t,vx,vy,omega,delta,T,eps_vx,eps_vy,eps_omega,eC,eL,pos_x,pos_y,ref_x,ref_y,lap,theta
29407.265627,0.400000,0.020000,0.000000,-0.000896,0.510000,-0.035278,0.020106,0.002238,-0.004238,0.025142,0.998191,3.004238,1.023333,3.000000,0,0.038841
29407.299845,0.400000,0.020000,0.000000,-0.001645,0.520000,-0.177497,0.002612,0.108635,-0.005998,0.033417,1.003249,3.005998,1.036667,3.000000,0,0.040745
29407.331479,0.258502,0.002381,0.103012,-0.006731,0.530000,-0.052649,0.000637,0.017034,-0.007901,0.031379,1.008621,3.007901,1.040000,3.000000,0,0.040748
29407.336864,0.241028,-0.000155,-0.004029,-0.011186,0.540000,-0.055792,0.000887,0.021457,-0.007086,0.032585,1.007415,3.007086,1.040000,3.000000,0,0.040750
29407.345425,0.191416,0.000000,-0.000000,-0.014895,0.550000,-0.000878,0.000226,0.004903,-0.007138,0.031017,1.008983,3.007138,1.040000,3.000000,0,0.040750
29407.365426,0.200704,-0.000218,-0.004252,-0.017649,0.560000,-0.001043,0.000304,0.008624,-0.007828,0.026847,1.013153,3.007828,1.040000,3.000000,0,0.042307
29407.409222,0.223949,-0.001310,-0.034033,-0.019863,0.570000,-0.037002,0.000774,0.020782,-0.008453,0.023045,1.016955,3.008453,1.040000,3.000000,0,0.046105
29407.415911,0.241202,-0.001463,-0.038825,-0.021875,0.580000,0.014711,0.000492,0.011711,-0.006674,0.021381,1.021953,3.006674,1.043333,3.000000,0,0.051939
29407.425419,0.264397,-0.001599,-0.042551,-0.022520,0.590000,0.030116,-0.000126,-0.002966,-0.007704,0.018969,1.031031,3.007704,1.050000,3.000000,0,0.060564
29407.445432,0.306817,-0.002550,-0.066402,-0.022868,0.600000,-0.004948,0.000167,0.004454,-0.007561,0.022975,1.037025,3.007561,1.060000,3.000000,0,0.069547
29407.465426,0.328203,-0.002876,-0.077075,-0.023127,0.610000,-0.001820,0.000181,0.004774,-0.007220,0.022862,1.043804,3.007220,1.066667,3.000000,0,0.078206
29407.513643,0.353210,-0.003086,-0.083120,-0.022669,0.620000,-0.032039,0.000372,0.010582,-0.008284,0.023189,1.053478,3.008284,1.076667,3.000000,0,0.088434
29407.519437,0.386843,-0.003358,-0.090963,-0.022154,0.630000,0.057942,-0.000422,-0.012751,-0.009195,0.011325,1.075341,3.009195,1.086667,3.000000,0,0.106045
29407.526925,0.452847,-0.003865,-0.105987,-0.021036,0.634638,-0.000596,-0.000103,-0.002423,-0.009247,0.024341,1.078992,3.009247,1.103333,3.000000,0,0.121606
29407.545401,0.462653,-0.003940,-0.108245,-0.019931,0.644638,0.004076,-0.000094,-0.003236,-0.009125,0.030261,1.089739,3.009125,1.120000,3.000000,0,0.131150
29407.565401,0.492867,-0.003880,-0.108245,-0.018274,0.654638,0.008207,-0.000355,-0.009692,-0.009829,0.026819,1.103181,3.009829,1.130000,3.000000,0,0.145005
29407.615151,0.529805,-0.004028,-0.112456,-0.016653,0.664638,-0.039259,-0.000489,-0.012535,-0.009661,0.027316,1.116017,3.009661,1.143333,3.000000,0,0.160398
29407.620443,0.562670,-0.004216,-0.118456,-0.014854,0.674638,0.053276,-0.000850,-0.022532,-0.009749,0.016457,1.143543,3.009749,1.160000,3.000000,0,0.182539
29407.627013,0.623784,-0.004584,-0.131053,-0.014080,0.677000,0.001603,-0.000357,-0.008698,-0.009808,0.031426,1.148574,3.009808,1.180000,3.000000,0,0.201537
29407.645425,0.635042,-0.004266,-0.125439,-0.013410,0.687000,0.003432,-0.000055,-0.001861,-0.009792,0.037622,1.162378,3.009792,1.200000,3.000000,0,0.213503
29407.665423,0.665949,-0.003448,-0.103200,-0.013142,0.697000,0.000668,-0.000076,-0.002451,-0.010122,0.036863,1.176470,3.010122,1.213333,3.000000,0,0.229065
29407.711291,0.696833,-0.003392,-0.100451,-0.013289,0.707000,-0.028493,0.000048,0.002331,-0.009957,0.029939,1.196728,3.009957,1.226667,3.000000,0,0.247903
29407.716782,0.738215,-0.003486,-0.103611,-0.014000,0.715382,0.046605,-0.000069,-0.004439,-0.010264,0.021963,1.224703,3.010264,1.246667,3.000000,0,0.273777
29407.725449,0.793301,-0.003645,-0.110412,-0.015729,0.715270,0.010395,0.000195,0.004025,-0.011428,0.034959,1.238375,3.011428,1.273333,3.000000,0,0.297555
29407.745423,0.816893,-0.003851,-0.116345,-0.018867,0.722778,0.006442,0.000155,0.005352,-0.011777,0.037804,1.258862,3.011777,1.296667,3.000000,0,0.317310
29407.765404,0.853940,-0.004952,-0.147279,-0.023051,0.729168,0.007880,0.000975,0.025174,-0.010132,0.035268,1.281399,3.010132,1.316667,3.000000,0,0.341136
29407.824323,0.892513,-0.005412,-0.167909,-0.027899,0.733517,-0.051622,0.001091,0.055980,-0.009824,0.035453,1.304547,3.009824,1.340000,3.000000,0,0.366249
29407.834129,0.930519,-0.007309,-0.219522,-0.034451,0.736984,0.066812,0.000571,-0.012834,-0.006053,0.006747,1.356586,3.006053,1.363333,3.000000,0,0.405250
29407.854139,1.012284,-0.008488,-0.282871,-0.046404,0.733428,0.004967,0.003057,0.082613,-0.005025,0.022351,1.380982,3.005025,1.403333,3.000000,0,0.447259
29407.874137,1.046630,-0.010251,-0.336869,-0.059427,0.734766,0.005270,0.002488,0.084154,-0.004632,0.040675,1.405992,3.004632,1.446667,3.000000,0,0.476659
29407.935567,1.080743,-0.014539,-0.452104,-0.074661,0.737351,-0.035476,0.001068,0.111826,-0.003511,0.023634,1.449700,3.003511,1.473333,3.000000,0,0.512555
29407.941816,1.132711,-0.022218,-0.737629,-0.097157,0.734607,0.053388,0.002313,-0.030108,0.000395,0.006160,1.503859,2.999628,1.510026,2.999899,0,0.562760
29407.961821,1.194549,-0.023276,-0.863974,-0.124883,0.727875,0.003057,0.007012,0.193064,0.002793,0.026650,1.533221,2.996812,1.560013,2.996385,0,0.607725
29407.981864,1.222492,-0.028965,-1.045660,-0.152494,0.727169,0.003862,0.004253,0.150758,0.002640,0.042156,1.564378,2.994974,1.606134,2.988606,0,0.641117
29408.018657,1.249551,-0.039311,-1.360565,-0.180574,0.728675,-0.015907,0.004104,0.285029,0.001157,0.045541,1.594454,2.991932,1.638532,2.980426,0,0.673570
29408.025139,1.275223,-0.050141,-1.787414,-0.205235,0.731182,0.022634,0.000574,-0.156063,-0.000758,0.043958,1.629241,2.985786,1.670312,2.970100,0,0.706822
29408.041846,1.304446,-0.054122,-2.112486,-0.225976,0.731655,0.001028,0.004222,0.116526,-0.002398,0.050620,1.655962,2.980252,1.701331,2.957674,0,0.739119
29408.061852,1.321957,-0.058894,-2.341981,-0.245722,0.735560,0.008122,0.002793,0.083918,-0.004531,0.054226,1.682320,2.973552,1.728483,2.944742,0,0.767855
29408.081859,1.348927,-0.065560,-2.661353,-0.258716,0.739007,0.001138,0.002400,0.064270,-0.005706,0.057779,1.708003,2.964556,1.754808,2.930201,0,0.795410
29408.114723,1.368701,-0.069059,-2.939311,-0.267121,0.743712,-0.041180,0.002527,0.261051,-0.015490,0.066698,1.730544,2.965863,1.777438,2.915967,0,0.818014
29408.121848,1.358741,-0.070126,-3.060735,-0.277314,0.752723,0.056063,0.006130,-0.045016,-0.022469,0.047776,1.771454,2.948964,1.796590,2.902535,0,0.848042
29408.141854,1.421355,-0.066579,-3.208831,-0.280253,0.750827,0.012079,0.001206,-0.000571,-0.025175,0.038335,1.806940,2.927863,1.820255,2.883975,0,0.889349
29408.161851,1.450607,-0.069768,-3.437533,-0.283427,0.748320,0.010675,0.001383,0.001569,-0.025615,0.042151,1.837818,2.904879,1.849991,2.857080,0,0.929164
29408.181854,1.478220,-0.068758,-3.603967,-0.282711,0.744934,0.010226,0.001102,-0.007398,-0.026888,0.046970,1.866974,2.880982,1.877477,2.827889,0,0.967030
29408.217466,1.504999,-0.066049,-3.719201,-0.278253,0.741459,-0.008279,-0.001857,0.014753,-0.027466,0.052198,1.893685,2.854905,1.902535,2.796590,0,1.003057
29408.223613,1.525300,-0.062684,-3.780946,-0.271601,0.739787,0.015672,0.002071,-0.035277,-0.027030,0.050537,1.917036,2.826183,1.921446,2.769041,0,1.039322
29408.241853,1.546058,-0.059180,-3.816347,-0.261279,0.738465,0.007415,0.000268,-0.037032,-0.027299,0.051174,1.939806,2.795354,1.940071,2.737355,0,1.076647
29408.261853,1.568616,-0.053890,-3.800666,-0.247796,0.736877,0.005292,-0.001484,-0.072683,-0.028650,0.050413,1.961858,2.762106,1.956318,2.704386,0,1.114111
29408.281852,1.590747,-0.049371,-3.760885,-0.232023,0.734457,0.006167,-0.004000,-0.155597,-0.029508,0.052757,1.981399,2.726752,1.971228,2.667166,0,1.153031
29408.314523,1.614236,-0.046033,-3.743942,-0.212075,0.730615,-0.006773,-0.009836,-0.376237,-0.028966,0.052045,1.996422,2.689947,1.982235,2.632098,0,1.192770
29408.321846,1.636223,-0.043223,-3.738869,-0.186971,0.725239,0.009211,-0.006507,-0.175261,-0.025661,0.054724,2.006298,2.651577,1.991268,2.593034,0,1.232000
29408.341850,1.652999,-0.041146,-3.737128,-0.158601,0.719943,0.004080,-0.001117,-0.089328,-0.023871,0.057385,2.014753,2.612978,1.997143,2.553372,0,1.270975
29408.361846,1.677891,-0.019581,-3.223047,-0.130275,0.714479,0.000725,-0.001451,-0.075195,-0.024031,0.059664,2.022249,2.573652,1.999821,2.513367,0,1.310342
29408.381848,1.698352,-0.009832,-2.712619,-0.105840,0.710221,0.004772,-0.005506,-0.188596,-0.025458,0.058974,2.025458,2.532307,2.000000,2.473333,0,1.351924
29408.415236,1.722659,-0.009928,-2.364430,-0.079167,0.704917,-0.011242,-0.010910,-0.603957,-0.027910,0.058513,2.027910,2.491846,2.000000,2.433333,0,1.394995
29408.421852,1.743895,-0.013634,-2.179468,-0.052577,0.700493,0.008760,-0.012933,-0.186033,-0.026428,0.061339,2.026428,2.451339,2.000000,2.390000,0,1.437149
29408.441826,1.759473,-0.017143,-2.095820,-0.029232,0.698721,-0.000828,-0.002022,-0.108427,-0.025099,0.063017,2.025099,2.409683,2.000000,2.346667,0,1.479118
29408.461858,1.778499,0.005506,-1.390798,-0.012108,0.697371,0.000590,-0.000974,-0.049638,-0.027315,0.060440,2.027315,2.367107,2.000000,2.306667,0,1.522164
29408.481857,1.798143,0.011587,-0.809698,-0.000966,0.695352,0.000353,-0.002957,-0.090112,-0.024588,0.061922,2.024588,2.325255,2.000000,2.263333,0,1.565454
29408.516494,1.817143,0.008716,-0.467423,0.007435,0.693830,-0.011940,0.001037,-0.178737,-0.024023,0.062375,2.024023,2.282375,2.000000,2.220000,0,1.609120
29408.522163,1.836857,0.008578,-0.203231,0.013948,0.691865,0.014470,-0.002272,0.098112,-0.018912,0.061931,2.018912,2.238598,2.000000,2.176667,0,1.653611
29408.541849,1.856433,0.006979,-0.022059,0.020950,0.689148,0.001760,-0.000470,-0.022811,-0.016291,0.064282,2.016291,2.194282,2.000000,2.130000,0,1.699152
29408.561855,1.875407,0.007733,0.148600,0.025399,0.686105,0.001686,-0.001184,-0.036297,-0.013546,0.062474,2.013546,2.149141,2.000000,2.086667,0,1.745260
29408.581855,1.894130,0.006599,0.259270,0.029373,0.682575,0.001436,-0.000461,-0.023796,-0.011848,0.064261,2.011848,2.104261,2.000000,2.040000,0,1.791186
29408.617043,1.912082,0.006717,0.357668,0.030216,0.678747,-0.010884,0.000866,-0.035971,-0.012681,0.065894,2.012681,2.059228,2.000000,1.993333,0,1.836990
29408.622733,1.929311,0.006186,0.436474,0.027610,0.674898,0.012711,-0.000528,0.034445,-0.010471,0.066053,2.010471,2.012720,2.000000,1.946667,0,1.883291
29408.641853,1.946501,0.005016,0.478867,0.021074,0.671090,0.002069,0.000349,0.021664,-0.007614,0.062306,2.007614,1.965639,2.000000,1.903333,0,1.930921
29408.661851,1.963188,0.001986,0.447709,0.012097,0.666079,0.001492,0.000483,0.027188,-0.004385,0.064720,2.004385,1.918053,2.000000,1.853333,0,1.979422
29408.681851,1.979486,-0.001143,0.357136,-0.000695,0.660105,0.001659,0.000645,0.036963,-0.002638,0.062787,2.002638,1.869454,2.000000,1.806667,0,2.028290
29408.715080,1.995374,-0.004456,0.210149,-0.018197,0.653096,-0.006763,0.003716,0.249936,-0.000469,0.063504,2.000469,1.820171,2.000000,1.756667,0,2.077681
29408.721832,2.010904,-0.004499,0.093338,-0.040231,0.645579,0.011288,0.006672,0.092158,0.002014,0.063354,1.997986,1.770021,2.000000,1.706667,0,2.128455
29408.741853,2.026317,-0.003034,0.033864,-0.068669,0.637987,0.002970,0.006961,0.223921,0.000006,0.064282,1.999994,1.720949,2.000000,1.656667,0,2.179242
29408.761854,2.039714,-0.011996,-0.312728,-0.101111,0.631855,0.002918,0.003099,0.163753,-0.001043,0.063486,2.001043,1.670153,2.000000,1.606667,0,2.229653
29408.781865,2.050930,-0.021975,-0.805258,-0.135213,0.626954,0.003960,0.006953,0.214891,-0.001008,0.063589,2.001008,1.620256,2.000000,1.556667,0,2.280622
29408.819407,2.060895,-0.022378,-1.263629,-0.171267,0.623556,0.003746,0.008267,0.788731,-0.000248,0.066939,2.000248,1.570272,2.000000,1.503333,0,2.331621
29408.826256,2.071014,-0.016068,-1.516240,-0.207464,0.619661,0.012215,0.014255,0.110198,0.006455,0.056989,1.996711,1.510622,1.997812,1.453279,0,2.386072
29408.841864,2.082784,-0.008496,-1.660910,-0.246203,0.612353,0.006955,0.007408,0.241062,0.010570,0.065924,1.992754,1.467115,1.989981,1.400407,0,2.437598
29408.861851,2.085623,-0.015839,-1.971307,-0.273186,0.604065,0.002771,0.000519,0.015275,0.012861,0.066638,1.984461,1.416079,1.976550,1.348673,0,2.485802
29408.881850,2.080855,-0.024973,-2.611456,-0.290325,0.594065,0.003509,0.000967,0.022293,0.010465,0.062394,1.975049,1.366334,1.960325,1.304805,0,2.536079
29408.915051,2.075515,-0.020915,-3.096184,-0.298736,0.585154,0.011374,-0.005677,0.196699,0.007935,0.060992,1.960828,1.317009,1.938475,1.259709,0,2.585720
29408.921826,2.069870,-0.010985,-3.416650,-0.300000,0.577430,-0.003246,0.008137,-0.107575,0.004434,0.061315,1.943266,1.270087,1.912221,1.217026,0,2.634874
29408.941823,2.062866,0.000334,-3.615575,-0.300000,0.570886,0.000360,0.000001,-0.001321,0.000106,0.065021,1.923725,1.226908,1.881826,1.177186,0,2.682637
29408.961888,2.050893,0.009487,-3.765209,-0.295814,0.566967,0.001865,-0.001914,0.004681,-0.000112,0.070282,1.900262,1.192036,1.849991,1.142920,0,2.727139
29408.981842,2.039998,0.016096,-3.842653,-0.284039,0.564541,-0.002968,0.000975,-0.016360,-0.007716,0.063581,1.869323,1.145855,1.815093,1.111778,0,2.773264
29409.024596,2.024894,0.024835,-3.890616,-0.269663,0.563850,0.013944,-0.004198,-0.062621,-0.011700,0.070122,1.844845,1.115505,1.780212,1.085897,0,2.816678
29409.030068,2.014387,0.028888,-3.892941,-0.252852,0.566005,-0.016344,0.001915,0.005689,-0.021980,0.040891,1.786713,1.061901,1.740291,1.061525,0,2.869434
29409.041826,1.995403,0.032608,-3.868983,-0.234290,0.563665,-0.001518,-0.001401,-0.033933,-0.022962,0.068944,1.767632,1.045450,1.695195,1.039675,0,2.917651
29409.061852,1.989167,0.033724,-3.829870,-0.216971,0.567732,-0.001450,-0.000960,-0.041494,-0.028912,0.078762,1.731929,1.018170,1.648138,1.022449,0,2.950335
29409.081851,1.981593,0.035814,-3.701295,-0.198728,0.570991,-0.000629,-0.000604,-0.028477,-0.036938,0.071418,1.693945,0.994245,1.615910,1.013621,0,2.989036
29409.120094,1.976862,0.035955,-3.516907,-0.180326,0.574150,0.001475,0.005858,-0.198718,-0.045422,0.066488,1.652757,0.972202,1.579867,1.006420,0,3.029949
29409.125723,1.974826,0.033763,-3.302080,-0.163683,0.577334,-0.001452,-0.007544,0.131539,-0.054962,0.060608,1.604879,0.951678,1.540062,1.001608,0,3.073990
29409.141855,1.973382,0.026138,-3.085029,-0.147000,0.579087,-0.000783,-0.002811,-0.085131,-0.062792,0.074571,1.567904,0.937208,1.493333,1.000000,0,3.116129
29409.161831,1.974399,0.022230,-2.927343,-0.136064,0.584000,-0.002273,-0.005237,-0.160358,-0.076117,0.070014,1.523347,0.923883,1.453333,1.000000,0,3.157485
29409.181832,1.975789,0.015521,-2.787989,-0.127295,0.588855,-0.001430,-0.001576,-0.080315,-0.084820,0.071054,1.481054,0.915180,1.410000,1.000000,0,3.201162
29409.218244,1.979375,0.014787,-2.568655,-0.121283,0.593984,-0.005148,0.003860,-0.144059,-0.094684,0.066325,1.432992,0.905316,1.366667,1.000000,0,3.246741
29409.223814,1.984627,0.012953,-2.328554,-0.124147,0.599168,0.004259,-0.003259,0.109596,-0.100964,0.066524,1.386524,0.899036,1.320000,1.000000,0,3.294499
29409.241830,1.990491,0.008258,-2.172447,-0.127930,0.603387,0.000436,-0.000180,0.016702,-0.107176,0.066197,1.339530,0.892824,1.273333,1.000000,0,3.341565
29409.261832,1.996200,0.002530,-2.118037,-0.135862,0.607288,0.000391,0.000376,0.017865,-0.112274,0.064157,1.290823,0.887726,1.226667,1.000000,0,3.389377
29409.281829,2.002232,-0.002214,-2.144731,-0.145189,0.610857,0.000281,0.000596,0.027065,-0.113226,0.065935,1.245935,0.886774,1.180000,1.000000,0,3.436071
29409.318631,2.007746,-0.005274,-2.219287,-0.154029,0.613986,-0.003637,-0.000589,0.093917,-0.113526,0.064884,1.198218,0.886474,1.133333,1.000000,0,3.481968
29409.325213,2.012976,-0.007088,-2.331264,-0.163722,0.617072,0.004674,0.002105,-0.051887,-0.110827,0.055831,1.142497,0.889173,1.086667,1.000000,0,3.531987
29409.341827,2.018994,-0.005880,-2.437629,-0.174794,0.618478,0.001201,0.001748,0.052613,-0.106022,0.062780,1.099446,0.893978,1.036667,1.000000,0,3.579310
29409.361831,2.022783,-0.005663,-2.523113,-0.186282,0.621382,0.001088,0.000939,0.043341,-0.098116,0.060522,1.048517,0.900790,0.989974,1.000101,0,3.622446
29409.381830,2.026078,-0.006397,-2.664055,-0.199962,0.624008,0.000899,0.000566,0.023553,-0.086968,0.059619,0.996623,0.910022,0.946628,1.002857,0,3.666496
29409.419365,2.028094,-0.006481,-2.835651,-0.215333,0.625812,0.001930,-0.001477,0.171257,-0.079184,0.058432,0.945769,0.920407,0.903684,1.009364,0,3.711394
29409.425249,2.029644,-0.004043,-2.977393,-0.229965,0.627515,0.002047,0.005377,-0.033698,-0.070562,0.056744,0.892673,0.936758,0.858259,1.020511,0,3.758570
29409.441828,2.031178,0.000935,-3.073998,-0.240270,0.626945,0.001518,0.001037,0.034148,-0.063355,0.070509,0.855970,0.950823,0.814075,1.035854,0,3.800847
29409.461829,2.030186,0.001017,-3.190514,-0.246654,0.629070,0.001978,0.001615,0.045168,-0.060014,0.069203,0.809193,0.968965,0.774495,1.053741,0,3.840743
29409.481853,2.028680,0.003512,-3.304515,-0.252976,0.631259,0.001233,0.000596,0.023257,-0.057525,0.065149,0.765094,0.990198,0.739463,1.073244,0,3.885043
29409.517119,2.025799,0.005637,-3.416419,-0.256046,0.633619,0.003902,-0.002554,0.058512,-0.055282,0.065274,0.723168,1.014239,0.703410,1.097465,0,3.928875
29409.522756,2.021880,0.008318,-3.520106,-0.254716,0.635217,-0.002925,0.002560,-0.049189,-0.056539,0.065080,0.681080,1.039283,0.669595,1.124724,0,3.971657
29409.541855,2.017755,0.011856,-3.591627,-0.251326,0.637649,-0.000167,0.000105,-0.005226,-0.052534,0.065616,0.645566,1.071076,0.638273,1.154814,0,4.015126
29409.561831,2.013692,0.015625,-3.628688,-0.244530,0.638885,-0.000079,-0.000126,-0.007628,-0.051007,0.065867,0.611028,1.104212,0.609680,1.187509,0,4.058900
29409.581829,2.010018,0.019053,-3.634164,-0.234516,0.639429,-0.000116,-0.000209,-0.011904,-0.052689,0.065735,0.576674,1.138640,0.584033,1.222562,0,4.101748
29409.616306,2.007089,0.021943,-3.607626,-0.222997,0.639474,0.001217,-0.000210,-0.059706,-0.053714,0.065187,0.545749,1.176729,0.561525,1.259709,0,4.144609
29409.622081,2.005020,0.024059,-3.550031,-0.208462,0.638565,-0.001590,-0.000891,0.026460,-0.050870,0.065880,0.522289,1.217882,0.542326,1.298669,0,4.187795
29409.641826,2.003280,0.024189,-3.488185,-0.190732,0.635844,-0.001422,-0.002467,-0.076760,-0.054006,0.069195,0.497705,1.256258,0.526580,1.339148,0,4.229889
29409.661829,2.002805,0.024282,-3.397039,-0.170173,0.634572,-0.000968,-0.001277,-0.065736,-0.055974,0.066897,0.477319,1.299034,0.515214,1.377598,0,4.271432
29409.681830,2.004656,0.026586,-3.219412,-0.148108,0.632323,-0.000411,-0.000865,-0.046570,-0.046671,0.066770,0.471014,1.346765,0.506420,1.420133,0,4.315555
29409.717551,2.008735,0.028297,-2.952509,-0.122281,0.626966,-0.005109,0.004390,-0.269228,-0.047572,0.069970,0.459048,1.389995,0.501351,1.463270,0,4.360175
29409.723106,2.014541,0.028387,-2.627344,-0.097826,0.623695,0.004310,-0.007139,0.127523,-0.049364,0.070064,0.450636,1.439936,0.500000,1.510000,0,4.406066
29409.741824,2.021016,0.022931,-2.356551,-0.076425,0.619473,-0.000529,-0.004039,-0.146328,-0.047040,0.065527,0.452960,1.487807,0.500000,1.553333,0,4.454478
29409.761842,2.028727,0.021887,-2.035687,-0.053819,0.615587,-0.000501,-0.005651,-0.180663,-0.052967,0.067001,0.447033,1.536332,0.500000,1.603333,0,4.503261
29409.781847,2.037727,0.019437,-1.679657,-0.036216,0.612182,-0.000956,-0.010146,-0.322533,-0.053561,0.064085,0.446439,1.585915,0.500000,1.650000,0,4.553056
29409.814068,2.046591,0.012466,-1.480894,-0.020856,0.608204,-0.006797,-0.011420,-0.653980,-0.052491,0.065100,0.447509,1.634900,0.500000,1.700000,0,4.602536
29409.821807,2.055658,0.006708,-1.376186,-0.005205,0.604426,0.005249,-0.013360,-0.238033,-0.049212,0.062604,0.450788,1.687396,0.500000,1.750000,0,4.653215
29409.841858,2.064694,0.002820,-1.336264,0.009083,0.599307,0.000528,-0.003639,-0.116302,-0.046624,0.059751,0.453376,1.740249,0.500000,1.800000,0,4.706735
29409.861846,2.074390,0.019157,-0.738031,0.014129,0.593673,0.000734,-0.005038,-0.161278,-0.048991,0.066504,0.451009,1.790162,0.500000,1.856667,0,4.758885
29409.881828,2.083890,0.016497,-0.396396,0.011162,0.590095,0.000892,-0.003506,-0.110419,-0.047499,0.064961,0.452501,1.841705,0.500000,1.906667,0,4.809745
29409.915896,2.093388,0.011289,-0.194852,0.005750,0.587070,-0.004578,-0.000420,-0.153861,-0.047488,0.064121,0.452512,1.892546,0.500000,1.956667,0,4.862295
29409.921839,2.103058,0.005689,-0.125353,-0.000906,0.584913,0.007158,-0.002513,0.002798,-0.045593,0.066162,0.454407,1.943838,0.500000,2.010000,0,4.914588
29409.941829,2.112651,0.002613,-0.099231,-0.008140,0.582758,0.000613,0.001845,0.057939,-0.043086,0.067524,0.456914,1.995809,0.500000,2.063333,0,4.966174
29409.961830,2.121128,0.002171,-0.057976,-0.017951,0.579894,0.000504,0.000826,0.049958,-0.042743,0.066677,0.457257,2.046657,0.500000,2.113333,0,5.017823
29409.981829,2.129100,-0.002152,-0.127445,-0.031270,0.577015,0.000532,0.000637,0.038495,-0.043556,0.068456,0.456444,2.098210,0.500000,2.166667,0,5.069504
29410.016712,2.136590,-0.006342,-0.294180,-0.048308,0.573451,-0.003628,0.002503,0.261843,-0.043554,0.067094,0.456446,2.149573,0.500000,2.216667,0,5.121195
29410.022292,2.143868,-0.006069,-0.430476,-0.067618,0.569529,0.005817,0.005961,0.047096,-0.042866,0.068894,0.457134,2.201106,0.500000,2.270000,0,5.172802
29410.041828,2.151059,-0.003813,-0.501560,-0.092437,0.566424,0.002328,0.005857,0.198102,-0.043531,0.065324,0.456469,2.254676,0.500000,2.320000,0,5.225086
29410.061830,2.156675,-0.010452,-0.798285,-0.119899,0.563699,0.001861,0.002571,0.141072,-0.041943,0.064715,0.458057,2.308619,0.500000,2.373333,0,5.278505
29410.081831,2.160083,-0.017546,-1.225725,-0.148541,0.561146,0.001355,0.001223,0.063760,-0.043215,0.065077,0.456785,2.361590,0.500000,2.426667,0,5.331438
29410.117299,2.161008,-0.020527,-1.732501,-0.177765,0.559929,0.004719,-0.001971,0.403892,-0.041494,0.066361,0.458506,2.413639,0.500000,2.480000,0,5.382180
29410.123138,2.161338,-0.015144,-2.107425,-0.204971,0.558723,0.002030,0.009996,-0.056115,-0.036869,0.064138,0.460246,2.468255,0.500904,2.530061,0,5.432354
29410.141831,2.161761,-0.006309,-2.318203,-0.232061,0.556486,0.006617,0.009476,0.258218,-0.036632,0.063384,0.460134,2.523149,0.506420,2.579867,0,5.482652
29410.161831,2.160630,0.000268,-2.477757,-0.258295,0.554233,0.010819,0.012460,0.382775,-0.032939,0.061746,0.469153,2.577701,0.516893,2.628871,0,5.532880
29410.181833,2.160377,0.007975,-2.515177,-0.280672,0.549200,0.005524,0.003421,0.156244,-0.040014,0.064349,0.472058,2.630510,0.532219,2.676581,0,5.581563
29410.217376,2.152218,0.002897,-2.767705,-0.294363,0.542173,0.012787,-0.003125,0.226442,-0.042791,0.063918,0.485478,2.684321,0.552243,2.722517,0,5.629031
29410.222969,2.138724,0.000615,-3.130589,-0.300000,0.534779,-0.009900,0.003996,-0.189950,-0.041547,0.064443,0.505733,2.730491,0.574995,2.763383,0,5.676484
29410.241830,2.124463,0.005351,-3.408531,-0.300000,0.527785,-0.000337,0.000520,-0.010715,-0.047455,0.065945,0.523817,2.778039,0.601466,2.801944,0,5.721737
29410.261831,2.108895,0.012974,-3.604173,-0.295926,0.522864,0.000016,-0.000034,-0.004004,-0.036387,0.060634,0.563629,2.817755,0.631424,2.837864,0,5.769211
29410.281828,2.092450,0.021171,-3.728129,-0.286477,0.518641,-0.000968,-0.000418,-0.013977,-0.048489,0.066821,0.582525,2.861966,0.664608,2.870826,0,5.814220
29410.317090,2.075216,0.028281,-3.800673,-0.272348,0.518377,0.011516,-0.002947,-0.020004,-0.042794,0.062823,0.624786,2.897223,0.700726,2.900544,0,5.858728
29410.322434,2.059600,0.034443,-3.816798,-0.257764,0.518059,-0.012169,0.001935,0.002081,-0.058370,0.070442,0.645993,2.937513,0.736617,2.925005,0,5.901283
29410.341831,2.043659,0.037975,-3.805180,-0.240316,0.520322,-0.001649,-0.001202,-0.036880,-0.057253,0.066623,0.689211,2.967311,0.774495,2.946259,0,5.941132
29410.361803,2.029978,0.039798,-3.760070,-0.224658,0.522370,-0.001118,-0.000826,-0.036009,-0.070361,0.071713,0.717986,3.000922,0.810976,2.962893,0,5.980963
29410.381827,2.018228,0.040569,-3.672771,-0.213002,0.526899,-0.000306,-0.000454,-0.020690,-0.076203,0.071570,0.757397,3.027519,0.848673,2.976550,0,6.018012
29410.425143,2.008888,0.039462,-3.548028,-0.202337,0.531455,0.006197,0.006058,-0.125489,-0.083959,0.058691,0.807534,3.054446,0.884090,2.986379,0,6.060543
29410.430754,1.999763,0.035083,-3.388397,-0.190202,0.533791,-0.005822,-0.006485,0.080358,-0.091882,0.049650,0.864161,3.078219,0.926738,2.994604,0,6.109844
29410.441869,1.992370,0.027811,-3.257995,-0.178101,0.535744,-0.001117,-0.001765,-0.035700,-0.093058,0.081284,0.887134,3.087866,0.973276,2.999285,0,6.147499
29410.461871,1.989281,0.024749,-3.190996,-0.166533,0.543465,-0.000362,-0.000445,-0.023107,-0.100869,0.076065,0.930602,3.100869,1.006667,3.000000,1,6.182274
29410.481853,1.987203,0.022458,-3.007136,-0.153517,0.549916,-0.001133,-0.002064,-0.062991,-0.110722,0.067891,0.975443,3.110722,1.043333,3.000000,1,6.228131
29410.516914,1.986103,0.017752,-2.853060,-0.140929,0.555911,-0.002252,0.002793,-0.169878,-0.119227,0.069583,1.017084,3.119227,1.086667,3.000000,1,6.272187
29410.522489,1.986961,0.015462,-2.671586,-0.128079,0.561734,0.001074,-0.004216,0.084828,-0.122813,0.072099,1.061234,3.122813,1.133333,3.000000,1,6.315902
29410.541866,1.988963,0.011764,-2.506551,-0.116805,0.566667,-0.000793,-0.002242,-0.064718,-0.124745,0.068306,1.108360,3.124745,1.176667,3.000000,1,6.360881
29410.561856,1.992525,0.009905,-2.323527,-0.109148,0.570472,-0.000573,-0.000917,-0.048197,-0.125295,0.066483,1.153517,3.125295,1.220000,3.000000,1,6.406502
29410.581857,1.997195,0.008851,-2.141315,-0.103813,0.573541,-0.000072,-0.000250,-0.013993,-0.124874,0.066002,1.200665,3.124874,1.266667,3.000000,1,6.452477
29410.618855,2.002837,0.007307,-1.965104,-0.103232,0.576082,-0.004974,0.002520,-0.054629,-0.120271,0.068526,1.244807,3.120271,1.313333,3.000000,1,6.497420
29410.625501,2.008659,0.004280,-1.851031,-0.104690,0.578369,0.005139,-0.002139,0.046500,-0.113531,0.058383,1.298283,3.113531,1.356667,3.000000,1,6.545114
29410.641849,2.015744,0.000927,-1.783567,-0.109636,0.578617,0.000385,0.001073,0.029233,-0.107617,0.069404,1.337263,3.107617,1.406667,3.000000,1,6.590818
29410.661855,2.020666,-0.000853,-1.772379,-0.117244,0.580543,0.000489,0.000612,0.031343,-0.098808,0.066702,1.383298,3.098808,1.450000,3.000000,1,6.632098
29410.681858,2.026282,-0.004078,-1.824543,-0.126719,0.582528,0.000316,0.000481,0.024070,-0.088562,0.065307,1.428026,3.088562,1.493333,3.000000,1,6.674466
29410.719617,2.031210,-0.006584,-1.931942,-0.138673,0.584803,-0.002766,0.000671,0.164405,-0.073837,0.065347,1.473127,3.076920,1.533396,2.998883,1,6.716225
29410.725480,2.035910,-0.006499,-2.030852,-0.153475,0.587162,0.004647,0.004253,0.011684,-0.059552,0.059625,1.526764,3.062083,1.576566,2.994103,1,6.762694
29410.741855,2.041313,-0.004132,-2.090338,-0.177515,0.588312,0.001028,0.001719,0.067533,-0.050373,0.072010,1.564914,3.051255,1.622402,2.984786,1,6.807217
29410.761851,2.042708,-0.009283,-2.280175,-0.198325,0.590840,0.000924,0.000759,0.034498,-0.041430,0.071173,1.610368,3.034819,1.664012,2.972335,1,6.848214
29410.781853,2.042722,-0.012968,-2.582823,-0.215863,0.592453,0.000814,0.000630,0.027640,-0.035323,0.066013,1.655129,3.016588,1.701331,2.957674,1,6.892768
29410.817749,2.041418,-0.012188,-2.859913,-0.231663,0.593927,0.003753,-0.004129,0.161051,-0.028402,0.065418,1.699876,2.993496,1.743216,2.936859,1,6.938571
29410.823526,2.038950,-0.008994,-3.099337,-0.241823,0.594493,-0.002000,0.004508,-0.106937,-0.022569,0.066574,1.740860,2.968505,1.782974,2.912221,1,6.984792
29410.841850,2.035655,-0.003557,-3.273748,-0.248352,0.595605,0.000593,0.001009,0.010622,-0.021159,0.063006,1.782470,2.942478,1.817681,2.886107,1,7.031233
29410.861823,2.031357,0.001634,-3.405790,-0.251210,0.596888,0.000424,0.000105,0.001546,-0.019025,0.062690,1.821301,2.912411,1.852370,2.854733,1,7.078502
29410.881843,2.025948,0.006375,-3.512736,-0.248617,0.596545,0.000218,-0.000029,-0.003138,-0.017696,0.066595,1.857461,2.880349,1.886107,2.817681,1,7.124523
29410.914218,2.020274,0.011232,-3.576713,-0.242680,0.595945,0.003393,-0.002403,-0.013820,-0.018806,0.062944,1.892103,2.845511,1.912221,2.782974,1,7.170505
29410.921848,2.014416,0.015312,-3.609241,-0.233086,0.594365,-0.004282,0.000854,-0.024267,-0.018295,0.064317,1.921558,2.808311,1.936859,2.743216,1,7.216648
29410.941855,2.008259,0.018162,-3.623365,-0.219982,0.592181,-0.000887,-0.001372,-0.042298,-0.019023,0.065761,1.948607,2.769185,1.957674,2.701331,1,7.261225
29410.961857,2.003368,0.021272,-3.584408,-0.205038,0.589568,-0.000643,-0.000761,-0.038135,-0.023629,0.062652,1.975638,2.727775,1.973420,2.660852,1,7.306288
29410.981855,1.999875,0.024388,-3.489814,-0.187709,0.586054,-0.000321,-0.000573,-0.029742,-0.024086,0.064755,1.994798,2.684484,1.986379,2.615910,1,7.351472
29411.016910,1.998017,0.026432,-3.333528,-0.167738,0.582055,-0.000260,0.002671,-0.172504,-0.026234,0.063841,2.011200,2.640257,1.994604,2.573262,1,7.396697
29411.024516,1.997785,0.026903,-3.130710,-0.143717,0.578036,-0.000336,-0.005338,0.046235,-0.028072,0.067519,2.023708,2.595647,1.999285,2.526724,1,7.441878
29411.041866,1.998226,0.023261,-2.950581,-0.118278,0.574670,-0.000265,-0.002433,-0.062268,-0.034030,0.070640,2.034030,2.550640,2.000000,2.480000,1,7.486694
29411.061877,2.001424,0.024931,-2.641275,-0.091848,0.572168,-0.000007,-0.001175,-0.070009,-0.038549,0.068165,2.038549,2.504831,2.000000,2.436667,1,7.532675
29411.081846,2.006866,0.026388,-2.216281,-0.064026,0.569765,0.000299,-0.001322,-0.077607,-0.044130,0.068463,2.044130,2.458463,2.000000,2.390000,1,7.579580
29411.114774,2.013796,0.025658,-1.753131,-0.037275,0.567390,-0.005156,0.004364,-0.295239,-0.046203,0.068366,2.046203,2.411699,2.000000,2.343333,1,7.626661
29411.121852,2.020900,0.024101,-1.269605,-0.019710,0.564619,0.004932,-0.007756,0.133441,-0.042563,0.067552,2.042563,2.364219,2.000000,2.296667,1,7.674193
29411.141847,2.028543,0.017076,-0.931869,-0.004381,0.562333,0.000284,-0.004044,-0.130360,-0.042527,0.068721,2.042527,2.318721,2.000000,2.250000,1,7.721067
29411.161876,2.036560,0.013951,-0.620201,0.008566,0.560456,0.000339,-0.007418,-0.236395,-0.037750,0.068706,2.037750,2.272039,2.000000,2.203333,1,7.767366
29411.181852,2.044487,0.008442,-0.460312,0.020219,0.558164,0.000664,-0.010457,-0.332095,-0.035666,0.068042,2.035666,2.224708,2.000000,2.156667,1,7.814654
29411.214668,2.052373,0.004238,-0.387258,0.029028,0.555298,-0.003406,-0.011744,-0.574860,-0.030144,0.067482,2.030144,2.177482,2.000000,2.110000,1,7.862418
29411.221845,2.060157,0.001841,-0.352975,0.035942,0.552200,0.005415,-0.009132,-0.185027,-0.023560,0.070516,2.023560,2.130516,2.000000,2.060000,1,7.910343
29411.241866,2.067789,0.000431,-0.344150,0.036771,0.549308,0.000397,-0.000322,-0.018702,-0.021900,0.068973,2.021900,2.082307,2.000000,2.013333,1,7.958453
29411.261821,2.074167,0.014137,0.105677,0.027640,0.547070,0.000390,0.002061,0.065877,-0.022572,0.069264,2.022572,2.032597,2.000000,1.963333,1,8.007709
29411.281855,2.080800,0.013041,0.376972,0.012100,0.545269,0.000342,0.001210,0.070406,-0.023171,0.066166,2.023171,1.982833,2.000000,1.916667,1,8.057771
29411.317857,2.087448,0.003859,0.391368,-0.005762,0.543421,-0.004331,0.002141,0.192163,-0.024602,0.066035,2.024602,1.932702,2.000000,1.866667,1,8.107931
29411.324621,2.093865,-0.004070,0.239732,-0.024250,0.540658,0.004387,0.001945,-0.042014,-0.026196,0.066250,2.026196,1.882916,2.000000,1.816667,1,8.158486
29411.341856,2.100098,-0.006486,0.069755,-0.044825,0.537587,0.001883,0.005424,0.150826,-0.023893,0.068638,2.023893,1.831972,2.000000,1.763333,1,8.209547
29411.361854,2.106024,-0.009383,-0.148826,-0.066752,0.533509,0.002116,0.010425,0.332315,-0.027192,0.068918,2.027192,1.782252,2.000000,1.713333,1,8.259820
29411.381854,2.111740,-0.007827,-0.305225,-0.091297,0.529881,0.003752,0.016021,0.510244,-0.024332,0.067542,2.024332,1.730875,2.000000,1.663333,1,8.309803
29411.416772,2.117456,-0.004926,-0.384827,-0.120359,0.526828,0.002224,0.005150,0.670687,-0.025259,0.068281,2.025259,1.681614,2.000000,1.613333,1,8.359893
29411.423459,2.119803,-0.018478,-0.812537,-0.150278,0.524976,0.001590,0.001321,-0.299953,-0.023800,0.067931,2.023800,1.631265,2.000000,1.563333,1,8.409477
29411.441855,2.120442,-0.023934,-1.393645,-0.176234,0.522706,0.004713,0.009610,0.246331,-0.017521,0.067114,2.017521,1.580447,2.000000,1.513333,1,8.459480
29411.461857,2.121450,-0.018151,-1.752399,-0.202291,0.520987,0.003142,0.003200,0.158034,-0.007386,0.067912,2.011004,1.530456,1.998649,1.463270,1,8.509517
29411.481855,2.118119,-0.019749,-2.183837,-0.226072,0.519614,0.001249,0.000614,0.027583,-0.002965,0.069082,2.007334,1.481071,1.992468,1.413542,1,8.558474
29411.516159,2.110994,-0.019160,-2.667988,-0.244125,0.518868,0.008145,-0.006167,0.211042,0.002330,0.068519,1.997641,1.431274,1.981341,1.364682,1,8.607584
29411.522546,2.102296,-0.013028,-3.039512,-0.259503,0.517714,-0.006035,0.006902,-0.148078,0.003512,0.067739,1.987659,1.384771,1.966590,1.320296,1,8.655850
29411.541859,2.092621,-0.004031,-3.293740,-0.270366,0.516809,0.001863,0.001859,0.037500,0.002744,0.069563,1.975184,1.337819,1.946259,1.274495,1,8.702426
29411.561851,2.082022,0.005161,-3.458224,-0.277984,0.515959,0.001753,0.000762,0.027901,0.003794,0.066616,1.955492,1.292190,1.923235,1.233782,1,8.750149
29411.581850,2.069656,0.012219,-3.578718,-0.279921,0.514527,0.000362,0.000070,0.000405,-0.000234,0.066792,1.937383,1.248223,1.896507,1.195398,1,8.797024
29411.614336,2.055310,0.017648,-3.678857,-0.278866,0.514957,0.009415,-0.002304,0.020446,-0.000788,0.065893,1.911736,1.207419,1.866309,1.159680,1,8.842500
29411.621856,2.040647,0.022356,-3.740419,-0.274513,0.515404,-0.009583,0.001789,-0.022642,-0.002644,0.067225,1.884825,1.169727,1.832906,1.126940,1,8.887534
29411.641830,2.025628,0.025738,-3.775082,-0.265433,0.516363,-0.000593,-0.000470,-0.014857,-0.005854,0.064645,1.854564,1.133460,1.799274,1.099456,1,8.932105
29411.661861,2.011445,0.028002,-3.781480,-0.256084,0.518808,-0.001634,-0.001127,-0.032867,-0.010419,0.067361,1.823459,1.099451,1.760537,1.073244,1,8.976253
29411.681854,1.997276,0.028514,-3.778033,-0.245053,0.522074,-0.002393,-0.001902,-0.055442,-0.017429,0.067012,1.790284,1.066458,1.722517,1.052243,1,9.018703
29411.714155,1.983825,0.027720,-3.767828,-0.236971,0.526459,0.004151,0.000277,-0.083713,-0.022536,0.067056,1.753471,1.038164,1.682819,1.034621,1,9.060060
29411.721848,1.972369,0.027548,-3.717930,-0.225658,0.530281,-0.006072,-0.001773,0.033089,-0.029602,0.065756,1.716456,1.012200,1.644942,1.021469,1,9.100683
29411.741851,1.963157,0.026265,-3.638456,-0.212974,0.534415,-0.001173,-0.001424,-0.042614,-0.037122,0.064201,1.676752,0.988746,1.606134,1.011394,1,9.141364
29411.761849,1.955620,0.024009,-3.542348,-0.198799,0.538562,-0.002647,-0.003331,-0.098589,-0.044943,0.061683,1.633766,0.968141,1.566643,1.004461,1,9.182717
29411.781845,1.948568,0.019759,-3.471447,-0.183737,0.542497,-0.004473,-0.005791,-0.170352,-0.051927,0.067393,1.593134,0.951829,1.523386,1.000547,1,9.224065
29411.815311,1.941812,0.014915,-3.425359,-0.166085,0.547008,-0.006077,-0.006953,-0.413628,-0.062758,0.066364,1.549698,0.937242,1.483333,1.000000,1,9.266469
29411.821851,1.935653,0.010485,-3.398195,-0.148307,0.551553,-0.006685,-0.008867,-0.132261,-0.074521,0.066763,1.506763,0.925479,1.440000,1.000000,1,9.309724
29411.841854,1.929883,0.006817,-3.384930,-0.131192,0.556356,-0.001949,-0.004062,-0.136537,-0.084134,0.068431,1.465097,0.915866,1.396667,1.000000,1,9.352467
29411.861834,1.932162,0.016715,-3.015211,-0.120329,0.561927,-0.001001,-0.001569,-0.075875,-0.092853,0.064738,1.418071,0.907147,1.353333,1.000000,1,9.397812
29411.881854,1.935821,0.019171,-2.638584,-0.116789,0.566794,-0.000107,-0.000174,-0.009808,-0.096242,0.062003,1.372003,0.903758,1.310000,1.000000,1,9.445073
29411.917440,1.940734,0.015318,-2.312465,-0.115165,0.571007,-0.004235,0.004812,-0.104661,-0.099641,0.065680,1.325680,0.900359,1.260000,1.000000,1,9.491209
29411.923017,1.946376,0.008091,-2.113165,-0.112448,0.573227,0.003852,-0.004820,0.058006,-0.100615,0.062551,1.279218,0.899385,1.216667,1.000000,1,9.537433
29411.941846,1.951891,0.001751,-2.008687,-0.113293,0.575224,0.000098,-0.000361,-0.006046,-0.099303,0.063194,1.233194,0.900697,1.170000,1.000000,1,9.583274
29411.961829,1.957848,-0.001807,-1.946363,-0.118722,0.577807,0.000105,0.001146,0.035555,-0.098885,0.064952,1.188285,0.901115,1.123333,1.000000,1,9.627812
29411.981855,1.963977,-0.003898,-1.912113,-0.130044,0.580573,0.000429,0.000874,0.042946,-0.094066,0.061588,1.141588,0.905934,1.080000,1.000000,1,9.672445
29412.018072,1.969740,-0.007762,-1.965804,-0.143444,0.583097,-0.003390,0.000180,0.122266,-0.089246,0.058910,1.092243,0.910754,1.033333,1.000000,1,9.718876
29412.023915,1.974754,-0.011370,-2.101735,-0.160320,0.585717,0.003859,0.001853,-0.047320,-0.081544,0.059939,1.044371,0.917061,0.986633,1.000179,1,9.763972
29412.041868,1.979559,-0.011371,-2.221167,-0.179589,0.588255,0.002055,0.003410,0.089961,-0.070802,0.063107,0.997978,0.925723,0.943306,1.003225,1,9.806606
29412.061835,1.983265,-0.012436,-2.376582,-0.198727,0.590751,0.002992,0.005416,0.161327,-0.063473,0.062852,0.949356,0.935299,0.900407,1.010019,1,9.849756
29412.081856,1.986593,-0.011325,-2.512237,-0.218577,0.592790,0.004325,0.007602,0.227017,-0.058749,0.063122,0.902137,0.946278,0.858259,1.020511,1,9.893530
29412.118698,1.989454,-0.008873,-2.604603,-0.240035,0.594858,0.008276,0.008123,0.488766,-0.052763,0.065992,0.859312,0.961383,0.817181,1.034621,1,9.936124
29412.124298,1.991767,-0.006659,-2.677657,-0.256822,0.595730,0.005140,0.007814,0.118769,-0.053283,0.063621,0.810743,0.976214,0.777483,1.052243,1,9.979175
29412.141847,1.995348,-0.002446,-2.663791,-0.275099,0.596520,0.003000,0.001979,0.064017,-0.052908,0.063645,0.766217,0.994922,0.739463,1.073244,1,10.022914
29412.161833,1.992087,-0.010959,-2.929171,-0.285824,0.596506,0.001702,0.000622,0.020733,-0.055123,0.064857,0.722927,1.014615,0.703410,1.097465,1,10.065406
29412.181855,1.986353,-0.014176,-3.245939,-0.289746,0.596476,0.000685,0.000191,0.003746,-0.056004,0.066525,0.682517,1.038729,0.669595,1.124724,1,10.106732
29412.218588,1.979574,-0.011706,-3.504200,-0.287227,0.596027,0.006593,-0.005204,0.098933,-0.053468,0.064992,0.647336,1.068516,0.640588,1.152404,1,10.147953
29412.224103,1.972560,-0.006084,-3.681342,-0.279174,0.595061,-0.005319,0.004456,-0.079264,-0.057258,0.062502,0.609388,1.097675,0.613893,1.182319,1,10.189009
29412.241852,1.965379,0.000293,-3.793457,-0.268999,0.595988,-0.001528,-0.000017,-0.024995,-0.060255,0.061413,0.572859,1.132294,0.587779,1.217026,1,10.231059
29412.261828,1.958306,0.006499,-3.849297,-0.256931,0.597057,-0.000981,-0.000541,-0.022684,-0.057224,0.059583,0.546486,1.170797,0.566431,1.250965,1,10.274012
29412.281824,1.951886,0.012239,-3.847773,-0.239657,0.595601,-0.001467,-0.001623,-0.049045,-0.064100,0.063273,0.514944,1.205156,0.546455,1.289533,1,10.315110
29412.321438,1.946211,0.015964,-3.812391,-0.220057,0.596224,0.001454,-0.000510,-0.163177,-0.070432,0.066401,0.486298,1.243267,0.529900,1.329688,1,10.355646
29412.327325,1.942523,0.019963,-3.709312,-0.199668,0.596412,-0.002788,-0.001501,0.081938,-0.072312,0.055357,0.462648,1.295408,0.517765,1.367902,1,10.400263
29412.341852,1.939596,0.020503,-3.559130,-0.172683,0.590739,-0.001774,-0.002883,-0.076942,-0.066408,0.073579,0.455999,1.325948,0.508121,1.410252,1,10.439226
29412.361835,1.939016,0.021766,-3.405745,-0.145807,0.590593,-0.000637,-0.001274,-0.063641,-0.059975,0.069642,0.449808,1.374656,0.502511,1.449952,1,10.476707
29412.381857,1.942193,0.025658,-3.054173,-0.118761,0.586126,-0.000404,-0.001347,-0.071697,-0.054791,0.065032,0.447146,1.420160,0.500179,1.486633,1,10.521574
29412.422161,1.947193,0.025896,-2.648142,-0.090229,0.581833,-0.007262,0.008211,-0.404683,-0.059182,0.062327,0.440818,1.467673,0.500000,1.530000,1,10.567879
29412.428616,1.953949,0.024263,-2.200649,-0.064789,0.577111,0.006011,-0.010892,0.189489,-0.057252,0.050035,0.442748,1.526631,0.500000,1.576667,1,10.620482
29412.441855,1.962568,0.015122,-1.802606,-0.039886,0.570927,0.000741,-0.006557,-0.131559,-0.064648,0.066501,0.435352,1.563499,0.500000,1.630000,1,10.669366
29412.461856,1.969060,0.013599,-1.527942,-0.024259,0.570321,-0.000687,-0.010568,-0.329976,-0.063472,0.068707,0.436528,1.611293,0.500000,1.680000,1,10.713691
29412.481857,1.977210,0.008295,-1.295802,-0.011185,0.568525,-0.000124,-0.003111,-0.166915,-0.060718,0.064320,0.439282,1.659013,0.500000,1.723333,1,10.761415
29412.518046,1.985919,0.013938,-0.910175,0.000388,0.566435,-0.006685,0.003425,-0.247814,-0.055410,0.061278,0.444590,1.708722,0.500000,1.770000,1,10.809920
29412.523682,1.994815,0.016404,-0.472284,0.009794,0.563464,0.006365,-0.004667,0.144801,-0.051233,0.061642,0.448767,1.758358,0.500000,1.820000,1,10.859741
29412.541854,2.003538,0.012139,-0.208349,0.014132,0.560075,0.001181,-0.001297,-0.034404,-0.047630,0.061791,0.452370,1.808209,0.500000,1.870000,1,10.910110
29412.561857,2.012093,0.009808,-0.017265,0.014835,0.557431,0.000300,-0.000029,-0.002140,-0.046768,0.063608,0.453232,1.856392,0.500000,1.920000,1,10.959933
29412.581857,2.020272,0.007649,0.130390,0.012333,0.555682,0.000358,0.000141,0.007809,-0.041504,0.064078,0.458496,1.905922,0.500000,1.970000,1,11.009269
29412.618405,2.028334,0.004441,0.191265,0.008190,0.554316,-0.005802,0.001100,0.024466,-0.035898,0.065362,0.464102,1.954638,0.500000,2.020000,1,11.059221
29412.624301,2.036191,0.001439,0.186900,0.004577,0.552501,0.005496,-0.000230,-0.002746,-0.037054,0.067316,0.462946,2.002684,0.500000,2.070000,1,11.108721
29412.641867,2.043855,0.000162,0.167100,-0.001646,0.550906,0.001202,0.000444,0.020222,-0.037472,0.069096,0.462528,2.050904,0.500000,2.120000,1,11.157185
29412.661878,2.051299,-0.002104,0.101875,-0.011156,0.548630,0.000417,0.000492,0.028375,-0.030185,0.065703,0.469815,2.100964,0.500000,2.166667,1,11.206285
29412.681853,2.058529,-0.004605,-0.016145,-0.019198,0.544297,0.000461,0.000442,0.024723,-0.035100,0.066136,0.464900,2.150531,0.500000,2.216667,1,11.256146
29412.718473,2.065369,-0.006061,-0.152175,-0.034552,0.540111,-0.004233,-0.000717,0.155999,-0.031632,0.065794,0.468368,2.200872,0.500000,2.266667,1,11.306241
29412.724192,2.071739,-0.008260,-0.329184,-0.052260,0.535614,0.004733,0.003163,-0.046737,-0.025931,0.065854,0.474069,2.250813,0.500000,2.316667,1,11.356571
29412.741867,2.077859,-0.007449,-0.474103,-0.071519,0.530771,0.001541,0.001655,0.060644,-0.020463,0.065012,0.479537,2.301655,0.500000,2.366667,1,11.406910
29412.761857,2.082717,-0.012545,-0.747228,-0.094997,0.526912,0.001033,0.001435,0.072662,-0.017496,0.064859,0.482504,2.351808,0.500000,2.416667,1,11.457275
29412.781859,2.086173,-0.016341,-1.098633,-0.121730,0.524422,0.001120,0.001305,0.068258,-0.013501,0.064094,0.486499,2.402573,0.500000,2.466667,1,11.507859
29412.818256,2.088027,-0.018668,-1.485092,-0.150704,0.523757,0.002003,-0.003269,0.309564,-0.010184,0.061874,0.488033,2.455208,0.500279,2.516707,1,11.559544
29412.824032,2.088078,-0.019468,-1.881136,-0.181847,0.523913,0.000525,0.005780,-0.151478,-0.003256,0.065621,0.492513,2.505435,0.504918,2.569954,1,11.610445
29412.841868,2.087438,-0.015323,-2.185399,-0.210203,0.523439,0.001423,0.002013,0.041495,0.000865,0.063354,0.500148,2.557424,0.514406,2.619159,1,11.660646
29412.861858,2.083152,-0.015754,-2.545913,-0.237789,0.522201,0.001636,0.000944,0.038564,-0.006740,0.063794,0.501092,2.609297,0.528772,2.667166,1,11.709976
29412.881842,2.076040,-0.013944,-2.906599,-0.260630,0.521147,0.001288,0.000550,0.021477,-0.009366,0.064402,0.511903,2.659258,0.547871,2.713494,1,11.757576
29412.923260,2.066527,-0.009439,-3.213661,-0.278335,0.519113,0.015943,-0.007011,0.205994,-0.010766,0.059498,0.530215,2.709102,0.569799,2.754808,1,11.806042
29412.929155,2.056069,-0.002364,-3.435642,-0.291498,0.516438,-0.010907,0.009284,-0.112448,-0.022443,0.038946,0.556295,2.778548,0.597465,2.796590,1,11.863128
29412.941851,2.040968,0.008504,-3.611809,-0.298623,0.510587,0.001201,0.000098,0.011170,-0.020785,0.074352,0.567856,2.799995,0.633691,2.840320,1,11.908418
29412.961850,2.032159,0.011246,-3.682008,-0.300000,0.510056,0.000438,0.000118,0.000387,-0.025352,0.074267,0.594802,2.842527,0.667094,2.873060,1,11.943151
29412.981826,2.016588,0.015461,-3.777491,-0.299999,0.508799,0.000250,0.000070,-0.000922,-0.029799,0.060060,0.627061,2.881065,0.692755,2.894462,1,11.987751
29413.015418,2.000691,0.019103,-3.839166,-0.292848,0.507342,0.010476,-0.001081,0.004433,-0.037695,0.059946,0.657341,2.918683,0.728148,2.919638,1,12.031476
29413.021849,1.984913,0.021825,-3.871383,-0.281294,0.507833,-0.010949,0.000487,-0.013456,-0.044600,0.059044,0.692530,2.953362,0.765592,2.941648,1,12.073737
29413.041853,1.969290,0.023177,-3.884428,-0.265702,0.508908,-0.001589,-0.000998,-0.029637,-0.054328,0.060837,0.727586,2.986592,0.804805,2.960325,1,12.116011
29413.061849,1.954842,0.023662,-3.872187,-0.247132,0.511265,-0.003257,-0.002470,-0.070704,-0.057527,0.060205,0.770456,3.011636,0.845492,2.975528,1,12.158239
29413.081854,1.940861,0.022522,-3.855819,-0.225149,0.513209,-0.005678,-0.004851,-0.137464,-0.064348,0.062792,0.808091,3.034418,0.884090,2.986379,1,12.197994
29413.114921,1.927052,0.020169,-3.839897,-0.199090,0.516046,-0.004494,-0.007063,-0.379091,-0.068599,0.058835,0.854788,3.052883,0.923434,2.994103,1,12.238708
29413.121842,1.914145,0.017127,-3.827342,-0.171937,0.517618,-0.012229,-0.009363,-0.150003,-0.073717,0.063884,0.897938,3.068169,0.966604,2.998883,1,12.281383
29413.141854,1.901454,0.013565,-3.824206,-0.142780,0.520288,-0.002711,-0.006295,-0.198777,-0.080109,0.062844,0.940489,3.080109,1.003333,3.000000,2,12.325512
29413.161855,1.899984,0.023935,-3.432628,-0.117987,0.524676,-0.004352,-0.011429,-0.344428,-0.089650,0.063319,0.983348,3.089650,1.046667,3.000000,2,12.370650
29413.181853,1.898300,0.021026,-3.140823,-0.098056,0.529295,-0.002412,-0.004063,-0.198238,-0.095172,0.064111,1.029223,3.095172,1.093333,3.000000,2,12.415283
29413.216214,1.900357,0.025024,-2.656361,-0.083937,0.533084,-0.004701,0.003985,-0.380898,-0.098415,0.065434,1.071233,3.098415,1.136667,3.000000,2,12.459540
29413.221844,1.904780,0.021311,-2.158244,-0.074715,0.537260,0.002518,-0.010399,0.131970,-0.100537,0.064754,1.115246,3.100537,1.180000,3.000000,2,12.502588
29413.241842,1.909056,0.010856,-1.868189,-0.072226,0.541229,-0.000424,-0.000808,-0.033521,-0.101963,0.063715,1.159618,3.101963,1.223333,3.000000,2,12.546657
29413.261831,1.915490,0.007627,-1.558693,-0.074037,0.544718,-0.000166,-0.000060,-0.002185,-0.101448,0.065117,1.204883,3.101448,1.270000,3.000000,2,12.591539
29413.281855,1.922255,0.002392,-1.380909,-0.079838,0.547448,-0.000085,0.000379,0.018556,-0.096346,0.067313,1.246020,3.096346,1.313333,3.000000,2,12.634564
29413.318917,1.928997,-0.002845,-1.320455,-0.087790,0.549854,-0.005456,0.001356,0.057323,-0.092767,0.064849,1.291818,3.092767,1.356667,3.000000,2,12.677761
29413.324492,1.935806,-0.007361,-1.357394,-0.099093,0.552142,0.005036,0.000487,-0.007744,-0.087924,0.061147,1.338853,3.087924,1.400000,3.000000,2,12.723429
29413.341833,1.942510,-0.008835,-1.407921,-0.116081,0.554427,0.001800,0.003538,0.098894,-0.082477,0.062772,1.383895,3.082477,1.446667,3.000000,2,12.768556
29413.361861,1.948696,-0.011339,-1.515926,-0.134978,0.556910,0.001015,0.002423,0.110326,-0.076665,0.061401,1.428599,3.076665,1.490000,3.000000,2,12.811294
29413.381869,1.953617,-0.016131,-1.717443,-0.156291,0.559750,0.000668,0.001225,0.055246,-0.066952,0.064669,1.473344,3.070005,1.533396,2.998883,2,12.852540
29413.431973,1.956893,-0.020656,-2.022920,-0.178556,0.562381,-0.000859,-0.004645,0.242430,-0.053686,0.041033,1.540538,3.053723,1.573262,2.994604,2,12.904298
29413.442152,1.959782,-0.021970,-2.440759,-0.203516,0.560763,0.003626,0.007676,-0.099147,-0.043875,0.026722,1.610799,3.033139,1.625639,2.983957,2,12.968412
29413.462175,1.962924,-0.015344,-2.716000,-0.218591,0.553105,0.002466,0.002240,0.070944,-0.038584,0.047406,1.656267,3.017592,1.685925,2.964146,2,13.024777
29413.482175,1.962448,-0.014494,-2.898437,-0.235294,0.550036,0.002563,0.001824,0.066785,-0.033321,0.060535,1.699893,2.998136,1.737355,2.940071,2,13.070521
29413.525817,1.960353,-0.013547,-3.075199,-0.246695,0.547759,0.006651,-0.003254,0.151413,-0.033238,0.056228,1.749103,2.974818,1.777438,2.915967,2,13.118144
29413.535409,1.954469,-0.012247,-3.306286,-0.254394,0.545365,-0.004125,0.004084,-0.095552,-0.034764,0.035288,1.809601,2.937452,1.815093,2.888222,2,13.174781
29413.544475,1.947164,-0.007231,-3.486376,-0.257113,0.539955,0.000972,0.000368,0.016939,-0.029480,0.080274,1.821944,2.927955,1.857080,2.849991,2,13.216081
29413.562185,1.944800,-0.005605,-3.519594,-0.257875,0.544207,-0.000285,0.000557,-0.000743,-0.028745,0.074897,1.858078,2.896183,1.883975,2.820255,2,13.246567
29413.582171,1.938079,-0.002667,-3.598928,-0.255960,0.547481,0.000052,-0.000043,-0.003422,-0.031069,0.065518,1.891134,2.865160,1.904508,2.793893,2,13.288432
29413.627027,1.931142,0.000047,-3.653034,-0.249975,0.550279,0.006577,-0.001413,-0.011128,-0.034196,0.055017,1.927275,2.825313,1.926756,2.760537,2,13.333923
29413.632198,1.923385,0.003115,-3.675056,-0.239335,0.549357,-0.005695,0.000784,-0.005278,-0.040269,0.042780,1.966633,2.775635,1.949234,2.719519,2,13.386728
29413.642193,1.916303,0.004840,-3.671269,-0.225954,0.545175,-0.001233,-0.000972,-0.023346,-0.036511,0.077533,1.978017,2.755645,1.970100,2.670312,2,13.426660
29413.662207,1.912918,0.005858,-3.649603,-0.212024,0.546897,-0.001154,-0.001844,-0.055665,-0.038327,0.074689,1.999467,2.714259,1.982235,2.632098,2,13.458871
29413.682198,1.908809,0.007663,-3.567271,-0.195111,0.546186,-0.000812,-0.001070,-0.051338,-0.043265,0.061298,2.019033,2.671754,1.989304,2.602866,2,13.501255
29413.716579,1.906561,0.010027,-3.424541,-0.174373,0.543826,-0.000506,0.001399,-0.181979,-0.043452,0.063739,2.031873,2.628507,1.996385,2.560013,2,13.543610
29413.722646,1.906241,0.011838,-3.211036,-0.152512,0.541477,0.000034,-0.004201,0.080973,-0.047804,0.066324,2.045282,2.584592,1.999721,2.516707,2,13.586056
29413.742211,1.906907,0.009501,-3.019669,-0.127189,0.538379,-0.000771,-0.002036,-0.088356,-0.051127,0.063929,2.051127,2.540596,2.000000,2.476667,2,13.629917
29413.762196,1.909811,0.012138,-2.700951,-0.102433,0.536063,-0.001018,-0.005749,-0.177169,-0.052674,0.067061,2.052674,2.497061,2.000000,2.430000,2,13.674196
29413.782195,1.913799,0.009594,-2.408451,-0.074773,0.534083,-0.001388,-0.003059,-0.152577,-0.055742,0.065740,2.055742,2.452407,2.000000,2.386667,2,13.718747
29413.822022,1.918746,0.013040,-2.002421,-0.054855,0.532585,-0.007278,0.001821,-0.439378,-0.055159,0.064121,2.055159,2.407455,2.000000,2.343333,2,13.763940
29413.828506,1.924774,0.011511,-1.606100,-0.038781,0.531870,0.005241,-0.010778,0.035005,-0.053558,0.055367,2.053558,2.352034,2.000000,2.296667,2,13.813374
29413.842210,1.932365,0.003525,-1.381186,-0.019250,0.527783,0.000687,-0.003222,-0.088922,-0.055765,0.070261,2.055765,2.316927,2.000000,2.246667,2,13.859346
29413.862197,1.938028,0.009317,-1.076595,-0.006407,0.528407,0.000206,-0.000668,-0.036356,-0.054045,0.068908,2.054045,2.272241,2.000000,2.203333,2,13.900893
29413.882198,1.945375,0.014180,-0.616984,0.004104,0.528352,0.000259,-0.000556,-0.030610,-0.050214,0.066109,2.050214,2.226109,2.000000,2.160000,2,13.945967
29413.915691,1.952722,0.013057,-0.281843,0.012865,0.527571,-0.004522,0.002166,-0.125938,-0.045094,0.064192,2.045094,2.180859,2.000000,2.116667,2,13.991965
29413.922175,1.959869,0.010972,-0.037103,0.017753,0.526634,0.004945,-0.002979,0.070866,-0.039606,0.064307,2.039606,2.134307,2.000000,2.070000,2,14.038799
29413.942198,1.967032,0.007741,0.108022,0.019570,0.525716,0.000306,-0.000133,-0.008116,-0.036729,0.064306,2.036729,2.087639,2.000000,2.023333,2,14.086103
29413.962174,1.974022,0.006459,0.222723,0.018581,0.525018,0.000327,0.000062,0.003364,-0.034378,0.063546,2.034378,2.040212,2.000000,1.976667,2,14.133710
29413.982195,1.980909,0.004510,0.281759,0.014422,0.524307,0.000281,0.000261,0.013685,-0.032636,0.066591,2.032636,1.993258,2.000000,1.926667,2,14.181152
29414.017109,1.987664,0.002149,0.284313,0.007723,0.523408,-0.004368,0.000601,0.053875,-0.029067,0.066414,2.029067,1.946414,2.000000,1.880000,2,14.228363
29414.022769,1.994308,-0.000413,0.232829,-0.001573,0.522145,0.004825,0.000939,-0.007610,-0.026977,0.064925,2.026977,1.898259,2.000000,1.833333,2,14.276407
29414.042212,2.000890,-0.001079,0.181850,-0.014211,0.520101,0.000602,0.001221,0.062191,-0.023708,0.064139,2.023708,1.850806,2.000000,1.786667,2,14.324357
29414.062198,2.007191,-0.005229,0.039228,-0.029373,0.517349,0.000516,0.000913,0.048633,-0.020700,0.066058,2.020700,1.802725,2.000000,1.736667,2,14.372213
29414.082201,2.013094,-0.009194,-0.183747,-0.047004,0.513870,0.000646,0.000947,0.051748,-0.018437,0.063595,2.018437,1.753595,2.000000,1.690000,2,14.421299
29414.118055,2.018461,-0.012239,-0.445535,-0.068224,0.510139,-0.002479,-0.001298,0.227081,-0.018601,0.066687,2.018601,1.706687,2.000000,1.640000,2,14.469747
29414.123739,2.022884,-0.015052,-0.745038,-0.093002,0.507456,0.003627,0.004552,-0.086173,-0.017844,0.064637,2.017844,1.657971,2.000000,1.593333,2,14.517094
29414.142198,2.027125,-0.013272,-0.968976,-0.121770,0.505893,0.002025,0.003459,0.137495,-0.012581,0.065054,2.012581,1.608388,2.000000,1.543333,2,14.565558
29414.162197,2.029493,-0.018196,-1.294720,-0.149697,0.504220,0.001282,0.001384,0.066153,-0.008262,0.063478,2.008675,1.560079,1.999989,1.496658,2,14.614387
29414.182204,2.029261,-0.023334,-1.755385,-0.176720,0.503906,0.001269,0.001241,0.057434,0.001798,0.065400,2.002337,1.511846,1.997143,1.446628,2,14.663527
29414.218549,2.027258,-0.024073,-2.184088,-0.202089,0.504644,0.005076,-0.004070,0.273914,0.006493,0.066946,1.996723,1.463984,1.989304,1.397134,2,14.712206
29414.224587,2.023286,-0.022411,-2.565925,-0.226201,0.505333,-0.002478,0.005388,-0.152718,0.008083,0.065433,1.989218,1.416752,1.977551,1.351862,2,14.759695
29414.242196,2.018593,-0.017159,-2.846051,-0.247752,0.505485,0.000758,0.001692,0.019177,0.007153,0.063978,1.979598,1.369702,1.961619,1.307887,2,14.806113
29414.262195,2.011178,-0.014234,-3.112243,-0.264807,0.505386,0.001008,0.000409,0.015019,0.005354,0.062882,1.966398,1.323646,1.941648,1.265592,2,14.852630
29414.282196,2.001353,-0.010771,-3.359397,-0.276706,0.505143,0.001489,0.000876,0.023032,0.002932,0.062538,1.949714,1.279218,1.917812,1.225349,2,14.899147
29414.314850,1.990870,-0.005378,-3.537044,-0.283811,0.504896,0.010255,-0.001742,0.100443,-0.000573,0.063721,1.930591,1.236894,1.890320,1.187509,2,14.943372
29414.322199,1.980119,0.000472,-3.647730,-0.287693,0.505033,-0.006148,0.003764,-0.020753,-0.002482,0.065923,1.907025,1.198065,1.859412,1.152404,2,14.986613
29414.342200,1.969042,0.005458,-3.712451,-0.285618,0.505032,0.000057,-0.000057,-0.003325,-0.005141,0.063563,1.879248,1.160325,1.827889,1.122523,2,15.030538
29414.362202,1.955684,0.007630,-3.786942,-0.278544,0.504914,0.000101,-0.000126,-0.007605,-0.007535,0.052493,1.840789,1.120250,1.793893,1.095492,2,15.079189
29414.382198,1.943065,0.009906,-3.827508,-0.267738,0.504555,-0.000400,-0.000206,-0.008611,-0.011955,0.061336,1.813674,1.090771,1.754808,1.069799,2,15.125180
29414.416987,1.930981,0.011920,-3.829701,-0.254527,0.507797,0.007158,0.000133,-0.042898,-0.015240,0.067236,1.780800,1.062799,1.713494,1.047871,2,15.164104
29414.422480,1.920481,0.013339,-3.795717,-0.241168,0.511881,-0.007698,-0.001077,0.018523,-0.019418,0.063988,1.743303,1.036650,1.676581,1.032219,2,15.204358
29414.442198,1.910439,0.012888,-3.753609,-0.222761,0.514351,-0.001008,-0.000696,-0.029143,-0.024500,0.062878,1.705737,1.013455,1.638532,1.019574,2,15.246254
29414.462201,1.903139,0.013682,-3.649072,-0.200257,0.516588,-0.002318,-0.003213,-0.093599,-0.024044,0.064983,1.668063,0.999401,1.599593,1.010019,2,15.286208
29414.482201,1.896833,0.011955,-3.538650,-0.173822,0.518820,-0.001524,-0.001856,-0.088317,-0.029760,0.061752,1.624890,0.981482,1.560013,1.003615,2,15.327010
29414.517528,1.894171,0.013970,-3.320162,-0.145715,0.520102,-0.001155,0.003139,-0.279953,-0.034337,0.064877,1.582696,0.968130,1.516707,1.000279,2,15.370260
29414.523366,1.894974,0.016460,-2.978261,-0.117218,0.521310,0.000561,-0.006841,0.124322,-0.044091,0.066179,1.539512,0.955909,1.473333,1.000000,2,15.413650
29414.542206,1.896571,0.012188,-2.690653,-0.093519,0.523055,-0.000987,-0.003280,-0.124120,-0.052707,0.067460,1.497460,0.947293,1.430000,1.000000,2,15.457167
29414.562201,1.900293,0.013670,-2.299325,-0.075931,0.525712,-0.000270,-0.000996,-0.052178,-0.063311,0.061298,1.447965,0.936689,1.386667,1.000000,2,15.503156
29414.582200,1.905875,0.014167,-1.839887,-0.071147,0.528038,0.000021,-0.000253,-0.013987,-0.069143,0.057889,1.401222,0.930857,1.343333,1.000000,2,15.550925
29414.619343,1.911974,0.009267,-1.509676,-0.072147,0.530414,-0.005359,0.004201,-0.069771,-0.072668,0.063358,1.356692,0.927332,1.293333,1.000000,2,15.596897
29414.625295,1.918163,0.002852,-1.331061,-0.077888,0.533398,0.004431,-0.002363,0.063683,-0.075245,0.064690,1.311356,0.924755,1.246667,1.000000,2,15.642988
29414.642199,1.924404,-0.001871,-1.251737,-0.089017,0.536321,0.001084,0.000999,0.052574,-0.077035,0.065546,1.268879,0.922965,1.203333,1.000000,2,15.687831
29414.662180,1.930314,-0.007137,-1.281792,-0.103732,0.539304,0.000177,0.000840,0.040871,-0.077029,0.069681,1.226347,0.922971,1.156667,1.000000,2,15.730380
29414.682199,1.935596,-0.012762,-1.439869,-0.120577,0.542038,0.000490,0.001097,0.050239,-0.076712,0.065822,1.179156,0.923288,1.113333,1.000000,2,15.774222
29414.716985,1.940444,-0.016341,-1.644406,-0.140776,0.544634,-0.002147,-0.000539,0.188574,-0.074827,0.063525,1.133525,0.925173,1.070000,1.000000,2,15.818856
29414.722560,1.944149,-0.019428,-1.898557,-0.161576,0.547224,0.003151,0.003080,-0.094295,-0.072410,0.060555,1.087221,0.927590,1.026667,1.000000,2,15.862842
29414.742208,1.947750,-0.018222,-2.096108,-0.182604,0.549775,0.002143,0.003723,0.113016,-0.067357,0.057793,1.038802,0.931029,0.983293,1.000279,2,15.906618
29414.762197,1.950116,-0.018878,-2.319836,-0.203024,0.552209,0.001757,0.002203,0.093237,-0.058424,0.065389,0.994133,0.937791,0.936670,1.004027,2,15.948917
29414.782198,1.950527,-0.020594,-2.572063,-0.220534,0.554894,0.000880,0.000658,0.027203,-0.054302,0.063008,0.947622,0.944593,0.897134,1.010696,2,15.990585
29414.821707,1.948836,-0.021677,-2.868379,-0.235834,0.557604,0.004108,-0.003996,0.199448,-0.048241,0.069274,0.907373,0.955218,0.855058,1.021469,2,16.030711
29414.826962,1.946001,-0.019730,-3.115721,-0.245848,0.560842,-0.002715,0.004710,-0.145884,-0.047454,0.055779,0.851747,0.970058,0.817181,1.034621,2,16.075004
29414.842213,1.942140,-0.014590,-3.326758,-0.256514,0.563792,0.000909,0.000955,0.019193,-0.048833,0.062880,0.812060,0.980529,0.777483,1.052243,2,16.119053
29414.862199,1.938965,-0.011571,-3.437258,-0.265078,0.567296,0.000600,0.000285,0.008796,-0.048140,0.064260,0.769225,0.998672,0.739463,1.073244,2,16.158523
29414.882201,1.933470,-0.008627,-3.570095,-0.269953,0.570608,0.000367,0.000147,0.004281,-0.046994,0.063727,0.730042,1.020015,0.706107,1.095492,2,16.199692
29414.918966,1.927368,-0.005364,-3.671762,-0.270829,0.574441,0.005667,-0.002444,0.036985,-0.046689,0.064900,0.693539,1.042657,0.674641,1.120340,2,16.239631
29414.924456,1.921055,-0.002075,-3.741969,-0.266997,0.578375,-0.004682,0.001958,-0.031576,-0.048096,0.063138,0.655640,1.068940,0.645267,1.147630,2,16.279522
29414.942200,1.914740,0.000859,-3.785001,-0.260232,0.581881,-0.000958,-0.000022,-0.011305,-0.048874,0.060761,0.620080,1.099232,0.618174,1.177186,2,16.321213
29414.962203,1.909108,0.003667,-3.794474,-0.251629,0.585486,-0.000213,-0.000236,-0.011020,-0.048109,0.061751,0.587929,1.133348,0.591599,1.211541,2,16.363180
29414.982196,1.904532,0.006041,-3.769693,-0.241062,0.588091,-0.000190,-0.000287,-0.013987,-0.049200,0.058269,0.557162,1.169984,0.569799,1.245192,2,16.404884
29415.015762,1.901057,0.007690,-3.716652,-0.228894,0.589585,0.001313,0.000449,-0.070944,-0.059364,0.061054,0.522237,1.202750,0.549309,1.283488,2,16.446563
29415.022186,1.898847,0.008662,-3.636799,-0.214787,0.591166,-0.001622,-0.001729,0.031181,-0.060898,0.065478,0.498370,1.240653,0.532219,1.323419,2,16.486656
29415.042202,1.897050,0.007763,-3.559021,-0.197477,0.592067,-0.000511,-0.000741,-0.036430,-0.061633,0.068091,0.479220,1.278966,0.519574,1.361468,2,16.525760
29415.062197,1.897720,0.009125,-3.410203,-0.175630,0.592596,-0.000700,-0.001211,-0.053391,-0.052167,0.066872,0.473403,1.320960,0.510696,1.397134,2,16.564949
29415.082195,1.900129,0.010115,-3.212273,-0.146898,0.589946,-0.000410,-0.001285,-0.065706,-0.049221,0.066320,0.463603,1.364650,0.504027,1.436670,2,16.605332
29415.116252,1.905006,0.012354,-2.922618,-0.117901,0.585946,-0.004813,0.002645,-0.279803,-0.043256,0.065551,0.460404,1.409111,0.500547,1.476614,2,16.647620
29415.122172,1.911792,0.014373,-2.551975,-0.087128,0.581354,0.004352,-0.007343,0.114381,-0.042920,0.065737,0.457080,1.454263,0.500000,1.520000,2,16.691559
29415.142198,1.918687,0.010215,-2.253226,-0.060624,0.577151,-0.000165,-0.001837,-0.104202,-0.041436,0.061774,0.458564,1.501559,0.500000,1.563333,2,16.738250
29415.162198,1.927741,0.015837,-1.753664,-0.036230,0.572751,0.000142,-0.001292,-0.070756,-0.040710,0.061584,0.459290,1.548416,0.500000,1.610000,2,16.786447
29415.182201,1.937198,0.017500,-1.243212,-0.016147,0.568904,0.000210,-0.001117,-0.060522,-0.035505,0.059327,0.464495,1.597339,0.500000,1.656667,2,16.834554
29415.215106,1.946702,0.016478,-0.795624,0.000761,0.564973,-0.005534,0.002607,-0.208565,-0.030650,0.061233,0.469350,1.645434,0.500000,1.706667,2,16.883019
29415.222200,1.956149,0.014917,-0.417621,0.013660,0.561330,0.006055,-0.005026,0.091131,-0.025885,0.062166,0.474115,1.691168,0.500000,1.753333,2,16.930865
29415.242200,1.965317,0.010626,-0.177514,0.021021,0.559284,0.000335,-0.000427,-0.025142,-0.024201,0.064543,0.475799,1.738791,0.500000,1.803333,2,16.978537
29415.262200,1.974176,0.011088,0.078486,0.023599,0.557415,0.000332,-0.000132,-0.007375,-0.023668,0.063659,0.476332,1.786341,0.500000,1.850000,2,17.026965
29415.282205,1.982843,0.009071,0.248062,0.022821,0.555640,0.000328,0.000038,0.002243,-0.021369,0.066040,0.478631,1.833960,0.500000,1.900000,2,17.075041
29415.318609,1.991328,0.006183,0.333866,0.022561,0.553466,-0.006063,0.001128,-0.011574,-0.021794,0.064979,0.478206,1.881688,0.500000,1.946667,2,17.123224
29415.324178,1.999564,0.003933,0.369044,0.020715,0.551827,0.005830,-0.000641,0.013423,-0.020581,0.068172,0.479419,1.928495,0.500000,1.996667,2,17.171051
29415.342201,2.007554,0.002610,0.382604,0.019019,0.550306,0.001127,0.000076,0.006981,-0.018131,0.065559,0.481869,1.977774,0.500000,2.043333,2,17.219288
29415.362200,2.015463,0.001135,0.367351,0.015200,0.548095,0.000277,0.000232,0.012771,-0.017724,0.063940,0.482276,2.026060,0.500000,2.090000,2,17.268313
29415.382196,2.023046,-0.000176,0.329480,0.009933,0.545039,0.000385,0.000376,0.019482,-0.016846,0.064630,0.483154,2.075370,0.500000,2.140000,2,17.317414
29415.417948,2.030481,-0.001440,0.270963,0.001296,0.541289,-0.004782,-0.000068,0.082960,-0.013486,0.064451,0.486514,2.125549,0.500000,2.190000,2,17.367687
29415.423533,2.037689,-0.003348,0.173540,-0.010945,0.536283,0.005170,0.001878,-0.018640,-0.010960,0.066655,0.489040,2.173345,0.500000,2.240000,2,17.417723
29415.442203,2.044622,-0.003225,0.094003,-0.027399,0.531113,0.001087,0.001709,0.081246,-0.007806,0.068072,0.492194,2.221928,0.500000,2.290000,2,17.466466
29415.462203,2.050979,-0.007845,-0.089312,-0.047093,0.525492,0.000754,0.000994,0.056177,-0.006345,0.064089,0.493655,2.272577,0.500000,2.336667,2,17.515544
29415.482205,2.056497,-0.012866,-0.391899,-0.072018,0.520071,0.000879,0.001246,0.068983,-0.002698,0.064404,0.497302,2.322262,0.500000,2.386667,2,17.565468
29415.517287,2.060909,-0.016498,-0.742020,-0.100521,0.515641,-0.000642,-0.001826,0.295271,0.000416,0.063876,0.500416,2.372790,0.500000,2.436667,2,17.615893
29415.523180,2.063890,-0.019425,-1.134260,-0.132807,0.512795,0.002767,0.005803,-0.124672,0.001031,0.062009,0.501031,2.424658,0.500000,2.486667,2,17.667613
29415.542209,2.066456,-0.016632,-1.434292,-0.169439,0.511779,0.002566,0.003575,0.145922,0.006040,0.063813,0.502515,2.475971,0.501608,2.540062,2,17.719490
29415.562203,2.065795,-0.020817,-1.834336,-0.203955,0.510100,0.001628,0.001242,0.057348,0.010387,0.062759,0.507074,2.526144,0.508121,2.589748,2,17.770392
29415.582203,2.061320,-0.024167,-2.341136,-0.234018,0.507610,0.001642,0.000884,0.038159,0.005717,0.063449,0.508007,2.579274,0.520511,2.641741,2,17.820911
29415.617234,2.054495,-0.022237,-2.786955,-0.260493,0.505113,0.009662,-0.005478,0.226810,0.002819,0.063425,0.515739,2.629239,0.537107,2.689024,2,17.869890
29415.622844,2.045211,-0.017157,-3.150530,-0.278796,0.501896,-0.006850,0.006312,-0.164451,-0.002241,0.064512,0.526128,2.678475,0.558352,2.734408,2,17.916916
29415.642199,2.034781,-0.009414,-3.409662,-0.291464,0.499035,0.001236,0.000826,0.014967,-0.005483,0.062517,0.543266,2.725423,0.582188,2.774651,2,17.963489
29415.662212,2.022104,-0.002217,-3.602189,-0.298064,0.496132,0.000607,0.000092,0.001417,-0.010345,0.061417,0.563220,2.771012,0.609680,2.812491,2,18.010816
29415.682198,2.007262,0.004267,-3.748729,-0.297920,0.493531,0.000267,-0.000010,-0.002256,-0.016145,0.059984,0.587282,2.815702,0.640588,2.847596,2,18.057625
29415.717432,1.991708,0.010222,-3.842609,-0.293418,0.492045,0.011680,-0.002694,0.011167,-0.024616,0.063277,0.610575,2.857176,0.674641,2.879660,2,18.101618
29415.722818,1.975603,0.014953,-3.895228,-0.281627,0.491576,-0.011997,0.001822,-0.020506,-0.025767,0.058865,0.645959,2.893130,0.708818,2.906464,2,18.146258
29415.742216,1.959639,0.018077,-3.918261,-0.264778,0.491661,-0.001453,-0.000504,-0.019926,-0.036104,0.061587,0.673803,2.929879,0.745192,2.930201,2,18.189684
29415.762200,1.945404,0.020684,-3.894879,-0.246575,0.494733,-0.000646,-0.000440,-0.018852,-0.036581,0.056991,0.716277,2.958987,0.783488,2.950691,2,18.233344
29415.782204,1.933567,0.022343,-3.821400,-0.226074,0.496473,-0.000639,-0.000546,-0.025282,-0.047993,0.068804,0.745370,2.990095,0.826550,2.968951,2,18.274080
29415.817564,1.923938,0.022788,-3.702156,-0.207620,0.500845,0.004575,0.003098,-0.138520,-0.050845,0.065758,0.787617,3.012492,0.864682,2.981341,2,18.312204
29415.823210,1.916723,0.021856,-3.541758,-0.189038,0.504257,-0.004883,-0.004598,0.074353,-0.055499,0.061741,0.828848,3.032069,0.900407,2.989981,2,18.353520
29415.842203,1.910573,0.017646,-3.395722,-0.169541,0.507421,-0.001445,-0.001817,-0.062112,-0.059890,0.067368,0.869582,3.048641,0.943306,2.996775,2,18.393491
29415.862200,1.907153,0.016020,-3.186416,-0.150406,0.510819,-0.000344,-0.000787,-0.040743,-0.064997,0.069071,0.912088,3.062374,0.983293,2.999721,2,18.433617
29415.882198,1.906762,0.015015,-2.900616,-0.132865,0.514638,-0.000344,-0.000773,-0.040264,-0.074060,0.062836,0.953830,3.074060,1.016667,3.000000,3,18.476969
29415.915268,1.908051,0.012479,-2.605130,-0.118019,0.520098,-0.002448,0.003484,-0.168894,-0.079045,0.065606,0.994394,3.079045,1.060000,3.000000,3,18.521320
29415.922193,1.910745,0.009238,-2.321303,-0.104305,0.525467,0.001573,-0.005582,0.077971,-0.082749,0.068023,1.035310,3.082749,1.103333,3.000000,3,18.563426
29415.942197,1.913870,0.003738,-2.122405,-0.093795,0.530733,-0.000498,-0.000595,-0.031860,-0.085869,0.067681,1.078986,3.085869,1.146667,3.000000,3,18.605478
29415.962192,1.918835,0.003491,-1.874617,-0.088997,0.535766,-0.000093,-0.000251,-0.013400,-0.089183,0.066527,1.123473,3.089183,1.190000,3.000000,3,18.649672
29415.982199,1.924608,0.001390,-1.685029,-0.087859,0.539915,-0.000179,-0.000273,-0.008302,-0.088588,0.065906,1.167428,3.088588,1.233333,3.000000,3,18.694356
29416.015203,1.930520,-0.001701,-1.573232,-0.088750,0.543020,-0.003912,0.001107,-0.018230,-0.085730,0.065520,1.211147,3.085730,1.276667,3.000000,3,18.737984
29416.022222,1.936812,-0.004214,-1.519308,-0.089469,0.544723,0.004024,-0.000780,0.014857,-0.084517,0.066976,1.253024,3.084517,1.320000,3.000000,3,18.780998
29416.042196,1.943021,-0.005732,-1.495810,-0.094367,0.546874,0.000056,0.000266,0.013548,-0.080834,0.067085,1.296249,3.080834,1.363333,3.000000,3,18.823270
29416.062194,1.949077,-0.007554,-1.515863,-0.103569,0.548763,0.000122,0.000499,0.025064,-0.078246,0.067101,1.339565,3.078246,1.406667,3.000000,3,18.865618
29416.082197,1.954736,-0.009763,-1.586887,-0.117463,0.550932,0.000224,0.000668,0.034021,-0.071191,0.067952,1.382048,3.071191,1.450000,3.000000,3,18.907901
29416.115973,1.959730,-0.012497,-1.719001,-0.132917,0.553015,-0.002471,-0.000165,0.137342,-0.063673,0.063200,1.426800,3.063673,1.490000,3.000000,3,18.949892
29416.122191,1.963963,-0.014815,-1.894395,-0.151579,0.555551,0.003159,0.002703,-0.052817,-0.057396,0.067315,1.470066,3.060647,1.533396,2.998883,3,18.991200
29416.142194,1.967884,-0.014075,-2.039829,-0.173102,0.558197,0.000693,0.001167,0.056825,-0.049446,0.067529,1.513707,3.053410,1.573262,2.994604,3,19.031452
29416.162197,1.969542,-0.017990,-2.295656,-0.194907,0.560535,0.000904,0.000920,0.041475,-0.043386,0.069270,1.558585,3.044642,1.615910,2.986379,3,19.072614
29416.182196,1.969922,-0.019744,-2.578277,-0.213949,0.562826,0.000945,0.000673,0.029393,-0.038023,0.067205,1.602343,3.032458,1.654508,2.975528,3,19.115246
29416.214936,1.968976,-0.019310,-2.849156,-0.227662,0.565270,0.003258,-0.001331,0.160193,-0.034910,0.068467,1.645789,3.019194,1.695195,2.960325,3,19.157380
29416.222194,1.967537,-0.015666,-3.052378,-0.237943,0.568350,-0.000121,0.004802,-0.038079,-0.030623,0.066355,1.686808,3.001065,1.731451,2.943205,3,19.199144
29416.242200,1.966006,-0.010504,-3.174845,-0.244333,0.571352,0.000730,0.000686,0.020525,-0.028219,0.067398,1.727416,2.981497,1.769041,2.921446,3,19.241623
29416.262200,1.962194,-0.008549,-3.325754,-0.248634,0.575057,0.000488,0.000291,0.011746,-0.026131,0.069354,1.765522,2.959480,1.804602,2.896507,3,19.283444
29416.282192,1.957907,-0.005795,-3.445348,-0.249227,0.579053,0.000168,0.000086,0.001096,-0.022838,0.064165,1.803124,2.930805,1.835392,2.870826,3,19.326390
29416.315266,1.953370,-0.002514,-3.534004,-0.246762,0.581760,0.003051,-0.001930,0.016476,-0.020540,0.064237,1.837635,2.901361,1.866309,2.840320,3,19.370417
29416.322193,1.948926,0.000948,-3.584916,-0.241614,0.584440,-0.002969,0.001513,-0.020779,-0.018468,0.061952,1.870963,2.867469,1.894462,2.807245,3,19.414554
29416.342191,1.944599,0.003796,-3.610991,-0.233098,0.584878,-0.000080,-0.000239,-0.011953,-0.017339,0.061622,1.900687,2.832998,1.919638,2.771852,3,19.459533
29416.362194,1.941226,0.006914,-3.591740,-0.220943,0.584587,-0.000185,-0.000356,-0.017521,-0.014772,0.063980,1.926683,2.795001,1.943205,2.731451,3,19.503535
29416.382194,1.938733,0.009478,-3.533743,-0.206039,0.582750,-0.000215,-0.000482,-0.023814,-0.013407,0.063569,1.949572,2.755954,1.961619,2.692113,3,19.547448
29416.414995,1.937395,0.011462,-3.434174,-0.188296,0.579935,-0.000142,0.000736,-0.117931,-0.012040,0.059640,1.969975,2.711814,1.976550,2.651327,3,19.593260
29416.422196,1.937609,0.012973,-3.288595,-0.166747,0.574985,-0.000254,-0.003474,0.035124,-0.010079,0.063604,1.984954,2.670429,1.988606,2.606134,3,19.638728
29416.442194,1.938089,0.011386,-3.154375,-0.144338,0.571925,-0.000265,-0.001055,-0.058021,-0.013969,0.065315,2.002414,2.626532,1.996385,2.560013,3,19.683340
29416.462193,1.941495,0.014831,-2.878326,-0.123530,0.568781,-0.000171,-0.001274,-0.062902,-0.016918,0.062896,2.014528,2.580134,1.999721,2.516707,3,19.729176
29416.482199,1.946119,0.015503,-2.567463,-0.103393,0.565512,-0.000254,-0.000941,-0.050959,-0.021135,0.066184,2.021135,2.536184,2.000000,2.470000,3,19.774862
29416.514431,1.951707,0.015076,-2.222716,-0.084935,0.563824,-0.004604,-0.000572,-0.287105,-0.027104,0.068378,2.027104,2.491712,2.000000,2.423333,3,19.819797
29416.522197,1.957866,0.009961,-1.970715,-0.065773,0.562735,0.002735,-0.009294,-0.055241,-0.032347,0.065868,2.032347,2.445868,2.000000,2.380000,3,19.865667
29416.542202,1.963631,0.003796,-1.834334,-0.050661,0.561719,-0.000324,-0.001031,-0.062010,-0.034756,0.067045,2.034756,2.400378,2.000000,2.333333,3,19.912415
29416.562203,1.971481,0.011437,-1.422226,-0.039524,0.561049,-0.000107,-0.002897,-0.090852,-0.037770,0.067454,2.037770,2.354120,2.000000,2.286667,3,19.958922
29416.582200,1.979476,0.009557,-1.129871,-0.029878,0.560174,-0.000043,-0.001060,-0.058943,-0.037010,0.068411,2.037010,2.308411,2.000000,2.240000,3,20.005422
29416.614721,1.987618,0.009211,-0.868645,-0.020763,0.559470,-0.004823,0.001713,-0.123581,-0.038728,0.067720,2.038728,2.261053,2.000000,2.193333,3,20.052373
29416.622202,1.996052,0.008642,-0.626324,-0.012969,0.558456,0.005220,-0.003220,0.053042,-0.037330,0.067467,2.037330,2.214133,2.000000,2.146667,3,20.099771
29416.642200,2.004317,0.005762,-0.476992,-0.006777,0.557420,0.000190,-0.000336,-0.019618,-0.036347,0.068082,2.036347,2.168082,2.000000,2.100000,3,20.146838
29416.662200,2.012505,0.006168,-0.309347,-0.003001,0.556425,0.000199,-0.000190,-0.010897,-0.035279,0.068822,2.035279,2.122155,2.000000,2.053333,3,20.193668
29416.682201,2.020551,0.005304,-0.182990,-0.001850,0.555929,0.000286,-0.000056,-0.003282,-0.035055,0.067047,2.035055,2.073714,2.000000,2.006667,3,20.241466
29416.714683,2.028555,0.003796,-0.102870,-0.004374,0.555224,-0.004338,0.000879,0.002355,-0.034770,0.068503,2.034770,2.025170,2.000000,1.956667,3,20.289936
29416.722199,2.036446,0.001723,-0.075225,-0.008615,0.554102,0.004989,0.000033,0.016460,-0.033187,0.066358,2.033187,1.976358,2.000000,1.910000,3,20.338929
29416.742203,2.044215,0.000489,-0.072122,-0.015896,0.552361,0.000348,0.000370,0.021822,-0.031652,0.068617,2.031652,1.928617,2.000000,1.860000,3,20.388037
29416.762199,2.051650,-0.002647,-0.147202,-0.024838,0.549963,0.000403,0.000445,0.025771,-0.029987,0.067017,2.029987,1.880350,2.000000,1.813333,3,20.436154
29416.782201,2.058782,-0.005015,-0.262120,-0.036292,0.546787,0.000790,0.002966,0.094309,-0.031149,0.067111,2.031149,1.830445,2.000000,1.763333,3,20.485325
29416.815843,2.065806,-0.004721,-0.352142,-0.053384,0.543164,-0.002254,0.006426,0.350663,-0.030178,0.068221,2.030178,1.781555,2.000000,1.713333,3,20.535305
29416.822195,2.072701,-0.003329,-0.398835,-0.074260,0.539400,0.005506,0.007201,0.128660,-0.028119,0.070030,2.028119,1.733363,2.000000,1.663333,3,20.584180
29416.842196,2.079422,-0.002107,-0.421032,-0.101407,0.536956,0.001163,0.001580,0.092781,-0.025608,0.067960,2.025608,1.684626,2.000000,1.616667,3,20.632358
29416.862192,2.082711,-0.017949,-0.915556,-0.128862,0.535036,0.001185,0.001347,0.067942,-0.024350,0.068787,2.024350,1.635453,2.000000,1.566667,3,20.681023
29416.882192,2.084646,-0.023241,-1.428776,-0.155243,0.533949,0.001104,0.001106,0.056074,-0.022237,0.067206,2.022237,1.587206,2.000000,1.520000,3,20.728936
29416.915442,2.084863,-0.023346,-1.897889,-0.180328,0.533885,0.002746,-0.003887,0.247305,-0.015823,0.069810,2.019087,1.538672,1.999096,1.469939,3,20.776077
29416.922193,2.083255,-0.020809,-2.308743,-0.203365,0.534780,-0.000636,0.006315,-0.141525,-0.007894,0.069938,2.012614,1.491338,1.994103,1.423434,3,20.823762
29460.004877,0.400000,0.020000,0.000000,-0.000875,0.510000,-0.031379,0.020071,0.000957,-0.004089,0.026098,0.993902,3.004089,1.020000,3.000000,0,0.034948
29460.036325,0.400000,0.020000,0.000000,-0.001610,0.520000,-0.052126,0.059296,1.707270,-0.014509,0.029595,1.003738,3.014509,1.033333,3.000000,0,0.040181
29460.068264,0.380969,0.059094,1.702684,-0.016420,0.530000,-0.092941,0.000621,-0.010135,-0.009300,0.033101,1.006899,3.009300,1.040000,3.000000,0,0.044034
29460.073684,0.322229,-0.000125,-0.002167,-0.022947,0.540000,-0.110048,0.000571,0.008119,-0.004853,0.039829,1.003505,3.004853,1.043333,3.000000,0,0.044262
29460.082069,0.218274,-0.001471,-0.038931,-0.027041,0.550000,0.002248,0.000201,0.006010,-0.007796,0.037778,1.005556,3.007796,1.043333,3.000000,0,0.044262
29460.102065,0.230417,-0.002217,-0.056941,-0.030528,0.560000,-0.003866,0.000394,0.010409,-0.008277,0.033173,1.010160,3.008277,1.043333,3.000000,0,0.044262
29460.149642,0.250719,-0.002758,-0.073285,-0.033514,0.570000,-0.037958,0.001190,0.032120,-0.008612,0.028857,1.014477,3.008612,1.043333,3.000000,0,0.046277
29460.154912,0.271397,-0.002986,-0.079621,-0.035824,0.580000,0.030744,0.000381,0.007486,-0.006345,0.019773,1.023560,3.006345,1.043333,3.000000,0,0.053355
29460.162055,0.308778,-0.003367,-0.090093,-0.036242,0.590000,0.008667,0.000161,0.004619,-0.008386,0.025776,1.027558,3.008386,1.053333,3.000000,0,0.061167
29460.182070,0.326600,-0.004198,-0.109570,-0.037116,0.600000,0.003137,0.000074,0.001854,-0.008352,0.024517,1.035483,3.008352,1.060000,3.000000,0,0.069046
29460.202055,0.355954,-0.005128,-0.137825,-0.037216,0.610000,-0.012020,0.000295,0.008148,-0.008518,0.025262,1.041405,3.008518,1.066667,3.000000,0,0.077771
29460.249957,0.370610,-0.005343,-0.144254,-0.037151,0.620000,-0.025192,0.000468,0.013463,-0.009023,0.023583,1.053084,3.009023,1.076667,3.000000,0,0.087785
29460.255985,0.410436,-0.005866,-0.159498,-0.036329,0.630000,0.033879,-0.000425,-0.012819,-0.007229,0.020131,1.066535,3.007229,1.086667,3.000000,0,0.102616
29460.262070,0.452665,-0.006400,-0.175471,-0.033328,0.639783,0.002839,-0.000356,-0.008362,-0.008319,0.029396,1.070604,3.008319,1.100000,3.000000,0,0.114161
29460.282035,0.464059,-0.006542,-0.179772,-0.031267,0.649783,0.014742,-0.000223,-0.007465,-0.009132,0.027844,1.085489,3.009132,1.113333,3.000000,0,0.125175
29460.302067,0.507358,-0.006219,-0.174230,-0.028740,0.659783,0.009771,-0.000235,-0.007974,-0.009100,0.023265,1.100069,3.009100,1.123333,3.000000,0,0.141842
29460.375079,0.546141,-0.006148,-0.174019,-0.026191,0.669752,-0.073425,-0.000020,0.002726,-0.008671,0.027587,1.112413,3.008671,1.140000,3.000000,0,0.158030
29460.382938,0.578928,-0.006249,-0.176837,-0.023086,0.679752,0.086918,-0.001460,-0.042245,-0.009747,-0.002754,1.159421,3.009747,1.156667,3.000000,0,0.189552
29460.403034,0.677571,-0.007030,-0.204322,-0.021741,0.678738,0.007372,-0.000151,-0.006006,-0.009748,0.010219,1.176447,3.009748,1.186667,3.000000,0,0.225032
29460.466404,0.714165,-0.005853,-0.177719,-0.020496,0.682979,-0.057089,-0.000118,-0.001450,-0.009360,0.029711,1.193623,3.009360,1.223333,3.000000,0,0.246459
29460.475492,0.748431,-0.005742,-0.172768,-0.019500,0.689825,0.079319,-0.000693,-0.023316,-0.009426,-0.000836,1.244169,3.009426,1.243333,3.000000,0,0.282414
29460.495568,0.841061,-0.006116,-0.188978,-0.021097,0.688211,0.006627,-0.000050,-0.002254,-0.008229,0.014394,1.265606,3.008229,1.280000,3.000000,0,0.322228
29460.515572,0.876233,-0.006117,-0.192780,-0.023166,0.691507,0.006261,0.000088,0.002804,-0.007738,0.032853,1.287147,3.007738,1.320000,3.000000,0,0.348564
29460.548658,0.910839,-0.006586,-0.207175,-0.026343,0.695210,-0.010457,0.000349,0.016215,-0.007590,0.035548,1.311118,3.007590,1.346667,3.000000,0,0.373754
29460.555568,0.947019,-0.007467,-0.235380,-0.031832,0.697951,0.024875,0.000558,0.004183,-0.006601,0.039032,1.334301,3.006601,1.373333,3.000000,0,0.399142
29460.575588,0.981609,-0.007887,-0.256826,-0.038767,0.701228,0.004067,0.000702,0.025429,-0.004732,0.039553,1.357114,3.004732,1.396667,3.000000,0,0.424541
29460.595570,1.013574,-0.010470,-0.326897,-0.047303,0.705260,0.005732,0.000511,0.017965,-0.003437,0.041344,1.381989,3.003437,1.423333,3.000000,0,0.450259
29460.615571,1.047024,-0.013353,-0.424445,-0.058062,0.709337,0.003683,0.000686,0.024530,-0.001681,0.042919,1.407081,3.001681,1.450000,3.000000,0,0.476755
29460.650165,1.078256,-0.016524,-0.535500,-0.071210,0.713549,-0.017122,0.001645,0.090560,-0.000144,0.044607,1.432060,3.000144,1.476667,3.000000,0,0.504167
29460.655680,1.108373,-0.020308,-0.669121,-0.086157,0.718051,0.023390,0.000878,-0.024352,0.001026,0.042238,1.461099,2.999245,1.503342,2.999989,0,0.533284
29460.675582,1.139139,-0.021925,-0.764422,-0.104706,0.721977,0.007141,0.001963,0.069879,0.006670,0.039035,1.490696,2.994785,1.530061,2.999096,0,0.564831
29460.695576,1.172311,-0.028806,-0.971179,-0.123309,0.724025,0.001440,0.001186,0.043398,0.009096,0.043486,1.519042,2.992458,1.563330,2.995973,0,0.596624
29460.715576,1.199228,-0.035532,-1.227833,-0.143408,0.727383,0.003175,0.004822,0.128921,0.010658,0.042839,1.548960,2.988767,1.593034,2.991268,0,0.627757
29460.751529,1.227293,-0.038034,-1.400913,-0.164431,0.731020,-0.018345,0.010971,0.406837,0.011673,0.046065,1.578119,2.984234,1.625639,2.983957,0,0.659432
29460.757470,1.252397,-0.038839,-1.501241,-0.185788,0.734901,0.022468,0.007322,0.119396,0.010880,0.046329,1.607085,2.979497,1.654508,2.975528,0,0.690826
29460.775581,1.281124,-0.037885,-1.536889,-0.206821,0.738851,0.015455,0.005329,0.137675,0.010158,0.046293,1.639175,2.971931,1.685925,2.964146,0,0.723779
29460.795574,1.314502,-0.050293,-1.902738,-0.225041,0.739817,0.006084,0.002606,0.084022,0.006815,0.047878,1.670404,2.965280,1.716512,2.950691,0,0.757920
29460.815577,1.340012,-0.060073,-2.316788,-0.241272,0.742175,0.006928,0.001181,0.028189,0.003518,0.047287,1.703238,2.955439,1.746131,2.935224,0,0.791747
29460.851638,1.366286,-0.066323,-2.697928,-0.254861,0.743982,-0.010004,0.000856,0.177369,0.001015,0.047457,1.734438,2.943032,1.774651,2.917812,0,0.826201
29460.857357,1.391482,-0.069408,-2.995877,-0.264958,0.745441,0.023439,0.001448,-0.124066,-0.001967,0.046769,1.765854,2.928346,1.801944,2.898534,0,0.861175
29460.875575,1.420181,-0.069109,-3.203761,-0.271428,0.745781,0.006453,0.001010,0.005757,-0.004152,0.050560,1.795201,2.911803,1.830405,2.875276,0,0.895976
29460.895575,1.443060,-0.069523,-3.381845,-0.274837,0.746773,0.007990,0.000812,-0.002736,-0.006411,0.048632,1.825009,2.891391,1.854733,2.852370,0,0.931180
29460.915572,1.468827,-0.068491,-3.533377,-0.274879,0.746857,0.006173,0.000565,-0.007216,-0.009159,0.051214,1.853288,2.870207,1.879660,2.825359,0,0.966984
29460.951992,1.492513,-0.066154,-3.636838,-0.271982,0.747392,-0.008538,-0.001678,0.015832,-0.010860,0.052680,1.880029,2.845443,1.902535,2.796590,0,1.003418
29460.957525,1.515206,-0.062878,-3.696671,-0.266366,0.747946,0.014474,0.001806,-0.032018,-0.012021,0.054163,1.904572,2.818465,1.923235,2.766218,0,1.039711
29460.975577,1.534559,-0.059889,-3.729905,-0.258618,0.749206,0.004178,0.000076,-0.023594,-0.014134,0.050710,1.928438,2.788696,1.940071,2.737355,0,1.076725
29460.995574,1.554659,-0.055448,-3.716030,-0.249236,0.750305,-0.000027,-0.000500,-0.020779,-0.014988,0.057280,1.948329,2.759797,1.957674,2.701331,0,1.113183
29461.015578,1.572374,-0.051072,-3.659809,-0.237797,0.752437,0.007109,0.000294,-0.034734,-0.021509,0.052679,1.972378,2.727167,1.970100,2.670312,0,1.149740
29461.051126,1.597627,-0.045838,-3.585141,-0.224681,0.752252,-0.014012,-0.002134,-0.097059,-0.022510,0.059336,1.986952,2.698532,1.981341,2.635318,0,1.185023
29461.056978,1.615359,-0.041551,-3.474035,-0.208827,0.752883,0.005297,-0.000958,0.035693,-0.016772,0.066612,1.993149,2.668211,1.989981,2.599593,0,1.216052
29461.075575,1.626371,-0.040084,-3.375283,-0.190898,0.753559,0.020610,0.001089,-0.078499,-0.022012,0.052811,2.009489,2.625325,1.995082,2.569954,0,1.254233
29461.095575,1.665735,-0.031358,-3.223716,-0.162814,0.746934,0.010295,-0.000483,-0.089951,-0.025116,0.051470,2.021071,2.582948,1.999096,2.530061,0,1.299017
29461.115575,1.696434,-0.022543,-2.965923,-0.133272,0.739864,0.007148,-0.001113,-0.096454,-0.028524,0.054444,2.028524,2.541111,2.000000,2.486667,0,1.342724
29461.150891,1.724225,-0.014342,-2.628565,-0.103660,0.733379,-0.010438,0.000014,-0.311379,-0.031006,0.058001,2.031006,2.501334,2.000000,2.443333,0,1.385643
29461.157649,1.749603,-0.007158,-2.227423,-0.074608,0.728132,0.017588,-0.005488,0.127006,-0.036321,0.049266,2.036321,2.449266,2.000000,2.400000,0,1.432755
29461.175586,1.774354,-0.007644,-1.884507,-0.049640,0.721252,-0.000259,-0.006247,-0.214234,-0.032045,0.064491,2.032045,2.417824,2.000000,2.353333,0,1.476163
29461.195573,1.792528,-0.003036,-1.588063,-0.026165,0.719896,0.000612,-0.003262,-0.157287,-0.030134,0.066985,2.030134,2.376985,2.000000,2.310000,0,1.514466
29461.215577,1.813391,0.005098,-1.147775,-0.006169,0.718219,0.001545,-0.001278,-0.065308,-0.029994,0.064573,2.029994,2.334573,2.000000,2.270000,0,1.557126
29461.250594,1.834704,0.010726,-0.665090,0.009145,0.715768,-0.013063,0.001749,-0.226424,-0.027960,0.064892,2.027960,2.291559,2.000000,2.226667,0,1.601203
29461.256241,1.855308,0.012054,-0.279606,0.020639,0.712882,0.014778,-0.003649,0.122628,-0.021936,0.065325,2.021936,2.248658,2.000000,2.183333,0,1.645320
29461.275588,1.875399,0.009509,-0.039746,0.030898,0.709564,0.001935,-0.001472,-0.063492,-0.017542,0.065282,2.017542,2.205282,2.000000,2.140000,0,1.689513
29461.295573,1.894947,0.010461,0.180216,0.038511,0.705762,0.001262,-0.000512,-0.024631,-0.013480,0.064765,2.013480,2.161432,2.000000,2.096667,0,1.734542
29461.315576,1.913819,0.011275,0.398748,0.044204,0.701552,0.001216,-0.000390,-0.018294,-0.009821,0.066738,2.009821,2.116738,2.000000,2.050000,0,1.779862
29461.350725,1.932099,0.010617,0.563167,0.047013,0.696848,-0.011056,0.001381,-0.060445,-0.005615,0.064409,2.005615,2.071076,2.000000,2.006667,0,1.825976
29461.356386,1.949919,0.009255,0.678616,0.045562,0.691603,0.012985,-0.001208,0.047345,-0.002904,0.064368,2.002904,2.024368,2.000000,1.960000,0,1.873401
29461.375573,1.967462,0.007380,0.745931,0.038721,0.686057,0.002049,0.000422,0.026858,-0.000789,0.067606,2.000789,1.977606,2.000000,1.910000,0,1.920911
29461.395580,1.984493,0.004038,0.739615,0.027104,0.680307,0.001364,0.000702,0.038854,0.000799,0.067087,1.999201,1.930420,2.000000,1.863333,0,1.968766
29461.415580,2.001066,-0.000153,0.647729,0.010693,0.673795,0.001380,0.001023,0.055885,0.003177,0.065952,1.996823,1.882619,2.000000,1.816667,0,2.017048
29461.450794,2.017128,-0.004671,0.475743,-0.008438,0.665998,-0.008567,-0.000178,0.202947,0.005063,0.065903,1.994937,1.832570,2.000000,1.766667,0,2.066856
29461.456211,2.033002,-0.009070,0.229917,-0.032013,0.657367,0.012006,0.003729,-0.070351,0.005085,0.065540,1.994915,1.782206,2.000000,1.716667,0,2.118369
29461.475551,2.048477,-0.008658,0.031711,-0.061989,0.648773,0.002817,0.003137,0.155381,0.003188,0.066011,1.996812,1.732678,2.000000,1.666667,0,2.168845
29461.495550,2.062037,-0.016270,-0.332260,-0.097122,0.641638,0.003562,0.007626,0.239991,0.002914,0.065978,1.997086,1.682645,2.000000,1.616667,0,2.218914
29461.515555,2.074496,-0.017840,-0.726157,-0.135141,0.635894,0.006482,0.015219,0.477275,0.003696,0.065379,1.996304,1.632046,2.000000,1.566667,0,2.270075
29461.557718,2.086909,-0.013067,-0.946685,-0.174683,0.631265,0.006145,0.016776,1.223954,0.004603,0.067489,1.995397,1.580823,2.000000,1.513333,0,2.321760
29461.564501,2.098890,-0.008116,-1.063178,-0.214683,0.624492,0.018654,0.017164,0.273091,0.002247,0.042748,1.999548,1.506067,1.998649,1.463270,0,2.382789
29461.575582,2.116573,-0.002051,-1.093905,-0.254683,0.614492,0.005449,0.005192,0.153809,0.014970,0.071901,1.989797,1.477122,1.990636,1.403684,0,2.436139
29461.595581,2.118059,-0.015614,-1.439358,-0.281968,0.604492,0.003034,0.000376,0.011464,0.016372,0.072548,1.983409,1.426003,1.977551,1.351862,0,2.479189
29461.615584,2.112069,-0.030922,-2.272206,-0.295987,0.594492,0.002185,0.000247,0.004802,0.014281,0.063214,1.973570,1.374898,1.962893,1.310976,0,2.529352
29461.650521,2.104569,-0.028152,-2.916026,-0.300000,0.584492,0.009198,-0.009765,0.217317,0.011392,0.061322,1.960334,1.325098,1.941648,1.265592,0,2.580007
29461.656033,2.095310,-0.017515,-3.357746,-0.300000,0.574492,-0.007746,0.009699,-0.189426,0.007523,0.064395,1.943961,1.277336,1.914103,1.219788,0,2.629957
29461.675581,2.084473,-0.004246,-3.637226,-0.300000,0.567659,-0.000676,0.000130,-0.007846,0.002186,0.063163,1.924550,1.232483,1.886107,1.182319,0,2.678295
29461.695572,2.071462,0.008674,-3.803140,-0.294652,0.563554,-0.001080,-0.000287,-0.007268,-0.001748,0.065740,1.900242,1.190356,1.852370,1.145267,0,2.725629
29461.715575,2.057203,0.019842,-3.889109,-0.283403,0.560945,-0.001414,-0.000407,-0.010208,-0.006115,0.067216,1.873471,1.151877,1.817681,1.113893,0,2.771602
29461.750816,2.042803,0.028685,-3.916010,-0.267000,0.560306,0.008250,-0.002910,-0.046844,-0.010985,0.069326,1.843784,1.115652,1.780212,1.085897,0,2.815229
29461.756235,2.029751,0.035185,-3.893574,-0.248350,0.561447,-0.008947,0.001596,0.023367,-0.015734,0.067240,1.809619,1.082101,1.743216,1.063141,0,2.858263
29461.775563,2.018010,0.038552,-3.847425,-0.229985,0.563659,-0.002061,-0.000943,-0.033532,-0.022756,0.068713,1.776397,1.051001,1.704386,1.043682,0,2.900731
29461.795557,2.007669,0.040534,-3.756292,-0.210355,0.566142,-0.000644,-0.000609,-0.028961,-0.027329,0.069693,1.738814,1.024710,1.664012,1.027665,0,2.942375
29461.815565,2.000602,0.041076,-3.608636,-0.191177,0.568596,-0.000630,-0.000686,-0.032769,-0.033025,0.074018,1.705581,1.002676,1.625639,1.016043,0,2.981081
29461.852060,1.995735,0.039397,-3.422786,-0.174825,0.572395,0.001355,0.005851,-0.179527,-0.038750,0.069583,1.661693,0.981398,1.586458,1.007532,0,3.020607
29461.857748,1.993518,0.035791,-3.210622,-0.160402,0.575658,-0.001278,-0.007966,0.129227,-0.052587,0.062250,1.613613,0.955648,1.546721,1.002188,0,3.066042
29461.875595,1.992164,0.027282,-2.999840,-0.151789,0.579027,-0.000936,-0.000843,-0.058010,-0.056488,0.073065,1.576783,0.944013,1.503342,1.000011,0,3.108321
29461.895581,1.992493,0.022834,-2.850456,-0.148788,0.585849,-0.000355,-0.000438,-0.024380,-0.072213,0.072382,1.532382,0.927787,1.460000,1.000000,0,3.149289
29461.915577,1.994522,0.017544,-2.685752,-0.147761,0.592660,-0.000058,-0.000023,-0.002342,-0.084405,0.070190,1.490190,0.915595,1.420000,1.000000,0,3.193074
29461.950473,1.997625,0.012191,-2.558990,-0.145808,0.598835,-0.002777,0.002740,-0.040206,-0.094771,0.067557,1.444224,0.905229,1.376667,1.000000,0,3.237954
29461.955807,2.001814,0.007622,-2.479243,-0.142961,0.603671,0.003640,-0.002558,0.024518,-0.102901,0.064545,1.394545,0.897099,1.330000,1.000000,0,3.286339
29461.975587,2.006676,0.004277,-2.434283,-0.139826,0.606689,0.000297,-0.000240,-0.013808,-0.107354,0.065107,1.348440,0.892646,1.283333,1.000000,0,3.334269
29461.995577,2.012037,0.002979,-2.392195,-0.134893,0.608565,0.000208,-0.000219,-0.013063,-0.110146,0.070337,1.303670,0.889854,1.233333,1.000000,0,3.379753
29462.015576,2.017824,0.002890,-2.338771,-0.131079,0.610416,0.000014,-0.000206,-0.011238,-0.109799,0.067097,1.257097,0.890201,1.190000,1.000000,0,3.425209
29462.052150,2.023709,0.002984,-2.282514,-0.131488,0.612453,-0.004462,0.000650,-0.017708,-0.107232,0.065687,1.209021,0.892768,1.143333,1.000000,0,3.471686
29462.058201,2.029845,0.002505,-2.240872,-0.135408,0.614212,0.005514,-0.000184,0.024036,-0.101705,0.054789,1.151456,0.898295,1.096667,1.000000,0,3.522609
29462.075573,2.037029,0.001696,-2.217219,-0.144072,0.614173,0.000369,0.001680,0.048636,-0.097843,0.067288,1.113955,0.902157,1.046667,1.000000,0,3.568749
29462.095575,2.041501,0.000667,-2.229701,-0.154998,0.616841,0.000799,0.000982,0.046964,-0.089617,0.067657,1.067657,0.910383,1.000000,1.000000,0,3.608475
29462.115581,2.046245,-0.002251,-2.312268,-0.167260,0.619093,0.000788,0.000656,0.028553,-0.077148,0.062912,1.016466,0.919667,0.959938,1.001608,0,3.652695
29462.150917,2.050137,-0.004435,-2.454144,-0.183920,0.620811,-0.000439,-0.001149,0.144842,-0.066678,0.063047,0.967914,0.930729,0.916835,1.006965,0,3.698177
29462.156761,2.052981,-0.005319,-2.622152,-0.199297,0.622654,0.001887,0.002646,-0.076418,-0.055612,0.068256,0.922745,0.945568,0.871129,1.016893,0,3.741761
29462.175575,2.054987,-0.003459,-2.768323,-0.214273,0.624402,0.000940,0.000989,0.028896,-0.047431,0.070863,0.880157,0.961168,0.829688,1.029900,0,3.784011
29462.195574,2.055077,-0.002922,-2.941975,-0.227070,0.626033,0.001059,0.000517,0.018913,-0.044015,0.066319,0.831162,0.978613,0.789533,1.046455,0,3.829084
29462.215571,2.054111,-0.001125,-3.120427,-0.239471,0.627293,0.000860,0.000433,0.016415,-0.039438,0.064780,0.787496,0.999968,0.750965,1.066431,0,3.875837
29462.250883,2.051751,0.001993,-3.277257,-0.248791,0.628641,0.004344,-0.003347,0.085702,-0.041627,0.062891,0.738895,1.021315,0.711541,1.091599,0,3.921579
29462.256307,2.048539,0.005928,-3.409985,-0.257303,0.629796,-0.002868,0.003681,-0.060916,-0.037484,0.067836,0.701759,1.047736,0.674641,1.120340,0,3.965847
29462.275571,2.044282,0.010524,-3.506638,-0.257863,0.629957,0.000456,0.000413,0.006220,-0.035852,0.066176,0.663637,1.077653,0.642920,1.150009,0,4.009246
29462.295570,2.039437,0.014727,-3.576934,-0.255486,0.630080,0.000338,0.000030,-0.002617,-0.040433,0.063427,0.622969,1.107650,0.613893,1.182319,0,4.054261
29462.315571,2.034243,0.018554,-3.624912,-0.251375,0.630337,0.000130,-0.000043,-0.004303,-0.039552,0.064490,0.589281,1.144211,0.585897,1.219788,0,4.099401
29462.350922,2.029025,0.021974,-3.644270,-0.244087,0.629523,0.003899,-0.001132,-0.022509,-0.045164,0.060952,0.553330,1.181560,0.563141,1.256784,0,4.144779
29462.356996,2.024211,0.024762,-3.637503,-0.234166,0.627678,-0.003501,0.000440,0.004452,-0.057980,0.065625,0.515679,1.215254,0.542326,1.298669,0,4.188279
29462.375576,2.019464,0.026198,-3.618717,-0.221487,0.626138,-0.000857,-0.000506,-0.019319,-0.058651,0.067955,0.492908,1.255937,0.526580,1.339148,0,4.229626
29462.395575,2.015772,0.027889,-3.560020,-0.203857,0.623481,-0.000568,-0.000613,-0.028169,-0.055651,0.065931,0.477396,1.300049,0.515214,1.377598,0,4.271689
29462.415572,2.013653,0.029265,-3.453508,-0.182039,0.619122,-0.000599,-0.000847,-0.041377,-0.061355,0.069932,0.457023,1.341298,0.506420,1.420133,0,4.313068
29462.451791,2.013304,0.030192,-3.293433,-0.157193,0.616413,-0.003676,0.000310,-0.285829,-0.052860,0.066308,0.454230,1.389608,0.501608,1.459938,0,4.356018
29462.457072,2.013866,0.027937,-3.130706,-0.128017,0.611413,-0.000392,-0.008246,-0.017063,-0.057333,0.066647,0.442667,1.436686,0.500000,1.503333,0,4.402635
29462.475577,2.014797,0.022725,-3.024252,-0.098837,0.607301,-0.000964,-0.002771,-0.119577,-0.058966,0.067512,0.441034,1.482488,0.500000,1.550000,0,4.449454
29462.495576,2.020121,0.031118,-2.601982,-0.070137,0.603683,-0.000454,-0.001771,-0.093844,-0.059851,0.061205,0.440149,1.535462,0.500000,1.596667,0,4.498922
29462.515582,2.027369,0.034412,-2.051990,-0.049191,0.598192,0.000363,-0.001264,-0.071381,-0.059370,0.063436,0.440630,1.583231,0.500000,1.646667,0,4.549782
29462.551978,2.035970,0.030947,-1.530681,-0.027015,0.593909,-0.007153,0.007085,-0.324488,-0.067756,0.056713,0.432244,1.639953,0.500000,1.696667,0,4.602269
29462.557918,2.044881,0.026029,-1.056496,-0.015785,0.588542,0.006341,-0.007639,0.171705,-0.063947,0.057084,0.436053,1.692916,0.500000,1.750000,0,4.657800
29462.575567,2.053819,0.017793,-0.733650,-0.009268,0.584014,0.001495,-0.002551,-0.046858,-0.059502,0.062769,0.440498,1.743898,0.500000,1.806667,0,4.710585
29462.595592,2.062937,0.012593,-0.501536,-0.003009,0.580047,0.000259,-0.000776,-0.043047,-0.053977,0.071807,0.446023,1.788193,0.500000,1.860000,0,4.759365
29462.615578,2.071601,0.010150,-0.306334,0.003293,0.577903,0.000520,-0.000452,-0.023788,-0.051664,0.064628,0.448336,1.842039,0.500000,1.906667,0,4.809007
29462.659127,2.080303,0.008503,-0.137420,0.005822,0.574515,-0.008649,0.002345,-0.090452,-0.050209,0.063946,0.449791,1.892721,0.500000,1.956667,0,4.861289
29462.668692,2.088706,0.006056,-0.026491,0.003879,0.572303,0.009471,-0.002453,0.034712,-0.048720,0.039123,0.451280,1.970877,0.500000,2.010000,0,4.924400
29462.675584,2.101854,0.002389,0.040381,-0.005010,0.566079,0.000969,0.001217,0.029746,-0.043979,0.077100,0.456021,1.996234,0.500000,2.073333,0,4.977839
29462.695587,2.105281,0.001867,0.048087,-0.011975,0.565946,0.000432,0.000423,0.027011,-0.039919,0.079364,0.460081,2.047303,0.500000,2.126667,0,5.018671
29462.715568,2.112699,-0.002698,-0.045053,-0.020067,0.562781,0.000488,0.000447,0.025524,-0.040952,0.068520,0.459048,2.098147,0.500000,2.166667,0,5.068284
29462.748324,2.119795,-0.005121,-0.171258,-0.033349,0.558962,-0.003298,-0.000401,0.121904,-0.038231,0.067195,0.461769,2.149471,0.500000,2.216667,0,5.119355
29462.755576,2.126434,-0.007334,-0.337973,-0.048611,0.554236,0.004452,0.003296,-0.023732,-0.035508,0.067008,0.464492,2.199659,0.500000,2.266667,0,5.171064
29462.775573,2.132789,-0.006348,-0.470748,-0.068076,0.549527,0.000881,0.001101,0.064938,-0.036518,0.068347,0.463482,2.251653,0.500000,2.320000,0,5.222250
29462.795574,2.137820,-0.011436,-0.752219,-0.091646,0.545418,0.001027,0.001408,0.074277,-0.034332,0.065968,0.465668,2.304032,0.500000,2.370000,0,5.273909
29462.815569,2.141638,-0.014292,-1.081584,-0.119980,0.543007,0.000932,0.001378,0.074317,-0.027419,0.073519,0.472581,2.349814,0.500000,2.423333,0,5.322845
29462.848232,2.143501,-0.016434,-1.462680,-0.144608,0.541027,0.001661,-0.002723,0.244738,-0.029738,0.060772,0.470262,2.409228,0.500000,2.470000,0,5.374076
29462.855567,2.144017,-0.016345,-1.850808,-0.181070,0.539657,0.001006,0.006962,-0.093146,-0.014930,0.067937,0.482456,2.456222,0.500547,2.523386,0,5.426947
29462.875570,2.143500,-0.011253,-2.138690,-0.208028,0.538007,0.001630,0.000997,0.049957,-0.011746,0.070123,0.483552,2.509069,0.505897,2.576566,0,5.476278
29462.895571,2.138565,-0.012307,-2.538223,-0.233261,0.535688,0.001593,0.000721,0.030261,-0.025236,0.062707,0.475394,2.567781,0.515214,2.622402,0,5.526296
29462.915574,2.131384,-0.008971,-2.897811,-0.259283,0.534300,0.001533,0.000609,0.024379,-0.021744,0.061389,0.488546,2.620000,0.529900,2.670312,0,5.576412
29462.948227,2.121644,-0.003068,-3.196601,-0.277061,0.530661,0.009798,-0.005073,0.121239,-0.023496,0.062901,0.500893,2.669988,0.549309,2.716512,0,5.625191
29462.955569,2.109561,0.004274,-3.432326,-0.286856,0.526781,-0.007826,0.005603,-0.089038,-0.030211,0.064931,0.513625,2.720859,0.573244,2.760537,0,5.671839
29462.975578,2.096359,0.012627,-3.594585,-0.294294,0.524396,0.000686,0.000151,0.003487,-0.026737,0.062149,0.540838,2.765491,0.599456,2.799274,0,5.718658
29462.995574,2.081078,0.019939,-3.710106,-0.296183,0.521288,0.000362,0.000039,-0.000301,-0.032959,0.062901,0.562537,2.810850,0.629174,2.835392,0,5.764810
29463.015568,2.064816,0.026124,-3.783894,-0.294564,0.520142,0.000293,0.000053,-0.000966,-0.033399,0.060499,0.594971,2.852315,0.662136,2.868576,0,5.811256
29463.048129,2.048344,0.030891,-3.823261,-0.290758,0.519080,0.010228,-0.000950,-0.002768,-0.044415,0.064076,0.620161,2.895241,0.698056,2.898534,0,5.855744
29463.055570,2.031602,0.033809,-3.839412,-0.282996,0.520001,-0.010698,0.000261,-0.004097,-0.054029,0.064529,0.650393,2.934612,0.733782,2.923235,0,5.897047
29463.075573,2.015023,0.034879,-3.840894,-0.272110,0.521973,-0.000412,-0.000198,-0.008291,-0.057251,0.061340,0.690795,2.967635,0.771517,2.944742,0,5.939872
29463.095575,2.000149,0.034999,-3.817942,-0.257883,0.523284,-0.000866,-0.000368,-0.012645,-0.063072,0.060788,0.727531,2.996493,0.807887,2.961619,0,5.981817
29463.115569,1.986494,0.033958,-3.774765,-0.238896,0.524659,-0.000723,-0.000449,-0.019068,-0.065116,0.058888,0.772840,3.020790,0.848673,2.976550,0,6.024404
29463.148169,1.975223,0.032456,-3.701333,-0.216600,0.525719,0.003878,0.002085,-0.102632,-0.069371,0.062420,0.814517,3.041918,0.890602,2.987885,0,6.067770
29463.155572,1.966259,0.030792,-3.585291,-0.190510,0.526792,-0.005475,-0.004725,0.027665,-0.071809,0.062873,0.861474,3.058327,0.933357,2.995539,0,6.110379
29463.175573,1.958922,0.026861,-3.468885,-0.162746,0.527305,-0.000928,-0.001249,-0.062613,-0.075616,0.067289,0.905862,3.071839,0.976614,2.999453,0,6.153532
29463.195573,1.955998,0.027995,-3.203798,-0.134849,0.528587,-0.000518,-0.001255,-0.065840,-0.081485,0.062255,0.951078,3.081485,1.013333,3.000000,1,6.199258
29463.215569,1.955960,0.027802,-2.854414,-0.109173,0.531063,-0.000528,-0.001277,-0.067064,-0.088266,0.067187,0.992813,3.088266,1.060000,3.000000,1,6.245530
29463.248199,1.958038,0.025682,-2.452740,-0.088479,0.534210,-0.002914,0.004853,-0.246174,-0.093310,0.068255,1.038412,3.093310,1.106667,3.000000,1,6.289692
29463.255570,1.962062,0.021771,-2.045224,-0.073650,0.536600,0.002604,-0.007536,0.116272,-0.095386,0.066718,1.083282,3.095386,1.150000,3.000000,1,6.334695
29463.275570,1.966627,0.013857,-1.753205,-0.064697,0.538952,-0.000275,-0.000561,-0.032402,-0.095916,0.066917,1.126416,3.095916,1.193333,3.000000,1,6.379415
29463.295574,1.972398,0.011191,-1.449484,-0.062393,0.541225,-0.000007,-0.000107,-0.006556,-0.094670,0.067222,1.172778,3.094670,1.240000,3.000000,1,6.423886
29463.315572,1.978641,0.006737,-1.245374,-0.066285,0.542812,-0.000002,0.000243,0.012097,-0.092548,0.067285,1.216049,3.092548,1.283333,3.000000,1,6.468816
29463.348311,1.984811,0.001616,-1.156712,-0.074683,0.544342,-0.003547,0.001621,0.046914,-0.087620,0.067914,1.262086,3.087620,1.330000,3.000000,1,6.513483
29463.355585,1.990961,-0.003267,-1.172208,-0.086019,0.545456,0.004190,0.000684,0.009360,-0.082055,0.064328,1.309005,3.082055,1.373333,3.000000,1,6.559152
29463.375576,1.997085,-0.005262,-1.215650,-0.101069,0.546601,0.000562,0.001492,0.074327,-0.076194,0.066478,1.353522,3.076194,1.420000,3.000000,1,6.604521
29463.395571,2.002204,-0.010061,-1.363454,-0.119169,0.547886,0.000586,0.001105,0.052610,-0.069733,0.064310,1.399024,3.069733,1.463333,3.000000,1,6.648668
29463.415573,2.006357,-0.014194,-1.600359,-0.139199,0.549394,0.000618,0.001329,0.060123,-0.061192,0.066985,1.444281,3.062423,1.510026,2.999899,1,6.692169
29463.453651,2.009360,-0.016399,-1.861988,-0.162431,0.551289,-0.000156,-0.002037,0.257532,-0.047682,0.069404,1.489455,3.051961,1.553372,2.997143,1,6.734901
29463.459532,2.011058,-0.017920,-2.151040,-0.184116,0.553061,0.001809,0.004584,-0.153287,-0.035276,0.057330,1.543269,3.036595,1.593034,2.991268,1,6.781972
29463.475569,2.012556,-0.014791,-2.420081,-0.204167,0.552016,0.001811,0.002376,0.081664,-0.028112,0.071587,1.581059,3.026741,1.641741,2.979489,1,6.827112
29463.495572,2.012123,-0.014469,-2.602128,-0.221005,0.554095,0.001107,0.000575,0.024242,-0.024179,0.069522,1.626952,3.013303,1.682819,2.965379,1,6.868552
29463.515579,2.009106,-0.015023,-2.889646,-0.232325,0.555379,0.000872,0.000374,0.014584,-0.017593,0.067566,1.669840,2.993581,1.722517,2.947757,1,6.913947
29463.550082,2.005065,-0.012229,-3.126865,-0.237056,0.554470,0.004574,-0.003829,0.092704,-0.012876,0.064230,1.712425,2.971214,1.760537,2.926756,1,6.960524
29463.555553,2.000144,-0.007555,-3.302087,-0.241435,0.554638,-0.003643,0.004122,-0.073367,-0.011890,0.065044,1.754285,2.949000,1.799274,2.900544,1,7.006372
29463.575574,1.994862,-0.002171,-3.416191,-0.243149,0.555971,0.000499,0.000168,0.005759,-0.009047,0.065767,1.792684,2.921651,1.835392,2.870826,1,7.051406
29463.595577,1.988932,0.002344,-3.493868,-0.241400,0.556546,0.000241,-0.000024,-0.002788,-0.009107,0.063334,1.829874,2.892918,1.866309,2.840320,1,7.096826
29463.615570,1.982726,0.006156,-3.541026,-0.236830,0.557402,0.000138,-0.000116,-0.006588,-0.007759,0.063028,1.864263,2.859311,1.896507,2.804602,1,7.142866
29463.650059,1.976732,0.009363,-3.555479,-0.228460,0.556891,0.003921,-0.000844,-0.032609,-0.006179,0.065939,1.893357,2.825323,1.923235,2.766218,1,7.187653
29463.656032,1.971114,0.011983,-3.535472,-0.219212,0.557706,-0.003897,-0.000004,0.011078,-0.006837,0.063802,1.921668,2.788358,1.944742,2.728483,1,7.232123
29463.675572,1.965853,0.012955,-3.504221,-0.206369,0.556792,-0.000873,-0.000766,-0.032326,-0.004952,0.066426,1.944042,2.749429,1.964146,2.685925,1,7.277026
29463.695575,1.961635,0.014436,-3.430643,-0.194404,0.556886,-0.000189,-0.000517,-0.024466,-0.007280,0.065802,1.966423,2.710030,1.978531,2.644942,1,7.320514
29463.715574,1.959146,0.015370,-3.313100,-0.178673,0.555735,-0.000708,-0.000751,-0.033309,-0.006319,0.065109,1.982093,2.667882,1.989304,2.602866,1,7.363359
29463.749811,1.957534,0.015453,-3.162551,-0.166033,0.555363,-0.000327,0.002386,-0.129419,-0.014385,0.064613,2.002911,2.625885,1.996385,2.560013,1,7.406739
29463.755644,1.957643,0.014612,-2.987134,-0.153563,0.555044,-0.000049,-0.003854,0.071925,-0.020957,0.064398,2.018514,2.581770,1.999721,2.516707,1,7.450695
29463.775573,1.958020,0.011107,-2.843785,-0.142268,0.554744,-0.000862,-0.001115,-0.052261,-0.029109,0.064999,2.029109,2.538332,2.000000,2.473333,1,7.495592
29463.795578,1.959658,0.009930,-2.670468,-0.130959,0.555037,0.000044,-0.000506,-0.027934,-0.043251,0.066242,2.043251,2.492909,2.000000,2.426667,1,7.540958
29463.815571,1.963134,0.009127,-2.466656,-0.118091,0.554257,-0.000597,-0.000834,-0.038772,-0.049315,0.064731,2.049315,2.448064,2.000000,2.383333,1,7.586621
29463.849376,1.966814,0.007722,-2.269294,-0.106233,0.554041,-0.003168,0.001986,-0.134156,-0.057649,0.065686,2.057649,2.402352,2.000000,2.336667,1,7.632926
29463.855565,1.972067,0.006776,-2.066405,-0.090252,0.553008,0.003471,-0.004187,0.049500,-0.061822,0.065849,2.061822,2.355849,2.000000,2.290000,1,7.679909
29463.875574,1.977394,0.003850,-1.919710,-0.071708,0.551810,-0.000119,-0.001197,-0.068425,-0.062713,0.066033,2.062713,2.309367,2.000000,2.243333,1,7.726692
29463.895572,1.983960,0.007626,-1.649859,-0.052756,0.550069,-0.000140,-0.001074,-0.058269,-0.063323,0.065997,2.063323,2.262664,2.000000,2.196667,1,7.773556
29463.915571,1.990848,0.010165,-1.336475,-0.037659,0.548642,0.000016,-0.000849,-0.046471,-0.061425,0.065205,2.061425,2.215205,2.000000,2.150000,1,7.821314
29463.949522,1.998048,0.010820,-1.030782,-0.025396,0.546917,-0.004786,0.002141,-0.161332,-0.060546,0.064753,2.060546,2.168087,2.000000,2.103333,1,7.868823
29463.955571,2.005463,0.010211,-0.760112,-0.015457,0.545475,0.005124,-0.003789,0.081198,-0.056789,0.066713,2.056789,2.120047,2.000000,2.053333,1,7.916827
29463.975577,2.012770,0.007062,-0.582889,-0.009166,0.544443,0.000271,-0.000855,-0.046985,-0.053213,0.064593,2.053213,2.071259,2.000000,2.006667,1,7.965511
29463.995571,2.020154,0.006987,-0.409427,-0.005792,0.543132,0.000330,-0.000185,-0.010608,-0.052270,0.066361,2.052270,2.023027,2.000000,1.956667,1,8.014334
29464.015573,2.027443,0.006256,-0.256358,-0.006059,0.542403,0.000322,0.000026,0.000899,-0.046188,0.064077,2.046188,1.974077,2.000000,1.910000,1,8.063278
29464.050637,2.034595,0.004123,-0.170014,-0.009614,0.540623,-0.004526,0.001191,0.011712,-0.043425,0.064838,2.043425,1.924838,2.000000,1.860000,1,8.112914
29464.056364,2.041610,0.001478,-0.148464,-0.015998,0.537877,0.004851,-0.000048,0.013538,-0.036509,0.070643,2.036509,1.880643,2.000000,1.810000,1,8.160981
29464.075575,2.048271,0.000023,-0.154149,-0.024431,0.535101,0.000985,0.000898,0.046349,-0.038109,0.063009,2.038109,1.826342,2.000000,1.763333,1,8.210309
29464.095578,2.054947,-0.003343,-0.232758,-0.041324,0.531347,0.000600,0.000969,0.052932,-0.033598,0.063697,2.033598,1.777030,2.000000,1.713333,1,8.261661
29464.115575,2.060785,-0.007807,-0.415541,-0.060159,0.527236,0.000741,0.001066,0.057517,-0.028880,0.067200,2.028880,1.727200,2.000000,1.660000,1,8.311439
29464.150782,2.065879,-0.011550,-0.665283,-0.081226,0.523107,-0.001775,-0.001170,0.230047,-0.022999,0.063661,2.022999,1.676995,2.000000,1.613333,1,8.361513
29464.157502,2.069966,-0.014358,-0.958467,-0.106465,0.520457,0.003139,0.004857,-0.069270,-0.020148,0.064724,2.020148,1.628057,2.000000,1.563333,1,8.411125
29464.175582,2.073587,-0.012542,-1.187961,-0.136766,0.519808,0.001907,0.002621,0.093582,-0.015392,0.064559,2.015392,1.577892,2.000000,1.513333,1,8.460407
29464.195572,2.074929,-0.017704,-1.549127,-0.165175,0.519079,0.001417,0.001408,0.065622,-0.002869,0.065379,2.006313,1.528261,1.998649,1.463270,1,8.510199
29464.215578,2.073773,-0.020935,-1.990583,-0.191079,0.518726,0.001302,0.001167,0.052670,0.004762,0.065852,1.999165,1.479225,1.992468,1.413542,1,8.560033
29464.251786,2.070631,-0.020132,-2.396591,-0.215658,0.519063,0.006364,-0.004747,0.256597,0.008975,0.065285,1.990369,1.429959,1.981341,1.364682,1,8.609801
29464.257176,2.065476,-0.016938,-2.750318,-0.239150,0.518729,-0.003705,0.005818,-0.159478,0.009779,0.065790,1.980332,1.381991,1.965379,1.317181,1,8.658925
29464.275577,2.059416,-0.010788,-3.013717,-0.257704,0.517952,0.000908,0.001346,0.020038,0.008995,0.067603,1.967633,1.335759,1.944742,1.271517,1,8.706381
29464.295581,2.050570,-0.006322,-3.252053,-0.270461,0.516766,0.000815,0.000314,0.010985,0.012577,0.065971,1.946343,1.293333,1.921446,1.230959,1,8.753634
29464.315575,2.039421,-0.001369,-3.458106,-0.277648,0.515674,0.000695,0.000164,0.004504,0.010007,0.063051,1.925312,1.248646,1.894462,1.192755,1,8.801578
29464.351540,2.027274,0.004301,-3.610520,-0.279625,0.514741,0.011155,-0.003872,0.051938,0.003369,0.061499,1.903732,1.204323,1.864026,1.157239,1,8.848521
29464.357297,2.014347,0.009867,-3.714037,-0.277625,0.514956,-0.009626,0.003220,-0.042963,0.002279,0.063914,1.874647,1.166158,1.827889,1.122523,1,8.894432
29464.375588,2.000905,0.014626,-3.777446,-0.270494,0.515042,-0.001351,0.000066,-0.008868,-0.002814,0.061007,1.844903,1.129074,1.793893,1.095492,1,8.940482
29464.395573,1.987838,0.018494,-3.802632,-0.260478,0.516788,-0.000068,-0.000141,-0.008166,-0.007056,0.060995,1.810884,1.094812,1.754808,1.069799,1,8.985619
29464.415576,1.975926,0.021336,-3.790512,-0.250636,0.519552,-0.000420,-0.000284,-0.010887,-0.010402,0.063247,1.775127,1.065471,1.713494,1.047871,1,9.029809
29464.451662,1.964750,0.022610,-3.752458,-0.236235,0.521891,0.006755,0.001298,-0.073306,-0.016770,0.063067,1.738419,1.037199,1.673450,1.031049,1,9.073420
29464.457184,1.955187,0.022871,-3.685224,-0.220406,0.524915,-0.006749,-0.002291,0.033779,-0.022847,0.063235,1.699122,1.012436,1.632098,1.017765,1,9.116122
29464.475572,1.946447,0.021064,-3.614810,-0.200610,0.527066,-0.001446,-0.001259,-0.036472,-0.027911,0.062823,1.656561,0.991940,1.589748,1.008121,1,9.159074
29464.495577,1.940540,0.020914,-3.482008,-0.180738,0.529663,-0.000556,-0.000880,-0.040986,-0.035109,0.065361,1.615077,0.973340,1.546721,1.002188,1,9.201716
29464.515576,1.937310,0.020672,-3.283565,-0.160436,0.532342,-0.000480,-0.000981,-0.047405,-0.042913,0.069386,1.573013,0.957563,1.503342,1.000011,1,9.243816
29464.551691,1.936256,0.019405,-3.042460,-0.141215,0.535368,-0.001495,0.004450,-0.222543,-0.057243,0.065446,1.528779,0.942757,1.463333,1.000000,1,9.287227
29464.557333,1.937221,0.017292,-2.769298,-0.125960,0.538883,0.000737,-0.005874,0.116485,-0.067195,0.068998,1.488998,0.932805,1.420000,1.000000,1,9.330210
29464.575585,1.938791,0.011794,-2.547010,-0.113483,0.543412,-0.000492,-0.001595,-0.039296,-0.075814,0.065441,1.442108,0.924186,1.376667,1.000000,1,9.374032
29464.595576,1.942194,0.009910,-2.293744,-0.108179,0.547249,0.000067,-0.000295,-0.015906,-0.082111,0.061417,1.394750,0.917889,1.333333,1.000000,1,9.421096
29464.615571,1.947089,0.006956,-2.065150,-0.105372,0.550365,0.000304,-0.000137,-0.008509,-0.085875,0.063156,1.349822,0.914125,1.286667,1.000000,1,9.467879
29464.649280,1.952584,0.002957,-1.911879,-0.102071,0.552400,-0.003846,0.001725,-0.052208,-0.087741,0.066427,1.306427,0.912259,1.240000,1.000000,1,9.512623
29464.655912,1.958092,-0.000181,-1.811498,-0.102517,0.554640,0.003797,-0.001481,0.035983,-0.087362,0.066185,1.259518,0.912638,1.193333,1.000000,1,9.557239
29464.675558,1.963766,-0.002565,-1.752227,-0.108007,0.556618,0.000258,0.000325,0.016659,-0.087309,0.062867,1.212867,0.912691,1.150000,1.000000,1,9.603345
29464.695573,1.969324,-0.005238,-1.750776,-0.118389,0.558789,0.000353,0.000570,0.027677,-0.086067,0.060615,1.163949,0.913933,1.103333,1.000000,1,9.650744
29464.715575,1.974509,-0.008272,-1.817492,-0.133897,0.560941,0.000523,0.001061,0.047078,-0.083366,0.060652,1.117318,0.916634,1.056667,1.000000,1,9.697483
29464.749618,1.978913,-0.011200,-1.944190,-0.152089,0.563516,-0.001421,-0.000002,0.158581,-0.078386,0.058209,1.068209,0.921614,1.010000,1.000000,1,9.742751
29464.755688,1.982305,-0.014105,-2.134560,-0.172696,0.565791,0.002815,0.002623,-0.069901,-0.070409,0.060919,1.018852,0.926657,0.963270,1.001351,1,9.787426
29464.775574,1.985424,-0.013471,-2.300113,-0.194456,0.568130,0.001545,0.001961,0.085996,-0.061476,0.064458,0.973943,0.935438,0.920133,1.006420,1,9.829955
29464.795576,1.986391,-0.015728,-2.524360,-0.213399,0.570376,0.000917,0.000770,0.032187,-0.055315,0.065998,0.928047,0.945425,0.877598,1.015214,1,9.871494
29464.815574,1.985327,-0.017118,-2.802335,-0.229664,0.572650,0.000816,0.000606,0.024848,-0.051337,0.063867,0.883106,0.957426,0.839148,1.026580,1,9.913701
29464.849654,1.983003,-0.015621,-3.050016,-0.243386,0.574955,0.003856,-0.003111,0.127853,-0.047544,0.063345,0.837507,0.973299,0.798669,1.042326,1,9.956902
29464.855570,1.979592,-0.012503,-3.260516,-0.253085,0.577454,-0.002409,0.003949,-0.091172,-0.049775,0.061184,0.789444,0.988471,0.759709,1.061525,1,10.001382
29464.875572,1.975665,-0.007703,-3.412150,-0.262819,0.579887,0.000530,0.000301,0.012894,-0.046344,0.067022,0.752605,1.008289,0.722562,1.084033,1,10.042483
29464.895569,1.970037,-0.003918,-3.542521,-0.266019,0.582934,0.000395,0.000097,0.002322,-0.046179,0.065780,0.709998,1.032520,0.687509,1.109680,1,10.082835
29464.915596,1.963978,-0.000002,-3.643049,-0.266627,0.585909,0.000372,0.000085,0.000727,-0.049006,0.060655,0.667804,1.058714,0.657239,1.135974,1,10.126440
29464.949742,1.957808,0.003918,-3.708553,-0.266437,0.589427,0.004808,-0.001753,0.014914,-0.046434,0.062474,0.633891,1.089565,0.626940,1.167094,1,10.169367
29464.955527,1.951413,0.007214,-3.746883,-0.262533,0.592403,-0.004488,0.001551,-0.014763,-0.053938,0.062715,0.593785,1.118201,0.599456,1.200726,1,10.211072
29464.975575,1.945171,0.009680,-3.766163,-0.258653,0.595204,-0.000191,-0.000162,-0.007529,-0.054043,0.060252,0.563099,1.154006,0.576765,1.233782,1,10.253314
29464.995571,1.939298,0.011572,-3.763450,-0.250257,0.596427,-0.000102,-0.000190,-0.009836,-0.061365,0.062500,0.529235,1.187882,0.555258,1.271517,1,10.294897
29465.015572,1.934364,0.012967,-3.736927,-0.239415,0.597261,-0.000532,-0.000491,-0.018701,-0.061274,0.063765,0.506310,1.225473,0.538381,1.307887,1,10.334905
29465.050843,1.930084,0.013643,-3.690875,-0.223152,0.596643,0.001172,0.000573,-0.091042,-0.065741,0.065446,0.482172,1.262934,0.524472,1.345492,1,10.373747
29465.056743,1.927394,0.014471,-3.606768,-0.203428,0.596380,-0.001887,-0.002151,0.034173,-0.062966,0.064121,0.467235,1.307119,0.513621,1.384090,1,10.413410
29465.075605,1.925467,0.013507,-3.518335,-0.180116,0.593387,-0.001123,-0.001799,-0.064474,-0.063546,0.064451,0.452970,1.350012,0.505897,1.423434,1,10.454465
29465.095580,1.926116,0.015457,-3.342443,-0.154737,0.590038,-0.000689,-0.001692,-0.073935,-0.064795,0.063936,0.441428,1.394746,0.501351,1.463270,1,10.496656
29465.115564,1.929195,0.017583,-3.074734,-0.128451,0.586210,-0.000426,-0.001442,-0.071565,-0.060965,0.065621,0.439035,1.441046,0.500000,1.506667,1,10.541159
29465.151548,1.934225,0.019018,-2.726948,-0.099977,0.581540,-0.005531,0.004517,-0.328570,-0.067628,0.063190,0.432372,1.486810,0.500000,1.550000,1,10.587211
29465.157324,1.941053,0.019499,-2.316560,-0.072823,0.577824,0.004806,-0.007924,0.141664,-0.063157,0.064699,0.436843,1.531967,0.500000,1.596667,1,10.633293
29465.175585,1.948244,0.013972,-1.991964,-0.044211,0.574205,0.000187,-0.007835,-0.217460,-0.064114,0.064315,0.435886,1.579018,0.500000,1.643333,1,10.679440
29465.195575,1.956600,0.012806,-1.635492,-0.019176,0.570144,-0.000132,-0.004531,-0.212455,-0.064245,0.059650,0.435755,1.630350,0.500000,1.690000,1,10.728433
29465.215577,1.965487,0.016647,-1.192142,0.000389,0.565577,0.000353,-0.001570,-0.076243,-0.060797,0.060438,0.439203,1.679562,0.500000,1.740000,1,10.778927
29465.251588,1.974552,0.020010,-0.654451,0.014449,0.561732,-0.006505,0.004158,-0.254755,-0.053531,0.062776,0.446469,1.727224,0.500000,1.790000,1,10.828029
29465.257283,1.983316,0.018424,-0.225236,0.024352,0.558375,0.006452,-0.005235,0.142017,-0.047193,0.060500,0.452807,1.776166,0.500000,1.836667,1,10.876993
29465.275593,1.992081,0.013279,0.038918,0.030971,0.555107,0.001206,-0.001017,-0.025103,-0.040411,0.061122,0.459589,1.825545,0.500000,1.886667,1,10.926785
29465.295579,2.000434,0.011668,0.259158,0.033829,0.551705,0.000382,-0.000188,-0.009475,-0.034747,0.064273,0.465253,1.872393,0.500000,1.936667,1,10.975801
29465.315579,2.008311,0.009577,0.424113,0.034546,0.549431,0.000277,-0.000050,-0.002377,-0.025105,0.069161,0.474895,1.917506,0.500000,1.986667,1,11.022764
29465.351835,2.015860,0.006977,0.518357,0.034635,0.547569,-0.005308,0.001244,-0.018885,-0.023195,0.066444,0.476805,1.966889,0.500000,2.033333,1,11.070585
29465.357664,2.023238,0.004799,0.565440,0.032684,0.544604,0.006610,-0.000952,0.021289,-0.018567,0.055532,0.481433,2.024468,0.500000,2.080000,1,11.123550
29465.375578,2.031844,0.003095,0.589399,0.025920,0.539967,-0.000289,0.001800,0.052882,-0.019244,0.068397,0.480756,2.064936,0.500000,2.133333,1,11.173562
29465.395579,2.037397,0.001950,0.583313,0.016213,0.536933,0.000367,0.001019,0.055250,-0.016315,0.069849,0.483685,2.113484,0.500000,2.183333,1,11.219389
29465.415574,2.044125,-0.001909,0.494768,0.003517,0.532063,0.000501,0.000811,0.043807,-0.013322,0.065772,0.486678,2.164228,0.500000,2.230000,1,11.268729
29465.451623,2.050629,-0.005721,0.325154,-0.013887,0.526226,-0.003820,-0.000603,0.188840,-0.007619,0.065549,0.492381,2.214451,0.500000,2.280000,1,11.319261
29465.457057,2.056676,-0.009173,0.098850,-0.034140,0.519569,0.004521,0.003536,-0.066903,-0.006629,0.066262,0.493371,2.263738,0.500000,2.330000,1,11.369405
29465.475574,2.062446,-0.008382,-0.081545,-0.059791,0.513522,0.001544,0.002645,0.109956,-0.004828,0.064591,0.495172,2.315409,0.500000,2.380000,1,11.420234
29465.495574,2.067118,-0.014576,-0.407802,-0.090276,0.508467,0.001242,0.001848,0.094235,-0.001347,0.063307,0.498653,2.366693,0.500000,2.430000,1,11.471628
29465.515575,2.070084,-0.020464,-0.862222,-0.124593,0.504971,0.001700,0.002617,0.117557,0.000956,0.065429,0.500956,2.417904,0.500000,2.483333,1,11.523560
29465.551981,2.071401,-0.023114,-1.328590,-0.160586,0.502972,0.003901,-0.002598,0.413622,0.007433,0.061724,0.504410,2.471313,0.501117,2.533396,1,11.576609
29465.557835,2.070472,-0.024607,-1.813756,-0.196409,0.500980,-0.000878,0.007151,-0.264450,0.014470,0.055303,0.512221,2.529487,0.507532,2.586458,1,11.632291
29465.575586,2.067759,-0.019558,-2.265177,-0.230037,0.497609,0.002549,0.001246,0.089753,0.004923,0.069638,0.505491,2.573564,0.520511,2.641741,1,11.682051
29465.595577,2.062221,-0.020430,-2.613906,-0.258742,0.496302,0.001603,0.000809,0.031543,0.006884,0.066014,0.518523,2.625306,0.537107,2.689024,1,11.728065
29465.615576,2.052341,-0.018254,-3.018918,-0.280752,0.493061,0.001371,0.000498,0.017860,0.005682,0.060659,0.532592,2.671931,0.555258,2.728483,1,11.776503
29465.651854,2.040201,-0.012739,-3.341180,-0.293884,0.488813,0.013595,-0.006105,0.142111,-0.009221,0.063745,0.537964,2.723367,0.580362,2.771852,1,11.821523
29465.657769,2.026338,-0.005503,-3.578898,-0.300000,0.484941,-0.013461,0.007022,-0.126270,-0.006848,0.049439,0.569756,2.772449,0.605538,2.807245,1,11.871056
29465.675575,2.008147,0.003664,-3.762436,-0.300000,0.479670,0.001942,-0.000509,0.005265,-0.022262,0.066526,0.576239,2.812426,0.638273,2.845186,1,11.915174
29465.695571,1.995159,0.008945,-3.841997,-0.300000,0.478653,0.000569,0.000093,0.000345,-0.020670,0.064147,0.610127,2.851015,0.672111,2.877477,1,11.954849
29465.715576,1.978695,0.014345,-3.899960,-0.300000,0.477672,-0.000083,-0.000047,-0.002226,-0.039125,0.063860,0.626150,2.893663,0.700726,2.900544,1,11.996031
29465.751923,1.961377,0.017762,-3.931180,-0.295693,0.478834,0.014043,0.000036,-0.003975,-0.040338,0.055914,0.667841,2.929839,0.736617,2.925005,1,12.038300
29465.757429,1.945117,0.019660,-3.937842,-0.291054,0.480285,-0.011891,-0.000230,0.001665,-0.054226,0.061730,0.694944,2.966816,0.774495,2.946259,1,12.080566
29465.775590,1.928776,0.019680,-3.933917,-0.283810,0.483831,-0.000819,-0.000083,-0.001883,-0.060293,0.054420,0.737802,2.998139,0.810976,2.962893,1,12.120980
29465.795579,1.914399,0.018841,-3.913425,-0.279164,0.488067,0.000312,0.000073,-0.001574,-0.072449,0.058135,0.771338,3.028006,0.848673,2.976550,1,12.160889
29465.815582,1.900829,0.016852,-3.884703,-0.273103,0.493875,0.000158,-0.000003,-0.003241,-0.083666,0.061992,0.808095,3.054690,0.887344,2.987143,1,12.196470
29465.851578,1.888431,0.014055,-3.852580,-0.265852,0.500343,0.008469,0.002934,-0.029953,-0.092905,0.064808,0.845163,3.075987,0.923434,2.994103,1,12.231543
29465.857079,1.877403,0.010960,-3.816206,-0.256354,0.507256,-0.007401,-0.002906,0.015424,-0.106360,0.061291,0.886317,3.098753,0.956607,2.998113,1,12.266721
29465.875612,1.867424,0.007435,-3.784331,-0.247671,0.514705,-0.000942,-0.000554,-0.012519,-0.070383,-0.113574,0.929889,3.117555,0.993316,2.999955,2,12.308558
29465.895578,1.859535,0.005015,-3.733464,-0.239501,0.524100,-0.000297,-0.000243,-0.011416,-0.132781,0.057086,0.972914,3.132781,1.030000,3.000000,2,12.354262
29465.915580,1.853451,0.002894,-3.666201,-0.226682,0.533045,-0.000658,-0.000512,-0.020660,-0.143393,0.063760,1.012906,3.143393,1.076667,3.000000,2,12.397083
29465.951555,1.849050,0.001153,-3.582011,-0.208878,0.541622,0.000320,0.001531,-0.120780,-0.151800,0.064142,1.055858,3.151800,1.120000,3.000000,2,12.439146
29465.957420,1.846988,0.000502,-3.461226,-0.190311,0.549970,-0.001283,-0.003112,0.047105,-0.157534,0.059369,1.100631,3.157534,1.160000,3.000000,2,12.482468
29465.975590,1.846051,-0.001548,-3.345891,-0.171090,0.557419,-0.001787,-0.003794,-0.098913,-0.157133,0.059493,1.143840,3.157133,1.203333,3.000000,2,12.525931
29465.995581,1.847284,-0.001917,-3.194194,-0.147696,0.562800,-0.001485,-0.002187,-0.101243,-0.156112,0.061343,1.185323,3.156112,1.246667,3.000000,2,12.567740
29466.015576,1.851289,0.001625,-2.933885,-0.125774,0.567326,-0.000251,-0.001298,-0.063221,-0.151837,0.059886,1.230114,3.151837,1.290000,3.000000,2,12.610023
29466.051631,1.858006,0.004775,-2.584802,-0.107074,0.570563,-0.006429,0.003006,-0.250795,-0.145239,0.060790,1.272544,3.145239,1.333333,3.000000,2,12.652756
29466.057425,1.865657,0.005205,-2.236742,-0.093826,0.573408,0.005377,-0.004723,0.129326,-0.135845,0.057672,1.315662,3.135845,1.373333,3.000000,2,12.694793
29466.075590,1.873593,0.001405,-1.984927,-0.086068,0.576163,0.000246,-0.002488,-0.058530,-0.125534,0.057871,1.358796,3.125534,1.416667,3.000000,2,12.736819
29466.095585,1.882169,-0.000629,-1.775223,-0.084199,0.578736,-0.000333,-0.000828,-0.036189,-0.112957,0.061252,1.398748,3.112957,1.460000,3.000000,2,12.776669
29466.115582,1.891095,-0.002173,-1.611979,-0.086567,0.581501,0.000062,0.000208,0.008793,-0.097627,0.060070,1.439930,3.097627,1.500000,3.000000,2,12.815125
29466.151820,1.900303,-0.004222,-1.503446,-0.093651,0.584343,-0.006924,0.001633,0.038955,-0.077050,0.060658,1.481896,3.079947,1.536730,2.998649,2,12.854293
29466.157891,1.909330,-0.007466,-1.487389,-0.104646,0.586571,0.007944,0.000207,0.005321,-0.057942,0.054831,1.531255,3.059758,1.576566,2.994103,2,12.898659
29466.175585,1.919738,-0.009378,-1.518240,-0.123754,0.587507,0.000610,0.004266,0.129212,-0.044689,0.066591,1.565136,3.044865,1.619159,2.985594,2,12.941549
29466.195583,1.926413,-0.011691,-1.595545,-0.142572,0.590819,0.001190,0.002859,0.121999,-0.031766,0.068332,1.606371,3.025481,1.660852,2.973420,2,12.981407
29466.215578,1.933266,-0.016979,-1.790704,-0.164237,0.593894,0.000993,0.001231,0.053577,-0.020055,0.062254,1.649070,3.002107,1.698267,2.959010,2,13.026448
29466.251702,1.938564,-0.022156,-2.106236,-0.184660,0.596009,-0.001786,-0.001500,0.241242,-0.012638,0.061030,1.689639,2.980166,1.737355,2.940071,2,13.072422
29466.257728,1.942633,-0.023514,-2.409605,-0.202659,0.598639,0.003933,0.004257,-0.164497,-0.008242,0.054655,1.736542,2.953151,1.777438,2.915967,2,13.121704
29466.275575,1.947040,-0.020294,-2.685427,-0.214913,0.597863,0.001579,0.001350,0.063524,-0.003459,0.065106,1.769603,2.930144,1.817681,2.886107,2,13.169092
29466.295574,1.949082,-0.018916,-2.859319,-0.221309,0.599225,0.001300,0.001036,0.038920,-0.000084,0.065294,1.806105,2.900808,1.852370,2.854733,2,13.212653
29466.315574,1.950375,-0.016308,-3.039892,-0.224942,0.600312,0.000238,0.000165,0.006615,0.003848,0.070932,1.833092,2.874497,1.881826,2.822814,2,13.255715
29466.351701,1.950221,-0.013313,-3.197493,-0.221531,0.602492,0.000762,-0.003468,0.036902,0.001233,0.058033,1.873913,2.835149,1.908401,2.788459,2,13.302049
29466.357661,1.950640,-0.008853,-3.296547,-0.219685,0.601569,-0.000044,0.003631,-0.040943,0.001601,0.049807,1.907373,2.791427,1.933569,2.749035,2,13.355238
29466.375586,1.950562,-0.003733,-3.353499,-0.212085,0.597029,0.000137,-0.001150,-0.026109,0.000907,0.062543,1.931661,2.758214,1.957674,2.701331,2,13.403140
29466.395573,1.950603,-0.000844,-3.365502,-0.203203,0.596266,-0.000507,-0.000811,-0.034578,0.001938,0.063520,1.952613,2.717351,1.974485,2.657684,2,13.446612
29466.415573,1.950563,0.002949,-3.337149,-0.192889,0.594659,-0.000442,-0.000610,-0.024968,0.003361,0.070712,1.967936,2.680792,1.987143,2.612656,2,13.489367
29466.451716,1.951189,0.006272,-3.254608,-0.178296,0.594201,-0.001612,0.000081,-0.129382,-0.009178,0.056511,1.995402,2.630507,1.994604,2.573262,2,13.534820
29466.457730,1.953212,0.008698,-3.134047,-0.167879,0.590691,0.001724,-0.001752,0.079574,-0.018077,0.050985,2.014611,2.578602,1.999285,2.526724,2,13.586952
29466.475586,1.955784,0.008166,-2.994527,-0.153504,0.586125,-0.000631,-0.002313,-0.085109,-0.028037,0.066677,2.028037,2.540010,2.000000,2.473333,2,13.634537
29466.495571,1.958397,0.007942,-2.889398,-0.137766,0.585581,-0.001021,-0.001812,-0.081903,-0.034663,0.067022,2.034663,2.493689,2.000000,2.426667,2,13.678810
29466.515537,1.962184,0.009530,-2.703839,-0.121259,0.583982,-0.000490,-0.000937,-0.046020,-0.046496,0.062641,2.046496,2.445974,2.000000,2.383333,2,13.726227
29466.550783,1.967451,0.011448,-2.441854,-0.108763,0.582503,-0.004645,0.002619,-0.182264,-0.054658,0.060939,2.054658,2.397605,2.000000,2.336667,2,13.774223
29466.556656,1.973817,0.010655,-2.192584,-0.093687,0.580729,0.004593,-0.004519,0.083097,-0.060274,0.062732,2.060274,2.349399,2.000000,2.286667,2,13.823098
29466.575590,1.980524,0.007186,-2.005817,-0.075739,0.578661,0.000135,-0.001515,-0.063917,-0.064012,0.061714,2.064012,2.301714,2.000000,2.240000,2,13.872029
29466.595579,1.988118,0.009311,-1.736392,-0.059216,0.576383,0.000033,-0.000994,-0.052995,-0.064687,0.062841,2.064687,2.252841,2.000000,2.190000,2,13.920743
29466.615573,1.996344,0.010759,-1.429999,-0.044184,0.573808,0.000116,-0.000924,-0.049128,-0.058918,0.068723,2.058918,2.208723,2.000000,2.140000,2,13.968169
29466.651025,2.004814,0.010824,-1.137705,-0.026726,0.571997,-0.006265,0.002123,-0.209641,-0.062364,0.062001,2.062364,2.155334,2.000000,2.093333,2,14.017272
29466.656718,2.013557,0.011168,-0.848182,-0.017535,0.568714,0.006221,-0.003539,0.109380,-0.059378,0.062902,2.059378,2.106235,2.000000,2.043333,2,14.068782
29466.675575,2.022166,0.008432,-0.639358,-0.012123,0.566737,0.000830,-0.001679,-0.047616,-0.058478,0.062297,2.058478,2.055630,2.000000,1.993333,2,14.119264
29466.695580,2.030737,0.006910,-0.471948,-0.011631,0.565054,0.000438,-0.000347,-0.019399,-0.056956,0.061343,2.056956,2.004676,2.000000,1.943333,2,14.170095
29466.715560,2.039196,0.005469,-0.347006,-0.014793,0.563607,0.000370,0.000209,0.010601,-0.055309,0.065238,2.055309,1.955238,2.000000,1.890000,2,14.221105
29466.752711,2.047358,0.003027,-0.281998,-0.021102,0.561920,-0.005956,0.001154,0.042178,-0.052624,0.065205,2.052624,1.905205,2.000000,1.840000,2,14.271751
29466.758223,2.055300,-0.000195,-0.295931,-0.030737,0.559214,0.007362,0.000429,-0.002283,-0.044602,0.055003,2.044602,1.845003,2.000000,1.790000,2,14.326303
29466.775570,2.064614,-0.001565,-0.334732,-0.044430,0.554017,0.000611,0.003389,0.106846,-0.040333,0.063774,2.040333,1.800440,2.000000,1.736667,2,14.378895
29466.795575,2.070674,-0.003839,-0.415071,-0.060202,0.550458,0.000939,0.001571,0.087097,-0.037428,0.066283,2.037428,1.749616,2.000000,1.683333,2,14.427246
29466.815578,2.077064,-0.009478,-0.628792,-0.081055,0.546683,0.000902,0.001131,0.060588,-0.033968,0.064958,2.033968,1.698292,2.000000,1.633333,2,14.478186
29466.848790,2.082282,-0.014005,-0.939354,-0.104311,0.543765,-0.001258,-0.001352,0.234233,-0.030239,0.064220,2.030239,1.647553,2.000000,1.583333,2,14.529301
29466.855571,2.086148,-0.016474,-1.280022,-0.132787,0.543013,0.003321,0.005548,-0.085939,-0.023493,0.062195,2.023493,1.595528,2.000000,1.533333,2,14.580252
29466.875580,2.089731,-0.013714,-1.539599,-0.162085,0.542220,0.001770,0.002171,0.102039,-0.009469,0.070424,2.011883,1.549940,1.999598,1.479953,2,14.629877
29466.895578,2.090081,-0.017584,-1.925079,-0.184263,0.540591,0.001383,0.000908,0.041815,-0.005749,0.064069,2.009738,1.492680,1.995082,1.430046,2,14.680696
29466.915576,2.088392,-0.018202,-2.331737,-0.213765,0.539438,0.001503,0.001055,0.046702,-0.001994,0.063314,2.002619,1.441856,1.985594,1.380841,2,14.732954
29466.948855,2.084316,-0.015840,-2.696766,-0.237093,0.538085,0.006435,-0.004241,0.190156,0.000789,0.062044,1.991227,1.391571,1.971228,1.332834,2,14.783519
29466.955573,2.077877,-0.011569,-3.016825,-0.256555,0.536456,-0.004110,0.005703,-0.126362,0.000619,0.065173,1.978354,1.342502,1.950691,1.283488,2,14.833183
29466.975572,2.070490,-0.004586,-3.249859,-0.270318,0.534408,0.001245,0.000393,0.014126,0.000135,0.060281,1.959439,1.294051,1.928488,1.242322,2,14.882475
29466.995585,2.060296,0.001177,-3.452286,-0.278485,0.532195,0.000735,0.000180,0.005132,-0.001224,0.061029,1.938053,1.248883,1.900544,1.200726,2,14.931268
29467.015570,2.048465,0.007367,-3.604556,-0.282368,0.530813,0.000401,0.000079,0.001214,-0.005428,0.063918,1.915768,1.205586,1.868576,1.162136,2,14.978231
29467.048398,2.035608,0.013325,-3.709347,-0.281505,0.530645,0.008981,-0.002619,0.022263,-0.008566,0.061127,1.886474,1.163824,1.835392,1.129174,2,15.024987
29467.055574,2.022404,0.018510,-3.773501,-0.277016,0.530361,-0.008744,0.002193,-0.021733,-0.014105,0.062615,1.857876,1.125635,1.799274,1.099456,2,15.070786
29467.075575,2.008924,0.022388,-3.807283,-0.269415,0.531953,0.000127,-0.000026,-0.004784,-0.020323,0.063708,1.825502,1.089095,1.760537,1.073244,2,15.115027
29467.095575,1.996517,0.025357,-3.806384,-0.262626,0.535053,-0.000100,-0.000108,-0.005615,-0.027051,0.062140,1.790203,1.055673,1.722517,1.052243,2,15.158777
29467.115573,1.984695,0.026686,-3.784616,-0.253022,0.538076,-0.000152,-0.000160,-0.008571,-0.035739,0.062497,1.754056,1.024209,1.682819,1.034621,2,15.200990
29467.150257,1.974031,0.026740,-3.744488,-0.241956,0.541370,0.006041,0.001681,-0.053984,-0.042775,0.066637,1.717770,0.998381,1.641741,1.020511,2,15.240699
29467.155815,1.964550,0.025746,-3.686269,-0.227224,0.544696,-0.006270,-0.002502,0.028251,-0.052496,0.064324,1.676614,0.972556,1.602866,1.010696,2,15.280252
29467.175581,1.956280,0.023332,-3.627747,-0.214043,0.548715,-0.001075,-0.000866,-0.035221,-0.061484,0.063946,1.634548,0.951137,1.563330,1.004027,2,15.321380
29467.195574,1.949986,0.021854,-3.533793,-0.197618,0.552654,-0.000442,-0.000576,-0.027417,-0.070057,0.064206,1.590799,0.933570,1.523386,1.000547,2,15.363628
29467.215580,1.946332,0.020785,-3.389510,-0.183926,0.557709,-0.000218,-0.000515,-0.026760,-0.086279,0.065804,1.545804,0.913721,1.480000,1.000000,2,15.408140
29467.250323,1.944671,0.018787,-3.223197,-0.171125,0.563232,-0.000660,0.003370,-0.132016,-0.099057,0.064555,1.501221,0.900943,1.436667,1.000000,2,15.453523
29467.256110,1.944542,0.016016,-3.045364,-0.159786,0.569043,-0.000039,-0.004475,0.075041,-0.107639,0.068937,1.458937,0.892361,1.390000,1.000000,2,15.497725
29467.275594,1.945030,0.011355,-2.902245,-0.149913,0.575288,-0.000853,-0.001115,-0.044113,-0.117166,0.061144,1.407810,0.882834,1.346667,1.000000,2,15.544749
29467.295579,1.947373,0.009035,-2.744538,-0.146561,0.580638,0.000049,-0.000138,-0.007953,-0.124070,0.060791,1.360791,0.875930,1.300000,1.000000,2,15.593546
29467.315578,1.951362,0.006576,-2.588344,-0.143476,0.585543,0.000020,-0.000139,-0.008053,-0.127876,0.063693,1.313693,0.872124,1.250000,1.000000,2,15.640381
29467.351735,1.955895,0.003395,-2.477907,-0.141363,0.589695,-0.003930,0.001806,-0.043961,-0.125833,0.062540,1.265874,0.874167,1.203333,1.000000,2,15.687354
29467.358502,1.961002,0.000636,-2.403660,-0.138589,0.592439,0.004325,-0.002004,0.025695,-0.122166,0.054701,1.211368,0.877834,1.156667,1.000000,2,15.737509
29467.375598,1.967161,-0.001841,-2.352530,-0.138718,0.593930,-0.000206,0.000060,-0.002324,-0.118623,0.064209,1.170876,0.881377,1.106667,1.000000,2,15.784884
29467.395552,1.971644,-0.002464,-2.324105,-0.143114,0.597634,0.000416,0.000395,0.015204,-0.113102,0.058796,1.118796,0.886898,1.060000,1.000000,2,15.830139
29467.415553,1.977330,-0.003675,-2.315993,-0.151521,0.600135,0.000647,0.001036,0.036695,-0.104675,0.057011,1.070344,0.895325,1.013333,1.000000,2,15.876362
29467.473985,1.982671,-0.005102,-2.344152,-0.161829,0.602823,-0.004728,-0.001908,0.106887,-0.087737,0.029017,0.993629,0.911582,0.969939,1.000904,2,15.931326
29467.479888,1.989744,-0.007521,-2.478015,-0.179670,0.598096,0.006104,0.003298,-0.046709,-0.070581,0.020540,0.921568,0.934462,0.913542,1.007532,2,15.998600
29467.499967,1.996447,-0.005538,-2.579247,-0.196592,0.590383,0.001888,0.001614,0.071004,-0.060772,0.049702,0.877651,0.950486,0.848673,1.023450,2,16.054549
29467.519956,1.998320,-0.007654,-2.708754,-0.211612,0.588019,0.001034,0.000612,0.024751,-0.055238,0.062221,0.829820,0.967835,0.795614,1.043682,2,16.099464
29467.553613,1.997936,-0.009444,-2.903125,-0.225876,0.587982,0.002618,-0.001552,0.128884,-0.048465,0.062791,0.788070,0.990253,0.756784,1.063141,2,16.143826
29467.559949,1.996281,-0.008693,-3.084677,-0.236623,0.589430,-0.001003,0.002784,-0.082627,-0.048853,0.064048,0.742182,1.011255,0.717026,1.087779,2,16.187427
29467.579949,1.994152,-0.005822,-3.231868,-0.245611,0.592154,0.000777,0.000377,0.014982,-0.049931,0.063253,0.699439,1.035147,0.682319,1.113893,2,16.231974
29467.599952,1.990599,-0.003353,-3.369909,-0.251702,0.595031,0.000383,0.000175,0.006226,-0.044282,0.065026,0.665452,1.065778,0.650009,1.142920,2,16.274791
29467.619953,1.986137,-0.000273,-3.485017,-0.251180,0.596453,0.000364,0.000062,-0.000433,-0.050760,0.063738,0.623273,1.093213,0.620340,1.174641,2,16.317384
29467.652016,1.981641,0.003461,-3.564396,-0.251402,0.598671,0.003352,-0.001711,0.018573,-0.048813,0.061681,0.589776,1.130248,0.593536,1.208818,2,16.361817
29467.659954,1.976953,0.007037,-3.611661,-0.249779,0.600060,-0.002921,0.001544,-0.015971,-0.053788,0.063161,0.555708,1.163437,0.569799,1.245192,2,16.404460
29467.679951,1.972102,0.009860,-3.638449,-0.244065,0.600516,0.000170,-0.000067,-0.006492,-0.061536,0.062494,0.520903,1.200511,0.549309,1.283488,2,16.446149
29467.699949,1.967795,0.012395,-3.637404,-0.237945,0.600569,-0.000320,-0.000533,-0.017022,-0.063864,0.061206,0.495811,1.240227,0.533410,1.320296,2,16.487695
29467.719955,1.963477,0.013763,-3.623316,-0.226690,0.599680,-0.000486,-0.000530,-0.024165,-0.065007,0.062882,0.474535,1.283036,0.519574,1.361468,2,16.528769
29467.755035,1.960004,0.015190,-3.580581,-0.212206,0.597335,0.000883,0.000194,-0.095081,-0.067487,0.064679,0.456768,1.323582,0.510019,1.400407,2,16.569790
29467.760952,1.957736,0.016452,-3.498418,-0.192002,0.594785,-0.001523,-0.001957,0.033214,-0.074509,0.065091,0.437457,1.366423,0.503615,1.439987,2,16.610261
29467.779950,1.956257,0.015963,-3.407513,-0.170594,0.592660,-0.001127,-0.001785,-0.066612,-0.067141,0.067241,0.435423,1.413845,0.500279,1.483293,2,16.653144
29467.799946,1.956965,0.018179,-3.227629,-0.142940,0.587738,-0.000538,-0.001437,-0.071080,-0.076096,0.064104,0.423904,1.459230,0.500000,1.523333,2,16.698829
29467.819949,1.960280,0.021160,-2.934499,-0.115852,0.583864,-0.000415,-0.001452,-0.075366,-0.083586,0.058985,0.416414,1.511015,0.500000,1.570000,2,16.747792
29467.856791,1.965326,0.022525,-2.565732,-0.092156,0.579349,-0.006396,0.001691,-0.408649,-0.077815,0.061580,0.422185,1.558420,0.500000,1.620000,2,16.797577
29467.862814,1.971020,0.017838,-2.250970,-0.064724,0.575382,0.004522,-0.013285,-0.002008,-0.089296,0.055285,0.410704,1.614715,0.500000,1.670000,2,16.849416
29467.879952,1.977977,0.008301,-2.054530,-0.041496,0.570243,-0.000932,-0.003441,-0.169956,-0.088755,0.063254,0.411245,1.656746,0.500000,1.720000,2,16.899183
29467.899955,1.984336,0.017223,-1.648324,-0.024788,0.568135,0.000160,-0.001461,-0.069296,-0.083863,0.063188,0.416137,1.706812,0.500000,1.770000,2,16.946228
29467.919955,1.992857,0.021032,-1.103821,-0.009879,0.565025,0.000194,-0.001288,-0.061351,-0.079787,0.060476,0.420213,1.756191,0.500000,1.816667,2,16.995997
29467.955849,2.001344,0.018587,-0.676305,0.001368,0.561367,-0.006084,0.001887,-0.249882,-0.073999,0.060522,0.426001,1.806144,0.500000,1.866667,2,17.046000
29467.961622,2.009882,0.013173,-0.392386,0.009927,0.557974,0.007863,-0.007500,0.043258,-0.064734,0.052097,0.435266,1.864569,0.500000,1.916667,2,17.099840
29467.979957,2.020021,0.006387,-0.243500,0.015081,0.553131,-0.000337,-0.001288,-0.065139,-0.061625,0.063758,0.438375,1.906242,0.500000,1.970000,2,17.150775
29467.999958,2.026515,0.008278,-0.068892,0.014515,0.552179,0.000525,-0.000291,-0.015722,-0.058112,0.065990,0.441888,1.957344,0.500000,2.023333,2,17.198291
29468.019955,2.034399,0.007454,0.084956,0.010064,0.550744,0.000355,0.000393,0.018687,-0.051556,0.063234,0.448444,2.006766,0.500000,2.070000,2,17.248710
29468.055597,2.041977,0.004616,0.159863,0.004594,0.548890,-0.005003,0.001395,0.041561,-0.047281,0.062571,0.452719,2.057429,0.500000,2.120000,2,17.299361
29468.061194,2.049420,0.001207,0.151976,-0.002855,0.545654,0.005376,0.000035,-0.001760,-0.041197,0.062506,0.458803,2.107494,0.500000,2.170000,2,17.350132
29468.079955,2.056686,-0.000430,0.119062,-0.013456,0.541429,0.000917,0.001096,0.051013,-0.037839,0.067020,0.462161,2.156314,0.500000,2.223333,2,17.400450
29468.099954,2.063504,-0.004160,0.007562,-0.027826,0.537317,0.000792,0.003731,0.119003,-0.031424,0.067636,0.468576,2.205697,0.500000,2.273333,2,17.450256
29468.119951,2.070043,-0.005169,-0.116242,-0.043724,0.532041,0.000906,0.001954,0.104008,-0.028606,0.066540,0.471394,2.256793,0.500000,2.323333,2,17.500446
29468.155785,2.075902,-0.009651,-0.326961,-0.063990,0.526997,-0.002305,-0.000624,0.261998,-0.026277,0.064161,0.473723,2.309173,0.500000,2.373333,2,17.551990
29468.161412,2.080836,-0.013652,-0.630160,-0.089677,0.523524,0.003836,0.004302,-0.103342,-0.020260,0.063139,0.479740,2.360194,0.500000,2.423333,2,17.603492
29468.179953,2.085307,-0.012589,-0.880399,-0.119120,0.521090,0.001877,0.002637,0.105325,-0.016854,0.063574,0.483146,2.413092,0.500000,2.476667,2,17.655508
29468.199955,2.087581,-0.018333,-1.268290,-0.152014,0.519958,0.001872,0.002249,0.098960,-0.008728,0.061182,0.488729,2.466097,0.500715,2.526724,2,17.708418
29468.219955,2.087668,-0.021738,-1.730440,-0.183704,0.519126,0.001975,0.001981,0.083296,-0.003463,0.061621,0.493158,2.519590,0.506420,2.579867,2,17.760810
29468.256101,2.085508,-0.021879,-2.180841,-0.215045,0.517439,0.007223,-0.004244,0.326977,-0.004125,0.062500,0.497275,2.572908,0.517765,2.632098,2,17.812356
29468.261483,2.080766,-0.019651,-2.594972,-0.243391,0.516075,-0.003612,0.005858,-0.200733,-0.005147,0.062958,0.505979,2.622802,0.533410,2.679704,2,17.861677
29468.279965,2.074589,-0.013865,-2.921658,-0.264102,0.513907,0.002125,0.002364,0.042136,-0.005132,0.061532,0.521409,2.672901,0.553741,2.725505,2,17.910573
29468.299953,2.066070,-0.008122,-3.188918,-0.281516,0.511315,0.002176,0.000953,0.034724,-0.007945,0.061317,0.538863,2.721633,0.578554,2.769041,2,17.959694
29468.319954,2.054822,-0.002514,-3.415134,-0.293259,0.508664,0.001171,0.000326,0.008548,-0.011898,0.056501,0.561432,2.769982,0.605538,2.807245,2,18.008798
29468.359525,2.041161,0.003276,-3.603052,-0.299366,0.506087,0.016630,-0.005165,0.090654,-0.017114,0.058374,0.585591,2.814770,0.638273,2.845186,2,18.056780
29468.364953,2.026451,0.009485,-3.734530,-0.300000,0.503334,-0.013911,0.005148,-0.065434,-0.024330,0.054685,0.617285,2.862549,0.674641,2.879660,2,18.105349
29468.379956,2.008164,0.016170,-3.828108,-0.295376,0.500171,-0.000846,0.000044,-0.006949,-0.032946,0.065635,0.638923,2.897446,0.711541,2.908401,2,18.149031
29468.399955,1.995181,0.019356,-3.868465,-0.286390,0.501372,-0.001088,-0.000619,-0.018755,-0.041424,0.065070,0.670994,2.934890,0.748073,2.931894,2,18.188054
29468.419957,1.978738,0.021979,-3.898158,-0.273839,0.502440,-0.001651,-0.000712,-0.024321,-0.051157,0.064515,0.703183,2.968867,0.783488,2.950691,2,18.228872
29468.460897,1.963012,0.023708,-3.897763,-0.255641,0.504574,0.010944,0.000311,-0.100355,-0.059837,0.062215,0.740733,3.000069,0.820296,2.966590,2,18.269211
29468.467362,1.949356,0.024328,-3.865302,-0.236826,0.507599,-0.015685,-0.003737,-0.002015,-0.070181,0.031789,0.807880,3.037779,0.858259,2.979489,2,18.322322
29468.479959,1.930484,0.021678,-3.827268,-0.209951,0.504998,-0.002440,-0.003115,-0.084836,-0.070176,0.070688,0.828115,3.048227,0.910252,2.991879,2,18.365899
29468.499920,1.923780,0.021628,-3.776038,-0.185561,0.510159,-0.000829,-0.001037,-0.047579,-0.074838,0.074050,0.872559,3.065403,0.953279,2.997812,2,18.396282
29468.519955,1.918883,0.025881,-3.516100,-0.163287,0.514016,-0.000963,-0.001474,-0.063955,-0.071176,-0.076788,0.915253,3.079300,0.983293,2.999721,3,18.438786
29468.576083,1.915939,0.025452,-3.222217,-0.140342,0.518782,-0.001402,0.011643,-0.278329,-0.095133,0.037044,0.986289,3.095133,1.023333,3.000000,3,18.495587
29468.584369,1.916277,0.019337,-2.703454,-0.113397,0.517179,0.000767,-0.013990,0.109399,-0.099791,0.026400,1.053600,3.099791,1.080000,3.000000,3,18.562884
29468.604438,1.918210,0.005591,-2.407731,-0.087489,0.514862,-0.001376,-0.003140,-0.155602,-0.102531,0.051471,1.095196,3.102531,1.146667,3.000000,3,18.619048
29468.650233,1.921632,0.008078,-2.109346,-0.070967,0.516681,-0.006881,0.005828,-0.352667,-0.100195,0.063876,1.139457,3.100195,1.203333,3.000000,3,18.663842
29468.655775,1.926875,0.010664,-1.710066,-0.061162,0.518453,0.007172,-0.007672,0.252068,-0.096463,0.035191,1.211475,3.096463,1.246667,3.000000,3,18.720269
29468.664434,1.935661,0.003684,-1.338712,-0.058472,0.515299,-0.000365,-0.001800,-0.048451,-0.093889,0.076583,1.226751,3.093889,1.303333,3.000000,3,18.765918
29468.684420,1.937770,0.001838,-1.291326,-0.057791,0.518097,-0.000056,-0.000091,-0.006122,-0.088669,0.079716,1.270284,3.088669,1.350000,3.000000,3,18.797531
29468.704430,1.943566,0.001229,-1.130826,-0.063948,0.519733,0.000076,0.000425,0.020634,-0.080504,0.065436,1.314564,3.080504,1.380000,3.000000,3,18.839511
29468.748750,1.949242,-0.002034,-1.071267,-0.076059,0.521370,-0.005973,0.003648,0.160255,-0.073262,0.065353,1.357981,3.073262,1.423333,3.000000,3,18.882616
29468.754612,1.954752,-0.004353,-1.068896,-0.094435,0.523283,0.007756,0.003015,0.072209,-0.061261,0.035356,1.431310,3.061261,1.466667,3.000000,3,18.938605
29468.764426,1.963665,-0.005211,-1.074403,-0.129409,0.519526,0.001537,0.009219,0.220708,-0.054931,0.079378,1.446665,3.058036,1.523386,2.999453,3,18.982905
29468.784395,1.965704,-0.006185,-1.099566,-0.151616,0.522236,0.000931,0.001257,0.059644,-0.040812,0.084557,1.488281,3.047257,1.566643,2.995539,3,19.011518
29468.804375,1.966366,-0.022823,-1.611279,-0.171216,0.524639,0.000965,0.001103,0.046802,-0.032974,0.067789,1.536148,3.036050,1.596316,2.990636,3,19.053056
29468.848031,1.966630,-0.027036,-2.067964,-0.193462,0.526817,0.003256,-0.004722,0.369521,-0.024506,0.065595,1.578804,3.022684,1.635318,2.981341,3,19.097385
29468.853910,1.966163,-0.025809,-2.430108,-0.210117,0.529149,-0.000938,0.007458,-0.278321,-0.018476,0.033845,1.651442,2.997020,1.676581,2.967781,3,19.154543
29468.864394,1.964235,-0.018868,-2.829765,-0.222875,0.522565,0.001266,0.000740,0.052748,-0.012238,0.076733,1.665823,2.990692,1.728483,2.944742,3,19.201203
29468.884400,1.962932,-0.017858,-2.914629,-0.232642,0.526093,0.000632,0.000380,0.014354,-0.004457,0.077104,1.706449,2.966691,1.769041,2.921446,3,19.234022
29468.904401,1.958011,-0.016196,-3.140067,-0.239527,0.528146,0.000718,0.000446,0.014271,-0.006160,0.064917,1.747981,2.946002,1.796590,2.902535,3,19.277615
29468.948236,1.952720,-0.012610,-3.307036,-0.244493,0.531643,0.008366,-0.004178,0.107106,-0.005465,0.063492,1.786362,2.921335,1.830405,2.875276,3,19.321951
29468.953831,1.946957,-0.008518,-3.425441,-0.245911,0.535168,-0.007663,0.005298,-0.066396,-0.009046,0.034902,1.846686,2.874372,1.864026,2.842761,3,19.379498
29468.964392,1.937491,-0.002304,-3.521141,-0.242560,0.529905,0.000863,-0.000407,0.001994,-0.004404,0.077124,1.857910,2.863693,1.900544,2.799274,3,19.424853
29468.984419,1.934812,-0.001418,-3.539419,-0.239622,0.534535,0.000019,-0.000172,-0.008945,-0.005051,0.080482,1.889130,2.831860,1.926756,2.760537,3,19.455245
29469.004420,1.928634,0.000825,-3.564827,-0.233646,0.538046,0.000001,-0.000161,-0.009067,-0.009272,0.065313,1.919218,2.796445,1.941648,2.734408,3,19.497416
29469.048218,1.923173,0.002896,-3.556903,-0.224778,0.540017,0.005285,0.000159,-0.063846,-0.010384,0.061736,1.944062,2.759059,1.959010,2.698267,3,19.541051
29469.054134,1.918452,0.004477,-3.520116,-0.212102,0.540510,-0.005700,-0.001350,0.036547,-0.016248,0.030270,1.980358,2.691533,1.974485,2.657684,3,19.597890
29469.064418,1.911800,0.004127,-3.452939,-0.190931,0.533604,-0.000597,-0.002342,-0.064284,-0.012625,0.073659,1.986505,2.677546,1.989304,2.602866,3,19.643366
29469.084416,1.910478,0.004472,-3.421359,-0.174919,0.534995,-0.001039,-0.001697,-0.078191,-0.018643,0.077339,2.006529,2.635648,1.996775,2.556694,3,19.673350
29469.104419,1.909434,0.008133,-3.250633,-0.159068,0.535325,-0.000282,-0.000899,-0.042900,-0.025111,0.065242,2.020874,2.593216,1.999285,2.526724,3,19.714868
29469.149125,1.910290,0.010408,-3.006040,-0.140796,0.534261,-0.003050,0.005610,-0.282650,-0.031810,0.065703,2.031810,2.549037,2.000000,2.483333,3,19.759139
29469.154924,1.912397,0.010371,-2.741556,-0.121094,0.532496,0.003500,-0.008450,0.181676,-0.040960,0.036567,2.040960,2.476567,2.000000,2.440000,3,19.816175
29469.164421,1.917025,0.003378,-2.441597,-0.088868,0.524617,-0.001269,-0.006038,-0.161868,-0.042095,0.077984,2.042095,2.461317,2.000000,2.383333,3,19.862465
29469.184426,1.918448,0.003185,-2.358708,-0.067226,0.526698,-0.000689,-0.001434,-0.073783,-0.046953,0.080329,2.046953,2.416996,2.000000,2.336667,3,19.894720
29469.204421,1.924154,0.013175,-1.842261,-0.053500,0.528031,0.000215,-0.000918,-0.047194,-0.046475,0.064295,2.046475,2.370962,2.000000,2.306667,3,19.938431
29469.252077,1.930845,0.013422,-1.410668,-0.037467,0.527967,-0.009103,0.006434,-0.318747,-0.044558,0.066330,2.044558,2.326330,2.000000,2.260000,3,19.983727
29469.257743,1.937889,0.011232,-1.065127,-0.020143,0.527598,0.010192,-0.009126,0.203858,-0.043413,0.027424,2.043413,2.244091,2.000000,2.216667,3,20.045212
29469.264432,1.950089,0.003498,-0.729068,-0.007203,0.519878,-0.000788,-0.002699,-0.082871,-0.039703,0.078856,2.039703,2.232190,2.000000,2.153333,3,20.095532
29469.284425,1.951531,0.003914,-0.688672,-0.000629,0.523734,0.000159,-0.001194,-0.061168,-0.036384,0.083694,2.036384,2.187028,2.000000,2.103333,3,20.127005
29469.304422,1.958492,0.008446,-0.406339,0.003232,0.525952,0.000156,-0.000264,-0.013493,-0.031589,0.066455,2.031589,2.139788,2.000000,2.073333,3,20.171066
29469.348226,1.965493,0.008561,-0.176168,0.005239,0.526560,-0.007680,0.002747,-0.085482,-0.030978,0.062368,2.030978,2.092368,2.000000,2.030000,3,20.218471
29469.353734,1.972643,0.006439,-0.036975,0.007898,0.526080,0.009424,-0.003121,0.063251,-0.033005,0.035253,2.033005,2.015253,2.000000,1.980000,3,20.279360
29469.364423,1.983918,0.003002,0.059543,0.004281,0.519869,-0.000571,0.000738,0.010497,-0.027838,0.076453,2.027838,1.996453,2.000000,1.920000,3,20.330137
29469.384417,1.986673,0.002769,0.077900,0.002525,0.522010,0.000226,0.000123,0.006279,-0.025817,0.079775,2.025817,1.949775,2.000000,1.870000,3,20.365374
29469.404425,1.993184,0.000795,0.071782,-0.004494,0.522068,0.000325,0.000465,0.024106,-0.025803,0.068612,2.025803,1.901946,2.000000,1.833333,3,20.410659
29469.450192,1.999696,-0.001356,0.024574,-0.015756,0.520544,-0.007161,-0.000155,0.136004,-0.022984,0.064950,2.022984,1.854950,2.000000,1.790000,3,20.458081
29469.456218,2.005997,-0.004171,-0.080602,-0.030193,0.518301,0.008249,0.002615,-0.056160,-0.025083,0.034205,2.025083,1.777538,2.000000,1.743333,3,20.518676
29469.464435,2.015885,-0.003971,-0.214946,-0.058181,0.510997,0.000831,0.006777,0.158023,-0.020648,0.078912,2.020648,1.758912,2.000000,1.680000,3,20.569025
29469.484425,2.018301,-0.003545,-0.232975,-0.076899,0.510289,0.000714,0.001386,0.075005,-0.023208,0.084210,2.023208,1.714210,2.000000,1.630000,3,20.603435
29469.504426,2.022010,-0.016319,-0.662786,-0.099066,0.509204,0.001108,0.001654,0.077111,-0.015851,0.066392,2.015851,1.663058,2.000000,1.596667,3,20.649208
29469.549910,2.025250,-0.020422,-1.077012,-0.123150,0.507204,-0.000455,-0.005255,0.390243,-0.012375,0.064397,2.012375,1.614397,2.000000,1.550000,3,20.698751
29469.555754,2.027154,-0.021947,-1.477755,-0.148639,0.506247,0.002623,0.008531,-0.251860,-0.006411,0.036355,2.006411,1.536355,2.000000,1.500000,3,20.760054
29469.564415,2.029395,-0.015371,-1.884650,-0.184744,0.500762,0.002573,0.006348,0.154756,0.005088,0.078439,2.000749,1.518469,1.996385,1.439987,3,20.810386
29469.584424,2.029889,-0.013430,-1.942789,-0.207451,0.502410,0.001324,0.001142,0.055060,0.010071,0.079617,1.995478,1.470494,1.987885,1.390602,3,20.846242
29469.604430,2.024677,-0.021279,-2.391323,-0.231445,0.503192,0.001329,0.000922,0.037392,0.010755,0.067297,1.987746,1.422582,1.978531,1.355058,3,20.892230
29469.650906,2.018052,-0.021705,-2.795917,-0.251939,0.502983,0.013829,-0.008524,0.314301,0.010309,0.064920,1.977892,1.374976,1.962893,1.310976,3,20.940091
29469.656933,2.009877,-0.018289,-3.128233,-0.266940,0.502586,-0.011313,0.009389,-0.244561,0.001146,0.036844,1.959244,1.301739,1.943205,1.268549,3,20.998580
29469.664424,1.995265,-0.007840,-3.467423,-0.274764,0.497927,0.000681,0.000732,0.009165,0.010040,0.074086,1.945872,1.283788,1.912221,1.217026,3,21.047612
29469.684461,1.991350,-0.005359,-3.525175,-0.277079,0.499297,0.000560,0.000162,0.004268,0.006517,0.074573,1.926736,1.241188,1.883975,1.179745,3,21.083192
29469.704426,1.979346,-0.000471,-3.659291,-0.274906,0.499987,0.000150,-0.000002,-0.001314,0.002429,0.065697,1.903338,1.201317,1.859412,1.152404,3,21.126366
29498.975320,0.400000,0.020000,0.000000,-0.003376,0.510000,-0.032044,0.020498,0.012598,-0.011188,0.022832,1.007168,3.011188,1.030000,3.000000,0,0.047242
29499.006444,0.400000,0.020000,0.000000,-0.006206,0.520000,-0.206733,0.015539,0.420607,-0.014453,0.035808,1.010858,3.014453,1.046667,3.000000,0,0.048751
29499.037861,0.225976,0.014569,0.395205,-0.013272,0.530000,-0.073999,0.001388,0.036669,-0.013586,0.033046,1.013621,3.013586,1.046667,3.000000,0,0.048751
29499.043148,0.186884,-0.000003,-0.000111,-0.017921,0.540000,-0.037871,0.000001,0.000027,-0.012137,0.033228,1.013439,3.012137,1.046667,3.000000,0,0.048751
29499.051867,0.155141,0.000000,0.000000,-0.021079,0.550000,-0.028317,0.000000,0.000000,-0.009761,0.034886,1.011781,3.009761,1.046667,3.000000,0,0.048751
29499.071833,0.137237,0.000000,0.000000,-0.022984,0.560000,0.027633,-0.000000,-0.000001,-0.009121,0.028243,1.018423,3.009121,1.046667,3.000000,0,0.048751
29499.091839,0.189358,-0.000000,-0.000001,-0.023208,0.570000,-0.010080,0.000057,0.001102,-0.009260,0.025811,1.020856,3.009260,1.046667,3.000000,0,0.049299
29499.123369,0.204196,-0.001890,-0.049352,-0.024173,0.580000,-0.003283,0.000038,0.001112,-0.009551,0.019205,1.027462,3.009551,1.046667,3.000000,0,0.054246
29499.131832,0.241088,-0.002364,-0.062642,-0.024819,0.590000,0.022327,-0.000154,-0.004390,-0.011809,0.019085,1.034248,3.011809,1.053333,3.000000,0,0.063387
29499.151837,0.274422,-0.002686,-0.071526,-0.025890,0.600000,-0.001986,0.000031,0.000992,-0.010368,0.023436,1.039897,3.010368,1.063333,3.000000,0,0.071939
29499.171832,0.298894,-0.003103,-0.082691,-0.025840,0.610000,0.015802,-0.000154,-0.004366,-0.011319,0.020102,1.049898,3.011319,1.070000,3.000000,0,0.081253
29499.191874,0.341654,-0.003529,-0.094825,-0.025312,0.620000,0.008333,-0.000088,-0.002625,-0.011363,0.020939,1.059061,3.011363,1.080000,3.000000,0,0.092936
29499.223572,0.377430,-0.003802,-0.102882,-0.024254,0.630000,-0.007899,0.000036,0.000780,-0.012427,0.021283,1.068717,3.012427,1.090000,3.000000,0,0.105000
29499.231851,0.413569,-0.003978,-0.108543,-0.022753,0.640000,0.018471,-0.000332,-0.008703,-0.012159,0.024591,1.078743,3.012159,1.103333,3.000000,0,0.117342
29499.251837,0.443758,-0.004203,-0.115004,-0.020783,0.650000,0.001807,-0.000072,-0.002582,-0.012100,0.026621,1.090046,3.012100,1.116667,3.000000,0,0.130271
29499.271838,0.474263,-0.003913,-0.108889,-0.019055,0.660000,0.014753,-0.000154,-0.005207,-0.011697,0.024801,1.105199,3.011697,1.130000,3.000000,0,0.145427
29499.291872,0.518170,-0.003867,-0.108610,-0.016693,0.669940,0.009099,-0.000134,-0.004749,-0.011323,0.023776,1.119557,3.011323,1.143333,3.000000,0,0.162271
29499.323574,0.556830,-0.003645,-0.103932,-0.014370,0.679582,-0.016266,-0.000067,-0.002958,-0.013702,0.027379,1.132621,3.013702,1.160000,3.000000,0,0.178244
29499.331835,0.587817,-0.003308,-0.095521,-0.013731,0.689582,0.031821,-0.000179,-0.004825,-0.011531,0.026236,1.150431,3.011531,1.176667,3.000000,0,0.196053
29499.351836,0.632167,-0.003360,-0.096733,-0.011676,0.697083,0.005276,-0.000112,-0.004096,-0.012590,0.027468,1.165865,3.012590,1.193333,3.000000,0,0.215067
29499.371836,0.667893,-0.002999,-0.089046,-0.010864,0.706239,0.004421,-0.000055,-0.001990,-0.012733,0.031426,1.181907,3.012733,1.213333,3.000000,0,0.233099
29499.391873,0.703074,-0.002820,-0.084043,-0.010755,0.715398,0.005359,-0.000021,-0.000821,-0.013867,0.030793,1.199207,3.013867,1.230000,3.000000,0,0.252151
29499.424077,0.739555,-0.002819,-0.084161,-0.011864,0.723841,-0.012380,0.000114,0.004629,-0.013321,0.032094,1.217906,3.013321,1.250000,3.000000,0,0.272517
29499.431837,0.777477,-0.003085,-0.091649,-0.013496,0.731323,0.026948,0.000142,0.000983,-0.013793,0.031730,1.238270,3.013793,1.270000,3.000000,0,0.294506
29499.451860,0.816663,-0.003261,-0.099063,-0.016335,0.737348,0.003880,0.000169,0.006084,-0.014307,0.035961,1.257373,3.014307,1.293333,3.000000,0,0.317216
29499.471836,0.852101,-0.004243,-0.125643,-0.020560,0.743575,0.010022,0.000228,0.007853,-0.012863,0.036052,1.280614,3.012863,1.316667,3.000000,0,0.340626
29499.491907,0.893683,-0.005436,-0.162529,-0.025270,0.746961,0.008747,0.000271,0.009340,-0.010589,0.035841,1.304159,3.010589,1.340000,3.000000,0,0.366144
29499.524138,0.933983,-0.006854,-0.208435,-0.030725,0.749401,-0.012139,0.000649,0.030616,-0.009110,0.035444,1.327889,3.009110,1.363333,3.000000,0,0.392270
29499.531836,0.972058,-0.008490,-0.262915,-0.038169,0.752208,0.024645,0.000808,0.005405,-0.008882,0.038340,1.351660,3.008882,1.390000,3.000000,0,0.418329
29499.551853,1.008643,-0.009222,-0.300324,-0.048187,0.755924,0.002826,0.000742,0.027125,-0.007650,0.042670,1.373997,3.007650,1.416667,3.000000,0,0.443950
29499.571837,1.042206,-0.013134,-0.410553,-0.059617,0.760639,0.003268,0.000777,0.027725,-0.006869,0.045329,1.398004,3.006869,1.443333,3.000000,0,0.469313
29499.591843,1.076001,-0.016782,-0.537384,-0.073014,0.765511,0.001444,0.000991,0.035551,-0.005539,0.044131,1.422535,3.005539,1.466667,3.000000,0,0.495062
29499.624034,1.107758,-0.020729,-0.679439,-0.088420,0.770837,-0.016333,0.001895,0.104578,-0.003740,0.043396,1.449937,3.003740,1.493333,3.000000,0,0.523015
29499.631838,1.139811,-0.025337,-0.848238,-0.105834,0.775257,0.026420,0.001827,-0.008119,-0.000398,0.039504,1.480591,3.001580,1.520047,2.999598,0,0.554218
29499.651852,1.177647,-0.027266,-0.971550,-0.124647,0.777845,-0.000838,0.001561,0.058893,0.003957,0.045024,1.508183,2.998015,1.553372,2.997143,0,0.585413
29499.671839,1.205250,-0.035163,-1.221541,-0.144490,0.781668,0.003891,0.001478,0.050407,0.006709,0.043535,1.539121,2.993661,1.583165,2.993035,0,0.617176
29499.691858,1.236994,-0.041542,-1.487340,-0.164418,0.784871,-0.004449,0.001432,0.057784,0.006623,0.047502,1.568167,2.990948,1.615910,2.986379,0,0.649401
29499.724318,1.259671,-0.047393,-1.747014,-0.184961,0.788796,-0.011333,0.002437,0.167696,0.007271,0.046634,1.598203,2.985090,1.644942,2.978531,0,0.680781
29499.731830,1.291583,-0.052918,-2.019606,-0.202918,0.791818,0.017989,0.001418,-0.062359,0.005531,0.049102,1.628690,2.979947,1.676581,2.967781,0,0.713088
29499.751838,1.318958,-0.055024,-2.219447,-0.220156,0.795314,-0.000908,0.001378,0.054102,0.003847,0.046176,1.660671,2.971683,1.704386,2.956318,0,0.746497
29499.771836,1.342341,-0.061112,-2.487791,-0.236475,0.799405,0.000605,0.001153,0.040460,0.003564,0.052459,1.686400,2.963094,1.734408,2.941648,0,0.777907
29499.791863,1.366636,-0.065279,-2.749336,-0.247699,0.803869,0.015654,0.002622,0.035261,0.004080,0.047547,1.720819,2.946583,1.763383,2.925005,0,0.812154
29499.824995,1.405738,-0.065878,-2.969813,-0.255265,0.803240,-0.015371,0.000543,0.137211,0.001736,0.047624,1.751456,2.932787,1.791182,2.906464,0,0.849716
29499.831850,1.427787,-0.066912,-3.139782,-0.262713,0.805570,0.030170,0.002098,-0.094932,-0.002194,0.049913,1.783329,2.917630,1.820255,2.883975,0,0.885466
29499.851852,1.465404,-0.065747,-3.308157,-0.265699,0.805560,0.008153,0.000894,0.000710,-0.005350,0.052515,1.813566,2.899765,1.847596,2.859412,0,0.921070
29499.871861,1.494682,-0.064744,-3.452707,-0.265790,0.805769,0.004697,0.000434,-0.005249,-0.006895,0.054577,1.841866,2.878217,1.873060,2.832906,0,0.956370
29499.891859,1.520148,-0.062445,-3.556139,-0.263312,0.806438,0.001668,0.000049,-0.006822,-0.008004,0.054001,1.867594,2.854766,1.894462,2.807245,0,0.992196
29499.923585,1.542357,-0.059342,-3.615775,-0.258483,0.808372,-0.006236,-0.001410,-0.009609,-0.009079,0.054045,1.893532,2.827438,1.915967,2.777438,0,1.029374
29499.931859,1.568316,-0.055151,-3.643930,-0.250994,0.809020,0.014040,0.001377,-0.024349,-0.009814,0.054193,1.917088,2.798134,1.935224,2.746131,0,1.066762
29499.951937,1.590949,-0.051601,-3.654629,-0.241386,0.809568,-0.004167,-0.001585,-0.037632,-0.011816,0.065180,1.936827,2.774566,1.953545,2.710467,0,1.100620
29499.971860,1.607546,-0.047524,-3.618776,-0.232667,0.811220,0.009683,-0.000068,-0.040936,-0.016541,0.053467,1.962809,2.735543,1.966590,2.679704,0,1.137859
29499.991894,1.638028,-0.042067,-3.559153,-0.219362,0.806442,0.000030,-0.003645,-0.112574,-0.017539,0.052523,1.980091,2.700295,1.978531,2.644942,0,1.179463
29500.041869,1.658787,-0.039635,-3.533222,-0.203895,0.802713,-0.027122,-0.004102,-0.236928,-0.019307,0.054425,1.995920,2.663418,1.988606,2.606134,0,1.219482
29500.048561,1.682389,-0.032439,-3.401555,-0.184520,0.797921,0.031771,0.001793,0.096876,-0.026094,0.030651,2.017315,2.600499,1.995539,2.566643,0,1.271186
29500.056079,1.721601,-0.026451,-3.200242,-0.154832,0.787921,0.004244,-0.004104,-0.110479,-0.015233,0.068932,2.013206,2.582682,1.999821,2.513367,0,1.314654
29500.071870,1.734376,-0.024335,-3.152439,-0.126952,0.786837,0.007068,-0.004311,-0.185550,-0.019867,0.074623,2.019867,2.544623,2.000000,2.470000,0,1.345599
29500.091895,1.760089,-0.013547,-2.890385,-0.098440,0.785269,0.004349,-0.006116,-0.209219,-0.022377,0.062565,2.022377,2.502565,2.000000,2.440000,0,1.386493
29500.132645,1.787924,-0.004757,-2.464038,-0.067958,0.780844,-0.025963,-0.010915,-0.815585,-0.027713,0.059896,2.027713,2.459896,2.000000,2.400000,0,1.430235
29500.139434,1.808400,-0.006875,-2.226800,-0.044014,0.777368,0.013433,-0.015579,-0.164752,-0.030500,0.045515,2.030500,2.398849,2.000000,2.353333,0,1.482262
29500.151865,1.829944,-0.012109,-2.088131,-0.025538,0.769281,-0.002397,-0.020095,-0.501807,-0.029773,0.072197,2.029773,2.375530,2.000000,2.303333,0,1.527073
29500.171863,1.841860,-0.011923,-2.028928,-0.010175,0.767576,-0.002134,-0.008061,-0.379892,-0.030944,0.073912,2.030944,2.330579,2.000000,2.256667,0,1.563547
29500.191863,1.862060,0.008184,-1.498095,0.000714,0.763989,-0.001038,-0.000771,-0.034506,-0.031835,0.066977,2.031835,2.286977,2.000000,2.220000,0,1.607929
29500.230047,1.882506,0.019552,-0.763192,0.004309,0.759945,-0.020756,0.005370,-0.219129,-0.033961,0.066062,2.033961,2.242729,2.000000,2.176667,0,1.652841
29500.235609,1.901933,0.016338,-0.320528,-0.001054,0.756352,0.019772,-0.004641,0.188059,-0.033441,0.055922,2.033441,2.189255,2.000000,2.133333,0,1.702091
29500.251858,1.927507,0.009407,-0.066086,-0.007283,0.751755,0.001493,0.001221,0.041749,-0.034725,0.067465,2.034725,2.150799,2.000000,2.083333,0,1.749583
29500.271863,1.945414,0.004182,-0.030992,-0.009831,0.749871,0.001254,0.000208,0.009817,-0.034458,0.068142,2.034458,2.104808,2.000000,2.036667,0,1.793771
29500.291941,1.966476,-0.000566,-0.079566,-0.011642,0.746678,0.000859,0.000465,0.014532,-0.039784,0.071144,2.039784,2.061144,2.000000,1.990000,0,1.839971
29500.329046,1.986731,-0.001837,-0.123507,-0.018351,0.744633,-0.013835,0.001681,0.112427,-0.037834,0.064269,2.037834,2.010936,2.000000,1.946667,0,1.887580
29500.334643,2.007659,-0.001855,-0.153457,-0.026112,0.740941,0.018921,0.002565,0.036590,-0.039223,0.057664,2.039223,1.954330,2.000000,1.896667,0,1.941685
29500.351862,2.031690,-0.001151,-0.165001,-0.039698,0.735792,0.000742,0.001868,0.080758,-0.040312,0.069944,2.040312,1.913277,2.000000,1.843333,0,1.992560
29500.371861,2.047237,-0.006368,-0.306357,-0.054070,0.732081,0.001540,0.000824,0.044069,-0.040304,0.070973,2.040304,1.864306,2.000000,1.793333,0,2.038870
29500.391862,2.065141,-0.011281,-0.570204,-0.069294,0.726395,0.001414,0.001190,0.057734,-0.042492,0.069482,2.042492,1.816149,2.000000,1.746667,0,2.087419
29500.431151,2.081873,-0.012732,-0.825949,-0.089309,0.721490,-0.011643,-0.002650,0.264269,-0.041278,0.069090,2.041278,1.765757,2.000000,1.696667,0,2.137420
29500.437852,2.097555,-0.013935,-1.105261,-0.112017,0.717835,0.013373,0.005802,-0.109511,-0.040898,0.060050,2.040898,1.706717,2.000000,1.646667,0,2.192010
29500.451860,2.114937,-0.010585,-1.365112,-0.142036,0.714121,0.004388,0.005774,0.142188,-0.040710,0.070861,2.040710,1.664194,2.000000,1.593333,0,2.242869
29500.471872,2.125799,-0.010779,-1.558255,-0.171124,0.712475,0.003145,0.002832,0.138001,-0.036938,0.069107,2.036938,1.612441,2.000000,1.543333,0,2.290274
29500.491933,2.135631,-0.015311,-1.941050,-0.199288,0.709792,0.003277,0.003534,0.108098,-0.032755,0.068302,2.033621,1.561174,1.999955,1.493316,0,2.340574
29500.526944,2.143132,-0.014040,-2.337948,-0.226615,0.705795,0.002948,-0.003646,0.341195,-0.022603,0.068909,2.027046,1.509208,1.996775,1.443306,0,2.390875
29500.532539,2.148601,-0.010401,-2.678463,-0.248531,0.700288,0.002851,0.005679,-0.205081,-0.015117,0.067552,2.017717,1.456669,1.988606,1.393866,0,2.442037
29500.551874,2.151115,-0.004523,-3.002811,-0.265688,0.694438,0.002483,0.000986,0.016671,-0.010647,0.066106,2.006082,1.405072,1.975528,1.345492,0,2.493389
29500.571853,2.150265,0.002867,-3.272469,-0.276779,0.688598,0.001696,0.000325,0.007072,-0.008367,0.067500,1.991546,1.353797,1.956318,1.295614,0,2.544663
29500.591857,2.146650,0.011937,-3.480475,-0.282062,0.683068,0.000700,0.000080,0.000937,-0.006560,0.066288,1.972273,1.305179,1.933569,1.250965,0,2.595678
29500.630386,2.140586,0.021645,-3.623877,-0.281216,0.678439,0.008120,-0.007394,0.039964,-0.012267,0.073302,1.959124,1.261264,1.906464,1.208818,0,2.641935
29500.635819,2.133441,0.031063,-3.709567,-0.278908,0.677176,-0.009210,0.006565,-0.041241,-0.010244,0.057038,1.922614,1.208454,1.877477,1.172111,0,2.693646
29500.651874,2.122078,0.040014,-3.765157,-0.263769,0.671580,-0.001917,-0.000755,-0.015762,-0.009358,0.069715,1.897763,1.174286,1.840320,1.133691,0,2.746071
29500.671857,2.114066,0.044884,-3.772121,-0.245695,0.670230,-0.001550,-0.000607,-0.018638,-0.011296,0.072356,1.866439,1.136158,1.801944,1.101466,0,2.790855
29500.691935,2.106217,0.050173,-3.734406,-0.225211,0.669043,-0.000951,-0.001297,-0.043673,-0.013483,0.070771,1.830642,1.100815,1.763383,1.074995,0,2.837446
29500.730336,2.100564,0.053110,-3.671592,-0.207167,0.668478,0.000392,0.000918,-0.163896,-0.018388,0.071583,1.794804,1.067633,1.722517,1.052243,0,2.883623
29500.735945,2.095138,0.054649,-3.570948,-0.186199,0.667371,-0.002984,-0.002912,0.092039,-0.022751,0.064215,1.747805,1.035259,1.679704,1.033410,0,2.932090
29500.751875,2.091881,0.053071,-3.416123,-0.164340,0.664855,-0.003104,-0.004624,-0.125718,-0.025943,0.077356,1.716809,1.014620,1.635318,1.018659,0,2.975943
29500.771863,2.089730,0.049670,-3.324627,-0.140818,0.664891,-0.001649,-0.002481,-0.131600,-0.031385,0.073392,1.670984,0.991550,1.593034,1.008732,0,3.016334
29500.791861,2.091705,0.050279,-3.091265,-0.126004,0.664705,-0.000248,-0.000839,-0.043992,-0.038791,0.072995,1.630091,0.972080,1.553372,1.002857,0,3.060497
29500.830643,2.096438,0.048990,-2.748713,-0.111242,0.665194,-0.006630,0.009816,-0.268470,-0.046015,0.076424,1.583717,0.955056,1.506684,1.000045,0,3.104759
29500.836843,2.102679,0.042953,-2.418129,-0.105177,0.666440,0.006470,-0.010010,0.183556,-0.060967,0.067013,1.530346,0.939033,1.463333,1.000000,0,3.154608
29500.851861,2.111401,0.030853,-2.129087,-0.101709,0.665780,0.000033,-0.000896,-0.011383,-0.070668,0.079673,1.493007,0.929332,1.413333,1.000000,0,3.201878
29500.871859,2.117524,0.024205,-1.986196,-0.105598,0.667613,0.000102,0.000235,0.010988,-0.080789,0.076860,1.443526,0.919211,1.366667,1.000000,0,3.246005
29500.891860,2.125825,0.016751,-1.876149,-0.115258,0.668872,0.000658,0.000672,0.030723,-0.089673,0.069829,1.393162,0.910327,1.323333,1.000000,0,3.295356
29500.929359,2.134250,0.009961,-1.868761,-0.126222,0.669579,-0.005192,0.002564,0.136592,-0.095699,0.070273,1.343606,0.904301,1.273333,1.000000,0,3.345565
29500.934998,2.142552,0.006243,-1.915380,-0.136069,0.669837,0.007793,0.001863,0.013365,-0.101198,0.066601,1.289934,0.898802,1.223333,1.000000,0,3.397071
29500.951874,2.152106,0.005932,-1.952454,-0.148206,0.669853,0.000866,0.001511,0.063356,-0.102039,0.077400,1.247400,0.897961,1.170000,1.000000,0,3.444969
29500.971865,2.157355,0.002264,-2.077027,-0.161039,0.670591,0.000778,0.000597,0.027909,-0.102244,0.073058,1.196391,0.897756,1.123333,1.000000,0,3.491133
29500.991860,2.162395,-0.000216,-2.295470,-0.175609,0.671019,0.001479,0.002131,0.065590,-0.101318,0.068463,1.145130,0.898682,1.076667,1.000000,0,3.540964
29501.030962,2.166935,0.002195,-2.472809,-0.193093,0.671282,0.000615,-0.003544,0.227226,-0.097626,0.066521,1.093188,0.902374,1.026667,1.000000,0,3.590040
29501.036830,2.170001,0.004064,-2.654315,-0.209924,0.671051,0.002002,0.004811,-0.132872,-0.088895,0.058853,1.031244,0.908997,0.976614,1.000547,0,3.641140
29501.051880,2.171849,0.008541,-2.867391,-0.227084,0.668372,0.001462,0.001305,0.028728,-0.078276,0.075064,0.989522,0.916967,0.926738,1.005396,0,3.686578
29501.071860,2.171391,0.011137,-3.008574,-0.241489,0.667693,0.000962,0.000382,0.014944,-0.069308,0.074952,0.940934,0.928825,0.884090,1.013621,0,3.727105
29501.091921,2.168234,0.014691,-3.197259,-0.251876,0.666697,0.000832,0.000223,0.008922,-0.062580,0.073090,0.891941,0.943078,0.842316,1.025515,0,3.771988
29501.126443,2.163653,0.020058,-3.352899,-0.257520,0.665506,0.005916,-0.004513,0.062868,-0.060889,0.062818,0.835256,0.960183,0.801733,1.040990,0,3.820301
29501.132189,2.158349,0.026459,-3.469585,-0.261779,0.664126,-0.004671,0.004651,-0.049658,-0.052852,0.069614,0.791898,0.983100,0.756784,1.063141,0,3.868540
29501.151860,2.151634,0.032870,-3.547350,-0.260182,0.661546,0.001167,0.000429,0.003824,-0.056394,0.062442,0.736590,1.005947,0.717026,1.087779,0,3.916886
29501.171860,2.145271,0.038822,-3.590628,-0.262240,0.661779,0.000067,0.000037,0.002237,-0.046551,0.074179,0.703778,1.034733,0.677186,1.118174,0,3.963097
29501.191916,2.137161,0.043119,-3.615885,-0.256577,0.660589,0.000612,0.000088,-0.002929,-0.049229,0.067088,0.657620,1.065339,0.645267,1.147630,0,4.007433
29501.228395,2.129826,0.046491,-3.621779,-0.255209,0.659770,0.006630,-0.000449,-0.011040,-0.044480,0.072161,0.625393,1.098334,0.613893,1.182319,0,4.052235
29501.233688,2.121965,0.048416,-3.614112,-0.249618,0.658020,-0.006519,0.000262,0.010782,-0.049670,0.050789,0.575573,1.147043,0.587779,1.217026,0,4.103299
29501.251869,2.113449,0.049062,-3.597586,-0.247098,0.652693,0.001108,0.000031,-0.006681,-0.056874,0.068669,0.544651,1.172158,0.561525,1.259709,0,4.150304
29501.271844,2.107771,0.048797,-3.580012,-0.242775,0.650474,0.000386,-0.000021,-0.005394,-0.064101,0.073729,0.509444,1.211903,0.539675,1.304805,0,4.189071
29501.291862,2.101129,0.047802,-3.553287,-0.237424,0.647408,-0.000155,-0.000132,-0.006242,-0.068717,0.067540,0.483244,1.253093,0.526580,1.339148,0,4.231756
29501.328090,2.094483,0.046103,-3.521852,-0.225989,0.643490,0.003576,0.001990,-0.049942,-0.067695,0.072363,0.465907,1.294430,0.514406,1.380841,0,4.273014
29501.333958,2.088550,0.044260,-3.478924,-0.208197,0.639551,-0.004935,-0.003286,0.021403,-0.068857,0.059251,0.447912,1.350643,0.506420,1.420133,0,4.319160
29501.351899,2.082540,0.041123,-3.426623,-0.183187,0.631802,-0.000755,-0.001175,-0.060978,-0.068072,0.076258,0.438291,1.385969,0.501117,1.466604,0,4.362474
29501.371857,2.080585,0.041605,-3.327609,-0.157663,0.628919,-0.000889,-0.001080,-0.053320,-0.074692,0.078153,0.425308,1.431847,0.500000,1.510000,0,4.402491
29501.391871,2.080588,0.043040,-3.109131,-0.129477,0.625324,-0.000731,-0.001431,-0.073865,-0.080194,0.068619,0.419806,1.481381,0.500000,1.550000,0,4.450258
29501.425131,2.082999,0.043070,-2.810984,-0.100159,0.620274,-0.003942,0.004842,-0.306044,-0.085325,0.068430,0.414675,1.531570,0.500000,1.600000,0,4.500599
29501.431829,2.087745,0.041817,-2.427708,-0.071087,0.614543,0.003308,-0.009764,0.122069,-0.083773,0.073635,0.416227,1.576365,0.500000,1.650000,0,4.548616
29501.451856,2.093334,0.034135,-2.093029,-0.042040,0.610323,0.000001,-0.001962,-0.127318,-0.081826,0.065213,0.418174,1.631453,0.500000,1.696667,0,4.598535
29501.471836,2.101392,0.035456,-1.572453,-0.015467,0.603104,0.000403,-0.001455,-0.086831,-0.078436,0.065525,0.421564,1.681142,0.500000,1.746667,0,4.650590
29501.491835,2.110083,0.033587,-1.009384,0.007142,0.596494,0.000657,-0.001590,-0.085864,-0.069681,0.066602,0.430319,1.733398,0.500000,1.800000,0,4.702350
29501.531703,2.118963,0.028827,-0.507399,0.027872,0.588848,-0.007280,0.007540,-0.351387,-0.061587,0.065701,0.438413,1.784299,0.500000,1.850000,0,4.754776
29501.539161,2.127233,0.024430,-0.064164,0.039508,0.581831,0.008810,-0.009697,0.202278,-0.055311,0.045054,0.444689,1.858279,0.500000,1.903333,0,4.815983
29501.551867,2.138684,0.014368,0.318200,0.042131,0.573062,0.000321,-0.000562,-0.029981,-0.045921,0.075225,0.454079,1.888108,0.500000,1.963333,0,4.869503
29501.571857,2.143128,0.012469,0.449296,0.042562,0.571272,0.000455,-0.000022,-0.001410,-0.039367,0.076367,0.460633,1.940300,0.500000,2.016667,0,4.912813
29501.591862,2.149912,0.008849,0.615149,0.037087,0.566896,0.000391,0.000311,0.018320,-0.034061,0.068552,0.465939,1.991448,0.500000,2.060000,0,4.963679
29501.630588,2.156428,0.003792,0.672259,0.027725,0.561677,-0.004952,0.001610,0.078161,-0.031082,0.069765,0.468918,2.043569,0.500000,2.113333,0,5.015912
29501.637077,2.162665,-0.001305,0.629609,0.014611,0.555387,0.005618,0.000922,-0.006509,-0.032876,0.053256,0.467124,2.110078,0.500000,2.163333,0,5.074872
29501.651857,2.170092,-0.003282,0.557993,-0.009903,0.547063,0.000910,0.002959,0.107921,-0.022984,0.073424,0.477016,2.149909,0.500000,2.223333,0,5.128986
29501.671859,2.174596,-0.008924,0.391914,-0.032471,0.541182,0.000742,0.001169,0.070837,-0.018995,0.074251,0.481005,2.202415,0.500000,2.276667,0,5.176230
29501.691859,2.179399,-0.016772,-0.006723,-0.058307,0.534282,0.000984,0.001335,0.079536,-0.016146,0.066889,0.483854,2.256444,0.500000,2.323333,0,5.228903
29501.723604,2.183325,-0.019763,-0.435259,-0.088915,0.528346,0.000255,-0.002331,0.297330,-0.018747,0.065502,0.481253,2.311164,0.500000,2.376667,0,5.283059
29501.731831,2.185839,-0.021062,-0.893976,-0.124712,0.524110,0.002537,0.008390,-0.073463,-0.017554,0.066546,0.482446,2.363454,0.500000,2.430000,0,5.335771
29501.751851,2.187780,-0.016023,-1.242953,-0.158374,0.520513,0.001929,0.001979,0.097340,-0.013327,0.068405,0.486673,2.414928,0.500000,2.483333,0,5.387437
29501.771859,2.185617,-0.019694,-1.757845,-0.187551,0.517520,0.001638,0.001139,0.055823,-0.005983,0.067636,0.490415,2.469716,0.501351,2.536730,0,5.440157
29501.791858,2.180896,-0.018219,-2.251940,-0.216347,0.514848,0.001643,0.000963,0.044842,-0.000620,0.067614,0.495375,2.523343,0.508121,2.589748,0,5.493312
29501.823785,2.173619,-0.012939,-2.672971,-0.241230,0.511494,0.008314,-0.005363,0.183166,-0.000323,0.065726,0.501053,2.575469,0.519574,2.638532,0,5.544562
29501.831854,2.163554,-0.005548,-3.020656,-0.260499,0.508165,-0.005600,0.006777,-0.114566,-0.004849,0.063658,0.508552,2.631923,0.537107,2.689024,0,5.595786
29501.851855,2.152455,0.004121,-3.264696,-0.278215,0.504553,0.001266,0.000364,0.013338,-0.003935,0.062750,0.525458,2.680825,0.558352,2.734408,0,5.647243
29501.871842,2.137760,0.012260,-3.465854,-0.287542,0.500769,0.000942,0.000222,0.005414,-0.006360,0.064769,0.544331,2.730134,0.585897,2.780212,0,5.696658
29501.891857,2.121338,0.020274,-3.610501,-0.295355,0.498173,0.000671,0.000114,0.002231,-0.013108,0.061264,0.564846,2.778701,0.613893,2.817681,0,5.744703
29501.924558,2.103438,0.027313,-3.709038,-0.297295,0.495520,0.012174,-0.002732,0.020563,-0.016404,0.064041,0.590634,2.821239,0.647630,2.854733,0,5.791754
29501.931855,2.084260,0.032822,-3.771981,-0.292566,0.492836,-0.011959,0.002238,-0.019609,-0.025209,0.061209,0.619036,2.866684,0.682319,2.886107,0,5.838459
29501.951852,2.065379,0.036785,-3.804243,-0.287290,0.493143,-0.000847,-0.000291,-0.007000,-0.028208,0.062238,0.652434,2.902586,0.719788,2.914103,0,5.884098
29501.971855,2.046039,0.038825,-3.814399,-0.273744,0.492616,0.000082,-0.000044,-0.006356,-0.040036,0.063631,0.684667,2.943004,0.759709,2.938475,0,5.928287
29501.991851,2.028979,0.039740,-3.796792,-0.262981,0.495607,-0.000919,-0.000337,-0.010304,-0.048623,0.066641,0.718091,2.975347,0.798669,2.957674,0,5.969791
29502.026694,2.012338,0.038789,-3.763960,-0.246168,0.498603,0.009632,0.002566,-0.057812,-0.058679,0.065089,0.755252,3.006415,0.835988,2.972335,0,6.009525
29502.032880,1.998591,0.037191,-3.704167,-0.232122,0.503062,-0.009676,-0.003315,0.027139,-0.061586,0.062118,0.798761,3.027958,0.874361,2.983957,0,6.050979
29502.051850,1.985300,0.033544,-3.645048,-0.211710,0.505241,-0.001057,-0.000876,-0.028950,-0.069908,0.066512,0.839622,3.050907,0.916835,2.993035,0,6.091455
29502.071837,1.975785,0.031403,-3.534315,-0.197769,0.509978,-0.000438,-0.000467,-0.022382,-0.074909,0.066482,0.883875,3.066970,0.956607,2.998113,0,6.131352
29502.091854,1.968460,0.028615,-3.384128,-0.181881,0.514532,-0.000393,-0.000566,-0.028543,-0.071006,-0.081306,0.927327,3.085383,0.993316,2.999955,1,6.175560
29502.125098,1.963350,0.025044,-3.211284,-0.170208,0.521318,0.001015,0.003906,-0.119942,-0.098562,0.069051,0.967615,3.098562,1.036667,3.000000,1,6.219843
29502.131859,1.959830,0.020677,-3.028789,-0.162860,0.529935,-0.001718,-0.004859,0.073300,-0.110833,0.065961,1.014039,3.110833,1.080000,3.000000,1,6.263576
29502.151857,1.957650,0.014610,-2.885407,-0.156014,0.537538,-0.000514,-0.000416,-0.020731,-0.117404,0.066431,1.056902,3.117404,1.123333,3.000000,1,6.308851
29502.171858,1.957314,0.010464,-2.742485,-0.148023,0.544819,-0.000378,-0.000374,-0.018753,-0.124069,0.067926,1.102074,3.124069,1.170000,3.000000,1,6.353158
29502.191844,1.958454,0.007192,-2.608161,-0.142555,0.551438,-0.000112,-0.000258,-0.013313,-0.127564,0.065019,1.148314,3.127564,1.213333,3.000000,1,6.398113
29502.227903,1.960830,0.004418,-2.491178,-0.137351,0.556893,-0.003087,0.001172,-0.082572,-0.128410,0.063363,1.193304,3.128410,1.256667,3.000000,1,6.444169
29502.235310,1.963697,0.001535,-2.408036,-0.132352,0.561402,0.001954,-0.003202,0.000454,-0.125731,0.051448,1.251885,3.125731,1.303333,3.000000,1,6.494948
29502.251863,1.967162,-0.001574,-2.362251,-0.130491,0.563047,-0.000408,-0.000333,-0.015798,-0.122276,0.073531,1.283135,3.122276,1.356667,3.000000,1,6.539797
29502.271860,1.970371,-0.000960,-2.298595,-0.128577,0.566935,-0.000103,-0.000106,-0.005558,-0.118195,0.069482,1.330518,3.118195,1.400000,3.000000,1,6.578661
29502.291850,1.974867,-0.000986,-2.225541,-0.132829,0.570519,0.000161,0.000247,0.011476,-0.112343,0.063070,1.376930,3.112343,1.440000,3.000000,1,6.622572
29502.326810,1.979401,-0.002527,-2.194880,-0.140356,0.573829,-0.002899,0.000837,0.047133,-0.102304,0.063882,1.419451,3.102304,1.483333,3.000000,1,6.664825
29502.332777,1.983495,-0.004848,-2.219180,-0.149091,0.576975,0.003104,0.000413,-0.009818,-0.089885,0.062351,1.465307,3.092156,1.523386,2.999453,1,6.705629
29502.351874,1.987606,-0.005750,-2.260226,-0.160876,0.580024,0.001089,0.002209,0.067314,-0.076335,0.067160,1.510258,3.080145,1.566643,2.995539,1,6.746413
29502.371860,1.991219,-0.007009,-2.334340,-0.174419,0.583288,0.000979,0.001554,0.067388,-0.065618,0.066513,1.555066,3.066847,1.606134,2.988606,1,6.787748
29502.391857,1.993878,-0.009266,-2.459037,-0.189145,0.586595,0.000730,0.000824,0.034364,-0.056009,0.064424,1.599521,3.050811,1.644942,2.978531,1,6.830312
29502.429143,1.995277,-0.011266,-2.645280,-0.202993,0.589748,0.001389,-0.000829,0.182046,-0.046250,0.064857,1.642917,3.031197,1.685925,2.964146,1,6.873438
29502.434969,1.996319,-0.010075,-2.807867,-0.214498,0.592333,0.002045,0.004875,-0.044302,-0.039859,0.047820,1.700802,3.003402,1.725505,2.946259,1,6.924698
29502.451860,1.997972,-0.005804,-2.918605,-0.225538,0.590797,0.000800,0.000728,0.035569,-0.033999,0.069157,1.729044,2.987316,1.769041,2.921446,1,6.970983
29502.471854,1.996534,-0.006555,-3.049095,-0.232731,0.594068,0.000595,0.000258,0.009051,-0.031085,0.070620,1.770633,2.962381,1.807245,2.894462,1,7.009672
29502.491855,1.994112,-0.005821,-3.214645,-0.237074,0.597376,0.000440,0.000176,0.005903,-0.028797,0.065618,1.808952,2.934143,1.837864,2.868576,1,7.053523
29502.530815,1.991330,-0.003044,-3.342913,-0.237654,0.600023,0.003566,-0.003414,0.053610,-0.025768,0.062183,1.845552,2.901114,1.868576,2.837864,1,7.098793
29502.536173,1.988356,0.000687,-3.431767,-0.235211,0.601010,-0.002868,0.003332,-0.045942,-0.025164,0.047071,1.890166,2.854660,1.898534,2.801944,1,7.151549
29502.551858,1.984659,0.005128,-3.493246,-0.228899,0.596220,-0.000374,-0.000311,-0.011627,-0.021123,0.067858,1.909426,2.829461,1.926756,2.760537,1,7.198499
29502.571860,1.981863,0.007958,-3.505240,-0.220206,0.597267,-0.000078,-0.000252,-0.013135,-0.019107,0.072550,1.936498,2.790181,1.950691,2.716512,1,7.237692
29502.591859,1.979399,0.011433,-3.477941,-0.208386,0.595941,-0.000202,-0.000441,-0.021080,-0.020852,0.064024,1.961377,2.750033,1.965379,2.682819,1,7.281421
29502.627518,1.977659,0.014052,-3.414657,-0.194844,0.593867,0.000478,0.000427,-0.103155,-0.024379,0.059238,1.986075,2.705459,1.979489,2.641741,1,7.327456
29502.633349,1.977101,0.015911,-3.313996,-0.178198,0.589240,-0.000671,-0.001961,0.042373,-0.024120,0.064375,2.001904,2.664132,1.990636,2.596316,1,7.372996
29502.651858,1.976669,0.015292,-3.213349,-0.159701,0.586389,-0.000421,-0.001398,-0.051089,-0.029008,0.065653,2.019780,2.618274,1.997489,2.550048,1,7.417523
29502.671858,1.978313,0.017242,-3.033475,-0.140498,0.582633,-0.001167,-0.003472,-0.107268,-0.033102,0.066770,2.032162,2.573890,1.999955,2.506684,1,7.462926
29502.691933,1.980611,0.016179,-2.838046,-0.122507,0.580144,-0.000869,-0.002199,-0.108025,-0.043241,0.066413,2.043241,2.526413,2.000000,2.460000,1,7.508914
29502.733312,1.984499,0.016798,-2.595659,-0.103919,0.577319,-0.007337,0.002465,-0.366198,-0.045613,0.070150,2.045613,2.483484,2.000000,2.413333,1,7.554661
29502.739241,1.988879,0.014962,-2.329047,-0.087887,0.576421,0.004628,-0.010326,0.049130,-0.061445,0.043678,2.061445,2.413678,2.000000,2.370000,1,7.610229
29502.751864,1.995550,0.006918,-2.141051,-0.075111,0.570811,-0.000901,-0.002674,-0.090078,-0.062319,0.073548,2.062319,2.386881,2.000000,2.313333,1,7.660170
29502.771862,1.999291,0.010475,-1.951581,-0.066762,0.571842,-0.000096,-0.000461,-0.024917,-0.065260,0.075807,2.065260,2.339141,2.000000,2.263333,1,7.699583
29502.791915,2.006630,0.013716,-1.583685,-0.058601,0.571288,0.000157,-0.000524,-0.029498,-0.067342,0.067220,2.067342,2.290553,2.000000,2.223333,1,7.746910
29502.830136,2.014317,0.011340,-1.316098,-0.048151,0.569453,-0.007099,0.003082,-0.160891,-0.067808,0.066283,2.067808,2.242949,2.000000,2.176667,1,7.794951
29502.836930,2.021884,0.008942,-1.100876,-0.040917,0.568076,0.006686,-0.004007,0.082154,-0.073227,0.053866,2.073227,2.180533,2.000000,2.126667,1,7.849001
29502.851866,2.031232,0.005076,-0.933940,-0.039323,0.564724,0.000634,-0.000696,-0.016297,-0.068643,0.070772,2.068643,2.144105,2.000000,2.073333,1,7.899855
29502.871858,2.037527,0.004076,-0.843496,-0.033929,0.565624,0.000302,-0.000394,-0.022117,-0.067177,0.070355,2.067177,2.093688,2.000000,2.023333,1,7.944988
29502.891922,2.045485,0.003780,-0.734062,-0.029425,0.564915,0.000220,-0.000296,-0.016559,-0.067143,0.066288,2.067143,2.042955,2.000000,1.976667,1,7.995146
29502.929508,2.053320,0.003502,-0.635223,-0.029803,0.564442,-0.006143,0.001170,-0.026389,-0.066216,0.065605,2.066216,1.992272,2.000000,1.926667,1,8.046194
29502.936031,2.061073,0.002343,-0.570370,-0.033522,0.563849,0.006831,-0.000494,0.032559,-0.069488,0.051741,2.069488,1.928408,2.000000,1.876667,1,8.102813
29502.951868,2.070264,0.000859,-0.537055,-0.047320,0.561490,0.000501,0.001642,0.062016,-0.063189,0.070604,2.063189,1.890604,2.000000,1.820000,1,8.154638
29502.971856,2.075949,-0.002283,-0.584682,-0.057834,0.561348,0.000511,0.000663,0.034598,-0.062479,0.068906,2.062479,1.838906,2.000000,1.770000,1,8.201052
29502.991856,2.082587,-0.006784,-0.750340,-0.072451,0.559622,0.000691,0.000971,0.049609,-0.060896,0.064017,2.060896,1.787350,2.000000,1.723333,1,8.252119
29503.028427,2.088702,-0.009313,-0.946778,-0.089511,0.557712,-0.003087,-0.001348,0.200135,-0.058383,0.065768,2.058383,1.735768,2.000000,1.670000,1,8.303435
29503.034444,2.093898,-0.011233,-1.179604,-0.111269,0.556375,0.005084,0.004711,-0.094962,-0.062593,0.049944,2.062593,1.669944,2.000000,1.620000,1,8.360596
29503.051856,2.099838,-0.008870,-1.394258,-0.144015,0.554625,0.002507,0.006186,0.203584,-0.052715,0.066861,2.052715,1.630195,2.000000,1.563333,1,8.412901
29503.071857,2.102612,-0.010160,-1.585116,-0.167211,0.555258,0.002346,0.002985,0.142357,-0.047168,0.067484,2.047168,1.577484,2.000000,1.510000,1,8.458207
29503.091858,2.103481,-0.014884,-1.928056,-0.194288,0.555632,0.001513,0.001257,0.055333,-0.034331,0.059768,2.037130,1.523945,1.998883,1.466604,1,8.508298
29503.129971,2.101487,-0.017306,-2.354514,-0.219441,0.554303,0.006460,-0.005713,0.295007,-0.026604,0.063499,2.029651,1.471484,1.992468,1.413542,1,8.559289
29503.135471,2.097561,-0.015000,-2.734329,-0.240060,0.553352,-0.003838,0.007567,-0.217946,-0.028979,0.050204,2.022825,1.405170,1.981341,1.364682,1,8.614418
29503.151869,2.091649,-0.006913,-3.060811,-0.262045,0.551212,0.002097,0.001156,0.047172,-0.018641,0.065438,2.005784,1.367889,1.964146,1.314075,1,8.665337
29503.171860,2.085584,-0.002200,-3.239387,-0.274284,0.548876,0.001037,0.000305,0.008643,-0.018684,0.069584,1.990774,1.318296,1.941648,1.265592,1,8.709705
29503.191857,2.075210,0.003194,-3.452589,-0.282140,0.546670,0.000813,0.000173,0.004944,-0.020583,0.063645,1.971517,1.270373,1.919638,1.228148,1,8.756674
29503.233751,2.063538,0.009614,-3.607784,-0.285643,0.545050,0.015400,-0.005821,0.070958,-0.022777,0.061096,1.948139,1.223957,1.892400,1.190125,1,8.804350
29503.239553,2.050963,0.016019,-3.712699,-0.283503,0.543292,-0.014588,0.005703,-0.056734,-0.032277,0.044548,1.915833,1.164759,1.861727,1.154814,1,8.858522
29503.251858,2.032511,0.023459,-3.791074,-0.273280,0.539798,0.000053,-0.000330,-0.007646,-0.027776,0.073142,1.894215,1.141542,1.820255,1.116025,1,8.904809
29503.271859,2.024605,0.025874,-3.805826,-0.262320,0.541988,-0.000393,-0.000220,-0.009590,-0.032362,0.071823,1.863157,1.104165,1.785723,1.089680,1,8.941895
29503.291864,2.012320,0.029298,-3.794232,-0.249196,0.543925,0.000018,-0.000120,-0.010286,-0.035567,0.069233,1.829651,1.072267,1.751927,1.068106,1,8.983243
29503.328208,2.001753,0.031387,-3.748511,-0.239893,0.547285,0.006926,0.001506,-0.064429,-0.040853,0.065334,1.793092,1.040775,1.716512,1.049309,1,9.025531
29503.334140,1.991701,0.031354,-3.686248,-0.223528,0.548951,-0.008326,-0.002943,0.039804,-0.049624,0.057429,1.747835,1.006074,1.676581,1.032219,1,9.071701
29503.351890,1.981131,0.028751,-3.611060,-0.207373,0.549883,-0.000608,-0.001501,-0.059224,-0.050947,0.071595,1.714609,0.987543,1.632098,1.017765,1,9.113121
29503.371857,1.975655,0.027248,-3.536204,-0.192427,0.553384,-0.000978,-0.001073,-0.051057,-0.057061,0.067629,1.670099,0.965250,1.593034,1.008732,1,9.151572
29503.391856,1.971081,0.026301,-3.396663,-0.182735,0.557616,-0.000308,-0.000426,-0.020411,-0.065295,0.065748,1.629421,0.945806,1.556694,1.003225,1,9.192348
29503.429376,1.968545,0.024221,-3.220371,-0.170034,0.562261,-0.000241,0.004702,-0.150360,-0.074633,0.069966,1.585303,0.927443,1.513367,1.000179,1,9.233044
29503.435012,1.967494,0.020757,-3.042222,-0.162604,0.567808,-0.000193,-0.005723,0.106730,-0.091350,0.060548,1.533881,0.908650,1.473333,1.000000,1,9.279658
29503.451856,1.967497,0.014347,-2.875802,-0.154475,0.571853,-0.000575,-0.000423,-0.027746,-0.099673,0.071299,1.497966,0.900327,1.426667,1.000000,1,9.324751
29503.471865,1.968686,0.011695,-2.760487,-0.148893,0.579203,-0.000383,-0.000283,-0.013869,-0.109059,0.067848,1.451181,0.890941,1.383333,1.000000,1,9.367141
29503.491864,1.971428,0.008741,-2.623088,-0.146219,0.585891,-0.000137,-0.000130,-0.006970,-0.117469,0.063396,1.403396,0.882531,1.340000,1.000000,1,9.414021
29503.528368,1.975124,0.005550,-2.519471,-0.145254,0.591760,-0.003492,0.001997,-0.034470,-0.124044,0.062215,1.355549,0.875956,1.293333,1.000000,1,9.462288
29503.534061,1.979605,0.002653,-2.451935,-0.143655,0.596350,0.004432,-0.002038,0.025092,-0.127079,0.053950,1.297283,0.872921,1.243333,1.000000,1,9.514165
29503.551863,1.985402,0.000032,-2.410333,-0.140642,0.597583,-0.000676,-0.000288,-0.014427,-0.126814,0.068968,1.262302,0.873186,1.193333,1.000000,1,9.560894
29503.571868,1.989304,-0.000596,-2.386070,-0.140036,0.601291,-0.000035,-0.000014,-0.001384,-0.127991,0.069300,1.215967,0.872009,1.146667,1.000000,1,9.602361
29503.591855,1.994623,-0.000784,-2.353681,-0.143770,0.604893,0.000414,0.000748,0.021871,-0.124338,0.061535,1.164868,0.875662,1.103333,1.000000,1,9.649475
29503.630535,2.000194,-0.001148,-2.336082,-0.150355,0.607517,-0.003984,0.000623,0.064902,-0.118613,0.059551,1.116218,0.881387,1.056667,1.000000,1,9.696722
29503.636466,2.005318,-0.002723,-2.360177,-0.159047,0.610546,0.004805,0.000586,-0.023858,-0.107466,0.045857,1.055857,0.892534,1.010000,1.000000,1,9.745797
29503.651868,2.011315,-0.003347,-2.416148,-0.170659,0.610174,0.001546,0.003257,0.086671,-0.097494,0.066519,1.018431,0.899098,0.959938,1.001608,1,9.789251
29503.671857,2.015160,-0.002742,-2.441598,-0.182753,0.613437,0.001412,0.001654,0.074000,-0.084963,0.065728,0.967516,0.912253,0.916835,1.006965,1,9.829397
29503.691862,2.018588,-0.005491,-2.555754,-0.197848,0.615801,0.000723,0.000714,0.030544,-0.073798,0.064277,0.921854,0.927926,0.877598,1.015214,1,9.873710
29503.727451,2.020206,-0.007853,-2.745129,-0.211413,0.618346,0.000656,-0.002062,0.141033,-0.064350,0.069109,0.880164,0.944206,0.835988,1.027665,1,9.915179
29503.733336,2.020838,-0.007624,-2.934070,-0.220602,0.621159,0.000597,0.002897,-0.088557,-0.058959,0.066033,0.831778,0.962881,0.795614,1.043682,1,9.958187
29503.751872,2.021204,-0.004645,-3.083606,-0.230546,0.623731,0.001219,0.001515,0.029453,-0.056778,0.059812,0.784875,0.982989,0.759709,1.061525,1,10.004275
29503.771862,2.020831,-0.001227,-3.203937,-0.239419,0.626077,0.001033,0.000689,0.026803,-0.052917,0.061218,0.740833,1.007763,0.719788,1.085897,1,10.049888
29503.791855,2.019222,0.001539,-3.317082,-0.246652,0.628423,0.000654,0.000255,0.007941,-0.052153,0.063000,0.697833,1.033591,0.682319,1.113893,1,10.094676
29503.828711,2.016514,0.004206,-3.428186,-0.249710,0.630606,0.003537,-0.002928,0.052203,-0.047208,0.065159,0.663498,1.063596,0.650009,1.142920,1,10.138152
29503.835157,2.013114,0.007479,-3.514271,-0.246185,0.631345,-0.002968,0.003005,-0.047388,-0.050599,0.047715,0.612969,1.105484,0.620340,1.174641,1,10.187862
29503.851883,2.009041,0.011754,-3.580182,-0.242716,0.628368,0.000202,-0.000234,-0.005256,-0.051874,0.066677,0.585212,1.129917,0.589680,1.214277,1,10.233498
29503.871861,2.006236,0.014663,-3.596184,-0.237321,0.628692,0.000022,-0.000112,-0.006436,-0.046510,0.068633,0.558077,1.171232,0.564776,1.253869,1,10.272359
29503.891879,2.003004,0.017767,-3.588674,-0.229077,0.626926,0.000188,-0.000175,-0.011917,-0.061826,0.062656,0.516747,1.206674,0.546455,1.289533,1,10.316442
29503.926667,2.000446,0.020070,-3.557257,-0.222064,0.625504,0.001652,0.000170,-0.049081,-0.064906,0.065585,0.491215,1.245916,0.529900,1.329688,1,10.358880
29503.932574,1.998132,0.021304,-3.505972,-0.210580,0.624095,-0.001721,-0.001028,0.022047,-0.063997,0.068411,0.472691,1.288535,0.516893,1.371129,1,10.399393
29503.951837,1.996054,0.020958,-3.454402,-0.194775,0.621479,-0.000607,-0.000809,-0.033060,-0.061448,0.065761,0.459475,1.334529,0.508121,1.410252,1,10.441422
29503.971839,1.995610,0.022043,-3.350450,-0.173994,0.616744,-0.000386,-0.000863,-0.043075,-0.065279,0.064209,0.443987,1.379532,0.502511,1.449952,1,10.484759
29503.991831,1.997012,0.023402,-3.182849,-0.149856,0.612424,-0.000859,-0.002070,-0.084537,-0.062236,0.066237,0.438700,1.426253,0.500045,1.493316,1,10.529870
29504.052203,1.999744,0.023576,-2.975146,-0.120229,0.607317,-0.007079,0.010291,-0.284352,-0.073895,0.025042,0.426105,1.514958,0.500000,1.540000,1,10.594823
29504.061755,2.009513,0.023131,-2.428105,-0.081102,0.597317,0.007001,-0.015698,0.040938,-0.083684,0.001640,0.416316,1.601694,0.500000,1.603333,1,10.679320
29504.081746,2.020145,0.010857,-2.124081,-0.045189,0.587317,-0.000533,-0.009294,-0.303726,-0.075416,0.037132,0.424584,1.652868,0.500000,1.690000,1,10.751088
29504.122959,2.028205,0.014413,-1.790438,-0.012686,0.580167,-0.009045,0.001299,-0.730005,-0.072764,0.058080,0.427236,1.701920,0.500000,1.760000,1,10.805075
29504.128546,2.036533,0.022502,-1.306008,0.013750,0.573995,0.008415,-0.005696,0.371608,-0.054750,0.048256,0.445250,1.768410,0.500000,1.816667,1,10.862228
29504.141751,2.047109,0.022549,-0.676472,0.038444,0.564075,0.001654,-0.003469,-0.050817,-0.054064,0.069433,0.445936,1.803900,0.500000,1.873333,1,10.914349
29504.161790,2.053293,0.025092,-0.236763,0.051186,0.560309,-0.000643,-0.001903,-0.175724,-0.047430,0.075616,0.452570,1.847718,0.500000,1.923333,1,10.956533
29504.181749,2.059211,0.023874,0.168070,0.054525,0.557450,0.002669,-0.005482,-0.088329,-0.037854,0.058925,0.462146,1.907741,0.500000,1.966667,1,11.007540
29504.224317,2.068310,0.015139,0.491540,0.053542,0.551534,-0.005345,0.001079,-0.246716,-0.027321,0.059335,0.472679,1.957332,0.500000,2.016667,1,11.062061
29504.230107,2.075803,0.008877,0.608624,0.049922,0.546684,0.009067,-0.005263,0.005473,-0.024565,0.037449,0.475435,2.035884,0.500000,2.073333,1,11.126084
29504.241774,2.086529,0.003608,0.663303,0.028777,0.538772,0.000110,0.003764,0.095995,-0.022791,0.075787,0.477209,2.060880,0.500000,2.136667,1,11.180547
29504.261735,2.089932,0.004181,0.715743,0.011541,0.536791,0.000315,0.009901,0.318278,-0.021792,0.077214,0.478208,2.112786,0.500000,2.190000,1,11.221077
29504.281761,2.095859,0.004141,0.797239,-0.013765,0.532657,0.000682,0.016471,0.530124,-0.019862,0.066112,0.480138,2.163888,0.500000,2.230000,1,11.271172
29504.326334,2.101615,0.002844,0.841209,-0.042651,0.528342,-0.004650,0.021205,1.267201,-0.017406,0.073922,0.482594,2.206078,0.500000,2.280000,1,11.318775
29504.332126,2.106123,0.001822,0.859832,-0.071388,0.524835,0.008253,0.013334,0.325762,-0.013855,0.039744,0.486145,2.290256,0.500000,2.330000,1,11.379738
29504.341791,2.114854,0.000426,0.875437,-0.111388,0.515238,0.002957,0.016486,0.432362,-0.013580,0.074347,0.486420,2.315653,0.500000,2.390000,1,11.435320
29504.361780,2.116879,-0.009085,0.687276,-0.149211,0.511801,0.003521,0.007779,0.369399,-0.013421,0.089240,0.486579,2.357426,0.500000,2.446667,1,11.471984
29504.381762,2.115945,-0.037065,-0.261298,-0.177277,0.508759,0.006106,0.012459,0.206224,-0.010721,0.066363,0.489279,2.416971,0.500000,2.483333,1,11.520357
29504.426085,2.116586,-0.035716,-1.203947,-0.205426,0.503759,0.016160,-0.000443,1.157895,-0.006902,0.069723,0.489823,2.460879,0.500904,2.530061,1,11.571312
29504.431786,2.117790,-0.026263,-1.549257,-0.230477,0.502706,0.005843,0.021347,-0.042748,-0.002291,0.035854,0.498431,2.544839,0.506420,2.579867,1,11.632666
29504.441739,2.120664,-0.008944,-1.838335,-0.252696,0.494473,0.004658,0.008124,0.187777,0.002120,0.071899,0.502162,2.572190,0.520511,2.641741,1,11.688730
29504.461744,2.118709,-0.009810,-1.989620,-0.270080,0.492608,0.001801,0.000412,0.012569,0.008366,0.079504,0.516339,2.618733,0.539675,2.695195,1,11.729157
29504.481749,2.106096,-0.020256,-2.600716,-0.273263,0.488314,0.001218,0.000251,0.003624,0.003519,0.065735,0.529485,2.671553,0.556795,2.731451,1,11.777945
29504.548922,2.093259,-0.017232,-3.069601,-0.278316,0.486989,0.031085,-0.018249,0.264780,0.005946,0.037042,0.565211,2.737531,0.580362,2.771852,1,11.839147
29504.556630,2.074294,-0.004675,-3.484081,-0.274221,0.482987,-0.027171,0.016283,-0.205913,-0.006735,-0.010574,0.619858,2.835237,0.618174,2.822814,1,11.925552
29504.576713,2.041466,0.015615,-3.762640,-0.267773,0.475368,0.000566,-0.000056,-0.005858,-0.016502,0.027750,0.647865,2.878874,0.679745,2.883975,1,12.002574
29504.596717,2.026288,0.022403,-3.792003,-0.264072,0.476887,0.000194,0.000005,-0.003067,-0.017178,0.056882,0.684722,2.913894,0.742322,2.928488,1,12.052087
29504.655783,2.010980,0.026684,-3.786914,-0.257847,0.478560,0.014389,0.002602,-0.030462,-0.035826,0.011935,0.760416,2.979429,0.786506,2.952129,1,12.118107
29504.665108,1.982163,0.028170,-3.725818,-0.250176,0.475965,-0.013157,-0.003068,0.016828,-0.048007,0.018873,0.812707,3.015354,0.845492,2.975528,1,12.189252
29504.685184,1.962530,0.024509,-3.686457,-0.237228,0.476607,-0.000815,-0.001083,-0.035311,-0.056620,0.055057,0.853128,3.039709,0.916835,2.993035,1,12.237098
29504.723735,1.949829,0.021453,-3.651552,-0.225534,0.481382,0.007804,0.002723,-0.102240,-0.065316,0.064047,0.894597,3.059084,0.963270,2.998649,1,12.276824
29504.729297,1.938766,0.019206,-3.588626,-0.209681,0.486378,-0.008723,-0.003878,0.050641,-0.083191,0.048069,0.951931,3.083191,1.000000,3.000000,2,12.326849
29504.745171,1.927891,0.015597,-3.495616,-0.189786,0.491394,-0.001998,-0.002684,-0.076648,-0.090070,0.066027,0.983973,3.090070,1.050000,3.000000,2,12.375089
29504.765196,1.921905,0.013995,-3.408961,-0.169613,0.499682,-0.001337,-0.001861,-0.070545,-0.099409,0.070339,1.026328,3.099409,1.096667,3.000000,2,12.414805
29504.785185,1.918087,0.014698,-3.200429,-0.148094,0.506334,-0.001811,-0.003808,-0.115373,-0.106182,0.064833,1.071833,3.106182,1.136667,3.000000,2,12.458749
29504.826310,1.916051,0.012709,-2.976372,-0.131765,0.512465,-0.003095,0.003901,-0.348196,-0.109396,0.063153,1.116847,3.109396,1.180000,3.000000,2,12.503455
29504.831867,1.916034,0.011824,-2.722679,-0.116516,0.517115,0.001679,-0.006621,0.220657,-0.111383,0.043579,1.183087,3.111383,1.226667,3.000000,2,12.557154
29504.845186,1.918599,0.006776,-2.380192,-0.106631,0.517365,-0.001128,-0.002726,-0.096013,-0.109676,0.073934,1.206066,3.109676,1.280000,3.000000,2,12.602610
29504.865188,1.920033,0.004849,-2.261089,-0.099584,0.522057,-0.000310,-0.000487,-0.023045,-0.107487,0.073338,1.249995,3.107487,1.323333,3.000000,2,12.637688
29504.885189,1.924249,0.005075,-1.988238,-0.098523,0.525515,0.000023,-0.000066,-0.003588,-0.102098,0.064502,1.295498,3.102098,1.360000,3.000000,2,12.680898
29504.925713,1.928900,0.001772,-1.808387,-0.101406,0.528247,-0.004685,0.003447,-0.011798,-0.095424,0.063692,1.339641,3.095424,1.403333,3.000000,2,12.724503
29504.931576,1.933625,-0.001980,-1.711940,-0.108056,0.531154,0.005564,-0.001449,0.060122,-0.083798,0.040568,1.406098,3.083798,1.446667,3.000000,2,12.776910
29504.945199,1.940443,-0.005420,-1.657609,-0.122737,0.529401,0.000345,0.002994,0.084466,-0.078317,0.071249,1.428751,3.078317,1.500000,3.000000,2,12.820335
29504.965194,1.942945,-0.007960,-1.685034,-0.134115,0.533223,0.000709,0.002243,0.067924,-0.062407,0.076470,1.472627,3.066922,1.543393,2.998113,2,12.852736
29504.985191,1.946350,-0.012809,-1.839323,-0.147955,0.536478,0.001434,0.005009,0.152550,-0.051818,0.064580,1.516971,3.055324,1.573262,2.994604,2,12.893500
29505.025970,1.949834,-0.012645,-1.937938,-0.167347,0.539820,0.001730,0.007056,0.467193,-0.041862,0.064883,1.562499,3.042142,1.615910,2.986379,2,12.936711
29505.032049,1.953407,-0.011239,-1.998309,-0.189662,0.542539,0.005865,0.007479,0.103722,-0.031441,0.042568,1.627203,3.017746,1.657684,2.974485,2,12.990621
29505.045196,1.958704,-0.008745,-2.025442,-0.215718,0.541215,0.003678,0.008704,0.241952,-0.025010,0.075555,1.649061,3.009043,1.707431,2.954942,2,13.035598
29505.065189,1.959526,-0.011634,-2.104060,-0.234163,0.543551,0.002047,0.001731,0.048408,-0.019451,0.074020,1.691275,2.988592,1.746131,2.935224,2,13.070621
29505.085190,1.956109,-0.023535,-2.559070,-0.244976,0.543717,0.002941,0.003037,0.086835,-0.017051,0.065772,1.732181,2.966648,1.777438,2.915967,2,13.114632
29505.125997,1.953584,-0.023203,-2.886235,-0.251260,0.543620,0.009307,-0.001658,0.323849,-0.015320,0.063994,1.772109,2.942274,1.812491,2.890320,2,13.158710
29505.131880,1.951206,-0.018427,-3.096181,-0.254439,0.544000,-0.000881,0.008207,-0.066250,-0.016769,0.036011,1.830710,2.898720,1.845186,2.861727,2,13.214138
29505.145192,1.948443,-0.010276,-3.242949,-0.249792,0.538366,0.001888,0.001775,0.058401,-0.012457,0.071218,1.847926,2.882925,1.883975,2.820255,2,13.262049
29505.165190,1.945908,-0.008481,-3.296848,-0.246159,0.541584,0.000228,-0.000078,-0.006377,-0.010616,0.073387,1.879440,2.849485,1.912221,2.782974,2,13.297791
29505.185188,1.939997,-0.007635,-3.430861,-0.236411,0.541699,0.000004,-0.000328,-0.016047,-0.012747,0.063602,1.910859,2.813289,1.931894,2.751927,2,13.341628
29505.225926,1.934887,-0.004302,-3.500484,-0.224111,0.541247,0.003669,-0.003437,-0.066860,-0.012198,0.065279,1.935285,2.777731,1.952129,2.713494,2,13.384948
29505.232130,1.929934,-0.000973,-3.522362,-0.208727,0.541298,-0.006084,0.000089,-0.042555,-0.017158,0.042053,1.970456,2.718844,1.968951,2.673450,2,13.437008
29505.245205,1.923068,0.001498,-3.533181,-0.184330,0.534204,-0.002110,-0.004483,-0.119704,-0.013317,0.074236,1.979525,2.697639,1.984786,2.622402,2,13.481693
29505.265197,1.920481,0.003643,-3.498498,-0.164428,0.535914,-0.001334,-0.003380,-0.104131,-0.014076,0.074226,1.995619,2.655389,1.993580,2.579867,2,13.516271
29505.285169,1.919987,0.010322,-3.272694,-0.141794,0.535214,-0.001952,-0.003908,-0.154736,-0.017921,0.063958,2.009679,2.612074,1.997812,2.546721,2,13.558864
29505.350766,1.920217,0.013300,-3.026793,-0.119210,0.533875,-0.005698,0.011392,-0.327448,-0.024617,0.030720,2.024400,2.534226,1.999989,2.503342,2,13.617341
29505.364293,1.925729,0.014281,-2.396815,-0.090305,0.524919,0.004659,-0.015690,0.041655,-0.031405,-0.005960,2.031405,2.437373,2.000000,2.443333,2,13.701583
29505.384310,1.933597,0.000196,-2.039269,-0.057581,0.516121,-0.001764,-0.006682,-0.277732,-0.032773,0.032649,2.032773,2.392649,2.000000,2.360000,2,13.774806
29505.448420,1.937803,0.004631,-1.799829,-0.038446,0.512199,-0.009161,0.008608,-0.346112,-0.035713,0.029982,2.035713,2.316648,2.000000,2.286667,2,13.837636
29505.457763,1.947167,0.012556,-1.089164,-0.023982,0.504660,0.010363,-0.010995,0.175281,-0.032795,-0.005749,2.032795,2.217584,2.000000,2.223333,2,13.922290
29505.477781,1.960125,0.002345,-0.717418,-0.006003,0.496608,0.000378,-0.001736,-0.082635,-0.032120,0.030954,2.032120,2.170954,2.000000,2.140000,2,13.997476
29505.524220,1.965670,0.006368,-0.490154,0.002335,0.494258,-0.007211,0.001521,-0.270776,-0.030235,0.069991,2.030235,2.133325,2.000000,2.063333,2,14.044451
29505.530343,1.969870,0.007072,-0.316727,0.005453,0.495586,0.006753,-0.004685,0.078631,-0.027522,0.046374,2.027522,2.063040,2.000000,2.016667,2,14.097875
29505.537807,1.978146,0.003403,-0.157887,0.006929,0.489579,0.000617,-0.001456,-0.033044,-0.029339,0.075397,2.029339,2.038731,2.000000,1.963333,2,14.146519
29505.557812,1.980456,0.003216,-0.128172,0.004324,0.493492,0.001303,-0.000091,0.018827,-0.025210,0.070171,2.025210,1.983504,2.000000,1.913333,2,14.187314
29505.577810,1.986494,0.003804,-0.004222,0.000230,0.492358,0.000367,0.001063,0.033049,-0.025302,0.062843,2.025302,1.936177,2.000000,1.873333,2,14.237547
29505.626296,1.991461,0.002531,0.039713,-0.008435,0.491685,-0.005796,0.003587,0.167034,-0.022332,0.065100,2.022332,1.888434,2.000000,1.823333,2,14.285502
29505.632111,1.996378,0.001448,0.056714,-0.020321,0.490343,0.006631,0.002650,0.079754,-0.017829,0.033025,2.017829,1.809692,2.000000,1.776667,2,14.346915
29505.637812,2.004210,0.000725,0.070672,-0.042680,0.483698,0.000931,0.005654,0.123376,-0.017488,0.080323,2.017488,1.793657,2.000000,1.713333,2,14.396865
29505.657808,2.005972,0.000408,0.067150,-0.059660,0.483579,0.000487,0.005334,0.206802,-0.015796,0.090195,2.015796,1.753528,2.000000,1.663333,2,14.427801
29505.677812,2.008782,-0.010663,-0.236882,-0.077330,0.482768,0.002557,0.008976,0.231682,-0.012217,0.064473,2.012217,1.697806,2.000000,1.633333,2,14.473453
29505.725510,2.013026,-0.011499,-0.527047,-0.101489,0.480213,0.000098,-0.001690,0.571457,-0.009589,0.062477,2.009589,1.649143,2.000000,1.586667,2,14.525193
29505.732161,2.014778,-0.019378,-0.919292,-0.128244,0.478393,0.002608,0.005986,-0.324280,-0.005925,0.034616,2.005925,1.571283,2.000000,1.536667,2,14.586867
29505.737808,2.016803,-0.017991,-1.462105,-0.161560,0.471661,0.001681,0.005788,0.092807,-0.000727,0.082128,2.004401,1.555248,1.999285,1.473276,2,14.635877
29505.757806,2.017197,-0.016054,-1.535464,-0.184482,0.474016,0.001416,0.001044,0.054050,0.008431,0.080288,1.998027,1.507395,1.994604,1.426738,2,14.670268
29505.777810,2.012621,-0.025521,-2.062946,-0.204339,0.475442,0.001907,0.002788,0.083502,0.011105,0.069585,1.992274,1.460930,1.987885,1.390602,2,14.715980
29505.824013,2.007748,-0.023951,-2.463739,-0.225250,0.477750,0.014106,-0.002969,0.468716,0.013000,0.065473,1.983975,1.415010,1.976550,1.348673,2,14.762593
29505.829652,2.003103,-0.017886,-2.710968,-0.244391,0.479196,-0.002981,0.010207,-0.050250,0.018561,0.042904,1.959986,1.351551,1.960325,1.304805,2,14.818533
29505.837805,1.997178,-0.008785,-2.872569,-0.256710,0.475369,0.002332,0.003056,0.073591,0.018027,0.080899,1.959356,1.333161,1.935224,1.253869,2,14.863621
29505.857806,1.994548,-0.008377,-2.929411,-0.266693,0.477809,0.000747,0.002007,0.005927,0.016821,0.072078,1.937705,1.283040,1.910320,1.214277,2,14.900810
29505.877803,1.982628,-0.010356,-3.221122,-0.268659,0.476724,0.002779,0.002053,0.057071,0.015276,0.063796,1.916565,1.244068,1.888222,1.184907,2,14.948667
29505.925076,1.972882,-0.007365,-3.382793,-0.267360,0.477450,0.019348,-0.002549,0.187881,0.014693,0.064866,1.891992,1.206619,1.857080,1.150009,2,14.993994
29505.930983,1.963091,-0.003400,-3.487746,-0.260076,0.478524,-0.012369,0.004849,-0.047343,0.012590,0.036867,1.842839,1.151591,1.822814,1.118174,2,15.051661
29505.937825,1.947247,0.002014,-3.568959,-0.246042,0.474671,-0.000896,-0.000369,-0.011418,0.016635,0.076677,1.831997,1.140419,1.777438,1.084033,2,15.098459
29505.957806,1.942681,0.002362,-3.590421,-0.234818,0.479697,0.000957,-0.001438,-0.033390,0.016504,0.086387,1.805553,1.115464,1.737355,1.059929,2,15.126607
29505.977810,1.934354,0.003840,-3.604853,-0.223473,0.485172,-0.002551,-0.002571,-0.074609,0.012193,0.072140,1.770772,1.087881,1.710467,1.046455,2,15.164770
29506.023843,1.923966,0.004654,-3.610970,-0.209286,0.489456,0.001956,-0.003269,-0.259224,0.006518,0.057770,1.728327,1.058719,1.676581,1.032219,2,15.211000
29506.029709,1.911669,0.004340,-3.610009,-0.189160,0.491137,-0.014749,-0.005111,-0.069104,-0.001904,0.033485,1.664896,1.024776,1.632098,1.017765,2,15.268715
29506.037805,1.895914,0.002508,-3.603715,-0.158900,0.487377,-0.001318,-0.003590,-0.084742,0.001664,0.075420,1.650842,1.019091,1.576566,1.005897,2,15.312561
29506.057793,1.894474,0.006579,-3.502576,-0.138425,0.494176,-0.000363,-0.000891,-0.047722,-0.003344,0.077123,1.610571,1.002931,1.533396,1.001117,2,15.342897
29506.077805,1.894941,0.018380,-3.033304,-0.120438,0.499737,-0.001046,-0.003824,-0.117164,-0.011689,0.065365,1.568784,0.988759,1.503342,1.000011,2,15.383639
29506.124454,1.895562,0.015937,-2.671404,-0.104033,0.503980,-0.006788,0.004565,-0.595006,-0.021210,0.074563,1.534563,0.978790,1.460000,1.000000,2,15.423264
29506.129764,1.896023,0.009377,-2.486923,-0.090808,0.509828,-0.000980,-0.014555,0.035835,-0.036136,0.042522,1.462522,0.963864,1.420000,1.000000,2,15.474912
29506.137804,1.896327,-0.002483,-2.300590,-0.088182,0.509200,-0.001835,-0.006534,-0.148904,-0.042167,0.080197,1.450197,0.957833,1.370000,1.000000,2,15.518371
29506.157805,1.896685,-0.003781,-2.263060,-0.088071,0.515710,-0.004310,-0.011572,-0.344365,-0.048286,0.079087,1.405753,0.951714,1.326667,1.000000,2,15.549138
29506.177804,1.897925,-0.007710,-2.224135,-0.088926,0.520592,-0.004601,-0.011687,-0.354434,-0.054786,0.063205,1.359871,0.945214,1.296667,1.000000,2,15.592465
29506.224481,1.899255,-0.010201,-2.225008,-0.091693,0.524421,-0.011914,-0.009689,-0.567879,-0.059171,0.061710,1.315043,0.940829,1.253333,1.000000,2,15.637872
29506.231148,1.900661,-0.011198,-2.230840,-0.095878,0.527344,-0.000053,-0.005494,-0.123982,-0.062312,0.028516,1.235183,0.937688,1.206667,1.000000,2,15.697415
29506.237800,1.902774,-0.011496,-2.239679,-0.109448,0.524091,0.000132,0.000977,0.018022,-0.062105,0.073241,1.219908,0.937895,1.146667,1.000000,2,15.746296
29506.257802,1.904707,-0.006980,-2.145872,-0.118191,0.527890,0.000098,0.001942,0.059008,-0.062558,0.074509,1.174509,0.937442,1.100000,1.000000,2,15.779425
29506.277774,1.909256,-0.004287,-1.987611,-0.134366,0.530789,0.000267,0.001317,0.064776,-0.061874,0.062631,1.129297,0.938126,1.066667,1.000000,2,15.822267
29506.325410,1.912649,-0.009402,-1.996855,-0.154595,0.533639,-0.001969,0.003645,0.290649,-0.062085,0.059227,1.082560,0.937915,1.023333,1.000000,2,15.865962
29506.331497,1.915835,-0.012694,-2.082064,-0.178071,0.536431,0.006084,0.004538,0.027985,-0.060442,0.023675,1.001185,0.939060,0.979953,1.000402,2,15.923523
29506.337818,1.921832,-0.012159,-2.155635,-0.211325,0.534980,0.002363,0.005594,0.116720,-0.053974,0.075416,0.985959,0.941093,0.920133,1.006420,2,15.968315
29506.357783,1.923034,-0.012324,-2.178849,-0.232926,0.537608,0.002252,0.002525,0.079121,-0.049699,0.079429,0.942444,0.947582,0.877598,1.015214,2,15.996342
29506.377798,1.920307,-0.023772,-2.567888,-0.250675,0.539776,0.003607,0.004269,0.121861,-0.050031,0.063960,0.898127,0.955714,0.851862,1.022449,2,16.035377
29506.425999,1.918339,-0.024452,-2.864768,-0.264717,0.542241,0.013323,-0.000098,0.482135,-0.048295,0.063029,0.854626,0.967584,0.814075,1.035854,2,16.075664
29506.432054,1.916728,-0.020623,-3.052024,-0.276016,0.544830,0.000387,0.008905,-0.043640,-0.055027,0.030346,0.780169,0.989460,0.777483,1.052243,2,16.129531
29506.437923,1.914767,-0.013172,-3.196647,-0.281986,0.539828,0.001622,0.003179,0.054519,-0.050436,0.074215,0.766375,0.996108,0.730959,1.078554,2,16.171372
29506.457800,1.913748,-0.011868,-3.219536,-0.286405,0.543678,0.000959,0.000555,0.018806,-0.049727,0.078916,0.727686,1.015983,0.695398,1.103493,2,16.198052
29506.477788,1.905791,-0.015626,-3.439822,-0.285586,0.546989,0.000316,0.000231,0.004646,-0.049310,0.065696,0.692439,1.040148,0.674641,1.120340,2,16.236149
29506.526314,1.897859,-0.014979,-3.621103,-0.277148,0.547630,0.010114,-0.005190,0.081826,-0.053433,0.060062,0.652586,1.065030,0.647630,1.145267,2,16.276621
29506.532274,1.890123,-0.011991,-3.746076,-0.267430,0.549917,-0.010788,0.003858,-0.095489,-0.060173,0.031575,0.592608,1.114224,0.618174,1.177186,2,16.329936
29506.537786,1.877494,-0.006601,-3.858908,-0.253712,0.544780,-0.001899,-0.000679,-0.025464,-0.054962,0.076245,0.583107,1.125840,0.585897,1.219788,2,16.371078
29506.557802,1.874156,-0.005475,-3.874342,-0.241557,0.549526,-0.001277,-0.001379,-0.042325,-0.057589,0.076478,0.552295,1.158950,0.564776,1.253869,2,16.398553
29506.577799,1.868904,-0.000743,-3.830119,-0.229730,0.553882,-0.002672,-0.002858,-0.082258,-0.058710,0.062798,0.527615,1.195118,0.552243,1.277483,2,16.436406
29506.624070,1.863379,0.000828,-3.784933,-0.214515,0.557293,-0.001001,-0.002508,-0.315257,-0.060849,0.068828,0.506794,1.224253,0.537107,1.310976,2,16.471935
29506.630203,1.859148,0.000795,-3.749567,-0.197565,0.560868,-0.009894,-0.006160,-0.038890,-0.063514,0.032014,0.473959,1.295417,0.524472,1.345492,2,16.522156
29506.637808,1.849605,-0.002122,-3.701788,-0.167325,0.554107,-0.001848,-0.005913,-0.143818,-0.057874,0.080828,0.471996,1.302595,0.511394,1.393866,2,16.561387
29506.657805,1.849342,-0.001003,-3.668425,-0.146723,0.556830,-0.003562,-0.009858,-0.250947,-0.058249,0.075493,0.456794,1.350773,0.504461,1.433357,2,16.588338
29506.677806,1.851002,0.004286,-3.378148,-0.124469,0.554997,-0.005355,-0.014625,-0.432132,-0.051903,0.061102,0.454768,1.394873,0.501608,1.459938,2,16.630885
29506.726023,1.851898,0.001582,-3.214639,-0.098735,0.552487,-0.016179,-0.012077,-1.184194,-0.048071,0.063913,0.451929,1.439420,0.500000,1.503333,2,16.673583
29506.732156,1.852884,-0.002997,-3.115227,-0.071245,0.550038,-0.002097,-0.019506,-0.270600,-0.052686,0.026664,0.447314,1.520002,0.500000,1.546667,2,16.733262
29506.737828,1.853822,-0.009485,-3.057044,-0.050077,0.541221,-0.002214,-0.015911,-0.329470,-0.052743,0.071839,0.447257,1.534828,0.500000,1.606667,2,16.782970
29506.757813,1.854495,-0.009694,-3.032798,-0.031802,0.543433,-0.000847,-0.005315,-0.186327,-0.056220,0.071673,0.443780,1.581660,0.500000,1.653333,2,16.817032
29506.777804,1.862828,0.021934,-2.032952,-0.023819,0.543527,-0.000693,-0.006918,-0.208323,-0.051518,0.062250,0.448482,1.627750,0.500000,1.690000,2,16.862223
29506.825465,1.870594,0.019835,-1.404273,-0.015964,0.543600,-0.012994,0.001541,-0.643915,-0.050162,0.058250,0.449838,1.675084,0.500000,1.733333,2,16.908834
29506.831162,1.878405,0.010175,-1.069955,-0.010168,0.543159,0.010014,-0.013356,0.026051,-0.041504,0.031267,0.458496,1.748733,0.500000,1.780000,2,16.968101
29506.837772,1.890946,-0.000685,-0.878230,-0.003423,0.536379,0.000595,-0.002765,-0.058375,-0.048568,0.072953,0.451432,1.767047,0.500000,1.840000,2,17.016526
29506.857800,1.894340,0.002030,-0.773846,-0.004920,0.540469,-0.000030,0.000382,0.010457,-0.047999,0.075795,0.452001,1.814205,0.500000,1.890000,2,17.051238
29506.877778,1.902893,0.008550,-0.409367,-0.006598,0.542418,-0.000003,0.000828,0.025342,-0.044156,0.061624,0.455844,1.861710,0.500000,1.923333,2,17.096957
29506.926814,1.911442,0.006667,-0.216468,-0.005889,0.542704,-0.012230,0.003210,-0.015841,-0.045263,0.062210,0.454737,1.907790,0.500000,1.970000,2,17.144380
29506.932897,1.919828,0.003857,-0.123816,-0.007853,0.543109,0.010874,-0.001464,0.049706,-0.041721,0.028755,0.458279,1.987912,0.500000,2.016667,2,17.206205
29506.938415,1.933266,0.001082,-0.070880,-0.014103,0.537559,0.001038,0.000840,0.022078,-0.041574,0.073327,0.458426,2.003339,0.500000,2.076667,2,17.256424
29506.957779,1.936473,0.000310,-0.074160,-0.019803,0.541678,0.000473,0.001500,0.046904,-0.041575,0.075739,0.458425,2.050927,0.500000,2.126667,2,17.290420
29506.977770,1.944651,-0.002733,-0.149901,-0.027960,0.543371,0.000308,0.003606,0.111431,-0.039139,0.062665,0.460861,2.100669,0.500000,2.163333,2,17.337161
29507.026863,1.952783,-0.002969,-0.199075,-0.037853,0.543000,-0.010409,0.004674,0.344946,-0.036398,0.061436,0.463602,2.148564,0.500000,2.210000,2,17.386244
29507.033173,1.960728,-0.002479,-0.226119,-0.050372,0.541753,0.010544,0.005532,0.099743,-0.035476,0.026713,0.464524,2.229954,0.500000,2.256667,2,17.449165
29507.038740,1.973399,-0.001605,-0.237870,-0.077014,0.534913,0.001490,0.004469,0.099035,-0.035318,0.074298,0.464682,2.245702,0.500000,2.320000,2,17.500202
29507.057774,1.976187,-0.004372,-0.297856,-0.095941,0.535760,0.001986,0.004406,0.133323,-0.034762,0.078625,0.465238,2.294709,0.500000,2.373333,2,17.535477
29507.077804,1.981901,-0.017100,-0.744955,-0.116566,0.534936,0.002908,0.008955,0.276024,-0.036978,0.061476,0.463022,2.345191,0.500000,2.406667,2,17.583397
29507.126920,1.987895,-0.016673,-1.034609,-0.143186,0.534998,0.001592,0.008272,0.903782,-0.033992,0.062788,0.466008,2.393878,0.500000,2.456667,2,17.632330
29507.132982,1.993812,-0.012909,-1.191750,-0.172841,0.535783,0.010403,0.012993,0.127113,-0.037776,0.024063,0.462075,2.479532,0.500011,2.503342,2,17.695060
29507.138762,2.003562,-0.007526,-1.285453,-0.212841,0.532250,0.002575,0.004895,0.105180,-0.030981,0.075958,0.463633,2.495492,0.504461,2.566643,2,17.743872
29507.157782,2.004292,-0.012207,-1.408387,-0.240509,0.532859,0.001776,0.000492,0.006035,-0.021996,0.078584,0.474006,2.544566,0.513621,2.615910,2,17.776417
29507.177801,1.998597,-0.031414,-2.145233,-0.260621,0.531736,0.003643,0.000915,0.145329,-0.033957,0.068273,0.469179,2.589445,0.521469,2.644942,2,17.818149
29507.226823,1.994013,-0.033457,-2.632074,-0.279799,0.532482,0.016290,-0.007727,0.461575,-0.034368,0.056128,0.483078,2.646602,0.535854,2.685925,2,17.863323
29507.232678,1.987622,-0.025883,-3.115564,-0.292400,0.530626,-0.005075,0.013609,-0.203396,-0.055081,0.026657,0.494083,2.729942,0.555258,2.728483,2,17.924372
29507.238191,1.979382,-0.011292,-3.433855,-0.298555,0.524091,-0.000091,0.001531,0.000802,-0.050403,0.077562,0.500685,2.744222,0.585897,2.780212,2,17.967821
29507.257804,1.975855,-0.009165,-3.498572,-0.300000,0.525041,0.000449,0.000235,-0.002586,-0.043478,0.074379,0.531147,2.784741,0.611778,2.815093,2,17.998519
29507.277805,1.963968,-0.005698,-3.685975,-0.294300,0.522159,0.000139,-0.000144,-0.006813,-0.056523,0.062890,0.547261,2.829699,0.631424,2.837864,2,18.039668
29507.327386,1.951814,-0.000897,-3.812204,-0.287993,0.522959,0.017287,-0.005385,0.024033,-0.056178,0.058429,0.578637,2.867697,0.659680,2.866309,2,18.081081
29507.333113,1.939434,0.003722,-3.891820,-0.276979,0.522455,-0.016926,0.003594,-0.058440,-0.066560,0.025359,0.631849,2.931390,0.692755,2.894462,2,18.138523
29507.338909,1.919389,0.008986,-3.955395,-0.260626,0.519081,-0.002046,-0.000558,-0.017498,-0.061944,0.074301,0.643769,2.940910,0.739463,2.926756,2,18.181210
29507.357780,1.914566,0.010071,-3.956065,-0.245977,0.523157,-0.001148,-0.000319,-0.014523,-0.072278,0.085599,0.668661,2.974388,0.777483,2.947757,2,18.204529
29507.377804,1.905827,0.014401,-3.873253,-0.231884,0.527523,-0.000930,-0.001374,-0.042298,-0.073478,0.059904,0.714250,3.000811,0.798669,2.957674,2,18.242472
29507.427076,1.898296,0.015231,-3.777999,-0.217906,0.530157,0.004159,0.002630,-0.266241,-0.081867,0.060925,0.748044,3.028014,0.832834,2.971228,2,18.283052
29507.432901,1.890441,0.012842,-3.705173,-0.202040,0.534098,-0.010280,-0.007481,0.009050,-0.091661,0.025381,0.822981,3.065129,0.871129,2.983107,2,18.335436
29507.438730,1.879382,0.006828,-3.626434,-0.191130,0.533815,-0.001661,-0.002139,-0.034351,-0.088155,0.073589,0.837213,3.069949,0.923434,2.994103,2,18.377012
29507.457783,1.877479,0.006856,-3.580996,-0.179247,0.540987,-0.001257,-0.002230,-0.058633,-0.092674,0.076705,0.883880,3.086227,0.966604,2.998883,2,18.404737
29507.477784,1.876634,0.009352,-3.355951,-0.170363,0.546684,-0.002213,-0.003646,-0.108573,-0.072860,-0.096650,0.922385,3.100306,0.989974,2.999899,3,18.446047
29507.526816,1.875770,0.006224,-3.190340,-0.154171,0.552719,-0.008575,0.000417,-0.458136,-0.110713,0.065784,0.964216,3.110713,1.030000,3.000000,3,18.488762
29507.532858,1.874953,0.001277,-3.080206,-0.138366,0.558805,-0.002822,-0.010565,-0.047328,-0.124186,0.039260,1.034073,3.124186,1.073333,3.000000,3,18.543283
29507.538624,1.873843,-0.005834,-2.998213,-0.125418,0.560520,-0.001036,-0.003388,-0.065785,-0.124715,0.077571,1.049096,3.124715,1.126667,3.000000,3,18.587718
29507.557868,1.874931,-0.003794,-2.921491,-0.114057,0.568100,-0.000198,-0.000691,-0.027439,-0.129116,0.074284,1.095716,3.129116,1.170000,3.000000,3,18.620437
29507.577807,1.882148,0.006590,-2.486568,-0.108083,0.573753,-0.000457,-0.001394,-0.041687,-0.130880,0.063460,1.139873,3.130880,1.203333,3.000000,3,18.663346
29507.627041,1.889226,0.005018,-2.182601,-0.103146,0.578840,-0.012601,0.003687,-0.241145,-0.129962,0.062957,1.183710,3.129962,1.246667,3.000000,3,18.707000
29507.633106,1.896222,-0.000114,-2.010842,-0.098872,0.582530,0.008482,-0.006576,0.037937,-0.122946,0.035106,1.254894,3.122946,1.290000,3.000000,3,18.762259
29507.639755,1.907332,-0.006453,-1.902213,-0.096593,0.580402,0.000148,-0.001257,-0.024938,-0.120373,0.076712,1.269955,3.120373,1.346667,3.000000,3,18.806822
29507.657769,1.910393,-0.006277,-1.869577,-0.095790,0.584643,0.000749,-0.000161,0.001868,-0.111717,0.076618,1.313382,3.111717,1.390000,3.000000,3,18.837756
29507.677799,1.919095,-0.004421,-1.741669,-0.099497,0.587486,0.000037,0.000887,0.026872,-0.103717,0.061633,1.358367,3.103717,1.420000,3.000000,3,18.879075
29507.726958,1.927622,-0.005006,-1.663925,-0.108986,0.590112,-0.011042,0.003525,0.148282,-0.094585,0.062264,1.401070,3.094585,1.463333,3.000000,3,18.921612
29507.733231,1.936022,-0.006064,-1.626585,-0.121471,0.592585,0.010883,0.002333,0.078409,-0.074018,0.040783,1.466894,3.074512,1.506684,2.999955,3,18.972316
29507.739305,1.949047,-0.006896,-1.604842,-0.142967,0.588417,0.001564,0.003181,0.072027,-0.066153,0.079547,1.485161,3.071521,1.556694,2.996775,3,19.012302
29507.757772,1.951988,-0.008621,-1.637278,-0.160231,0.591716,0.001324,0.000781,0.029795,-0.054542,0.074199,1.534013,3.058449,1.596316,2.990636,3,19.045040
29507.777770,1.956687,-0.019348,-1.975695,-0.181518,0.593898,0.002004,0.003618,0.107820,-0.045331,0.063785,1.578925,3.043346,1.628871,2.983107,3,19.089662
29507.826826,1.961336,-0.020439,-2.258799,-0.200631,0.595812,0.000253,-0.000632,0.535712,-0.039661,0.069322,1.618645,3.031001,1.670312,2.970100,3,19.131028
29507.833085,1.965157,-0.017654,-2.401367,-0.222172,0.598810,0.009105,0.010443,-0.022004,-0.035950,0.032764,1.692534,3.001245,1.707431,2.954942,3,19.186032
29507.838898,1.973903,-0.010161,-2.556894,-0.234329,0.591355,0.001577,0.002334,0.041452,-0.029702,0.077574,1.706506,2.993920,1.757678,2.928488,3,19.232336
29507.857789,1.974537,-0.011344,-2.623968,-0.245464,0.594080,0.001435,0.000374,-0.002248,-0.025521,0.072299,1.753523,2.965967,1.796590,2.902535,3,19.267427
29507.877806,1.972504,-0.017676,-2.964314,-0.250442,0.592743,0.001164,0.000498,0.011994,-0.025093,0.058459,1.794372,2.938732,1.822814,2.881826,3,19.315298
29507.928155,1.970040,-0.016233,-3.229866,-0.250086,0.590714,0.007512,-0.009464,0.193304,-0.020839,0.068287,1.826919,2.911170,1.859412,2.847596,3,19.359481
29507.934039,1.967892,-0.012538,-3.382577,-0.246502,0.590742,-0.006317,0.009354,-0.168369,-0.021577,0.018907,1.893060,2.843371,1.888222,2.815093,3,19.422956
29507.939809,1.960579,-0.001470,-3.593047,-0.229000,0.582364,-0.000050,-0.001331,-0.014897,-0.015868,0.077023,1.897920,2.837213,1.925005,2.763383,3,19.473634
29507.957804,1.959748,-0.000404,-3.602414,-0.219085,0.584594,-0.000924,-0.000344,-0.033544,-0.014772,0.082972,1.926079,2.800553,1.949234,2.719519,3,19.501976
29507.977801,1.957120,0.006454,-3.576447,-0.206106,0.585298,-0.000933,-0.001712,-0.052690,-0.017532,0.066164,1.952383,2.759935,1.961619,2.692113,3,19.544857
29508.027513,1.955066,0.010696,-3.505529,-0.192469,0.584201,-0.001388,-0.001035,-0.280298,-0.018251,0.065363,1.974163,2.719148,1.976550,2.651327,3,19.589872
29508.033929,1.952832,0.011644,-3.443441,-0.174751,0.581781,-0.004596,-0.005437,-0.017505,-0.024278,0.023644,2.006401,2.637781,1.987885,2.609398,3,19.651195
29508.040949,1.948760,0.009292,-3.374165,-0.146210,0.571781,-0.001327,-0.004935,-0.120677,-0.019024,0.078729,2.008537,2.630286,1.997489,2.550048,3,19.698209
29508.057835,1.948828,0.010380,-3.340209,-0.128069,0.572683,-0.000015,-0.001387,-0.032067,-0.026303,0.085277,2.026303,2.585277,2.000000,2.500000,3,19.727160
29508.077792,1.952954,0.021699,-2.934106,-0.111624,0.572446,-0.001086,-0.003623,-0.109461,-0.032604,0.066012,2.032604,2.539345,2.000000,2.473333,3,19.771086
29508.123972,1.957047,0.021195,-2.566387,-0.096035,0.571228,-0.009565,0.003614,-0.533587,-0.039667,0.063579,2.039667,2.493579,2.000000,2.430000,3,19.817665
29508.131757,1.961601,0.014044,-2.331546,-0.077471,0.569979,0.003882,-0.015302,-0.055443,-0.049727,0.031860,2.049727,2.415193,2.000000,2.383333,3,19.878344
29508.137816,1.968416,0.002704,-2.166709,-0.061047,0.562301,-0.000513,-0.007952,-0.158368,-0.050556,0.079463,2.050556,2.399463,2.000000,2.320000,3,19.927448
29508.157805,1.970414,0.001475,-2.133384,-0.047995,0.564395,-0.000649,-0.003600,-0.127414,-0.052153,0.079528,2.052153,2.352861,2.000000,2.273333,3,19.961646
29508.177803,1.978089,0.013637,-1.635104,-0.037655,0.564752,-0.000673,-0.005903,-0.183040,-0.055549,0.068874,2.055549,2.305540,2.000000,2.236667,3,20.007529
29508.224885,1.985580,0.011328,-1.319887,-0.028916,0.564050,-0.011950,-0.001523,-0.522578,-0.055002,0.064567,2.055002,2.257900,2.000000,2.193333,3,20.055202
29508.230896,1.992942,0.005971,-1.151805,-0.020848,0.562477,0.009478,-0.009951,-0.054167,-0.052460,0.033359,2.052460,2.176693,2.000000,2.143333,3,20.117708
29508.237782,2.004947,-0.000272,-1.062782,-0.010710,0.554472,0.000465,-0.002463,-0.055897,-0.051980,0.077445,2.051980,2.160779,2.000000,2.083333,3,20.168831
29508.257801,2.008140,0.003938,-0.946531,-0.004531,0.557449,-0.000058,-0.001558,-0.049278,-0.051392,0.082288,2.051392,2.112288,2.000000,2.030000,3,20.203989
29508.277803,2.015970,0.011272,-0.566088,-0.004391,0.558097,0.000018,-0.001607,-0.050642,-0.048868,0.066477,2.048868,2.063144,2.000000,1.996667,3,20.251177
29508.325363,2.023815,0.008859,-0.357679,-0.006507,0.557628,-0.010335,0.003294,-0.091887,-0.049926,0.065012,2.049926,2.015012,2.000000,1.950000,3,20.299750
29508.330897,2.031703,0.006034,-0.235376,-0.012196,0.557143,0.010811,-0.002163,0.083566,-0.044218,0.030455,2.044218,1.930455,2.000000,1.900000,3,20.363947
29508.337836,2.044615,0.002480,-0.142113,-0.022586,0.550432,0.000593,0.001591,0.039143,-0.043710,0.077428,2.043710,1.914095,2.000000,1.836667,3,20.417106
29508.357803,2.047590,0.001128,-0.148158,-0.031869,0.550829,0.000545,0.002307,0.071903,-0.041670,0.080765,2.041670,1.864098,2.000000,1.783333,3,20.453027
29508.377806,2.054774,-0.003577,-0.266755,-0.044034,0.548454,0.001037,0.005445,0.172087,-0.038448,0.066018,2.038448,1.812685,2.000000,1.746667,3,20.502034
29508.424940,2.061950,-0.003638,-0.336401,-0.060844,0.545023,-0.005622,0.006652,0.537596,-0.035779,0.065228,2.035779,1.761895,2.000000,1.696667,3,20.553498
29508.430994,2.068931,-0.002919,-0.384328,-0.083798,0.542005,0.010283,0.008784,0.156772,-0.035527,0.029495,2.035527,1.676162,2.000000,1.646667,3,20.619061
29508.437783,2.080236,-0.001138,-0.396136,-0.123405,0.533732,0.001786,0.005189,0.120391,-0.034688,0.079535,2.034688,1.659535,2.000000,1.580000,3,20.671864
29508.457786,2.081904,-0.007867,-0.547287,-0.150278,0.534104,0.005503,0.012255,0.373860,-0.030226,0.082371,2.030226,1.609037,2.000000,1.526667,3,20.707705
29508.477822,2.085722,-0.016650,-0.991512,-0.179510,0.534386,0.003564,0.004516,0.219863,-0.024883,0.065350,2.025710,1.558328,1.999955,1.493316,3,20.755580
29508.526052,2.085623,-0.026478,-1.563493,-0.207066,0.533713,0.009346,-0.008293,0.683151,-0.013397,0.065854,2.017553,1.507216,1.996775,1.443306,3,20.805213
29508.531696,2.083342,-0.027755,-2.161122,-0.226686,0.531399,-0.000455,0.014516,-0.326602,-0.005457,0.032038,2.000739,1.424015,1.988606,1.393866,3,20.869617
29508.537804,2.080893,-0.013892,-2.663812,-0.242499,0.524600,0.001643,0.003932,0.051519,0.001366,0.079228,1.996429,1.407960,1.971228,1.332834,3,20.922088
29508.557775,2.079706,-0.010456,-2.737898,-0.254317,0.525513,0.001953,0.001053,0.030115,0.004422,0.082302,1.982344,1.359589,1.950691,1.283488,3,20.958050
29508.577773,2.071393,-0.009319,-3.064247,-0.258561,0.523555,0.002096,0.001301,0.034749,0.005415,0.066275,1.963134,1.314223,1.935224,1.253869,3,21.005271
29508.626135,2.062817,-0.003415,-3.291113,-0.257914,0.522381,0.017920,-0.007667,0.174937,0.004663,0.067685,1.943641,1.269516,1.908401,1.211541,3,21.053316
29508.631832,2.053876,0.003799,-3.433217,-0.254470,0.522490,-0.012003,0.008348,-0.074170,0.002632,0.036245,1.901247,1.203875,1.879660,1.174641,3,21.114155
29508.637818,2.038772,0.013745,-3.543825,-0.237968,0.515944,-0.001050,0.000223,-0.007507,0.008510,0.079525,1.890735,1.191434,1.837864,1.131424,3,21.163004
29508.657788,2.034677,0.015578,-3.557133,-0.227646,0.519842,-0.000908,-0.000966,-0.030216,0.008493,0.083072,1.860738,1.155982,1.799274,1.099456,3,21.196388
29508.677807,2.024656,0.019483,-3.560879,-0.215451,0.523319,-0.002235,-0.002311,-0.069429,0.005113,0.069926,1.827760,1.122672,1.771852,1.080362,3,21.240388
29508.727917,2.014543,0.021290,-3.552307,-0.200615,0.526254,0.009440,0.000966,-0.228126,0.002947,0.074760,1.799062,1.096004,1.734408,1.058352,3,21.282515
29508.733414,2.008263,0.023944,-3.488938,-0.190163,0.530954,-0.009318,-0.001995,0.154625,-0.008424,0.036242,1.731849,1.046068,1.695195,1.039675,3,21.339234
