t,vx,vy,omega,delta,T,eps_vx,eps_vy,eps_omega,eC,eL,pos_x,pos_y,ref_x,ref_y,lap,theta
26560.192630,0.400000,0.020000,0.000000,-0.004840,0.510000,-0.032701,0.020751,0.019545,-0.011981,0.024435,1.488898,3.011981,1.513333,3.000000,0,0.529004
26560.224963,0.400000,0.020000,0.000000,-0.009094,0.520000,-0.272350,0.448812,2.995281,-0.028517,0.036938,1.489728,3.028517,1.526667,3.000000,0,0.531071
26560.230295,0.161592,0.447339,2.956099,-0.042431,0.530000,0.066713,-0.403342,-3.002579,-0.019064,0.030718,1.499282,3.019064,1.530000,3.000000,0,0.531073
26560.262789,0.240399,-0.000212,-0.005825,-0.043200,0.537383,-0.006336,0.000381,0.013591,-0.017259,0.028780,1.501220,3.017259,1.530000,3.000000,0,0.532818
26560.270296,0.270814,-0.004472,-0.115710,-0.049025,0.547383,-0.025339,0.000904,0.022360,-0.016976,0.027658,1.502342,3.016976,1.530000,3.000000,0,0.534823
26560.290314,0.254171,-0.004468,-0.118744,-0.055057,0.557383,-0.018614,0.000434,0.012319,-0.016320,0.028304,1.505029,3.016320,1.533333,3.000000,0,0.536775
26560.310298,0.259421,-0.005754,-0.152369,-0.059682,0.567383,-0.003685,0.000115,0.003525,-0.016453,0.026342,1.510325,3.016453,1.536667,3.000000,0,0.541479
26560.330331,0.280181,-0.006735,-0.179053,-0.063385,0.577383,-0.023702,0.000602,0.016976,-0.017568,0.025927,1.514073,3.017568,1.540000,3.000000,0,0.546297
26560.364135,0.281506,-0.007190,-0.191267,-0.067267,0.587383,-0.018972,0.000536,0.015554,-0.017211,0.022098,1.521236,3.017211,1.543333,3.000000,0,0.552103
26560.370299,0.305728,-0.008238,-0.219668,-0.070053,0.597383,0.014213,-0.000126,-0.004914,-0.017390,0.021364,1.528636,3.017390,1.550000,3.000000,0,0.560778
26560.390300,0.327977,-0.008857,-0.237535,-0.072290,0.607383,-0.006578,0.000217,0.006564,-0.017241,0.023468,1.536532,3.017241,1.560000,3.000000,0,0.569808
26560.410294,0.347961,-0.009992,-0.268014,-0.073957,0.617383,0.002161,-0.000023,-0.000387,-0.017062,0.023383,1.543284,3.017062,1.566667,3.000000,0,0.579128
26560.430298,0.377216,-0.011033,-0.297591,-0.074317,0.627383,-0.001725,0.000051,0.001552,-0.017500,0.023650,1.553016,3.017500,1.576667,3.000000,0,0.589531
26560.464777,0.403083,-0.011813,-0.320481,-0.074286,0.637383,-0.018857,0.000477,0.014320,-0.018491,0.023116,1.563551,3.018491,1.586667,3.000000,0,0.600877
26560.470646,0.432535,-0.012598,-0.343791,-0.073833,0.647383,0.016133,-0.000470,-0.013845,-0.018793,0.026986,1.573014,3.018793,1.600000,3.000000,0,0.612883
26560.490324,0.457060,-0.013230,-0.362849,-0.072819,0.657383,0.010852,-0.000309,-0.009917,-0.018550,0.024622,1.585378,3.018550,1.610000,3.000000,0,0.625889
26560.510325,0.496472,-0.013980,-0.387340,-0.070263,0.667383,0.007721,-0.000252,-0.008524,-0.018720,0.024819,1.598514,3.018720,1.623333,3.000000,0,0.640801
26560.530296,0.533638,-0.014391,-0.402914,-0.066783,0.677383,0.002236,-0.000167,-0.005971,-0.018823,0.028194,1.611806,3.018823,1.640000,3.000000,0,0.656497
26560.571523,0.565689,-0.014421,-0.407930,-0.062809,0.687383,-0.026143,0.000228,0.006633,-0.018951,0.026116,1.627218,3.018951,1.653333,3.000000,0,0.672875
26560.580130,0.601704,-0.014299,-0.409245,-0.058338,0.697383,0.035828,-0.001193,-0.033607,-0.020374,0.021113,1.648887,3.020374,1.670000,3.000000,0,0.693347
26560.590298,0.650779,-0.014930,-0.430462,-0.052965,0.701662,0.004129,-0.000860,-0.022820,-0.020147,0.034635,1.658698,3.020147,1.693333,3.000000,0,0.711350
26560.610299,0.670565,-0.014432,-0.424335,-0.048059,0.711662,0.005153,-0.000270,-0.010211,-0.019629,0.033089,1.676911,3.019629,1.710000,3.000000,0,0.727896
26560.630300,0.706894,-0.012684,-0.381414,-0.042938,0.720825,0.001675,-0.000246,-0.009134,-0.019260,0.031688,1.694978,3.019260,1.726667,3.000000,0,0.748306
26560.662387,0.739997,-0.011658,-0.353984,-0.038078,0.729508,-0.011851,-0.000312,-0.013062,-0.018838,0.032917,1.713750,3.018838,1.746667,3.000000,0,0.768732
26560.670273,0.778855,-0.010725,-0.331136,-0.032482,0.736660,0.026247,-0.000879,-0.020686,-0.018487,0.033138,1.733529,3.018487,1.766667,3.000000,0,0.790426
26560.690297,0.817702,-0.010618,-0.327719,-0.026058,0.742607,0.007426,-0.000396,-0.015741,-0.017009,0.035192,1.754808,3.017009,1.790000,3.000000,0,0.813668
26560.710298,0.857105,-0.008291,-0.273813,-0.019087,0.746951,0.008797,-0.000411,-0.016226,-0.015909,0.034990,1.778344,3.015909,1.813333,3.000000,0,0.838390
26560.730299,0.897768,-0.006412,-0.220696,-0.012226,0.748626,0.004376,-0.000520,-0.018676,-0.013100,0.036479,1.800188,3.013100,1.836667,3.000000,0,0.863447
26560.763662,0.933765,-0.004617,-0.167513,-0.004927,0.751738,-0.016256,-0.000805,-0.037030,-0.011067,0.040302,1.823031,3.011067,1.863333,3.000000,0,0.888543
26560.770497,0.969880,-0.002471,-0.103651,0.001945,0.754956,0.026143,-0.000614,-0.002726,-0.010093,0.038851,1.847816,3.010093,1.886667,3.000000,0,0.914507
26560.790314,1.006765,-0.001678,-0.067858,0.008091,0.757078,0.004975,-0.000774,-0.028959,-0.007735,0.040708,1.872625,3.007735,1.913333,3.000000,0,0.941298
26560.810305,1.042579,0.001008,0.003306,0.013928,0.759544,0.004825,-0.000376,-0.014099,-0.005981,0.041595,1.898405,3.005981,1.940000,3.000000,0,0.969317
26560.830298,1.078314,0.003394,0.086026,0.019237,0.761523,0.003987,-0.000436,-0.015399,-0.004201,0.042223,1.924444,3.004201,1.966667,3.000000,0,0.997360
26560.863688,1.112987,0.005144,0.154102,0.023864,0.763797,-0.017160,-0.000566,-0.035272,-0.002382,0.046209,1.950458,3.002382,1.996667,3.000000,0,1.025203
26560.870312,1.146596,0.006812,0.219652,0.027082,0.766632,0.024949,-0.000189,0.013474,-0.000750,0.043742,1.979592,3.000750,2.023333,3.000000,0,1.054814
26560.890303,1.181616,0.007385,0.259748,0.029686,0.768115,0.003133,-0.000206,-0.007587,0.001810,0.045750,2.007583,2.998190,2.053333,3.000000,0,1.085632
26560.910302,1.214796,0.008793,0.312669,0.031685,0.770194,0.004478,-0.000173,-0.005305,0.004094,0.045487,2.037847,2.995906,2.083333,3.000000,0,1.117174
26560.930281,1.249131,0.009556,0.355429,0.032711,0.771315,0.004925,-0.000094,-0.002045,0.005903,0.047397,2.069270,2.994097,2.116667,3.000000,0,1.149874
26560.967578,1.283610,0.009964,0.388204,0.032457,0.771125,-0.021885,0.000145,-0.007612,0.006672,0.046615,2.100052,2.993328,2.146667,3.000000,0,1.182897
26560.973681,1.315993,0.010015,0.409080,0.031544,0.771663,0.030611,0.000043,0.014594,0.007694,0.041824,2.138176,2.992306,2.180000,3.000000,0,1.219327
26560.990323,1.355469,0.009881,0.424657,0.028104,0.766843,0.003515,0.000328,0.012498,0.010191,0.051699,2.164967,2.989809,2.216667,3.000000,0,1.254006
26561.010325,1.382536,0.008940,0.413768,0.025443,0.767764,-0.000101,0.000631,0.017604,0.010724,0.060464,2.192869,2.989276,2.253333,3.000000,0,1.283843
26561.030279,1.410479,0.008144,0.393395,0.022363,0.770985,-0.016747,0.001617,0.044945,0.010881,0.079105,2.204228,2.989119,2.283333,3.000000,0,1.306351
26561.063840,1.421597,0.008093,0.391137,0.019557,0.778866,0.000728,0.001063,0.054389,0.016050,0.047183,2.256151,2.983950,2.303333,3.000000,0,1.337899
26561.070269,1.469572,0.006382,0.357054,0.016678,0.774602,0.025965,-0.000191,-0.015882,0.015070,0.039629,2.297038,2.984930,2.336667,3.000000,0,1.384339
26561.090330,1.504411,0.005187,0.314154,0.012908,0.768276,0.005927,0.000475,0.021960,0.013742,0.047220,2.336114,2.986258,2.383333,3.000000,0,1.427169
26561.110293,1.537120,0.003680,0.265754,0.008261,0.761718,0.005322,0.000322,0.015308,0.013054,0.050845,2.375821,2.986946,2.426667,3.000000,0,1.469049
26561.130275,1.568327,0.002024,0.201748,0.004540,0.754311,0.004164,0.000270,0.012482,0.011575,0.052806,2.413861,2.988425,2.466667,3.000000,0,1.510289
26561.163303,1.597588,0.000802,0.140351,0.000240,0.748180,-0.011989,0.000345,0.041033,0.010548,0.057250,2.452750,2.989452,2.510000,3.000000,0,1.550520
26561.170294,1.625731,-0.000319,0.080375,-0.002719,0.742074,0.019083,0.000383,-0.014239,0.009495,0.058153,2.491847,2.990505,2.550000,3.000000,0,1.591066
26561.190297,1.653130,-0.000611,0.037485,-0.005680,0.736879,0.003125,0.001438,0.041830,0.010008,0.059750,2.530250,2.989992,2.590000,3.000000,0,1.631247
26561.210313,1.679300,-0.000573,0.012215,-0.007267,0.732891,0.003365,0.000596,0.026080,0.010153,0.059925,2.570075,2.989847,2.630000,3.000000,0,1.671971
26561.230298,1.705157,-0.001650,-0.027781,-0.008137,0.728879,0.004464,0.000072,0.003023,0.008312,0.056546,2.613454,2.991688,2.670000,3.000000,0,1.715043
26561.264559,1.731515,-0.002413,-0.078435,-0.009059,0.722449,-0.010840,-0.000135,0.016936,0.005477,0.056583,2.656750,2.994523,2.713333,3.000000,0,1.760238
26561.270753,1.756826,-0.002448,-0.111235,-0.009716,0.715727,0.017043,0.000284,-0.009866,0.005846,0.062094,2.697906,2.994154,2.760000,3.000000,0,1.804337
26561.290296,1.780242,-0.002208,-0.130550,-0.010264,0.711597,0.004298,0.000073,0.002334,0.003753,0.061162,2.742171,2.996247,2.803333,3.000000,0,1.848344
26561.310273,1.804019,-0.002178,-0.146998,-0.010732,0.706977,0.002910,0.000050,0.001540,0.003792,0.061315,2.785352,2.996208,2.846667,3.000000,0,1.892980
26561.330274,1.826254,-0.002110,-0.160486,-0.012115,0.704235,0.003582,0.000120,0.004649,0.001572,0.059266,2.830734,2.998428,2.890000,3.000000,0,1.938303
26561.365248,1.848717,-0.002204,-0.175833,-0.012689,0.701060,-0.009990,-0.000091,0.009570,-0.001070,0.059950,2.876716,3.001070,2.936667,3.000000,0,1.985285
26561.371085,1.870719,-0.002232,-0.191831,-0.012618,0.698296,0.015662,0.000145,-0.007102,-0.000954,0.061204,2.922130,3.000954,2.983333,3.000000,0,2.032596
26561.390305,1.891640,-0.002050,-0.202524,-0.012538,0.696047,0.003678,0.000020,-0.000683,-0.001157,0.061831,2.968169,3.001157,3.030000,3.000000,0,2.079883
26561.410301,1.912151,-0.001774,-0.207535,-0.011190,0.693846,0.003157,-0.000077,-0.004978,-0.002005,0.061311,3.015356,3.002005,3.076667,3.000000,0,2.127606
26561.430296,1.932411,-0.001283,-0.203685,-0.009068,0.690817,0.003262,-0.000160,-0.008582,-0.002244,0.063330,3.063337,3.002244,3.126667,3.000000,0,2.176190
26561.465434,1.952325,-0.000609,-0.187744,-0.005714,0.687122,-0.009061,-0.000190,-0.032013,-0.003315,0.062090,3.111243,3.003315,3.173333,3.000000,0,2.225020
26561.470783,1.971521,0.000328,-0.155079,-0.002378,0.683006,0.015159,-0.000339,0.010992,-0.004238,0.061851,3.161482,3.004238,3.223333,3.000000,0,2.275245
26561.490300,1.990892,0.000558,-0.125429,0.001028,0.678124,0.003841,-0.000278,-0.015412,-0.005512,0.061521,3.211813,3.005512,3.273333,3.000000,0,2.326484
26561.510298,2.009477,0.001793,-0.070864,0.003420,0.672881,0.003297,-0.000149,-0.008458,-0.007437,0.061139,3.262194,3.007437,3.323333,3.000000,0,2.377816
26561.530297,2.027306,0.002328,-0.012889,0.005047,0.667794,0.003519,-0.000103,-0.005750,-0.008316,0.062660,3.314006,3.008316,3.376667,3.000000,0,2.429683
26561.565955,2.044807,0.002245,0.034006,0.005836,0.662196,-0.008163,0.000453,-0.018228,-0.006963,0.064611,3.362056,3.006963,3.426667,3.000000,0,2.480757
26561.571708,2.060407,0.001838,0.067608,0.005634,0.657459,0.012897,-0.000395,0.013082,-0.007973,0.064470,3.415530,3.007973,3.480000,3.000000,0,2.533176
26561.590307,2.077037,0.001263,0.087233,0.003068,0.651738,0.003894,0.000155,0.009820,-0.008724,0.062636,3.467364,3.008724,3.530000,3.000000,0,2.586195
26561.610303,2.092415,0.000233,0.084042,-0.002985,0.645910,0.003374,0.000403,0.022127,-0.010467,0.062089,3.521244,3.010467,3.583333,3.000000,0,2.639334
26561.630306,2.107561,-0.001503,0.041351,-0.014177,0.639557,0.003151,0.000756,0.041102,-0.012707,0.061980,3.574687,3.012707,3.636667,3.000000,0,2.694281
26561.665914,2.121819,-0.004105,-0.059015,-0.030741,0.632026,-0.004681,-0.000145,0.171684,-0.013593,0.064679,3.628654,3.013593,3.693333,3.000000,0,2.748992
26561.671324,2.135261,-0.007505,-0.235312,-0.050935,0.623570,0.010848,0.003110,-0.056430,-0.013738,0.062243,3.684423,3.013738,3.746667,3.000000,0,2.804471
26561.690304,2.148510,-0.007221,-0.395918,-0.079394,0.614753,0.004254,0.002324,0.111498,-0.014770,0.063977,3.739356,3.014770,3.803333,3.000000,0,2.860252
26561.710299,2.159362,-0.014091,-0.733397,-0.112333,0.604771,0.003687,0.002079,0.102341,-0.015716,0.065785,3.794215,3.015716,3.860000,3.000000,0,2.915157
26561.730300,2.167503,-0.018963,-1.190824,-0.147101,0.595042,0.003857,0.001969,0.092849,-0.015645,0.063553,3.849780,3.015645,3.913333,3.000000,0,2.970299
26561.767025,2.172870,-0.020457,-1.680739,-0.181321,0.585491,0.007007,-0.002016,0.464878,-0.014475,0.064016,3.905984,3.014475,3.970000,3.000000,0,3.025770
26561.772320,2.176987,-0.015191,-2.071870,-0.219104,0.575491,0.005386,0.010958,-0.064522,-0.009360,0.063522,3.960372,3.011774,4.023386,2.999453,0,3.080140
26561.790309,2.180727,-0.005881,-2.293416,-0.257132,0.565491,0.007184,0.004524,0.115056,-0.001737,0.066078,4.014915,3.005850,4.079867,2.993580,0,3.133807
26561.810299,2.178542,-0.005532,-2.634984,-0.280793,0.555491,0.005968,0.001805,0.060926,0.000390,0.063723,4.070536,2.998694,4.132098,2.982235,0,3.187932
26561.830297,2.171514,-0.002923,-3.000847,-0.294555,0.545491,0.003933,0.000626,0.006749,-0.003119,0.058865,4.129170,2.989805,4.182819,2.965379,0,3.242713
26561.865538,2.160594,0.003545,-3.321732,-0.300000,0.535491,0.013721,-0.007407,0.115220,-0.004078,0.061306,4.178995,2.975198,4.231451,2.943205,0,3.295806
26561.871220,2.145398,0.012788,-3.548920,-0.300000,0.525491,-0.010795,0.007182,-0.097133,-0.014931,0.060673,4.235247,2.962054,4.277438,2.915967,0,3.346390
26561.890315,2.129741,0.022800,-3.694187,-0.300000,0.519197,-0.000648,0.000344,-0.004742,-0.018506,0.062342,4.281297,2.940008,4.317681,2.886107,0,3.394910
26561.910306,2.111733,0.031602,-3.778617,-0.300000,0.516016,-0.002334,-0.000528,-0.006383,-0.025793,0.066183,4.326390,2.917502,4.354733,2.852370,0,3.440735
26561.930303,2.090647,0.037853,-3.825772,-0.294946,0.513939,0.000832,0.000163,-0.001742,-0.034110,0.064958,4.371176,2.889515,4.386107,2.817681,0,3.486241
26561.966296,2.072914,0.042584,-3.837146,-0.290331,0.515888,0.012321,-0.000431,-0.019957,-0.047734,0.065591,4.414454,2.864064,4.412221,2.782974,0,3.529482
26561.972012,2.052813,0.044305,-3.834027,-0.281150,0.519346,-0.015082,-0.000390,0.014779,-0.063797,0.055708,4.463333,2.826027,4.435224,2.746131,0,3.574270
26561.990319,2.032894,0.044256,-3.811841,-0.272973,0.523045,-0.002300,-0.000822,-0.019966,-0.063005,0.074137,4.483514,2.797800,4.456318,2.704386,0,3.614170
26562.010307,2.016392,0.042001,-3.797200,-0.256724,0.527927,-0.000775,-0.000367,-0.017597,-0.074089,0.075248,4.515896,2.762855,4.471228,2.667166,0,3.647859
26562.030316,2.002371,0.039792,-3.753473,-0.241669,0.533966,-0.001040,-0.000946,-0.029367,-0.069352,0.067567,4.529818,2.719133,4.481341,2.635318,0,3.686296
26562.065526,1.990298,0.036493,-3.697895,-0.222642,0.537981,0.003882,0.002479,-0.118684,-0.083389,0.072935,4.557172,2.687677,4.489981,2.599593,0,3.722533
26562.071609,1.979553,0.033426,-3.617632,-0.203361,0.544500,-0.003379,-0.003412,0.050875,-0.080247,0.066570,4.567142,2.639528,4.495973,2.563330,0,3.760652
26562.090296,1.974417,0.030251,-3.509636,-0.185920,0.549051,-0.001115,-0.002671,-0.072574,-0.095931,0.070402,4.591986,2.598198,4.499453,2.523386,0,3.802043
26562.110294,1.970093,0.027065,-3.377997,-0.172004,0.554961,0.000136,-0.001103,-0.061158,-0.099269,0.066301,4.599269,2.549635,4.500000,2.483333,0,3.845655
26562.130296,1.968800,0.025263,-3.193642,-0.160995,0.558305,0.000287,-0.000415,-0.025442,-0.115298,0.065370,4.615298,2.505370,4.500000,2.440000,0,3.892156
26562.163421,1.969051,0.022542,-2.972561,-0.152505,0.561477,-0.000989,0.003942,-0.118533,-0.121281,0.067371,4.621281,2.460704,4.500000,2.393333,0,3.936862
26562.170292,1.970041,0.017848,-2.774434,-0.142027,0.563610,0.000998,-0.005112,0.062136,-0.127841,0.069731,4.627841,2.416398,4.500000,2.346667,0,3.981675
26562.190293,1.971860,0.011864,-2.630800,-0.127569,0.566019,-0.000280,-0.000894,-0.047536,-0.126870,0.066664,4.626870,2.369997,4.500000,2.303333,0,4.026855
26562.210292,1.975560,0.010310,-2.442170,-0.109383,0.567216,-0.000137,-0.001110,-0.056176,-0.123845,0.067891,4.623845,2.324558,4.500000,2.256667,0,4.072035
26562.230292,1.980748,0.010142,-2.214278,-0.087822,0.567583,-0.000137,-0.001299,-0.067682,-0.126441,0.066004,4.626441,2.279338,4.500000,2.213333,0,4.117631
26562.263920,1.987140,0.011220,-1.934574,-0.068245,0.567903,-0.005072,0.001827,-0.224666,-0.121298,0.066972,4.621298,2.233638,4.500000,2.166667,0,4.163491
26562.270290,1.994240,0.012079,-1.623114,-0.050099,0.566117,0.005086,-0.005078,0.092366,-0.116619,0.067266,4.616619,2.187266,4.500000,2.120000,0,4.209031
26562.290298,2.001830,0.009036,-1.384414,-0.031087,0.563409,-0.000015,-0.002294,-0.120234,-0.106702,0.064871,4.606702,2.141538,4.500000,2.076667,0,4.255209
26562.310295,2.009819,0.011657,-1.079822,-0.012382,0.559337,0.000470,-0.001242,-0.066412,-0.094099,0.064274,4.594099,2.094274,4.500000,2.030000,0,4.302692
26562.330299,2.018132,0.014358,-0.706609,0.005109,0.553958,0.000618,-0.001101,-0.059552,-0.086390,0.062359,4.586390,2.045692,4.500000,1.983333,0,4.350950
26562.363023,2.026225,0.014978,-0.355260,0.018751,0.548556,-0.003685,0.002062,-0.177193,-0.075292,0.063503,4.575292,1.996837,4.500000,1.933333,0,4.399866
26562.370292,2.034056,0.014298,-0.045414,0.031844,0.543332,0.005237,-0.004565,0.068334,-0.066185,0.061649,4.566185,1.948315,4.500000,1.886667,0,4.449303
26562.390290,2.041633,0.010766,0.158760,0.044179,0.538223,0.000854,-0.000905,-0.050262,-0.056187,0.063951,4.556187,1.900618,4.500000,1.836667,0,4.498225
26562.410293,2.048278,0.012388,0.416134,0.052460,0.534463,0.000709,-0.000507,-0.026934,-0.048645,0.065894,4.548645,1.852561,4.500000,1.786667,0,4.547220
26562.430298,2.054327,0.011987,0.643655,0.057617,0.531521,0.000692,-0.000327,-0.016788,-0.044738,0.065777,4.544738,1.802443,4.500000,1.736667,0,4.597022
26562.463053,2.060008,0.010160,0.814020,0.061051,0.528085,-0.002161,0.001517,-0.059037,-0.034677,0.066081,4.534677,1.752748,4.500000,1.686667,0,4.647179
26562.470294,2.065365,0.008000,0.933948,0.064698,0.523732,0.003690,-0.002087,0.028141,-0.027158,0.065692,4.527158,1.702359,4.500000,1.636667,0,4.697914
26562.490280,2.070550,0.005599,1.005795,0.065353,0.518547,0.000748,-0.000086,-0.004220,-0.026531,0.066301,4.526531,1.652968,4.500000,1.586667,0,4.748110
26562.510270,2.074987,0.004559,1.069984,0.058392,0.514420,0.000666,0.000394,0.022796,-0.025767,0.064985,4.525767,1.601652,4.500000,1.536667,0,4.798310
26562.530273,2.079318,0.001877,1.075047,0.047243,0.510691,0.000690,0.000687,0.038533,-0.021154,0.063633,4.521154,1.550300,4.500000,1.486667,0,4.850003
26562.563639,2.083716,-0.001856,0.999177,0.034642,0.506724,-0.001924,0.000279,0.122954,-0.013744,0.069359,4.513744,1.502693,4.500000,1.433333,0,4.900823
26562.570272,2.087803,-0.005372,0.854855,0.022969,0.502478,0.002986,0.002088,-0.038397,-0.012623,0.069824,4.512623,1.453157,4.500000,1.383333,0,4.950363
26562.590298,2.091967,-0.005443,0.728764,0.005281,0.498938,0.000657,0.001755,0.098232,-0.008722,0.070247,4.508722,1.403581,4.500000,1.333333,0,4.999750
26562.610274,2.095991,-0.009509,0.514464,-0.014065,0.494952,0.000810,0.001202,0.066635,-0.011134,0.066503,4.511134,1.353170,4.500000,1.286667,0,5.049602
26562.630273,2.099769,-0.013513,0.201888,-0.037955,0.491791,0.000991,0.001470,0.080957,-0.012857,0.065131,4.512857,1.301798,4.500000,1.236667,0,5.100512
26562.663768,2.103109,-0.016336,-0.152598,-0.065974,0.489745,-0.000010,-0.001555,0.298842,-0.012885,0.067580,4.512885,1.250913,4.500000,1.183333,0,5.152127
26562.670270,2.105554,-0.018909,-0.553451,-0.095769,0.488418,0.002216,0.006406,-0.111352,-0.016227,0.067752,4.516227,1.201085,4.500000,1.133333,0,5.202314
26562.690275,2.107620,-0.015935,-0.868549,-0.131992,0.486424,0.002453,0.003926,0.193977,-0.019300,0.066214,4.519300,1.149547,4.500000,1.083333,0,5.252069
26562.710282,2.107314,-0.020631,-1.291837,-0.168634,0.483360,0.001914,0.001711,0.082336,-0.017951,0.065280,4.517951,1.098613,4.500000,1.033333,0,5.302526
26562.730299,2.103698,-0.025041,-1.851353,-0.194918,0.480350,0.001473,0.001080,0.050031,-0.019409,0.066016,4.521322,1.048660,4.499722,0.983328,0,5.351254
26562.762680,2.097772,-0.023453,-2.347456,-0.219544,0.481228,0.007024,-0.004396,0.226447,-0.010290,0.065824,4.514511,0.997368,4.495558,0.933497,0,5.400012
26562.770291,2.089863,-0.018559,-2.752176,-0.242470,0.483436,-0.004575,0.006428,-0.134293,-0.003453,0.067613,4.505437,0.949312,4.486437,0.884332,0,5.448711
26562.790302,2.080969,-0.010684,-3.039079,-0.263352,0.484286,0.001511,0.000667,0.027338,-0.005846,0.065942,4.500239,0.900052,4.473532,0.839478,0,5.495877
26562.810303,2.069042,-0.005038,-3.296395,-0.280329,0.483338,0.001250,0.000404,0.013314,-0.004954,0.061300,4.486032,0.849969,4.456501,0.796023,0,5.544263
26562.830303,2.055103,0.001067,-3.503789,-0.293189,0.479954,0.000805,0.000227,0.007246,0.006147,0.061866,4.459264,0.808181,4.433844,0.751445,0,5.593418
26562.862588,2.039169,0.007192,-3.659803,-0.299110,0.475458,0.012024,-0.002814,0.050863,0.004133,0.059331,4.437974,0.760034,4.406848,0.709354,0,5.642218
26562.870297,2.022504,0.012949,-3.767602,-0.300000,0.468816,-0.010345,0.002822,-0.037023,-0.006060,0.062620,4.423548,0.716055,4.377974,0.672684,0,5.687854
26562.890271,2.005096,0.017670,-3.836068,-0.300000,0.461719,0.000676,0.000137,0.000782,-0.024326,0.070733,4.413719,0.670216,4.345807,0.638866,0,5.726868
26562.910283,1.986958,0.020945,-3.875438,-0.300000,0.455706,0.000299,0.000018,-0.000908,-0.027194,0.064626,4.383104,0.632112,4.315825,0.612373,0,5.766536
26562.930299,1.968128,0.022434,-3.896663,-0.300000,0.450414,-0.000014,-0.000033,-0.001712,-0.044173,0.064378,4.364633,0.590962,4.286561,0.590265,0,5.805338
26562.963487,1.948906,0.022272,-3.906698,-0.300000,0.447456,0.012305,0.001621,-0.001125,-0.055189,0.064163,4.336147,0.553506,4.252883,0.568664,0,5.841991
26562.970297,1.929947,0.020721,-3.910381,-0.300000,0.446535,-0.012531,-0.001953,-0.002939,-0.060402,0.059578,4.300697,0.523365,4.220583,0.551287,0,5.881120
26562.990290,1.911035,0.017990,-3.913462,-0.300000,0.445220,-0.000336,-0.000127,-0.002268,-0.073061,0.067295,4.273459,0.491918,4.184000,0.535087,0,5.916957
26563.010303,1.892627,0.014524,-3.916958,-0.300000,0.447084,-0.000445,-0.000120,-0.002767,-0.075501,0.063796,4.232868,0.469865,4.149425,0.522850,0,5.952791
26563.030303,1.874818,0.010653,-3.923446,-0.300000,0.447611,-0.000171,-0.000072,-0.001421,-0.083597,0.063469,4.198599,0.447576,4.117290,0.513952,0,5.988163
26563.065014,1.857962,0.006700,-3.931428,-0.300000,0.451602,0.011044,0.002666,0.007391,-0.087220,0.066151,4.160805,0.431366,4.081345,0.506661,0,6.020463
26563.071025,1.841926,0.002812,-3.942053,-0.300000,0.457230,-0.010855,-0.002604,-0.010086,-0.089792,0.063954,4.120609,0.419140,4.048282,0.502337,0,6.055071
26563.090283,1.826534,-0.000907,-3.955449,-0.298583,0.463190,-0.000740,-0.000176,-0.002302,-0.092714,0.061430,4.079190,0.409396,4.015005,0.500225,0,6.090245
26563.110313,1.812473,-0.004238,-3.968028,-0.295585,0.470324,-0.000320,-0.000118,-0.003593,-0.092890,0.063218,4.037462,0.404927,3.978329,0.500470,0,6.124916
26563.130293,1.799542,-0.007166,-3.977594,-0.290203,0.477623,-0.000397,-0.000163,-0.005428,-0.093258,0.063477,3.997934,0.403359,3.945083,0.503025,0,6.158183
26563.166208,1.787986,-0.009542,-3.978582,-0.283363,0.485188,0.006940,0.001458,-0.019080,-0.090317,0.064654,3.959847,0.407512,3.912081,0.507790,0,6.190117
26563.171875,1.777838,-0.011460,-3.967596,-0.274677,0.492313,-0.006653,-0.001717,0.004589,-0.088507,0.062955,3.919234,0.413672,3.879471,0.514745,0,6.224167
26563.190304,1.768894,-0.013362,-3.951390,-0.267951,0.499283,-0.001173,-0.000532,-0.012558,-0.087713,0.059190,3.876991,0.422264,3.847396,0.523857,0,6.259694
26563.210281,1.761620,-0.014448,-3.915129,-0.260718,0.504984,-0.000432,-0.000342,-0.012373,-0.082503,0.058164,3.839721,0.436969,3.816000,0.535087,0,6.295237
26563.230294,1.755855,-0.015393,-3.861546,-0.248392,0.507313,-0.000493,-0.000538,-0.020853,-0.077822,0.063037,3.805304,0.452327,3.782414,0.549826,0,6.329123
26563.268510,1.751565,-0.015963,-3.787671,-0.235218,0.510699,0.001410,0.000957,-0.112318,-0.073573,0.062857,3.771177,0.470305,3.752894,0.565329,0,6.361920
26563.274488,1.748713,-0.016344,-3.693785,-0.222288,0.514847,-0.002399,-0.002385,0.059352,-0.066640,0.056569,3.734954,0.495984,3.724472,0.582766,0,6.398223
26563.290287,1.746173,-0.017922,-3.582590,-0.210316,0.516997,-0.001063,-0.001724,-0.053147,-0.060133,0.066613,3.710648,0.515788,3.694628,0.604086,0,6.432884
26563.310290,1.745744,-0.017902,-3.493404,-0.198825,0.520907,-0.001418,-0.002127,-0.060056,-0.052901,0.068663,3.685343,0.540212,3.668919,0.625320,0,6.463915
26563.330304,1.746324,-0.017746,-3.351012,-0.189596,0.524567,-0.000660,-0.001195,-0.050490,-0.046295,0.064772,3.657355,0.569620,3.644682,0.648220,0,6.498217
26563.368827,1.748577,-0.017190,-3.200671,-0.180745,0.527187,-0.003835,0.000282,-0.159507,-0.038351,0.063773,3.634782,0.599369,3.622026,0.672684,0,6.535029
26563.374097,1.751444,-0.017847,-3.057156,-0.172112,0.530386,0.002046,-0.003680,0.036619,-0.026475,0.057715,3.612301,0.639173,3.599049,0.701272,0,6.575124
26563.390307,1.754726,-0.020608,-2.962599,-0.161113,0.529416,-0.001180,-0.002164,-0.073187,-0.020084,0.070549,3.596926,0.663851,3.576448,0.734287,0,6.611872
26563.410300,1.757939,-0.019006,-2.858030,-0.151248,0.533082,-0.000248,-0.000787,-0.032776,-0.014463,0.069503,3.577848,0.697857,3.558109,0.766050,0,6.645881
26563.430297,1.763758,-0.015845,-2.659735,-0.143440,0.535676,-0.000395,-0.000533,-0.022539,-0.009663,0.065346,3.561335,0.732420,3.543499,0.796023,0,6.683847
26563.465092,1.769689,-0.014917,-2.483212,-0.138087,0.538171,-0.004661,0.000897,-0.081839,-0.005231,0.067929,3.546385,0.767394,3.528651,0.833175,0,6.721527
26563.470686,1.776244,-0.015169,-2.342850,-0.131580,0.540816,0.004371,-0.001710,0.043521,0.000800,0.065801,3.535810,0.804914,3.517691,0.868176,0,6.760157
26563.490309,1.782601,-0.016456,-2.253679,-0.123452,0.543781,-0.000613,-0.000971,-0.040222,0.007354,0.069037,3.528740,0.840690,3.508695,0.907161,0,6.799085
26563.510303,1.789412,-0.015365,-2.151128,-0.114284,0.547150,-0.000637,-0.000653,-0.027991,0.010774,0.066488,3.521439,0.878584,3.503211,0.943426,0,6.837968
26563.530304,1.796867,-0.013415,-2.017179,-0.106806,0.549847,-0.000294,-0.000523,-0.023395,0.013832,0.066042,3.516304,0.917783,3.500278,0.983328,0,6.877998
26563.566595,1.804956,-0.012076,-1.886641,-0.097530,0.551728,-0.007211,-0.000013,-0.102474,0.011430,0.065156,3.511430,0.958178,3.500000,1.023333,0,6.918692
26563.572198,1.813339,-0.010724,-1.756681,-0.087371,0.552781,0.005901,-0.001499,0.037553,0.007500,0.064636,3.507500,0.998698,3.500000,1.063333,0,6.959956
26563.590301,1.821831,-0.010830,-1.659611,-0.074020,0.553933,0.000130,-0.003544,-0.102016,0.005772,0.064014,3.505772,1.039319,3.500000,1.103333,0,7.000945
26563.610302,1.830609,-0.009433,-1.550265,-0.057068,0.554838,-0.000640,-0.002132,-0.100016,0.007361,0.066050,3.507361,1.080617,3.500000,1.146667,0,7.042363
26563.630300,1.839903,-0.004013,-1.341619,-0.038883,0.554141,-0.000121,-0.001364,-0.063949,0.006307,0.063856,3.506307,1.122810,3.500000,1.186667,0,7.084520
26563.666876,1.849757,0.001298,-1.046828,-0.020952,0.551984,-0.007689,0.000456,-0.227924,-0.000818,0.064143,3.499182,1.165857,3.500000,1.230000,0,7.127932
26563.672535,1.859838,0.004776,-0.746044,-0.002210,0.548727,0.007112,-0.003429,0.088424,-0.001615,0.064829,3.498385,1.208504,3.500000,1.273333,0,7.172029
26563.690301,1.869649,0.004073,-0.528890,0.021547,0.545419,0.001735,-0.006632,-0.186913,-0.000212,0.063960,3.499788,1.252707,3.500000,1.316667,0,7.215793
26563.710302,1.879289,0.006067,-0.302195,0.050378,0.541485,0.000920,-0.003781,-0.178671,-0.003306,0.063887,3.496694,1.296113,3.500000,1.360000,0,7.259547
26563.730303,1.887957,0.014769,0.086465,0.078303,0.536699,0.000966,-0.001892,-0.088333,-0.002551,0.063714,3.497449,1.339619,3.500000,1.403333,0,7.303450
26563.766523,1.895320,0.022397,0.599800,0.105531,0.532927,-0.003544,0.001363,-0.345470,-0.003518,0.066197,3.496482,1.383803,3.500000,1.450000,0,7.348318
26563.771936,1.901462,0.026095,1.080192,0.133087,0.530598,0.006164,-0.005701,0.219259,-0.005297,0.058006,3.494703,1.435327,3.500000,1.493333,0,7.396600
26563.790314,1.908437,0.023058,1.468515,0.162976,0.527660,0.002196,-0.005238,-0.192857,-0.015448,0.065123,3.488212,1.473911,3.498392,1.540062,0,7.443420
26563.810310,1.911510,0.024913,1.753617,0.193305,0.527436,0.002890,-0.003582,-0.149959,-0.019473,0.067962,3.484922,1.519395,3.491879,1.589748,0,7.488121
26563.830285,1.912996,0.028988,2.142413,0.218109,0.527396,0.001317,-0.001132,-0.044819,-0.023407,0.063030,3.476312,1.565124,3.482235,1.632098,0,7.535094
26563.867880,1.911172,0.032095,2.590749,0.237593,0.528427,0.004774,0.003800,-0.260710,-0.024537,0.062140,3.466771,1.609780,3.467781,1.676581,0,7.582359
26563.873386,1.908233,0.030820,2.960178,0.249381,0.528489,-0.002587,-0.005360,0.207593,-0.022631,0.054368,3.452770,1.660736,3.449234,1.719519,0,7.632699
26563.890312,1.904194,0.025038,3.263650,0.252078,0.526728,0.000993,-0.000036,-0.014754,-0.026117,0.064066,3.436553,1.695169,3.425005,1.763383,0,7.680007
26563.910275,1.900453,0.021345,3.413338,0.253013,0.529176,0.000594,-0.000104,0.000162,-0.021576,0.066869,3.420134,1.738430,3.396507,1.804602,0,7.723305
26563.930277,1.895397,0.016440,3.544841,0.250608,0.531480,0.000444,0.000025,0.005161,-0.018768,0.059949,3.397119,1.778342,3.370826,1.835392,0,7.769336
26563.966944,1.890333,0.011658,3.619589,0.243055,0.532970,0.004496,0.002409,0.016047,-0.018155,0.059963,3.369797,1.814674,3.337864,1.868576,0,7.815679
26563.972364,1.885582,0.007281,3.642559,0.230778,0.534640,-0.003636,-0.001314,0.007588,-0.016848,0.060103,3.339677,1.848810,3.301944,1.898534,0,7.861777
26563.990276,1.880943,0.004373,3.636182,0.215175,0.536948,-0.001678,0.002025,0.061641,-0.015565,0.063220,3.308922,1.878472,3.263383,1.925005,0,7.906636
26564.010308,1.877173,0.001787,3.589457,0.194649,0.539284,-0.003107,0.005247,0.156145,-0.014050,0.062695,3.275125,1.905444,3.225505,1.946259,0,7.950409
26564.030306,1.873656,0.001195,3.537901,0.169916,0.542094,-0.002310,0.003148,0.138104,-0.012793,0.065410,3.239022,1.929556,3.182819,1.965379,0,7.994459
26564.067339,1.873356,-0.004606,3.345099,0.144132,0.544035,-0.003056,-0.001685,0.321103,-0.011174,0.065009,3.200915,1.950345,3.141741,1.979489,0,8.038484
26564.073077,1.876751,-0.010768,2.989166,0.120838,0.544844,0.003418,0.005894,-0.193425,-0.007314,0.058563,3.155526,1.971149,3.099593,1.989981,0,8.084588
26564.090280,1.881718,-0.007754,2.640094,0.093862,0.543134,-0.001101,0.002369,0.119733,-0.007052,0.070848,3.123062,1.982569,3.053372,1.997143,0,8.126742
26564.110280,1.886330,-0.010974,2.297636,0.078238,0.546032,0.000046,0.001100,0.054565,-0.003041,0.072068,3.082018,1.995414,3.010026,1.999899,0,8.165974
26564.130285,1.893627,-0.011717,1.856509,0.068282,0.548211,0.000024,0.000637,0.033086,0.006173,0.068353,3.041686,2.006173,2.973333,2.000000,0,8.207369
26564.177669,1.901277,-0.008471,1.514486,0.063235,0.549787,-0.008996,-0.004711,0.130338,0.014892,0.061794,2.991794,2.014892,2.930000,2.000000,0,8.252558
26564.187627,1.910814,-0.003338,1.247906,0.061026,0.546645,0.008797,0.004101,-0.070060,0.027516,0.037310,2.923977,2.027516,2.886667,2.000000,0,8.310655
26564.197337,1.923459,0.002471,1.101966,0.065742,0.536645,0.001456,-0.000569,-0.020812,0.031420,0.069598,2.896265,2.031420,2.826667,2.000000,0,8.360644
26564.210294,1.928251,0.003441,1.074847,0.072214,0.529846,0.000179,-0.001387,-0.036544,0.033013,0.096492,2.873158,2.033013,2.776667,2.000000,0,8.389324
26564.230303,1.932393,0.005098,1.077581,0.077903,0.522294,0.000505,-0.000382,-0.017972,0.036566,0.079257,2.829257,2.036566,2.750000,2.000000,0,8.422319
26564.263727,1.938317,0.008801,1.163233,0.085139,0.512294,-0.002507,-0.000039,-0.074141,0.038276,0.069152,2.785819,2.038276,2.716667,2.000000,0,8.464625
26564.270324,1.943454,0.010715,1.267804,0.093316,0.502294,0.003708,-0.001469,0.026272,0.039399,0.067930,2.741263,2.039399,2.673333,2.000000,0,8.507691
26564.290310,1.948309,0.010443,1.349121,0.104570,0.492294,0.001052,-0.000943,-0.044788,0.039195,0.066562,2.696562,2.039195,2.630000,2.000000,0,8.551917
26564.310297,1.951625,0.012885,1.489273,0.117166,0.482294,0.001270,-0.000771,-0.035331,0.032682,0.060746,2.647413,2.032682,2.586667,2.000000,0,8.598360
26564.330298,1.953880,0.014976,1.667350,0.128776,0.472294,0.000994,-0.000724,-0.032817,0.027076,0.061192,2.601192,2.027076,2.540000,2.000000,0,8.645789
26564.365840,1.954630,0.016008,1.849851,0.143249,0.463236,0.002273,0.000873,-0.147825,0.019228,0.062824,2.555878,2.020022,2.493316,1.999955,0,8.691717
26564.371254,1.954090,0.016893,2.040821,0.157600,0.455029,-0.000165,-0.002516,0.074770,0.007294,0.065504,2.510979,2.011387,2.446628,1.997143,0,8.736934
26564.390311,1.953007,0.015501,2.189449,0.173330,0.448111,0.001010,-0.001213,-0.045882,0.000222,0.070928,2.469870,2.004326,2.400407,1.989981,0,8.780340
26564.410298,1.949359,0.017343,2.386099,0.189211,0.443467,0.001570,-0.000920,-0.036153,-0.009249,0.064951,2.423168,1.989032,2.358259,1.979489,0,8.826402
26564.430294,1.944665,0.018449,2.604973,0.200704,0.438020,0.001121,-0.000565,-0.022437,-0.014560,0.061572,2.379813,1.974340,2.317181,1.965379,0,8.874877
26564.464814,1.938449,0.018137,2.807218,0.209287,0.433742,0.006757,0.001691,-0.103597,-0.019337,0.064415,2.337650,1.956978,2.271517,1.944742,0,8.921894
26564.470484,1.931258,0.016674,2.975183,0.214802,0.430295,-0.004944,-0.002294,0.072315,-0.022568,0.064770,2.297696,1.937275,2.230959,1.921446,0,8.968532
26564.490314,1.923809,0.014099,3.094092,0.215286,0.427472,0.000508,-0.000298,-0.009912,-0.023967,0.069229,2.262099,1.918094,2.192755,1.894462,0,9.012601
26564.510301,1.915472,0.011879,3.175903,0.213291,0.427233,0.000858,0.000014,0.005499,-0.025512,0.063496,2.223563,1.890837,2.159680,1.866309,0,9.057646
26564.530299,1.907636,0.009871,3.229512,0.202867,0.425468,0.000175,0.000453,0.021907,-0.026004,0.063709,2.188761,1.863127,2.126940,1.832906,0,9.104638
26564.566009,1.900040,0.007256,3.228320,0.188485,0.425289,0.005191,0.000649,0.093493,-0.026196,0.064629,2.156892,1.833082,2.097465,1.796590,0,9.150359
26564.571704,1.893523,0.004244,3.159992,0.170233,0.425018,-0.004484,0.001375,-0.024574,-0.027623,0.067276,2.129855,1.801096,2.071512,1.757678,0,9.194621
26564.590293,1.887696,0.003563,3.076311,0.143927,0.425317,-0.000873,0.002054,0.082858,-0.029067,0.066730,2.106178,1.766713,2.050766,1.719519,0,9.238108
26564.610355,1.884313,-0.001555,2.856369,0.112206,0.425261,-0.000012,0.001881,0.095823,-0.029707,0.066062,2.084875,1.730675,2.033410,1.679704,0,9.281925
26564.630303,1.883445,-0.007494,2.485614,0.077795,0.423754,0.000348,0.002423,0.118241,-0.029099,0.065060,2.065560,1.692983,2.019574,1.638532,0,9.325940
26564.668642,1.884282,-0.011852,2.024374,0.040069,0.421935,-0.000857,-0.003404,0.492061,-0.028499,0.064031,2.049664,1.653657,2.009364,1.596316,0,9.369774
26564.674249,1.885881,-0.015718,1.481746,0.001747,0.420218,0.001493,0.009677,-0.238465,-0.023918,0.057152,2.032738,1.607645,2.002857,1.553372,0,9.415477
26564.690321,1.887767,-0.011061,0.988570,-0.038253,0.418114,0.000357,0.008889,0.310808,-0.018382,0.067366,2.019325,1.573799,2.000045,1.506684,0,9.457793
26564.710356,1.888586,-0.015758,0.605761,-0.074555,0.416640,0.001051,0.002665,0.121641,-0.002336,0.070592,2.006164,1.533499,1.998649,1.463270,0,9.497357
26564.730298,1.888783,-0.028468,-0.184041,-0.101873,0.414798,0.000998,0.002054,0.088591,0.009936,0.070121,1.995022,1.494249,1.994103,1.423434,0,9.539946
26564.768375,1.888152,-0.031534,-0.843799,-0.125953,0.415969,0.003096,-0.000151,0.445542,0.019808,0.067456,1.982749,1.454301,1.986379,1.384090,0,9.583102
26564.773961,1.887380,-0.028371,-1.299056,-0.148999,0.418733,0.000882,0.010222,-0.065486,0.029257,0.059806,1.965581,1.408297,1.974485,1.342316,0,9.630178
26564.790313,1.887097,-0.020720,-1.536984,-0.174353,0.420979,0.002524,0.005619,0.197490,0.034033,0.072633,1.954949,1.375814,1.956318,1.295614,0,9.674571
26564.810345,1.884773,-0.024897,-1.783955,-0.195942,0.425845,0.001027,0.001471,0.056497,0.038571,0.071827,1.938098,1.338303,1.936859,1.256784,0,9.715123
26564.830306,1.878817,-0.032205,-2.258504,-0.210579,0.430666,0.001052,0.002066,0.059492,0.040710,0.067888,1.919768,1.301629,1.915967,1.222562,0,9.757811
26564.870166,1.872831,-0.031899,-2.619258,-0.222042,0.435785,0.008697,-0.000284,0.304633,0.040867,0.067201,1.900417,1.265510,1.890320,1.187509,0,9.800929
26564.876578,1.867271,-0.027731,-2.833799,-0.232559,0.441159,-0.003505,0.006418,-0.027834,0.038377,0.058167,1.874120,1.223390,1.861727,1.154814,0,9.847798
26564.890313,1.861106,-0.022202,-2.959184,-0.240273,0.444227,0.000437,0.001860,0.041141,0.038193,0.068897,1.854857,1.196539,1.827889,1.122523,0,9.890716
26564.910300,1.855444,-0.023126,-3.084482,-0.243561,0.449344,0.000420,0.000386,0.015070,0.035992,0.068861,1.828447,1.165086,1.793893,1.095492,0,9.928963
26564.930299,1.847351,-0.024312,-3.268134,-0.242316,0.454682,-0.000071,-0.000036,-0.002086,0.032542,0.062851,1.799665,1.135764,1.763383,1.074995,0,9.970326
26564.968285,1.839568,-0.022997,-3.402950,-0.237803,0.460243,0.005965,-0.002136,0.023270,0.027707,0.063632,1.769802,1.107168,1.725505,1.053741,0,10.011782
26564.973590,1.832590,-0.020307,-3.475983,-0.230925,0.466241,-0.006398,0.001595,-0.032785,0.020985,0.055515,1.732485,1.077522,1.689024,1.037107,0,10.055540
26564.990300,1.824680,-0.017616,-3.511759,-0.218711,0.470296,-0.000583,-0.001008,-0.033386,0.018118,0.063938,1.703838,1.058697,1.648138,1.022449,0,10.096302
26565.010300,1.820459,-0.015056,-3.487073,-0.206211,0.476816,-0.001212,-0.001940,-0.057112,0.012966,0.062933,1.667969,1.038536,1.609398,1.012115,0,10.133368
26565.030297,1.816309,-0.012926,-3.418381,-0.190949,0.482390,-0.001279,-0.001564,-0.064904,0.005320,0.063788,1.632370,1.019110,1.569954,1.004918,0,10.173075
26565.067396,1.813722,-0.010157,-3.296573,-0.174671,0.487966,-0.001011,-0.001191,-0.222939,-0.002016,0.060380,1.593776,1.003138,1.533396,1.001117,0,10.213130
26565.072978,1.812796,-0.009151,-3.142121,-0.156647,0.492808,-0.002087,-0.005467,0.010851,-0.014307,0.054184,1.547517,0.985693,1.493333,1.000000,0,10.256495
26565.090294,1.811355,-0.012072,-3.035240,-0.135003,0.495530,-0.002061,-0.005301,-0.167186,-0.023376,0.068709,1.518709,0.976624,1.450000,1.000000,0,10.295638
26565.110299,1.812711,-0.008491,-2.847224,-0.117966,0.502141,-0.001290,-0.002675,-0.119897,-0.032312,0.062141,1.472141,0.967688,1.410000,1.000000,0,10.333824
26565.130269,1.816422,-0.002811,-2.521089,-0.107077,0.505792,-0.000886,-0.002506,-0.074132,-0.040303,0.063901,1.433901,0.959697,1.370000,1.000000,0,10.376602
26565.168993,1.820852,-0.002372,-2.206126,-0.101285,0.511316,-0.006484,-0.000267,-0.260635,-0.046768,0.061372,1.391372,0.953232,1.330000,1.000000,0,10.418250
26565.175551,1.825235,-0.006386,-2.029597,-0.098038,0.516168,0.003056,-0.005694,0.001404,-0.051709,0.053197,1.339863,0.948291,1.286667,1.000000,0,10.465029
26565.190292,1.830381,-0.011051,-1.939210,-0.096334,0.518152,-0.000341,-0.001076,-0.032102,-0.053679,0.066121,1.306121,0.946321,1.240000,1.000000,0,10.508702
26565.210314,1.834865,-0.009203,-1.823975,-0.100500,0.522900,0.000003,0.000203,0.008598,-0.055090,0.070947,1.267614,0.944910,1.196667,1.000000,0,10.545936
26565.230288,1.841167,-0.009380,-1.712983,-0.105636,0.526505,-0.000255,0.001170,0.036052,-0.053595,0.063915,1.223915,0.946405,1.160000,1.000000,0,10.586610
26565.263512,1.846927,-0.010879,-1.666982,-0.118523,0.529578,-0.003220,0.001855,0.105543,-0.052717,0.064936,1.184936,0.947283,1.120000,1.000000,0,10.627669
26565.270307,1.852639,-0.014763,-1.718156,-0.130146,0.532508,0.003862,0.000587,-0.026372,-0.052924,0.058132,1.134799,0.947076,1.076667,1.000000,0,10.671386
26565.290313,1.858047,-0.016696,-1.810806,-0.151730,0.534676,0.000953,0.001967,0.086731,-0.051845,0.057355,1.090688,0.948155,1.033333,1.000000,0,10.717194
26565.310335,1.862250,-0.021361,-1.992880,-0.173045,0.537109,0.000458,0.001198,0.052376,-0.048545,0.069080,1.054391,0.949805,0.986633,1.000179,0,10.756091
26565.330301,1.864609,-0.025777,-2.261555,-0.190881,0.539780,0.001115,0.001042,0.041556,-0.044365,0.053174,0.998419,0.953046,0.949952,1.002511,0,10.798294
26565.364305,1.866639,-0.027603,-2.530050,-0.214557,0.540954,0.001632,-0.000592,0.200165,-0.037795,0.054524,0.953505,0.961451,0.906966,1.008732,0,10.845127
26565.370304,1.867061,-0.028406,-2.793355,-0.232540,0.542703,0.000469,0.002729,-0.117918,-0.033011,0.057454,0.907526,0.971937,0.861468,1.019574,0,10.889171
26565.390300,1.866786,-0.026616,-3.008688,-0.248839,0.545061,0.001614,0.001308,0.050914,-0.031334,0.058565,0.863686,0.983121,0.820296,1.033410,0,10.932354
26565.410308,1.864800,-0.025902,-3.214347,-0.260660,0.547977,0.000803,0.000462,0.016165,-0.033718,0.059289,0.818946,0.994441,0.780481,1.050766,0,10.974323
26565.430306,1.861165,-0.024790,-3.417187,-0.270188,0.551338,0.000641,0.000333,0.011017,-0.031903,0.064009,0.780735,1.011184,0.742322,1.071512,0,11.014523
26565.464962,1.856761,-0.022400,-3.581050,-0.272645,0.554324,0.004315,-0.002416,0.062457,-0.033656,0.060857,0.738690,1.030736,0.708818,1.093536,0,11.054601
26565.470917,1.852159,-0.019169,-3.701651,-0.272400,0.557831,-0.003336,0.002443,-0.051139,-0.038050,0.060013,0.698449,1.050371,0.677186,1.118174,0,11.095645
26565.490305,1.847348,-0.015696,-3.779792,-0.269347,0.562394,-0.000244,0.000004,-0.004764,-0.035500,0.060399,0.665463,1.077515,0.647630,1.145267,0,11.136033
26565.510303,1.842649,-0.012475,-3.820125,-0.263411,0.567145,-0.000102,-0.000153,-0.007821,-0.038825,0.059585,0.629632,1.104133,0.620340,1.174641,0,11.176355
26565.530308,1.838645,-0.009663,-3.827516,-0.257676,0.572618,-0.000196,-0.000165,-0.007570,-0.039743,0.060666,0.598997,1.133667,0.595492,1.206107,0,11.215925
26565.565382,1.835272,-0.007556,-3.808231,-0.250337,0.577653,0.001862,-0.000168,-0.042293,-0.046080,0.056419,0.563313,1.167298,0.573244,1.239463,0,11.256502
26565.571015,1.833068,-0.006132,-3.769390,-0.241310,0.580869,-0.001558,-0.000453,0.019217,-0.054420,0.056795,0.530785,1.199260,0.553741,1.274495,0,11.297669
26565.590312,1.831174,-0.005943,-3.727659,-0.229332,0.584111,-0.000494,-0.000644,-0.025483,-0.055673,0.062142,0.507280,1.235687,0.535854,1.314075,0,11.337138
26565.610300,1.830778,-0.004804,-3.648847,-0.212325,0.586033,-0.000431,-0.000824,-0.035499,-0.055612,0.064199,0.488354,1.274070,0.522449,1.351862,0,11.375795
26565.630306,1.832105,-0.003340,-3.525892,-0.191077,0.586170,-0.000572,-0.001153,-0.050127,-0.048392,0.063532,0.480024,1.314541,0.512857,1.387344,0,11.414053
26565.666161,1.835136,-0.001512,-3.350449,-0.163124,0.583421,-0.004678,0.000770,-0.248030,-0.045651,0.064495,0.469688,1.356250,0.505396,1.426738,0,11.453682
26565.672078,1.840196,0.001270,-3.098507,-0.134453,0.579916,0.003341,-0.004577,0.088110,-0.043364,0.065385,0.462217,1.398468,0.501117,1.466604,0,11.494386
26565.690299,1.845855,0.000047,-2.864576,-0.104957,0.577597,-0.001379,-0.007628,-0.210692,-0.037428,0.062971,0.462572,1.443696,0.500000,1.506667,0,11.537180
26565.710306,1.852740,0.001363,-2.573147,-0.076455,0.574109,-0.000906,-0.003835,-0.184966,-0.040622,0.060477,0.459378,1.489523,0.500000,1.550000,0,11.583190
26565.730303,1.861741,0.008443,-2.121602,-0.052054,0.570138,0.000006,-0.001734,-0.084129,-0.040952,0.059470,0.459048,1.533864,0.500000,1.593333,0,11.629128
26565.765829,1.871737,0.013199,-1.571581,-0.032776,0.566878,-0.007350,0.003470,-0.298521,-0.042798,0.058452,0.457202,1.581548,0.500000,1.640000,0,11.675516
26565.771745,1.881982,0.012980,-1.101812,-0.017382,0.563692,0.007096,-0.005732,0.149570,-0.043831,0.063705,0.456169,1.622961,0.500000,1.686667,0,11.721049
26565.790305,1.892012,0.008394,-0.794184,-0.004147,0.562960,0.000709,-0.003902,-0.108721,-0.031587,0.058854,0.468413,1.674479,0.500000,1.733333,0,11.768511
26565.810298,1.901846,0.007080,-0.541646,0.007360,0.559458,0.000365,-0.001842,-0.088700,-0.027862,0.057937,0.472138,1.722063,0.500000,1.780000,0,11.818212
26565.830313,1.911696,0.008744,-0.284043,0.013864,0.557224,0.000346,-0.000459,-0.022860,-0.026930,0.061144,0.473070,1.768856,0.500000,1.830000,0,11.865950
26565.865650,1.921268,0.009518,-0.033639,0.016030,0.555603,-0.006537,0.001792,-0.074361,-0.026446,0.061594,0.473554,1.815073,0.500000,1.876667,0,11.913184
26565.871304,1.930638,0.007804,0.125378,0.016183,0.554085,0.006756,-0.001673,0.053077,-0.025075,0.060814,0.474925,1.862519,0.500000,1.923333,0,11.960558
26565.890317,1.939906,0.005507,0.209273,0.015664,0.552143,0.000777,-0.000038,0.002777,-0.025152,0.064345,0.474848,1.908988,0.500000,1.973333,0,12.007889
26565.910306,1.948878,0.003637,0.245971,0.013547,0.551217,0.000206,0.000147,0.007485,-0.026179,0.067222,0.473821,1.952778,0.500000,2.020000,0,12.054004
26565.930308,1.957530,0.002062,0.249679,0.009356,0.551046,0.000456,0.000297,0.014970,-0.026911,0.062957,0.473089,2.003709,0.500000,2.066667,0,12.101665
26565.965661,1.966326,0.000465,0.221845,0.002264,0.549710,-0.005850,0.000399,0.066122,-0.026053,0.062548,0.473947,2.050785,0.500000,2.113333,0,12.151003
26565.971306,1.974799,-0.001474,0.156570,-0.006382,0.548068,0.006277,0.001044,-0.016066,-0.027330,0.061334,0.472670,2.101999,0.500000,2.163333,0,12.200848
26565.990303,1.983317,-0.001875,0.095343,-0.021748,0.545880,0.001052,0.001300,0.061780,-0.027117,0.060143,0.472883,2.153190,0.500000,2.213333,0,12.251988
26566.010298,1.991474,-0.006253,-0.064474,-0.042252,0.542875,0.001034,0.004976,0.155813,-0.021601,0.060931,0.478399,2.202403,0.500000,2.263333,0,12.302402
26566.030305,1.999259,-0.007500,-0.235244,-0.064821,0.539279,0.000989,0.002871,0.144334,-0.026587,0.065169,0.473413,2.248164,0.500000,2.313333,0,12.350544
26566.066451,2.005879,-0.013517,-0.513637,-0.090461,0.536161,-0.002668,-0.000819,0.320298,-0.021097,0.063502,0.478903,2.299831,0.500000,2.363333,0,12.399533
26566.074408,2.011325,-0.019462,-0.924608,-0.114425,0.531406,0.005176,0.005790,-0.137170,-0.027800,0.047956,0.472200,2.362044,0.500000,2.410000,0,12.454857
26566.090299,2.017507,-0.017199,-1.282023,-0.149750,0.526014,0.002450,0.004862,0.169878,-0.021325,0.067397,0.478675,2.399269,0.500000,2.466667,0,12.504978
26566.110298,2.019750,-0.019735,-1.549089,-0.178108,0.522758,0.001599,0.001272,0.057819,-0.014292,0.066381,0.483777,2.450841,0.500279,2.516707,0,12.549521
26566.130307,2.018837,-0.025678,-2.053545,-0.200864,0.518027,0.001420,0.001009,0.042713,-0.012530,0.060126,0.483959,2.501826,0.503615,2.560013,0,12.598374
26566.165883,2.016113,-0.025155,-2.487734,-0.223369,0.516764,0.005925,-0.004341,0.242555,-0.008363,0.061542,0.490489,2.551177,0.512115,2.609398,0,12.647548
26566.171447,2.011562,-0.021710,-2.842264,-0.242115,0.516506,-0.003181,0.005473,-0.156468,-0.011953,0.060540,0.495080,2.604003,0.525515,2.657684,0,12.696466
26566.190289,2.006208,-0.015694,-3.100346,-0.261172,0.516372,0.002168,0.002176,0.045498,-0.014999,0.057617,0.505396,2.654630,0.542326,2.701331,0,12.744635
26566.210290,1.999247,-0.010360,-3.304019,-0.275932,0.516084,0.002028,0.000982,0.036046,-0.015256,0.058010,0.522941,2.703146,0.564776,2.746131,0,12.792692
26566.230307,1.990009,-0.006143,-3.481073,-0.287167,0.516203,0.000594,0.000249,0.008584,-0.020529,0.066513,0.534824,2.742871,0.589680,2.785723,0,12.836336
26566.262662,1.978183,-0.002391,-3.641190,-0.292504,0.517511,0.008929,-0.002358,0.056439,-0.021959,0.054754,0.564091,2.792271,0.616025,2.820255,0,12.881410
26566.270320,1.966204,0.001829,-3.759587,-0.297153,0.518345,-0.007668,0.002526,-0.042944,-0.023956,0.055542,0.591343,2.832586,0.647630,2.854733,0,12.929499
26566.290281,1.953418,0.005807,-3.839778,-0.296027,0.518765,0.000238,0.000024,-0.001137,-0.029438,0.056656,0.619865,2.872843,0.682319,2.886107,0,12.973955
26566.310277,1.940322,0.008871,-3.892996,-0.292147,0.520606,0.000256,0.000024,-0.002365,-0.039662,0.060486,0.647466,2.913053,0.719788,2.914103,0,13.016882
26566.330279,1.927660,0.011168,-3.919432,-0.287431,0.525006,-0.000326,-0.000174,-0.006106,-0.042687,0.059552,0.683988,2.945188,0.756784,2.936859,0,13.059135
26566.380076,1.915140,0.012289,-3.927997,-0.278441,0.528037,0.012394,0.001813,-0.027121,-0.053477,0.035599,0.737992,2.988832,0.792569,2.954942,0,13.110216
26566.385409,1.900409,0.012834,-3.904303,-0.273602,0.529444,-0.011741,-0.001923,0.021237,-0.069784,0.040193,0.782167,3.028032,0.842316,2.974485,0,13.163306
26566.390832,1.885912,0.010804,-3.874476,-0.265058,0.531395,0.001081,0.000030,-0.006282,-0.069091,0.082971,0.794525,3.037149,0.890602,2.987885,0,13.192718
26566.410273,1.884564,0.010595,-3.868149,-0.262437,0.539736,-0.000225,-0.000078,-0.003994,-0.081454,0.074733,0.833348,3.062051,0.920133,2.993580,0,13.216405
26566.430271,1.876461,0.009165,-3.825515,-0.257228,0.547007,-0.000002,-0.000118,-0.007273,-0.092148,0.054154,0.879053,3.082189,0.943306,2.996775,0,13.255557
26566.491903,1.869564,0.007051,-3.782139,-0.249265,0.552592,0.006004,0.003856,-0.048554,-0.112119,0.029972,0.949591,3.110775,0.983293,2.999721,0,13.309938
26566.500330,1.859581,0.002915,-3.697872,-0.233378,0.550842,-0.006567,-0.004817,0.011487,-0.131748,-0.001986,1.031986,3.131748,1.030000,3.000000,1,13.387817
26566.520385,1.851535,-0.002007,-3.646890,-0.203385,0.551499,-0.002777,-0.004432,-0.131060,-0.138370,0.031190,1.075476,3.138370,1.106667,3.000000,1,13.457761
26566.561048,1.848760,-0.002569,-3.583179,-0.170365,0.555268,-0.008359,-0.008071,-0.546397,-0.141993,0.056200,1.120467,3.141993,1.176667,3.000000,1,13.505160
26566.567815,1.846321,-0.004076,-3.528415,-0.133706,0.561614,-0.005404,-0.011940,-0.195459,-0.141562,0.048048,1.175285,3.141562,1.223333,3.000000,1,13.553425
26566.580385,1.843513,-0.006775,-3.495591,-0.093706,0.568043,-0.002359,-0.009412,-0.240388,-0.140793,0.059754,1.213580,3.140793,1.273333,3.000000,1,13.599384
26566.600389,1.847502,0.006551,-3.131336,-0.054652,0.570022,-0.003892,-0.020285,-0.613427,-0.136063,0.058681,1.257985,3.136063,1.316667,3.000000,1,13.641431
26566.620386,1.853568,0.010089,-2.692277,-0.021716,0.568937,-0.004359,-0.028515,-0.860965,-0.128046,0.056355,1.303645,3.128046,1.360000,3.000000,1,13.685716
26566.661477,1.859239,0.004355,-2.417111,0.011503,0.567794,-0.015134,-0.030456,-1.867533,-0.120303,0.057567,1.345767,3.120303,1.403333,3.000000,1,13.729239
26566.667443,1.864195,-0.002500,-2.261939,0.039989,0.566661,0.003595,-0.025070,-0.399053,-0.109658,0.048704,1.397962,3.109658,1.446667,3.000000,1,13.776112
26566.680381,1.870328,-0.008534,-2.185648,0.064285,0.562164,0.000500,-0.005048,-0.157359,-0.101414,0.057983,1.435350,3.101414,1.493333,3.000000,1,13.822376
26566.700385,1.875205,0.024342,-1.313540,0.062378,0.557426,-0.000146,0.000453,0.013925,-0.093102,0.057034,1.482966,3.093102,1.540000,3.000000,1,13.867241
26566.720392,1.882465,0.040235,-0.125169,0.049434,0.553350,0.000202,0.003831,0.116450,-0.082786,0.056587,1.530079,3.082786,1.586667,3.000000,1,13.915625
26566.760886,1.891586,0.032161,0.530752,0.036465,0.548486,-0.008670,0.014376,0.209231,-0.073968,0.054794,1.578540,3.073968,1.633333,3.000000,1,13.964874
26566.766726,1.901177,0.022063,0.843236,0.024063,0.544262,0.008618,-0.000446,0.216320,-0.064461,0.049899,1.633435,3.064461,1.683333,3.000000,1,14.017539
26566.780395,1.912477,0.014016,0.999785,0.011654,0.540163,0.001648,0.004458,0.164104,-0.058280,0.062464,1.674203,3.058280,1.736667,3.000000,1,14.066759
26566.800393,1.919978,0.003688,0.884957,0.002416,0.538527,0.000586,0.002434,0.075280,-0.051691,0.063906,1.722760,3.051691,1.786667,3.000000,1,14.112488
26566.820392,1.928692,-0.006048,0.544122,0.000659,0.533484,0.000724,0.002922,0.090922,-0.044638,0.059108,1.770892,3.044638,1.830000,3.000000,1,14.160724
26566.860101,1.937106,-0.005446,0.357362,0.003022,0.527827,-0.006086,0.000355,0.152145,-0.037477,0.061087,1.818913,3.037477,1.880000,3.000000,1,14.209005
26566.865950,1.945393,-0.003060,0.265353,0.007797,0.522159,0.007749,0.002050,-0.019331,-0.030282,0.051608,1.875059,3.030282,1.926667,3.000000,1,14.261112
26566.880387,1.955155,-0.000877,0.219097,0.014309,0.516237,0.001498,-0.000183,-0.009406,-0.025812,0.063477,1.916523,3.025812,1.980000,3.000000,1,14.310699
26566.900405,1.961232,0.000355,0.215249,0.023222,0.514592,-0.000626,-0.002462,-0.075755,-0.019838,0.072285,1.957715,3.019838,2.030000,3.000000,1,14.352933
26566.920401,1.966652,0.001189,0.225376,0.032282,0.514690,0.000835,-0.004735,-0.147582,-0.013363,0.062924,2.007076,3.013363,2.070000,3.000000,1,14.398472
26566.960176,1.973276,0.001438,0.234445,0.040766,0.511535,-0.004055,-0.006550,-0.339319,-0.006105,0.059486,2.057181,3.006105,2.116667,3.000000,1,14.448612
26566.966023,1.979829,0.001467,0.242235,0.050186,0.507544,0.007520,-0.004739,-0.097704,0.003637,0.043687,2.122980,2.996363,2.166667,3.000000,1,14.505981
26566.980388,1.988667,0.001220,0.244482,0.059890,0.501564,0.001727,-0.003832,-0.133497,0.008425,0.058263,2.165071,2.991575,2.223333,3.000000,1,14.560426
26567.000390,1.993045,0.007626,0.391169,0.065455,0.499677,0.000041,-0.001558,-0.092285,0.013321,0.072668,2.207332,2.986679,2.280000,3.000000,1,14.604196
26567.020396,1.996616,0.013134,0.651446,0.064926,0.500999,0.000743,-0.001266,-0.039181,0.018920,0.066264,2.257070,2.981080,2.323333,3.000000,1,14.650202
26567.060249,2.001196,0.012006,0.847800,0.060426,0.499655,-0.003166,0.002338,-0.053472,0.023493,0.061563,2.308437,2.976507,2.370000,3.000000,1,14.700575
26567.066316,2.005833,0.008998,0.948079,0.054382,0.496264,0.004842,-0.001701,0.055091,0.028840,0.046394,2.373606,2.971160,2.420000,3.000000,1,14.758421
26567.080404,2.011875,0.005735,1.005931,0.044644,0.490434,0.001089,0.001205,0.047683,0.030558,0.059598,2.417069,2.969442,2.476667,3.000000,1,14.813327
26567.100399,2.015606,0.002487,0.972263,0.034430,0.488334,0.000493,0.002634,0.083785,0.031199,0.064756,2.468578,2.968801,2.533333,3.000000,1,14.861808
26567.120400,2.019801,-0.000355,0.874590,0.024198,0.482906,0.000552,0.001078,0.061240,0.031322,0.060900,2.519100,2.968678,2.580000,3.000000,1,14.912455
26567.161992,2.023797,-0.004373,0.712045,0.015880,0.477948,-0.002702,-0.001837,0.148802,0.030727,0.059972,2.570028,2.969273,2.630000,3.000000,1,14.963429
26567.168085,2.027567,-0.006544,0.514677,0.009332,0.472347,0.003398,0.002638,-0.077950,0.028216,0.053845,2.629489,2.971784,2.683333,3.000000,1,15.018768
26567.180396,2.031825,-0.004635,0.368543,0.001707,0.465822,0.001316,0.002043,0.036466,0.026259,0.064506,2.672161,2.973741,2.736667,3.000000,1,15.070954
26567.200385,2.034631,-0.004256,0.286659,-0.006250,0.464296,0.000888,0.004100,0.130096,0.022201,0.068799,2.721201,2.977799,2.790000,3.000000,1,15.117688
26567.220386,2.037790,-0.002945,0.217671,-0.013930,0.461979,0.000830,0.001306,0.072715,0.019718,0.063681,2.772986,2.980282,2.836667,3.000000,1,15.167330
26567.263051,2.040651,-0.006357,0.063245,-0.016789,0.458723,-0.001439,-0.002154,0.113298,0.016593,0.062252,2.824415,2.983407,2.886667,3.000000,1,15.218998
26567.269074,2.043093,-0.007431,-0.110208,-0.016967,0.456107,0.002129,0.001864,-0.074905,0.011844,0.054489,2.882177,2.988156,2.936667,3.000000,1,15.273140
26567.280389,2.045724,-0.005202,-0.223197,-0.016353,0.451882,0.001120,0.000337,-0.010677,0.009560,0.063784,2.926216,2.990440,2.990000,3.000000,1,15.324181
26567.300394,2.047640,-0.003621,-0.258973,-0.017822,0.452296,0.000499,0.000075,0.004006,0.006476,0.066203,2.977130,2.993524,3.043333,3.000000,1,15.372375
26567.320391,2.049515,-0.002412,-0.284931,-0.019137,0.452443,0.000519,0.000345,0.010707,0.003500,0.061941,3.028059,2.996500,3.090000,3.000000,1,15.423039
26567.362503,2.051369,-0.001680,-0.300492,-0.019709,0.452417,-0.000894,-0.000242,0.017890,-0.000249,0.060758,3.079242,3.000249,3.140000,3.000000,1,15.474377
26567.368295,2.053186,-0.001580,-0.317323,-0.020229,0.452059,0.001663,0.000283,-0.009428,-0.003587,0.055020,3.138313,3.003587,3.193333,3.000000,1,15.528906
26567.380410,2.055210,-0.001344,-0.333272,-0.018979,0.449952,0.000772,-0.000190,-0.007254,-0.006844,0.066482,3.180185,3.006844,3.246667,3.000000,1,15.580120
26567.400398,2.056658,-0.001216,-0.340723,-0.018796,0.451278,0.000401,-0.000365,-0.011795,-0.008273,0.071452,3.228548,3.008273,3.300000,3.000000,1,15.626429
26567.420398,2.058226,-0.001055,-0.347292,-0.017167,0.452115,0.000457,-0.000787,-0.025329,-0.011245,0.063956,3.279378,3.011245,3.343333,3.000000,1,15.675141
26567.463637,2.059895,-0.000890,-0.350443,-0.016338,0.451929,-0.000895,-0.000966,-0.052307,-0.014551,0.063437,3.329897,3.014551,3.393333,3.000000,1,15.725427
26567.469545,2.061527,-0.000780,-0.352075,-0.016453,0.451551,0.001969,-0.000426,-0.011560,-0.023659,0.041997,3.401336,3.023659,3.443333,3.000000,1,15.785160
26567.480392,2.063837,-0.000686,-0.353023,-0.020715,0.447921,0.000385,0.000428,0.011406,-0.020756,0.072503,3.430830,3.020756,3.503333,3.000000,1,15.837786
26567.500398,2.064681,-0.000336,-0.344232,-0.024506,0.452577,0.000345,0.000993,0.031385,-0.022417,0.074093,3.482573,3.022417,3.556667,3.000000,1,15.880688
26567.520391,2.066058,-0.000762,-0.352351,-0.030515,0.454242,0.000411,0.000485,0.027824,-0.026745,0.067184,3.532816,3.026745,3.600000,3.000000,1,15.930607
26567.563719,2.067461,-0.002863,-0.410646,-0.038901,0.454624,-0.000408,0.001067,0.150354,-0.028947,0.067676,3.582324,3.028947,3.650000,3.000000,1,15.980431
26567.569583,2.068898,-0.003298,-0.472887,-0.050713,0.454769,0.001981,0.003439,0.026752,-0.033983,0.047371,3.652629,3.033983,3.700000,3.000000,1,16.038719
26567.580395,2.070982,-0.002251,-0.514257,-0.071853,0.450743,0.000866,0.004192,0.116268,-0.031247,0.075095,3.681571,3.031247,3.756667,3.000000,1,16.089295
26567.600399,2.071356,-0.005472,-0.599969,-0.091649,0.450880,0.001671,0.004477,0.139604,-0.033322,0.073916,3.732751,3.033322,3.806667,3.000000,1,16.130947
26567.620367,2.071243,-0.012012,-0.909716,-0.109703,0.448247,0.002931,0.008630,0.270536,-0.032624,0.067463,3.782537,3.032624,3.850000,3.000000,1,16.179934
26567.665770,2.071425,-0.010101,-1.085777,-0.130550,0.445899,0.008970,0.008350,0.756315,-0.031542,0.068539,3.831461,3.031542,3.900000,3.000000,1,16.228462
26567.672165,2.071483,-0.007033,-1.184921,-0.158042,0.443287,0.002499,0.011270,0.159865,-0.027982,0.050794,3.895873,3.027982,3.946667,3.000000,1,16.283456
26567.680384,2.071586,-0.003386,-1.232526,-0.194024,0.435193,0.002839,0.004493,0.103553,-0.023316,0.075869,3.927631,3.023811,4.003342,2.999989,1,16.331717
26567.700385,2.069781,-0.011197,-1.433501,-0.211873,0.429702,0.006410,0.006866,0.204216,-0.010699,0.078012,3.973499,3.015942,4.050048,2.997489,1,16.371656
26567.720400,2.064032,-0.020237,-1.933103,-0.213642,0.426221,0.006528,0.007858,0.237473,-0.001012,0.073339,4.017782,3.006039,4.089748,2.991879,1,16.416529
26567.763044,2.058861,-0.017183,-2.252600,-0.216453,0.425917,0.019589,0.002502,0.572293,0.006207,0.074516,4.061903,2.995532,4.135318,2.981341,1,16.461686
26567.768672,2.053876,-0.011078,-2.435757,-0.220346,0.426608,-0.002349,0.008704,0.006847,0.009630,0.058721,4.118243,2.979510,4.176581,2.967781,1,16.513296
26567.780386,2.047961,-0.004457,-2.543583,-0.227871,0.424378,0.002144,0.004960,0.100917,0.013692,0.077835,4.149861,2.969143,4.225505,2.946259,1,16.560681
26567.800388,2.042148,-0.004282,-2.645650,-0.228546,0.425036,0.001009,0.000132,0.000576,0.017405,0.076960,4.191807,2.949479,4.266218,2.923235,1,16.602290
26567.820389,2.029870,-0.008849,-2.940009,-0.218732,0.424426,-0.000632,-0.001025,-0.031252,0.024462,0.075555,4.224106,2.926171,4.299274,2.900544,1,16.646897
26567.863983,2.017420,-0.006971,-3.149312,-0.203841,0.425645,0.010312,-0.007535,-0.078785,0.028170,0.077127,4.259295,2.901669,4.335392,2.870826,1,16.690199
26567.869984,2.005189,-0.002892,-3.284065,-0.187389,0.428914,-0.014940,0.001589,-0.125955,0.032161,0.058494,4.302934,2.861284,4.366309,2.840320,1,16.741596
26567.880400,1.987804,0.002544,-3.383735,-0.168531,0.427774,-0.003045,-0.004290,-0.115560,0.032137,0.077636,4.326035,2.844418,4.398534,2.801944,1,16.788211
26567.900400,1.981331,0.006076,-3.368537,-0.154304,0.434885,-0.001413,-0.002738,-0.084357,0.034523,0.078520,4.354298,2.811940,4.425005,2.763383,1,16.827230
26567.920393,1.974520,0.015227,-3.131012,-0.146018,0.439513,-0.000967,-0.001124,-0.054091,0.036637,0.075235,4.377774,2.778661,4.444742,2.728483,1,16.870526
26567.962574,1.968625,0.017918,-2.881559,-0.139925,0.442562,0.004494,0.006608,-0.193419,0.035089,0.074607,4.402203,2.744828,4.462893,2.689024,1,16.913036
26567.969305,1.964276,0.015884,-2.638143,-0.136584,0.445467,-0.004145,-0.006923,0.141629,0.034572,0.052275,4.427779,2.690687,4.476550,2.651327,1,16.963995
26567.980365,1.958873,0.007641,-2.421976,-0.129919,0.440848,-0.000457,-0.000936,-0.014944,0.033765,0.077088,4.441538,2.668411,4.489981,2.599593,1,17.008828
26568.000395,1.956799,0.004993,-2.350620,-0.128758,0.445911,-0.000372,-0.000236,-0.007335,0.030240,0.075090,4.458216,2.627871,4.496775,2.556694,1,17.044742
26568.020390,1.954060,0.001620,-2.242662,-0.127584,0.451006,-0.000695,-0.000497,-0.014997,0.022945,0.066672,4.473998,2.585746,4.499598,2.520047,1,17.086998
26568.064242,1.951563,-0.001766,-2.183759,-0.125561,0.456273,0.000070,0.000915,-0.063108,0.015758,0.068037,4.484242,2.544704,4.500000,2.476667,1,17.129962
26568.070407,1.949169,-0.004296,-2.154562,-0.120178,0.462129,-0.003079,-0.002576,-0.012439,0.011951,0.048276,4.488049,2.481609,4.500000,2.433333,1,17.181583
26568.080408,1.946016,-0.006401,-2.138772,-0.105542,0.459736,-0.001339,-0.002907,-0.071578,0.003680,0.074714,4.496320,2.458047,4.500000,2.383333,1,17.226389
26568.100397,1.945086,-0.005807,-2.113856,-0.096542,0.466076,-0.000862,-0.002163,-0.066179,-0.002003,0.074753,4.502003,2.414753,4.500000,2.340000,1,17.261953
26568.120396,1.945767,-0.001777,-1.949523,-0.088318,0.470176,-0.000541,-0.000876,-0.045862,-0.007967,0.069158,4.507967,2.372491,4.500000,2.303333,1,17.304024
26568.164231,1.947204,0.000741,-1.769920,-0.080623,0.473089,-0.002781,0.002472,-0.149988,-0.015419,0.070838,4.515419,2.330838,4.500000,2.260000,1,17.346612
26568.170037,1.949408,0.001514,-1.585905,-0.073943,0.476580,0.002317,-0.003304,0.091889,-0.018551,0.056497,4.518551,2.273163,4.500000,2.216667,1,17.395974
26568.180399,1.952546,-0.001286,-1.432551,-0.062820,0.473208,-0.000119,-0.002560,-0.058341,-0.023550,0.077624,4.523550,2.247624,4.500000,2.170000,1,17.438930
26568.200388,1.954028,-0.001729,-1.382175,-0.055024,0.476939,-0.000370,-0.002006,-0.062551,-0.026604,0.076058,4.526604,2.202724,4.500000,2.126667,1,17.475238
26568.220380,1.957136,0.000256,-1.222062,-0.048968,0.478764,-0.000279,-0.000764,-0.040526,-0.033347,0.069090,4.533347,2.159090,4.500000,2.090000,1,17.518369
26568.273822,1.960496,0.001731,-1.064724,-0.046573,0.480455,-0.006091,0.002345,-0.118609,-0.033535,0.066993,4.533535,2.113660,4.500000,2.046667,1,17.563022
26568.283720,1.964123,0.001034,-0.940581,-0.043656,0.480948,0.005205,-0.003308,0.030417,-0.043760,0.023309,4.543760,2.026642,4.500000,2.003333,1,17.626769
26568.303754,1.971193,-0.002190,-0.849611,-0.038739,0.473103,0.000931,-0.000500,-0.019005,-0.046226,0.040420,4.546226,1.977086,4.500000,1.936667,1,17.694141
26568.323754,1.975493,-0.000872,-0.773957,-0.033948,0.470596,0.000186,-0.000323,-0.016758,-0.055006,0.061714,4.555006,1.931714,4.500000,1.870000,1,17.744779
26568.367823,1.978909,0.000125,-0.692046,-0.033638,0.470828,-0.004137,0.001150,-0.045398,-0.050757,0.074043,4.550757,1.894043,4.500000,1.820000,1,17.788749
26568.377389,1.981694,0.000014,-0.639748,-0.029339,0.473151,0.004326,-0.001837,0.011230,-0.051870,0.036715,4.551870,1.813382,4.500000,1.776667,1,17.845477
26568.383825,1.987631,-0.001391,-0.588667,-0.021390,0.466957,-0.000364,-0.001507,-0.036525,-0.051698,0.085430,4.551698,1.805430,4.500000,1.720000,1,17.891148
26568.403784,1.988260,-0.001372,-0.583547,-0.016129,0.471646,0.000881,-0.000476,-0.022147,-0.048544,0.078386,4.548544,1.751719,4.500000,1.673333,1,17.924127
26568.423803,1.992484,0.002186,-0.455360,-0.010724,0.472172,0.000300,-0.000201,-0.012691,-0.048242,0.065195,4.548242,1.705195,4.500000,1.640000,1,17.972220
26568.460455,1.996113,0.003557,-0.329322,-0.006416,0.472772,-0.003292,0.000336,-0.097255,-0.048734,0.076184,4.548734,1.669518,4.500000,1.593333,1,18.015061
26568.466009,1.998877,0.002993,-0.260000,-0.004289,0.475767,0.003162,-0.002076,0.016055,-0.053930,0.066090,4.553930,1.616090,4.500000,1.550000,1,18.059886
26568.483778,2.003006,0.001326,-0.210706,-0.004762,0.475365,0.000638,-0.000371,-0.012911,-0.050363,0.065284,4.550363,1.568618,4.500000,1.503333,1,18.109439
26568.503770,2.006659,0.001593,-0.163010,-0.005784,0.475280,0.000082,0.000042,0.002458,-0.050383,0.069878,4.550383,1.526544,4.500000,1.456667,1,18.154652
26568.523777,2.010070,0.001195,-0.125942,-0.009687,0.476922,0.000224,0.000152,0.009110,-0.047254,0.071160,4.547254,1.481160,4.500000,1.410000,1,18.198919
26568.560361,2.013649,-0.000341,-0.133690,-0.014953,0.478354,-0.002523,0.000192,0.042079,-0.041852,0.069624,4.541852,1.436290,4.500000,1.366667,1,18.244351
26568.566222,2.017217,-0.002124,-0.181199,-0.019450,0.479263,0.002559,0.000593,-0.012846,-0.040082,0.071624,4.540082,1.391624,4.500000,1.320000,1,18.289435
26568.583779,2.020744,-0.002335,-0.221094,-0.027025,0.480682,0.000689,0.000726,0.029533,-0.037803,0.069037,4.537803,1.345704,4.500000,1.276667,1,18.335087
26568.603782,2.024251,-0.004257,-0.300956,-0.037366,0.481745,0.000304,0.002594,0.080885,-0.037015,0.072345,4.537015,1.302345,4.500000,1.230000,1,18.379853
26568.623750,2.027572,-0.004758,-0.390606,-0.052937,0.484555,0.000779,0.006418,0.199697,-0.033485,0.072556,4.533485,1.255889,4.500000,1.183333,1,18.424564
26568.660377,2.031000,-0.003873,-0.443902,-0.074892,0.486299,-0.000195,0.010899,0.561673,-0.032674,0.070828,4.532674,1.210828,4.500000,1.140000,1,18.470397
26568.666205,2.034262,-0.003002,-0.478161,-0.105245,0.484450,0.003518,0.009580,0.193927,-0.031266,0.072413,4.531266,1.165746,4.500000,1.093333,1,18.515227
26568.683778,2.037519,-0.001770,-0.476531,-0.145245,0.474450,0.003666,0.011039,0.416144,-0.029208,0.079296,4.529208,1.129296,4.500000,1.050000,1,18.556192
26568.703758,2.037398,-0.014855,-0.776253,-0.180320,0.464450,0.002179,0.001679,0.071109,-0.028368,0.073760,4.528368,1.083760,4.500000,1.010000,1,18.595999
26568.723753,2.032406,-0.032316,-1.572268,-0.185133,0.461828,-0.000489,0.001431,-0.082906,-0.026086,0.059949,4.528735,1.028279,4.499099,0.970003,1,18.643026
26568.760377,2.025685,-0.031277,-2.281562,-0.194281,0.463233,0.006927,-0.008517,0.260955,-0.008196,0.069550,4.512856,0.991076,4.494128,0.923595,1,18.689680
26568.766190,2.021170,-0.025693,-2.588023,-0.203124,0.468111,-0.005309,0.008170,-0.181539,-0.000357,0.064093,4.500855,0.939917,4.484851,0.877853,1,18.735691
26568.783757,2.013870,-0.015784,-2.868423,-0.212578,0.470276,-0.000221,0.001411,0.014115,0.002062,0.067052,4.491777,0.897073,4.471349,0.833175,1,18.782919
26568.803755,2.006703,-0.010197,-3.029282,-0.224327,0.475439,0.002562,0.000434,0.059831,0.013109,0.076128,4.473824,0.864543,4.453739,0.789951,1,18.824329
26568.823752,2.000356,-0.006631,-3.134978,-0.236097,0.481356,0.000270,0.003419,0.065616,0.007716,0.065113,4.459518,0.811779,4.433844,0.751445,1,18.869311
26568.860544,1.990834,-0.001459,-3.227630,-0.252005,0.485591,0.012250,0.002690,0.212595,0.013113,0.060180,4.434244,0.771717,4.410689,0.714808,1,18.918504
26568.866373,1.982658,0.001683,-3.267784,-0.268540,0.488390,-0.004354,0.003670,0.040928,0.014020,0.063539,4.410763,0.732628,4.380149,0.675213,1,18.965644
26568.883758,1.974549,0.003861,-3.279928,-0.284866,0.486602,0.001188,0.001798,0.062738,0.010044,0.065299,4.388074,0.693864,4.348208,0.641181,1,19.010476
26568.903746,1.963326,0.000594,-3.379008,-0.295035,0.483734,0.000612,0.000149,0.003954,0.007000,0.068185,4.361994,0.658447,4.313233,0.610275,1,19.052887
26568.923763,1.949050,-0.002896,-3.554220,-0.299142,0.482155,0.003308,-0.000086,0.027475,0.002010,0.073299,4.340561,0.629345,4.281069,0.586478,1,19.090972
26568.960659,1.937458,-0.003238,-3.673956,-0.300000,0.484137,0.012334,-0.001614,0.069856,-0.003459,0.069158,4.308938,0.596501,4.247106,0.565329,1,19.128564
26568.966377,1.922910,-0.002009,-3.791550,-0.300000,0.485261,-0.013246,0.001704,-0.070737,-0.015797,0.048706,4.265350,0.555019,4.214578,0.548385,1,19.176031
26568.983762,1.905529,0.000231,-3.888810,-0.299605,0.483419,0.000603,-0.000224,0.000859,-0.017177,0.070010,4.243187,0.538227,4.171532,0.530344,1,19.217576
26569.003764,1.893641,0.001513,-3.930415,-0.297244,0.487221,-0.000210,-0.000098,-0.003858,-0.020784,0.070165,4.203371,0.515460,4.130215,0.517254,1,19.252111
26569.023782,1.879612,0.002647,-3.962298,-0.296129,0.491839,-0.001387,-0.000395,-0.008954,-0.025767,0.064645,4.166185,0.497016,4.097750,0.509648,1,19.291237
26569.061140,1.864930,0.002638,-3.983712,-0.289109,0.494228,0.008125,0.000103,-0.029880,-0.027709,0.069702,4.130685,0.484000,4.058230,0.503402,1,19.327646
26569.066902,1.850425,0.001786,-3.995730,-0.276751,0.496977,-0.012519,-0.001947,-0.016032,-0.031494,0.051129,4.074116,0.471222,4.021671,0.500470,1,19.371025
26569.083790,1.834863,0.000164,-4.000018,-0.270179,0.499279,-0.000981,-0.000649,-0.021175,-0.024269,0.066530,4.043745,0.473340,3.978329,0.500470,1,19.412541
26569.103787,1.826001,-0.000115,-3.970736,-0.260127,0.504038,-0.001453,-0.001059,-0.028563,-0.022713,0.068985,4.004123,0.472771,3.938459,0.503802,1,19.446955
26569.123781,1.816681,-0.001166,-3.917337,-0.248758,0.507602,-0.001016,-0.000860,-0.032124,-0.020507,0.065113,3.962098,0.476808,3.902250,0.509648,1,19.485762
26569.161017,1.809400,-0.002181,-3.843932,-0.243140,0.511368,0.003904,0.002008,-0.085389,-0.018129,0.062903,3.922352,0.483874,3.866568,0.518133,1,19.524735
26569.166716,1.803622,-0.003918,-3.755866,-0.241231,0.514368,-0.005212,-0.003405,0.042592,-0.022247,0.052460,3.870112,0.491450,3.828468,0.530344,1,19.567677
26569.183775,1.797063,-0.007785,-3.685313,-0.242432,0.514583,0.000192,0.000090,-0.005862,-0.018968,0.065149,3.839443,0.502211,3.788439,0.546964,1,19.608466
26569.203783,1.793530,-0.009916,-3.640322,-0.242650,0.516557,0.000153,0.000017,-0.000228,-0.016135,0.067973,3.804012,0.517710,3.752894,0.565329,1,19.644200
26569.223784,1.789647,-0.012711,-3.599687,-0.240296,0.517941,-0.000139,-0.000271,-0.008212,-0.016022,0.065200,3.766943,0.535011,3.721695,0.584613,1,19.682461
26569.262335,1.786069,-0.015232,-3.574950,-0.239238,0.519544,0.002340,0.001185,-0.022257,-0.015628,0.065021,3.733587,0.553767,3.691994,0.606132,1,19.720095
26569.267777,1.782814,-0.017099,-3.557375,-0.238239,0.521352,-0.002156,-0.001209,0.011987,-0.013594,0.059046,3.695740,0.582039,3.661488,0.632019,1,19.760829
26569.283833,1.779945,-0.018609,-3.538638,-0.230484,0.517577,-0.000089,-0.000561,-0.018400,-0.010256,0.069798,3.673051,0.602084,3.633150,0.660263,1,19.799288
26569.303783,1.778369,-0.018946,-3.519892,-0.221216,0.519362,-0.000606,-0.001329,-0.039053,-0.009317,0.070865,3.646161,0.626873,3.609233,0.688069,1,19.832562
26569.323789,1.776969,-0.018938,-3.479773,-0.208610,0.521843,-0.001754,-0.003375,-0.098551,-0.004756,0.067349,3.623820,0.656776,3.589311,0.714808,1,19.868729
26569.361997,1.775785,-0.019600,-3.451541,-0.189592,0.524286,-0.005591,-0.006776,-0.337884,-0.000153,0.066985,3.603449,0.687930,3.569510,0.745680,1,19.906471
26569.369451,1.774447,-0.020579,-3.436219,-0.166614,0.528794,-0.004303,-0.007562,-0.140525,0.005942,0.052283,3.580571,0.733718,3.552026,0.777921,1,19.950697
26569.383784,1.772231,-0.021773,-3.425796,-0.140044,0.531450,-0.002544,-0.006379,-0.199461,0.009337,0.074581,3.568736,0.754391,3.533270,0.820660,1,19.989894
26569.403781,1.775120,-0.012629,-3.214071,-0.120197,0.536866,-0.001561,-0.004864,-0.143880,0.014932,0.077526,3.556678,0.788417,3.520425,0.858552,1,20.021882
26569.423789,1.781501,-0.003121,-2.755627,-0.107535,0.538266,-0.002345,-0.007816,-0.232034,0.015452,0.069644,3.543518,0.823192,3.512802,0.887579,1,20.059345
26569.462088,1.787011,-0.005814,-2.481685,-0.095598,0.540696,-0.010680,-0.007234,-0.554271,0.021898,0.069362,3.538113,0.858394,3.505872,0.923595,1,20.097774
26569.467491,1.792118,-0.010525,-2.325172,-0.081162,0.544849,0.002915,-0.010064,-0.086197,0.026706,0.062299,3.532546,0.903174,3.501345,0.963348,1,20.139021
26569.483803,1.797757,-0.015262,-2.246592,-0.066997,0.547899,-0.001820,-0.004106,-0.157725,0.031331,0.071400,3.531331,0.931934,3.500000,1.003333,1,20.177293
26569.503790,1.804370,-0.004069,-1.915523,-0.059049,0.549702,-0.000985,-0.002102,-0.061505,0.027744,0.073101,3.527744,0.970232,3.500000,1.043333,1,20.212439
26569.523793,1.813288,0.001222,-1.489291,-0.058070,0.549187,-0.000747,-0.002295,-0.068826,0.024502,0.068250,3.524502,1.008416,3.500000,1.076667,1,20.250770
26569.563273,1.822040,-0.001755,-1.265694,-0.055797,0.549436,-0.009697,-0.000792,-0.178486,0.019891,0.067680,3.519891,1.048987,3.500000,1.116667,1,20.290342
26569.569065,1.830852,-0.005192,-1.160266,-0.050902,0.549442,0.009512,-0.004040,-0.009056,0.018315,0.055245,3.518315,1.101422,3.500000,1.156667,1,20.336330
26569.583798,1.843165,-0.007987,-1.108468,-0.036433,0.546652,-0.001507,-0.004138,-0.123681,0.014136,0.070365,3.514136,1.129635,3.500000,1.200000,1,20.377723
26569.603784,1.848760,-0.005575,-1.031108,-0.024678,0.546585,-0.000262,-0.006837,-0.208463,0.009331,0.071552,3.509331,1.171781,3.500000,1.243333,1,20.414614
26569.623789,1.858079,-0.004310,-0.924980,-0.009225,0.544170,-0.000024,-0.004281,-0.182950,0.001085,0.067411,3.501085,1.212589,3.500000,1.280000,1,20.456557
26569.663574,1.867398,0.001781,-0.719557,0.007421,0.539747,-0.008256,-0.002634,-0.358749,-0.001694,0.067308,3.498306,1.256025,3.500000,1.323333,1,20.498848
26569.669567,1.876621,0.006087,-0.422641,0.025416,0.533917,0.010449,-0.007072,0.028745,-0.007267,0.050609,3.492733,1.312725,3.500000,1.363333,1,20.548085
26569.683796,1.889481,0.003257,-0.237431,0.057737,0.527215,0.000435,-0.008850,-0.281273,-0.013214,0.071553,3.486786,1.341781,3.500000,1.413333,1,20.592868
26569.703812,1.894451,0.008101,-0.073388,0.088275,0.522291,0.002090,-0.006888,-0.208099,-0.016027,0.071202,3.483973,1.385464,3.500000,1.456667,1,20.631804
26569.723788,1.901172,0.018963,0.450182,0.116076,0.516994,0.003985,-0.013206,-0.399122,-0.024547,0.069248,3.475453,1.427418,3.500000,1.496667,1,20.676268
26569.763901,1.908218,0.017160,0.742386,0.146975,0.513368,0.004775,-0.018135,-1.049659,-0.034405,0.066097,3.469394,1.471421,3.498392,1.540062,1,20.722377
26569.769896,1.915531,0.012733,0.872142,0.186709,0.509602,0.011240,-0.014422,-0.200960,-0.039041,0.052385,3.463074,1.528112,3.492468,1.586458,1,20.775496
26569.783832,1.925523,0.008699,0.943229,0.226709,0.499602,0.007470,-0.016338,-0.472979,-0.047755,0.070804,3.454158,1.557269,3.480426,1.638532,1,20.824282
26569.803792,1.927359,0.015392,1.115975,0.258397,0.489602,0.003905,-0.001971,-0.052218,-0.052891,0.070542,3.441279,1.600775,3.464146,1.685925,1,20.867367
26569.823790,1.920540,0.038129,1.982913,0.255073,0.485100,0.003725,-0.002640,-0.074179,-0.053758,0.067774,3.428846,1.640770,3.446259,1.725505,1,20.914761
26569.863900,1.915406,0.039768,2.604292,0.254565,0.487014,0.011583,0.004154,-0.380560,-0.054732,0.064251,3.411115,1.682690,3.423235,1.766218,1,20.963207
26569.869457,1.911570,0.033557,2.990913,0.246358,0.488449,-0.003401,-0.009736,0.186933,-0.052913,0.048872,3.382749,1.736174,3.394462,1.807245,1,21.019477
26569.883795,1.906209,0.022583,3.272827,0.227684,0.485346,0.000921,0.001356,0.008434,-0.057083,0.066997,3.364955,1.759753,3.359412,1.847596,1,21.070765
26569.903795,1.903018,0.019228,3.355760,0.212087,0.491034,-0.000425,0.001006,0.041473,-0.060224,0.069651,3.335169,1.793114,3.320255,1.883975,1,21.114951
26569.923786,1.898515,0.012056,3.390533,0.193320,0.494462,-0.001118,0.002868,0.088714,-0.060068,0.064660,3.304460,1.824076,3.285723,1.910320,1,21.163735
26569.963904,1.894871,0.006737,3.355057,0.171669,0.497509,-0.001746,0.006573,0.368365,-0.060926,0.066020,3.271263,1.851512,3.243216,1.936859,1,21.212088
26569.969584,1.890968,0.004593,3.314797,0.146750,0.500776,-0.006481,0.006040,0.092694,-0.058532,0.051747,3.225129,1.883260,3.201331,1.957674,1,21.265331
26569.983780,1.885100,0.004977,3.280750,0.112704,0.498500,-0.003552,0.010811,0.321644,-0.060529,0.070667,3.200360,1.897473,3.151327,1.976550,1,21.312980
26570.003791,1.884448,-0.001265,3.129472,0.088907,0.503472,-0.000962,0.005925,0.183099,-0.059445,0.071087,3.162983,1.915425,3.106134,1.988606,1,21.353029
26570.023792,1.888330,-0.014528,2.557657,0.073363,0.504421,-0.001531,0.009613,0.296899,-0.056018,0.064961,3.123558,1.931362,3.066643,1.995539,1,21.397568
26570.064015,1.891663,-0.010547,2.206124,0.058157,0.505434,-0.007793,0.006903,0.759355,-0.052348,0.065957,3.083852,1.944648,3.020047,1.999598,1,21.441290
26570.069729,1.894869,-0.002930,2.009733,0.042911,0.506913,0.001983,0.014463,0.098736,-0.040914,0.050409,3.027075,1.959086,2.976667,2.000000,1,21.490648
26570.083803,1.898743,0.004964,1.888873,0.031941,0.504456,-0.002381,0.010969,0.337168,-0.033160,0.075324,3.001990,1.966840,2.926667,2.000000,1,21.533829
26570.103786,1.900976,0.000141,1.723550,0.030861,0.505810,-0.000288,0.000283,0.007491,-0.022685,0.076851,2.960185,1.977315,2.883333,2.000000,1,21.568813
26570.123791,1.907052,-0.012328,1.131714,0.045242,0.505381,0.000255,-0.003478,-0.106943,-0.012612,0.068755,2.918755,1.987388,2.850000,2.000000,1,21.609521
26570.163117,1.913010,-0.009203,0.809734,0.066239,0.502720,-0.003416,-0.012131,-0.345482,-0.003494,0.067136,2.877136,1.996506,2.810000,2.000000,1,21.651108
26570.168655,1.919057,-0.003905,0.659303,0.089997,0.497358,0.007825,-0.003324,-0.204370,0.005023,0.048975,2.815642,2.005023,2.766667,2.000000,1,21.702293
26570.183803,1.927606,0.000388,0.568786,0.120036,0.487358,0.001887,-0.008093,-0.244148,0.011554,0.073135,2.789802,2.011554,2.716667,2.000000,1,21.747615
26570.203792,1.929542,0.011963,0.807762,0.143634,0.477358,0.005081,-0.010820,-0.324855,0.018091,0.076408,2.746408,2.018091,2.670000,2.000000,1,21.783535
26570.223795,1.932973,0.018161,1.152329,0.165657,0.467358,0.007531,-0.015310,-0.460795,0.024308,0.068900,2.702233,2.024308,2.633333,2.000000,1,21.826050
26570.264241,1.936908,0.016149,1.341026,0.191671,0.457358,0.015734,-0.018524,-1.030866,0.030926,0.062850,2.656183,2.030926,2.593333,2.000000,1,21.870604
26570.269695,1.941167,0.013269,1.444559,0.217508,0.447358,0.009778,-0.011813,-0.159084,0.032170,0.043161,2.589828,2.032170,2.546667,2.000000,1,21.925065
26570.283802,1.948120,0.009600,1.493174,0.237882,0.437358,0.007749,-0.012968,-0.372850,0.029828,0.073553,2.566463,2.030764,2.493316,1.999955,1,21.969936
26570.303815,1.947055,0.015312,1.644660,0.254563,0.427358,0.002080,-0.000440,-0.013945,0.021784,0.077555,2.521414,2.027082,2.446628,1.997143,1,22.003968
26570.323761,1.935252,0.033960,2.354893,0.248250,0.419068,0.000554,0.000513,0.017899,0.015545,0.068054,2.477882,2.019546,2.413542,1.992468,1,22.045595
26570.361245,1.923756,0.035882,2.899542,0.236319,0.416854,0.008140,0.008305,-0.098992,0.009953,0.067920,2.437600,2.010657,2.374361,1.983957,1,22.086521
26570.366872,1.912692,0.030530,3.253624,0.221625,0.417417,-0.010547,-0.004738,0.214523,-0.001377,0.057355,2.387349,1.989106,2.332834,1.971228,1,22.133067
26570.383795,1.899794,0.022184,3.505071,0.197107,0.416210,-0.001152,0.002791,0.086791,-0.007085,0.068586,2.357914,1.976949,2.292569,1.954942,1,22.177476
26570.403768,1.893212,0.011981,3.481915,0.178216,0.420516,-0.000701,0.001144,0.050876,-0.015039,0.074782,2.323302,1.957774,2.250965,1.933569,1,22.215726
26570.423787,1.887299,0.000914,3.289804,0.164119,0.423446,-0.000476,0.002595,0.082825,-0.023459,0.067221,2.288608,1.932347,2.219788,1.914103,1,22.258312
26570.460661,1.882221,-0.002138,3.098026,0.148679,0.424530,0.001512,0.002374,0.343693,-0.033083,0.066267,2.257209,1.904296,2.184907,1.888222,1,22.303494
26570.466671,1.877188,0.000025,2.963446,0.129080,0.427163,-0.005582,0.008499,0.042412,-0.043125,0.058237,2.221787,1.867047,2.150009,1.857080,1,22.353616
26570.483788,1.871253,0.004746,2.870413,0.103489,0.429551,-0.002568,0.006902,0.254713,-0.051860,0.072730,2.202435,1.842891,2.116025,1.820255,1,22.400791
26570.503766,1.869185,-0.000967,2.648355,0.081764,0.435181,-0.000018,0.001723,0.081258,-0.059937,0.073010,2.178513,1.809245,2.087779,1.782974,1,22.443405
26570.523790,1.870687,-0.010782,2.109603,0.065622,0.436588,-0.000197,0.004009,0.124366,-0.066523,0.069969,2.157125,1.774289,2.064776,1.746131,1,22.489600
26570.563371,1.872233,-0.008281,1.713828,0.049255,0.438399,-0.003202,0.002921,0.492065,-0.073295,0.067173,2.139615,1.738143,2.045058,1.707431,1,22.536140
26570.568625,1.873661,-0.001698,1.500941,0.027959,0.441381,0.000306,0.010964,0.059819,-0.071522,0.057030,2.113937,1.694426,2.027665,1.664012,1,22.585742
26570.583787,1.874827,0.004586,1.392063,0.007508,0.442277,-0.000406,0.007196,0.225946,-0.076003,0.068488,2.103430,1.664913,2.013621,1.615910,1,22.631282
26570.603789,1.876898,-0.003582,1.109052,-0.012636,0.443969,-0.000204,0.003252,0.150033,-0.071659,0.069455,2.085589,1.628701,2.004918,1.569954,1,22.670273
26570.623774,1.879677,-0.013770,0.591306,-0.024096,0.443799,0.000163,0.000905,0.041846,-0.063912,0.065794,2.068656,1.591894,2.000904,1.530061,1,22.709556
26570.660796,1.882722,-0.016757,0.112533,-0.034808,0.444868,-0.002364,-0.002756,0.203879,-0.049664,0.062645,2.050452,1.555292,1.999955,1.493316,1,22.748142
26570.667374,1.885850,-0.015323,-0.219626,-0.048024,0.447401,0.002971,0.004973,-0.103228,-0.024215,0.059638,2.027495,1.510393,1.997812,1.453279,1,22.790580
26570.683787,1.889704,-0.011344,-0.446425,-0.068062,0.449425,0.000422,0.002824,0.106547,-0.011188,0.072769,2.015947,1.479831,1.991879,1.410252,1,22.831239
26570.703789,1.891828,-0.013849,-0.634038,-0.091378,0.455109,0.000976,0.005452,0.165800,0.003191,0.072768,1.998779,1.442260,1.983107,1.371129,1,22.869735
26570.723790,1.894165,-0.015828,-0.894958,-0.117123,0.460955,0.001295,0.004148,0.176818,0.016487,0.063602,1.977623,1.401479,1.972335,1.335988,1,22.914504
26570.760814,1.895700,-0.020823,-1.199325,-0.144995,0.465864,0.001286,0.000201,0.359389,0.025870,0.065019,1.958378,1.362461,1.954942,1.292569,1,22.961331
26570.766830,1.895604,-0.027265,-1.638029,-0.168798,0.470230,0.000469,0.003759,-0.223971,0.030995,0.059156,1.936156,1.317699,1.933569,1.250965,1,23.010181
26570.783795,1.895270,-0.026285,-2.028853,-0.190591,0.473178,0.001411,0.002252,0.095481,0.036135,0.071064,1.918474,1.287632,1.906464,1.208818,1,23.055507
26570.803789,1.893551,-0.028155,-2.295952,-0.207997,0.477280,0.001363,0.002499,0.073304,0.037664,0.069580,1.896338,1.251983,1.879660,1.174641,1,23.096521
26570.823794,1.890325,-0.028182,-2.609803,-0.221237,0.481087,0.002368,0.004308,0.126029,0.036356,0.067904,1.873037,1.216415,1.849991,1.142920,1,23.139914
26570.861880,1.887426,-0.024457,-2.801534,-0.232629,0.485173,0.008400,0.003418,0.338121,0.033867,0.069870,1.850118,1.184438,1.817681,1.113893,1,23.181926
26570.867312,1.884530,-0.020209,-2.906654,-0.240477,0.489276,-0.001217,0.005947,0.024015,0.029867,0.055031,1.813816,1.145637,1.785723,1.089680,1,23.227865
26570.883790,1.881377,-0.015947,-2.958540,-0.245838,0.491461,0.001344,0.001545,0.058019,0.027535,0.069001,1.792638,1.122711,1.746131,1.064776,1,23.270552
26570.903791,1.876571,-0.019449,-3.099031,-0.244615,0.496491,-0.000225,-0.000062,-0.001803,0.025048,0.072452,1.762962,1.097906,1.707431,1.045058,1,23.306508
26570.923786,1.869778,-0.021362,-3.294843,-0.237728,0.501832,-0.000354,-0.000396,-0.014812,0.020396,0.064737,1.729943,1.074163,1.676581,1.032219,1,23.345935
26570.960924,1.864228,-0.019287,-3.418468,-0.225274,0.507196,0.002191,-0.003839,-0.047836,0.015741,0.062533,1.694256,1.052025,1.638532,1.019574,1,23.386578
26570.966774,1.859427,-0.016001,-3.477021,-0.208840,0.512321,-0.005321,0.000120,-0.064647,0.004905,0.052467,1.646855,1.024285,1.596316,1.009364,1,23.431674
26570.983789,1.853649,-0.013267,-3.514428,-0.188573,0.514605,-0.001107,-0.002349,-0.083457,-0.001143,0.060355,1.613504,1.008163,1.553372,1.002857,1,23.475163
26571.003788,1.852702,-0.007162,-3.412337,-0.168462,0.519260,-0.001343,-0.003634,-0.110627,-0.010836,0.062409,1.572639,0.990518,1.510026,1.000101,1,23.515229
26571.023789,1.853019,-0.002604,-3.220772,-0.148788,0.522836,-0.003263,-0.007427,-0.221857,-0.023458,0.062679,1.532679,0.976542,1.470000,1.000000,1,23.557287
26571.063240,1.852832,-0.003447,-3.081150,-0.128815,0.527168,-0.006894,-0.001915,-0.471393,-0.034160,0.067850,1.494517,0.965840,1.426667,1.000000,1,23.598003
26571.069603,1.854654,0.000589,-2.840816,-0.111742,0.531857,0.003545,-0.003200,0.272448,-0.048337,0.046971,1.433638,0.951663,1.386667,1.000000,1,23.647112
26571.083792,1.860208,0.001910,-2.391037,-0.108156,0.532705,-0.001330,-0.001924,-0.088364,-0.053582,0.068225,1.404892,0.946418,1.336667,1.000000,1,23.693143
26571.103793,1.863027,0.000716,-2.242704,-0.108913,0.539108,-0.000110,0.000200,0.004643,-0.060945,0.067715,1.361048,0.939055,1.293333,1.000000,1,23.731678
26571.123783,1.868971,-0.000820,-2.001560,-0.113342,0.544094,-0.000084,0.001195,0.036344,-0.064638,0.069219,1.322553,0.935362,1.253333,1.000000,1,23.772749
26571.163979,1.874793,-0.004702,-1.872140,-0.116274,0.548184,-0.006328,0.002706,0.042674,-0.067445,0.064711,1.278044,0.932555,1.213333,1.000000,1,23.813980
26571.169215,1.880546,-0.008814,-1.832729,-0.122388,0.551546,0.005901,-0.001364,-0.008479,-0.069725,0.055317,1.225317,0.930275,1.170000,1.000000,1,23.861835
26571.183790,1.887929,-0.011839,-1.859360,-0.131459,0.552266,0.000992,0.002030,0.055525,-0.069669,0.066206,1.189540,0.930331,1.123333,1.000000,1,23.906789
26571.203786,1.892672,-0.013150,-1.896589,-0.143371,0.555238,0.001395,0.004459,0.133829,-0.068336,0.066556,1.143223,0.931664,1.076667,1.000000,1,23.947244
26571.223792,1.898514,-0.013550,-1.946620,-0.161032,0.557868,0.001661,0.003570,0.140344,-0.066284,0.060971,1.097638,0.933716,1.036667,1.000000,1,23.990940
26571.266810,1.903261,-0.017181,-2.073296,-0.180485,0.560265,-0.001713,-0.000322,0.293505,-0.059842,0.063688,1.056198,0.939356,0.993316,1.000045,1,24.032920
26571.272745,1.905998,-0.022411,-2.340421,-0.194059,0.562014,0.003794,0.003255,-0.223846,-0.051194,0.029141,0.977509,0.948494,0.953279,1.002188,1,24.087667
26571.283799,1.910018,-0.020854,-2.665053,-0.214355,0.557744,0.001332,0.002173,0.083410,-0.045592,0.072317,0.958525,0.951201,0.897134,1.010696,1,24.133471
26571.303798,1.910724,-0.020469,-2.734815,-0.231107,0.560439,0.002112,0.002036,0.078397,-0.043486,0.078334,0.913795,0.957706,0.851862,1.022449,1,24.163714
26571.323766,1.910403,-0.021361,-2.946358,-0.246022,0.562776,0.001587,0.001601,0.044173,-0.040896,0.067203,0.871849,0.970225,0.823419,1.032219,1,24.202893
26571.363052,1.908471,-0.020843,-3.167800,-0.253873,0.565110,0.005225,-0.002423,0.180884,-0.038714,0.060704,0.828301,0.985785,0.789533,1.046455,1,24.244423
26571.368385,1.905916,-0.018497,-3.337580,-0.260601,0.568661,-0.003112,0.003200,-0.123287,-0.045026,0.050608,0.772423,1.002181,0.750965,1.066431,1,24.291520
26571.383792,1.901589,-0.015075,-3.512690,-0.267610,0.571947,0.000866,0.001150,0.023053,-0.041469,0.065042,0.740744,1.020203,0.711541,1.091599,1,24.334340
26571.403795,1.898542,-0.012090,-3.590012,-0.269070,0.575956,0.001045,0.001340,0.037599,-0.039028,0.068363,0.704193,1.044233,0.677186,1.118174,1,24.371717
26571.423781,1.894448,-0.008419,-3.649637,-0.267623,0.580072,0.000887,0.001319,0.035830,-0.042938,0.062497,0.664587,1.068508,0.650009,1.142920,1,24.412136
26571.465178,1.890382,-0.005348,-3.680284,-0.263750,0.584496,0.004913,-0.000306,0.051467,-0.039876,0.061341,0.632645,1.099651,0.622523,1.172111,1,24.453480
26571.472212,1.886005,-0.003323,-3.694943,-0.256628,0.587970,-0.004681,0.001125,0.001537,-0.045586,0.040752,0.582565,1.146343,0.595492,1.206107,1,24.503855
26571.483791,1.880033,-0.001809,-3.698212,-0.246993,0.585346,-0.000499,-0.000605,-0.015288,-0.051663,0.068260,0.557873,1.163080,0.568106,1.248073,1,24.546988
26571.503771,1.877870,-0.001695,-3.699588,-0.238481,0.588971,-0.000629,-0.000689,-0.028135,-0.051311,0.071796,0.532129,1.199674,0.547871,1.286506,1,24.580001
26571.523768,1.875422,-0.000630,-3.675045,-0.225678,0.591165,-0.001190,-0.001558,-0.045556,-0.052599,0.067941,0.510506,1.234713,0.534621,1.317181,1,24.617936
26571.562806,1.873751,0.000090,-3.625186,-0.210473,0.592816,-0.003135,-0.002612,-0.208665,-0.055562,0.061895,0.487719,1.276284,0.522449,1.351862,1,24.657833
26571.568893,1.872415,-0.000508,-3.586899,-0.189454,0.592367,-0.003187,-0.004877,-0.048758,-0.058374,0.044682,0.464931,1.334231,0.512115,1.390602,1,24.706252
26571.583771,1.870293,-0.002391,-3.555160,-0.161297,0.587523,-0.001981,-0.004425,-0.147308,-0.055450,0.069620,0.457842,1.360587,0.504027,1.436670,1,24.746930
26571.603765,1.872567,0.003512,-3.397630,-0.135853,0.588708,-0.001639,-0.005294,-0.160707,-0.049692,0.072148,0.453643,1.405870,0.500402,1.479953,1,24.782120
26571.623770,1.877973,0.009526,-3.050908,-0.109973,0.584675,-0.003380,-0.011263,-0.340823,-0.047582,0.062011,0.452418,1.451323,0.500000,1.513333,1,24.826372
26571.663874,1.882623,0.006104,-2.826484,-0.081402,0.581300,-0.013258,-0.012032,-0.951774,-0.048802,0.057442,0.451198,1.499225,0.500000,1.556667,1,24.873265
26571.669722,1.887496,0.000979,-2.678631,-0.050088,0.578708,0.003409,-0.018247,-0.227072,-0.055392,0.040009,0.444608,1.566657,0.500000,1.606667,1,24.929359
26571.683770,1.894129,-0.005889,-2.600092,-0.017716,0.572893,-0.003365,-0.021353,-0.615111,-0.054360,0.070552,0.445640,1.589448,0.500000,1.660000,1,24.975756
26571.703773,1.898056,0.001728,-2.387422,0.007599,0.574054,0.000247,-0.006195,-0.187388,-0.057129,0.070146,0.442871,1.636520,0.500000,1.706667,1,25.013014
26571.723770,1.907898,0.027204,-1.363843,0.013661,0.571613,0.000267,-0.008075,-0.248996,-0.042064,0.051004,0.457936,1.692329,0.500000,1.743333,1,25.063904
26571.763012,1.917655,0.022187,-0.784348,0.020378,0.567815,-0.008951,-0.002957,-0.597462,-0.035874,0.056712,0.464126,1.739955,0.500000,1.796667,1,25.116195
26571.768712,1.927357,0.012808,-0.489696,0.022806,0.564829,0.011355,-0.011843,-0.011562,-0.046746,0.037278,0.453254,1.809389,0.500000,1.846667,1,25.173969
26571.783791,1.941322,0.003676,-0.342930,0.016367,0.559646,-0.001068,-0.000076,-0.042557,-0.036669,0.068749,0.463331,1.837918,0.500000,1.906667,1,25.224818
26571.803770,1.946956,0.009327,-0.134032,0.010780,0.564633,0.000089,0.003035,0.094285,-0.038347,0.072520,0.461653,1.884146,0.500000,1.956667,1,25.264640
26571.823772,1.956257,0.010786,0.133163,0.000034,0.568741,-0.000009,0.005849,0.182717,-0.040146,0.064502,0.459854,1.932165,0.500000,1.996667,1,25.311482
26571.863876,1.965638,0.008027,0.269530,-0.011803,0.571093,-0.009206,0.010354,0.409270,-0.038526,0.061759,0.461474,1.981574,0.500000,2.043333,1,25.360589
26571.869764,1.974949,0.005287,0.331065,-0.025057,0.571775,0.010074,0.004747,0.165737,-0.043087,0.044047,0.456913,2.049286,0.500000,2.093333,1,25.418239
26571.883802,1.987639,0.003310,0.374028,-0.043340,0.568261,-0.000495,0.009379,0.280631,-0.043219,0.076791,0.456781,2.073209,0.500000,2.150000,1,25.466120
26571.903794,1.992673,-0.002960,0.259410,-0.058956,0.569511,0.001152,0.003611,0.112093,-0.038175,0.068540,0.461825,2.128126,0.500000,2.196667,1,25.507158
26571.923792,2.001190,-0.015841,-0.232402,-0.067478,0.564536,0.001036,0.002405,0.106136,-0.035583,0.062517,0.464417,2.177483,0.500000,2.240000,1,25.558208
26571.963969,2.009281,-0.017715,-0.588319,-0.076619,0.560932,-0.005683,-0.002435,0.263988,-0.036876,0.060386,0.463124,2.229614,0.500000,2.290000,1,25.609598
26571.969292,2.016950,-0.016318,-0.887508,-0.089979,0.557146,0.009431,0.007568,-0.084793,-0.036907,0.035754,0.463093,2.304246,0.500000,2.340000,1,25.671082
26571.983793,2.027846,-0.010007,-1.076066,-0.114981,0.549934,0.001197,0.005489,0.177569,-0.031422,0.071336,0.468578,2.331997,0.500000,2.403333,1,25.723395
26572.003768,2.031408,-0.011561,-1.202328,-0.139062,0.548016,0.004277,0.009860,0.304255,-0.029289,0.072349,0.470711,2.384318,0.500000,2.456667,1,25.764769
26572.023768,2.037175,-0.011339,-1.387438,-0.170698,0.544440,0.007239,0.015580,0.480002,-0.026437,0.060190,0.473563,2.436477,0.500000,2.496667,1,25.814902
26572.063882,2.043021,-0.008180,-1.478648,-0.210698,0.535278,0.015728,0.019815,1.106209,-0.022672,0.061327,0.473885,2.487781,0.502188,2.546721,1,25.864981
26572.069655,2.048687,-0.005504,-1.526110,-0.250698,0.525278,0.010906,0.011962,0.202060,-0.022954,0.044614,0.478246,2.556959,0.509364,2.596316,1,25.921280
26572.083771,2.056488,-0.002729,-1.544452,-0.286763,0.515278,0.008775,0.012267,0.362116,-0.027758,0.076861,0.473732,2.586471,0.523450,2.651327,1,25.967441
26572.103771,2.055265,-0.010000,-1.720811,-0.300000,0.505278,0.003256,0.000338,0.005192,-0.029505,0.068024,0.485956,2.644087,0.539675,2.695195,1,26.007382
26572.123745,2.043311,-0.027874,-2.448343,-0.291492,0.495278,0.002149,0.000181,0.001764,-0.034981,0.058378,0.498765,2.695896,0.556795,2.731451,1,26.057370
26572.163814,2.031676,-0.027973,-3.012809,-0.294416,0.489650,0.016492,-0.009462,0.257988,-0.029575,0.060456,0.524266,2.740378,0.582188,2.774651,1,26.105076
26572.169570,2.020078,-0.020412,-3.399414,-0.284156,0.484478,-0.012905,0.011283,-0.230539,-0.027534,0.042215,0.561803,2.796744,0.609680,2.812491,1,26.159991
26572.183769,2.003321,-0.006234,-3.710479,-0.268033,0.479444,0.001463,-0.001623,-0.007892,-0.026200,0.078758,0.573290,2.817817,0.647630,2.854733,1,26.203784
26572.203771,1.995599,-0.000131,-3.779242,-0.255849,0.484904,-0.001199,-0.001004,-0.033248,-0.022788,0.061777,0.617708,2.861907,0.679745,2.883975,1,26.244068
26572.223773,1.982488,0.008846,-3.827073,-0.232733,0.481259,-0.003067,-0.003118,-0.092552,-0.025337,0.054770,0.652188,2.897499,0.711541,2.908401,1,26.295839
26572.263964,1.969046,0.014745,-3.833407,-0.211884,0.481473,0.003771,-0.006201,-0.314225,-0.028266,0.063261,0.684890,2.928686,0.753869,2.935224,1,26.340570
26572.270125,1.955171,0.017552,-3.823578,-0.187433,0.484732,-0.017526,-0.004673,-0.075328,-0.034446,0.051574,0.734465,2.966673,0.795614,2.956318,1,26.388467
26572.283783,1.935940,0.017687,-3.799603,-0.159835,0.484690,-0.004516,-0.008682,-0.241452,-0.028888,0.078183,0.755828,2.975620,0.839148,2.973420,1,26.428651
26572.303762,1.929440,0.020365,-3.715884,-0.134836,0.492288,-0.000241,-0.001604,-0.078841,-0.033199,0.064142,0.807281,3.001273,0.877598,2.984786,1,26.466222
26572.323774,1.928414,0.033579,-3.201247,-0.129369,0.489950,-0.000284,-0.001143,-0.035471,-0.039838,0.061974,0.845613,3.020990,0.913542,2.992468,1,26.510689
26572.365034,1.926952,0.030422,-2.770551,-0.129537,0.489885,-0.000316,0.010539,-0.226844,-0.045564,0.073706,0.882818,3.037904,0.959938,2.998392,1,26.548665
26572.371848,1.925634,0.019260,-2.487895,-0.131262,0.492915,-0.000330,-0.010994,0.128726,0.030369,0.061437,0.949070,3.054887,0.989974,2.999899,2,26.601853
26572.383772,1.925211,0.004654,-2.283249,-0.131324,0.498350,-0.000246,-0.000211,-0.005383,-0.059150,0.068208,0.971792,3.059150,1.040000,3.000000,2,26.652280
26572.403782,1.925500,0.000666,-2.232998,-0.127058,0.505843,-0.001254,-0.000902,-0.025986,-0.067971,0.078678,1.011322,3.067971,1.090000,3.000000,2,26.686648
26572.423780,1.926130,-0.003763,-2.177304,-0.121400,0.513311,-0.002191,-0.002207,-0.065221,-0.075298,0.068613,1.058054,3.075298,1.126667,3.000000,2,26.728463
26572.463285,1.926841,-0.006533,-2.154278,-0.117510,0.520385,-0.005737,-0.002309,-0.145825,-0.081108,0.064640,1.102027,3.081108,1.166667,3.000000,2,26.773518
26572.470502,1.928201,-0.007863,-2.142931,-0.109002,0.526984,0.000253,-0.003445,-0.065514,-0.085716,0.047258,1.166075,3.085716,1.213333,3.000000,2,26.827080
26572.483772,1.930205,-0.008836,-2.144738,-0.092723,0.525947,-0.002637,-0.006154,-0.168179,-0.086129,0.077472,1.189195,3.086129,1.266667,3.000000,2,26.872027
26572.503831,1.931354,-0.007470,-2.116745,-0.075625,0.532662,-0.000591,-0.001940,-0.085654,-0.088699,0.075645,1.234355,3.088699,1.310000,3.000000,2,26.906959
26572.523787,1.937412,0.002674,-1.804290,-0.063505,0.534219,-0.000284,-0.002985,-0.092548,-0.088511,0.066623,1.280044,3.088511,1.346667,3.000000,2,26.951634
26572.564577,1.943760,0.004365,-1.534549,-0.051542,0.534197,-0.007849,-0.002716,-0.375432,-0.085048,0.065992,1.324008,3.085048,1.390000,3.000000,2,26.997179
26572.570478,1.949669,0.001244,-1.391142,-0.037336,0.535003,0.006192,-0.007877,-0.048133,-0.080313,0.047476,1.389191,3.080313,1.436667,3.000000,2,27.049900
26572.583773,1.958048,-0.002694,-1.305916,-0.019891,0.530254,-0.001239,-0.011275,-0.305764,-0.077514,0.077465,1.412535,3.077514,1.490000,3.000000,2,27.095393
26572.603786,1.961580,-0.002724,-1.270516,-0.002414,0.534340,-0.000300,-0.001597,-0.086989,-0.073827,0.073432,1.459902,3.073827,1.533333,3.000000,2,27.132853
26572.623786,1.968505,0.012882,-0.758536,-0.002034,0.531941,0.000236,-0.000082,-0.003141,-0.068955,0.063997,1.506003,3.068955,1.570000,3.000000,2,27.178921
26572.660434,1.975700,0.013561,-0.382157,-0.004095,0.529301,-0.005240,0.003642,-0.064548,-0.063261,0.065753,1.550913,3.063261,1.616667,3.000000,2,27.224973
26572.667461,1.982855,0.008720,-0.195480,-0.003919,0.525995,0.006401,-0.003163,0.051193,-0.056955,0.049765,1.613568,3.056955,1.663333,3.000000,2,27.278215
26572.683784,1.991562,0.003874,-0.108459,0.000005,0.520301,0.000124,-0.000473,-0.018125,-0.053311,0.071345,1.645322,3.053311,1.716667,3.000000,2,27.326953
26572.703766,1.996682,0.002527,-0.074255,0.004557,0.521872,0.000330,-0.000368,-0.017839,-0.049755,0.072984,1.693683,3.049755,1.766667,3.000000,2,27.368137
26572.723769,2.003131,0.002693,-0.013117,0.007505,0.520004,0.000433,-0.000761,-0.024003,-0.044900,0.065931,1.740736,3.044900,1.806667,3.000000,2,27.415096
26572.764060,2.009483,0.002360,0.036714,0.010690,0.517325,-0.005087,-0.000885,-0.090518,-0.039324,0.066132,1.787201,3.039324,1.853333,3.000000,2,27.462827
26572.770691,2.015721,0.001611,0.062057,0.015437,0.514340,0.007141,-0.002142,-0.026679,-0.029673,0.041094,1.858906,3.029673,1.900000,3.000000,2,27.520760
26572.783793,2.024639,0.000795,0.074918,0.021485,0.508242,0.000307,-0.003349,-0.091919,-0.028277,0.075892,1.884108,3.028277,1.960000,3.000000,2,27.570424
26572.803790,2.028078,0.001008,0.085089,0.027165,0.511271,0.000318,-0.000436,-0.021500,-0.022842,0.078114,1.931886,3.022842,2.010000,3.000000,2,27.608951
26572.823789,2.033196,0.005925,0.249490,0.029221,0.511662,0.000288,-0.000521,-0.016443,-0.015057,0.069028,1.977638,3.015057,2.046667,3.000000,2,27.655089
26572.860572,2.038271,0.005967,0.365604,0.031155,0.512478,-0.003533,0.000260,-0.073319,-0.014535,0.066019,2.027315,3.014535,2.093333,3.000000,2,27.703392
26572.867209,2.043435,0.004427,0.426907,0.030716,0.509953,0.004508,-0.001675,0.008069,-0.008164,0.058873,2.084460,3.008164,2.143333,3.000000,2,27.756648
26572.883778,2.049454,0.002715,0.458037,0.030509,0.503676,0.000472,-0.000096,-0.005908,-0.006591,0.072500,2.124166,3.006591,2.196667,3.000000,2,27.805390
26572.903813,2.053313,0.002692,0.484949,0.029586,0.502679,0.000381,0.000225,0.007359,-0.001519,0.071855,2.171479,3.001519,2.243333,3.000000,2,27.849853
26572.923794,2.057695,0.002292,0.509869,0.027519,0.500389,0.000467,0.000278,0.013493,-0.001580,0.068423,2.221577,3.001580,2.290000,3.000000,2,27.898410
26572.961409,2.061997,0.001277,0.511500,0.025321,0.496079,-0.002403,0.000626,0.035086,0.000913,0.065514,2.271152,2.999087,2.336667,3.000000,2,27.947954
26572.967456,2.066227,0.000539,0.497066,0.021366,0.490726,0.003854,0.000791,0.011978,0.002470,0.057884,2.328783,2.997530,2.386667,3.000000,2,28.001142
26572.983779,2.071071,0.000446,0.487947,0.016520,0.484506,0.000697,0.000836,0.033681,0.003126,0.069524,2.370476,2.996874,2.440000,3.000000,2,28.051905
26573.003780,2.074119,-0.001368,0.440447,0.011689,0.483030,0.000511,0.001204,0.038811,0.003206,0.069563,2.420437,2.996794,2.490000,3.000000,2,28.099266
26573.023761,2.077398,-0.002454,0.363322,0.006927,0.478862,0.000710,0.002428,0.078099,0.003846,0.066225,2.470442,2.996154,2.536667,3.000000,2,28.148859
26573.063034,2.080608,-0.001807,0.320846,0.001956,0.473790,-0.001110,0.002774,0.193303,0.003648,0.066159,2.520508,2.996352,2.586667,3.000000,2,28.198465
26573.068913,2.083750,-0.001075,0.297058,-0.003240,0.468024,0.003934,0.003258,0.052877,0.007714,0.044175,2.592492,2.992286,2.636667,3.000000,2,28.258017
26573.083798,2.088214,-0.000137,0.290485,-0.008094,0.461498,0.000217,0.001596,0.062431,0.003192,0.075942,2.620725,2.996808,2.696667,3.000000,2,28.310128
26573.103794,2.089416,-0.004161,0.189346,-0.011474,0.464132,0.000321,0.000844,0.027176,0.002553,0.079331,2.670669,2.997447,2.750000,3.000000,2,28.351346
26573.123786,2.091178,-0.006413,0.022277,-0.010815,0.464139,0.000318,0.000682,0.022107,0.001735,0.069378,2.720622,2.998265,2.790000,3.000000,2,28.400114
26573.185188,2.092952,-0.004855,-0.068521,-0.009904,0.463081,-0.001368,-0.001005,0.042408,0.004244,0.038588,2.801412,2.995756,2.840000,3.000000,2,28.463227
26573.195204,2.095771,-0.002059,-0.126302,-0.007252,0.455556,0.002882,0.000806,-0.012474,0.002540,0.002286,2.901048,2.997460,2.903333,3.000000,2,28.549334
26573.215242,2.099121,-0.000524,-0.141772,-0.004049,0.446684,0.000827,-0.000453,-0.019661,0.002652,0.036264,2.950402,2.997348,2.986667,3.000000,2,28.625375
26573.285236,2.100331,0.000342,-0.128632,-0.002584,0.443539,0.000072,0.000636,-0.045241,0.000834,0.063444,2.999890,2.999166,3.063333,3.000000,2,28.678883
26573.292749,2.101047,0.001141,-0.096063,-0.002364,0.442542,0.001777,-0.000846,0.033893,-0.000793,-0.033204,3.149871,3.000793,3.116667,3.000000,2,28.772011
26573.312790,2.102869,0.000429,-0.049683,0.001842,0.433921,0.000572,-0.000220,-0.013051,-0.001206,0.011728,3.198272,3.001206,3.210000,3.000000,2,28.870337
26573.332789,2.103046,0.001142,-0.022701,0.003545,0.430982,0.000637,-0.000442,-0.014316,-0.002577,0.061430,3.248570,3.002577,3.310000,3.000000,2,28.926872
26573.365739,2.103117,0.001241,0.005668,0.004693,0.429583,0.001135,-0.000491,-0.039020,-0.004346,0.067765,3.298902,3.004346,3.366667,3.000000,2,28.978245
26573.372794,2.103189,0.000865,0.020792,0.006664,0.428217,0.000321,-0.000954,-0.012615,-0.004749,0.067642,3.349025,3.004749,3.416667,3.000000,2,29.028394
26573.392778,2.103249,0.000501,0.027864,0.008399,0.426878,0.000544,-0.000460,-0.015443,-0.005340,0.067730,3.398937,3.005340,3.466667,3.000000,2,29.077810
26573.412778,2.102969,0.001516,0.070572,0.006729,0.426405,0.000459,-0.000020,-0.000607,-0.005406,0.069414,3.447253,3.005406,3.516667,3.000000,2,29.126858
26573.432773,2.102596,0.001282,0.095565,0.003343,0.426177,0.000464,0.000862,0.027846,-0.003248,0.070923,3.495744,3.003248,3.566667,3.000000,2,29.175756
26573.467107,2.102232,0.000830,0.108199,-0.001144,0.425408,0.001108,0.002155,0.093155,-0.001313,0.069479,3.543854,3.001313,3.613333,3.000000,2,29.224341
26573.473442,2.101859,0.000482,0.114038,-0.009569,0.424072,-0.000123,0.002131,0.051634,-0.000398,0.072639,3.590694,3.000398,3.663333,3.000000,2,29.272029
26573.492792,2.101418,0.000268,0.116443,-0.022562,0.422315,0.000295,0.000772,0.047397,0.000716,0.074115,3.635885,2.999284,3.710000,3.000000,2,29.318077
26573.512795,2.100479,-0.006612,-0.073514,-0.036298,0.418978,0.000988,0.003487,0.111471,-0.000090,0.070237,3.686429,3.000090,3.756667,3.000000,2,29.365517
26573.532789,2.099789,-0.007328,-0.241004,-0.055607,0.415206,0.001712,0.008385,0.268288,0.001031,0.068596,3.734738,2.998969,3.803333,3.000000,2,29.414702
26573.568376,2.099021,-0.005137,-0.328254,-0.084337,0.411680,0.004070,0.002011,0.438294,0.001608,0.072393,3.780941,2.998392,3.853333,3.000000,2,29.461592
26573.573775,2.096240,-0.014948,-0.673301,-0.112668,0.406455,-0.001577,0.002425,-0.205828,0.000834,0.069855,3.830145,2.999166,3.900000,3.000000,2,29.509130
26573.592779,2.092957,-0.017187,-1.061836,-0.142716,0.402401,0.001777,0.002700,0.111680,0.002328,0.067483,3.879184,2.997672,3.946667,3.000000,2,29.557792
26573.612778,2.087139,-0.022050,-1.521670,-0.167393,0.397439,0.002664,0.004240,0.129980,0.004731,0.070138,3.926529,2.995269,3.996667,3.000000,2,29.606386
26573.632780,2.080101,-0.020446,-1.935342,-0.191150,0.395033,0.004935,0.007950,0.244068,0.013712,0.073035,3.972724,2.990985,4.046721,2.997812,2,29.654315
26573.668937,2.073402,-0.013846,-2.170060,-0.216377,0.393671,0.013857,-0.000255,0.391677,0.019330,0.071165,4.019516,2.985518,4.093034,2.991268,2,29.701550
26573.674295,2.062284,-0.015722,-2.497836,-0.236724,0.392564,-0.008991,0.002236,-0.224057,0.020946,0.066733,4.068609,2.978789,4.138532,2.980426,2,29.750069
26573.692794,2.049011,-0.014856,-2.844763,-0.254080,0.392484,0.000528,0.001394,0.023619,0.023212,0.071209,4.111191,2.969077,4.185925,2.964146,2,29.797077
26573.712793,2.033835,-0.011989,-3.131115,-0.263648,0.392710,0.000866,0.000293,0.009121,0.019875,0.067287,4.159550,2.957811,4.228483,2.944742,2,29.842872
26573.732787,2.017013,-0.007903,-3.373299,-0.274061,0.395045,0.000566,0.000206,0.007065,0.018042,0.064664,4.201876,2.942393,4.266218,2.923235,2,29.888411
26573.769483,1.999111,-0.003028,-3.552356,-0.277923,0.397007,0.015942,-0.003389,0.069460,0.015272,0.066134,4.242853,2.924685,4.304602,2.896507,2,29.932645
26573.775079,1.980629,0.001692,-3.677782,-0.277699,0.399592,-0.013348,0.002789,-0.052643,0.009899,0.065904,4.282594,2.905812,4.337864,2.868576,2,29.975774
26573.792770,1.962075,0.005709,-3.756439,-0.275238,0.404672,-0.002433,0.000152,-0.006886,0.007143,0.066545,4.318344,2.882091,4.368576,2.837864,2,30.017346
26573.812797,1.943647,0.008522,-3.799460,-0.268565,0.410148,0.002956,-0.000439,-0.007158,0.006191,0.076603,4.344931,2.861577,4.396507,2.804602,2,30.054710
26573.832793,1.929553,0.009917,-3.810778,-0.259327,0.417336,-0.003861,-0.000367,-0.007093,0.001263,0.063835,4.381692,2.827300,4.417812,2.774651,2,30.094223
26573.869089,1.910108,0.010752,-3.791115,-0.246447,0.420968,0.009558,0.000569,-0.079978,-0.000374,0.063303,4.408381,2.795984,4.438475,2.740291,2,30.138092
26573.876640,1.894771,0.009601,-3.762411,-0.229641,0.425963,-0.013476,-0.004032,-0.017474,-0.003828,0.059574,4.437191,2.757403,4.457674,2.701331,2,30.181536
26573.892790,1.876954,0.006405,-3.733477,-0.207976,0.429033,-0.002240,-0.003045,-0.083282,0.000307,0.071473,4.450137,2.728426,4.473420,2.660852,2,30.220862
26573.912759,1.867786,0.006381,-3.652297,-0.182845,0.435402,-0.001758,-0.001720,-0.078178,-0.003884,0.072069,4.470910,2.693229,4.484786,2.622402,2,30.257083
26573.932792,1.860334,0.009557,-3.426273,-0.161230,0.441195,-0.000663,-0.000977,-0.047575,-0.000903,0.069259,4.481382,2.654831,4.492468,2.586458,2,30.295408
26573.968051,1.856083,0.011045,-3.111012,-0.138712,0.443865,0.000892,0.004354,-0.253002,-0.002410,0.065876,4.493293,2.615834,4.497489,2.550048,2,30.334845
26573.973846,1.853956,0.010008,-2.766403,-0.118437,0.445808,-0.001523,-0.006862,0.127680,-0.000577,0.063772,4.499197,2.573796,4.499899,2.510026,2,30.376269
26573.992794,1.852467,0.004151,-2.500202,-0.098164,0.447876,-0.000942,-0.002424,-0.088986,-0.003522,0.062646,4.503522,2.532646,4.500000,2.470000,2,30.418330
26574.012791,1.853015,0.004278,-2.167869,-0.079768,0.449995,-0.000387,-0.001045,-0.051969,-0.007246,0.063544,4.507246,2.490211,4.500000,2.426667,2,30.460488
26574.032796,1.855113,0.005114,-1.786256,-0.066004,0.450605,-0.000396,-0.000890,-0.042716,-0.008768,0.066329,4.508768,2.449663,4.500000,2.383333,2,30.502676
26574.067484,1.857648,0.003858,-1.463092,-0.054986,0.452272,-0.002349,0.002251,-0.149722,-0.011814,0.064355,4.511814,2.407688,4.500000,2.343333,2,30.544516
26574.073601,1.861011,0.002468,-1.196614,-0.045361,0.453236,0.002359,-0.003582,0.072320,-0.014213,0.066305,4.514213,2.366305,4.500000,2.300000,2,30.586644
26574.092798,1.864491,-0.000623,-1.033718,-0.035195,0.454676,0.000057,-0.000776,-0.032691,-0.016804,0.068434,4.516804,2.325101,4.500000,2.256667,2,30.628214
26574.112785,1.868284,0.000930,-0.837336,-0.028376,0.456059,-0.000017,-0.000397,-0.019999,-0.013394,0.067367,4.513394,2.284033,4.500000,2.216667,2,30.669574
26574.132796,1.872241,0.001453,-0.662378,-0.021941,0.457237,-0.000028,-0.000363,-0.018866,-0.011730,0.066352,4.511730,2.243019,4.500000,2.176667,2,30.710784
26574.168048,1.876268,0.001469,-0.521385,-0.017289,0.458807,-0.003036,0.000754,-0.064662,-0.010629,0.067461,4.510629,2.200795,4.500000,2.133333,2,30.752392
26574.173863,1.880460,0.001298,-0.408698,-0.013949,0.460328,0.002950,-0.001233,0.033643,-0.012521,0.066471,4.512521,2.159804,4.500000,2.093333,2,30.794357
26574.192795,1.884633,0.000288,-0.340393,-0.011956,0.462984,0.000220,-0.000382,-0.014346,-0.012027,0.068582,4.512027,2.118582,4.500000,2.050000,2,30.835857
26574.212796,1.888918,0.000283,-0.282340,-0.010197,0.466081,0.000134,-0.000098,-0.005177,-0.011789,0.065685,4.511789,2.075685,4.500000,2.010000,2,30.878193
26574.232794,1.893473,0.000389,-0.227502,-0.008272,0.468875,0.000107,-0.000496,-0.015296,-0.015340,0.064776,4.515340,2.031442,4.500000,1.966667,2,30.921733
26574.268758,1.898106,-0.000047,-0.194785,-0.007760,0.471105,-0.003657,0.000131,-0.021659,-0.027817,0.068397,4.527817,1.991731,4.500000,1.923333,2,30.964312
26574.274546,1.902663,-0.000040,-0.167061,-0.011311,0.474214,0.003387,0.000313,0.023160,-0.033914,0.068448,4.533914,1.948448,4.500000,1.880000,2,31.006492
26574.292795,1.907412,-0.000199,-0.146489,-0.016330,0.477406,0.000419,0.000523,0.025471,-0.032499,0.070252,4.532499,1.906918,4.500000,1.836667,2,31.049085
26574.312794,1.912169,-0.002160,-0.177689,-0.017597,0.480816,0.000109,0.000086,0.004155,-0.036449,0.067908,4.536449,1.864575,4.500000,1.796667,2,31.090964
26574.332796,1.917161,-0.003326,-0.232888,-0.017167,0.484026,0.000144,-0.000022,-0.001285,-0.035770,0.067940,4.535770,1.821273,4.500000,1.753333,2,31.134497
26574.373453,1.922323,-0.003071,-0.264593,-0.014705,0.486927,-0.005067,-0.000506,-0.012679,-0.035473,0.067351,4.535473,1.777351,4.500000,1.710000,2,31.178509
26574.379612,1.927626,-0.002067,-0.266334,-0.011547,0.489279,0.004690,-0.000096,-0.002769,-0.036006,0.059177,4.536006,1.725843,4.500000,1.666667,2,31.225433
26574.392807,1.933934,-0.001483,-0.256652,-0.008107,0.489056,0.000870,-0.000481,-0.015039,-0.040536,0.070071,4.540536,1.690071,4.500000,1.620000,2,31.269782
26574.412795,1.938202,-0.000410,-0.229451,-0.009176,0.491889,0.000276,0.000075,0.003527,-0.041595,0.070432,4.541595,1.643765,4.500000,1.573333,2,31.311545
26574.432786,1.943703,0.000206,-0.187807,-0.011623,0.493767,0.000131,0.000133,0.007105,-0.041999,0.068174,4.541999,1.601507,4.500000,1.533333,2,31.356138
26574.467846,1.949069,-0.000648,-0.182712,-0.013375,0.496296,-0.003744,0.000182,0.015077,-0.049235,0.066981,4.549235,1.556981,4.500000,1.490000,2,31.400493
26574.473637,1.954564,-0.001487,-0.198405,-0.019175,0.498648,0.003918,0.000688,0.006789,-0.042595,0.069759,4.542595,1.513092,4.500000,1.443333,2,31.444570
26574.492791,1.960019,-0.001675,-0.213135,-0.021912,0.500662,0.000359,0.000525,0.024599,-0.040455,0.069439,4.540455,1.469439,4.500000,1.400000,2,31.488179
26574.512791,1.965449,-0.003259,-0.264469,-0.026217,0.502549,0.000243,0.000275,0.014044,-0.037364,0.068258,4.537364,1.424925,4.500000,1.356667,2,31.532817
26574.532787,1.970968,-0.004571,-0.342064,-0.030540,0.504111,0.000219,0.001141,0.035539,-0.037051,0.067309,4.537051,1.380642,4.500000,1.313333,2,31.577706
26574.566401,1.976418,-0.004322,-0.398099,-0.039131,0.506378,-0.003178,0.000277,0.092629,-0.039124,0.068218,4.539124,1.334885,4.500000,1.266667,2,31.622713
26574.573220,1.981801,-0.006186,-0.494661,-0.052809,0.509296,0.003732,0.002185,-0.010238,-0.036771,0.065892,4.536771,1.289226,4.500000,1.223333,2,31.668668
26574.592791,1.987146,-0.006294,-0.585354,-0.070037,0.512715,0.000580,0.002162,0.099064,-0.038739,0.068018,4.538739,1.244685,4.500000,1.176667,2,31.714402
26574.612785,1.991850,-0.010767,-0.772540,-0.092124,0.516986,0.001155,0.005246,0.162270,-0.040426,0.069103,4.540426,1.199103,4.500000,1.130000,2,31.759231
26574.632763,1.996403,-0.012192,-0.985002,-0.118530,0.521350,0.000884,0.002399,0.122999,-0.034865,0.069998,4.534865,1.156665,4.500000,1.086667,2,31.803371
26574.669790,1.999271,-0.018611,-1.319940,-0.141915,0.525027,-0.000211,-0.001833,0.309922,-0.038063,0.069022,4.538063,1.109022,4.500000,1.040000,2,31.848127
26574.675886,2.001155,-0.022578,-1.726081,-0.164457,0.528367,0.001817,0.004275,-0.151535,-0.034160,0.066642,4.534592,1.063078,4.499989,0.996665,2,31.892740
26574.692800,2.002756,-0.020181,-2.029571,-0.186844,0.532678,0.001295,0.002342,0.039232,-0.024920,0.067695,4.528946,1.018454,4.497822,0.953377,2,31.936162
26574.712790,2.002279,-0.020678,-2.345332,-0.206812,0.536817,0.000784,0.000702,0.032032,-0.018889,0.065352,4.522203,0.971352,4.491914,0.910440,2,31.980783
26574.732790,1.999680,-0.020603,-2.683047,-0.225724,0.541320,0.000744,0.000626,0.026863,-0.012735,0.067580,4.511933,0.926591,4.481420,0.864962,2,32.025505
26574.769228,1.995764,-0.018011,-2.971026,-0.242448,0.546331,0.005596,-0.004307,0.163418,-0.011795,0.067125,4.502612,0.882438,4.467916,0.823777,2,32.069063
26574.775434,1.990580,-0.014181,-3.210641,-0.256994,0.551304,-0.003370,0.004504,-0.097422,-0.010100,0.063056,4.487255,0.836416,4.450897,0.783917,2,32.113822
26574.792791,1.985003,-0.008763,-3.382643,-0.271342,0.555836,0.000083,0.001288,0.007657,-0.008940,0.064601,4.469679,0.793616,4.428784,0.742815,2,32.158849
26574.812791,1.977777,-0.004671,-3.530264,-0.283400,0.559852,0.000738,0.000283,0.008979,-0.016922,0.064059,4.456187,0.748594,4.404900,0.706647,2,32.201959
26574.832795,1.969049,-0.001142,-3.664287,-0.293120,0.562861,0.000645,0.000218,0.006607,-0.009789,0.058612,4.423743,0.710583,4.377974,0.672684,2,32.246918
26574.870203,1.959396,0.002446,-3.769634,-0.298994,0.563894,0.010109,-0.002429,0.051189,-0.015339,0.061344,4.400722,0.670213,4.345807,0.638866,2,32.292287
26574.876705,1.949091,0.005788,-3.848534,-0.300000,0.563163,-0.007036,0.001948,-0.032363,-0.020655,0.062563,4.374937,0.633369,4.313233,0.610275,2,32.334229
26574.892792,1.938450,0.008695,-3.901552,-0.300000,0.561741,-0.001839,0.000404,-0.004793,-0.025597,0.063373,4.345201,0.598622,4.278305,0.584613,2,32.375112
26574.912793,1.927572,0.010832,-3.934469,-0.300000,0.559765,0.000202,-0.000008,-0.000788,-0.036433,0.065030,4.318742,0.563659,4.244201,0.563691,2,32.414397
26574.932817,1.916448,0.011982,-3.953622,-0.300000,0.558462,0.000312,0.000045,-0.000066,-0.041742,0.064413,4.284487,0.534489,4.208535,0.545563,2,32.453038
26574.969124,1.905459,0.012273,-3.962508,-0.300000,0.557327,0.008815,0.000959,-0.000276,-0.053307,0.071085,4.256591,0.504659,4.171532,0.530344,2,32.489051
26574.974930,1.894192,0.011600,-3.967289,-0.300000,0.557363,-0.007296,-0.000885,0.000045,-0.060636,0.064362,4.218600,0.479742,4.139848,0.519956,2,32.524147
26574.992806,1.883703,0.010412,-3.967678,-0.300000,0.557698,-0.000940,-0.000185,-0.000243,-0.068129,0.064232,4.181311,0.457761,4.104282,0.510996,2,32.560881
26575.012792,1.873290,0.008650,-3.968690,-0.300000,0.557967,-0.000086,-0.000061,-0.001157,-0.073640,0.066305,4.143879,0.440752,4.068155,0.504667,2,32.595808
26575.032793,1.862988,0.006502,-3.971747,-0.300000,0.558896,0.000273,0.000047,0.000168,-0.078115,0.060126,4.100434,0.427510,4.034989,0.501226,2,32.632479
26575.069179,1.853462,0.004349,-3.974922,-0.300000,0.560460,0.007737,0.001860,0.005807,-0.083059,0.059631,4.057686,0.416746,3.998332,0.500003,2,32.669347
26575.074806,1.844453,0.002199,-3.979185,-0.300000,0.562293,-0.006425,-0.001590,-0.005192,-0.086677,0.063885,4.018740,0.410153,3.961685,0.501470,2,32.703711
26575.092806,1.835487,-0.000012,-3.986059,-0.300000,0.564642,-0.000240,-0.000028,0.001605,-0.090774,0.063999,3.974951,0.406298,3.925243,0.505620,2,32.737729
26575.112791,1.827660,-0.001877,-3.991124,-0.300000,0.566840,0.000401,0.000078,0.000793,-0.095856,0.058136,3.928617,0.405585,3.892459,0.511702,2,32.773451
26575.132791,1.820085,-0.003740,-3.998669,-0.299745,0.568120,0.000217,0.000026,-0.000308,-0.098633,0.056582,3.882952,0.410201,3.856953,0.520899,2,32.810852
26575.166140,1.812717,-0.005475,-4.007224,-0.290078,0.569024,0.002886,0.000016,-0.026969,-0.098745,0.057557,3.840903,0.419917,3.822218,0.532674,2,32.847823
26575.172802,1.805153,-0.007223,-4.018236,-0.289215,0.568790,-0.005119,-0.001347,-0.014013,-0.102827,0.060537,3.799782,0.428180,3.788439,0.546964,2,32.882888
26575.192789,1.798031,-0.008700,-4.027495,-0.281836,0.569958,-0.000833,-0.000701,-0.019850,-0.106532,0.059620,3.759523,0.439994,3.758714,0.562072,2,32.916749
26575.212795,1.792285,-0.009275,-4.015291,-0.283679,0.572161,-0.000510,-0.000452,-0.012862,-0.105939,0.061232,3.720794,0.458747,3.727261,0.580937,2,32.951635
26575.232794,1.786969,-0.010255,-4.002743,-0.282786,0.574831,-0.000259,-0.000131,-0.005414,-0.107622,0.064997,3.687341,0.474953,3.699937,0.600048,2,32.983960
26575.269994,1.782334,-0.011136,-3.984022,-0.280338,0.578071,0.003004,0.000945,-0.021901,-0.103589,0.058873,3.651029,0.504012,3.673947,0.620936,2,33.017840
26575.276540,1.778412,-0.012243,-3.965039,-0.275717,0.579754,-0.003779,-0.001498,0.005120,-0.103930,0.059190,3.618733,0.527908,3.649407,0.643511,2,33.053641
26575.292790,1.773622,-0.013881,-3.948698,-0.269340,0.582936,-0.000229,-0.000118,-0.005610,-0.103992,0.074287,3.595065,0.545740,3.624218,0.670170,2,33.082218
26575.312792,1.771753,-0.013969,-3.918206,-0.271490,0.588274,0.000146,0.000304,0.007671,-0.108255,0.064789,3.562189,0.572809,3.607161,0.690682,2,33.111528
26575.332791,1.770004,-0.014627,-3.881477,-0.274303,0.592273,-0.000049,0.000209,0.007973,-0.107669,0.063385,3.537028,0.601332,3.589311,0.714808,2,33.143971
26575.370440,1.768087,-0.016189,-3.863456,-0.277704,0.595641,0.001745,0.001414,0.017493,-0.110218,0.063664,3.509443,0.631525,3.571216,0.742815,2,33.175762
26575.375772,1.766522,-0.017744,-3.860817,-0.277344,0.598825,-0.001229,-0.000816,0.000114,-0.110794,0.052260,3.482442,0.671468,3.556559,0.769002,2,33.211808
26575.392790,1.764882,-0.019016,-3.863225,-0.269500,0.598460,-0.000387,-0.000691,-0.019123,-0.109232,0.063294,3.465552,0.700776,3.540819,0.802130,2,33.245653
26575.412795,1.764009,-0.019813,-3.872785,-0.256637,0.602425,-0.002134,-0.002337,-0.065036,-0.107451,0.064147,3.448761,0.736853,3.528651,0.833175,2,33.275767
26575.432796,1.762913,-0.020328,-3.883333,-0.239038,0.606501,-0.001451,-0.001247,-0.050498,-0.105005,0.061613,3.435616,0.773509,3.519492,0.861754,2,33.308388
26575.469856,1.764584,-0.016985,-3.808387,-0.215468,0.610431,-0.004834,-0.000913,-0.174290,-0.098372,0.063350,3.428626,0.811338,3.511346,0.894088,2,33.341723
26575.475734,1.768988,-0.012384,-3.639583,-0.187775,0.613120,0.002683,-0.002296,0.056075,-0.093130,0.064170,3.422627,0.849795,3.505374,0.926893,2,33.375709
26575.492794,1.774041,-0.011530,-3.479249,-0.154755,0.616886,-0.001969,-0.007221,-0.180430,-0.085775,0.063419,3.421172,0.889948,3.501601,0.960022,2,33.411123
26575.512796,1.780929,-0.008975,-3.256477,-0.119458,0.620316,-0.004960,-0.013651,-0.402955,-0.077068,0.066726,3.423390,0.929427,3.500011,0.996665,2,33.448545
26575.532795,1.788409,-0.008846,-3.037235,-0.081074,0.623173,-0.002495,-0.005106,-0.255630,-0.073554,0.062510,3.426446,0.970824,3.500000,1.033333,2,33.489112
26575.567306,1.800062,0.006400,-2.465842,-0.048239,0.618353,-0.009607,0.002805,-0.453159,-0.065523,0.062479,3.434477,1.010855,3.500000,1.073333,2,33.530135
26575.572947,1.813874,0.016356,-1.712934,-0.019115,0.614393,0.009008,-0.008197,0.245746,-0.057808,0.065884,3.442192,1.050783,3.500000,1.116667,2,33.570836
26575.592789,1.826716,0.011671,-1.212817,0.005737,0.611749,0.000334,-0.006943,-0.216985,-0.051011,0.064004,3.448989,1.092663,3.500000,1.156667,2,33.612885
26575.612794,1.840218,0.011550,-0.748762,0.030433,0.609143,0.000298,-0.002728,-0.137727,-0.043352,0.061030,3.456648,1.135636,3.500000,1.196667,2,33.656068
26575.632789,1.853142,0.017145,-0.238023,0.052100,0.605485,0.000499,-0.001212,-0.060848,-0.035991,0.060710,3.464009,1.179290,3.500000,1.240000,2,33.700358
26575.668501,1.865485,0.020813,0.272576,0.071804,0.601006,-0.008276,0.002280,-0.257473,-0.029522,0.064383,3.470478,1.222284,3.500000,1.286667,2,33.745176
26575.673912,1.877069,0.021901,0.695302,0.091274,0.596011,0.008921,-0.004781,0.131618,-0.021476,0.061114,3.478524,1.268886,3.500000,1.330000,2,33.790629
26575.692798,1.888604,0.018789,0.963517,0.115292,0.590952,0.001866,-0.002398,-0.094815,-0.018397,0.064280,3.481603,1.312387,3.500000,1.376667,2,33.835940
26575.712769,1.898045,0.022565,1.294210,0.138296,0.585773,-0.000191,-0.001535,-0.128436,-0.008398,0.070179,3.491602,1.349821,3.500000,1.420000,2,33.878195
26575.732796,1.904192,0.025940,1.613104,0.161361,0.583698,0.002280,-0.001760,-0.003818,-0.010763,0.060942,3.489237,1.402392,3.500000,1.463333,2,33.924000
26575.768396,1.911181,0.027779,2.057660,0.182202,0.580585,-0.001603,0.002439,-0.225506,-0.008590,0.059695,3.492509,1.450170,3.499899,1.510026,2,33.974057
26575.774071,1.915442,0.027623,2.389393,0.203487,0.579969,0.003344,-0.004323,0.126499,-0.019246,0.060454,3.484535,1.497686,3.496385,1.560013,2,34.023135
26575.792793,1.919103,0.024106,2.626998,0.224983,0.578831,0.002117,-0.002025,-0.061012,-0.014113,0.061180,3.487500,1.546612,3.487885,1.609398,2,34.071998
26575.812795,1.920445,0.023528,2.870711,0.246436,0.578707,0.002557,-0.002451,-0.068681,-0.015706,0.061142,3.479485,1.591505,3.475528,1.654508,2,34.119358
26575.832793,1.920250,0.021580,3.104586,0.259614,0.577235,0.001920,-0.001073,-0.041563,-0.015411,0.059716,3.468542,1.637335,3.459010,1.698267,2,34.166738
26575.868829,1.918093,0.019742,3.317307,0.267157,0.576162,0.004647,0.003314,-0.116583,-0.012197,0.064103,3.457384,1.681275,3.436859,1.743216,2,34.212725
26575.874574,1.914012,0.017021,3.510963,0.269659,0.576281,-0.002989,-0.003304,0.088088,-0.011836,0.059912,3.437876,1.723959,3.414103,1.780212,2,34.258380
26575.892788,1.909559,0.012671,3.645358,0.267478,0.576491,-0.000128,-0.000430,0.006812,-0.009234,0.060798,3.417606,1.764864,3.386107,1.817681,2,34.304521
26575.912793,1.904780,0.008053,3.729215,0.261657,0.577672,-0.000229,0.000426,0.013667,-0.005665,0.063365,3.395369,1.803422,3.354733,1.852370,2,34.348703
26575.932793,1.899802,0.003999,3.775003,0.251495,0.579224,-0.000383,0.000390,0.018108,-0.003490,0.061375,3.367430,1.839535,3.322814,1.881826,2,34.393024
26575.966167,1.895521,-0.000023,3.773786,0.237181,0.580718,0.000712,0.002320,0.089829,0.000250,0.062217,3.339422,1.872711,3.288459,1.908401,2,34.437094
26575.972778,1.891627,-0.002526,3.746469,0.220103,0.583677,-0.003705,0.001550,0.022630,0.001552,0.065077,3.306238,1.902501,3.249035,1.933569,2,34.480260
26575.992793,1.887684,-0.003191,3.720512,0.197862,0.585950,-0.002109,0.003459,0.104848,0.004337,0.065344,3.271566,1.929974,3.210467,1.953545,2,34.523358
26576.012794,1.886923,-0.006494,3.593417,0.176775,0.588749,-0.003980,0.007023,0.208018,0.008144,0.066554,3.235660,1.955087,3.170312,1.970100,2,34.565516
26576.032793,1.886148,-0.005799,3.494016,0.153486,0.591500,-0.005251,0.009474,0.278573,0.010838,0.065593,3.198223,1.975358,3.132098,1.982235,2,34.606545
26576.067917,1.886324,-0.005494,3.356864,0.133579,0.595037,-0.007703,0.000936,0.424209,0.014591,0.068036,3.159298,1.994022,3.089748,1.991879,2,34.647431
26576.073660,1.890577,-0.012971,3.023447,0.118916,0.597745,0.004410,0.002523,-0.218818,0.019936,0.068865,3.120562,2.010431,3.050048,1.997489,2,34.687950
26576.092804,1.897341,-0.013728,2.642223,0.108384,0.600507,-0.000024,0.001482,0.050483,0.022812,0.068690,3.079160,2.021330,3.010026,1.999899,2,34.728992
26576.112791,1.905413,-0.011814,2.297850,0.097805,0.601740,0.000310,0.000510,0.028723,0.030072,0.066999,3.036999,2.030072,2.970000,2.000000,2,34.771662
26576.132764,1.914807,-0.008635,1.988537,0.086974,0.600696,-0.000013,0.000557,0.029262,0.037194,0.068052,2.994719,2.037194,2.926667,2.000000,2,34.814731
26576.168599,1.924343,-0.005338,1.740566,0.079711,0.596998,-0.007182,-0.002574,0.112130,0.042700,0.068666,2.952000,2.042700,2.883333,2.000000,2,34.857880
26576.174053,1.934332,-0.002636,1.547329,0.073339,0.589815,0.007424,0.003029,-0.060476,0.045819,0.068378,2.908378,2.045819,2.840000,2.000000,2,34.901516
26576.192777,1.944347,0.000470,1.430642,0.066058,0.579815,0.001320,0.000843,0.034229,0.046857,0.067048,2.863714,2.046857,2.796667,2.000000,2,34.946226
26576.212798,1.954162,0.000379,1.311406,0.058438,0.569815,0.000647,0.000368,0.021517,0.046013,0.066506,2.819840,2.046013,2.753333,2.000000,2,34.991085
26576.232798,1.963419,-0.000631,1.169720,0.053016,0.559815,0.000482,0.000260,0.015188,0.044336,0.068886,2.775553,2.044336,2.706667,2.000000,2,35.034933
26576.268471,1.971922,-0.000806,1.046089,0.054614,0.549815,-0.005138,-0.001177,0.021193,0.041467,0.067394,2.730727,2.041467,2.663333,2.000000,2,35.079182
26576.274257,1.979629,0.000670,0.976229,0.064483,0.539815,0.005515,-0.000280,-0.043604,0.036337,0.066548,2.686548,2.036337,2.620000,2.000000,2,35.124403
26576.292776,1.986920,0.002088,0.948196,0.082513,0.529815,0.000728,-0.003206,-0.121005,0.032160,0.075700,2.649033,2.032160,2.573333,2.000000,2,35.165920
26576.312793,1.991923,0.006364,1.018734,0.104746,0.519927,0.001949,-0.001068,-0.029405,0.024192,0.061883,2.595216,2.024192,2.533333,2.000000,2,35.210216
26576.332790,1.996662,0.014423,1.327716,0.127361,0.509927,0.000971,-0.001105,-0.055128,0.014973,0.063147,2.549358,2.016477,2.486633,1.999821,2,35.259644
26576.369791,1.998658,0.018271,1.639035,0.152082,0.501633,0.001636,0.001899,-0.262898,0.003618,0.064645,2.503730,2.007736,2.439987,1.996385,2,35.306964
26576.375246,1.998758,0.020408,1.969196,0.176089,0.494373,0.000584,-0.004030,0.133357,-0.005518,0.067838,2.458004,1.997344,2.390602,1.987885,2,35.354213
26576.392798,1.998378,0.018008,2.222989,0.198831,0.487048,0.001591,-0.001806,-0.035827,-0.012785,0.066817,2.412989,1.984016,2.345492,1.975528,2,35.402246
26576.412797,1.994985,0.019358,2.523713,0.214098,0.479575,0.001273,-0.000574,-0.022899,-0.018075,0.065609,2.369131,1.968433,2.301733,1.959010,2,35.450012
26576.432796,1.989108,0.018866,2.826147,0.222485,0.473601,0.000940,-0.000326,-0.011604,-0.022379,0.066770,2.326008,1.949785,2.256784,1.936859,2,35.497797
26576.469814,1.982018,0.015551,3.060192,0.226290,0.469017,0.008215,0.003942,-0.093332,-0.024922,0.064398,2.284224,1.928120,2.217026,1.912221,2,35.546688
26576.475570,1.974201,0.011002,3.224394,0.224453,0.465043,-0.005722,-0.003262,0.069946,-0.026926,0.066572,2.245408,1.904245,2.177186,1.881826,2,35.595032
26576.492797,1.965967,0.006272,3.327479,0.215818,0.461731,-0.001014,-0.000193,0.019640,-0.028114,0.065372,2.208757,1.876998,2.142920,1.849991,2,35.642555
26576.512785,1.957823,0.001387,3.362658,0.201895,0.459446,0.000009,0.000453,0.024238,-0.028330,0.064611,2.174491,1.847406,2.111778,1.815093,2,35.689720
26576.532787,1.950544,-0.003348,3.321124,0.182895,0.457072,-0.001042,0.002961,0.091867,-0.029287,0.067944,2.143983,1.815339,2.082188,1.774651,2,35.736230
26576.565286,1.943640,-0.005194,3.258688,0.155860,0.455308,-0.000790,0.007173,0.376702,-0.029954,0.065636,2.117450,1.780905,2.059929,1.737355,2,35.782247
26576.572792,1.936744,-0.004521,3.209685,0.119515,0.454930,-0.006628,0.010564,0.188509,-0.031150,0.066524,2.094323,1.744280,2.039675,1.695195,2,35.827899
26576.592792,1.930089,-0.002737,3.174849,0.079515,0.455520,-0.001482,0.009963,0.310343,-0.031934,0.067500,2.074315,1.705996,2.023450,1.651327,2,35.873398
26576.612794,1.930211,-0.016931,2.660391,0.039515,0.449886,-0.002172,0.019693,0.607203,-0.031516,0.067454,2.056511,1.665362,2.011394,1.606134,2,35.918334
26576.632794,1.929839,-0.014309,2.316912,-0.000485,0.442337,-0.002022,0.030062,0.924023,-0.028648,0.065665,2.040762,1.624837,2.004027,1.563330,2,35.962727
26576.666269,1.929360,-0.006954,2.111385,-0.040485,0.432337,-0.001204,0.006489,1.025051,-0.027294,0.065000,2.030280,1.583901,2.000402,1.520047,2,36.005886
26576.672790,1.928680,-0.031621,1.223910,-0.080485,0.422337,0.001279,0.004535,-0.500951,-0.010822,0.064218,2.013267,1.540256,1.999453,1.476614,2,36.049261
26576.692790,1.929063,-0.037351,0.245242,-0.117570,0.412337,0.002870,0.008133,0.252318,0.003371,0.065622,2.000945,1.498843,1.995539,1.433357,2,36.094028
26576.712792,1.928160,-0.036700,-0.575120,-0.145724,0.407380,0.005347,0.013990,0.421871,0.014475,0.068958,1.988577,1.457790,1.987143,1.387344,2,36.138355
26576.732794,1.928281,-0.027308,-1.013735,-0.175185,0.406506,0.008026,0.019375,0.584266,0.021119,0.068281,1.976543,1.416957,1.975528,1.345492,2,36.182437
26576.766240,1.928671,-0.018762,-1.210835,-0.209474,0.408511,0.017419,0.024834,1.102387,0.026988,0.066674,1.961507,1.376725,1.960325,1.304805,2,36.227384
26576.772786,1.929184,-0.013335,-1.295695,-0.240618,0.408462,0.005505,0.014059,0.248861,0.033428,0.066466,1.942202,1.337014,1.940071,1.262645,2,36.272769
26576.792793,1.929911,-0.010286,-1.329737,-0.263897,0.405920,0.003570,0.002120,0.077826,0.036666,0.065693,1.923259,1.300384,1.917812,1.225349,2,36.318063
26576.812792,1.917418,-0.034134,-2.078716,-0.254538,0.402585,0.002109,0.001231,0.033632,0.041897,0.065769,1.898717,1.265036,1.890320,1.187509,2,36.363568
26576.832794,1.905961,-0.038626,-2.686548,-0.247902,0.405353,0.001133,0.000783,0.021382,0.043928,0.067438,1.874718,1.231418,1.859412,1.152404,2,36.408523
26576.868248,1.895377,-0.034303,-3.082245,-0.237072,0.411008,0.007917,-0.005145,0.094268,0.045008,0.066149,1.848314,1.199881,1.827889,1.122523,2,36.452938
26576.873677,1.885400,-0.027256,-3.311871,-0.221901,0.417003,-0.007590,0.003759,-0.099201,0.047768,0.063553,1.817230,1.171492,1.793893,1.095492,2,36.498497
26576.892800,1.875607,-0.020729,-3.433821,-0.201896,0.421900,-0.001593,-0.001000,-0.052739,0.048524,0.065239,1.786212,1.144796,1.754808,1.069799,2,36.543609
26576.912795,1.867973,-0.011949,-3.397268,-0.183655,0.427346,-0.001734,-0.003246,-0.096520,0.049050,0.067270,1.753380,1.120949,1.713494,1.047871,2,36.587503
26576.932791,1.861368,-0.007228,-3.298771,-0.165718,0.433082,-0.001191,-0.001505,-0.071766,0.047426,0.067634,1.720433,1.098992,1.673450,1.031049,2,36.630041
26576.969930,1.856945,-0.001715,-3.096153,-0.149949,0.438534,0.001751,0.002153,-0.211768,0.044823,0.069273,1.687068,1.079297,1.632098,1.017765,2,36.671117
26576.975356,1.854675,0.001126,-2.829996,-0.135859,0.443426,-0.002002,-0.003756,0.112354,0.041096,0.064993,1.649246,1.061203,1.593034,1.008732,2,36.712935
26576.992788,1.852490,-0.001436,-2.621723,-0.124800,0.449086,-0.001116,-0.002933,-0.057955,0.037487,0.062079,1.611094,1.046756,1.553372,1.002857,2,36.754850
26577.012793,1.851682,-0.003102,-2.419878,-0.114634,0.454605,-0.001006,-0.001164,-0.054329,0.030171,0.063151,1.572559,1.031532,1.510026,1.000101,2,36.795599
26577.032796,1.852003,-0.003114,-2.200722,-0.109610,0.460295,-0.000236,-0.000282,-0.013460,0.018273,0.064524,1.534524,1.018273,1.470000,1.000000,2,36.835546
26577.069132,1.853618,-0.004196,-2.001342,-0.107018,0.466289,-0.001910,0.002038,-0.068228,0.007070,0.060800,1.490800,1.007070,1.430000,1.000000,2,36.877247
26577.074796,1.855805,-0.006533,-1.869138,-0.106454,0.471328,0.001622,-0.001782,0.045819,-0.000519,0.066731,1.453398,0.999481,1.386667,1.000000,2,36.918736
26577.092792,1.858159,-0.008963,-1.795597,-0.104395,0.476922,0.000001,-0.000273,-0.003029,-0.009259,0.062651,1.409317,0.990741,1.346667,1.000000,2,36.960380
26577.112798,1.860900,-0.010277,-1.749227,-0.106947,0.481779,0.000195,0.000153,0.006700,-0.015923,0.062462,1.365796,0.984077,1.303333,1.000000,2,37.004643
26577.132796,1.864240,-0.011575,-1.732857,-0.110200,0.485609,-0.000090,0.000163,0.008355,-0.022026,0.066862,1.326862,0.977974,1.260000,1.000000,2,37.046575
26577.170195,1.867295,-0.012930,-1.749373,-0.115921,0.490478,-0.002558,0.000261,0.050496,-0.029091,0.064169,1.280835,0.970909,1.216667,1.000000,2,37.089164
26577.175563,1.870546,-0.014278,-1.793706,-0.126480,0.494108,0.002560,0.001020,-0.008136,-0.032288,0.067804,1.244471,0.967712,1.176667,1.000000,2,37.131016
26577.192800,1.873761,-0.014530,-1.838349,-0.134705,0.497645,0.000717,0.000683,0.022292,-0.035189,0.068970,1.202304,0.964811,1.133333,1.000000,2,37.170882
26577.212796,1.876319,-0.017345,-1.950842,-0.144390,0.500739,0.000280,0.000486,0.022700,-0.037101,0.066793,1.160126,0.962899,1.093333,1.000000,2,37.212531
26577.232795,1.878380,-0.019387,-2.098180,-0.155471,0.503641,0.000141,0.000742,0.032515,-0.040047,0.067506,1.120839,0.959953,1.053333,1.000000,2,37.252354
26577.269007,1.879767,-0.020307,-2.243790,-0.169394,0.507143,-0.000046,-0.000671,0.132753,-0.038872,0.063992,1.077325,0.961128,1.013333,1.000000,2,37.292692
26577.274639,1.880703,-0.021531,-2.411471,-0.183687,0.510178,0.000890,0.002135,-0.063606,-0.033449,0.061895,1.033295,0.964005,0.973276,1.000715,2,37.334263
26577.292784,1.881396,-0.020495,-2.542780,-0.200474,0.513267,0.000998,0.001634,0.051538,-0.029177,0.062034,0.987387,0.967349,0.930046,1.004918,2,37.376514
26577.312798,1.880714,-0.021931,-2.706287,-0.219428,0.516112,0.000885,0.000726,0.030358,-0.024865,0.065045,0.945114,0.973975,0.887344,1.012857,2,37.418869
26577.332795,1.878375,-0.024057,-2.929551,-0.232892,0.518594,0.000748,0.000484,0.019057,-0.027302,0.061017,0.898566,0.978961,0.848673,1.023450,2,37.460671
26577.369126,1.875110,-0.024092,-3.138218,-0.246198,0.522156,0.004215,-0.002075,0.128049,-0.021725,0.067871,0.862201,0.992245,0.807887,1.038381,2,37.500716
26577.374503,1.870602,-0.022897,-3.319338,-0.254077,0.526421,-0.003136,0.002478,-0.084789,-0.022572,0.067048,0.820840,1.004542,0.771517,1.055258,2,37.538826
26577.392808,1.866024,-0.020191,-3.453309,-0.261286,0.530848,0.000317,0.000755,0.010846,-0.028175,0.059598,0.775650,1.018141,0.739463,1.073244,2,37.579974
26577.412794,1.861059,-0.017956,-3.561890,-0.268813,0.535042,0.000367,0.000216,0.007741,-0.027775,0.066193,0.740225,1.035839,0.703410,1.097465,2,37.620043
26577.432799,1.855152,-0.016299,-3.662073,-0.270054,0.539671,0.000264,0.000071,0.000658,-0.032038,0.066926,0.701627,1.054448,0.672111,1.122523,2,37.657787
26577.469382,1.849306,-0.014308,-3.737105,-0.268157,0.544934,0.004681,-0.001434,0.017973,-0.029872,0.064767,0.669718,1.080628,0.645267,1.147630,2,37.696143
26577.475113,1.843627,-0.012178,-3.781944,-0.261921,0.549657,-0.004124,0.000909,-0.020141,-0.030554,0.062267,0.637658,1.107478,0.620340,1.174641,2,37.735038
26577.492811,1.838140,-0.010463,-3.804932,-0.253598,0.555177,-0.000829,-0.000160,-0.011601,-0.033950,0.061126,0.603955,1.136700,0.595492,1.206107,2,37.774909
26577.512826,1.834049,-0.008262,-3.788179,-0.245039,0.560758,0.000312,-0.000543,-0.024405,-0.035272,0.069120,0.579155,1.162089,0.573244,1.239463,2,37.811361
26577.532795,1.831721,-0.006784,-3.750928,-0.234764,0.566004,-0.000752,-0.000441,-0.006943,-0.040217,0.059071,0.546479,1.200597,0.555258,1.271517,2,37.850282
26577.569104,1.829562,-0.005383,-3.666173,-0.220462,0.566515,0.000015,0.000705,-0.099420,-0.045344,0.060813,0.519883,1.234320,0.538381,1.307887,2,37.891708
26577.575303,1.829314,-0.004374,-3.561902,-0.204479,0.568956,-0.000382,-0.002065,0.036989,-0.043086,0.065164,0.503631,1.270202,0.524472,1.345492,2,37.929254
26577.592808,1.829456,-0.005290,-3.465986,-0.182272,0.571219,-0.000649,-0.001581,-0.044990,-0.042580,0.064763,0.488487,1.307797,0.514406,1.380841,2,37.966804
26577.612796,1.832123,-0.002704,-3.284359,-0.158339,0.572867,-0.000572,-0.001412,-0.064073,-0.040063,0.068355,0.477790,1.346256,0.506420,1.420133,2,38.005087
26577.632796,1.837134,0.000492,-3.015162,-0.133105,0.573612,-0.001480,-0.005150,-0.155555,-0.037100,0.065026,0.470570,1.388607,0.501887,1.456607,2,38.044670
26577.674608,1.842819,-0.000624,-2.771413,-0.106453,0.574132,-0.011687,-0.005044,-0.598768,-0.029610,0.063615,0.470827,1.432846,0.500011,1.496658,2,38.086861
26577.683584,1.848787,-0.003378,-2.578428,-0.074885,0.572987,0.002642,-0.017662,-0.275010,-0.028934,0.039110,0.471066,1.500890,0.500000,1.540000,2,38.141437
26577.692806,1.856214,-0.010835,-2.518847,-0.035883,0.567927,0.000042,-0.008535,-0.208109,-0.028864,0.070134,0.471136,1.523200,0.500000,1.593333,2,38.188839
26577.712817,1.861466,0.000049,-2.238430,-0.007724,0.569228,-0.000651,-0.017504,-0.528665,-0.029875,0.071205,0.470125,1.568795,0.500000,1.640000,2,38.224651
26577.732789,1.871137,0.007570,-1.728983,0.009991,0.566434,-0.000218,-0.005029,-0.252717,-0.027410,0.061859,0.472590,1.614807,0.500000,1.676667,2,38.268924
26577.774727,1.880690,0.020656,-1.032388,0.019901,0.563949,-0.010848,0.007108,-0.425308,-0.019036,0.060290,0.480964,1.659710,0.500000,1.720000,2,38.315511
26577.780939,1.890209,0.023617,-0.351214,0.022415,0.564003,0.008794,-0.006524,0.275111,-0.017549,0.049327,0.482451,1.717340,0.500000,1.766667,2,38.367183
26577.792790,1.902024,0.015960,0.080804,0.018477,0.559948,0.002254,-0.000709,0.038981,-0.026021,0.067132,0.473979,1.752868,0.500000,1.820000,2,38.414593
26577.812790,1.909974,0.011070,0.216981,0.009391,0.561067,0.000112,0.002403,0.074036,-0.024878,0.068918,0.475122,1.797748,0.500000,1.866667,2,38.456337
26577.832795,1.919698,0.006237,0.279268,0.002573,0.561410,0.000196,0.000874,0.046233,-0.025463,0.063587,0.474537,1.843080,0.500000,1.906667,2,38.502059
26577.869513,1.929381,0.000478,0.217661,-0.001840,0.560848,-0.007397,0.000922,0.092324,-0.024737,0.064984,0.475263,1.888349,0.500000,1.953333,2,38.548063
26577.875077,1.938947,-0.001819,0.127122,-0.003556,0.560344,0.006929,0.001128,-0.012893,-0.027888,0.065319,0.472112,1.934681,0.500000,2.000000,2,38.594270
26577.892807,1.948428,-0.001461,0.081563,-0.007523,0.560218,0.001359,0.000398,0.014268,-0.026636,0.064827,0.473364,1.981839,0.500000,2.046667,2,38.641370
26577.912788,1.957746,-0.003068,-0.000677,-0.011420,0.559336,0.000402,0.000209,0.011269,-0.024079,0.063190,0.475921,2.030143,0.500000,2.093333,2,38.689331
26577.932795,1.966913,-0.003896,-0.089242,-0.015927,0.557696,0.000404,0.000288,0.014865,-0.031157,0.061894,0.468843,2.078106,0.500000,2.140000,2,38.737467
26577.969276,1.975842,-0.004213,-0.169309,-0.026845,0.556385,-0.006200,-0.000104,0.104539,-0.029505,0.062855,0.470495,2.127145,0.500000,2.190000,2,38.786311
26577.974584,1.984500,-0.005785,-0.279548,-0.040736,0.554189,0.006428,0.002037,-0.028722,-0.024942,0.061284,0.475058,2.175383,0.500000,2.236667,2,38.835664
26577.992802,1.992940,-0.005628,-0.374885,-0.056944,0.551122,0.001431,0.001801,0.077000,-0.029537,0.063718,0.470463,2.222949,0.500000,2.286667,2,38.883899
26578.012793,2.000546,-0.010154,-0.568705,-0.078587,0.548448,0.000811,0.001266,0.064597,-0.027078,0.065019,0.472922,2.271648,0.500000,2.336667,2,38.932277
26578.032787,2.007043,-0.015216,-0.876817,-0.101583,0.545439,0.000888,0.001169,0.060272,-0.029045,0.062672,0.470955,2.320662,0.500000,2.383333,2,38.981088
26578.075997,2.012323,-0.018533,-1.221881,-0.128609,0.543134,-0.001296,0.000276,0.452174,-0.028183,0.062186,0.471817,2.371147,0.500000,2.433333,2,39.030343
26578.083300,2.017276,-0.016665,-1.485674,-0.160995,0.540766,0.007339,0.011190,0.041010,-0.027141,0.037148,0.472859,2.446185,0.500000,2.483333,2,39.090522
26578.092805,2.024422,-0.010228,-1.649372,-0.200995,0.530766,0.002728,0.004327,0.097680,-0.020637,0.075011,0.474817,2.470456,0.501887,2.543393,2,39.139955
26578.112772,2.024758,-0.015426,-1.846364,-0.237741,0.520766,0.004313,0.003647,0.104526,-0.011897,0.077934,0.482541,2.518675,0.508732,2.593034,2,39.176607
26578.132796,2.020915,-0.024030,-2.370004,-0.255573,0.510858,0.003322,0.001769,0.072219,-0.016438,0.066040,0.483990,2.569300,0.516893,2.628871,2,39.222715
26578.168140,2.014668,-0.024718,-2.816056,-0.271797,0.507155,0.010397,-0.004228,0.248812,-0.021004,0.062346,0.488915,2.618848,0.529900,2.670312,2,39.268978
26578.173432,2.005976,-0.020649,-3.186407,-0.282968,0.506777,-0.005446,0.006561,-0.149120,-0.019843,0.062056,0.503431,2.665853,0.547871,2.713494,2,39.314329
26578.192807,1.997373,-0.012972,-3.425000,-0.288407,0.505451,0.000672,0.000525,0.004834,-0.025511,0.064873,0.514789,2.711992,0.569799,2.754808,2,39.358416
26578.212798,1.985653,-0.006976,-3.622782,-0.288061,0.505077,0.000422,0.000053,-0.000998,-0.022538,0.059844,0.540363,2.755659,0.593536,2.791182,2,39.403019
26578.232796,1.973072,-0.000718,-3.758326,-0.284848,0.504604,0.000144,-0.000013,-0.003526,-0.022774,0.057292,0.565766,2.796676,0.620340,2.825359,2,39.449548
26578.269697,1.960213,0.005092,-3.837490,-0.278254,0.504845,0.010903,-0.002472,0.001473,-0.026134,0.057938,0.592588,2.837920,0.652404,2.859412,2,39.494748
26578.275324,1.947726,0.009843,-3.870483,-0.271558,0.507714,-0.008991,0.001740,-0.006393,-0.026974,0.058299,0.625141,2.874941,0.687509,2.890320,2,39.539659
26578.292807,1.935382,0.012784,-3.876337,-0.264232,0.511113,-0.002102,-0.000439,-0.013461,-0.030048,0.058114,0.657543,2.908719,0.722562,2.915967,2,39.583840
26618.758907,0.400000,0.020000,0.000000,-0.002867,0.510000,-0.032326,0.020415,0.010387,-0.006428,0.023953,1.482713,3.006428,1.506667,3.000000,0,0.522622
26618.790915,0.400000,0.020000,0.000000,-0.005367,0.520000,-0.099156,1.050611,3.095325,-0.037623,0.032057,1.487943,3.037623,1.520000,3.000000,0,0.524862
26618.796345,0.334491,1.049770,3.073351,-0.045367,0.530000,0.193023,-1.360756,-2.165862,-0.011621,0.027567,1.495766,3.011621,1.523333,3.000000,0,0.535602
26618.828383,0.549966,-0.358507,0.946789,-0.029180,0.531521,0.076735,-0.244247,-0.006610,0.000944,0.029699,1.503635,2.999056,1.533333,3.000000,0,0.553321
26618.836419,0.656940,-0.343589,0.628378,-0.025750,0.535498,0.013812,0.089161,-0.112201,0.005006,0.041455,1.508545,2.994994,1.550000,3.000000,0,0.564084
26618.856417,0.678267,-0.187199,0.483803,-0.025879,0.545498,-0.057151,0.029532,-0.110933,0.001242,0.054151,1.509182,2.998758,1.563333,3.000000,0,0.567689
26618.876420,0.642699,-0.012592,-0.143590,-0.030754,0.555498,-0.046257,0.001183,0.028907,-0.001229,0.054655,1.512012,3.001229,1.566667,3.000000,0,0.568210
26618.896447,0.618351,-0.006464,-0.182650,-0.035256,0.565498,-0.042401,0.000609,0.021363,-0.002503,0.051779,1.514888,3.002503,1.566667,3.000000,0,0.569361
26618.929945,0.598550,-0.007503,-0.208377,-0.039164,0.575498,-0.047745,0.000816,0.029590,-0.004684,0.047347,1.519320,3.004684,1.566667,3.000000,0,0.572333
26618.936682,0.589765,-0.008327,-0.232163,-0.042952,0.585498,-0.000415,0.000354,0.005464,-0.005765,0.043298,1.526702,3.005765,1.570000,3.000000,0,0.578318
26618.956424,0.597416,-0.008699,-0.246207,-0.045833,0.595498,-0.015092,0.000501,0.017445,-0.006969,0.041193,1.535473,3.006969,1.576667,3.000000,0,0.586628
26618.976422,0.606474,-0.009861,-0.275636,-0.048399,0.605498,-0.013901,0.000288,0.010119,-0.008726,0.038821,1.544513,3.008726,1.583333,3.000000,0,0.595962
26618.996419,0.617593,-0.010841,-0.306341,-0.050806,0.615498,-0.019074,0.000368,0.013051,-0.010231,0.041765,1.551569,3.010231,1.593333,3.000000,0,0.604887
26619.029989,0.624077,-0.011516,-0.326871,-0.053003,0.625498,-0.031349,0.000608,0.022774,-0.010929,0.042833,1.560500,3.010929,1.603333,3.000000,0,0.613224
26619.036406,0.636502,-0.012217,-0.348343,-0.054532,0.635498,0.010198,-0.000032,-0.004406,-0.011798,0.038318,1.571682,3.011798,1.610000,3.000000,0,0.623824
26619.056431,0.655260,-0.012646,-0.364497,-0.055419,0.645498,-0.011102,0.000265,0.009795,-0.012621,0.040205,1.583128,3.012621,1.623333,3.000000,0,0.636191
26619.076424,0.671311,-0.013298,-0.383605,-0.056113,0.655498,-0.004586,0.000098,0.003684,-0.012714,0.037956,1.595378,3.012714,1.633333,3.000000,0,0.649736
26619.096422,0.694338,-0.013895,-0.404798,-0.055624,0.665498,-0.002819,0.000011,0.000546,-0.012907,0.037083,1.609584,3.012907,1.646667,3.000000,0,0.664507
26619.131365,0.719607,-0.014232,-0.419640,-0.054335,0.675498,-0.025446,0.000008,0.004605,-0.014034,0.039376,1.623957,3.014034,1.663333,3.000000,0,0.679996
26619.137152,0.743874,-0.014500,-0.431250,-0.052856,0.685498,0.014086,-0.000517,-0.015075,-0.014271,0.037204,1.639463,3.014271,1.676667,3.000000,0,0.696476
26619.156431,0.766375,-0.014801,-0.443772,-0.051246,0.695498,-0.002514,-0.000118,-0.004041,-0.014617,0.037889,1.655444,3.014617,1.693333,3.000000,0,0.713501
26619.176425,0.792248,-0.014246,-0.436148,-0.049350,0.705498,-0.000933,-0.000111,-0.003844,-0.014549,0.040427,1.672906,3.014549,1.713333,3.000000,0,0.732133
26619.196416,0.821142,-0.013943,-0.431397,-0.046908,0.715498,-0.000942,-0.000152,-0.005255,-0.016117,0.039686,1.690314,3.016117,1.730000,3.000000,0,0.751779
26619.231421,0.850404,-0.013576,-0.425941,-0.044538,0.725498,-0.023041,-0.000112,-0.002488,-0.016456,0.041071,1.708929,3.016456,1.750000,3.000000,0,0.771685
26619.237315,0.880712,-0.013145,-0.418705,-0.041812,0.735498,0.024259,-0.000374,-0.010908,-0.017504,0.040997,1.729003,3.017504,1.770000,3.000000,0,0.793091
26619.256431,0.914125,-0.013115,-0.421166,-0.038518,0.745498,0.005301,-0.000313,-0.012308,-0.018411,0.038120,1.751880,3.018411,1.790000,3.000000,0,0.816657
26619.276419,0.949348,-0.012087,-0.403145,-0.035213,0.755130,0.001669,-0.000245,-0.009173,-0.018795,0.039800,1.773534,3.018795,1.813333,3.000000,0,0.841039
26619.296421,0.982566,-0.011140,-0.379669,-0.031806,0.764429,0.000839,-0.000256,-0.009423,-0.018209,0.044367,1.795633,3.018209,1.840000,3.000000,0,0.864941
26619.331442,1.015237,-0.010219,-0.356039,-0.028229,0.773243,-0.024026,-0.000421,-0.016632,-0.019026,0.046008,1.817325,3.019026,1.863333,3.000000,0,0.888698
26619.337496,1.047137,-0.009222,-0.329670,-0.025194,0.782108,0.024934,-0.000216,-0.002255,-0.019898,0.044780,1.841887,3.019898,1.886667,3.000000,0,0.914052
26619.356441,1.081886,-0.008836,-0.316815,-0.022260,0.789971,0.002914,-0.000294,-0.011315,-0.019041,0.047417,1.865916,3.019041,1.913333,3.000000,0,0.940781
26619.376426,1.115542,-0.007564,-0.287393,-0.019092,0.797711,-0.000225,-0.000257,-0.009345,-0.018512,0.051460,1.888540,3.018512,1.940000,3.000000,0,0.966383
26619.396433,1.147869,-0.006459,-0.254454,-0.015761,0.805702,-0.007527,-0.000891,-0.022799,-0.019699,0.059081,1.904252,3.019699,1.963333,3.000000,0,0.987770
26619.431749,1.173084,-0.006027,-0.234675,-0.012746,0.814665,-0.016827,-0.000788,-0.036191,-0.017619,0.049746,1.936921,3.017619,1.986667,3.000000,0,1.013407
26619.438104,1.214310,-0.004783,-0.205782,-0.007996,0.818191,0.037661,-0.000229,0.004685,-0.014601,0.035090,1.978243,3.014601,2.013333,3.000000,0,1.051358
26619.456431,1.262434,-0.003969,-0.174193,-0.004219,0.815004,-0.002349,-0.001059,-0.030844,-0.015607,0.049964,2.000036,3.015607,2.050000,3.000000,0,1.086121
26619.476424,1.289526,-0.002728,-0.137845,-0.001561,0.818563,0.004062,-0.000512,-0.020151,-0.013681,0.052272,2.031061,3.013681,2.083333,3.000000,0,1.115817
26619.496418,1.325603,-0.001176,-0.088742,0.001359,0.821491,0.002700,-0.000245,-0.009620,-0.012582,0.051955,2.061378,3.012582,2.113333,3.000000,0,1.148242
26619.531604,1.360097,0.000126,-0.035676,0.003982,0.824755,-0.020933,-0.000313,-0.027695,-0.011516,0.053733,2.092933,3.011516,2.146667,3.000000,0,1.180893
26619.537671,1.394540,0.001016,0.007884,0.005867,0.827946,0.024955,-0.000135,0.011356,-0.010170,0.054218,2.125782,3.010170,2.180000,3.000000,0,1.214952
26619.556431,1.429060,0.001300,0.035580,0.007404,0.830588,0.004019,-0.000439,-0.012254,-0.008177,0.055421,2.157912,3.008177,2.213333,3.000000,0,1.249883
26619.576415,1.462321,0.001733,0.060210,0.009155,0.833476,0.001942,-0.000285,-0.011116,-0.007990,0.056014,2.190653,3.007990,2.246667,3.000000,0,1.284202
26619.596413,1.495179,0.002368,0.088231,0.010476,0.836893,0.003014,-0.000107,-0.004100,-0.006145,0.057721,2.225612,3.006145,2.283333,3.000000,0,1.319947
26619.628899,1.528940,0.002912,0.119449,0.011442,0.839819,-0.015929,-0.000026,-0.012521,-0.004384,0.055308,2.261359,3.004384,2.316667,3.000000,0,1.357568
26619.636409,1.562388,0.003143,0.143684,0.012528,0.842136,0.021627,-0.000243,0.004575,-0.002662,0.058762,2.297904,3.002662,2.356667,3.000000,0,1.395745
26619.656414,1.595411,0.003089,0.159067,0.014006,0.843988,0.002366,-0.000694,-0.019759,-0.001065,0.058816,2.334518,3.001065,2.393333,3.000000,0,1.434348
26619.676415,1.627708,0.002937,0.167634,0.015136,0.845651,0.002618,-0.000296,-0.012020,0.000390,0.060900,2.372433,2.999610,2.433333,3.000000,0,1.473237
26619.696419,1.659928,0.003476,0.189435,0.016218,0.846878,0.002702,-0.000098,-0.003456,0.001701,0.059115,2.410885,2.998299,2.470000,3.000000,0,1.513661
26619.729248,1.691890,0.003895,0.219141,0.016339,0.847756,-0.015771,0.000149,-0.008082,0.003714,0.063505,2.449828,2.996286,2.513333,3.000000,0,1.554637
26619.736415,1.723351,0.003810,0.239475,0.016030,0.848342,0.020938,-0.000149,0.007785,0.004601,0.063700,2.489633,2.995399,2.553333,3.000000,0,1.595790
26619.756420,1.754553,0.003527,0.251056,0.014409,0.848751,0.002886,0.000134,0.007077,0.006417,0.062818,2.530515,2.993583,2.593333,3.000000,0,1.637810
26619.776440,1.785583,0.002858,0.248981,0.012181,0.848901,0.002459,0.000140,0.007608,0.006509,0.065089,2.571578,2.993491,2.636667,3.000000,0,1.680913
26619.796419,1.815807,0.001957,0.230881,0.009552,0.848078,0.003165,0.000169,0.009254,0.007311,0.065250,2.614750,2.992689,2.680000,3.000000,0,1.725529
26619.829245,1.846226,0.001057,0.202292,0.007306,0.845642,-0.014317,0.000129,0.023177,0.007906,0.066054,2.657279,2.992094,2.723333,3.000000,0,1.770003
26619.836411,1.875567,0.000322,0.168257,0.004931,0.843587,0.019813,0.000357,-0.005512,0.008304,0.068614,2.701386,2.991696,2.770000,3.000000,0,1.814776
26619.856417,1.904809,0.000197,0.143630,0.002348,0.840819,0.002923,0.000224,0.012279,0.008273,0.067108,2.746226,2.991727,2.813333,3.000000,0,1.860843
26619.876426,1.933363,-0.000730,0.103264,0.000303,0.837650,0.003041,0.000149,0.007835,0.007850,0.067854,2.792146,2.992150,2.860000,3.000000,0,1.907713
26619.896423,1.961443,-0.001258,0.060665,-0.001116,0.833432,0.002536,0.000103,0.005465,0.007216,0.069102,2.837564,2.992784,2.906667,3.000000,0,1.955168
26619.932718,1.988355,-0.001389,0.024517,-0.001676,0.828942,-0.016023,-0.000300,0.014453,0.006356,0.068278,2.885055,2.993644,2.953333,3.000000,0,2.003551
26619.939417,2.015131,-0.001218,-0.001937,-0.001753,0.823361,0.024441,0.000345,-0.010461,0.008096,0.058152,2.945182,2.991904,3.003333,3.000000,0,2.058048
26619.956443,2.047318,-0.000776,-0.018995,-0.000462,0.813373,0.000773,-0.000153,-0.005129,0.004150,0.074547,2.982120,2.995850,3.056667,3.000000,0,2.108786
26619.976420,2.066807,-0.000353,-0.020767,-0.000729,0.806243,0.002971,0.000018,0.000931,0.002142,0.075147,3.031520,2.997858,3.106667,3.000000,0,2.154169
26619.996421,2.091015,-0.000011,-0.016613,0.000026,0.796705,0.001280,-0.000048,-0.002706,0.002316,0.076719,3.076615,2.997684,3.153333,3.000000,0,2.202039
26620.028316,2.112645,0.000195,-0.011186,0.001181,0.786857,-0.008957,-0.000033,-0.009973,0.001158,0.074232,3.125768,2.998842,3.200000,3.000000,0,2.249885
26620.036432,2.134575,0.000476,0.000369,0.003280,0.776857,0.015449,-0.000391,-0.002647,-0.004535,0.065938,3.180729,3.004535,3.246667,3.000000,0,2.302542
26620.056416,2.157586,0.000480,0.010987,0.004702,0.766857,0.002868,-0.000095,-0.005766,-0.007354,0.067691,3.232309,3.007354,3.300000,3.000000,0,2.356975
26620.076416,2.178057,0.001134,0.040671,0.005024,0.756857,0.002844,-0.000023,-0.001089,-0.010570,0.072056,3.284611,3.010570,3.356667,3.000000,0,2.410008
26620.096416,2.197633,0.001063,0.065192,0.002305,0.746857,0.001562,0.000152,0.009314,-0.008537,0.076636,3.333364,3.008537,3.410000,3.000000,0,2.462030
26620.128635,2.215060,0.000100,0.065717,-0.001758,0.737954,-0.004951,0.000255,0.032820,-0.014153,0.068405,3.391595,3.014153,3.460000,3.000000,0,2.516453
26620.136415,2.234287,-0.001264,0.035095,-0.009662,0.727980,0.010403,0.001275,0.011531,-0.012149,0.072484,3.440849,3.012149,3.513333,3.000000,0,2.571559
26620.156418,2.250228,-0.001542,0.001813,-0.020218,0.719053,0.003892,0.000635,0.042390,-0.018993,0.070805,3.499195,3.018993,3.570000,3.000000,0,2.626562
26620.176391,2.267406,-0.005141,-0.130933,-0.033851,0.709053,0.003000,0.000720,0.044638,-0.020949,0.068455,3.554878,3.020949,3.623333,3.000000,0,2.683761
26620.196391,2.282586,-0.007591,-0.321770,-0.053720,0.699053,0.001775,0.002213,0.103324,-0.019426,0.078494,3.604839,3.019426,3.683333,3.000000,0,2.738050
26620.258031,2.295163,-0.008521,-0.535650,-0.076571,0.689053,-0.003808,-0.008412,0.200499,-0.028716,0.018163,3.718503,3.028716,3.736667,3.000000,0,2.816964
26620.267649,2.319128,-0.007727,-1.107134,-0.116571,0.679053,0.014580,0.013215,0.020344,-0.025147,0.005285,3.811382,3.025147,3.816667,3.000000,0,2.916735
26620.287679,2.336354,0.002521,-1.319729,-0.156571,0.669053,0.006020,0.006032,0.277425,-0.025678,0.047079,3.869588,3.025678,3.916667,3.000000,0,2.994897
26620.332408,2.343551,-0.001023,-1.582624,-0.196571,0.659053,0.007951,-0.009117,0.584879,-0.025369,0.066294,3.927039,3.025369,3.993333,3.000000,0,3.054544
26620.337921,2.345483,-0.005978,-2.098702,-0.236571,0.649053,0.001531,0.011497,-0.408283,-0.021826,0.048614,4.007366,3.024034,4.053372,2.997143,0,3.119721
26620.347679,2.345075,0.004552,-2.676078,-0.274145,0.639053,0.003514,0.003400,0.018530,-0.009669,0.078222,4.042060,3.013919,4.115910,2.986379,0,3.176568
26620.367687,2.343060,0.010928,-2.867858,-0.293656,0.629053,0.003704,0.000602,0.013705,-0.007965,0.079137,4.098621,3.004545,4.170312,2.970100,0,3.223100
26620.387685,2.332747,0.021010,-3.192229,-0.300000,0.619053,0.001131,0.000080,-0.000514,-0.009596,0.072172,4.152330,2.991622,4.213494,2.952129,0,3.275421
26620.431288,2.318089,0.034067,-3.422370,-0.300000,0.609053,0.020025,-0.014625,0.077932,-0.014068,0.074890,4.203947,2.977787,4.260537,2.926756,0,3.326296
26620.436909,2.299658,0.047457,-3.569193,-0.296562,0.599053,-0.023292,0.012295,-0.075604,-0.022859,0.056220,4.270937,2.950705,4.301944,2.898534,0,3.383454
26620.447683,2.271323,0.063497,-3.671052,-0.283015,0.590191,-0.004239,-0.000250,-0.011362,-0.014373,0.088374,4.294063,2.931180,4.347596,2.859412,0,3.431796
26620.467691,2.257256,0.068676,-3.690266,-0.267266,0.589911,-0.002075,-0.000513,-0.012557,-0.022893,0.084363,4.342146,2.904315,4.379660,2.825359,0,3.471341
26620.487677,2.237994,0.075998,-3.682115,-0.251085,0.591236,-0.004713,-0.001130,-0.020151,-0.031393,0.079376,4.383250,2.876561,4.404508,2.793893,0,3.516538
26620.528700,2.217445,0.079670,-3.648344,-0.230260,0.593190,0.009803,0.001350,-0.113200,-0.034448,0.078333,4.417640,2.842560,4.428488,2.757678,0,3.560129
26620.534654,2.199515,0.080700,-3.585104,-0.206043,0.595431,-0.021123,-0.005145,0.060987,-0.051691,0.065262,4.469024,2.797721,4.450691,2.716512,0,3.608934
26620.547718,2.175103,0.076354,-3.480442,-0.172792,0.592518,-0.003412,-0.003277,-0.090663,-0.040284,0.090837,4.475222,2.772621,4.468951,2.673450,0,3.649470
26620.567683,2.167028,0.074053,-3.414434,-0.138820,0.596721,-0.005324,-0.002596,-0.112668,-0.036199,0.090757,4.491627,2.732485,4.481341,2.635318,0,3.682448
26620.587679,2.158295,0.074374,-3.150001,-0.102923,0.600902,-0.003677,-0.003381,-0.137717,-0.036357,0.083881,4.507627,2.692432,4.489304,2.602866,0,3.722118
26620.653417,2.154843,0.071942,-2.756391,-0.068502,0.604989,-0.010337,0.031798,-0.578457,-0.030608,0.059530,4.518794,2.626257,4.495973,2.563330,0,3.773420
26620.663915,2.159100,0.060187,-1.922898,-0.028784,0.598238,0.010270,-0.034562,0.202097,-0.021024,0.022836,4.520461,2.533278,4.499899,2.510026,0,3.848358
26620.683960,2.172413,0.024283,-1.318474,0.011216,0.590851,0.000206,-0.004104,-0.249406,-0.025533,0.051667,4.525533,2.488334,4.500000,2.436667,0,3.917588
26620.730489,2.179393,0.030313,-0.829774,0.049274,0.588552,-0.008132,0.012977,-0.689079,-0.010486,0.078300,4.510486,2.444967,4.500000,2.366667,0,3.965103
26620.736393,2.185825,0.036078,-0.106139,0.073663,0.588487,0.008604,-0.016622,0.457751,0.002294,0.060780,4.497706,2.380780,4.500000,2.320000,0,4.018088
26620.743959,2.195900,0.021293,0.604104,0.087313,0.581234,0.001276,-0.005681,-0.121640,0.001043,0.093512,4.498957,2.360178,4.500000,2.266667,0,4.062799
26620.763952,2.198740,0.016867,0.689350,0.094226,0.582400,0.000227,-0.000496,-0.037018,0.003282,0.095075,4.496718,2.318408,4.500000,2.223333,0,4.097287
26620.783917,2.202809,0.018028,1.122157,0.086689,0.583701,-0.000101,0.000368,0.022477,0.008865,0.088322,4.491135,2.274989,4.500000,2.186667,0,4.139291
26620.830040,2.207291,0.010644,1.372222,0.074480,0.584764,-0.006412,0.006381,0.059385,0.018048,0.085021,4.481952,2.231687,4.500000,2.146667,0,4.182541
26620.835820,2.212026,0.000803,1.426327,0.064892,0.585576,0.005661,-0.004086,-0.012384,0.021442,0.059577,4.478558,2.162911,4.500000,2.103333,0,4.237295
26620.843945,2.219246,-0.006775,1.380745,0.052383,0.579443,-0.000312,0.003449,0.080661,0.024906,0.096347,4.475094,2.143014,4.500000,2.046667,0,4.284053
26620.863955,2.221021,-0.007371,1.371144,0.044513,0.579911,-0.000321,0.000409,0.026717,0.022346,0.098307,4.477654,2.098307,4.500000,2.000000,0,4.318863
26620.883953,2.225948,-0.014803,1.139722,0.039586,0.578884,0.000052,0.000244,0.015749,0.021394,0.085001,4.478606,2.051668,4.500000,1.966667,0,4.362590
26620.929633,2.231123,-0.015218,0.947358,0.035635,0.577290,-0.006561,-0.004163,0.110060,0.010470,0.083341,4.489530,2.006674,4.500000,1.923333,0,4.408384
26620.935729,2.236136,-0.013042,0.804412,0.027764,0.575341,0.006877,0.005016,-0.061190,0.011020,0.054256,4.488980,1.930923,4.500000,1.876667,0,4.467335
26620.943960,2.244588,-0.008174,0.686843,0.021174,0.566940,0.000208,0.002367,0.056859,0.006048,0.094355,4.493952,1.911022,4.500000,1.816667,0,4.517039
26620.963948,2.246755,-0.007186,0.673709,0.011909,0.565564,0.000050,0.000516,0.033925,-0.002413,0.097946,4.502413,1.864612,4.500000,1.766667,0,4.552916
26620.983979,2.251528,-0.010869,0.489443,0.005166,0.561753,0.000335,0.000365,0.023561,-0.005057,0.082576,4.505057,1.815909,4.500000,1.733333,0,4.599121
26621.030914,2.256347,-0.011055,0.314690,0.001169,0.558024,-0.005434,-0.004052,0.111028,-0.007290,0.082193,4.507290,1.768859,4.500000,1.686667,0,4.647005
26621.036766,2.260787,-0.009306,0.175643,-0.000339,0.553831,0.006046,0.003962,-0.079564,-0.009254,0.052105,4.509254,1.688771,4.500000,1.636667,0,4.708892
26621.043928,2.267995,-0.004776,0.060256,0.001233,0.543831,0.000446,-0.000055,-0.004392,-0.014289,0.093746,4.514289,1.670413,4.500000,1.576667,0,4.759831
26621.063951,2.269626,-0.003958,0.044271,-0.003554,0.540400,0.000313,0.000271,0.016354,-0.019379,0.095885,4.519379,1.622552,4.500000,1.526667,0,4.794886
26621.083944,2.273017,-0.002980,0.003197,-0.010198,0.535798,0.000434,0.000363,0.022817,-0.022993,0.082849,4.522993,1.572849,4.500000,1.490000,0,4.842063
26621.130866,2.276179,-0.003472,-0.067547,-0.018215,0.530614,-0.002572,-0.002032,0.117231,-0.027049,0.079163,4.527049,1.522497,4.500000,1.443333,0,4.892307
26621.136787,2.278996,-0.004390,-0.170497,-0.027716,0.524796,0.003364,0.003345,-0.057948,-0.020350,0.051756,4.520350,1.445089,4.500000,1.393333,0,4.954353
26621.143988,2.282882,-0.002235,-0.286446,-0.042514,0.514796,0.000583,0.002794,0.062962,-0.023886,0.096313,4.523886,1.426313,4.500000,1.330000,0,5.004057
26621.163954,2.283713,-0.002375,-0.319553,-0.059201,0.506356,0.000971,0.001055,0.067904,-0.023754,0.095176,4.523754,1.375176,4.500000,1.280000,0,5.041020
26621.183951,2.284304,-0.008919,-0.601717,-0.075360,0.496966,0.000891,0.000909,0.053208,-0.027984,0.081487,4.527984,1.324820,4.500000,1.243333,0,5.089711
26621.230478,2.283702,-0.010553,-0.911831,-0.093717,0.490663,0.004314,-0.007672,0.312773,-0.028099,0.076425,4.528099,1.273092,4.500000,1.196667,0,5.139863
26621.236678,2.281871,-0.009744,-1.220278,-0.117760,0.487314,-0.002531,0.010159,-0.175488,-0.024240,0.046781,4.524240,1.193448,4.500000,1.146667,0,5.202717
26621.243953,2.277887,-0.001086,-1.537971,-0.157760,0.477710,0.002292,0.006783,0.146158,-0.029079,0.089041,4.529079,1.172374,4.500000,1.083333,0,5.254053
26621.263953,2.276988,0.001352,-1.578839,-0.197760,0.467710,0.002402,0.001620,0.093007,-0.029973,0.091521,4.529973,1.121521,4.500000,1.030000,0,5.290990
26621.283947,2.266716,-0.008355,-2.077817,-0.220703,0.459594,0.001240,0.000620,0.029945,-0.027593,0.078692,4.528596,1.071647,4.499956,0.993330,0,5.337892
26621.334427,2.253433,-0.007674,-2.564784,-0.241489,0.457042,0.026698,-0.016877,0.378495,-0.018119,0.078564,4.523540,1.022928,4.497155,0.946741,0,5.385326
26621.341588,2.238413,-0.000189,-2.944382,-0.256035,0.455490,-0.023170,0.016661,-0.283006,-0.004520,0.035010,4.501412,0.934028,4.490023,0.900616,0,5.450409
26621.348504,2.208834,0.019492,-3.347724,-0.261686,0.452173,-0.000437,0.000958,0.002959,0.003195,0.084209,4.496998,0.916938,4.472451,0.836323,0,5.505664
26621.363959,2.201662,0.023582,-3.400344,-0.270812,0.455442,0.000501,0.000885,0.013490,0.011103,0.098188,4.484125,0.880487,4.452328,0.786929,0,5.537600
26621.383954,2.186423,0.030581,-3.489878,-0.275372,0.458804,0.001933,0.000947,0.025688,0.004977,0.081829,4.472497,0.831209,4.437121,0.757255,0,5.578817
26621.431443,2.167475,0.037958,-3.556067,-0.284021,0.461699,0.030805,-0.002975,0.067144,0.014581,0.071992,4.444045,0.791100,4.416313,0.723082,0,5.626575
26621.437373,2.146881,0.042429,-3.603895,-0.288776,0.462076,-0.026880,0.002526,-0.040042,-0.000207,0.041137,4.414716,0.717317,4.388678,0.685469,0,5.685576
26621.443952,2.113450,0.045685,-3.659904,-0.296655,0.457237,-0.001087,0.000153,0.001445,0.013121,0.079295,4.395975,0.705819,4.348208,0.641181,0,5.733875
26621.463958,2.104870,0.045837,-3.668900,-0.300000,0.452248,0.000652,0.000115,0.002627,0.004185,0.086046,4.375453,0.664931,4.310626,0.608195,0,5.766958
26621.483960,2.082440,0.044971,-3.692909,-0.300000,0.446676,0.001058,0.000218,0.002521,0.003595,0.069326,4.338855,0.630674,4.283821,0.588362,0,5.809501
26621.531243,2.060550,0.043176,-3.710371,-0.300000,0.437604,0.030643,0.005107,0.021188,-0.002642,0.065851,4.308349,0.597625,4.250000,0.566987,0,5.854145
26621.537208,2.037928,0.040270,-3.727133,-0.300000,0.427808,-0.027720,-0.004823,-0.018325,-0.022225,0.047645,4.261107,0.545234,4.208535,0.545563,0,5.903874
26621.543950,2.003309,0.034433,-3.750103,-0.300000,0.417808,-0.001376,-0.000349,-0.002364,-0.017757,0.082676,4.246068,0.537011,4.162101,0.527006,0,5.942492
26621.563955,1.994291,0.032658,-3.758106,-0.300000,0.410495,-0.000495,-0.000183,-0.003143,-0.028490,0.085109,4.216546,0.510457,4.126992,0.516396,0,5.968185
26621.583952,1.971224,0.028069,-3.779059,-0.300000,0.405732,0.000299,0.000016,-0.000286,-0.034469,0.068604,4.175171,0.490413,4.101018,0.510311,0,6.003857
26621.636113,1.949431,0.023585,-3.798589,-0.300000,0.402498,0.032723,0.006968,0.033372,-0.040323,0.068292,4.137795,0.473099,4.064850,0.504223,0,6.041446
26621.641791,1.927436,0.018919,-3.822114,-0.300000,0.400198,-0.030983,-0.006622,-0.035018,-0.049188,0.033173,4.064240,0.453574,4.028333,0.500803,0,6.092080
26621.647405,1.890433,0.011040,-3.863220,-0.300000,0.394573,-0.002236,-0.000488,-0.002699,-0.046356,0.073124,4.049375,0.450988,3.978329,0.500470,0,6.132838
26621.663968,1.882512,0.009388,-3.872249,-0.300000,0.397300,-0.000031,-0.000054,-0.002618,-0.047418,0.084148,4.016131,0.446387,3.938459,0.503802,0,6.154634
26621.683949,1.866221,0.005992,-3.893458,-0.300000,0.400733,0.000108,0.000045,0.000581,-0.052184,0.068101,3.973651,0.444257,3.915366,0.507215,0,6.186642
26621.733246,1.847530,0.002237,-3.914354,-0.300000,0.405594,0.024686,0.004929,0.026706,-0.053518,0.061619,3.933742,0.447018,3.885954,0.513180,0,6.222546
26621.738971,1.829243,-0.001512,-3.936265,-0.299769,0.410112,-0.025525,-0.005079,-0.028668,-0.053950,0.027756,3.860939,0.463070,3.850575,0.522850,0,6.272371
26621.744542,1.798798,-0.007587,-3.970479,-0.293499,0.405295,0.001133,0.000080,-0.002203,-0.049472,0.075838,3.853983,0.464883,3.803663,0.540161,0,6.309685
26621.763959,1.795542,-0.008225,-3.973847,-0.290261,0.410843,-0.001286,-0.000484,-0.011419,-0.048932,0.076306,3.815813,0.477291,3.770483,0.555791,0,6.331909
26621.783958,1.779855,-0.011030,-3.982231,-0.280731,0.413411,-0.000804,-0.000741,-0.020271,-0.050897,0.064709,3.780591,0.490555,3.750000,0.566987,0,6.365859
26621.835970,1.765845,-0.013409,-3.975584,-0.272594,0.418809,0.017029,0.003676,-0.073684,-0.053067,0.064869,3.746049,0.504420,3.721695,0.584613,0,6.399486
26621.841593,1.753381,-0.015089,-3.947645,-0.265163,0.424543,-0.016876,-0.003950,0.050346,-0.055195,0.040152,3.692712,0.535859,3.694628,0.604086,0,6.442220
26621.847779,1.733636,-0.019123,-3.877518,-0.260696,0.424950,-0.001273,-0.000679,-0.006731,-0.051048,0.074349,3.681645,0.544114,3.661488,0.632019,0,6.476016
26621.863997,1.729571,-0.020121,-3.863733,-0.256242,0.430640,-0.000430,-0.000443,-0.014658,-0.047612,0.081048,3.659075,0.563860,3.637715,0.655400,0,6.496149
26621.883956,1.722621,-0.021323,-3.818668,-0.251100,0.436185,-0.000104,-0.000229,-0.009307,-0.051279,0.063159,3.627341,0.588876,3.624218,0.670170,0,6.526484
26621.933022,1.715554,-0.022669,-3.750248,-0.244322,0.440998,0.007582,0.002563,-0.099731,-0.047181,0.058605,3.603790,0.618084,3.605107,0.693309,0,6.561497
26621.938430,1.709147,-0.024676,-3.691636,-0.232546,0.444260,-0.009092,-0.004428,0.015512,-0.041198,0.043872,3.573683,0.663736,3.583687,0.723082,0,6.604007
26621.944674,1.698951,-0.028652,-3.640911,-0.212492,0.441775,-0.001314,-0.002629,-0.052399,-0.038140,0.075290,3.563916,0.675818,3.561270,0.760176,0,6.638080
26621.963971,1.697174,-0.028958,-3.623544,-0.193957,0.448821,-0.002824,-0.003299,-0.123904,-0.033680,0.076392,3.547789,0.706478,3.546261,0.789951,0,6.662165
26621.983955,1.694695,-0.024376,-3.457311,-0.174951,0.455330,-0.000813,-0.001115,-0.046274,-0.029343,0.066113,3.534720,0.739060,3.536951,0.811358,0,6.694518
26622.031387,1.695744,-0.018491,-3.144766,-0.158889,0.460333,-0.003155,0.003777,-0.287101,-0.023687,0.067004,3.524012,0.771585,3.525408,0.842640,0,6.728424
26622.037756,1.698069,-0.016644,-2.847615,-0.142000,0.465031,0.002024,-0.006063,0.167042,-0.011189,0.047797,3.517129,0.825546,3.515975,0.874622,0,6.770573
26622.044915,1.701402,-0.020961,-2.555528,-0.119730,0.462254,-0.001058,-0.004367,-0.090880,-0.004845,0.078947,3.515262,0.838354,3.506935,0.917010,0,6.805272
26622.063948,1.702284,-0.021320,-2.498405,-0.100971,0.470445,-0.000831,-0.001778,-0.070157,0.002087,0.078303,3.512398,0.872355,3.502500,0.950058,0,6.830658
26622.083950,1.707563,-0.012442,-2.122058,-0.086691,0.476108,-0.000370,-0.000904,-0.041369,0.008081,0.070164,3.511892,0.906953,3.500545,0.976663,0,6.864402
26622.131937,1.713761,-0.008632,-1.764136,-0.072734,0.480791,-0.009611,0.002496,-0.244791,0.011118,0.067808,3.511118,0.942192,3.500000,1.010000,0,6.900035
26622.138401,1.720199,-0.007363,-1.474352,-0.059953,0.485705,0.008946,-0.004789,0.145694,0.014774,0.037188,3.514774,1.009479,3.500000,1.046667,0,6.949598
26622.143940,1.731576,-0.010507,-1.214941,-0.044576,0.481730,-0.000694,-0.002595,-0.063686,0.014291,0.076940,3.514291,1.016393,3.500000,1.093333,0,6.988844
26622.163961,1.732964,-0.010138,-1.188174,-0.031391,0.489195,-0.000543,-0.001903,-0.086245,0.011201,0.080011,3.511201,1.053323,3.500000,1.133333,0,7.013423
26622.183953,1.740325,-0.003008,-0.915990,-0.023646,0.493545,-0.000304,-0.000588,-0.026251,0.011938,0.068993,3.511938,1.091007,3.500000,1.160000,0,7.049188
26622.231168,1.747964,0.000259,-0.653504,-0.017130,0.496263,-0.010722,0.001561,-0.141805,0.010648,0.064399,3.510648,1.128934,3.500000,1.193333,0,7.087370
26622.236854,1.755881,0.000823,-0.467723,-0.008694,0.498509,0.010318,-0.002741,0.081221,0.011949,0.047243,3.511949,1.186091,3.500000,1.233333,0,7.133811
26622.243930,1.768497,-0.000954,-0.322976,0.010890,0.496664,0.000597,-0.003486,-0.076529,0.008636,0.073084,3.508636,1.206916,3.500000,1.280000,0,7.174245
26622.263956,1.771816,-0.000604,-0.291279,0.027038,0.499188,0.000294,-0.002478,-0.111411,0.006762,0.073358,3.506762,1.246642,3.500000,1.320000,0,7.206586
26622.283957,1.779604,0.007265,-0.033212,0.043731,0.499453,0.000391,-0.001042,-0.049229,0.005434,0.063216,3.505434,1.286784,3.500000,1.350000,0,7.245818
26622.329526,1.787076,0.013277,0.298874,0.062207,0.499196,-0.008208,0.000763,-0.296345,0.004657,0.063872,3.504657,1.326128,3.500000,1.390000,0,7.286182
26622.334989,1.794160,0.016131,0.587209,0.082420,0.498820,0.009304,-0.004050,0.174037,0.003665,0.044296,3.503665,1.385704,3.500000,1.430000,0,7.334833
26622.343949,1.804964,0.014927,0.886094,0.112402,0.494409,0.001171,-0.005230,-0.132179,-0.002078,0.073519,3.497922,1.406481,3.500000,1.480000,0,7.376996
26622.363954,1.807663,0.016566,0.975085,0.138112,0.494450,0.001819,-0.003137,-0.140015,-0.007381,0.074016,3.495542,1.449107,3.499453,1.523386,0,7.410802
26622.383923,1.811416,0.027078,1.391795,0.161005,0.494220,0.000973,-0.001315,-0.055418,-0.016797,0.065025,3.487460,1.490184,3.496775,1.556694,0,7.452812
26622.431998,1.813277,0.033383,1.859615,0.180089,0.494925,-0.000360,0.004041,-0.360568,-0.022067,0.061779,3.480883,1.531443,3.490636,1.596316,0,7.496519
26622.438596,1.814335,0.035126,2.250181,0.196951,0.496820,0.002543,-0.006619,0.257269,-0.029261,0.026520,3.459657,1.604944,3.480426,1.638532,0,7.555632
26622.443958,1.816538,0.029619,2.643789,0.212306,0.491568,0.000716,-0.001441,-0.043881,-0.034991,0.075615,3.457629,1.611919,3.460325,1.695195,0,7.602706
26622.463964,1.816544,0.029357,2.676777,0.225158,0.497125,0.001694,-0.001315,-0.049970,-0.034596,0.076717,3.446041,1.653410,3.440071,1.737355,0,7.632640
26622.483940,1.814981,0.031468,2.914410,0.234145,0.501665,0.000694,-0.000438,-0.015685,-0.037555,0.062111,3.425801,1.690805,3.425005,1.763383,0,7.674994
26622.532006,1.812237,0.031734,3.136390,0.237858,0.505030,0.004986,0.003990,-0.137978,-0.034644,0.062703,3.410322,1.728307,3.400544,1.799274,0,7.718412
26622.537441,1.809425,0.029879,3.300570,0.238906,0.509679,-0.003635,-0.003964,0.111900,-0.027996,0.041597,3.379867,1.783229,3.373060,1.832906,0,7.770072
26622.543931,1.804955,0.025262,3.447990,0.232662,0.509120,-0.000202,0.000155,0.011649,-0.032505,0.071186,3.366384,1.798968,3.335392,1.870826,0,7.814895
26622.563951,1.803936,0.024195,3.468720,0.228490,0.515037,-0.000614,0.001258,0.037742,-0.029478,0.072595,3.342006,1.831199,3.301944,1.898534,0,7.849197
26622.583951,1.801424,0.021874,3.499633,0.220257,0.519963,-0.000489,0.000765,0.033842,-0.025768,0.064259,3.314193,1.860982,3.274651,1.917812,0,7.889665
26622.633017,1.800026,0.018564,3.473613,0.208945,0.524493,0.000440,0.000092,0.127539,-0.023946,0.061516,3.282729,1.887912,3.240291,1.938475,0,7.931148
26622.639570,1.800351,0.015173,3.385041,0.194308,0.528290,0.000644,0.001703,-0.071652,-0.018348,0.028330,3.219875,1.929472,3.201331,1.957674,0,7.988488
26622.647202,1.801560,0.015016,3.253987,0.165524,0.522766,-0.001548,0.004547,0.098748,-0.022159,0.068587,3.207080,1.936066,3.148138,1.977551,0,8.036687
26622.663954,1.801547,0.015337,3.231096,0.144451,0.530030,-0.000596,0.002548,0.106226,-0.023568,0.082870,3.176108,1.950378,3.099593,1.989981,0,8.065406
26622.683949,1.805817,0.006998,2.978618,0.123366,0.536749,0.000407,0.001190,0.061454,-0.019921,0.067879,3.137490,1.964952,3.073262,1.994604,0,8.102365
26622.736378,1.812956,0.000117,2.574213,0.102141,0.540043,-0.010992,-0.006833,0.412585,-0.016762,0.064110,3.099436,1.977223,3.036730,1.998649,0,8.143283
26622.743342,1.820833,-0.001792,2.191164,0.082016,0.542708,0.011931,0.010200,-0.246306,0.000785,0.018839,3.015505,2.000785,2.996667,2.000000,0,8.203701
26622.750402,1.835744,0.006007,1.763742,0.066692,0.535934,-0.001580,0.003823,0.111932,0.001841,0.074931,3.008265,2.001841,2.933333,2.000000,0,8.252340
26622.763962,1.837237,0.006170,1.732913,0.055605,0.538627,0.000824,0.003972,0.101984,0.007745,0.088456,2.975122,2.007745,2.886667,2.000000,0,8.277396
26622.783969,1.844187,0.002674,1.529658,0.047325,0.538928,0.000385,0.001341,0.065545,0.013000,0.072497,2.932497,2.013000,2.860000,2.000000,0,8.314276
26622.835419,1.853454,-0.001891,1.211132,0.042124,0.535678,-0.012546,-0.003922,0.196096,0.017082,0.066635,2.889968,2.017082,2.823333,2.000000,0,8.356525
26622.842105,1.862463,-0.002293,0.954592,0.041508,0.529271,0.012374,0.003725,-0.140133,0.022502,0.029273,2.812606,2.022502,2.783333,2.000000,0,8.414128
26622.848646,1.877519,0.001970,0.751993,0.056408,0.519271,0.001033,-0.001883,-0.046924,0.022687,0.074247,2.797581,2.022687,2.723333,2.000000,0,8.462227
26622.863994,1.880741,0.002700,0.734124,0.068616,0.509271,0.001916,-0.005761,-0.160420,0.024701,0.085222,2.761889,2.024701,2.676667,2.000000,0,8.491219
26622.883964,1.886940,0.004200,0.722841,0.087666,0.499271,0.002024,-0.003790,-0.166547,0.026138,0.071795,2.718461,2.026138,2.646667,2.000000,0,8.529192
26622.932365,1.892942,0.012257,0.890730,0.108239,0.489271,-0.003325,0.001229,-0.363411,0.026619,0.064218,2.674218,2.026619,2.610000,2.000000,0,8.571542
26622.937812,1.896388,0.020523,1.249186,0.126795,0.479271,0.005205,-0.004049,0.237250,0.025607,0.033701,2.600367,2.025607,2.566667,2.000000,0,8.628296
26622.943961,1.901778,0.019055,1.612763,0.155312,0.469271,0.001567,-0.003946,-0.071932,0.024450,0.075284,2.585284,2.024450,2.510000,2.000000,0,8.673991
26622.963965,1.902721,0.018834,1.679876,0.178049,0.461725,0.002361,-0.002371,-0.103873,0.016570,0.078756,2.540596,2.020960,2.463270,1.998649,0,8.705283
26622.983953,1.901104,0.026553,2.056090,0.195739,0.454257,0.001191,-0.000809,-0.033416,0.010869,0.065126,2.496453,2.014991,2.433357,1.995539,0,8.747765
26623.031279,1.897075,0.029920,2.450773,0.209516,0.448407,0.008880,0.005374,-0.280978,0.005734,0.064203,2.451995,2.007528,2.390602,1.987885,0,8.791542
26623.036862,1.891950,0.029059,2.765479,0.221449,0.444308,-0.006224,-0.006334,0.211030,-0.002939,0.036050,2.383922,1.984660,2.348673,1.976550,0,8.847043
26623.043960,1.883660,0.022659,3.062474,0.228944,0.434588,0.000625,-0.001067,-0.015255,-0.005909,0.075563,2.366992,1.981813,2.295614,1.956318,0,8.893259
26623.063954,1.881225,0.021417,3.113769,0.233812,0.434940,0.001003,-0.000275,-0.007751,-0.008650,0.074089,2.325724,1.965341,2.256784,1.936859,0,8.926498
26623.083959,1.873262,0.020382,3.265428,0.233424,0.434181,0.000764,-0.000045,0.002206,-0.010191,0.063895,2.287315,1.945825,2.228148,1.919638,0,8.968382
26623.129527,1.865231,0.018171,3.368706,0.226740,0.433130,0.010959,0.002151,0.000548,-0.012836,0.062717,2.250122,1.922875,2.192755,1.894462,0,9.012038
26623.135257,1.857562,0.015211,3.413945,0.215051,0.432638,-0.009618,-0.001243,0.021634,-0.013491,0.033379,2.193317,1.879145,2.159680,1.866309,0,9.068602
26623.143924,1.845955,0.012474,3.423762,0.189853,0.427477,-0.000925,0.002982,0.068283,-0.019954,0.073529,2.183339,1.868207,2.120340,1.825359,0,9.115685
26623.163938,1.842998,0.011588,3.406885,0.168499,0.432343,0.000205,0.000943,0.050943,-0.023121,0.073682,2.152992,1.835304,2.091599,1.788459,0,9.149858
26623.183953,1.840414,0.003034,3.155201,0.143906,0.433138,0.000190,0.001195,0.062916,-0.026162,0.062900,2.128349,1.800590,2.073244,1.760537,0,9.193497
26623.228231,1.839168,-0.001598,2.840642,0.115757,0.433397,0.000907,-0.005372,0.384910,-0.031197,0.064822,2.107255,1.764063,2.050766,1.719519,0,9.238672
26623.234475,1.839941,-0.004606,2.462648,0.082328,0.433270,0.000933,0.009574,-0.171226,-0.033487,0.045150,2.080887,1.709801,2.033410,1.679704,0,9.291704
26623.243953,1.841504,0.000944,2.086315,0.042328,0.429911,-0.000443,0.009576,0.201243,-0.038537,0.071102,2.072454,1.687639,2.016893,1.628871,0,9.337499
26623.263954,1.842494,0.000174,1.909095,0.002328,0.431918,0.000171,0.004615,0.233653,-0.040113,0.073278,2.058707,1.648750,2.006965,1.583165,0,9.374084
26623.283926,1.845447,-0.016332,1.206751,-0.035265,0.429695,0.000960,0.002158,0.106708,-0.038896,0.067118,2.047186,1.609911,2.002188,1.546721,0,9.415289
26623.334141,1.848225,-0.025899,0.396129,-0.067525,0.428345,-0.001942,-0.007892,0.612785,-0.038042,0.063907,2.038937,1.570077,2.000045,1.506684,0,9.455304
26623.339849,1.850207,-0.028482,-0.290951,-0.098317,0.429286,0.003706,0.011906,-0.397689,-0.015819,0.030763,2.016721,1.496242,1.998883,1.466604,0,9.510070
26623.345183,1.853791,-0.019463,-0.921278,-0.131707,0.423766,0.001068,0.005337,0.132024,-0.008403,0.081667,2.014805,1.489084,1.991879,1.410252,0,9.553805
26623.363954,1.854095,-0.019048,-0.964510,-0.160126,0.427741,0.002829,0.006504,0.203529,0.000655,0.084257,2.003863,1.449339,1.982235,1.367902,0,9.580894
26623.383946,1.852791,-0.027629,-1.420268,-0.184538,0.431264,0.001640,0.002682,0.115208,0.005584,0.069933,1.991241,1.410441,1.974485,1.342316,0,9.619495
26623.431792,1.849035,-0.034931,-1.941669,-0.204131,0.435677,0.007441,-0.004834,0.437735,0.008789,0.065935,1.978839,1.372138,1.961619,1.307887,0,9.659722
26623.438379,1.843881,-0.037801,-2.429040,-0.218178,0.441023,-0.006010,0.007332,-0.340058,0.011192,0.031998,1.949409,1.305093,1.944742,1.271517,0,9.714455
26623.443974,1.835770,-0.031044,-2.918986,-0.222479,0.439266,0.000715,0.000364,0.027137,0.017097,0.079928,1.946093,1.298544,1.915967,1.222562,0,9.757347
26623.463926,1.834688,-0.030488,-2.956450,-0.227195,0.445893,0.000576,0.000409,0.014576,0.019830,0.081074,1.925509,1.263192,1.890320,1.187509,0,9.784908
26623.483948,1.828944,-0.028817,-3.140589,-0.228174,0.451722,0.000016,0.000149,0.003882,0.019752,0.066657,1.902703,1.229979,1.873060,1.167094,0,9.824831
26623.530089,1.823032,-0.026215,-3.265665,-0.226415,0.457403,0.006443,-0.002729,0.038323,0.020671,0.065853,1.878557,1.198690,1.845186,1.138273,0,9.865463
26623.538858,1.816982,-0.023491,-3.336476,-0.223666,0.463401,-0.008831,0.001806,-0.039026,0.016652,0.032811,1.830075,1.145384,1.815093,1.111778,0,9.919047
26623.546221,1.806066,-0.020363,-3.387913,-0.217845,0.463489,0.000425,-0.000806,-0.013282,0.021449,0.077141,1.824933,1.140305,1.771852,1.080362,0,9.960858
26623.563963,1.804970,-0.020098,-3.388537,-0.213009,0.470654,-0.001346,-0.000418,-0.016296,0.021238,0.079625,1.794784,1.114440,1.734408,1.058352,0,9.987409
26623.583952,1.800693,-0.017958,-3.353524,-0.207659,0.476904,-0.000138,-0.000229,-0.010645,0.016072,0.064627,1.762325,1.088237,1.710467,1.046455,0,10.026213
26623.633082,1.798000,-0.016462,-3.287739,-0.201488,0.482598,0.002628,0.001472,-0.089741,0.013521,0.059960,1.727902,1.066044,1.676581,1.032219,0,10.067371
26623.638701,1.796188,-0.015914,-3.213923,-0.192119,0.487586,-0.002662,-0.002470,0.058466,0.003739,0.031837,1.664955,1.030875,1.635318,1.018659,0,10.120906
26623.644565,1.793379,-0.017702,-3.119662,-0.175258,0.484923,-0.000540,-0.001841,-0.045091,0.007988,0.077738,1.658492,1.027772,1.583165,1.006965,0,10.161156
26623.663952,1.793164,-0.017694,-3.107605,-0.162262,0.493570,-0.000952,-0.001698,-0.070059,0.001073,0.077462,1.620470,1.009679,1.543393,1.001887,0,10.186714
26623.683943,1.794570,-0.013281,-2.937816,-0.150815,0.500387,-0.000033,-0.000615,-0.030013,-0.006281,0.063655,1.580537,0.996129,1.516707,1.000279,0,10.225553
26623.732607,1.797805,-0.010157,-2.711687,-0.138628,0.505149,-0.005240,0.003186,-0.214428,-0.015857,0.059773,1.539773,0.984143,1.480000,1.000000,0,10.267581
26623.739635,1.801899,-0.009394,-2.502554,-0.125522,0.509378,0.005329,-0.005194,0.122820,-0.031297,0.030267,1.466934,0.968703,1.436667,1.000000,0,10.323736
26623.744999,1.809046,-0.013187,-2.278043,-0.109952,0.505400,-0.000793,-0.002542,-0.061776,-0.032464,0.079806,1.459806,0.967536,1.380000,1.000000,0,10.366627
26623.763934,1.809858,-0.013366,-2.259724,-0.098503,0.513419,-0.001399,-0.003435,-0.107765,-0.039912,0.078556,1.418556,0.960088,1.340000,1.000000,0,10.393216
26623.783964,1.814844,-0.009470,-2.054999,-0.095106,0.520183,-0.000692,-0.001397,-0.058761,-0.047073,0.059893,1.373226,0.952927,1.313333,1.000000,0,10.434584
26623.832034,1.821065,-0.007473,-1.854415,-0.096677,0.524906,-0.009160,0.002913,-0.083128,-0.051672,0.061153,1.331153,0.948328,1.270000,1.000000,0,10.479191
26623.838945,1.827930,-0.007624,-1.689833,-0.100562,0.528972,0.009476,-0.001754,0.096891,-0.054086,0.028090,1.254757,0.945914,1.226667,1.000000,0,10.536521
26623.846336,1.839678,-0.010722,-1.572992,-0.109592,0.524844,-0.000780,0.001937,0.036077,-0.054132,0.077396,1.247396,0.945868,1.170000,1.000000,0,10.580816
26623.863954,1.840945,-0.011197,-1.572193,-0.116808,0.529426,0.001259,0.001834,0.060713,-0.054575,0.080595,1.203928,0.945425,1.123333,1.000000,0,10.609067
26623.883952,1.846959,-0.014862,-1.635943,-0.126149,0.532354,0.000301,0.000906,0.042525,-0.053281,0.063822,1.160488,0.946719,1.096667,1.000000,0,10.649779
26623.934012,1.852307,-0.018679,-1.774492,-0.137976,0.535199,-0.006677,-0.001287,0.201674,-0.051496,0.059022,1.115688,0.948504,1.056667,1.000000,0,10.692575
26623.940518,1.857423,-0.020805,-1.935997,-0.152299,0.537694,0.007342,0.003466,-0.117151,-0.047083,0.020402,1.033736,0.952917,1.013333,1.000000,0,10.751354
26623.945846,1.865902,-0.019174,-2.138624,-0.180722,0.533191,0.000788,0.003238,0.075287,-0.041284,0.077244,1.026327,0.953866,0.953279,1.002188,0,10.795272
26623.963951,1.866834,-0.018845,-2.151930,-0.202925,0.535805,0.002787,0.004144,0.122759,-0.036005,0.076781,0.979323,0.958919,0.910252,1.008121,0,10.822362
26623.983954,1.868678,-0.024154,-2.384872,-0.226311,0.537299,0.002064,0.002263,0.090375,-0.035423,0.058329,0.932618,0.965641,0.884090,1.013621,0,10.865000
26624.031102,1.868120,-0.029018,-2.696426,-0.246019,0.538788,0.005155,-0.004064,0.334049,-0.033231,0.064062,0.892629,0.973777,0.842316,1.025515,0,10.906223
26624.036418,1.865108,-0.031423,-3.036598,-0.258086,0.541467,-0.003601,0.005391,-0.268336,-0.035542,0.038218,0.826115,0.992033,0.804805,1.039675,0,10.955493
26624.043956,1.860302,-0.026285,-3.392959,-0.264134,0.538600,0.000765,0.001122,0.018821,-0.031101,0.072236,0.808110,0.999536,0.759709,1.061525,0,10.996612
26624.063961,1.859140,-0.024346,-3.447014,-0.271536,0.542985,0.000831,0.000303,0.010101,-0.033135,0.070560,0.766109,1.015741,0.725349,1.082188,0,11.026969
26624.083928,1.854341,-0.022006,-3.603974,-0.272893,0.546486,0.000511,0.000128,0.000900,-0.042795,0.060536,0.720463,1.030798,0.698056,1.101466,0,11.067732
26624.134410,1.849300,-0.018810,-3.717744,-0.274071,0.551316,0.008680,-0.003876,0.058793,-0.036849,0.061923,0.688761,1.058218,0.667094,1.126940,0,11.108227
26624.140489,1.843869,-0.015597,-3.791108,-0.269975,0.554969,-0.007928,0.003510,-0.050094,-0.045863,0.020468,0.619223,1.108344,0.638273,1.154814,0,11.164453
26624.146069,1.834436,-0.011029,-3.853841,-0.267361,0.551358,0.000270,-0.000364,-0.003905,-0.041224,0.074987,0.613891,1.113391,0.601466,1.198056,0,11.206713
26624.163945,1.833286,-0.010696,-3.857133,-0.263767,0.557393,-0.000889,-0.000208,-0.012049,-0.044688,0.079189,0.581101,1.142957,0.576765,1.233782,0,11.230567
26624.183919,1.828433,-0.008890,-3.853975,-0.258332,0.562452,0.000035,-0.000107,-0.007132,-0.055276,0.059857,0.546127,1.174556,0.564776,1.253869,0,11.269245
26624.231265,1.824800,-0.007418,-3.823205,-0.253735,0.566893,0.004027,0.001131,-0.053704,-0.057089,0.058863,0.521382,1.208902,0.547871,1.286506,0,11.307884
26624.236663,1.821696,-0.006901,-3.781304,-0.244639,0.570285,-0.003604,-0.001620,0.034975,-0.070146,0.032193,0.477962,1.268527,0.532219,1.323419,0,11.357579
26624.243946,1.817589,-0.008150,-3.725978,-0.229053,0.565891,-0.001035,-0.001684,-0.034445,-0.066350,0.074741,0.472049,1.281812,0.516893,1.371129,0,11.396217
26624.263931,1.816433,-0.008715,-3.716168,-0.213502,0.569191,-0.000712,-0.000887,-0.038078,-0.064171,0.073973,0.459445,1.322344,0.508732,1.406966,0,11.421959
26624.283930,1.817043,-0.005520,-3.577770,-0.193015,0.568956,-0.000643,-0.001212,-0.051007,-0.067774,0.062306,0.445596,1.362573,0.504461,1.433357,0,11.459458
26624.331073,1.819332,-0.003134,-3.390370,-0.170387,0.568065,-0.007061,0.001060,-0.365374,-0.070758,0.060641,0.433920,1.405154,0.500904,1.469939,0,11.499365
26624.337035,1.822495,-0.003733,-3.209086,-0.144707,0.566628,0.002923,-0.009400,0.013397,-0.072220,0.028841,0.427780,1.481159,0.500000,1.510000,0,11.555299
26624.343953,1.827529,-0.009413,-3.056877,-0.104707,0.558928,-0.001426,-0.007847,-0.169858,-0.072521,0.070893,0.427479,1.495774,0.500000,1.566667,0,11.601829
26624.363928,1.829472,-0.007642,-2.973320,-0.069841,0.561716,-0.000560,-0.003306,-0.164881,-0.070881,0.071771,0.429119,1.541563,0.500000,1.613333,0,11.634764
26624.383932,1.839113,0.012500,-2.269824,-0.044936,0.557118,0.000106,-0.006208,-0.190670,-0.072393,0.060785,0.427607,1.585882,0.500000,1.646667,0,11.679109
26624.432028,1.848784,0.013764,-1.688394,-0.022914,0.554430,-0.013708,-0.002191,-0.802446,-0.066752,0.058625,0.433248,1.631375,0.500000,1.690000,0,11.724090
26624.438158,1.858125,0.006196,-1.372562,0.002000,0.551367,0.013069,-0.017741,-0.077211,-0.060426,0.015546,0.439574,1.721121,0.500000,1.736667,0,11.789067
26624.443977,1.874106,-0.004447,-1.185131,0.025695,0.542520,-0.000540,-0.007162,-0.171005,-0.059417,0.071449,0.440583,1.728551,0.500000,1.800000,0,11.841252
26624.463947,1.875979,-0.000403,-1.084966,0.041789,0.545957,0.000655,-0.002320,-0.113124,-0.053058,0.076751,0.446942,1.776582,0.500000,1.853333,0,11.872795
26624.483957,1.884537,0.020386,-0.327518,0.042702,0.548840,0.000053,-0.000060,-0.003658,-0.048215,0.060566,0.451785,1.822767,0.500000,1.883333,0,11.917922
26624.532112,1.893084,0.021853,0.218385,0.037692,0.551527,-0.012393,0.006876,-0.110421,-0.036103,0.061258,0.463897,1.868742,0.500000,1.930000,0,11.964294
26624.538535,1.902212,0.015485,0.476126,0.034456,0.551913,0.012096,-0.005031,0.094900,-0.037470,0.026931,0.462530,1.949735,0.500000,1.976667,0,12.026289
26624.544733,1.917227,0.007907,0.602098,0.017863,0.545638,0.000779,0.002333,0.058200,-0.036956,0.071636,0.463044,1.965031,0.500000,2.036667,0,12.077305
26624.563958,1.920709,0.006713,0.609967,0.002899,0.550435,0.000485,0.007477,0.227604,-0.034879,0.079541,0.465121,2.010459,0.500000,2.090000,0,12.111134
26624.583952,1.929701,0.003609,0.575662,-0.012569,0.553398,0.000212,0.002971,0.151356,-0.039587,0.066210,0.460413,2.057124,0.500000,2.123333,0,12.155421
26624.635934,1.938619,-0.005893,0.342794,-0.028156,0.553417,-0.012967,-0.003124,0.354766,-0.036233,0.061420,0.463767,2.105246,0.500000,2.166667,0,12.203068
26624.642044,1.947436,-0.012380,-0.011918,-0.038426,0.551345,0.013311,0.005157,-0.232097,-0.042183,0.020593,0.457817,2.192740,0.500000,2.213333,0,12.268782
26624.648842,1.963176,-0.009043,-0.367264,-0.060653,0.544555,0.001307,0.004072,0.083929,-0.032345,0.064751,0.467655,2.215249,0.500000,2.280000,0,12.325710
26624.663953,1.966729,-0.008462,-0.414497,-0.079190,0.545024,0.001110,0.002402,0.081648,-0.035936,0.085319,0.464064,2.251348,0.500000,2.336667,0,12.359063
26624.683921,1.972168,-0.015095,-0.686780,-0.097529,0.544392,0.000869,0.001048,0.050677,-0.032840,0.069471,0.467160,2.300529,0.500000,2.370000,0,12.400113
26624.732316,1.977999,-0.020533,-1.095414,-0.113928,0.541900,-0.005500,-0.005579,0.323927,-0.031254,0.063476,0.468746,2.349858,0.500000,2.413333,0,12.447851
26624.738083,1.983024,-0.021248,-1.444091,-0.134572,0.540666,0.007012,0.007567,-0.196837,-0.029157,0.026585,0.470843,2.433415,0.500000,2.460000,0,12.511282
26624.745665,1.990768,-0.015165,-1.768635,-0.171267,0.533863,0.001927,0.005227,0.117104,-0.024510,0.075408,0.472537,2.449208,0.500547,2.523386,0,12.561981
26624.763959,1.992245,-0.014438,-1.829945,-0.201646,0.532449,0.003652,0.004659,0.126897,-0.019802,0.075862,0.474693,2.501120,0.505396,2.573262,0,12.596602
26624.783922,1.992478,-0.020281,-2.187047,-0.230179,0.528714,0.002967,0.002570,0.106248,-0.012992,0.059911,0.485981,2.550346,0.511394,2.606134,0,12.644200
26624.837180,1.989449,-0.023824,-2.581129,-0.250960,0.525535,0.013425,-0.009557,0.443452,-0.018152,0.063723,0.487516,2.599514,0.524472,2.654508,0,12.690408
26624.843458,1.983253,-0.024066,-2.983457,-0.266600,0.524878,-0.010740,0.011441,-0.362200,-0.026443,0.014048,0.511145,2.695856,0.540990,2.698267,0,12.756373
26624.850745,1.969716,-0.012141,-3.463979,-0.274014,0.516360,0.002169,-0.000329,0.038231,-0.021567,0.072822,0.514131,2.703143,0.569799,2.754808,0,12.807597
26624.863968,1.968110,-0.010843,-3.493309,-0.281892,0.519078,-0.000114,0.001325,-0.004054,-0.019118,0.088083,0.531419,2.740154,0.599456,2.799274,0,12.832393
26624.883920,1.960715,-0.006862,-3.614154,-0.285882,0.521768,0.000548,0.000182,0.003257,-0.024982,0.062912,0.554629,2.784972,0.613893,2.817681,0,12.872717
26624.931138,1.949903,-0.002515,-3.737664,-0.289202,0.524709,0.016525,-0.004171,0.068016,-0.022052,0.053230,0.587732,2.824663,0.640588,2.847596,0,12.919646
26624.936810,1.938730,0.001576,-3.821769,-0.289663,0.525962,-0.014269,0.004089,-0.052061,-0.035129,0.018580,0.637674,2.894243,0.674641,2.879660,0,12.980496
26624.943961,1.921135,0.006670,-3.892040,-0.294228,0.524682,-0.000313,0.000196,0.001845,-0.032583,0.071481,0.647720,2.905774,0.725349,2.917812,0,13.025963
26624.963970,1.916402,0.007411,-3.901836,-0.293823,0.529234,0.000263,0.000085,0.000921,-0.051717,0.082274,0.665682,2.946533,0.762645,2.940071,0,13.049512
26624.983948,1.904653,0.008341,-3.922755,-0.293727,0.534640,0.000524,0.000151,0.001664,-0.063136,0.061061,0.701109,2.981160,0.783488,2.950691,0,13.084732
26625.032120,1.893643,0.008494,-3.932860,-0.292867,0.539969,0.015241,0.002040,0.002819,-0.073019,0.056438,0.737953,3.012706,0.817181,2.965379,0,13.124624
26625.037844,1.882933,0.007853,-3.938051,-0.288084,0.545545,-0.013209,-0.001936,-0.003925,-0.089978,0.022722,0.807228,3.058059,0.855058,2.978531,0,13.178060
26625.043939,1.866851,0.005713,-3.940421,-0.279286,0.544471,-0.001344,-0.000497,-0.006893,-0.088493,0.071286,0.820459,3.064952,0.906966,2.991268,0,13.218087
26625.063958,1.862833,0.005048,-3.939877,-0.268216,0.551883,-0.001381,-0.000926,-0.027215,-0.098142,0.074943,0.861637,3.086725,0.946628,2.997143,0,13.243086
26625.083937,1.854351,0.003962,-3.919255,-0.252330,0.558220,-0.001329,-0.000774,-0.030515,-0.107418,0.055883,0.907699,3.102959,0.969939,2.999096,0,13.283197
26625.132064,1.848099,0.003851,-3.862810,-0.231228,0.562623,0.002556,0.002955,-0.177033,-0.116158,0.052266,0.951067,3.116158,1.003333,3.000000,1,13.330554
26625.137908,1.844669,0.004573,-3.750186,-0.204546,0.569936,-0.003425,-0.004896,0.094531,-0.133188,0.024303,1.025697,3.133188,1.050000,3.000000,1,13.392725
26625.144670,1.841482,0.001389,-3.580428,-0.168089,0.566552,-0.001948,-0.004830,-0.096284,-0.133624,0.069582,1.040418,3.133624,1.110000,3.000000,1,13.440189
26625.163957,1.841061,0.000854,-3.532901,-0.134126,0.574564,-0.002331,-0.004003,-0.168157,-0.136331,0.075762,1.084238,3.136331,1.160000,3.000000,1,13.472195
26625.183952,1.845662,0.010676,-3.130609,-0.106489,0.577120,-0.000599,-0.001844,-0.087153,-0.133967,0.063112,1.126888,3.133967,1.190000,3.000000,1,13.513962
26625.231467,1.853351,0.016794,-2.577664,-0.082013,0.576854,-0.011823,0.010880,-0.498603,-0.131327,0.058799,1.174534,3.131327,1.233333,3.000000,1,13.558204
26625.237806,1.862900,0.016278,-2.053277,-0.055432,0.575302,0.011261,-0.013920,0.282055,-0.126648,0.028199,1.248468,3.126648,1.276667,3.000000,1,13.616192
26625.243934,1.877356,0.004435,-1.549016,-0.031368,0.569623,0.000596,-0.005491,-0.096143,-0.123361,0.070199,1.263134,3.123361,1.333333,3.000000,1,13.663143
26625.263945,1.881156,0.003425,-1.451057,-0.008295,0.574920,-0.000027,-0.002905,-0.146838,-0.116645,0.070822,1.309178,3.116645,1.380000,3.000000,1,13.696539
26625.283922,1.891725,0.012960,-0.933835,0.006130,0.575748,0.000228,-0.001041,-0.050734,-0.108437,0.063751,1.352916,3.108437,1.416667,3.000000,1,13.739869
26625.328808,1.902359,0.015854,-0.442799,0.016723,0.574944,-0.012504,0.005160,-0.255166,-0.099330,0.061598,1.398402,3.099330,1.460000,3.000000,1,13.785066
26625.335161,1.912891,0.014328,-0.088176,0.023462,0.571291,0.013600,-0.006193,0.172064,-0.081995,0.031724,1.471609,3.081995,1.503333,3.000000,1,13.843741
26625.343932,1.929651,0.008021,0.187658,0.029267,0.564889,-0.000129,-0.001232,-0.035641,-0.078496,0.076685,1.486648,3.078496,1.563333,3.000000,1,13.890697
26625.363973,1.933601,0.007512,0.235550,0.035280,0.569644,0.000231,-0.001506,-0.047048,-0.070469,0.075797,1.534203,3.070469,1.610000,3.000000,1,13.924884
26625.383954,1.943235,0.007681,0.374790,0.037062,0.569580,0.000317,-0.000494,-0.024869,-0.059236,0.061751,1.581583,3.059236,1.643333,3.000000,1,13.971408
26625.428565,1.952795,0.007529,0.482182,0.040950,0.567949,-0.010436,0.001498,-0.078391,-0.049374,0.060526,1.629474,3.049374,1.690000,3.000000,1,14.020091
26625.434813,1.962211,0.007381,0.581305,0.044494,0.564606,0.012066,-0.002141,0.049727,-0.031331,0.030597,1.709403,3.031331,1.740000,3.000000,1,14.082686
26625.443954,1.976958,0.005466,0.666020,0.052966,0.557870,-0.000117,-0.001588,-0.041140,-0.028224,0.075026,1.724974,3.028224,1.800000,3.000000,1,14.132565
26625.463957,1.980349,0.005445,0.685959,0.060136,0.562054,0.000594,-0.000950,-0.048701,-0.017968,0.077684,1.772316,3.017968,1.850000,3.000000,1,14.167302
26625.483952,1.988551,0.008039,0.801551,0.065726,0.563885,0.000360,-0.000357,-0.017733,-0.006585,0.067577,1.819090,3.006585,1.886667,3.000000,1,14.213384
26625.529234,1.996373,0.009400,0.942524,0.069522,0.565098,-0.008714,0.002100,-0.090077,0.000987,0.065199,1.868134,2.999013,1.933333,3.000000,1,14.261454
26625.535393,2.004207,0.009016,1.055634,0.068510,0.564048,0.010070,-0.002124,0.072927,0.014077,0.031330,1.948670,2.985923,1.980000,3.000000,1,14.325054
26625.543954,2.016524,0.006388,1.153058,0.063463,0.557775,-0.000145,0.000918,0.020011,0.015889,0.078620,1.964713,2.984111,2.043333,3.000000,1,14.376138
26625.563953,2.019362,0.005628,1.162239,0.060222,0.562495,0.000267,0.000182,0.010970,0.021261,0.077649,2.015684,2.978739,2.093333,3.000000,1,14.412347
26625.583939,2.026860,0.002278,1.118400,0.057278,0.563031,0.000554,0.000162,0.009803,0.025730,0.063956,2.066044,2.974270,2.130000,3.000000,1,14.461481
26625.630209,2.034571,0.000699,1.066046,0.050601,0.560875,-0.008468,-0.000330,0.083980,0.027540,0.062586,2.117414,2.972460,2.180000,3.000000,1,14.512487
26625.636935,2.042294,-0.000765,0.996176,0.040361,0.556556,0.009856,0.001978,-0.024636,0.031066,0.027141,2.202859,2.968934,2.230000,3.000000,1,14.578892
26625.643964,2.054532,-0.000497,0.914153,0.024125,0.550075,0.000322,0.003065,0.068941,0.030584,0.077377,2.219289,2.969416,2.296667,3.000000,1,14.632667
26625.663958,2.057261,-0.001114,0.885441,0.010923,0.554700,0.000472,0.000954,0.059181,0.029182,0.079025,2.270975,2.970818,2.350000,3.000000,1,14.669763
26625.683954,2.064786,-0.009028,0.609067,0.001586,0.553518,0.000634,0.000589,0.032637,0.027184,0.063623,2.323044,2.972816,2.386667,3.000000,1,14.719610
26625.730505,2.072275,-0.010933,0.346720,-0.005904,0.549790,-0.007966,-0.004103,0.171937,0.024156,0.061910,2.374757,2.975844,2.436667,3.000000,1,14.771924
26625.736726,2.079502,-0.010028,0.137585,-0.012613,0.544839,0.009435,0.004876,-0.106061,0.019013,0.028343,2.461657,2.980987,2.490000,3.000000,1,14.839252
26625.743916,2.090860,-0.005382,-0.040405,-0.018451,0.538004,0.000479,0.001376,0.028384,0.017530,0.078335,2.478331,2.982470,2.556667,3.000000,1,14.893311
26625.763940,2.093345,-0.004944,-0.073843,-0.024495,0.541710,0.000506,0.000414,0.024412,0.013797,0.082395,2.530939,2.986203,2.613333,3.000000,1,14.931310
26625.783963,2.099510,-0.006748,-0.228186,-0.025449,0.540140,0.000578,0.000060,0.003344,0.009352,0.066197,2.583803,2.990648,2.650000,3.000000,1,14.982048
26625.831585,2.105598,-0.005784,-0.341519,-0.025895,0.536353,-0.006406,-0.002157,0.039491,0.006058,0.062961,2.637039,2.993942,2.700000,3.000000,1,15.035069
26625.838010,2.111446,-0.003889,-0.404962,-0.026144,0.530758,0.008517,0.002080,-0.030402,-0.000282,0.020025,2.733308,3.000282,2.753333,3.000000,1,15.107734
26625.844290,2.121510,-0.001267,-0.449158,-0.028492,0.520758,-0.000314,0.000242,0.008521,-0.000961,0.084903,2.741763,3.000961,2.826667,3.000000,1,15.163211
26625.863942,2.122460,-0.001099,-0.451481,-0.032119,0.521332,0.000891,0.000351,0.018458,-0.005621,0.087550,2.795784,3.005621,2.883333,3.000000,1,15.197727
26625.883944,2.127226,-0.001657,-0.489761,-0.035606,0.519166,0.000580,0.000241,0.012534,-0.008950,0.068073,2.848593,3.008950,2.916667,3.000000,1,15.248136
26625.931399,2.131484,-0.002252,-0.546983,-0.037087,0.517083,-0.004108,-0.001166,0.042399,-0.013530,0.064259,2.902408,3.013530,2.966667,3.000000,1,15.301392
26625.937179,2.135547,-0.002086,-0.598590,-0.038075,0.515472,0.005517,0.001293,-0.029287,-0.022010,0.025873,2.994127,3.022010,3.020000,3.000000,1,15.371860
26625.943967,2.142022,-0.000737,-0.642299,-0.038666,0.507429,0.000392,0.000190,0.002628,-0.023387,0.078654,3.011346,3.023387,3.090000,3.000000,1,15.428575
26625.963959,2.143341,-0.000508,-0.649282,-0.040476,0.509186,0.000502,0.000117,0.006282,-0.027926,0.082655,3.064011,3.027926,3.146667,3.000000,1,15.466996
26625.983956,2.146589,-0.000562,-0.677936,-0.040852,0.508806,0.000463,0.000041,0.001383,-0.032859,0.069086,3.117581,3.032859,3.186667,3.000000,1,15.518428
26626.032715,2.149722,-0.000267,-0.701774,-0.041534,0.507064,-0.002942,-0.000583,0.015406,-0.037914,0.064329,3.172338,3.037914,3.236667,3.000000,1,15.572481
26626.038786,2.152809,0.000110,-0.718959,-0.041988,0.505317,0.004519,0.000680,-0.010642,-0.048228,0.021830,3.268170,3.048228,3.290000,3.000000,1,15.644553
26626.044497,2.158041,0.000842,-0.735177,-0.042178,0.497099,-0.000047,0.000032,0.001639,-0.048747,0.086558,3.276775,3.048747,3.363333,3.000000,1,15.700048
26626.063995,2.158504,0.000883,-0.736470,-0.042207,0.500932,0.000742,0.000036,0.000512,-0.050411,0.088597,3.331403,3.050411,3.420000,3.000000,1,15.735504
26626.083958,2.161183,0.001025,-0.743940,-0.040418,0.501206,0.000385,-0.000097,-0.006308,-0.054103,0.069841,3.383493,3.054103,3.453333,3.000000,1,15.786041
26626.132848,2.163575,0.001560,-0.740334,-0.040762,0.501178,-0.002217,0.000044,-0.003098,-0.057625,0.065767,3.437567,3.057625,3.503333,3.000000,1,15.838961
26626.138881,2.166073,0.001800,-0.733038,-0.043325,0.500551,0.003852,0.000318,0.010226,-0.062694,0.020350,3.536317,3.062694,3.556667,3.000000,1,15.912160
26626.144557,2.170467,0.001781,-0.729062,-0.054814,0.494237,0.000103,0.001594,0.034933,-0.062850,0.085006,3.544994,3.062850,3.630000,3.000000,1,15.968436
26626.163957,2.170825,0.001655,-0.731255,-0.064146,0.496623,0.001062,0.001729,0.081871,-0.064419,0.087978,3.598689,3.064419,3.686667,3.000000,1,16.003529
26626.183954,2.172553,-0.002225,-0.830740,-0.076467,0.495649,0.001012,0.001457,0.061725,-0.064819,0.069670,3.653663,3.064819,3.723333,3.000000,1,16.055269
26626.229536,2.173672,-0.005378,-1.011884,-0.090199,0.493741,0.001403,-0.003581,0.225822,-0.064784,0.064913,3.708420,3.064784,3.773333,3.000000,1,16.109201
26626.235560,2.173861,-0.007615,-1.243144,-0.107514,0.491828,0.000555,0.006074,-0.133226,-0.067929,0.032580,3.794087,3.067929,3.826667,3.000000,1,16.176550
26626.243973,2.173842,-0.003202,-1.480121,-0.138289,0.485692,0.001323,0.004449,0.110496,-0.065994,0.082485,3.814182,3.065994,3.896667,3.000000,1,16.230172
26626.263947,2.173169,-0.003296,-1.544314,-0.169624,0.485011,0.001664,0.001217,0.060278,-0.063167,0.080951,3.869049,3.063167,3.950000,3.000000,1,16.268595
26626.283924,2.167660,-0.012133,-1.986538,-0.192204,0.480899,0.001314,0.000813,0.038496,-0.058485,0.065022,3.921645,3.058485,3.986667,3.000000,1,16.317443
26626.330145,2.160208,-0.012622,-2.403182,-0.211439,0.479321,0.014770,-0.010320,0.322280,-0.048172,0.067439,3.973012,3.051645,4.036730,2.998649,1,16.365639
26626.336282,2.151098,-0.008348,-2.748037,-0.228608,0.479362,-0.011771,0.011465,-0.239008,-0.039012,0.025375,4.064632,3.035724,4.083165,2.993035,1,16.430437
26626.343926,2.135646,0.004285,-3.092654,-0.250350,0.473038,0.001323,0.001995,0.038849,-0.031947,0.079899,4.081291,3.031736,4.148138,2.977551,1,16.481938
26626.363949,2.131285,0.007520,-3.143288,-0.265520,0.472103,0.001276,0.000417,0.017978,-0.024726,0.085238,4.126372,3.016365,4.195195,2.960325,1,16.514513
26626.383952,2.116121,0.010750,-3.338518,-0.270193,0.468672,0.001070,0.000212,0.002800,-0.030586,0.064919,4.181358,3.002837,4.225505,2.946259,1,16.560556
26626.430976,2.100125,0.015422,-3.493510,-0.275040,0.468434,0.024511,-0.005510,0.090205,-0.027587,0.065475,4.225484,2.981448,4.266218,2.923235,1,16.608043
26626.437342,2.083043,0.020393,-3.601705,-0.276120,0.469980,-0.021506,0.005209,-0.070175,-0.044107,0.027322,4.309805,2.948129,4.304602,2.896507,1,16.668897
26626.443955,2.055896,0.027037,-3.698699,-0.280347,0.468467,-0.001058,0.000273,0.000181,-0.039547,0.076278,4.323199,2.938717,4.349991,2.857080,1,16.716189
26626.463952,2.048788,0.028107,-3.712310,-0.280680,0.472691,-0.000111,0.000002,0.000181,-0.034645,0.081588,4.355607,2.907487,4.381826,2.822814,1,16.744952
26626.483956,2.030670,0.029515,-3.740766,-0.276350,0.475841,0.000729,0.000167,-0.001000,-0.054147,0.064172,4.405510,2.883090,4.400544,2.799274,1,16.786059
26626.532159,2.014159,0.030061,-3.751310,-0.276985,0.481097,0.022893,0.003033,0.001209,-0.046904,0.062949,4.429422,2.844476,4.423235,2.766218,1,16.827992
26626.538225,1.997407,0.029155,-3.753865,-0.270837,0.484275,-0.023465,-0.003537,-0.002186,-0.062946,0.025969,4.488865,2.780346,4.444742,2.728483,1,16.884377
26626.543916,1.969167,0.025252,-3.753341,-0.262748,0.480852,0.001044,-0.000031,-0.005979,-0.058114,0.081956,4.493207,2.773779,4.467781,2.676581,1,16.925564
26626.563950,1.966120,0.024725,-3.752201,-0.254398,0.487756,-0.000539,-0.000322,-0.013917,-0.055925,0.082850,4.511206,2.733633,4.480426,2.638532,1,16.948937
26626.583953,1.952600,0.022715,-3.725294,-0.242044,0.493455,-0.000156,-0.000219,-0.012568,-0.071357,0.066268,4.540430,2.696915,4.486379,2.615910,1,16.985468
26626.632156,1.941411,0.020860,-3.671898,-0.231232,0.500189,0.011768,0.005313,-0.099758,-0.072531,0.062470,4.555201,2.653121,4.493580,2.579867,1,17.024074
26626.638351,1.931619,0.018464,-3.603074,-0.215957,0.504917,-0.011490,-0.005857,0.055394,-0.082980,0.036094,4.578213,2.582689,4.498392,2.540062,1,17.077072
26626.646117,1.917922,0.012544,-3.506941,-0.188717,0.500798,-0.002809,-0.003347,-0.046760,-0.082794,0.073508,4.582794,2.560175,4.500000,2.486667,1,17.123440
26626.663958,1.913616,0.010842,-3.464757,-0.161860,0.506903,-0.002108,-0.004805,-0.158737,-0.092784,0.085018,4.592784,2.525018,4.500000,2.440000,1,17.154481
26626.683956,1.910655,0.012181,-3.311337,-0.134457,0.514250,-0.002128,-0.003004,-0.140230,-0.097315,0.068930,4.597315,2.478930,4.500000,2.410000,1,17.194001
26626.728925,1.910113,0.017057,-2.981247,-0.106961,0.517237,-0.004509,0.008652,-0.475194,-0.093945,0.065926,4.593945,2.435926,4.500000,2.370000,1,17.237972
26626.735070,1.912841,0.020481,-2.513110,-0.079706,0.517567,0.003960,-0.013510,0.299606,-0.095254,0.036989,4.595254,2.363655,4.500000,2.326667,1,17.293428
26626.743962,1.918305,0.009635,-2.005762,-0.052919,0.511911,-0.000754,-0.005597,-0.150102,-0.093552,0.078353,4.593552,2.348353,4.500000,2.270000,1,17.339329
26626.763946,1.920193,0.009349,-1.870727,-0.029347,0.516693,-0.000451,-0.001463,-0.075829,-0.090597,0.075875,4.590597,2.302542,4.500000,2.226667,1,17.372687
26626.783954,1.926192,0.018034,-1.260012,-0.018836,0.515745,0.000021,-0.000914,-0.042499,-0.085073,0.062790,4.585073,2.256124,4.500000,2.193333,1,17.416896
26626.830133,1.932603,0.016104,-0.805168,-0.011571,0.512458,-0.007941,0.006120,-0.221300,-0.075881,0.064318,4.575881,2.210985,4.500000,2.146667,1,17.462857
26626.836787,1.939193,0.011632,-0.502536,-0.002474,0.508501,0.008265,-0.006827,0.128638,-0.064633,0.031056,4.564633,2.134389,4.500000,2.103333,1,17.522579
26626.843958,1.949491,0.004643,-0.271171,0.005353,0.498673,0.000500,-0.001861,-0.038555,-0.062477,0.075599,4.562477,2.118932,4.500000,2.043333,1,17.570641
26626.863955,1.951945,0.004192,-0.229093,0.012262,0.500455,0.000223,-0.000445,-0.025132,-0.057451,0.080928,4.557451,2.074261,4.500000,1.993333,1,17.603259
26626.883961,1.957619,0.007052,-0.031123,0.015501,0.501227,0.000348,-0.000207,-0.010790,-0.053055,0.065720,4.553055,2.025720,4.500000,1.960000,1,17.648881
26626.931111,1.963398,0.006767,0.114808,0.017995,0.500340,-0.006898,0.001996,-0.069887,-0.054385,0.065094,4.554385,1.981760,4.500000,1.916667,1,17.695675
26626.936980,1.968891,0.005597,0.210853,0.018364,0.500545,0.007415,-0.001879,0.050980,-0.040318,0.034019,4.540318,1.904019,4.500000,1.870000,1,17.754855
26626.943949,1.977851,0.003363,0.283331,0.027683,0.492824,0.000475,-0.001460,-0.030814,-0.038427,0.078310,4.538427,1.888310,4.500000,1.810000,1,17.803838
26626.963958,1.979902,0.002967,0.291788,0.032526,0.495748,0.000289,-0.000419,-0.024239,-0.036268,0.082114,4.536268,1.842114,4.500000,1.760000,1,17.837376
26626.983947,1.984748,0.005568,0.397746,0.036213,0.497762,0.000305,-0.000246,-0.012276,-0.029667,0.068122,4.529667,1.794789,4.500000,1.726667,1,17.882006
26627.031064,1.989622,0.006275,0.498923,0.040434,0.498485,-0.005724,0.001399,-0.077538,-0.025469,0.065291,4.525469,1.748624,4.500000,1.683333,1,17.929083
26627.037012,1.994384,0.006278,0.585185,0.043291,0.498605,0.006479,-0.001793,0.049142,-0.021738,0.032230,4.521738,1.668896,4.500000,1.636667,1,17.990794
26627.043982,2.002160,0.004700,0.664045,0.042213,0.491543,0.000357,-0.000059,0.000346,-0.020471,0.079651,4.520471,1.652985,4.500000,1.573333,1,18.041129
26627.063955,2.003873,0.004526,0.678328,0.039526,0.494866,0.000194,0.000170,0.009419,-0.019406,0.082950,4.519406,1.606283,4.500000,1.523333,1,18.075172
26627.083948,2.008173,0.003392,0.691722,0.034881,0.496613,0.000288,0.000308,0.016205,-0.020201,0.067607,4.520201,1.557607,4.500000,1.490000,1,18.120885
26627.132178,2.012704,0.001675,0.665845,0.026765,0.496829,-0.005689,-0.000080,0.096780,-0.014987,0.068240,4.514987,1.511573,4.500000,1.443333,1,18.168252
26627.138112,2.017254,-0.000586,0.594034,0.018225,0.496797,0.007042,0.001629,-0.048480,-0.012946,0.027341,4.512946,1.424008,4.500000,1.396667,1,18.232471
26627.143947,2.025596,-0.000476,0.496361,-0.003163,0.490638,-0.000304,0.003291,0.076499,-0.012939,0.082570,4.512939,1.415904,4.500000,1.333333,1,18.283174
26627.163975,2.026436,-0.000874,0.480068,-0.019906,0.492922,0.000549,0.001341,0.079420,-0.012592,0.083926,4.512592,1.367259,4.500000,1.283333,1,18.315084
26627.183947,2.030771,-0.010588,0.159448,-0.037417,0.491497,0.000626,0.001156,0.059609,-0.015936,0.069380,4.515936,1.319380,4.500000,1.250000,1,18.360835
26627.232206,2.034748,-0.014591,-0.185907,-0.057907,0.491273,-0.003520,-0.004937,0.345191,-0.014454,0.066547,4.514454,1.269880,4.500000,1.203333,1,18.409025
26627.238164,2.038294,-0.016466,-0.526743,-0.080533,0.491420,0.005468,0.008541,-0.209571,-0.020100,0.026700,4.520100,1.183367,4.500000,1.156667,1,18.474188
26627.243902,2.044254,-0.010441,-0.887392,-0.117721,0.486574,0.000791,0.004696,0.119103,-0.020126,0.085190,4.520126,1.175190,4.500000,1.090000,1,18.524113
26627.263947,2.044682,-0.010970,-0.933121,-0.155677,0.484390,0.002919,0.004175,0.198215,-0.019124,0.086503,4.519124,1.126503,4.500000,1.040000,1,18.554930
26627.283958,2.043620,-0.022755,-1.424939,-0.179163,0.481003,0.001319,0.001016,0.045638,-0.021081,0.067148,4.521081,1.077148,4.500000,1.010000,1,18.600435
26627.331896,2.039584,-0.028247,-2.010398,-0.197469,0.480998,0.009193,-0.010139,0.413270,-0.020022,0.065022,4.523389,1.026727,4.498655,0.963348,1,18.648487
26627.337783,2.034483,-0.025836,-2.467301,-0.218025,0.484272,-0.006412,0.011093,-0.295941,-0.006815,0.034438,4.505501,0.949839,4.493065,0.917010,1,18.709150
26627.343955,2.025771,-0.014305,-2.896499,-0.232740,0.480949,0.000263,0.002028,0.017850,-0.000703,0.078810,4.502545,0.933944,4.479575,0.858552,1,18.757414
26627.363923,2.023063,-0.011841,-2.967678,-0.249136,0.485418,0.001242,0.000655,0.026417,0.002187,0.081707,4.491851,0.887851,4.463049,0.811358,1,18.790687
26627.383946,2.013413,-0.009765,-3.207031,-0.260813,0.488812,0.000859,0.000402,0.014028,0.005062,0.068254,4.474803,0.844485,4.449446,0.780914,1,18.834961
26627.432104,2.002530,-0.006161,-3.405551,-0.265921,0.489874,0.017933,-0.006273,0.130224,-0.000708,0.064562,4.462600,0.797816,4.428784,0.742815,1,18.880431
26627.438185,1.990946,-0.001694,-3.554119,-0.275436,0.494288,-0.017704,0.006775,-0.107301,-0.000433,0.023425,4.417153,0.722574,4.402935,0.703953,1,18.943438
26627.443950,1.969313,0.006208,-3.702486,-0.281933,0.491152,0.001448,0.000007,0.010240,0.004864,0.078825,4.413087,0.715866,4.362285,0.655400,1,18.992640
26627.463957,1.966738,0.006783,-3.714066,-0.290339,0.496290,0.000898,0.000341,0.010664,-0.003627,0.081910,4.392699,0.674213,4.328575,0.623120,1,19.020120
26627.483948,1.953240,0.008448,-3.777193,-0.296899,0.499934,0.000421,0.000152,0.004036,-0.006545,0.066386,4.361935,0.639448,4.305372,0.604086,1,19.060756
26627.532221,1.938999,0.009266,-3.833736,-0.300000,0.502592,0.020642,0.000328,0.043807,-0.013451,0.061990,4.332032,0.603478,4.272739,0.580937,1,19.104070
26627.538168,1.924762,0.009654,-3.878162,-0.300000,0.504441,-0.021320,-0.000565,-0.040848,-0.032654,0.031189,4.278313,0.544769,4.235423,0.558892,1,19.158746
26627.543933,1.899167,0.009105,-3.929892,-0.300000,0.500223,0.001296,0.000075,0.001529,-0.028099,0.080400,4.272171,0.540353,4.187097,0.536325,1,19.198065
26627.563953,1.896386,0.008954,-3.933530,-0.300000,0.503692,0.000053,-0.000019,-0.001153,-0.035412,0.080250,4.236591,0.513039,4.149425,0.522850,1,19.222131
26627.583932,1.882655,0.007840,-3.949209,-0.300000,0.506390,-0.000502,-0.000144,-0.002336,-0.046441,0.071316,4.207765,0.489591,4.126992,0.516396,1,19.255813
26627.631970,1.868894,0.006133,-3.961612,-0.300000,0.510214,0.016863,0.003066,0.008224,-0.048006,0.066183,4.168539,0.474372,4.094477,0.509007,1,19.290373
26627.637675,1.856023,0.004161,-3.970551,-0.299784,0.513808,-0.016712,-0.003209,-0.014106,-0.053091,0.039324,4.103470,0.455252,4.058230,0.503402,1,19.338910
26627.643958,1.835839,0.000366,-3.986488,-0.289390,0.509786,-0.001275,-0.000482,-0.006556,-0.048804,0.076172,4.088962,0.453123,4.011672,0.500136,1,19.376353
26627.663952,1.831203,-0.000522,-3.988801,-0.282580,0.515518,-0.000948,-0.000488,-0.016693,-0.050149,0.070941,4.043342,0.446991,3.974998,0.500626,1,19.403928
26627.683950,1.820799,-0.002084,-3.978755,-0.274112,0.519295,-0.000720,-0.000357,-0.011414,-0.052009,0.063958,4.002942,0.444306,3.945083,0.503025,1,19.441833
26627.729863,1.811991,-0.003294,-3.945829,-0.263466,0.523170,0.007698,0.002728,-0.074515,-0.052398,0.062597,3.960790,0.445451,3.908800,0.508388,1,19.479066
26627.735669,1.804956,-0.004391,-3.894283,-0.254118,0.527191,-0.007876,-0.003390,0.051032,-0.053809,0.033044,3.891302,0.455959,3.873008,0.516396,1,19.527950
26627.743956,1.795577,-0.007772,-3.817471,-0.250444,0.523909,-0.000435,-0.000712,-0.016831,-0.048518,0.073843,3.877582,0.460242,3.825339,0.531499,1,19.566911
26627.763945,1.793253,-0.008802,-3.802899,-0.245686,0.527391,-0.000135,-0.000180,-0.008191,-0.044265,0.075794,3.838385,0.474786,3.788439,0.546964,1,19.593824
26627.783948,1.789389,-0.009689,-3.730227,-0.242876,0.530141,0.000215,-0.000103,-0.006008,-0.053598,0.063792,3.795619,0.481571,3.764577,0.558892,1,19.630380
26627.829290,1.786431,-0.011385,-3.666703,-0.240599,0.532486,0.003145,0.002735,-0.047248,-0.050635,0.066361,3.761921,0.499079,3.732876,0.577336,1,19.666403
26627.834931,1.783841,-0.013362,-3.614045,-0.235141,0.534571,-0.002981,-0.003039,0.033073,-0.050964,0.037554,3.705598,0.532776,3.705299,0.596080,1,19.712458
26627.843945,1.780347,-0.016681,-3.562067,-0.229312,0.529477,-0.000191,-0.000569,-0.015963,-0.044793,0.075208,3.695617,0.541954,3.668919,0.625320,1,19.749585
26627.863948,1.779624,-0.017105,-3.547824,-0.223644,0.532640,-0.000277,-0.000448,-0.019351,-0.041897,0.076158,3.665595,0.566843,3.642344,0.650597,1,19.775002
26627.883953,1.778919,-0.016904,-3.486770,-0.218320,0.535474,-0.000113,-0.000221,-0.009801,-0.038221,0.068699,3.640810,0.593326,3.624218,0.670170,1,19.809033
26627.934919,1.779016,-0.016778,-3.412193,-0.210247,0.538193,-0.001296,0.001804,-0.101484,-0.034718,0.064137,3.614510,0.623922,3.603070,0.695950,1,19.844971
26627.941393,1.780271,-0.016685,-3.331853,-0.198420,0.539633,0.001636,-0.002767,0.054104,-0.030485,0.031278,3.573504,0.682993,3.581849,0.725865,1,19.896362
26627.948663,1.782670,-0.018566,-3.230718,-0.181304,0.532776,-0.000800,-0.002380,-0.050702,-0.023803,0.069708,3.567653,0.696182,3.556559,0.769002,1,19.939117
26627.963954,1.783209,-0.018559,-3.206888,-0.166284,0.538033,-0.001338,-0.005324,-0.140687,-0.016900,0.078673,3.552780,0.729134,3.538220,0.808273,1,19.965987
26627.983955,1.785773,-0.017637,-3.135877,-0.148598,0.543072,-0.001399,-0.002954,-0.131183,-0.012324,0.065509,3.538891,0.767308,3.528651,0.833175,1,20.002677
26628.032101,1.790861,-0.011222,-2.914710,-0.129933,0.545235,-0.009464,0.002901,-0.349721,-0.003928,0.064009,3.530777,0.805396,3.517691,0.868176,1,20.042853
26628.037720,1.797747,-0.005520,-2.578803,-0.112680,0.545839,0.008289,-0.005501,0.220126,-0.000556,0.040178,3.515608,0.867579,3.508695,0.907161,1,20.093153
26628.044201,1.808330,-0.008651,-2.230733,-0.095966,0.540173,-0.000046,-0.003486,-0.064249,0.008787,0.074228,3.517061,0.883511,3.501879,0.956699,1,20.135169
26628.063966,1.811043,-0.009036,-2.163941,-0.078491,0.545709,-0.000817,-0.002160,-0.097242,0.012832,0.078824,3.512832,0.921176,3.500000,1.000000,1,20.165191
26628.083947,1.819336,-0.002444,-1.823113,-0.066560,0.548574,-0.000345,-0.000928,-0.042007,0.010504,0.069298,3.510504,0.960702,3.500000,1.030000,1,20.203249
26628.134876,1.828295,0.000280,-1.485518,-0.056011,0.550189,-0.014065,0.003896,-0.228863,0.015022,0.067627,3.515022,1.002373,3.500000,1.070000,1,20.244241
26628.140439,1.837815,0.000382,-1.217533,-0.039534,0.551441,0.013542,-0.005922,0.130716,0.016530,0.033058,3.516530,1.076942,3.500000,1.110000,1,20.300850
26628.145706,1.854101,-0.003874,-0.983985,-0.018736,0.545920,-0.000733,-0.004344,-0.098516,0.016169,0.082318,3.516169,1.084349,3.500000,1.166667,1,20.344388
26628.163964,1.855908,-0.004310,-0.973145,-0.000820,0.549471,0.000475,-0.005411,-0.172854,0.018403,0.086314,3.518403,1.123686,3.500000,1.210000,1,20.370635
26628.183924,1.865166,0.003093,-0.696620,0.015625,0.549856,0.000106,-0.002423,-0.115287,0.014696,0.068315,3.514696,1.168352,3.500000,1.236667,1,20.410780
26628.234463,1.874539,0.010345,-0.325471,0.026908,0.546721,-0.013337,0.004101,-0.307361,0.016419,0.066593,3.516419,1.210074,3.500000,1.276667,1,20.454281
26628.241616,1.883738,0.013384,0.038686,0.041573,0.544403,0.013545,-0.006561,0.170285,0.009887,0.027600,3.509887,1.292400,3.500000,1.320000,1,20.514523
26628.248244,1.900274,0.008699,0.357018,0.065497,0.535320,0.001134,-0.004374,-0.090755,0.011057,0.074209,3.511057,1.305791,3.500000,1.380000,1,20.564600
26628.263944,1.903628,0.008662,0.407849,0.089627,0.534097,0.001811,-0.005499,-0.182014,0.008033,0.086774,3.508033,1.343226,3.500000,1.430000,1,20.593543
26628.283961,1.909668,0.014850,0.648682,0.113174,0.531817,0.001964,-0.005114,-0.153667,-0.000117,0.071578,3.499883,1.388422,3.500000,1.460000,1,20.633213
26628.329884,1.915711,0.020992,1.066824,0.131841,0.529009,-0.003620,0.002453,-0.462335,-0.002344,0.067303,3.497656,1.432697,3.500000,1.500000,1,20.677846
26628.335697,1.920093,0.025388,1.469271,0.154801,0.529431,0.006297,-0.005876,0.304104,-0.019332,0.033807,3.481788,1.508036,3.498113,1.543393,1,20.737884
26628.343947,1.926764,0.022191,1.935638,0.178063,0.523423,0.001694,-0.004829,-0.113168,-0.025994,0.076980,3.479703,1.522185,3.489304,1.602866,1,20.788513
26628.363955,1.928145,0.020632,2.003468,0.198719,0.526822,0.001262,-0.000919,-0.041201,-0.032744,0.076265,3.468424,1.568728,3.476550,1.651327,1,20.824759
26628.383950,1.927219,0.027102,2.412770,0.212911,0.528717,0.000950,-0.000538,-0.022127,-0.036559,0.064629,3.454241,1.612336,3.464146,1.685925,1,20.872436
26628.430243,1.925505,0.027252,2.758735,0.221494,0.530400,0.005127,0.005801,-0.234553,-0.039284,0.062321,3.438278,1.655098,3.444742,1.728483,1,20.921182
26628.436195,1.923660,0.023236,2.997762,0.227169,0.532508,-0.001999,-0.007784,0.124567,-0.040751,0.033543,3.403674,1.721544,3.419638,1.771852,1,20.983001
26628.443956,1.920601,0.014697,3.190396,0.230468,0.528937,0.000630,-0.001250,-0.025867,-0.045429,0.073294,3.396034,1.734871,3.383975,1.820255,1,21.034049
26628.463957,1.919488,0.012940,3.216881,0.232989,0.533410,0.000783,-0.000185,-0.005164,-0.038904,0.081648,3.379241,1.774686,3.347596,1.859412,1,21.067823
26628.483959,1.915732,0.011617,3.326126,0.229408,0.537343,0.000403,0.000091,0.006511,-0.035500,0.066880,3.350968,1.811537,3.322814,1.881826,1,21.111859
26628.529147,1.912187,0.009075,3.395013,0.221371,0.540385,0.004377,0.002350,0.022963,-0.034607,0.062846,3.319826,1.843877,3.288459,1.908401,1,21.159426
26628.534911,1.909311,0.005806,3.412691,0.207912,0.542882,-0.003985,-0.001288,0.003712,-0.028912,0.034173,3.264267,1.891478,3.249035,1.933569,1,21.217801
26628.543926,1.904852,0.002849,3.396256,0.185785,0.538538,-0.001109,0.003294,0.075523,-0.032813,0.075460,3.251857,1.900657,3.195195,1.960325,1,21.265647
26628.563955,1.903791,0.002400,3.386096,0.166103,0.544815,-0.001244,0.003190,0.099574,-0.030427,0.078148,3.216601,1.923899,3.151327,1.976550,1,21.298563
26628.583954,1.904518,-0.003514,3.200780,0.146571,0.549504,-0.000901,0.001951,0.095180,-0.025374,0.066093,3.177300,1.945200,3.119159,1.985594,1,21.340779
26628.631801,1.906999,-0.008264,2.949503,0.126493,0.551678,-0.006723,-0.003195,0.437854,-0.023008,0.066573,3.138831,1.961171,3.076566,1.994103,1,21.384897
26628.637775,1.910859,-0.008036,2.692012,0.104423,0.553473,0.003801,0.011072,-0.060406,-0.009258,0.037221,3.069916,1.987160,3.033396,1.998883,1,21.440685
26628.643957,1.916593,-0.000431,2.474534,0.080294,0.547984,-0.000225,0.005726,0.114899,-0.010491,0.078106,3.054772,1.989509,2.976667,2.000000,1,21.486405
26628.663957,1.918777,-0.001237,2.394874,0.059288,0.549970,-0.000480,0.002439,0.127022,0.000721,0.078833,3.012166,2.000721,2.933333,2.000000,1,21.518561
26628.683955,1.926325,-0.014075,1.853457,0.052252,0.548825,0.001025,0.000395,0.024636,0.008303,0.068826,2.968826,2.008303,2.900000,2.000000,1,21.561039
26628.731677,1.934987,-0.014908,1.383885,0.045585,0.544050,-0.009658,-0.006272,0.247630,0.012953,0.068106,2.924773,2.012953,2.856667,2.000000,1,21.605010
26628.737382,1.943047,-0.009195,1.100942,0.041545,0.535636,0.010431,0.007992,-0.092922,0.020954,0.039410,2.852744,2.020954,2.813333,2.000000,1,21.661577
26628.743969,1.955507,-0.000611,0.930621,0.045915,0.525636,0.000868,0.000215,-0.000533,0.019741,0.078913,2.835580,2.019741,2.756667,2.000000,1,21.708607
26628.763967,1.958482,-0.000210,0.896427,0.050996,0.515636,0.000701,-0.000551,-0.027162,0.021525,0.080541,2.790541,2.021525,2.710000,2.000000,1,21.742274
26628.783949,1.964765,0.001706,0.845170,0.064566,0.505636,0.000638,-0.000856,-0.042771,0.022600,0.068718,2.745385,2.022600,2.676667,2.000000,1,21.785509
26628.831461,1.969820,0.006104,0.914515,0.083639,0.495636,-0.003666,0.000220,-0.228955,0.023492,0.066014,2.699348,2.023492,2.633333,2.000000,1,21.830853
26628.837527,1.973609,0.011073,1.087809,0.107946,0.485636,0.005035,-0.003770,0.103422,0.026338,0.038924,2.625591,2.026338,2.586667,2.000000,1,21.888464
26628.843957,1.978888,0.010863,1.309490,0.147946,0.475636,0.001962,-0.005361,-0.111973,0.023439,0.077192,2.607192,2.023439,2.530000,2.000000,1,21.935424
26628.863955,1.979890,0.011646,1.370649,0.183172,0.465636,0.002247,-0.001921,-0.092661,0.018770,0.078291,2.560913,2.021097,2.483293,1.999721,1,21.969391
26628.883958,1.976069,0.025740,1.898491,0.206174,0.455636,0.001528,-0.000942,-0.039904,0.012879,0.066143,2.514474,2.016923,2.449952,1.997489,1,22.012936
26628.931712,1.970008,0.029732,2.405939,0.223086,0.447139,0.012820,0.008199,-0.360977,0.010782,0.067623,2.471402,2.014444,2.406966,1.991268,1,22.055962
26628.937396,1.962191,0.027761,2.806142,0.236692,0.441688,-0.009722,-0.008907,0.275469,0.008716,0.036202,2.397174,1.999529,2.364682,1.981341,1,22.111465
26628.943957,1.949535,0.018242,3.187167,0.243640,0.431688,0.000526,-0.001134,-0.005478,-0.000203,0.073406,2.379012,1.990457,2.310976,1.962893,1,22.159860
26628.963963,1.946249,0.016106,3.250228,0.244238,0.428944,0.000858,-0.000077,-0.000943,-0.003864,0.077661,2.336001,1.974644,2.265592,1.941648,1,22.195067
26628.983954,1.935256,0.012530,3.405046,0.239365,0.426047,0.000390,0.000162,0.008774,-0.004738,0.065857,2.295092,1.955668,2.236617,1.925005,1,22.238571
26629.030725,1.924114,0.008291,3.493416,0.230336,0.424073,0.014525,0.002446,0.025710,-0.005644,0.068614,2.259070,1.937091,2.200726,1.900544,1,22.280961
26629.036785,1.913099,0.004109,3.515102,0.221000,0.424828,-0.013561,-0.001309,-0.004665,-0.004182,0.041521,2.200858,1.897585,2.167094,1.873060,1,22.334169
26629.043967,1.896538,0.001291,3.496488,0.199496,0.419791,-0.000923,0.001954,0.043425,-0.010944,0.075495,2.187932,1.884042,2.129174,1.835392,1,22.380780
26629.063925,1.892762,0.000933,3.482864,0.176142,0.424023,-0.000493,0.001185,0.059062,-0.014205,0.079017,2.158131,1.854071,2.099456,1.799274,1,22.414595
26629.083923,1.886607,-0.005351,3.274749,0.150102,0.426250,-0.000156,0.001359,0.067787,-0.016646,0.069969,2.132374,1.821525,2.080362,1.771852,1,22.456138
26629.132680,1.882738,-0.009251,2.979666,0.120900,0.427371,0.002156,-0.008171,0.444038,-0.020864,0.070153,2.111595,1.789195,2.059929,1.737355,1,22.497728
26629.139487,1.880432,-0.011491,2.605431,0.092429,0.428440,-0.001304,0.012861,-0.253985,-0.023771,0.038247,2.077978,1.723953,2.040990,1.698267,1,22.553411
26629.144819,1.879197,-0.001874,2.143677,0.052429,0.423178,-0.000357,0.007304,0.174191,-0.029660,0.082098,2.073655,1.714917,2.021469,1.644942,1,22.599163
26629.163925,1.879362,-0.000600,2.115611,0.012429,0.426454,-0.000099,0.003849,0.187790,-0.032047,0.082528,2.059036,1.677035,2.010696,1.602866,1,22.628632
26629.183927,1.881185,-0.018704,1.394658,-0.024647,0.423661,0.000937,0.002299,0.115427,-0.032614,0.069996,2.047915,1.637724,2.005396,1.573262,1,22.668549
26629.232868,1.883319,-0.027138,0.586332,-0.057616,0.421849,-0.001226,-0.008971,0.621016,-0.031264,0.067512,2.036820,1.598669,2.001117,1.533396,1,22.709382
26629.238291,1.884501,-0.028936,-0.116700,-0.084499,0.420836,0.002370,0.011589,-0.393243,-0.019816,0.041554,2.020325,1.534602,1.999955,1.493316,1,22.760205
26629.243962,1.886690,-0.019582,-0.730309,-0.117965,0.416693,0.001236,0.005723,0.093589,-0.006920,0.081166,2.012997,1.519735,1.996385,1.439987,1,22.802086
26629.263933,1.887123,-0.018561,-0.827853,-0.144986,0.419939,0.001673,0.003051,0.138119,0.000006,0.081073,2.006124,1.479857,1.989981,1.400407,1,22.832482
26629.283932,1.884643,-0.029248,-1.370544,-0.166915,0.423197,0.000624,0.001121,0.049263,0.005018,0.072249,1.996880,1.442230,1.983107,1.371129,1,22.871149
26629.332638,1.880505,-0.033922,-1.908288,-0.184835,0.428408,0.006777,-0.006145,0.377865,0.011798,0.071951,1.984164,1.404589,1.971228,1.332834,1,22.910353
26629.338731,1.875832,-0.033593,-2.324256,-0.201044,0.434227,-0.005772,0.008118,-0.280645,0.013622,0.038969,1.959816,1.336747,1.956318,1.295614,1,22.963829
26629.344148,1.868223,-0.025893,-2.732728,-0.211917,0.432789,0.001099,0.001295,0.041565,0.022168,0.081104,1.953610,1.329299,1.931894,1.248073,1,23.008102
26629.363921,1.867432,-0.025147,-2.760270,-0.219657,0.439240,0.000621,0.000751,0.028957,0.025456,0.083113,1.935558,1.294114,1.908401,1.211541,1,23.036814
26629.383920,1.860995,-0.025722,-2.967584,-0.224092,0.445006,0.000099,0.000284,0.010319,0.026210,0.071927,1.914812,1.260039,1.890320,1.187509,1,23.075163
26629.432397,1.854206,-0.024576,-3.136409,-0.225973,0.450737,0.009184,-0.003287,0.093330,0.026612,0.067124,1.892500,1.226969,1.866309,1.159680,1,23.116213
26629.438243,1.847617,-0.022415,-3.253203,-0.226406,0.456546,-0.009750,0.003292,-0.078684,0.023968,0.037049,1.848978,1.174127,1.837864,1.131424,1,23.169598
26629.443932,1.836052,-0.018453,-3.357681,-0.220691,0.455920,0.000267,-0.000467,-0.004550,0.029880,0.077999,1.841660,1.167788,1.796590,1.097465,1,23.211535
26629.463934,1.834720,-0.018129,-3.363261,-0.218234,0.462948,-0.000319,-0.000146,-0.006867,0.029809,0.079612,1.812953,1.140170,1.760537,1.073244,1,23.239834
26629.483924,1.829379,-0.015901,-3.355809,-0.214962,0.468921,-0.000153,-0.000135,-0.006301,0.027476,0.064230,1.780843,1.114602,1.737355,1.059929,1,23.279166
26629.533080,1.824797,-0.014685,-3.328982,-0.209264,0.474475,0.005106,0.000900,-0.063374,0.025766,0.062224,1.747913,1.090966,1.701331,1.042326,1,23.320257
26629.538817,1.821057,-0.013985,-3.286015,-0.200603,0.480163,-0.005279,-0.001794,0.038289,0.017050,0.035255,1.688748,1.054065,1.660852,1.026580,1,23.373495
26629.545270,1.815105,-0.015104,-3.220513,-0.181780,0.478016,-0.000535,-0.002164,-0.052481,0.021060,0.075706,1.678662,1.049229,1.609398,1.012115,1,23.415674
26629.563924,1.814437,-0.015232,-3.213620,-0.169497,0.486675,-0.000713,-0.001067,-0.042264,0.016490,0.073507,1.640431,1.031530,1.569954,1.004918,1,23.444708
26629.583919,1.814615,-0.010250,-3.035086,-0.157165,0.492722,-0.000187,-0.000722,-0.033718,0.009069,0.063038,1.602171,1.015699,1.540062,1.001608,1,23.483927
26629.633062,1.816253,-0.007715,-2.821328,-0.144324,0.497512,-0.003692,0.003759,-0.223226,0.002690,0.060729,1.560729,1.002690,1.500000,1.000000,1,23.525055
26629.639018,1.818955,-0.007068,-2.610708,-0.131123,0.501142,0.004084,-0.005557,0.144517,-0.014116,0.033810,1.493810,0.985884,1.460000,1.000000,1,23.579644
26629.644605,1.824222,-0.011460,-2.378369,-0.110197,0.497386,-0.001087,-0.003306,-0.079630,-0.015740,0.078002,1.484669,0.984260,1.406667,1.000000,1,23.621383
26629.663919,1.824611,-0.011879,-2.361887,-0.097064,0.505526,-0.001058,-0.002060,-0.089067,-0.024689,0.077845,1.441179,0.975311,1.363333,1.000000,1,23.649938
26629.683919,1.829457,-0.005179,-2.081347,-0.094938,0.511657,-0.000117,-0.000139,-0.006946,-0.032253,0.067113,1.400446,0.967747,1.333333,1.000000,1,23.690323
26629.732807,1.835362,-0.003665,-1.815152,-0.097089,0.517799,-0.008347,0.003614,-0.070838,-0.038084,0.063368,1.356701,0.961916,1.293333,1.000000,1,23.732960
26629.738457,1.841485,-0.006555,-1.675624,-0.101063,0.522134,0.009247,-0.002787,0.068456,-0.045346,0.032264,1.285597,0.954654,1.253333,1.000000,1,23.788881
26629.744364,1.852390,-0.010709,-1.594645,-0.107000,0.518665,-0.000497,0.001045,0.019614,-0.044970,0.079277,1.275944,0.955030,1.196667,1.000000,1,23.831545
26629.763924,1.853429,-0.011143,-1.595299,-0.113965,0.523120,0.000461,0.000791,0.035563,-0.047158,0.080260,1.233594,0.952842,1.153333,1.000000,1,23.860278
26629.783924,1.858857,-0.014888,-1.669250,-0.123932,0.526319,0.000332,0.000637,0.028237,-0.046471,0.065345,1.188679,0.953529,1.123333,1.000000,1,23.901748
26629.832696,1.863896,-0.017750,-1.795700,-0.136121,0.528981,-0.005920,-0.001346,0.174186,-0.046763,0.062198,1.145531,0.953237,1.083333,1.000000,1,23.944928
26629.839033,1.868369,-0.019740,-1.945544,-0.150724,0.531674,0.006734,0.003528,-0.101695,-0.045735,0.026133,1.066133,0.954265,1.040000,1.000000,1,24.002642
26629.844940,1.876075,-0.017921,-2.125950,-0.177167,0.527427,0.000659,0.003000,0.073887,-0.042845,0.076832,1.058650,0.954891,0.983293,1.000279,1,24.046029
26629.863935,1.876828,-0.018011,-2.145597,-0.197804,0.530059,0.001437,0.001433,0.054473,-0.037961,0.074467,1.009359,0.956990,0.939987,1.003615,1,24.074387
26629.883925,1.877240,-0.025613,-2.444096,-0.219124,0.531694,0.000970,0.000974,0.038996,-0.035638,0.063032,0.965863,0.961748,0.910252,1.008121,1,24.116249
26629.932594,1.875952,-0.028974,-2.765974,-0.235572,0.533995,0.005689,-0.003731,0.317623,-0.035502,0.058684,0.918679,0.967466,0.871129,1.016893,1,24.157916
26629.938434,1.874468,-0.027552,-3.018062,-0.251358,0.536740,-0.001211,0.008211,-0.136164,-0.035659,0.030999,0.846688,0.985815,0.829688,1.029900,1,24.212810
26629.944054,1.871913,-0.019896,-3.242387,-0.261148,0.531152,0.001025,0.000988,0.033375,-0.030204,0.080567,0.839607,0.988256,0.780481,1.050766,1,24.252474
26629.963924,1.871199,-0.019823,-3.269929,-0.270105,0.535030,0.001391,0.000636,0.019503,-0.036633,0.074393,0.790531,1.000368,0.745192,1.069799,1,24.279186
26629.983924,1.866036,-0.021010,-3.457352,-0.277741,0.538499,0.000450,0.000227,0.008067,-0.036621,0.061707,0.753579,1.019327,0.722562,1.084033,1,24.319643
26630.032673,1.859634,-0.020118,-3.619905,-0.279083,0.542540,0.009865,-0.004121,0.102805,-0.039875,0.062066,0.714122,1.037841,0.690125,1.107600,1,24.358446
26630.038604,1.853310,-0.017655,-3.740539,-0.277073,0.547516,-0.009729,0.004267,-0.092399,-0.042260,0.026953,0.650663,1.084385,0.659680,1.133691,1,24.411893
26630.044239,1.841760,-0.012450,-3.858655,-0.268165,0.542754,0.000288,-0.000558,-0.004996,-0.037333,0.077392,0.645091,1.089201,0.622523,1.172111,1,24.452304
26630.063932,1.840456,-0.011944,-3.865508,-0.262177,0.549182,-0.000346,-0.000338,-0.017076,-0.045801,0.076948,0.606236,1.114293,0.597465,1.203410,1,24.476565
26630.083922,1.835389,-0.008788,-3.864054,-0.256886,0.554962,-0.000182,-0.000156,-0.006532,-0.044578,0.062645,0.579348,1.148514,0.582188,1.225349,1,24.514703
26630.132682,1.831104,-0.006524,-3.827885,-0.250222,0.559909,0.004675,0.001104,-0.072674,-0.050693,0.059214,0.547653,1.180388,0.563141,1.256784,1,24.554523
26630.138336,1.827754,-0.005478,-3.777886,-0.241298,0.564245,-0.004676,-0.001889,0.053814,-0.063779,0.024034,0.496997,1.244242,0.545058,1.292569,1,24.608773
26630.143986,1.822481,-0.006875,-3.699441,-0.228250,0.559455,-0.000252,-0.000841,-0.023174,-0.059068,0.076868,0.493703,1.250743,0.525515,1.342316,1,24.648581
26630.163924,1.821990,-0.007003,-3.689371,-0.216386,0.563247,-0.000672,-0.000948,-0.041263,-0.062998,0.081191,0.472572,1.286977,0.514406,1.380841,1,24.670795
26630.183924,1.821754,-0.005226,-3.576725,-0.201331,0.565185,-0.000486,-0.000776,-0.033187,-0.062744,0.066011,0.460511,1.326823,0.509364,1.403684,1,24.706683
26630.232563,1.823082,-0.003745,-3.417296,-0.182173,0.564986,-0.004844,0.003757,-0.250153,-0.061493,0.064600,0.450320,1.368473,0.503615,1.439987,1,24.745213
26630.239363,1.825976,-0.002643,-3.221929,-0.160069,0.563103,0.004441,-0.006770,0.142221,-0.061839,0.025298,0.439959,1.448451,0.500547,1.476614,1,24.801345
26630.244873,1.832216,-0.007211,-2.961604,-0.124788,0.553436,-0.001370,-0.004809,-0.114276,-0.060735,0.077588,0.439265,1.455745,0.500000,1.533333,1,24.846442
26630.263932,1.832994,-0.007423,-2.934702,-0.097097,0.556111,-0.000221,-0.002325,-0.105975,-0.062011,0.076312,0.437989,1.500355,0.500000,1.576667,1,24.875329
26630.283924,1.841238,0.005709,-2.431196,-0.073093,0.553003,-0.000177,-0.002410,-0.103606,-0.064706,0.058621,0.435294,1.548045,0.500000,1.606667,1,24.919879
26630.329079,1.849856,0.009810,-1.925146,-0.053807,0.549855,-0.010872,0.006693,-0.385398,-0.062054,0.060711,0.437946,1.592622,0.500000,1.653333,1,24.966818
26630.337255,1.858865,0.010505,-1.449216,-0.035858,0.547766,0.010258,-0.009698,0.190746,-0.061596,0.033951,0.438404,1.666049,0.500000,1.700000,1,25.024595
26630.343928,1.872865,0.002362,-1.038342,-0.018360,0.539806,0.000636,-0.003920,-0.075994,-0.053646,0.070598,0.446354,1.686068,0.500000,1.756667,1,25.073043
26630.363928,1.876469,0.001903,-0.962018,-0.003063,0.542142,0.000221,-0.001121,-0.060310,-0.054053,0.070997,0.445947,1.732336,0.500000,1.803333,1,25.108161
26630.383928,1.885565,0.009452,-0.557284,0.005256,0.542858,0.000263,-0.000494,-0.025546,-0.049102,0.060936,0.450898,1.779064,0.500000,1.840000,1,25.153281
26630.428269,1.894597,0.010370,-0.240300,0.011393,0.542379,-0.010122,0.003212,-0.147248,-0.038445,0.062230,0.461555,1.824437,0.500000,1.886667,1,25.199776
26630.433823,1.903551,0.008920,-0.024347,0.018415,0.541377,0.010048,-0.003784,0.088207,-0.043407,0.038119,0.456593,1.891881,0.500000,1.930000,1,25.256063
26630.443954,1.915946,0.005390,0.126408,0.014574,0.535221,0.001080,0.000118,0.009386,-0.037568,0.068472,0.462432,1.918195,0.500000,1.986667,1,25.305308
26630.463951,1.921080,0.005031,0.175348,0.011059,0.539155,0.000220,0.000217,0.011144,-0.035025,0.071504,0.464975,1.965163,0.500000,2.036667,1,25.343995
26630.483943,1.929465,0.002875,0.198857,0.006863,0.540537,0.000286,0.000258,0.013337,-0.032833,0.064555,0.467167,2.012112,0.500000,2.076667,1,25.389867
26630.528922,1.937890,0.000754,0.174459,0.000669,0.540568,-0.009487,0.000131,0.071007,-0.032822,0.062859,0.467178,2.060474,0.500000,2.123333,1,25.437384
26630.534660,1.946295,-0.001255,0.113633,-0.008296,0.539486,0.010878,0.001371,-0.028187,-0.036100,0.033405,0.463900,2.136595,0.500000,2.170000,1,25.498132
26630.543955,1.959421,-0.001348,0.041461,-0.026694,0.533494,0.000066,0.003550,0.089795,-0.028341,0.071846,0.471659,2.158154,0.500000,2.230000,1,25.549315
26630.563948,1.962741,-0.002522,0.002747,-0.041571,0.533522,0.000854,0.001902,0.099976,-0.024051,0.071721,0.475949,2.208279,0.500000,2.280000,1,25.587728
26630.583945,1.970177,-0.009920,-0.242779,-0.056054,0.529621,0.000642,0.000808,0.042127,-0.022383,0.064079,0.477617,2.255921,0.500000,2.320000,1,25.635528
26630.631414,1.976751,-0.014338,-0.555332,-0.071600,0.526062,-0.006693,-0.003847,0.265498,-0.019367,0.062191,0.480633,2.304475,0.500000,2.366667,1,25.683893
26630.637366,1.982687,-0.015846,-0.842150,-0.091484,0.523341,0.007867,0.006361,-0.144542,-0.024690,0.035674,0.475310,2.380993,0.500000,2.416667,1,25.744129
26630.643956,1.991721,-0.011555,-1.110216,-0.131260,0.516749,0.002155,0.006725,0.138768,-0.016888,0.074254,0.483112,2.402413,0.500000,2.476667,1,25.794477
26630.663951,1.994025,-0.010577,-1.150018,-0.166249,0.514573,0.003446,0.005077,0.235825,-0.010774,0.073225,0.486043,2.454180,0.500715,2.526724,1,25.833069
26630.683923,1.995253,-0.021851,-1.552542,-0.198265,0.509083,0.001788,0.001233,0.053333,-0.004738,0.060131,0.491711,2.504284,0.504027,2.563330,1,25.881734
26630.731758,1.992413,-0.030112,-2.142627,-0.218497,0.502786,0.008895,-0.009031,0.442165,-0.003444,0.059480,0.496100,2.555482,0.512857,2.612656,1,25.931365
26630.738788,1.987975,-0.029545,-2.627347,-0.237833,0.500741,-0.005387,0.010039,-0.304477,-0.013758,0.035833,0.502025,2.631350,0.526580,2.660852,1,25.990318
26630.745341,1.979923,-0.018992,-3.091579,-0.254400,0.497150,0.001230,0.002052,0.020819,-0.006775,0.071782,0.512119,2.654743,0.549309,2.716512,1,26.039420
26630.763955,1.978036,-0.016211,-3.164797,-0.266477,0.499266,0.002172,0.002502,0.045305,-0.007664,0.068134,0.529831,2.703238,0.571512,2.757678,1,26.077680
26630.783928,1.970357,-0.011562,-3.353539,-0.275918,0.500909,0.002127,0.001153,0.042025,-0.011084,0.060681,0.549187,2.748307,0.593536,2.791182,1,26.123606
26630.833220,1.961001,-0.007918,-3.507141,-0.281367,0.502920,0.018155,-0.005135,0.137574,-0.011374,0.060307,0.574388,2.789819,0.622523,2.827889,1,26.169987
26630.839953,1.949661,-0.004957,-3.652763,-0.283471,0.505629,-0.016863,0.005226,-0.116159,-0.020373,0.020169,0.626158,2.862542,0.654814,2.861727,1,26.233086
26630.845705,1.928754,0.001376,-3.809210,-0.273155,0.499665,0.000876,-0.000502,-0.001063,-0.015681,0.074899,0.631340,2.868275,0.700726,2.900544,1,26.279813
26630.863956,1.926330,0.001990,-3.819391,-0.266949,0.505690,-0.001306,-0.000051,-0.012135,-0.020465,0.076546,0.663467,2.904337,0.739463,2.926756,1,26.307608
26630.883958,1.915369,0.005285,-3.837164,-0.257034,0.510113,-0.000182,-0.000265,-0.012803,-0.028555,0.059473,0.699673,2.938989,0.765592,2.941648,1,26.350511
26630.935186,1.905744,0.007756,-3.816249,-0.246008,0.514066,0.011672,0.001335,-0.111487,-0.034931,0.059753,0.736157,2.969158,0.804805,2.960325,1,26.393858
26630.941866,1.896692,0.008463,-3.778938,-0.232685,0.518374,-0.015511,-0.004237,0.016900,-0.048853,0.013268,0.817776,3.017890,0.845492,2.975528,1,26.455727
26630.948297,1.879035,0.005220,-3.724384,-0.206799,0.513392,-0.000231,-0.002076,-0.053871,-0.044629,0.071695,0.824735,3.020618,0.903684,2.990636,1,26.502437
26630.963933,1.877711,0.005333,-3.708620,-0.186003,0.521324,-0.003397,-0.006365,-0.166183,-0.047462,0.083923,0.861700,3.036313,0.949952,2.997489,1,26.525522
26630.983915,1.873459,0.005411,-3.634079,-0.163501,0.529136,-0.002996,-0.003613,-0.156127,-0.055992,0.065541,0.904836,3.051694,0.973276,2.999285,1,26.563365
26631.032514,1.871779,0.011118,-3.383330,-0.140944,0.532962,-0.004026,0.008504,-0.457162,-0.062492,0.056699,0.946634,3.062492,1.003333,3.000000,2,26.609847
26631.038520,1.874337,0.015973,-2.974490,-0.118549,0.539920,0.004081,-0.012692,0.323796,-0.076033,0.022295,1.027705,3.076033,1.050000,3.000000,2,26.673882
26631.044107,1.879885,0.005397,-2.482997,-0.092370,0.533876,-0.001019,-0.003679,-0.104098,-0.076137,0.078104,1.035229,3.076137,1.113333,3.000000,2,26.721326
26631.063959,1.880718,0.004819,-2.432443,-0.070663,0.541350,-0.000992,-0.002868,-0.139150,-0.079793,0.081326,1.078674,3.079793,1.160000,3.000000,2,26.750646
26631.083950,1.887310,0.011255,-1.963125,-0.056900,0.544873,0.000022,-0.000966,-0.047454,-0.082710,0.066645,1.123355,3.082710,1.190000,3.000000,2,26.792950
26631.133701,1.895277,0.012305,-1.494278,-0.046326,0.546151,-0.011874,0.007300,-0.283067,-0.082212,0.063822,1.166178,3.082212,1.230000,3.000000,2,26.836619
26631.139862,1.903622,0.009216,-1.149676,-0.034803,0.546913,0.012109,-0.008468,0.179727,-0.077486,0.031873,1.244793,3.077486,1.276667,3.000000,2,26.895469
26631.145763,1.918351,0.001001,-0.854671,-0.022104,0.541133,-0.000826,-0.002582,-0.069401,-0.076576,0.080916,1.252418,3.076576,1.333333,3.000000,2,26.941088
26631.163958,1.919979,0.000571,-0.835587,-0.011088,0.547190,0.000382,-0.003308,-0.103150,-0.072245,0.082837,1.297163,3.072245,1.380000,3.000000,2,26.970654
26631.183949,1.928206,0.003702,-0.633384,-0.005714,0.550031,-0.000126,-0.001125,-0.056409,-0.067394,0.067480,1.342520,3.067394,1.410000,3.000000,2,27.014524
26631.232411,1.936730,0.006148,-0.413697,-0.002897,0.550914,-0.011927,0.002929,-0.130476,-0.061653,0.067031,1.386303,3.061653,1.453333,3.000000,2,27.059072
26631.238564,1.945454,0.006104,-0.229890,-0.000715,0.551238,0.013181,-0.003324,0.096418,-0.053238,0.025160,1.471507,3.053238,1.496667,3.000000,2,27.121349
26631.245059,1.961264,0.002567,-0.087508,0.004717,0.544690,-0.000916,-0.000771,-0.025194,-0.052328,0.080701,1.479299,3.052328,1.560000,3.000000,2,27.170786
26631.263945,1.962932,0.002363,-0.078422,0.008624,0.550344,0.000726,-0.000407,-0.017095,-0.046828,0.083501,1.526499,3.046828,1.610000,3.000000,2,27.201885
26631.283962,1.971402,0.003685,0.014493,0.012318,0.552401,0.000316,-0.000247,-0.012619,-0.040143,0.065889,1.574111,3.040143,1.640000,3.000000,2,27.247476
26631.333346,1.979907,0.004144,0.103688,0.017949,0.552224,-0.011163,0.001211,-0.090572,-0.033574,0.064070,1.622597,3.033574,1.686667,3.000000,2,27.295432
26631.339843,1.988338,0.004513,0.188497,0.023008,0.549750,0.012215,-0.002087,0.050416,-0.023503,0.026223,1.707111,3.023503,1.733333,3.000000,2,27.359742
26631.345701,2.003057,0.003121,0.280459,0.028410,0.543070,-0.000526,-0.001148,-0.029318,-0.022560,0.084980,1.715020,3.022560,1.800000,3.000000,2,27.408730
26631.363986,2.004585,0.003047,0.287487,0.033518,0.548339,0.000952,-0.001511,-0.048600,-0.016946,0.084206,1.762460,3.016946,1.846667,3.000000,2,27.440057
26631.383918,2.012093,0.004637,0.371764,0.036159,0.550489,0.000268,-0.000542,-0.027021,-0.012035,0.069064,1.810936,3.012035,1.880000,3.000000,2,27.486216
26631.433097,2.019497,0.005770,0.470813,0.036965,0.550554,-0.009766,0.001817,-0.060782,-0.006284,0.063335,1.859998,3.006284,1.923333,3.000000,2,27.534791
26631.439262,2.026980,0.005512,0.555664,0.037266,0.548995,0.011135,-0.001898,0.047711,0.000628,0.023113,1.950220,2.999372,1.973333,3.000000,2,27.602524
26631.445922,2.040250,0.003315,0.622300,0.035429,0.542703,-0.000778,0.000359,0.003175,0.001273,0.081648,1.958352,2.998727,2.040000,3.000000,2,27.655259
26631.463959,2.041606,0.003122,0.625835,0.034878,0.548134,0.000833,0.000092,0.006923,0.006559,0.086195,2.007138,2.993441,2.093333,3.000000,2,27.687439
26631.483929,2.048457,0.001930,0.626739,0.033794,0.550406,0.000219,0.000101,0.005839,0.009971,0.069233,2.057433,2.990029,2.126667,3.000000,2,27.734559
26631.532982,2.055368,0.001045,0.615226,0.032202,0.549437,-0.008877,0.000026,0.023670,0.011505,0.065108,2.108226,2.988495,2.173333,3.000000,2,27.785222
26631.538775,2.062398,0.000380,0.595162,0.029500,0.546472,0.010677,0.000381,-0.010067,0.013746,0.022071,2.201262,2.986254,2.223333,3.000000,2,27.854604
26631.545575,2.074924,0.000312,0.571563,0.021717,0.538906,-0.000757,0.001381,0.032452,0.013852,0.083779,2.209554,2.986148,2.293333,3.000000,2,27.907923
26631.563976,2.076172,0.000203,0.567741,0.016285,0.544026,0.000862,0.000495,0.025510,0.015013,0.086355,2.260311,2.984987,2.346667,3.000000,2,27.941381
26631.583948,2.082721,-0.003150,0.466505,0.012230,0.544555,0.000478,0.000261,0.014504,0.015268,0.068448,2.311552,2.984732,2.380000,3.000000,2,27.990560
26631.630733,2.089306,-0.004383,0.354915,0.008575,0.542531,-0.007320,-0.001698,0.079691,0.017049,0.068589,2.361411,2.982951,2.430000,3.000000,2,28.040786
26631.636877,2.095708,-0.004252,0.262865,0.006062,0.539403,0.008363,0.001999,-0.050589,0.021429,0.036265,2.443735,2.978571,2.480000,3.000000,2,28.104200
26631.643967,2.105820,-0.002359,0.181495,0.002498,0.532196,0.000541,0.000732,0.015046,0.017618,0.080388,2.462946,2.982382,2.543333,3.000000,2,28.157384
26631.663936,2.108186,-0.002127,0.167260,-0.001208,0.535639,0.000298,0.000253,0.015552,0.020516,0.085526,2.511141,2.979484,2.596667,3.000000,2,28.194226
26631.683929,2.113763,-0.003311,0.089345,-0.002743,0.537308,0.000589,0.000104,0.005660,0.016102,0.067782,2.565551,2.983898,2.633333,3.000000,2,28.244099
26631.731122,2.119648,-0.003174,0.023563,-0.005147,0.534364,-0.006114,-0.001190,0.046422,0.014400,0.065026,2.618307,2.985600,2.683333,3.000000,2,28.297881
26631.737337,2.125317,-0.002736,-0.028026,-0.006443,0.529933,0.007299,0.001285,-0.029305,0.015987,0.033686,2.702981,2.984013,2.736667,3.000000,2,28.364727
26631.743960,2.134084,-0.001436,-0.074734,-0.006725,0.520654,0.000788,0.000167,0.002082,0.010884,0.078982,2.724352,2.989116,2.803333,3.000000,2,28.420133
26631.763919,2.136219,-0.001242,-0.082272,-0.009375,0.521539,0.000668,0.000146,0.008608,0.009019,0.082012,2.777988,2.990981,2.860000,3.000000,2,28.459947
26631.783930,2.140927,-0.001519,-0.115994,-0.009772,0.519666,0.000546,0.000027,0.001453,0.006909,0.069908,2.830092,2.993091,2.900000,3.000000,2,28.510937
26631.830693,2.145347,-0.001326,-0.144961,-0.009947,0.517547,-0.004176,-0.000570,0.011189,0.005598,0.065833,2.884167,2.994402,2.950000,3.000000,2,28.564136
26631.836517,2.149699,-0.000863,-0.162324,-0.008133,0.514962,0.005586,0.000284,-0.013800,0.008210,0.034139,2.969194,2.991790,3.003333,3.000000,2,28.631882
26631.843965,2.156305,-0.000205,-0.174307,-0.002693,0.506004,0.000583,-0.001131,-0.026253,0.003085,0.079091,2.990909,2.996915,3.070000,3.000000,2,28.687402
26631.863931,2.157972,-0.000091,-0.175575,-0.002433,0.507253,0.000606,-0.000047,-0.004738,0.000349,0.081849,3.044817,2.999651,3.126667,3.000000,2,28.727658
26631.883924,2.161510,0.002001,-0.118670,-0.002928,0.506646,0.000559,0.000036,0.001740,-0.001292,0.068484,3.098183,3.001292,3.166667,3.000000,2,28.779719
26631.931798,2.164914,0.001887,-0.082473,-0.003812,0.505004,-0.003122,0.000652,-0.001147,-0.003714,0.068817,3.151183,3.003714,3.220000,3.000000,2,28.832782
26631.937300,2.168188,0.001079,-0.069630,-0.004069,0.503272,0.004408,-0.000500,0.002247,-0.001882,0.032843,3.237157,3.001882,3.270000,3.000000,2,28.900019
26631.943931,2.173302,0.000348,-0.067089,0.000383,0.494878,0.000599,-0.000642,-0.014119,-0.007234,0.081261,3.258739,3.007234,3.340000,3.000000,2,28.956144
26631.963960,2.174570,0.000247,-0.067642,-0.000270,0.497097,0.000761,-0.000271,-0.014708,-0.009531,0.080489,3.312844,3.009531,3.393333,3.000000,2,28.996722
26631.983924,2.177447,0.000818,-0.052538,-0.001811,0.496502,0.000596,0.000371,0.012339,-0.011899,0.070312,3.366355,3.011899,3.436667,3.000000,2,29.048319
26632.035318,2.180074,0.001048,-0.029550,-0.003886,0.494911,-0.002279,0.000390,0.029558,-0.014435,0.066294,3.420373,3.014435,3.486667,3.000000,2,29.102207
26632.041720,2.182621,0.000128,-0.032650,-0.009726,0.492776,0.003600,0.000590,-0.001414,-0.012861,0.026114,3.513886,3.012861,3.540000,3.000000,2,29.173364
26632.047012,2.186769,-0.000405,-0.058816,-0.021585,0.484419,0.000919,0.001710,0.036065,-0.014219,0.073430,3.539903,3.014219,3.613333,3.000000,2,29.234782
26632.063967,2.187951,-0.000784,-0.070927,-0.034835,0.483192,0.000625,0.003350,0.109407,-0.020273,0.093654,3.579679,3.020273,3.673333,3.000000,2,29.272091
26632.083947,2.189098,-0.004434,-0.189607,-0.049700,0.480607,0.000879,0.001504,0.089192,-0.021651,0.078270,3.631730,3.021651,3.710000,3.000000,2,29.316914
26632.130955,2.190021,-0.009781,-0.432709,-0.063901,0.475289,0.001644,-0.005080,0.285997,-0.022250,0.070146,3.686521,3.022250,3.756667,3.000000,2,29.368560
26632.136452,2.190360,-0.012083,-0.727784,-0.081189,0.469902,0.000577,0.007326,-0.177562,-0.018349,0.032697,3.773970,3.018349,3.806667,3.000000,2,29.436567
26632.143933,2.190421,-0.006361,-1.018870,-0.116606,0.460864,0.001855,0.006816,0.151306,-0.021985,0.081017,3.795650,3.021985,3.876667,3.000000,2,29.493180
26632.163932,2.190451,-0.004632,-1.056625,-0.152678,0.456490,0.001828,0.001664,0.091844,-0.020253,0.084666,3.848668,3.020253,3.933333,3.000000,2,29.532327
26632.183932,2.184493,-0.016991,-1.588624,-0.180442,0.448127,0.001792,0.001146,0.054544,-0.018165,0.066661,3.903339,3.018165,3.970000,3.000000,2,29.582963
26632.230946,2.176457,-0.018873,-2.110097,-0.204387,0.443247,0.017222,-0.012151,0.411180,-0.013157,0.066859,3.953770,3.015425,4.020047,2.999598,2,29.634473
26632.236593,2.166183,-0.014829,-2.547760,-0.222270,0.440234,-0.014190,0.013129,-0.311149,-0.001294,0.036968,4.036883,3.001301,4.073262,2.994604,2,29.697871
26632.243975,2.148153,-0.000564,-2.979813,-0.243539,0.432221,0.001399,0.002306,0.040472,0.001893,0.082706,4.055186,3.001901,4.135318,2.981341,2,29.749624
26632.263931,2.143476,0.003243,-3.040598,-0.258559,0.431484,0.001372,0.000481,0.018599,0.002338,0.078804,4.108617,2.992016,4.182819,2.965379,2,29.786798
26632.283920,2.126874,0.007264,-3.265517,-0.273405,0.429739,0.000974,0.000348,0.011734,0.005089,0.070370,4.154060,2.975557,4.219519,2.949234,2,29.834237
26632.332978,2.108375,0.012333,-3.446510,-0.281847,0.428872,0.030817,-0.006623,0.124490,-0.004286,0.063988,4.208155,2.963756,4.260537,2.926756,2,29.882902
26632.339348,2.089074,0.017649,-3.582922,-0.288378,0.429502,-0.029888,0.006532,-0.103752,-0.013536,0.023639,4.288439,2.925536,4.299274,2.900544,2,29.947140
26632.346028,2.052495,0.025670,-3.723240,-0.285458,0.423170,0.002823,-0.000396,0.005386,-0.011010,0.083141,4.298321,2.923140,4.349991,2.857080,2,29.994656
26632.363923,2.048244,0.026250,-3.733233,-0.283230,0.428008,-0.002497,0.000048,-0.005345,-0.015656,0.085206,4.338771,2.897990,4.381826,2.822814,2,30.022834
26632.383918,2.027269,0.028375,-3.767491,-0.276053,0.432125,-0.000560,-0.000165,-0.005725,-0.018427,0.069215,4.371424,2.868241,4.398534,2.801944,2,30.062923
26632.431378,2.007143,0.029232,-3.778050,-0.265001,0.436266,0.022902,0.002814,-0.042324,-0.027368,0.064351,4.409888,2.838009,4.421446,2.769041,2,30.104865
26632.436951,1.987898,0.028824,-3.768263,-0.248249,0.438996,-0.024454,-0.003944,0.015570,-0.031362,0.040796,4.452120,2.782131,4.443205,2.731451,2,30.157570
26632.443919,1.958985,0.025089,-3.735342,-0.216778,0.434308,-0.002297,-0.002159,-0.041909,-0.031789,0.080458,4.465548,2.769328,4.465379,2.682819,2,30.198831
26632.463954,1.952406,0.024017,-3.721251,-0.191729,0.441549,-0.002754,-0.002141,-0.090633,-0.032445,0.080484,4.486251,2.731375,4.478531,2.644942,2,30.227719
26632.483949,1.940345,0.025876,-3.559002,-0.164941,0.447900,-0.001557,-0.001362,-0.059727,-0.026637,0.073111,4.495342,2.693204,4.486379,2.615910,2,30.265438
26632.531783,1.932471,0.027619,-3.267343,-0.136277,0.452281,0.003319,0.011605,-0.456174,-0.018510,0.067977,4.500994,2.649929,4.493580,2.579867,2,30.305648
26632.538495,1.927681,0.026493,-2.913243,-0.107210,0.452920,-0.004938,-0.016706,0.285323,-0.020431,0.030182,4.516339,2.571785,4.498392,2.540062,2,30.363205
26632.545065,1.922402,0.011938,-2.427942,-0.080088,0.448963,-0.000653,-0.004475,-0.144694,-0.017152,0.084135,4.517152,2.564135,4.500000,2.480000,2,30.408028
26632.563954,1.922170,0.011368,-2.370187,-0.058128,0.456864,-0.001495,-0.003881,-0.144797,-0.018016,0.087134,4.518016,2.523801,4.500000,2.436667,2,30.435479
26632.583917,1.922862,0.017076,-1.868349,-0.045591,0.462194,-0.000081,-0.000777,-0.039210,-0.025152,0.070462,4.525152,2.480462,4.500000,2.410000,2,30.475913
26632.631646,1.925603,0.017558,-1.347636,-0.039803,0.465524,-0.004687,0.008456,-0.240835,-0.022890,0.067348,4.522890,2.437348,4.500000,2.370000,2,30.518496
26632.638037,1.928636,0.012033,-1.000049,-0.034403,0.467868,0.004031,-0.007991,0.157882,-0.034375,0.043523,4.534375,2.370190,4.500000,2.326667,2,30.571578
26632.645687,1.933795,0.002742,-0.748943,-0.034646,0.462769,0.000014,-0.000520,-0.010366,-0.030838,0.081164,4.530838,2.354497,4.500000,2.273333,2,30.614720
26632.663950,1.935075,0.001499,-0.715617,-0.033476,0.468238,0.000282,-0.000227,0.001172,-0.031629,0.082950,4.531629,2.312950,4.500000,2.230000,2,30.646030
26632.683944,1.938675,0.000075,-0.635824,-0.031597,0.473100,-0.000066,-0.000115,-0.006018,-0.029867,0.070742,4.529867,2.270742,4.500000,2.200000,2,30.686939
26632.729097,1.942513,-0.000891,-0.585218,-0.028663,0.477087,-0.005399,0.000034,-0.053352,-0.030309,0.075738,4.530309,2.232404,4.500000,2.156667,2,30.727706
26632.735037,1.946363,-0.001651,-0.554594,-0.024183,0.480580,0.005101,-0.001621,-0.010322,-0.033913,0.042236,4.533913,2.158903,4.500000,2.116667,2,30.782052
26632.743952,1.952772,-0.002519,-0.538658,-0.020446,0.475088,-0.000195,-0.001027,-0.026288,-0.034666,0.081193,4.534666,2.144526,4.500000,2.063333,2,30.827576
26632.763959,1.954382,-0.001684,-0.516869,-0.018687,0.478042,0.000027,-0.000132,-0.006701,-0.032672,0.084820,4.532672,2.101486,4.500000,2.016667,2,30.858493
26632.783945,1.958579,0.000591,-0.424379,-0.017221,0.480551,0.000067,-0.000166,-0.007083,-0.032014,0.071761,4.532014,2.058428,4.500000,1.986667,2,30.899603
26632.834098,1.962883,0.000649,-0.362299,-0.014332,0.483072,-0.006344,0.000800,-0.050386,-0.039295,0.069416,4.539295,2.016082,4.500000,1.946667,2,30.942844
26632.840527,1.967317,0.000666,-0.310204,-0.012077,0.485354,0.006658,-0.001125,0.029578,-0.042017,0.030225,4.542017,1.933559,4.500000,1.903333,2,31.003435
26632.848765,1.975408,-0.000205,-0.259177,-0.009349,0.477913,0.000123,-0.000837,-0.019703,-0.050325,0.076515,4.550325,1.916515,4.500000,1.840000,2,31.054833
26632.863948,1.977151,-0.000406,-0.254714,-0.011194,0.480869,0.000388,0.000258,0.005529,-0.040837,0.089093,4.540837,1.879093,4.500000,1.790000,2,31.085711
26632.883923,1.980616,0.000315,-0.223047,-0.006577,0.484462,-0.000067,-0.000160,-0.008435,-0.036646,0.078126,4.536646,1.838126,4.500000,1.760000,2,31.123562
26632.930440,1.984766,0.001003,-0.175425,0.001237,0.487642,-0.005514,0.000384,-0.089313,-0.036656,0.072613,4.536656,1.792613,4.500000,1.720000,2,31.166300
26632.936121,1.989277,0.002420,-0.101958,0.005488,0.489337,0.005816,-0.001172,0.052936,-0.043099,0.043854,4.543099,1.723854,4.500000,1.680000,2,31.221626
26632.943955,1.996339,0.002021,-0.014465,0.008358,0.484142,0.000342,-0.001120,-0.025347,-0.037446,0.080335,4.537446,1.703668,4.500000,1.623333,2,31.267595
26632.963955,1.998239,0.001739,-0.002828,0.011769,0.488101,0.000141,-0.000228,-0.013011,-0.037706,0.082386,4.537706,1.659053,4.500000,1.576667,2,31.302760
26632.983944,2.002518,0.003544,0.086603,0.011754,0.491286,0.000172,-0.000005,0.000012,-0.037051,0.070394,4.537051,1.613727,4.500000,1.543333,2,31.346497
26633.029583,2.006964,0.003259,0.148350,0.011310,0.493597,-0.005247,0.000910,-0.012729,-0.036438,0.070792,4.536438,1.567458,4.500000,1.496667,2,31.392088
26633.035697,2.011558,0.002266,0.177200,0.008492,0.494853,0.005657,-0.000411,0.018671,-0.035393,0.045921,4.535393,1.499255,4.500000,1.453333,2,31.448086
26633.043988,2.018561,0.001194,0.192104,0.002213,0.489363,0.000264,0.001553,0.036049,-0.031018,0.082104,4.531018,1.478771,4.500000,1.396667,2,31.494039
26633.063956,2.020481,0.001051,0.193530,-0.004340,0.492158,0.000275,0.000412,0.022893,-0.026061,0.082169,4.526061,1.432169,4.500000,1.350000,2,31.529583
26633.083922,2.024836,-0.002901,0.087780,-0.010931,0.492164,0.000184,0.000410,0.021579,-0.021854,0.072242,4.521854,1.388909,4.500000,1.316667,2,31.573609
26633.130339,2.029003,-0.004686,-0.029676,-0.019596,0.492605,-0.004705,-0.001454,0.130862,-0.021663,0.071377,4.521663,1.341377,4.500000,1.270000,2,31.618513
26633.136543,2.033268,-0.005890,-0.156898,-0.033680,0.493143,0.005389,0.003591,-0.052402,-0.021104,0.042613,4.521104,1.269280,4.500000,1.226667,2,31.676543
26633.143951,2.039761,-0.004244,-0.288391,-0.060698,0.488417,0.000827,0.006190,0.138811,-0.019330,0.084183,4.519330,1.250850,4.500000,1.166667,2,31.724221
26633.163955,2.041379,-0.003620,-0.303843,-0.086913,0.487433,0.001041,0.001905,0.105839,-0.016938,0.083990,4.516938,1.203990,4.500000,1.120000,2,31.758842
26633.183981,2.043228,-0.017034,-0.742414,-0.109857,0.484567,0.000880,0.001287,0.065517,-0.017975,0.072340,4.517975,1.159007,4.500000,1.086667,2,31.803107
26633.230593,2.043866,-0.022098,-1.209088,-0.130889,0.484744,0.001924,-0.006821,0.381061,-0.018244,0.071695,4.518244,1.111695,4.500000,1.040000,2,31.848278
26633.236875,2.043541,-0.022419,-1.622919,-0.153825,0.487051,0.000030,0.009281,-0.238759,-0.018056,0.041498,4.518321,1.038042,4.499989,0.996665,2,31.905456
26633.243966,2.042659,-0.014407,-2.017833,-0.182268,0.484784,0.001366,0.003645,0.072642,-0.004277,0.078037,4.509993,1.017077,4.496401,0.940114,2,31.954446
26633.263957,2.042023,-0.013500,-2.097965,-0.213873,0.485693,0.001690,0.001367,0.062634,0.006919,0.081095,4.498890,0.971480,4.487937,0.890831,2,31.990976
26633.283948,2.035526,-0.019113,-2.505180,-0.231194,0.484914,0.000763,0.000569,0.023890,0.010543,0.072912,4.489621,0.928201,4.478621,0.855356,2,32.035186
26633.330664,2.027076,-0.018745,-2.877532,-0.245889,0.487027,0.014430,-0.008568,0.264206,0.014050,0.068488,4.476666,0.883261,4.464297,0.814450,2,32.080959
26633.336974,2.017736,-0.014621,-3.168113,-0.259330,0.489979,-0.012347,0.009018,-0.199756,0.010889,0.041736,4.454316,0.814074,4.444972,0.771965,2,32.138435
26633.343987,2.001821,-0.004347,-3.453266,-0.267166,0.486772,0.000192,0.000854,0.006978,0.015669,0.077332,4.446095,0.796149,4.416313,0.723082,2,32.185767
26633.363956,1.997601,-0.002089,-3.501512,-0.277464,0.491233,0.000676,0.000274,0.009016,0.014085,0.077985,4.426787,0.754952,4.388678,0.685469,2,32.219625
26633.383955,1.984916,0.001575,-3.629705,-0.284056,0.494704,0.000326,0.000134,0.003756,0.010937,0.066804,4.404217,0.716708,4.366850,0.660263,2,32.262200
26633.430554,1.971399,0.004954,-3.728664,-0.285103,0.496157,0.018750,-0.002704,0.051335,0.009774,0.063370,4.376404,0.679598,4.336050,0.629769,2,32.307004
26633.436341,1.957816,0.007989,-3.796387,-0.288371,0.498977,-0.017959,0.002461,-0.042442,0.001083,0.041024,4.332229,0.625534,4.300063,0.600048,2,32.362123
26633.443967,1.935792,0.011118,-3.854719,-0.287620,0.495807,-0.000054,0.000085,0.000668,0.003973,0.074088,4.317384,0.611671,4.255754,0.570361,2,32.406493
26633.463953,1.930384,0.011492,-3.862731,-0.290115,0.500449,0.000229,0.000102,0.001874,-0.003760,0.079185,4.287714,0.578972,4.214578,0.548385,2,32.437764
26633.483952,1.916746,0.011526,-3.879775,-0.293538,0.504628,0.000160,0.000084,0.001709,-0.013133,0.068680,4.255702,0.549846,4.187097,0.536325,2,32.476034
26633.530501,1.903208,0.010571,-3.894655,-0.296055,0.508283,0.017520,0.002724,0.018162,-0.016885,0.062749,4.217512,0.526929,4.152604,0.523857,2,32.515958
26633.536481,1.890154,0.009019,-3.908257,-0.299111,0.511331,-0.016601,-0.002604,-0.014585,-0.025437,0.040609,4.159386,0.497676,4.114046,0.513180,2,32.565780
26633.543951,1.869585,0.005781,-3.928242,-0.298951,0.509014,-0.000090,0.000043,0.001163,-0.024946,0.073383,4.140849,0.489006,4.064850,0.504223,2,32.605243
26633.563955,1.864738,0.004931,-3.932664,-0.300000,0.512740,0.000141,0.000114,0.001997,-0.032000,0.083170,4.109669,0.472825,4.025002,0.500626,2,32.630680
26633.583967,1.852551,0.002583,-3.946479,-0.300000,0.517062,0.000915,0.000292,0.003853,-0.035683,0.064455,4.062668,0.464105,3.998332,0.500003,2,32.665656
26633.630661,1.841798,0.000471,-3.957523,-0.300000,0.520167,0.014182,0.002931,0.017727,-0.040225,0.063693,4.025733,0.456643,3.965011,0.501226,2,32.702944
26633.636664,1.830671,-0.001842,-3.971644,-0.300000,0.522684,-0.013497,-0.002753,-0.016779,-0.045133,0.036533,3.958250,0.455241,3.928542,0.505133,2,32.749396
26633.643960,1.813961,-0.005274,-3.992515,-0.294241,0.518370,-0.000218,-0.000165,-0.003234,-0.046223,0.071148,3.941030,0.452329,3.882710,0.513952,2,32.787216
26633.663952,1.810182,-0.005992,-3.996077,-0.294778,0.521055,-0.000172,-0.000024,-0.001671,-0.047640,0.074179,3.899868,0.456506,3.844223,0.524886,2,32.813850
26633.683979,1.800586,-0.007643,-3.999234,-0.293450,0.522748,0.000011,-0.000028,-0.002308,-0.052516,0.058963,3.855074,0.463579,3.819105,0.533870,2,32.851755
26633.730560,1.791708,-0.009342,-4.000304,-0.293035,0.524457,0.010549,0.002352,-0.001874,-0.052755,0.058002,3.815171,0.475843,3.785422,0.548385,2,32.890110
26633.736923,1.783129,-0.011116,-4.001071,-0.290840,0.524633,-0.010518,-0.002469,-0.005386,-0.053693,0.039446,3.757314,0.500764,3.750000,0.566987,2,32.936905
26633.743956,1.770074,-0.014063,-4.004573,-0.276726,0.516927,-0.000549,-0.000650,-0.012876,-0.053160,0.075357,3.741419,0.505227,3.710713,0.592185,2,32.973040
26633.763957,1.767261,-0.014591,-4.002632,-0.270218,0.520388,-0.000137,-0.000139,-0.008006,-0.053512,0.078692,3.708193,0.523118,3.681596,0.614488,2,32.996939
26633.783950,1.761652,-0.014276,-3.952712,-0.268536,0.524301,-0.000073,-0.000034,-0.002086,-0.055420,0.066174,3.675702,0.544258,3.663950,0.629769,2,33.030045
26633.831674,1.756566,-0.015152,-3.902819,-0.265052,0.527400,0.005509,0.002712,-0.046689,-0.057271,0.066231,3.644754,0.565561,3.640021,0.652991,2,33.063390
26633.837416,1.752048,-0.016612,-3.857320,-0.263726,0.530897,-0.005182,-0.002639,0.036213,-0.058643,0.040830,3.599169,0.608741,3.617693,0.677755,2,33.107948
26633.843945,1.745756,-0.019699,-3.808395,-0.255593,0.526044,-0.000487,-0.000622,-0.009236,-0.058599,0.075784,3.586955,0.616372,3.591223,0.712075,2,33.142740
26633.863948,1.744319,-0.020431,-3.800044,-0.249510,0.530703,-0.000240,-0.000304,-0.014012,-0.056674,0.073199,3.562604,0.647965,3.572941,0.739960,2,33.165981
26633.883946,1.742140,-0.020572,-3.746696,-0.239492,0.534442,-0.000342,-0.000408,-0.017058,-0.055058,0.059726,3.541605,0.681360,3.561270,0.760176,2,33.201368
26633.931833,1.741099,-0.020366,-3.672792,-0.226527,0.537819,-0.001471,0.001406,-0.132219,-0.050046,0.065943,3.526617,0.712236,3.544870,0.792982,2,33.235773
26633.937396,1.741065,-0.019792,-3.574176,-0.211805,0.542005,0.000466,-0.002706,0.077532,-0.050006,0.040308,3.499493,0.768432,3.532084,0.823777,2,33.279511
26633.943967,1.742237,-0.021387,-3.444976,-0.192027,0.537117,-0.000931,-0.002559,-0.049533,-0.042610,0.073888,3.497509,0.782312,3.518580,0.864962,2,33.316102
26633.963954,1.742703,-0.021461,-3.411966,-0.173417,0.543198,-0.001015,-0.001332,-0.059401,-0.037455,0.076241,3.488423,0.818451,3.509977,0.900616,2,33.341100
26633.983948,1.747511,-0.014895,-3.151027,-0.156121,0.546989,-0.000467,-0.001134,-0.049325,-0.035460,0.067520,3.480167,0.854913,3.505374,0.926893,2,33.375669
26634.031690,1.753699,-0.011633,-2.867681,-0.137737,0.549054,-0.010199,0.003491,-0.290560,-0.029057,0.066671,3.477967,0.891242,3.501601,0.960022,2,33.411597
26634.037670,1.760806,-0.009924,-2.580437,-0.116789,0.551048,0.008736,-0.006196,0.159213,-0.030514,0.041009,3.469772,0.955453,3.500011,0.996665,2,33.459416
26634.043960,1.772255,-0.013745,-2.290826,-0.091011,0.546220,0.000064,-0.004773,-0.093493,-0.027428,0.073878,3.472572,0.969456,3.500000,1.043333,2,33.500557
26634.063969,1.775493,-0.013622,-2.227919,-0.064867,0.551917,-0.000779,-0.002180,-0.109323,-0.023793,0.078957,3.476207,1.007709,3.500000,1.086667,2,33.529630
26634.083951,1.785468,-0.000929,-1.745761,-0.044174,0.552235,-0.000115,-0.001462,-0.067478,-0.024699,0.065441,3.475301,1.047892,3.500000,1.113333,2,33.568012
26634.131621,1.795868,0.004362,-1.277171,-0.026469,0.552028,-0.014219,0.003967,-0.332370,-0.019871,0.065492,3.480129,1.087841,3.500000,1.153333,2,33.608371
26634.137592,1.806236,0.006046,-0.883615,-0.007252,0.551976,0.013416,-0.006659,0.183457,-0.020251,0.035032,3.479749,1.158301,3.500000,1.193333,2,33.661859
26634.143962,1.822768,0.001705,-0.549430,0.018174,0.545681,0.000944,-0.004947,-0.099314,-0.019692,0.074693,3.480308,1.171974,3.500000,1.246667,2,33.706172
26634.163980,1.826768,0.001986,-0.482796,0.039806,0.546246,0.000401,-0.001779,-0.092440,-0.016444,0.075874,3.483556,1.214126,3.500000,1.290000,2,33.737086
26634.183960,1.836183,0.014275,-0.005087,0.056343,0.542794,0.000455,-0.001071,-0.050190,-0.010869,0.068311,3.489131,1.255023,3.500000,1.323333,2,33.777361
26634.231338,1.845077,0.018605,0.425060,0.074659,0.540015,-0.010288,0.003529,-0.315799,-0.010392,0.062317,3.489608,1.301016,3.500000,1.363333,2,33.820589
26634.237063,1.853518,0.020246,0.782252,0.096788,0.536703,0.011298,-0.006359,0.180521,-0.016926,0.035979,3.483074,1.370688,3.500000,1.406667,2,33.876933
26634.243955,1.866613,0.016239,1.101811,0.125468,0.528973,0.001656,-0.004715,-0.099276,-0.011756,0.076010,3.488244,1.387323,3.500000,1.463333,2,33.923151
26634.263962,1.869554,0.016697,1.174400,0.155271,0.527985,0.001483,-0.001771,-0.082700,-0.005152,0.081657,3.496386,1.428282,3.499899,1.510026,2,33.955163
26634.283959,1.872754,0.028580,1.664581,0.176768,0.527402,0.000923,-0.001088,-0.046156,-0.016294,0.067221,3.487537,1.471752,3.498392,1.540062,2,33.997071
26634.331673,1.874503,0.032639,2.122536,0.194010,0.527651,0.000169,0.005718,-0.339070,-0.021059,0.063743,3.482872,1.516807,3.493035,1.583165,2,34.042429
26634.337986,1.875360,0.032369,2.491320,0.211722,0.529491,0.001693,-0.007122,0.228014,-0.025887,0.034622,3.467601,1.585624,3.483957,1.625639,2,34.100245
26634.343954,1.876601,0.025723,2.841698,0.227053,0.524505,0.000894,-0.002029,-0.023151,-0.029339,0.077232,3.466310,1.600207,3.465379,1.682819,2,34.147396
26634.363956,1.876526,0.024387,2.901195,0.239463,0.528321,0.001598,-0.001073,-0.041799,-0.030734,0.075316,3.452797,1.644423,3.446259,1.725505,2,34.181203
26634.383957,1.874060,0.024924,3.119823,0.248715,0.530834,0.000761,-0.000350,-0.012377,-0.028025,0.064606,3.439013,1.684939,3.430201,1.754808,2,34.224952
26634.430476,1.870254,0.023990,3.322850,0.252547,0.533935,0.006622,0.004542,-0.124598,-0.024335,0.062356,3.422996,1.726319,3.406464,1.791182,2,34.269127
26634.436031,1.866106,0.021277,3.474549,0.254085,0.537233,-0.005549,-0.004706,0.104687,-0.020958,0.030945,3.383883,1.788224,3.379660,1.825359,2,34.326594
26634.443923,1.859283,0.015718,3.613204,0.250145,0.534964,-0.000006,0.000145,0.004213,-0.023133,0.074390,3.377069,1.801256,3.337864,1.868576,2,34.373705
26634.463957,1.857492,0.014487,3.633169,0.244297,0.539791,0.000042,0.000189,0.009704,-0.021682,0.076497,3.349824,1.835056,3.301944,1.898534,2,34.406192
26634.483938,1.853748,0.011138,3.646483,0.234321,0.543096,0.000404,0.000298,0.017183,-0.016266,0.056347,3.315289,1.871169,3.277438,1.915967,2,34.450872
26634.528626,1.851359,0.008114,3.618829,0.217963,0.544490,0.001965,0.000129,0.125155,-0.013780,0.057809,3.281693,1.900501,3.237355,1.940071,2,34.497771
26634.534322,1.850007,0.005070,3.537663,0.198433,0.546563,-0.002077,0.001876,-0.071644,-0.008039,0.038102,3.227135,1.938049,3.195195,1.960325,2,34.552110
26634.543950,1.848136,0.005039,3.408490,0.169993,0.542640,-0.001145,0.003764,0.098626,-0.011569,0.077047,3.215328,1.945123,3.144942,1.978531,2,34.594202
26634.563955,1.848490,0.003985,3.350417,0.146484,0.549061,-0.000772,0.002369,0.118170,-0.006486,0.075211,3.175133,1.967484,3.102866,1.989304,2,34.625361
26634.583946,1.852694,-0.003690,3.041713,0.123676,0.551861,0.000285,0.001180,0.063038,-0.001549,0.062205,3.134568,1.983957,3.073262,1.994604,2,34.667887
26634.628458,1.859076,-0.008402,2.633589,0.102487,0.553338,-0.007830,-0.006908,0.362963,0.001919,0.063870,3.093931,1.997171,3.030061,1.999096,2,34.710853
26634.634141,1.866562,-0.008885,2.231623,0.082740,0.554200,0.008703,0.010101,-0.240893,0.011609,0.043986,3.030653,2.011609,2.986667,2.000000,2,34.763077
26634.643942,1.877577,-0.000264,1.840708,0.066647,0.549612,-0.000651,0.003305,0.104154,0.017147,0.077962,3.011296,2.017147,2.933333,2.000000,2,34.806888
26634.663947,1.881130,-0.000630,1.736431,0.056586,0.550370,0.000114,0.001527,0.078568,0.023862,0.078527,2.968527,2.023862,2.890000,2.000000,2,34.839938
26634.683942,1.889943,-0.004170,1.412925,0.051408,0.548057,0.000522,0.000294,0.016446,0.028087,0.069574,2.926240,2.028087,2.856667,2.000000,2,34.881770
26634.729547,1.898897,-0.004043,1.137600,0.047802,0.542075,-0.009667,-0.003345,0.114459,0.030538,0.066329,2.882996,2.030538,2.816667,2.000000,2,34.924957
26634.735165,1.907372,-0.001739,0.963252,0.047578,0.533459,0.010615,0.003176,-0.088819,0.031597,0.043473,2.816807,2.031597,2.773333,2.000000,2,34.978159
26634.743953,1.920083,0.002152,0.839885,0.055006,0.523459,0.000234,-0.001323,-0.028270,0.032723,0.076516,2.796516,2.032723,2.720000,2.000000,2,35.023525
26634.763955,1.923156,0.002787,0.826877,0.067459,0.513459,0.000879,-0.001199,-0.059390,0.032783,0.079298,2.752631,2.032783,2.673333,2.000000,2,35.057913
26634.783951,1.929396,0.007737,0.905885,0.084724,0.503459,0.000741,-0.001071,-0.051601,0.033031,0.067820,2.707820,2.033031,2.640000,2.000000,2,35.100956
26634.829589,1.934134,0.012864,1.095371,0.105537,0.493459,-0.002619,0.001341,-0.270899,0.032165,0.066266,2.662932,2.032165,2.596667,2.000000,2,35.145303
26634.835494,1.937486,0.017133,1.348122,0.127017,0.483459,0.004473,-0.004548,0.157767,0.028417,0.041332,2.594665,2.028417,2.553333,2.000000,2,35.199240
26634.843959,1.942042,0.015278,1.626355,0.156857,0.473459,0.001931,-0.004305,-0.102292,0.027548,0.072476,2.572476,2.027548,2.500000,2.000000,2,35.244593
26634.863952,1.942848,0.016266,1.710823,0.182291,0.465411,0.001467,-0.001087,-0.053570,0.017764,0.076424,2.527708,2.022640,2.453279,1.997812,2,35.279119
26634.883955,1.939418,0.025681,2.144646,0.200110,0.457908,0.001130,-0.000747,-0.031654,0.011924,0.065007,2.482400,2.015735,2.420133,1.993580,2,35.322174
26634.929753,1.934513,0.027593,2.531851,0.215137,0.452597,0.010125,0.005779,-0.270633,0.004138,0.061264,2.435985,2.003796,2.377598,1.984786,2,35.367536
26634.935428,1.928593,0.025893,2.842482,0.225293,0.446916,-0.007570,-0.006920,0.213428,-0.006132,0.031421,2.364497,1.975954,2.332834,1.971228,2,35.427329
26634.944051,1.918644,0.018561,3.139478,0.229768,0.436916,0.002557,0.000103,-0.044826,-0.012999,0.082775,2.357394,1.972954,2.277483,1.947757,2,35.473235
26634.963939,1.917150,0.017706,3.164000,0.232177,0.437677,-0.000964,-0.000784,0.014700,-0.012150,0.077653,2.309022,1.955583,2.236617,1.925005,2,35.505881
26634.983951,1.906680,0.014695,3.317358,0.229382,0.436117,0.000797,0.000065,0.006646,-0.013579,0.060974,2.269179,1.932487,2.211541,1.908401,2,35.552302
26635.031787,1.898156,0.011682,3.391741,0.218727,0.434213,0.012175,0.001868,0.043756,-0.016276,0.061141,2.231658,1.907087,2.174641,1.879660,2,35.599101
26635.037748,1.890032,0.008203,3.403713,0.203774,0.433474,-0.010370,-0.000417,-0.005589,-0.020277,0.035995,2.180187,1.859374,2.140588,1.847596,2,35.656698
26635.043944,1.877594,0.005921,3.370195,0.173779,0.428304,-0.001876,0.003140,0.065155,-0.027495,0.078310,2.170672,1.847758,2.101466,1.801944,2,35.703326
26635.063971,1.874423,0.005466,3.350454,0.148405,0.432952,-0.000130,0.001519,0.083637,-0.027628,0.079197,2.140198,1.816148,2.074995,1.763383,2,35.736770
26635.083955,1.872109,-0.004674,3.033517,0.121047,0.433560,0.000322,0.001626,0.082700,-0.030420,0.069339,2.117729,1.781393,2.058352,1.734408,2,35.780163
26635.132760,1.871545,-0.009758,2.637029,0.089049,0.433630,0.000000,-0.008827,0.512917,-0.033719,0.068117,2.097310,1.744743,2.039675,1.695195,2,35.824160
26635.138488,1.872749,-0.012602,2.172644,0.053830,0.433576,0.000955,0.014321,-0.310019,-0.034131,0.034203,2.067502,1.676491,2.024472,1.654508,2,35.881772
26635.144038,1.874295,-0.002304,1.640570,0.013830,0.428447,-0.000348,0.006799,0.169824,-0.039822,0.078675,2.064714,1.668760,2.010019,1.599593,2,35.927979
26635.163960,1.874641,-0.002921,1.572759,-0.024412,0.430665,0.000496,0.004726,0.229698,-0.039449,0.081468,2.050776,1.630164,2.002857,1.553372,2,35.956800
26635.183953,1.876834,-0.020727,0.824496,-0.053598,0.428066,0.000855,0.001877,0.090009,-0.033526,0.068695,2.037249,1.590438,2.000547,1.523386,2,35.995554
26635.232589,1.878571,-0.028433,0.038102,-0.077995,0.426669,-0.000970,-0.007886,0.515538,-0.024866,0.065259,2.026423,1.551204,1.999821,1.486633,2,36.036315
26635.238629,1.879618,-0.028774,-0.577865,-0.100368,0.427232,0.002379,0.011185,-0.344434,-0.000818,0.035002,2.001693,1.481343,1.997143,1.446628,2,36.090859
26635.244441,1.881804,-0.019236,-1.124363,-0.127361,0.423277,0.000902,0.003780,0.103983,0.004673,0.081503,2.001158,1.471153,1.987885,1.390602,2,36.134791
26635.263951,1.881950,-0.019259,-1.172203,-0.152779,0.429247,0.001601,0.002992,0.123676,0.013949,0.082482,1.988220,1.431509,1.976550,1.348673,2,36.164207
26635.283966,1.879824,-0.027653,-1.607681,-0.174524,0.434482,0.000647,0.001194,0.051098,0.018415,0.070674,1.974807,1.392866,1.966590,1.320296,2,36.204680
26635.332873,1.875963,-0.032250,-2.072588,-0.192682,0.439839,0.006763,-0.005390,0.358934,0.022519,0.068577,1.960088,1.355054,1.950691,1.283488,2,36.246369
26635.339698,1.871478,-0.032525,-2.450873,-0.208218,0.445046,-0.005517,0.007295,-0.253991,0.025391,0.033788,1.926986,1.290052,1.931894,1.248073,2,36.302256
26635.345006,1.863947,-0.025753,-2.836683,-0.218040,0.443523,0.001003,0.001329,0.040526,0.028999,0.079126,1.924673,1.281470,1.900544,1.200726,2,36.347321
26635.363949,1.863153,-0.024856,-2.859114,-0.226676,0.449839,0.000476,0.000892,0.028070,0.031908,0.083800,1.903374,1.248162,1.870826,1.164608,2,36.375676
26635.383946,1.856927,-0.025314,-3.048166,-0.230252,0.455119,0.000227,0.000142,0.005072,0.030659,0.068549,1.879396,1.215328,1.852370,1.145267,2,36.414655
26635.428451,1.850361,-0.024425,-3.214608,-0.229699,0.460620,0.007335,-0.003000,0.069603,0.030842,0.068836,1.855468,1.186169,1.822814,1.118174,2,36.454855
26635.433818,1.843873,-0.022024,-3.321197,-0.227321,0.466457,-0.006973,0.002515,-0.059000,0.026581,0.050702,1.816919,1.144672,1.791182,1.093536,2,36.501620
26635.443975,1.835398,-0.018669,-3.397365,-0.221777,0.468526,-0.000780,-0.000402,-0.015727,0.028004,0.067016,1.795705,1.126061,1.751927,1.068106,2,36.545464
26635.463946,1.832106,-0.017409,-3.409588,-0.216540,0.474868,-0.000210,-0.000201,-0.009026,0.026780,0.066762,1.762429,1.100594,1.713494,1.047871,2,36.582251
26635.483945,1.827756,-0.014696,-3.378380,-0.209996,0.480302,-0.000038,-0.000247,-0.012130,0.021877,0.061602,1.729327,1.075965,1.679704,1.033410,2,36.622904
26635.528516,1.824372,-0.013080,-3.323765,-0.200676,0.485374,0.002638,0.000949,-0.096068,0.016069,0.062421,1.697046,1.053616,1.641741,1.020511,2,36.663059
26635.534471,1.821819,-0.011976,-3.244691,-0.189907,0.490941,-0.003137,-0.002288,0.059320,0.003658,0.039005,1.637088,1.021373,1.599593,1.010019,2,36.713590
26635.543952,1.818424,-0.013325,-3.142110,-0.175682,0.490855,-0.000476,-0.002010,-0.053906,0.005183,0.073443,1.622603,1.015019,1.550048,1.002511,2,36.755224
26635.563951,1.818199,-0.013080,-3.107261,-0.161801,0.499214,-0.000810,-0.001356,-0.062693,-0.001170,0.074280,1.584315,1.000420,1.510026,1.000101,2,36.784613
26635.583947,1.819381,-0.009297,-2.929086,-0.147630,0.505671,-0.000069,-0.000745,-0.036588,-0.013509,0.063807,1.543807,0.986491,1.480000,1.000000,2,36.823864
26635.628870,1.822419,-0.006637,-2.700014,-0.134012,0.510574,-0.004838,0.003159,-0.213038,-0.025288,0.062956,1.502956,0.974712,1.440000,1.000000,2,36.865540
26635.634580,1.826257,-0.005776,-2.471069,-0.122703,0.515511,0.004213,-0.004958,0.143750,-0.040454,0.037816,1.437816,0.959546,1.400000,1.000000,2,36.917871
26635.643958,1.831920,-0.009790,-2.243420,-0.116925,0.515704,-0.000598,-0.001204,-0.038958,-0.043178,0.075132,1.421799,0.956822,1.346667,1.000000,2,36.960764
26635.663953,1.833835,-0.009689,-2.187352,-0.112720,0.523111,-0.000256,-0.000572,-0.027533,-0.050245,0.073073,1.376407,0.949755,1.303333,1.000000,2,36.993749
26635.683943,1.839430,-0.008700,-2.034174,-0.112792,0.528403,0.000131,0.000017,0.000099,-0.056503,0.063807,1.333807,0.943497,1.270000,1.000000,2,37.036687
26635.729696,1.845465,-0.009546,-1.924549,-0.114856,0.532938,-0.007623,0.001409,-0.012327,-0.058524,0.065397,1.292063,0.941476,1.226667,1.000000,2,37.079309
26635.735837,1.851281,-0.011454,-1.878034,-0.119167,0.537050,0.007708,-0.000595,0.020941,-0.062457,0.035542,1.222209,0.937543,1.186667,1.000000,2,37.133267
26635.743945,1.860759,-0.013036,-1.861813,-0.130120,0.535316,0.000402,0.002025,0.045927,-0.062720,0.076400,1.206400,0.937280,1.130000,1.000000,2,37.177645
26635.763954,1.863072,-0.013224,-1.862961,-0.140027,0.539492,0.000192,0.000561,0.026627,-0.062513,0.078458,1.165125,0.937487,1.086667,1.000000,2,37.208569
26635.783952,1.867540,-0.018231,-2.004895,-0.150225,0.542753,0.000406,0.000582,0.025752,-0.061377,0.059900,1.116566,0.938623,1.056667,1.000000,2,37.251183
26635.829532,1.871893,-0.020446,-2.160575,-0.164902,0.545212,-0.003731,-0.001416,0.194197,-0.059114,0.060325,1.073659,0.940886,1.013333,1.000000,2,37.294554
26635.835721,1.875451,-0.021643,-2.322473,-0.180878,0.548439,0.004881,0.003499,-0.115678,-0.054014,0.031382,0.998017,0.945101,0.969939,1.000904,2,37.348018
26635.843958,1.880870,-0.019686,-2.519281,-0.205165,0.545500,0.001587,0.003756,0.085915,-0.046865,0.072343,0.980375,0.948720,0.916835,1.006965,2,37.391901
26635.863927,1.882147,-0.018915,-2.551367,-0.225580,0.548122,0.001043,0.000920,0.039605,-0.041410,0.078376,0.939816,0.956267,0.874361,1.016043,2,37.420088
26635.883945,1.880863,-0.025113,-2.835469,-0.238094,0.550614,0.000708,0.000456,0.017526,-0.038466,0.064321,0.894778,0.968012,0.845492,1.024472,2,37.459358
26635.929455,1.878823,-0.026341,-3.101063,-0.247966,0.554124,0.004442,-0.004768,0.188351,-0.039104,0.060440,0.852148,0.978056,0.810976,1.037107,2,37.500837
26635.935037,1.876181,-0.024524,-3.312199,-0.255880,0.558099,-0.003328,0.005656,-0.153566,-0.040672,0.032560,0.781893,1.004202,0.771517,1.055258,2,37.553718
26635.943953,1.871822,-0.018367,-3.521612,-0.259616,0.554014,0.000913,0.000280,0.012513,-0.036223,0.070079,0.764012,1.013424,0.725349,1.082188,2,37.598750
26635.963930,1.870731,-0.017014,-3.559266,-0.261325,0.557891,0.000527,0.000103,0.000990,-0.037207,0.070087,0.722070,1.034964,0.690125,1.107600,2,37.630748
26635.983947,1.866752,-0.014450,-3.648026,-0.259304,0.560643,0.000226,-0.000055,-0.003852,-0.035689,0.062571,0.687074,1.060733,0.664608,1.129174,2,37.671501
26636.030115,1.862729,-0.011653,-3.702151,-0.251102,0.561782,0.004922,-0.002132,-0.020765,-0.038515,0.058439,0.647993,1.088290,0.635974,1.157239,2,37.713798
26636.036203,1.859299,-0.008604,-3.714939,-0.244418,0.565390,-0.004466,0.001498,0.006800,-0.043091,0.031663,0.593406,1.138570,0.607600,1.190125,2,37.768106
26636.043955,1.854009,-0.006002,-3.698649,-0.233741,0.560510,-0.000552,-0.001111,-0.025020,-0.039231,0.071487,0.581619,1.152382,0.576765,1.233782,2,37.811155
26636.063952,1.852662,-0.005819,-3.693992,-0.223173,0.565748,-0.000291,-0.000419,-0.019965,-0.040271,0.075429,0.553906,1.186022,0.555258,1.271517,2,37.840735
26636.083948,1.851570,-0.002768,-3.600708,-0.211523,0.569639,-0.000142,-0.000468,-0.022705,-0.048530,0.064267,0.523782,1.220301,0.542326,1.298669,2,37.879155
26636.131150,1.851732,-0.001236,-3.483221,-0.200174,0.572459,-0.001898,0.003040,-0.157902,-0.046162,0.061241,0.505742,1.259684,0.528772,1.332834,2,37.918690
26636.137317,1.852952,-0.000860,-3.348745,-0.184658,0.572222,0.001949,-0.004371,0.092683,-0.047499,0.035296,0.480096,1.324782,0.516893,1.371129,2,37.970223
26636.143962,1.855800,-0.004232,-3.188649,-0.158516,0.565355,-0.000776,-0.003430,-0.067566,-0.042639,0.077503,0.475629,1.340315,0.505897,1.423434,2,38.010904
26636.163936,1.856734,-0.004646,-3.148927,-0.136152,0.568017,-0.000717,-0.001443,-0.074533,-0.038899,0.075327,0.468091,1.385289,0.501351,1.463270,2,38.041171
26636.183956,1.862663,0.003360,-2.807995,-0.116896,0.564972,-0.000169,-0.001222,-0.059356,-0.040417,0.064197,0.460489,1.428584,0.500045,1.493316,2,38.084045
26636.231295,1.869589,0.006131,-2.445706,-0.098603,0.561823,-0.010201,0.005940,-0.347902,-0.041328,0.062362,0.458672,1.474305,0.500000,1.536667,2,38.129082
26636.236876,1.877114,0.005693,-2.111062,-0.078784,0.559095,0.009288,-0.008358,0.208590,-0.033846,0.031849,0.466154,1.548151,0.500000,1.580000,2,38.187373
26636.243955,1.888793,-0.000801,-1.765190,-0.052676,0.550546,0.000080,-0.005133,-0.108740,-0.041944,0.071235,0.458056,1.568765,0.500000,1.640000,2,38.236350
26636.263928,1.892064,-0.000908,-1.688174,-0.037330,0.552686,-0.000205,-0.001112,-0.061801,-0.045279,0.070075,0.454721,1.616592,0.500000,1.686667,2,38.272975
26636.283951,1.900973,0.008778,-1.219676,-0.031293,0.552439,0.000060,-0.000373,-0.020028,-0.042173,0.058756,0.457827,1.664578,0.500000,1.723333,2,38.320441
26636.331176,1.909907,0.008758,-0.872815,-0.026167,0.551923,-0.011553,0.004370,-0.154694,-0.045885,0.062551,0.454115,1.710782,0.500000,1.773333,2,38.368148
26636.337153,1.918974,0.005958,-0.652935,-0.021336,0.551347,0.011543,-0.004529,0.099814,-0.038956,0.036144,0.461044,1.783856,0.500000,1.820000,2,38.426312
26636.343968,1.933142,0.001130,-0.492559,-0.011043,0.543433,0.000814,-0.001922,-0.038921,-0.042145,0.072654,0.457855,1.804013,0.500000,1.876667,2,38.474733
26636.363957,1.936777,0.000687,-0.467305,-0.005646,0.546342,0.000265,-0.000426,-0.024593,-0.041423,0.075426,0.458577,1.851240,0.500000,1.926667,2,38.511004
26636.383952,1.945395,0.003875,-0.303933,-0.002827,0.547655,0.000324,-0.000180,-0.009476,-0.042118,0.063230,0.457882,1.900104,0.500000,1.963333,2,38.558219
26636.431366,1.954024,0.004078,-0.178235,-0.003415,0.547772,-0.010719,0.001700,-0.035717,-0.040683,0.061495,0.459317,1.948505,0.500000,2.010000,2,38.607175
26636.437359,1.962566,0.002733,-0.108396,-0.006399,0.547380,0.010951,-0.001045,0.036382,-0.033881,0.035614,0.466119,2.024386,0.500000,2.060000,2,38.667836
26636.443996,1.975940,0.000832,-0.068894,-0.012416,0.541332,0.000912,0.001010,0.024392,-0.038431,0.074189,0.461569,2.045811,0.500000,2.120000,2,38.718426
26636.463945,1.979342,0.000302,-0.070266,-0.022021,0.543327,0.000450,0.000637,0.034688,-0.039136,0.075273,0.460864,2.094727,0.500000,2.170000,2,38.756076
26636.483920,1.987184,-0.004193,-0.182362,-0.032110,0.542208,0.000477,0.000659,0.033591,-0.035955,0.063772,0.464045,2.142895,0.500000,2.206667,2,38.803077
26636.535050,1.994740,-0.006992,-0.331851,-0.043196,0.539762,-0.009679,-0.002037,0.190949,-0.034916,0.064038,0.465084,2.192628,0.500000,2.256667,2,38.852200
26636.541564,2.001980,-0.008658,-0.493586,-0.059064,0.537044,0.010792,0.004513,-0.089044,-0.038730,0.017070,0.461270,2.286263,0.500000,2.303333,2,38.921100
26636.546984,2.014657,-0.006478,-0.681942,-0.096688,0.529023,0.001672,0.004861,0.095646,-0.038134,0.070983,0.461866,2.302350,0.500000,2.373333,2,38.977823
26636.563934,2.017112,-0.006906,-0.724608,-0.130267,0.527688,0.002697,0.007032,0.223258,-0.032250,0.084310,0.467750,2.345690,0.500000,2.430000,2,39.011458
26636.583945,2.020334,-0.016059,-1.051692,-0.162064,0.523625,0.002491,0.003167,0.151040,-0.028688,0.067980,0.471312,2.395354,0.500000,2.463333,2,39.055472
26636.631175,2.021193,-0.025921,-1.583425,-0.186072,0.517885,0.004683,-0.007947,0.509704,-0.029394,0.059989,0.469852,2.447093,0.500045,2.506684,2,39.103662
26636.636949,2.019409,-0.029332,-2.144351,-0.206723,0.514805,-0.001681,0.010091,-0.380599,-0.018818,0.033359,0.480745,2.525684,0.503225,2.556694,2,39.165032
26636.643951,2.016306,-0.019725,-2.684687,-0.221904,0.507139,0.001131,0.001988,0.027747,-0.018728,0.075592,0.477879,2.546719,0.513621,2.615910,2,39.214379
26636.663958,2.015084,-0.017413,-2.777745,-0.237628,0.508954,0.001290,0.000589,0.023747,-0.016031,0.077919,0.486962,2.595663,0.527665,2.664012,2,39.249269
26636.683958,2.008314,-0.015348,-3.066708,-0.248565,0.510261,0.000985,0.000364,0.012190,-0.015176,0.062380,0.501351,2.643689,0.539675,2.695195,2,39.295057
26636.731892,2.000380,-0.011097,-3.295801,-0.255347,0.511135,0.014583,-0.007300,0.145466,-0.021178,0.059614,0.512989,2.694939,0.559929,2.737355,2,39.342361
26636.737480,1.991653,-0.005841,-3.462802,-0.263302,0.514011,-0.012215,0.007151,-0.111372,-0.008270,0.024157,0.563749,2.761929,0.584033,2.777438,2,39.404952
26636.743967,1.976546,0.002549,-3.616141,-0.264797,0.507773,-0.000347,0.000537,0.000678,-0.012084,0.072577,0.565806,2.781021,0.622523,2.827889,2,39.454489
26636.763959,1.972563,0.004176,-3.640418,-0.268833,0.511851,0.000661,0.000216,0.005076,-0.015660,0.074324,0.592393,2.824478,0.657239,2.864026,2,39.486720
26636.783960,1.961798,0.006923,-3.698287,-0.274223,0.515773,0.000495,0.000197,0.004953,-0.019608,0.061384,0.622459,2.862248,0.682319,2.886107,2,39.530816
26636.833211,1.950568,0.008652,-3.742975,-0.275826,0.519597,0.017141,-0.000178,0.030207,-0.034960,0.063213,0.645126,2.905268,0.717026,2.912221,2,39.572740
26679.509359,0.400000,0.020000,0.000000,-0.005437,0.510000,-0.032283,0.020847,0.022098,-0.013668,0.025690,1.494310,3.013668,1.520000,3.000000,0,0.534149
26679.542028,0.400000,0.020000,0.000000,-0.010226,0.520000,-0.239842,-0.001198,-0.042268,-0.013036,0.036063,1.497270,3.013036,1.533333,3.000000,0,0.536010
26679.573588,0.194439,-0.002867,-0.086801,-0.015050,0.530000,-0.064505,0.001407,0.037221,-0.014596,0.033949,1.499385,3.014596,1.533333,3.000000,0,0.536010
26679.578766,0.165461,-0.000006,-0.000238,-0.018838,0.540000,-0.009761,0.000001,0.000055,-0.014018,0.032092,1.501242,3.014018,1.533333,3.000000,0,0.536010
26679.587397,0.161719,0.000000,0.000000,-0.021661,0.550000,-0.001469,0.000000,0.000000,-0.014025,0.030763,1.502571,3.014025,1.533333,3.000000,0,0.536010
26679.607403,0.170549,0.000000,0.000000,-0.024097,0.560000,-0.001766,0.000000,0.000000,-0.013338,0.027276,1.506057,3.013338,1.533333,3.000000,0,0.536010
26679.627413,0.193212,0.000000,0.000000,-0.025937,0.570000,-0.005883,0.000154,0.005204,-0.014005,0.024019,1.509314,3.014005,1.533333,3.000000,0,0.537738
26679.667369,0.212221,-0.002118,-0.054432,-0.027628,0.580000,-0.009165,0.000267,0.007146,-0.013559,0.020024,1.516643,3.013559,1.536667,3.000000,0,0.544222
26679.673639,0.253862,-0.002680,-0.071245,-0.028468,0.590000,0.025876,-0.000050,-0.002120,-0.011955,0.019525,1.523808,3.011955,1.543333,3.000000,0,0.553046
26679.687399,0.287871,-0.003018,-0.080526,-0.028547,0.600000,0.002013,0.000007,0.000431,-0.013541,0.021040,1.528960,3.013541,1.550000,3.000000,0,0.561195
26679.707400,0.308051,-0.003489,-0.092808,-0.029162,0.610000,0.016692,-0.000099,-0.002958,-0.013034,0.021120,1.538880,3.013034,1.560000,3.000000,0,0.570919
26679.727399,0.351661,-0.004004,-0.107732,-0.028689,0.620000,-0.000946,0.000012,0.000367,-0.012762,0.022872,1.547128,3.012762,1.570000,3.000000,0,0.581938
26679.767767,0.378047,-0.004298,-0.116111,-0.028417,0.630000,-0.018080,0.000138,0.004205,-0.012656,0.022068,1.557932,3.012656,1.580000,3.000000,0,0.593999
26679.774352,0.415976,-0.004688,-0.127541,-0.027692,0.640000,0.027100,-0.000383,-0.010738,-0.010879,0.025351,1.567983,3.010879,1.593333,3.000000,0,0.606997
26679.787373,0.452392,-0.005057,-0.138569,-0.025277,0.650000,0.000575,-0.000319,-0.009000,-0.011637,0.031474,1.575193,3.011637,1.606667,3.000000,0,0.617965
26679.807372,0.471655,-0.005029,-0.139789,-0.023387,0.660000,0.006097,-0.000370,-0.009996,-0.011019,0.030005,1.586662,3.011019,1.616667,3.000000,0,0.629314
26679.827402,0.506927,-0.004926,-0.137088,-0.020844,0.670000,0.011121,-0.000909,-0.024576,-0.010770,0.025272,1.601395,3.010770,1.626667,3.000000,0,0.644295
26679.873442,0.547678,-0.005232,-0.146498,-0.017916,0.680000,-0.025972,-0.000450,-0.017003,-0.011210,0.026127,1.617206,3.011210,1.643333,3.000000,0,0.661814
26679.879191,0.590380,-0.004541,-0.133917,-0.014706,0.687368,0.048245,-0.000315,-0.004554,-0.009448,0.019181,1.640819,3.009448,1.660000,3.000000,0,0.683754
26679.887402,0.647314,-0.004261,-0.123286,-0.010550,0.687453,-0.000455,-0.000787,-0.018524,-0.009211,0.037312,1.646021,3.009211,1.683333,3.000000,0,0.701013
26679.907376,0.659116,-0.004029,-0.118924,-0.006744,0.697453,0.006292,-0.000863,-0.023430,-0.008602,0.037547,1.662453,3.008602,1.700000,3.000000,0,0.714299
26679.927398,0.695678,-0.002845,-0.087498,-0.002938,0.706860,0.007793,-0.001719,-0.045850,-0.007154,0.033165,1.680169,3.007154,1.713333,3.000000,0,0.732520
26679.967764,0.734120,-0.002767,-0.083166,0.001968,0.714658,-0.025644,-0.001183,-0.046963,-0.005862,0.031664,1.698336,3.005862,1.730000,3.000000,0,0.752548
26679.974496,0.770415,-0.000733,-0.036454,0.006686,0.721885,0.037737,-0.000056,0.012035,-0.004775,0.026787,1.723213,3.004775,1.750000,3.000000,0,0.776927
26679.987374,0.818594,0.000429,0.008951,0.011100,0.722266,0.003690,-0.001345,-0.034947,-0.003087,0.040425,1.736242,3.003087,1.776667,3.000000,0,0.798830
26680.007396,0.842012,0.000984,0.023213,0.015891,0.729850,0.006799,-0.000344,-0.012025,-0.001395,0.038946,1.757721,3.001395,1.796667,3.000000,0,0.818227
26680.027395,0.879688,0.003645,0.097333,0.020217,0.735740,0.006409,-0.000297,-0.010302,0.000221,0.036754,1.779913,2.999779,1.816667,3.000000,0,0.842030
26680.067139,0.916994,0.005241,0.152768,0.023723,0.740400,-0.027614,-0.000573,-0.030014,0.001518,0.039178,1.800822,2.998482,1.840000,3.000000,0,0.866084
26680.073021,0.950507,0.006515,0.198919,0.026852,0.746258,0.038261,-0.000012,0.015505,0.003170,0.031068,1.832265,2.996830,1.863333,3.000000,0,0.894119
26680.087391,0.997886,0.007144,0.233686,0.028652,0.744532,0.001532,-0.000522,-0.014097,0.004814,0.045600,1.847733,2.995186,1.893333,3.000000,0,0.920468
26680.107396,1.021294,0.007805,0.254952,0.030795,0.750652,0.004630,-0.000957,-0.024970,0.006585,0.047696,1.872304,2.993415,1.920000,3.000000,0,0.943281
26680.127398,1.056490,0.008261,0.279128,0.032163,0.756076,-0.000538,-0.001337,-0.036154,0.007560,0.046316,1.893684,2.992440,1.940000,3.000000,0,0.967520
26680.168864,1.086508,0.008368,0.291430,0.032544,0.762887,-0.041046,-0.001681,-0.064313,0.011254,0.055489,1.911178,2.988746,1.966667,3.000000,0,0.988713
26680.174825,1.108781,0.008448,0.299610,0.034754,0.772121,0.046472,-0.001047,-0.012393,0.009471,0.031210,1.955456,2.990529,1.986667,3.000000,0,1.020716
26680.187378,1.164505,0.008392,0.310643,0.032456,0.769202,0.005102,-0.000792,-0.019603,0.012588,0.045230,1.974770,2.987412,2.020000,3.000000,0,1.055007
26680.207401,1.188647,0.008791,0.324036,0.032066,0.774081,0.005453,0.000028,0.002428,0.013249,0.048799,2.004534,2.986751,2.053333,3.000000,0,1.082533
26680.227404,1.224489,0.009849,0.366160,0.030585,0.777019,0.005404,0.000365,0.011586,0.013399,0.045544,2.034456,2.986601,2.080000,3.000000,0,1.114353
26680.270490,1.260114,0.009917,0.386871,0.027678,0.779144,-0.028389,0.000659,0.021304,0.013057,0.047262,2.066071,2.986943,2.113333,3.000000,0,1.147713
26680.277251,1.295961,0.009075,0.382720,0.023888,0.779218,0.044730,0.000115,0.004219,0.013704,0.029699,2.116968,2.986296,2.146667,3.000000,0,1.190254
26680.287402,1.350762,0.008327,0.368453,0.019208,0.772424,-0.002949,0.001150,0.027599,0.013648,0.062174,2.127826,2.986352,2.190000,3.000000,0,1.224281
26680.307399,1.362427,0.007787,0.357842,0.015538,0.777998,0.004045,0.000905,0.026711,0.013161,0.063232,2.160101,2.986839,2.223333,3.000000,0,1.248724
26680.327402,1.395377,0.005713,0.300257,0.011786,0.782072,0.004444,0.001964,0.056779,0.012113,0.052753,2.193913,2.987887,2.246667,3.000000,0,1.282434
26680.369865,1.428593,0.005382,0.278117,0.007288,0.784600,-0.028899,0.003517,0.135873,0.012203,0.053208,2.226792,2.987797,2.280000,3.000000,0,1.317931
26680.376401,1.459869,0.005190,0.267584,0.002642,0.787579,0.042800,0.002342,0.056288,0.010096,0.031715,2.284952,2.989904,2.316667,3.000000,0,1.364317
26680.387417,1.511973,0.005235,0.272905,-0.003626,0.779888,-0.004000,0.002120,0.056126,0.009612,0.066253,2.297081,2.990388,2.363333,3.000000,0,1.402535
26680.407376,1.523026,0.002646,0.218753,-0.008298,0.784364,0.004401,0.000903,0.037764,0.008463,0.066805,2.333195,2.991537,2.400000,3.000000,0,1.430024
26680.427396,1.554714,-0.001877,0.071737,-0.011655,0.786774,0.003942,0.000284,0.012210,0.007107,0.059784,2.370216,2.992893,2.430000,3.000000,0,1.467031
26680.469283,1.585779,-0.003857,-0.052049,-0.013729,0.787847,-0.024876,-0.000295,0.050322,0.005480,0.058400,2.408267,2.994520,2.466667,3.000000,0,1.506236
26680.475459,1.616643,-0.004325,-0.131654,-0.015309,0.787964,0.032995,0.000644,-0.032754,0.001069,0.042606,2.460727,2.998931,2.503333,3.000000,0,1.552676
26680.487410,1.657828,-0.003884,-0.186573,-0.017363,0.780046,0.002612,0.000442,0.011648,0.002048,0.065293,2.484707,2.997952,2.550000,3.000000,0,1.593871
26680.507403,1.675668,-0.003964,-0.204792,-0.019414,0.781528,0.003624,0.000538,0.015106,0.000603,0.068545,2.524788,2.999397,2.593333,3.000000,0,1.628496
26680.527399,1.704543,-0.004316,-0.241708,-0.020940,0.781612,0.002893,0.000324,0.012990,0.000404,0.062150,2.564517,2.999596,2.626667,3.000000,0,1.668858
26680.570184,1.732312,-0.004668,-0.275504,-0.021627,0.781500,-0.023905,-0.000211,0.026288,-0.001163,0.060360,2.606306,3.001163,2.666667,3.000000,0,1.711228
26680.576115,1.760454,-0.004703,-0.307402,-0.022183,0.779887,0.031906,0.000638,-0.011674,-0.005943,0.044139,2.665861,3.005943,2.710000,3.000000,0,1.762806
26680.587397,1.799523,-0.004132,-0.328660,-0.021524,0.769887,0.002500,-0.000021,-0.001176,-0.004710,0.069143,2.690857,3.004710,2.760000,3.000000,0,1.807820
26680.607401,1.815006,-0.004060,-0.337298,-0.021987,0.769273,0.003422,-0.000024,-0.001917,-0.005151,0.073358,2.733308,3.005151,2.806667,3.000000,0,1.844166
26680.627397,1.841128,-0.003888,-0.351398,-0.021362,0.768097,0.002928,-0.000061,-0.004057,-0.006846,0.067102,2.776231,3.006846,2.843333,3.000000,0,1.887522
26680.669976,1.866327,-0.003419,-0.356927,-0.021128,0.766805,-0.021004,-0.000313,-0.002441,-0.008287,0.065800,2.820867,3.008287,2.886667,3.000000,0,1.932182
26680.675906,1.891466,-0.002964,-0.356848,-0.020019,0.764793,0.028887,0.000147,-0.005551,-0.013949,0.043781,2.886219,3.013949,2.930000,3.000000,0,1.987251
26680.687429,1.926729,-0.002555,-0.358657,-0.017006,0.755704,0.002468,-0.000573,-0.016453,-0.010718,0.072894,2.913773,3.010718,2.986667,3.000000,0,2.036765
26680.707415,1.940988,-0.002093,-0.353102,-0.015098,0.753491,0.003891,-0.001136,-0.036938,-0.012470,0.075553,2.961114,3.012470,3.036667,3.000000,0,2.077272
26680.727400,1.964947,-0.001635,-0.342912,-0.012696,0.749372,0.003847,-0.001777,-0.057186,-0.013734,0.068038,3.008629,3.013734,3.076667,3.000000,0,2.124686
26680.769430,1.988294,-0.001465,-0.338799,-0.009707,0.744318,-0.016658,-0.000670,-0.088193,-0.014778,0.065994,3.057339,3.014778,3.123333,3.000000,0,2.173511
26680.775507,2.011018,0.000517,-0.294408,-0.006890,0.738333,0.025124,-0.000043,0.047985,-0.019164,0.046315,3.127018,3.019164,3.173333,3.000000,0,2.232911
26680.787410,2.041710,0.001454,-0.214685,-0.004169,0.728333,0.001983,-0.000582,-0.017344,-0.015700,0.073787,3.156213,3.015700,3.230000,3.000000,0,2.284498
26680.807398,2.053966,0.001742,-0.184479,-0.001295,0.723683,0.003196,-0.000170,-0.010432,-0.016590,0.077360,3.205973,3.016590,3.283333,3.000000,0,2.326669
26680.827400,2.073916,0.002686,-0.113643,0.001144,0.717284,0.002248,-0.000162,-0.009306,-0.020498,0.073439,3.253227,3.020498,3.326667,3.000000,0,2.375988
26680.869325,2.092267,0.002744,-0.053984,0.002035,0.711280,-0.012656,0.000862,-0.029236,-0.020105,0.066796,3.306537,3.020105,3.373333,3.000000,0,2.427048
26680.875438,2.111804,0.002287,-0.009654,0.003102,0.703927,0.021953,-0.000974,0.018710,-0.024287,0.044677,3.381989,3.024287,3.426667,3.000000,0,2.490400
26680.887404,2.138295,0.001244,0.022131,0.003176,0.693927,0.001858,-0.000066,-0.002208,-0.020566,0.077663,3.412337,3.020566,3.490000,3.000000,0,2.545570
26680.907380,2.148435,0.001047,0.032435,-0.001408,0.689272,0.003539,0.000319,0.017399,-0.020179,0.077888,3.465445,3.020179,3.543333,3.000000,0,2.589919
26680.927404,2.165338,-0.000144,0.024569,-0.009002,0.682046,0.003840,0.001800,0.059079,-0.020746,0.066333,3.520334,3.020746,3.586667,3.000000,0,2.643209
26680.970459,2.181867,-0.000965,-0.004294,-0.022196,0.673766,-0.010310,0.000072,0.201311,-0.020491,0.067040,3.572960,3.020491,3.640000,3.000000,0,2.697558
26680.976638,2.196764,-0.004548,-0.111009,-0.039092,0.664304,0.020448,0.003206,-0.095957,-0.020413,0.034117,3.662549,3.020413,3.696667,3.000000,0,2.767551
26680.987415,2.220490,-0.004584,-0.309505,-0.069924,0.654304,-0.000415,0.005557,0.167362,-0.020366,0.086394,3.680273,3.020366,3.766667,3.000000,0,2.824235
26681.007381,2.224579,-0.006736,-0.401304,-0.100825,0.644562,0.006802,0.012892,0.418831,-0.020688,0.087200,3.736133,3.020688,3.823333,3.000000,0,2.864009
26681.027403,2.237418,-0.007073,-0.599168,-0.140825,0.634562,0.006666,0.006622,0.334657,-0.020966,0.070282,3.793052,3.020966,3.863333,3.000000,0,2.918029
26681.070906,2.246380,-0.017284,-1.029098,-0.180825,0.624562,0.005057,-0.009095,0.682070,-0.018729,0.067826,3.848841,3.018729,3.916667,3.000000,0,2.974184
26681.077753,2.249659,-0.025046,-1.744221,-0.205545,0.614562,0.006354,0.015077,-0.528719,-0.012210,0.029528,3.943805,3.012210,3.973333,3.000000,0,3.046553
26681.087412,2.254741,-0.010624,-2.523916,-0.227726,0.604562,0.002010,0.000961,0.074051,-0.004549,0.082429,3.961669,3.009799,4.043393,2.998113,0,3.105026
26681.107380,2.253560,-0.006323,-2.662649,-0.245235,0.599372,0.002977,0.000694,0.019539,0.008448,0.089035,4.013997,2.999354,4.102866,2.989304,0,3.144729
26681.127406,2.247794,0.002590,-3.022050,-0.258688,0.593490,0.004217,0.001124,0.023211,0.011825,0.070594,4.070690,2.988161,4.141741,2.979489,0,3.198159
26681.171766,2.241173,0.014736,-3.271240,-0.272595,0.587709,0.022078,-0.012141,0.156625,0.009331,0.062920,4.130438,2.977181,4.192113,2.961619,0,3.254953
26681.177610,2.233143,0.026931,-3.438785,-0.286724,0.582802,-0.014485,0.014052,-0.115972,-0.001391,0.030597,4.217159,2.952957,4.243216,2.936859,0,3.324376
26681.187408,2.214199,0.043875,-3.600485,-0.295798,0.572802,0.002860,-0.000350,0.010622,0.003920,0.080654,4.235290,2.944116,4.301944,2.898534,0,3.378656
26681.207416,2.208395,0.047280,-3.624600,-0.299820,0.569034,-0.001873,-0.000473,-0.003259,0.008048,0.086453,4.274301,2.917433,4.342761,2.864026,0,3.414177
26681.227397,2.188049,0.053233,-3.678234,-0.298012,0.563147,0.001992,0.000451,0.000895,-0.008280,0.070622,4.326958,2.895518,4.368576,2.837864,0,3.460357
26681.270537,2.171297,0.058329,-3.700281,-0.298956,0.562192,0.022808,-0.000067,-0.003163,-0.011423,0.067383,4.366947,2.862551,4.398534,2.801944,0,3.508434
26681.276437,2.153436,0.061094,-3.704748,-0.296167,0.561799,-0.022018,0.000009,0.010564,-0.032244,0.033714,4.434654,2.809026,4.425005,2.763383,0,3.568417
26681.287393,2.125899,0.061456,-3.693330,-0.292586,0.557352,0.002647,0.000288,-0.002533,-0.029396,0.081127,4.446061,2.796431,4.453545,2.710467,0,3.613540
26681.307401,2.118599,0.060714,-3.689547,-0.287098,0.560333,-0.000182,-0.000042,-0.003556,-0.044905,0.087592,4.484264,2.764731,4.471228,2.667166,0,3.640899
26681.327400,2.101180,0.058061,-3.678803,-0.280067,0.563539,0.002161,0.000397,-0.000193,-0.057412,0.067361,4.515450,2.722614,4.479489,2.641741,0,3.680456
26681.372184,2.087422,0.054991,-3.662358,-0.273144,0.567614,0.016368,0.005355,-0.022963,-0.065651,0.066988,4.539770,2.681927,4.489304,2.602866,0,3.722026
26681.377607,2.071951,0.050644,-3.656526,-0.261956,0.571714,-0.021070,-0.006703,-0.017185,-0.086856,0.036310,4.577531,2.610348,4.495973,2.563330,0,3.775814
26681.387402,2.047369,0.043047,-3.665666,-0.243284,0.568397,-0.000066,-0.000662,-0.023766,-0.084983,0.083281,4.583196,2.594994,4.499899,2.510026,0,3.819096
26681.407406,2.042243,0.041662,-3.661055,-0.225078,0.574556,-0.002911,-0.001221,-0.043562,-0.099961,0.086563,4.599961,2.553230,4.500000,2.466667,0,3.849182
26681.427406,2.031335,0.039871,-3.605884,-0.202258,0.580124,0.000228,-0.000839,-0.042017,-0.113690,0.066440,4.613690,2.503106,4.500000,2.436667,0,3.893762
26681.471905,2.026437,0.039264,-3.486280,-0.180429,0.583477,0.000701,0.004594,-0.279357,-0.116018,0.070159,4.616018,2.460159,4.500000,2.390000,0,3.940496
26681.478436,2.021609,0.036349,-3.349788,-0.152972,0.586592,-0.004093,-0.011074,0.022304,-0.131979,0.036307,4.631979,2.379641,4.500000,2.343333,0,4.000030
26681.487397,2.017693,0.027388,-3.209619,-0.129635,0.580793,-0.002722,-0.007463,-0.180067,-0.132497,0.080171,4.632497,2.363504,4.500000,2.283333,0,4.049712
26681.507406,2.016315,0.025264,-3.180870,-0.105226,0.584247,-0.000532,-0.001803,-0.101482,-0.139971,0.081727,4.639971,2.318394,4.500000,2.236667,0,4.083301
26681.527408,2.020582,0.035620,-2.697735,-0.092484,0.583123,-0.000156,-0.002658,-0.085992,-0.139669,0.064562,4.639669,2.267896,4.500000,2.203333,0,4.129498
26681.571842,2.025546,0.032438,-2.274467,-0.083090,0.578173,-0.008718,0.007251,-0.423668,-0.134709,0.065201,4.634709,2.221867,4.500000,2.156667,0,4.177843
26681.578320,2.029708,0.022195,-2.009990,-0.074011,0.573697,0.005938,-0.014560,0.039459,-0.135827,0.035710,4.635827,2.142376,4.500000,2.106667,0,4.238766
26681.587413,2.037703,0.008015,-1.830743,-0.063042,0.564324,-0.000839,-0.006222,-0.155030,-0.134147,0.079445,4.634147,2.126111,4.500000,2.046667,0,4.288187
26681.607388,2.039952,0.006201,-1.802099,-0.049643,0.564324,-0.000494,-0.003273,-0.113083,-0.130088,0.080222,4.630088,2.076888,4.500000,1.996667,0,4.323643
26681.627407,2.046542,0.012383,-1.467569,-0.041665,0.560654,-0.000380,-0.002142,-0.098258,-0.125705,0.066190,4.625705,2.026190,4.500000,1.960000,0,4.372538
26681.671671,2.053032,0.012838,-1.195707,-0.036752,0.556815,-0.007491,0.004051,-0.211258,-0.119826,0.064162,4.619826,1.977496,4.500000,1.913333,0,4.421990
26681.678183,2.060263,0.011073,-0.950800,-0.028481,0.553413,0.009231,-0.006916,0.075761,-0.107688,0.030874,4.607688,1.894208,4.500000,1.863333,0,4.485648
26681.687426,2.071663,0.004635,-0.782361,-0.015080,0.544157,-0.000228,-0.004407,-0.111837,-0.105350,0.077817,4.605350,1.877817,4.500000,1.800000,0,4.538485
26681.707429,2.074322,0.003665,-0.758716,-0.003439,0.544984,0.000387,-0.002800,-0.096092,-0.098764,0.082262,4.598764,1.828928,4.500000,1.746667,0,4.574471
26681.727398,2.080951,0.008499,-0.514243,0.005938,0.543537,0.000582,-0.001612,-0.082581,-0.090274,0.069765,4.590274,1.779765,4.500000,1.710000,0,4.621680
26681.771318,2.087565,0.010475,-0.286417,0.016345,0.540845,-0.006135,0.003512,-0.216384,-0.076814,0.065148,4.576814,1.728482,4.500000,1.663333,0,4.672044
26681.777532,2.094042,0.011515,-0.034329,0.025060,0.536643,0.008422,-0.005352,0.141230,-0.072850,0.032247,4.572850,1.645580,4.500000,1.613333,0,4.737392
26681.787406,2.104120,0.006953,0.199661,0.026152,0.527763,-0.000188,-0.000474,-0.026834,-0.070640,0.082237,4.570640,1.628904,4.500000,1.546667,0,4.790031
26681.807429,2.106261,0.006727,0.250477,0.026178,0.527589,0.000573,-0.000007,-0.000230,-0.066317,0.085022,4.566317,1.578355,4.500000,1.493333,0,4.826797
26681.827396,2.111522,0.005669,0.362671,0.022794,0.525292,0.000625,0.000798,0.026131,-0.059097,0.071368,4.559097,1.528035,4.500000,1.456667,0,4.875477
26681.871710,2.116683,0.003535,0.418038,0.019503,0.521354,-0.004460,0.002556,0.076775,-0.059153,0.069355,4.559153,1.479355,4.500000,1.410000,0,4.924827
26681.877990,2.121571,0.001858,0.443224,0.011483,0.517338,0.007199,0.000989,0.056862,-0.048266,0.030708,4.548266,1.390708,4.500000,1.360000,0,4.990919
26681.887406,2.130050,0.000471,0.460447,-0.006830,0.507375,0.000151,0.005783,0.138815,-0.046639,0.080442,4.546639,1.373775,4.500000,1.293333,0,5.046441
26681.907400,2.131756,-0.000050,0.454402,-0.023741,0.501458,0.000707,0.001574,0.080283,-0.043165,0.086464,4.543165,1.326464,4.500000,1.240000,0,5.082431
26681.927406,2.135108,-0.011398,0.122528,-0.039031,0.493444,0.001466,0.003649,0.118560,-0.037107,0.070396,4.537107,1.273730,4.500000,1.203333,0,5.130401
26681.971877,2.138480,-0.012559,-0.162087,-0.057458,0.486576,0.000844,0.002081,0.524634,-0.032675,0.067990,4.532675,1.221323,4.500000,1.153333,0,5.182589
26681.978373,2.141762,-0.009027,-0.325557,-0.085997,0.478411,0.006086,0.012533,0.124284,-0.025621,0.029806,4.525621,1.133140,4.500000,1.103333,0,5.250074
26681.987428,2.147395,-0.002878,-0.406344,-0.125997,0.468411,0.003240,0.014188,0.341505,-0.023723,0.082674,4.523723,1.116007,4.500000,1.033333,0,5.304309
26682.007373,2.148304,-0.002759,-0.432197,-0.165997,0.458411,0.002957,0.002165,0.109819,-0.017506,0.083935,4.520450,1.063163,4.499600,0.979995,0,5.341219
26682.027397,2.142670,-0.027229,-1.236553,-0.180331,0.452029,0.002139,0.001952,0.060624,-0.007694,0.070574,4.512419,1.012676,4.496789,0.943426,0,5.389802
26682.070035,2.136075,-0.029111,-1.916858,-0.198885,0.446303,0.013374,-0.010398,0.434620,-0.002415,0.065747,4.505211,0.961200,4.489349,0.897349,0,5.440609
26682.076013,2.128442,-0.023104,-2.403632,-0.219150,0.445866,-0.009142,0.011717,-0.303439,0.007704,0.042279,4.481341,0.888403,4.475631,0.845809,0,5.502520
26682.087398,2.115730,-0.010294,-2.855476,-0.239422,0.441968,0.001407,0.002025,0.041151,0.014152,0.073300,4.471690,0.862415,4.453739,0.789951,0,5.556153
26682.107405,2.108984,-0.005748,-2.995943,-0.258740,0.441746,0.001561,0.000596,0.020699,0.012021,0.075820,4.457475,0.814018,4.428784,0.742815,0,5.597039
26682.127403,2.094295,-0.001037,-3.253255,-0.273144,0.441674,0.001327,0.000432,0.012611,0.014683,0.066109,4.431796,0.768797,4.404900,0.706647,0,5.645961
26682.170153,2.077994,0.004759,-3.454480,-0.283181,0.440466,0.022509,-0.005981,0.116197,0.010879,0.062675,4.408950,0.724451,4.375782,0.670170,0,5.695784
26682.176462,2.060249,0.010649,-3.604364,-0.290106,0.439814,-0.023911,0.006533,-0.103376,0.000588,0.034619,4.365879,0.658323,4.340959,0.634285,0,5.755821
26682.187415,2.030175,0.018812,-3.747648,-0.290064,0.436137,0.002999,-0.000439,0.007906,0.005118,0.078182,4.354843,0.646295,4.294701,0.596080,0,5.803317
26682.207387,2.022266,0.020273,-3.770604,-0.293875,0.440771,0.000428,0.000124,0.002459,-0.002452,0.080392,4.326087,0.609375,4.255754,0.570361,0,5.834612
26682.227407,2.002769,0.022808,-3.812628,-0.297926,0.444317,-0.000251,-0.000032,-0.000461,-0.006240,0.068139,4.290120,0.579581,4.226549,0.554270,0,5.876231
26682.271044,1.982535,0.023579,-3.843062,-0.297136,0.444090,0.022709,0.001955,0.009868,-0.020118,0.069861,4.262448,0.545550,4.190186,0.537583,0,5.916013
26682.277333,1.962963,0.023139,-3.860836,-0.298168,0.448308,-0.023401,-0.002357,-0.007646,-0.034840,0.037323,4.198780,0.502071,4.152604,0.523857,0,5.966186
26682.287403,1.933518,0.020398,-3.872390,-0.300000,0.448937,0.001937,0.000361,0.002010,-0.031650,0.075438,4.184662,0.495776,4.104282,0.510996,0,6.007584
26682.307379,1.926099,0.019273,-3.875295,-0.300000,0.452678,0.001343,0.000346,0.005409,-0.034961,0.073875,4.139157,0.478199,4.061541,0.503802,0,6.037004
26682.327376,1.909456,0.016333,-3.879847,-0.300000,0.454838,0.000320,0.000064,0.000994,-0.044031,0.067514,4.101829,0.461336,4.031662,0.501003,0,6.074233
26682.370699,1.892433,0.012715,-3.890600,-0.300000,0.455665,0.019969,0.004504,0.022013,-0.049926,0.065147,4.059642,0.449450,3.994998,0.500025,0,6.110138
26682.376566,1.876981,0.009260,-3.899802,-0.300000,0.455682,-0.020291,-0.004685,-0.020596,-0.065147,0.040309,3.993104,0.433460,3.958360,0.501737,0,6.157068
26682.387384,1.851892,0.003466,-3.924854,-0.300000,0.452837,0.002243,0.000481,0.002402,-0.062675,0.078563,3.978400,0.432278,3.912081,0.507790,0,6.191016
26682.407375,1.845745,0.002095,-3.931608,-0.300000,0.453159,0.000293,0.000044,0.000528,-0.066904,0.076588,3.937672,0.431351,3.879471,0.514745,0,6.213861
26682.427370,1.830909,-0.001143,-3.947996,-0.300000,0.453522,0.000180,0.000010,-0.000396,-0.072476,0.058600,3.892369,0.434688,3.856953,0.520899,0,6.249831
26682.470752,1.816519,-0.004211,-3.964954,-0.299448,0.454248,0.014720,0.002861,0.009512,-0.075296,0.053975,3.849611,0.442092,3.825339,0.531499,0,6.287869
26682.476933,1.801607,-0.007327,-3.985779,-0.288791,0.450637,-0.018755,-0.003999,-0.031396,-0.081418,0.035458,3.786116,0.458190,3.788439,0.546964,0,6.334932
26682.487373,1.778917,-0.011797,-4.014380,-0.274988,0.445642,0.000806,-0.000693,-0.021882,-0.076601,0.075336,3.773365,0.464480,3.747117,0.568664,0,6.368962
26682.507377,1.774122,-0.012299,-4.009692,-0.268409,0.450605,-0.000993,-0.000758,-0.027057,-0.074116,0.072679,3.737376,0.484326,3.718931,0.586478,0,6.392561
26682.527376,1.763502,-0.012806,-3.968970,-0.258921,0.454303,-0.000718,-0.000486,-0.016962,-0.073787,0.062994,3.706045,0.503221,3.699937,0.600048,0,6.426239
26682.572511,1.754567,-0.013335,-3.895468,-0.245505,0.458343,0.006467,0.001842,-0.152377,-0.072618,0.066093,3.676699,0.522783,3.673947,0.620936,0,6.457466
26682.579929,1.746627,-0.015165,-3.822745,-0.231040,0.463447,-0.010603,-0.005858,0.007356,-0.071040,0.049475,3.634869,0.558170,3.649407,0.643511,0,6.496122
26682.587390,1.734433,-0.020015,-3.750030,-0.214851,0.463246,-0.001627,-0.002722,-0.058124,-0.065293,0.077314,3.626146,0.568993,3.624218,0.670170,0,6.526845
26682.607377,1.732094,-0.020274,-3.719439,-0.200201,0.469560,-0.001479,-0.001790,-0.069146,-0.063184,0.079449,3.601223,0.594456,3.603070,0.695950,0,6.548976
26682.627394,1.730213,-0.016001,-3.504990,-0.190304,0.475354,-0.000562,-0.000665,-0.026366,-0.057840,0.067441,3.582771,0.623631,3.591223,0.712075,0,6.579616
26682.670304,1.729993,-0.014484,-3.263503,-0.180502,0.479761,-0.002284,0.002295,-0.208296,-0.052984,0.066346,3.564497,0.652824,3.574685,0.737118,0,6.611663
26682.676035,1.729937,-0.016868,-3.082346,-0.171633,0.484910,-0.000988,-0.005912,0.058017,-0.043545,0.052681,3.544274,0.699117,3.558109,0.766050,0,6.650725
26682.687375,1.729647,-0.022169,-2.951996,-0.160717,0.485619,-0.000992,-0.002630,-0.064612,-0.038541,0.074951,3.535085,0.718046,3.540819,0.802130,0,6.684627
26682.707369,1.730701,-0.021825,-2.878022,-0.150750,0.492090,-0.001298,-0.002205,-0.064453,-0.032224,0.075618,3.523504,0.751139,3.528651,0.833175,0,6.712170
26682.727390,1.733848,-0.019390,-2.687253,-0.141766,0.497835,-0.001238,-0.001451,-0.058812,-0.024790,0.068014,3.515888,0.786303,3.520425,0.858552,0,6.745946
26682.770335,1.737656,-0.017892,-2.511877,-0.132018,0.502995,-0.006973,-0.000378,-0.198407,-0.019146,0.066555,3.507911,0.821701,3.512063,0.890831,0,6.780706
26682.776384,1.742406,-0.017819,-2.354617,-0.120775,0.508261,0.004875,-0.004659,0.025042,-0.007434,0.048213,3.505069,0.878111,3.505374,0.926893,0,6.825294
26682.787408,1.749345,-0.020528,-2.246387,-0.100463,0.505263,-0.001893,-0.004847,-0.130119,-0.003112,0.076818,3.502403,0.893136,3.500901,0.970003,0,6.862930
26682.807399,1.751709,-0.018421,-2.177190,-0.085595,0.511796,-0.001929,-0.008363,-0.247313,0.000645,0.076688,3.500645,0.929979,3.500000,1.006667,0,6.890594
26682.827368,1.758073,-0.015903,-2.018534,-0.069127,0.517440,-0.002949,-0.012498,-0.371139,-0.001253,0.068872,3.498747,0.967795,3.500000,1.036667,0,6.927242
26682.873849,1.764021,-0.016406,-1.930369,-0.050522,0.523043,-0.015539,-0.015605,-0.863456,0.003341,0.068537,3.503341,1.004796,3.500000,1.073333,0,6.964766
26682.879917,1.769593,-0.016780,-1.868824,-0.029249,0.528298,0.005184,-0.013432,-0.273256,0.006646,0.042366,3.506646,1.067634,3.500000,1.110000,0,7.012725
26682.887383,1.777947,-0.019169,-1.887791,-0.001743,0.525524,-0.000610,-0.011165,-0.264854,0.006468,0.074792,3.506468,1.081874,3.500000,1.156667,0,7.053599
26682.907378,1.780967,-0.012417,-1.754943,0.019946,0.529504,0.000242,-0.011742,-0.344315,0.006488,0.079282,3.506488,1.120718,3.500000,1.200000,0,7.083178
26682.927365,1.790048,0.006747,-1.071804,0.029987,0.527498,0.000522,-0.015151,-0.453507,0.002643,0.065208,3.502643,1.161459,3.500000,1.226667,0,7.122280
26682.991172,1.799011,0.005580,-0.722758,0.041223,0.526950,-0.015224,0.003118,-0.690627,0.003280,0.052291,3.503280,1.214376,3.500000,1.266667,0,7.168461
26682.996824,1.810631,0.015610,-0.127413,0.051802,0.523297,0.016888,-0.005620,0.488426,-0.006497,0.001657,3.493503,1.311676,3.500000,1.313333,0,7.239654
26683.016888,1.829661,0.013026,0.537976,0.064812,0.513318,0.000664,-0.000861,-0.043738,-0.009845,0.030357,3.490155,1.352976,3.500000,1.383333,0,7.309762
26683.036875,1.837191,0.015180,0.762427,0.082853,0.509418,0.000662,-0.001064,-0.050250,-0.011981,0.057404,3.488019,1.395929,3.500000,1.453333,0,7.356931
26683.071126,1.843718,0.017913,1.008552,0.105959,0.506861,-0.001862,-0.004350,-0.313123,-0.015376,0.065445,3.485050,1.437795,3.499989,1.503342,0,7.402065
26683.078599,1.849965,0.017388,1.192765,0.134051,0.506304,0.005399,-0.008030,-0.098559,-0.026122,0.063973,3.477783,1.480588,3.497812,1.546721,0,7.447407
26683.096873,1.856164,0.015058,1.283044,0.170058,0.506557,0.003049,-0.004652,-0.181339,-0.030000,0.064633,3.473819,1.523948,3.491268,1.593034,0,7.492943
26683.116885,1.858641,0.026283,1.648544,0.199561,0.506247,0.001432,-0.001153,-0.049103,-0.037166,0.061361,3.462168,1.566189,3.481341,1.635318,0,7.539217
26683.136875,1.857691,0.035734,2.200112,0.216102,0.505608,0.001000,-0.000631,-0.025466,-0.038042,0.061666,3.453253,1.608485,3.466590,1.679704,0,7.585604
26683.173208,1.855887,0.037035,2.647221,0.228213,0.507256,0.003923,0.002438,-0.226492,-0.039731,0.062046,3.439789,1.649272,3.447757,1.722517,0,7.631504
26683.178461,1.854199,0.033286,2.946879,0.235721,0.509046,-0.000515,-0.005124,0.095226,-0.040066,0.062859,3.424061,1.688847,3.425005,1.763383,0,7.677181
26683.196915,1.852661,0.027825,3.119595,0.240399,0.511467,0.002388,-0.003534,-0.080433,-0.039968,0.063100,3.404782,1.727513,3.398534,1.801944,0,7.722445
26683.216898,1.851117,0.022915,3.216727,0.240827,0.513591,0.002843,-0.003444,-0.095916,-0.038704,0.060770,3.382884,1.764360,3.370826,1.835392,0,7.768493
26683.236885,1.849550,0.019032,3.264048,0.236424,0.515290,0.002188,-0.002878,-0.080122,-0.039472,0.060824,3.356028,1.798378,3.337864,1.868576,0,7.814865
26683.273455,1.847637,0.016418,3.285028,0.228539,0.517636,0.004056,-0.001386,-0.082432,-0.039395,0.061421,3.327111,1.830042,3.301944,1.898534,0,7.860569
26683.278842,1.845686,0.014845,3.292492,0.215995,0.519988,-0.001649,-0.000525,0.000270,-0.038105,0.063168,3.297005,1.859341,3.263383,1.925005,0,7.905772
26683.296892,1.843489,0.014046,3.292914,0.200610,0.523636,-0.000266,0.000530,0.024731,-0.036121,0.062216,3.264743,1.885961,3.225505,1.946259,0,7.950514
26683.316883,1.842893,0.011955,3.248745,0.180784,0.526760,-0.001239,0.003513,0.106145,-0.035106,0.064076,3.229621,1.909275,3.182819,1.965379,0,7.995155
26683.336881,1.843116,0.010948,3.186318,0.158027,0.529958,-0.000697,0.001804,0.088438,-0.033497,0.062786,3.192456,1.929568,3.141741,1.979489,0,8.039292
26683.368966,1.845915,0.005139,2.990143,0.134646,0.532298,-0.003482,0.003705,0.301494,-0.030665,0.062626,3.154856,1.947456,3.099593,1.989981,0,8.082923
26683.376868,1.849902,0.003525,2.772432,0.110314,0.534294,0.000552,0.008466,0.079141,-0.028993,0.064582,3.117572,1.960647,3.056694,1.996775,0,8.125479
26683.396882,1.853138,0.006293,2.643634,0.085096,0.537166,-0.004943,0.017271,0.520660,-0.025565,0.063050,3.075711,1.972580,3.013367,1.999821,0,8.167626
26683.416883,1.856026,0.009449,2.571693,0.062875,0.539608,-0.005624,0.022714,0.684770,-0.014466,0.062991,3.032991,1.985534,2.970000,2.000000,0,8.211297
26683.436882,1.859172,0.011360,2.520857,0.044689,0.541409,-0.006632,0.028038,0.847370,-0.003795,0.063702,2.990368,1.996205,2.926667,2.000000,0,8.255090
26683.471351,1.861726,0.013272,2.510494,0.033016,0.542002,-0.009180,0.006986,0.761356,0.006140,0.065069,2.948402,2.006140,2.883333,2.000000,0,8.298200
26683.477191,1.867959,-0.010278,1.906057,0.039641,0.540074,0.005762,-0.003109,-0.466580,0.015253,0.065824,2.905824,2.015253,2.840000,2.000000,0,8.341138
26683.496884,1.876238,-0.017731,1.214750,0.060036,0.536625,0.000395,-0.001139,-0.066273,0.023311,0.066936,2.863603,2.023311,2.796667,2.000000,0,8.383753
26683.516885,1.883810,-0.005578,0.996555,0.083485,0.531179,0.000750,-0.001287,-0.062833,0.030127,0.066476,2.819810,2.030127,2.753333,2.000000,0,8.426877
26683.536883,1.890550,0.007217,1.085495,0.103875,0.522887,0.001795,-0.004791,-0.144279,0.035958,0.066220,2.776220,2.035958,2.710000,2.000000,0,8.470840
26683.572379,1.896970,0.012051,1.223839,0.124945,0.513155,-0.000103,-0.009064,-0.479497,0.040118,0.073126,2.739793,2.040118,2.666667,2.000000,0,8.511727
26683.578182,1.902294,0.012383,1.298026,0.147203,0.503216,0.008149,-0.007490,-0.099716,0.044252,0.060542,2.687208,2.044252,2.626667,2.000000,0,8.555714
26683.596874,1.910400,0.010904,1.351981,0.173070,0.493216,0.008871,-0.017567,-0.501100,0.045811,0.059267,2.642600,2.045811,2.583333,2.000000,0,8.603472
26683.616877,1.916853,0.010120,1.390055,0.200255,0.483216,0.012403,-0.021895,-0.651543,0.045639,0.063649,2.596982,2.045639,2.533333,2.000000,0,8.647886
26683.636880,1.923580,0.008978,1.397788,0.228829,0.473216,0.006895,-0.007168,-0.302713,0.042158,0.062654,2.551771,2.043305,2.489974,1.999899,0,8.690786
26683.673812,1.921463,0.025756,1.828371,0.242441,0.463216,0.008694,0.000405,-0.424929,0.033293,0.064598,2.507303,2.037141,2.446628,1.997143,0,8.733109
26683.679158,1.913406,0.036860,2.483749,0.242759,0.455989,-0.005352,-0.001752,0.326756,0.026253,0.062042,2.463040,2.028607,2.406966,1.991268,0,8.775567
26683.696877,1.905605,0.035661,2.956730,0.237021,0.452345,-0.000603,-0.000592,0.035519,0.019960,0.064930,2.421787,2.018129,2.364682,1.981341,0,8.817245
26683.716885,1.898003,0.029106,3.243058,0.227579,0.450589,0.000186,0.000417,0.019351,0.012597,0.064602,2.379409,2.002382,2.323419,1.967781,0,8.859569
26683.736887,1.891046,0.021061,3.380174,0.215650,0.449122,-0.000297,0.001633,0.051581,0.005560,0.060872,2.339175,1.983148,2.286506,1.952129,0,8.903656
26683.773637,1.884325,0.014615,3.430691,0.199789,0.448001,0.003310,0.005716,0.191769,-0.002212,0.063387,2.300857,1.960601,2.245192,1.930201,0,8.948720
26683.779222,1.877456,0.010445,3.439401,0.181231,0.448629,-0.006306,0.002252,0.071330,-0.010081,0.063367,2.266202,1.935171,2.208818,1.906464,0,8.993589
26683.796883,1.870253,0.008785,3.442247,0.158191,0.450827,-0.001282,0.001905,0.080871,-0.018749,0.067841,2.235623,1.907811,2.172111,1.877477,0,9.037454
26683.816879,1.867652,-0.001453,3.190813,0.134012,0.452073,-0.000604,0.005075,0.157934,-0.026435,0.066412,2.205759,1.876957,2.140588,1.847596,0,9.081868
26683.836880,1.866640,-0.004441,2.901327,0.107539,0.454047,0.000172,0.002258,0.125104,-0.035260,0.063239,2.179008,1.841974,2.111778,1.815093,0,9.128810
26683.874231,1.868021,-0.009608,2.497058,0.079715,0.455468,-0.000947,-0.004626,0.372091,-0.043231,0.062641,2.154757,1.805564,2.084033,1.777438,0,9.177463
26683.880353,1.871245,-0.012938,1.996291,0.052943,0.456906,0.002771,0.009213,-0.196354,-0.053194,0.058829,2.132918,1.761433,2.058352,1.734408,0,9.229003
26683.896877,1.875052,-0.006514,1.589083,0.020961,0.458198,0.000151,0.007681,0.231989,-0.061213,0.069459,2.120035,1.730186,2.037107,1.689024,0,9.277329
26683.916884,1.878478,-0.007614,1.272511,-0.010586,0.461751,-0.000034,0.016726,0.511521,-0.067903,0.071413,2.105872,1.690975,2.020511,1.641741,0,9.320924
26683.936883,1.882362,-0.003267,1.046411,-0.046601,0.465324,0.000482,0.025492,0.772902,-0.072253,0.067754,2.094320,1.651598,2.010019,1.599593,0,9.366160
26683.972193,1.885875,0.000643,0.924061,-0.086601,0.467867,0.000556,0.035921,1.586675,-0.071896,0.063165,2.081819,1.611299,2.003225,1.556694,0,9.410895
26683.977503,1.889104,0.003645,0.879048,-0.126601,0.468281,0.003806,0.018316,0.363326,-0.066609,0.062831,2.067956,1.571509,2.000101,1.510026,0,9.452925
26683.996876,1.892146,0.005457,0.873170,-0.166601,0.465304,0.001595,0.002906,0.145530,-0.051807,0.065403,2.054741,1.532109,1.999096,1.469939,0,9.491818
26684.016878,1.888163,-0.037135,-0.344508,-0.166533,0.458741,0.000224,-0.000016,-0.000413,-0.035623,0.067695,2.039826,1.492091,1.995082,1.430046,0,9.530137
26684.036877,1.884597,-0.047439,-1.406900,-0.166589,0.460193,0.000123,0.000001,-0.000332,-0.021085,0.069602,2.023688,1.453905,1.987885,1.390602,0,9.569479
26684.073000,1.882973,-0.041593,-2.032541,-0.164323,0.464180,0.000820,-0.006298,0.127284,-0.009672,0.066730,2.007131,1.416118,1.978531,1.355058,0,9.609981
26684.079105,1.882411,-0.032476,-2.353344,-0.160801,0.469902,-0.000442,0.004696,-0.101142,0.002126,0.065701,1.987423,1.379110,1.965379,1.317181,0,9.651981
26684.096882,1.881946,-0.024860,-2.506115,-0.158143,0.476226,-0.000333,0.000137,-0.018969,0.013227,0.067830,1.966098,1.344112,1.947757,1.277483,0,9.694613
26684.116879,1.881720,-0.018797,-2.556044,-0.157658,0.482573,-0.000045,-0.000078,-0.003207,0.022273,0.068055,1.943207,1.309155,1.926756,1.239463,0,9.737801
26684.136885,1.881860,-0.015070,-2.555932,-0.159050,0.488666,-0.000244,0.000059,0.002771,0.029805,0.068466,1.919153,1.276210,1.902535,1.203410,0,9.782005
26684.170289,1.881806,-0.013563,-2.551159,-0.162465,0.494928,-0.000190,0.000552,0.028075,0.036090,0.067686,1.892917,1.244246,1.875276,1.169595,0,9.826356
26684.176878,1.881902,-0.013025,-2.548040,-0.167631,0.501137,0.000183,0.000956,0.020083,0.040364,0.066955,1.865759,1.213698,1.845186,1.138273,0,9.870739
26684.196898,1.882070,-0.012818,-2.545322,-0.172626,0.506684,0.000103,0.000924,0.028518,0.043765,0.068246,1.836311,1.184243,1.809875,1.107600,0,9.915066
26684.216899,1.882064,-0.014424,-2.592475,-0.176946,0.512457,0.000115,0.001694,0.050915,0.044142,0.065084,1.804790,1.154825,1.774651,1.082188,0,9.960074
26684.236880,1.882147,-0.014481,-2.625302,-0.182161,0.518232,-0.000178,0.000639,0.030749,0.045261,0.068434,1.773636,1.130414,1.734408,1.058352,0,10.003762
26684.270383,1.881822,-0.015999,-2.692800,-0.185397,0.524023,0.000159,-0.000375,0.048833,0.041533,0.064245,1.738128,1.102993,1.695195,1.039675,0,10.047456
26684.276910,1.882136,-0.016766,-2.778655,-0.185490,0.528952,0.000246,0.000675,-0.037475,0.035957,0.061817,1.702189,1.077772,1.654508,1.024472,0,10.092757
26684.296907,1.882515,-0.015976,-2.839422,-0.183226,0.534120,-0.000403,-0.000385,-0.011243,0.029302,0.060950,1.665438,1.055138,1.612656,1.012857,0,10.136105
26684.316912,1.883028,-0.014671,-2.875224,-0.179604,0.539450,-0.000371,-0.000248,-0.011280,0.019220,0.061019,1.627684,1.032486,1.569954,1.004918,0,10.177465
26684.336892,1.884137,-0.012667,-2.875589,-0.176429,0.544955,-0.000199,-0.000536,-0.016992,0.007496,0.060195,1.586432,1.011418,1.526724,1.000715,0,10.219798
26684.369532,1.885864,-0.011344,-2.860865,-0.171622,0.550136,-0.002232,-0.001637,-0.068077,-0.005996,0.057236,1.543902,0.994004,1.486667,1.000000,0,10.263805
26684.376905,1.887631,-0.010828,-2.849624,-0.163101,0.554420,0.000306,-0.001662,-0.035024,-0.021397,0.061952,1.501952,0.978603,1.440000,1.000000,0,10.308218
26684.396902,1.889268,-0.010697,-2.843360,-0.151807,0.558813,-0.001167,-0.002290,-0.068656,-0.034758,0.066315,1.462982,0.965242,1.396667,1.000000,0,10.350472
26684.416911,1.892686,-0.007494,-2.745382,-0.143684,0.564282,-0.002129,-0.003945,-0.117227,-0.047379,0.064223,1.417556,0.952621,1.353333,1.000000,0,10.393407
26684.436931,1.895789,-0.007358,-2.679563,-0.140493,0.569494,-0.002507,-0.004631,-0.138728,-0.058173,0.065488,1.375488,0.941827,1.310000,1.000000,0,10.438580
26684.469787,1.898964,-0.008205,-2.642133,-0.137727,0.574652,-0.006497,-0.005164,-0.234336,-0.066549,0.063416,1.330083,0.933451,1.266667,1.000000,0,10.482858
26684.476869,1.902312,-0.009052,-2.624159,-0.134561,0.578317,0.000569,-0.003578,-0.067655,-0.072852,0.062198,1.285531,0.927148,1.223333,1.000000,0,10.527507
26684.496904,1.905316,-0.009584,-2.615875,-0.134122,0.582195,-0.000557,-0.000284,-0.015565,-0.076402,0.064502,1.241169,0.923598,1.176667,1.000000,0,10.572669
26684.516907,1.911581,-0.004007,-2.446318,-0.141299,0.585577,0.000180,0.001433,0.043073,-0.079047,0.060210,1.193544,0.920953,1.133333,1.000000,0,10.618465
26684.536907,1.917696,-0.003755,-2.329353,-0.155500,0.588212,0.001109,0.004253,0.128722,-0.079199,0.061790,1.148457,0.920801,1.086667,1.000000,0,10.663653
26684.573193,1.923537,-0.005183,-2.262108,-0.173958,0.590519,-0.000297,0.008782,0.343914,-0.077964,0.061402,1.101402,0.922036,1.040000,1.000000,0,10.708137
26684.579066,1.929467,-0.006566,-2.228030,-0.196575,0.592002,0.005814,0.004318,0.113224,-0.075251,0.055410,1.051564,0.924391,0.996658,1.000011,0,10.753367
26684.596907,1.935470,-0.007417,-2.213125,-0.224178,0.591597,0.003112,0.002937,0.117406,-0.067996,0.060637,1.003479,0.928787,0.949952,1.002511,0,10.797608
26684.616912,1.937137,-0.018302,-2.472364,-0.242648,0.590759,0.002156,0.001909,0.053716,-0.061937,0.064272,0.958591,0.935917,0.906966,1.008732,0,10.839517
26684.636909,1.936703,-0.023666,-2.834486,-0.250639,0.589555,0.003068,0.002864,0.081401,-0.058213,0.060073,0.910461,0.945750,0.867902,1.017765,0,10.881868
26684.671367,1.936921,-0.021162,-3.084116,-0.258432,0.590845,0.006027,0.000313,0.237544,-0.053251,0.064097,0.868194,0.958870,0.826550,1.031049,0,10.923838
26684.676988,1.936919,-0.016040,-3.241122,-0.263449,0.592998,0.001146,0.005523,-0.024155,-0.049312,0.065491,0.824671,0.975317,0.786506,1.047871,0,10.964573
26684.696905,1.936863,-0.010634,-3.331165,-0.266254,0.594591,0.001073,0.000503,0.015758,-0.052555,0.060908,0.777605,0.990523,0.750965,1.066431,0,11.007535
26684.716907,1.933256,-0.009966,-3.486835,-0.266192,0.597947,0.000237,0.000242,0.005833,-0.047583,0.064761,0.740232,1.013624,0.714277,1.089680,0,11.049820
26684.736913,1.929033,-0.007273,-3.605451,-0.261350,0.601257,-0.000413,-0.000209,-0.006665,-0.045899,0.065414,0.703671,1.036887,0.682319,1.113893,0,11.089802
26684.771998,1.924698,-0.003787,-3.683630,-0.250732,0.603992,0.002006,-0.003971,-0.027333,-0.048231,0.068139,0.667854,1.058549,0.652404,1.140588,0,11.128220
26684.778012,1.921363,-0.001005,-3.722382,-0.242346,0.608728,-0.005223,0.001404,-0.040680,-0.041981,0.059996,0.632860,1.096823,0.624724,1.169595,0,11.169836
26684.796910,1.915592,0.002218,-3.754492,-0.228694,0.608388,-0.001099,-0.000691,-0.035341,-0.051051,0.052523,0.589997,1.128094,0.599456,1.200726,0,11.216158
26684.816908,1.913716,0.006814,-3.700236,-0.223428,0.611612,-0.000161,-0.000160,-0.007653,-0.039808,0.058300,0.569646,1.168961,0.573244,1.239463,0,11.260887
26684.836908,1.913085,0.009662,-3.600999,-0.213706,0.610566,0.000070,-0.000237,-0.014685,-0.048957,0.064222,0.534975,1.201285,0.550766,1.280481,0,11.302436
26684.871915,1.913367,0.010400,-3.494207,-0.205884,0.611468,-0.000865,0.001786,-0.078758,-0.052684,0.061161,0.507948,1.240992,0.534621,1.317181,0,11.343694
26684.877902,1.914190,0.009705,-3.381672,-0.202056,0.611581,0.000747,-0.002120,0.053013,-0.053196,0.065892,0.488176,1.279991,0.520511,1.358259,0,11.384244
26684.896910,1.915347,0.007260,-3.292964,-0.194331,0.611035,-0.000748,-0.001767,-0.044733,-0.057311,0.063665,0.467709,1.323040,0.510696,1.397134,0,11.424322
26684.916910,1.916719,0.004215,-3.234230,-0.185676,0.610626,-0.001633,-0.003034,-0.090060,-0.059280,0.062009,0.453078,1.367652,0.504027,1.436670,0,11.466758
26684.936914,1.918287,0.001496,-3.198983,-0.173039,0.609780,-0.002632,-0.005234,-0.156030,-0.064305,0.064617,0.438740,1.412809,0.500402,1.479953,0,11.510054
26684.972874,1.920115,-0.000506,-3.179380,-0.156430,0.609246,-0.008398,-0.007988,-0.398201,-0.064102,0.063076,0.435898,1.460257,0.500000,1.523333,0,11.555997
26684.978542,1.921941,-0.001831,-3.169623,-0.132696,0.608014,-0.000485,-0.006998,-0.138644,-0.077948,0.061953,0.422052,1.504714,0.500000,1.566667,0,11.602963
26684.996909,1.923881,-0.002750,-3.172166,-0.106482,0.608810,-0.000999,-0.002371,-0.122226,-0.082391,0.059081,0.417609,1.554253,0.500000,1.613333,0,11.650575
26685.016912,1.931719,0.014246,-2.725432,-0.085947,0.605059,-0.000606,-0.004684,-0.144058,-0.086794,0.061575,0.413206,1.601758,0.500000,1.663333,0,11.699547
26685.036923,1.940446,0.017412,-2.272776,-0.068216,0.602148,-0.001300,-0.009087,-0.280334,-0.086848,0.059003,0.413152,1.650997,0.500000,1.710000,0,11.747950
26685.072782,1.948884,0.011017,-2.004767,-0.048060,0.599038,-0.009750,-0.009686,-0.704270,-0.083643,0.061562,0.416357,1.698438,0.500000,1.760000,0,11.796378
26685.078471,1.957445,0.004409,-1.849750,-0.023408,0.596354,0.005357,-0.013791,-0.187811,-0.082177,0.058506,0.417823,1.748160,0.500000,1.806667,0,11.845220
26685.096926,1.965908,-0.001074,-1.797365,0.001996,0.591975,0.000500,-0.002965,-0.154370,-0.078603,0.057878,0.421397,1.798788,0.500000,1.856667,0,11.896191
26685.116914,1.975797,0.020474,-1.123185,0.011459,0.589174,0.000342,-0.002461,-0.076668,-0.073232,0.058336,0.426768,1.848330,0.500000,1.906667,0,11.947170
26685.136910,1.985913,0.022767,-0.523927,0.013445,0.588176,0.000471,-0.002978,-0.093383,-0.071095,0.061248,0.428905,1.898752,0.500000,1.960000,0,11.997506
26685.178165,1.996237,0.015539,-0.208537,0.011196,0.586047,-0.009688,0.003770,-0.151400,-0.067954,0.059775,0.432046,1.950225,0.500000,2.010000,0,12.049636
26685.184399,2.006514,0.010342,-0.025956,0.005806,0.583874,0.010964,-0.002844,0.121108,-0.050879,0.039217,0.449121,2.020783,0.500000,2.060000,0,12.110519
26685.196910,2.020460,0.005772,0.127667,-0.000118,0.577562,0.000163,0.001332,0.033787,-0.054585,0.072973,0.445415,2.050360,0.500000,2.123333,0,12.162150
26685.216915,2.026249,0.002990,0.126893,-0.011555,0.577084,0.000868,0.004573,0.144850,-0.050601,0.071750,0.449399,2.101583,0.500000,2.173333,0,12.204829
26685.236904,2.035894,0.000928,0.119023,-0.027052,0.574524,0.000550,0.001678,0.095273,-0.041049,0.069456,0.458951,2.147211,0.500000,2.216667,0,12.252849
26685.272444,2.044659,-0.006654,-0.065780,-0.040386,0.569966,-0.004843,0.001802,0.250997,-0.040461,0.061814,0.459539,2.201519,0.500000,2.263333,0,12.302254
26685.277757,2.053360,-0.008683,-0.273385,-0.060160,0.564629,0.006916,0.005552,0.009282,-0.037575,0.058951,0.462425,2.254382,0.500000,2.313333,0,12.355821
26685.296910,2.061965,-0.006515,-0.382776,-0.089791,0.560429,0.002666,0.007157,0.227452,-0.034959,0.060351,0.465041,2.306316,0.500000,2.366667,0,12.408756
26685.316912,2.068996,-0.012193,-0.674373,-0.122800,0.554571,0.004749,0.013646,0.425450,-0.031867,0.059906,0.468133,2.360094,0.500000,2.420000,0,12.461379
26685.336913,2.075912,-0.010895,-0.881765,-0.162800,0.547505,0.008185,0.020209,0.626007,-0.026302,0.060279,0.473698,2.413055,0.500000,2.473333,0,12.513859
26685.373989,2.082541,-0.007674,-1.001695,-0.202800,0.537505,0.014563,0.022628,1.213409,-0.020409,0.062770,0.476980,2.465135,0.500715,2.526724,0,12.565775
26685.379485,2.087607,-0.007046,-1.139818,-0.242800,0.527505,0.009898,0.015367,0.278344,-0.016059,0.063059,0.480371,2.516710,0.505897,2.576566,0,12.616581
26685.396885,2.094552,-0.001550,-1.111420,-0.282800,0.517505,0.009113,0.009077,0.348455,-0.020728,0.061668,0.480484,2.571159,0.516043,2.625639,0,12.665923
26685.416899,2.091193,-0.018552,-1.543233,-0.296793,0.507505,0.002310,0.000363,0.008292,-0.013255,0.061330,0.497342,2.620527,0.531049,2.673450,0,12.715311
26685.436872,2.078342,-0.032613,-2.367226,-0.296130,0.497505,0.002708,0.000565,0.013256,-0.007527,0.063749,0.516015,2.665547,0.550766,2.719519,0,12.764204
26685.469251,2.066591,-0.029344,-2.974990,-0.292714,0.491365,0.010565,-0.006935,0.178216,-0.011258,0.060112,0.533761,2.718218,0.574995,2.763383,0,12.814087
26685.476901,2.053930,-0.019405,-3.383635,-0.291692,0.490821,-0.008859,0.007217,-0.146243,-0.009149,0.061363,0.558855,2.761513,0.603493,2.804602,0,12.864475
26685.496904,2.039562,-0.007785,-3.643313,-0.285575,0.489610,0.000310,-0.000022,-0.004134,-0.019787,0.063740,0.577872,2.809919,0.635974,2.842761,0,12.911066
26685.516899,2.025217,0.003561,-3.787739,-0.282540,0.493569,0.000326,0.000036,-0.002135,-0.013599,0.055100,0.619253,2.849072,0.669595,2.875276,0,12.960205
26685.536906,2.010771,0.012962,-3.857023,-0.277435,0.494709,-0.000300,-0.000243,-0.009034,-0.027173,0.063793,0.641134,2.891402,0.708818,2.906464,0,13.007161
26685.569161,1.995735,0.019571,-3.883559,-0.270134,0.499277,0.007962,-0.001774,-0.035166,-0.031639,0.061293,0.679187,2.928341,0.748073,2.931894,0,13.050071
26685.576881,1.980996,0.023518,-3.883284,-0.265076,0.504657,-0.010008,0.000067,-0.004257,-0.038799,0.060882,0.714886,2.961216,0.786506,2.952129,0,13.094722
26685.596904,1.965861,0.024903,-3.872437,-0.256844,0.509824,-0.002455,-0.001521,-0.044188,-0.048104,0.061423,0.752253,2.992760,0.826550,2.968951,0,13.136682
26685.616895,1.951351,0.024398,-3.854427,-0.250625,0.516129,-0.001272,-0.000572,-0.024955,-0.058361,0.064562,0.790215,3.021465,0.867902,2.982235,0,13.176488
26685.636905,1.939327,0.023893,-3.802977,-0.243945,0.522607,-0.000538,-0.000512,-0.016256,-0.070252,0.063399,0.827940,3.047359,0.903684,2.990636,0,13.214333
26685.670215,1.929346,0.022012,-3.734108,-0.236051,0.529154,0.003654,0.001427,-0.086026,-0.077349,0.059038,0.875879,3.066932,0.943306,2.996775,0,13.254894
26685.676907,1.920009,0.018400,-3.680800,-0.227683,0.534142,-0.007238,-0.004102,-0.002824,-0.088055,0.064131,0.916255,3.085584,0.983293,2.999721,0,13.297029
26685.696908,1.910628,0.013958,-3.646089,-0.212753,0.540113,-0.001559,-0.001902,-0.057628,-0.101716,0.058842,0.957824,3.101716,1.016667,3.000000,1,13.342006
26685.716899,1.905058,0.012121,-3.557684,-0.197120,0.547758,-0.000980,-0.001310,-0.087946,-0.112596,0.065723,0.994277,3.112596,1.060000,3.000000,1,13.386979
26685.736906,1.902266,0.011604,-3.457081,-0.180282,0.555373,-0.001971,-0.003492,-0.058357,-0.122410,0.058261,1.048406,3.122410,1.106667,3.000000,1,13.432838
26685.771584,1.900586,0.009608,-3.273166,-0.157917,0.557108,-0.003524,0.000427,-0.264065,-0.127586,0.056333,1.093667,3.127586,1.150000,3.000000,1,13.481618
26685.777536,1.901264,0.009688,-3.073110,-0.133370,0.559286,0.001461,-0.004165,0.100872,-0.132138,0.061220,1.138780,3.132138,1.200000,3.000000,1,13.526932
26685.796907,1.904200,0.008435,-2.836487,-0.106378,0.561225,-0.000574,-0.002212,-0.096884,-0.130523,0.060765,1.185902,3.130523,1.246667,3.000000,1,13.573198
26685.816896,1.909950,0.012757,-2.451259,-0.080249,0.560608,-0.000271,-0.001576,-0.079874,-0.128159,0.063017,1.230317,3.128159,1.293333,3.000000,1,13.619426
26685.836907,1.917207,0.015142,-1.993903,-0.057118,0.559644,0.000148,-0.001307,-0.070762,-0.122267,0.059763,1.276903,3.122267,1.336667,3.000000,1,13.664911
26685.873608,1.925553,0.015064,-1.542194,-0.034671,0.558188,-0.007211,0.004087,-0.295018,-0.114677,0.060576,1.322758,3.114677,1.383333,3.000000,1,13.711001
26685.880211,1.934076,0.014412,-1.113250,-0.016578,0.555888,0.007290,-0.007430,0.151436,-0.104011,0.055805,1.374195,3.104011,1.430000,3.000000,1,13.759440
26685.896907,1.944242,0.008479,-0.786463,-0.001486,0.550284,-0.000067,-0.003640,-0.117366,-0.098220,0.064908,1.411759,3.098220,1.476667,3.000000,1,13.804908
26685.916902,1.951167,0.008784,-0.560291,0.009693,0.549165,0.000264,-0.001579,-0.082461,-0.090522,0.066802,1.456531,3.090522,1.523333,3.000000,1,13.848184
26685.936905,1.959609,0.010939,-0.268808,0.015268,0.546264,0.000520,-0.001464,-0.045795,-0.081601,0.062263,1.504404,3.081601,1.566667,3.000000,1,13.895019
26685.972552,1.968047,0.009744,-0.034994,0.018915,0.540559,-0.005223,0.001548,-0.109989,-0.072417,0.060737,1.552596,3.072417,1.613333,3.000000,1,13.943482
26685.978356,1.976136,0.008333,0.127251,0.022024,0.534716,0.005682,-0.001923,0.060666,-0.064480,0.063730,1.599603,3.064480,1.663333,3.000000,1,13.991972
26685.996922,1.983864,0.006384,0.236531,0.025022,0.528926,0.001444,-0.001530,-0.039060,-0.054324,0.063734,1.646266,3.054324,1.710000,3.000000,1,14.039248
26686.016902,1.991400,0.004478,0.294613,0.030032,0.523760,0.001439,-0.002873,-0.089523,-0.044862,0.063935,1.692732,3.044862,1.756667,3.000000,1,14.086552
26686.036890,1.998891,0.002905,0.317048,0.035927,0.518898,0.001864,-0.004249,-0.131849,-0.038389,0.064632,1.742034,3.038389,1.806667,3.000000,1,14.134742
26686.071769,2.006274,0.002169,0.331885,0.040992,0.512801,-0.001382,-0.005409,-0.256989,-0.029132,0.064052,1.789281,3.029132,1.853333,3.000000,1,14.183549
26686.077616,2.013520,0.001620,0.336741,0.047338,0.507869,0.005993,-0.003897,-0.081735,-0.020830,0.066191,1.837142,3.020830,1.903333,3.000000,1,14.231988
26686.096925,2.020748,0.001161,0.332718,0.053301,0.503534,0.001289,-0.001690,-0.061833,-0.013625,0.064468,1.885532,3.013625,1.950000,3.000000,1,14.280308
26686.116913,2.025638,0.008086,0.539509,0.053013,0.498751,0.001095,-0.001445,-0.044858,-0.007287,0.065966,1.934034,3.007287,2.000000,3.000000,1,14.329240
26686.136905,2.030337,0.008143,0.683595,0.050695,0.494096,0.000868,-0.000258,-0.012198,-0.002353,0.063973,1.982693,3.002353,2.046667,3.000000,1,14.378343
26686.171282,2.034616,0.006791,0.773529,0.045618,0.489018,-0.001746,0.002330,0.037658,0.002148,0.064417,2.032250,2.997852,2.096667,3.000000,1,14.427551
26686.177429,2.038356,0.005258,0.830561,0.040750,0.483385,0.002833,0.000383,0.046199,0.007520,0.064403,2.082264,2.992480,2.146667,3.000000,1,14.477919
26686.196888,2.042123,0.003850,0.858569,0.034717,0.477625,0.000736,0.001577,0.054297,0.011473,0.065165,2.131502,2.988527,2.196667,3.000000,1,14.527714
26686.216892,2.045497,0.000395,0.797063,0.029289,0.472320,0.000830,0.002868,0.091091,0.014517,0.064871,2.181796,2.985483,2.246667,3.000000,1,14.577735
26686.236908,2.048726,-0.000253,0.748638,0.023347,0.467182,0.001080,0.004512,0.144260,0.015013,0.064613,2.232053,2.984987,2.296667,3.000000,1,14.628213
26686.269988,2.051946,0.000234,0.726269,0.014488,0.461680,-0.000214,0.005988,0.291708,0.016961,0.067357,2.279310,2.983039,2.346667,3.000000,1,14.676697
26686.276917,2.054775,0.000062,0.695375,0.007955,0.456983,0.002495,0.005366,0.112443,0.017723,0.065940,2.330727,2.982277,2.396667,3.000000,1,14.726057
26686.296912,2.057833,0.001016,0.699500,0.001228,0.451844,0.000313,0.001408,0.084674,0.018736,0.071135,2.372198,2.981264,2.443333,3.000000,1,14.773401
26686.316908,2.059379,-0.007615,0.459467,0.000411,0.450117,0.000770,0.000622,-0.023961,0.018114,0.063003,2.430330,2.981886,2.493333,3.000000,1,14.822933
26686.336907,2.061249,-0.008461,0.203956,0.000888,0.444699,0.000578,0.000016,0.001033,0.017417,0.059976,2.480024,2.982583,2.540000,3.000000,1,14.875839
26686.371040,2.062631,-0.005692,0.098867,0.001815,0.439280,0.000333,-0.001456,0.006378,0.016235,0.064341,2.528992,2.983765,2.593333,3.000000,1,14.925997
26686.376955,2.063796,-0.003225,0.048718,0.001717,0.434063,0.001150,0.000925,-0.015674,0.015997,0.064764,2.578569,2.984003,2.643333,3.000000,1,14.975724
26686.396910,2.064999,-0.001631,0.026872,0.001088,0.428871,0.000749,0.000158,0.004666,0.014436,0.065480,2.627854,2.985564,2.693333,3.000000,1,15.024923
26686.416912,2.065619,-0.000531,0.024769,0.000148,0.423673,0.000695,0.000093,0.005179,0.013690,0.065767,2.677566,2.986310,2.743333,3.000000,1,15.074152
26686.436910,2.065882,-0.000407,0.018289,-0.000600,0.418565,0.000658,0.000184,0.005808,0.013112,0.066916,2.726418,2.986888,2.793333,3.000000,1,15.123869
26686.471908,2.065814,-0.000378,0.009519,-0.000312,0.414171,0.001284,-0.000065,0.004634,0.010650,0.069017,2.774317,2.989350,2.843333,3.000000,1,15.172829
26686.477731,2.065402,-0.000329,0.002980,-0.000834,0.411640,-0.000196,0.000135,-0.001464,0.010394,0.065824,2.824176,2.989606,2.890000,3.000000,1,15.221043
26686.496910,2.064881,-0.000245,-0.001665,-0.000583,0.409643,0.000300,-0.000006,-0.000460,0.008058,0.069151,2.870849,2.991942,2.940000,3.000000,1,15.269404
26686.516915,2.064012,-0.000228,-0.006510,-0.000832,0.410216,0.000351,0.000017,0.000857,0.005729,0.067696,2.918970,2.994271,2.986667,3.000000,1,15.316880
26686.536905,2.063189,-0.000196,-0.009897,-0.001295,0.410867,0.000364,0.000026,0.001372,0.003293,0.069350,2.967317,2.996707,3.036667,3.000000,1,15.364329
26686.571097,2.062428,-0.000249,-0.014943,-0.002338,0.412259,0.001057,0.000221,0.014036,0.003647,0.067173,3.016160,2.996353,3.083333,3.000000,1,15.413378
26686.576903,2.061723,-0.000230,-0.019203,-0.000943,0.413617,-0.000380,0.000005,-0.002233,0.004030,0.067660,3.065674,2.995970,3.133333,3.000000,1,15.462937
26686.596907,2.061067,-0.000158,-0.021164,0.001060,0.414572,0.000260,-0.000100,-0.006023,0.002466,0.067695,3.112305,2.997534,3.180000,3.000000,1,15.510833
26686.616910,2.060442,0.000412,-0.008366,0.001708,0.416168,0.000255,-0.000170,-0.005454,0.001166,0.070276,3.159724,2.998834,3.230000,3.000000,1,15.557788
26686.636907,2.059912,0.000546,0.005269,0.002797,0.417661,0.000138,-0.000457,-0.014569,-0.000016,0.070035,3.206631,3.000016,3.276667,3.000000,1,15.605166
26686.696254,2.059356,0.000406,0.012561,0.004612,0.419604,0.001236,0.000425,-0.019873,-0.002833,0.029705,3.293628,3.002833,3.323333,3.000000,1,15.669738
26686.705644,2.058896,0.001134,0.053649,0.007398,0.413196,0.000128,-0.000858,-0.000930,-0.006673,0.016499,3.370168,3.006673,3.386667,3.000000,1,15.748704
26686.725661,2.058576,0.000702,0.073231,0.008079,0.407668,0.000622,-0.000204,-0.010605,-0.007192,0.049571,3.417096,3.007192,3.466667,3.000000,1,15.812556
26686.793237,2.057937,0.001169,0.096139,0.005271,0.407206,0.002776,0.000882,0.034580,-0.004946,0.036862,3.493138,3.004946,3.530000,3.000000,1,15.874482
26686.798705,2.056514,0.001058,0.127602,-0.000595,0.402032,-0.001474,0.000654,0.031862,-0.006048,0.008023,3.585311,3.006048,3.593333,3.000000,1,15.955533
26686.818756,2.054619,0.000545,0.138810,-0.015053,0.395114,0.000598,0.001145,0.064559,-0.006623,0.041821,3.631512,3.006623,3.673333,3.000000,1,16.026316
26686.838760,2.053197,-0.004506,0.011251,-0.029339,0.392845,0.000320,0.000847,0.046100,-0.005306,0.067907,3.675426,3.005306,3.743333,3.000000,1,16.074699
26686.872758,2.051176,-0.008627,-0.200001,-0.043706,0.390720,0.002368,-0.000698,0.165410,-0.005181,0.070229,3.723104,3.005181,3.793333,3.000000,1,16.120485
26686.878736,2.049054,-0.010872,-0.431261,-0.062052,0.388546,-0.001238,0.003671,-0.059536,-0.003800,0.071125,3.768875,3.003800,3.840000,3.000000,1,16.166859
26686.898745,2.046757,-0.009529,-0.604681,-0.085699,0.387024,0.001165,0.002451,0.125562,-0.002999,0.069911,3.816755,3.002999,3.886667,3.000000,1,16.213546
26686.918743,2.043350,-0.014532,-0.890622,-0.112969,0.385232,0.001000,0.001593,0.078472,-0.000677,0.070568,3.862766,3.000677,3.933333,3.000000,1,16.260112
26686.938735,2.038286,-0.019601,-1.290446,-0.139473,0.383543,0.000960,0.001457,0.070008,0.001134,0.072546,3.907454,2.998866,3.980000,3.000000,1,16.305521
26686.974270,2.031642,-0.021912,-1.697053,-0.165642,0.382766,0.007825,-0.002350,0.287982,0.005691,0.072005,3.951194,2.997136,4.023386,2.999453,1,16.350147
26686.979633,2.023384,-0.022324,-2.083159,-0.189746,0.383078,-0.005706,0.004598,-0.165072,0.013118,0.073483,3.995359,2.992374,4.069954,2.995082,1,16.394160
26686.998760,2.014631,-0.018875,-2.375667,-0.212998,0.384047,0.001623,0.002550,0.089877,0.015629,0.069722,4.041206,2.987626,4.112656,2.987143,1,16.438925
26687.018737,2.003857,-0.017961,-2.649749,-0.235171,0.384861,0.001121,0.000876,0.034528,0.014191,0.065713,4.087627,2.982338,4.154508,2.975528,1,16.484615
26687.038738,1.990295,-0.017990,-2.961420,-0.254467,0.385796,0.000922,0.000601,0.023746,0.015729,0.068693,4.128968,2.971810,4.198267,2.959010,1,16.528436
26687.073368,1.975137,-0.015970,-3.229460,-0.267527,0.388019,0.013215,-0.002857,0.129471,0.011197,0.064933,4.174889,2.961040,4.237355,2.940071,1,16.571371
26687.079052,1.959118,-0.012656,-3.444422,-0.278742,0.390887,-0.011618,0.003382,-0.095235,0.009184,0.066523,4.214018,2.946679,4.274651,2.917812,1,16.613630
26687.098738,1.942442,-0.008497,-3.596754,-0.284555,0.394521,0.000472,0.000449,0.012393,0.005879,0.066861,4.253759,2.929223,4.309875,2.892400,1,16.655107
26687.118734,1.925159,-0.005279,-3.710810,-0.286367,0.398850,0.000064,0.000052,0.000859,0.002305,0.065637,4.290664,2.909296,4.340320,2.866309,1,16.696176
26687.138743,1.907345,-0.002937,-3.798262,-0.283990,0.403883,-0.000186,-0.000066,-0.002661,-0.000249,0.065390,4.324574,2.886234,4.368576,2.837864,1,16.736108
26687.173722,1.889924,-0.001131,-3.851989,-0.278103,0.409984,0.011551,-0.000167,-0.002166,-0.002984,0.065441,4.356604,2.860707,4.394462,2.807245,1,16.775542
26687.179616,1.873374,0.000005,-3.874733,-0.268884,0.416777,-0.011680,-0.000519,-0.009130,-0.003340,0.065488,4.384630,2.831209,4.417812,2.774651,1,16.814194
26687.198734,1.857365,-0.000051,-3.879202,-0.254969,0.422450,-0.001671,-0.000653,-0.021026,-0.005444,0.066089,4.411488,2.800864,4.438475,2.740291,1,16.852723
26687.218739,1.843596,0.000270,-3.840558,-0.238949,0.429184,-0.001646,-0.001519,-0.044565,-0.006746,0.063517,4.434730,2.768023,4.454942,2.707431,1,16.891811
26687.238740,1.831498,-0.000432,-3.774798,-0.219844,0.435948,-0.002336,-0.002018,-0.073145,-0.010786,0.065392,4.457967,2.735468,4.470100,2.670312,1,16.930146
26687.297129,1.821273,-0.000946,-3.676538,-0.199314,0.443267,0.004034,0.005178,-0.134743,-0.014837,0.028656,4.488974,2.663655,4.482235,2.632098,1,16.984657
26687.302966,1.809890,-0.002089,-3.297756,-0.168606,0.439574,-0.005241,-0.007301,0.041250,-0.012376,0.035752,4.500086,2.617137,4.493580,2.579867,1,17.044905
26687.323057,1.803984,-0.008074,-3.159217,-0.137168,0.438419,-0.002233,-0.003717,-0.164829,-0.007481,0.058116,4.504743,2.578416,4.499598,2.520047,1,17.089570
26687.368988,1.802116,-0.003665,-2.880394,-0.108609,0.439670,-0.002234,0.004809,-0.463973,-0.008286,0.060334,4.508286,2.537001,4.500000,2.476667,1,17.130452
26687.374835,1.803317,0.002345,-2.428924,-0.085905,0.438468,0.001624,-0.008952,0.294255,-0.008236,0.034791,4.508236,2.468125,4.500000,2.433333,1,17.184188
26687.383046,1.805766,-0.003544,-1.950463,-0.059892,0.435341,-0.000937,-0.007722,-0.178031,-0.009095,0.073685,4.509095,2.453685,4.500000,2.380000,1,17.228465
26687.403054,1.806295,-0.005765,-1.887745,-0.037295,0.443136,-0.000659,-0.001943,-0.097440,-0.009240,0.075789,4.509240,2.412456,4.500000,2.336667,1,17.258514
26687.423036,1.809853,0.006214,-1.335704,-0.026081,0.446080,-0.000285,-0.000901,-0.040408,-0.009598,0.063460,4.509598,2.370126,4.500000,2.306667,1,17.298949
26687.469287,1.813715,0.008045,-0.892069,-0.020961,0.447049,-0.005625,0.004367,-0.189571,-0.009945,0.065478,4.509945,2.332145,4.500000,2.266667,1,17.339561
26687.475338,1.817716,0.005632,-0.606954,-0.017711,0.449739,0.005500,-0.004520,0.132255,-0.010942,0.041190,4.510942,2.267857,4.500000,2.226667,1,17.389535
26687.483040,1.824537,0.000586,-0.405686,-0.013844,0.445348,0.000098,-0.000889,-0.019588,-0.011019,0.076638,4.511019,2.253304,4.500000,2.176667,1,17.431014
26687.503042,1.826212,-0.000038,-0.379341,-0.010704,0.451599,-0.000066,-0.000259,-0.012893,-0.010084,0.079777,4.510084,2.213110,4.500000,2.133333,1,17.460435
26687.523046,1.830575,0.000671,-0.283308,-0.009134,0.457361,-0.000031,-0.000129,-0.005967,-0.011607,0.069468,4.511607,2.172801,4.500000,2.103333,1,17.498848
26687.570013,1.835246,0.000505,-0.216150,-0.008141,0.462368,-0.006682,0.000475,-0.033244,-0.010146,0.065539,4.510146,2.132206,4.500000,2.066667,1,17.539381
26687.576660,1.840036,-0.000069,-0.177735,-0.007094,0.466991,0.006805,-0.000962,0.009064,-0.012118,0.031234,4.512118,2.057901,4.500000,2.026667,1,17.595172
26687.583031,1.848556,-0.000953,-0.154897,-0.004824,0.462200,-0.000559,-0.000453,-0.011314,-0.012103,0.080506,4.512103,2.050506,4.500000,1.970000,1,17.638400
26687.603072,1.849521,-0.000883,-0.151524,-0.004095,0.466945,0.000181,-0.000192,-0.009345,-0.014765,0.082305,4.514765,2.008972,4.500000,1.926667,1,17.665992
26687.623063,1.854730,-0.000007,-0.118031,-0.003877,0.471006,-0.000098,-0.000014,-0.000753,-0.026895,0.071357,4.526895,1.971357,4.500000,1.900000,1,17.704295
26687.669852,1.859809,0.000182,-0.089972,-0.008169,0.475208,-0.006908,0.000556,0.031065,-0.030027,0.068488,4.530027,1.928488,4.500000,1.860000,1,17.744385
26687.676086,1.865275,-0.000845,-0.094914,-0.011924,0.478601,0.007119,0.000206,-0.008706,-0.030436,0.039199,4.530436,1.859199,4.500000,1.820000,1,17.798475
26687.683026,1.874093,-0.001480,-0.122367,-0.011018,0.474785,0.000319,0.000151,0.003403,-0.030384,0.077492,4.530384,1.844158,4.500000,1.766667,1,17.842386
26687.703060,1.876191,-0.001728,-0.131649,-0.011289,0.479831,0.000139,-0.000046,-0.002149,-0.032422,0.079070,4.532422,1.802403,4.500000,1.723333,1,17.873041
26687.723033,1.881707,-0.002228,-0.162603,-0.010989,0.483938,0.000157,-0.000021,-0.001082,-0.032200,0.065311,4.532200,1.758645,4.500000,1.693333,1,17.914559
26687.769788,1.887393,-0.001942,-0.175317,-0.010610,0.487113,-0.007233,-0.000222,-0.001003,-0.032976,0.064768,4.532976,1.714768,4.500000,1.650000,1,17.958364
26687.776065,1.893232,-0.001596,-0.178493,-0.009291,0.489649,0.007511,-0.000005,-0.003497,-0.039705,0.037570,4.539705,1.644236,4.500000,1.606667,1,18.014098
26687.783033,1.902547,-0.001334,-0.177917,-0.011938,0.484063,0.000368,0.000302,0.006487,-0.039746,0.079017,4.539746,1.629017,4.500000,1.550000,1,18.058867
26687.803033,1.904752,-0.001213,-0.175822,-0.014177,0.490248,0.000236,0.000300,0.014682,-0.039090,0.078838,4.539090,1.585505,4.500000,1.506667,1,18.090975
26687.823051,1.910542,-0.001917,-0.191298,-0.015249,0.495031,0.000074,0.000089,0.004085,-0.044633,0.069379,4.544633,1.542712,4.500000,1.473333,1,18.133616
26687.870947,1.916365,-0.002462,-0.219940,-0.019511,0.499355,-0.008081,0.000594,0.069511,-0.045017,0.070541,4.545017,1.500541,4.500000,1.430000,1,18.176481
26687.876798,1.922228,-0.002454,-0.241503,-0.024532,0.503541,0.008762,0.001654,0.017274,-0.036321,0.030364,4.536321,1.420364,4.500000,1.390000,1,18.235076
26687.883060,1.932732,-0.001908,-0.253959,-0.032419,0.498135,-0.000529,0.001795,0.041379,-0.036360,0.082633,4.536360,1.412633,4.500000,1.330000,1,18.281479
26687.903031,1.933865,-0.002404,-0.265153,-0.040057,0.503562,0.000381,0.001054,0.051077,-0.038933,0.085660,4.538933,1.368994,4.500000,1.283333,1,18.310765
26687.923063,1.939669,-0.007247,-0.413684,-0.050148,0.507677,0.000278,0.000828,0.038696,-0.038782,0.071339,4.538782,1.324673,4.500000,1.253333,1,18.352704
26687.971077,1.945343,-0.010004,-0.591956,-0.061506,0.511462,-0.006986,-0.000010,0.236106,-0.036303,0.066660,4.536303,1.279994,4.500000,1.213333,1,18.396647
26687.977491,1.951025,-0.009757,-0.730460,-0.075663,0.515257,0.008572,0.005997,0.006576,-0.036214,0.031998,4.536214,1.198665,4.500000,1.166667,1,18.457416
26687.983081,1.961080,-0.006489,-0.824546,-0.106387,0.511862,0.000392,0.005081,0.115472,-0.036089,0.084158,4.536089,1.190825,4.500000,1.106667,1,18.504542
26688.003025,1.962066,-0.007182,-0.847757,-0.133145,0.515189,0.001973,0.003769,0.169587,-0.034827,0.086845,4.534827,1.146845,4.500000,1.060000,1,18.533038
26688.023023,1.964783,-0.020403,-1.263246,-0.153647,0.516055,0.001843,0.003682,0.111228,-0.033319,0.067698,4.533319,1.101031,4.500000,1.033333,1,18.574785
26688.071103,1.966550,-0.024640,-1.707361,-0.171141,0.517564,0.003475,-0.000384,0.561937,-0.034408,0.065736,4.535617,1.055030,4.499900,0.989996,1,18.618101
26688.077345,1.968715,-0.020965,-1.972247,-0.195020,0.522176,0.005230,0.012326,-0.019398,-0.023802,0.028217,4.523828,0.972262,4.497155,0.946741,1,18.677716
26688.083197,1.972928,-0.011951,-2.153008,-0.235020,0.516564,0.002173,0.004682,0.114348,-0.017210,0.082880,4.522602,0.964467,4.487198,0.887579,1,18.723925
26688.103035,1.972802,-0.012855,-2.193476,-0.266288,0.506564,0.002921,0.001382,0.052602,-0.011966,0.085587,4.512886,0.920111,4.474592,0.842640,1,18.751856
26688.123038,1.965191,-0.025060,-2.682217,-0.267646,0.507200,0.000405,0.000066,0.001308,-0.013002,0.068161,4.502501,0.876268,4.465524,0.817551,1,18.793307
26688.171099,1.955939,-0.026630,-3.112275,-0.270348,0.508469,0.013641,-0.009333,0.251569,-0.009179,0.067753,4.486292,0.834548,4.447974,0.777921,1,18.836079
26688.177643,1.947055,-0.021804,-3.408695,-0.270838,0.510396,-0.013022,0.010240,-0.208225,-0.016431,0.026230,4.456367,0.756857,4.428784,0.742815,1,18.894809
26688.183064,1.931002,-0.009517,-3.690938,-0.268513,0.509376,0.000675,-0.000438,0.005786,-0.010776,0.080307,4.452663,0.750125,4.394893,0.693309,1,18.940218
26688.203033,1.929078,-0.008304,-3.708796,-0.269475,0.517705,-0.000243,-0.000066,-0.003810,-0.010809,0.082709,4.429059,0.710734,4.364576,0.657824,1,18.967620
26688.223024,1.919476,-0.003121,-3.777193,-0.270641,0.525113,-0.000178,0.000009,-0.000945,-0.013180,0.064590,4.401573,0.674018,4.345807,0.638866,1,19.009053
26688.269246,1.910019,0.000672,-3.812260,-0.270951,0.530736,0.011903,-0.001069,0.002115,-0.013001,0.060335,4.370812,0.640405,4.315825,0.612373,1,19.052664
26688.275516,1.900870,0.003031,-3.826938,-0.270109,0.533860,-0.011987,0.000628,-0.001182,-0.022802,0.036944,4.324441,0.588388,4.281069,0.586478,1,19.105485
26688.283020,1.886100,0.004135,-3.829266,-0.265037,0.531496,-0.000467,-0.000241,-0.004805,-0.017965,0.077537,4.312286,0.579551,4.235423,0.558892,1,19.146793
26688.303025,1.882501,0.004031,-3.826974,-0.262270,0.537192,-0.000866,-0.000702,-0.020254,-0.019937,0.080256,4.277976,0.553340,4.196337,0.540161,1,19.175726
26688.323039,1.873989,0.003236,-3.821202,-0.256743,0.540467,-0.001559,-0.001158,-0.032260,-0.023614,0.068737,4.244198,0.531744,4.171532,0.530344,1,19.213340
26688.370449,1.865735,0.002006,-3.812859,-0.247790,0.543257,0.004875,0.000293,-0.121155,-0.022596,0.068818,4.205784,0.514722,4.133432,0.518133,1,19.252290
26688.376496,1.857970,0.000546,-3.802609,-0.237024,0.546166,-0.011578,-0.004256,-0.036214,-0.023380,0.044970,4.146422,0.495511,4.097750,0.509648,1,19.300936
26688.383044,1.845243,-0.002797,-3.806353,-0.213957,0.544238,-0.002122,-0.002706,-0.056258,-0.016142,0.082314,4.131771,0.494219,4.048282,0.502337,1,19.339558
26688.403034,1.842831,-0.002744,-3.792425,-0.196120,0.549472,-0.002083,-0.003185,-0.101259,-0.012980,0.077569,4.089522,0.488970,4.011672,0.500136,1,19.368562
26688.423032,1.841593,0.001923,-3.612688,-0.185615,0.552776,-0.001315,-0.001673,-0.068605,-0.009153,0.067585,4.048865,0.488711,3.981661,0.500336,1,19.407437
26688.473120,1.841893,0.004182,-3.396448,-0.182579,0.554555,-0.002892,0.006770,-0.216103,-0.007855,0.066284,4.006687,0.487881,3.941770,0.503402,1,19.448231
26688.478687,1.843438,0.002851,-3.179887,-0.189416,0.555063,0.002699,-0.007110,0.167996,-0.007278,0.031897,3.932109,0.496274,3.902250,0.509648,1,19.504107
26688.486200,1.846432,-0.005724,-2.972401,-0.204531,0.546863,0.000317,0.001389,0.035645,-0.003681,0.073213,3.915992,0.498007,3.847396,0.523857,1,19.550990
26688.503037,1.846557,-0.007631,-2.951310,-0.221560,0.545605,0.001416,0.001543,0.047465,0.001609,0.084049,3.881593,0.508637,3.803663,0.540161,1,19.579053
26688.523037,1.846334,-0.014031,-3.008487,-0.235304,0.543622,0.001083,0.001610,0.046567,-0.007010,0.070552,3.839639,0.513871,3.779417,0.551287,1,19.614160
26688.572952,1.844576,-0.018989,-3.131453,-0.251328,0.541937,0.006674,-0.000076,0.238389,-0.009880,0.067638,3.800469,0.525932,3.747117,0.568664,1,19.652081
26688.578300,1.842016,-0.022014,-3.276307,-0.263694,0.540021,-0.004796,0.001511,-0.183455,-0.020163,0.034759,3.733350,0.552032,3.716179,0.588362,1,19.703377
26688.583878,1.835824,-0.021606,-3.515490,-0.267961,0.531225,0.000881,0.000450,0.019730,-0.015854,0.082920,3.726472,0.554844,3.673947,0.620936,1,19.741701
26688.603052,1.835097,-0.021252,-3.534040,-0.273837,0.531712,0.000735,0.000527,0.013336,-0.018561,0.080266,3.690785,0.576049,3.647037,0.645858,1,19.765778
26688.623047,1.829871,-0.020717,-3.645759,-0.275199,0.532294,0.000280,0.000124,0.002568,-0.022168,0.064538,3.658063,0.600121,3.630892,0.662717,1,19.802774
26688.672265,1.823958,-0.019462,-3.739630,-0.271727,0.533157,0.008472,-0.002390,0.036730,-0.021201,0.062971,3.629460,0.628092,3.607161,0.690682,1,19.841219
26688.677631,1.818245,-0.017489,-3.798411,-0.261506,0.532242,-0.008639,0.001905,-0.044495,-0.023963,0.026739,3.578544,0.687547,3.583687,0.723082,1,19.895763
26688.683040,1.808338,-0.014627,-3.844555,-0.240789,0.524975,-0.000335,-0.001398,-0.027133,-0.016587,0.075510,3.576734,0.694371,3.556559,0.769002,1,19.938106
26688.703039,1.807207,-0.014325,-3.844413,-0.224137,0.529890,-0.000922,-0.000984,-0.043464,-0.016704,0.079607,3.553318,0.728346,3.538220,0.808273,1,19.963154
26688.723046,1.805044,-0.008746,-3.722178,-0.207277,0.533743,-0.000556,-0.000853,-0.036591,-0.013567,0.061147,3.537802,0.767917,3.529775,0.830035,1,20.001888
26688.772199,1.804625,-0.005198,-3.543224,-0.187473,0.533065,-0.002163,0.004243,-0.276773,-0.012016,0.060760,3.522119,0.806398,3.517691,0.868176,1,20.043764
26688.778195,1.805851,-0.003264,-3.324591,-0.166305,0.531606,0.001605,-0.007091,0.180542,-0.011056,0.035495,3.503567,0.873539,3.508086,0.910440,1,20.096999
26688.784487,1.808492,-0.008424,-3.035754,-0.137468,0.526293,-0.001204,-0.005368,-0.100082,-0.003385,0.075246,3.503485,0.888056,3.501345,0.963348,1,20.140108
26688.803031,1.809105,-0.009864,-2.994121,-0.110243,0.532306,-0.002766,-0.007190,-0.248231,0.001021,0.088249,3.501021,0.918417,3.500000,1.006667,1,20.165743
26688.823028,1.813242,-0.003868,-2.707069,-0.086743,0.536853,-0.001424,-0.003413,-0.158118,-0.000022,0.072182,3.499978,0.957818,3.500000,1.030000,1,20.200468
26688.872237,1.820097,0.004307,-2.236283,-0.065945,0.537717,-0.012001,0.007055,-0.472444,-0.000341,0.067574,3.499659,0.999093,3.500000,1.066667,1,20.240672
26688.878729,1.828480,0.008154,-1.721285,-0.046603,0.537533,0.011324,-0.010582,0.297446,-0.003791,0.036200,3.496209,1.070467,3.500000,1.106667,1,20.294859
26688.884314,1.842701,-0.000220,-1.225846,-0.025746,0.532038,-0.000924,-0.004475,-0.113464,-0.001138,0.082545,3.498862,1.077455,3.500000,1.160000,1,20.336303
26688.903057,1.844268,-0.001040,-1.198045,-0.006715,0.535563,-0.000253,-0.014457,-0.406104,0.003246,0.081589,3.503246,1.118411,3.500000,1.200000,1,20.362925
26688.923052,1.852415,-0.003828,-1.076432,0.018429,0.537576,-0.000234,-0.006218,-0.291162,-0.000090,0.067261,3.499910,1.159406,3.500000,1.226667,1,20.402505
26688.969465,1.860767,0.008920,-0.680421,0.038794,0.535938,-0.010513,0.003490,-0.492515,-0.003853,0.063718,3.496147,1.202949,3.500000,1.266667,1,20.445052
26688.975530,1.869140,0.019208,-0.072136,0.051802,0.532083,0.011143,-0.006543,0.336404,-0.001476,0.038198,3.498524,1.271802,3.500000,1.310000,1,20.499819
26688.983038,1.882527,0.014747,0.446425,0.069216,0.525509,0.000881,-0.004603,-0.098458,0.005317,0.076744,3.505317,1.286589,3.500000,1.363333,1,20.544113
26689.003057,1.885820,0.012947,0.506890,0.092987,0.525134,0.000848,-0.001789,-0.089254,0.004806,0.081469,3.504806,1.328531,3.500000,1.410000,1,20.574770
26689.023042,1.891891,0.020912,0.914637,0.112775,0.522573,0.000848,-0.001274,-0.057737,0.002205,0.068016,3.502205,1.371984,3.500000,1.440000,1,20.615991
26689.069583,1.897027,0.024414,1.313146,0.130759,0.520687,-0.004141,0.004150,-0.317461,0.001487,0.064420,3.501487,1.415580,3.500000,1.480000,1,20.660181
26689.075133,1.901246,0.025356,1.658657,0.148293,0.520190,0.005992,-0.006303,0.212300,-0.020032,0.036329,3.481224,1.489376,3.499285,1.526724,1,20.718903
26689.083039,1.907782,0.020348,1.986918,0.169318,0.514604,0.001582,-0.004268,-0.095575,-0.020348,0.074475,3.485358,1.506343,3.493035,1.583165,1,20.768931
26689.103047,1.909301,0.018925,2.031790,0.191543,0.518313,0.001287,-0.001402,-0.064749,-0.029739,0.078044,3.474171,1.548970,3.482235,1.632098,1,20.803879
26689.123043,1.908841,0.025289,2.366062,0.208321,0.520820,0.001002,-0.000790,-0.031844,-0.034137,0.068118,3.461829,1.591555,3.471228,1.667166,1,20.848429
26689.168130,1.907342,0.027038,2.691223,0.219192,0.523216,0.004283,0.005115,-0.225554,-0.034137,0.063502,3.450226,1.635490,3.454942,1.707431,1,20.895400
26689.173847,1.905200,0.025423,2.953466,0.227906,0.526651,-0.002915,-0.006292,0.180174,-0.036982,0.033341,3.418106,1.701704,3.433569,1.749035,1,20.955711
26689.183032,1.901269,0.018711,3.204983,0.234598,0.524034,0.000836,-0.000529,-0.022816,-0.035701,0.075289,3.417008,1.717592,3.400544,1.799274,1,21.004088
26689.203061,1.900036,0.017375,3.250245,0.238708,0.528601,0.000452,-0.000187,-0.006603,-0.035536,0.078647,3.395524,1.755876,3.368576,1.837864,1,21.037293
26689.223059,1.895818,0.015385,3.371438,0.239617,0.532451,0.000276,-0.000069,-0.000950,-0.032185,0.065907,3.370648,1.792943,3.345186,1.861727,1,21.081266
26689.269656,1.891557,0.012772,3.455840,0.238039,0.536186,0.006051,0.002627,-0.025113,-0.028282,0.065004,3.345560,1.827615,3.312491,1.890320,1,21.125477
26689.275313,1.887546,0.010064,3.505060,0.231890,0.539820,-0.005398,-0.002139,0.029389,-0.020318,0.035353,3.295575,1.879447,3.277438,1.915967,1,21.180915
26689.283053,1.881168,0.006907,3.536067,0.219550,0.538016,-0.000685,0.001306,0.029478,-0.024439,0.075225,3.284227,1.888629,3.228483,1.944742,1,21.226389
26689.303055,1.879543,0.006438,3.538851,0.205354,0.543948,-0.000451,0.000740,0.034583,-0.021487,0.074261,3.249650,1.914927,3.189024,1.962893,1,21.258896
26689.323077,1.878240,0.001915,3.442506,0.188388,0.547776,-0.000304,0.000866,0.039740,-0.016571,0.064121,3.213306,1.938538,3.157684,1.974485,1,21.301184
26689.370692,1.878551,-0.001354,3.291173,0.169446,0.550735,-0.002777,-0.003380,0.257596,-0.012578,0.064529,3.175766,1.959185,3.115910,1.986379,1,21.344400
26689.376687,1.880567,-0.003493,3.093925,0.148106,0.552822,0.003199,0.006504,-0.165490,0.001160,0.030335,3.103440,1.991306,3.073262,1.994604,1,21.402543
26689.383052,1.885023,0.000821,2.821472,0.121176,0.547575,-0.000910,0.003889,0.106669,-0.004976,0.078505,3.095002,1.992124,3.016707,1.999721,1,21.447495
26689.403029,1.886060,0.000709,2.786857,0.099225,0.553289,-0.000430,0.001889,0.101373,0.003518,0.083889,3.053889,2.003518,2.970000,2.000000,1,21.475665
26689.423079,1.892899,-0.008709,2.357904,0.083004,0.555836,-0.000401,0.003775,0.118377,0.012694,0.068644,3.011977,2.012694,2.943333,2.000000,1,21.516459
26689.471097,1.900111,-0.008101,1.995904,0.070243,0.555516,-0.011099,-0.005204,0.381157,0.019683,0.065797,2.969130,2.019683,2.903333,2.000000,1,21.559419
26689.477744,1.907912,-0.007284,1.683033,0.060480,0.552043,0.011752,0.007241,-0.247219,0.030042,0.031697,2.891697,2.030042,2.860000,2.000000,1,21.617586
26689.483170,1.922384,-0.001235,1.297217,0.058634,0.542043,-0.000440,0.000755,0.029204,0.029173,0.082157,2.882157,2.029173,2.800000,2.000000,1,21.663931
26689.503073,1.923985,-0.000733,1.270816,0.057971,0.533677,0.000629,0.000158,0.007730,0.032381,0.084949,2.838282,2.032381,2.753333,2.000000,1,21.694085
26689.523054,1.931545,-0.000139,1.122328,0.064066,0.523677,0.000522,-0.000477,-0.022215,0.036333,0.072469,2.795802,2.036333,2.723333,2.000000,1,21.735451
26689.571300,1.938082,0.002764,1.065614,0.075454,0.513677,-0.005965,-0.001394,-0.112782,0.035500,0.066262,2.749595,2.035500,2.683333,2.000000,1,21.778787
26689.577393,1.944074,0.006854,1.112008,0.084683,0.503677,0.008209,-0.000612,0.060271,0.034586,0.029718,2.669718,2.034586,2.640000,2.000000,1,21.838867
26689.582999,1.953435,0.008306,1.223189,0.105351,0.493677,0.000549,-0.002843,-0.065617,0.030826,0.078891,2.658891,2.030826,2.580000,2.000000,1,21.886232
26689.603075,1.954489,0.008529,1.237146,0.123561,0.484901,0.001793,-0.002471,-0.115411,0.026822,0.080132,2.613465,2.026822,2.533333,2.000000,1,21.916848
26689.623040,1.956541,0.016002,1.481594,0.143104,0.475730,0.002149,-0.003747,-0.112470,0.021712,0.067911,2.567911,2.021712,2.500000,2.000000,1,21.959994
26689.671054,1.957358,0.018542,1.756450,0.163533,0.467546,0.005885,0.001829,-0.419626,0.011004,0.067093,2.522491,2.014899,2.456607,1.998113,1,22.005248
26689.676984,1.956576,0.020923,2.029064,0.183313,0.460121,-0.002653,-0.004950,0.292017,0.003257,0.030750,2.443265,2.000993,2.413542,1.992468,1,22.065526
26689.683092,1.952325,0.018302,2.450520,0.206002,0.450121,0.002019,-0.002092,-0.067353,-0.006692,0.078973,2.432579,1.995019,2.355058,1.978531,1,22.113661
26689.703032,1.951982,0.018089,2.488833,0.218915,0.446582,0.001643,-0.000933,-0.039850,-0.012783,0.082450,2.388919,1.981497,2.307887,1.961619,1,22.145656
26689.723040,1.944835,0.021280,2.787547,0.226876,0.443762,0.001297,-0.000933,-0.026522,-0.013609,0.066176,2.345913,1.966060,2.280481,1.949234,1,22.189774
26689.771143,1.936921,0.019880,3.029373,0.231514,0.442040,0.015118,0.003893,-0.194728,-0.015464,0.062632,2.303965,1.947513,2.242322,1.928488,1,22.235462
26689.777452,1.929235,0.015931,3.181936,0.232821,0.440295,-0.010831,-0.006305,0.072550,-0.012500,0.031225,2.235963,1.910994,2.203410,1.902535,1,22.294986
26689.783055,1.915288,0.009036,3.303896,0.227528,0.432797,0.001472,-0.000051,-0.006197,-0.019500,0.077592,2.227099,1.903020,2.157239,1.864026,1,22.343334
26689.803060,1.913969,0.008714,3.316052,0.216692,0.435035,0.000845,0.000036,0.005414,-0.021323,0.082534,2.192746,1.876216,2.122523,1.827889,1,22.375147
26689.823034,1.906087,0.006277,3.329899,0.200084,0.436163,-0.000157,0.000809,0.036623,-0.019334,0.068516,2.160565,1.847157,2.103493,1.804602,1,22.417579
26689.870945,1.898847,0.003505,3.289539,0.177601,0.436988,0.006173,0.001175,0.278212,-0.020806,0.067864,2.132607,1.815048,2.078554,1.769041,1,22.460938
26689.877056,1.892524,0.002114,3.212161,0.148047,0.438012,-0.011070,0.007428,0.042316,-0.020278,0.036387,2.091613,1.754318,2.056795,1.731451,1,22.517222
26689.883029,1.880853,0.005040,3.134537,0.108047,0.433593,-0.000743,0.007519,0.172672,-0.026409,0.080369,2.086939,1.745211,2.033410,1.679704,1,22.563240
26689.903039,1.880488,0.003659,3.095066,0.068047,0.436288,-0.001001,0.004913,0.245237,-0.027968,0.083070,2.068065,1.707719,2.018659,1.635318,1,22.594482
26689.923023,1.881531,-0.017738,2.428822,0.028047,0.431085,0.000834,0.003085,0.151349,-0.027258,0.070462,2.052988,1.669204,2.011394,1.606134,1,22.635619
26689.970944,1.884020,-0.027918,1.612742,-0.011953,0.426954,-0.001726,-0.011761,0.756637,-0.025553,0.066160,2.038604,1.628807,2.004461,1.566643,1,22.677661
26689.977338,1.886515,-0.029868,0.821947,-0.050214,0.424182,0.003869,0.018256,-0.462286,-0.019995,0.033247,2.022076,1.555662,2.000547,1.523386,1,22.734157
26689.983738,1.890483,-0.015593,0.026248,-0.090214,0.417736,0.000874,0.007435,0.207861,-0.011346,0.081465,2.015645,1.547129,1.998883,1.466604,1,22.777985
26690.003059,1.890794,-0.015579,-0.043314,-0.129570,0.418051,0.001881,0.003319,0.137524,0.001191,0.084860,2.005921,1.507476,1.994103,1.423434,1,22.805809
26690.023059,1.888773,-0.032271,-0.824406,-0.153186,0.416214,0.001110,0.001473,0.061457,0.008921,0.069995,1.994974,1.467467,1.989304,1.397134,1,22.846010
26690.071312,1.885287,-0.037505,-1.532378,-0.171987,0.417380,0.006778,-0.007379,0.447696,0.014689,0.067589,1.984563,1.427240,1.979489,1.358259,1,22.887754
26690.077505,1.881282,-0.036352,-2.051518,-0.186544,0.420316,-0.005425,0.009493,-0.335810,0.018910,0.037176,1.961371,1.358697,1.965379,1.317181,1,22.943669
26690.083024,1.874072,-0.026971,-2.538831,-0.199399,0.418400,0.001106,0.001269,0.045684,0.028180,0.081836,1.955123,1.351089,1.941648,1.265592,1,22.988685
26690.103055,1.873288,-0.026233,-2.572076,-0.208676,0.425303,0.000761,0.001065,0.044092,0.031614,0.083525,1.938519,1.315437,1.919638,1.228148,1,23.017282
26690.123068,1.866943,-0.026500,-2.798084,-0.215850,0.431843,0.000263,0.001004,0.030043,0.031931,0.071726,1.919375,1.280095,1.902535,1.203410,1,23.056396
26690.170528,1.860145,-0.025087,-2.980588,-0.221899,0.438183,0.009623,-0.002691,0.151891,0.032688,0.065790,1.897650,1.245867,1.879660,1.174641,1,23.097529
26690.176514,1.853263,-0.023453,-3.116474,-0.226817,0.443969,-0.010150,0.003297,-0.116094,0.029242,0.037182,1.856076,1.189830,1.849991,1.142920,1,23.151793
26690.183063,1.840958,-0.020074,-3.276976,-0.226077,0.443881,0.000976,-0.000087,0.008888,0.034831,0.077356,1.848997,1.182877,1.809875,1.107600,1,23.195523
26690.203027,1.839657,-0.019818,-3.289547,-0.225762,0.450517,-0.000110,-0.000027,-0.001758,0.034137,0.077162,1.820378,1.153099,1.774651,1.082188,1,23.224806
26690.223101,1.833068,-0.018667,-3.339959,-0.223628,0.456328,-0.000184,-0.000093,-0.003881,0.031303,0.065444,1.790192,1.126171,1.749035,1.066431,1,23.264542
26690.269059,1.826992,-0.017432,-3.361135,-0.219326,0.462445,0.005926,-0.000619,-0.034128,0.026214,0.065359,1.761403,1.099484,1.713494,1.047871,1,23.304682
26690.274578,1.821283,-0.016667,-3.363827,-0.213838,0.468896,-0.007564,-0.000820,-0.011810,0.019678,0.040853,1.707852,1.065056,1.676581,1.032219,1,23.354194
26690.283054,1.812606,-0.016814,-3.362787,-0.197366,0.467926,-0.001331,-0.002529,-0.056677,0.021376,0.072368,1.693285,1.056200,1.628871,1.016893,1,23.395249
26690.303063,1.810337,-0.016934,-3.359967,-0.185270,0.476068,-0.001459,-0.002229,-0.068301,0.016758,0.069076,1.654694,1.037005,1.589748,1.008121,1,23.426246
26690.323076,1.808113,-0.013134,-3.233066,-0.173643,0.482264,-0.001053,-0.001433,-0.061564,0.008691,0.057930,1.616481,1.019196,1.560013,1.003615,1,23.467284
26690.367935,1.807353,-0.010392,-3.072485,-0.161088,0.487300,-0.001718,0.002483,-0.208150,0.002981,0.062865,1.579438,1.005359,1.516707,1.000279,1,23.507454
26690.373806,1.808215,-0.008499,-2.866385,-0.148685,0.492360,0.001847,-0.004449,0.139362,-0.015635,0.039372,1.516039,0.984365,1.476667,1.000000,1,23.557297
26690.383053,1.810828,-0.011749,-2.644057,-0.130218,0.490395,-0.000963,-0.003266,-0.086111,-0.019342,0.074543,1.501210,0.980658,1.426667,1.000000,1,23.599163
26690.403073,1.811654,-0.011847,-2.590021,-0.115978,0.499111,-0.001334,-0.002101,-0.094009,-0.028602,0.070721,1.457388,0.971398,1.386667,1.000000,1,23.631163
26690.423060,1.815339,-0.007186,-2.338244,-0.109924,0.505636,-0.000666,-0.001431,-0.042784,-0.036275,0.061318,1.414651,0.963725,1.353333,1.000000,1,23.673790
26690.470538,1.819963,-0.006524,-2.099444,-0.107999,0.511377,-0.007591,0.002797,-0.143208,-0.043212,0.062844,1.372844,0.956788,1.310000,1.000000,1,23.716603
26690.476408,1.825145,-0.007963,-1.939460,-0.107572,0.516474,0.008304,-0.002993,0.111350,-0.052597,0.035022,1.301688,0.947403,1.266667,1.000000,1,23.771650
26690.483070,1.835132,-0.011342,-1.787785,-0.108823,0.514135,-0.000850,0.000330,-0.001200,-0.053031,0.076823,1.290157,0.946969,1.213333,1.000000,1,23.815362
26690.503022,1.836066,-0.011636,-1.779666,-0.113688,0.519535,0.000188,0.000397,0.017591,-0.055074,0.077367,1.247367,0.944926,1.170000,1.000000,1,23.844687
26690.523043,1.841578,-0.013785,-1.780697,-0.121354,0.523580,0.000183,0.000518,0.022953,-0.057547,0.064624,1.204624,0.942453,1.140000,1.000000,1,23.885788
26690.569510,1.846823,-0.016082,-1.835467,-0.131886,0.527258,-0.006057,-0.000227,0.127331,-0.058369,0.060953,1.160953,0.941631,1.100000,1.000000,1,23.928704
26690.575651,1.851648,-0.018314,-1.933475,-0.145717,0.530776,0.006440,0.002185,-0.062382,-0.058706,0.035739,1.092406,0.941294,1.056667,1.000000,1,23.981555
26690.583055,1.859202,-0.017937,-2.059786,-0.167639,0.528090,0.001139,0.003166,0.070251,-0.059011,0.068395,1.071729,0.940989,1.003333,1.000000,1,24.025227
26690.603036,1.860896,-0.018282,-2.094576,-0.189728,0.531393,0.001128,0.001371,0.060140,-0.052668,0.069216,1.024711,0.943563,0.959938,1.001608,1,24.057556
26690.623036,1.862039,-0.025983,-2.384266,-0.210390,0.533947,0.000996,0.001154,0.045714,-0.048110,0.062152,0.981170,0.948699,0.926738,1.005396,1,24.097740
26690.674118,1.861968,-0.029215,-2.685467,-0.227040,0.536696,0.003491,-0.004763,0.303779,-0.044060,0.060702,0.936557,0.956253,0.887344,1.012857,1,24.138607
26690.680736,1.861011,-0.029430,-2.955662,-0.240436,0.539911,-0.001379,0.006011,-0.216167,-0.042257,0.026357,0.861005,0.975197,0.848673,1.023450,1,24.194610
26690.686165,1.858638,-0.023780,-3.267885,-0.245212,0.533370,0.000382,0.001147,0.002021,-0.036866,0.068856,0.843385,0.981890,0.795614,1.043682,1,24.240750
26690.703063,1.857979,-0.022437,-3.311757,-0.252332,0.537160,0.001142,0.000726,0.028056,-0.035322,0.084910,0.810391,0.992233,0.753869,1.064776,1,24.266741
26690.723042,1.855478,-0.021166,-3.414701,-0.257660,0.542115,0.000674,0.000265,0.007067,-0.040939,0.067222,0.765591,1.007876,0.730959,1.078554,1,24.302213
26690.774869,1.851642,-0.019757,-3.536871,-0.261088,0.547071,0.007685,-0.003499,0.088200,-0.040461,0.060188,0.727865,1.029189,0.703410,1.097465,1,24.342916
26690.780893,1.847533,-0.017694,-3.629306,-0.259284,0.551172,-0.007232,0.003669,-0.079264,-0.043942,0.018352,0.657149,1.077314,0.672111,1.122523,1,24.400776
26690.787016,1.839058,-0.013275,-3.728720,-0.245910,0.545394,0.000238,-0.000885,-0.013266,-0.039363,0.072935,0.648903,1.084111,0.629174,1.164608,1,24.445552
26690.803023,1.838320,-0.012870,-3.733258,-0.238034,0.552164,-0.001858,-0.002209,-0.058197,-0.032617,0.087983,0.628599,1.108230,0.601466,1.198056,1,24.466908
26690.823078,1.834771,-0.011488,-3.742387,-0.227402,0.558756,-0.003275,-0.003896,-0.112824,-0.040729,0.066878,0.592050,1.138839,0.587779,1.217026,1,24.501687
26690.872312,1.830724,-0.010455,-3.745206,-0.217470,0.564683,-0.004806,-0.004922,-0.313638,-0.038884,0.061008,0.567434,1.172884,0.569799,1.245192,1,24.542118
26690.878108,1.826424,-0.010159,-3.743890,-0.201951,0.570039,-0.008410,-0.004359,-0.081461,-0.049252,0.022702,0.516481,1.238460,0.550766,1.280481,1,24.597710
26690.885552,1.818867,-0.010950,-3.749012,-0.177703,0.565381,-0.003403,-0.006749,-0.146281,-0.044866,0.069767,0.509814,1.252082,0.528772,1.332834,1,24.642738
26690.903028,1.817452,-0.010612,-3.736446,-0.156577,0.570663,-0.002370,-0.004073,-0.152275,-0.042225,0.082998,0.496028,1.283416,0.516043,1.374361,1,24.667283
26690.923059,1.821033,0.001339,-3.427447,-0.140331,0.573847,-0.000287,-0.001032,-0.049544,-0.044263,0.070892,0.480763,1.322119,0.510019,1.400407,1,24.701279
26690.971565,1.827756,0.009124,-2.959957,-0.127728,0.571711,-0.010015,0.009412,-0.358762,-0.036025,0.063008,0.477156,1.366109,0.504461,1.433357,1,24.740812
26690.978206,1.834558,0.007555,-2.573639,-0.113564,0.567533,0.010221,-0.011475,0.243432,-0.028136,0.023020,0.473849,1.448785,0.500715,1.473276,1,24.800105
26690.983480,1.847360,-0.003798,-2.186159,-0.087210,0.557952,-0.000950,-0.003756,-0.093313,-0.026929,0.077154,0.473071,1.456179,0.500000,1.533333,1,24.847666
26691.003044,1.848820,-0.004681,-2.159689,-0.068590,0.560468,-0.000423,-0.002185,-0.108333,-0.030935,0.076995,0.469065,1.503005,0.500000,1.580000,1,24.878414
26691.023067,1.857852,0.003121,-1.767629,-0.055833,0.558966,0.000105,-0.000959,-0.046125,-0.035146,0.063160,0.464854,1.546840,0.500000,1.610000,1,24.922059
26691.070673,1.867449,0.005632,-1.379612,-0.045286,0.558409,-0.012694,0.004180,-0.252214,-0.033843,0.061292,0.466157,1.592042,0.500000,1.653333,1,24.966867
26691.076589,1.877031,0.004404,-1.094351,-0.033445,0.557895,0.014227,-0.006148,0.162016,-0.026425,0.021624,0.473575,1.678376,0.500000,1.700000,1,25.031061
26691.083041,1.894115,-0.000689,-0.828231,-0.014928,0.549078,-0.001092,-0.003237,-0.086283,-0.026371,0.077379,0.473629,1.685954,0.500000,1.763333,1,25.081042
26691.103037,1.895986,-0.000479,-0.800901,-0.003175,0.553017,0.000174,-0.001860,-0.092827,-0.027344,0.078657,0.472656,1.734676,0.500000,1.813333,1,25.112403
26691.123043,1.905434,0.006237,-0.516903,-0.000308,0.554152,0.000210,-0.000216,-0.010719,-0.029485,0.061812,0.470515,1.781522,0.500000,1.843333,1,25.158562
26691.170775,1.914841,0.007773,-0.258355,-0.001504,0.554768,-0.012180,0.003152,-0.069263,-0.028145,0.061430,0.471855,1.828570,0.500000,1.890000,1,25.205978
26691.176706,1.924270,0.005362,-0.122352,-0.001215,0.554247,0.014256,-0.002978,0.056596,-0.030090,0.018223,0.469910,1.918443,0.500000,1.936667,1,25.272228
26691.183023,1.941203,0.001590,-0.042197,-0.000974,0.547615,-0.000896,0.000068,-0.002921,-0.030050,0.077121,0.469950,1.926212,0.500000,2.003333,1,25.323753
26691.203054,1.942967,0.001369,-0.038563,-0.003619,0.551924,0.000391,0.000175,0.008573,-0.029921,0.082622,0.470079,1.974045,0.500000,2.056667,1,25.355296
26691.223040,1.951969,0.000149,-0.038223,-0.007023,0.553031,0.000342,0.000314,0.014210,-0.029171,0.064731,0.470829,2.021935,0.500000,2.086667,1,25.401499
26691.285755,1.960828,-0.001040,-0.062888,-0.012738,0.552880,-0.013561,-0.000871,0.061947,-0.033385,0.042059,0.466615,2.091274,0.500000,2.133333,1,25.458637
26691.295375,1.973101,-0.002864,-0.142321,-0.026019,0.548012,0.014900,0.003444,0.018860,-0.034935,-0.006297,0.465065,2.196297,0.500000,2.190000,1,25.542010
26691.315421,1.991719,-0.001891,-0.205673,-0.056290,0.538766,0.001954,0.008019,0.261480,-0.036828,0.027891,0.463172,2.245443,0.500000,2.273333,1,25.620477
26691.335456,1.999678,-0.004640,-0.304293,-0.092906,0.536282,0.002035,0.004713,0.226505,-0.033839,0.057713,0.466161,2.295620,0.500000,2.353333,1,25.674050
26691.368569,2.005562,-0.016240,-0.662206,-0.127365,0.531100,0.000084,0.000667,0.393047,-0.033331,0.061731,0.466669,2.344935,0.500000,2.406667,1,25.724216
26691.375463,2.008877,-0.025793,-1.226671,-0.155131,0.525510,0.002940,0.004532,-0.203518,-0.038734,0.062561,0.461266,2.394105,0.500000,2.456667,1,25.772956
26691.395443,2.011589,-0.024833,-1.669449,-0.186196,0.523070,0.003005,0.003282,0.142535,-0.035804,0.057431,0.463824,2.446151,0.500011,2.503342,1,25.821673
26691.415441,2.011843,-0.025778,-2.090154,-0.212444,0.518985,0.001755,0.001153,0.047744,-0.027928,0.059727,0.468713,2.496967,0.502857,2.553372,1,25.870856
26691.435448,2.008580,-0.026303,-2.546673,-0.231113,0.515479,0.001405,0.000741,0.029325,-0.021731,0.061113,0.476857,2.547531,0.510696,2.602866,1,25.918914
26691.468131,2.003434,-0.022870,-2.917419,-0.246614,0.514659,0.006177,-0.003927,0.154125,-0.025579,0.061544,0.479784,2.596935,0.522449,2.648138,1,25.965453
26691.475460,1.996592,-0.017489,-3.201980,-0.260885,0.515827,-0.004077,0.005064,-0.100283,-0.034619,0.064338,0.481699,2.646016,0.538381,2.692113,1,26.008983
26691.495452,1.989082,-0.010769,-3.399611,-0.271610,0.517341,0.001243,0.000469,0.014661,-0.041571,0.061314,0.491564,2.696345,0.556795,2.731451,1,26.052435
26691.515448,1.979754,-0.005575,-3.561892,-0.278796,0.519449,0.000795,0.000255,0.006123,-0.028392,0.053521,0.525824,2.739206,0.578554,2.769041,1,26.100235
26691.535451,1.969230,-0.000752,-3.685256,-0.279466,0.516993,0.000424,0.000088,-0.000719,-0.036974,0.063698,0.539106,2.782799,0.607600,2.809875,1,26.144924
26691.570821,1.957950,0.003682,-3.769501,-0.276131,0.518391,0.008966,-0.002116,0.012156,-0.032648,0.059919,0.571129,2.821517,0.635974,2.842761,1,26.187904
26691.576466,1.946578,0.007374,-3.817223,-0.273335,0.520698,-0.010326,0.001945,-0.022701,-0.036024,0.040367,0.612990,2.873061,0.667094,2.873060,1,26.240458
26691.595451,1.933113,0.010282,-3.845690,-0.270520,0.520213,0.001528,-0.000284,-0.006560,-0.038624,0.066552,0.632223,2.899105,0.708818,2.906464,1,26.285296
26691.615450,1.924293,0.011468,-3.844399,-0.265501,0.525082,-0.000071,-0.000125,-0.007724,-0.044692,0.067556,0.664290,2.934226,0.745192,2.930201,1,26.320744
26691.635450,1.914151,0.012074,-3.828132,-0.260392,0.530710,0.000114,-0.000197,-0.008196,-0.055649,0.061539,0.697608,2.970204,0.777483,2.947757,1,26.360955
26691.669123,1.905157,0.011635,-3.800010,-0.260139,0.536971,0.005339,0.001253,-0.027130,-0.061512,0.055619,0.739571,3.000565,0.814075,2.964146,1,26.402694
26691.675442,1.896342,0.009976,-3.777517,-0.260400,0.543139,-0.006456,-0.001837,0.006060,-0.075544,0.063235,0.769085,3.030968,0.851862,2.977551,1,26.440206
26691.695421,1.887370,0.007578,-3.762534,-0.259541,0.550175,0.000298,0.000104,-0.000620,-0.084043,0.059941,0.813725,3.056777,0.890602,2.987885,1,26.477475
26691.715446,1.880668,0.005592,-3.741159,-0.260039,0.557009,0.000117,0.000071,0.000857,-0.095406,0.061668,0.851756,3.079944,0.926738,2.994604,1,26.516198
26691.735444,1.874405,0.003297,-3.726876,-0.254173,0.563610,-0.000187,-0.000159,-0.007313,-0.105620,0.064446,0.891239,3.099250,0.963270,2.998649,1,26.551531
26691.771598,1.869095,0.001433,-3.711477,-0.244185,0.570267,0.001949,0.000329,-0.056114,0.034011,0.123392,0.938481,3.115608,0.993316,2.999955,2,26.596411
26691.778019,1.864765,-0.000107,-3.692669,-0.230517,0.577718,-0.004602,-0.002759,-0.020145,-0.133904,0.042119,0.994547,3.133904,1.036667,3.000000,2,26.652083
26691.795464,1.859690,-0.002190,-3.682127,-0.208796,0.581251,-0.002210,-0.002293,-0.080522,-0.138790,0.065288,1.024712,3.138790,1.090000,3.000000,2,26.697586
26691.815447,1.858423,-0.000242,-3.607291,-0.183533,0.588540,-0.002343,-0.004090,-0.120917,-0.146424,0.065803,1.070864,3.146424,1.136667,3.000000,2,26.736656
26691.835448,1.859762,0.002041,-3.445233,-0.160064,0.593752,-0.004630,-0.008292,-0.245099,-0.151980,0.060793,1.115873,3.151980,1.176667,3.000000,2,26.781552
26691.872192,1.860935,0.000561,-3.321452,-0.134708,0.599105,-0.012911,-0.011531,-0.688588,-0.152567,0.059779,1.160221,3.152567,1.220000,3.000000,2,26.826202
26691.878675,1.862204,-0.002766,-3.248543,-0.100559,0.605796,-0.002660,-0.014769,-0.234823,-0.152131,0.048629,1.214705,3.152131,1.263333,3.000000,2,26.874186
26691.895439,1.863364,-0.006718,-3.210220,-0.063993,0.611804,-0.005365,-0.013088,-0.466455,-0.144895,0.062918,1.250416,3.144895,1.313333,3.000000,2,26.919458
26691.915452,1.868701,0.009277,-2.808772,-0.034207,0.613225,-0.000085,-0.002319,-0.110540,-0.140212,0.058033,1.298634,3.140212,1.356667,3.000000,2,26.962421
26691.935450,1.880945,0.029725,-1.842077,-0.021473,0.608603,-0.000016,-0.001051,-0.048418,-0.132897,0.057209,1.342791,3.132897,1.400000,3.000000,2,27.009088
26691.972123,1.892765,0.027286,-1.119589,-0.013277,0.605635,-0.009711,0.005545,-0.276334,-0.126146,0.057956,1.388711,3.126146,1.446667,3.000000,2,27.055045
26691.978488,1.904995,0.017288,-0.689946,-0.005186,0.601582,0.010537,-0.009379,0.091401,-0.115022,0.051849,1.441484,3.115022,1.493333,3.000000,2,27.104592
26691.995473,1.919294,0.006965,-0.466260,0.000867,0.596326,-0.000103,-0.002095,-0.088623,-0.106051,0.064588,1.478745,3.106051,1.543333,3.000000,2,27.151189
26692.015451,1.928889,0.006237,-0.329747,0.009054,0.595473,0.000476,-0.000665,-0.031536,-0.096009,0.062256,1.527744,3.096009,1.590000,3.000000,2,27.195660
26692.035453,1.940557,0.007806,-0.110274,0.016342,0.590866,0.000575,-0.001832,-0.057148,-0.084258,0.060478,1.572855,3.084258,1.633333,3.000000,2,27.243161
26692.071980,1.951884,0.006555,0.036953,0.024279,0.586393,-0.007369,-0.002482,-0.209784,-0.074407,0.062572,1.620761,3.074407,1.683333,3.000000,2,27.290663
26692.078629,1.963174,0.004407,0.109912,0.032446,0.580639,0.010254,-0.004696,-0.054957,-0.063074,0.049889,1.680111,3.063074,1.730000,3.000000,2,27.344186
26692.095451,1.976608,0.002358,0.141875,0.039626,0.574022,0.000734,-0.003173,-0.120221,-0.053549,0.065480,1.717853,3.053549,1.783333,3.000000,2,27.394225
26692.115480,1.984744,0.005965,0.248606,0.046258,0.573141,0.000509,-0.000503,-0.024581,-0.043569,0.067211,1.766122,3.043569,1.833333,3.000000,2,27.438597
26692.135451,1.993781,0.010604,0.492444,0.046621,0.569033,0.000621,-0.000103,-0.002680,-0.033310,0.062098,1.814569,3.033310,1.876667,3.000000,2,27.487373
26692.171941,2.002701,0.009645,0.651828,0.049026,0.564668,-0.005467,0.001056,-0.066805,-0.022719,0.062854,1.863813,3.022719,1.926667,3.000000,2,27.537333
26692.178638,2.011572,0.007171,0.733480,0.052204,0.559366,0.007888,-0.002497,0.008053,-0.015688,0.052901,1.923766,3.015688,1.976667,3.000000,2,27.591693
26692.195447,2.021927,0.004732,0.776418,0.055240,0.552892,0.000760,-0.000903,-0.035473,-0.004587,0.066258,1.963742,3.004587,2.030000,3.000000,2,27.642875
26692.215449,2.028305,0.004903,0.816948,0.060795,0.552088,0.000772,-0.001359,-0.042366,0.003512,0.064757,2.015243,2.996488,2.080000,3.000000,2,27.689977
26692.235445,2.035421,0.005226,0.887509,0.062681,0.548244,0.000960,-0.001799,-0.056282,0.011912,0.064515,2.065485,2.988088,2.130000,3.000000,2,27.740928
26692.271724,2.042353,0.004304,0.927398,0.063676,0.543468,-0.003220,-0.001377,-0.105741,0.018886,0.064045,2.115955,2.981114,2.180000,3.000000,2,27.791552
26692.278159,2.049182,0.003271,0.947424,0.063356,0.537938,0.006574,-0.001763,-0.018326,0.021074,0.050428,2.179572,2.978926,2.230000,3.000000,2,27.847802
26692.295460,2.057401,0.002273,0.956155,0.056863,0.531609,0.000385,0.000312,0.009152,0.028608,0.066553,2.220113,2.971392,2.286667,3.000000,2,27.900979
26692.315450,2.062015,0.002542,0.979552,0.051729,0.531205,0.000451,0.000370,0.019568,0.032425,0.068097,2.271903,2.967575,2.340000,3.000000,2,27.948667
26692.335447,2.067451,0.000949,0.964112,0.045293,0.527589,0.000656,0.000608,0.029295,0.034492,0.061310,2.325356,2.965508,2.386667,3.000000,2,28.000735
26692.371611,2.072972,-0.000934,0.911364,0.036881,0.521851,-0.002984,0.001554,0.128909,0.035340,0.062241,2.377759,2.964660,2.440000,3.000000,2,28.053503
26692.378392,2.078272,-0.001677,0.849488,0.027381,0.515363,0.004641,0.003171,0.036153,0.035117,0.054720,2.438614,2.964883,2.493333,3.000000,2,28.109674
26692.395447,2.084415,-0.000923,0.814456,0.014520,0.509589,0.000446,0.002965,0.120478,0.035333,0.066542,2.480125,2.964667,2.546667,3.000000,2,28.161936
26692.415449,2.088360,-0.005057,0.698026,0.003334,0.508181,0.000560,0.002649,0.085589,0.035016,0.068260,2.531740,2.964984,2.600000,3.000000,2,28.209988
26692.435428,2.092867,-0.008477,0.469862,-0.003719,0.503159,0.000679,0.001423,0.073040,0.033642,0.066542,2.583458,2.966358,2.650000,3.000000,2,28.261573
26692.471890,2.097142,-0.009526,0.272723,-0.008757,0.497050,-0.001722,-0.001258,0.141831,0.030717,0.063896,2.636104,2.969283,2.700000,3.000000,2,28.313387
26692.477913,2.101263,-0.008547,0.092960,-0.013241,0.491162,0.003985,0.003971,-0.039582,0.025522,0.055605,2.697728,2.974478,2.753333,3.000000,2,28.370115
26692.495447,2.106092,-0.004958,-0.009228,-0.019189,0.484513,0.000634,0.000682,0.040971,0.022486,0.068275,2.741725,2.977514,2.810000,3.000000,2,28.423910
26692.515449,2.108738,-0.006124,-0.118037,-0.024415,0.483191,0.000614,0.000356,0.019083,0.017870,0.068759,2.794574,2.982130,2.863333,3.000000,2,28.472852
26692.535452,2.111478,-0.006568,-0.258436,-0.026672,0.480877,0.000639,0.000165,0.008504,0.013736,0.062055,2.847945,2.986264,2.910000,3.000000,2,28.525985
26692.569970,2.114067,-0.005449,-0.362509,-0.028369,0.478869,-0.000681,-0.001087,0.036590,0.009331,0.062827,2.900506,2.990669,2.963333,3.000000,2,28.579349
26692.575429,2.116435,-0.003948,-0.431262,-0.029164,0.477318,0.001811,0.001173,-0.024272,0.004714,0.063039,2.953628,2.995286,3.016667,3.000000,2,28.632292
26692.595451,2.118695,-0.002477,-0.471688,-0.030288,0.476275,0.000571,0.000145,0.007118,-0.000717,0.063896,3.006104,3.000717,3.070000,3.000000,2,28.685462
26692.615450,2.120776,-0.001657,-0.499465,-0.031588,0.475073,0.000538,0.000113,0.005213,-0.005495,0.064547,3.058786,3.005495,3.123333,3.000000,2,28.738203
26692.635450,2.122689,-0.001279,-0.525525,-0.032327,0.473785,0.000545,0.000068,0.002901,-0.009412,0.065126,3.111541,3.009412,3.176667,3.000000,2,28.790631
26692.669706,2.124490,-0.000960,-0.547264,-0.031857,0.472447,-0.000269,-0.000298,0.001797,-0.013460,0.065874,3.164126,3.013460,3.230000,3.000000,2,28.842828
26692.675441,2.126198,-0.000463,-0.559227,-0.029987,0.471267,0.001355,0.000045,-0.007520,-0.017753,0.062196,3.217804,3.017753,3.280000,3.000000,2,28.895919
26692.695462,2.127874,-0.000038,-0.563017,-0.028412,0.469568,0.000450,-0.000213,-0.012237,-0.022664,0.064866,3.268467,3.022664,3.333333,3.000000,2,28.948600
26692.715451,2.129335,0.000857,-0.548005,-0.027738,0.469060,0.000412,-0.000039,-0.002621,-0.025381,0.067686,3.318981,3.025381,3.386667,3.000000,2,28.999624
26692.735452,2.130707,0.001335,-0.523380,-0.026976,0.468571,0.000585,-0.000042,-0.002965,-0.028060,0.063373,3.373294,3.028060,3.436667,3.000000,2,29.052344
26692.770974,2.132211,0.001351,-0.503562,-0.027832,0.467878,-0.000158,0.000294,0.001270,-0.030883,0.064819,3.425181,3.030883,3.490000,3.000000,2,29.105709
26692.776621,2.133537,0.000968,-0.493940,-0.031023,0.467260,0.001341,0.000148,0.009200,-0.034102,0.056064,3.487269,3.034102,3.543333,3.000000,2,29.162068
26692.795452,2.135079,0.000582,-0.492990,-0.037521,0.465397,0.000584,0.001627,0.052932,-0.037573,0.070089,3.529911,3.037573,3.600000,3.000000,2,29.214964
26692.815452,2.136069,-0.000345,-0.516769,-0.047730,0.466504,0.000704,0.001210,0.063114,-0.038436,0.071304,3.582029,3.038436,3.653333,3.000000,2,29.262768
26692.835455,2.136950,-0.003355,-0.607782,-0.060011,0.465737,0.000912,0.000866,0.044537,-0.039861,0.063096,3.636904,3.039861,3.700000,3.000000,2,29.315618
26692.871693,2.137581,-0.006503,-0.778737,-0.072778,0.463044,0.001588,0.000952,0.214448,-0.040777,0.067575,3.685759,3.040777,3.753333,3.000000,2,29.367841
26692.877144,2.137667,-0.006056,-0.924149,-0.090543,0.461656,0.001059,0.005672,0.012405,-0.043912,0.057976,3.748691,3.043912,3.806667,3.000000,2,29.422451
26692.895451,2.138137,-0.003066,-1.009518,-0.118258,0.458049,0.002692,0.005982,0.211405,-0.043854,0.069868,3.790132,3.043854,3.860000,3.000000,2,29.474573
26692.915453,2.137028,-0.007835,-1.212854,-0.144311,0.455379,0.004223,0.009815,0.309482,-0.042723,0.072528,3.840806,3.042723,3.913333,3.000000,2,29.520827
26692.935452,2.135206,-0.007949,-1.424616,-0.175079,0.451947,0.007074,0.014801,0.465126,-0.041169,0.067966,3.892034,3.041169,3.960000,3.000000,2,29.569705
26692.971913,2.133513,-0.004572,-1.539342,-0.213745,0.445213,0.020151,0.018141,0.990853,-0.037269,0.067886,3.942901,3.038522,4.010026,2.999899,2,29.618348
26692.977610,2.131486,-0.001601,-1.605706,-0.253142,0.435213,0.003263,0.012115,0.211841,-0.028507,0.062733,3.997598,3.032212,4.056694,2.996775,2,29.668139
26692.995450,2.129763,0.002173,-1.601799,-0.282618,0.425213,0.006751,0.004070,0.169922,-0.022226,0.071848,4.040642,3.025576,4.106134,2.988606,2,29.715217
26693.015448,2.118587,-0.014916,-2.070351,-0.293289,0.415213,0.005199,0.001698,0.044940,-0.019096,0.070157,4.090239,3.015984,4.151327,2.976550,2,29.759419
26693.035452,2.103274,-0.021347,-2.667003,-0.292242,0.408213,0.005156,0.002004,0.054168,-0.015948,0.066617,4.136737,3.001939,4.192113,2.961619,2,29.805886
26693.071074,2.088300,-0.016162,-3.092336,-0.283908,0.403798,0.019762,-0.005299,0.217440,-0.009918,0.069540,4.177633,2.983010,4.234408,2.941648,2,29.851951
26693.076503,2.072984,-0.006809,-3.365217,-0.267985,0.399562,-0.013331,0.009253,-0.121289,-0.010840,0.061143,4.229513,2.960456,4.274651,2.917812,2,29.900794
26693.095445,2.054579,0.004776,-3.546680,-0.248184,0.396027,0.001805,-0.002159,-0.026419,-0.010182,0.073435,4.264491,2.942405,4.315093,2.888222,2,29.946670
26693.115447,2.039652,0.010286,-3.631746,-0.227709,0.398375,-0.002308,-0.001285,-0.049863,0.003917,0.084602,4.286829,2.913502,4.349991,2.857080,2,29.984507
26693.135445,2.021583,0.017712,-3.645850,-0.200437,0.400067,-0.000909,-0.001056,-0.049255,0.001815,0.072981,4.325687,2.883982,4.375276,2.830405,2,30.025854
26693.167362,2.007386,0.024933,-3.536208,-0.179428,0.403583,0.005888,0.000453,-0.158930,0.003944,0.071899,4.354349,2.854511,4.400544,2.799274,2,30.069858
26693.175477,1.995105,0.028940,-3.342986,-0.160256,0.407017,-0.007129,-0.003957,0.062982,-0.004468,0.074739,4.391625,2.826655,4.426756,2.760537,2,30.111640
26693.195447,1.984193,0.026927,-3.150908,-0.150571,0.412799,-0.001071,-0.000792,-0.034516,0.010737,0.075786,4.402496,2.788303,4.446259,2.725505,2,30.152392
26693.215439,1.975332,0.024811,-2.896820,-0.140194,0.416636,-0.000668,-0.000677,-0.029383,-0.001578,0.069441,4.438102,2.753907,4.462893,2.689024,2,30.193569
26693.235441,1.968315,0.019731,-2.658427,-0.144576,0.422328,-0.000944,0.000170,0.013794,0.001074,0.071339,4.455389,2.715956,4.477551,2.648138,2,30.235266
26693.269866,1.961447,0.011896,-2.491314,-0.153909,0.429148,0.003686,0.004636,0.024237,-0.004684,0.071836,4.476738,2.680518,4.487885,2.609398,2,30.274814
26693.275815,1.955613,0.003243,-2.436662,-0.161532,0.436259,-0.003557,-0.003108,0.006995,-0.007512,0.074366,4.492116,2.644640,4.495082,2.569954,2,30.312317
26693.295444,1.950360,-0.002709,-2.444099,-0.162331,0.443497,-0.000518,0.000134,0.010683,-0.007594,0.070542,4.501749,2.604288,4.498883,2.533396,2,30.350315
26693.315444,1.945261,-0.006984,-2.494473,-0.158855,0.451006,-0.000744,-0.000262,-0.009281,-0.009552,0.073049,4.509552,2.566382,4.500000,2.493333,2,30.389149
26693.335442,1.940945,-0.008197,-2.533719,-0.151784,0.458647,-0.001036,-0.001316,-0.039129,-0.019255,0.071249,4.519255,2.527916,4.500000,2.456667,2,30.427867
26693.370926,1.937537,-0.007996,-2.546296,-0.140885,0.466272,-0.001241,-0.003623,-0.158825,-0.024184,0.069814,4.524184,2.486481,4.500000,2.416667,2,30.468707
26693.376807,1.934331,-0.007747,-2.548938,-0.124833,0.473831,-0.004348,-0.003618,-0.078194,-0.040054,0.064158,4.540054,2.440825,4.500000,2.376667,2,30.512676
26693.395453,1.930279,-0.007987,-2.555232,-0.108635,0.481261,-0.001960,-0.004464,-0.149877,-0.041684,0.070455,4.541684,2.403788,4.500000,2.333333,2,30.554998
26693.415441,1.930428,-0.001740,-2.388696,-0.096875,0.487609,-0.002658,-0.006308,-0.192026,-0.049081,0.073396,4.549081,2.363396,4.500000,2.290000,2,30.594620
26693.435438,1.930658,-0.000477,-2.221467,-0.087430,0.493223,-0.003367,-0.008342,-0.254635,-0.053486,0.075011,4.553486,2.325011,4.500000,2.250000,2,30.633979
26693.470980,1.930888,-0.002295,-2.115567,-0.075763,0.498150,-0.007262,-0.009659,-0.530134,-0.064988,0.076350,4.564988,2.286350,4.500000,2.210000,2,30.672583
26693.476780,1.931175,-0.004469,-2.052116,-0.065778,0.503159,-0.001479,-0.009024,-0.146200,-0.066783,0.064652,4.566783,2.237985,4.500000,2.173333,2,30.715288
26693.495449,1.931326,-0.007424,-2.043083,-0.051210,0.505445,-0.001721,-0.005054,-0.192326,-0.067995,0.074676,4.567995,2.204676,4.500000,2.130000,2,30.756929
26693.515439,1.935059,0.004524,-1.701900,-0.044130,0.507815,-0.001096,-0.005368,-0.165478,-0.069318,0.075933,4.569318,2.162600,4.500000,2.086667,2,30.795490
26693.535440,1.939628,0.006196,-1.391012,-0.040524,0.508991,-0.000878,-0.002076,-0.096681,-0.068233,0.071544,4.568233,2.121544,4.500000,2.050000,2,30.836455
26693.570955,1.944458,0.006796,-1.126944,-0.038649,0.510450,-0.004595,0.002178,-0.120220,-0.067189,0.072007,4.567189,2.078673,4.500000,2.006667,2,30.878835
26693.576588,1.949992,0.005668,-0.891991,-0.037205,0.511524,0.004977,-0.003494,0.080932,-0.062294,0.060662,4.562294,2.027328,4.500000,1.966667,2,30.925767
26693.595452,1.956600,0.001641,-0.759819,-0.032463,0.509253,-0.000642,-0.000942,-0.044171,-0.064964,0.070190,4.564964,1.990190,4.500000,1.920000,2,30.970438
26693.615440,1.961328,0.000459,-0.697658,-0.028458,0.510842,0.000022,-0.000695,-0.033489,-0.061828,0.072831,4.561828,1.946165,4.500000,1.873333,2,31.012106
26693.635442,1.967146,0.000541,-0.620613,-0.023592,0.512077,0.000008,-0.000388,-0.018684,-0.059138,0.069356,4.559138,1.902689,4.500000,1.833333,2,31.056239
26693.670982,1.973008,0.001256,-0.526955,-0.018962,0.513221,-0.004488,-0.000385,-0.081349,-0.055149,0.067872,4.555149,1.857872,4.500000,1.790000,2,31.100674
26693.676623,1.978900,0.000854,-0.457658,-0.014222,0.513906,0.005294,-0.002103,-0.001966,-0.051315,0.062235,4.551315,1.805568,4.500000,1.743333,2,31.148688
26693.695452,1.985865,-0.000365,-0.422205,-0.006821,0.512384,-0.000594,-0.001998,-0.071404,-0.051205,0.072208,4.551205,1.768875,4.500000,1.696667,2,31.193986
26693.715452,1.990678,0.001368,-0.349641,-0.001835,0.514012,0.000286,-0.000970,-0.047739,-0.046851,0.071912,4.546851,1.721912,4.500000,1.650000,2,31.237235
26693.735442,1.996723,0.003486,-0.238090,0.002975,0.514366,0.000233,-0.000382,-0.018743,-0.048165,0.069560,4.548165,1.676227,4.500000,1.606667,2,31.283501
26693.770648,2.002638,0.004707,-0.108803,0.003968,0.514687,-0.004054,0.001016,-0.042720,-0.050169,0.071896,4.550169,1.631896,4.500000,1.560000,2,31.328501
26693.776297,2.008448,0.004066,-0.017546,0.002203,0.515439,0.005375,-0.000998,0.042393,-0.048729,0.060180,4.548729,1.576847,4.500000,1.516667,2,31.377775
26693.795444,2.015413,0.002487,0.037560,-0.000584,0.512944,-0.000533,0.000864,0.021695,-0.057099,0.073347,4.557099,1.540013,4.500000,1.466667,2,31.424353
26693.815442,2.020014,0.001164,0.041222,-0.009313,0.514707,0.000402,0.002857,0.090393,-0.050502,0.073059,4.550502,1.493059,4.500000,1.420000,2,31.466921
26693.835444,2.025768,0.000279,0.035947,-0.016381,0.515443,0.000386,0.004513,0.142785,-0.046608,0.070141,4.546608,1.446807,4.500000,1.376667,2,31.513253
26693.871168,2.031388,-0.000174,0.025307,-0.023783,0.515326,-0.003376,0.006271,0.303871,-0.048138,0.068689,4.548138,1.398689,4.500000,1.330000,2,31.560866
26693.876825,2.037001,-0.000228,0.018277,-0.036933,0.514737,0.005391,0.005209,0.114308,-0.042945,0.057683,4.542945,1.341017,4.500000,1.283333,2,31.613809
26693.895444,2.043660,0.000280,0.028793,-0.055710,0.510480,0.000449,0.005437,0.194361,-0.045982,0.075790,4.545982,1.305790,4.500000,1.230000,2,31.661265
26693.915444,2.047361,-0.008806,-0.215977,-0.074082,0.508785,0.001298,0.002819,0.136591,-0.040924,0.074139,4.540924,1.257472,4.500000,1.183333,2,31.703686
26693.935452,2.051386,-0.016273,-0.586146,-0.087933,0.505063,0.001123,0.002997,0.094578,-0.040264,0.071883,4.540264,1.211883,4.500000,1.140000,2,31.750035
26693.971911,2.054597,-0.017214,-0.944077,-0.102948,0.503925,0.000781,0.002568,0.392107,-0.039763,0.070404,4.539763,1.163738,4.500000,1.093333,2,31.796389
26693.977946,2.058055,-0.012760,-1.140656,-0.127716,0.505795,0.004565,0.009800,0.063435,-0.030710,0.057868,4.530710,1.104535,4.500000,1.046667,2,31.848554
26693.995453,2.062372,-0.007064,-1.236382,-0.167716,0.498011,0.003425,0.006962,0.271419,-0.031647,0.071930,4.532115,1.068383,4.499989,0.996665,2,31.895982
26694.015451,2.061809,-0.015116,-1.508418,-0.199489,0.490248,0.003415,0.003945,0.117656,-0.024236,0.073280,4.528934,1.020551,4.497500,0.950058,2,31.936603
26694.035442,2.057980,-0.022892,-2.042333,-0.211657,0.486848,0.004626,0.005812,0.174408,-0.012920,0.070874,4.517160,0.974404,4.491305,0.907161,2,31.981966
26694.071991,2.054854,-0.018905,-2.386228,-0.228886,0.488116,0.013559,0.003079,0.481876,-0.005857,0.066522,4.505025,0.927431,4.481420,0.864962,2,32.029356
26694.077890,2.051882,-0.011946,-2.585257,-0.251660,0.488814,0.000412,0.010297,0.024117,-0.002674,0.054453,4.488758,0.870531,4.466730,0.820660,2,32.081276
26694.095452,2.048787,-0.003827,-2.690773,-0.276431,0.478814,0.003602,0.001790,0.085074,0.002706,0.073297,4.475992,0.838430,4.444972,0.771965,2,32.128144
26694.115451,2.039400,-0.008822,-2.942798,-0.282765,0.478264,0.000966,0.000192,0.004220,0.000061,0.072831,4.460834,0.792936,4.421770,0.731467,2,32.169294
26694.135453,2.025500,-0.010122,-3.268196,-0.281738,0.478279,0.000309,-0.000016,-0.002258,0.002766,0.064554,4.435655,0.751779,4.398949,0.698604,2,32.215301
26694.172009,2.011360,-0.006176,-3.507951,-0.279387,0.477177,0.011933,-0.005027,0.074670,0.004595,0.065644,4.409997,0.714277,4.369108,0.662717,2,32.261582
26694.177703,1.996945,-0.000310,-3.668573,-0.275002,0.476290,-0.013674,0.004876,-0.086647,0.000827,0.054668,4.375973,0.667124,4.336050,0.629769,2,32.311208
26694.195442,1.979267,0.006476,-3.784611,-0.269123,0.474547,0.000663,-0.000817,-0.010737,0.000110,0.073749,4.356609,0.642008,4.297389,0.598055,2,32.355072
26694.215446,1.967573,0.010463,-3.818225,-0.264333,0.479313,-0.000583,-0.000312,-0.012492,-0.000014,0.071697,4.322583,0.611290,4.261463,0.573811,2,32.393386
26694.235454,1.953662,0.014188,-3.825010,-0.260011,0.482420,-0.000273,-0.000136,-0.004889,0.001248,0.073048,4.291104,0.588480,4.226549,0.554270,2,32.434385
26694.271781,1.940618,0.016157,-3.801275,-0.257679,0.487198,0.009000,0.001137,-0.032865,-0.002931,0.075663,4.261276,0.563653,4.190186,0.537583,2,32.472110
26694.277559,1.927711,0.015932,-3.771651,-0.252827,0.491316,-0.011483,-0.002225,0.014831,-0.007257,0.051371,4.206851,0.533995,4.155777,0.524886,2,32.518882
26694.295461,1.912973,0.013570,-3.743057,-0.246514,0.488914,0.000072,-0.000498,-0.022408,-0.002838,0.071477,4.181125,0.525502,4.110796,0.512430,2,32.563173
26694.315452,1.903877,0.011740,-3.715336,-0.235758,0.492386,-0.001649,-0.001686,-0.047802,-0.001467,0.078791,4.143165,0.512988,4.064850,0.504223,2,32.597936
26694.335416,1.893573,0.008977,-3.682280,-0.224511,0.496057,-0.001198,-0.001105,-0.044420,-0.000206,0.066227,4.097768,0.504992,4.031662,0.501003,2,32.639072
26694.367649,1.885460,0.007731,-3.616047,-0.219212,0.499890,0.003298,0.001645,-0.063509,0.001747,0.066873,4.058556,0.500701,3.991663,0.500070,2,32.681069
26694.375456,1.879282,0.006544,-3.512172,-0.216577,0.502571,-0.003397,-0.002224,0.043005,0.005556,0.068179,4.016788,0.501160,3.948399,0.502670,2,32.722344
26694.395453,1.873789,0.003524,-3.428233,-0.217001,0.504040,-0.000267,0.000013,0.001563,0.004911,0.068678,3.977222,0.500690,3.908800,0.508388,2,32.762585
26694.415452,1.868589,0.000043,-3.362019,-0.228787,0.505725,0.000663,0.000754,0.027400,0.004999,0.064312,3.933180,0.505331,3.869785,0.517254,2,32.803172
26694.435447,1.863623,-0.004341,-3.339656,-0.245309,0.505147,0.000844,0.000751,0.028158,0.000976,0.065770,3.890581,0.508697,3.828468,0.530344,2,32.844978
26694.468094,1.857616,-0.009464,-3.385961,-0.262701,0.503556,0.005756,0.001781,0.086625,0.000054,0.062896,3.848653,0.519380,3.791465,0.545563,2,32.885807
26694.475446,1.850437,-0.013821,-3.482751,-0.276800,0.501392,-0.004122,-0.000267,-0.046771,-0.004874,0.063161,3.808533,0.528590,3.755799,0.563691,2,32.925781
26694.495450,1.842895,-0.015766,-3.582639,-0.289109,0.499575,0.001023,0.000426,0.015105,-0.008131,0.061709,3.768436,0.543510,3.721695,0.584613,2,32.965344
26694.515451,1.833869,-0.017578,-3.702682,-0.293294,0.496644,0.000312,0.000116,0.003532,-0.010853,0.065099,3.733644,0.559247,3.689374,0.608195,2,33.003701
26694.535450,1.823919,-0.017935,-3.811400,-0.293648,0.496259,0.000246,0.000046,0.000359,-0.014854,0.063901,3.695651,0.579845,3.659041,0.634285,2,33.041604
26694.569021,1.814102,-0.017166,-3.892155,-0.290534,0.496897,0.006315,-0.000752,0.016991,-0.018118,0.063648,3.663104,0.601254,3.633150,0.660263,2,33.079409
26694.575441,1.804399,-0.015994,-3.943871,-0.284713,0.498085,-0.006657,0.000335,-0.022933,-0.020586,0.064065,3.633111,0.625157,3.609233,0.688069,2,33.115431
26694.595448,1.794905,-0.015070,-3.972981,-0.274186,0.499811,-0.000843,-0.000588,-0.021134,-0.020683,0.061852,3.605291,0.654831,3.587418,0.717553,2,33.152885
26694.615449,1.786479,-0.013816,-3.967929,-0.258076,0.499463,-0.000773,-0.000653,-0.024103,-0.019397,0.063095,3.582788,0.684267,3.567823,0.748557,2,33.190581
26694.635444,1.779772,-0.012118,-3.911923,-0.239781,0.501768,-0.001618,-0.002133,-0.060934,-0.020539,0.065931,3.559074,0.715584,3.549103,0.783917,2,33.227414
26694.669212,1.774155,-0.011773,-3.835769,-0.219097,0.504917,-0.000505,-0.001024,-0.184647,-0.020096,0.066099,3.539885,0.748677,3.534476,0.817551,2,33.264463
26694.675447,1.770488,-0.010121,-3.705634,-0.197307,0.508440,-0.001848,-0.002254,0.070091,-0.017620,0.065668,3.524938,0.784226,3.522354,0.852167,2,33.301667
26694.695446,1.768905,-0.009832,-3.536422,-0.172699,0.511688,-0.002009,-0.002760,-0.113909,-0.013387,0.068598,3.515183,0.817727,3.512802,0.887579,2,33.337677
26694.715443,1.769652,-0.006806,-3.282712,-0.147273,0.514881,-0.000906,-0.001718,-0.073749,-0.007060,0.069530,3.509520,0.853803,3.505872,0.923595,2,33.373649
26694.735446,1.773351,-0.003029,-2.916020,-0.123368,0.516653,-0.000769,-0.001689,-0.074009,-0.003298,0.070073,3.503916,0.889910,3.501601,0.960022,2,33.410935
26694.767625,1.778453,-0.001474,-2.528531,-0.101964,0.518528,-0.004609,0.001387,-0.237479,0.005641,0.069519,3.506115,0.927185,3.500011,0.996665,2,33.447586
26694.775442,1.784673,-0.001066,-2.146710,-0.079916,0.520589,0.003356,-0.005997,0.069454,0.003730,0.068073,3.503730,0.965261,3.500000,1.033333,2,33.484946
26694.795448,1.791168,-0.004385,-1.871651,-0.058602,0.524378,-0.000641,-0.001854,-0.088313,0.005791,0.066691,3.505791,1.003309,3.500000,1.070000,2,33.523945
26694.815447,1.799190,0.000498,-1.484827,-0.039518,0.527206,-0.000230,-0.001442,-0.066337,0.008747,0.068193,3.508747,1.041807,3.500000,1.110000,2,33.563100
26694.835425,1.807866,0.003386,-1.108149,-0.020682,0.529878,-0.000195,-0.001479,-0.067154,0.010816,0.069188,3.510816,1.080812,3.500000,1.150000,2,33.602093
26694.870293,1.816738,0.005371,-0.766253,-0.003210,0.532017,-0.006754,0.000465,-0.219775,0.013342,0.065610,3.513342,1.121056,3.500000,1.186667,2,33.642295
26694.876700,1.825799,0.007220,-0.452851,0.013705,0.533168,0.006279,-0.003594,0.080560,0.015683,0.064657,3.515683,1.162009,3.500000,1.226667,2,33.683895
26694.895426,1.834945,0.006138,-0.232034,0.033280,0.533976,0.001050,-0.005682,-0.169665,0.015212,0.067640,3.515212,1.202360,3.500000,1.270000,2,33.724873
26694.915450,1.843992,0.007545,-0.020499,0.054074,0.534148,0.000595,-0.003290,-0.148401,0.016672,0.066855,3.516672,1.243145,3.500000,1.310000,2,33.765649
26694.935447,1.852436,0.013690,0.288880,0.075420,0.533787,0.000654,-0.001522,-0.069201,0.017413,0.064574,3.517413,1.285426,3.500000,1.350000,2,33.807593
26694.974381,1.860115,0.019726,0.695740,0.094581,0.532505,-0.005089,-0.001505,-0.353931,0.019020,0.065477,3.519020,1.327856,3.500000,1.393333,2,33.850413
26694.980861,1.867623,0.019365,0.990912,0.118022,0.531974,0.009012,-0.008848,0.004694,0.021967,0.054087,3.521967,1.382580,3.500000,1.436667,2,33.898326
26694.995453,1.878080,0.014461,1.165149,0.153295,0.529323,0.002137,-0.007059,-0.219492,0.017414,0.070753,3.517414,1.412581,3.500000,1.483333,2,33.941509
26695.015450,1.881311,0.020197,1.376188,0.179334,0.529334,0.005166,-0.010888,-0.322019,0.015850,0.071550,3.518937,1.456123,3.499285,1.526724,2,33.978429
26695.035449,1.886326,0.022514,1.668058,0.204396,0.529640,0.003825,-0.005407,-0.220979,0.003484,0.062603,3.507359,1.501673,3.495973,1.563330,2,34.021947
26695.070321,1.888047,0.029403,2.050187,0.224196,0.528868,0.003070,0.000853,-0.317614,-0.003139,0.062987,3.498908,1.543916,3.488606,1.606134,2,34.066932
26695.075592,1.886117,0.035280,2.560727,0.231936,0.528807,-0.000989,-0.002618,0.248291,-0.006672,0.064885,3.489829,1.587465,3.476550,1.651327,2,34.111058
26695.095434,1.884225,0.033114,2.930831,0.235815,0.530496,0.000704,-0.000352,-0.009814,-0.014185,0.063659,3.472982,1.627890,3.461619,1.692113,2,34.155900
26695.115449,1.881831,0.028644,3.185999,0.234440,0.531751,0.000450,0.000019,0.003441,-0.019877,0.060590,3.453633,1.668542,3.443205,1.731451,2,34.201917
26695.135445,1.879326,0.023080,3.347301,0.229720,0.533296,0.000389,0.000151,0.010167,-0.021872,0.061225,3.434571,1.708576,3.419638,1.771852,2,34.249145
26695.171321,1.877075,0.017355,3.427109,0.221868,0.535498,0.002100,0.002666,0.026799,-0.026957,0.061473,3.409342,1.744925,3.392400,1.809875,2,34.295815
26695.176931,1.875154,0.012190,3.441035,0.211439,0.537563,-0.001774,-0.001856,-0.002080,-0.023079,0.055589,3.383408,1.789037,3.361727,1.845186,2,34.344751
26695.195429,1.873076,0.008507,3.420401,0.197412,0.538635,-0.000835,0.002321,0.070695,-0.027673,0.067916,3.358922,1.814453,3.325359,1.879660,2,34.390493
26695.215429,1.872121,0.006161,3.369164,0.185580,0.543651,-0.001988,0.004068,0.122831,-0.028373,0.070240,3.329462,1.844703,3.288459,1.908401,2,34.432210
26695.235448,1.871189,0.005430,3.313621,0.170088,0.547580,-0.001999,0.003381,0.132172,-0.029255,0.063226,3.294299,1.872808,3.254808,1.930201,2,34.477156
26695.271192,1.871803,0.002484,3.197294,0.152929,0.550345,-0.003428,0.001681,0.267718,-0.029755,0.063000,3.257757,1.898322,3.213494,1.952129,2,34.523760
26695.276609,1.874967,-0.000570,2.983164,0.135974,0.552209,0.001730,0.005791,-0.042916,-0.026881,0.055798,3.213617,1.925820,3.170312,1.970100,2,34.573377
26695.295465,1.878178,0.002427,2.830070,0.116158,0.551353,-0.001935,0.004639,0.176100,-0.026790,0.068247,3.182014,1.942104,3.122402,1.984786,2,34.619042
26695.315453,1.882338,-0.001306,2.602104,0.103951,0.554862,-0.000696,0.002328,0.107257,-0.023135,0.067675,3.142978,1.959932,3.079867,1.993580,2,34.659924
26695.335447,1.888665,-0.004633,2.289019,0.095125,0.557484,-0.000162,0.001981,0.062457,-0.018676,0.068285,3.103458,1.975007,3.036730,1.998649,2,34.702332
26695.371164,1.895824,-0.003797,1.998098,0.087799,0.560013,-0.006357,-0.001853,0.180455,-0.011687,0.065484,3.062151,1.988313,2.996667,2.000000,2,34.744227
26695.376885,1.903078,-0.001849,1.779131,0.084282,0.562214,0.007129,0.003069,-0.124104,-0.000453,0.057916,3.011249,1.999547,2.953333,2.000000,2,34.791250
26695.395462,1.912495,0.001208,1.585596,0.081337,0.559324,-0.000855,0.000440,0.032513,0.009350,0.070708,2.977374,2.009350,2.906667,2.000000,2,34.835420
26695.415451,1.918866,0.002821,1.501761,0.082494,0.557351,0.000170,0.000124,0.006206,0.017461,0.071043,2.934377,2.017461,2.863333,2.000000,2,34.875011
26695.435452,1.926558,0.004491,1.438082,0.086724,0.552355,0.000528,-0.000350,-0.015083,0.025082,0.068035,2.891368,2.025082,2.823333,2.000000,2,34.917985
26695.470825,1.934015,0.006332,1.420021,0.091503,0.544766,-0.004224,-0.000526,-0.040825,0.031829,0.067255,2.847255,2.031829,2.780000,2.000000,2,34.961588
26695.476325,1.940720,0.008238,1.450598,0.098563,0.535163,0.006304,-0.000641,0.014857,0.033984,0.056183,2.792850,2.033984,2.736667,2.000000,2,35.010459
26695.495454,1.948433,0.008688,1.493983,0.106878,0.525163,0.000485,-0.001899,-0.066342,0.039594,0.071001,2.757668,2.039594,2.686667,2.000000,2,35.056427
26695.515454,1.952756,0.009866,1.554452,0.118153,0.515163,0.001508,-0.001500,-0.066057,0.041946,0.072078,2.712078,2.041946,2.640000,2.000000,2,35.097597
26695.535448,1.956960,0.012373,1.673008,0.131321,0.505163,0.001014,-0.000953,-0.041321,0.042667,0.066188,2.666188,2.042667,2.600000,2.000000,2,35.141914
26695.571297,1.959249,0.015062,1.855806,0.146461,0.495793,0.001804,-0.001302,-0.210806,0.041790,0.063544,2.620211,2.041790,2.556667,2.000000,2,35.186855
26695.577197,1.960886,0.014750,2.011960,0.164319,0.487204,0.003087,-0.005317,0.000132,0.035138,0.052970,2.562970,2.035138,2.510000,2.000000,2,35.236872
26695.595452,1.963245,0.011696,2.106009,0.187061,0.477204,0.003227,-0.004072,-0.140998,0.030680,0.070852,2.528103,2.034651,2.459938,1.998392,2,35.281987
26695.615449,1.961947,0.015386,2.281899,0.205773,0.470175,0.003273,-0.002186,-0.088418,0.017649,0.063844,2.476854,2.021058,2.416835,1.993035,2,35.324388
26695.635448,1.958515,0.019438,2.555586,0.217434,0.461621,0.001454,-0.000554,-0.020271,0.009261,0.060536,2.430627,2.008133,2.374361,1.983957,2,35.372736
26695.671739,1.952162,0.020818,2.851433,0.222927,0.455522,0.007877,0.002762,-0.141760,0.002537,0.060746,2.385937,1.993177,2.329688,1.970100,2,35.419833
26695.677480,1.945142,0.018002,3.065543,0.227327,0.451611,-0.005674,-0.004665,0.091798,-0.002449,0.056113,2.335128,1.972782,2.283488,1.950691,2,35.470016
26695.695449,1.936910,0.012637,3.212873,0.228609,0.445754,0.001833,0.000062,-0.013596,-0.006722,0.066795,2.299976,1.955824,2.239463,1.926756,2,35.517158
26695.715447,1.930238,0.010546,3.295501,0.226840,0.443387,0.000537,0.000053,0.004536,-0.009754,0.068355,2.261323,1.933643,2.200726,1.900544,2,35.559980
26695.735450,1.921358,0.007899,3.364448,0.219646,0.441238,0.000278,0.000310,0.015162,-0.011641,0.066558,2.224505,1.908689,2.167094,1.873060,2,35.605308
26695.771185,1.912790,0.005111,3.385621,0.207266,0.439962,0.005738,0.001944,0.091396,-0.013432,0.064684,2.190095,1.880646,2.135974,1.842761,2,35.650455
26695.776813,1.904561,0.003291,3.374170,0.189067,0.439769,-0.008400,0.002173,0.032558,-0.015212,0.059716,2.154234,1.845009,2.105538,1.807245,2,35.697402
26695.795443,1.894534,0.003262,3.359769,0.162635,0.439389,-0.000988,0.005151,0.167619,-0.018252,0.069764,2.131477,1.818023,2.078554,1.769041,2,35.741846
26695.815445,1.890312,-0.000337,3.242591,0.132511,0.441272,-0.001571,0.003505,0.161382,-0.021132,0.070633,2.108223,1.784278,2.056795,1.731451,2,35.782602
26695.835442,1.887495,-0.008081,2.939063,0.099335,0.441280,0.000084,0.002094,0.105988,-0.022025,0.066798,2.086030,1.748094,2.039675,1.695195,2,35.825606
26695.868302,1.887951,-0.015319,2.446445,0.065626,0.439468,-0.000422,-0.002810,0.382559,-0.024304,0.066108,2.068015,1.709871,2.024472,1.654508,2,35.869389
26695.875444,1.889755,-0.018227,1.896387,0.030346,0.437440,0.000901,0.009876,-0.123736,-0.024298,0.065335,2.051251,1.670837,2.012857,1.612656,2,35.912749
26695.895444,1.891439,-0.012847,1.471946,-0.005601,0.436540,-0.000017,0.003276,0.168442,-0.021862,0.063987,2.035517,1.630253,2.004918,1.569954,2,35.955748
26695.915443,1.893658,-0.020255,0.841732,-0.034895,0.433528,0.000579,0.002328,0.108179,-0.021021,0.066239,2.025246,1.591745,2.000715,1.526724,2,35.997180
26695.935445,1.895910,-0.023580,0.209785,-0.063145,0.432453,0.000736,0.002099,0.097670,-0.007466,0.068238,2.009463,1.551243,1.999721,1.483293,2,36.038487
26695.970396,1.897643,-0.024847,-0.347420,-0.089391,0.432319,0.000335,-0.001704,0.336061,0.008518,0.066908,1.995899,1.510748,1.996775,1.443306,2,36.081594
26695.976441,1.898626,-0.025696,-0.834357,-0.114775,0.433417,0.001331,0.006402,-0.199006,0.020926,0.059944,1.981414,1.463318,1.989981,1.400407,2,36.129076
26695.995450,1.899540,-0.021814,-1.221758,-0.142508,0.434293,0.002173,0.005387,0.208374,0.027754,0.069396,1.972086,1.429519,1.978531,1.355058,2,36.174471
26696.015441,1.899052,-0.023467,-1.496342,-0.170038,0.438862,0.003865,0.010401,0.310870,0.032397,0.071129,1.959790,1.389074,1.962893,1.310976,2,36.216107
26696.035444,1.898435,-0.021208,-1.718427,-0.199528,0.442349,0.006499,0.015502,0.461958,0.035262,0.066804,1.944916,1.350022,1.946259,1.274495,2,36.260024
26696.071356,1.898095,-0.017292,-1.818308,-0.230042,0.444414,0.015452,0.019714,0.895668,0.037670,0.067887,1.927494,1.311303,1.923235,1.233782,2,36.304305
26696.077056,1.897417,-0.015418,-1.891036,-0.256735,0.444621,0.003729,0.010864,0.188678,0.036801,0.057644,1.904012,1.266225,1.898534,1.198056,2,36.351284
26696.095451,1.897465,-0.012360,-1.893382,-0.278480,0.442517,0.004922,0.004056,0.157717,0.038114,0.065625,1.884825,1.236267,1.868576,1.162136,2,36.396179
26696.115442,1.889158,-0.028943,-2.339632,-0.282389,0.441467,0.001678,0.000610,0.020808,0.034564,0.065886,1.863076,1.201424,1.837864,1.131424,2,36.437064
26696.135447,1.877378,-0.037346,-2.893755,-0.278876,0.443221,0.000006,-0.000126,-0.004752,0.031543,0.066825,1.838379,1.169217,1.804602,1.103493,2,36.478261
26696.171117,1.865500,-0.036401,-3.309443,-0.268450,0.447484,0.007514,-0.005253,0.103204,0.028351,0.064178,1.810301,1.139050,1.771852,1.080362,2,36.519644
26696.176649,1.854917,-0.030579,-3.564218,-0.253835,0.453019,-0.009745,0.005119,-0.125095,0.023878,0.054289,1.773801,1.106716,1.737355,1.059929,2,36.564458
26696.195456,1.842901,-0.022925,-3.722403,-0.233687,0.456244,-0.000646,-0.003233,-0.070715,0.022592,0.066506,1.747603,1.086438,1.695195,1.039675,2,36.606304
26696.215443,1.836195,-0.017448,-3.741695,-0.211614,0.462424,-0.002055,-0.002106,-0.084823,0.019020,0.065625,1.713962,1.064261,1.657684,1.025515,2,36.644332
26696.235450,1.829891,-0.009608,-3.652898,-0.187453,0.467687,-0.002125,-0.004210,-0.124915,0.016975,0.062858,1.676160,1.045873,1.619159,1.014406,2,36.685300
26696.271895,1.825533,-0.005177,-3.492438,-0.162186,0.471836,-0.001319,-0.000989,-0.347692,0.013295,0.061975,1.638923,1.029443,1.579867,1.006420,2,36.726538
26696.277602,1.823384,0.000116,-3.234752,-0.138622,0.475529,-0.000985,-0.003732,0.193326,0.007004,0.059470,1.595525,1.012705,1.536730,1.001351,2,36.768982
26696.295454,1.822985,0.000197,-2.889734,-0.117049,0.477355,-0.000688,-0.001946,-0.114495,0.002220,0.065948,1.562614,1.002220,1.496667,1.000000,2,36.809016
26696.315445,1.824986,0.003457,-2.571294,-0.100900,0.481667,-0.000211,-0.001253,-0.056808,-0.007898,0.066421,1.523088,0.992102,1.456667,1.000000,2,36.847263
26696.335446,1.828614,0.004254,-2.167525,-0.089069,0.485884,-0.000575,-0.002748,-0.084135,-0.015299,0.065160,1.481827,0.984701,1.416667,1.000000,2,36.888517
26696.372322,1.832521,0.000135,-1.880807,-0.080138,0.489950,-0.006023,-0.001766,-0.285712,-0.021678,0.068256,1.444922,0.978322,1.376667,1.000000,2,36.928052
26696.378129,1.835830,-0.005222,-1.729286,-0.075590,0.495488,0.002660,-0.006308,-0.020700,-0.027459,0.057707,1.394374,0.972541,1.336667,1.000000,2,36.971569
26696.395441,1.840215,-0.009894,-1.660207,-0.073687,0.498131,-0.001143,-0.002262,-0.089188,-0.031164,0.065632,1.358966,0.968836,1.293333,1.000000,2,37.015491
26696.415444,1.844333,-0.007324,-1.546186,-0.077197,0.503126,-0.000096,0.000285,0.012542,-0.035408,0.066427,1.316427,0.964592,1.250000,1.000000,2,37.055424
26696.435448,1.850212,-0.005853,-1.387044,-0.087557,0.507341,0.000036,0.001226,0.048614,-0.037126,0.066306,1.276306,0.962874,1.210000,1.000000,2,37.096338
26696.475127,1.855727,-0.008709,-1.347082,-0.101261,0.510975,-0.004460,0.003816,0.182035,-0.040032,0.064575,1.234575,0.959968,1.170000,1.000000,2,37.137234
26696.480464,1.861206,-0.011340,-1.383243,-0.118146,0.513932,0.006624,0.003053,0.043725,-0.042250,0.049266,1.175933,0.957750,1.126667,1.000000,2,37.186474
26696.495458,1.868808,-0.011641,-1.413777,-0.144899,0.512976,0.000569,0.004138,0.137722,-0.042566,0.073120,1.149787,0.957434,1.076667,1.000000,2,37.229732
26696.515430,1.870587,-0.018479,-1.586073,-0.168277,0.515277,0.000872,0.001356,0.056594,-0.043168,0.070932,1.104265,0.956832,1.033333,1.000000,2,37.265744
26696.535431,1.871817,-0.027785,-1.993364,-0.189926,0.516571,0.000907,0.001240,0.050739,-0.043842,0.061418,1.061418,0.956158,1.000000,1.000000,2,37.306457
26696.568853,1.872091,-0.030876,-2.367205,-0.209168,0.518514,0.002030,-0.001292,0.206850,-0.039308,0.059233,1.012206,0.957586,0.956607,1.001887,2,37.349231
26696.575444,1.871542,-0.031025,-2.691509,-0.228090,0.520894,-0.000015,0.003532,-0.120890,-0.035129,0.060376,0.970528,0.962282,0.916835,1.006965,2,37.391851
26696.595446,1.870439,-0.028196,-2.931507,-0.241545,0.523200,0.001660,0.001532,0.059501,-0.032834,0.063111,0.927197,0.968403,0.874361,1.016043,2,37.431755
26696.615448,1.867932,-0.026527,-3.138377,-0.252091,0.526304,0.000764,0.000455,0.015765,-0.030165,0.064761,0.887271,0.977926,0.835988,1.027665,2,37.471566
26696.635413,1.863783,-0.025194,-3.344844,-0.256045,0.529107,0.000166,0.000174,0.005979,-0.027420,0.065163,0.847275,0.990988,0.798669,1.042326,2,37.510308
26696.667781,1.858952,-0.022391,-3.499379,-0.259938,0.533870,0.003760,-0.001809,0.053160,-0.034035,0.058480,0.797959,1.002212,0.762645,1.059929,2,37.552475
26696.675446,1.854368,-0.019079,-3.607296,-0.267668,0.538583,-0.002871,0.002304,-0.030619,-0.030631,0.059432,0.761373,1.022340,0.728148,1.080362,2,37.594450
26696.695446,1.849299,-0.015973,-3.678152,-0.270629,0.542736,0.000478,0.000222,0.005905,-0.035322,0.060620,0.718874,1.040421,0.692755,1.105538,2,37.633957
26696.715450,1.843883,-0.014177,-3.741996,-0.273464,0.547560,0.000245,0.000136,0.003332,-0.036383,0.061993,0.683250,1.062714,0.662136,1.131424,2,37.673554
26696.735439,1.838218,-0.012739,-3.791188,-0.272187,0.552752,-0.000006,-0.000001,-0.001024,-0.035607,0.061608,0.649537,1.090310,0.633691,1.159680,2,37.713477
26696.768038,1.832737,-0.011443,-3.822418,-0.270005,0.558231,0.003336,-0.000360,0.000278,-0.045734,0.059916,0.608841,1.114760,0.607600,1.190125,2,37.753716
26696.775444,1.828020,-0.010279,-3.836073,-0.268053,0.563432,-0.003152,0.000205,-0.003038,-0.042045,0.060675,0.582722,1.148755,0.584033,1.222562,2,37.793476
26696.795434,1.823221,-0.009695,-3.838810,-0.262113,0.567445,-0.000119,-0.000170,-0.008493,-0.047324,0.060202,0.551077,1.181164,0.563141,1.256784,2,37.833384
26696.815432,1.819513,-0.009054,-3.824550,-0.255053,0.571526,-0.000122,-0.000219,-0.010589,-0.055310,0.062962,0.520853,1.212334,0.545058,1.292569,2,37.871304
26696.835446,1.816748,-0.008499,-3.792081,-0.244580,0.574654,-0.000306,-0.000387,-0.016560,-0.059456,0.062084,0.496822,1.247696,0.531049,1.326550,2,37.908251
26696.867997,1.815014,-0.007911,-3.737441,-0.230929,0.577137,-0.000309,0.000003,-0.077835,-0.064080,0.061715,0.475103,1.284414,0.519574,1.361468,2,37.945705
26696.875445,1.814663,-0.007129,-3.654767,-0.212333,0.578809,-0.000619,-0.002099,0.015843,-0.060942,0.063281,0.464077,1.322669,0.510696,1.397134,2,37.982436
26696.895445,1.814812,-0.007643,-3.570832,-0.187084,0.579896,-0.001116,-0.001645,-0.071745,-0.056125,0.062849,0.457214,1.363587,0.504461,1.433357,2,38.019637
26696.915447,1.818013,-0.003842,-3.375008,-0.158042,0.578437,-0.002018,-0.005617,-0.167299,-0.052117,0.060380,0.452512,1.406535,0.500904,1.469939,2,38.060001
26696.935442,1.822311,-0.003346,-3.166407,-0.126126,0.575740,-0.001783,-0.004055,-0.180195,-0.052445,0.064528,0.447555,1.448805,0.500000,1.513333,2,38.102463
26696.968694,1.828856,0.002252,-2.831806,-0.095130,0.572494,-0.006008,0.000928,-0.362996,-0.055129,0.062296,0.444871,1.491037,0.500000,1.553333,2,38.145104
26696.975450,1.837996,0.008808,-2.326837,-0.067068,0.569040,0.005640,-0.006912,0.148698,-0.055301,0.060934,0.444699,1.535732,0.500000,1.596667,2,38.188675
26696.995447,1.847068,0.006127,-1.930720,-0.041088,0.566116,-0.000351,-0.003813,-0.179323,-0.052185,0.059084,0.447815,1.580916,0.500000,1.640000,2,38.233732
26697.015445,1.857001,0.009816,-1.471952,-0.017556,0.563494,0.000359,-0.001832,-0.086520,-0.050333,0.060170,0.449667,1.626497,0.500000,1.686667,2,38.280084
26697.035444,1.867543,0.013610,-0.944997,0.001101,0.560934,0.000265,-0.001381,-0.066072,-0.041317,0.062279,0.458683,1.671054,0.500000,1.733333,2,38.326352
26697.068949,1.877748,0.014118,-0.499765,0.017057,0.558413,-0.006158,0.001659,-0.215490,-0.034057,0.059948,0.465943,1.716719,0.500000,1.776667,2,38.371933
26697.075445,1.887757,0.013668,-0.139255,0.029412,0.555028,0.006906,-0.004057,0.102182,-0.031152,0.060566,0.468848,1.762767,0.500000,1.823333,2,38.417896
26697.095447,1.897644,0.010770,0.096644,0.037116,0.552094,0.000664,-0.001508,-0.070964,-0.024308,0.060481,0.475692,1.809519,0.500000,1.870000,2,38.464662
26697.115446,1.907124,0.010955,0.300202,0.042126,0.549188,0.000412,-0.000382,-0.018034,-0.019865,0.062038,0.480135,1.854629,0.500000,1.916667,2,38.511652
26697.135439,1.916007,0.011153,0.495724,0.043070,0.547548,0.000296,-0.000077,-0.003366,-0.016074,0.063906,0.483926,1.899428,0.500000,1.963333,2,38.557873
26697.169318,1.924617,0.009498,0.616985,0.042271,0.546281,-0.005204,0.001180,-0.016458,-0.011693,0.063225,0.488307,1.946775,0.500000,2.010000,2,38.604323
26697.175448,1.933169,0.007361,0.675690,0.038416,0.544135,0.005853,-0.000508,0.025656,-0.011569,0.063696,0.488431,1.992970,0.500000,2.056667,2,38.651383
26697.195530,1.941495,0.005763,0.699528,0.028981,0.542720,0.000275,0.000753,0.039012,-0.012392,0.062732,0.487608,2.040601,0.500000,2.103333,2,38.699068
26697.215433,1.949777,0.002067,0.639662,0.016258,0.540577,0.000414,0.003159,0.098493,-0.011603,0.060469,0.488397,2.089531,0.500000,2.150000,2,38.747374
26697.235474,1.957983,0.000441,0.559147,-0.001561,0.538182,0.000466,0.002306,0.113586,-0.011304,0.062034,0.488696,2.137966,0.500000,2.200000,2,38.796052
26697.269178,1.966033,-0.004814,0.382768,-0.023578,0.534936,-0.004171,0.000589,0.241547,-0.013480,0.059806,0.486520,2.186861,0.500000,2.246667,2,38.845277
26697.275457,1.973686,-0.011025,0.070873,-0.048001,0.530917,0.005600,0.004029,-0.083163,-0.012943,0.060427,0.487057,2.236240,0.500000,2.296667,2,38.894694
26697.295447,1.981155,-0.011031,-0.179390,-0.077793,0.527454,0.001499,0.003730,0.180870,-0.013120,0.060653,0.486880,2.286013,0.500000,2.346667,2,38.944811
26697.315449,1.987224,-0.017808,-0.549447,-0.109572,0.522863,0.001396,0.002214,0.102200,-0.013161,0.063401,0.486839,2.333265,0.500000,2.396667,2,38.994026
26697.335441,1.991281,-0.024468,-1.059634,-0.138489,0.518070,0.001538,0.001947,0.086729,-0.010822,0.064459,0.489178,2.382207,0.500000,2.446667,2,39.042032
26697.373324,1.993654,-0.027011,-1.550319,-0.166120,0.513743,0.003296,-0.000344,0.430955,-0.011334,0.061643,0.488666,2.431690,0.500000,2.493333,2,39.090165
26697.379259,1.995252,-0.024113,-1.926958,-0.196021,0.510820,0.003718,0.010334,-0.055153,-0.017672,0.048963,0.480032,2.496149,0.501887,2.543393,2,39.143788
26697.395457,1.997687,-0.016287,-2.150151,-0.236021,0.504263,0.003506,0.003681,0.132638,-0.007057,0.065905,0.489744,2.533005,0.509364,2.596316,2,39.193419
26697.415431,1.994399,-0.021094,-2.446588,-0.261561,0.497787,0.002954,0.001994,0.055365,-0.008246,0.069771,0.493352,2.580558,0.521469,2.644942,2,39.235346
26697.435437,1.986864,-0.023866,-2.878746,-0.278057,0.493583,0.005003,0.003438,0.096915,-0.015663,0.059645,0.498234,2.633030,0.534621,2.682819,2,39.280568
26697.477540,1.980120,-0.019211,-3.168506,-0.291407,0.491386,0.020603,-0.001969,0.341623,-0.020035,0.060183,0.508715,2.680826,0.553741,2.725505,2,39.327115
26697.483615,1.973174,-0.012551,-3.350589,-0.298690,0.489806,-0.005686,0.008815,-0.045613,-0.023078,0.044203,0.533694,2.741089,0.576765,2.766218,2,39.379909
26697.495463,1.963149,-0.003641,-3.475912,-0.300000,0.483293,0.002055,0.001155,0.029000,-0.021751,0.070369,0.546919,2.768130,0.607600,2.809875,2,39.424828
26697.515452,1.956217,-0.003116,-3.555304,-0.300000,0.483650,0.000439,0.000038,-0.000953,-0.024576,0.068565,0.571078,2.809689,0.635974,2.842761,2,39.461619
26697.535448,1.941668,-0.002695,-3.706354,-0.297952,0.484426,0.000244,-0.000031,-0.003014,-0.030526,0.059014,0.598007,2.851200,0.662136,2.868576,2,39.505119
26697.571676,1.927348,-0.000603,-3.814809,-0.291581,0.485788,0.010883,-0.001798,0.023480,-0.032304,0.059855,0.628253,2.885661,0.695398,2.896507,2,39.548381
26697.577289,1.913200,0.001928,-3.882469,-0.279618,0.487504,-0.012917,0.001322,-0.035652,-0.039146,0.052270,0.665836,2.926316,0.730959,2.921446,2,39.593810
26697.595450,1.896762,0.004246,-3.923671,-0.263317,0.488077,-0.000160,-0.001416,-0.037652,-0.038441,0.065050,0.696090,2.949209,0.771517,2.944742,2,39.635782
26697.615448,1.886736,0.005561,-3.921848,-0.244474,0.492946,-0.003140,-0.003060,-0.088169,-0.044014,0.063074,0.732743,2.978021,0.807887,2.961619,2,39.673268
26697.635446,1.874921,0.005943,-3.907081,-0.226875,0.499194,-0.005381,-0.005233,-0.148619,-0.048236,0.062996,0.770673,3.001936,0.845492,2.975528,2,39.713414
