t,vx,vy,omega,delta,T,eps_vx,eps_vy,eps_omega,eC,eL,pos_x,pos_y,ref_x,ref_y,lap,theta
26047.986064,0.400000,0.020000,0.000000,-0.003205,0.510000,-0.032145,0.020470,0.011859,-0.006925,0.023207,1.483459,3.006925,1.506667,3.000000,0,0.523399
26048.018272,0.400000,0.020000,0.000000,-0.005954,0.520000,-0.073975,0.000584,0.016223,-0.007419,0.031047,1.492287,3.007419,1.523333,3.000000,0,0.528164
26048.050307,0.359874,-0.000358,-0.008521,-0.007944,0.530000,-0.218415,0.001204,0.032273,-0.007891,0.037553,1.489114,3.007891,1.526667,3.000000,0,0.531449
26048.055736,0.176431,-0.000034,-0.001209,-0.010335,0.540000,-0.009352,0.000007,0.000269,-0.008152,0.038671,1.491329,3.008152,1.530000,3.000000,0,0.531449
26048.064305,0.173381,-0.000000,-0.000000,-0.011882,0.550000,-0.021136,-0.000000,-0.000000,-0.007366,0.039480,1.490520,3.007366,1.530000,3.000000,0,0.531449
26048.084308,0.162452,-0.000000,-0.000000,-0.012769,0.560000,-0.002304,0.000000,0.000000,-0.007535,0.036244,1.493756,3.007535,1.530000,3.000000,0,0.531449
26048.128998,0.184600,0.000000,0.000000,-0.013647,0.570000,-0.028575,0.000516,0.016501,-0.007939,0.031931,1.498069,3.007939,1.530000,3.000000,0,0.531449
26048.135097,0.211704,-0.000818,-0.018893,-0.014376,0.580000,0.032578,-0.000196,-0.006337,-0.007405,0.024125,1.505875,3.007405,1.530000,3.000000,0,0.535224
26048.144307,0.252059,-0.001397,-0.037125,-0.014844,0.590000,0.005408,0.000080,0.001922,-0.008011,0.024099,1.509235,3.008011,1.533333,3.000000,0,0.540874
26048.164331,0.269426,-0.001494,-0.039784,-0.015557,0.600000,0.009603,-0.000045,-0.001125,-0.007859,0.022683,1.517317,3.007859,1.540000,3.000000,0,0.547752
26048.184304,0.305541,-0.001897,-0.050529,-0.016094,0.610000,0.002729,-0.000006,-0.000088,-0.007702,0.022262,1.524404,3.007702,1.546667,3.000000,0,0.557294
26048.229867,0.335172,-0.002146,-0.057463,-0.016349,0.620000,-0.028400,0.000177,0.005206,-0.007997,0.023089,1.533577,3.007997,1.556667,3.000000,0,0.567213
26048.235572,0.369049,-0.002388,-0.064348,-0.016705,0.630000,0.039240,-0.000201,-0.006126,-0.007795,0.019749,1.546918,3.007795,1.566667,3.000000,0,0.580841
26048.244329,0.416251,-0.002675,-0.072776,-0.015984,0.638200,0.008459,-0.000096,-0.002588,-0.008500,0.026530,1.553470,3.008500,1.580000,3.000000,0,0.593197
26048.264306,0.437046,-0.002794,-0.076332,-0.016069,0.648200,0.002070,-0.000009,-0.000272,-0.008964,0.026306,1.563694,3.008964,1.590000,3.000000,0,0.603403
26048.284307,0.467715,-0.002914,-0.080108,-0.016261,0.658200,0.007889,-0.000035,-0.001080,-0.008006,0.027264,1.576069,3.008006,1.603333,3.000000,0,0.617022
26048.333959,0.504677,-0.003137,-0.086814,-0.015656,0.668200,-0.035029,0.000134,0.004276,-0.007513,0.027035,1.589631,3.007513,1.616667,3.000000,0,0.632462
26048.339743,0.542508,-0.003253,-0.091273,-0.014607,0.678199,0.049997,-0.000335,-0.009794,-0.007049,0.017369,1.612631,3.007049,1.630000,3.000000,0,0.652969
26048.346725,0.601160,-0.003498,-0.099318,-0.012715,0.679375,0.006495,-0.000316,-0.007591,-0.006949,0.030100,1.619900,3.006949,1.650000,3.000000,0,0.671067
26048.364323,0.618007,-0.003483,-0.100050,-0.011315,0.689369,0.003073,-0.000226,-0.007470,-0.006307,0.037530,1.632470,3.006307,1.670000,3.000000,0,0.683393
26048.384310,0.647558,-0.003026,-0.090317,-0.009578,0.699369,0.007501,-0.000121,-0.004380,-0.006325,0.033548,1.649786,3.006325,1.683333,3.000000,0,0.699560
26048.432084,0.685528,-0.002564,-0.077510,-0.008250,0.708592,-0.035742,-0.000085,-0.003665,-0.005558,0.029427,1.667240,3.005558,1.696667,3.000000,0,0.719325
26048.437793,0.722961,-0.002270,-0.069215,-0.006559,0.716452,0.053372,-0.000211,-0.004466,-0.004598,0.018336,1.698331,3.004598,1.716667,3.000000,0,0.746171
26048.444278,0.785202,-0.002234,-0.067690,-0.004351,0.715491,-0.000226,-0.000428,-0.009587,-0.004459,0.039621,1.703713,3.004459,1.743333,3.000000,0,0.767787
26048.464304,0.794888,-0.002167,-0.066728,-0.002772,0.725491,0.006965,-0.000291,-0.010192,-0.003904,0.042454,1.724213,3.003904,1.766667,3.000000,0,0.783437
26048.484304,0.832908,-0.001279,-0.045748,-0.001276,0.733678,0.007718,-0.000114,-0.004167,-0.003565,0.037335,1.745998,3.003565,1.783333,3.000000,0,0.805488
26048.535389,0.871833,-0.000633,-0.025211,0.000179,0.739089,-0.042394,-0.000462,-0.016325,-0.003492,0.035821,1.767512,3.003492,1.803333,3.000000,0,0.828982
26048.542216,0.908692,-0.000419,-0.015724,0.001630,0.744391,0.064109,-0.000390,-0.007458,-0.002969,0.011996,1.814670,3.002969,1.826667,3.000000,0,0.865241
26048.548765,0.983493,-0.000388,-0.013090,0.003562,0.741302,-0.004028,-0.000558,-0.012381,-0.002876,0.044782,1.818551,3.002876,1.863333,3.000000,0,0.894971
26048.564312,0.989456,-0.000284,-0.011067,0.005282,0.750847,0.004861,-0.000434,-0.013459,-0.001507,0.055388,1.837945,3.001507,1.893333,3.000000,0,0.909974
26048.584303,1.018384,0.000714,0.012674,0.006904,0.760847,0.005372,-0.000388,-0.010363,-0.000831,0.043553,1.863114,3.000831,1.906667,3.000000,0,0.933085
26048.630177,1.055006,0.001505,0.042561,0.008601,0.769105,-0.036878,-0.001048,-0.039078,0.000015,0.041943,1.888057,2.999985,1.930000,3.000000,0,0.959891
26048.636945,1.089778,0.001620,0.053144,0.010251,0.776316,0.049897,-0.000693,-0.010770,-0.000043,0.022217,1.934450,3.000043,1.956667,3.000000,0,0.996913
26048.644312,1.150371,0.001647,0.059662,0.012490,0.771703,-0.001360,-0.000759,-0.017624,0.001638,0.054371,1.942295,2.998362,1.996667,3.000000,0,1.027509
26048.664320,1.160334,0.001988,0.066972,0.014951,0.779367,0.005932,-0.000235,-0.008628,0.002291,0.055486,1.971180,2.997709,2.026667,3.000000,0,1.049157
26048.684307,1.197268,0.004038,0.126345,0.015632,0.784861,0.005564,-0.000063,-0.001817,0.002877,0.045600,2.001066,2.997123,2.046667,3.000000,0,1.079817
26048.731242,1.233779,0.004724,0.164576,0.016254,0.788414,-0.036813,-0.000042,-0.015904,0.003789,0.046280,2.030387,2.996211,2.076667,3.000000,0,1.110975
26048.737364,1.268782,0.004967,0.186816,0.016743,0.791673,0.051192,-0.000100,0.013307,0.003797,0.026457,2.083543,2.996203,2.110000,3.000000,0,1.153400
26048.744300,1.329388,0.004969,0.206411,0.015447,0.785602,-0.000654,0.000154,0.002833,0.005385,0.060988,2.092345,2.994615,2.153333,3.000000,0,1.188315
26048.764305,1.339056,0.004983,0.208661,0.014987,0.792014,0.004298,0.000141,0.006205,0.006457,0.062099,2.124567,2.993543,2.186667,3.000000,0,1.211990
26048.784305,1.373291,0.004688,0.209972,0.014886,0.796878,0.004283,0.000018,0.001297,0.006605,0.052721,2.157279,2.993395,2.210000,3.000000,0,1.244989
26048.832029,1.407408,0.004418,0.206773,0.013749,0.800431,-0.036593,0.000463,0.012564,0.007320,0.052447,2.190886,2.992680,2.243333,3.000000,0,1.279930
26048.838433,1.441030,0.004304,0.207148,0.012299,0.803139,0.047534,0.000249,0.012210,0.006349,0.026263,2.250403,2.993651,2.276667,3.000000,0,1.327258
26048.844267,1.498030,0.004155,0.211679,0.008886,0.796075,0.000321,0.000706,0.015441,0.008518,0.066878,2.259789,2.991482,2.326667,3.000000,0,1.365398
26048.864308,1.506668,0.004039,0.210783,0.006826,0.801812,0.004396,0.000599,0.020029,0.008939,0.067390,2.295943,2.991061,2.363333,3.000000,0,1.391856
26048.884305,1.539738,0.002392,0.170460,0.004452,0.805248,0.004410,0.001164,0.034334,0.007368,0.057223,2.332777,2.992632,2.390000,3.000000,0,1.429125
26048.932499,1.572555,0.002026,0.147411,-0.000342,0.807062,-0.034886,0.002556,0.120189,0.006327,0.055562,2.371104,2.993673,2.426667,3.000000,0,1.468267
26048.938824,1.604815,0.001953,0.136490,-0.004808,0.807292,0.044623,0.001944,0.041501,0.002593,0.030111,2.436556,2.997407,2.466667,3.000000,0,1.520013
26048.944644,1.658236,0.002034,0.135553,-0.011620,0.799187,0.000709,0.002342,0.051450,0.004010,0.072450,2.447550,2.995990,2.520000,3.000000,0,1.561675
26048.964298,1.666687,0.001688,0.129567,-0.017999,0.803342,0.003336,0.002204,0.078098,0.003181,0.074070,2.485930,2.996819,2.560000,3.000000,0,1.590568
26048.984286,1.696112,-0.003131,-0.000682,-0.021597,0.806261,0.001396,0.002661,0.078996,-0.000175,0.067414,2.522586,3.000175,2.590000,3.000000,0,1.628471
26049.032976,1.723822,-0.004142,-0.100454,-0.025155,0.808704,-0.037234,0.002590,0.205492,-0.001992,0.069342,2.557324,3.001992,2.626667,3.000000,0,1.665683
26049.040326,1.749578,-0.003738,-0.153401,-0.027530,0.810073,0.038508,0.003352,0.036976,-0.016868,0.037838,2.625495,3.016868,2.663333,3.000000,0,1.717308
26049.047443,1.797585,-0.002520,-0.181053,-0.035257,0.800073,0.005858,0.002287,0.052423,-0.010678,0.067875,2.648792,3.010678,2.716667,3.000000,0,1.765672
26049.064305,1.812130,-0.003656,-0.210353,-0.039430,0.799161,0.005317,0.001394,0.050868,-0.010899,0.074067,2.689267,3.010899,2.763333,3.000000,0,1.801038
26049.084304,1.837714,-0.007945,-0.349942,-0.040019,0.797796,0.004995,0.000194,0.004259,-0.011841,0.063508,2.736492,3.011841,2.800000,3.000000,0,1.845157
26049.132872,1.866401,-0.009509,-0.506302,-0.038411,0.793496,-0.028927,-0.002136,0.041053,-0.012637,0.061512,2.781822,3.012637,2.843333,3.000000,0,1.893078
26049.139229,1.893158,-0.008019,-0.585173,-0.035833,0.789305,0.038391,0.001798,-0.044034,-0.018231,0.027969,2.862031,3.018231,2.890000,3.000000,0,1.955212
26049.145267,1.938775,-0.005287,-0.635210,-0.029056,0.779305,0.003652,-0.001100,-0.027954,-0.015864,0.071553,2.881781,3.015864,2.953333,3.000000,0,2.008092
26049.164312,1.948955,-0.004830,-0.639684,-0.025692,0.777315,-0.000309,-0.000610,-0.027870,-0.016612,0.085727,2.920940,3.016612,3.006667,3.000000,0,2.042097
26049.184304,1.968906,-0.001383,-0.575147,-0.023346,0.774387,0.003447,-0.000520,-0.018997,-0.018401,0.070631,2.969369,3.018401,3.040000,3.000000,0,2.085810
26049.229875,1.993132,0.000025,-0.506656,-0.021008,0.769315,-0.022088,0.000315,-0.062103,-0.019760,0.065821,3.017513,3.019760,3.083333,3.000000,0,2.134549
26049.235594,2.016502,0.000722,-0.451050,-0.017883,0.763652,0.029016,-0.000748,0.035698,-0.021035,0.042357,3.090976,3.021035,3.133333,3.000000,0,2.195356
26049.244308,2.051129,0.000504,-0.390305,-0.009082,0.753652,0.002936,-0.002020,-0.050205,-0.020855,0.076986,3.116347,3.020855,3.193333,3.000000,0,2.247527
26049.264281,2.062160,0.000372,-0.383810,-0.004988,0.748248,0.003630,-0.000322,-0.021792,-0.021785,0.079662,3.167004,3.021785,3.246667,3.000000,0,2.288203
26049.284294,2.083792,0.003890,-0.262301,-0.001884,0.741370,0.004105,-0.000755,-0.026011,-0.022604,0.067561,3.219106,3.022604,3.286667,3.000000,0,2.339270
26049.333021,2.105215,0.003970,-0.171712,0.001194,0.733441,-0.019686,0.001442,-0.090300,-0.023595,0.066297,3.270370,3.023595,3.336667,3.000000,0,2.392150
26049.339107,2.125383,0.003891,-0.097528,0.003066,0.725476,0.028689,-0.001792,0.061253,-0.028408,0.029599,3.360401,3.028408,3.390000,3.000000,0,2.461835
26049.345029,2.158898,0.002317,-0.007144,0.003841,0.715476,0.003569,-0.000432,-0.005147,-0.024022,0.077137,3.382863,3.024022,3.460000,3.000000,0,2.520958
26049.364340,2.166842,0.001904,0.002134,0.000475,0.710542,0.001264,0.000339,0.007632,-0.024002,0.091639,3.428361,3.024002,3.520000,3.000000,0,2.559188
26049.384314,2.181916,0.001187,0.016047,-0.007098,0.704659,0.003235,0.000663,0.033509,-0.024353,0.074886,3.481781,3.024353,3.556667,3.000000,0,2.607747
26049.434020,2.198838,-0.000960,-0.015865,-0.019424,0.697104,-0.015492,-0.000900,0.175018,-0.025706,0.070777,3.535890,3.025706,3.606667,3.000000,0,2.661548
26049.439897,2.215058,-0.004040,-0.120460,-0.034988,0.687840,0.024296,0.003514,-0.086100,-0.032145,0.026295,3.633705,3.032145,3.660000,3.000000,0,2.735708
26049.445570,2.242820,-0.003169,-0.291313,-0.068312,0.677840,0.003386,0.004653,0.093457,-0.028243,0.076836,3.656497,3.028243,3.733333,3.000000,0,2.798558
26049.464323,2.248845,-0.003777,-0.338839,-0.102325,0.668110,0.004458,0.007439,0.283001,-0.029909,0.092052,3.704615,3.029909,3.796667,3.000000,0,2.837684
26049.484309,2.259616,-0.012160,-0.670564,-0.139923,0.658110,0.005795,0.004501,0.225411,-0.031417,0.075878,3.760789,3.031417,3.836667,3.000000,0,2.888123
26049.534298,2.268925,-0.019954,-1.193061,-0.169821,0.648110,0.002054,-0.015871,0.670085,-0.028418,0.071857,3.814810,3.028418,3.886667,3.000000,0,2.942366
26049.540270,2.273686,-0.021849,-1.824597,-0.186265,0.638110,0.007526,0.018896,-0.520802,-0.030535,0.028977,3.911023,3.030535,3.940000,3.000000,0,3.013569
26049.546260,2.280898,-0.002420,-2.532937,-0.195040,0.628110,0.003355,0.002454,0.000676,-0.018390,0.076826,3.937060,3.020259,4.013367,2.999821,0,3.076241
26049.564335,2.283319,0.002559,-2.628582,-0.204570,0.625112,0.005014,0.000289,0.050826,-0.002279,0.095196,3.979427,3.010806,4.073262,2.994604,0,3.115607
26049.584310,2.284157,0.010592,-2.821060,-0.203416,0.620745,0.003601,0.000695,0.013710,0.008888,0.081448,4.031300,2.996835,4.112656,2.987143,0,3.163596
26049.633830,2.282431,0.021042,-2.988179,-0.198921,0.616595,0.012224,-0.010901,0.046929,0.019377,0.074859,4.083739,2.979156,4.160852,2.973420,0,3.219667
26049.639946,2.279121,0.031078,-3.091836,-0.194074,0.612713,-0.007223,0.010839,-0.047191,0.018579,0.034101,4.171714,2.951047,4.210467,2.953545,0,3.292570
26049.645549,2.270041,0.044985,-3.151104,-0.185636,0.605717,-0.000090,0.000241,-0.010997,0.030238,0.080411,4.190848,2.936715,4.274651,2.917812,0,3.355903
26049.664317,2.268113,0.047283,-3.150060,-0.180414,0.608714,0.001263,-0.000931,-0.028210,0.032803,0.100028,4.228060,2.919842,4.325359,2.879660,0,3.395954
26049.684314,2.263604,0.051471,-3.114392,-0.174728,0.611995,-0.000479,-0.001063,-0.038782,0.038246,0.087645,4.265832,2.887597,4.354733,2.852370,0,3.441732
26049.733168,2.257532,0.053588,-3.064896,-0.172319,0.614880,0.008056,0.002845,-0.141122,0.024081,0.077507,4.318267,2.862232,4.386107,2.817681,0,3.492899
26049.739363,2.253303,0.053526,-3.022314,-0.181226,0.617576,-0.008385,-0.003558,0.033713,0.012609,0.038479,4.384125,2.802453,4.415967,2.777438,0,3.559037
26049.745216,2.243135,0.049646,-2.972954,-0.192209,0.613382,0.000423,0.000265,0.009827,0.014607,0.081892,4.400156,2.786684,4.449234,2.719519,0,3.613557
26049.764351,2.241642,0.048775,-2.965041,-0.203600,0.616513,0.003459,0.001931,0.037399,0.011304,0.096245,4.428397,2.754093,4.471228,2.667166,0,3.645820
26049.784301,2.238221,0.046289,-2.971770,-0.217456,0.619967,0.001648,0.002143,0.068080,0.006871,0.083638,4.450651,2.716993,4.480426,2.638532,0,3.684433
26049.829943,2.231854,0.043557,-2.988476,-0.221872,0.621563,0.013352,0.001992,0.142707,-0.013982,0.076530,4.488438,2.677374,4.489981,2.599593,0,3.726317
26049.835883,2.227200,0.040678,-3.040864,-0.232098,0.624250,-0.009696,-0.000803,-0.097336,-0.020341,0.044457,4.511243,2.606590,4.496385,2.560013,0,3.782043
26049.844297,2.214899,0.038548,-3.172990,-0.226319,0.617574,0.001598,0.000219,0.002360,-0.032997,0.085973,4.532411,2.589534,4.499989,2.503342,0,3.828774
26049.864303,2.213008,0.038920,-3.202059,-0.225336,0.620002,0.000884,0.000158,-0.000991,-0.049926,0.085502,4.549926,2.542169,4.500000,2.456667,0,3.863626
26049.884302,2.205821,0.040450,-3.261236,-0.218203,0.620714,0.000303,-0.000082,-0.008797,-0.072944,0.076853,4.572944,2.496853,4.500000,2.420000,0,3.909684
26049.929964,2.198720,0.042830,-3.291530,-0.207433,0.620866,0.007743,-0.001160,-0.046261,-0.090204,0.074277,4.590204,2.450944,4.500000,2.376667,0,3.956956
26049.935886,2.191665,0.045368,-3.285693,-0.190127,0.619911,-0.009584,-0.000262,0.014370,-0.103262,0.051413,4.603262,2.378080,4.500000,2.326667,0,4.016097
26049.944301,2.180639,0.046576,-3.245151,-0.157304,0.609911,-0.001855,-0.003461,-0.080256,-0.109254,0.086914,4.609254,2.356914,4.500000,2.270000,0,4.065336
26049.964301,2.177848,0.046749,-3.226007,-0.123837,0.609092,-0.001652,-0.001906,-0.106450,-0.114062,0.087833,4.614062,2.307833,4.500000,2.220000,0,4.102173
26049.984298,2.176639,0.055311,-2.925935,-0.088467,0.606699,-0.000826,-0.002199,-0.118857,-0.113089,0.075573,4.613089,2.258906,4.500000,2.183333,0,4.148555
26050.030783,2.178441,0.059226,-2.483056,-0.051711,0.603291,-0.006969,0.019189,-0.677589,-0.112400,0.072649,4.612400,2.209315,4.500000,2.136667,0,4.196339
26050.038848,2.183171,0.058360,-1.919354,-0.018273,0.598386,0.008297,-0.026607,0.380591,-0.096605,0.030714,4.596605,2.120714,4.500000,2.090000,0,4.262626
26050.044431,2.193734,0.034024,-1.184975,0.015906,0.588386,-0.000144,-0.006456,-0.183870,-0.097338,0.085025,4.597338,2.108359,4.500000,2.023333,0,4.315498
26050.064309,2.195274,0.031811,-1.127495,0.041235,0.587437,0.000931,-0.002949,-0.197247,-0.089264,0.087397,4.589264,2.057397,4.500000,1.970000,0,4.350193
26050.084302,2.201729,0.039282,-0.422505,0.055682,0.582087,0.000974,-0.000968,-0.055327,-0.076256,0.073570,4.576256,2.006903,4.500000,1.933333,0,4.399332
26050.131909,2.208024,0.035611,0.246679,0.065312,0.576029,-0.006090,0.014823,-0.343500,-0.063337,0.070345,4.563337,1.957012,4.500000,1.886667,0,4.450569
26050.137818,2.213891,0.025734,0.703690,0.069225,0.570262,0.008795,-0.015313,0.266882,-0.042296,0.033555,4.542296,1.866889,4.500000,1.833333,0,4.519474
26050.144309,2.224024,0.007746,1.080002,0.066796,0.560262,-0.000097,0.000859,-0.010638,-0.044982,0.087536,4.544982,1.854203,4.500000,1.766667,0,4.573854
26050.164307,2.225130,0.006391,1.101318,0.061694,0.556984,0.000711,0.000473,0.027605,-0.046899,0.092385,4.546899,1.802385,4.500000,1.710000,0,4.609610
26050.184308,2.229457,-0.000019,1.153430,0.052868,0.551454,0.000672,0.000701,0.037839,-0.038907,0.072617,4.538907,1.749284,4.500000,1.676667,0,4.660413
26050.232691,2.233553,-0.005596,1.110836,0.046861,0.544775,-0.003377,0.000297,0.138716,-0.036780,0.073575,4.536780,1.696908,4.500000,1.623333,0,4.713287
26050.238750,2.237377,-0.008063,1.037712,0.038753,0.537215,0.005587,0.002787,-0.004949,-0.030281,0.030705,4.530281,1.604038,4.500000,1.573333,0,4.783306
26050.244938,2.243821,-0.007144,0.977001,0.026473,0.527215,0.000576,0.003324,0.070615,-0.035383,0.080602,4.535383,1.583935,4.500000,1.503333,0,4.841774
26050.264310,2.245160,-0.007092,0.964505,0.010389,0.519831,0.000476,0.004248,0.169917,-0.038746,0.096588,4.538746,1.539922,4.500000,1.443333,0,4.878245
26050.284307,2.247683,-0.012552,0.781189,-0.006906,0.512585,0.001202,0.007931,0.266023,-0.025004,0.081040,4.525004,1.487707,4.500000,1.406667,0,4.924968
26050.333227,2.250509,-0.012319,0.611786,-0.019917,0.502585,-0.000148,0.003355,0.719250,-0.027239,0.077803,4.527239,1.437803,4.500000,1.360000,0,4.974995
26050.339175,2.252895,-0.009302,0.517825,-0.039046,0.492585,0.005064,0.012227,0.162930,-0.023349,0.032524,4.523349,1.342524,4.500000,1.310000,0,5.044134
26050.344805,2.257854,-0.004350,0.481902,-0.079046,0.482585,0.001375,0.011172,0.249811,-0.024683,0.091686,4.524683,1.331686,4.500000,1.240000,0,5.099488
26050.364309,2.258305,-0.005030,0.462900,-0.119046,0.472585,0.003183,0.004771,0.284753,-0.023744,0.093479,4.523744,1.280146,4.500000,1.186667,0,5.134092
26050.384310,2.255401,-0.031239,-0.308857,-0.123755,0.462585,0.001389,0.000844,0.027016,-0.025728,0.077502,4.525728,1.227502,4.500000,1.150000,0,5.182967
26050.432991,2.250911,-0.035022,-1.145645,-0.132064,0.457314,0.010767,-0.016641,0.474547,-0.021834,0.070785,4.521834,1.174118,4.500000,1.103333,0,5.234595
26050.439088,2.247441,-0.022954,-1.636714,-0.144070,0.455358,-0.004541,0.020342,-0.211579,-0.013813,0.032445,4.513813,1.082445,4.500000,1.050000,0,5.303718
26050.444951,2.240725,-0.000681,-1.997689,-0.172718,0.448051,0.001433,0.004944,0.080262,-0.011652,0.082587,4.514547,1.062050,4.499600,0.979995,0,5.361278
26050.464306,2.238948,0.002632,-2.034647,-0.212718,0.438051,0.006541,0.004264,0.192062,0.005781,0.096791,4.503205,1.020133,4.494128,0.923595,0,5.397110
26050.484304,2.230924,0.000087,-2.298167,-0.237815,0.428051,0.007064,0.006322,0.194681,0.012240,0.080843,4.493448,0.969104,4.487198,0.887579,0,5.443480
26050.533523,2.220380,0.003391,-2.553193,-0.260740,0.418051,0.038853,-0.001929,0.625658,0.017422,0.073028,4.481039,0.917440,4.474592,0.842640,0,5.495185
26050.539433,2.209884,0.009753,-2.711110,-0.282300,0.408051,-0.011589,0.012456,0.005971,0.022507,0.028280,4.447489,0.831024,4.456501,0.796023,0,5.565783
26050.545014,2.191471,0.020351,-2.818524,-0.297802,0.398051,0.002672,0.004095,0.074872,0.034106,0.074591,4.434300,0.815598,4.423552,0.734287,0,5.626978
26050.564296,2.187082,0.021681,-2.831337,-0.300000,0.388051,0.006066,0.001097,0.063694,0.038227,0.095662,4.417689,0.781089,4.386571,0.682884,0,5.662852
26050.584308,2.168320,0.015945,-3.049572,-0.300000,0.378051,0.001656,0.000080,-0.000433,0.034110,0.078578,4.393479,0.738463,4.364576,0.657824,0,5.705620
26050.633504,2.144139,0.014674,-3.303848,-0.300000,0.374355,0.037874,-0.006403,0.179172,0.028956,0.076326,4.371112,0.700027,4.333573,0.627536,0,5.751089
26050.639219,2.118930,0.017568,-3.498650,-0.296557,0.372217,-0.039114,0.006497,-0.169822,0.021565,0.034558,4.312344,0.635945,4.297389,0.598055,0,5.812386
26050.645341,2.072541,0.025338,-3.711699,-0.293195,0.368750,-0.002695,0.000182,-0.008931,0.023996,0.076282,4.301563,0.623889,4.247106,0.565329,0,5.865446
26050.664298,2.062113,0.026767,-3.740429,-0.293003,0.372686,0.003836,-0.000297,0.005092,0.019270,0.094339,4.278228,0.596775,4.199400,0.541481,0,5.893734
26050.684304,2.042306,0.029244,-3.776124,-0.294753,0.376786,-0.000072,0.000012,0.000119,0.016180,0.075681,4.237069,0.571505,4.171532,0.530344,0,5.931268
26050.733471,2.017520,0.030527,-3.803127,-0.297287,0.379314,0.034758,0.003612,0.014532,0.006544,0.076076,4.208035,0.546119,4.136643,0.519034,0,5.971069
26050.739699,1.993105,0.029911,-3.817012,-0.298547,0.382684,-0.032852,-0.003711,-0.000001,-0.005482,0.033922,4.132089,0.510903,4.097750,0.509648,0,6.024322
26050.745472,1.952761,0.025634,-3.820847,-0.300000,0.380004,-0.003294,-0.000630,-0.002607,-0.003426,0.077885,4.122839,0.505617,4.044962,0.502026,0,6.068960
26050.764319,1.942730,0.023780,-3.826770,-0.300000,0.381278,0.004047,0.000880,0.005776,-0.003227,0.091168,4.092846,0.497080,4.001668,0.500003,0,6.091379
26050.784312,1.925379,0.020365,-3.833088,-0.300000,0.382854,0.000157,0.000045,0.000541,-0.010642,0.072314,4.050114,0.486704,3.978329,0.500470,0,6.124165
26050.831630,1.903525,0.015576,-3.847985,-0.300000,0.383025,0.027649,0.006268,0.027863,-0.015827,0.068782,4.011711,0.479739,3.945083,0.503025,0,6.160713
26050.837557,1.882128,0.010705,-3.866430,-0.300000,0.384239,-0.029702,-0.006636,-0.028453,-0.026674,0.037872,3.941171,0.475254,3.908800,0.508388,0,6.209066
26050.844303,1.846298,0.002666,-3.900724,-0.300000,0.381919,0.002786,0.000614,0.003087,-0.021728,0.075238,3.929793,0.477571,3.863357,0.519034,0,6.247244
26050.864303,1.842510,0.001811,-3.905106,-0.300000,0.383845,-0.000958,-0.000294,-0.004576,-0.021179,0.081029,3.893865,0.483349,3.825339,0.531499,0,6.271227
26050.884302,1.822548,-0.002654,-3.931852,-0.300000,0.383448,0.000347,0.000040,0.000454,-0.024566,0.063180,3.852121,0.492760,3.803663,0.540161,0,6.306925
26050.932994,1.804602,-0.006358,-3.952260,-0.297366,0.385020,0.023352,0.004435,0.013426,-0.028158,0.065440,3.815695,0.500735,3.770483,0.555791,0,6.343391
26050.938798,1.786873,-0.009914,-3.972410,-0.293033,0.387674,-0.025502,-0.005081,-0.029477,-0.032275,0.040253,3.755971,0.525251,3.738537,0.573811,0,6.388653
26050.944495,1.756641,-0.015771,-4.003032,-0.280083,0.382162,0.000721,-0.000471,-0.014142,-0.028068,0.074438,3.745757,0.531218,3.702611,0.598055,0,6.424591
26050.964304,1.753330,-0.016436,-4.007073,-0.276311,0.386451,-0.001374,-0.000739,-0.021337,-0.026976,0.079442,3.716583,0.548680,3.673947,0.620936,0,6.447630
26050.984301,1.738781,-0.017974,-3.983395,-0.267566,0.390761,-0.001759,-0.001427,-0.038137,-0.028322,0.065936,3.685086,0.570698,3.656610,0.636568,0,6.480812
26051.030776,1.725268,-0.020169,-3.952730,-0.253198,0.392520,0.009554,0.000289,-0.190549,-0.024927,0.067692,3.660856,0.593660,3.633150,0.660263,0,6.514689
26051.036624,1.712341,-0.022871,-3.925002,-0.237796,0.397513,-0.017878,-0.006526,-0.035347,-0.018526,0.050006,3.628378,0.634943,3.611322,0.685469,0,6.554195
26051.044274,1.692368,-0.027902,-3.904608,-0.215070,0.396457,-0.002401,-0.004158,-0.091630,-0.014670,0.078707,3.619774,0.644320,3.587418,0.717553,0,6.586674
26051.064304,1.688506,-0.027664,-3.874126,-0.194391,0.403907,-0.002178,-0.002778,-0.107044,-0.009489,0.080662,3.602369,0.671405,3.569510,0.745680,0,6.610163
26051.084299,1.684382,-0.019699,-3.580077,-0.178306,0.410450,-0.000932,-0.001179,-0.045598,-0.007272,0.070777,3.584799,0.700096,3.558109,0.766050,0,6.641885
26051.132084,1.682404,-0.015798,-3.227227,-0.166826,0.415919,0.000427,0.005684,-0.274631,-0.003437,0.067805,3.569815,0.729839,3.544870,0.792982,0,6.675244
26051.137709,1.681434,-0.016644,-2.924766,-0.156532,0.421158,-0.001682,-0.007507,0.208364,0.003375,0.040791,3.549618,0.786794,3.532084,0.823777,0,6.719965
26051.144302,1.679954,-0.023894,-2.623448,-0.143593,0.417200,-0.000641,-0.001878,-0.060571,0.007477,0.077793,3.546790,0.792079,3.518580,0.864962,0,6.755232
26051.164304,1.679863,-0.024243,-2.598756,-0.133459,0.425164,-0.001343,-0.001773,-0.070737,0.011823,0.080623,3.537589,0.823952,3.509977,0.900616,0,6.777664
26051.184303,1.681076,-0.021480,-2.393141,-0.125929,0.432573,-0.001062,-0.000635,-0.023737,0.016378,0.071438,3.532974,0.855499,3.505872,0.923595,0,6.809480
26051.232263,1.683079,-0.019696,-2.180944,-0.119397,0.439783,-0.005797,0.000493,-0.157381,0.018104,0.066149,3.526372,0.889205,3.502178,0.953377,0,6.842798
26051.238294,1.685324,-0.020542,-2.042971,-0.113626,0.446810,0.002600,-0.003626,0.033768,0.016581,0.039569,3.517808,0.947549,3.500178,0.986661,0,6.887930
26051.244301,1.689229,-0.023219,-1.952336,-0.102085,0.445055,-0.001132,-0.002423,-0.055990,0.015855,0.076831,3.515855,0.956503,3.500000,1.033333,0,6.924018
26051.264312,1.689588,-0.022995,-1.940156,-0.095928,0.452470,-0.000789,-0.000773,-0.035147,0.011250,0.078809,3.511250,0.991191,3.500000,1.070000,0,6.948398
26051.284282,1.694166,-0.017128,-1.746019,-0.090694,0.458176,-0.000810,-0.001284,-0.036817,0.008404,0.067769,3.508404,1.025564,3.500000,1.093333,0,6.981936
26051.333542,1.698804,-0.016046,-1.604702,-0.083200,0.463714,-0.009466,-0.002097,-0.193779,0.004284,0.066660,3.504284,1.060007,3.500000,1.126667,0,7.016814
26051.339375,1.703359,-0.016798,-1.532386,-0.072379,0.469657,0.006146,-0.004013,-0.038287,0.002769,0.040917,3.502769,1.122416,3.500000,1.163333,0,7.063929
26051.345038,1.711492,-0.018212,-1.496757,-0.046170,0.467318,-0.000415,-0.006104,-0.129176,0.000880,0.069477,3.500880,1.140523,3.500000,1.210000,0,7.105464
26051.364301,1.713177,-0.018177,-1.491133,-0.027105,0.472748,-0.001569,-0.006278,-0.215094,-0.005390,0.080363,3.494610,1.169637,3.500000,1.250000,0,7.131737
26051.384303,1.718808,-0.006552,-1.178513,-0.011426,0.476201,-0.000825,-0.008831,-0.261485,-0.006917,0.069931,3.493083,1.206736,3.500000,1.276667,0,7.164208
26051.432643,1.725291,-0.003699,-0.916989,0.005744,0.477975,-0.010991,-0.011285,-0.725330,-0.006016,0.067133,3.493984,1.242867,3.500000,1.310000,0,7.201242
26051.438458,1.731474,-0.004815,-0.781514,0.027752,0.479580,0.009126,-0.011745,-0.171016,-0.014941,0.039706,3.485059,1.306961,3.500000,1.346667,0,7.249777
26051.444313,1.742516,-0.008033,-0.735261,0.062440,0.474714,-0.000030,-0.010777,-0.239593,-0.017372,0.075608,3.482628,1.317725,3.500000,1.393333,0,7.289292
26051.464317,1.743769,-0.005855,-0.689632,0.089893,0.473940,0.001111,-0.002535,-0.114141,-0.012737,0.078056,3.487263,1.355277,3.500000,1.433333,0,7.315804
26051.484308,1.747906,0.023624,0.192891,0.103913,0.469621,0.000752,-0.001032,-0.042890,-0.016874,0.066308,3.483126,1.393692,3.500000,1.460000,0,7.352310
26051.532250,1.751850,0.031421,0.884125,0.116928,0.468762,-0.004909,0.004548,-0.351536,-0.019891,0.065013,3.480109,1.431654,3.500000,1.496667,0,7.392164
26051.537953,1.755736,0.031490,1.339659,0.130476,0.469194,0.006490,-0.006696,0.255594,-0.029168,0.038279,3.472372,1.496412,3.498649,1.536730,0,7.444820
26051.544316,1.762962,0.025660,1.722176,0.148417,0.466449,0.000737,-0.002624,-0.075594,-0.036940,0.076832,3.469330,1.507533,3.491879,1.589748,0,7.489074
26051.564303,1.764061,0.025507,1.751269,0.164129,0.471734,0.001518,-0.002315,-0.093657,-0.046552,0.076496,3.457546,1.546021,3.482235,1.632098,0,7.521024
26051.584303,1.766050,0.030450,2.016533,0.177284,0.475616,0.000796,-0.000872,-0.034287,-0.050091,0.067670,3.447212,1.583656,3.472335,1.664012,0,7.562180
26051.633952,1.766968,0.033754,2.308086,0.187351,0.479617,0.000224,0.001843,-0.246915,-0.051943,0.063951,3.435879,1.621878,3.457674,1.701331,0,7.604803
26051.641780,1.767911,0.033114,2.517124,0.197817,0.484812,0.002908,-0.006270,0.069873,-0.049024,0.024684,3.407346,1.695085,3.438475,1.740291,0,7.664720
26051.648602,1.770571,0.027981,2.687057,0.208672,0.481423,0.000711,-0.001911,-0.053489,-0.054177,0.071625,3.404134,1.701405,3.406464,1.791182,0,7.714333
26051.664312,1.770566,0.028230,2.707241,0.217335,0.487939,0.001126,-0.001002,-0.028830,-0.056735,0.085158,3.388967,1.728998,3.375276,1.830405,0,7.741588
26051.684306,1.769863,0.031723,2.860783,0.220525,0.494387,0.000309,-0.000487,-0.013052,-0.053589,0.070305,3.368021,1.762270,3.357080,1.849991,0,7.777698
26051.733724,1.768441,0.032969,3.034356,0.220529,0.500532,0.001628,0.002355,-0.107303,-0.052158,0.063754,3.343789,1.794000,3.330405,1.875276,0,7.819474
26051.739598,1.767611,0.031454,3.142536,0.216448,0.505796,-0.001757,-0.002812,0.069079,-0.047621,0.033135,3.297315,1.842562,3.299274,1.900544,0,7.874524
26051.744844,1.765770,0.027978,3.232053,0.201176,0.502788,-0.000685,0.000945,0.027121,-0.050566,0.065931,3.283400,1.854997,3.251927,1.931894,0,7.923131
26051.764295,1.765375,0.027370,3.241125,0.192380,0.509945,-0.000738,0.002009,0.059785,-0.051901,0.074094,3.255831,1.875278,3.210467,1.953545,0,7.955838
26051.784300,1.766664,0.023812,3.186963,0.181980,0.516878,-0.001758,0.003533,0.104621,-0.047410,0.065001,3.223322,1.898986,3.179704,1.966590,0,7.994218
26051.832474,1.767974,0.022245,3.130792,0.168382,0.522630,-0.006481,0.001273,0.267901,-0.044963,0.062482,3.188913,1.918658,3.141741,1.979489,0,8.035886
26051.838078,1.770947,0.018046,2.997943,0.153224,0.527551,0.006650,0.001358,-0.169346,-0.037441,0.031838,3.126320,1.946114,3.102866,1.989304,0,8.090716
26051.844312,1.779254,0.016568,2.739019,0.125756,0.522909,-0.001166,0.004132,0.103409,-0.038948,0.073415,3.116176,1.952175,3.046721,1.997812,0,8.134874
26051.864316,1.780341,0.016400,2.713385,0.108198,0.530998,-0.000763,0.003178,0.143152,-0.033558,0.073429,3.076545,1.965941,3.003342,1.999989,0,8.164516
26051.884301,1.787714,0.007677,2.386278,0.093982,0.536171,-0.000444,0.003367,0.101679,-0.020798,0.063419,3.036752,1.979202,2.973333,2.000000,0,8.204135
26051.933269,1.795661,0.004983,2.051828,0.084018,0.539814,-0.011983,-0.002604,0.325064,-0.009808,0.061936,2.995270,1.990192,2.933333,2.000000,0,8.245690
26051.939236,1.804235,0.004163,1.784198,0.075681,0.541350,0.012617,0.004348,-0.217172,0.006849,0.025674,2.919007,2.006849,2.893333,2.000000,0,8.303464
26051.944673,1.819546,0.007103,1.460381,0.075844,0.532729,-0.000592,0.000668,0.023815,0.007883,0.078519,2.911852,2.007883,2.833333,2.000000,0,8.347760
26051.964316,1.821167,0.007531,1.442403,0.076037,0.531724,0.000284,0.000213,0.010754,0.015035,0.080220,2.870220,2.015035,2.790000,2.000000,0,8.375532
26051.984305,1.829262,0.007859,1.343341,0.081633,0.527699,0.000584,-0.000452,-0.019499,0.020956,0.065227,2.828560,2.020956,2.763333,2.000000,0,8.416337
26052.034202,1.837135,0.009685,1.307204,0.088669,0.521186,-0.008987,-0.000789,-0.078285,0.024722,0.063695,2.787029,2.024722,2.723333,2.000000,0,8.458168
26052.039980,1.844377,0.012107,1.339435,0.095878,0.512429,0.010739,-0.000627,0.040950,0.028949,0.028694,2.708694,2.028949,2.680000,2.000000,0,8.515873
26052.045496,1.856701,0.012877,1.415467,0.110857,0.502429,0.001342,-0.001891,-0.036880,0.028805,0.070471,2.693805,2.028805,2.623333,2.000000,0,8.564707
26052.064305,1.859085,0.013233,1.436207,0.123539,0.492967,0.001260,-0.003118,-0.106570,0.028783,0.084552,2.657886,2.028783,2.573333,2.000000,0,8.593088
26052.084282,1.862717,0.017073,1.573418,0.136496,0.484001,0.001808,-0.001961,-0.081985,0.026716,0.067441,2.614107,2.026716,2.546667,2.000000,0,8.630535
26052.134066,1.865812,0.020988,1.776674,0.149754,0.474571,0.000376,0.002135,-0.260345,0.022849,0.063681,2.570348,2.022849,2.506667,2.000000,0,8.672992
26052.139696,1.867025,0.023786,2.020175,0.163451,0.466265,0.002084,-0.004184,0.182826,0.010003,0.024582,2.490463,2.010506,2.466604,1.998883,0,8.731652
26052.145163,1.868685,0.021000,2.290492,0.184209,0.456265,0.000916,-0.002189,-0.031690,0.002862,0.070629,2.475829,2.007223,2.406966,1.991268,0,8.781143
26052.164330,1.868535,0.020853,2.338169,0.200127,0.452885,0.002786,-0.002789,-0.108407,-0.003622,0.084009,2.439849,1.999830,2.358259,1.979489,0,8.810431
26052.184302,1.866334,0.024124,2.526694,0.213353,0.450421,0.003460,-0.004470,-0.128070,-0.006562,0.069728,2.397481,1.987681,2.329688,1.970100,0,8.849304
26052.234782,1.863641,0.023681,2.696673,0.224427,0.447623,0.014479,-0.003000,-0.419647,-0.008586,0.062028,2.355734,1.973838,2.295614,1.956318,0,8.892912
26052.240668,1.861000,0.021425,2.798879,0.234770,0.444883,-0.000789,-0.006591,-0.018649,-0.009792,0.024225,2.282713,1.940088,2.256784,1.936859,0,8.952696
26052.246488,1.857634,0.017250,2.867008,0.237647,0.434883,0.000739,-0.001716,-0.034485,-0.015252,0.068061,2.270135,1.932175,2.206107,1.904508,0,9.003276
26052.264308,1.855523,0.018473,2.907759,0.237780,0.436273,0.002535,-0.000680,-0.024457,-0.019863,0.077357,2.238036,1.909745,2.167094,1.873060,0,9.034899
26052.284302,1.849854,0.023253,3.088762,0.229322,0.438060,0.000726,0.000222,0.012226,-0.020299,0.067218,2.204468,1.883786,2.142920,1.849991,0,9.075572
26052.329450,1.842928,0.023522,3.246191,0.213196,0.440251,0.007129,0.003348,0.038709,-0.022020,0.063714,2.173744,1.855080,2.116025,1.820255,0,9.118485
26052.335596,1.836986,0.020005,3.302665,0.191035,0.442555,-0.006645,-0.001108,0.023011,-0.023369,0.034058,2.128320,1.800318,2.089680,1.785723,0,9.174378
26052.344303,1.829360,0.015798,3.284556,0.151035,0.438157,-0.002181,0.007714,0.175751,-0.028518,0.072041,2.119227,1.787223,2.059929,1.737355,0,9.222232
26052.364297,1.827197,0.015499,3.277984,0.113717,0.443304,-0.002009,0.009041,0.287606,-0.030465,0.073280,2.096331,1.750767,2.039675,1.695195,0,9.257077
26052.384303,1.827431,0.003288,2.918801,0.074429,0.444920,-0.001057,0.005211,0.248911,-0.034292,0.066885,2.080566,1.713149,2.026580,1.660852,0,9.300070
26052.431435,1.829596,-0.010112,2.353641,0.034679,0.444180,-0.003622,-0.008418,0.737747,-0.036094,0.066213,2.065240,1.674862,2.014406,1.619159,0,9.343157
26052.437013,1.833840,-0.019711,1.597425,-0.002019,0.441967,0.005551,0.015823,-0.502055,-0.028651,0.027782,2.039140,1.602716,2.006420,1.579867,0,9.400473
26052.444314,1.840265,-0.008690,0.806050,-0.042019,0.435374,-0.000028,0.007829,0.236669,-0.033775,0.076967,2.037235,1.595598,2.000402,1.520047,0,9.445251
26052.464278,1.840969,-0.009645,0.716064,-0.078949,0.436533,0.001247,0.003062,0.144223,-0.021076,0.080029,2.024248,1.555569,1.999453,1.476614,0,9.472614
26052.484304,1.842701,-0.027460,-0.117427,-0.104565,0.433820,0.001956,0.005775,0.173798,-0.007698,0.066199,2.011775,1.515048,1.997489,1.449952,0,9.511898
26052.532119,1.844473,-0.028727,-0.737767,-0.129133,0.434099,0.001880,-0.002459,0.609751,0.001782,0.066332,2.002033,1.475826,1.991879,1.410252,0,9.552971
26052.538173,1.845031,-0.030513,-1.228369,-0.152940,0.436212,0.000800,0.006755,-0.415673,0.014584,0.031632,1.977169,1.405451,1.983107,1.371129,0,9.608696
26052.544323,1.844954,-0.026911,-1.848284,-0.173446,0.431852,0.001133,0.003008,0.093608,0.021178,0.079097,1.974588,1.398545,1.965379,1.317181,0,9.654333
26052.564302,1.844796,-0.026681,-1.895270,-0.190340,0.438503,0.001532,0.002270,0.091742,0.027030,0.082826,1.959490,1.360610,1.946259,1.274495,0,9.683615
26052.584299,1.841478,-0.031568,-2.258962,-0.204641,0.444288,0.000735,0.002277,0.066791,0.026882,0.071916,1.944909,1.323737,1.931894,1.248073,0,9.722504
26052.634042,1.837113,-0.032126,-2.575163,-0.218734,0.450211,0.008428,-0.003236,0.322177,0.026652,0.066939,1.928132,1.287298,1.912221,1.217026,0,9.762235
26052.640654,1.832417,-0.031739,-2.827070,-0.230360,0.455665,-0.006600,0.004650,-0.225020,0.024265,0.030708,1.888734,1.224042,1.888222,1.184907,0,9.817673
26052.646834,1.823720,-0.027805,-3.151450,-0.233735,0.453793,-0.000174,0.000866,0.004747,0.028014,0.070112,1.880453,1.212004,1.849991,1.142920,0,9.864989
26052.664278,1.821558,-0.026884,-3.197662,-0.236269,0.459417,0.000941,0.000497,0.022309,0.029947,0.080655,1.858845,1.185857,1.815093,1.111778,0,9.893929
26052.684302,1.817055,-0.025855,-3.293899,-0.235605,0.465187,0.000081,0.000684,0.020631,0.027759,0.070514,1.832339,1.157167,1.791182,1.093536,0,9.930503
26052.735000,1.811398,-0.023737,-3.365010,-0.232488,0.470857,0.007507,-0.001519,0.037430,0.023682,0.065083,1.803746,1.127370,1.760537,1.073244,0,9.969777
26052.741423,1.806050,-0.022086,-3.407709,-0.228813,0.476569,-0.007120,0.001045,-0.032905,0.013671,0.025615,1.745020,1.079123,1.728483,1.055258,0,10.025132
26052.747552,1.797529,-0.020414,-3.445777,-0.217560,0.474945,-0.000955,-0.000907,-0.020730,0.015852,0.066752,1.733433,1.070624,1.676581,1.032219,0,10.071515
26052.764316,1.795601,-0.020150,-3.447119,-0.207631,0.482318,-0.001487,-0.002764,-0.075807,0.013554,0.080294,1.705957,1.052051,1.632098,1.017765,0,10.097897
26052.784281,1.792562,-0.019176,-3.429500,-0.197021,0.490075,-0.001785,-0.001985,-0.077447,0.006787,0.068009,1.671152,1.032463,1.606134,1.011394,0,10.132178
26052.833225,1.790303,-0.016149,-3.345973,-0.184316,0.496889,-0.001703,-0.000093,-0.246596,-0.000084,0.061333,1.633945,1.014300,1.573262,1.005396,0,10.170336
26052.839592,1.789874,-0.014098,-3.208856,-0.170920,0.502819,-0.001983,-0.005175,0.047479,-0.016993,0.029069,1.563535,0.986103,1.533396,1.001117,0,10.224592
26052.846421,1.788670,-0.016963,-3.074307,-0.151076,0.499698,-0.001791,-0.005097,-0.105941,-0.018102,0.069888,1.549888,0.981898,1.480000,1.000000,0,10.269727
26052.864285,1.788306,-0.017777,-3.058134,-0.134254,0.508897,-0.002704,-0.004616,-0.175832,-0.029062,0.079010,1.515677,0.970938,1.436667,1.000000,0,10.296638
26052.884279,1.790567,-0.011050,-2.848977,-0.123758,0.518364,-0.001276,-0.002507,-0.073519,-0.036708,0.068760,1.478760,0.963292,1.410000,1.000000,0,10.331714
26052.932025,1.795389,-0.006191,-2.509516,-0.116272,0.526184,-0.011086,0.000614,-0.344531,-0.046783,0.062280,1.435614,0.953217,1.373333,1.000000,0,10.371755
26052.938649,1.799152,-0.008963,-2.313386,-0.115482,0.533750,0.004999,-0.006880,0.052254,-0.060856,0.024033,1.357366,0.939144,1.333333,1.000000,0,10.430378
26052.945911,1.806504,-0.014762,-2.168322,-0.119051,0.532527,-0.000638,-0.001738,-0.035590,-0.062500,0.069684,1.343017,0.937500,1.273333,1.000000,0,10.478498
26052.964303,1.808342,-0.015252,-2.148414,-0.121053,0.539258,-0.002913,-0.002563,-0.074602,-0.067608,0.082151,1.308818,0.932392,1.226667,1.000000,0,10.505883
26052.984278,1.811780,-0.016308,-2.125139,-0.126871,0.545898,-0.001633,-0.000667,-0.025162,-0.071659,0.066876,1.266876,0.928341,1.200000,1.000000,0,10.542883
26053.032077,1.816989,-0.016345,-2.101130,-0.135714,0.551280,-0.008806,0.000740,0.057547,-0.074012,0.060423,1.223756,0.925988,1.163333,1.000000,0,10.584739
26053.038675,1.823473,-0.016992,-2.091775,-0.147542,0.555845,0.009563,0.001031,-0.010039,-0.076766,0.024092,1.144092,0.923234,1.120000,1.000000,0,10.643387
26053.047619,1.834859,-0.017797,-2.141864,-0.166512,0.552081,0.000886,0.003798,0.088833,-0.076318,0.069406,1.129406,0.923682,1.060000,1.000000,0,10.691547
26053.064287,1.837324,-0.017791,-2.153341,-0.182463,0.555943,0.002560,0.007521,0.210871,-0.073332,0.078834,1.092168,0.926668,1.013333,1.000000,0,10.718992
26053.084283,1.841912,-0.018104,-2.185066,-0.202016,0.559537,0.003288,0.005731,0.214881,-0.070197,0.062247,1.046981,0.928343,0.986633,1.000179,0,10.755596
26053.134398,1.846080,-0.023129,-2.331182,-0.220514,0.562177,-0.000071,-0.001552,0.399717,-0.065434,0.057602,1.000715,0.931640,0.949952,1.002511,0,10.795868
26053.140420,1.846647,-0.030806,-2.687700,-0.234646,0.564943,0.002248,0.004140,-0.313974,-0.060129,0.018375,0.917535,0.945670,0.910252,1.008121,0,10.853363
26053.164299,1.848649,-0.027013,-3.178815,-0.249855,0.561014,0.001893,0.001212,0.062328,-0.049823,0.083650,0.869583,0.959358,0.810976,1.037107,0,10.922965
26053.184299,1.848378,-0.025154,-3.304953,-0.254108,0.565682,0.001353,0.000893,0.031783,-0.051759,0.063003,0.824895,0.972984,0.789533,1.046455,0,10.958767
26053.231263,1.847269,-0.023010,-3.436183,-0.257688,0.570549,0.004037,-0.003660,0.105108,-0.055379,0.057032,0.779675,0.987013,0.756784,1.063141,0,11.000300
26053.236632,1.845193,-0.020990,-3.556237,-0.260793,0.575430,-0.003015,0.003931,-0.085605,-0.057905,0.033277,0.714897,1.019290,0.719788,1.085897,0,11.052955
26053.244274,1.841468,-0.016507,-3.670254,-0.261011,0.573233,0.000142,0.000152,0.001184,-0.053596,0.073922,0.702185,1.027518,0.679745,1.116025,0,11.092636
26053.264278,1.840466,-0.015546,-3.688841,-0.258583,0.578661,-0.000187,-0.000198,-0.006519,-0.048391,0.074062,0.669029,1.056519,0.650009,1.142920,0,11.119838
26053.284297,1.837757,-0.013548,-3.724696,-0.254128,0.583682,-0.000836,-0.000679,-0.019831,-0.047141,0.060715,0.637701,1.085526,0.631424,1.162136,0,11.159046
26053.329522,1.835030,-0.011932,-3.744078,-0.246343,0.588813,0.000705,-0.001386,-0.061594,-0.054352,0.056594,0.597435,1.114708,0.605538,1.192755,0,11.199714
26053.335483,1.833426,-0.009804,-3.730923,-0.243496,0.593929,-0.001178,0.000869,0.040868,-0.056143,0.030389,0.551966,1.169116,0.582188,1.225349,0,11.252074
26053.344297,1.832137,-0.008155,-3.675041,-0.234895,0.589898,-0.000357,-0.000810,-0.020154,-0.054456,0.070587,0.539076,1.183846,0.555258,1.271517,0,11.293100
26053.364302,1.831818,-0.008208,-3.664005,-0.228522,0.593469,-0.000296,-0.000335,-0.014944,-0.055530,0.071165,0.514457,1.220848,0.538381,1.307887,0,11.321774
26053.384298,1.832384,-0.006833,-3.591709,-0.221212,0.595767,-0.000107,-0.000326,-0.015003,-0.060039,0.061989,0.491283,1.257734,0.527665,1.335988,0,11.359680
26053.435841,1.833838,-0.006312,-3.509705,-0.210592,0.597172,-0.004437,0.001239,-0.156300,-0.063439,0.060641,0.471227,1.296186,0.516893,1.371129,0,11.397695
26053.442534,1.835774,-0.006992,-3.437553,-0.194621,0.597857,0.002099,-0.004816,0.008612,-0.063280,0.015557,0.448661,1.383589,0.508121,1.410252,0,11.457169
26053.447898,1.839329,-0.010189,-3.364930,-0.161801,0.588272,-0.001479,-0.004132,-0.090506,-0.058371,0.075771,0.447194,1.390795,0.500904,1.469939,0,11.503868
26053.464278,1.839812,-0.010050,-3.353158,-0.136597,0.590766,-0.001421,-0.003546,-0.133070,-0.057560,0.089130,0.442440,1.427537,0.500000,1.516667,0,11.527277
26053.484277,1.845657,0.000463,-3.062377,-0.113938,0.592170,-0.001287,-0.005223,-0.159238,-0.064511,0.066536,0.435489,1.473464,0.500000,1.540000,0,11.567208
26053.531459,1.853717,0.005264,-2.669062,-0.094547,0.589130,-0.013898,0.002619,-0.587258,-0.070477,0.061596,0.429523,1.518404,0.500000,1.580000,0,11.612956
26053.537017,1.862143,0.005373,-2.342748,-0.074040,0.586223,0.012613,-0.006319,0.353393,-0.073627,0.024342,0.426373,1.598991,0.500000,1.623333,0,11.673800
26053.544289,1.877745,0.003085,-1.804208,-0.051558,0.577093,-0.000019,-0.005323,-0.112207,-0.073097,0.072692,0.426903,1.613975,0.500000,1.686667,0,11.723643
26053.564299,1.881572,0.002135,-1.709739,-0.032887,0.579424,-0.000626,-0.010719,-0.326035,-0.073414,0.075224,0.426586,1.661442,0.500000,1.736667,0,11.758340
26053.584298,1.891732,0.001547,-1.450940,-0.016649,0.578744,-0.000170,-0.004474,-0.211365,-0.064193,0.058691,0.435807,1.711309,0.500000,1.770000,0,11.805571
26053.633908,1.902285,0.008715,-1.072153,-0.001218,0.576382,-0.015047,0.005282,-0.421251,-0.063195,0.059422,0.436805,1.757244,0.500000,1.816667,0,11.853596
26053.639553,1.912859,0.014025,-0.590479,0.006528,0.574958,0.016138,-0.007168,0.309376,-0.053537,0.020075,0.446463,1.846592,0.500000,1.866667,0,11.919013
26053.645341,1.931873,0.007766,-0.149831,0.014021,0.567017,0.001294,-0.002408,-0.033503,-0.052238,0.068042,0.447762,1.861958,0.500000,1.930000,0,11.973808
26053.664301,1.935931,0.006139,-0.110224,0.017977,0.570259,-0.001237,-0.001014,-0.059209,-0.050952,0.086385,0.449048,1.900281,0.500000,1.986667,0,12.005443
26053.684306,1.943808,0.007254,0.037100,0.017436,0.573104,0.000260,-0.000250,-0.012308,-0.046835,0.066261,0.453165,1.950406,0.500000,2.016667,0,12.048875
26053.733541,1.953783,0.006477,0.163749,0.014618,0.573104,-0.013441,0.002123,-0.016598,-0.039941,0.060743,0.460059,1.999257,0.500000,2.060000,0,12.098422
26053.739289,1.963781,0.004389,0.225788,0.010739,0.571454,0.015077,-0.001349,0.026671,-0.032878,0.018775,0.467122,2.091225,0.500000,2.110000,0,12.166282
26053.746029,1.981580,0.001914,0.248353,-0.003241,0.563803,0.000747,0.002552,0.057787,-0.031935,0.069606,0.468065,2.107061,0.500000,2.176667,0,12.222406
26053.764301,1.985281,0.001645,0.248889,-0.016875,0.563569,-0.000463,0.003992,0.132445,-0.034037,0.086863,0.465963,2.146470,0.500000,2.233333,0,12.253944
26053.784307,1.992585,-0.002784,0.139592,-0.034827,0.561814,0.000764,0.002298,0.114478,-0.030679,0.069226,0.469321,2.197440,0.500000,2.266667,0,12.297721
26053.833282,2.001282,-0.009598,-0.105795,-0.054674,0.557305,-0.009622,-0.003319,0.358122,-0.027619,0.061839,0.472381,2.248161,0.500000,2.310000,0,12.348407
26053.838767,2.009217,-0.014867,-0.447552,-0.076564,0.552489,0.012292,0.006968,-0.231081,-0.025754,0.016974,0.474246,2.343026,0.500000,2.360000,0,12.417935
26053.844712,2.023068,-0.010750,-0.818741,-0.116564,0.542489,0.000679,0.005993,0.148576,-0.025289,0.078896,0.474711,2.351104,0.500000,2.430000,0,12.471675
26053.864303,2.024427,-0.010486,-0.847853,-0.155806,0.538847,0.004678,0.008293,0.290350,-0.018201,0.082084,0.481799,2.401250,0.500000,2.483333,0,12.504354
26053.884304,2.028440,-0.019760,-1.266186,-0.188697,0.529536,0.003652,0.003960,0.173932,-0.014533,0.065676,0.483560,2.451554,0.500279,2.516707,0,12.551895
26053.933736,2.028610,-0.027634,-1.812285,-0.212021,0.522258,0.008141,-0.009728,0.562274,-0.012739,0.061743,0.483570,2.503698,0.504027,2.563330,0,12.601031
26053.939476,2.025037,-0.030164,-2.389793,-0.232624,0.518577,-0.005153,0.012497,-0.455183,-0.010385,0.019917,0.498252,2.595591,0.512857,2.612656,0,12.668174
26053.945905,2.017884,-0.017714,-3.002933,-0.249376,0.509373,0.001071,0.002584,0.027917,-0.004761,0.071684,0.502449,2.611198,0.532219,2.676581,0,12.723321
26053.964342,2.016013,-0.014176,-3.075273,-0.263282,0.510285,0.002811,0.000219,0.054236,-0.010774,0.084941,0.505815,2.654553,0.553741,2.725505,0,12.753372
26053.984301,2.009125,-0.011495,-3.274437,-0.275131,0.511557,0.001216,0.000837,0.021999,-0.000445,0.063633,0.536988,2.700286,0.569799,2.754808,0,12.797297
26054.038021,1.998804,-0.006737,-3.477801,-0.285965,0.512179,0.023172,-0.007728,0.183665,-0.009291,0.059660,0.551239,2.748094,0.593536,2.791182,0,12.846496
26054.044368,1.987688,-0.001658,-3.627887,-0.292159,0.513086,-0.020549,0.007778,-0.140871,-0.020308,0.006520,0.602917,2.836284,0.622523,2.827889,0,12.913791
26054.064416,1.962911,0.007394,-3.814036,-0.298763,0.506868,0.001419,0.000445,0.010311,-0.038075,0.037501,0.618830,2.881629,0.672111,2.877477,0,12.978999
26054.084418,1.949727,0.010426,-3.863537,-0.300000,0.508310,0.001166,0.000314,0.006655,-0.037602,0.052281,0.658203,2.918239,0.722562,2.915967,0,13.023458
26054.131243,1.936287,0.012220,-3.896502,-0.300000,0.510115,0.019109,0.000725,0.018116,-0.054856,0.062531,0.681568,2.958668,0.762645,2.940071,0,13.064814
26054.137951,1.922037,0.012753,-3.921843,-0.299060,0.514122,-0.019612,-0.000965,-0.013879,-0.079191,0.023451,0.745316,3.020719,0.798669,2.957674,0,13.117994
26054.144413,1.897744,0.011782,-3.941154,-0.297466,0.513625,0.001569,0.000146,-0.000142,-0.075743,0.077936,0.751469,3.025154,0.848673,2.976550,0,13.156309
26054.164388,1.895000,0.011490,-3.942558,-0.293521,0.521045,-0.000973,-0.000304,-0.008892,-0.086765,0.075210,0.790815,3.053346,0.884090,2.986379,0,13.177654
26054.184419,1.881666,0.009728,-3.948717,-0.285243,0.527257,-0.002178,-0.000858,-0.023478,-0.097540,0.054933,0.834843,3.076884,0.906966,2.991268,0,13.216990
26054.230553,1.868606,0.007503,-3.954524,-0.271698,0.532184,0.008985,0.002098,-0.073423,-0.104656,0.059954,0.875845,3.094801,0.946628,2.997143,0,13.256723
26054.237182,1.857498,0.006107,-3.935687,-0.250441,0.537340,-0.011494,-0.003528,0.024311,-0.121466,0.031585,0.951812,3.120400,0.986633,2.999821,0,13.310408
26054.244412,1.843967,0.003236,-3.876077,-0.216295,0.532907,-0.002094,-0.003100,-0.064298,-0.122647,0.063654,0.966346,3.122647,1.030000,3.000000,1,13.360545
26054.264417,1.841035,0.002588,-3.856335,-0.184627,0.541311,-0.003070,-0.003363,-0.138654,-0.129657,0.069329,1.010671,3.129657,1.080000,3.000000,1,13.397054
26054.284390,1.839002,0.008225,-3.625613,-0.151332,0.547144,-0.001254,-0.002288,-0.098820,-0.133842,0.060038,1.056629,3.133842,1.116667,3.000000,1,13.440861
26054.329256,1.841536,0.014252,-3.221763,-0.118462,0.548839,-0.008817,0.003722,-0.642553,-0.133755,0.060427,1.099573,3.133755,1.160000,3.000000,1,13.485196
26054.335151,1.845250,0.011765,-2.852948,-0.085095,0.550345,0.002791,-0.018519,0.066382,-0.132818,0.030682,1.172652,3.132818,1.203333,3.000000,1,13.540705
26054.344420,1.850493,-0.001291,-2.543007,-0.053745,0.545494,-0.002742,-0.015394,-0.372244,-0.130191,0.072762,1.187238,3.130191,1.260000,3.000000,1,13.585682
26054.364421,1.852148,-0.003395,-2.487587,-0.023472,0.552092,-0.000394,-0.002694,-0.137560,-0.124857,0.074516,1.228817,3.124857,1.303333,3.000000,1,13.616197
26054.384419,1.861402,0.020273,-1.600742,-0.008654,0.549416,0.000255,-0.001122,-0.052308,-0.117894,0.060973,1.272361,3.117894,1.333333,3.000000,1,13.657784
26054.431049,1.870728,0.022549,-0.892632,0.001601,0.547256,-0.012090,0.008449,-0.329881,-0.108705,0.061214,1.315453,3.108705,1.376667,3.000000,1,13.701913
26054.437076,1.879846,0.017408,-0.429291,0.009261,0.545191,0.013861,-0.009701,0.241344,-0.093383,0.023704,1.396296,3.093383,1.420000,3.000000,1,13.762183
26054.444433,1.896405,0.006920,-0.064839,0.015218,0.540287,-0.001347,-0.000975,-0.049385,-0.091735,0.076294,1.403706,3.091735,1.480000,3.000000,1,13.809088
26054.464415,1.898190,0.006592,-0.038283,0.020982,0.546717,0.000263,-0.000915,-0.042602,-0.081644,0.078547,1.448119,3.081644,1.526667,3.000000,1,13.838506
26054.484446,1.907211,0.007368,0.122871,0.024987,0.549941,0.000209,-0.000413,-0.018149,-0.072541,0.063267,1.493400,3.072541,1.556667,3.000000,1,13.882023
26054.534444,1.916244,0.007379,0.261922,0.029696,0.550991,-0.012528,0.001722,-0.102290,-0.062683,0.060613,1.539387,3.062683,1.600000,3.000000,1,13.928251
26054.540608,1.925288,0.006960,0.367268,0.033254,0.549526,0.013407,-0.002273,0.065140,-0.045015,0.022639,1.624028,3.045015,1.646667,3.000000,1,13.991754
26054.546436,1.941301,0.005007,0.470980,0.042016,0.542949,0.001111,-0.001424,-0.026612,-0.042004,0.070771,1.639229,3.042004,1.710000,3.000000,1,14.044077
26054.564431,1.944630,0.004835,0.485993,0.049274,0.547476,-0.000418,-0.000916,-0.045347,-0.032422,0.086188,1.677145,3.032422,1.763333,3.000000,1,14.074686
26054.584417,1.951052,0.007847,0.597580,0.056633,0.552874,0.000263,-0.000582,-0.027163,-0.024230,0.069500,1.723833,3.024230,1.793333,3.000000,1,14.116131
26054.629596,1.958968,0.009816,0.750688,0.061762,0.555819,-0.009204,0.001832,-0.113212,-0.014839,0.061832,1.771502,3.014839,1.833333,3.000000,1,14.163227
26054.635450,1.966939,0.010025,0.882227,0.065451,0.556742,0.010608,-0.002563,0.078137,-0.001503,0.034569,1.848764,3.001503,1.883333,3.000000,1,14.223976
26054.644412,1.979734,0.007715,1.002482,0.062725,0.550671,-0.000197,-0.000072,-0.004840,0.000702,0.078822,1.864511,2.999298,1.943333,3.000000,1,14.273354
26054.664419,1.982712,0.007068,1.017274,0.061806,0.555639,0.000259,0.000053,0.002923,0.007076,0.080798,1.912536,2.992924,1.993333,3.000000,1,14.308326
26054.684415,1.990292,0.005762,1.042065,0.058912,0.557206,0.000256,0.000211,0.010849,0.013295,0.067165,1.959502,2.986705,2.026667,3.000000,1,14.354585
26054.729205,1.997929,0.004235,1.038998,0.054997,0.558072,-0.008565,0.000501,0.044833,0.018667,0.064235,2.009098,2.981333,2.073333,3.000000,1,14.403227
26054.735245,2.005759,0.002653,1.009150,0.049598,0.556525,0.010304,0.000408,-0.016170,0.024494,0.032345,2.090989,2.975506,2.123333,3.000000,1,14.466718
26054.744417,2.018308,0.002018,0.965819,0.037760,0.549935,-0.000463,0.003002,0.072302,0.024817,0.079574,2.107092,2.975183,2.186667,3.000000,1,14.518368
26054.764418,2.021132,0.002021,0.959338,0.028353,0.554641,0.000306,0.000777,0.043278,0.026599,0.080188,2.156479,2.973401,2.236667,3.000000,1,14.554707
26054.784414,2.028924,-0.003928,0.777339,0.020709,0.554659,0.000396,0.001960,0.062559,0.024760,0.067868,2.205465,2.975240,2.273333,3.000000,1,14.602500
26054.829546,2.036702,-0.004555,0.629244,0.011289,0.552778,-0.008447,-0.001263,0.203056,0.023613,0.064340,2.255660,2.976387,2.320000,3.000000,1,14.651621
26054.835941,2.044447,-0.005942,0.477539,0.002124,0.549311,0.010204,0.003098,-0.112742,0.020253,0.028030,2.341970,2.979747,2.370000,3.000000,1,14.717085
26054.844417,2.056886,-0.004557,0.279030,-0.007990,0.542999,0.000049,0.002447,0.062059,0.019053,0.078261,2.358406,2.980947,2.436667,3.000000,1,14.771033
26054.864415,2.059657,-0.004538,0.238061,-0.017064,0.547446,0.000423,0.000752,0.041659,0.015697,0.081482,2.408518,2.984303,2.490000,3.000000,1,14.808299
26054.884418,2.066601,-0.008687,0.014404,-0.021588,0.547591,0.000551,0.001106,0.035451,0.012816,0.066690,2.459976,2.987184,2.526667,3.000000,1,14.857935
26054.929472,2.073583,-0.007951,-0.153162,-0.023390,0.545090,-0.006975,-0.001309,0.130264,0.010081,0.065676,2.510991,2.989919,2.576667,3.000000,1,14.908920
26054.935815,2.080466,-0.005340,-0.239498,-0.025700,0.540806,0.009217,0.003616,-0.006981,0.004072,0.028677,2.597990,2.995928,2.626667,3.000000,1,14.975535
26054.944423,2.091529,-0.002095,-0.288518,-0.028809,0.531684,0.000191,0.001184,0.031221,0.002784,0.078636,2.614697,2.997216,2.693333,3.000000,1,15.029740
26054.964413,2.093893,-0.002430,-0.310024,-0.032321,0.533278,0.000467,0.000294,0.015697,0.000353,0.081292,2.665375,2.999647,2.746667,3.000000,1,15.066711
26054.984415,2.099389,-0.004548,-0.420596,-0.034031,0.532849,0.000577,0.000432,0.013603,-0.003326,0.068990,2.717677,3.003326,2.786667,3.000000,1,15.116597
26055.031393,2.104901,-0.004011,-0.499304,-0.033715,0.530234,-0.005559,-0.001213,0.042202,-0.006830,0.066536,2.770130,3.006830,2.836667,3.000000,1,15.169257
26055.037593,2.110310,-0.002615,-0.540397,-0.034017,0.527009,0.008202,0.001696,-0.013572,-0.013745,0.019698,2.866969,3.013745,2.886667,3.000000,1,15.241153
26055.044418,2.119894,-0.000733,-0.566579,-0.033290,0.517009,-0.000379,-0.000031,0.002092,-0.014307,0.084564,2.875436,3.014307,2.960000,3.000000,1,15.296397
26055.064422,2.120792,-0.000696,-0.569528,-0.034608,0.518315,0.000516,0.000129,0.005153,-0.018499,0.085293,2.928040,3.018499,3.013333,3.000000,1,15.330557
26055.084425,2.125062,-0.000604,-0.586161,-0.036105,0.517504,0.000576,0.000385,0.012010,-0.021431,0.068935,2.981065,3.021431,3.050000,3.000000,1,15.381312
26055.135627,2.129244,-0.000398,-0.600770,-0.035926,0.515746,-0.004846,-0.000168,0.024204,-0.026355,0.069428,3.030572,3.026355,3.100000,3.000000,1,15.432827
26055.141981,2.133119,-0.000047,-0.608426,-0.037214,0.514737,0.006919,0.000786,0.003978,-0.036343,0.014014,3.135986,3.036343,3.150000,3.000000,1,15.506741
26055.147266,2.141087,0.000484,-0.613822,-0.037479,0.505850,-0.000037,0.000219,0.005231,-0.036866,0.082152,3.144515,3.036866,3.226667,3.000000,1,15.566147
26055.164419,2.141753,0.000404,-0.616250,-0.038133,0.508006,0.000641,0.000244,0.007630,-0.040743,0.094296,3.189038,3.040743,3.283333,3.000000,1,15.596880
26055.184423,2.144754,-0.000004,-0.634477,-0.038321,0.508695,0.000702,0.000097,0.004130,-0.044704,0.074290,3.242377,3.044704,3.316667,3.000000,1,15.643445
26055.234233,2.148203,-0.000052,-0.653690,-0.037588,0.507629,-0.003396,-0.000492,0.002693,-0.048066,0.068204,3.295129,3.048066,3.363333,3.000000,1,15.695901
26055.239905,2.151339,0.000323,-0.665333,-0.037074,0.506240,0.004989,0.000439,-0.004446,-0.052835,0.019188,3.394145,3.052835,3.413333,3.000000,1,15.768945
26055.245133,2.157054,0.000963,-0.669567,-0.037840,0.499336,0.000463,0.000098,0.001473,-0.053423,0.075246,3.411420,3.053423,3.486667,3.000000,1,15.829511
26055.264392,2.158052,0.001078,-0.668958,-0.039287,0.502457,-0.000083,0.000371,0.012241,-0.056016,0.092846,3.453821,3.056016,3.546667,3.000000,1,15.863749
26055.284415,2.160040,0.001104,-0.671139,-0.044327,0.504561,0.000560,0.000545,0.026886,-0.057382,0.074036,3.509298,3.057382,3.583333,3.000000,1,15.910719
26055.330351,2.162691,0.000081,-0.699617,-0.050910,0.503997,-0.001798,-0.000643,0.092824,-0.058161,0.067434,3.562566,3.058161,3.630000,3.000000,1,15.964229
26055.335849,2.165094,-0.001544,-0.772810,-0.060506,0.502644,0.003243,0.002094,-0.045837,-0.063787,0.037372,3.645961,3.063787,3.683333,3.000000,1,16.030688
26055.344412,2.168694,-0.000782,-0.865323,-0.080627,0.497322,0.000846,0.003808,0.093598,-0.059889,0.081492,3.668508,3.059889,3.750000,3.000000,1,16.085245
26055.364411,2.169485,-0.001116,-0.894271,-0.100748,0.497267,0.001060,0.001350,0.073840,-0.058862,0.081720,3.721614,3.058862,3.803333,3.000000,1,16.125117
26055.384414,2.169295,-0.009430,-1.204355,-0.121054,0.494801,0.001935,0.004027,0.128555,-0.059039,0.067432,3.775902,3.059039,3.843333,3.000000,1,16.176221
26055.432923,2.168806,-0.009461,-1.478023,-0.146347,0.492647,0.009499,0.000518,0.621960,-0.059205,0.064354,3.828980,3.059205,3.893333,3.000000,1,16.228669
26055.439246,2.168271,-0.005170,-1.639383,-0.180700,0.489522,0.001881,0.012914,0.078505,-0.055123,0.021041,3.925625,3.055123,3.946667,3.000000,1,16.298543
26055.445016,2.167565,0.002580,-1.741166,-0.220700,0.479522,0.003134,0.007785,0.160082,-0.051471,0.075556,3.942913,3.053688,4.016707,2.999721,1,16.353364
26055.464414,2.167009,0.003276,-1.757996,-0.259109,0.469522,0.005552,0.003106,0.164179,-0.040537,0.095438,3.984793,3.048687,4.073262,2.994604,1,16.382667
26055.484413,2.156854,-0.011495,-2.212480,-0.276258,0.459522,0.002441,0.000858,0.022506,-0.035960,0.073555,4.034674,3.039871,4.099593,2.989981,1,16.423669
26055.533751,2.141946,-0.015632,-2.760101,-0.285181,0.452000,0.029172,-0.013788,0.401100,-0.033547,0.064691,4.089213,3.029999,4.141741,2.979489,1,16.471630
26055.539245,2.126510,-0.010030,-3.165639,-0.292471,0.448532,-0.027792,0.014998,-0.356516,-0.033659,0.021181,4.178780,3.003268,4.185925,2.964146,1,16.538715
26055.544738,2.093527,0.007049,-3.616721,-0.273544,0.442846,0.001224,-0.000991,0.004886,-0.026495,0.083755,4.186269,2.999515,4.246131,2.935224,1,16.588649
26055.564414,2.089776,0.009085,-3.645972,-0.263544,0.448945,-0.002175,-0.001032,-0.035723,-0.024446,0.088404,4.230354,2.979371,4.288459,2.908401,1,16.616761
26055.584392,2.070723,0.018371,-3.750440,-0.248405,0.452930,-0.002448,-0.001061,-0.039520,-0.020400,0.073825,4.267610,2.952384,4.312491,2.890320,1,16.659047
26055.631054,2.052355,0.026644,-3.777647,-0.226179,0.453676,0.017310,-0.002051,-0.156697,-0.017818,0.070419,4.303707,2.925272,4.342761,2.864026,1,16.702777
26055.638843,2.036476,0.033453,-3.716699,-0.200235,0.454017,-0.020969,-0.001963,0.087830,-0.020365,0.032472,4.366634,2.870694,4.373060,2.832906,1,16.761443
26055.644390,2.010971,0.034942,-3.551077,-0.171838,0.449765,-0.000270,-0.002636,-0.067246,-0.012515,0.086613,4.371096,2.863952,4.410320,2.785723,1,16.807117
26055.664393,2.008282,0.034537,-3.531063,-0.147393,0.457561,-0.003367,-0.005143,-0.179433,-0.016667,0.091985,4.404450,2.834404,4.435224,2.746131,1,16.834309
26055.684415,1.998698,0.036486,-3.293257,-0.126526,0.465029,-0.004390,-0.008363,-0.256609,-0.009421,0.076024,4.422360,2.794791,4.447757,2.722517,1,16.873779
26055.729588,1.990384,0.032051,-3.066735,-0.106304,0.471125,-0.001165,0.008820,-0.619433,-0.012932,0.074892,4.448303,2.760256,4.464146,2.685925,1,16.915481
26055.736425,1.985813,0.032286,-2.710705,-0.093699,0.476405,-0.002159,-0.011983,0.397655,-0.005093,0.043575,4.469506,2.691265,4.477551,2.648138,1,16.969287
26055.744410,1.983598,0.022203,-2.108987,-0.090310,0.471356,-0.000474,-0.001455,-0.033711,-0.002833,0.080565,4.477896,2.675918,4.490636,2.596316,1,17.014079
26055.764417,1.983241,0.018673,-2.003346,-0.091577,0.477014,-0.000451,0.000243,0.006602,-0.005981,0.084286,4.495004,2.634510,4.497489,2.550048,1,17.045402
26055.784389,1.983543,0.012014,-1.755754,-0.098034,0.482291,-0.000356,0.001720,0.054596,0.000188,0.070850,4.496569,2.590833,4.499598,2.520047,1,17.086682
26055.831885,1.984085,0.005130,-1.623519,-0.099376,0.486332,-0.002583,0.005258,0.085144,-0.003193,0.071727,4.503193,2.548393,4.500000,2.476667,1,17.129488
26055.839239,1.984873,0.000328,-1.560753,-0.099346,0.490944,0.001295,-0.001598,0.049461,-0.018657,0.033670,4.518657,2.470337,4.500000,2.436667,1,17.187929
26055.844795,1.986749,-0.003704,-1.525924,-0.098741,0.485722,0.000091,0.000736,0.018535,-0.021450,0.077974,4.521450,2.454640,4.500000,2.376667,1,17.237534
26055.864440,1.987241,-0.004179,-1.525843,-0.097236,0.490990,-0.000631,0.000122,0.006663,-0.025028,0.091664,4.525028,2.418331,4.500000,2.326667,1,17.266876
26055.884420,1.988498,-0.006174,-1.567785,-0.094981,0.496551,-0.000399,-0.000170,-0.007515,-0.031875,0.081249,4.531875,2.377916,4.500000,2.296667,1,17.303920
26055.930266,1.990546,-0.006112,-1.593379,-0.091993,0.501271,-0.003984,-0.000692,-0.022857,-0.040057,0.077109,4.540057,2.337109,4.500000,2.260000,1,17.344692
26055.936868,1.992995,-0.005032,-1.589209,-0.089886,0.505070,0.003896,0.000235,0.010440,-0.055450,0.040269,4.555450,2.260269,4.500000,2.220000,1,17.400845
26055.944446,1.997939,-0.004192,-1.567260,-0.086332,0.499289,-0.000520,-0.000679,-0.016642,-0.056140,0.088975,4.556140,2.252308,4.500000,2.163333,1,17.445161
26055.964420,1.998528,-0.004052,-1.563348,-0.082493,0.501999,-0.000214,-0.001785,-0.055368,-0.057723,0.089436,4.557723,2.209436,4.500000,2.120000,1,17.473871
26055.984420,2.001522,-0.003652,-1.544131,-0.075469,0.503772,-0.000443,-0.001096,-0.052793,-0.062744,0.077681,4.562744,2.167681,4.500000,2.090000,1,17.514798
26056.029283,2.004668,-0.001264,-1.476900,-0.069149,0.505337,-0.004613,0.000766,-0.116140,-0.064803,0.073738,4.564803,2.123738,4.500000,2.050000,1,17.557473
26056.036741,2.008378,0.000983,-1.358416,-0.061781,0.506370,0.004391,-0.002325,0.057224,-0.057700,0.045572,4.557700,2.052239,4.500000,2.006667,1,17.612655
26056.044415,2.014299,-0.000053,-1.236228,-0.045417,0.500073,-0.000082,-0.003186,-0.073184,-0.063901,0.079906,4.563901,2.033240,4.500000,1.953333,1,17.659760
26056.064432,2.015839,-0.000072,-1.211003,-0.036562,0.502176,-0.000053,-0.000920,-0.049229,-0.064211,0.081095,4.564211,1.987762,4.500000,1.906667,1,17.694556
26056.084395,2.020205,0.005804,-0.978675,-0.030032,0.502968,0.000087,-0.000604,-0.027965,-0.063459,0.071711,4.563459,1.941711,4.500000,1.870000,1,17.738899
26056.132030,2.024690,0.006835,-0.772945,-0.023952,0.503053,-0.005966,0.002948,-0.146107,-0.057444,0.070329,4.557444,1.896995,4.500000,1.826667,1,17.784558
26056.138480,2.029190,0.005985,-0.613793,-0.015607,0.503151,0.006722,-0.004334,0.084646,-0.051640,0.033427,4.551640,1.813427,4.500000,1.780000,1,17.846465
26056.145782,2.037370,0.002414,-0.459625,-0.003126,0.494411,0.000269,-0.003087,-0.067446,-0.050680,0.077191,4.550680,1.797191,4.500000,1.720000,1,17.898296
26056.164421,2.039096,0.001883,-0.440897,0.004953,0.497505,-0.000232,-0.006741,-0.208141,-0.049580,0.092278,4.549580,1.758945,4.500000,1.666667,1,17.929327
26056.184424,2.042670,0.001153,-0.404035,0.011172,0.500109,0.000261,-0.008676,-0.275878,-0.046825,0.076881,4.546825,1.713548,4.500000,1.636667,1,17.969382
26056.233134,2.047055,0.000166,-0.389022,0.017578,0.501603,-0.005607,-0.008269,-0.576242,-0.050691,0.071664,4.550691,1.668331,4.500000,1.596667,1,18.014296
26056.239340,2.051382,-0.000529,-0.388531,0.021639,0.502138,0.006551,-0.006547,-0.152315,-0.056999,0.033834,4.556999,1.583834,4.500000,1.550000,1,18.076914
26056.245457,2.059141,-0.001169,-0.408466,0.019998,0.495683,0.000553,-0.005572,-0.122835,-0.055924,0.080654,4.555924,1.567320,4.500000,1.486667,1,18.128994
26056.264416,2.060750,-0.000792,-0.402864,0.019359,0.498425,-0.000452,-0.000972,-0.066613,-0.059355,0.092096,4.559355,1.528763,4.500000,1.436667,1,18.160407
26056.284417,2.063738,0.009216,-0.130383,0.006980,0.502778,-0.000222,0.003236,0.103486,-0.051798,0.076878,4.551798,1.480211,4.500000,1.403333,1,18.202627
26056.333765,2.067576,0.010280,0.110956,-0.009685,0.505364,-0.006275,0.009799,0.343713,-0.045901,0.070041,4.545901,1.433374,4.500000,1.363333,1,18.249474
26056.339625,2.071383,0.007211,0.234755,-0.028782,0.504941,0.005768,0.002904,0.206877,-0.041425,0.030553,4.541425,1.347220,4.500000,1.316667,1,18.313083
26056.345423,2.078200,0.003007,0.328678,-0.061738,0.496382,0.000944,0.009857,0.220408,-0.041396,0.077258,4.541396,1.330591,4.500000,1.253333,1,18.366236
26056.364423,2.079556,0.002399,0.336444,-0.095324,0.487952,0.002295,0.009127,0.339720,-0.041846,0.094867,4.541846,1.294867,4.500000,1.200000,1,18.396404
26056.384424,2.081018,-0.016928,-0.160145,-0.110148,0.478339,0.004169,0.010399,0.326249,-0.041058,0.076625,4.541058,1.246625,4.500000,1.170000,1,18.436565
26056.434143,2.083483,-0.020202,-0.630781,-0.126812,0.472432,0.008038,0.003709,0.974441,-0.043719,0.073420,4.543719,1.200087,4.500000,1.126667,1,18.482709
26056.440338,2.086023,-0.015167,-0.897190,-0.151354,0.469553,0.006880,0.016770,0.091854,-0.035785,0.034211,4.535785,1.117545,4.500000,1.083333,1,18.544061
26056.445643,2.091163,-0.005276,-1.050012,-0.191354,0.459553,0.002221,0.004886,0.098605,-0.034116,0.080907,4.534116,1.100907,4.500000,1.020000,1,18.594360
26056.464440,2.090675,-0.009375,-1.171080,-0.224005,0.449553,0.005236,0.004192,0.187176,-0.028613,0.094924,4.533356,1.063039,4.499099,0.970003,1,18.623796
26056.484422,2.083920,-0.025242,-1.765283,-0.218196,0.449138,0.003267,0.002953,0.086897,-0.017268,0.079141,4.523023,1.016617,4.496401,0.940114,1,18.663099
26056.535084,2.076160,-0.026308,-2.331913,-0.215399,0.451657,0.016992,-0.012493,0.407755,-0.009916,0.067610,4.513403,0.968329,4.490675,0.903886,1,18.709104
26056.541742,2.067861,-0.020600,-2.725237,-0.217750,0.456848,-0.016125,0.013860,-0.334032,0.007631,0.022184,4.478532,0.881988,4.479575,0.858552,1,18.776109
26056.548779,2.048426,-0.004672,-3.172157,-0.215549,0.455950,0.001515,-0.001173,0.014547,0.014714,0.079286,4.475412,0.874414,4.456501,0.796023,1,18.830665
26056.564418,2.046348,-0.003167,-3.195574,-0.215246,0.463930,-0.000370,0.000052,-0.003333,0.018157,0.096625,4.464004,0.838108,4.430490,0.745680,1,18.859562
26056.584411,2.038263,0.002339,-3.262676,-0.221478,0.471345,0.000064,0.000724,0.020820,0.019387,0.072870,4.440529,0.794493,4.416313,0.723082,1,18.900524
26056.636782,2.028024,0.007543,-3.304696,-0.232692,0.477057,0.018571,-0.000363,0.117354,0.023503,0.070043,4.416096,0.757473,4.390767,0.688069,1,18.947293
26056.642445,2.017426,0.010658,-3.321227,-0.244951,0.481453,-0.017647,0.002292,0.033125,0.016878,0.023705,4.364279,0.681771,4.359979,0.652991,1,19.012520
26056.649608,1.996299,0.012280,-3.315684,-0.268492,0.475938,0.003022,0.002144,0.043974,0.022133,0.076815,4.359240,0.675648,4.313233,0.610275,1,19.064118
26056.664406,1.994096,0.011874,-3.319979,-0.284509,0.472240,0.001057,0.000680,0.019056,0.019479,0.094623,4.339070,0.646609,4.269938,0.579128,1,19.089938
26056.684432,1.983301,0.007350,-3.416189,-0.293724,0.469166,0.001163,0.000474,0.012187,0.010731,0.077822,4.309457,0.613119,4.247106,0.565329,1,19.125930
26056.736664,1.968002,0.003862,-3.556055,-0.299205,0.465940,0.028012,-0.000323,0.166079,0.005117,0.069075,4.277550,0.584493,4.217586,0.549826,1,19.165140
26056.742278,1.953230,0.003344,-3.666578,-0.300000,0.462494,-0.024732,0.001796,-0.108711,-0.010449,0.027155,4.209991,0.533954,4.180895,0.533870,1,19.222125
26056.747893,1.923792,0.004963,-3.807314,-0.299638,0.456190,0.001670,0.000165,0.008119,-0.005872,0.077257,4.203207,0.530338,4.126992,0.516396,1,19.267131
26056.764433,1.920771,0.005052,-3.817617,-0.300000,0.458125,0.000372,-0.000045,0.000276,-0.008131,0.092732,4.174164,0.513725,4.081345,0.506661,1,19.288601
26056.784420,1.907498,0.004768,-3.864770,-0.300000,0.460651,-0.000384,-0.000115,-0.002075,-0.015471,0.074428,4.137307,0.497609,4.061541,0.503802,1,19.320739
26056.832199,1.891049,0.004341,-3.909277,-0.300000,0.462854,0.020884,0.001631,0.024111,-0.019163,0.068069,4.097378,0.485528,4.028333,0.500803,1,19.358298
26056.838065,1.875181,0.003626,-3.940088,-0.298360,0.465661,-0.023185,-0.002249,-0.028797,-0.024985,0.028389,4.019631,0.474615,3.991663,0.500070,1,19.412279
26056.844569,1.847572,0.001150,-3.974717,-0.290303,0.461071,0.001574,-0.000033,-0.004067,-0.020153,0.076815,4.012209,0.474348,3.938459,0.503802,1,19.453663
26056.864423,1.844636,0.000818,-3.976736,-0.285329,0.466436,-0.000555,-0.000261,-0.009282,-0.020855,0.079322,3.968946,0.474055,3.895718,0.510996,1,19.479356
26056.884416,1.831276,-0.000435,-3.969086,-0.281929,0.471075,0.000063,-0.000031,-0.002652,-0.025724,0.062664,3.927084,0.475600,3.873008,0.516396,1,19.517018
26056.937012,1.819401,-0.002029,-3.947725,-0.281119,0.475236,0.016716,0.004401,-0.026418,-0.026413,0.063367,3.885825,0.482226,3.834748,0.528098,1,19.555608
26056.942567,1.807421,-0.004603,-3.932179,-0.272744,0.474454,-0.018760,-0.005198,0.010823,-0.028923,0.022698,3.809881,0.505906,3.800600,0.541481,1,19.610533
26056.949333,1.785842,-0.010214,-3.910322,-0.262823,0.467292,0.000904,-0.000421,-0.018049,-0.023663,0.075336,3.803411,0.508827,3.750000,0.566987,1,19.652619
26056.964420,1.783834,-0.010706,-3.907915,-0.254998,0.470805,-0.001113,-0.001031,-0.024551,-0.024020,0.086501,3.773758,0.519486,3.716179,0.588362,1,19.673063
26056.984416,1.777060,-0.011445,-3.869888,-0.250765,0.474917,-0.001369,-0.001422,-0.040307,-0.028583,0.064823,3.734635,0.538282,3.699937,0.600048,1,19.706128
26057.032992,1.769034,-0.013211,-3.824313,-0.247279,0.478077,0.006881,0.002712,-0.105567,-0.029431,0.068766,3.706888,0.553782,3.673947,0.620936,1,19.740333
26057.038376,1.761988,-0.014510,-3.763849,-0.245212,0.481662,-0.008278,-0.003346,0.082909,-0.033029,0.039801,3.651911,0.594367,3.647037,0.645858,1,19.785311
26057.044425,1.752304,-0.018022,-3.658033,-0.236501,0.475456,0.000256,-0.000375,-0.017181,-0.028182,0.078827,3.646949,0.599320,3.617693,0.677755,1,19.821447
26057.064418,1.751268,-0.018506,-3.649727,-0.230537,0.480065,-0.000503,-0.000456,-0.018306,-0.024485,0.082417,3.623626,0.625541,3.595100,0.706647,1,19.843157
26057.084417,1.747410,-0.019046,-3.571056,-0.222998,0.484387,-0.000456,-0.000440,-0.016564,-0.024104,0.066847,3.600640,0.654073,3.583687,0.723082,1,19.876495
26057.135114,1.744651,-0.019651,-3.482391,-0.214648,0.488495,0.000960,0.001645,-0.138203,-0.021699,0.063992,3.579139,0.685133,3.566156,0.751445,1,19.911640
26057.141718,1.742419,-0.021070,-3.406746,-0.205760,0.492815,-0.003597,-0.004613,0.022204,-0.021091,0.023589,3.540278,0.753530,3.549103,0.783917,1,19.964957
26057.147052,1.738862,-0.024895,-3.335400,-0.185857,0.486283,-0.000782,-0.002298,-0.051759,-0.011603,0.071281,3.541496,0.762108,3.528651,0.833175,1,20.008464
26057.164415,1.738668,-0.024705,-3.321862,-0.168950,0.492935,-0.001316,-0.003006,-0.109630,-0.010819,0.084509,3.526692,0.790100,3.515975,0.874622,1,20.030590
26057.184415,1.740529,-0.019221,-3.151818,-0.154715,0.498867,-0.001373,-0.003045,-0.088664,-0.007416,0.070717,3.517911,0.826616,3.510651,0.897349,1,20.062922
26057.233692,1.743599,-0.015603,-2.897399,-0.140168,0.502882,-0.009300,-0.002033,-0.427746,-0.003667,0.064404,3.511163,0.862644,3.505374,0.926893,1,20.099627
26057.240399,1.746182,-0.017320,-2.739919,-0.122513,0.507866,0.001518,-0.009557,-0.046472,0.000122,0.032531,3.503852,0.930914,3.501345,0.963348,1,20.150531
26057.246722,1.750109,-0.022278,-2.630819,-0.096152,0.504223,-0.001048,-0.006019,-0.129680,0.003830,0.071517,3.503830,0.945150,3.500000,1.016667,1,20.193609
26057.264419,1.751835,-0.019838,-2.558267,-0.073455,0.510994,-0.002309,-0.004844,-0.202516,0.000667,0.084474,3.500667,0.975526,3.500000,1.060000,1,20.219357
26057.284392,1.757521,-0.005523,-2.136378,-0.059836,0.514356,-0.000736,-0.003487,-0.102510,0.003195,0.069594,3.503195,1.013739,3.500000,1.083333,1,20.253442
26057.331988,1.765425,0.000374,-1.633919,-0.047558,0.515057,-0.012283,-0.001161,-0.475507,0.004725,0.066473,3.504725,1.053527,3.500000,1.120000,1,20.292639
26057.337462,1.773047,-0.002977,-1.364561,-0.031124,0.517040,0.010408,-0.010392,0.003690,0.010179,0.032254,3.510179,1.124413,3.500000,1.156667,1,20.346170
26057.344414,1.785938,-0.009529,-1.208213,-0.004496,0.512777,-0.001354,-0.007532,-0.182171,0.009955,0.078455,3.509955,1.131545,3.500000,1.210000,1,20.387279
26057.364417,1.787602,-0.007499,-1.154403,0.016393,0.516851,0.000173,-0.003643,-0.161083,0.006998,0.081413,3.506998,1.171921,3.500000,1.253333,1,20.413561
26057.384416,1.796085,0.009468,-0.601448,0.028821,0.515388,0.000239,-0.000986,-0.044073,0.004663,0.066648,3.504663,1.213352,3.500000,1.280000,1,20.452483
26057.433291,1.804279,0.015665,-0.084119,0.038269,0.513418,-0.010931,0.002627,-0.304517,0.003111,0.062018,3.503111,1.254649,3.500000,1.316667,1,20.493748
26057.438882,1.812506,0.013767,0.225228,0.050005,0.511603,0.012926,-0.007474,0.089196,-0.002489,0.030351,3.497511,1.329649,3.500000,1.360000,1,20.550290
26057.444426,1.827460,0.007806,0.422407,0.072133,0.504981,0.000003,-0.004498,-0.104097,-0.003066,0.079737,3.496934,1.336929,3.500000,1.416667,1,20.594727
26057.464426,1.829016,0.007844,0.440009,0.093371,0.505010,0.001164,-0.002647,-0.129937,-0.008070,0.081789,3.491930,1.378211,3.500000,1.460000,1,20.622588
26057.484414,1.834837,0.019500,0.821849,0.111706,0.502505,0.001518,-0.004106,-0.122183,-0.011371,0.065962,3.488629,1.420705,3.500000,1.486667,1,20.663525
26057.534306,1.840268,0.022593,1.178781,0.131751,0.501607,-0.002463,-0.004193,-0.582296,-0.020561,0.062749,3.482344,1.466190,3.499096,1.530061,1,20.709357
26057.540202,1.845975,0.020132,1.372413,0.161051,0.502280,0.010719,-0.010778,-0.054987,-0.030967,0.025642,3.467728,1.543359,3.494604,1.573262,1,20.771637
26057.546674,1.856648,0.014860,1.492261,0.201051,0.495462,0.002713,-0.005626,-0.124605,-0.034829,0.070296,3.466836,1.558220,3.481341,1.635318,1,20.823415
26057.564395,1.857873,0.018338,1.588003,0.230069,0.495416,0.002833,-0.002836,-0.118983,-0.041315,0.084700,3.457290,1.591936,3.464146,1.685925,1,20.855006
26057.584414,1.855037,0.033747,2.092564,0.241533,0.494400,0.001086,-0.000450,-0.016186,-0.043334,0.069725,3.442715,1.631941,3.452129,1.713494,1,20.895291
26057.636721,1.850048,0.040525,2.668510,0.243721,0.495268,0.008165,0.008923,-0.349320,-0.042088,0.063603,3.428752,1.672919,3.433569,1.749035,1,20.940076
26057.642845,1.845612,0.038273,3.065915,0.242521,0.498051,-0.006904,-0.009992,0.290462,-0.037395,0.021974,3.390534,1.748937,3.408401,1.788459,1,21.003739
26057.649883,1.837343,0.026769,3.445068,0.233247,0.492768,-0.000355,0.000331,0.016905,-0.039098,0.067187,3.385155,1.761917,3.368576,1.837864,1,21.057801
26057.664423,1.835589,0.024697,3.481210,0.225046,0.498842,-0.000346,0.002298,0.040632,-0.043615,0.088204,3.367785,1.784255,3.330405,1.875276,1,21.086340
26057.684423,1.833080,0.021779,3.515911,0.217657,0.505789,-0.000928,0.001106,0.046928,-0.040195,0.071179,3.340826,1.816741,3.309875,1.892400,1,21.122743
26057.734027,1.830060,0.016119,3.500302,0.207919,0.510877,0.001836,0.001642,0.160227,-0.037966,0.063148,3.311234,1.847270,3.280212,1.914103,1,21.165337
26057.739476,1.828078,0.012376,3.430195,0.197212,0.515587,-0.003885,0.001727,-0.036607,-0.032399,0.028934,3.252737,1.894477,3.243216,1.936859,1,21.223302
26057.745158,1.824198,0.012309,3.347247,0.174062,0.510539,-0.001297,0.003599,0.071037,-0.036584,0.071287,3.241190,1.902074,3.189024,1.962893,1,21.272445
26057.764429,1.823486,0.012726,3.335739,0.153322,0.517085,-0.002211,0.004948,0.172952,-0.035825,0.080337,3.211444,1.920955,3.144942,1.978531,1,21.302935
26057.784419,1.824884,0.006681,3.136825,0.138709,0.524255,-0.001172,0.002516,0.110813,-0.031155,0.067141,3.173999,1.940508,3.115910,1.986379,1,21.341466
26057.832925,1.828392,0.001307,2.837923,0.124891,0.528892,-0.007449,-0.003723,0.379609,-0.027444,0.064448,3.136052,1.957113,3.076566,1.994103,1,21.383300
26057.838782,1.833334,0.000907,2.539712,0.110480,0.532416,0.005963,0.009969,-0.114914,-0.014898,0.031764,3.064094,1.981897,3.033396,1.998883,1,21.439716
26057.844993,1.841226,0.008889,2.296768,0.090847,0.527164,0.000194,0.003465,0.066315,-0.016031,0.068520,3.048520,1.983969,2.980000,2.000000,1,21.487392
26057.864427,1.843797,0.007660,2.217629,0.075107,0.532415,-0.002179,0.004180,0.170520,-0.006096,0.086272,3.016272,1.993904,2.930000,2.000000,1,21.514992
26057.884420,1.849443,0.001189,1.916240,0.069418,0.536121,-0.000230,0.001692,0.078115,0.002497,0.072103,2.975437,2.002497,2.903333,2.000000,1,21.550444
26057.932156,1.857244,-0.001385,1.601989,0.066308,0.536916,-0.010350,-0.003731,0.189794,0.009022,0.066077,2.932744,2.009022,2.866667,2.000000,1,21.592322
26057.937792,1.865460,-0.000234,1.356710,0.065357,0.534115,0.012330,0.004954,-0.114053,0.017373,0.028806,2.855473,2.017373,2.826667,2.000000,1,21.650791
26057.944413,1.879951,0.005171,1.188172,0.064476,0.524115,-0.000817,0.000243,0.015432,0.017730,0.081293,2.847959,2.017730,2.766667,2.000000,1,21.696189
26057.964421,1.881451,0.005385,1.176884,0.064792,0.516459,0.000711,0.000024,0.002137,0.020666,0.081409,2.804743,2.020666,2.723333,2.000000,1,21.724698
26057.984421,1.888642,0.005804,1.122375,0.070965,0.506459,0.000981,-0.001480,-0.044627,0.022174,0.068100,2.761433,2.022174,2.693333,2.000000,1,21.766114
26058.034040,1.895150,0.006537,1.098290,0.082106,0.496459,-0.005430,-0.001240,-0.156950,0.022893,0.063811,2.717144,2.022893,2.653333,2.000000,1,21.809644
26058.040313,1.900687,0.009815,1.155380,0.097731,0.486459,0.007547,-0.001575,0.069759,0.021584,0.025633,2.635633,2.021584,2.610000,2.000000,1,21.869737
26058.045962,1.909090,0.011195,1.303278,0.128679,0.476459,0.001688,-0.003782,-0.075629,0.017730,0.067799,2.617799,2.017730,2.550000,2.000000,1,21.920954
26058.064423,1.910724,0.011963,1.343151,0.153812,0.466717,0.001578,-0.002807,-0.128038,0.017520,0.087266,2.583805,2.018092,2.496658,1.999989,1,21.949908
26058.084418,1.910109,0.022335,1.669124,0.175390,0.458019,0.002538,-0.003757,-0.110563,0.010427,0.072892,2.538636,2.014156,2.466604,1.998883,1,21.987456
26058.134668,1.908735,0.026062,2.043152,0.195751,0.450285,0.011862,-0.001250,-0.565747,0.005237,0.065151,2.493823,2.009383,2.430046,1.995082,1,22.031477
26058.140374,1.907772,0.023445,2.272911,0.217743,0.443436,0.002245,-0.010432,0.026158,-0.000308,0.026466,2.413198,1.992807,2.387344,1.987143,1,22.091706
26058.145813,1.907594,0.016129,2.434012,0.238858,0.433436,0.002140,-0.002710,-0.047197,-0.008993,0.066776,2.395534,1.984390,2.329688,1.970100,1,22.144632
26058.164396,1.906625,0.017759,2.505680,0.249145,0.427759,0.002990,-0.001613,-0.075071,-0.011699,0.086519,2.363352,1.976708,2.280481,1.949234,1,22.175558
26058.184396,1.898450,0.025503,2.815587,0.253735,0.426279,0.002498,-0.001504,-0.039714,-0.012121,0.071379,2.321968,1.959810,2.253869,1.935224,1,22.212542
26058.234417,1.889296,0.026574,3.116555,0.251129,0.424438,0.018472,0.004297,-0.232987,-0.012849,0.063490,2.282511,1.940506,2.222562,1.915967,1,22.255867
26058.240339,1.880513,0.023334,3.311999,0.243570,0.423697,-0.012749,-0.006092,0.125759,-0.012748,0.029615,2.218595,1.898877,2.187509,1.890320,1,22.313967
26058.245934,1.864712,0.016256,3.483801,0.222342,0.416842,-0.001052,0.000740,0.029194,-0.019283,0.068422,2.204585,1.885357,2.142920,1.849991,1,22.364789
26058.264426,1.861267,0.015204,3.506234,0.199074,0.421335,-0.001167,0.004145,0.114757,-0.021950,0.085921,2.180515,1.865846,2.109680,1.812491,1,22.395131
26058.284419,1.854392,0.011392,3.482223,0.176152,0.426613,-0.003976,0.007463,0.222231,-0.022584,0.072780,2.152034,1.834877,2.091599,1.788459,1,22.431405
26058.333545,1.846440,0.008937,3.427588,0.146243,0.430327,-0.002903,0.009275,0.794334,-0.026184,0.066782,2.128367,1.801415,2.071512,1.757678,1,22.473620
26058.339473,1.838590,0.008840,3.375290,0.107344,0.434574,-0.015205,0.014831,0.228615,-0.028755,0.033492,2.091306,1.736986,2.050766,1.719519,1,22.531267
26058.345277,1.824174,0.012624,3.348426,0.067344,0.434264,-0.004561,0.017089,0.357525,-0.033106,0.068693,2.082940,1.720837,2.028772,1.667166,1,22.581813
26058.364417,1.820967,0.013386,3.344674,0.027344,0.435449,-0.001202,0.013526,0.499674,-0.040523,0.085491,2.074136,1.692528,2.014406,1.619159,1,22.612206
26058.384423,1.823124,-0.016524,2.525296,-0.012656,0.428883,0.000324,0.020274,0.607296,-0.038339,0.072819,2.058907,1.654503,2.008121,1.589748,1,22.647461
26058.433527,1.825188,-0.020048,1.782301,-0.049913,0.424028,-0.001563,0.015595,1.772941,-0.038607,0.067833,2.048484,1.616696,2.002857,1.553372,1,22.686635
26058.439231,1.827238,-0.011078,1.345339,-0.089913,0.423026,0.003767,0.029557,0.219814,-0.026398,0.031277,2.027404,1.543927,2.000179,1.513367,1,22.740789
26058.444783,1.830389,0.004628,1.127553,-0.129913,0.413026,0.001947,0.017005,0.377764,-0.021237,0.078750,2.025871,1.536733,1.998392,1.459938,1,22.783044
26058.464435,1.830742,0.003613,1.084475,-0.169913,0.403026,0.004858,0.010315,0.408829,-0.006313,0.078833,2.012404,1.496945,1.993580,1.420133,1,22.810306
26058.484416,1.826817,-0.032098,0.010871,-0.183877,0.394709,0.003231,0.003386,0.125995,0.002476,0.068610,2.000481,1.458091,1.987885,1.390602,1,22.848936
26058.534169,1.821301,-0.047554,-1.121652,-0.194079,0.393942,0.009035,-0.009187,0.665591,0.008073,0.066256,1.990011,1.420809,1.978531,1.355058,1,22.888613
26058.539719,1.814414,-0.049513,-1.971533,-0.198783,0.396045,-0.007686,0.010519,-0.553212,0.016776,0.034032,1.962208,1.354991,1.965379,1.317181,1,22.942818
26058.545064,1.804879,-0.038195,-2.702886,-0.193088,0.394460,-0.000592,0.000502,-0.029780,0.025386,0.069633,1.952935,1.342024,1.943205,1.268549,1,22.989953
26058.564436,1.802898,-0.035832,-2.782968,-0.189120,0.402933,0.000082,-0.001571,-0.009318,0.029998,0.086611,1.940321,1.314201,1.917812,1.225349,1,23.018350
26058.584422,1.798724,-0.031021,-2.876480,-0.187920,0.411922,-0.001280,-0.000964,-0.027409,0.032436,0.074187,1.920428,1.282377,1.902535,1.203410,1,23.052445
26058.634017,1.793539,-0.026946,-2.931827,-0.186740,0.420262,0.003447,-0.002569,-0.056412,0.036428,0.067092,1.897324,1.251940,1.881826,1.177186,1,23.092085
26058.640270,1.788143,-0.024656,-2.953201,-0.185703,0.428184,-0.008995,0.000155,-0.016939,0.040263,0.034040,1.850157,1.200156,1.854733,1.147630,1,23.146621
26058.647438,1.778261,-0.023413,-2.959083,-0.182741,0.428056,-0.001043,-0.000672,-0.014373,0.045445,0.070393,1.839041,1.189151,1.812491,1.109680,1,23.194314
26058.664433,1.776332,-0.023023,-2.949479,-0.182985,0.436110,-0.000056,-0.000232,-0.009469,0.048662,0.083743,1.817899,1.168851,1.774651,1.082188,1,23.223447
26058.684421,1.774476,-0.021884,-2.909581,-0.181880,0.444092,-0.000417,-0.000097,-0.002682,0.047317,0.071507,1.787474,1.143077,1.749035,1.066431,1,23.258512
26058.733675,1.772396,-0.021586,-2.862724,-0.181848,0.451412,0.001481,0.000998,-0.024023,0.045270,0.064188,1.757315,1.119620,1.719519,1.050766,1,23.298476
26058.739311,1.770786,-0.022088,-2.830745,-0.179941,0.458578,-0.002532,-0.001206,0.017211,0.037959,0.030557,1.697380,1.081125,1.682819,1.034621,1,23.352872
26058.745523,1.768070,-0.023329,-2.803652,-0.172136,0.457151,-0.000994,-0.000998,-0.018809,0.039662,0.063306,1.682676,1.072743,1.632098,1.017765,1,23.399812
26058.764428,1.767123,-0.023562,-2.799918,-0.169177,0.465358,-0.001541,-0.002263,-0.064970,0.037918,0.078272,1.656994,1.058414,1.586458,1.007532,1,23.427041
26058.784427,1.766345,-0.023724,-2.788847,-0.162617,0.474013,-0.003189,-0.003900,-0.112227,0.029418,0.068152,1.621071,1.040180,1.556694,1.003225,1,23.460060
26058.833136,1.765015,-0.024156,-2.785200,-0.154979,0.482270,-0.007765,-0.005278,-0.286442,0.020650,0.062332,1.584685,1.024090,1.523386,1.000547,1,23.497867
26058.839422,1.763692,-0.024340,-2.779627,-0.146551,0.490539,-0.003772,-0.004235,-0.085884,-0.002418,0.028460,1.515127,0.997582,1.486667,1.000000,1,23.550815
26058.845386,1.761367,-0.024975,-2.785553,-0.133596,0.488872,-0.002384,-0.005044,-0.106662,-0.006774,0.066465,1.499798,0.993226,1.433333,1.000000,1,23.595865
26058.864415,1.760690,-0.024885,-2.782237,-0.125002,0.498870,-0.005989,-0.011364,-0.316912,-0.014864,0.081191,1.471191,0.985136,1.390000,1.000000,1,23.621627
26058.884415,1.760636,-0.023735,-2.737459,-0.115194,0.508336,-0.008784,-0.014995,-0.436441,-0.025413,0.068174,1.431508,0.974587,1.363333,1.000000,1,23.655312
26058.934071,1.759064,-0.024801,-2.743261,-0.107988,0.517284,-0.019291,-0.015423,-0.842008,-0.035242,0.060318,1.390318,0.964758,1.330000,1.000000,1,23.695361
26058.939983,1.757986,-0.024820,-2.736344,-0.102682,0.525372,-0.005866,-0.009882,-0.216247,-0.049849,0.026453,1.316453,0.950151,1.290000,1.000000,1,23.751046
26058.945392,1.755047,-0.026092,-2.766573,-0.101483,0.524511,-0.003476,-0.007448,-0.155549,-0.050780,0.065796,1.299130,0.949220,1.233333,1.000000,1,23.798276
26058.964406,1.754318,-0.024940,-2.743071,-0.105223,0.532126,-0.002229,-0.001110,-0.078486,-0.054712,0.084427,1.271094,0.945288,1.186667,1.000000,1,23.823982
26058.984390,1.760952,-0.009233,-2.328708,-0.114305,0.538794,-0.000613,0.003046,0.093647,-0.059674,0.069714,1.229714,0.940326,1.160000,1.000000,1,23.857391
26059.033803,1.768234,-0.006135,-1.968366,-0.133862,0.544671,-0.009912,0.007347,0.189834,-0.063521,0.060415,1.187082,0.936479,1.126667,1.000000,1,23.898476
26059.039697,1.774660,-0.013301,-1.868958,-0.157295,0.549452,0.010295,-0.003146,-0.075233,-0.068662,0.019351,1.106018,0.931338,1.086667,1.000000,1,23.957181
26059.047298,1.786250,-0.021658,-2.021247,-0.187937,0.546525,0.001557,0.005051,0.112402,-0.069419,0.057942,1.084609,0.930581,1.026667,1.000000,1,24.007595
26059.064422,1.788535,-0.022498,-2.059540,-0.219561,0.549388,0.003647,0.007141,0.236079,-0.068706,0.074037,1.047356,0.928454,0.976614,1.000547,1,24.036209
26059.084423,1.791759,-0.028546,-2.241428,-0.245831,0.551252,0.002349,0.002888,0.080172,-0.066964,0.060431,1.003377,0.929835,0.949952,1.002511,1,24.071484
26059.132388,1.791835,-0.037581,-2.674872,-0.263639,0.552849,0.006915,0.001052,0.519141,-0.067629,0.057061,0.958049,0.931055,0.913542,1.007532,1,24.110597
26059.138278,1.793234,-0.037066,-2.964889,-0.279072,0.555661,0.004939,0.009167,-0.126052,-0.067779,0.029556,0.885937,0.943012,0.874361,1.016043,1,24.162190
26059.144401,1.796907,-0.029753,-3.211455,-0.282425,0.548633,0.001778,0.002031,0.058902,-0.066674,0.074168,0.872983,0.942787,0.826550,1.031049,1,24.200215
26059.164421,1.797067,-0.029758,-3.241673,-0.289324,0.553102,0.003689,0.003093,0.111485,-0.064288,0.080548,0.835536,0.954234,0.789533,1.046455,1,24.222371
26059.184427,1.795418,-0.030776,-3.401580,-0.289223,0.557359,0.000665,0.000085,-0.001749,-0.067173,0.056876,0.791411,0.969518,0.771517,1.055258,1,24.259509
26059.232569,1.791233,-0.032324,-3.626499,-0.282874,0.560015,0.004795,-0.005064,0.099098,-0.068575,0.054893,0.750582,0.986111,0.739463,1.073244,1,24.299205
26059.238434,1.787050,-0.030351,-3.783779,-0.274726,0.565032,-0.007192,0.004211,-0.133000,-0.070607,0.025918,0.685574,1.023135,0.706107,1.095492,1,24.349654
26059.244415,1.779139,-0.024704,-3.939759,-0.257287,0.560403,-0.000442,-0.001619,-0.024240,-0.064768,0.073350,0.678698,1.029778,0.667094,1.126940,1,24.387380
26059.264448,1.778399,-0.023982,-3.947198,-0.244267,0.567856,-0.000969,-0.000897,-0.036490,-0.061446,0.078609,0.648089,1.055523,0.638273,1.154814,1,24.410505
26059.284413,1.777853,-0.017232,-3.873068,-0.231550,0.574759,-0.000606,-0.000851,-0.032724,-0.059641,0.061840,0.618050,1.086313,0.622523,1.172111,1,24.446987
26059.332894,1.778711,-0.012896,-3.754021,-0.216854,0.578935,-0.004164,0.000275,-0.233913,-0.057668,0.057820,0.587867,1.119890,0.599456,1.200726,1,24.486664
26059.340146,1.780416,-0.011557,-3.632005,-0.200697,0.581464,0.000736,-0.005469,0.033358,-0.050848,0.026340,0.547748,1.184412,0.576765,1.233782,1,24.540917
26059.346014,1.782784,-0.014678,-3.505570,-0.173323,0.574752,-0.000585,-0.003549,-0.069621,-0.051972,0.066119,0.533099,1.198257,0.550766,1.280481,1,24.585452
26059.364410,1.784277,-0.014029,-3.460639,-0.152537,0.580498,-0.001782,-0.003488,-0.150307,-0.050922,0.076721,0.513465,1.230400,0.533410,1.320296,1,24.612832
26059.384377,1.790215,-0.005688,-3.181782,-0.137506,0.584864,0.000014,-0.001123,-0.050982,-0.048155,0.064863,0.498717,1.268923,0.524472,1.345492,1,24.648326
26059.429542,1.799036,-0.000120,-2.777430,-0.123083,0.584502,-0.011334,0.003362,-0.356876,-0.045137,0.063883,0.485794,1.308042,0.514406,1.380841,1,24.686335
26059.435388,1.807724,-0.002554,-2.483630,-0.107601,0.584670,0.009640,-0.009826,0.084669,-0.037060,0.039668,0.477019,1.371556,0.506965,1.416835,1,24.735763
26059.444411,1.820361,-0.010502,-2.267967,-0.084944,0.578975,-0.001692,-0.008232,-0.197314,-0.024044,0.071225,0.481884,1.393932,0.501117,1.466604,1,24.778734
26059.464403,1.823722,-0.011776,-2.240060,-0.063985,0.581701,-0.001143,-0.005614,-0.183080,-0.016011,0.069796,0.483989,1.440204,0.500000,1.510000,1,24.813610
26059.484410,1.834260,-0.001581,-1.838060,-0.048340,0.578703,-0.001176,-0.008995,-0.273402,-0.023553,0.061574,0.476447,1.485092,0.500000,1.546667,1,24.858573
26059.534777,1.844381,-0.001940,-1.581575,-0.037576,0.577145,-0.016994,0.000765,-0.508669,-0.021174,0.059976,0.478826,1.530024,0.500000,1.590000,1,24.904124
26059.541252,1.855008,0.002992,-1.265721,-0.027685,0.575606,0.018184,-0.004423,0.345852,-0.018306,0.011942,0.481694,1.624725,0.500000,1.636667,1,24.970781
26059.548070,1.876800,0.001865,-0.755229,-0.018041,0.566588,-0.001390,-0.001822,-0.064919,-0.018533,0.071107,0.481467,1.632227,0.500000,1.703333,1,25.024966
26059.564423,1.878941,0.001815,-0.721849,-0.012575,0.570503,-0.000054,-0.001027,-0.042247,-0.017485,0.084397,0.482515,1.672269,0.500000,1.756667,1,25.053910
26059.584418,1.887491,0.004246,-0.535002,-0.010686,0.573808,0.000090,-0.000145,-0.007012,-0.019547,0.068504,0.480453,1.718163,0.500000,1.786667,1,25.095231
26059.632344,1.898147,0.004423,-0.351250,-0.011600,0.575332,-0.014225,0.002223,-0.045410,-0.021555,0.062129,0.478445,1.764538,0.500000,1.826667,1,25.141104
26059.638145,1.908871,0.002457,-0.257788,-0.013064,0.575687,0.016087,-0.001829,0.041697,-0.032413,0.026034,0.467587,1.847299,0.500000,1.873333,1,25.203768
26059.644393,1.927980,-0.000159,-0.205393,-0.016377,0.569359,-0.000885,0.000679,0.012354,-0.026639,0.077496,0.473361,1.859171,0.500000,1.936667,1,25.254422
26059.664415,1.930144,-0.000370,-0.204559,-0.018332,0.574078,0.000245,0.000225,0.011989,-0.028474,0.081253,0.471526,1.905414,0.500000,1.986667,1,25.286863
26059.684397,1.940341,-0.002381,-0.242177,-0.020703,0.576228,0.000242,0.000596,0.018434,-0.030610,0.068016,0.469390,1.951984,0.500000,2.020000,1,25.331769
26059.735353,1.950481,-0.002854,-0.278205,-0.023709,0.577095,-0.014610,0.000604,0.088473,-0.033061,0.062412,0.466939,2.000922,0.500000,2.063333,1,25.379676
26059.741129,1.960546,-0.002540,-0.297678,-0.031718,0.577362,0.017006,0.002329,0.027591,-0.039445,0.011098,0.460555,2.098902,0.500000,2.110000,1,25.449560
26059.746781,1.980295,-0.001799,-0.310714,-0.049480,0.570397,-0.000459,0.002970,0.066424,-0.039672,0.073163,0.460328,2.106837,0.500000,2.180000,1,25.505265
26059.764417,1.982147,-0.002618,-0.328612,-0.065103,0.572345,0.000273,0.003196,0.130069,-0.037752,0.089709,0.462248,2.146957,0.500000,2.236667,1,25.534330
26059.784420,1.989196,-0.010006,-0.532105,-0.079755,0.571888,0.000648,0.001017,0.048460,-0.036674,0.072125,0.463326,2.194542,0.500000,2.266667,1,25.577002
26059.829501,1.996945,-0.016251,-0.880732,-0.093259,0.569688,-0.007596,-0.004016,0.266323,-0.038299,0.065013,0.461701,2.244987,0.500000,2.310000,1,25.625296
26059.835105,2.004229,-0.017373,-1.182337,-0.110545,0.567594,0.009696,0.006584,-0.172564,-0.046713,0.030713,0.453287,2.325954,0.500000,2.356667,1,25.688042
26059.844420,2.015382,-0.012234,-1.465740,-0.145002,0.561044,0.001713,0.006820,0.172081,-0.040849,0.074414,0.459151,2.345586,0.500000,2.420000,1,25.739701
26059.864395,2.018005,-0.010840,-1.504690,-0.176612,0.559921,0.001788,0.001741,0.079124,-0.038300,0.074427,0.461700,2.395573,0.500000,2.470000,1,25.776342
26059.884420,2.019132,-0.021734,-1.969709,-0.199632,0.555041,0.002567,0.003134,0.094916,-0.034483,0.060950,0.464750,2.446200,0.500045,2.506684,1,25.823673
26059.932962,2.019496,-0.022156,-2.366835,-0.221891,0.552385,0.010356,-0.003152,0.537356,-0.034233,0.063939,0.461963,2.497048,0.503225,2.556694,1,25.870712
26059.939468,2.020296,-0.016531,-2.609528,-0.245962,0.550341,0.003462,0.013116,-0.048714,-0.040353,0.025574,0.465945,2.586141,0.510696,2.602866,1,25.932536
26059.946731,2.021487,-0.005225,-2.798259,-0.271998,0.541987,0.004130,0.005283,0.109460,-0.034467,0.067435,0.472251,2.608090,0.526580,2.660852,1,25.984974
26059.964419,2.021808,-0.003426,-2.820781,-0.288257,0.535824,0.007307,0.005316,0.180742,-0.039643,0.081102,0.476356,2.653588,0.546455,2.710467,1,26.016884
26059.984397,2.018390,-0.005037,-2.952822,-0.297771,0.529576,0.001296,0.000205,0.003671,-0.043241,0.068349,0.490758,2.701133,0.561525,2.740291,1,26.057450
26060.035826,2.006596,-0.009758,-3.276180,-0.300000,0.524178,0.021522,-0.007975,0.253146,-0.048105,0.064656,0.506475,2.747048,0.582188,2.774651,1,26.100965
26060.041345,1.994420,-0.007904,-3.531140,-0.297142,0.520390,-0.021634,0.009359,-0.241583,-0.044607,0.012267,0.564990,2.827893,0.607600,2.809875,1,26.166162
26060.047718,1.969195,0.002675,-3.828334,-0.276892,0.514587,0.001128,-0.001165,-0.001809,-0.039389,0.073311,0.570081,2.833894,0.650009,2.857080,1,26.216884
26060.064434,1.966569,0.003797,-3.845176,-0.264753,0.520553,-0.000116,-0.000701,-0.018795,-0.043000,0.089873,0.592944,2.870447,0.690125,2.892400,1,26.241026
26060.084424,1.957721,0.009184,-3.867959,-0.255712,0.527100,-0.000482,-0.000301,-0.012344,-0.044225,0.065980,0.629426,2.903991,0.708818,2.906464,1,26.280102
26060.134054,1.947723,0.014529,-3.842403,-0.243957,0.530801,0.011859,0.000227,-0.122469,-0.054501,0.065251,0.658316,2.941567,0.742322,2.928488,1,26.321545
26060.141409,1.938677,0.017103,-3.794874,-0.237167,0.536893,-0.013989,-0.002727,0.034782,-0.065432,0.031268,0.720362,2.992437,0.777483,2.947757,1,26.374534
26060.147885,1.921976,0.015413,-3.724366,-0.228207,0.535200,-0.000954,-0.001025,-0.017202,-0.064594,0.069882,0.738599,3.005291,0.826550,2.968951,1,26.418305
26060.164433,1.919036,0.014890,-3.704182,-0.225564,0.542053,0.000151,-0.000128,-0.011906,-0.072286,0.083698,0.768080,3.029840,0.867902,2.982235,1,26.442781
26060.184421,1.914723,0.015010,-3.622150,-0.226675,0.549487,0.000307,0.000176,0.003331,-0.082086,0.063580,0.810603,3.054071,0.890602,2.987885,1,26.477432
26060.233055,1.910058,0.012844,-3.531720,-0.227797,0.555905,0.005687,0.005464,-0.042045,-0.092461,0.067129,0.846786,3.076230,0.926738,2.994604,1,26.514326
26060.238992,1.905638,0.009034,-3.472039,-0.225904,0.562778,-0.005494,-0.005456,0.036075,-0.108430,0.032613,0.922779,3.104390,0.963270,2.998649,1,26.565456
26060.244572,1.899074,0.002455,-3.421611,-0.213381,0.559644,0.000038,-0.000512,-0.017376,-0.109382,0.068623,0.934710,3.109382,1.003333,3.000000,2,26.613716
26060.264419,1.898602,0.001904,-3.418795,-0.201823,0.567437,-0.000871,-0.000785,-0.034816,-0.121224,0.075431,0.977902,3.121224,1.053333,3.000000,2,26.648233
26060.284423,1.897511,0.002221,-3.341586,-0.186570,0.574212,-0.001570,-0.002470,-0.073639,-0.128810,0.063882,1.022785,3.128810,1.086667,3.000000,2,26.691281
26060.334124,1.897520,0.001634,-3.252504,-0.167246,0.579705,-0.008262,-0.001697,-0.380910,-0.135495,0.062012,1.067988,3.135495,1.130000,3.000000,2,26.736021
26060.340065,1.897746,-0.000131,-3.186008,-0.143723,0.585610,-0.001667,-0.008459,-0.073824,-0.138259,0.026793,1.146541,3.138259,1.173333,3.000000,2,26.795322
26060.346195,1.898039,-0.004164,-3.136868,-0.106243,0.581704,-0.001507,-0.006686,-0.143977,-0.138844,0.068493,1.164840,3.138844,1.233333,3.000000,2,26.845243
26060.364425,1.899446,-0.001339,-3.062061,-0.073999,0.588973,-0.001695,-0.004184,-0.205887,-0.137185,0.081906,1.201428,3.137185,1.283333,3.000000,2,26.876027
26060.384425,1.907099,0.018018,-2.488666,-0.053020,0.589972,-0.000520,-0.005188,-0.160499,-0.131911,0.067825,1.245508,3.131911,1.313333,3.000000,2,26.915495
26060.433954,1.916535,0.021628,-1.872417,-0.036297,0.587960,-0.015953,0.003573,-0.728380,-0.123617,0.062073,1.291261,3.123617,1.353333,3.000000,2,26.959658
26060.440000,1.925734,0.013301,-1.517602,-0.017665,0.585846,0.012958,-0.017955,0.003630,-0.108634,0.024295,1.372371,3.108634,1.396667,3.000000,2,27.020591
26060.445843,1.941868,-0.000190,-1.287437,0.003566,0.578786,0.000895,-0.005358,-0.109454,-0.105697,0.070640,1.389360,3.105697,1.460000,3.000000,2,27.072346
26060.464420,1.945696,0.003225,-1.167164,0.019152,0.582229,-0.001017,-0.004666,-0.195203,-0.100535,0.083702,1.426298,3.100535,1.510000,3.000000,2,27.103471
26060.484422,1.953733,0.015744,-0.667256,0.025172,0.585443,0.000138,-0.005439,-0.169411,-0.091228,0.070908,1.472425,3.091228,1.543333,3.000000,2,27.143848
26060.534179,1.963761,0.015053,-0.272151,0.029040,0.585361,-0.014535,0.000294,-0.464177,-0.079094,0.062724,1.520609,3.079094,1.583333,3.000000,2,27.190504
26060.540462,1.973767,0.009961,-0.071642,0.030934,0.581590,0.014835,-0.008915,-0.004150,-0.064889,0.024671,1.605329,3.064889,1.630000,3.000000,2,27.255816
26060.546307,1.991577,0.003132,0.041184,0.029770,0.574509,0.001230,-0.001396,-0.027680,-0.063476,0.070323,1.623011,3.063476,1.693333,3.000000,2,27.309995
26060.564424,1.995392,0.004558,0.093867,0.027026,0.578394,-0.000713,0.000196,-0.006207,-0.059375,0.087137,1.662863,3.059375,1.750000,3.000000,2,27.342785
26060.584425,2.002941,0.007753,0.260453,0.022735,0.583025,0.000046,0.001087,0.034448,-0.050953,0.068275,1.711725,3.050953,1.780000,3.000000,2,27.386596
26060.634672,2.012406,0.006507,0.370376,0.021213,0.583886,-0.013713,0.002326,0.029985,-0.043834,0.065385,1.761282,3.043834,1.826667,3.000000,2,27.435438
26060.642203,2.021909,0.003682,0.404632,0.022184,0.582126,0.015651,-0.001866,-0.021973,-0.029931,0.011915,1.861418,3.029931,1.873333,3.000000,2,27.507284
26060.647718,2.041002,0.000890,0.380915,0.024993,0.574687,-0.000500,-0.000415,-0.008911,-0.028976,0.077037,1.869630,3.028976,1.946667,3.000000,2,27.565179
26060.664438,2.042805,0.000874,0.380181,0.027139,0.579592,0.000036,-0.000335,-0.013751,-0.023899,0.092671,1.910663,3.023899,2.003333,3.000000,2,27.595159
26060.684424,2.049975,0.001859,0.404360,0.028957,0.584349,0.000222,-0.000443,-0.013950,-0.017985,0.072530,1.960803,3.017985,2.033333,3.000000,2,27.638753
26060.731841,2.058861,0.002273,0.439876,0.028426,0.584483,-0.011231,0.000585,-0.025402,-0.013573,0.064682,2.011985,3.013573,2.076667,3.000000,2,27.688743
26060.737940,2.067739,0.002038,0.463581,0.026917,0.582140,0.013319,-0.000471,0.024548,-0.003399,0.024461,2.102206,3.003399,2.126667,3.000000,2,27.757328
26060.744410,2.083614,0.001292,0.490542,0.023389,0.574401,-0.000752,0.000688,0.013582,-0.006842,0.082895,2.113772,3.006842,2.196667,3.000000,2,27.811286
26060.764436,2.085373,0.001126,0.490617,0.020236,0.578924,0.000552,0.000479,0.025481,-0.003668,0.084009,2.165991,3.003668,2.250000,3.000000,2,27.846939
26060.784423,2.093918,-0.000851,0.453220,0.016901,0.578197,0.000522,0.000327,0.015661,-0.000489,0.068688,2.217979,3.000489,2.286667,3.000000,2,27.897634
26060.834564,2.102267,-0.002142,0.393148,0.013484,0.575203,-0.010591,-0.000869,0.070824,0.000587,0.067020,2.269647,2.999413,2.336667,3.000000,2,27.949269
26060.841554,2.110406,-0.002678,0.332159,0.009179,0.570499,0.013160,0.001768,-0.038581,0.006053,0.014132,2.372534,2.993947,2.386667,3.000000,2,28.023520
26060.847190,2.126096,-0.001602,0.258224,0.003500,0.562595,-0.000395,0.000969,0.024042,0.004052,0.081065,2.382268,2.995948,2.463333,3.000000,2,28.082842
26060.864412,2.127555,-0.001702,0.250274,-0.000904,0.566532,0.000253,0.000967,0.042623,0.003791,0.091994,2.428006,2.996209,2.520000,3.000000,2,28.114903
26060.884430,2.133618,-0.003599,0.177977,-0.004345,0.569692,0.000206,0.000839,0.027513,0.007828,0.075400,2.477933,2.992172,2.553333,3.000000,2,28.161408
26060.931750,2.140650,-0.004341,0.078293,-0.005477,0.569973,-0.008542,-0.001437,0.081068,0.003494,0.066494,2.533506,2.996506,2.600000,3.000000,2,28.213732
26060.937657,2.147894,-0.003779,0.010083,-0.007005,0.565979,0.010804,0.001832,-0.057231,0.008922,0.025474,2.627860,2.991078,2.653333,3.000000,2,28.285772
26060.944431,2.160597,-0.002059,-0.072529,-0.006696,0.555979,-0.000651,-0.000050,0.005024,0.008650,0.086843,2.636491,2.991350,2.723333,3.000000,2,28.340327
26060.964423,2.161868,-0.001918,-0.078398,-0.007585,0.556835,0.000744,0.000043,0.002259,0.008799,0.090253,2.689747,2.991201,2.780000,3.000000,2,28.374692
26060.984421,2.168279,-0.001437,-0.106890,-0.008410,0.554448,0.000671,0.000203,0.006563,0.009115,0.069417,2.743916,2.990885,2.813333,3.000000,2,28.426135
26061.031922,2.174382,-0.000851,-0.123962,-0.007752,0.550627,-0.006051,-0.000388,0.006367,0.008462,0.065219,2.798114,2.991538,2.863333,3.000000,2,28.480217
26061.038959,2.180374,-0.000333,-0.131782,-0.007478,0.547250,0.009015,0.000354,-0.003326,0.006143,0.021472,2.898528,2.993857,2.920000,3.000000,2,28.554513
26061.045478,2.191101,0.000176,-0.136262,-0.004864,0.537250,0.001350,-0.000371,-0.008697,0.005880,0.065574,2.927760,2.994120,2.993333,3.000000,2,28.620818
26061.064432,2.193803,0.000241,-0.136534,-0.004618,0.537110,-0.000507,-0.000136,-0.006488,0.004581,0.097222,2.962778,2.995419,3.060000,3.000000,2,28.657971
26061.084421,2.197158,0.000951,-0.119294,-0.003800,0.537499,0.000518,-0.000072,-0.004234,0.002062,0.079535,3.017132,2.997938,3.096667,3.000000,2,28.702082
26061.133502,2.201718,0.001243,-0.098681,-0.003421,0.535805,-0.004935,0.000432,-0.014172,0.000656,0.068095,3.071905,2.999344,3.140000,3.000000,2,28.755349
26061.139403,2.206196,0.001180,-0.081216,-0.003126,0.532701,0.006921,-0.000468,0.010406,-0.002935,0.019074,3.174259,3.002935,3.193333,3.000000,2,28.830262
26061.145333,2.214196,0.000682,-0.066037,0.000445,0.522701,0.000870,-0.000534,-0.010976,-0.008732,0.073215,3.196785,3.008732,3.270000,3.000000,2,28.894822
26061.164428,2.215945,0.000588,-0.064658,-0.001372,0.523482,0.000044,-0.000098,-0.005781,-0.005189,0.095245,3.238088,3.005189,3.333333,3.000000,2,28.931712
26061.184400,2.218824,0.000844,-0.051842,-0.001382,0.523015,0.000601,0.000005,0.000065,-0.006889,0.076673,3.293327,3.006889,3.370000,3.000000,2,28.979021
26061.237859,2.222317,0.000835,-0.038103,-0.002154,0.520108,-0.003605,0.000431,0.007382,-0.009346,0.067786,3.348881,3.009346,3.416667,3.000000,2,29.033317
26061.244667,2.225775,0.000608,-0.030703,-0.004840,0.516557,0.005926,0.000239,0.015100,-0.013538,0.013318,3.460016,3.013538,3.473333,3.000000,2,29.112303
26061.264731,2.232527,0.000258,-0.025611,-0.014754,0.507583,0.001435,0.003152,0.103630,-0.015412,0.034781,3.515219,3.015412,3.550000,3.000000,2,29.195149
26061.284706,2.235689,-0.000089,-0.035217,-0.031636,0.503375,0.001506,0.002924,0.144609,-0.017938,0.062908,3.570425,3.017938,3.633333,3.000000,2,29.254653
26061.338826,2.238300,-0.004539,-0.140681,-0.050392,0.497659,0.000670,-0.002000,0.448538,-0.019976,0.068417,3.624916,3.019976,3.693333,3.000000,2,29.310089
26061.344373,2.239928,-0.007583,-0.355077,-0.072327,0.491356,0.003937,0.009748,-0.035381,-0.023082,0.012137,3.737863,3.023082,3.750000,3.000000,2,29.389280
26061.350939,2.243496,-0.002045,-0.533262,-0.112327,0.481356,0.002121,0.006716,0.150265,-0.024011,0.060730,3.765936,3.024011,3.826667,3.000000,2,29.461023
26061.364714,2.244037,-0.004118,-0.610457,-0.152327,0.471356,0.004918,0.014417,0.442487,-0.024588,0.107184,3.792816,3.024588,3.900000,3.000000,2,29.494386
26061.384735,2.243196,-0.007160,-0.746363,-0.192327,0.461356,0.004468,0.004611,0.143237,-0.024837,0.086738,3.846595,3.024837,3.933333,3.000000,2,29.532933
26061.433889,2.235661,-0.023435,-1.509227,-0.212011,0.451356,0.022933,-0.013199,0.785769,-0.024841,0.067655,3.902345,3.024841,3.970000,3.000000,2,29.584594
26061.440548,2.227209,-0.022260,-2.101655,-0.237326,0.444521,-0.016292,0.016177,-0.577932,-0.014750,0.022444,4.001657,3.015236,4.023386,2.999453,2,29.656622
26061.446386,2.205671,-0.006199,-2.902509,-0.242885,0.434521,-0.000501,0.002016,-0.012181,-0.011728,0.079965,4.020108,3.017548,4.096316,2.990636,2,29.714908
26061.464717,2.200236,-0.001609,-3.014507,-0.247458,0.434711,0.003012,-0.000823,0.033497,0.002299,0.094336,4.060719,3.002910,4.151327,2.976550,2,29.748586
26061.484713,2.187141,0.006360,-3.219813,-0.246937,0.434322,0.001126,0.000384,0.006669,0.002294,0.072325,4.114663,2.989688,4.182819,2.965379,2,29.795468
26061.531715,2.170366,0.016828,-3.386249,-0.243438,0.432620,0.025380,-0.008427,0.051934,0.006787,0.071340,4.158772,2.972377,4.225505,2.946259,2,29.846191
26061.537505,2.152517,0.025922,-3.480569,-0.231988,0.429980,-0.028117,0.007809,-0.054876,0.006560,0.032992,4.237703,2.933669,4.269041,2.921446,2,29.910864
26061.544722,2.119337,0.036344,-3.544141,-0.210426,0.426170,0.002110,-0.001837,-0.029969,0.015148,0.090010,4.244298,2.928372,4.322814,2.881826,2,29.961806
26061.564715,2.115700,0.037160,-3.542424,-0.193394,0.433759,-0.001926,-0.001396,-0.062609,0.015730,0.092584,4.283741,2.903212,4.359412,2.847596,2,29.993792
26061.584708,2.099801,0.042415,-3.455250,-0.174637,0.439972,-0.002136,-0.002543,-0.078900,0.016277,0.081569,4.316733,2.874595,4.381826,2.822814,2,30.036615
26061.631699,2.085787,0.043752,-3.315669,-0.153867,0.444997,0.008252,0.004486,-0.446659,0.015867,0.079505,4.349573,2.844245,4.408401,2.788459,2,30.080322
26061.637811,2.072459,0.040132,-3.200990,-0.130457,0.450008,-0.020466,-0.014961,-0.013987,0.016721,0.046569,4.393987,2.783728,4.431894,2.751927,2,30.138369
26061.644713,2.050028,0.028409,-3.078948,-0.090492,0.447333,-0.000909,-0.008183,-0.210224,0.025551,0.092888,4.396884,2.776068,4.457674,2.701331,2,30.184479
26061.664723,2.048294,0.028947,-3.034492,-0.060204,0.455491,-0.001941,-0.007856,-0.285034,0.029101,0.097051,4.416263,2.740604,4.474485,2.657684,2,30.214371
26061.684714,2.045290,0.040865,-2.444410,-0.037524,0.459967,-0.002337,-0.012850,-0.408934,0.033431,0.084144,4.429118,2.701556,4.483107,2.628871,2,30.255026
26061.732624,2.042817,0.034201,-2.008920,-0.016171,0.463356,-0.004809,-0.000634,-1.181923,0.037706,0.079664,4.440487,2.661350,4.491879,2.589748,2,30.298126
26061.738852,2.041046,0.022078,-1.745746,0.005724,0.467125,-0.003853,-0.025498,-0.153922,0.034789,0.043197,4.459139,2.586478,4.497812,2.546721,2,30.356302
26061.744753,2.037645,0.005597,-1.569580,0.018560,0.461881,-0.000523,-0.011305,-0.264760,0.040254,0.088402,4.459746,2.578402,4.500000,2.490000,2,30.401210
26061.764721,2.037515,0.006582,-1.523132,0.030184,0.468214,-0.001308,-0.003585,-0.224670,0.032336,0.091062,4.467664,2.534396,4.500000,2.443333,2,30.429940
26061.784722,2.037573,0.028179,-0.773099,0.015612,0.468167,-0.000663,0.003703,0.116447,0.024692,0.078845,4.475308,2.492178,4.500000,2.413333,2,30.471014
26061.832605,2.039024,0.029007,-0.106170,-0.008837,0.473207,-0.004286,0.019055,0.354492,0.021886,0.077156,4.478114,2.450489,4.500000,2.373333,2,30.512558
26061.838765,2.041115,0.019980,0.249185,-0.035662,0.478152,0.003318,-0.000985,0.355045,0.018635,0.045186,4.481365,2.378520,4.500000,2.333333,2,30.567248
26061.844772,2.045105,0.007463,0.477850,-0.061963,0.474013,0.000294,0.010265,0.217145,0.017208,0.093744,4.482792,2.370411,4.500000,2.276667,2,30.609698
26061.864719,2.045546,0.004986,0.456140,-0.081474,0.477514,0.001270,0.004668,0.167012,0.010425,0.092929,4.489575,2.329596,4.500000,2.236667,2,30.636756
26061.884718,2.046698,-0.019475,-0.207321,-0.085644,0.479070,0.000933,0.005461,0.171428,0.000816,0.083142,4.499184,2.289809,4.500000,2.206667,2,30.675356
26061.933071,2.048226,-0.020454,-0.653948,-0.086043,0.481662,-0.001207,-0.002408,0.455304,-0.006359,0.080059,4.506359,2.250059,4.500000,2.170000,2,30.715003
26061.938903,2.050007,-0.014917,-0.893473,-0.085504,0.484134,0.002987,0.009640,-0.047309,-0.012469,0.044662,4.512469,2.174662,4.500000,2.130000,2,30.770331
26061.944889,2.053313,-0.006238,-1.042295,-0.073640,0.477667,0.000249,0.001401,0.021779,-0.010219,0.084576,4.510219,2.157910,4.500000,2.073333,2,30.818236
26061.964716,2.053932,-0.005420,-1.061219,-0.064879,0.479705,-0.000349,-0.000650,-0.010829,-0.013668,0.096361,4.513668,2.123028,4.500000,2.026667,2,30.847729
26061.984717,2.055345,-0.004652,-1.107187,-0.054460,0.481819,-0.000477,-0.002480,-0.078783,-0.016627,0.083621,4.516627,2.080288,4.500000,1.996667,2,30.885356
26062.036101,2.057139,-0.002859,-1.115508,-0.043762,0.483822,-0.004770,-0.004272,-0.291561,-0.018175,0.076052,4.518175,2.036052,4.500000,1.960000,2,30.927999
26062.042354,2.058843,-0.001851,-1.112129,-0.033720,0.485755,0.002124,-0.003973,-0.099478,-0.035688,0.034269,4.535688,1.950935,4.500000,1.916667,2,30.989525
26062.048982,2.061925,-0.001624,-1.121417,-0.025121,0.478560,-0.000016,-0.001931,-0.046332,-0.051332,0.075212,4.551332,1.931879,4.500000,1.856667,2,31.043247
26062.064715,2.062815,0.002121,-1.043191,-0.031710,0.481609,-0.000492,0.000635,-0.012075,-0.052540,0.107133,4.552540,1.907133,4.500000,1.800000,2,31.070206
26062.084714,2.064382,0.007708,-0.858426,-0.037071,0.485636,-0.000207,0.002994,0.096121,-0.054351,0.091594,4.554351,1.864927,4.500000,1.773333,2,31.102624
26062.134141,2.066758,0.008346,-0.646847,-0.041612,0.488502,-0.003983,0.006771,0.163325,-0.052588,0.077449,4.552588,1.820782,4.500000,1.743333,2,31.144230
26062.139993,2.069208,0.005500,-0.536486,-0.042423,0.490275,0.003754,-0.000933,0.106211,-0.053746,0.039788,4.553746,1.739788,4.500000,1.700000,2,31.203997
26062.145688,2.073711,0.001576,-0.457118,-0.040602,0.483629,0.000428,0.000296,0.012769,-0.048099,0.080591,4.548099,1.720591,4.500000,1.640000,2,31.255330
26062.164716,2.074772,-0.000459,-0.481892,-0.036266,0.485955,-0.000491,-0.000886,-0.020798,-0.050904,0.096209,4.550904,1.686209,4.500000,1.590000,2,31.285584
26062.184711,2.076703,-0.003673,-0.571775,-0.030379,0.487096,-0.000378,-0.002548,-0.081502,-0.052739,0.082955,4.552739,1.642955,4.500000,1.560000,2,31.323114
26062.233687,2.079100,-0.003754,-0.639803,-0.025210,0.488592,-0.004528,-0.004198,-0.192604,-0.057897,0.078125,4.557897,1.598125,4.500000,1.520000,2,31.366170
26062.239517,2.081560,-0.002702,-0.673525,-0.023188,0.490217,0.003346,-0.001208,-0.071428,-0.058324,0.036530,4.558324,1.516530,4.500000,1.480000,2,31.426976
26062.245260,2.085799,-0.001443,-0.703481,-0.025203,0.484293,0.000107,-0.001910,-0.043478,-0.054629,0.081680,4.554629,1.498347,4.500000,1.416667,2,31.478724
26062.264711,2.086659,-0.001235,-0.706075,-0.027561,0.488243,-0.000507,0.000145,-0.007614,-0.052318,0.093477,4.552318,1.460144,4.500000,1.366667,2,31.510319
26062.284709,2.088807,0.002615,-0.611993,-0.034976,0.491579,-0.000245,0.002466,0.079281,-0.050246,0.084545,4.550246,1.417878,4.500000,1.333333,2,31.549809
26062.332424,2.091231,0.003161,-0.528181,-0.045108,0.493318,-0.003389,0.005272,0.251720,-0.050640,0.079101,4.550640,1.372434,4.500000,1.293333,2,31.593045
26062.338345,2.093720,0.002115,-0.485213,-0.061503,0.493914,0.003973,0.003384,0.124259,-0.056148,0.041623,4.556148,1.291623,4.500000,1.250000,2,31.653064
26062.344718,2.098162,0.000679,-0.451595,-0.094089,0.488159,0.000630,0.007336,0.163970,-0.053006,0.092957,4.553006,1.282957,4.500000,1.190000,2,31.700148
26062.364716,2.098509,-0.000668,-0.474043,-0.124967,0.483967,0.004963,0.021040,0.658434,-0.053361,0.093736,4.553361,1.237069,4.500000,1.143333,2,31.730226
26062.384704,2.100529,-0.001492,-0.516652,-0.164967,0.473967,0.008887,0.027724,0.870170,-0.056152,0.078772,4.556152,1.192105,4.500000,1.113333,2,31.773111
26062.432552,2.102550,-0.000645,-0.517104,-0.204967,0.463967,0.025886,0.031951,1.969584,-0.059075,0.074709,4.559075,1.144709,4.500000,1.070000,2,31.817846
26062.438721,2.105165,0.000735,-0.483676,-0.244967,0.453967,0.009282,0.015504,0.366980,-0.050251,0.041013,4.550251,1.067680,4.500000,1.026667,2,31.875904
26062.444851,2.109541,0.000582,-0.455346,-0.284967,0.443967,0.005892,0.013159,0.295154,-0.053127,0.090716,4.557573,1.057368,4.499099,0.970003,2,31.917975
26062.464711,2.109390,-0.002194,-0.506006,-0.300000,0.433967,0.007156,0.005447,0.275207,-0.040818,0.093012,4.548605,1.012937,4.494626,0.926893,2,31.944441
26062.484705,2.095972,-0.030977,-1.328918,-0.283291,0.439326,0.000204,-0.000143,-0.005299,-0.030974,0.079742,4.536230,0.972610,4.490023,0.900616,2,31.984097
26062.532562,2.078525,-0.041107,-2.287408,-0.256306,0.430930,0.018166,-0.019094,0.431667,-0.019781,0.075747,4.520461,0.929078,4.480508,0.861754,2,32.025982
26062.538193,2.062606,-0.034812,-2.959533,-0.233777,0.431860,-0.025593,0.017611,-0.538128,-0.000785,0.039016,4.482402,0.860013,4.467916,0.823777,2,32.083777
26062.544709,2.033767,-0.012457,-3.603944,-0.202045,0.431575,-0.000002,-0.005205,-0.058093,0.007443,0.087540,4.477283,0.850079,4.443441,0.769002,2,32.130984
26062.564723,2.030889,-0.009423,-3.635074,-0.177967,0.439270,-0.005162,-0.007643,-0.235573,0.015534,0.086980,4.454124,0.810148,4.419970,0.728660,2,32.163726
26062.584708,2.018689,0.006451,-3.639677,-0.161338,0.446761,-0.007255,-0.010631,-0.323636,0.021546,0.075469,4.428762,0.774663,4.400951,0.701272,2,32.207492
26062.632670,2.005307,0.014916,-3.614738,-0.148091,0.452630,0.003135,-0.001747,-0.636410,0.028182,0.072136,4.400464,0.740299,4.373574,0.667671,2,32.253250
26062.638562,1.995098,0.026032,-3.413095,-0.145964,0.458334,-0.008696,-0.001559,0.472405,0.030085,0.041268,4.350628,0.684432,4.340959,0.634285,2,32.312793
26062.644715,1.985009,0.028573,-2.810451,-0.165530,0.455943,0.000699,0.002368,0.009990,0.036390,0.081168,4.340995,0.675586,4.297389,0.598055,2,32.361702
26062.664717,1.983552,0.026958,-2.763657,-0.191739,0.457917,0.001543,0.002484,0.105857,0.038858,0.084585,4.308560,0.647016,4.255754,0.570361,2,32.394861
26062.684708,1.976296,0.013270,-2.693470,-0.229487,0.452134,0.003464,0.004189,0.122343,0.035152,0.075449,4.277881,0.619793,4.226549,0.554270,2,32.435527
26062.732724,1.968083,0.001441,-2.784416,-0.260162,0.442134,0.025246,0.009502,0.514845,0.032085,0.070680,4.243349,0.594141,4.190186,0.537583,2,32.476795
26062.738455,1.960803,-0.003737,-2.874352,-0.283189,0.432134,-0.006371,0.002997,0.006322,0.022452,0.041156,4.181990,0.556575,4.149425,0.522850,2,32.531508
26062.744719,1.949586,-0.004889,-2.962976,-0.296894,0.422134,0.004017,0.003386,0.077611,0.025312,0.080980,4.172218,0.550303,4.097750,0.509648,2,32.574430
26062.764717,1.947846,-0.005734,-2.986648,-0.300000,0.412134,0.003350,0.001464,0.062259,0.020627,0.082316,4.134470,0.532568,4.054917,0.503025,2,32.602739
26062.784721,1.932506,-0.013524,-3.233954,-0.300000,0.402134,0.000711,0.000018,-0.000912,0.015679,0.067501,4.094837,0.520282,4.028333,0.500803,2,32.641832
26062.832730,1.914726,-0.016557,-3.499085,-0.300000,0.395729,0.026137,-0.003890,0.173961,0.012021,0.066476,4.055067,0.510602,3.988328,0.500136,2,32.681889
26062.838749,1.897389,-0.015245,-3.696848,-0.298776,0.392149,-0.025421,0.004368,-0.164802,0.009013,0.031251,3.980414,0.508410,3.948399,0.502670,2,32.737052
26062.844708,1.866494,-0.010052,-3.907608,-0.275056,0.386315,0.001657,-0.000894,-0.007640,0.011227,0.078155,3.971200,0.505856,3.892459,0.511702,2,32.780028
26062.864731,1.863396,-0.009411,-3.920112,-0.280377,0.389194,0.000277,0.000202,0.000402,0.009176,0.080014,3.929674,0.507694,3.850575,0.522850,2,32.806573
26062.884719,1.847295,-0.005842,-3.934150,-0.285669,0.391373,0.000623,0.000829,0.022713,0.005646,0.067074,3.890160,0.513359,3.825339,0.531499,2,32.844401
26062.933862,1.831212,-0.004457,-3.920316,-0.290976,0.392995,0.024948,0.004743,0.046142,0.001542,0.061401,3.847915,0.521356,3.791465,0.545563,2,32.883793
26062.939775,1.815457,-0.005209,-3.902553,-0.294586,0.393272,-0.022373,-0.003224,0.037476,-0.003716,0.031213,3.781221,0.545204,3.755799,0.563691,2,32.936422
26062.945333,1.788026,-0.009539,-3.871983,-0.288053,0.387011,0.001498,0.000673,0.007915,0.000936,0.077854,3.774755,0.547904,3.710713,0.592185,2,32.976327
26062.964720,1.785078,-0.010143,-3.869142,-0.285781,0.390566,-0.000892,-0.000390,-0.009573,0.000441,0.075710,3.740252,0.566616,3.681596,0.614488,2,33.001536
26062.984722,1.769433,-0.014555,-3.893141,-0.279592,0.393636,-0.001136,-0.000767,-0.020723,-0.003408,0.066169,3.707879,0.584713,3.661488,0.632019,2,33.036488
26063.034199,1.754546,-0.017960,-3.911714,-0.271732,0.397817,0.015093,0.001703,-0.074169,-0.002589,0.065825,3.678584,0.608056,3.635424,0.657824,2,33.072212
26063.040541,1.740258,-0.020835,-3.927353,-0.260553,0.401760,-0.021313,-0.005037,-0.046350,-0.005045,0.036119,3.632436,0.651759,3.613429,0.682884,2,33.119948
26063.045899,1.715707,-0.025388,-3.950122,-0.239613,0.397309,-0.002764,-0.002011,-0.036722,0.003180,0.072937,3.626730,0.664114,3.583687,0.723082,2,33.159305
26063.064729,1.711040,-0.025521,-3.937667,-0.222063,0.403106,-0.001072,-0.003357,-0.111171,0.005708,0.079597,3.608586,0.687821,3.564508,0.754345,2,33.184179
26063.084719,1.705083,-0.022317,-3.810765,-0.206987,0.409710,-0.003794,-0.005614,-0.157556,0.006937,0.071227,3.589877,0.717187,3.552026,0.777921,2,33.215420
26063.134057,1.697630,-0.022490,-3.673593,-0.191157,0.416104,-0.001625,-0.003916,-0.529798,0.006963,0.064967,3.571234,0.748077,3.539509,0.805197,2,33.250326
26063.140079,1.690391,-0.025080,-3.574152,-0.174443,0.423118,-0.013082,-0.011053,-0.067329,0.004774,0.038213,3.543258,0.804820,3.526468,0.839478,2,33.297908
26063.146299,1.677652,-0.031313,-3.496388,-0.150871,0.422379,-0.002560,-0.005462,-0.112999,0.011570,0.069168,3.540821,0.819716,3.513563,0.884332,2,33.338139
26063.164731,1.676325,-0.028412,-3.406786,-0.132226,0.430880,-0.001521,-0.002955,-0.138290,0.016914,0.081625,3.535060,0.845513,3.505872,0.923595,2,33.362565
26063.184716,1.678711,-0.013747,-2.930758,-0.121010,0.437037,-0.001341,-0.002896,-0.083218,0.019238,0.071823,3.529623,0.877375,3.502845,0.946741,2,33.391985
26063.235620,1.681088,-0.011035,-2.479703,-0.111691,0.441211,-0.007329,0.001302,-0.408269,0.022779,0.066226,3.526390,0.911573,3.500545,0.976663,2,33.425530
26063.241423,1.683073,-0.015438,-2.225481,-0.099518,0.446141,0.001515,-0.009976,0.045418,0.017891,0.030005,3.517891,0.979995,3.500000,1.010000,2,33.474943
26063.247051,1.686103,-0.023017,-2.052100,-0.083739,0.442982,-0.000888,-0.003906,-0.091085,0.016799,0.073339,3.516799,0.986661,3.500000,1.060000,2,33.514725
26063.264729,1.686915,-0.021677,-2.012143,-0.070812,0.451092,-0.001622,-0.003269,-0.125546,0.015213,0.084868,3.515213,1.015132,3.500000,1.100000,2,33.535919
26063.284720,1.690913,-0.012305,-1.712181,-0.063610,0.457864,-0.001156,-0.001859,-0.053242,0.012862,0.069754,3.512862,1.050246,3.500000,1.120000,2,33.566646
26063.336977,1.696064,-0.008207,-1.383802,-0.059513,0.462515,-0.010603,0.001358,-0.208501,0.008490,0.067516,3.508490,1.085817,3.500000,1.153333,2,33.601526
26063.343710,1.701524,-0.008317,-1.187555,-0.053862,0.466869,0.009879,-0.002651,0.132081,-0.000439,0.026238,3.499561,1.160429,3.500000,1.186667,2,33.654322
26063.350218,1.713651,-0.009952,-0.976881,-0.038480,0.462106,0.000277,-0.002969,-0.061031,-0.003863,0.061084,3.496137,1.178916,3.500000,1.240000,2,33.702540
26063.364693,1.716062,-0.010307,-0.961014,-0.026058,0.465855,-0.001270,-0.004983,-0.148721,-0.006023,0.089999,3.493977,1.196668,3.500000,1.286667,2,33.725181
26063.384717,1.719728,-0.007996,-0.886803,-0.012468,0.469974,-0.000151,-0.003543,-0.105423,-0.007705,0.074390,3.492295,1.235610,3.500000,1.310000,2,33.753494
26063.444607,1.726534,-0.001806,-0.633355,0.003980,0.471066,-0.013454,-0.000104,-0.383244,-0.012046,0.067543,3.487954,1.272457,3.500000,1.340000,2,33.790465
26063.450415,1.733197,0.003340,-0.379626,0.021882,0.471012,0.014541,-0.003711,0.246181,-0.018280,0.009870,3.481720,1.366796,3.500000,1.376667,2,33.852393
26063.470478,1.749598,0.003354,0.003276,0.058722,0.461848,0.001788,-0.009827,-0.300174,-0.022216,0.032139,3.477784,1.404528,3.500000,1.436667,2,33.919152
26063.490487,1.756096,0.006740,0.170801,0.097178,0.458763,0.001805,-0.005287,-0.230531,-0.024824,0.059521,3.475563,1.443656,3.499989,1.503342,2,33.963683
26063.531638,1.760381,0.020123,0.598533,0.131870,0.454838,-0.000789,-0.000912,-0.499316,-0.032576,0.064479,3.471530,1.482632,3.497489,1.550048,2,34.006232
26063.536967,1.762176,0.032028,1.214506,0.158747,0.451956,0.003151,-0.003587,0.356370,-0.036123,0.047813,3.464925,1.536228,3.491879,1.589748,2,34.054377
26063.550482,1.764977,0.031920,1.759883,0.186959,0.448986,0.002205,-0.004425,-0.137167,-0.043015,0.068387,3.458043,1.560905,3.480426,1.638532,2,34.098064
26063.570486,1.765276,0.033940,1.979790,0.209770,0.451080,0.005009,-0.009098,-0.261470,-0.044251,0.069351,3.450221,1.599082,3.466590,1.679704,2,34.134645
26063.590483,1.766132,0.032680,2.224768,0.230123,0.453530,0.003275,-0.003811,-0.149892,-0.044049,0.063205,3.439285,1.637532,3.452129,1.713494,2,34.175789
26063.633843,1.763694,0.038089,2.553483,0.242713,0.455655,0.006856,0.001684,-0.316145,-0.042434,0.059803,3.426559,1.676042,3.433569,1.749035,2,34.218293
26063.639915,1.758755,0.042386,2.944844,0.248065,0.458735,-0.004687,-0.002900,0.244651,-0.038199,0.047062,3.405866,1.725273,3.410320,1.785723,2,34.266726
26063.650482,1.752332,0.039851,3.291887,0.246982,0.459818,0.000176,-0.000322,0.008729,-0.040308,0.067843,3.393200,1.747615,3.379660,1.825359,2,34.309927
26063.670483,1.749920,0.038058,3.387355,0.243752,0.466093,0.000388,0.000076,0.006080,-0.038749,0.068589,3.371850,1.781396,3.349991,1.857080,2,34.345937
26063.690484,1.746161,0.034573,3.485752,0.236533,0.471185,-0.000109,0.000285,0.012628,-0.037968,0.065375,3.350292,1.808289,3.325359,1.879660,2,34.384907
26063.733690,1.742843,0.030895,3.514429,0.225424,0.477312,0.003221,0.001534,0.072029,-0.037105,0.057916,3.318937,1.840448,3.293893,1.904508,2,34.426676
26063.739441,1.741440,0.027211,3.482666,0.210622,0.480932,-0.002080,-0.000022,-0.025706,-0.035631,0.042480,3.275720,1.876061,3.257678,1.928488,2,34.478381
26063.750493,1.739276,0.025294,3.417052,0.188211,0.480080,-0.000930,0.003294,0.084998,-0.037292,0.064978,3.256328,1.890662,3.213494,1.952129,2,34.522873
26063.770485,1.739213,0.023674,3.363943,0.168152,0.486571,0.000314,0.000955,0.049012,-0.035910,0.065401,3.222333,1.912583,3.173450,1.968951,2,34.558819
26063.790486,1.742739,0.015433,3.076465,0.148200,0.490856,0.000350,0.001147,0.056305,-0.033726,0.060191,3.187023,1.931343,3.138532,1.980426,2,34.600245
26063.833440,1.747201,0.011529,2.773700,0.128522,0.494529,-0.004758,-0.002884,0.283806,-0.032149,0.061538,3.150508,1.947235,3.096316,1.990636,2,34.642190
26063.839158,1.752827,0.009357,2.461748,0.109041,0.497505,0.005204,0.005558,-0.158675,-0.027048,0.047127,3.100450,1.964559,3.056694,1.996775,2,34.689186
26063.850485,1.759876,0.012725,2.174210,0.088976,0.495859,-0.000600,0.004940,0.126213,-0.026332,0.066341,3.075825,1.972242,3.010026,1.999899,2,34.730270
26063.870490,1.763296,0.012029,2.056838,0.074815,0.501150,-0.000382,0.000859,0.040754,-0.017679,0.071447,3.038114,1.982321,2.966667,2.000000,2,34.763584
26063.890485,1.770500,0.004268,1.660973,0.068977,0.506199,0.000133,0.000368,0.018136,-0.009701,0.065368,2.998701,1.990299,2.933333,2.000000,2,34.802568
26063.933136,1.778138,0.003832,1.382815,0.065793,0.510237,-0.008452,-0.002294,0.102457,-0.001831,0.062457,2.959123,1.998169,2.896667,2.000000,2,34.842924
26063.938747,1.785719,0.005575,1.212661,0.066497,0.513256,0.008540,0.002033,-0.078805,0.006302,0.048614,2.905281,2.006302,2.856667,2.000000,2,34.889008
26063.950497,1.796405,0.008257,1.103043,0.068139,0.509513,0.000382,-0.000226,-0.006755,0.009959,0.069832,2.879832,2.009959,2.810000,2.000000,2,34.930458
26063.970490,1.801016,0.009291,1.089336,0.072184,0.508009,0.000457,-0.001016,-0.030010,0.014660,0.073603,2.840269,2.014660,2.766667,2.000000,2,34.964469
26063.990491,1.808361,0.010487,1.091914,0.077753,0.503541,0.000447,-0.000595,-0.027757,0.018437,0.066303,2.799636,2.018437,2.733333,2.000000,2,35.003736
26064.032706,1.815120,0.012590,1.142121,0.086116,0.496933,-0.005692,-0.000002,-0.096724,0.021395,0.065056,2.758390,2.021395,2.693333,2.000000,2,35.045117
26064.038187,1.821195,0.014881,1.240639,0.095997,0.488716,0.006757,-0.001544,0.049139,0.023703,0.048692,2.702025,2.023703,2.653333,2.000000,2,35.093357
26064.050490,1.829170,0.014714,1.339732,0.111330,0.478716,0.000931,-0.002006,-0.058979,0.024400,0.071394,2.674728,2.024400,2.603333,2.000000,2,35.135859
26064.070473,1.831881,0.016981,1.424951,0.127572,0.469482,0.001637,-0.003121,-0.090989,0.023382,0.069441,2.632774,2.023382,2.563333,2.000000,2,35.170922
26064.090483,1.834979,0.020291,1.622304,0.144108,0.459886,0.001818,-0.001992,-0.087541,0.021605,0.063498,2.590165,2.021605,2.526667,2.000000,2,35.212065
26064.133896,1.836735,0.024036,1.844461,0.159841,0.450293,0.002155,0.001341,-0.242672,0.016896,0.061212,2.547371,2.018347,2.486633,1.999821,2,35.253958
26064.139463,1.836338,0.027339,2.118841,0.174937,0.442351,0.000349,-0.003288,0.158211,0.003324,0.042769,2.485422,2.004928,2.443306,1.996775,2,35.304726
26064.150501,1.835821,0.025467,2.369921,0.190583,0.432521,0.001653,-0.002886,-0.067536,-0.000313,0.068159,2.460538,2.002768,2.393866,1.988606,2,35.350276
26064.170484,1.834839,0.025225,2.455234,0.206317,0.429147,0.001123,-0.000705,-0.027723,-0.008732,0.070719,2.418719,1.989631,2.348673,1.976550,2,35.386763
26064.190489,1.829809,0.029330,2.717029,0.217306,0.424891,0.001106,-0.000538,-0.019202,-0.012386,0.062660,2.376847,1.975949,2.314075,1.964146,2,35.429794
26064.232997,1.824093,0.030082,2.941971,0.225253,0.421581,0.008942,0.002323,-0.139034,-0.015316,0.061293,2.336108,1.960234,2.274495,1.946259,2,35.473993
26064.238794,1.817698,0.029204,3.120665,0.229804,0.419409,-0.006376,-0.002912,0.107151,-0.018263,0.042180,2.282090,1.931701,2.236617,1.925005,2,35.526571
26064.250486,1.809056,0.026080,3.275132,0.225209,0.413136,0.000095,0.000161,0.006304,-0.020409,0.070253,2.260720,1.921531,2.192755,1.894462,2,35.571873
26064.270490,1.804747,0.024903,3.316118,0.220727,0.416102,0.000561,0.000111,0.009038,-0.022179,0.070288,2.226270,1.897901,2.159680,1.866309,2,35.607515
26064.290489,1.798423,0.022414,3.338476,0.210989,0.417893,0.000256,0.000363,0.019285,-0.022659,0.063718,2.193660,1.871578,2.133691,1.840320,2,35.649292
26064.333732,1.792801,0.019884,3.309286,0.197570,0.419724,0.005851,-0.000157,0.117771,-0.023662,0.060936,2.163936,1.843033,2.107600,1.809875,2,35.691785
26064.339869,1.788409,0.017261,3.224385,0.179414,0.421654,-0.004052,0.002111,-0.046164,-0.025174,0.045094,2.127995,1.798505,2.082188,1.774651,2,35.741769
26064.350501,1.783520,0.017293,3.111694,0.145687,0.419840,-0.001504,0.004670,0.113795,-0.028482,0.069465,2.114197,1.779841,2.056795,1.731451,2,35.785721
26064.370489,1.782033,0.014903,3.009633,0.115185,0.424236,0.000288,0.001641,0.084944,-0.031479,0.071092,2.094758,1.745653,2.038381,1.692113,2,35.820569
26064.390488,1.784018,0.002855,2.544773,0.083583,0.425288,0.000630,0.002312,0.109794,-0.034635,0.065845,2.079149,1.709246,2.025515,1.657684,2,35.861258
26064.433593,1.787038,-0.002769,2.055717,0.047937,0.426249,-0.002774,-0.004234,0.490446,-0.037087,0.064148,2.065712,1.672619,2.014406,1.619159,2,35.903306
26064.439739,1.790635,-0.007897,1.502301,0.012082,0.427257,0.003241,0.009906,-0.235406,-0.031025,0.048799,2.044029,1.620039,2.005897,1.576566,2,35.951182
26064.450486,1.794915,-0.002949,1.009575,-0.025545,0.424324,0.000435,0.010248,0.252976,-0.034303,0.069132,2.039301,1.597005,2.000904,1.530061,2,35.992625
26064.470484,1.796729,-0.004419,0.818738,-0.062387,0.425944,0.000744,0.001907,0.090948,-0.025466,0.068488,2.026733,1.557938,1.999899,1.489974,2,36.026153
26064.490489,1.798756,-0.023468,0.001920,-0.088107,0.423807,0.000824,0.001580,0.072178,-0.010615,0.064191,2.014260,1.519635,1.998113,1.456607,2,36.064707
26064.530931,1.800253,-0.028874,-0.654505,-0.110482,0.423982,-0.000183,-0.002991,0.360377,0.001357,0.065199,2.002542,1.481352,1.993035,1.416835,2,36.104722
26064.537038,1.801078,-0.030275,-1.163036,-0.131543,0.426304,0.001829,0.006344,-0.229313,0.016303,0.049356,1.981062,1.429444,1.984786,1.377598,2,36.153007
26064.550488,1.802595,-0.025787,-1.563157,-0.149786,0.425256,0.001127,0.003169,0.101547,0.020766,0.070208,1.975130,1.405945,1.971228,1.332834,2,36.196223
26064.570482,1.802377,-0.027167,-1.734436,-0.168555,0.431432,0.001050,0.001954,0.085457,0.026659,0.071932,1.960528,1.369079,1.954942,1.292569,2,36.231393
26064.590486,1.800654,-0.031329,-2.055935,-0.185663,0.438008,0.000365,0.000871,0.037422,0.030294,0.067306,1.944255,1.333292,1.938475,1.259709,2,36.271430
26064.632649,1.797753,-0.034056,-2.384402,-0.200411,0.444337,0.003562,-0.002328,0.224778,0.030785,0.066430,1.928578,1.297770,1.917812,1.225349,2,36.311746
26064.638856,1.794279,-0.034579,-2.658520,-0.214478,0.450603,-0.002574,0.003864,-0.149046,0.031598,0.046620,1.898181,1.248951,1.894462,1.192755,2,36.359941
26064.650499,1.790330,-0.031435,-2.900548,-0.223944,0.451963,0.000752,0.001700,0.041915,0.032009,0.071645,1.888032,1.228744,1.861727,1.154814,2,36.402641
26064.670486,1.788189,-0.030791,-2.980838,-0.230738,0.457913,0.000463,0.000291,0.010300,0.032089,0.069468,1.863372,1.197135,1.832906,1.126940,2,36.436590
26064.690487,1.783573,-0.031857,-3.157863,-0.232032,0.463167,-0.000160,0.000040,0.002384,0.029851,0.067809,1.840189,1.168475,1.804602,1.103493,2,36.474753
26064.733708,1.778870,-0.030785,-3.283217,-0.230900,0.469013,0.004579,-0.002063,0.041529,0.028207,0.061246,1.810335,1.139401,1.774651,1.082188,2,36.514443
26064.739319,1.774916,-0.028751,-3.357431,-0.227712,0.474711,-0.004358,0.001670,-0.038745,0.022080,0.041250,1.765854,1.100712,1.740291,1.061525,2,36.564011
26064.750501,1.769645,-0.026308,-3.405426,-0.221945,0.477278,-0.000616,-0.000583,-0.016625,0.021863,0.067348,1.748663,1.086095,1.695195,1.039675,2,36.606237
26064.770482,1.767596,-0.025255,-3.407244,-0.215067,0.484382,-0.000115,-0.000288,-0.013366,0.017579,0.068036,1.716704,1.063654,1.657684,1.025515,2,36.638435
26064.790490,1.765901,-0.022612,-3.357912,-0.204989,0.490509,-0.000312,-0.000454,-0.019969,0.011094,0.062088,1.682947,1.042382,1.625639,1.016043,2,36.675869
26064.834527,1.765110,-0.020550,-3.276827,-0.193836,0.496591,-0.000747,0.000605,-0.125437,0.004640,0.058873,1.646832,1.023253,1.589748,1.008121,2,36.714411
26064.839934,1.765523,-0.018919,-3.169574,-0.181158,0.502218,0.000583,-0.001924,0.068958,-0.007726,0.042405,1.593013,0.999069,1.550048,1.002511,2,36.760788
26064.850498,1.766704,-0.019575,-3.048004,-0.165179,0.502936,-0.000487,-0.002242,-0.052605,-0.008457,0.068174,1.571571,0.992010,1.503342,1.000011,2,36.801038
26064.870484,1.768069,-0.018469,-2.974932,-0.148608,0.510380,-0.000498,-0.000993,-0.044406,-0.020783,0.068899,1.532233,0.979217,1.463333,1.000000,2,36.834083
26064.890492,1.772429,-0.013067,-2.724879,-0.135383,0.516581,-0.000298,-0.000800,-0.036842,-0.030878,0.065654,1.495654,0.969122,1.430000,1.000000,2,36.872522
26064.934145,1.777693,-0.010857,-2.478620,-0.123423,0.522685,-0.007850,0.002285,-0.191556,-0.040792,0.060893,1.454226,0.959208,1.393333,1.000000,2,36.912731
26064.939841,1.783180,-0.010254,-2.253713,-0.118284,0.529151,0.006205,-0.003040,0.127251,-0.052398,0.039191,1.392525,0.947602,1.353333,1.000000,2,36.963395
26064.950488,1.791350,-0.012936,-2.059620,-0.119437,0.530738,0.000349,-0.000160,0.002230,-0.055083,0.068351,1.368351,0.944917,1.300000,1.000000,2,37.007839
26064.970492,1.795230,-0.013643,-2.004530,-0.120560,0.537656,-0.000232,0.000058,0.003293,-0.061406,0.068831,1.325498,0.938594,1.256667,1.000000,2,37.043510
26064.990490,1.801841,-0.015131,-1.952074,-0.125630,0.543688,-0.000035,0.000357,0.015799,-0.066690,0.064973,1.284973,0.933310,1.220000,1.000000,2,37.084530
26065.032192,1.808560,-0.016976,-1.952257,-0.132217,0.548935,-0.007096,0.000445,0.069827,-0.069332,0.062124,1.242124,0.930668,1.180000,1.000000,2,37.126297
26065.037705,1.815226,-0.018730,-1.995356,-0.140469,0.553418,0.007599,0.000837,-0.033626,-0.071509,0.040914,1.180914,0.928491,1.140000,1.000000,2,37.176833
26065.050486,1.824505,-0.019069,-2.063229,-0.153499,0.553044,0.000496,0.001608,0.047809,-0.070465,0.069543,1.156209,0.929535,1.086667,1.000000,2,37.220667
26065.070480,1.828191,-0.020679,-2.126843,-0.163419,0.556907,0.000248,0.000473,0.021358,-0.068555,0.069560,1.112893,0.931445,1.043333,1.000000,2,37.255193
26065.090484,1.832995,-0.024152,-2.303262,-0.173951,0.560432,0.000381,0.000663,0.027616,-0.065851,0.058358,1.068358,0.934149,1.010000,1.000000,2,37.295905
26065.133427,1.837519,-0.025135,-2.467032,-0.186376,0.563853,-0.003612,-0.001814,0.160213,-0.059842,0.056612,1.022851,0.937768,0.969939,1.000904,2,37.337638
26065.139566,1.841396,-0.025581,-2.630656,-0.200754,0.567290,0.004569,0.003334,-0.093447,-0.055040,0.039860,0.958103,0.945110,0.926738,1.005396,2,37.387133
26065.150488,1.846633,-0.023205,-2.794588,-0.219041,0.566198,0.001717,0.003057,0.069743,-0.048322,0.069565,0.933217,0.951332,0.877598,1.015214,2,37.428969
26065.170486,1.848520,-0.022450,-2.849919,-0.233907,0.569804,0.000840,0.000520,0.020214,-0.045307,0.068930,0.889839,0.961506,0.839148,1.026580,2,37.461918
26065.190485,1.848549,-0.026124,-3.075417,-0.243694,0.573274,0.000579,0.000415,0.015083,-0.042082,0.062137,0.849085,0.975654,0.807887,1.038381,2,37.501351
26065.233540,1.848003,-0.026117,-3.270657,-0.249739,0.577386,0.002136,-0.003583,0.124508,-0.039531,0.058002,0.805044,0.993591,0.771517,1.055258,2,37.542843
26065.239829,1.847321,-0.024169,-3.425947,-0.253783,0.581476,-0.000581,0.003918,-0.093725,-0.044494,0.032995,0.741225,1.019793,0.736617,1.074995,2,37.594868
26065.250500,1.846269,-0.019577,-3.563126,-0.256199,0.579794,0.000339,0.000425,0.000985,-0.040744,0.067025,0.720596,1.032207,0.692755,1.105538,2,37.637696
26065.270489,1.845510,-0.017888,-3.604642,-0.254097,0.584114,0.000169,-0.000032,-0.003468,-0.036233,0.070620,0.686757,1.059079,0.659680,1.133691,2,37.670488
26065.290485,1.843959,-0.015318,-3.656326,-0.247511,0.587021,0.000104,-0.000169,-0.009828,-0.036311,0.061328,0.651579,1.087697,0.635974,1.157239,2,37.711153
26065.333857,1.843009,-0.012442,-3.670737,-0.238842,0.589735,0.000543,-0.001379,-0.050339,-0.033950,0.057083,0.618853,1.121730,0.609680,1.187509,2,37.753998
26065.340043,1.842701,-0.009650,-3.647903,-0.229940,0.592076,-0.000220,0.000519,0.023478,-0.038675,0.040449,0.574302,1.167452,0.584033,1.222562,2,37.805370
26065.350487,1.842691,-0.007954,-3.601315,-0.216486,0.588377,-0.000480,-0.001205,-0.028898,-0.034674,0.069272,0.560201,1.188149,0.558352,1.265592,2,37.846816
26065.370489,1.843054,-0.007022,-3.566426,-0.202378,0.592097,-0.000160,-0.000502,-0.025528,-0.037725,0.070464,0.532452,1.225205,0.539675,1.304805,2,37.880028
26065.390488,1.845860,-0.003344,-3.421568,-0.190148,0.594631,-0.000117,-0.000574,-0.027787,-0.039270,0.066314,0.512321,1.260462,0.527665,1.335988,2,37.919267
26065.433973,1.849604,-0.001855,-3.261421,-0.174138,0.596297,-0.006179,0.002561,-0.198171,-0.042945,0.060128,0.490897,1.301964,0.516893,1.371129,2,37.959309
26065.439999,1.854300,-0.001156,-3.081287,-0.161347,0.596810,0.005292,-0.003978,0.116689,-0.036917,0.041444,0.479242,1.362855,0.508121,1.410252,2,38.009371
26065.450503,1.861494,-0.004081,-2.884753,-0.140146,0.590630,-0.000362,-0.003151,-0.069708,-0.036578,0.070009,0.470757,1.387223,0.501608,1.459938,2,38.052132
26065.470486,1.865145,-0.003869,-2.790212,-0.123104,0.591798,-0.000242,-0.000842,-0.042979,-0.042181,0.072585,0.457819,1.430749,0.500000,1.503333,2,38.086826
26065.490485,1.873484,0.001543,-2.473038,-0.110196,0.590068,-0.000163,-0.000691,-0.035170,-0.041192,0.062785,0.458808,1.477215,0.500000,1.540000,2,38.130966
26065.530819,1.882083,0.002379,-2.185241,-0.094123,0.587565,-0.009368,0.003031,-0.219220,-0.048332,0.060575,0.451668,1.522758,0.500000,1.583333,2,38.177741
26065.536700,1.891121,0.002311,-1.916515,-0.080724,0.585817,0.008117,-0.004591,0.111729,-0.050530,0.051308,0.449470,1.578692,0.500000,1.630000,2,38.228454
26065.550481,1.902125,-0.001103,-1.700440,-0.064358,0.581344,0.000847,-0.002372,-0.060693,-0.051927,0.062137,0.448073,1.617863,0.500000,1.680000,2,38.277201
26065.570486,1.909888,0.000657,-1.526916,-0.050434,0.581362,-0.000128,-0.000899,-0.045650,-0.055112,0.064704,0.444888,1.665296,0.500000,1.730000,2,38.322385
26065.590483,1.919944,0.004414,-1.229111,-0.041434,0.580401,0.000119,-0.000530,-0.027623,-0.056737,0.059992,0.443263,1.713341,0.500000,1.773333,2,38.370418
26065.632413,1.930141,0.004852,-0.979841,-0.034301,0.578772,-0.010516,0.002487,-0.135590,-0.057008,0.063698,0.442992,1.759635,0.500000,1.823333,2,38.417856
26065.638239,1.940338,0.003979,-0.789822,-0.026812,0.577370,0.011179,-0.003491,0.079690,-0.047506,0.040919,0.452494,1.829081,0.500000,1.870000,2,38.474980
26065.650499,1.954414,0.000972,-0.646066,-0.015581,0.571169,0.000134,-0.001597,-0.049832,-0.052606,0.069137,0.447394,1.857530,0.500000,1.926667,2,38.525801
26065.670486,1.960386,0.002222,-0.564483,-0.011065,0.572892,0.000197,-0.000282,-0.014872,-0.057152,0.070363,0.442848,1.906304,0.500000,1.976667,2,38.566942
26065.690487,1.970087,0.004530,-0.387501,-0.014261,0.573720,0.000332,0.000199,0.010094,-0.056805,0.062985,0.443195,1.957015,0.500000,2.020000,2,38.615878
26065.732518,1.979803,0.002846,-0.295938,-0.020924,0.574174,-0.009621,0.002679,0.072207,-0.052682,0.060361,0.447318,2.006306,0.500000,2.066667,2,38.665850
26065.738354,1.989391,0.000878,-0.266224,-0.028442,0.573964,0.010681,0.001000,0.051343,-0.046624,0.040038,0.453376,2.076629,0.500000,2.116667,2,38.724940
26065.750482,2.002676,-0.000302,-0.249454,-0.040587,0.569794,0.000432,0.001920,0.059126,-0.051630,0.070676,0.448370,2.105991,0.500000,2.176667,2,38.776564
26065.770490,2.008050,-0.004195,-0.331031,-0.054772,0.570267,0.000548,0.000763,0.041185,-0.049851,0.074191,0.450149,2.155809,0.500000,2.230000,2,38.817871
26065.790486,2.016305,-0.010672,-0.583560,-0.068253,0.567727,0.000715,0.000770,0.039932,-0.049887,0.062821,0.450113,2.207179,0.500000,2.270000,2,38.867440
26065.831560,2.024115,-0.013056,-0.834981,-0.085628,0.565311,-0.005859,-0.002572,0.229193,-0.048704,0.061271,0.451296,2.258729,0.500000,2.320000,2,38.919202
26065.838322,2.031061,-0.014524,-1.093627,-0.107475,0.563335,0.007614,0.005931,-0.104711,-0.040953,0.041464,0.459047,2.328536,0.500000,2.370000,2,38.978247
26065.850503,2.040220,-0.011011,-1.336297,-0.139726,0.557246,0.001586,0.003604,0.109058,-0.047509,0.070131,0.452491,2.359869,0.500000,2.430000,2,39.029162
26065.870489,2.042839,-0.014347,-1.513919,-0.171191,0.555443,0.001415,0.001299,0.061550,-0.044168,0.069191,0.455832,2.410809,0.500000,2.480000,2,39.070843
26065.890489,2.043572,-0.021987,-1.985265,-0.196250,0.551396,0.001430,0.000991,0.044639,-0.036552,0.061555,0.461156,2.463608,0.500547,2.523386,2,39.119106
26065.930521,2.042509,-0.022761,-2.419099,-0.218875,0.548050,0.005670,-0.006392,0.290319,-0.040115,0.061783,0.456553,2.514391,0.504918,2.569954,2,39.166075
26065.935960,2.039467,-0.019790,-2.785697,-0.238726,0.547325,-0.003036,0.007319,-0.200587,-0.027618,0.049662,0.475242,2.574004,0.513621,2.615910,2,39.218089
26065.950567,2.034694,-0.011938,-3.088748,-0.254619,0.543755,0.002857,0.000733,0.064435,-0.033258,0.071964,0.473368,2.610463,0.528772,2.667166,2,39.263558
26065.970487,2.031484,-0.008601,-3.213106,-0.271989,0.543778,0.000231,0.002288,-0.001501,-0.041448,0.062253,0.482653,2.671445,0.546455,2.710467,2,39.306015
26065.990487,2.021701,-0.002889,-3.447515,-0.285045,0.542427,0.001813,0.000788,0.027353,-0.037209,0.054246,0.505685,2.717229,0.564776,2.746131,2,39.355623
26066.034155,2.011966,0.002075,-3.591960,-0.292246,0.540301,0.015745,-0.004960,0.099345,-0.050855,0.064030,0.513120,2.765498,0.591599,2.788459,2,39.398517
26066.039687,2.000203,0.006398,-3.717555,-0.294638,0.541479,-0.013655,0.004811,-0.081433,-0.044632,0.034272,0.561964,2.825457,0.618174,2.822814,2,39.452741
26066.050490,1.983014,0.012383,-3.827291,-0.292549,0.535866,-0.000577,0.000195,-0.003060,-0.051412,0.070057,0.568638,2.850556,0.654814,2.861727,2,39.498211
26165.985218,0.400000,0.020000,0.000000,-0.002334,0.510000,-0.033904,0.020340,0.008489,-0.004468,0.025189,1.488145,3.004468,1.513333,3.000000,0,0.527911
26166.030827,0.400000,0.020000,0.000000,-0.004305,0.520000,-0.072708,0.028522,0.899601,-0.010017,0.031475,1.495191,3.010017,1.526667,3.000000,0,0.532328
26166.063350,0.375188,0.027780,0.879474,-0.016438,0.530000,-0.167364,0.001818,0.042925,-0.005365,0.034145,1.495855,3.005365,1.530000,3.000000,0,0.534535
26166.068352,0.242662,-0.000439,-0.011824,-0.022393,0.540000,0.010917,0.000037,-0.003125,-0.007280,0.031495,1.501838,3.007280,1.533333,3.000000,0,0.534820
26166.076372,0.259293,-0.001731,-0.046030,-0.026824,0.550000,-0.031542,0.000828,0.021829,-0.004842,0.033294,1.500039,3.004842,1.533333,3.000000,0,0.535105
26166.096377,0.237151,-0.001926,-0.049644,-0.030026,0.560000,-0.003467,0.000802,0.021017,-0.005151,0.028266,1.505068,3.005151,1.533333,3.000000,0,0.536830
26166.116393,0.257828,-0.002373,-0.063284,-0.032828,0.570000,-0.008467,0.001218,0.032071,-0.005466,0.027488,1.509178,3.005466,1.536667,3.000000,0,0.540826
26166.148710,0.274038,-0.002519,-0.067346,-0.035311,0.580000,-0.023725,0.001779,0.047390,-0.005539,0.025961,1.514039,3.005539,1.540000,3.000000,0,0.546126
26166.156388,0.290987,-0.002688,-0.072167,-0.037513,0.590000,0.022533,0.001292,0.030797,-0.005271,0.021838,1.521495,3.005271,1.543333,3.000000,0,0.553417
26166.176377,0.323367,-0.002915,-0.078194,-0.038885,0.600000,-0.002703,0.002188,0.057451,-0.005552,0.024209,1.529125,3.005552,1.553333,3.000000,0,0.562614
26166.196380,0.346793,-0.003173,-0.085818,-0.040321,0.610000,-0.000598,0.002484,0.065224,-0.006118,0.023178,1.536822,3.006118,1.560000,3.000000,0,0.572322
26166.216380,0.372824,-0.003406,-0.092510,-0.041428,0.620000,0.002803,0.000659,0.023500,-0.007535,0.023701,1.546299,3.007535,1.570000,3.000000,0,0.582555
26166.249749,0.402717,-0.005757,-0.148699,-0.042557,0.630000,-0.010678,0.000389,0.011791,-0.007782,0.022833,1.557167,3.007782,1.580000,3.000000,0,0.594906
26166.256380,0.438086,-0.007045,-0.191527,-0.043095,0.640000,0.015213,-0.000054,-0.003312,-0.008198,0.026482,1.566851,3.008198,1.593333,3.000000,0,0.607131
26166.276381,0.462624,-0.007444,-0.204329,-0.043595,0.650000,-0.003319,0.000396,0.010496,-0.008963,0.029663,1.577003,3.008963,1.606667,3.000000,0,0.618697
26166.296378,0.487869,-0.007823,-0.216071,-0.044042,0.660000,0.004926,0.000371,0.009194,-0.009680,0.027134,1.589532,3.009680,1.616667,3.000000,0,0.631864
26166.316377,0.521814,-0.008292,-0.230857,-0.043916,0.670000,0.008491,0.000329,0.007731,-0.010163,0.025019,1.604981,3.010163,1.630000,3.000000,0,0.647802
26166.349602,0.559737,-0.008780,-0.246752,-0.043197,0.680000,-0.018812,0.000578,0.017305,-0.011040,0.027268,1.619399,3.011040,1.646667,3.000000,0,0.665070
26166.356370,0.590375,-0.009161,-0.259562,-0.042504,0.690000,0.018530,-0.000093,-0.004951,-0.010998,0.029295,1.634039,3.010998,1.663333,3.000000,0,0.681741
26166.376378,0.619157,-0.009490,-0.271089,-0.041432,0.700000,0.004403,-0.000096,-0.003412,-0.010958,0.029716,1.650284,3.010958,1.680000,3.000000,0,0.699405
26166.396377,0.654244,-0.009917,-0.286213,-0.039830,0.710000,0.005596,-0.000403,-0.011393,-0.010850,0.029029,1.667638,3.010850,1.696667,3.000000,0,0.718121
26166.416375,0.690901,-0.010268,-0.299657,-0.037710,0.720000,0.003500,-0.000830,-0.022453,-0.011715,0.031543,1.685124,3.011715,1.716667,3.000000,0,0.737404
26166.449807,0.725834,-0.010589,-0.312632,-0.035542,0.729614,-0.022822,-0.001235,-0.032441,-0.012207,0.034910,1.701757,3.012207,1.736667,3.000000,0,0.756692
26166.456380,0.755988,-0.010839,-0.323464,-0.033477,0.739614,0.024779,-0.001296,-0.033870,-0.013088,0.034964,1.721702,3.013088,1.756667,3.000000,0,0.777554
26166.476376,0.791386,-0.011226,-0.339370,-0.031377,0.748553,0.005751,-0.000341,-0.013405,-0.013145,0.034547,1.742120,3.013145,1.776667,3.000000,0,0.800100
26166.496379,0.829608,-0.009463,-0.302462,-0.028901,0.755974,0.005384,-0.000208,-0.007991,-0.014139,0.036872,1.763128,3.014139,1.800000,3.000000,0,0.822804
26166.516379,0.867585,-0.008672,-0.279221,-0.026532,0.762327,0.004946,-0.000585,-0.016415,-0.013729,0.035047,1.784953,3.013729,1.820000,3.000000,0,0.846565
26166.550201,0.905185,-0.008487,-0.273207,-0.023723,0.767763,-0.018552,-0.001344,-0.038169,-0.013620,0.036133,1.807200,3.013620,1.843333,3.000000,0,0.871092
26166.556368,0.941718,-0.008523,-0.276866,-0.020700,0.772862,0.027684,-0.001188,-0.030496,-0.012642,0.038936,1.831064,3.012642,1.870000,3.000000,0,0.896352
26166.576377,0.979521,-0.008704,-0.286924,-0.016937,0.776682,0.003523,-0.000511,-0.019859,-0.012770,0.038345,1.854988,3.012770,1.893333,3.000000,0,0.922414
26166.596379,1.015670,-0.006269,-0.233266,-0.014048,0.780806,0.005820,-0.000712,-0.020113,-0.011644,0.039543,1.880457,3.011644,1.920000,3.000000,0,0.949109
26166.616386,1.054001,-0.005368,-0.198284,-0.010669,0.783606,0.004181,-0.001588,-0.043548,-0.011231,0.040712,1.905955,3.011231,1.946667,3.000000,0,0.976814
26166.649323,1.090515,-0.005234,-0.189686,-0.007234,0.786560,-0.016006,-0.002744,-0.084500,-0.010004,0.044926,1.931740,3.010004,1.976667,3.000000,0,1.005147
26166.656389,1.127295,-0.005131,-0.187557,-0.002450,0.789310,0.026055,-0.002198,-0.051426,-0.009769,0.043002,1.960331,3.009769,2.003333,3.000000,0,1.034680
26166.676380,1.164681,-0.005266,-0.194284,0.002115,0.790565,0.003846,-0.004765,-0.130330,-0.008903,0.044596,1.988738,3.008903,2.033333,3.000000,0,1.065399
26166.696378,1.200167,-0.004989,-0.191329,0.006299,0.791992,0.003373,-0.005848,-0.160813,-0.007967,0.045950,2.017384,3.007967,2.063333,3.000000,0,1.096367
26166.716378,1.234890,-0.004872,-0.191431,0.010448,0.793471,0.002909,-0.007188,-0.198624,-0.007213,0.046681,2.046653,3.007213,2.093333,3.000000,0,1.127254
26166.749839,1.268843,-0.005037,-0.199928,0.014326,0.795188,-0.018094,-0.009035,-0.294392,-0.005487,0.050177,2.076489,3.005487,2.126667,3.000000,0,1.158901
26166.756382,1.302043,-0.004674,-0.195848,0.017896,0.797217,0.022863,-0.005069,-0.115326,-0.004497,0.049140,2.107527,3.004497,2.156667,3.000000,0,1.191465
26166.776378,1.334888,-0.005077,-0.210543,0.020652,0.799176,0.003601,-0.001548,-0.059630,-0.002921,0.050108,2.139892,3.002921,2.190000,3.000000,0,1.224813
26166.796381,1.368640,0.003497,0.004383,0.020324,0.800520,0.004146,-0.000611,-0.017415,-0.001827,0.050258,2.173075,3.001827,2.223333,3.000000,0,1.259579
26166.816376,1.402766,0.005722,0.145572,0.019171,0.801256,0.003821,-0.000329,-0.008900,-0.000544,0.049897,2.206770,3.000544,2.256667,3.000000,0,1.295737
26166.849581,1.436288,0.005708,0.207510,0.017871,0.801542,-0.016106,0.000175,-0.008654,-0.000486,0.052650,2.240683,3.000486,2.293333,3.000000,0,1.332416
26166.856375,1.468763,0.005381,0.234237,0.017005,0.801552,0.023240,-0.000045,0.010655,0.000499,0.053499,2.276501,2.999501,2.330000,3.000000,0,1.369103
26166.876378,1.501896,0.005110,0.247300,0.015893,0.800151,0.003852,0.000296,0.009846,0.002916,0.054538,2.312128,2.997084,2.366667,3.000000,0,1.406629
26166.896382,1.534298,0.004664,0.248488,0.014961,0.798857,0.004244,0.000163,0.007895,0.002833,0.053976,2.349358,2.997167,2.403333,3.000000,0,1.444884
26166.916395,1.566634,0.004069,0.241202,0.013388,0.796292,0.003327,0.000405,0.012561,0.006807,0.057684,2.385649,2.993193,2.443333,3.000000,0,1.483003
26166.964704,1.597528,0.003676,0.231345,0.012993,0.794704,-0.026015,0.000252,0.016408,0.008074,0.046361,2.433639,2.991926,2.480000,3.000000,0,1.526463
26166.970690,1.636320,0.003137,0.219392,0.010734,0.786687,0.039074,0.000082,-0.002683,0.008069,0.029794,2.493540,2.991931,2.523333,3.000000,0,1.581312
26166.976459,1.683252,0.002783,0.205875,0.006393,0.779320,-0.000471,0.000809,0.017979,0.005109,0.076820,2.503180,2.994891,2.580000,3.000000,0,1.620242
26166.996378,1.690062,0.002716,0.204513,0.002405,0.783443,0.003130,0.000468,0.022248,0.007377,0.077972,2.542028,2.992623,2.620000,3.000000,0,1.647731
26167.016379,1.718363,0.000292,0.140991,-0.000525,0.786412,-0.000129,0.000752,0.022324,0.006737,0.069983,2.576683,2.993263,2.646667,3.000000,0,1.684757
26167.049792,1.743301,-0.000506,0.084199,-0.002850,0.788355,-0.021541,0.001340,0.068278,0.002723,0.081080,2.602253,2.997277,2.683333,3.000000,0,1.717190
26167.056383,1.763081,-0.000237,0.058002,-0.008370,0.790355,0.025236,0.001711,0.027899,0.001829,0.061556,2.655111,2.998171,2.716667,3.000000,0,1.756870
26167.076385,1.796480,0.000019,0.046779,-0.012381,0.783981,0.007339,0.001257,0.045930,0.000572,0.051421,2.705246,2.999428,2.756667,3.000000,0,1.808215
26167.096368,1.827638,-0.002529,-0.032487,-0.014316,0.775113,0.006321,0.001502,0.045563,-0.001146,0.053473,2.753193,3.001146,2.806667,3.000000,0,1.859360
26167.116367,1.856820,-0.002850,-0.091788,-0.016415,0.767871,0.005815,0.002123,0.064696,-0.002310,0.056535,2.800132,3.002310,2.856667,3.000000,0,1.908775
26167.151526,1.884685,-0.002255,-0.119993,-0.018799,0.762875,-0.010459,0.002451,0.125328,-0.003311,0.059922,2.846745,3.003311,2.906667,3.000000,0,1.957526
26167.157124,1.911574,-0.001783,-0.136026,-0.019886,0.758669,0.026840,0.001879,0.028396,-0.001593,0.050598,2.906068,3.001593,2.956667,3.000000,0,2.011888
26167.176397,1.944235,-0.001185,-0.140616,-0.017163,0.750376,-0.000915,-0.000395,-0.001805,-0.006479,0.068603,2.941397,3.006479,3.010000,3.000000,0,2.061931
26167.196381,1.962408,-0.003657,-0.214514,-0.016351,0.747349,0.003603,-0.000268,-0.014126,-0.007363,0.071071,2.988929,3.007363,3.060000,3.000000,0,2.105516
26167.216377,1.985398,-0.003248,-0.264639,-0.013512,0.743120,0.003241,-0.000708,-0.023227,-0.008449,0.066579,3.036755,3.008449,3.103333,3.000000,0,2.153598
26167.250997,2.007493,-0.002075,-0.275930,-0.010286,0.738105,-0.009694,-0.001758,-0.068506,-0.010711,0.068071,3.085262,3.010711,3.153333,3.000000,0,2.203047
26167.256813,2.029232,-0.001321,-0.278147,-0.006961,0.732107,0.021572,-0.000932,-0.030138,-0.009889,0.052317,3.147683,3.009889,3.200000,3.000000,0,2.258647
26167.276380,2.055956,-0.000940,-0.282810,-0.001910,0.722443,-0.000531,-0.001502,-0.055113,-0.014985,0.070888,3.185779,3.014985,3.256667,3.000000,0,2.310867
26167.296371,2.071732,0.001553,-0.221212,0.000273,0.717837,0.002195,-0.000560,-0.029156,-0.021735,0.077735,3.232265,3.021735,3.310000,3.000000,0,2.355242
26167.316373,2.090081,0.003216,-0.139122,-0.000202,0.712666,0.003628,0.000143,0.003641,-0.022950,0.069006,3.284327,3.022950,3.353333,3.000000,0,2.404637
26167.351436,2.109304,0.003299,-0.064973,-0.001424,0.706664,-0.006894,0.001160,0.004949,-0.023343,0.065623,3.337711,3.023343,3.403333,3.000000,0,2.458025
26167.357305,2.128494,0.002261,-0.026697,-0.002281,0.699542,0.018597,-0.000436,0.021508,-0.018621,0.053134,3.403533,3.018621,3.456667,3.000000,0,2.517833
26167.376384,2.151301,0.001191,-0.005424,-0.005073,0.690240,-0.000223,0.000822,0.025514,-0.024237,0.074493,3.442174,3.024237,3.516667,3.000000,0,2.572349
26167.396375,2.163846,0.000084,-0.016687,-0.013161,0.685405,0.004063,0.002620,0.085842,-0.024783,0.073517,3.496483,3.024783,3.570000,3.000000,0,2.620531
26167.416374,2.180754,-0.000483,-0.034015,-0.022973,0.677805,0.004201,0.004989,0.163952,-0.025162,0.069929,3.550071,3.025162,3.620000,3.000000,0,2.674286
26167.450585,2.196968,-0.000553,-0.048720,-0.039807,0.669438,-0.002362,0.008277,0.436970,-0.026162,0.067931,3.605402,3.026162,3.673333,3.000000,0,2.729703
26167.456372,2.213189,-0.000595,-0.065454,-0.065170,0.659491,0.012905,0.008177,0.175284,-0.026367,0.067793,3.658874,3.026367,3.726667,3.000000,0,2.784849
26167.476348,2.228620,0.000258,-0.055781,-0.102477,0.649491,0.005231,0.003515,0.213944,-0.027542,0.068652,3.714681,3.027542,3.783333,3.000000,0,2.840170
26167.496386,2.239622,-0.019300,-0.597893,-0.129053,0.639491,0.005277,0.004746,0.152598,-0.026720,0.068905,3.771095,3.026720,3.840000,3.000000,0,2.896543
26167.516372,2.248762,-0.022460,-1.185928,-0.152733,0.629491,0.007324,0.008997,0.288685,-0.025928,0.066337,3.826996,3.025928,3.893333,3.000000,0,2.952684
26167.550741,2.257790,-0.013844,-1.532607,-0.187919,0.620013,0.012084,0.007618,0.752598,-0.024625,0.069105,3.880895,3.024625,3.950000,3.000000,0,3.007323
26167.556402,2.266331,-0.003941,-1.722180,-0.227919,0.610013,0.009972,0.013763,0.121538,-0.018770,0.075948,3.930994,3.019738,4.006684,2.999955,0,3.059181
26167.576381,2.274212,0.004897,-1.796466,-0.267919,0.600013,0.008626,0.002999,0.152347,-0.007083,0.068865,3.989076,3.011622,4.056694,2.996775,0,3.113031
26167.596348,2.271381,-0.005564,-2.281246,-0.286140,0.590013,0.004268,0.000824,0.015672,0.001259,0.067464,4.043293,3.001418,4.109398,2.987885,0,3.168984
26167.616355,2.262541,-0.005184,-2.812019,-0.294809,0.580013,0.007066,0.001457,0.028018,0.002349,0.060934,4.105679,2.990104,4.164012,2.972335,0,3.226392
26167.651461,2.255173,0.005449,-3.183726,-0.299921,0.570013,0.015854,-0.009582,0.148645,0.003835,0.063136,4.157941,2.974574,4.216512,2.950691,0,3.283954
26167.657105,2.242283,0.018531,-3.437462,-0.300000,0.560013,-0.015630,0.011821,-0.140279,0.002221,0.053116,4.223076,2.948155,4.269041,2.921446,0,3.344491
26167.676354,2.221796,0.034039,-3.634219,-0.295540,0.550247,0.001851,-0.002110,0.004262,0.002927,0.077688,4.255830,2.933207,4.317681,2.886107,0,3.396572
26167.696354,2.205798,0.043249,-3.707670,-0.288336,0.549352,-0.002632,-0.000723,-0.013611,0.000868,0.075486,4.300919,2.905313,4.354733,2.852370,0,3.440090
26167.716382,2.184713,0.052480,-3.757439,-0.275652,0.547089,-0.002993,-0.001019,-0.023570,-0.008513,0.070299,4.348016,2.877375,4.386107,2.817681,0,3.489071
26167.751389,2.163849,0.058958,-3.773457,-0.260540,0.547377,0.007666,-0.002377,-0.062708,-0.009188,0.070513,4.382195,2.843760,4.414103,2.780212,0,3.536568
26167.757865,2.142427,0.062827,-3.755101,-0.239938,0.547442,-0.020376,-0.001080,0.022882,-0.013315,0.058052,4.422253,2.797598,4.438475,2.740291,0,3.587813
26167.776387,2.117315,0.063283,-3.704076,-0.209704,0.542139,-0.000719,-0.001022,-0.054193,-0.022781,0.078260,4.452582,2.773119,4.461619,2.692113,0,3.633352
26167.796374,2.105837,0.064004,-3.612639,-0.184918,0.545773,-0.001975,-0.001110,-0.044486,-0.025794,0.077778,4.479144,2.730066,4.477551,2.648138,0,3.673163
26167.816372,2.095081,0.063456,-3.431432,-0.161264,0.548285,-0.003512,-0.003456,-0.100649,-0.028472,0.073023,4.498431,2.690217,4.487143,2.612656,0,3.716121
26167.851104,2.085601,0.057940,-3.242297,-0.135670,0.551403,-0.002467,0.000497,-0.437135,-0.022476,0.072561,4.507185,2.644946,4.495082,2.569954,0,3.759259
26167.857193,2.078669,0.048799,-3.093219,-0.109421,0.554164,-0.006312,-0.015465,-0.064681,-0.029352,0.056865,4.525556,2.585077,4.499285,2.526724,0,3.810814
26167.876383,2.072486,0.036573,-2.985126,-0.085393,0.551664,-0.002059,-0.005570,-0.261900,-0.033561,0.081726,4.533561,2.555059,4.500000,2.473333,0,3.856655
26167.896386,2.072885,0.041397,-2.624040,-0.066638,0.554351,-0.001763,-0.009370,-0.301341,-0.042597,0.076890,4.542597,2.506890,4.500000,2.430000,0,3.896588
26167.916372,2.074788,0.036039,-2.261583,-0.057035,0.553697,-0.002557,-0.011631,-0.370543,-0.051122,0.071774,4.551122,2.461774,4.500000,2.390000,0,3.942218
26167.951307,2.076715,0.025536,-2.032684,-0.048569,0.553992,-0.006891,-0.007821,-0.700742,-0.054353,0.072236,4.554353,2.415569,4.500000,2.343333,0,3.988552
26167.957413,2.079015,0.016091,-1.903271,-0.038590,0.554797,0.001214,-0.014507,-0.167184,-0.064915,0.058891,4.564915,2.355558,4.500000,2.296667,0,4.041316
26167.976388,2.082088,0.007727,-1.860468,-0.032581,0.550503,-0.001380,-0.002916,-0.161143,-0.059874,0.077934,4.559874,2.321267,4.500000,2.243333,0,4.089628
26167.996377,2.086347,0.020084,-1.439947,-0.030606,0.549235,-0.000165,-0.002009,-0.064023,-0.060374,0.078486,4.560374,2.275153,4.500000,2.196667,0,4.131371
26168.016377,2.091847,0.019654,-1.053452,-0.034516,0.546754,0.000193,-0.000999,-0.032063,-0.062383,0.074708,4.562383,2.228041,4.500000,2.153333,0,4.177523
26168.051796,2.097513,0.013242,-0.843698,-0.040310,0.544446,-0.003453,0.003436,-0.016026,-0.061611,0.075197,4.561611,2.181864,4.500000,2.106667,0,4.224460
26168.057665,2.103349,0.007484,-0.743574,-0.044083,0.543222,0.006021,-0.002168,0.046380,-0.070014,0.061923,4.570014,2.121923,4.500000,2.060000,0,4.276930
26168.076386,2.110848,0.003332,-0.695489,-0.049843,0.539326,-0.000197,0.001731,0.051766,-0.064338,0.079674,4.564338,2.086341,4.500000,2.006667,0,4.325704
26168.096383,2.114944,0.000602,-0.718267,-0.049345,0.538982,0.000704,0.001267,0.040367,-0.065103,0.078558,4.565103,2.038558,4.500000,1.960000,0,4.368436
26168.116384,2.120228,-0.000522,-0.747665,-0.046638,0.537716,0.000842,0.000645,0.020168,-0.067584,0.071540,4.567584,1.988207,4.500000,1.916667,0,4.417095
26168.151853,2.125616,-0.000381,-0.764472,-0.043843,0.535400,-0.002641,-0.000315,0.001013,-0.066668,0.073038,4.566668,1.939704,4.500000,1.866667,0,4.466967
26168.157182,2.130764,0.000028,-0.773138,-0.039367,0.533354,0.005035,-0.000220,-0.015729,-0.069821,0.062046,4.569821,1.878713,4.500000,1.816667,0,4.521113
26168.176389,2.136970,0.000466,-0.778369,-0.036201,0.529384,-0.000536,-0.000911,-0.031918,-0.063131,0.079424,4.563131,1.842757,4.500000,1.763333,0,4.570842
26168.196376,2.140375,0.001778,-0.749643,-0.030432,0.529329,0.000333,-0.002142,-0.070148,-0.063224,0.080120,4.563224,1.793453,4.500000,1.713333,0,4.614351
26168.216372,2.144858,0.002162,-0.720736,-0.025325,0.528011,0.000312,-0.003392,-0.111002,-0.061080,0.073828,4.561080,1.743828,4.500000,1.670000,0,4.663062
26168.252299,2.149263,0.001983,-0.703211,-0.020309,0.526110,-0.002646,-0.004128,-0.229853,-0.063002,0.069177,4.563002,1.692510,4.500000,1.623333,0,4.713907
26168.257986,2.153713,0.001776,-0.692262,-0.017704,0.523546,0.004356,-0.003032,-0.062975,-0.069185,0.058949,4.569185,1.628949,4.500000,1.570000,0,4.770116
26168.276374,2.159171,0.001301,-0.695970,-0.018689,0.519273,-0.000288,-0.001532,-0.070250,-0.064890,0.080006,4.564890,1.593339,4.500000,1.513333,0,4.820884
26168.296373,2.162087,0.004904,-0.607176,-0.020271,0.520501,0.000403,0.000404,0.012757,-0.066100,0.078714,4.566100,1.542047,4.500000,1.463333,0,4.865954
26168.316373,2.165941,0.006566,-0.473199,-0.027126,0.520160,0.000449,0.000819,0.039405,-0.070321,0.072028,4.570321,1.492028,4.500000,1.420000,0,4.916042
26168.352712,2.169627,0.003786,-0.429520,-0.038127,0.519379,-0.001715,0.003111,0.148515,-0.069416,0.072193,4.569416,1.442193,4.500000,1.370000,0,4.966413
26168.358299,2.173202,0.001155,-0.453337,-0.051109,0.517884,0.004014,0.002626,0.050726,-0.077065,0.058113,4.577065,1.378113,4.500000,1.320000,0,5.022590
26168.376388,2.177843,0.000615,-0.470744,-0.072423,0.513636,0.000633,0.002641,0.126338,-0.071337,0.077201,4.571337,1.340534,4.500000,1.263333,0,5.073853
26168.396367,2.179405,-0.007418,-0.684190,-0.088466,0.510884,0.001335,0.003445,0.110546,-0.068184,0.080856,4.568184,1.290856,4.500000,1.210000,0,5.117801
26168.416374,2.180968,-0.010380,-0.980758,-0.104779,0.508522,0.002523,0.007088,0.229090,-0.068878,0.072688,4.568878,1.239354,4.500000,1.166667,0,5.166626
26168.451960,2.182739,-0.006768,-1.148925,-0.131668,0.507405,0.006328,0.009069,0.634685,-0.072565,0.067558,4.572565,1.187558,4.500000,1.120000,0,5.217712
26168.457594,2.184391,-0.002928,-1.248823,-0.171668,0.501625,0.004116,0.011458,0.159377,-0.067945,0.061402,4.567945,1.128069,4.500000,1.066667,0,5.271773
26168.476388,2.186431,0.001496,-1.282124,-0.211668,0.491625,0.006045,0.006186,0.251370,-0.065927,0.074910,4.565927,1.088243,4.500000,1.013333,0,5.319100
26168.496377,2.181983,-0.012584,-1.714401,-0.226238,0.483137,0.006260,0.005761,0.174098,-0.053212,0.075808,4.557035,1.038767,4.498888,0.966674,0,5.360523
26168.516373,2.176133,-0.014990,-2.198482,-0.237058,0.479577,0.007408,0.007147,0.218689,-0.044395,0.073556,4.549242,0.989503,4.494128,0.923595,0,5.405613
26168.552848,2.170627,-0.008129,-2.505792,-0.256359,0.479612,0.021317,0.002675,0.520176,-0.037802,0.069598,4.538924,0.939700,4.485655,0.881090,0,5.452356
26168.559279,2.165050,0.000598,-2.685237,-0.276518,0.473371,-0.000946,0.011146,0.035648,-0.028630,0.058584,4.518681,0.882307,4.472451,0.836323,0,5.504429
26168.576383,2.158449,0.009999,-2.783399,-0.290263,0.463371,0.007691,0.004495,0.159700,-0.023634,0.075966,4.506081,0.845581,4.452328,0.786929,0,5.551686
26168.596368,2.149408,0.009809,-2.914096,-0.296877,0.457671,0.001287,0.000172,0.001034,-0.018610,0.074236,4.484273,0.800130,4.430490,0.745680,0,5.594708
26168.616370,2.130425,0.007076,-3.217185,-0.291363,0.458334,0.000261,-0.000042,-0.003817,-0.024848,0.070373,4.467974,0.752172,4.406848,0.709354,0,5.640860
26168.649061,2.111233,0.010348,-3.449074,-0.286564,0.459886,0.011667,-0.004007,0.061467,-0.019199,0.070114,4.438386,0.713118,4.377974,0.672684,0,5.685690
26168.656377,2.091827,0.016111,-3.607965,-0.276531,0.459412,-0.012217,0.003561,-0.061455,-0.015072,0.065203,4.405497,0.675773,4.348208,0.641181,0,5.732995
26168.676376,2.072961,0.022209,-3.705441,-0.269154,0.460968,-0.001331,-0.000459,-0.015419,-0.007979,0.065340,4.369160,0.644989,4.313233,0.610275,0,5.780367
26168.696372,2.053956,0.027464,-3.752680,-0.259853,0.461487,0.000226,-0.000052,-0.006697,-0.010451,0.070630,4.337636,0.610705,4.272739,0.580937,0,5.824838
26168.716356,2.037311,0.031615,-3.748786,-0.257356,0.466308,0.000078,0.000004,-0.002112,-0.006313,0.067106,4.297597,0.584919,4.235423,0.558892,0,5.869419
26168.750014,2.021042,0.033208,-3.724070,-0.258769,0.469546,0.011291,0.001847,-0.013198,-0.015266,0.073093,4.269554,0.554823,4.196337,0.540161,0,5.910696
26168.756386,2.005492,0.032418,-3.694855,-0.263948,0.473169,-0.010598,-0.001842,0.017520,-0.023158,0.079834,4.238852,0.527753,4.155777,0.524886,0,5.946305
26168.776378,1.989753,0.029700,-3.672772,-0.268202,0.476474,0.001033,0.000444,0.010945,-0.025277,0.069481,4.197339,0.508267,4.123763,0.515559,0,5.984545
26168.796372,1.975159,0.025868,-3.662497,-0.277545,0.478940,0.000292,0.000245,0.008194,-0.030464,0.075591,4.164290,0.489986,4.084634,0.507215,0,6.022342
26168.816379,1.959694,0.021109,-3.676803,-0.282671,0.481009,0.000920,0.000339,0.006811,-0.032180,0.070603,4.121663,0.477124,4.048282,0.502337,0,6.058218
26168.850337,1.945136,0.016801,-3.704087,-0.291199,0.483487,0.011171,0.002534,0.038206,-0.035992,0.072351,4.084843,0.465843,4.011672,0.500136,0,6.094241
26168.856367,1.930305,0.012883,-3.742873,-0.297173,0.485604,-0.009932,-0.001963,-0.026965,-0.037250,0.068384,4.041433,0.460003,3.974998,0.500626,0,6.131108
26168.876372,1.915673,0.009704,-3.785980,-0.300000,0.486967,-0.000138,0.000031,0.002094,-0.037542,0.069228,4.002539,0.458025,3.938459,0.503802,0,6.168363
26168.896366,1.900463,0.006817,-3.834059,-0.300000,0.487646,-0.000023,0.000000,-0.000613,-0.037843,0.066620,3.960186,0.459511,3.902250,0.509648,0,6.205691
26168.916373,1.885899,0.004625,-3.877428,-0.299268,0.489233,-0.000175,-0.000032,-0.001571,-0.038851,0.064858,3.918707,0.463382,3.866568,0.518133,0,6.244061
26168.949522,1.871758,0.002869,-3.912550,-0.296112,0.491230,0.007793,0.000841,0.005377,-0.036747,0.063689,3.875685,0.473977,3.828468,0.530344,0,6.282976
26168.956389,1.857929,0.001280,-3.939198,-0.288253,0.490045,-0.009282,-0.001446,-0.019042,-0.038376,0.057551,3.831194,0.485543,3.794501,0.544182,0,6.324437
26168.976452,1.844456,-0.000410,-3.958947,-0.275803,0.486578,-0.002149,-0.000859,-0.026703,-0.029413,0.065790,3.798843,0.505892,3.755799,0.563691,0,6.363546
26168.996339,1.831542,-0.001412,-3.954867,-0.253178,0.482579,-0.001515,-0.002044,-0.058177,-0.025518,0.070825,3.766331,0.523991,3.721695,0.584613,0,6.399635
26169.016365,1.821662,-0.002135,-3.918670,-0.237597,0.485322,-0.003380,-0.003976,-0.112210,-0.026312,0.068311,3.732649,0.541531,3.694628,0.604086,0,6.435030
26169.053412,1.811822,-0.004113,-3.888289,-0.223927,0.489142,0.001442,-0.000618,-0.209982,-0.024495,0.069899,3.702155,0.562657,3.666427,0.627536,0,6.469893
26169.058993,1.804686,-0.003007,-3.783549,-0.212133,0.492683,-0.004363,-0.001652,0.123360,-0.023050,0.056535,3.665363,0.594050,3.642344,0.650597,0,6.510011
26169.076384,1.799516,-0.003180,-3.592041,-0.200865,0.490930,-0.000900,-0.001437,-0.062993,-0.017302,0.074508,3.647307,0.614305,3.613429,0.682884,0,6.547318
26169.096388,1.796803,-0.004221,-3.463348,-0.188599,0.494092,-0.000686,-0.000756,-0.030330,-0.011803,0.078413,3.626728,0.641171,3.591223,0.712075,0,6.578388
26169.116363,1.795421,-0.004766,-3.256778,-0.177455,0.497368,-0.001305,-0.002144,-0.060943,-0.005645,0.072795,3.608156,0.672228,3.574685,0.737118,0,6.612690
26169.154766,1.794574,-0.008033,-3.092286,-0.167323,0.500950,-0.003748,-0.000903,-0.241399,-0.002485,0.070295,3.588804,0.702762,3.558109,0.766050,0,6.648888
26169.161030,1.793923,-0.012304,-2.990034,-0.158091,0.505701,-0.001544,-0.006095,-0.025302,-0.001283,0.061022,3.565496,0.742679,3.542149,0.799072,0,6.689308
26169.176360,1.793399,-0.016716,-2.930806,-0.149975,0.508426,-0.001430,-0.002220,-0.070853,0.004836,0.071746,3.555605,0.770113,3.527549,0.836323,0,6.727247
26169.196380,1.795154,-0.013669,-2.795895,-0.142426,0.512874,-0.000704,-0.000601,-0.023968,0.007461,0.075681,3.542175,0.803229,3.515975,0.874622,0,6.760944
26169.216356,1.798986,-0.010498,-2.567500,-0.137879,0.516565,-0.000588,-0.000425,-0.015406,0.009245,0.072740,3.531285,0.837403,3.508695,0.907161,0,6.796914
26169.252369,1.803039,-0.011022,-2.395621,-0.133296,0.520288,-0.004430,0.001222,-0.078599,0.013969,0.072075,3.525245,0.873394,3.503211,0.943426,0,6.833929
26169.258703,1.807535,-0.012352,-2.270569,-0.125666,0.524020,0.003765,-0.002393,0.040557,0.013564,0.061549,3.516416,0.919038,3.500400,0.979995,0,6.874878
26169.276378,1.813137,-0.014296,-2.179275,-0.115423,0.525022,-0.001701,-0.003429,-0.102857,0.011954,0.073378,3.511954,0.946622,3.500000,1.020000,0,6.913108
26169.296361,1.817069,-0.014946,-2.137664,-0.102806,0.528959,-0.001161,-0.002253,-0.099223,0.006714,0.071069,3.506714,0.985597,3.500000,1.056667,0,6.947986
26169.316382,1.823160,-0.011241,-2.006930,-0.088176,0.531594,-0.000597,-0.001491,-0.061058,0.005634,0.069916,3.505634,1.023417,3.500000,1.093333,0,6.986210
26169.356919,1.830388,-0.006804,-1.784193,-0.071577,0.533436,-0.008973,-0.002439,-0.297885,0.003340,0.067641,3.503340,1.062359,3.500000,1.130000,0,7.025114
26169.362466,1.837683,-0.006218,-1.602586,-0.052968,0.535206,0.007253,-0.006354,-0.009587,-0.002594,0.050214,3.497406,1.119786,3.500000,1.170000,0,7.072563
26169.376356,1.847443,-0.008703,-1.487349,-0.030648,0.531909,-0.001193,-0.006291,-0.196872,-0.001314,0.076386,3.498686,1.140281,3.500000,1.216667,0,7.113474
26169.396389,1.852455,-0.002893,-1.316444,-0.007479,0.532135,0.000240,-0.001871,-0.086661,-0.008087,0.077289,3.491913,1.182711,3.500000,1.260000,0,7.146779
26169.416374,1.861369,0.009570,-0.800866,0.010632,0.527801,0.000259,-0.001736,-0.075825,-0.005945,0.070448,3.494055,1.222886,3.500000,1.293333,0,7.187455
26169.454922,1.869724,0.013084,-0.365797,0.030951,0.524402,-0.006715,0.001584,-0.306024,-0.007411,0.068911,3.492589,1.264422,3.500000,1.333333,0,7.228754
26169.460187,1.877733,0.014751,0.013488,0.053186,0.520930,0.007864,-0.005022,0.163391,-0.013783,0.053808,3.486217,1.319525,3.500000,1.373333,0,7.276646
26169.476385,1.887331,0.012406,0.322110,0.081459,0.514812,0.000985,-0.004198,-0.152576,-0.011258,0.070762,3.488742,1.349238,3.500000,1.420000,0,7.320391
26169.496376,1.892401,0.017148,0.597433,0.111574,0.511584,0.001238,-0.002603,-0.108511,-0.009788,0.076145,3.490212,1.390522,3.500000,1.466667,0,7.358061
26169.516357,1.896944,0.024741,1.077484,0.138516,0.508769,0.002277,-0.005629,-0.168404,-0.013711,0.069385,3.486742,1.433867,3.499989,1.503342,0,7.401012
26169.552757,1.901019,0.025077,1.461626,0.166958,0.507539,0.003924,-0.008457,-0.603353,-0.020892,0.069826,3.483536,1.475249,3.497812,1.546721,0,7.444642
26169.559110,1.905174,0.021180,1.676851,0.198648,0.507609,0.006747,-0.011325,-0.098604,-0.029424,0.056339,3.473045,1.529043,3.491879,1.589748,0,7.493832
26169.576388,1.910700,0.015826,1.781907,0.236526,0.502623,0.009470,-0.018293,-0.514360,-0.033810,0.074087,3.468466,1.557978,3.480426,1.638532,0,7.539219
26169.596380,1.913800,0.013846,1.824504,0.265094,0.496322,0.007865,-0.008366,-0.326762,-0.036162,0.070101,3.458039,1.601290,3.466590,1.679704,0,7.579852
26169.616358,1.911378,0.025441,2.164372,0.279454,0.490439,0.002308,-0.000884,-0.022082,-0.037561,0.063406,3.444291,1.643094,3.450691,1.716512,0,7.625890
26169.655278,1.902611,0.035849,2.761372,0.277089,0.487477,0.010879,0.004240,-0.308455,-0.037606,0.064893,3.429704,1.682686,3.428488,1.757678,0,7.671604
26169.660873,1.894810,0.034512,3.190360,0.269536,0.488415,-0.007920,-0.007391,0.261093,-0.036133,0.046151,3.400821,1.738001,3.402535,1.796590,0,7.725177
26169.676391,1.884443,0.025861,3.544886,0.251278,0.485415,0.000443,0.002579,0.017068,-0.038893,0.074197,3.390043,1.756888,3.368576,1.837864,0,7.771722
26169.696355,1.879299,0.021959,3.637601,0.234186,0.491468,-0.001588,0.001479,0.059780,-0.042711,0.073941,3.361581,1.789550,3.335392,1.870826,0,7.808881
26169.716378,1.872345,0.013758,3.686380,0.212170,0.495355,-0.000865,0.001295,0.053295,-0.042908,0.064882,3.332066,1.820741,3.307245,1.894462,0,7.853729
26169.756374,1.867982,0.005330,3.600045,0.187484,0.498614,0.000371,0.003501,0.300673,-0.044033,0.067827,3.302519,1.847834,3.269041,1.921446,0,7.899124
26169.762768,1.864496,0.001189,3.473143,0.160240,0.502286,-0.005388,0.006124,0.013419,-0.043886,0.047421,3.253170,1.882353,3.231451,1.943205,0,7.951760
26169.776396,1.859524,0.002379,3.350654,0.125694,0.498964,-0.002037,0.007084,0.218340,-0.049435,0.073937,3.233561,1.892333,3.182819,1.965379,0,7.998888
26169.796398,1.859944,-0.003574,3.153029,0.096933,0.504441,-0.000152,0.002147,0.103279,-0.051884,0.075205,3.196418,1.909736,3.138532,1.980426,0,8.036618
26169.816384,1.864611,-0.016515,2.541784,0.076533,0.506445,0.000008,0.004762,0.149158,-0.050744,0.068398,3.159361,1.925574,3.102866,1.989304,0,8.079520
26169.851381,1.869757,-0.014136,2.062911,0.058764,0.508964,-0.004545,-0.001908,0.402018,-0.050909,0.067075,3.120493,1.937793,3.060013,1.996385,0,8.122798
26169.856914,1.875612,-0.011145,1.666840,0.042443,0.511004,0.005616,0.006321,-0.247666,-0.045885,0.055733,3.070876,1.951999,3.016707,1.999721,0,8.169475
26169.876389,1.883085,-0.006871,1.249841,0.035399,0.510097,-0.001250,0.000207,0.075257,-0.037903,0.066131,3.036131,1.962097,2.970000,2.000000,0,8.212937
26169.896381,1.888330,-0.007183,0.982667,0.038402,0.513507,-0.000017,-0.000276,-0.012552,-0.030579,0.070799,2.997466,1.969421,2.926667,2.000000,0,8.251550
26169.916375,1.895011,-0.003711,0.777496,0.044390,0.514867,0.000058,-0.000605,-0.025859,-0.019247,0.068442,2.955108,1.980753,2.886667,2.000000,0,8.292962
26169.951519,1.901620,0.001097,0.716011,0.057628,0.513856,-0.003977,-0.004163,-0.155236,-0.008207,0.067206,2.913872,1.991793,2.846667,2.000000,0,8.334692
26169.957966,1.908293,0.004184,0.725871,0.073439,0.510051,0.006311,-0.003422,-0.079026,0.001870,0.060836,2.864170,2.001870,2.803333,2.000000,0,8.380135
26169.976378,1.916182,0.004949,0.733456,0.095612,0.502966,0.001251,-0.005923,-0.194907,0.008160,0.072720,2.829386,2.008160,2.756667,2.000000,0,8.422907
26169.996374,1.920450,0.011354,0.905250,0.114831,0.494630,0.001775,-0.003062,-0.136109,0.014894,0.070246,2.786913,2.014894,2.716667,2.000000,0,8.462438
26170.016376,1.924022,0.019191,1.224300,0.131702,0.484630,0.001205,-0.001352,-0.056079,0.021235,0.067415,2.744081,2.021235,2.676667,2.000000,0,8.505018
26170.051329,1.925712,0.023761,1.603908,0.144725,0.474630,0.001192,0.001790,-0.201029,0.026154,0.067270,2.700603,2.026154,2.633333,2.000000,0,8.547511
26170.056675,1.926210,0.024190,1.921295,0.156586,0.464630,0.000516,-0.004197,0.155016,0.029026,0.059482,2.649482,2.029026,2.590000,2.000000,0,8.594180
26170.076376,1.926183,0.020570,2.168305,0.169955,0.454630,0.001523,-0.000457,-0.063908,0.030498,0.070964,2.614297,2.030498,2.543333,2.000000,0,8.637205
26170.096374,1.924271,0.021128,2.349631,0.182351,0.447427,0.001177,-0.000793,-0.031544,0.028856,0.070155,2.570155,2.028856,2.500000,2.000000,0,8.675443
26170.116372,1.920665,0.020829,2.557001,0.193281,0.440692,0.001003,-0.000676,-0.026212,0.021970,0.064407,2.525889,2.025291,2.463270,1.998649,0,8.717788
26170.149826,1.915717,0.019908,2.738825,0.204737,0.435603,0.005688,0.001010,-0.108467,0.014927,0.065387,2.482296,2.018760,2.420133,1.993580,0,8.761150
26170.156372,1.909614,0.018907,2.900569,0.214863,0.431042,-0.003926,-0.002190,0.060691,0.010613,0.067963,2.440895,2.011714,2.377598,1.984786,0,8.803043
26170.176388,1.902956,0.016959,3.023301,0.223569,0.427613,0.001677,-0.001120,-0.040428,0.006031,0.064847,2.398608,1.999993,2.339148,1.973420,0,8.844590
26170.196378,1.895460,0.016042,3.131610,0.229729,0.424449,0.001209,-0.000790,-0.020661,0.001344,0.064201,2.356894,1.984756,2.298669,1.957674,0,8.887956
26170.216381,1.886872,0.015443,3.240294,0.232744,0.421857,0.001659,-0.001179,-0.031940,-0.002695,0.064274,2.317369,1.967001,2.259709,1.938475,0,8.932038
26170.257567,1.878467,0.013908,3.307819,0.232456,0.419689,0.011776,0.000094,-0.062317,-0.006450,0.064786,2.280040,1.946549,2.222562,1.915967,0,8.974774
26170.263164,1.869726,0.013098,3.359303,0.226589,0.417948,-0.010608,-0.000004,0.053049,-0.010821,0.050123,2.233400,1.913199,2.187509,1.890320,0,9.023924
26170.276395,1.856458,0.012778,3.421303,0.211719,0.414828,0.000278,0.001617,0.044713,-0.015089,0.071021,2.211291,1.896018,2.150009,1.857080,0,9.068733
26170.296375,1.851519,0.011847,3.422155,0.193934,0.419104,-0.001332,0.002180,0.088805,-0.018987,0.071242,2.181116,1.867100,2.120340,1.825359,0,9.106171
26170.316373,1.844226,0.008610,3.354743,0.171504,0.422875,-0.000496,0.001632,0.068724,-0.021696,0.064839,2.153393,1.835920,2.097465,1.796590,0,9.148552
26170.352576,1.839869,0.003746,3.156072,0.145793,0.425676,0.001785,-0.000654,0.282526,-0.026177,0.064968,2.129439,1.802348,2.073244,1.760537,0,9.191785
26170.358129,1.837725,0.000036,2.880170,0.115439,0.427863,-0.001642,0.005638,-0.142848,-0.030587,0.057634,2.105284,1.760517,2.052243,1.722517,0,9.238575
26170.376383,1.836218,0.001869,2.581738,0.076715,0.428845,0.000086,0.003748,0.198736,-0.036325,0.066706,2.091283,1.728897,2.033410,1.679704,0,9.283858
26170.396383,1.838175,-0.006281,2.178466,0.037369,0.430984,0.000014,0.009700,0.297577,-0.041973,0.068031,2.077477,1.689451,2.018659,1.635318,0,9.325885
26170.416377,1.840876,-0.008148,1.687477,-0.002631,0.432522,-0.000554,0.019619,0.595282,-0.044574,0.063040,2.065247,1.649588,2.009364,1.596316,0,9.369744
26170.451344,1.843024,-0.002850,1.400294,-0.042631,0.433714,-0.002104,0.027944,1.349764,-0.045021,0.062148,2.054255,1.610360,2.002857,1.553372,0,9.412459
26170.456747,1.844402,0.002125,1.242432,-0.082631,0.433002,0.001871,0.021315,0.360775,-0.038195,0.053152,2.039353,1.562402,2.000101,1.510026,0,9.457009
26170.476392,1.845978,0.008320,1.230322,-0.122631,0.423002,0.003188,0.011093,0.433996,-0.028445,0.069074,2.032091,1.530067,1.998649,1.463270,0,9.497504
26170.496382,1.845053,-0.025230,0.297767,-0.148088,0.413030,0.005820,0.012399,0.362670,-0.015103,0.069817,2.019719,1.490115,1.994103,1.423434,0,9.534434
26170.516382,1.845509,-0.033205,-0.554872,-0.171115,0.409173,0.007486,0.016981,0.501292,-0.006678,0.067442,2.008845,1.451547,1.987143,1.387344,0,9.574724
26170.551898,1.846746,-0.028198,-1.026369,-0.193672,0.408826,0.014391,0.020616,1.057426,0.001952,0.067568,1.995140,1.413664,1.976550,1.348673,0,9.614779
26170.557575,1.848515,-0.021602,-1.247963,-0.213235,0.408823,0.005796,0.014620,0.170677,0.007923,0.060036,1.978254,1.369552,1.962893,1.310976,0,9.658365
26170.576388,1.851280,-0.015235,-1.324252,-0.233508,0.408172,0.004840,0.005260,0.213052,0.014433,0.070142,1.963956,1.340503,1.944742,1.271517,0,9.699737
26170.596377,1.844897,-0.033145,-1.859000,-0.232574,0.409294,0.002136,0.002122,0.058492,0.021400,0.068524,1.942911,1.306136,1.925005,1.236617,0,9.738294
26170.616358,1.836814,-0.040318,-2.451742,-0.226631,0.413333,0.000806,0.000685,0.025751,0.026690,0.067679,1.921193,1.273729,1.902535,1.203410,0,9.779878
26170.656575,1.829488,-0.038784,-2.847184,-0.217362,0.419344,0.005888,-0.005726,0.094267,0.031650,0.067157,1.897622,1.243567,1.877477,1.172111,0,9.820778
26170.663309,1.822599,-0.033981,-3.092054,-0.205523,0.426460,-0.006993,0.004373,-0.112174,0.036032,0.054643,1.861825,1.204476,1.847596,1.140588,0,9.867825
26170.676377,1.814080,-0.026523,-3.228837,-0.189468,0.429787,-0.001563,-0.003389,-0.083011,0.042763,0.077233,1.846056,1.191332,1.812491,1.109680,0,9.909317
26170.696382,1.810499,-0.023622,-3.240728,-0.174842,0.438298,-0.001291,-0.002778,-0.082805,0.046502,0.073642,1.815142,1.165681,1.780212,1.085897,0,9.943915
26170.716360,1.807612,-0.016814,-3.120636,-0.161655,0.445082,-0.002702,-0.005248,-0.154822,0.048797,0.066322,1.782241,1.141778,1.749035,1.066431,0,9.986217
26170.754146,1.804288,-0.015352,-3.026644,-0.148552,0.451203,-0.004204,-0.006931,-0.403734,0.048786,0.063124,1.749743,1.118940,1.713494,1.047871,0,10.029772
26170.759736,1.800719,-0.016140,-2.959752,-0.135931,0.458239,-0.005420,-0.007023,-0.089285,0.047958,0.056278,1.709597,1.095552,1.673450,1.031049,0,10.074959
26170.776357,1.796053,-0.018600,-2.929963,-0.121280,0.463216,-0.002383,-0.003588,-0.132954,0.052335,0.070669,1.683664,1.085674,1.628871,1.016893,0,10.115566
26170.796377,1.796716,-0.009295,-2.667834,-0.112608,0.470856,-0.000843,-0.002013,-0.060066,0.048691,0.067269,1.647184,1.068095,1.589748,1.008121,0,10.152403
26170.816374,1.799628,-0.004712,-2.311443,-0.109203,0.477163,-0.000865,-0.001184,-0.047239,0.044006,0.060174,1.608504,1.053035,1.553372,1.002857,0,10.193553
26170.854334,1.802582,-0.006108,-2.072914,-0.107730,0.482572,-0.004305,0.002293,-0.096155,0.035385,0.063045,1.572348,1.036743,1.510026,1.000101,0,10.233622
26170.859924,1.805948,-0.008512,-1.899132,-0.110554,0.489046,0.003230,-0.002416,0.069543,0.021026,0.055848,1.525848,1.021026,1.470000,1.000000,0,10.276349
26170.876376,1.810354,-0.011963,-1.801863,-0.112878,0.492281,-0.000262,0.000505,0.014201,0.008965,0.060291,1.490291,1.008965,1.430000,1.000000,0,10.318674
26170.896373,1.813592,-0.013840,-1.781438,-0.117606,0.498414,-0.000495,0.001054,0.032581,-0.001836,0.070717,1.457383,0.998164,1.386667,1.000000,0,10.354610
26170.916384,1.817412,-0.015554,-1.790396,-0.123602,0.506471,-0.000333,0.002365,0.071562,-0.012059,0.068236,1.418236,0.987941,1.350000,1.000000,0,10.391028
26170.956958,1.821471,-0.016056,-1.802489,-0.132066,0.514299,-0.004209,0.004298,0.217796,-0.022944,0.065410,1.378743,0.977056,1.313333,1.000000,0,10.430608
26170.962405,1.826048,-0.015841,-1.808035,-0.139308,0.520988,0.005074,0.002926,0.051471,-0.034568,0.050166,1.323499,0.965432,1.273333,1.000000,0,10.478401
26170.976373,1.832121,-0.015452,-1.813362,-0.147264,0.522110,0.000823,0.005539,0.146042,-0.040301,0.067421,1.294088,0.959699,1.226667,1.000000,0,10.522391
26170.996390,1.835132,-0.016161,-1.837108,-0.154617,0.526928,0.001348,0.008658,0.258484,-0.045244,0.072084,1.255417,0.954756,1.183333,1.000000,0,10.557759
26171.016372,1.839419,-0.015498,-1.843927,-0.162009,0.530768,0.001639,0.010453,0.311683,-0.047415,0.068786,1.215453,0.952585,1.146667,1.000000,0,10.596451
26171.051473,1.843483,-0.014616,-1.835073,-0.172208,0.534028,0.000610,0.012630,0.532896,-0.050767,0.061727,1.171727,0.949233,1.110000,1.000000,0,10.637816
26171.057983,1.847600,-0.014961,-1.851617,-0.185503,0.536422,0.004798,0.007581,0.160638,-0.051590,0.056304,1.122971,0.948410,1.066667,1.000000,0,10.682899
26171.076361,1.852363,-0.013971,-1.839609,-0.203670,0.537087,0.001393,0.003540,0.145106,-0.052020,0.067563,1.090896,0.947980,1.023333,1.000000,0,10.722943
26171.096345,1.852499,-0.026426,-2.153565,-0.212107,0.539254,0.001188,0.001164,0.032842,-0.048685,0.062791,1.044422,0.949523,0.983293,1.000279,0,10.759869
26171.116371,1.852700,-0.032627,-2.563961,-0.216603,0.541142,0.001345,0.001850,0.053288,-0.042497,0.058301,1.000060,0.954379,0.946628,1.002857,0,10.801089
26171.154735,1.853558,-0.030656,-2.830598,-0.220921,0.544284,0.002000,-0.000980,0.206624,-0.036260,0.062769,0.958293,0.961692,0.903684,1.009364,0,10.842191
26171.160731,1.854567,-0.026214,-2.983677,-0.224996,0.547890,0.001408,0.005802,-0.043628,-0.032969,0.047925,0.901896,0.973950,0.864682,1.018659,0,10.889543
26171.176380,1.855661,-0.020492,-3.088575,-0.229514,0.545968,0.000863,0.000510,0.037381,-0.026504,0.070446,0.876510,0.983358,0.820296,1.033410,0,10.930397
26171.196372,1.855075,-0.020988,-3.166821,-0.232354,0.550405,0.000370,0.000170,0.004823,-0.024632,0.072017,0.834371,0.997017,0.780481,1.050766,0,10.964563
26171.216350,1.853712,-0.020691,-3.288815,-0.235059,0.555526,0.000452,0.000385,0.009156,-0.025341,0.061785,0.791920,1.013684,0.750965,1.066431,0,11.006141
26171.253516,1.852551,-0.018859,-3.373726,-0.237355,0.560877,0.001791,-0.001004,0.054586,-0.021591,0.062250,0.756128,1.034749,0.717026,1.087779,0,11.047364
26171.259181,1.851348,-0.016641,-3.426329,-0.234243,0.564619,-0.001510,0.001835,-0.020102,-0.015965,0.058047,0.717000,1.064683,0.682319,1.113893,0,11.090983
26171.276362,1.849512,-0.014297,-3.458407,-0.226993,0.564262,-0.000318,-0.000417,-0.011594,-0.011817,0.068482,0.690645,1.086544,0.650009,1.142920,0,11.132397
26171.296372,1.848674,-0.012844,-3.462245,-0.219741,0.568652,-0.000113,-0.000333,-0.015330,-0.012434,0.064289,0.655295,1.115422,0.622523,1.172111,0,11.171604
26171.316374,1.848809,-0.010701,-3.433738,-0.214601,0.573546,0.000003,-0.000281,-0.013111,-0.012304,0.060452,0.623418,1.147444,0.597465,1.203410,0,11.215109
26171.354050,1.849656,-0.009211,-3.386176,-0.208499,0.577312,-0.001446,-0.000425,-0.074168,-0.014004,0.061533,0.593355,1.179648,0.573244,1.239463,0,11.258180
26171.360019,1.850886,-0.008848,-3.339566,-0.200076,0.580952,0.000539,-0.001630,0.002758,-0.015373,0.056442,0.563595,1.220097,0.552243,1.277483,0,11.302904
26171.376389,1.852196,-0.009558,-3.303601,-0.186220,0.580144,-0.000679,-0.001728,-0.059363,-0.015669,0.068522,0.545091,1.247675,0.534621,1.317181,0,11.343220
26171.396381,1.854587,-0.007604,-3.230919,-0.170250,0.582806,-0.000244,-0.001018,-0.045589,-0.018248,0.066754,0.523355,1.285880,0.521469,1.355058,0,11.380580
26171.416378,1.859389,-0.003718,-3.054080,-0.154599,0.583998,-0.000451,-0.001275,-0.053233,-0.014082,0.064140,0.511248,1.328199,0.511394,1.393866,0,11.422684
26171.453489,1.864931,-0.001688,-2.852583,-0.137531,0.582252,-0.005812,0.001105,-0.215000,-0.011087,0.062470,0.501799,1.369966,0.504461,1.433357,0,11.465445
26171.459303,1.871599,-0.000383,-2.627423,-0.118106,0.579557,0.005959,-0.004189,0.109080,-0.012720,0.054018,0.490367,1.422059,0.500547,1.476614,0,11.512407
26171.476380,1.879937,-0.002318,-2.404906,-0.095805,0.574627,-0.001938,-0.008552,-0.253852,-0.007671,0.058858,0.492329,1.464475,0.500000,1.523333,0,11.560081
26171.496382,1.885545,-0.004460,-2.309743,-0.071647,0.574476,-0.001397,-0.004789,-0.223687,-0.012647,0.064004,0.487353,1.509329,0.500000,1.573333,0,11.605375
26171.516360,1.893952,0.003411,-1.995574,-0.051549,0.572161,-0.000143,-0.002284,-0.095414,-0.017474,0.059802,0.482526,1.556864,0.500000,1.616667,0,11.652561
26171.553130,1.903611,0.009967,-1.528193,-0.039151,0.569928,-0.007670,0.003086,-0.260458,-0.016963,0.059031,0.483037,1.604302,0.500000,1.663333,0,11.700513
26171.558948,1.913528,0.010526,-1.129793,-0.027392,0.568160,0.008676,-0.005536,0.164746,-0.019760,0.054493,0.480240,1.658841,0.500000,1.713333,0,11.751511
26171.576448,1.925022,0.005862,-0.837872,-0.017548,0.564321,-0.000477,-0.001153,-0.066622,-0.015614,0.063038,0.484386,1.700295,0.500000,1.763333,0,11.800359
26171.596437,1.932807,0.006422,-0.647232,-0.010225,0.564345,0.000954,-0.002090,-0.043425,-0.024962,0.065289,0.475038,1.748044,0.500000,1.813333,0,11.845923
26171.616442,1.943132,0.005171,-0.440813,-0.010272,0.563314,-0.000559,-0.001705,-0.065201,-0.026136,0.063932,0.473864,1.792734,0.500000,1.856667,0,11.893000
26171.659862,1.951772,0.002675,-0.361960,-0.011242,0.563394,-0.010263,0.000068,-0.093818,-0.025439,0.062556,0.474561,1.840777,0.500000,1.903333,0,11.940553
26171.666984,1.961082,0.001032,-0.314112,-0.011266,0.562882,0.011575,-0.002203,-0.012894,-0.023321,0.036046,0.476679,1.917287,0.500000,1.953333,0,12.001093
26171.676398,1.975857,-0.000874,-0.299328,-0.010374,0.556136,-0.000260,-0.001229,-0.030136,-0.027306,0.076226,0.472694,1.937107,0.500000,2.013333,0,12.051446
26171.696396,1.979549,-0.000986,-0.297082,-0.014345,0.559840,0.000511,-0.000772,-0.022382,-0.034505,0.079154,0.465495,1.984180,0.500000,2.063333,0,12.087852
26171.716390,1.988550,-0.001193,-0.293759,-0.022499,0.561902,0.000607,0.001259,0.039339,-0.032257,0.065550,0.467743,2.034450,0.500000,2.100000,0,12.135048
26171.755893,1.997534,-0.001385,-0.298751,-0.032614,0.562120,-0.007145,0.002735,0.170099,-0.032656,0.063522,0.467344,2.083145,0.500000,2.146667,0,12.184230
26171.761473,2.006277,-0.002252,-0.325537,-0.045451,0.561269,0.009930,0.004239,0.083834,-0.042276,0.048544,0.457724,2.148123,0.500000,2.196667,0,12.240755
26171.776375,2.018289,-0.001039,-0.313439,-0.070798,0.557832,0.000176,0.004658,0.159673,-0.035728,0.070308,0.464272,2.183025,0.500000,2.253333,0,12.292526
26171.796384,2.022898,-0.008276,-0.482079,-0.092419,0.556027,0.001137,0.001939,0.084695,-0.036350,0.071279,0.463650,2.232054,0.500000,2.303333,0,12.335677
26171.816386,2.028899,-0.017865,-0.907434,-0.109182,0.551832,0.001791,0.003749,0.116207,-0.037111,0.062354,0.462889,2.284313,0.500000,2.346667,0,12.385139
26171.857172,2.034701,-0.017875,-1.244127,-0.130162,0.548624,-0.000105,0.001770,0.478084,-0.033987,0.061996,0.466013,2.334671,0.500000,2.396667,0,12.436001
26171.862777,2.040093,-0.014823,-1.467148,-0.156180,0.546469,0.007822,0.011636,0.062314,-0.033119,0.050314,0.466881,2.396352,0.500000,2.446667,0,12.490636
26171.876385,2.047831,-0.007034,-1.558622,-0.194749,0.540014,0.003949,0.006781,0.214096,-0.037864,0.070975,0.461673,2.432621,0.500011,2.503342,0,12.538735
26171.896391,2.048832,-0.013234,-1.759880,-0.226164,0.532997,0.002238,0.001309,0.050748,-0.021419,0.069101,0.474283,2.483438,0.502511,2.550048,0,12.581367
26171.916353,2.044098,-0.024482,-2.336837,-0.238048,0.524429,0.001196,0.000516,0.017449,-0.016853,0.065089,0.480062,2.532218,0.508732,2.593034,0,12.629319
26171.957729,2.037739,-0.024042,-2.812838,-0.250871,0.522404,0.010962,-0.007946,0.274200,-0.027781,0.064717,0.474950,2.584046,0.519574,2.638532,0,12.675226
26171.962966,2.030956,-0.017414,-3.142139,-0.264791,0.523329,-0.007362,0.010835,-0.173822,-0.018909,0.045441,0.500406,2.647438,0.534621,2.682819,0,12.728635
26171.976381,2.020984,-0.005231,-3.397458,-0.270651,0.517947,0.002308,0.000508,0.032582,-0.015340,0.069168,0.511180,2.677240,0.556795,2.731451,0,12.777429
26171.996390,2.015626,-0.001629,-3.484736,-0.273865,0.518055,0.000751,0.000191,0.003555,-0.023867,0.071506,0.522966,2.728009,0.582188,2.774651,0,12.816586
26172.016352,2.004470,0.003120,-3.619974,-0.278327,0.520572,0.000588,0.000204,0.004135,-0.020473,0.057640,0.552143,2.771364,0.603493,2.804602,0,12.862504
26172.056225,1.992743,0.007748,-3.712398,-0.280516,0.522244,0.013070,-0.002626,0.038949,-0.025024,0.059207,0.575059,2.813976,0.633691,2.840320,0,12.909044
26172.062556,1.980618,0.011584,-3.773354,-0.281536,0.525459,-0.013078,0.002692,-0.030020,-0.028571,0.040816,0.617618,2.867201,0.667094,2.873060,0,12.961176
26172.076377,1.963555,0.015225,-3.818053,-0.282773,0.525249,0.001564,0.000086,0.003602,-0.029959,0.066172,0.637578,2.892283,0.708818,2.906464,0,13.006487
26172.096374,1.956328,0.016081,-3.828036,-0.283063,0.529393,0.000553,0.000172,0.002304,-0.043458,0.070024,0.662796,2.931907,0.745192,2.930201,0,13.039896
26172.116355,1.944458,0.016542,-3.838111,-0.285207,0.534092,0.000421,0.000229,0.004081,-0.048522,0.056320,0.702344,2.964165,0.774495,2.946259,0,13.080215
26172.153410,1.932726,0.016028,-3.843456,-0.283524,0.537521,0.009569,0.001574,0.003302,-0.061671,0.064421,0.731340,2.997440,0.814075,2.964146,0,13.119428
26172.158960,1.921145,0.014758,-3.846158,-0.279325,0.542622,-0.010320,-0.001712,-0.002198,-0.070184,0.048242,0.781452,3.028842,0.848673,2.976550,0,13.161936
26172.176363,1.907865,0.012673,-3.847087,-0.272340,0.545067,-0.000370,-0.000374,-0.014695,-0.078019,0.059848,0.815134,3.050920,0.890602,2.987885,0,13.203248
26172.196375,1.899344,0.011075,-3.846523,-0.260884,0.550686,-0.001310,-0.000604,-0.022875,-0.085235,0.060068,0.858643,3.071075,0.930046,2.995082,0,13.239885
26172.216392,1.890378,0.009785,-3.827114,-0.246424,0.555859,-0.001209,-0.000985,-0.032057,-0.094154,0.058411,0.902035,3.088926,0.966604,2.998883,0,13.281345
26172.251778,1.883486,0.008827,-3.781634,-0.226377,0.560258,0.000598,-0.000584,-0.145409,-0.103901,0.054516,0.945484,3.103901,1.000000,3.000000,1,13.327690
26172.257638,1.878304,0.007802,-3.712615,-0.201404,0.567339,-0.006097,-0.005194,-0.016091,-0.114729,0.051407,0.995260,3.114729,1.046667,3.000000,1,13.378462
26172.276393,1.872215,0.004583,-3.656709,-0.169459,0.572757,-0.003171,-0.006038,-0.203449,-0.120962,0.062504,1.034163,3.120962,1.096667,3.000000,1,13.424222
26172.296382,1.872254,0.007403,-3.502227,-0.137845,0.579725,-0.003167,-0.005097,-0.207644,-0.125633,0.062847,1.080486,3.125633,1.143333,3.000000,1,13.467550
26172.316375,1.875197,0.013526,-3.177595,-0.108438,0.582700,-0.001675,-0.006663,-0.204057,-0.126346,0.061427,1.125239,3.126346,1.186667,3.000000,1,13.512909
26172.351966,1.881312,0.015521,-2.753972,-0.080063,0.583014,-0.010336,-0.007083,-0.730250,-0.125551,0.059045,1.170955,3.125551,1.230000,3.000000,1,13.557966
26172.357863,1.886884,0.008964,-2.478665,-0.053144,0.583999,0.003304,-0.017219,-0.113299,-0.122343,0.054116,1.222551,3.122343,1.276667,3.000000,1,13.605405
26172.376345,1.893365,-0.000546,-2.319769,-0.025475,0.583618,-0.002388,-0.009064,-0.345554,-0.119138,0.064213,1.259121,3.119138,1.323333,3.000000,1,13.650750
26172.396376,1.901008,0.013191,-1.799246,-0.012449,0.581890,-0.000318,-0.003742,-0.168925,-0.114040,0.065538,1.304462,3.114040,1.370000,3.000000,1,13.693155
26172.416375,1.911131,0.020184,-1.164878,-0.006960,0.578162,0.000193,-0.001408,-0.043581,-0.106466,0.061159,1.348841,3.106466,1.410000,3.000000,1,13.737989
26172.451943,1.921527,0.018002,-0.653149,-0.003486,0.574529,-0.007241,0.002239,-0.203427,-0.098407,0.061235,1.395432,3.098407,1.456667,3.000000,1,13.783941
26172.457811,1.932118,0.010837,-0.395088,0.000933,0.569873,0.009662,-0.006329,0.045004,-0.089825,0.054800,1.448533,3.089825,1.503333,3.000000,1,13.833744
26172.476388,1.944640,0.004339,-0.267705,0.005332,0.563877,-0.000518,-0.001233,-0.059855,-0.083123,0.064437,1.488896,3.083123,1.553333,3.000000,1,13.882082
26172.496372,1.952692,0.004969,-0.151740,0.009081,0.562266,0.000814,-0.002083,-0.065147,-0.075340,0.062848,1.537152,3.075340,1.600000,3.000000,1,13.927742
26172.516377,1.962510,0.003916,-0.057176,0.013359,0.557591,0.001160,-0.003299,-0.103014,-0.066564,0.061143,1.585523,3.066564,1.646667,3.000000,1,13.976317
26172.551890,1.972253,0.002329,-0.013936,0.020496,0.551537,-0.005148,-0.001424,-0.168554,-0.057454,0.060909,1.632424,3.057454,1.693333,3.000000,1,14.024690
26172.558157,1.981283,0.004516,0.080773,0.028413,0.546005,0.007567,-0.000814,0.081278,-0.047504,0.053807,1.689526,3.047504,1.743333,3.000000,1,14.076420
26172.576384,1.991177,0.005859,0.237985,0.034789,0.540266,-0.000043,-0.001359,-0.059299,-0.040524,0.063798,1.729535,3.040524,1.793333,3.000000,1,14.126288
26172.596380,1.997411,0.006902,0.347736,0.041552,0.538986,0.000974,-0.003273,-0.102749,-0.034491,0.067655,1.775678,3.034491,1.843333,3.000000,1,14.171308
26172.616381,2.004974,0.005655,0.429849,0.045573,0.536095,0.001030,-0.001914,-0.082367,-0.026887,0.065496,1.824504,3.026887,1.890000,3.000000,1,14.218933
26172.656262,2.012209,0.006490,0.523169,0.046521,0.531026,-0.005035,0.001222,-0.082980,-0.018838,0.062621,1.874046,3.018838,1.936667,3.000000,1,14.267911
26172.662536,2.018780,0.007436,0.656117,0.045446,0.525086,0.007266,-0.001767,0.061385,-0.009306,0.046523,1.940144,3.009306,1.986667,3.000000,1,14.325153
26172.676380,2.027775,0.005283,0.744812,0.042886,0.518955,0.000168,0.000508,0.009941,-0.004997,0.070082,1.973251,3.004997,2.043333,3.000000,1,14.376645
26172.696383,2.031467,0.004159,0.758450,0.042009,0.520324,0.000366,0.000062,0.003526,0.001367,0.073699,2.022968,2.998633,2.096667,3.000000,1,14.419760
26172.716383,2.036937,0.002360,0.750768,0.041123,0.518379,0.000522,0.000211,0.007110,0.005840,0.064075,2.072592,2.994160,2.136667,3.000000,1,14.468598
26172.751827,2.042362,0.001644,0.740600,0.038678,0.514938,-0.002829,0.000859,0.042280,0.009732,0.063590,2.123077,2.990268,2.186667,3.000000,1,14.518538
26172.757928,2.047758,0.001437,0.734547,0.033879,0.510086,0.004886,0.001041,0.022230,0.013635,0.055212,2.181454,2.986365,2.236667,3.000000,1,14.572763
26172.776394,2.054011,0.001379,0.731949,0.026481,0.503765,0.000228,0.001406,0.056995,0.015329,0.065640,2.224360,2.984671,2.290000,3.000000,1,14.624058
26172.796380,2.058044,-0.001199,0.667845,0.019679,0.501718,0.000424,0.001729,0.055495,0.017155,0.069129,2.274204,2.982845,2.343333,3.000000,1,14.671379
26172.816381,2.062461,-0.002850,0.564485,0.015058,0.497322,0.000713,0.002916,0.093712,0.018179,0.064078,2.325922,2.981821,2.390000,3.000000,1,14.722087
26172.851697,2.066884,-0.002072,0.507600,0.010054,0.491798,-0.001541,0.003419,0.207262,0.018576,0.062603,2.377397,2.981424,2.440000,3.000000,1,14.773780
26172.857455,2.071256,-0.001099,0.476962,0.003671,0.485200,0.004173,0.003646,0.057722,0.018376,0.056526,2.436807,2.981624,2.493333,3.000000,1,14.829266
26172.876392,2.076288,-0.000086,0.466447,-0.003409,0.479253,0.000448,0.002380,0.096132,0.017669,0.067331,2.479336,2.982331,2.546667,3.000000,1,14.880838
26172.896375,2.079123,-0.005047,0.320490,-0.007018,0.477358,0.000896,0.002661,0.085228,0.016524,0.070025,2.529975,2.983476,2.600000,3.000000,1,14.927786
26172.916376,2.082375,-0.005593,0.184279,-0.008556,0.472602,0.001208,0.003129,0.100614,0.015944,0.065446,2.581221,2.984056,2.646667,3.000000,1,14.978495
26172.951999,2.085637,-0.003805,0.114744,-0.010082,0.466901,0.000211,0.002537,0.180278,0.014230,0.064504,2.632162,2.985770,2.696667,3.000000,1,15.029733
26172.958095,2.088842,-0.002144,0.082132,-0.012009,0.460954,0.003322,0.002989,0.038184,0.012597,0.055193,2.691474,2.987403,2.746667,3.000000,1,15.084656
26172.976387,2.092551,-0.000861,0.068450,-0.013130,0.454501,0.000690,0.000521,0.032392,0.011440,0.069611,2.733722,2.988560,2.803333,3.000000,1,15.136202
26172.996377,2.094013,-0.004139,-0.033913,-0.012700,0.453568,0.000487,-0.000039,-0.001928,0.010237,0.068811,2.784522,2.989763,2.853333,3.000000,1,15.183589
26173.016375,2.095300,-0.004414,-0.133602,-0.009842,0.451395,0.000512,-0.000243,-0.012136,0.008681,0.068096,2.835238,2.991319,2.903333,3.000000,1,15.234057
26173.053631,2.096506,-0.002542,-0.172430,-0.008563,0.449571,0.000057,-0.000701,-0.012088,0.006472,0.066985,2.886348,2.993528,2.953333,3.000000,1,15.285169
26173.059151,2.097623,-0.000846,-0.173003,-0.007882,0.448145,0.000917,0.000446,0.006079,0.002087,0.059222,2.944111,2.997913,3.003333,3.000000,1,15.339036
26173.076395,2.098673,0.000010,-0.162293,-0.007383,0.445365,0.000389,-0.000069,-0.003736,-0.001446,0.072713,2.983954,3.001446,3.056667,3.000000,1,15.388293
26173.096385,2.099323,0.000335,-0.152222,-0.010144,0.447157,0.000390,0.000683,0.021841,-0.004068,0.071968,3.034698,3.004068,3.106667,3.000000,1,15.434361
26173.116387,2.100088,0.000358,-0.142309,-0.011467,0.447746,0.000270,0.001023,0.032743,-0.007454,0.069660,3.083673,3.007454,3.153333,3.000000,1,15.483561
26173.152274,2.100745,0.000220,-0.137310,-0.012668,0.448322,0.000061,0.001361,0.063229,-0.008961,0.068239,3.135095,3.008961,3.203333,3.000000,1,15.533857
26173.158155,2.101525,0.000109,-0.134561,-0.012239,0.448213,0.000644,0.000595,0.015818,-0.010487,0.059574,3.193759,3.010487,3.253333,3.000000,1,15.588264
26173.176373,2.102281,0.000053,-0.131895,-0.010640,0.445935,0.000437,0.000034,0.003243,-0.010893,0.071198,3.235469,3.010893,3.306667,3.000000,1,15.638905
26173.196378,2.102954,-0.000788,-0.153168,-0.008130,0.446470,0.000385,-0.000637,-0.020577,-0.011981,0.071478,3.285189,3.011981,3.356667,3.000000,1,15.685726
26173.216376,2.103639,-0.000832,-0.170421,-0.004268,0.445902,0.000497,-0.000494,-0.025615,-0.014005,0.066705,3.336628,3.014005,3.403333,3.000000,1,15.735748
26173.249535,2.104410,0.000554,-0.152117,-0.002411,0.444476,0.000294,0.000003,-0.029236,-0.014888,0.067812,3.385522,3.014888,3.453333,3.000000,1,15.785749
26173.256380,2.105001,0.001651,-0.106218,-0.003784,0.444150,0.000566,0.000018,0.024121,-0.015480,0.067728,3.435606,3.015480,3.503333,3.000000,1,15.835237
26173.276379,2.105619,0.001536,-0.072942,-0.007142,0.443706,0.000549,0.000364,0.018676,-0.016884,0.066335,3.486998,3.016884,3.553333,3.000000,1,15.885686
26173.296383,2.106269,0.000136,-0.076795,-0.013081,0.442924,0.000383,0.000457,0.023491,-0.017259,0.068292,3.535041,3.017259,3.603333,3.000000,1,15.935795
26173.316377,2.106655,-0.001785,-0.126354,-0.020290,0.441970,0.000408,0.000568,0.028768,-0.018209,0.070104,3.583229,3.018209,3.653333,3.000000,1,15.984208
26173.349632,2.106927,-0.003545,-0.210736,-0.032144,0.440741,0.000781,0.000186,0.118590,-0.017356,0.070568,3.632765,3.017356,3.703333,3.000000,1,16.033036
26173.356374,2.107067,-0.005669,-0.338121,-0.046942,0.438431,0.000406,0.002596,-0.023703,-0.018408,0.066809,3.683191,3.018408,3.750000,3.000000,1,16.082833
26173.376375,2.107130,-0.005533,-0.456284,-0.069470,0.436477,0.001120,0.002741,0.138473,-0.019619,0.067621,3.732379,3.019619,3.800000,3.000000,1,16.132330
26173.396375,2.106297,-0.010305,-0.676783,-0.095558,0.434093,0.001088,0.001812,0.088943,-0.019893,0.068769,3.781231,3.019893,3.850000,3.000000,1,16.180958
26173.416377,2.104038,-0.015902,-1.045160,-0.121560,0.431264,0.001254,0.001718,0.082010,-0.020544,0.069232,3.830768,3.020544,3.900000,3.000000,1,16.229628
26173.449563,2.100417,-0.018481,-1.441425,-0.148424,0.429278,0.005329,-0.001817,0.282276,-0.019318,0.067954,3.878713,3.019318,3.946667,3.000000,1,16.277467
26173.456371,2.094999,-0.019018,-1.835178,-0.175213,0.427501,-0.002991,0.005407,-0.135321,-0.016350,0.070000,3.926667,3.016350,3.996667,3.000000,1,16.324010
26173.476375,2.088928,-0.015270,-2.144837,-0.202335,0.426012,0.002989,0.003967,0.134596,-0.006921,0.071479,3.972785,3.011211,4.043393,2.998113,1,16.370561
26173.496377,2.080715,-0.013271,-2.439260,-0.226698,0.424251,0.002635,0.002236,0.095220,-0.002613,0.069675,4.021674,3.006957,4.089748,2.991879,1,16.417336
26173.516376,2.069948,-0.012418,-2.739772,-0.248518,0.422297,0.001267,0.000734,0.028958,0.000920,0.070615,4.067090,2.999566,4.135318,2.981341,1,16.463307
26173.549627,2.055910,-0.011019,-3.058570,-0.264130,0.421585,0.012022,-0.003463,0.146156,-0.002796,0.071617,4.113877,2.994939,4.179704,2.966590,1,16.507053
26173.556382,2.040440,-0.006943,-3.317632,-0.275419,0.422228,-0.010515,0.004193,-0.107239,-0.003319,0.071906,4.156372,2.983786,4.219519,2.949234,1,16.549982
26173.576376,2.023990,-0.001334,-3.504029,-0.280474,0.423641,0.000919,0.000426,0.014363,-0.008627,0.072806,4.199731,2.973402,4.257678,2.928488,1,16.591606
26173.596375,2.006864,0.003958,-3.634931,-0.282509,0.427246,0.000097,0.000038,0.000639,-0.010547,0.069794,4.240587,2.955684,4.291182,2.906464,1,16.632542
26173.616378,1.988830,0.008163,-3.731707,-0.280212,0.431245,-0.000421,-0.000201,-0.005769,-0.009694,0.062575,4.281287,2.929629,4.322814,2.881826,1,16.676199
26173.649791,1.970695,0.011407,-3.793051,-0.273042,0.432493,0.010161,-0.001272,-0.014191,-0.013254,0.066643,4.317170,2.908992,4.354733,2.852370,1,16.718579
26173.656377,1.952646,0.013451,-3.825993,-0.263122,0.436846,-0.012560,-0.000354,-0.022991,-0.017080,0.063229,4.356593,2.879751,4.383975,2.820255,1,16.760662
26173.676391,1.934955,0.014054,-3.842920,-0.252495,0.441574,-0.002061,-0.000946,-0.032628,-0.014318,0.065321,4.384742,2.847510,4.410320,2.785723,1,16.803594
26173.696377,1.918874,0.014691,-3.818030,-0.236912,0.444944,-0.000808,-0.000595,-0.023480,-0.017891,0.066725,4.415849,2.815805,4.433569,2.749035,1,16.844292
26173.716369,1.906030,0.015177,-3.738345,-0.220788,0.449787,-0.001701,-0.001865,-0.054176,-0.018995,0.065594,4.441297,2.780919,4.452129,2.713494,1,16.885129
26173.750100,1.894367,0.013355,-3.648136,-0.202742,0.454795,0.001601,-0.001460,-0.227584,-0.019969,0.065719,4.463254,2.745118,4.467781,2.676581,1,16.925430
26173.756389,1.883293,0.009521,-3.575286,-0.183071,0.461174,-0.009324,-0.007183,-0.052717,-0.017399,0.065393,4.479025,2.706185,4.480426,2.638532,1,16.965460
26173.776372,1.872533,0.004528,-3.532246,-0.157988,0.468306,-0.003667,-0.005601,-0.186049,-0.014692,0.066832,4.491066,2.668012,4.489981,2.599593,1,17.005035
26173.796375,1.867259,0.007422,-3.309785,-0.133823,0.474780,-0.004485,-0.009771,-0.291436,-0.014223,0.064163,4.502804,2.625419,4.496385,2.560013,1,17.045429
26173.816376,1.863286,0.005229,-3.104907,-0.110879,0.480095,-0.006341,-0.014685,-0.438406,-0.005847,0.062448,4.502936,2.582680,4.499598,2.520047,1,17.087756
26173.850487,1.859472,0.000438,-2.956207,-0.083609,0.485715,-0.010528,-0.018458,-0.969482,-0.012521,0.063478,4.512521,2.540145,4.500000,2.476667,1,17.130880
26173.856606,1.856047,-0.004415,-2.854565,-0.059578,0.493190,-0.006351,-0.019030,-0.303739,-0.014918,0.054647,4.514918,2.487981,4.500000,2.433333,1,17.178228
26173.876377,1.851780,-0.010832,-2.835528,-0.033507,0.496942,-0.002338,-0.009537,-0.384450,-0.017121,0.065743,4.517121,2.452410,4.500000,2.386667,1,17.222657
26173.896379,1.856072,0.013062,-2.138451,-0.027046,0.493366,-0.000654,-0.003257,-0.137702,-0.018373,0.065907,4.518373,2.409240,4.500000,2.343333,1,17.263202
26173.916351,1.861295,0.020268,-1.422572,-0.028026,0.489921,-0.000081,0.000219,0.008098,-0.021693,0.070654,4.521693,2.370654,4.500000,2.300000,1,17.304132
26173.948529,1.866849,0.016203,-0.897328,-0.032563,0.489562,-0.003303,0.004361,-0.044281,-0.024486,0.068939,4.524486,2.328939,4.500000,2.260000,1,17.344264
26173.956374,1.872587,0.007257,-0.659348,-0.036934,0.489318,0.003523,-0.002588,0.056095,-0.029613,0.067103,4.529613,2.287103,4.500000,2.220000,1,17.386457
26173.976383,1.878267,0.000995,-0.577471,-0.041407,0.489873,0.000232,0.000737,0.033204,-0.028578,0.062867,4.528578,2.242867,4.500000,2.180000,1,17.429951
26173.996381,1.883935,-0.003624,-0.587068,-0.042898,0.489436,0.000132,0.000397,0.012036,-0.033116,0.069054,4.533116,2.202387,4.500000,2.133333,1,17.472625
26174.016377,1.889432,-0.005784,-0.634322,-0.043524,0.491173,0.000135,0.000536,0.016209,-0.038338,0.066048,4.538338,2.159381,4.500000,2.093333,1,17.514722
26174.054459,1.894990,-0.005972,-0.663500,-0.044659,0.492732,-0.004681,0.000506,0.045530,-0.036424,0.064250,4.536424,2.114250,4.500000,2.050000,1,17.558775
26174.060313,1.900581,-0.005669,-0.679705,-0.042409,0.492992,0.004929,0.000462,-0.002419,-0.034868,0.055216,4.534868,2.061883,4.500000,2.006667,1,17.607291
26174.076392,1.907102,-0.005209,-0.687481,-0.036898,0.490020,0.000143,-0.001119,-0.031875,-0.044617,0.067476,4.544617,2.024142,4.500000,1.956667,1,17.653463
26174.096383,1.911506,-0.005016,-0.691103,-0.036150,0.492237,-0.000169,-0.001308,-0.040447,-0.050485,0.073744,4.550485,1.983744,4.500000,1.910000,1,17.693873
26174.116377,1.916702,-0.004717,-0.690406,-0.035003,0.494667,-0.000193,-0.001632,-0.050649,-0.056470,0.068779,4.556470,1.938779,4.500000,1.870000,1,17.736185
26174.155530,1.921960,-0.004583,-0.691078,-0.034187,0.496463,-0.005406,-0.001898,-0.086468,-0.050055,0.062830,4.550055,1.892830,4.500000,1.830000,1,17.781455
26174.161457,1.927203,-0.004430,-0.690701,-0.028121,0.497265,0.005356,-0.001680,-0.040864,-0.046838,0.049069,4.546838,1.832403,4.500000,1.783333,1,17.833779
26174.176380,1.934234,-0.004374,-0.694467,-0.017258,0.494655,-0.000973,-0.005256,-0.142381,-0.052050,0.073112,4.552050,1.803112,4.500000,1.730000,1,17.879910
26174.196384,1.937347,-0.003797,-0.680884,-0.012704,0.497471,0.000071,-0.001107,-0.034624,-0.051451,0.073649,4.551451,1.756982,4.500000,1.683333,1,17.918828
26174.216355,1.943001,0.002311,-0.487474,-0.011305,0.499043,-0.000020,-0.001578,-0.049030,-0.050219,0.064373,4.550219,1.711039,4.500000,1.646667,1,17.964377
26174.251585,1.948519,0.002071,-0.382918,-0.009756,0.500132,-0.004353,-0.001064,-0.106595,-0.048958,0.067857,4.548958,1.667857,4.500000,1.600000,1,18.009900
26174.257977,1.953872,0.000862,-0.327918,-0.007521,0.501721,0.004516,-0.002262,-0.015082,-0.055290,0.062737,4.555290,1.616070,4.500000,1.553333,1,18.057374
26174.276357,1.960181,-0.000468,-0.303592,-0.008234,0.501087,-0.000335,-0.000196,-0.015320,-0.054061,0.070142,4.554061,1.576809,4.500000,1.506667,1,18.103265
26174.296358,1.964861,0.001135,-0.242211,-0.010223,0.503302,0.000180,0.000156,0.007566,-0.050211,0.073015,4.550211,1.533015,4.500000,1.460000,1,18.145734
26174.316375,1.970536,0.000818,-0.197216,-0.010049,0.505045,0.000162,-0.000039,-0.001356,-0.047910,0.067743,4.547910,1.487743,4.500000,1.420000,1,18.190687
26174.356551,1.976218,0.000023,-0.182787,-0.012479,0.506102,-0.005315,0.000790,0.027537,-0.043678,0.068731,4.543678,1.442065,4.500000,1.373333,1,18.236137
26174.362558,1.981838,-0.000422,-0.177249,-0.016629,0.506757,0.006020,0.000685,0.020006,-0.040831,0.050529,4.540831,1.380529,4.500000,1.330000,1,18.288646
26174.376368,1.989483,-0.000678,-0.175211,-0.025877,0.503511,-0.000075,0.002358,0.070356,-0.040716,0.074302,4.540716,1.350968,4.500000,1.276667,1,18.335872
26174.396345,1.992827,-0.001946,-0.200821,-0.038587,0.506498,0.000355,0.003180,0.099707,-0.040524,0.076279,4.540524,1.306279,4.500000,1.230000,1,18.374799
26174.416368,1.997959,-0.005087,-0.323528,-0.055369,0.508719,0.000588,0.002334,0.111913,-0.036427,0.069314,4.536427,1.259314,4.500000,1.190000,1,18.419296
26174.455224,2.002887,-0.009752,-0.514525,-0.074566,0.510073,-0.002730,0.002429,0.343386,-0.036411,0.067170,4.536411,1.213837,4.500000,1.146667,1,18.465217
26174.461736,2.007539,-0.011413,-0.737675,-0.098598,0.512484,0.005808,0.008221,0.021229,-0.035358,0.051456,4.535358,1.151456,4.500000,1.100000,1,18.518347
26174.476386,2.014051,-0.007914,-0.882452,-0.137852,0.510761,0.002432,0.008267,0.259107,-0.030880,0.074779,4.530880,1.121446,4.500000,1.046667,1,18.565359
26174.496374,2.015862,-0.013869,-1.089456,-0.175287,0.504351,0.003575,0.004753,0.206829,-0.031700,0.075113,4.531700,1.075113,4.500000,1.000000,1,18.603489
26174.516372,2.015560,-0.025013,-1.598392,-0.190669,0.499859,0.001913,0.002134,0.063775,-0.022580,0.069142,4.526436,1.027137,4.498399,0.960022,1,18.648007
26174.552566,2.012865,-0.028389,-2.146172,-0.204818,0.498988,0.007069,-0.001430,0.365415,-0.014013,0.067919,4.518156,0.981661,4.493065,0.917010,1,18.693796
26174.558144,2.010715,-0.022784,-2.485632,-0.221115,0.501399,-0.000409,0.009692,-0.085793,-0.008234,0.060789,4.506770,0.928022,4.483178,0.871396,1,18.741993
26174.576355,2.008371,-0.013646,-2.692608,-0.240744,0.502674,0.002655,0.001229,0.080474,-0.002219,0.071726,4.495994,0.893425,4.469081,0.826902,1,18.786995
26174.596375,2.002943,-0.014942,-2.921876,-0.251411,0.505178,0.001396,0.000944,0.025814,-0.002108,0.073048,4.484367,0.848881,4.450897,0.783917,1,18.828157
26174.616381,1.994885,-0.013349,-3.187480,-0.254624,0.506235,0.001143,0.000633,0.021124,0.000574,0.063991,4.463861,0.804157,4.432177,0.748557,1,18.873859
26174.652773,1.986453,-0.009051,-3.376447,-0.258711,0.506981,0.009083,-0.003519,0.088972,0.001815,0.063071,4.442034,0.761730,4.406848,0.709354,1,18.921214
26174.659387,1.977204,-0.004344,-3.517432,-0.261324,0.507260,-0.008074,0.004310,-0.058796,0.001877,0.056040,4.413240,0.716276,4.377974,0.672684,1,18.970773
26174.676388,1.965696,0.001348,-3.615183,-0.263160,0.505500,0.001266,0.000228,0.012153,0.002312,0.068674,4.391720,0.685412,4.343390,0.636568,1,19.016523
26174.696378,1.957691,0.004109,-3.657760,-0.266081,0.507923,0.000377,0.000235,0.005126,-0.001373,0.071175,4.364919,0.648894,4.308006,0.606132,1,19.057269
26174.716374,1.946965,0.006281,-3.701398,-0.268010,0.510377,0.000427,0.000376,0.009450,-0.003848,0.065882,4.332625,0.615859,4.275528,0.582766,1,19.100366
26174.752881,1.936274,0.007720,-3.725770,-0.269504,0.511850,0.009322,0.000654,0.025086,-0.009834,0.069046,4.303743,0.584743,4.238360,0.560472,1,19.142254
26174.759216,1.925505,0.008242,-3.738252,-0.270336,0.515136,-0.009198,-0.000143,0.002139,-0.013572,0.058273,4.261231,0.554007,4.202454,0.542821,1,19.186190
26174.776387,1.912854,0.007876,-3.742909,-0.269396,0.513921,0.000665,0.000259,0.006353,-0.015408,0.068811,4.232190,0.534739,4.162101,0.527006,1,19.227577
26174.796378,1.904465,0.006867,-3.747820,-0.266991,0.517148,-0.000196,-0.000133,-0.003957,-0.016162,0.072186,4.194482,0.516460,4.120529,0.514745,1,19.264646
26174.816390,1.894401,0.005248,-3.757864,-0.263193,0.520093,-0.000478,-0.000372,-0.010010,-0.017382,0.068075,4.154669,0.501606,4.084634,0.507215,1,19.304172
26174.855460,1.884893,0.003712,-3.762893,-0.258201,0.523281,0.006649,0.000723,-0.035214,-0.017106,0.064184,4.110424,0.490761,4.044962,0.502026,1,19.345161
26174.861524,1.876011,0.002224,-3.764727,-0.256316,0.527412,-0.008414,-0.001978,-0.012450,-0.017059,0.056806,4.061976,0.483535,4.005002,0.500025,1,19.389838
26174.876384,1.865355,0.000156,-3.769291,-0.252264,0.528513,-0.001696,-0.001161,-0.026540,-0.014212,0.067733,4.028130,0.482110,3.961685,0.501470,1,19.430051
26174.896378,1.858812,-0.001025,-3.767604,-0.249261,0.531366,-0.002146,-0.001634,-0.045475,-0.012986,0.070080,3.985689,0.482447,3.918655,0.506661,1,19.466966
26174.916377,1.850839,-0.002628,-3.767221,-0.246870,0.533588,-0.001069,-0.000713,-0.028239,-0.015556,0.062542,3.939857,0.484158,3.882710,0.513952,1,19.508171
26174.951755,1.844593,-0.003021,-3.742021,-0.250597,0.534861,0.004363,0.001550,-0.012242,-0.016451,0.063286,3.899234,0.489536,3.844223,0.524886,1,19.549433
26174.957303,1.839667,-0.003627,-3.696982,-0.246449,0.532751,-0.003213,-0.001135,0.024459,-0.018280,0.061108,3.856027,0.498382,3.806734,0.538862,1,19.590373
26174.976388,1.835082,-0.005078,-3.660854,-0.246338,0.533397,-0.000144,-0.000051,0.001500,-0.016863,0.064632,3.816905,0.512351,3.767525,0.557332,1,19.630590
26174.996383,1.830503,-0.006910,-3.633944,-0.250512,0.534064,0.000554,0.000464,0.012267,-0.018308,0.066924,3.779667,0.526106,3.732876,0.577336,1,19.668818
26175.016380,1.826274,-0.008865,-3.618597,-0.251696,0.534333,0.000517,0.000313,0.009866,-0.020901,0.063204,3.740988,0.543661,3.702611,0.598055,1,19.707583
26175.053929,1.822139,-0.010867,-3.616513,-0.252638,0.534888,0.003826,0.001140,0.013657,-0.019801,0.068587,3.710111,0.563123,3.671425,0.623120,1,19.745054
26175.060041,1.817771,-0.012675,-3.628154,-0.249918,0.536092,-0.003367,-0.000988,-0.012041,-0.020062,0.057380,3.670796,0.593328,3.644682,0.648220,1,19.785480
26175.076383,1.813194,-0.013971,-3.641553,-0.239334,0.532196,-0.000642,-0.000867,-0.025359,-0.016395,0.069073,3.649674,0.614375,3.617693,0.677755,1,19.824100
26175.096381,1.810211,-0.014006,-3.636414,-0.231691,0.534848,-0.000710,-0.000991,-0.028670,-0.018130,0.069939,3.619055,0.641907,3.593152,0.709354,1,19.858841
26175.116386,1.807598,-0.013351,-3.598944,-0.225431,0.537947,-0.001670,-0.001853,-0.052134,-0.018259,0.070609,3.596277,0.667456,3.574685,0.737118,1,19.894288
26175.151971,1.804797,-0.013779,-3.568471,-0.217273,0.541404,-0.002353,-0.002619,-0.149355,-0.022517,0.071359,3.569556,0.695313,3.556559,0.769002,1,19.928430
26175.157256,1.802157,-0.014692,-3.546301,-0.210293,0.544815,-0.003416,-0.002869,-0.028789,-0.022885,0.059636,3.545158,0.735267,3.542149,0.799072,1,19.967627
26175.176358,1.799053,-0.016131,-3.535064,-0.199569,0.546181,-0.001292,-0.002273,-0.079423,-0.021939,0.070192,3.529797,0.762816,3.527549,0.836323,1,20.005127
26175.196359,1.799884,-0.013110,-3.436076,-0.187813,0.549873,-0.001158,-0.001601,-0.062551,-0.019409,0.068710,3.515739,0.800005,3.516822,0.871396,1,20.040290
26175.216364,1.801911,-0.010263,-3.280487,-0.174092,0.552136,-0.000787,-0.001160,-0.044448,-0.017772,0.068229,3.503900,0.836818,3.508695,0.907161,1,20.078488
26175.251909,1.805313,-0.008230,-3.081757,-0.160133,0.553792,-0.004876,-0.000730,-0.209491,-0.014617,0.066543,3.496217,0.875656,3.503211,0.943426,1,20.116459
26175.258374,1.809267,-0.009147,-2.911944,-0.142754,0.555340,0.002376,-0.006040,0.000866,-0.014464,0.056845,3.488222,0.922617,3.500400,0.979995,1,20.158680
26175.276380,1.813857,-0.012684,-2.799133,-0.118677,0.555477,-0.002081,-0.002928,-0.129083,-0.012173,0.068855,3.487827,0.954479,3.500000,1.023333,1,20.199232
26175.296357,1.819230,-0.005934,-2.546325,-0.098580,0.557928,-0.000869,-0.001952,-0.079674,-0.011052,0.069781,3.488948,0.993553,3.500000,1.063333,1,20.236159
26175.316376,1.827247,-0.000421,-2.166519,-0.079323,0.557808,-0.000363,-0.004873,-0.149360,-0.019316,0.065335,3.480684,1.034665,3.500000,1.100000,1,20.276181
26175.352183,1.836157,-0.001352,-1.875395,-0.056830,0.558135,-0.009442,-0.007722,-0.520430,-0.019261,0.065647,3.480739,1.074353,3.500000,1.140000,1,20.316990
26175.358331,1.844075,-0.004724,-1.702788,-0.031940,0.559357,0.005834,-0.011837,-0.146634,-0.011970,0.061093,3.488030,1.122241,3.500000,1.183333,1,20.361115
26175.376380,1.853194,-0.009136,-1.631546,0.000101,0.559255,-0.001080,-0.005349,-0.239283,-0.017661,0.069539,3.482339,1.157128,3.500000,1.226667,1,20.403298
26175.396386,1.861271,0.008946,-1.126302,0.021328,0.554785,0.000286,-0.005508,-0.167332,-0.017088,0.071368,3.482912,1.198632,3.500000,1.270000,1,20.442512
26175.416375,1.870844,0.015696,-0.537432,0.035643,0.549645,0.001409,-0.009227,-0.282086,-0.017277,0.064552,3.482723,1.242115,3.500000,1.306667,1,20.485042
26175.455026,1.881031,0.011450,-0.230042,0.058760,0.545135,-0.005265,-0.012388,-0.770841,-0.016957,0.064332,3.483043,1.285668,3.500000,1.350000,1,20.529058
26175.460338,1.891034,0.006724,-0.083323,0.091123,0.540123,0.010330,-0.012676,-0.169790,-0.016650,0.058256,3.483350,1.335077,3.500000,1.393333,1,20.576264
26175.476390,1.902670,0.002795,-0.021589,0.127026,0.530825,0.003407,-0.009243,-0.308680,-0.022296,0.070300,3.477704,1.369700,3.500000,1.440000,1,20.620204
26175.496378,1.907603,0.019261,0.433970,0.146926,0.521254,0.002975,-0.004112,-0.168362,-0.025333,0.074103,3.474667,1.412564,3.500000,1.486667,1,20.661434
26175.516376,1.911326,0.032246,1.137397,0.158274,0.517971,0.000937,-0.000856,-0.033489,-0.032055,0.069343,3.470982,1.455767,3.499285,1.526724,1,20.707026
26175.555550,1.913086,0.035502,1.764593,0.164669,0.518525,-0.000771,0.005833,-0.245649,-0.043565,0.069245,3.461655,1.498381,3.494604,1.573262,1,20.754205
26175.560951,1.914926,0.031583,2.174887,0.168618,0.519850,0.002289,-0.007378,0.215297,-0.050970,0.051290,3.448316,1.557199,3.485594,1.619159,1,20.810144
26175.576380,1.917508,0.023005,2.477459,0.173472,0.519298,0.000529,0.000155,-0.035606,-0.061315,0.071946,3.436402,1.584702,3.468951,1.673450,1,20.862569
26175.596381,1.918395,0.020399,2.560260,0.181031,0.524725,0.000647,-0.000601,-0.022163,-0.065175,0.071050,3.421871,1.627069,3.449234,1.719519,1,20.907266
26175.616356,1.919027,0.017688,2.683711,0.189722,0.529818,0.001078,-0.001493,-0.042442,-0.070072,0.066733,3.401721,1.667066,3.426756,1.760537,1,20.956699
26175.654287,1.919500,0.015163,2.776216,0.195943,0.533324,0.002100,-0.000713,-0.143316,-0.071012,0.065407,3.381432,1.706927,3.398534,1.801944,1,21.007519
26175.660617,1.919617,0.012566,2.828186,0.203825,0.537954,0.000669,-0.003774,-0.015729,-0.067367,0.050294,3.351187,1.757621,3.366309,1.840320,1,21.063769
26175.676354,1.919699,0.009784,2.859944,0.208696,0.538410,0.001019,-0.001036,-0.040909,-0.070499,0.069151,3.331992,1.781131,3.325359,1.879660,1,21.114803
26175.696351,1.918861,0.011629,2.929455,0.212582,0.543585,0.000818,-0.000470,-0.016617,-0.065530,0.069789,3.305548,1.816663,3.285723,1.910320,1,21.158020
26175.716352,1.917469,0.012840,3.044587,0.211364,0.548128,0.000260,0.000029,0.003223,-0.061218,0.065036,3.274939,1.848092,3.249035,1.933569,1,21.204635
26175.754318,1.916064,0.011978,3.137255,0.205384,0.552084,0.000559,0.002592,0.013337,-0.056654,0.063144,3.241381,1.877198,3.207431,1.954942,1,21.251786
26175.759937,1.914857,0.009952,3.192110,0.196059,0.555757,-0.001680,-0.000682,0.047348,-0.048380,0.054344,3.199480,1.908806,3.164012,1.972335,1,21.301736
26175.776379,1.913268,0.007699,3.228864,0.181433,0.556324,-0.000593,0.001526,0.054840,-0.043799,0.065587,3.169557,1.928569,3.115910,1.986379,1,21.347760
26175.796365,1.913897,0.003574,3.174269,0.165081,0.560271,-0.001038,0.002949,0.090988,-0.035675,0.065761,3.130077,1.950558,3.069954,1.995082,1,21.389508
26175.816364,1.915630,0.000162,3.056604,0.147114,0.563032,-0.002676,0.006397,0.194726,-0.027024,0.061067,3.089393,1.968449,3.030061,1.999096,1,21.434168
26175.853861,1.917079,0.000310,2.970941,0.127218,0.564766,-0.008770,0.009269,0.548580,-0.016732,0.064411,3.047744,1.983268,2.983333,2.000000,1,21.478141
26175.859608,1.918331,0.002063,2.922232,0.105751,0.565248,-0.000811,0.009186,0.143365,-0.002204,0.057241,2.997241,1.997796,2.940000,2.000000,1,21.525180
26175.876383,1.919793,0.004046,2.890814,0.082092,0.561555,-0.001456,0.004956,0.204794,0.006660,0.068249,2.961583,2.006660,2.893333,2.000000,1,21.570248
26175.896381,1.925297,-0.010992,2.494632,0.068748,0.557553,0.000319,0.000957,0.048323,0.015119,0.071663,2.918329,2.015119,2.846667,2.000000,1,21.611453
26175.916385,1.933259,-0.019381,1.903320,0.065300,0.550213,0.001094,0.000186,0.013832,0.021433,0.067907,2.874573,2.021433,2.806667,2.000000,1,21.654870
26175.951042,1.941334,-0.014966,1.501349,0.063634,0.540213,-0.004018,-0.004200,0.104990,0.025247,0.067259,2.830592,2.025247,2.763333,2.000000,1,21.699171
26175.956523,1.948628,-0.007545,1.275261,0.067078,0.530213,0.005884,0.003814,-0.072553,0.027859,0.065335,2.785335,2.027859,2.720000,2.000000,1,21.744580
26175.976385,1.956105,-0.001656,1.168971,0.074444,0.520213,0.001070,-0.000593,-0.028398,0.028878,0.066418,2.739751,2.028878,2.673333,2.000000,1,21.790183
26175.996382,1.962107,0.003544,1.166457,0.087052,0.510213,0.000776,-0.000963,-0.044108,0.028253,0.068195,2.694862,2.028253,2.626667,2.000000,1,21.834739
26176.016401,1.966677,0.008136,1.255361,0.104921,0.500213,0.001023,-0.001342,-0.060945,0.027052,0.065437,2.648770,2.027052,2.583333,2.000000,1,21.879809
26176.050611,1.969965,0.012423,1.424540,0.126903,0.490213,0.000736,-0.000574,-0.211810,0.024669,0.062239,2.602239,2.024669,2.540000,2.000000,1,21.926104
26176.056370,1.971640,0.016395,1.664404,0.150125,0.480524,0.001592,-0.002719,0.095372,0.019701,0.062941,2.555988,2.020496,2.493316,1.999955,1,21.972375
26176.076401,1.972636,0.016366,1.877482,0.174323,0.471679,0.002053,-0.001922,-0.089535,0.009260,0.065237,2.510504,2.013314,2.446628,1.997143,1,22.018260
26176.096380,1.970519,0.020513,2.179399,0.195217,0.463491,0.001532,-0.001190,-0.047138,0.000709,0.065943,2.464887,2.003811,2.400407,1.989981,1,22.064000
26176.116407,1.966012,0.022354,2.508881,0.212030,0.456202,0.001530,-0.000872,-0.034076,-0.004833,0.066033,2.419656,1.993047,2.355058,1.978531,1,22.109958
26176.151661,1.959936,0.021487,2.799249,0.223604,0.449952,0.007756,0.002761,-0.153128,-0.008364,0.065246,2.374542,1.979815,2.310976,1.962893,1,22.156336
26176.156980,1.952332,0.018811,3.033547,0.233350,0.445380,-0.007325,-0.004444,0.129745,-0.009850,0.054687,2.324662,1.960971,2.271517,1.944742,1,22.205729
26176.176389,1.942351,0.013937,3.225549,0.238563,0.439512,0.002986,-0.000087,-0.036873,-0.011383,0.067288,2.290810,1.946670,2.228148,1.919638,1,22.251711
26176.196374,1.934867,0.011496,3.324453,0.239006,0.437205,0.000667,-0.000081,0.000565,-0.012973,0.067861,2.251422,1.924276,2.190125,1.892400,1,22.293737
26176.216373,1.924584,0.008900,3.425702,0.232468,0.434364,0.000098,0.000672,0.022635,-0.013466,0.065397,2.214083,1.899053,2.157239,1.864026,1,22.338320
26176.252453,1.914232,0.006317,3.486231,0.218798,0.432839,0.007093,0.002014,0.076394,-0.014000,0.062820,2.179212,1.870456,2.126940,1.832906,1,22.383914
26176.258165,1.904617,0.003035,3.487752,0.198379,0.431902,-0.008567,-0.000009,-0.015909,-0.015265,0.058167,2.144258,1.834363,2.097465,1.796590,1,22.431920
26176.276371,1.894025,0.000645,3.427545,0.168419,0.430636,-0.001256,0.005471,0.174085,-0.017513,0.068264,2.121700,1.807153,2.071512,1.757678,1,22.476555
26176.296377,1.888553,-0.001540,3.330373,0.133223,0.432494,-0.002209,0.004732,0.204567,-0.019720,0.071618,2.098096,1.772528,2.049309,1.716512,1,22.517399
26176.316375,1.884506,-0.008958,3.040471,0.093229,0.432988,-0.000192,0.003398,0.155045,-0.022182,0.068169,2.078611,1.735346,2.033410,1.679704,1,22.560930
26176.352440,1.884509,-0.017813,2.507133,0.053229,0.431978,-0.000328,-0.003941,0.543794,-0.024068,0.067308,2.061349,1.696537,2.019574,1.638532,1,22.604836
26176.357835,1.886402,-0.022382,1.873974,0.013229,0.430678,0.001622,0.011814,-0.312981,-0.026130,0.059861,2.046536,1.650022,2.009364,1.596316,1,22.650776
26176.376390,1.888497,-0.015457,1.284960,-0.026771,0.428513,0.000687,0.010207,0.385848,-0.023914,0.069435,2.033255,1.616740,2.002511,1.550048,1,22.693995
26176.396377,1.890471,-0.017363,0.837040,-0.066771,0.426671,0.001331,0.006506,0.292716,-0.022430,0.070300,2.023412,1.576678,2.000045,1.506684,1,22.732757
26176.416362,1.891733,-0.026048,0.161159,-0.106771,0.423189,0.001783,0.003753,0.151046,-0.009605,0.066128,2.012659,1.535370,1.999096,1.469939,1,22.773699
26176.455747,1.891538,-0.033529,-0.624866,-0.138509,0.420428,0.004671,0.000942,0.624442,-0.000257,0.069818,2.005088,1.495765,1.994604,1.426738,1,22.815437
26176.461936,1.890740,-0.031951,-1.209833,-0.166058,0.420642,0.001593,0.012945,-0.129798,0.010178,0.053280,1.989231,1.441547,1.987143,1.387344,1,22.863230
26176.476381,1.890580,-0.022661,-1.578862,-0.194628,0.418125,0.002717,0.004452,0.171876,0.016151,0.077227,1.982972,1.417466,1.973420,1.339148,1,22.905492
26176.496386,1.887530,-0.028625,-1.863942,-0.215618,0.422188,0.000923,0.000977,0.038475,0.019527,0.074752,1.970726,1.378100,1.959010,1.301733,1,22.940703
26176.516379,1.879652,-0.035945,-2.411890,-0.228839,0.426792,0.000570,0.000746,0.028188,0.019679,0.069890,1.958113,1.339610,1.943205,1.268549,1,22.981055
26176.554389,1.871579,-0.035489,-2.825878,-0.238888,0.431845,0.008418,-0.003280,0.213772,0.020618,0.068524,1.942267,1.302763,1.923235,1.233782,1,23.021725
26176.560569,1.863604,-0.031456,-3.107204,-0.245087,0.437081,-0.006548,0.005568,-0.106110,0.019573,0.060400,1.921016,1.260827,1.900544,1.200726,1,23.065163
26176.576384,1.854264,-0.025175,-3.293725,-0.247434,0.440754,0.000453,0.000576,0.016914,0.022401,0.068832,1.902175,1.233365,1.873060,1.167094,1,23.106430
26176.596385,1.847536,-0.023159,-3.397680,-0.245482,0.446027,-0.000021,-0.000075,-0.003543,0.023221,0.066508,1.877271,1.200988,1.845186,1.138273,1,23.144982
26176.616376,1.839003,-0.020819,-3.498683,-0.240359,0.451496,-0.000740,-0.000627,-0.017910,0.025445,0.068235,1.852038,1.174535,1.815093,1.111778,1,23.184619
26176.654765,1.830629,-0.018418,-3.553883,-0.230682,0.456980,0.004114,-0.002959,-0.081227,0.025368,0.065651,1.822742,1.145849,1.782974,1.087779,1,23.224568
26176.660293,1.822384,-0.016751,-3.582145,-0.219748,0.462814,-0.008655,-0.000966,-0.040916,0.022592,0.057248,1.787424,1.114536,1.749035,1.066431,1,23.268570
26176.676373,1.812437,-0.015919,-3.596393,-0.206505,0.467401,-0.001308,-0.001676,-0.056732,0.024524,0.064749,1.758877,1.095955,1.710467,1.046455,1,23.310259
26176.696362,1.808615,-0.012284,-3.516648,-0.192263,0.473551,-0.001384,-0.002388,-0.069918,0.024004,0.067173,1.725292,1.075349,1.670312,1.029900,1,23.348339
26176.716376,1.805459,-0.009641,-3.367016,-0.177253,0.479210,-0.001666,-0.002347,-0.090455,0.020784,0.064594,1.691876,1.056149,1.635318,1.018659,1,23.388016
26176.753884,1.803470,-0.008162,-3.200789,-0.161092,0.484931,-0.002071,-0.000499,-0.258719,0.018724,0.063179,1.654704,1.039908,1.596316,1.009364,1,23.428270
26176.759713,1.803298,-0.007831,-2.997553,-0.145456,0.490149,-0.001457,-0.006408,0.028863,0.012637,0.054272,1.609183,1.021934,1.556694,1.003225,1,23.472085
26176.776374,1.802715,-0.011935,-2.859681,-0.128669,0.493213,-0.002115,-0.004612,-0.160874,0.009307,0.063455,1.576550,1.011179,1.513367,1.000179,1,23.513568
26176.796373,1.804174,-0.009402,-2.695987,-0.114421,0.498822,-0.001088,-0.003422,-0.102165,-0.000995,0.066814,1.536814,0.999005,1.470000,1.000000,1,23.551830
26176.816375,1.808229,-0.005830,-2.387635,-0.104747,0.503684,-0.001982,-0.005523,-0.164965,-0.011558,0.065807,1.499141,0.988442,1.433333,1.000000,1,23.591735
26176.853316,1.811806,-0.008361,-2.204820,-0.096648,0.509118,-0.007824,-0.005562,-0.375109,-0.020554,0.064419,1.457752,0.979446,1.393333,1.000000,1,23.631882
26176.859404,1.815185,-0.011601,-2.105030,-0.091481,0.514464,0.001561,-0.006699,-0.072005,-0.028954,0.058494,1.411827,0.971046,1.353333,1.000000,1,23.675427
26176.876384,1.818949,-0.014823,-2.065037,-0.088341,0.518322,-0.002256,-0.004111,-0.147331,-0.034537,0.066787,1.376787,0.965463,1.310000,1.000000,1,23.716655
26176.896375,1.822952,-0.010668,-1.942049,-0.091825,0.524468,-0.000266,0.000268,0.012780,-0.041248,0.066996,1.333663,0.958752,1.266667,1.000000,1,23.755947
26176.916377,1.829856,-0.006598,-1.703723,-0.103921,0.529564,0.000366,0.002865,0.086229,-0.047403,0.061921,1.291921,0.952597,1.230000,1.000000,1,23.798243
26176.952857,1.836577,-0.008160,-1.590530,-0.119632,0.533982,-0.003706,0.007623,0.269536,-0.050772,0.062606,1.249273,0.949228,1.186667,1.000000,1,23.841464
26176.958623,1.843114,-0.010120,-1.542888,-0.138833,0.537495,0.006804,0.004206,0.125693,-0.055433,0.056608,1.199942,0.944567,1.143333,1.000000,1,23.887442
26176.976387,1.850982,-0.011030,-1.511042,-0.163566,0.539132,0.001023,0.003818,0.149391,-0.057684,0.069469,1.166135,0.942316,1.096667,1.000000,1,23.928848
26176.996378,1.853731,-0.022103,-1.765146,-0.182340,0.541178,0.001589,0.003096,0.090252,-0.059159,0.064993,1.121660,0.940841,1.056667,1.000000,1,23.967355
26177.016372,1.856539,-0.028501,-2.137612,-0.198182,0.543332,0.002970,0.005880,0.172830,-0.059522,0.059012,1.075679,0.940478,1.016667,1.000000,1,24.009987
26177.053329,1.860099,-0.026807,-2.365045,-0.216383,0.545822,0.004707,0.006800,0.467324,-0.054980,0.061929,1.032178,0.942503,0.973276,1.000715,1,24.051097
26177.059603,1.863749,-0.023326,-2.496015,-0.234711,0.548116,0.005597,0.008034,0.064272,-0.052243,0.049870,0.975818,0.946038,0.933357,1.004461,1,24.096175
26177.076390,1.868360,-0.019075,-2.564069,-0.256241,0.548087,0.004707,0.006159,0.199525,-0.048475,0.060206,0.938744,0.951641,0.890602,1.012115,1,24.139430
26177.096378,1.868787,-0.022833,-2.710514,-0.269894,0.549107,0.001841,0.001105,0.028341,-0.047868,0.063197,0.894420,0.958699,0.848673,1.023450,1,24.177286
26177.116376,1.864749,-0.029848,-3.080715,-0.272471,0.549251,0.001773,0.001446,0.039390,-0.045122,0.065803,0.854838,0.970457,0.810976,1.037107,1,24.215767
26177.153131,1.861196,-0.028771,-3.346607,-0.271386,0.551343,0.005565,-0.002241,0.157932,-0.042226,0.064346,0.816313,0.985794,0.777483,1.052243,1,24.253665
26177.159219,1.857756,-0.024618,-3.519418,-0.267273,0.554988,-0.002508,0.004732,-0.070062,-0.048081,0.051616,0.761776,1.003707,0.742322,1.071512,1,24.298515
26177.176386,1.853899,-0.018898,-3.636895,-0.263191,0.556796,0.000503,0.000130,0.012453,-0.044535,0.065312,0.732769,1.021072,0.706107,1.095492,1,24.339593
26177.196382,1.850767,-0.016009,-3.687407,-0.258003,0.562469,-0.000506,-0.000490,-0.015221,-0.041681,0.067995,0.699148,1.044445,0.674641,1.120340,1,24.373759
26177.216376,1.846703,-0.013334,-3.735366,-0.247938,0.567690,-0.001623,-0.001561,-0.045629,-0.046667,0.062777,0.659280,1.067916,0.647630,1.145267,1,24.413064
26177.251308,1.842696,-0.011143,-3.760020,-0.240025,0.573966,-0.001878,-0.003545,-0.112197,-0.035797,0.061004,0.635504,1.102580,0.622523,1.172111,1,24.453604
26177.257537,1.838264,-0.009743,-3.770311,-0.227493,0.578545,-0.005122,-0.001507,-0.045357,-0.042175,0.051694,0.591756,1.139496,0.595492,1.206107,1,24.498483
26177.276376,1.833273,-0.009013,-3.775742,-0.216979,0.581773,-0.001425,-0.002167,-0.071424,-0.042032,0.063444,0.568188,1.166291,0.571512,1.242322,1,24.539945
26177.296355,1.833195,-0.005286,-3.685738,-0.209963,0.586472,-0.001111,-0.001255,-0.046704,-0.039960,0.068828,0.545081,1.201098,0.550766,1.280481,1,24.575361
26177.316376,1.834099,-0.002765,-3.553179,-0.200355,0.589899,-0.000724,-0.001436,-0.043999,-0.053462,0.059594,0.510141,1.235594,0.537107,1.310976,1,24.614514
26177.348912,1.836243,-0.002458,-3.410765,-0.196939,0.592607,-0.003342,-0.000349,-0.127232,-0.050207,0.062930,0.494644,1.273500,0.523450,1.348673,1,24.653271
26177.356385,1.838081,-0.004841,-3.314151,-0.187360,0.593877,0.000220,-0.003928,-0.013692,-0.056266,0.064692,0.472614,1.311637,0.512857,1.387344,1,24.691548
26177.376371,1.839963,-0.007842,-3.257234,-0.177386,0.595260,-0.003420,-0.005410,-0.155574,-0.052451,0.060525,0.463333,1.355590,0.505897,1.423434,1,24.731492
26177.396373,1.841978,-0.010017,-3.215621,-0.163696,0.595342,-0.004643,-0.008381,-0.245675,-0.047513,0.059971,0.458372,1.399970,0.501351,1.463270,1,24.773643
26177.416393,1.844067,-0.011910,-3.200930,-0.143487,0.594885,-0.003431,-0.005194,-0.210088,-0.053564,0.063712,0.446436,1.442954,0.500000,1.506667,1,24.817030
26177.453579,1.849043,-0.005301,-3.025318,-0.125256,0.593730,-0.008011,-0.002052,-0.364069,-0.062760,0.064017,0.437240,1.485983,0.500000,1.550000,1,24.860615
26177.459146,1.857031,0.000416,-2.700914,-0.109042,0.590971,0.006136,-0.006739,0.076853,-0.064202,0.054871,0.435798,1.538462,0.500000,1.593333,1,24.908636
26177.476382,1.865885,-0.002911,-2.480093,-0.084621,0.586847,-0.001723,-0.005359,-0.210966,-0.067459,0.063769,0.432541,1.576231,0.500000,1.640000,1,24.955091
26177.496361,1.873094,0.001821,-2.227075,-0.063316,0.587166,-0.000683,-0.005391,-0.164823,-0.070373,0.063680,0.429627,1.622987,0.500000,1.686667,1,24.998809
26177.516388,1.883131,0.005872,-1.813034,-0.046720,0.585503,-0.000897,-0.009500,-0.293155,-0.071918,0.061496,0.428082,1.668504,0.500000,1.730000,1,25.044660
26177.554120,1.893021,0.002008,-1.581350,-0.027601,0.584187,-0.010746,-0.012103,-0.734974,-0.065080,0.057977,0.434920,1.718690,0.500000,1.776667,1,25.091987
26177.559679,1.902666,-0.002662,-1.474700,-0.004377,0.581356,0.008212,-0.012211,-0.179051,-0.051924,0.042732,0.448076,1.780602,0.500000,1.823333,1,25.147328
26177.576385,1.913913,-0.005960,-1.423970,0.021014,0.573730,-0.000595,-0.023604,-0.679509,-0.059419,0.063499,0.440581,1.816501,0.500000,1.880000,1,25.197638
26177.596389,1.921343,-0.004761,-1.356556,0.036474,0.571567,0.000058,-0.029625,-0.912661,-0.052578,0.063352,0.447422,1.866648,0.500000,1.930000,1,25.242277
26177.616372,1.930240,-0.005713,-1.323653,0.048680,0.567759,0.000809,-0.032816,-1.011071,-0.051775,0.059068,0.448225,1.914265,0.500000,1.973333,1,25.291463
26177.654741,1.938996,-0.006636,-1.321532,0.055824,0.565437,-0.006193,-0.035106,-1.665118,-0.052076,0.060154,0.447924,1.963179,0.500000,2.023333,1,25.340481
26177.660338,1.947649,-0.007083,-1.332732,0.056785,0.563518,0.008488,-0.016789,-0.387489,-0.042059,0.051440,0.457941,2.021893,0.500000,2.073333,1,25.394145
26177.676361,1.958041,-0.007947,-1.379890,0.057166,0.559164,0.000307,-0.005843,-0.249804,-0.045188,0.063540,0.454812,2.063126,0.500000,2.126667,1,25.444913
26177.696380,1.963558,0.019633,-0.723251,0.033169,0.559346,-0.000780,0.005523,0.170027,-0.047914,0.062942,0.452086,2.113725,0.500000,2.176667,1,25.491936
26177.716382,1.970806,0.030356,0.108907,-0.006831,0.563301,-0.000357,0.006321,0.282687,-0.046193,0.059467,0.453807,2.163866,0.500000,2.223333,1,25.542162
26177.753821,1.979275,0.013935,0.336621,-0.046831,0.565300,-0.006050,0.006915,0.460781,-0.047205,0.059215,0.452795,2.214118,0.500000,2.273333,1,25.592595
26177.759171,1.987926,-0.007295,-0.003333,-0.086831,0.561766,0.008698,0.000548,-0.236148,-0.045159,0.048044,0.454841,2.275290,0.500000,2.323333,1,25.647833
26177.776385,1.998016,-0.014691,-0.452761,-0.126831,0.553629,0.002836,0.008918,0.329664,-0.053453,0.066541,0.446547,2.313459,0.500000,2.380000,1,25.698088
26177.796380,2.003139,-0.020471,-0.789406,-0.166831,0.543629,0.002314,0.002172,0.094205,-0.059126,0.067835,0.440874,2.362165,0.500000,2.430000,1,25.742085
26177.816362,2.004717,-0.032797,-1.520902,-0.197001,0.533631,0.002407,0.001999,0.076979,-0.058104,0.060197,0.441896,2.413136,0.500000,2.473333,1,25.789209
26177.851563,2.004307,-0.033933,-2.136170,-0.223390,0.528234,0.006544,-0.002762,0.370612,-0.057577,0.057124,0.440581,2.465278,0.500402,2.520047,1,25.835755
26177.856809,2.002536,-0.028921,-2.591096,-0.248763,0.525633,0.000353,0.010734,-0.164836,-0.050763,0.044800,0.448180,2.529010,0.504461,2.566643,1,25.887567
26177.876386,2.000895,-0.018327,-2.889148,-0.270792,0.521041,0.004024,0.001129,0.102830,-0.052300,0.068445,0.447302,2.565150,0.514406,2.619159,1,25.933090
26177.896374,1.995023,-0.017099,-3.133513,-0.285201,0.519526,0.004085,0.002566,0.069995,-0.051205,0.067051,0.456527,2.613837,0.526580,2.660852,1,25.970818
26177.916373,1.987708,-0.012215,-3.361809,-0.293558,0.517975,0.004926,0.003129,0.084894,-0.061322,0.067102,0.458087,2.660982,0.540990,2.698267,1,26.011514
26177.951844,1.980223,-0.005858,-3.505008,-0.297397,0.519273,0.015299,0.000283,0.187333,-0.064572,0.059024,0.473645,2.712545,0.558352,2.734408,1,26.054050
26177.957612,1.972507,0.000053,-3.587823,-0.300000,0.521209,-0.005830,0.005392,-0.000857,-0.066979,0.053492,0.495064,2.763374,0.580362,2.771852,1,26.100893
26177.976369,1.962792,0.005572,-3.632377,-0.299475,0.519902,0.002945,0.000345,0.021798,-0.075226,0.066551,0.507318,2.804267,0.607600,2.809875,1,26.142122
26177.996374,1.952923,0.005238,-3.712024,-0.296624,0.523526,-0.000066,-0.000109,-0.005999,-0.068399,0.061973,0.541399,2.841472,0.633691,2.840320,1,26.181194
26178.016376,1.939830,0.005572,-3.801785,-0.285335,0.522681,-0.000963,-0.000684,-0.021411,-0.074297,0.059162,0.568320,2.883367,0.662136,2.868576,1,26.223416
26178.055643,1.926995,0.006644,-3.865147,-0.272835,0.525759,0.008896,-0.001408,-0.035979,-0.070153,0.056494,0.607861,2.917723,0.695398,2.896507,1,26.266829
26178.062037,1.915475,0.008510,-3.889002,-0.260068,0.528440,-0.011224,0.000452,0.007441,-0.084901,0.043571,0.648550,2.969564,0.730959,2.921446,1,26.315651
26178.076390,1.901400,0.010118,-3.867388,-0.246123,0.530108,-0.000571,-0.001761,-0.049038,-0.080827,0.072480,0.670113,2.983515,0.771517,2.944742,1,26.352714
26178.096380,1.895545,0.009938,-3.853731,-0.232245,0.537064,-0.004298,-0.003894,-0.110756,-0.087189,0.073479,0.703119,3.011910,0.804805,2.960325,1,26.381183
26178.116379,1.885753,0.008591,-3.835581,-0.216163,0.544165,-0.003337,-0.002743,-0.102316,-0.090313,0.060599,0.745528,3.036083,0.832834,2.971228,1,26.418818
26178.159090,1.879205,0.009903,-3.749282,-0.201552,0.551049,0.001089,0.002893,-0.226170,-0.093287,0.058399,0.786933,3.056778,0.867902,2.982235,1,26.458687
26178.164932,1.877120,0.012302,-3.554033,-0.187898,0.556282,-0.001865,-0.005752,0.179490,-0.099808,0.032799,0.856169,3.083230,0.906966,2.991268,1,26.509058
26178.176394,1.875321,0.007529,-3.293975,-0.172358,0.551924,-0.000840,-0.001484,-0.078661,-0.095133,0.077800,0.870844,3.086136,0.956607,2.998113,1,26.548124
26178.196394,1.875452,0.006725,-3.223168,-0.156244,0.558077,-0.001369,-0.003025,-0.092747,-0.096202,0.082009,0.914007,3.095641,0.996658,2.999989,1,26.575754
26178.216378,1.877491,0.005546,-3.005618,-0.138259,0.562472,-0.003016,-0.006711,-0.200739,-0.104025,0.055346,0.957988,3.104025,1.013333,3.000000,2,26.621716
26178.252302,1.879564,0.001082,-2.862502,-0.117149,0.569566,-0.007982,-0.002072,-0.416097,-0.108130,0.057582,1.002418,3.108130,1.060000,3.000000,2,26.670907
26178.259159,1.884002,0.003217,-2.630762,-0.094837,0.574708,0.005161,-0.003789,0.182929,-0.114846,0.054895,1.055105,3.114846,1.110000,3.000000,2,26.719243
26178.276390,1.892241,0.004572,-2.245855,-0.078698,0.573951,-0.001260,-0.002784,-0.126570,-0.114029,0.066703,1.089964,3.114029,1.156667,3.000000,2,26.763331
26178.296381,1.898779,0.006846,-1.962008,-0.063357,0.576105,-0.000635,-0.003867,-0.118851,-0.110944,0.068977,1.134356,3.110944,1.203333,3.000000,2,26.803933
26178.316380,1.907643,0.006321,-1.626645,-0.049072,0.576554,-0.000657,-0.003084,-0.131942,-0.102904,0.068941,1.174392,3.102904,1.243333,3.000000,2,26.846115
26178.355626,1.916813,0.006065,-1.347969,-0.031979,0.577589,-0.009814,-0.000773,-0.347819,-0.098085,0.066049,1.217284,3.098085,1.283333,3.000000,2,26.887911
26178.362289,1.926638,0.005647,-1.068340,-0.016099,0.578040,0.009968,-0.008610,0.006376,-0.089752,0.047369,1.279298,3.089752,1.326667,3.000000,2,26.939540
26178.376390,1.940031,0.000573,-0.898897,0.000079,0.572067,-0.000974,-0.007459,-0.229700,-0.084395,0.068443,1.308223,3.084395,1.376667,3.000000,2,26.986140
26178.396378,1.945915,0.002660,-0.788019,0.014494,0.573794,0.000172,-0.001107,-0.052871,-0.077422,0.068045,1.355288,3.077422,1.423333,3.000000,2,27.026294
26178.416378,1.955613,0.013265,-0.326817,0.016831,0.570543,0.000307,-0.000255,-0.011248,-0.070799,0.062810,1.400524,3.070799,1.463333,3.000000,2,27.072859
26178.454316,1.965241,0.012891,-0.012672,0.016941,0.567490,-0.007723,0.003106,-0.074412,-0.063047,0.063898,1.446102,3.063047,1.510000,3.000000,2,27.119015
26178.460421,1.974711,0.009197,0.157026,0.018288,0.563692,0.008436,-0.002973,0.053757,-0.055500,0.054621,1.502046,3.055500,1.556667,3.000000,2,27.169613
26178.476356,1.985834,0.005258,0.246128,0.021726,0.557046,0.000774,-0.000870,-0.025285,-0.048183,0.065032,1.541635,3.048183,1.606667,3.000000,2,27.218749
26178.496380,1.993133,0.003872,0.279001,0.025170,0.555581,0.000790,-0.001774,-0.055725,-0.041247,0.069748,1.586919,3.041247,1.656667,3.000000,2,27.263082
26178.516375,2.001861,0.002698,0.302127,0.028706,0.553304,0.000785,-0.001116,-0.049106,-0.033070,0.069503,1.633830,3.033070,1.703333,3.000000,2,27.308946
26178.554049,2.010246,0.003519,0.347951,0.031915,0.549463,-0.005766,0.000303,-0.066324,-0.026031,0.063772,1.682895,3.026031,1.746667,3.000000,2,27.356644
26178.560142,2.018015,0.004764,0.433452,0.034517,0.544108,0.006937,-0.000972,0.040027,-0.020715,0.055288,1.741379,3.020715,1.796667,3.000000,2,27.410442
26178.576379,2.027019,0.004204,0.504311,0.034088,0.538119,0.000509,-0.000029,-0.002664,-0.013568,0.070079,1.779921,3.013568,1.850000,3.000000,2,27.460494
26178.596351,2.032665,0.003868,0.540861,0.035514,0.537801,0.000285,-0.000369,-0.011431,-0.009590,0.073720,1.826280,3.009590,1.900000,3.000000,2,27.504102
26178.616380,2.039130,0.003085,0.569159,0.036546,0.536666,0.000582,-0.000640,-0.020041,-0.003942,0.068080,1.875253,3.003942,1.943333,3.000000,2,27.551676
26178.654059,2.045720,0.002343,0.583028,0.033867,0.532921,-0.004390,0.000325,-0.000614,-0.000324,0.064459,1.925541,3.000324,1.990000,3.000000,2,27.601682
26178.660153,2.052078,0.001772,0.588729,0.031130,0.527803,0.005605,0.000069,0.009145,0.002347,0.053806,1.986194,2.997653,2.040000,3.000000,2,27.656661
26178.676376,2.059345,0.001338,0.590427,0.027662,0.521438,0.000621,0.000907,0.028580,0.007704,0.070130,2.026536,2.992296,2.096667,3.000000,2,27.708113
26178.696377,2.064035,0.000568,0.576013,0.025165,0.520712,0.000656,0.001479,0.047655,0.011248,0.070594,2.076072,2.988752,2.146667,3.000000,2,27.754351
26178.716376,2.069619,0.000225,0.558163,0.022998,0.517452,0.000890,0.002063,0.066413,0.013078,0.066668,2.126665,2.986922,2.193333,3.000000,2,27.804679
26178.754307,2.075196,0.000312,0.549466,0.019182,0.512684,-0.002937,0.000999,0.110880,0.013955,0.065621,2.177713,2.986045,2.243333,3.000000,2,27.855540
26178.761842,2.080491,-0.001411,0.504344,0.014376,0.506531,0.004954,0.000578,-0.050761,0.012318,0.046742,2.246592,2.987682,2.293333,3.000000,2,27.913982
26178.776387,2.086959,-0.002523,0.399391,0.009602,0.499772,0.000136,0.001128,0.044231,0.016440,0.075241,2.278092,2.983560,2.353333,3.000000,2,27.965578
26178.796352,2.089673,-0.003018,0.353931,0.006794,0.501250,0.000362,0.000662,0.021252,0.016083,0.074743,2.328590,2.983917,2.403333,3.000000,2,28.008205
26178.816355,2.093619,-0.003769,0.257763,0.003917,0.499209,0.000475,0.001432,0.046290,0.016051,0.066709,2.379957,2.983949,2.446667,3.000000,2,28.058101
26178.858179,2.097521,-0.002665,0.207041,0.001375,0.495304,-0.002865,-0.000091,0.096066,0.017408,0.067053,2.429614,2.982592,2.496667,3.000000,2,28.108767
26178.865099,2.101208,-0.002652,0.158199,0.000323,0.490861,0.004811,0.000756,-0.061547,0.018671,0.032832,2.513835,2.981329,2.546667,3.000000,2,28.173795
26178.876354,2.107010,-0.002431,0.064762,0.000192,0.484269,-0.000226,-0.000062,0.006749,0.018159,0.082717,2.530617,2.981841,2.613333,3.000000,2,28.226829
26178.896354,2.108139,-0.002194,0.049903,-0.000178,0.488437,0.000269,0.000091,0.002933,0.018023,0.084231,2.582436,2.981977,2.666667,3.000000,2,28.264346
26178.916409,2.111027,-0.001508,0.023657,0.000624,0.488395,0.000338,-0.000042,-0.001930,0.017287,0.069250,2.634083,2.982713,2.703333,3.000000,2,28.314478
26178.952732,2.113947,-0.000791,0.013019,-0.000114,0.486539,-0.001407,-0.000120,0.006935,0.016307,0.067636,2.685697,2.983693,2.753333,3.000000,2,28.365353
26178.958534,2.116920,-0.000446,0.007908,-0.000292,0.483669,0.002661,0.000151,-0.003716,0.015577,0.058073,2.745260,2.984423,2.803333,3.000000,2,28.419933
26178.976383,2.120229,-0.000286,0.001684,0.000321,0.478068,0.000518,-0.000060,-0.001916,0.014811,0.071954,2.788046,2.985189,2.860000,3.000000,2,28.471913
26178.996383,2.122403,-0.000124,0.001018,0.000138,0.477992,0.000459,0.000045,0.001459,0.014207,0.070876,2.839124,2.985793,2.910000,3.000000,2,28.520048
26179.016376,2.124679,0.000019,0.002937,0.001136,0.476781,0.000561,-0.000091,-0.004136,0.013749,0.068686,2.891314,2.986251,2.960000,3.000000,2,28.571975
26179.050877,2.126954,0.000168,0.007017,0.003786,0.475065,-0.000571,-0.000138,-0.023637,0.013358,0.066653,2.943347,2.986642,3.010000,3.000000,2,28.624075
26179.056347,2.129092,0.000740,0.025274,0.005785,0.473460,0.001657,-0.000229,0.008832,0.012360,0.067929,2.995405,2.987640,3.063333,3.000000,2,28.675427
26179.076394,2.131147,0.000887,0.046537,0.007703,0.472522,0.000328,-0.000283,-0.015184,0.008838,0.070742,3.042591,2.991162,3.113333,3.000000,2,28.725325
26179.096389,2.132835,0.001359,0.075902,0.008082,0.472955,0.000558,-0.000096,-0.003044,0.008811,0.067337,3.095996,2.991189,3.163333,3.000000,2,28.775734
26179.116373,2.134750,0.001380,0.107486,0.009493,0.471765,0.000586,-0.000441,-0.014247,0.008506,0.064865,3.148469,2.991494,3.213333,3.000000,2,28.828671
26179.151619,2.136588,0.000932,0.124879,0.010232,0.470111,-0.000183,-0.000359,-0.033052,0.008454,0.065868,3.200798,2.991546,3.266667,3.000000,2,28.881537
26179.157218,2.138382,0.000504,0.133555,0.011863,0.468092,0.001640,-0.000789,-0.009486,0.007005,0.060296,3.259704,2.992995,3.320000,3.000000,2,28.936457
26179.176399,2.140294,0.000128,0.136627,0.014060,0.463343,0.000785,-0.001554,-0.049810,0.006863,0.074367,3.302299,2.993137,3.376667,3.000000,2,28.987541
26179.196383,2.141703,0.000063,0.139313,0.014256,0.462711,0.001065,-0.001617,-0.052435,0.006052,0.072571,3.354096,2.993948,3.426667,3.000000,2,29.035267
26179.216388,2.143360,-0.000008,0.141364,0.014735,0.460546,0.001136,-0.001732,-0.056222,0.006406,0.068359,3.404975,2.993594,3.473333,3.000000,2,29.086537
26179.251783,2.144934,-0.000061,0.142645,0.013322,0.458064,0.001066,-0.001298,-0.066489,0.005196,0.070179,3.456487,2.994804,3.526667,3.000000,2,29.138007
26179.257442,2.146519,-0.000126,0.142606,0.008272,0.455421,0.001824,-0.000135,-0.003610,0.005114,0.059109,3.517557,2.994886,3.576667,3.000000,2,29.193443
26179.276387,2.148388,-0.000233,0.139792,-0.001050,0.451033,0.000670,0.002304,0.072593,0.004229,0.074324,3.559009,2.995771,3.633333,3.000000,2,29.245401
26179.296384,2.148962,-0.000164,0.140349,-0.014083,0.448970,0.000887,0.005491,0.178955,0.003166,0.072862,3.610472,2.996834,3.683333,3.000000,2,29.292652
26179.316384,2.149523,-0.000359,0.134398,-0.032990,0.444867,0.001267,0.009919,0.322627,0.005577,0.071550,3.658450,2.994423,3.730000,3.000000,2,29.342145
26179.351550,2.149826,-0.000731,0.118316,-0.057815,0.439896,0.003923,0.014940,0.762630,0.004351,0.069220,3.710780,2.995649,3.780000,3.000000,2,29.392056
26179.357207,2.150276,-0.001009,0.096874,-0.092915,0.432137,0.002055,0.012261,0.268493,0.003515,0.059399,3.770601,2.996485,3.830000,3.000000,2,29.446850
26179.376368,2.150855,0.000359,0.122768,-0.132915,0.422137,0.004690,0.009355,0.369092,0.002542,0.075593,3.811073,2.997458,3.886667,3.000000,2,29.497674
26179.396346,2.147507,-0.021212,-0.463135,-0.160476,0.412137,0.005059,0.006739,0.262027,0.004172,0.072899,3.863768,2.995828,3.936667,3.000000,2,29.544452
26179.416353,2.142383,-0.029522,-1.147314,-0.181047,0.402807,0.002036,0.001549,0.060050,0.007487,0.069935,3.913399,2.992513,3.983333,3.000000,2,29.594958
26179.464028,2.132858,-0.031894,-1.873453,-0.195270,0.396692,0.018161,-0.014153,0.458386,0.016588,0.070709,3.961738,2.987056,4.033396,2.998883,2,29.645454
26179.469328,2.122044,-0.025272,-2.399658,-0.207874,0.394758,-0.017560,0.016540,-0.385042,0.023887,0.027619,4.051958,2.974075,4.083165,2.993035,2,29.713372
26179.476391,2.100905,-0.007087,-2.909315,-0.228280,0.387787,0.003094,0.000270,0.058115,0.031598,0.085578,4.060199,2.972335,4.151327,2.976550,2,29.767739
26179.496381,2.098247,-0.005455,-2.945036,-0.241729,0.390122,0.002241,0.001224,0.048864,0.029930,0.084389,4.112034,2.964259,4.201331,2.957674,2,29.802939
26179.516380,2.083081,-0.000785,-3.148313,-0.257029,0.390950,0.001688,0.001137,0.030866,0.026245,0.068560,4.158529,2.951677,4.231451,2.943205,2,29.849727
26179.549443,2.065951,0.003564,-3.327459,-0.266415,0.391938,0.014292,-0.001868,0.102644,0.024675,0.069614,4.202925,2.935432,4.274651,2.917812,2,29.896735
26179.556375,2.047825,0.007569,-3.463263,-0.271899,0.393645,-0.012521,0.002328,-0.065019,0.022214,0.072872,4.241720,2.918522,4.312491,2.890320,2,29.941435
26179.576352,2.028345,0.010808,-3.576177,-0.272854,0.397561,0.000298,0.000122,0.002090,0.015036,0.067595,4.285904,2.897515,4.345186,2.861727,2,29.985224
26179.596354,2.008849,0.013525,-3.657232,-0.270961,0.401553,-0.000313,-0.000105,-0.003487,0.015209,0.066058,4.320209,2.869935,4.375276,2.830405,2,30.030021
26179.616351,1.989241,0.015432,-3.709917,-0.263990,0.404908,-0.000835,-0.000475,-0.013942,0.011578,0.068913,4.354635,2.842839,4.404508,2.793893,2,30.073601
26179.654030,1.970145,0.016393,-3.737896,-0.253453,0.409043,0.013242,0.000194,-0.049117,0.007208,0.067616,4.387465,2.811909,4.428488,2.757678,2,30.116433
26179.659588,1.952007,0.016632,-3.741345,-0.240624,0.413932,-0.015649,-0.001405,0.016290,0.001743,0.061688,4.420585,2.774179,4.449234,2.719519,2,30.161098
26179.676379,1.932199,0.015831,-3.706485,-0.223341,0.416424,-0.001223,-0.001384,-0.048442,0.001605,0.071349,4.439449,2.745708,4.466590,2.679704,2,30.201932
26179.696353,1.920334,0.015337,-3.654611,-0.203287,0.422692,-0.002157,-0.002594,-0.075882,-0.000620,0.069649,4.460340,2.708708,4.479489,2.641741,2,30.239858
26179.716378,1.908093,0.014287,-3.543190,-0.181187,0.428749,-0.002938,-0.003141,-0.117020,-0.002497,0.069487,4.477452,2.671380,4.489304,2.602866,2,30.280078
26179.750272,1.897809,0.013364,-3.394026,-0.156967,0.434915,0.001070,-0.000717,-0.310530,-0.002183,0.068769,4.489428,2.631822,4.495973,2.563330,2,30.320206
26179.756386,1.891001,0.012299,-3.164729,-0.131608,0.439983,-0.006188,-0.009250,-0.007821,0.000625,0.068022,4.495647,2.591304,4.499453,2.523386,2,30.361206
26179.776356,1.884288,0.006377,-3.014567,-0.103025,0.446340,-0.001920,-0.003167,-0.156950,-0.002749,0.066850,4.502749,2.550183,4.500000,2.483333,2,30.402971
26179.796379,1.882981,0.013791,-2.571108,-0.080925,0.448612,-0.001268,-0.005431,-0.166285,-0.003387,0.063767,4.503387,2.507101,4.500000,2.443333,2,30.445149
26179.816378,1.883198,0.012343,-2.140102,-0.062646,0.448201,-0.001980,-0.009738,-0.297349,-0.005942,0.065508,4.505942,2.465508,4.500000,2.400000,2,30.487274
26179.850587,1.883476,0.004950,-1.883532,-0.044915,0.449823,-0.004735,-0.011102,-0.673047,-0.007998,0.065966,4.507998,2.422632,4.500000,2.356667,2,30.530241
26179.859502,1.883833,-0.001670,-1.743832,-0.028805,0.452259,-0.000968,-0.015955,-0.274755,-0.010304,0.059106,4.510304,2.372439,4.500000,2.313333,2,30.576727
26179.876356,1.884564,-0.007538,-1.695163,-0.012242,0.450986,-0.002426,-0.019033,-0.569758,-0.010488,0.073729,4.510488,2.340395,4.500000,2.266667,2,30.618166
26179.896353,1.885234,-0.006208,-1.622985,0.001849,0.454834,-0.000313,-0.001966,-0.074710,-0.017026,0.074563,4.517026,2.301229,4.500000,2.226667,2,30.654730
26179.916348,1.888558,0.015201,-0.885157,-0.002302,0.453405,-0.000089,0.001051,0.032314,-0.018527,0.069375,4.518527,2.259375,4.500000,2.190000,2,30.695456
26179.977787,1.892000,0.015790,-0.399105,-0.011025,0.454813,-0.004454,0.006457,0.129228,-0.016284,0.034035,4.516284,2.184035,4.500000,2.150000,2,30.751678
26179.983586,1.898707,0.006508,-0.058413,-0.018291,0.449356,0.005007,-0.000585,0.107514,-0.018156,0.027879,4.518156,2.121212,4.500000,2.093333,2,30.819032
26180.003603,1.904635,0.002215,0.014197,-0.024077,0.444331,0.000478,0.000824,0.046713,-0.020736,0.051607,4.520736,2.078274,4.500000,2.026667,2,30.873871
26180.074359,1.907847,-0.004989,-0.139614,-0.028713,0.443714,-0.006576,-0.002551,0.169507,-0.024413,0.067172,4.524413,2.037172,4.500000,1.970000,2,30.917511
26180.080931,1.910699,-0.007288,-0.293121,-0.029216,0.445469,0.007675,0.003036,-0.131422,-0.048610,-0.019003,4.548610,1.907663,4.500000,1.926667,2,30.997908
26180.101021,1.919282,-0.004430,-0.467172,-0.031317,0.437518,0.000560,0.000544,0.016687,-0.044223,0.019633,4.544223,1.866300,4.500000,1.846667,2,31.083208
26180.120996,1.922022,-0.003932,-0.481516,-0.031450,0.436779,0.000598,0.000598,0.018297,-0.044061,0.065241,4.544061,1.825241,4.500000,1.760000,2,31.130732
26180.159900,1.924704,-0.003553,-0.487398,-0.030510,0.439004,-0.001404,0.000229,0.017340,-0.041693,0.067258,4.541693,1.780592,4.500000,1.713333,2,31.174413
26180.166761,1.927539,-0.003332,-0.489999,-0.026831,0.441148,0.002612,-0.000247,-0.008638,-0.050748,0.055570,4.550748,1.725570,4.500000,1.670000,2,31.223012
26180.181034,1.930960,-0.003177,-0.491301,-0.025991,0.440693,0.000390,-0.000240,-0.008678,-0.045984,0.068656,4.545984,1.691989,4.500000,1.623333,2,31.268372
26180.200994,1.932982,-0.002614,-0.480183,-0.022164,0.444123,-0.000138,-0.000982,-0.030120,-0.047905,0.073166,4.547905,1.649832,4.500000,1.576667,2,31.308074
26180.221030,1.935334,-0.002139,-0.457752,-0.020571,0.447605,-0.000240,-0.001434,-0.044603,-0.054387,0.068530,4.554387,1.605197,4.500000,1.536667,2,31.350677
26180.255030,1.937772,-0.002249,-0.447078,-0.022429,0.450797,-0.002013,-0.000146,-0.024292,-0.055944,0.069843,4.555944,1.563176,4.500000,1.493333,2,31.393505
26180.261509,1.940483,-0.001646,-0.423117,-0.023821,0.454624,0.002004,0.000211,0.018429,-0.053911,0.068197,4.553911,1.518197,4.500000,1.450000,2,31.437659
26180.281018,1.943446,-0.001504,-0.399938,-0.027471,0.458103,-0.000015,0.000946,0.029684,-0.051990,0.071916,4.551990,1.478582,4.500000,1.406667,2,31.480457
26180.301024,1.946395,-0.002089,-0.399540,-0.029405,0.462200,0.000007,0.000367,0.018484,-0.048226,0.072721,4.548226,1.436055,4.500000,1.363333,2,31.521524
26180.321022,1.949602,-0.003383,-0.428295,-0.031390,0.465957,0.000085,0.000127,0.006345,-0.043886,0.069853,4.543886,1.393186,4.500000,1.323333,2,31.564067
26180.357527,1.953035,-0.004231,-0.473821,-0.034859,0.469275,-0.002756,0.000538,0.056174,-0.042982,0.069979,4.542982,1.349979,4.500000,1.280000,2,31.606752
26180.363118,1.956534,-0.004074,-0.504977,-0.042631,0.473141,0.002546,0.001735,0.019891,-0.041624,0.069457,4.541624,1.306123,4.500000,1.236667,2,31.650720
26180.380997,1.960024,-0.003609,-0.520828,-0.055289,0.477620,0.000425,0.001403,0.061924,-0.038709,0.071137,4.538709,1.264470,4.500000,1.193333,2,31.693773
26180.401021,1.963278,-0.007819,-0.641875,-0.069765,0.482190,0.000285,0.000763,0.040074,-0.037886,0.069492,4.537886,1.219492,4.500000,1.150000,2,31.737206
26180.421033,1.966474,-0.012265,-0.863772,-0.088734,0.486916,0.000780,0.004525,0.139238,-0.035970,0.069812,4.535970,1.176479,4.500000,1.106667,2,31.780981
26180.461242,1.969632,-0.011957,-1.031442,-0.112118,0.492181,-0.001376,0.001769,0.421645,-0.032075,0.077484,4.532075,1.140818,4.500000,1.063333,2,31.820908
26180.467127,1.971315,-0.015762,-1.231636,-0.137894,0.497083,0.002706,0.002521,-0.231764,-0.033919,0.054072,4.533919,1.077405,4.500000,1.023333,2,31.868672
26180.480982,1.973835,-0.017592,-1.622678,-0.167921,0.496929,0.001608,0.003916,0.102882,-0.025381,0.069169,4.528037,1.044573,4.499455,0.976663,2,31.914776
26180.501020,1.973690,-0.020505,-1.864052,-0.192908,0.500851,0.000858,0.000916,0.042652,-0.019537,0.072638,4.524590,0.999393,4.495103,0.930193,2,31.953605
26180.521022,1.970512,-0.026178,-2.313977,-0.212720,0.504419,0.000880,0.000729,0.031933,-0.011743,0.070816,4.514858,0.957374,4.487937,0.890831,2,31.996251
26180.557206,1.966454,-0.025879,-2.695008,-0.223857,0.506751,0.005179,-0.003428,0.203792,-0.007231,0.070350,4.505353,0.917234,4.477646,0.852167,2,32.037459
26180.563096,1.961773,-0.021349,-2.964733,-0.237007,0.512179,-0.002446,0.005693,-0.075385,-0.004580,0.071303,4.494192,0.875663,4.463049,0.811358,2,32.078601
26180.580997,1.957389,-0.015148,-3.123900,-0.249586,0.518103,0.000584,0.001653,0.036108,0.000328,0.068484,4.477017,0.836240,4.446483,0.774938,2,32.120413
26180.601022,1.951152,-0.012487,-3.281165,-0.259216,0.523614,0.000506,0.000293,0.010879,-0.002510,0.068141,4.463277,0.793761,4.425315,0.737118,2,32.162765
26180.621023,1.943420,-0.010651,-3.449511,-0.269064,0.529788,0.000507,0.000263,0.009053,0.000140,0.063452,4.440391,0.755170,4.402935,0.703953,2,32.206104
26180.658347,1.935166,-0.007964,-3.585955,-0.276352,0.535231,0.008446,-0.002490,0.072901,-0.003213,0.062624,4.419508,0.715117,4.375782,0.670170,2,32.248961
26180.664823,1.926482,-0.005005,-3.692281,-0.286200,0.540795,-0.007604,0.002903,-0.052052,-0.003552,0.053329,4.386781,0.673183,4.345807,0.638866,2,32.295447
26180.681015,1.915693,-0.001447,-3.778696,-0.292724,0.542289,0.000760,0.000425,0.011575,-0.003446,0.067532,4.365686,0.647449,4.310626,0.608195,2,32.338168
26180.700992,1.908014,0.000093,-3.826389,-0.298184,0.545564,0.000692,0.000300,0.008181,-0.014561,0.072277,4.343865,0.610444,4.275528,0.582766,2,32.372972
26180.720981,1.898010,0.001280,-3.879739,-0.300000,0.547789,0.000301,0.000157,0.002871,-0.016551,0.062447,4.309574,0.581804,4.247106,0.565329,2,32.411492
26180.757717,1.887654,0.002069,-3.922943,-0.300000,0.548712,0.008805,0.000096,0.020128,-0.027188,0.065114,4.282063,0.549881,4.211561,0.546964,2,32.450835
26180.763420,1.877320,0.002576,-3.952067,-0.300000,0.549699,-0.007244,0.000029,-0.011753,-0.033620,0.065061,4.247368,0.522724,4.174661,0.531499,2,32.488422
26180.781022,1.867126,0.002624,-3.970686,-0.300000,0.550755,-0.001187,-0.000047,-0.000710,-0.039176,0.063121,4.211407,0.499998,4.139848,0.519956,2,32.526373
26180.800983,1.857097,0.002093,-3.983715,-0.300000,0.552017,-0.000470,-0.000097,-0.002139,-0.050030,0.074668,4.184255,0.476398,4.101018,0.510311,2,32.559278
26180.820992,1.846918,0.001016,-3.995000,-0.300000,0.554932,0.000116,0.000065,-0.000066,-0.051744,0.058831,4.137080,0.462327,4.071458,0.505133,2,32.595411
26180.861952,1.837753,-0.000168,-4.001280,-0.298862,0.557836,0.008387,0.001610,0.000943,-0.056121,0.063574,4.102335,0.449692,4.034989,0.501226,2,32.633537
26180.868342,1.828565,-0.001674,-4.006498,-0.296538,0.561729,-0.007283,-0.001474,-0.003876,-0.057026,0.056783,4.051207,0.442433,3.994998,0.500025,2,32.671826
26180.881000,1.818701,-0.003570,-4.009829,-0.295587,0.563110,-0.000920,-0.000169,0.000540,-0.060197,0.065786,4.018905,0.436270,3.958360,0.501737,2,32.708532
26180.901021,1.813022,-0.004632,-4.007418,-0.297307,0.567232,0.000195,0.000167,0.002797,-0.063971,0.065354,3.976514,0.432741,3.921947,0.506130,2,32.741003
26180.921038,1.806015,-0.006180,-4.006353,-0.296882,0.570665,-0.000040,0.000152,0.002763,-0.067345,0.064166,3.936852,0.432541,3.889204,0.512430,2,32.776080
26180.956784,1.799277,-0.007761,-4.006193,-0.295746,0.573501,0.005641,0.001580,0.003095,-0.068660,0.067160,3.901663,0.435895,3.856953,0.520899,2,32.808530
26180.963257,1.794098,-0.009024,-4.007581,-0.294520,0.576112,-0.005673,-0.001360,-0.003532,-0.073979,0.055915,3.851889,0.442648,3.825339,0.531499,2,32.843981
26180.981020,1.786560,-0.010872,-4.011075,-0.291043,0.577268,-0.001060,-0.000249,-0.004298,-0.073590,0.056936,3.812522,0.454932,3.791465,0.545563,2,32.882932
26181.001011,1.781073,-0.012077,-4.009882,-0.293661,0.577796,0.000409,0.000158,0.003422,-0.077747,0.058482,3.772417,0.465755,3.758714,0.562072,2,32.918360
26181.021051,1.776499,-0.013235,-4.007182,-0.292257,0.578769,0.000217,0.000074,0.000203,-0.079374,0.060217,3.734434,0.481565,3.727261,0.580937,2,32.952976
26181.062055,1.772103,-0.014353,-4.006450,-0.292850,0.579707,0.005445,0.001379,0.003279,-0.078681,0.063278,3.703334,0.499135,3.699937,0.600048,2,32.986483
26181.067658,1.768683,-0.015262,-4.007961,-0.289824,0.580635,-0.004335,-0.001086,-0.001912,-0.083372,0.047347,3.652326,0.529163,3.671425,0.623120,2,33.026352
26181.081020,1.763233,-0.016566,-4.008479,-0.291480,0.580825,-0.000427,-0.000075,0.000570,-0.087528,0.062151,3.626209,0.542472,3.644682,0.648220,2,33.062593
26181.101018,1.760211,-0.017246,-4.008040,-0.289506,0.582238,-0.000123,-0.000161,-0.005633,-0.090244,0.064091,3.592870,0.567864,3.619851,0.675213,2,33.092128
26181.121020,1.756623,-0.018118,-4.009907,-0.289906,0.583457,0.000065,-0.000027,-0.002946,-0.091664,0.056000,3.561668,0.598667,3.601051,0.698604,2,33.127797
26181.156305,1.753403,-0.018804,-4.010207,-0.285587,0.582292,0.001788,0.000016,-0.020875,-0.088766,0.060283,3.538186,0.629855,3.580030,0.728660,2,33.162578
26181.161910,1.750295,-0.019479,-4.009859,-0.271039,0.579567,-0.002567,-0.001245,-0.016965,-0.086359,0.059576,3.516304,0.663245,3.562879,0.757255,2,33.196613
26181.181019,1.747364,-0.020135,-4.010411,-0.247866,0.578159,-0.002351,-0.003043,-0.084419,-0.080894,0.066324,3.500714,0.695780,3.546261,0.789951,2,33.229319
26181.201017,1.745989,-0.018945,-3.962670,-0.217116,0.580083,-0.005207,-0.007804,-0.219970,-0.074352,0.064135,3.488654,0.730708,3.534476,0.817551,2,33.261266
26181.221020,1.744868,-0.018943,-3.916392,-0.179019,0.585067,-0.008607,-0.015100,-0.429685,-0.066111,0.063644,3.479550,0.768346,3.523351,0.848985,2,33.295144
26181.254480,1.744158,-0.019433,-3.871153,-0.139019,0.592092,-0.018042,-0.024586,-1.027487,-0.059576,0.064342,3.471780,0.804425,3.514345,0.881090,2,33.328787
26181.261017,1.743624,-0.020206,-3.828817,-0.099019,0.601878,-0.006363,-0.020045,-0.400081,-0.047122,0.068525,3.472909,0.838096,3.507500,0.913723,2,33.360520
26181.281016,1.742411,-0.022277,-3.826788,-0.059019,0.611878,-0.001286,-0.010662,-0.319251,-0.039680,0.068759,3.470714,0.874147,3.502845,0.946741,2,33.393304
26181.301021,1.756429,0.012522,-2.792130,-0.019019,0.609079,-0.001216,-0.008293,-0.339812,-0.028877,0.070297,3.474359,0.908599,3.500400,0.979995,2,33.428487
26181.321022,1.768800,0.023856,-1.888102,0.014342,0.606541,0.000204,-0.008736,-0.255252,-0.019819,0.068888,3.480181,0.944445,3.500000,1.013333,2,33.464217
26181.354343,1.782035,0.023629,-1.036886,0.036374,0.605805,-0.008518,-0.009733,-0.752678,-0.016944,0.067255,3.483056,0.982745,3.500000,1.050000,2,33.501807
26181.361021,1.795194,0.013439,-0.599380,0.050933,0.605252,0.009121,-0.014810,-0.112988,-0.005415,0.068980,3.494585,1.017687,3.500000,1.086667,2,33.539959
26181.381018,1.808357,0.005150,-0.417737,0.065066,0.607059,0.000576,-0.003463,-0.107760,-0.005533,0.067094,3.494467,1.059573,3.500000,1.126667,2,33.579879
26181.401020,1.820611,0.019157,0.205055,0.067510,0.605309,0.000623,-0.004082,-0.121694,0.006756,0.068095,3.506756,1.098571,3.500000,1.166667,2,33.621182
26181.421024,1.833223,0.017988,0.552100,0.071671,0.605531,0.000884,-0.005224,-0.156826,0.012164,0.067866,3.512164,1.138800,3.500000,1.206667,2,33.661788
26181.455398,1.845995,0.014039,0.719357,0.076980,0.605370,-0.007125,-0.005380,-0.312579,0.014851,0.066511,3.514851,1.180156,3.500000,1.246667,2,33.703516
26181.461296,1.858687,0.010885,0.795788,0.083178,0.603897,0.009419,-0.005334,-0.067483,0.017273,0.068200,3.517273,1.221800,3.500000,1.290000,2,33.745672
26181.481014,1.871255,0.008722,0.825080,0.093015,0.601953,0.001203,-0.002500,-0.081834,0.018053,0.065388,3.518053,1.264612,3.500000,1.330000,2,33.788068
26181.500991,1.882273,0.015473,1.071177,0.100719,0.598394,0.001524,-0.004129,-0.123622,0.018763,0.066027,3.518763,1.307306,3.500000,1.373333,2,33.830882
26181.521017,1.893315,0.015281,1.232424,0.111906,0.596177,0.001009,-0.001517,-0.074256,0.016562,0.066201,3.516562,1.350465,3.500000,1.416667,2,33.873927
26181.556309,1.902969,0.018376,1.446645,0.124610,0.594944,-0.005636,0.001115,-0.163558,0.010817,0.067241,3.510817,1.392759,3.500000,1.460000,2,33.916864
26181.562815,1.911337,0.020536,1.698651,0.137366,0.595187,0.006068,-0.002957,0.076620,0.002313,0.064714,3.502734,1.438645,3.499989,1.503342,2,33.962503
26181.581017,1.919651,0.018758,1.873885,0.153617,0.595718,0.001677,-0.001682,-0.053253,-0.012876,0.062528,3.490836,1.483264,3.497812,1.546721,2,34.010630
26181.600992,1.926510,0.020009,2.077487,0.170633,0.596257,0.001794,-0.003150,-0.092835,-0.024459,0.064958,3.479147,1.527862,3.490636,1.596316,2,34.059121
26181.621020,1.932705,0.019276,2.273726,0.187193,0.597055,0.001409,-0.001598,-0.072009,-0.032332,0.062072,3.466079,1.573049,3.479489,1.641741,2,34.108807
26181.658962,1.937094,0.020413,2.493660,0.204070,0.598805,0.000224,0.000546,-0.242657,-0.037937,0.063467,3.451765,1.615925,3.462893,1.689024,2,34.158427
26181.665164,1.940731,0.019254,2.705260,0.215631,0.599316,0.004387,-0.005583,0.057293,-0.040448,0.050598,3.429641,1.670752,3.441648,1.734408,2,34.213408
26181.681018,1.945256,0.014518,2.850820,0.226830,0.597946,0.000788,-0.000717,-0.024156,-0.043325,0.071868,3.417176,1.699203,3.412221,1.782974,2,34.263257
26181.700988,1.945353,0.015603,3.013667,0.231675,0.600703,0.000795,-0.000585,-0.014693,-0.042806,0.072787,3.396131,1.739593,3.381826,1.822814,2,34.306228
26181.721007,1.945167,0.014071,3.191385,0.231917,0.602802,0.000597,-0.000610,-0.016654,-0.039471,0.067045,3.373979,1.776987,3.354733,1.852370,2,34.352278
26181.756775,1.944854,0.010271,3.306068,0.228167,0.606064,0.000705,0.002641,-0.038174,-0.037881,0.065046,3.345943,1.813222,3.320255,1.883975,2,34.398857
26181.762171,1.944328,0.006163,3.374338,0.222156,0.609416,-0.000788,-0.002263,0.030364,-0.034767,0.065130,3.316993,1.846698,3.282974,1.912221,2,34.446001
26181.781024,1.943552,0.002635,3.412064,0.211676,0.612306,0.000450,0.000132,0.017800,-0.029685,0.055672,3.277418,1.883842,3.243216,1.936859,2,34.496204
26181.800983,1.944813,-0.001711,3.391472,0.195342,0.611515,-0.000895,0.002353,0.072625,-0.027168,0.056005,3.238907,1.911861,3.198267,1.959010,2,34.548143
26181.821024,1.945919,-0.004208,3.350820,0.175858,0.611251,-0.000680,0.001315,0.066191,-0.023696,0.060928,3.199310,1.936868,3.148138,1.977551,2,34.597064
26181.858252,1.948824,-0.009177,3.214333,0.154866,0.611224,-0.006103,0.001737,0.314071,-0.023800,0.079388,3.172649,1.950845,3.099593,1.989981,2,34.637626
26181.863918,1.951632,-0.010734,3.080646,0.133115,0.614876,0.002650,0.005983,-0.013804,-0.011356,0.060278,3.118492,1.977877,3.060013,1.996385,2,34.681836
26181.881013,1.956332,-0.008431,2.944658,0.108513,0.612524,0.000113,0.002558,0.083008,-0.003780,0.060799,3.077347,1.993911,3.016707,1.999721,2,34.731846
26181.900993,1.963695,-0.016484,2.591446,0.090245,0.610818,-0.000161,0.004229,0.133452,0.006257,0.067395,3.034061,2.006257,2.966667,2.000000,2,34.776942
26181.921025,1.972342,-0.016819,2.228431,0.074508,0.606207,0.000534,0.001570,0.092959,0.015264,0.071214,2.991214,2.015264,2.920000,2.000000,2,34.821622
26181.957161,1.982112,-0.017194,1.854110,0.058323,0.597809,-0.006812,-0.001299,0.327630,0.022174,0.069825,2.946491,2.022174,2.876667,2.000000,2,34.866567
26181.962409,1.991974,-0.013002,1.550135,0.044773,0.587809,0.007129,0.008032,-0.032315,0.026217,0.071947,2.901947,2.026217,2.830000,2.000000,2,34.911868
26181.981031,2.001536,-0.006698,1.391327,0.033627,0.577809,0.001118,0.002102,0.091543,0.028774,0.070805,2.857472,2.028774,2.786667,2.000000,2,34.956596
26182.001021,2.010888,-0.010429,1.100529,0.030950,0.567809,0.000799,0.000670,0.021494,0.029265,0.072107,2.812107,2.029265,2.740000,2.000000,2,35.001614
26182.021023,2.019809,-0.009892,0.829253,0.037765,0.557809,0.001426,-0.001071,-0.032767,0.028556,0.069608,2.766275,2.028556,2.696667,2.000000,2,35.047336
26182.057087,2.028524,-0.005955,0.690504,0.054460,0.547809,-0.002447,-0.006886,-0.222340,0.026008,0.070215,2.720215,2.026008,2.650000,2.000000,2,35.093654
26182.062740,2.037142,-0.002581,0.629799,0.079878,0.537809,0.007494,-0.004149,-0.135103,0.023177,0.070250,2.673584,2.023177,2.603333,2.000000,2,35.140225
26182.081026,2.045744,-0.000710,0.600349,0.115092,0.527809,0.003162,-0.003809,-0.181128,0.018893,0.070193,2.626860,2.018893,2.556667,2.000000,2,35.187091
26182.101025,2.049923,0.014782,0.958372,0.146658,0.517809,0.003213,-0.005836,-0.177610,0.013574,0.069625,2.579625,2.013574,2.510000,2.000000,2,35.233979
26182.121019,2.051903,0.020747,1.427537,0.174336,0.507809,0.006165,-0.010786,-0.330406,0.003764,0.069650,2.532455,2.007519,2.463270,1.998649,2,35.281472
26182.158336,2.054454,0.016617,1.700815,0.204209,0.497809,0.009460,-0.000939,-0.542157,-0.005677,0.068733,2.485555,1.998870,2.416835,1.993035,2,35.330076
26182.163837,2.051849,0.021863,2.117227,0.221264,0.487809,-0.003255,-0.001456,0.300222,-0.014499,0.070161,2.439401,1.986787,2.367902,1.982235,2,35.378890
26182.181020,2.046141,0.022567,2.578161,0.227416,0.478779,0.000407,-0.001363,0.022992,-0.023588,0.064736,2.392313,1.968576,2.323419,1.967781,2,35.429176
26182.200985,2.038656,0.018451,2.931556,0.227444,0.471857,0.000728,-0.000053,0.001715,-0.030799,0.062232,2.346919,1.947871,2.277483,1.947757,2,35.481752
26182.221022,2.029895,0.011456,3.172623,0.223193,0.466851,0.000425,0.000451,0.015691,-0.036288,0.063415,2.303937,1.924982,2.230959,1.921446,2,35.534680
26182.258106,2.020690,0.003910,3.314630,0.214223,0.463426,0.008000,0.005311,0.041407,-0.040443,0.066313,2.264552,1.900192,2.187509,1.890320,2,35.586408
26182.263967,2.011158,-0.002654,3.386533,0.199259,0.461048,-0.007491,-0.001298,0.059068,-0.043333,0.068482,2.226754,1.872252,2.147630,1.854733,2,35.637097
26182.281023,2.001316,-0.007037,3.425149,0.179017,0.459873,-0.002697,0.002711,0.091342,-0.045295,0.068379,2.192316,1.841705,2.113893,1.817681,2,35.686878
26182.301022,1.993041,-0.013087,3.351326,0.152591,0.458710,-0.000888,0.001477,0.082060,-0.047583,0.068968,2.161888,1.808412,2.084033,1.777438,2,35.736352
26182.321022,1.987528,-0.021127,3.106997,0.124474,0.456560,-0.000040,0.001244,0.070597,-0.046942,0.066864,2.132985,1.773921,2.059929,1.737355,2,35.785747
26182.356508,1.984563,-0.025862,2.742879,0.094494,0.453631,0.001138,-0.005297,0.345412,-0.048228,0.068626,2.109275,1.736941,2.038381,1.692113,2,35.833602
26182.361841,1.983494,-0.027024,2.302250,0.061453,0.450999,-0.000507,0.009471,-0.158163,-0.049473,0.070273,2.089189,1.697857,2.021469,1.644942,2,35.880515
26182.381021,1.983099,-0.020345,1.951287,0.023227,0.449543,-0.000193,0.010292,0.308224,-0.047848,0.070381,2.070927,1.659033,2.010019,1.599593,2,35.926538
26182.401014,1.984272,-0.018955,1.516500,-0.016773,0.447987,0.000336,0.004564,0.244055,-0.043774,0.070235,2.053878,1.618533,2.002857,1.553372,2,35.970739
26182.421024,1.985877,-0.027381,0.863063,-0.055385,0.444780,0.001641,0.009675,0.300501,-0.037589,0.067846,2.039042,1.577104,2.000101,1.510026,2,36.013520
26182.456304,1.987777,-0.025828,0.251556,-0.092253,0.443455,0.003452,0.013481,0.976722,-0.019839,0.069818,2.023341,1.534940,1.998883,1.466604,2,36.056947
26182.461954,1.989782,-0.017067,-0.065616,-0.131448,0.443207,0.003558,0.016725,0.168522,-0.002219,0.070385,2.007074,1.492648,1.994103,1.423434,2,36.101438
26182.481018,1.991954,-0.009724,-0.203480,-0.171448,0.442300,0.003958,0.006700,0.215600,0.010344,0.069829,1.992189,1.451124,1.985594,1.380841,2,36.146713
26182.501023,1.988583,-0.030413,-0.991053,-0.188705,0.437655,0.005396,0.009424,0.282404,0.018726,0.072264,1.978349,1.410396,1.972335,1.335988,2,36.192231
26182.520987,1.986047,-0.030800,-1.573314,-0.206607,0.439137,0.006979,0.012351,0.369683,0.026456,0.070318,1.960917,1.370603,1.956318,1.295614,2,36.237900
26182.559281,1.984229,-0.024013,-1.898741,-0.221667,0.441181,0.016794,0.011128,0.797863,0.033088,0.070352,1.941054,1.331394,1.935224,1.253869,2,36.284192
26182.565466,1.982691,-0.017018,-2.063846,-0.232616,0.442605,0.001701,0.011255,0.099668,0.038374,0.062076,1.914302,1.287148,1.910320,1.214277,2,36.334121
26182.581012,1.980743,-0.010903,-2.145621,-0.240558,0.443117,0.001510,0.001114,0.039973,0.044949,0.073581,1.893410,1.259762,1.879660,1.174641,2,36.381270
26182.600998,1.972674,-0.021522,-2.508061,-0.233991,0.445988,-0.000276,-0.000620,-0.019192,0.048819,0.073004,1.866135,1.226432,1.847596,1.140588,2,36.424684
26182.621021,1.961972,-0.024795,-2.924223,-0.220817,0.450153,-0.001990,-0.002337,-0.068144,0.051663,0.070529,1.837297,1.196337,1.815093,1.111778,2,36.470899
26182.656597,1.951716,-0.021044,-3.206352,-0.202154,0.455604,0.003003,-0.011006,-0.126281,0.055208,0.080541,1.813809,1.174653,1.777438,1.084033,2,36.512438
26182.662100,1.943494,-0.016262,-3.348977,-0.183346,0.463088,-0.011552,0.001317,-0.168059,0.052064,0.066485,1.775980,1.140971,1.743216,1.063141,2,36.555782
26182.681027,1.931016,-0.009721,-3.478089,-0.162055,0.468848,-0.001704,-0.001206,-0.068694,0.053080,0.062931,1.740121,1.117848,1.704386,1.043682,2,36.604132
26182.701023,1.927490,0.005473,-3.239277,-0.145695,0.473761,-0.000261,-0.000723,-0.037698,0.053467,0.066541,1.703967,1.097238,1.657684,1.025515,2,36.650480
26182.721021,1.925806,0.012708,-2.919732,-0.132149,0.477221,-0.000791,-0.002820,-0.086924,0.052265,0.066461,1.665632,1.078753,1.612656,1.012857,2,36.695848
26182.756497,1.924376,0.010773,-2.669403,-0.119295,0.480358,-0.002575,-0.001351,-0.331726,0.046960,0.064102,1.626856,1.060385,1.569954,1.004918,2,36.740584
26182.762082,1.922775,0.005080,-2.512702,-0.108616,0.484270,-0.002309,-0.007715,-0.024437,0.040614,0.067358,1.588771,1.044267,1.523386,1.000547,2,36.782884
26182.781021,1.921049,-0.000513,-2.426551,-0.101051,0.489630,-0.001431,-0.002230,-0.066407,0.028133,0.065060,1.548393,1.028133,1.483333,1.000000,2,36.823556
26182.800985,1.922359,0.003340,-2.158021,-0.103551,0.495356,-0.001226,-0.001212,-0.035371,0.014696,0.065846,1.505846,1.014696,1.440000,1.000000,2,36.865845
26182.821029,1.923897,0.001182,-1.974306,-0.111358,0.501397,-0.000483,0.000136,0.007603,0.001902,0.066155,1.466155,1.001902,1.400000,1.000000,2,36.907890
26182.857041,1.926036,-0.002922,-1.887305,-0.120440,0.508105,-0.002252,0.001899,0.046601,-0.008252,0.066498,1.423165,0.991748,1.356667,1.000000,2,36.950247
26182.862923,1.928401,-0.007473,-1.892640,-0.130971,0.514151,0.002147,-0.000143,-0.001910,-0.020614,0.067194,1.380527,0.979386,1.313333,1.000000,2,36.993810
26182.881025,1.931151,-0.009656,-1.929512,-0.142144,0.519285,0.000490,0.001003,0.041864,-0.030342,0.069282,1.339282,0.969658,1.270000,1.000000,2,37.036590
26182.901032,1.933174,-0.013404,-2.040533,-0.152917,0.523651,0.000513,0.000536,0.024920,-0.039524,0.067387,1.294054,0.960476,1.226667,1.000000,2,37.080177
26182.921022,1.935004,-0.016145,-2.207682,-0.161859,0.527166,0.000747,0.001683,0.050099,-0.047157,0.070928,1.254261,0.952843,1.183333,1.000000,2,37.123381
26182.956587,1.936751,-0.015502,-2.337897,-0.168054,0.530575,-0.000038,0.000809,0.177413,-0.050621,0.080808,1.220808,0.949379,1.140000,1.000000,2,37.160916
26182.964107,1.938055,-0.013763,-2.401463,-0.175180,0.534247,0.001923,0.004083,0.021297,-0.055650,0.063320,1.166654,0.944350,1.103333,1.000000,2,37.202855
26182.981020,1.939995,-0.011077,-2.451685,-0.188374,0.535651,0.000931,0.000996,0.028797,-0.057466,0.058776,1.122109,0.942534,1.063333,1.000000,2,37.249949
26183.001022,1.939960,-0.014495,-2.602824,-0.199055,0.538003,0.000924,0.001614,0.047144,-0.057165,0.063919,1.077252,0.942835,1.013333,1.000000,2,37.293102
26183.021032,1.939236,-0.015080,-2.763062,-0.210253,0.540805,0.000875,0.000917,0.039589,-0.052091,0.063884,1.030576,0.945067,0.969939,1.000904,2,37.335598
26183.056532,1.937712,-0.015245,-2.920460,-0.222559,0.543880,0.003695,-0.000402,0.147808,-0.047044,0.062399,0.985249,0.949606,0.930046,1.004918,2,37.377644
26183.062200,1.935744,-0.013832,-3.062290,-0.232989,0.546821,-0.000656,0.003409,-0.032575,-0.042531,0.063028,0.939168,0.957219,0.887344,1.012857,2,37.419913
26183.081023,1.933891,-0.010863,-3.150065,-0.242828,0.549543,0.001029,0.001308,0.031648,-0.037485,0.067466,0.898072,0.967974,0.845492,1.024472,2,37.461598
26183.101018,1.930193,-0.010654,-3.276170,-0.246561,0.551427,0.001276,0.001472,0.041590,-0.033517,0.067047,0.856909,0.981675,0.807887,1.038381,2,37.501996
26183.121023,1.926302,-0.008775,-3.370674,-0.248490,0.554110,0.001297,0.001677,0.047512,-0.029649,0.065423,0.816161,0.998990,0.771517,1.055258,2,37.542993
26183.156478,1.922361,-0.006292,-3.430134,-0.249738,0.557591,0.005396,0.000712,0.097937,-0.028671,0.062860,0.774946,1.017511,0.736617,1.074995,2,37.584733
26183.162437,1.918508,-0.004045,-3.464518,-0.248548,0.560926,-0.002433,0.001847,0.004729,-0.030091,0.064486,0.734374,1.036753,0.700726,1.099456,2,37.626791
26183.181021,1.914556,-0.002363,-3.481552,-0.246403,0.565237,0.000167,0.001402,0.036154,-0.023727,0.066338,0.700792,1.065069,0.667094,1.126940,2,37.668843
26183.201018,1.910416,-0.001433,-3.491493,-0.239712,0.567271,0.000130,0.000189,0.007165,-0.019780,0.063390,0.667725,1.095299,0.638273,1.154814,2,37.711044
26183.221031,1.906689,-0.001498,-3.506718,-0.229932,0.568711,-0.000679,-0.001064,-0.032479,-0.023398,0.063475,0.631086,1.123334,0.609680,1.187509,2,37.753917
26183.256708,1.903261,-0.001617,-3.523077,-0.222161,0.573299,-0.000194,-0.002275,-0.095376,-0.024815,0.062450,0.598041,1.156839,0.584033,1.222562,2,37.797219
26183.262681,1.900015,-0.001647,-3.535068,-0.210701,0.576613,-0.003291,-0.001738,-0.041160,-0.024426,0.065857,0.571754,1.190217,0.561525,1.259709,2,37.839334
26183.281025,1.896698,-0.001706,-3.542785,-0.193004,0.579821,-0.001622,-0.001513,-0.063025,-0.025841,0.064296,0.546380,1.226373,0.543682,1.295614,2,37.880304
26183.301025,1.896624,0.003108,-3.428712,-0.173606,0.582199,-0.001591,-0.003445,-0.103924,-0.024235,0.067875,0.527036,1.263918,0.527665,1.335988,2,37.921119
26183.321024,1.898209,0.005231,-3.269123,-0.152258,0.583956,-0.003348,-0.007501,-0.225347,-0.027294,0.066330,0.506292,1.303300,0.516043,1.374361,2,37.962197
26183.356624,1.899756,0.003454,-3.156026,-0.129811,0.585903,-0.010170,-0.010277,-0.606532,-0.025750,0.064461,0.493316,1.345599,0.507532,1.413542,2,38.004026
26183.362453,1.901112,0.000322,-3.086236,-0.105478,0.587580,-0.001286,-0.010873,-0.164059,-0.019242,0.064713,0.488333,1.390468,0.501887,1.456607,2,38.047511
26183.381020,1.902583,-0.002546,-3.046227,-0.076580,0.589293,-0.002335,-0.004908,-0.226116,-0.017540,0.061295,0.482460,1.438705,0.500000,1.500000,2,38.093836
26183.401021,1.909706,0.015979,-2.509656,-0.058113,0.584572,-0.000384,-0.004752,-0.145860,-0.022912,0.061519,0.477088,1.485147,0.500000,1.546667,2,38.141502
26183.421033,1.918873,0.020272,-1.913641,-0.047701,0.580750,-0.000603,-0.007350,-0.226394,-0.022798,0.061153,0.477202,1.532180,0.500000,1.593333,2,38.189388
26183.458531,1.927765,0.012449,-1.572432,-0.037022,0.578776,-0.008721,0.002521,-0.358283,-0.022841,0.061204,0.477159,1.578796,0.500000,1.640000,2,38.236600
26183.464305,1.937231,0.012089,-1.210881,-0.028611,0.577500,0.006746,-0.003620,0.177119,-0.024399,0.063806,0.475601,1.626194,0.500000,1.690000,2,38.283860
26183.481031,1.946815,0.009572,-0.898663,-0.024570,0.576353,0.001632,-0.001082,0.002900,-0.021968,0.060662,0.478032,1.676005,0.500000,1.736667,2,38.333078
26183.500971,1.956551,0.007444,-0.668874,-0.022286,0.574811,-0.001725,0.000417,-0.030551,-0.025108,0.073064,0.474892,1.713603,0.500000,1.786667,2,38.378315
26183.521010,1.964315,0.005409,-0.539854,-0.022057,0.575522,0.002045,-0.000523,0.009313,-0.029397,0.060184,0.470603,1.769816,0.500000,1.830000,2,38.425397
26183.555721,1.975850,0.002240,-0.436388,-0.023019,0.573105,-0.006395,0.000876,-0.006314,-0.029533,0.059157,0.470467,1.817509,0.500000,1.876667,2,38.477157
26183.561545,1.985312,0.000219,-0.405734,-0.023776,0.571726,0.006712,-0.000569,0.007380,-0.032292,0.064635,0.467708,1.865365,0.500000,1.930000,2,38.526337
26183.581022,1.994648,-0.000858,-0.396643,-0.024880,0.570609,0.000581,0.000065,0.003566,-0.037640,0.063516,0.462360,1.913150,0.500000,1.976667,2,38.574884
26183.600999,2.003762,-0.001718,-0.406187,-0.027870,0.570094,0.000411,0.000779,0.024136,-0.042865,0.064710,0.457135,1.961957,0.500000,2.026667,2,38.623326
26183.620969,2.012720,-0.001918,-0.417713,-0.034523,0.570566,0.000572,0.002476,0.077311,-0.041366,0.064318,0.458634,2.012349,0.500000,2.076667,2,38.673223
26183.657383,2.021592,-0.001810,-0.426100,-0.042722,0.570252,-0.006082,0.000905,0.134074,-0.043755,0.067041,0.456245,2.059626,0.500000,2.126667,2,38.722955
26183.663018,2.029962,-0.005034,-0.515390,-0.053501,0.569861,0.006133,0.001022,-0.046239,-0.045306,0.064071,0.454694,2.109263,0.500000,2.173333,2,38.771827
26183.681033,2.038191,-0.006093,-0.628173,-0.066808,0.568597,0.001463,0.001714,0.066419,-0.045593,0.064093,0.454407,2.159241,0.500000,2.223333,2,38.821690
26183.701023,2.045777,-0.009173,-0.794690,-0.083527,0.566544,0.000770,0.000945,0.048968,-0.045706,0.061940,0.454294,2.211393,0.500000,2.273333,2,38.872802
26183.721018,2.052418,-0.012795,-1.053394,-0.103190,0.564072,0.001563,0.004449,0.138656,-0.047149,0.061864,0.452851,2.261470,0.500000,2.323333,2,38.924356
26183.756359,2.058669,-0.011515,-1.253195,-0.129460,0.562568,0.001112,0.007728,0.517483,-0.049238,0.063449,0.450762,2.313218,0.500000,2.376667,2,38.974957
26183.762385,2.064912,-0.008056,-1.361055,-0.166476,0.559667,0.006604,0.009763,0.135991,-0.049761,0.063135,0.450239,2.363532,0.500000,2.426667,2,39.024983
26183.781027,2.071116,-0.004867,-1.410818,-0.206476,0.550397,0.004128,0.004749,0.201035,-0.042710,0.064021,0.457290,2.412646,0.500000,2.476667,2,39.073415
26183.801009,2.070427,-0.018562,-1.842856,-0.228458,0.540397,0.003085,0.002184,0.062574,-0.038228,0.065251,0.459054,2.463610,0.500715,2.526724,2,39.120799
26183.821018,2.066682,-0.024300,-2.406838,-0.240278,0.532645,0.004607,0.003591,0.104967,-0.035401,0.064555,0.460919,2.514590,0.505396,2.573262,2,39.168482
26183.856265,2.063602,-0.018854,-2.781315,-0.253743,0.530248,0.013015,-0.001054,0.333122,-0.035645,0.063059,0.464760,2.566412,0.514406,2.619159,2,39.216149
26183.861614,2.060502,-0.010194,-3.008276,-0.266042,0.529987,-0.000431,0.008403,-0.036651,-0.038160,0.062552,0.471098,2.617439,0.527665,2.664012,2,39.263488
26183.881019,2.057172,-0.001657,-3.133384,-0.275294,0.530041,0.001803,0.000990,0.023958,-0.032481,0.063997,0.490053,2.666089,0.546455,2.710467,2,39.310471
26183.901024,2.047282,-0.000130,-3.347883,-0.275629,0.527386,0.001594,0.000646,0.014977,-0.031765,0.063864,0.508489,2.712767,0.568106,2.751927,2,39.357214
26183.921019,2.036675,0.004014,-3.513636,-0.269862,0.523931,0.001049,0.000267,0.004767,-0.028585,0.064111,0.532962,2.755711,0.593536,2.791182,2,39.403570
26183.956518,2.025712,0.009167,-3.622870,-0.257506,0.519690,0.008970,-0.003525,-0.002793,-0.028134,0.063980,0.559327,2.798037,0.622523,2.827889,2,39.449803
26183.961837,2.014422,0.013957,-3.689222,-0.241500,0.515753,-0.008875,0.001794,-0.041162,-0.025339,0.063151,0.591634,2.836462,0.654814,2.861727,2,39.497022
26183.980982,2.002868,0.017635,-3.725746,-0.221245,0.511217,-0.002018,-0.001840,-0.058642,-0.022692,0.065283,0.624828,2.869749,0.690125,2.892400,2,39.542992
26184.000998,1.992597,0.022044,-3.683503,-0.197722,0.507055,-0.003724,-0.005196,-0.155199,-0.026419,0.066912,0.654924,2.903133,0.725349,2.917812,2,39.586057
26184.020996,1.982121,0.022889,-3.642816,-0.171195,0.507719,-0.005851,-0.009265,-0.277216,-0.021757,0.063600,0.696340,2.929029,0.762645,2.940071,2,39.630145
26184.056829,1.972175,0.021870,-3.600663,-0.140808,0.507270,-0.006927,-0.012694,-0.748771,-0.021814,0.066101,0.735434,2.954603,0.804805,2.960325,2,39.674784
26226.098576,0.400000,0.020000,0.000000,-0.004249,0.510000,-0.257113,0.178165,3.061305,-0.019031,0.023492,1.473175,3.019031,1.496667,3.000000,0,0.511545
26226.130031,0.174871,0.177521,3.044752,-0.027735,0.520000,0.127647,0.059474,1.584674,-0.021929,0.029335,1.480665,3.021929,1.510000,3.000000,0,0.514499
26226.135419,0.342075,0.106864,2.903308,-0.041112,0.530000,-0.058201,-0.089334,-2.503935,-0.015011,0.030879,1.482454,3.015011,1.513333,3.000000,0,0.518113
26226.155480,0.290474,-0.000423,-0.010404,-0.046567,0.540000,-0.060017,0.001080,0.029723,-0.014215,0.033012,1.483655,3.014215,1.516667,3.000000,0,0.518774
26226.175480,0.252980,-0.004686,-0.123081,-0.050853,0.550000,-0.035427,0.000725,0.020107,-0.013018,0.030685,1.485981,3.013018,1.516667,3.000000,0,0.518774
26226.195472,0.241005,-0.004968,-0.131493,-0.054001,0.560000,-0.015486,0.000350,0.009826,-0.012687,0.027971,1.488696,3.012687,1.516667,3.000000,0,0.520091
26226.228671,0.249623,-0.005460,-0.144719,-0.056163,0.570000,-0.026124,0.000593,0.016609,-0.012128,0.029166,1.490834,3.012128,1.520000,3.000000,0,0.522903
26226.235640,0.264440,-0.006005,-0.159488,-0.057339,0.580000,-0.005211,0.000211,0.005369,-0.011988,0.027025,1.492975,3.011988,1.520000,3.000000,0,0.525687
26226.255473,0.268032,-0.006108,-0.162568,-0.058181,0.590000,-0.001882,0.000055,0.001657,-0.011867,0.024771,1.498562,3.011867,1.523333,3.000000,0,0.530647
26226.275510,0.291761,-0.006839,-0.182335,-0.058405,0.600000,0.007294,-0.000158,-0.004409,-0.011262,0.025530,1.504470,3.011262,1.530000,3.000000,0,0.538144
26226.295471,0.325452,-0.007625,-0.204359,-0.057518,0.610000,-0.008617,0.000169,0.004674,-0.011475,0.025980,1.510687,3.011475,1.536667,3.000000,0,0.545376
26226.328382,0.343605,-0.007920,-0.213088,-0.056651,0.620000,-0.017370,0.000326,0.009187,-0.011333,0.024977,1.518357,3.011333,1.543333,3.000000,0,0.553594
26226.335469,0.371165,-0.008389,-0.226756,-0.055274,0.630000,0.023140,-0.000614,-0.016971,-0.011303,0.026404,1.526929,3.011303,1.553333,3.000000,0,0.563557
26226.355476,0.404188,-0.009035,-0.245315,-0.053191,0.640000,0.004492,-0.000173,-0.005811,-0.011534,0.026282,1.537052,3.011534,1.563333,3.000000,0,0.574587
26226.375469,0.436990,-0.009210,-0.252861,-0.050750,0.650000,0.004874,-0.000158,-0.005304,-0.011582,0.025529,1.547804,3.011582,1.573333,3.000000,0,0.587398
26226.395493,0.470594,-0.009365,-0.258794,-0.047874,0.660000,0.004794,-0.000178,-0.006092,-0.010846,0.028159,1.558508,3.010846,1.586667,3.000000,0,0.601016
26226.427221,0.504593,-0.009419,-0.262639,-0.044129,0.670000,-0.013196,-0.000019,-0.001777,-0.010417,0.029143,1.570857,3.010417,1.600000,3.000000,0,0.614269
26226.435463,0.538256,-0.009239,-0.260530,-0.040034,0.680000,0.025364,-0.000841,-0.021763,-0.009639,0.029006,1.584327,3.009639,1.613333,3.000000,0,0.628945
26226.455465,0.576024,-0.009558,-0.270047,-0.035081,0.690000,0.004767,-0.000302,-0.010840,-0.008561,0.030324,1.596343,3.008561,1.626667,3.000000,0,0.644870
26226.475466,0.611222,-0.008401,-0.244838,-0.029209,0.700000,0.006760,-0.000332,-0.012043,-0.007249,0.032416,1.610917,3.007249,1.643333,3.000000,0,0.660742
26226.495493,0.648783,-0.007409,-0.219649,-0.022692,0.710000,0.007433,-0.000388,-0.014108,-0.006578,0.033078,1.626922,3.006578,1.660000,3.000000,0,0.678071
26226.526897,0.687413,-0.006213,-0.188940,-0.015964,0.720000,-0.012567,-0.000509,-0.020500,-0.006802,0.032606,1.644061,3.006802,1.676667,3.000000,0,0.696564
26226.535472,0.724170,-0.004761,-0.149898,-0.010095,0.729269,0.024896,-0.000805,-0.015815,-0.006742,0.031605,1.661729,3.006742,1.693333,3.000000,0,0.716105
26226.555493,0.762721,-0.004346,-0.133446,-0.003936,0.737532,0.003297,-0.000401,-0.014594,-0.004500,0.034699,1.678635,3.004500,1.713333,3.000000,0,0.736307
26226.575464,0.798031,-0.001965,-0.073411,0.002665,0.746131,0.002932,-0.000408,-0.014636,-0.003361,0.036040,1.697293,3.003361,1.733333,3.000000,0,0.756875
26226.595468,0.833121,-0.000103,-0.017447,0.007966,0.754436,0.004194,-0.000424,-0.014597,-0.002291,0.039105,1.717561,3.002291,1.756667,3.000000,0,0.778382
26226.629188,0.869737,0.001458,0.032119,0.012128,0.761744,-0.018010,-0.000624,-0.027371,-0.000793,0.038148,1.738519,3.000793,1.776667,3.000000,0,0.801140
26226.635461,0.906469,0.002833,0.077477,0.016240,0.768533,0.024881,-0.000220,0.004548,0.000464,0.040609,1.759391,2.999536,1.800000,3.000000,0,0.824708
26226.655465,0.941613,0.003467,0.105770,0.020152,0.775410,0.003453,-0.000537,-0.019134,0.001797,0.041544,1.781789,2.998203,1.823333,3.000000,0,0.848141
26226.675470,0.977808,0.005102,0.151593,0.023270,0.781991,0.002992,-0.000221,-0.007733,0.002590,0.042235,1.804432,2.997410,1.846667,3.000000,0,0.872332
26226.695466,1.013617,0.006539,0.203624,0.025122,0.788337,0.004203,-0.000128,-0.004176,0.003155,0.040773,1.829227,2.996845,1.870000,3.000000,0,0.898576
26226.728856,1.050694,0.007409,0.242074,0.026148,0.793781,-0.019224,-0.000181,-0.013356,0.004242,0.043019,1.853648,2.995758,1.896667,3.000000,0,0.925945
26226.735463,1.086200,0.007922,0.269259,0.026802,0.799348,0.024405,0.000006,0.008710,0.005222,0.043918,1.879416,2.994778,1.923333,3.000000,0,0.953068
26226.755482,1.121498,0.008118,0.286709,0.027531,0.804730,0.002470,-0.000106,-0.003380,0.006355,0.044986,1.905014,2.993645,1.950000,3.000000,0,0.980729
26226.775472,1.156858,0.008420,0.303807,0.027436,0.809999,0.004338,0.000009,0.001273,0.007011,0.047372,1.932628,2.992989,1.980000,3.000000,0,1.010066
26226.795471,1.194009,0.008558,0.319148,0.026049,0.814434,0.004118,0.000114,0.005254,0.007282,0.048208,1.961792,2.992718,2.010000,3.000000,0,1.041241
26226.833812,1.230867,0.008291,0.323851,0.024239,0.818145,-0.028920,0.000350,0.008831,0.008754,0.051624,1.988376,2.991246,2.040000,3.000000,0,1.071360
26226.840054,1.264120,0.007802,0.318506,0.022997,0.822932,0.033767,-0.000040,0.001843,0.009055,0.046339,2.023661,2.990945,2.070000,3.000000,0,1.103907
26226.855477,1.308079,0.007434,0.313826,0.018877,0.821676,0.004418,0.000520,0.017293,0.009136,0.054514,2.048820,2.990864,2.103333,3.000000,0,1.136181
26226.875479,1.337220,0.006576,0.298741,0.015492,0.825492,0.002576,0.000288,0.011694,0.009263,0.055410,2.077924,2.990737,2.133333,3.000000,0,1.165652
26226.895472,1.371730,0.005053,0.257118,0.011141,0.829636,0.002842,0.000363,0.014858,0.010082,0.053712,2.109621,2.989918,2.163333,3.000000,0,1.197819
26226.929743,1.406352,0.003660,0.211060,0.007958,0.833230,-0.018477,0.000471,0.032181,0.007427,0.054291,2.142376,2.992573,2.196667,3.000000,0,1.231948
26226.936101,1.441798,0.002513,0.165607,0.002864,0.836200,0.024806,0.000496,-0.002546,0.007165,0.053906,2.176094,2.992835,2.230000,3.000000,0,1.267894
26226.955471,1.476617,0.002041,0.134732,-0.001943,0.838607,0.004153,0.001422,0.042811,0.005710,0.056558,2.210108,2.994290,2.266667,3.000000,0,1.304593
26226.975482,1.510883,0.000775,0.089878,-0.007325,0.840738,0.003666,0.000848,0.034896,0.003916,0.057316,2.246018,2.996084,2.303333,3.000000,0,1.341408
26226.995463,1.545342,-0.001438,0.017250,-0.012093,0.841710,0.000065,0.000391,0.016021,0.002580,0.062751,2.277249,2.997420,2.340000,3.000000,0,1.377169
26227.027139,1.575767,-0.003407,-0.074317,-0.015032,0.844454,-0.017530,0.000146,0.037145,0.001293,0.067638,2.309028,2.998707,2.376667,3.000000,0,1.410758
26227.035479,1.605859,-0.004343,-0.147908,-0.016528,0.847999,0.011648,0.000365,-0.016182,0.002856,0.077426,2.332574,2.997144,2.410000,3.000000,0,1.440492
26227.055462,1.630063,-0.004334,-0.192943,-0.018619,0.852775,0.008867,0.000207,0.007017,-0.000337,0.058908,2.381092,3.000337,2.440000,3.000000,0,1.477737
26227.075474,1.668864,-0.004733,-0.236260,-0.020759,0.849390,0.006383,0.000198,0.006629,-0.002623,0.050702,2.425965,3.002623,2.476667,3.000000,0,1.525422
26227.095476,1.704515,-0.005018,-0.276544,-0.021973,0.843586,0.004075,0.000126,0.004004,-0.003908,0.055528,2.467806,3.003908,2.523333,3.000000,0,1.570763
26227.129844,1.737039,-0.005065,-0.310407,-0.023486,0.837847,-0.015984,-0.000114,0.019764,-0.005584,0.060385,2.509615,3.005584,2.570000,3.000000,0,1.614642
26227.135969,1.768377,-0.005039,-0.339671,-0.024265,0.831929,0.021512,0.000358,-0.011433,-0.008763,0.062564,2.550769,3.008763,2.613333,3.000000,0,1.658254
26227.155472,1.798166,-0.004752,-0.361380,-0.025881,0.827465,0.004068,0.000187,0.006020,-0.009557,0.063104,2.593563,3.009557,2.656667,3.000000,0,1.701941
26227.175474,1.827801,-0.004792,-0.386183,-0.025748,0.822448,0.002717,0.000022,-0.000787,-0.011043,0.063339,2.636661,3.011043,2.700000,3.000000,0,1.746725
26227.195472,1.856046,-0.004514,-0.407063,-0.026099,0.818201,0.002537,0.000116,0.002338,-0.011688,0.067091,2.679576,3.011688,2.746667,3.000000,0,1.791669
26227.228964,1.883462,-0.004031,-0.418912,-0.025530,0.814414,-0.013354,-0.000254,0.001455,-0.012482,0.066061,2.723939,3.012482,2.790000,3.000000,0,1.837042
26227.235462,1.910571,-0.003503,-0.425043,-0.024435,0.810763,0.018525,0.000152,-0.005810,-0.013498,0.067549,2.769118,3.013498,2.836667,3.000000,0,1.883174
26227.255469,1.936835,-0.003050,-0.428577,-0.023709,0.807139,0.002436,-0.000094,-0.006596,-0.014559,0.066147,2.813853,3.014559,2.880000,3.000000,0,1.929519
26227.275480,1.962395,-0.002317,-0.423153,-0.021812,0.803525,0.002534,-0.000133,-0.008164,-0.015680,0.066541,2.860125,3.015680,2.926667,3.000000,0,1.976271
26227.295473,1.987496,-0.001480,-0.407074,-0.019706,0.799007,0.002611,-0.000466,-0.016075,-0.016303,0.066583,2.906750,3.016303,2.973333,3.000000,0,2.024100
26227.330420,2.012044,-0.000985,-0.389802,-0.016594,0.793752,-0.012611,-0.000347,-0.040620,-0.016825,0.067968,2.955365,3.016825,3.023333,3.000000,0,2.073656
26227.335786,2.036449,0.000106,-0.358761,-0.013056,0.787444,0.017999,-0.000197,0.014003,-0.017841,0.069316,3.004017,3.017841,3.073333,3.000000,0,2.124349
26227.355455,2.060011,0.000603,-0.323753,-0.009321,0.780156,0.003365,-0.000312,-0.018920,-0.018363,0.070029,3.053305,3.018363,3.123333,3.000000,0,2.174159
26227.375473,2.082907,0.001994,-0.264913,-0.004873,0.771679,0.002938,-0.000334,-0.018483,-0.019016,0.070190,3.103144,3.019016,3.173333,3.000000,0,2.224071
26227.395473,2.104902,0.002940,-0.194031,-0.000338,0.762124,0.002562,-0.000360,-0.019182,-0.020692,0.070921,3.152413,3.020692,3.223333,3.000000,0,2.275093
26227.430806,2.125630,0.003511,-0.118573,0.002728,0.752698,-0.009944,0.000656,-0.049302,-0.021120,0.069496,3.203837,3.021120,3.273333,3.000000,0,2.326950
26227.436392,2.146096,0.003625,-0.045075,0.006522,0.742698,0.015083,-0.001171,0.022622,-0.021105,0.071185,3.255482,3.021105,3.326667,3.000000,0,2.379432
26227.455453,2.165792,0.002797,0.005570,0.009228,0.733027,0.003784,-0.000364,-0.016162,-0.021032,0.069261,3.307405,3.021032,3.376667,3.000000,0,2.432101
26227.475473,2.184406,0.003037,0.066966,0.010602,0.724133,0.003243,-0.000106,-0.005511,-0.020810,0.068544,3.361456,3.020810,3.430000,3.000000,0,2.486470
26227.495470,2.202420,0.002728,0.125515,0.010594,0.714135,0.001412,-0.000005,-0.000014,-0.024870,0.073688,3.409645,3.024870,3.483333,3.000000,0,2.539153
26227.530733,2.217742,0.001733,0.162067,0.004283,0.705604,-0.005641,0.000948,0.045736,-0.021249,0.068077,3.468590,3.021249,3.536667,3.000000,0,2.593220
26227.536514,2.235255,-0.000422,0.153597,-0.006630,0.695663,0.012229,0.000763,0.008139,-0.021449,0.065782,3.524218,3.021449,3.590000,3.000000,0,2.651175
26227.555455,2.251072,-0.001676,0.118940,-0.023972,0.685663,0.003899,0.004342,0.148922,-0.020522,0.071597,3.578403,3.020522,3.650000,3.000000,0,2.706855
26227.575471,2.265667,-0.004367,0.018651,-0.048576,0.675663,0.003883,0.003298,0.175485,-0.020487,0.071926,3.634740,3.020487,3.706667,3.000000,0,2.762741
26227.595472,2.279352,-0.010867,-0.227012,-0.078749,0.665663,0.003449,0.001727,0.099687,-0.020872,0.069142,3.690858,3.020872,3.760000,3.000000,0,2.819974
26227.630284,2.290541,-0.017748,-0.683185,-0.107644,0.655663,-0.001867,-0.004805,0.359033,-0.025299,0.074195,3.742471,3.025299,3.816667,3.000000,0,2.874609
26227.635632,2.298590,-0.018857,-1.170996,-0.132473,0.645663,0.006206,0.007872,-0.208662,-0.028110,0.078992,3.794341,3.028110,3.873333,3.000000,0,2.926448
26227.655452,2.305609,-0.012120,-1.545740,-0.162546,0.637625,0.006398,0.002176,0.101396,-0.020729,0.063551,3.859783,3.020729,3.923333,3.000000,0,2.983506
26227.675471,2.312089,-0.009518,-1.961363,-0.195227,0.627625,0.004105,0.001493,0.065256,-0.015363,0.066110,3.917223,3.015363,3.983333,3.000000,0,3.044065
26227.695471,2.312650,-0.004825,-2.389705,-0.225317,0.617625,0.003267,0.001076,0.042715,-0.003562,0.071682,3.972290,3.007883,4.043393,2.998113,0,3.100722
26227.731458,2.308831,0.003046,-2.771032,-0.252506,0.607625,0.012643,-0.009485,0.209808,0.004366,0.070671,4.029469,2.999779,4.099593,2.989981,0,3.157135
26227.737419,2.302076,0.013529,-3.083822,-0.273393,0.597625,-0.007246,0.012267,-0.168681,0.009250,0.060019,4.094568,2.985278,4.154508,2.975528,0,3.218326
26227.755454,2.290826,0.028843,-3.339065,-0.288258,0.587625,0.005694,-0.000280,0.027253,0.007691,0.068846,4.144780,2.975549,4.210467,2.953545,0,3.275976
26227.775475,2.281727,0.038622,-3.459683,-0.296832,0.577625,0.002231,0.000395,0.008747,0.002287,0.075780,4.194665,2.964291,4.260537,2.926756,0,3.324935
26227.795474,2.265616,0.049448,-3.564458,-0.300000,0.567626,0.000970,0.000137,0.000731,-0.001487,0.076144,4.242151,2.945702,4.301944,2.898534,0,3.372326
26227.831511,2.246877,0.058440,-3.629437,-0.300000,0.560487,0.017068,-0.003519,0.006193,-0.013714,0.070053,4.295491,2.926022,4.337864,2.868576,0,3.420042
26227.837109,2.226955,0.065301,-3.661587,-0.300000,0.555446,-0.020169,0.003105,-0.007239,-0.017908,0.058244,4.347641,2.888287,4.373060,2.832906,0,3.473358
26227.855457,2.200939,0.069877,-3.672789,-0.297916,0.549284,0.002977,0.000020,-0.002390,-0.030896,0.076538,4.387007,2.871395,4.406464,2.791182,0,3.520017
26227.875472,2.184716,0.071218,-3.667368,-0.296418,0.549302,-0.002224,-0.000527,-0.006212,-0.032841,0.080830,4.419536,2.838294,4.431894,2.751927,0,3.558017
26227.895444,2.161914,0.070189,-3.659560,-0.287904,0.549018,0.000161,0.000043,-0.002639,-0.049757,0.068973,4.463657,2.803335,4.449234,2.719519,0,3.600857
26227.954256,2.142735,0.067996,-3.642853,-0.280942,0.551600,0.017299,0.005815,-0.014822,-0.065644,0.030213,4.516989,2.731491,4.466590,2.679704,0,3.660379
26227.959839,2.108704,0.060280,-3.617549,-0.265090,0.545241,-0.018343,-0.006083,0.001073,-0.084102,0.030801,4.558790,2.672854,4.484786,2.622402,0,3.725959
26227.979937,2.085867,0.053023,-3.608571,-0.247492,0.542465,-0.001271,-0.000931,-0.030574,-0.086600,0.055682,4.575676,2.625687,4.496385,2.560013,0,3.776112
26228.026257,2.071032,0.048295,-3.596516,-0.225397,0.542566,0.009967,0.005062,-0.127007,-0.096922,0.073119,4.595336,2.585074,4.499899,2.510026,0,3.818600
26228.032931,2.056688,0.044796,-3.555012,-0.198368,0.545777,-0.014752,-0.007722,0.063756,-0.110159,0.034673,4.610159,2.501340,4.500000,2.466667,0,3.877706
26228.039912,2.039413,0.037661,-3.433442,-0.161735,0.539177,-0.000217,-0.003013,-0.091472,-0.111398,0.084904,4.611398,2.491570,4.500000,2.406667,0,3.925980
26228.059940,2.038003,0.037220,-3.412080,-0.131280,0.544942,-0.001016,-0.002988,-0.154515,-0.118395,0.080595,4.618395,2.440595,4.500000,2.360000,0,3.959342
26228.079914,2.036358,0.042610,-3.096879,-0.108659,0.546520,-0.001181,-0.004514,-0.142622,-0.123913,0.069078,4.623913,2.395745,4.500000,2.326667,0,4.005080
26228.130262,2.036225,0.040975,-2.714460,-0.090178,0.546782,-0.007336,0.009893,-0.706463,-0.125786,0.070978,4.625786,2.350978,4.500000,2.280000,0,4.049813
26228.136452,2.036216,0.031143,-2.451857,-0.071732,0.547668,-0.000581,-0.021570,0.008412,-0.114481,0.028026,4.614481,2.264692,4.500000,2.236667,0,4.112636
26228.142998,2.037003,0.012800,-2.238539,-0.047221,0.539493,-0.000841,-0.007483,-0.158420,-0.120895,0.072301,4.620895,2.245634,4.500000,2.173333,0,4.166959
26228.159892,2.038062,0.013848,-2.142227,-0.031524,0.540888,-0.000632,-0.002814,-0.134155,-0.121078,0.091245,4.621078,2.207912,4.500000,2.116667,0,4.199328
26228.179914,2.042355,0.026521,-1.613784,-0.027354,0.540046,0.000093,-0.000307,-0.016981,-0.113597,0.071308,4.613597,2.157974,4.500000,2.086667,0,4.241118
26228.231235,2.048112,0.026567,-1.056912,-0.026516,0.535404,-0.008522,0.011266,-0.214452,-0.106545,0.068522,4.606545,2.111855,4.500000,2.043333,0,4.288473
26228.236811,2.054006,0.017964,-0.736115,-0.023323,0.531678,0.010977,-0.011329,0.157228,-0.092598,0.016492,4.592598,2.013158,4.500000,1.996667,0,4.358598
26228.242393,2.066512,0.004635,-0.511607,-0.012843,0.521678,-0.000287,-0.001294,-0.036876,-0.091489,0.078293,4.591489,2.004960,4.500000,1.926667,0,4.415197
26228.259929,2.067641,0.004162,-0.498803,-0.005376,0.522849,0.000084,-0.001376,-0.067106,-0.086423,0.095785,4.586423,1.965785,4.500000,1.870000,0,4.443761
26228.279917,2.072221,0.005797,-0.383009,0.001301,0.523962,0.000488,-0.000493,-0.025769,-0.077397,0.077171,4.577397,1.917171,4.500000,1.840000,0,4.485757
26228.327643,2.077827,0.007399,-0.203665,0.009466,0.523224,-0.006364,0.001377,-0.188720,-0.068292,0.070356,4.568292,1.870356,4.500000,1.800000,0,4.532679
26228.333929,2.083285,0.006077,-0.078619,0.019921,0.521840,0.008192,-0.005583,0.002095,-0.052875,0.031326,4.552875,1.784659,4.500000,1.753333,0,4.596470
26228.339866,2.092957,0.002291,0.004143,0.032000,0.512156,0.000125,-0.003166,-0.075754,-0.057920,0.081378,4.557920,1.771378,4.500000,1.690000,0,4.648692
26228.359920,2.094183,0.002735,0.021847,0.036238,0.513782,0.000674,-0.001313,-0.052680,-0.052978,0.085765,4.552978,1.722432,4.500000,1.636667,0,4.683005
26228.379922,2.098606,0.008771,0.265189,0.035098,0.514498,0.000440,-0.000767,-0.024640,-0.050239,0.069592,4.550239,1.672925,4.500000,1.603333,0,4.730214
26228.430572,2.102931,0.007795,0.423009,0.031529,0.514274,-0.005508,0.003176,-0.041439,-0.052226,0.069632,4.552226,1.622966,4.500000,1.553333,0,4.780343
26228.436439,2.107212,0.005084,0.503465,0.024815,0.513074,0.006252,-0.001786,0.058167,-0.045679,0.030668,4.545679,1.534002,4.500000,1.503333,0,4.848090
26228.442009,2.114622,0.001626,0.555494,0.017873,0.503518,0.000567,0.001111,0.028710,-0.043527,0.078962,4.543527,1.515628,4.500000,1.436667,0,4.903580
26228.459960,2.116125,0.000650,0.548640,0.012408,0.501135,0.000131,0.000763,0.037030,-0.039135,0.095567,4.539135,1.475567,4.500000,1.380000,0,4.936587
26228.479922,2.119116,-0.003730,0.443717,0.008586,0.497043,0.000710,0.000275,0.014926,-0.031673,0.074509,4.531673,1.424509,4.500000,1.350000,0,4.980780
26228.527408,2.122718,-0.005498,0.314246,0.003189,0.491417,-0.002632,-0.001169,0.129176,-0.032468,0.070389,4.532468,1.373723,4.500000,1.303333,0,5.030827
26228.533238,2.126081,-0.004603,0.225761,-0.011208,0.487359,0.005281,0.004856,0.013219,-0.023249,0.030853,4.523249,1.284186,4.500000,1.253333,0,5.097738
26228.539916,2.132004,-0.001817,0.166414,-0.044886,0.477998,0.000431,0.006319,0.149048,-0.025804,0.086213,4.525804,1.272880,4.500000,1.186667,0,5.150531
26228.559945,2.132639,-0.002697,0.142162,-0.079429,0.468086,0.002237,0.005118,0.254361,-0.026636,0.090331,4.526636,1.223664,4.500000,1.133333,0,5.184069
26228.579913,2.133374,-0.017520,-0.302050,-0.106799,0.458086,0.001726,0.001789,0.086561,-0.024857,0.072322,4.524857,1.172322,4.500000,1.100000,0,5.231107
26228.625960,2.131832,-0.026142,-0.933319,-0.126372,0.452343,0.006846,-0.007493,0.517918,-0.022708,0.069696,4.522708,1.123029,4.500000,1.053333,0,5.280214
26228.631985,2.129656,-0.022573,-1.402083,-0.149392,0.451596,-0.000818,0.014850,-0.147993,-0.011748,0.037960,4.511748,1.041293,4.500000,1.003333,0,5.343125
26228.639912,2.126969,-0.009189,-1.729905,-0.189392,0.443133,0.003370,0.008257,0.188256,-0.003562,0.080872,4.509479,1.023375,4.496789,0.943426,0,5.395536
26228.659921,2.126127,-0.006535,-1.768215,-0.229392,0.433133,0.003390,0.002209,0.109285,0.003224,0.086414,4.503657,0.975864,4.487937,0.890831,0,5.430707
26228.679916,2.114996,-0.017443,-2.275639,-0.240535,0.430608,0.000941,0.000368,0.013289,0.006119,0.071317,4.493395,0.925395,4.478621,0.855356,0,5.477017
26228.726191,2.101170,-0.018356,-2.769476,-0.256233,0.430172,0.021836,-0.011225,0.317793,0.014027,0.068489,4.475898,0.880077,4.463049,0.811358,0,5.526503
26228.731757,2.086443,-0.012576,-3.133055,-0.267775,0.430674,-0.019907,0.011940,-0.261652,0.010181,0.034268,4.450244,0.804098,4.443441,0.769002,0,5.588044
26228.739914,2.061849,0.001178,-3.482640,-0.275379,0.427129,0.000961,0.000612,0.015249,0.015301,0.077842,4.442521,0.787473,4.410689,0.714808,0,5.638553
26228.759917,2.055378,0.004528,-3.534496,-0.283427,0.430807,0.000623,0.000213,0.007704,0.019418,0.077987,4.416044,0.747119,4.380149,0.675213,0,5.674945
26228.779925,2.037073,0.010369,-3.659663,-0.284750,0.430689,0.000175,0.000013,-0.000409,0.012848,0.069336,4.394969,0.706532,4.355318,0.648220,0,5.719413
26228.827581,2.018047,0.015151,-3.745433,-0.285981,0.431718,0.026737,-0.002186,0.033562,0.005088,0.067477,4.371674,0.666310,4.323518,0.618770,0,5.762605
26228.833285,1.998949,0.018654,-3.796911,-0.287777,0.434666,-0.028791,0.001639,-0.029305,-0.000840,0.027449,4.312162,0.607381,4.289287,0.592185,0,5.822234
26228.839918,1.964663,0.020973,-3.836758,-0.287067,0.430867,0.002239,-0.000019,-0.000118,0.000359,0.081487,4.309820,0.599634,4.238360,0.560472,0,5.867363
26228.859924,1.960582,0.020820,-3.839915,-0.287322,0.436378,-0.000643,-0.000204,-0.003142,-0.008595,0.092027,4.284347,0.568393,4.196337,0.540161,0,5.890345
26228.879920,1.941378,0.019539,-3.848984,-0.284186,0.441817,-0.000291,-0.000111,-0.003442,-0.011555,0.070168,4.244445,0.545182,4.174661,0.531499,0,5.927806
26228.927411,1.923584,0.017522,-3.849741,-0.281657,0.445735,0.020883,0.004300,-0.011853,-0.017025,0.065246,4.207251,0.521860,4.139848,0.519956,0,5.969388
26228.933078,1.906019,0.014622,-3.848699,-0.274756,0.447880,-0.023527,-0.005204,0.001933,-0.025769,0.027173,4.132837,0.490563,4.101018,0.510311,0,6.025036
26228.939927,1.878128,0.008775,-3.841120,-0.271787,0.444762,0.001446,0.000123,-0.007059,-0.021056,0.083965,4.130480,0.488605,4.044962,0.502026,0,6.065130
26228.959926,1.874683,0.007996,-3.840936,-0.265514,0.450871,0.000343,-0.000043,-0.006125,-0.020260,0.078884,4.084086,0.480555,4.005002,0.500025,0,6.090139
26228.979921,1.861979,0.005581,-3.814037,-0.266824,0.456365,0.000317,0.000133,0.002824,-0.026004,0.067648,4.044787,0.471558,3.978329,0.500470,0,6.129141
26229.029238,1.849889,0.002524,-3.788673,-0.270477,0.461876,0.016664,0.005012,0.006541,-0.029513,0.068002,4.005871,0.466170,3.941770,0.503402,0,6.164942
26229.035104,1.838030,-0.001205,-3.779433,-0.272565,0.466570,-0.016475,-0.004839,-0.004019,-0.031423,0.032696,3.931693,0.471972,3.905523,0.509007,0,6.215264
26229.041817,1.818164,-0.007215,-3.784936,-0.271739,0.461483,-0.000611,-0.000120,0.000647,-0.027498,0.071292,3.917399,0.474154,3.856953,0.520899,0,6.257559
26229.059890,1.813909,-0.008334,-3.787490,-0.272117,0.465272,0.000945,0.000235,0.000660,-0.024081,0.082459,3.883811,0.482351,3.816000,0.535087,0,6.282264
26229.079909,1.805485,-0.010525,-3.796852,-0.268855,0.468500,-0.000258,-0.000152,-0.005197,-0.024219,0.065018,3.843820,0.495381,3.794501,0.544182,0,6.317259
26229.125990,1.795723,-0.012620,-3.803797,-0.264385,0.470701,0.010610,0.001951,-0.018223,-0.024824,0.064806,3.806775,0.507756,3.761640,0.560472,0,6.355448
26229.131664,1.787019,-0.014031,-3.798284,-0.259087,0.473496,-0.010784,-0.002229,0.007885,-0.026520,0.042268,3.751324,0.533985,3.730062,0.579128,0,6.401454
26229.139911,1.774067,-0.016386,-3.782001,-0.252230,0.469163,-0.000121,-0.000626,-0.015360,-0.021585,0.073702,3.736755,0.543727,3.691994,0.606132,0,6.439417
26229.159908,1.771179,-0.016905,-3.776771,-0.244211,0.472394,-0.000314,-0.000413,-0.016846,-0.020107,0.073883,3.705144,0.565224,3.663950,0.629769,0,6.466907
26229.179910,1.765256,-0.016578,-3.718749,-0.233986,0.475091,-0.000425,-0.000540,-0.020882,-0.017213,0.068633,3.677993,0.589475,3.642344,0.650597,0,6.501674
26229.227664,1.760453,-0.016486,-3.638416,-0.221720,0.478393,0.003747,0.002180,-0.145694,-0.015147,0.066135,3.651294,0.615091,3.619851,0.675213,0,6.538262
26229.233265,1.757060,-0.016483,-3.537584,-0.207484,0.481859,-0.004035,-0.003419,0.086478,-0.006415,0.047533,3.620040,0.661849,3.597065,0.703953,0,6.583194
26229.239916,1.752699,-0.018916,-3.397333,-0.187268,0.477935,-0.001161,-0.002877,-0.055686,-0.001793,0.078365,3.612165,0.672095,3.572941,0.739960,0,6.619031
26229.259940,1.751807,-0.019456,-3.366677,-0.168616,0.484111,-0.001503,-0.002680,-0.104019,0.003760,0.077075,3.593526,0.705088,3.555028,0.771965,0,6.646241
26229.279900,1.752781,-0.014552,-3.139232,-0.153026,0.488871,-0.000521,-0.001139,-0.047656,0.005740,0.066559,3.575893,0.737595,3.543499,0.796023,0,6.683086
26229.326235,1.755692,-0.010770,-2.840337,-0.140970,0.492424,-0.005074,0.003692,-0.252128,0.010721,0.065270,3.562045,0.772296,3.529775,0.830035,0,6.721635
26229.331480,1.759378,-0.010618,-2.577997,-0.129333,0.495531,0.004818,-0.005271,0.172570,0.019509,0.045700,3.548558,0.829237,3.517691,0.868176,0,6.769695
26229.339920,1.765507,-0.014988,-2.318996,-0.113403,0.490700,-0.000622,-0.003156,-0.076941,0.022566,0.075318,3.542723,0.843428,3.507500,0.913723,0,6.809904
26229.359918,1.767276,-0.015324,-2.268549,-0.099257,0.497310,-0.000737,-0.001211,-0.054841,0.028983,0.076578,3.538176,0.879835,3.502178,0.953377,0,6.839185
26229.379919,1.773065,-0.009537,-1.982469,-0.087844,0.502236,-0.000724,-0.000948,-0.039845,0.032857,0.068680,3.535406,0.915782,3.500278,0.983328,0,6.875434
26229.427312,1.779169,-0.007455,-1.724864,-0.078168,0.506606,-0.009865,0.002086,-0.186374,0.032032,0.066959,3.532032,0.953041,3.500000,1.020000,0,6.912919
26229.433268,1.785898,-0.006855,-1.511386,-0.068650,0.510715,0.009713,-0.003785,0.119666,0.027687,0.033391,3.527687,1.023276,3.500000,1.056667,0,6.965298
26229.440448,1.797912,-0.009536,-1.312688,-0.056298,0.505637,-0.001316,-0.002503,-0.068718,0.026702,0.079587,3.526702,1.030413,3.500000,1.110000,0,7.006757
26229.459920,1.799349,-0.009349,-1.293270,-0.045791,0.510853,-0.000233,-0.002018,-0.079732,0.023632,0.082924,3.523632,1.070409,3.500000,1.153333,0,7.032652
26229.479901,1.806950,-0.004512,-1.098063,-0.036235,0.512999,-0.000152,-0.000803,-0.035718,0.021453,0.067060,3.521453,1.109606,3.500000,1.176667,0,7.070710
26229.531506,1.814872,-0.000992,-0.869100,-0.025698,0.513877,-0.012554,-0.000153,-0.239113,0.020996,0.066417,3.520996,1.150249,3.500000,1.216667,0,7.111377
26229.537559,1.822829,-0.001198,-0.713954,-0.010745,0.514431,0.013023,-0.005819,-0.000321,0.014226,0.026061,3.514226,1.230606,3.500000,1.256667,0,7.169448
26229.543177,1.838325,-0.004095,-0.611592,0.018036,0.507325,-0.000463,-0.005503,-0.123513,0.013606,0.075392,3.513606,1.237942,3.500000,1.313333,0,7.215424
26229.559934,1.839881,-0.003010,-0.583538,0.041094,0.507756,0.000541,-0.005962,-0.214076,0.012174,0.088347,3.512174,1.271653,3.500000,1.360000,0,7.239956
26229.579923,1.845841,0.008700,-0.258125,0.061402,0.505956,0.000707,-0.001457,-0.066182,0.009414,0.068550,3.509414,1.314783,3.500000,1.383333,0,7.276952
26229.634104,1.852275,0.020124,0.308654,0.078081,0.502926,-0.009071,0.005603,-0.414116,0.005097,0.066378,3.505097,1.356955,3.500000,1.423333,0,7.318910
26229.639990,1.858285,0.022641,0.751536,0.097462,0.501415,0.010604,-0.008335,0.273044,-0.004821,0.022265,3.495179,1.441068,3.500000,1.463333,0,7.379747
26229.660036,1.870118,0.016313,1.177306,0.129678,0.493810,0.002412,-0.005321,-0.210065,-0.014618,0.038725,3.486662,1.484020,3.499453,1.523386,0,7.445376
26229.680020,1.874370,0.019961,1.393237,0.162037,0.491529,0.001927,-0.002593,-0.100991,-0.023484,0.058717,3.479316,1.527769,3.491879,1.589748,0,7.494835
26229.734085,1.875646,0.027952,1.813783,0.187974,0.490002,0.004799,0.002101,-0.561303,-0.030984,0.060790,3.467497,1.571537,3.480426,1.638532,0,7.542824
26229.739837,1.876133,0.029284,2.176898,0.210224,0.489768,0.003502,-0.010537,0.169718,-0.033341,0.017131,3.440610,1.654683,3.465379,1.682819,0,7.609039
26229.745156,1.878386,0.021288,2.491894,0.231780,0.482705,0.001978,-0.004077,-0.095257,-0.038687,0.071740,3.437954,1.661717,3.436859,1.743216,0,7.662274
26229.760020,1.878495,0.020542,2.505996,0.249000,0.485560,0.002124,-0.001793,-0.039427,-0.041013,0.086552,3.424835,1.694102,3.408401,1.788459,0,7.690824
26229.780024,1.874529,0.027136,2.784725,0.255919,0.488235,0.001691,-0.000979,-0.034855,-0.039488,0.071641,3.404268,1.731886,3.390320,1.812491,0,7.729391
26229.830330,1.868399,0.029791,3.107121,0.254019,0.490354,0.010612,0.006378,-0.208347,-0.036809,0.064073,3.382952,1.768325,3.366309,1.840320,0,7.772868
26229.835768,1.861788,0.028031,3.359475,0.246760,0.493753,-0.009699,-0.006381,0.193426,-0.029620,0.026464,3.335151,1.831106,3.335392,1.870826,0,7.832666
26229.841416,1.850509,0.020276,3.596507,0.226723,0.488873,-0.001444,0.000797,0.033814,-0.033541,0.068180,3.324798,1.841671,3.288459,1.908401,0,7.883376
26229.860031,1.847916,0.018436,3.618849,0.212391,0.495171,-0.000824,0.002877,0.075064,-0.034148,0.085633,3.301425,1.865368,3.243216,1.936859,0,7.912283
26229.880035,1.844626,0.012820,3.580529,0.196986,0.501852,-0.001434,0.002025,0.080225,-0.029744,0.069108,3.268552,1.892169,3.219519,1.949234,0,7.949696
26229.929514,1.841956,0.006862,3.464949,0.177942,0.506636,0.000075,-0.002047,0.303050,-0.027482,0.062164,3.233413,1.915519,3.185925,1.964146,0,7.992929
26229.935014,1.841921,0.001845,3.254834,0.156715,0.510110,0.000807,0.004999,-0.202588,-0.020473,0.028038,3.165842,1.950809,3.144942,1.978531,0,8.051279
26229.940264,1.843361,0.004194,2.947424,0.124531,0.504520,-0.001196,0.004609,0.108631,-0.026014,0.078161,3.158944,1.953330,3.086458,1.992468,0,8.096956
26229.960014,1.843362,0.004823,2.923497,0.101066,0.511887,-0.000895,0.002804,0.143368,-0.024711,0.083231,3.121046,1.967092,3.040062,1.998392,0,8.124836
26229.980028,1.848199,-0.005727,2.479119,0.081927,0.517068,-0.000382,0.001877,0.080746,-0.019163,0.067522,3.080353,1.978861,3.013367,1.999821,0,8.164333
26230.027944,1.854109,-0.009049,2.001431,0.070035,0.520828,-0.009142,-0.007192,0.333815,-0.010655,0.065806,3.039140,1.989345,2.973333,2.000000,0,8.206194
26230.033473,1.860808,-0.007170,1.612621,0.063229,0.523588,0.009827,0.008523,-0.252262,0.005887,0.031583,2.964916,2.005887,2.933333,2.000000,0,8.262380
26230.040037,1.872598,0.001545,1.255411,0.065631,0.516895,-0.000789,-0.000226,0.016399,0.006992,0.080841,2.957508,2.006992,2.876667,2.000000,0,8.306137
26230.060037,1.873961,0.002050,1.231666,0.067927,0.518054,0.000666,-0.000354,-0.015572,0.012560,0.083188,2.916522,2.012560,2.833333,2.000000,0,8.333561
26230.080017,1.881106,0.004530,1.149484,0.068975,0.514783,0.000354,-0.000112,-0.004229,0.017335,0.071517,2.874850,2.017335,2.803333,2.000000,0,8.373104
26230.129696,1.887631,0.006762,1.133098,0.071992,0.508804,-0.008100,-0.000399,-0.034350,0.022466,0.065261,2.831927,2.022466,2.766667,2.000000,0,8.415276
26230.135021,1.893546,0.008258,1.146773,0.081469,0.501056,0.009379,-0.000947,0.004634,0.028623,0.030005,2.753338,2.028623,2.723333,2.000000,0,8.473429
26230.140597,1.904164,0.008637,1.180931,0.098672,0.491056,0.000293,-0.002855,-0.062974,0.028805,0.082390,2.745723,2.028805,2.663333,2.000000,0,8.518853
26230.160018,1.905248,0.008682,1.185092,0.112399,0.481909,0.001861,-0.001968,-0.088263,0.029104,0.082087,2.702087,2.029104,2.620000,2.000000,0,8.547355
26230.180031,1.908667,0.015839,1.389848,0.123756,0.471909,0.001062,-0.001029,-0.041434,0.028167,0.068371,2.658371,2.028167,2.590000,2.000000,0,8.588672
26230.230513,1.910353,0.019623,1.646447,0.135200,0.461909,0.001229,0.003250,-0.232866,0.028172,0.062659,2.612659,2.028172,2.550000,2.000000,0,8.632359
26230.236382,1.911003,0.020650,1.874937,0.149165,0.452902,0.000979,-0.005002,0.152335,0.023320,0.023878,2.530544,2.023320,2.506667,2.000000,0,8.692156
26230.242357,1.911381,0.016824,2.114140,0.175150,0.442902,0.001149,-0.003042,-0.055548,0.016110,0.070975,2.515478,2.020737,2.446628,1.997143,0,8.741828
26230.260032,1.911040,0.016548,2.154373,0.194431,0.438211,0.002339,-0.002076,-0.088686,0.008612,0.085693,2.479222,2.015362,2.397134,1.989304,0,8.770645
26230.280021,1.907460,0.022218,2.385623,0.209268,0.434166,0.001195,-0.000776,-0.029812,0.005262,0.071764,2.435726,2.006270,2.367902,1.982235,0,8.808855
26230.330063,1.900992,0.025741,2.698192,0.219886,0.431005,0.012836,0.004778,-0.249495,0.001609,0.064756,2.393326,1.994394,2.332834,1.971228,0,8.851574
26230.335975,1.893798,0.025240,2.952448,0.226663,0.428520,-0.010655,-0.005644,0.197031,-0.001277,0.028049,2.318620,1.965416,2.292569,1.954942,0,8.909771
26230.341737,1.880520,0.019372,3.219841,0.229410,0.419416,-0.000549,-0.000682,0.001154,-0.006949,0.069404,2.305380,1.958301,2.242322,1.928488,0,8.959074
26230.360034,1.877220,0.018229,3.255515,0.229344,0.421302,0.001725,0.000127,-0.007743,-0.011325,0.082735,2.273782,1.940992,2.200726,1.900544,0,8.989194
26230.380036,1.870370,0.016781,3.327291,0.224379,0.423330,0.000221,0.000198,0.010838,-0.012904,0.070299,2.239201,1.917359,2.177186,1.881826,0,9.027286
26230.429298,1.861892,0.014517,3.373785,0.213563,0.424817,0.010712,0.001832,0.089961,-0.015113,0.066256,2.205287,1.890704,2.147630,1.854733,0,9.069497
26230.435315,1.853882,0.012740,3.384277,0.197996,0.426678,-0.012414,0.001719,0.039609,-0.016381,0.026591,2.150081,1.834891,2.120340,1.825359,0,9.128441
26230.440692,1.839757,0.012328,3.384744,0.164660,0.421410,-0.002770,0.004704,0.096167,-0.022512,0.069716,2.141446,1.822945,2.084033,1.777438,0,9.178719
26230.460037,1.836362,0.012546,3.382534,0.136246,0.427341,-0.001406,0.007055,0.243083,-0.027910,0.083745,2.122265,1.795295,2.058352,1.734408,0,9.209160
26230.480040,1.834618,0.003287,3.123575,0.106645,0.430734,-0.003649,0.012825,0.387550,-0.028392,0.071050,2.100367,1.760300,2.045058,1.707431,0,9.246839
26230.530512,1.831935,0.001969,2.870979,0.072242,0.433376,-0.007395,0.010746,1.235352,-0.033362,0.067979,2.084423,1.722862,2.029900,1.670312,0,9.288714
26230.536252,1.829569,0.004724,2.684099,0.032242,0.435659,-0.007097,0.022994,0.270367,-0.033825,0.029422,2.058162,1.651538,2.017765,1.632098,0,9.346265
26230.542646,1.823630,0.013979,2.595986,-0.007758,0.428838,-0.000980,0.012666,0.283699,-0.038747,0.067568,2.054534,1.637404,2.005897,1.576566,0,9.395095
26230.560019,1.823620,0.005604,2.397038,-0.047758,0.420642,0.000909,0.005937,0.254242,-0.037988,0.080177,2.042934,1.604756,2.000715,1.526724,0,9.424078
26230.580025,1.824679,-0.028911,1.308921,-0.075834,0.410679,0.001578,0.006428,0.189341,-0.029348,0.070376,2.029807,1.566836,1.999989,1.496658,0,9.459004
26230.630711,1.825189,-0.036872,0.218717,-0.095861,0.405947,0.001564,-0.008366,0.777701,-0.015099,0.065155,2.018493,1.527140,1.998649,1.463270,0,9.497859
26230.636301,1.825779,-0.035228,-0.534174,-0.116548,0.404803,0.000752,0.011092,-0.539736,0.002751,0.033356,1.996493,1.456818,1.994103,1.423434,0,9.552303
26230.642264,1.825888,-0.025974,-1.309284,-0.137478,0.399726,0.000850,0.003669,0.053364,0.010169,0.071720,1.991766,1.443046,1.983107,1.371129,0,9.598877
26230.660042,1.825727,-0.024949,-1.406964,-0.156648,0.404515,0.001269,0.001913,0.098003,0.019134,0.084600,1.980353,1.412534,1.968951,1.326550,0,9.627657
26230.680024,1.823220,-0.030588,-1.755359,-0.171380,0.410767,0.000988,0.002663,0.077655,0.024576,0.073160,1.964637,1.375532,1.957674,1.298669,0,9.664270
26230.731073,1.819870,-0.031647,-2.106028,-0.184024,0.417378,0.007406,0.000276,0.412796,0.028075,0.068793,1.949100,1.339519,1.941648,1.265592,0,9.704537
26230.736902,1.816764,-0.028623,-2.302874,-0.198713,0.424088,-0.002935,0.007965,-0.020686,0.028727,0.029752,1.913241,1.271494,1.921446,1.230959,0,9.761140
26230.743107,1.812133,-0.022937,-2.431221,-0.218542,0.423608,0.001378,0.003435,0.070461,0.034669,0.064194,1.901757,1.256598,1.888222,1.184907,0,9.812315
26230.760011,1.811038,-0.023801,-2.475002,-0.230886,0.429020,0.001252,0.001321,0.051075,0.035653,0.081569,1.886923,1.230627,1.854733,1.147630,0,9.842251
26230.780022,1.805279,-0.031613,-2.739398,-0.236601,0.435276,0.000591,0.000717,0.019293,0.033210,0.068387,1.861819,1.197252,1.832906,1.126940,0,9.877667
26230.830905,1.798376,-0.034562,-3.028933,-0.237078,0.441050,0.009823,-0.003493,0.193509,0.030727,0.063805,1.836481,1.166730,1.804602,1.103493,0,9.918527
26230.836584,1.792039,-0.032830,-3.214969,-0.233622,0.447214,-0.009458,0.004384,-0.116844,0.024029,0.027997,1.782285,1.115750,1.771852,1.080362,0,9.974090
26230.842449,1.780966,-0.027798,-3.372306,-0.224168,0.446637,-0.001090,-0.000332,-0.015271,0.026692,0.068009,1.771541,1.106413,1.722517,1.052243,0,10.020567
26230.860039,1.778512,-0.027035,-3.390500,-0.216135,0.454123,-0.000438,-0.000908,-0.026248,0.029024,0.082335,1.746106,1.090086,1.679704,1.033410,0,10.047248
26230.880013,1.775009,-0.024221,-3.378849,-0.207212,0.461827,-0.000451,-0.000545,-0.021868,0.025096,0.072042,1.715270,1.070601,1.654508,1.024472,0,10.079920
26230.930480,1.772195,-0.021013,-3.310675,-0.194768,0.468505,0.000994,-0.000659,-0.187080,0.020373,0.063278,1.681767,1.051662,1.625639,1.016043,0,10.116625
26230.936350,1.769957,-0.019971,-3.236091,-0.179707,0.474681,-0.004254,-0.004055,0.003958,0.009815,0.026736,1.614288,1.022575,1.589748,1.008121,0,10.170038
26230.942469,1.765970,-0.021792,-3.165167,-0.151954,0.470941,-0.001110,-0.004241,-0.089370,0.008618,0.063300,1.595979,1.013943,1.533396,1.001117,0,10.217074
26230.960035,1.765924,-0.020902,-3.129833,-0.132577,0.478631,-0.001693,-0.004543,-0.168226,0.003807,0.082773,1.569439,1.003807,1.486667,1.000000,0,10.243843
26230.980035,1.768292,-0.012122,-2.869195,-0.116212,0.487372,-0.001132,-0.003947,-0.118598,-0.009304,0.069361,1.529361,0.990696,1.460000,1.000000,0,10.277152
26231.030534,1.772402,-0.006964,-2.497670,-0.104877,0.493361,-0.010162,-0.000652,-0.490771,-0.018359,0.063578,1.490244,0.981641,1.426667,1.000000,0,10.316281
26231.037292,1.775687,-0.009912,-2.282471,-0.094413,0.499137,0.003271,-0.010499,0.004622,-0.035409,0.019453,1.409453,0.964591,1.390000,1.000000,0,10.374469
26231.043634,1.781279,-0.016778,-2.121225,-0.088355,0.496188,-0.001484,-0.003540,-0.087951,-0.037585,0.066980,1.396980,0.962415,1.330000,1.000000,0,10.423529
26231.060010,1.782073,-0.015308,-2.078078,-0.088974,0.504258,-0.001701,-0.003143,-0.116378,-0.041861,0.087388,1.367388,0.958139,1.280000,1.000000,0,10.448889
26231.080021,1.786223,-0.011070,-1.917451,-0.091769,0.511623,-0.000583,0.000210,0.010364,-0.046817,0.069391,1.326058,0.953183,1.256667,1.000000,0,10.483549
26231.128927,1.792645,-0.008240,-1.678927,-0.102889,0.518002,-0.009272,0.004868,0.075325,-0.052055,0.067271,1.287271,0.947945,1.220000,1.000000,0,10.522723
26231.134668,1.799035,-0.010063,-1.565700,-0.117726,0.523576,0.009993,0.000851,0.115753,-0.060542,0.025362,1.208696,0.939458,1.183333,1.000000,0,10.578724
26231.140919,1.810570,-0.012631,-1.491631,-0.144824,0.521158,0.000364,0.005443,0.116364,-0.060913,0.074837,1.201503,0.939087,1.126667,1.000000,0,10.623683
26231.160031,1.811801,-0.013204,-1.496688,-0.166388,0.525495,0.002284,0.004759,0.155799,-0.063193,0.078954,1.158954,0.936807,1.080000,1.000000,0,10.651119
26231.180034,1.815678,-0.024290,-1.786832,-0.184907,0.528755,0.001915,0.003883,0.140813,-0.064145,0.063591,1.116925,0.935855,1.053333,1.000000,0,10.690442
26231.226934,1.818624,-0.030088,-2.108324,-0.201245,0.532213,-0.000321,-0.001022,0.397144,-0.064697,0.058089,1.071422,0.935303,1.013333,1.000000,0,10.732014
26231.232802,1.820382,-0.033129,-2.455676,-0.216484,0.535555,0.005007,0.007525,-0.179714,-0.060959,0.018419,0.988410,0.938859,0.973276,1.000715,0,10.789513
26231.240039,1.825186,-0.027265,-2.754449,-0.233520,0.530053,0.001048,0.002192,0.075533,-0.055505,0.074612,0.981176,0.939823,0.916835,1.006965,0,10.830771
26231.260027,1.825249,-0.027639,-2.793499,-0.247207,0.533981,0.001869,0.001373,0.050237,-0.051393,0.079735,0.938624,0.946263,0.874361,1.016043,0,10.854578
26231.280011,1.823681,-0.031391,-3.061145,-0.254583,0.536930,0.000631,0.000332,0.010721,-0.051387,0.062106,0.895955,0.954968,0.851862,1.022449,0,10.892829
26231.329104,1.820868,-0.031820,-3.307621,-0.258591,0.540995,0.005128,-0.004801,0.164426,-0.045843,0.062081,0.858202,0.969253,0.817181,1.034621,0,10.930961
26231.335821,1.817970,-0.029217,-3.481057,-0.257869,0.544869,-0.003942,0.005532,-0.112227,-0.052059,0.024422,0.779567,0.993271,0.780481,1.050766,0,10.985072
26231.341911,1.813028,-0.022654,-3.639090,-0.257614,0.540390,-0.000092,0.000451,-0.001088,-0.048640,0.065726,0.763519,1.000598,0.733782,1.076765,0,11.030480
26231.359993,1.811875,-0.021413,-3.657427,-0.257457,0.546018,0.000465,-0.000138,0.004316,-0.044839,0.083088,0.733972,1.017317,0.695398,1.103493,0,11.055236
26231.380031,1.809408,-0.019587,-3.687939,-0.255623,0.552225,0.000182,-0.000036,-0.003737,-0.047057,0.066987,0.697960,1.038990,0.677186,1.118174,0,11.088875
26231.428382,1.806795,-0.017719,-3.708708,-0.249876,0.557816,0.002855,-0.001000,-0.030651,-0.044515,0.063889,0.667382,1.064174,0.652404,1.140588,0,11.125624
26231.434330,1.804656,-0.016004,-3.705233,-0.239833,0.562806,-0.002812,0.000264,0.011944,-0.046474,0.022178,0.607031,1.119604,0.626940,1.167094,0,11.179749
26231.440232,1.801644,-0.014754,-3.676095,-0.225475,0.557937,-0.000498,-0.001332,-0.029956,-0.041376,0.073226,0.602545,1.125195,0.593536,1.208818,0,11.222060
26231.460018,1.801293,-0.014663,-3.671087,-0.215183,0.564685,-0.000492,-0.000780,-0.035696,-0.040992,0.077332,0.573940,1.157765,0.569799,1.245192,0,11.246667
26231.480024,1.802468,-0.010888,-3.554730,-0.203937,0.569928,-0.000777,-0.001735,-0.052990,-0.045656,0.064427,0.546148,1.190306,0.556795,1.268549,0,11.284472
26231.529216,1.804359,-0.009903,-3.433216,-0.190984,0.574551,-0.006099,0.001901,-0.229798,-0.047872,0.062341,0.521763,1.225519,0.540990,1.301733,0,11.323227
26231.535202,1.807423,-0.008715,-3.290714,-0.177185,0.578161,0.005948,-0.003673,0.148260,-0.047480,0.027072,0.491693,1.294839,0.527665,1.335988,0,11.376673
26231.541484,1.815013,-0.010801,-3.064119,-0.151269,0.570731,-0.000529,-0.004128,-0.079366,-0.041224,0.068955,0.486976,1.314298,0.512115,1.390602,0,11.422184
26231.560018,1.816763,-0.011788,-3.035645,-0.129610,0.573490,-0.002709,-0.005557,-0.191396,-0.037031,0.086383,0.479274,1.342809,0.504461,1.433357,0,11.446891
26231.580036,1.822044,-0.006816,-2.818937,-0.110942,0.576148,-0.002711,-0.009274,-0.278924,-0.033102,0.070890,0.474292,1.386623,0.501608,1.459938,0,11.481212
26231.629515,1.828721,-0.006823,-2.615598,-0.089294,0.576047,-0.017682,-0.009378,-0.852519,-0.031173,0.061663,0.469699,1.431241,0.500045,1.493316,0,11.524462
26231.635581,1.835109,-0.009797,-2.504524,-0.063942,0.575327,0.007206,-0.014004,-0.175818,-0.028633,0.020133,0.471367,1.516534,0.500000,1.536667,0,11.587011
26231.641390,1.845918,-0.013860,-2.425208,-0.029727,0.565878,-0.001096,-0.013958,-0.293779,-0.018907,0.063388,0.481093,1.536612,0.500000,1.600000,0,11.641410
26231.660022,1.848209,-0.013350,-2.396246,-0.002033,0.567647,-0.001745,-0.009891,-0.372210,-0.031515,0.082759,0.468485,1.570574,0.500000,1.653333,0,11.672717
26231.680018,1.856325,0.012225,-1.689305,0.003631,0.566622,-0.000284,-0.002697,-0.122813,-0.033117,0.066688,0.466883,1.616645,0.500000,1.683333,0,11.712195
26231.729483,1.866123,0.022187,-0.920294,-0.000812,0.567083,-0.015276,0.011112,-0.266952,-0.032234,0.059090,0.467766,1.664243,0.500000,1.723333,0,11.758340
26231.735362,1.876262,0.018868,-0.388584,-0.008490,0.567670,0.015636,-0.007883,0.297753,-0.030287,0.021472,0.469713,1.748528,0.500000,1.770000,0,11.822158
26231.741529,1.894930,0.007239,-0.027099,-0.017317,0.561844,0.001163,0.002470,0.067288,-0.025204,0.066045,0.474796,1.767288,0.500000,1.833333,0,11.876132
26231.760016,1.899083,0.005546,0.000971,-0.023249,0.565840,-0.001088,0.002360,0.073924,-0.032469,0.084471,0.467531,1.802196,0.500000,1.886667,0,11.907006
26231.780026,1.907006,-0.001622,-0.094807,-0.028076,0.568844,0.000226,0.000861,0.040312,-0.035209,0.070552,0.464791,1.849448,0.500000,1.920000,0,11.946847
26231.829729,1.917015,-0.006088,-0.240041,-0.030664,0.569584,-0.013924,-0.001695,0.105463,-0.036990,0.063635,0.463010,1.896365,0.500000,1.960000,0,11.993135
26231.835572,1.927055,-0.007271,-0.372621,-0.031711,0.569619,0.015045,0.002048,-0.080532,-0.048315,0.021154,0.451685,1.982180,0.500000,2.003333,0,12.057331
26231.841480,1.944914,-0.005221,-0.484987,-0.038129,0.563825,0.001251,0.001083,0.018553,-0.042129,0.068004,0.457871,2.001996,0.500000,2.070000,0,12.112709
26231.860037,1.948792,-0.004751,-0.495622,-0.043893,0.567788,-0.000929,0.001579,0.057143,-0.049933,0.085307,0.450067,2.038026,0.500000,2.123333,0,12.145320
26231.880023,1.956106,-0.005673,-0.554515,-0.052944,0.571092,0.000406,0.003597,0.111580,-0.049552,0.069694,0.450448,2.086972,0.500000,2.156667,0,12.187115
26231.929573,1.965207,-0.005549,-0.611582,-0.064034,0.572201,-0.011823,0.000179,0.267528,-0.050193,0.064609,0.449807,2.135391,0.500000,2.200000,0,12.235023
26231.935264,1.973867,-0.008986,-0.741271,-0.078713,0.572221,0.013416,0.002535,-0.158626,-0.053007,0.019167,0.446993,2.227499,0.500000,2.246667,0,12.302457
26231.941300,1.989373,-0.009313,-0.996016,-0.105445,0.565180,0.001748,0.005006,0.098853,-0.046692,0.066666,0.453308,2.246668,0.500000,2.313333,0,12.360010
26231.960035,1.992671,-0.008470,-1.022730,-0.130712,0.565424,0.001484,0.005730,0.208913,-0.055637,0.086821,0.444363,2.286512,0.500000,2.373333,0,12.393173
26231.980024,1.997414,-0.015574,-1.292383,-0.155752,0.564586,0.003996,0.009400,0.286679,-0.057139,0.066620,0.442861,2.336713,0.500000,2.403333,0,12.435912
26232.029467,2.003220,-0.016099,-1.551331,-0.184206,0.562311,0.006122,0.008587,0.937996,-0.058655,0.060516,0.441345,2.386150,0.500000,2.446667,0,12.483980
26232.035456,2.009198,-0.012306,-1.684164,-0.219106,0.559073,0.012453,0.013072,0.119131,-0.054733,0.018621,0.445267,2.478046,0.500000,2.496667,0,12.548926
26232.041383,2.020177,-0.006281,-1.768178,-0.259106,0.549073,0.002799,0.003590,0.077277,-0.048413,0.072216,0.446884,2.494130,0.503615,2.560013,0,12.599798
26232.060024,2.020159,-0.011236,-1.894778,-0.283933,0.539073,0.003944,0.002249,0.113040,-0.041352,0.094624,0.451061,2.526114,0.512115,2.609398,0,12.624149
26232.080026,2.013536,-0.025076,-2.406725,-0.291831,0.529308,0.004443,0.001776,0.047042,-0.043206,0.070910,0.457875,2.578748,0.518659,2.635318,0,12.661079
26232.129583,2.006431,-0.027125,-2.925343,-0.297942,0.524800,0.020862,-0.011114,0.405712,-0.049785,0.059656,0.462772,2.631181,0.529900,2.670312,0,12.707183
26232.135584,1.997869,-0.022344,-3.308811,-0.300000,0.523209,-0.017215,0.012197,-0.341325,-0.054986,0.019204,0.489950,2.719607,0.547871,2.713494,0,12.770159
26232.141832,1.976997,-0.008342,-3.749221,-0.288241,0.516698,-0.001286,0.000473,-0.016588,-0.049494,0.073613,0.497226,2.733625,0.578554,2.769041,0,12.818724
26232.160025,1.971978,-0.004998,-3.805432,-0.281979,0.521851,0.000729,-0.001176,-0.007580,-0.051970,0.086861,0.511162,2.770654,0.605538,2.807245,0,12.844354
26232.180025,1.962334,0.001692,-3.878461,-0.270644,0.527317,-0.001105,-0.000721,-0.023126,-0.041071,0.061294,0.551321,2.808549,0.622523,2.827889,0,12.885768
26232.229423,1.950811,0.008671,-3.912700,-0.253893,0.525758,0.012429,-0.003013,-0.115678,-0.046846,0.059786,0.574521,2.848687,0.650009,2.857080,0,12.930902
26232.235603,1.939896,0.014263,-3.892777,-0.235866,0.526650,-0.014349,0.001086,0.070247,-0.051237,0.023363,0.634478,2.913282,0.684907,2.888222,0,12.989355
26232.241481,1.923221,0.017600,-3.785194,-0.211981,0.521571,-0.001839,-0.001731,-0.027703,-0.045263,0.070297,0.647351,2.921773,0.730959,2.921446,0,13.037496
26232.260024,1.919787,0.017591,-3.753439,-0.192131,0.528214,-0.001504,-0.002988,-0.111168,-0.050843,0.095574,0.666262,2.948533,0.774495,2.946259,0,13.059712
26232.280019,1.915301,0.019529,-3.613657,-0.174186,0.536160,-0.003707,-0.005728,-0.171739,-0.051360,0.066342,0.710898,2.974151,0.792569,2.954942,0,13.094487
26232.329213,1.910441,0.017473,-3.461821,-0.157789,0.540605,-0.006295,0.000959,-0.590233,-0.053820,0.064437,0.747444,2.997076,0.826550,2.968951,0,13.136563
26232.335569,1.905958,0.012782,-3.345351,-0.137197,0.546523,-0.008890,-0.014950,-0.076636,-0.059515,0.022591,0.826828,3.032521,0.864682,2.981341,0,13.193546
26232.341652,1.898266,0.002618,-3.252743,-0.118100,0.543101,-0.003339,-0.008567,-0.171429,-0.055940,0.071361,0.844348,3.038455,0.923434,2.994103,0,13.241151
26232.360025,1.896766,0.001750,-3.223152,-0.107754,0.550400,-0.002262,-0.004122,-0.180762,-0.054979,0.084625,0.882162,3.048887,0.969939,2.999096,0,13.268703
26232.380022,1.900399,0.014078,-2.809128,-0.105466,0.553722,-0.001504,-0.002894,-0.086835,0.055866,0.074247,0.921688,3.062913,0.989974,2.999899,1,13.309851
26232.429324,1.904781,0.014234,-2.400085,-0.108315,0.560259,-0.010434,0.007423,-0.280514,-0.071045,0.062384,0.964283,3.071045,1.026667,3.000000,1,13.355027
26232.435330,1.909260,0.007173,-2.157240,-0.107673,0.565097,0.005630,-0.009859,0.105064,-0.083032,0.030326,1.043007,3.083032,1.073333,3.000000,1,13.413790
26232.441419,1.916855,-0.003808,-1.979445,-0.107542,0.560662,-0.000336,-0.001488,-0.021953,-0.085037,0.074008,1.059325,3.085037,1.133333,3.000000,1,13.463547
26232.460022,1.918547,-0.005209,-1.963793,-0.107078,0.566591,-0.001284,-0.000155,-0.018843,-0.088617,0.089731,1.093602,3.088617,1.183333,3.000000,1,13.492712
26232.480023,1.923762,-0.005065,-1.892457,-0.103477,0.572949,-0.000652,-0.000904,-0.027890,-0.091254,0.070269,1.139731,3.091254,1.210000,3.000000,1,13.531981
26232.529258,1.930547,-0.005777,-1.832727,-0.095186,0.577126,-0.012660,-0.001741,-0.168977,-0.093156,0.064804,1.185196,3.093156,1.250000,3.000000,1,13.577363
26232.535589,1.937287,-0.006568,-1.800301,-0.082015,0.581059,0.008753,-0.003822,-0.062885,-0.093186,0.031559,1.265107,3.093186,1.296667,3.000000,1,13.637162
26232.541665,1.948929,-0.007468,-1.788541,-0.058677,0.574660,-0.000437,-0.005953,-0.129357,-0.093052,0.073805,1.282862,3.093052,1.356667,3.000000,1,13.687665
26232.560027,1.951426,-0.007248,-1.783159,-0.039583,0.579772,-0.001884,-0.006248,-0.220076,-0.089377,0.087926,1.318741,3.089377,1.406667,3.000000,1,13.718709
26232.580025,1.958693,0.003221,-1.506489,-0.024736,0.583871,-0.001129,-0.008480,-0.264350,-0.085288,0.071360,1.365307,3.085288,1.436667,3.000000,1,13.758994
26232.629402,1.967542,0.005608,-1.234635,-0.013845,0.584478,-0.015580,-0.005443,-0.694365,-0.080923,0.066140,1.410526,3.080923,1.476667,3.000000,1,13.804642
26232.635472,1.976244,0.003114,-1.083825,-0.001269,0.584392,0.012249,-0.011458,-0.116962,-0.071401,0.027386,1.495947,3.071401,1.523333,3.000000,1,13.867630
26232.641965,1.991505,-0.001904,-1.011239,0.013895,0.577606,0.000305,-0.009459,-0.206199,-0.069489,0.073747,1.512920,3.069489,1.586667,3.000000,1,13.920522
26232.660026,1.994764,-0.001630,-0.988936,0.024560,0.581227,-0.000890,-0.003030,-0.158396,-0.065647,0.088966,1.551034,3.065647,1.640000,3.000000,1,13.952506
26232.680025,2.001953,0.015069,-0.521234,0.024958,0.584615,0.000002,-0.000088,-0.002826,-0.059955,0.070892,1.599108,3.059955,1.670000,3.000000,1,13.994869
26232.729240,2.011188,0.018739,-0.036386,0.018624,0.585308,-0.013589,0.007264,-0.093270,-0.055328,0.067433,1.645900,3.055328,1.713333,3.000000,1,14.042167
26232.735170,2.020682,0.012665,0.193938,0.011857,0.585007,0.014777,-0.005551,0.099303,-0.043816,0.022497,1.737503,3.043816,1.760000,3.000000,1,14.108932
26232.741258,2.038266,0.004198,0.306425,0.009874,0.577795,0.001034,0.000953,0.026758,-0.043166,0.071754,1.754913,3.043166,1.826667,3.000000,1,14.165867
26232.760026,2.041971,0.003241,0.313251,0.005921,0.581929,-0.001140,0.001361,0.043629,-0.038204,0.091032,1.792301,3.038204,1.883333,3.000000,1,14.198177
26232.780025,2.049191,-0.000036,0.265120,0.004222,0.586717,-0.000075,0.001408,0.045003,-0.033783,0.074211,1.842456,3.033783,1.916667,3.000000,1,14.240741
26232.828941,2.058173,-0.001129,0.217148,0.003815,0.587228,-0.012864,0.000612,0.099552,-0.029409,0.068667,1.891333,3.029409,1.960000,3.000000,1,14.289881
26232.835175,2.066973,-0.000924,0.190155,0.003854,0.586139,0.012844,0.001419,0.008514,-0.021940,0.026945,1.983055,3.021940,2.010000,3.000000,1,14.357729
26232.841830,2.082563,-0.000156,0.176082,0.005746,0.578448,0.000726,0.000099,0.002750,-0.024096,0.073963,2.002704,3.024096,2.076667,3.000000,1,14.415634
26232.860026,2.085996,-0.000582,0.164602,0.006135,0.581826,-0.000649,-0.000064,-0.000484,-0.017385,0.091999,2.041335,3.017385,2.133333,3.000000,1,14.449724
26232.880026,2.092841,-0.001035,0.137725,0.009107,0.585894,0.000315,-0.000740,-0.023737,-0.015099,0.072608,2.094058,3.015099,2.166667,3.000000,1,14.494321
26232.928839,2.101498,-0.000732,0.122838,0.010872,0.584725,-0.011254,-0.001140,-0.062578,-0.015077,0.069104,2.144230,3.015077,2.213333,3.000000,1,14.544401
26232.935235,2.109892,-0.000392,0.116744,0.010887,0.582233,0.012494,-0.000498,-0.019281,-0.011714,0.023543,2.239790,3.011714,2.263333,3.000000,1,14.614140
26232.941000,2.124914,-0.000182,0.110453,0.011391,0.575009,-0.000551,-0.000688,-0.014798,-0.011343,0.085032,2.248302,3.011343,2.333333,3.000000,1,14.669865
26232.960011,2.126455,-0.000166,0.110180,0.012024,0.579218,0.000711,-0.000276,-0.013348,-0.010341,0.090067,2.299933,3.010341,2.390000,3.000000,1,14.704195
26232.980026,2.134238,0.001117,0.143749,0.011262,0.579041,0.000247,0.000030,0.001010,-0.008205,0.071158,2.352175,3.008205,2.423333,3.000000,1,14.753932
26233.027592,2.141813,0.001208,0.173805,0.011156,0.576552,-0.009137,0.000618,-0.006560,-0.007040,0.067819,2.405514,3.007040,2.473333,3.000000,1,14.806691
26233.033908,2.149313,0.000765,0.190016,0.010828,0.572181,0.011116,-0.000485,0.009836,-0.000955,0.024129,2.502538,3.000955,2.526667,3.000000,1,14.879034
26233.040033,2.162560,0.000054,0.201355,0.013692,0.562568,-0.000488,-0.000309,-0.007601,-0.000589,0.085419,2.511248,3.000589,2.596667,3.000000,1,14.935168
26233.060016,2.163898,-0.000022,0.201455,0.015709,0.564235,0.000993,-0.001126,-0.036365,0.002460,0.088269,2.565064,2.997540,2.653333,3.000000,1,14.970083
26233.080009,2.170873,-0.000217,0.203324,0.017004,0.561794,0.001200,-0.001491,-0.048649,0.005030,0.070021,2.619979,2.994970,2.690000,3.000000,1,15.021628
26233.128238,2.177797,-0.000381,0.202856,0.018403,0.557245,-0.006015,-0.001264,-0.105257,0.006972,0.066008,2.673992,2.993028,2.740000,3.000000,1,15.076445
26233.134568,2.184548,-0.000461,0.202584,0.020715,0.552612,0.010530,-0.001488,-0.034358,0.012158,0.019624,2.773710,2.987842,2.793333,3.000000,1,15.150615
26233.142928,2.196644,-0.000653,0.197434,0.025502,0.542612,0.000646,-0.001636,-0.040718,0.007689,0.074765,2.795235,2.992311,2.870000,3.000000,1,15.213427
26233.160014,2.199001,0.000184,0.214566,0.027731,0.542903,0.000330,-0.000589,-0.026340,0.014721,0.095958,2.837375,2.985279,2.933333,3.000000,1,15.250185
26233.180074,2.202780,0.003004,0.307086,0.029156,0.543663,0.000516,-0.000189,-0.008334,0.016968,0.078184,2.891816,2.983032,2.970000,3.000000,1,15.296676
26233.227224,2.207344,0.003456,0.408176,0.030036,0.542046,-0.004382,0.001920,-0.051520,0.019422,0.067871,2.948796,2.980578,3.016667,3.000000,1,15.351356
26233.233127,2.211996,0.002150,0.472359,0.031105,0.538995,0.007074,-0.002395,0.027487,0.023946,0.018408,3.051592,2.976054,3.070000,3.000000,1,15.427936
26233.240041,2.220139,-0.000490,0.517461,0.035947,0.528995,-0.000235,-0.000740,-0.021469,0.024074,0.086199,3.060468,2.975926,3.146667,3.000000,1,15.486946
26233.260032,2.220858,-0.000579,0.521794,0.037668,0.529618,0.000884,-0.000426,-0.023291,0.025906,0.090064,3.116603,2.974094,3.206667,3.000000,1,15.523868
26233.280032,2.224481,0.000271,0.574742,0.041327,0.526818,0.000703,-0.000274,-0.014264,0.027366,0.071234,3.172099,2.972634,3.243333,3.000000,1,15.577156
26233.326937,2.227622,0.000749,0.644686,0.042475,0.522362,-0.002127,0.001613,-0.045649,0.029099,0.069720,3.226946,2.970901,3.296667,3.000000,1,15.631901
26233.332836,2.230410,0.000189,0.703370,0.042740,0.517317,0.004267,-0.001830,0.037539,0.026706,0.022052,3.327948,2.973294,3.350000,3.000000,1,15.706319
26233.340034,2.235206,-0.001912,0.754745,0.034565,0.507318,-0.000134,0.001345,0.025526,0.026432,0.086451,3.336882,2.973568,3.423333,3.000000,1,15.764349
26233.360030,2.235565,-0.002094,0.757663,0.026806,0.506613,0.000883,0.001015,0.058564,0.024898,0.088213,3.395120,2.975102,3.483333,3.000000,1,15.801911
26233.380009,2.237897,-0.005808,0.693452,0.014963,0.501420,0.000642,0.000828,0.047377,0.025061,0.070362,3.449638,2.974939,3.520000,3.000000,1,15.855663
26233.426857,2.239774,-0.009424,0.540990,0.001324,0.496019,-0.000630,-0.003414,0.228343,0.023460,0.069024,3.504309,2.976540,3.573333,3.000000,1,15.909821
26233.432785,2.241428,-0.011621,0.343005,-0.015459,0.489793,0.002635,0.006562,-0.131944,0.018040,0.024592,3.602075,2.981960,3.626667,3.000000,1,15.982236
26233.440033,2.244199,-0.007319,0.102547,-0.052989,0.479793,0.000600,0.006405,0.171136,0.017108,0.088994,3.611006,2.982892,3.700000,3.000000,1,16.038314
26233.460036,2.244331,-0.007761,0.067177,-0.085041,0.475164,0.002361,0.004378,0.236704,0.010814,0.087624,3.669043,2.989186,3.756667,3.000000,1,16.075029
26233.480032,2.243645,-0.020238,-0.414506,-0.114380,0.465164,0.001760,0.001815,0.093118,0.006643,0.070795,3.722538,2.993357,3.793333,3.000000,1,16.128289
26233.553783,2.240388,-0.026080,-1.054220,-0.139629,0.456326,0.019235,-0.027146,0.705599,0.001391,0.068116,3.778551,2.998609,3.846667,3.000000,1,16.182911
26233.563127,2.235415,-0.023329,-1.611361,-0.165601,0.449237,-0.015298,0.029584,-0.448268,-0.000892,-0.049259,3.949259,3.000892,3.900000,3.000000,1,16.280456
26233.583158,2.215812,0.006905,-2.338730,-0.205601,0.439237,0.003381,0.002537,0.114837,0.002002,-0.000218,4.000218,2.997998,4.000000,3.000000,1,16.387968
26233.627630,2.205052,0.005879,-2.555190,-0.244835,0.429237,0.024370,-0.004851,0.363646,0.006325,0.053021,4.052979,2.993680,4.106134,2.988606,1,16.452857
26233.633275,2.189756,0.004730,-2.858871,-0.273094,0.419237,-0.021578,0.007352,-0.292867,-0.002218,0.027504,4.141987,2.982513,4.167166,2.971228,1,16.519561
26233.643164,2.162247,0.011750,-3.251544,-0.292345,0.409237,0.003284,0.000102,0.032590,0.001726,0.077443,4.158810,2.978596,4.228483,2.944742,1,16.571113
26233.663147,2.154045,0.013760,-3.332490,-0.300000,0.399237,0.001067,0.000181,0.002450,-0.005779,0.080281,4.210741,2.966739,4.274651,2.917812,1,16.605344
26233.683152,2.130670,0.018717,-3.520424,-0.300000,0.389237,0.000325,0.000008,-0.002152,-0.014782,0.066454,4.257903,2.950448,4.301944,2.898534,1,16.649480
26233.726980,2.105901,0.024319,-3.651959,-0.300000,0.380974,0.030534,-0.003708,0.051286,-0.024994,0.062339,4.305924,2.931179,4.335392,2.870826,1,16.694119
26233.737073,2.080364,0.029216,-3.736823,-0.300000,0.376283,-0.034530,0.002403,-0.050803,-0.038340,0.029817,4.376690,2.885751,4.368576,2.837864,1,16.753584
26233.746772,2.032777,0.033557,-3.815032,-0.288232,0.370046,0.001565,-0.000358,-0.006797,-0.041430,0.076718,4.395466,2.877676,4.406464,2.791182,1,16.799545
26233.763118,2.022316,0.033697,-3.823581,-0.281185,0.376319,-0.001167,-0.000588,-0.015836,-0.040023,0.089197,4.419181,2.851950,4.430201,2.754808,1,16.823321
26233.783126,2.001861,0.033305,-3.830102,-0.268657,0.383102,-0.002325,-0.000668,-0.018182,-0.043183,0.077495,4.445610,2.820133,4.443205,2.731451,1,16.856659
26233.825829,1.977878,0.031877,-3.812015,-0.247634,0.388233,0.018065,0.004009,-0.107390,-0.048900,0.072633,4.473189,2.787505,4.457674,2.701331,1,16.894150
26233.831675,1.956399,0.029535,-3.766592,-0.220689,0.394688,-0.022355,-0.006184,0.042964,-0.049930,0.054782,4.499970,2.735489,4.471228,2.667166,1,16.938416
26233.843143,1.929566,0.023846,-3.676238,-0.180689,0.394203,-0.002749,-0.003912,-0.096179,-0.044143,0.079224,4.506777,2.713413,4.483957,2.625639,1,16.975767
26233.863124,1.920860,0.023244,-3.586722,-0.144700,0.403008,-0.001922,-0.001902,-0.087403,-0.039684,0.079243,4.516695,2.674827,4.491879,2.589748,1,17.005919
26233.883128,1.912327,0.028861,-3.181653,-0.109783,0.409351,-0.001978,-0.004102,-0.158344,-0.033009,0.071962,4.520518,2.635417,4.496385,2.560013,1,17.042978
26233.952172,1.906540,0.027791,-2.735364,-0.075637,0.413820,0.000595,0.020193,-0.535180,-0.026207,0.044413,4.523554,2.568977,4.499453,2.523386,1,17.092728
26233.961941,1.903504,0.022877,-1.883087,-0.046122,0.410141,-0.001926,-0.023039,0.230350,-0.016757,-0.002700,4.516757,2.470633,4.500000,2.473333,1,17.170080
26233.981969,1.901552,0.000462,-1.330036,-0.016056,0.405834,-0.000409,-0.008351,-0.270264,-0.021282,0.040192,4.521282,2.433525,4.500000,2.393333,1,17.239012
26234.050733,1.901891,0.003136,-1.066013,0.006656,0.405992,-0.001795,0.007387,-0.461911,-0.015486,0.042998,4.515486,2.369665,4.500000,2.326667,1,17.291956
26234.060039,1.902561,0.013456,-0.422486,0.013897,0.402369,0.001465,-0.008038,0.258324,-0.010699,0.011539,4.510699,2.284872,4.500000,2.273333,1,17.363524
26234.080046,1.904219,0.006365,0.028117,0.018226,0.398769,0.000274,-0.001273,-0.044926,-0.008985,0.046578,4.508985,2.246578,4.500000,2.200000,1,17.427063
26234.126202,1.904783,0.005456,0.130631,0.020627,0.399024,-0.000331,0.000955,-0.092297,-0.007949,0.073210,4.507949,2.209877,4.500000,2.136667,1,17.468347
26234.132090,1.905138,0.005383,0.219467,0.019155,0.402098,0.000483,-0.000889,0.070479,-0.005174,0.049187,4.505174,2.145854,4.500000,2.096667,1,17.516948
26234.140164,1.905765,0.004299,0.310982,0.015842,0.398799,0.000013,0.000680,0.015791,-0.004719,0.083952,4.504719,2.130619,4.500000,2.046667,1,17.557689
26234.160068,1.905919,0.003812,0.318734,0.012794,0.404027,-0.000264,0.000800,0.026155,-0.001151,0.085450,4.501151,2.092117,4.500000,2.006667,1,17.586425
26234.180140,1.906309,0.001931,0.296323,0.011904,0.409284,-0.000321,0.000319,0.015006,-0.002390,0.073578,4.502390,2.053578,4.500000,1.980000,1,17.624026
26234.227443,1.906935,0.000813,0.263042,0.010870,0.414231,-0.001760,-0.000306,0.030494,-0.003875,0.074756,4.503875,2.014756,4.500000,1.940000,1,17.662866
26234.232797,1.908017,0.000295,0.225196,0.009996,0.418688,0.001749,0.000536,-0.023090,-0.020719,0.042033,4.520719,1.945366,4.500000,1.903333,1,17.714189
26234.240105,1.910159,0.000717,0.191826,0.004541,0.415511,-0.000197,0.000881,0.022229,-0.020631,0.087726,4.520631,1.937726,4.500000,1.850000,1,17.755051
26234.260106,1.910428,0.000719,0.189049,-0.000702,0.421229,-0.000225,0.000466,0.023744,-0.023374,0.090985,4.523374,1.900985,4.500000,1.810000,1,17.780607
26234.280109,1.911792,-0.001624,0.112832,-0.003593,0.426616,-0.000163,0.000229,0.010798,-0.023974,0.078903,4.523974,1.862237,4.500000,1.783333,1,17.816718
26234.325724,1.913499,-0.002575,0.034047,-0.002485,0.431753,-0.002918,-0.001143,0.014258,-0.026620,0.075471,4.526620,1.822138,4.500000,1.746667,1,17.855354
26234.331680,1.915442,-0.002221,-0.017137,-0.001165,0.436466,0.002394,0.000510,-0.030297,-0.027794,0.046864,4.527794,1.756864,4.500000,1.710000,1,17.906061
26234.340107,1.918553,-0.001180,-0.049923,0.000013,0.433981,-0.000111,-0.000409,-0.009729,-0.027623,0.081513,4.527623,1.741513,4.500000,1.660000,1,17.948081
26234.360112,1.919378,-0.000778,-0.048756,0.000092,0.440230,-0.000075,-0.000012,-0.000899,-0.027691,0.084498,4.527691,1.701165,4.500000,1.616667,1,17.977666
26234.380113,1.921859,0.000306,-0.025748,-0.001150,0.446037,-0.000094,0.000096,0.004583,-0.029106,0.074495,4.529106,1.661162,4.500000,1.586667,1,18.016517
26234.427274,1.924618,0.000192,-0.017148,-0.003567,0.451817,-0.004180,0.000215,0.023422,-0.029840,0.068903,4.529840,1.618903,4.500000,1.550000,1,18.057707
26234.432976,1.927779,-0.000500,-0.028731,-0.006654,0.456991,0.004734,0.000337,-0.008961,-0.035744,0.039627,4.535744,1.546293,4.500000,1.506667,1,18.113295
26234.440067,1.933481,-0.000723,-0.051817,-0.015164,0.452742,-0.000420,0.001552,0.036668,-0.035861,0.088576,4.535861,1.538576,4.500000,1.450000,1,18.155893
26234.460116,1.934122,-0.000888,-0.056867,-0.022067,0.459507,0.000036,0.001099,0.052990,-0.040692,0.088875,4.540692,1.498875,4.500000,1.410000,1,18.182181
26234.480054,1.937434,-0.004410,-0.159123,-0.028777,0.465097,-0.000187,0.001677,0.051735,-0.033261,0.076697,4.533261,1.460030,4.500000,1.383333,1,18.219982
26234.525853,1.940700,-0.005619,-0.272423,-0.034248,0.470487,-0.004921,0.000228,0.166513,-0.032847,0.075551,4.532847,1.418885,4.500000,1.343333,1,18.259754
26234.531961,1.944158,-0.006041,-0.359685,-0.041161,0.475756,0.004758,0.001354,-0.091713,-0.031626,0.046793,4.531626,1.353460,4.500000,1.306667,1,18.310967
26234.540069,1.950047,-0.006307,-0.513500,-0.055285,0.472823,0.000248,0.002820,0.066761,-0.031979,0.084448,4.531979,1.337782,4.500000,1.253333,1,18.353651
26234.560078,1.951515,-0.006385,-0.544098,-0.067418,0.478958,0.000175,0.001023,0.051896,-0.034113,0.086661,4.534113,1.296661,4.500000,1.210000,1,18.383957
26234.580068,1.954609,-0.012209,-0.778814,-0.080709,0.484142,0.000220,0.000990,0.046356,-0.031698,0.074554,4.531698,1.254554,4.500000,1.180000,1,18.423718
26234.626357,1.957611,-0.014759,-1.018531,-0.094435,0.489439,-0.003370,-0.002693,0.229638,-0.034238,0.072908,4.534238,1.212908,4.500000,1.140000,1,18.465922
26234.631998,1.960348,-0.016021,-1.250994,-0.111133,0.495273,0.003811,0.004904,-0.135879,-0.033085,0.043756,4.533085,1.143756,4.500000,1.100000,1,18.519173
26234.640072,1.964644,-0.012829,-1.484523,-0.138065,0.494456,0.001088,0.004505,0.106602,-0.032584,0.081379,4.532584,1.128046,4.500000,1.046667,1,18.562080
26234.660081,1.965559,-0.012892,-1.537241,-0.162121,0.500211,0.000987,0.001678,0.077899,-0.030462,0.082070,4.530462,1.085403,4.500000,1.003333,1,18.592353
26234.680106,1.964756,-0.021777,-1.919364,-0.181175,0.504415,0.000517,0.001076,0.047238,-0.027316,0.073422,4.530481,1.045193,4.499288,0.973332,1,18.631421
26234.732932,1.962789,-0.024494,-2.293147,-0.197425,0.509890,0.005471,-0.007087,0.355464,-0.024292,0.073513,4.529412,1.003126,4.495558,0.933497,1,18.670537
26234.738815,1.960444,-0.022991,-2.593888,-0.212800,0.516238,-0.004403,0.008785,-0.268085,-0.019605,0.029305,4.514021,0.918575,4.488654,0.894088,1,18.728822
26234.744153,1.954792,-0.014527,-2.962651,-0.226618,0.513650,0.000983,0.001180,0.037396,-0.008836,0.074282,4.505749,0.906991,4.473532,0.839478,1,18.778204
26234.760071,1.954210,-0.013635,-2.983655,-0.243753,0.519749,0.002022,0.002754,0.086200,-0.003266,0.093364,4.496760,0.876616,4.455130,0.792982,1,18.803807
26234.780095,1.950577,-0.012413,-3.090837,-0.256750,0.525763,0.000702,0.000458,0.017268,-0.002816,0.077575,4.481777,0.836501,4.443441,0.769002,1,18.839212
26234.844051,1.943352,-0.013513,-3.304274,-0.263470,0.530596,0.018073,-0.007493,0.226902,-0.001823,0.068155,4.464062,0.797225,4.427059,0.739960,1,18.880292
26234.850348,1.935862,-0.011453,-3.471793,-0.268946,0.536077,-0.016862,0.008562,-0.152496,-0.006665,-0.001014,4.407705,0.699190,4.402935,0.703953,1,18.951833
26234.870419,1.916414,-0.002267,-3.673995,-0.270277,0.533941,0.000977,0.001093,0.030174,-0.010991,0.029383,4.386051,0.663935,4.357656,0.650597,1,19.025730
26234.890403,1.908622,0.000004,-3.701185,-0.272003,0.536279,0.001049,0.001268,0.035166,-0.007225,0.060050,4.354892,0.632665,4.302724,0.602058,1,19.070469
26234.927182,1.900884,0.001372,-3.712069,-0.271925,0.536319,0.008184,0.001659,0.059102,-0.005450,0.064223,4.321697,0.604886,4.264299,0.575564,1,19.113421
26234.932745,1.893172,0.001839,-3.713915,-0.272420,0.536709,-0.006769,0.000108,0.013294,-0.010582,0.061669,4.286319,0.572779,4.226549,0.554270,1,19.157022
26234.950412,1.883964,0.001413,-3.711026,-0.270925,0.535260,0.000783,0.000083,0.001202,-0.013117,0.074855,4.261422,0.552171,4.187097,0.536325,1,19.195202
26234.970426,1.877325,-0.000422,-3.736855,-0.268600,0.539332,-0.000126,-0.000136,-0.004551,-0.016262,0.073005,4.227089,0.530653,4.152604,0.523857,1,19.229969
26234.990417,1.869537,-0.001788,-3.761876,-0.264895,0.543189,-0.000257,-0.000173,-0.005223,-0.017046,0.071510,4.190803,0.514156,4.117290,0.513952,1,19.267987
26235.029445,1.862461,-0.002449,-3.772447,-0.259029,0.546466,0.005234,0.000481,-0.019667,-0.016977,0.068367,4.151563,0.501033,4.081345,0.506661,1,19.306122
26235.034719,1.856337,-0.002682,-3.766238,-0.252633,0.549856,-0.005357,-0.000878,0.006805,-0.014748,0.055053,4.101118,0.492288,4.044962,0.502026,1,19.349994
26235.050419,1.849683,-0.003375,-3.750257,-0.247565,0.550891,-0.000378,-0.000398,-0.011935,-0.012230,0.069841,4.068132,0.487540,3.998332,0.500003,1,19.392058
26235.070416,1.846026,-0.003512,-3.725773,-0.241575,0.554003,-0.000479,-0.000668,-0.019792,-0.009251,0.066386,4.023745,0.486989,3.958360,0.501737,1,19.429678
26235.090416,1.842219,-0.004016,-3.686079,-0.239934,0.556163,-0.000872,-0.000916,-0.025957,-0.007207,0.064379,3.984412,0.488961,3.921947,0.506130,1,19.469771
26235.130541,1.838412,-0.005412,-3.657704,-0.236441,0.557265,0.001973,0.001082,-0.056245,-0.007827,0.061688,3.940841,0.491872,3.882710,0.513952,1,19.510417
26235.137729,1.835730,-0.006030,-3.615605,-0.237394,0.558042,-0.002021,-0.001260,0.041523,-0.004310,0.046884,3.884140,0.506945,3.841058,0.525935,1,19.559790
26235.150418,1.832871,-0.007597,-3.557483,-0.239577,0.551661,0.000879,0.000341,0.004475,0.000113,0.065988,3.857929,0.516205,3.797546,0.542821,1,19.604383
26235.170375,1.831997,-0.008580,-3.543033,-0.237671,0.550986,0.000978,0.000168,0.002383,0.002693,0.070764,3.818864,0.531480,3.755799,0.563691,1,19.641212
26235.190380,1.830494,-0.010074,-3.525916,-0.230186,0.547174,0.000433,-0.000223,-0.011483,0.004004,0.067842,3.783290,0.548722,3.724472,0.582766,1,19.681541
26235.228397,1.829100,-0.010731,-3.502181,-0.219627,0.543714,0.000856,-0.000517,-0.083534,0.006129,0.065421,3.747304,0.570660,3.691994,0.606132,1,19.722308
26235.234553,1.828125,-0.011112,-3.469859,-0.205900,0.540486,-0.001857,-0.002685,-0.024454,0.010135,0.059349,3.712029,0.599297,3.661488,0.632019,1,19.766596
26235.250398,1.826406,-0.012436,-3.452158,-0.188890,0.537904,-0.000456,-0.001539,-0.056264,0.014363,0.074346,3.689102,0.619588,3.628651,0.665187,1,19.807678
26235.270416,1.827484,-0.008633,-3.340497,-0.172181,0.539935,-0.001199,-0.003217,-0.096080,0.020664,0.075494,3.665382,0.648585,3.603070,0.695950,1,19.844743
26235.290413,1.829368,-0.006531,-3.171235,-0.155615,0.542097,-0.001073,-0.002099,-0.091579,0.025867,0.073758,3.643922,0.678363,3.581849,0.725865,1,19.883775
26235.327670,1.832619,-0.003772,-2.956391,-0.140073,0.544085,-0.004536,0.001979,-0.217454,0.031919,0.074504,3.625013,0.710112,3.561270,0.760176,1,19.923714
26235.333804,1.837557,-0.001348,-2.672681,-0.128354,0.545768,0.004305,-0.004209,0.135505,0.034148,0.066247,3.601702,0.749470,3.543499,0.796023,1,19.967581
26235.350419,1.843734,-0.004468,-2.431375,-0.118585,0.545665,-0.000610,-0.000882,-0.041053,0.037914,0.076405,3.588386,0.776538,3.527549,0.836323,1,20.009105
26235.370393,1.848545,-0.004107,-2.255295,-0.112477,0.548608,-0.000154,-0.000362,-0.017152,0.040886,0.075366,3.574453,0.811916,3.515975,0.874622,1,20.046768
26235.390387,1.855235,-0.004627,-2.057515,-0.107291,0.551189,-0.000494,-0.001185,-0.035104,0.043397,0.073970,3.563009,0.848351,3.507500,0.913723,1,20.086813
26235.436093,1.861869,-0.006912,-1.932336,-0.101659,0.553832,-0.010265,-0.000289,-0.149318,0.045973,0.072304,3.554693,0.885675,3.502178,0.953377,1,20.127240
26235.441421,1.868552,-0.008892,-1.859295,-0.093709,0.556537,0.007866,-0.003895,-0.026025,0.045783,0.047769,3.546461,0.946176,3.500044,0.993330,1,20.177301
26235.450429,1.878624,-0.011413,-1.834427,-0.080843,0.552577,-0.000886,-0.002797,-0.069933,0.042790,0.080632,3.542790,0.962701,3.500000,1.043333,1,20.218425
26235.470429,1.881636,-0.009245,-1.781940,-0.071372,0.555262,-0.001063,-0.005682,-0.173507,0.039514,0.079983,3.539514,1.003351,3.500000,1.083333,1,20.249236
26235.490416,1.889384,-0.007004,-1.665205,-0.059529,0.556334,-0.000825,-0.002146,-0.105743,0.034548,0.069764,3.534548,1.043569,3.500000,1.113333,1,20.288703
26235.527835,1.897603,-0.000842,-1.440597,-0.049941,0.555205,-0.007968,-0.000394,-0.214426,0.029245,0.069742,3.529245,1.083591,3.500000,1.153333,1,20.329204
26235.533186,1.906054,0.001225,-1.200005,-0.041478,0.552911,0.007604,-0.004522,0.044114,0.024587,0.060421,3.524587,1.132912,3.500000,1.193333,1,20.373908
26235.550429,1.916043,-0.001702,-1.070271,-0.027542,0.548779,-0.000443,-0.003640,-0.118780,0.019165,0.073030,3.519165,1.166970,3.500000,1.240000,1,20.416623
26235.570418,1.923107,0.000911,-0.916725,-0.010880,0.545791,0.000136,-0.001790,-0.093566,0.016313,0.072874,3.516313,1.210459,3.500000,1.283333,1,20.456600
26235.590413,1.931719,0.006517,-0.640808,0.007762,0.540925,0.000311,-0.001124,-0.058534,0.009854,0.069468,3.509854,1.253865,3.500000,1.323333,1,20.500405
26235.628135,1.940017,0.010857,-0.303908,0.026628,0.534987,-0.006013,0.001781,-0.246065,0.008557,0.066273,3.508557,1.300394,3.500000,1.366667,1,20.545300
26235.633422,1.947908,0.013341,0.027101,0.051358,0.530087,0.007394,-0.005451,0.122612,0.000296,0.058901,3.500296,1.351099,3.500000,1.410000,1,20.593544
26235.650389,1.956944,0.010712,0.287586,0.083229,0.524428,0.001675,-0.007517,-0.234879,-0.005634,0.070381,3.494366,1.389619,3.500000,1.460000,1,20.640190
26235.670392,1.962391,0.013660,0.523867,0.118207,0.521325,0.002129,-0.004426,-0.206528,-0.013440,0.073033,3.487493,1.433478,3.499955,1.506684,1,20.684481
26235.690389,1.966692,0.023012,0.980958,0.146455,0.517436,0.001280,-0.001383,-0.064667,-0.022592,0.068878,3.481905,1.479254,3.497489,1.550048,1,20.731647
26235.731785,1.968365,0.029855,1.564494,0.169126,0.516074,0.001257,0.005562,-0.376697,-0.032598,0.067815,3.471711,1.523492,3.490636,1.596316,1,20.779670
26235.737893,1.968739,0.030176,2.052149,0.185875,0.515692,0.000786,-0.007872,0.269289,-0.041562,0.049533,3.453673,1.582458,3.479489,1.641741,1,20.835806
26235.750390,1.968902,0.022576,2.470247,0.199194,0.513409,0.001589,-0.001455,-0.048020,-0.047878,0.070341,3.443706,1.611744,3.460325,1.695195,1,20.888195
26235.770389,1.968444,0.020814,2.617715,0.209096,0.516555,0.001524,-0.001414,-0.039483,-0.050592,0.072897,3.428115,1.654915,3.436859,1.743216,1,20.932541
26235.790368,1.966026,0.018023,2.847780,0.212616,0.518564,0.001083,-0.000647,-0.024041,-0.053298,0.065375,3.406599,1.696199,3.414103,1.780212,1,20.981756
26235.854509,1.962969,0.014480,3.016100,0.212671,0.521030,0.007277,0.004262,-0.052986,-0.050540,0.027042,3.362484,1.767117,3.383975,1.820255,1,21.048254
26235.863804,1.956608,0.007469,3.202852,0.203963,0.515853,-0.005484,-0.002929,0.057344,-0.048413,0.011925,3.313940,1.824830,3.337864,1.868576,1,21.130455
26235.883782,1.949379,0.002075,3.265802,0.185978,0.511190,-0.000365,0.001408,0.060432,-0.050162,0.041058,3.279037,1.855215,3.271852,1.919638,1,21.200192
26235.947821,1.946360,-0.002182,3.214392,0.170294,0.511605,0.003311,-0.004315,0.216848,-0.046267,0.039549,3.226866,1.894930,3.210467,1.953545,1,21.262572
26235.954934,1.944292,-0.007062,3.019850,0.150907,0.507156,-0.002380,0.006564,-0.122233,-0.035385,0.000159,3.143725,1.941826,3.154508,1.975528,1,21.343415
26235.974960,1.941847,-0.002616,2.801926,0.121939,0.501239,-0.000335,0.001787,0.097254,-0.031275,0.035375,3.103672,1.958483,3.073262,1.994604,1,21.416667
26235.994953,1.943293,-0.007788,2.553836,0.098074,0.501526,-0.000017,0.001370,0.072848,-0.027446,0.062658,3.062658,1.972554,3.000000,2.000000,1,21.465183
26236.028453,1.946229,-0.011854,2.202197,0.079573,0.502161,-0.002563,-0.002621,0.235033,-0.017557,0.066050,3.019384,1.982443,2.953333,2.000000,1,21.509629
26236.034947,1.949749,-0.012481,1.839283,0.068881,0.501733,0.002744,0.004839,-0.127552,-0.009856,0.066114,2.976114,1.990144,2.910000,2.000000,1,21.553992
26236.054952,1.953839,-0.008209,1.577384,0.061035,0.498952,-0.000128,0.000602,0.034276,-0.003015,0.069409,2.932742,1.996985,2.863333,2.000000,1,21.597736
26236.074957,1.957987,-0.006714,1.330321,0.061492,0.493886,0.000229,-0.000034,-0.001551,0.003678,0.069263,2.889263,2.003678,2.820000,2.000000,1,21.640817
26236.094961,1.962131,-0.003250,1.169610,0.067912,0.486555,0.000729,-0.000431,-0.020256,0.007747,0.069110,2.845777,2.007747,2.776667,2.000000,1,21.684530
26236.129567,1.966080,0.001386,1.123063,0.073141,0.476555,-0.001053,-0.001138,-0.041035,0.010872,0.069069,2.802403,2.010872,2.733333,2.000000,1,21.728527
26236.134990,1.969354,0.005058,1.152242,0.077177,0.466555,0.002377,0.000220,0.017303,0.011925,0.068281,2.758281,2.011925,2.690000,2.000000,1,21.772892
26236.154953,1.972193,0.006328,1.191658,0.084475,0.456555,0.000926,-0.000673,-0.032871,0.011777,0.067363,2.714029,2.011777,2.646667,2.000000,1,21.817629
26236.174957,1.973947,0.008359,1.268254,0.096824,0.446555,0.000811,-0.000775,-0.037293,0.010738,0.069278,2.669278,2.010738,2.600000,2.000000,1,21.861583
26236.194911,1.974387,0.010929,1.399804,0.112797,0.436555,0.000864,-0.000977,-0.046215,0.008468,0.067985,2.624652,2.008468,2.556667,2.000000,1,21.905479
26236.230196,1.973442,0.013630,1.578771,0.132552,0.426555,0.003345,0.000180,-0.189164,0.006415,0.067699,2.581032,2.006415,2.513333,2.000000,1,21.950089
26236.235619,1.970805,0.016424,1.804439,0.154952,0.417813,-0.001583,-0.002807,0.085930,-0.002017,0.069309,2.535892,2.001500,2.466604,1.998883,1,21.994517
26236.254953,1.967619,0.015785,1.991295,0.181346,0.409956,0.001677,-0.001745,-0.072811,-0.009789,0.067173,2.491314,1.994716,2.423434,1.994103,1,22.039976
26236.274960,1.961387,0.020299,2.282744,0.203682,0.402381,0.001485,-0.001040,-0.041905,-0.015836,0.067672,2.447087,1.985999,2.377598,1.984786,1,22.085985
26236.294953,1.952783,0.022694,2.609183,0.219961,0.395807,0.001230,-0.000699,-0.028199,-0.019895,0.065435,2.404328,1.975005,2.335988,1.972335,1,22.131536
26236.331286,1.942560,0.022197,2.894468,0.231792,0.390768,0.011041,0.002718,-0.152189,-0.022385,0.065639,2.361579,1.961805,2.292569,1.954942,1,22.177068
26236.337150,1.931062,0.019952,3.124507,0.240097,0.387052,-0.010105,-0.003847,0.121953,-0.025338,0.055862,2.312026,1.939420,2.250965,1.933569,1,22.226645
26236.354963,1.917013,0.015617,3.310684,0.240034,0.380813,0.001734,0.000172,-0.010146,-0.025911,0.070925,2.281564,1.926704,2.208818,1.906464,1,22.272281
26236.374955,1.906595,0.013408,3.402999,0.238222,0.380813,0.000572,0.000132,0.006718,-0.026307,0.070182,2.245050,1.905353,2.174641,1.879660,1,22.312388
26236.394950,1.893787,0.010753,3.477654,0.230189,0.380648,-0.000130,0.001033,0.032529,-0.026508,0.067119,2.211375,1.881307,2.145267,1.852370,1,22.354719
26236.430978,1.881123,0.008735,3.515424,0.215606,0.381514,0.007457,0.003099,0.136724,-0.026397,0.066057,2.178607,1.854075,2.116025,1.820255,1,22.397217
26236.436385,1.868726,0.007566,3.525867,0.195174,0.383369,-0.010224,0.003115,0.064826,-0.027226,0.066366,2.149948,1.824627,2.089680,1.785723,1,22.440778
26236.454951,1.856229,0.007974,3.536186,0.167447,0.386690,-0.003451,0.005481,0.168439,-0.029349,0.067425,2.125464,1.792884,2.066431,1.749035,1,22.483922
26236.474957,1.847460,0.002525,3.373231,0.134101,0.389612,-0.004461,0.011223,0.335809,-0.032223,0.068802,2.104645,1.759313,2.046455,1.710467,1,22.525752
26236.494927,1.839695,0.001419,3.182415,0.095161,0.392686,-0.002859,0.005850,0.276840,-0.035081,0.067513,2.087372,1.724602,2.031049,1.673450,1,22.567091
26236.530368,1.835993,-0.010183,2.707833,0.055184,0.394439,-0.000533,0.004180,0.725542,-0.035648,0.068399,2.070217,1.688648,2.017765,1.632098,1,22.608517
26236.535845,1.835345,-0.012908,2.138927,0.015860,0.395373,-0.001425,0.015999,-0.006788,-0.036695,0.067076,2.057267,1.652111,2.008732,1.593034,1,22.649681
26236.554930,1.834114,-0.004709,1.817946,-0.024140,0.397201,0.000234,0.004523,0.205683,-0.035670,0.065647,2.045330,1.614836,2.002857,1.553372,1,22.689192
26236.574930,1.834493,-0.023446,0.956767,-0.058068,0.393912,0.000697,0.002260,0.102534,-0.032836,0.064475,2.034727,1.576941,2.000179,1.513367,1,22.728226
26236.594929,1.834361,-0.030936,0.077403,-0.083556,0.392067,0.000829,0.001714,0.080249,-0.019862,0.065818,2.022637,1.537938,1.999285,1.473276,1,22.767627
26236.631420,1.833904,-0.031079,-0.595456,-0.106833,0.392253,0.001670,-0.002769,0.330689,-0.006070,0.068748,2.010718,1.500682,1.995539,1.433357,1,22.806645
26236.636851,1.832615,-0.030268,-1.110462,-0.126947,0.394310,-0.000718,0.005979,-0.217229,0.006171,0.063415,1.996036,1.457146,1.988606,1.393866,1,22.848830
26236.654929,1.831070,-0.025678,-1.482371,-0.147927,0.396576,0.001601,0.004069,0.146473,0.012070,0.070994,1.987559,1.426502,1.978531,1.355058,1,22.889102
26236.674932,1.829144,-0.026339,-1.714278,-0.169259,0.402709,0.001510,0.003656,0.143147,0.017084,0.072190,1.975873,1.390619,1.965379,1.317181,1,22.925580
26236.694930,1.825680,-0.028847,-1.996015,-0.188967,0.409222,0.000578,0.001115,0.046262,0.020068,0.068875,1.962427,1.354261,1.950691,1.283488,1,22.964132
26236.731872,1.820411,-0.033095,-2.357513,-0.204448,0.415611,0.005001,-0.001421,0.213809,0.022721,0.069194,1.947132,1.319290,1.931894,1.248073,1,23.003328
26236.737921,1.814597,-0.034067,-2.662622,-0.217079,0.421889,-0.004783,0.003156,-0.149330,0.024735,0.061731,1.925297,1.279071,1.910320,1.214277,1,23.045538
26236.754958,1.807779,-0.031529,-2.908092,-0.227645,0.427098,0.000796,0.000831,0.038494,0.025782,0.069464,1.910333,1.252341,1.886107,1.182319,1,23.084773
26236.774956,1.802630,-0.031276,-3.055594,-0.234532,0.433419,0.000116,0.000293,0.012031,0.024958,0.069639,1.889883,1.219813,1.859412,1.152404,1,23.121082
26236.794953,1.795737,-0.030879,-3.224700,-0.238395,0.439363,-0.000072,0.000158,0.007062,0.023114,0.068700,1.868775,1.189927,1.832906,1.126940,1,23.158631
26236.831411,1.788898,-0.029506,-3.348432,-0.239234,0.445246,0.005063,-0.001370,0.042712,0.021717,0.065315,1.843167,1.160505,1.804602,1.103493,1,23.195782
26236.837163,1.782430,-0.027750,-3.430457,-0.237678,0.451220,-0.005781,0.001327,-0.039222,0.019585,0.052521,1.807781,1.127404,1.774651,1.082188,1,23.239043
26236.854957,1.774984,-0.025831,-3.484569,-0.233333,0.455301,-0.000018,-0.000667,-0.015000,0.018153,0.065433,1.786328,1.106968,1.737355,1.059929,1,23.278780
26236.874959,1.770456,-0.024746,-3.497528,-0.226539,0.461746,-0.000628,-0.000545,-0.021526,0.016177,0.065944,1.755179,1.083687,1.701331,1.042326,1,23.313706
26236.894952,1.765813,-0.022976,-3.477804,-0.216847,0.467723,-0.000329,-0.000488,-0.020521,0.012514,0.063002,1.722359,1.061630,1.667166,1.028772,1,23.352412
26236.931682,1.762700,-0.021026,-3.413215,-0.204661,0.473680,0.000866,-0.000033,-0.101349,0.007838,0.062412,1.690222,1.041814,1.632098,1.017765,1,23.390132
26236.937554,1.760729,-0.019288,-3.312641,-0.191240,0.480010,-0.001634,-0.001759,0.052320,0.002141,0.054336,1.646023,1.020945,1.593034,1.008732,1,23.431344
26236.954957,1.759172,-0.019663,-3.204018,-0.174498,0.483543,-0.001309,-0.003246,-0.100237,-0.000017,0.065529,1.618529,1.009835,1.553372,1.002857,1,23.470461
26236.974957,1.759365,-0.018772,-3.103918,-0.156491,0.490375,-0.001117,-0.002247,-0.096877,-0.005937,0.067432,1.580934,0.996047,1.513367,1.000179,1,23.505215
26236.994936,1.761645,-0.014797,-2.900374,-0.138078,0.495942,-0.000345,-0.001285,-0.056782,-0.014984,0.062436,1.542436,0.985016,1.480000,1.000000,1,23.543628
26237.031896,1.765916,-0.010699,-2.613062,-0.121470,0.500565,-0.004315,0.001333,-0.219411,-0.024360,0.062358,1.502358,0.975640,1.440000,1.000000,1,23.583526
26237.037735,1.771279,-0.008746,-2.325892,-0.106670,0.504360,0.003896,-0.004020,0.125796,-0.028857,0.051528,1.451528,0.971143,1.400000,1.000000,1,23.628980
26237.054969,1.777069,-0.011052,-2.087384,-0.095982,0.506210,-0.000924,-0.001111,-0.054945,-0.035177,0.067805,1.424472,0.964823,1.356667,1.000000,1,23.670158
26237.074960,1.781983,-0.008828,-1.890581,-0.090606,0.513408,0.000090,-0.000377,-0.018127,-0.037324,0.069952,1.383285,0.962676,1.313333,1.000000,1,23.705846
26237.094960,1.789185,-0.008143,-1.679631,-0.085770,0.518000,0.000283,-0.000343,-0.016466,-0.040146,0.060302,1.340302,0.959854,1.280000,1.000000,1,23.747280
26237.131583,1.796814,-0.008854,-1.534093,-0.082851,0.520893,-0.005752,0.000852,-0.055675,-0.041436,0.061424,1.298091,0.958564,1.236667,1.000000,1,23.790390
26237.137653,1.804623,-0.009641,-1.434850,-0.081721,0.522589,0.006362,-0.001045,0.038424,-0.040369,0.054658,1.247991,0.959631,1.193333,1.000000,1,23.836703
26237.154960,1.813270,-0.010820,-1.371504,-0.088907,0.523004,-0.000206,0.001730,0.046359,-0.039776,0.071322,1.217989,0.960224,1.146667,1.000000,1,23.877522
26237.174956,1.819125,-0.011188,-1.347446,-0.098774,0.525758,0.000243,0.001173,0.053458,-0.039165,0.068959,1.175625,0.960835,1.106667,1.000000,1,23.914395
26237.194960,1.825883,-0.014574,-1.406202,-0.114430,0.527832,0.000277,0.001119,0.049579,-0.036553,0.063374,1.133374,0.963447,1.070000,1.000000,1,23.956353
26237.233111,1.831876,-0.018765,-1.559972,-0.133875,0.529867,-0.004133,0.000493,0.208186,-0.033549,0.061533,1.091533,0.966451,1.030000,1.000000,1,23.997702
26237.238771,1.837036,-0.022583,-1.770547,-0.155428,0.531701,0.005037,0.002538,-0.104525,-0.032060,0.048004,1.033762,0.966847,0.986633,1.000179,1,24.044975
26237.254955,1.842918,-0.022649,-1.979450,-0.189847,0.531690,0.002059,0.004089,0.138735,-0.025417,0.065646,1.002108,0.970502,0.939987,1.003615,1,24.088549
26237.274957,1.845226,-0.026512,-2.180907,-0.215352,0.532815,0.001309,0.001193,0.047432,-0.022630,0.066583,0.957637,0.974852,0.897134,1.010696,1,24.125353
26237.294954,1.845030,-0.033097,-2.576812,-0.234553,0.533624,0.001048,0.000891,0.034175,-0.021981,0.060500,0.913509,0.981692,0.861468,1.019574,1,24.167034
26237.337618,1.843606,-0.034423,-2.923673,-0.250488,0.535986,0.004317,-0.004255,0.239905,-0.019784,0.063803,0.872726,0.992017,0.820296,1.033410,1,24.208062
26237.343443,1.841027,-0.033119,-3.209923,-0.261023,0.539193,-0.002595,0.005208,-0.181632,-0.026253,0.040517,0.808642,1.008100,0.783488,1.049309,1,24.256964
26237.354951,1.837228,-0.027562,-3.470938,-0.270751,0.539229,0.000762,0.001244,0.026243,-0.023117,0.071244,0.788226,1.016390,0.739463,1.073244,1,24.298788
26237.374950,1.835046,-0.025187,-3.544793,-0.276630,0.543568,0.000524,0.000216,0.005885,-0.023365,0.072205,0.750789,1.034148,0.706107,1.095492,1,24.329553
26237.394950,1.830069,-0.023215,-3.683465,-0.276090,0.547196,0.000289,0.000045,-0.000718,-0.033059,0.061451,0.708768,1.049321,0.682319,1.113893,1,24.367463
26237.427630,1.825139,-0.020356,-3.778719,-0.275583,0.552373,0.003279,-0.001528,0.021466,-0.032998,0.062529,0.674411,1.073399,0.652404,1.140588,1,24.406955
26237.434951,1.820256,-0.017454,-3.835895,-0.271532,0.557662,-0.003250,0.001227,-0.021669,-0.035785,0.064234,0.640311,1.097737,0.624724,1.169595,1,24.445747
26237.454951,1.815425,-0.015099,-3.867203,-0.265977,0.563492,-0.000175,-0.000156,-0.007684,-0.037340,0.059988,0.607929,1.127692,0.601466,1.198056,1,24.484386
26237.474952,1.811670,-0.012741,-3.863808,-0.259352,0.569078,-0.000063,-0.000168,-0.009124,-0.041949,0.060200,0.575588,1.157645,0.578554,1.230959,1,24.523610
26237.494932,1.808879,-0.010984,-3.836379,-0.250056,0.573994,-0.000162,-0.000266,-0.013039,-0.047614,0.061571,0.545160,1.188885,0.558352,1.265592,1,24.562661
26237.527780,1.807095,-0.009679,-3.785706,-0.239239,0.578070,0.000070,0.000068,-0.063393,-0.048909,0.061109,0.522163,1.223039,0.542326,1.298669,1,24.600418
26237.534947,1.806405,-0.008750,-3.712735,-0.222856,0.580649,-0.000276,-0.001632,0.015226,-0.059429,0.061403,0.491666,1.258488,0.527665,1.335988,1,24.638248
26237.554953,1.806643,-0.009127,-3.643090,-0.203144,0.583088,-0.001037,-0.001176,-0.049723,-0.055316,0.066809,0.480666,1.292319,0.516893,1.371129,1,24.674471
26237.574955,1.808922,-0.006309,-3.484564,-0.179072,0.585073,-0.000727,-0.001469,-0.063380,-0.047867,0.066430,0.474061,1.332789,0.508732,1.406966,1,24.710428
26237.594951,1.813503,-0.003380,-3.259801,-0.150003,0.583892,-0.000557,-0.001896,-0.085198,-0.052872,0.064954,0.458059,1.372776,0.503225,1.443306,1,24.749846
26237.628372,1.820218,0.000003,-2.956630,-0.123671,0.582948,-0.005821,0.001230,-0.273899,-0.043408,0.061154,0.459480,1.417107,0.500402,1.479953,1,24.791263
26237.634948,1.828478,0.002933,-2.585010,-0.094982,0.579026,0.005300,-0.006313,0.097702,-0.046644,0.066070,0.453356,1.457263,0.500000,1.523333,1,24.833149
26237.654952,1.837097,0.000275,-2.289121,-0.067096,0.578870,-0.000906,-0.003293,-0.159343,-0.044648,0.059967,0.455352,1.503367,0.500000,1.563333,1,24.876424
26237.674955,1.846955,0.005910,-1.857945,-0.043523,0.575105,0.000121,-0.001522,-0.075873,-0.041832,0.057818,0.458168,1.548848,0.500000,1.606667,1,24.922274
26237.694952,1.857848,0.010353,-1.350083,-0.023527,0.571945,0.000251,-0.001490,-0.071336,-0.041928,0.058175,0.458072,1.595158,0.500000,1.653333,1,24.968714
26237.729070,1.868738,0.011010,-0.915612,-0.007789,0.568497,-0.006986,0.001899,-0.219358,-0.034601,0.058977,0.465399,1.641023,0.500000,1.700000,1,25.015363
26237.734934,1.879485,0.010696,-0.552359,0.007489,0.565231,0.007491,-0.004479,0.104975,-0.035025,0.059401,0.464975,1.687266,0.500000,1.746667,1,25.062151
26237.754954,1.889941,0.007695,-0.316790,0.016363,0.562985,0.000349,-0.001513,-0.074474,-0.030804,0.059143,0.469196,1.734190,0.500000,1.793333,1,25.109627
26237.774956,1.900102,0.009015,-0.082206,0.020658,0.561014,0.000299,-0.000295,-0.014616,-0.030225,0.060203,0.469775,1.779797,0.500000,1.840000,1,25.156390
26237.794954,1.909962,0.009230,0.131104,0.020373,0.559818,0.000308,0.000019,0.001033,-0.026043,0.060779,0.473957,1.825888,0.500000,1.886667,1,25.203060
26237.827182,1.919691,0.007132,0.250799,0.019017,0.558778,-0.005320,0.001053,-0.008369,-0.026669,0.062231,0.473331,1.871103,0.500000,1.933333,1,25.249915
26237.834951,1.929223,0.004719,0.299091,0.017321,0.557736,0.005889,-0.000535,0.014083,-0.026306,0.065433,0.473694,1.917900,0.500000,1.983333,1,25.296498
26237.854953,1.938656,0.003193,0.314920,0.013901,0.556723,0.000254,0.000224,0.011880,-0.024202,0.063241,0.475798,1.963426,0.500000,2.026667,1,25.342802
26237.874942,1.947820,0.001293,0.290218,0.011168,0.555838,0.000357,0.000181,0.009298,-0.022809,0.061905,0.477191,2.011429,0.500000,2.073333,1,25.389983
26237.894952,1.956909,0.000110,0.249729,0.006823,0.553976,0.000437,0.000274,0.014353,-0.021593,0.062829,0.478407,2.060504,0.500000,2.123333,1,25.439066
26237.927232,1.965867,-0.000917,0.196671,-0.001732,0.551579,-0.004611,0.000308,0.070692,-0.021614,0.062024,0.478386,2.107976,0.500000,2.170000,1,25.487663
26237.934917,1.974521,-0.002665,0.111343,-0.015044,0.548986,0.005399,0.002326,0.008810,-0.020078,0.065486,0.479922,2.154514,0.500000,2.220000,1,25.535282
26237.954925,1.982955,-0.002793,0.037085,-0.033388,0.546188,0.000588,0.001175,0.064050,-0.019379,0.064482,0.480621,2.202185,0.500000,2.266667,1,25.583006
26237.974926,1.990804,-0.009060,-0.197119,-0.054648,0.542386,0.000837,0.001338,0.068321,-0.017284,0.061189,0.482716,2.252144,0.500000,2.313333,1,25.631774
26237.994924,1.998023,-0.013626,-0.494423,-0.078330,0.537825,0.000921,0.001414,0.072244,-0.018943,0.062632,0.481057,2.300701,0.500000,2.363333,1,25.680754
26238.029399,2.004110,-0.017252,-0.835499,-0.106053,0.534326,-0.001697,-0.000947,0.288138,-0.016450,0.063188,0.483550,2.350146,0.500000,2.413333,1,25.729982
26238.035329,2.008845,-0.020300,-1.210503,-0.135280,0.531002,0.003899,0.004953,-0.127963,-0.015292,0.064624,0.484708,2.398710,0.500000,2.463333,1,25.779267
26238.054964,2.013083,-0.018313,-1.506101,-0.167541,0.527841,0.002753,0.003692,0.159605,-0.015103,0.060517,0.483787,2.449824,0.500101,2.510026,1,25.828271
26238.074953,2.014584,-0.021803,-1.864580,-0.201670,0.523777,0.001914,0.001476,0.063946,-0.008290,0.060660,0.488104,2.500787,0.503615,2.560013,1,25.878226
26238.094927,2.012331,-0.025711,-2.338945,-0.227001,0.518844,0.001445,0.000908,0.037524,-0.006800,0.061247,0.492079,2.551122,0.512115,2.609398,1,25.927831
26238.128122,2.007567,-0.024746,-2.761155,-0.249553,0.516783,0.006637,-0.003845,0.198243,-0.013287,0.063127,0.492998,2.601968,0.525515,2.657684,1,25.974985
26238.134961,2.000751,-0.020742,-3.105738,-0.269365,0.515644,-0.004150,0.005344,-0.132876,-0.010572,0.060692,0.508210,2.650034,0.542326,2.701331,1,26.021541
26238.154951,1.993143,-0.014212,-3.352037,-0.282412,0.514320,0.001250,0.000453,0.015311,-0.009958,0.059964,0.525272,2.695668,0.563141,2.743216,1,26.068591
26238.174954,1.982817,-0.008870,-3.558098,-0.289017,0.512615,0.000795,0.000207,0.004467,-0.012147,0.058874,0.544445,2.741310,0.587779,2.782974,1,26.115145
26238.194954,1.971146,-0.003253,-3.711284,-0.292136,0.512155,0.000526,0.000127,0.001400,-0.014289,0.058439,0.567620,2.784528,0.616025,2.820255,1,26.161067
26238.230010,1.958680,0.002093,-3.814747,-0.291245,0.512239,0.010219,-0.002479,0.025389,-0.018247,0.059314,0.592690,2.825878,0.647630,2.854733,1,26.206808
26238.235710,1.945839,0.006601,-3.877983,-0.286959,0.513208,-0.009412,0.002091,-0.024299,-0.022738,0.061000,0.620767,2.864909,0.682319,2.886107,1,26.251461
26238.254926,1.932793,0.009850,-3.912035,-0.279324,0.514769,-0.000943,-0.000191,-0.010615,-0.027126,0.059582,0.652553,2.900864,0.717026,2.912221,1,26.295051
26238.274926,1.920299,0.012089,-3.917371,-0.268108,0.516512,-0.000409,-0.000309,-0.013691,-0.032389,0.048109,0.696049,2.939734,0.753869,2.935224,1,26.343357
26238.294926,1.909076,0.013393,-3.893305,-0.252398,0.514719,-0.000205,-0.000356,-0.017463,-0.040681,0.054312,0.732574,2.973043,0.798669,2.957674,1,26.391150
26238.330280,1.899578,0.014082,-3.834131,-0.237542,0.516632,0.005299,0.001585,-0.089371,-0.045857,0.058700,0.772150,2.999490,0.842316,2.974485,1,26.433727
26238.336239,1.891553,0.013831,-3.744716,-0.221000,0.519061,-0.005399,-0.002757,0.041035,-0.050824,0.060355,0.813597,3.021827,0.884090,2.986379,1,26.475358
26238.354994,1.884482,0.011558,-3.655242,-0.200950,0.521506,-0.001566,-0.002615,-0.100896,-0.050926,0.071953,0.844531,3.033410,0.923434,2.994103,1,26.511847
26238.374987,1.879890,0.010108,-3.558564,-0.178984,0.527496,-0.003486,-0.005515,-0.172826,-0.057048,0.070482,0.885111,3.049610,0.959938,2.998392,1,26.547388
26238.395040,1.875772,0.007596,-3.440108,-0.153229,0.533382,-0.006788,-0.012160,-0.325869,0.035359,0.072998,0.942087,3.065365,0.989974,2.999899,2,26.597971
26238.439717,1.871186,0.001923,-3.358689,-0.117101,0.540305,-0.011361,-0.002734,-0.816124,-0.072764,0.049389,0.987277,3.072764,1.036667,3.000000,2,26.652826
26238.445537,1.871153,0.008600,-3.084306,-0.084888,0.545187,0.005865,-0.004888,0.475439,-0.080143,0.035838,1.054162,3.080143,1.090000,3.000000,2,26.708994
26238.454969,1.879342,0.012279,-2.341681,-0.060676,0.540242,-0.001118,-0.005453,-0.164659,-0.080084,0.075707,1.070959,3.080084,1.146667,3.000000,2,26.753190
26238.474973,1.881918,0.012977,-2.150648,-0.040707,0.545314,-0.000727,-0.003217,-0.154207,-0.080762,0.080385,1.112949,3.080762,1.193333,3.000000,2,26.784778
26238.494964,1.889527,0.017805,-1.567586,-0.029141,0.546870,-0.000189,-0.002901,-0.089030,-0.080064,0.066991,1.156342,3.080064,1.223333,3.000000,2,26.826680
26238.538176,1.897835,0.014648,-1.090377,-0.021091,0.546891,-0.010180,0.004146,-0.311160,-0.077945,0.067226,1.199441,3.077945,1.266667,3.000000,2,26.870405
26238.544022,1.906258,0.010003,-0.788427,-0.014132,0.546617,0.009644,-0.005055,0.188632,-0.070352,0.049368,1.260632,3.070352,1.310000,3.000000,2,26.921593
26238.554954,1.918447,0.005386,-0.492086,-0.006992,0.541022,0.000600,-0.001671,-0.036724,-0.067863,0.075012,1.284988,3.067863,1.360000,3.000000,2,26.965809
26238.574958,1.923586,0.004559,-0.404276,-0.000632,0.544339,0.000275,-0.001096,-0.051692,-0.061570,0.074007,1.329327,3.061570,1.403333,3.000000,2,27.001921
26238.594952,1.932270,0.005045,-0.250056,0.005286,0.545543,0.000081,-0.000473,-0.023019,-0.054313,0.068568,1.371432,3.054313,1.440000,3.000000,2,27.044707
26238.632991,1.940701,0.005643,-0.095003,0.010881,0.547081,-0.007270,0.001021,-0.091067,-0.048169,0.068192,1.415141,3.048169,1.483333,3.000000,2,27.087782
26238.638779,1.949157,0.005549,0.031320,0.014184,0.547474,0.007765,-0.001645,0.055389,-0.042143,0.057541,1.469125,3.042143,1.526667,3.000000,2,27.136264
26238.654930,1.959304,0.004160,0.126755,0.018215,0.542454,0.000500,-0.000742,-0.027552,-0.040055,0.063056,1.510277,3.040055,1.573333,3.000000,2,27.184895
26238.674931,1.966061,0.004106,0.180576,0.021391,0.541366,0.000316,-0.000249,-0.011994,-0.032738,0.067889,1.555444,3.032738,1.623333,3.000000,2,27.229475
26238.694929,1.973926,0.004650,0.263705,0.024254,0.539212,0.000417,-0.000725,-0.022614,-0.025402,0.066035,1.600632,3.025402,1.666667,3.000000,2,27.275256
26238.734222,1.981633,0.004066,0.320109,0.028042,0.536908,-0.006210,0.000048,-0.073847,-0.018829,0.067742,1.645591,3.018829,1.713333,3.000000,2,27.320937
26238.740324,1.989084,0.004116,0.370576,0.031953,0.534747,0.006534,-0.000821,0.032535,-0.011857,0.059082,1.700918,3.011857,1.760000,3.000000,2,27.370752
26238.754950,1.997662,0.004033,0.435966,0.035264,0.528214,0.001089,-0.000872,-0.022873,-0.005942,0.071479,1.738521,3.005942,1.810000,3.000000,2,27.417808
26238.774951,2.003240,0.004272,0.480117,0.038149,0.527935,0.000496,-0.000431,-0.021665,0.000042,0.071974,1.784693,2.999958,1.856667,3.000000,2,27.460357
26238.794951,2.009717,0.004924,0.546924,0.041196,0.526977,0.000466,-0.000246,-0.011706,0.004918,0.066232,1.833768,2.995082,1.900000,3.000000,2,27.507928
26238.831429,2.015962,0.005205,0.617958,0.042090,0.523954,-0.004020,0.000729,-0.028939,0.008410,0.065039,1.881627,2.991590,1.946667,3.000000,2,27.557439
26238.837586,2.021949,0.004708,0.671542,0.040382,0.520365,0.005303,-0.000600,0.028023,0.009590,0.055522,1.941144,2.990410,1.996667,3.000000,2,27.611161
26238.854953,2.028887,0.003627,0.706394,0.036703,0.513402,0.000054,0.000394,0.014752,0.014522,0.072104,1.977896,2.985478,2.050000,3.000000,2,27.660208
26238.874955,2.033170,0.002011,0.693492,0.034528,0.513410,0.000349,0.000134,0.007579,0.017244,0.073184,2.026816,2.982756,2.100000,3.000000,2,27.704096
26238.894954,2.038342,0.000568,0.655937,0.032316,0.510935,0.000512,0.000163,0.008657,0.019163,0.067254,2.076080,2.980837,2.143333,3.000000,2,27.752643
26238.932430,2.043481,-0.000059,0.617296,0.028148,0.507118,-0.003197,0.000624,0.063815,0.019995,0.064676,2.125324,2.980005,2.190000,3.000000,2,27.801935
26238.938291,2.048465,-0.000055,0.585985,0.022105,0.502576,0.004591,0.001713,0.018980,0.017209,0.055109,2.184891,2.982791,2.240000,3.000000,2,27.855493
26238.954953,2.054290,0.000466,0.570659,0.013810,0.496385,0.000495,0.001687,0.066735,0.019778,0.068999,2.224334,2.980222,2.293333,3.000000,2,27.905451
26238.974953,2.057972,-0.002176,0.499582,0.007071,0.495717,0.000320,0.000441,0.023604,0.018226,0.071493,2.271840,2.981774,2.343333,3.000000,2,27.950345
26238.994956,2.062027,-0.005433,0.337625,0.002942,0.493165,0.000592,0.001076,0.034786,0.018126,0.068287,2.321713,2.981874,2.390000,3.000000,2,27.999132
26239.035102,2.066154,-0.004850,0.224595,-0.000820,0.488918,-0.002396,0.000355,0.128580,0.016519,0.064655,2.372011,2.983481,2.436667,3.000000,2,28.049187
26239.042624,2.070239,-0.003155,0.164455,-0.005860,0.483613,0.004747,0.003360,0.028271,0.014539,0.040209,2.446457,2.985461,2.486667,3.000000,2,28.109829
26239.054955,2.076070,-0.001188,0.133596,-0.011586,0.477077,0.000440,0.002494,0.072654,0.013129,0.078611,2.471389,2.986871,2.550000,3.000000,2,28.161200
26239.074958,2.077973,-0.002235,0.095909,-0.016808,0.480094,0.000347,0.000307,0.017090,0.010844,0.079446,2.520554,2.989156,2.600000,3.000000,2,28.200694
26239.094954,2.080782,-0.006267,-0.077685,-0.017714,0.479848,0.000465,0.000061,0.003516,0.008287,0.069163,2.570837,2.991713,2.640000,3.000000,2,28.249169
26239.130347,2.083692,-0.005798,-0.196542,-0.017848,0.477918,-0.001296,-0.001267,0.026601,0.005544,0.066392,2.620274,2.994456,2.686667,3.000000,2,28.298777
26239.136461,2.086461,-0.004017,-0.261803,-0.018877,0.475349,0.002044,0.001199,-0.016040,0.003311,0.066312,2.670355,2.996689,2.736667,3.000000,2,28.348659
26239.154967,2.089154,-0.002422,-0.293260,-0.020870,0.472084,0.000766,0.000571,0.015538,0.000833,0.067078,2.719588,2.999167,2.786667,3.000000,2,28.398390
26239.174962,2.091632,-0.001634,-0.314527,-0.022869,0.469612,0.000780,0.001026,0.032736,-0.001250,0.067506,2.769160,3.001250,2.836667,3.000000,2,28.447689
26239.194956,2.094050,-0.001039,-0.325951,-0.024040,0.467814,0.000681,0.000370,0.019144,-0.003398,0.067059,2.819607,3.003398,2.886667,3.000000,2,28.497561
26239.231098,2.096208,-0.001597,-0.354335,-0.024751,0.466462,-0.000608,-0.000189,0.024604,-0.005510,0.067286,2.869381,3.005510,2.936667,3.000000,2,28.547880
26239.237211,2.098061,-0.001757,-0.389887,-0.024215,0.465943,0.001982,0.000485,-0.013463,-0.011777,0.054255,2.932411,3.011777,2.986667,3.000000,2,28.603554
26239.254955,2.100450,-0.001172,-0.410973,-0.021890,0.461171,0.000271,-0.000594,-0.016445,-0.010299,0.073465,2.969868,3.010299,3.043333,3.000000,2,28.654937
26239.274956,2.101656,-0.000837,-0.418267,-0.020920,0.462640,0.000482,-0.000197,-0.011339,-0.012638,0.073191,3.020142,3.012638,3.093333,3.000000,2,28.700114
26239.294932,2.103267,0.000113,-0.407365,-0.019939,0.463022,0.000349,-0.000059,-0.003517,-0.014859,0.070341,3.069659,3.014859,3.140000,3.000000,2,28.749494
26239.332108,2.104746,0.000716,-0.384064,-0.019183,0.463335,-0.000573,0.000051,-0.017043,-0.016272,0.066553,3.120113,3.016272,3.186667,3.000000,2,28.799729
26239.337641,2.106258,0.000690,-0.366969,-0.018395,0.463261,0.001586,-0.000430,0.002370,-0.022144,0.058202,3.181798,3.022144,3.240000,3.000000,2,28.855101
26239.354955,2.108155,0.000382,-0.357419,-0.017698,0.460056,0.000176,-0.000077,-0.004671,-0.020465,0.074040,3.219294,3.020465,3.293333,3.000000,2,28.905356
26239.374951,2.109123,0.000682,-0.342340,-0.016315,0.461233,0.000279,-0.000079,-0.004738,-0.023358,0.075566,3.267767,3.023358,3.343333,3.000000,2,28.949186
26239.394925,2.110381,0.000939,-0.320115,-0.016325,0.461724,0.000425,0.000007,0.000037,-0.024948,0.068755,3.317911,3.024948,3.386667,3.000000,2,28.997756
26239.428531,2.111790,0.000800,-0.303371,-0.015988,0.461818,-0.000208,0.000156,-0.005338,-0.026641,0.068246,3.368421,3.026641,3.436667,3.000000,2,29.047735
26239.434948,2.113210,0.000576,-0.293244,-0.016659,0.461437,0.001059,-0.000042,0.005704,-0.028346,0.068428,3.418238,3.028346,3.486667,3.000000,2,29.097889
26239.454951,2.114567,0.000371,-0.287214,-0.019668,0.461588,0.000443,0.000194,0.010772,-0.029719,0.068384,3.468282,3.029719,3.536667,3.000000,2,29.147749
26239.474951,2.115885,-0.000556,-0.304551,-0.024490,0.461644,0.000539,0.000317,0.017006,-0.030237,0.066915,3.519752,3.030237,3.586667,3.000000,2,29.198374
26239.494936,2.117213,-0.001767,-0.349411,-0.031246,0.460754,0.000398,0.000430,0.023415,-0.030532,0.068933,3.567733,3.030532,3.636667,3.000000,2,29.248738
26239.530522,2.118210,-0.003179,-0.424933,-0.040098,0.459950,0.000297,-0.000331,0.095052,-0.030369,0.067866,3.618801,3.030369,3.686667,3.000000,2,29.298414
26239.536498,2.119161,-0.004714,-0.533264,-0.051123,0.457768,0.000737,0.002014,-0.027112,-0.030795,0.069807,3.666860,3.030795,3.736667,3.000000,2,29.347519
26239.554951,2.119845,-0.004241,-0.624234,-0.067051,0.455795,0.000910,0.001394,0.061466,-0.030672,0.068415,3.718252,3.030672,3.786667,3.000000,2,29.397565
26239.574954,2.119930,-0.007960,-0.808991,-0.086484,0.452853,0.000897,0.001151,0.060759,-0.031613,0.070059,3.766608,3.031613,3.836667,3.000000,2,29.447216
26239.594956,2.118911,-0.011498,-1.078847,-0.105418,0.450125,0.000978,0.001239,0.061562,-0.029444,0.071175,3.815492,3.029444,3.886667,3.000000,2,29.495248
26239.630960,2.116885,-0.013033,-1.368000,-0.125806,0.448142,0.005146,0.000539,0.308991,-0.027451,0.067279,3.866054,3.027451,3.933333,3.000000,2,29.544139
26239.637427,2.114521,-0.010696,-1.598748,-0.151008,0.446729,-0.000788,0.008542,0.011585,-0.025215,0.061441,3.921892,3.025215,3.983333,3.000000,2,29.595950
26239.654965,2.111560,-0.005187,-1.735501,-0.184142,0.444111,0.003548,0.005159,0.179139,-0.014668,0.076326,3.958220,3.018616,4.033396,2.998883,2,29.642489
26239.674951,2.106634,-0.010014,-1.989191,-0.209861,0.441080,0.005667,0.007971,0.243394,-0.004445,0.078688,4.002900,3.010537,4.079867,2.993580,2,29.683740
26239.694952,2.100616,-0.009151,-2.241981,-0.230218,0.438079,0.003622,0.003213,0.143833,0.000411,0.076255,4.048367,3.003055,4.122402,2.984786,2,29.727747
26239.735257,2.090654,-0.011772,-2.559911,-0.245610,0.436988,0.016132,-0.004323,0.313940,0.004707,0.070891,4.095500,2.991142,4.164012,2.972335,2,29.773846
26239.742331,2.077672,-0.011732,-2.925060,-0.256649,0.437912,-0.011853,0.007984,-0.188893,0.004441,0.049555,4.160500,2.971459,4.207431,2.954942,2,29.829775
26239.754955,2.060364,-0.003152,-3.236016,-0.259891,0.432926,0.001674,0.000959,0.034588,0.010013,0.080910,4.183180,2.961605,4.257678,2.928488,2,29.876952
26239.774954,2.051843,0.000225,-3.332388,-0.262069,0.436359,0.000480,0.000117,0.002144,0.008177,0.078713,4.228370,2.942643,4.296590,2.902535,2,29.914538
26239.794954,2.036092,0.004364,-3.489979,-0.263149,0.440488,0.000010,0.000027,0.000038,0.006823,0.072741,4.265686,2.921813,4.325359,2.879660,2,29.957315
26239.830166,2.019965,0.008842,-3.595377,-0.258639,0.445122,0.011639,-0.002258,0.016746,0.004918,0.071464,4.303545,2.897585,4.357080,2.849991,2,30.000080
26239.836583,2.004252,0.012886,-3.655243,-0.250529,0.449963,-0.013853,0.001776,-0.025496,0.001253,0.061743,4.345911,2.864563,4.386107,2.817681,2,30.047659
26239.854953,1.985753,0.016040,-3.685128,-0.238970,0.452108,0.001136,-0.000465,-0.016386,0.003447,0.074207,4.369661,2.839739,4.414103,2.780212,2,30.090781
26239.874954,1.974771,0.018094,-3.662367,-0.226199,0.458105,-0.000663,-0.000450,-0.019238,0.000681,0.075187,4.399691,2.808578,4.436859,2.743216,2,30.128735
26239.894954,1.962541,0.019482,-3.598171,-0.212454,0.464243,-0.000699,-0.000569,-0.024600,-0.002507,0.068851,4.426838,2.773977,4.453545,2.710467,2,30.169692
26239.933891,1.952101,0.019495,-3.500780,-0.197068,0.469760,0.006070,0.003033,-0.150953,-0.002493,0.068942,4.447373,2.738976,4.468951,2.673450,2,30.210440
26239.941408,1.943329,0.018230,-3.377002,-0.178222,0.475034,-0.007808,-0.005869,0.076562,-0.005052,0.050381,4.473797,2.682024,4.482235,2.632098,2,30.259594
26239.954952,1.933522,0.013256,-3.210399,-0.151960,0.471557,-0.001322,-0.004214,-0.126742,-0.001961,0.074420,4.481531,2.660096,4.492468,2.586458,2,30.302780
26239.974957,1.930421,0.012204,-3.113910,-0.130269,0.477740,-0.001596,-0.002334,-0.114417,-0.000326,0.078141,4.491657,2.621267,4.498113,2.543393,2,30.335352
26239.994954,1.928297,0.015600,-2.809263,-0.110277,0.482189,-0.000648,-0.001343,-0.063901,0.001884,0.069098,4.496631,2.579072,4.499899,2.510026,2,30.375820
26240.030118,1.928596,0.016694,-2.423694,-0.092432,0.483457,-0.001833,0.004453,-0.257984,-0.000761,0.066355,4.500761,2.536355,4.500000,2.470000,2,30.419116
26240.035944,1.930326,0.014464,-2.054217,-0.075800,0.483302,0.001284,-0.006667,0.130622,-0.005351,0.065288,4.505351,2.491954,4.500000,2.426667,2,30.462716
26240.054950,1.932496,0.008505,-1.785007,-0.061326,0.483198,-0.000721,-0.002493,-0.095323,-0.010835,0.066093,4.510835,2.449427,4.500000,2.383333,2,30.506828
26240.074957,1.935292,0.007440,-1.512990,-0.052266,0.483335,-0.000395,-0.000675,-0.032049,-0.013099,0.067532,4.513099,2.404199,4.500000,2.336667,2,30.551620
26240.094955,1.938872,0.007157,-1.219084,-0.048944,0.481545,-0.000082,-0.000262,-0.011879,-0.014458,0.066962,4.514458,2.360296,4.500000,2.293333,2,30.596289
26240.132021,1.942690,0.004390,-1.018970,-0.046920,0.480098,-0.003210,0.001746,-0.069226,-0.017394,0.067507,4.517394,2.317507,4.500000,2.250000,2,30.640012
26240.138759,1.946605,0.001108,-0.907950,-0.044435,0.480186,0.003206,-0.002599,0.019952,-0.023249,0.065545,4.523249,2.268878,4.500000,2.203333,2,30.686192
26240.154962,1.951140,-0.001841,-0.852030,-0.043430,0.478019,0.000107,-0.000575,-0.021145,-0.027526,0.074687,4.527526,2.234687,4.500000,2.160000,2,30.727892
26240.174950,1.954336,-0.002220,-0.820711,-0.041749,0.481124,-0.000042,-0.000114,-0.005616,-0.033441,0.075585,4.533441,2.192252,4.500000,2.116667,2,30.766393
26240.194955,1.958272,-0.001891,-0.767942,-0.041923,0.484034,0.000033,0.000018,0.000649,-0.036844,0.071725,4.536844,2.148392,4.500000,2.076667,2,30.809592
26240.231491,1.962373,-0.002294,-0.736099,-0.041849,0.486602,-0.003296,0.000271,-0.005735,-0.040192,0.067642,4.540192,2.104309,4.500000,2.036667,2,30.854089
26240.239445,1.966627,-0.002783,-0.721480,-0.040349,0.488431,0.003257,-0.000440,-0.001796,-0.030536,0.062488,4.530536,2.052488,4.500000,1.990000,2,30.901353
26240.254951,1.971580,-0.003126,-0.714484,-0.033324,0.486872,0.000329,-0.000716,-0.026619,-0.041529,0.070627,4.541529,2.013960,4.500000,1.943333,2,30.946990
26240.274950,1.975215,-0.001898,-0.682746,-0.031402,0.489008,0.000033,-0.000125,-0.006551,-0.053708,0.074805,4.553708,1.971472,4.500000,1.896667,2,30.989110
26240.294951,1.979582,-0.000546,-0.616111,-0.033270,0.491241,0.000164,0.000155,0.007312,-0.052072,0.067879,4.552072,1.924546,4.500000,1.856667,2,31.033580
26240.331485,1.984076,-0.001069,-0.581640,-0.033133,0.492510,-0.003509,0.000291,-0.003497,-0.051136,0.072295,4.551136,1.882295,4.500000,1.810000,2,31.077941
26240.337334,1.988457,-0.001778,-0.572119,-0.029930,0.494244,0.004057,-0.000649,-0.006684,-0.044328,0.061298,4.544328,1.827965,4.500000,1.766667,2,31.125711
26240.354955,1.993825,-0.002135,-0.568241,-0.021970,0.492767,-0.000225,-0.002030,-0.062111,-0.051606,0.071651,4.551606,1.791651,4.500000,1.720000,2,31.171671
26240.374948,1.997502,-0.001429,-0.546374,-0.017841,0.494777,0.000169,-0.000797,-0.041489,-0.047727,0.071339,4.547727,1.744672,4.500000,1.673333,2,31.213744
26240.394956,2.002189,0.001004,-0.470808,-0.013478,0.495790,0.000121,-0.000296,-0.015478,-0.048585,0.070756,4.548585,1.700756,4.500000,1.630000,2,31.259067
26240.429902,2.006835,0.002593,-0.365883,-0.010345,0.497044,-0.003296,0.000618,-0.051437,-0.056434,0.070857,4.556434,1.657524,4.500000,1.586667,2,31.303922
26240.435526,2.011425,0.002755,-0.278791,-0.012684,0.498620,0.003478,-0.000399,0.042188,-0.055547,0.070665,4.555547,1.610665,4.500000,1.540000,2,31.348932
26240.454954,2.016185,0.001904,-0.223589,-0.015060,0.499804,0.000291,0.000280,0.015722,-0.057086,0.068843,4.557086,1.565510,4.500000,1.496667,2,31.395036
26240.474943,2.020869,-0.000038,-0.220282,-0.018129,0.500916,0.000141,0.000211,0.010816,-0.058089,0.071747,4.558089,1.521747,4.500000,1.450000,2,31.440118
26240.494946,2.025500,-0.001676,-0.253049,-0.021700,0.502351,0.000246,0.000245,0.012551,-0.053833,0.072241,4.553833,1.475575,4.500000,1.403333,2,31.484721
26240.530506,2.030217,-0.002719,-0.300979,-0.025325,0.503031,-0.003231,-0.000199,0.044203,-0.050348,0.071366,4.550348,1.431366,4.500000,1.360000,2,31.530176
26240.536519,2.034778,-0.003381,-0.357549,-0.031072,0.504340,0.003361,0.001089,-0.010764,-0.047059,0.070716,4.547059,1.384050,4.500000,1.313333,2,31.576534
26240.554953,2.039434,-0.003083,-0.400999,-0.040117,0.505152,0.000737,0.002290,0.070096,-0.049550,0.071033,4.549550,1.337700,4.500000,1.266667,2,31.623217
26240.574951,2.043914,-0.003870,-0.465876,-0.055684,0.507214,0.000422,0.001751,0.088466,-0.048970,0.072452,4.548970,1.292452,4.500000,1.220000,2,31.669280
26240.594928,2.047944,-0.007752,-0.616315,-0.074858,0.509741,0.000576,0.001292,0.064743,-0.046781,0.069079,4.546781,1.245746,4.500000,1.176667,2,31.715459
26240.631488,2.051467,-0.012267,-0.874778,-0.094053,0.511657,-0.001467,-0.001418,0.237052,-0.047007,0.069551,4.547007,1.199551,4.500000,1.130000,2,31.761347
26240.637506,2.054248,-0.014963,-1.167165,-0.116337,0.514912,0.002838,0.004965,-0.123676,-0.041653,0.058714,4.541653,1.142047,4.500000,1.083333,2,31.811904
26240.654928,2.057337,-0.012392,-1.425090,-0.148637,0.516566,0.001250,0.002412,0.117447,-0.044366,0.073392,4.544366,1.106725,4.500000,1.033333,2,31.858087
26240.674931,2.057389,-0.017111,-1.714377,-0.174661,0.519494,0.001196,0.001304,0.059260,-0.038872,0.074219,4.540660,1.059817,4.499822,0.986661,2,31.898185
26240.694925,2.055582,-0.020527,-2.135182,-0.193983,0.521363,0.000986,0.000860,0.038382,-0.028353,0.069027,4.532700,1.012355,4.497155,0.946741,2,31.942468
26240.728471,2.052406,-0.019298,-2.506975,-0.210971,0.524052,0.004334,-0.003834,0.182256,-0.025272,0.068285,4.528602,0.966040,4.490675,0.903886,2,31.987092
26240.734916,2.047782,-0.015531,-2.812097,-0.228856,0.528712,-0.002887,0.005335,-0.113961,-0.013251,0.066517,4.511103,0.918604,4.479575,0.858552,2,32.033579
26240.754926,2.042677,-0.009457,-3.028557,-0.247481,0.532695,0.001236,0.000780,0.034314,-0.011013,0.069473,4.500304,0.874875,4.464297,0.814450,2,32.079730
26240.774929,2.035330,-0.005726,-3.235589,-0.260860,0.536378,0.000951,0.000405,0.013869,-0.011104,0.068794,4.486229,0.828124,4.444972,0.771965,2,32.124806
26240.794928,2.026563,-0.001661,-3.419713,-0.271748,0.540179,0.000766,0.000335,0.010815,-0.010940,0.066061,4.467926,0.784433,4.423552,0.734287,2,32.170262
26240.830569,2.016688,0.002937,-3.563817,-0.280116,0.544041,0.009691,-0.003156,0.068639,-0.013610,0.065965,4.447848,0.740041,4.396930,0.695950,2,32.215311
26240.836193,2.006025,0.007424,-3.673958,-0.287316,0.548054,-0.008066,0.003071,-0.049289,-0.014330,0.064646,4.423294,0.700774,4.369108,0.662717,2,32.259855
26240.854928,1.994606,0.011531,-3.751532,-0.289747,0.550079,-0.000524,0.000264,-0.000032,-0.012053,0.065350,4.392539,0.664766,4.336050,0.629769,2,32.304377
26240.874930,1.982664,0.014606,-3.808055,-0.289955,0.550226,-0.000088,-0.000059,-0.001995,-0.018697,0.066561,4.367020,0.627476,4.302724,0.602058,2,32.347847
26240.894927,1.970334,0.016777,-3.847023,-0.288244,0.551599,-0.000196,-0.000089,-0.002902,-0.017507,0.065048,4.331465,0.597289,4.267124,0.577336,2,32.390668
26240.929426,1.958173,0.018154,-3.868084,-0.285124,0.550654,0.007887,0.000075,-0.005951,-0.019254,0.066769,4.297674,0.569334,4.229517,0.555791,2,32.433698
26240.935036,1.946104,0.018614,-3.875809,-0.279960,0.550673,-0.008903,-0.000670,-0.003793,-0.024598,0.071046,4.265248,0.541858,4.190186,0.537583,2,32.473816
26240.954929,1.934108,0.018070,-3.876776,-0.271281,0.552177,-0.001048,-0.000386,-0.011523,-0.026417,0.071385,4.228646,0.520488,4.152604,0.523857,2,32.512551
26240.974931,1.923305,0.017387,-3.859289,-0.260696,0.554590,-0.001265,-0.000507,-0.014663,-0.025800,0.067825,4.189275,0.504782,4.117290,0.513952,2,32.552208
26240.994930,1.913637,0.016308,-3.824236,-0.246063,0.556261,-0.000993,-0.000559,-0.019920,-0.023192,0.065732,4.146599,0.493483,4.078053,0.506130,2,32.593371
26241.032115,1.906028,0.015282,-3.763800,-0.231896,0.558934,0.002710,0.001982,-0.095179,-0.019163,0.076245,4.112388,0.487445,4.034989,0.501226,2,32.631495
26241.037377,1.899875,0.014085,-3.676300,-0.213320,0.560797,-0.004565,-0.003646,0.057704,-0.015011,0.065228,4.063510,0.484774,3.998332,0.500003,2,32.671576
26241.054929,1.894619,0.010943,-3.573031,-0.204362,0.562578,-0.001923,-0.002881,-0.090011,-0.008266,0.073012,4.030431,0.487419,3.958360,0.501737,2,32.711883
26241.074932,1.891509,0.008118,-3.517068,-0.197064,0.563913,-0.001657,-0.001426,-0.060846,-0.007750,0.075232,3.991624,0.486775,3.918655,0.506661,2,32.747979
26241.094927,1.889548,0.007379,-3.400289,-0.200460,0.564284,0.000121,0.000222,0.008151,-0.006575,0.067923,3.947195,0.491627,3.882710,0.513952,2,32.787892
26241.130687,1.889155,0.005529,-3.266709,-0.214771,0.563187,0.001586,0.003849,0.025330,-0.007897,0.068971,3.907302,0.495893,3.844223,0.524886,2,32.828847
26241.136514,1.887833,0.000255,-3.218061,-0.232720,0.561250,-0.000524,-0.002010,0.015710,-0.007200,0.068973,3.867563,0.505562,3.806734,0.538862,2,32.867999
26241.154930,1.886277,-0.004314,-3.222538,-0.251497,0.558531,0.001326,0.001021,0.040788,-0.011506,0.066578,3.824350,0.515007,3.770483,0.555791,2,32.907875
26241.174958,1.883096,-0.009805,-3.307184,-0.268939,0.554916,0.000965,0.000555,0.019979,-0.014564,0.068188,3.785885,0.527157,3.735701,0.575564,2,32.947321
26241.194958,1.877794,-0.014001,-3.454750,-0.279880,0.551670,0.000742,0.000370,0.011402,-0.014018,0.067097,3.748212,0.546878,3.702611,0.598055,2,32.985846
26241.230616,1.871500,-0.015334,-3.601829,-0.286499,0.549319,0.006082,-0.001281,0.083137,-0.015309,0.071445,3.718128,0.562741,3.673947,0.620936,2,33.022137
26241.235961,1.864254,-0.014714,-3.726261,-0.290328,0.548374,-0.005088,0.001551,-0.063311,-0.021364,0.067241,3.679581,0.583259,3.647037,0.645858,2,33.057830
26241.254949,1.857060,-0.012889,-3.820380,-0.291555,0.548000,-0.000062,0.000252,0.001694,-0.024558,0.067022,3.647337,0.605943,3.622026,0.672684,2,33.094704
26241.274956,1.849443,-0.010902,-3.887570,-0.288963,0.548585,-0.000098,-0.000075,-0.003595,-0.024678,0.063671,3.617300,0.635470,3.599049,0.701272,2,33.132543
26241.294955,1.841660,-0.009089,-3.933101,-0.280782,0.547739,-0.000289,-0.000220,-0.008773,-0.028028,0.063794,3.588849,0.662602,3.578230,0.731467,2,33.170942
26241.332067,1.834431,-0.007237,-3.947647,-0.270673,0.549438,0.004674,-0.000509,-0.036241,-0.030949,0.065480,3.561395,0.693698,3.558109,0.766050,2,33.208670
26241.337687,1.828163,-0.005569,-3.930374,-0.257923,0.551544,-0.005732,-0.000420,0.015695,-0.033514,0.056955,3.534348,0.733451,3.542149,0.799072,2,33.249153
26241.354951,1.821186,-0.005160,-3.894834,-0.240273,0.550800,-0.000963,-0.001211,-0.043705,-0.030431,0.068938,3.521362,0.761222,3.527549,0.836323,2,33.286402
26241.374950,1.817904,-0.003963,-3.832863,-0.218206,0.554024,-0.001002,-0.001088,-0.043747,-0.028139,0.072309,3.506867,0.797567,3.515975,0.874622,2,33.320403
26241.394948,1.816507,-0.001371,-3.680036,-0.191692,0.556724,-0.002371,-0.004200,-0.122276,-0.024521,0.069476,3.497500,0.834340,3.508695,0.907161,2,33.357377
26241.432174,1.816200,-0.001632,-3.518077,-0.160968,0.560371,-0.005998,-0.000091,-0.371753,-0.019151,0.070262,3.492133,0.871449,3.503211,0.943426,2,33.394238
26241.438274,1.818796,0.002242,-3.242406,-0.128882,0.564006,0.003229,-0.005582,0.171114,-0.015922,0.063809,3.487044,0.915600,3.500400,0.979995,2,33.434038
26241.454950,1.824409,0.001440,-2.882357,-0.095046,0.564934,-0.002059,-0.005591,-0.209820,-0.011888,0.073487,3.488112,0.946513,3.500000,1.020000,2,33.473090
26241.474968,1.830020,0.005846,-2.539898,-0.063378,0.569202,-0.000332,-0.002157,-0.103688,-0.017635,0.071969,3.482365,0.988031,3.500000,1.060000,2,33.510891
26241.494953,1.839896,0.014019,-1.902021,-0.041486,0.568141,-0.000666,-0.001579,-0.073249,-0.008175,0.074529,3.491825,1.022138,3.500000,1.096667,2,33.549066
26241.530063,1.849492,0.014431,-1.342866,-0.019801,0.569124,-0.008096,0.003128,-0.297618,-0.010661,0.069402,3.489339,1.063932,3.500000,1.133333,2,33.587508
26241.535677,1.859869,0.013147,-0.876911,-0.003080,0.568366,0.007187,-0.005689,0.152130,-0.007224,0.069791,3.492776,1.103542,3.500000,1.173333,2,33.628779
26241.554960,1.870013,0.008788,-0.570173,0.012189,0.567402,0.000324,-0.002474,-0.102920,-0.005841,0.069970,3.494159,1.143363,3.500000,1.213333,2,33.668939
26241.574950,1.880275,0.010057,-0.277917,0.027267,0.565445,0.000410,-0.001074,-0.051390,-0.008056,0.066172,3.491944,1.187161,3.500000,1.253333,2,33.710639
26241.594947,1.890571,0.012662,0.052773,0.044175,0.561933,0.000477,-0.001152,-0.055557,-0.006483,0.065646,3.493517,1.231021,3.500000,1.296667,2,33.754878
26241.629989,1.900310,0.014284,0.353317,0.065055,0.558310,-0.005935,0.000634,-0.227620,-0.004505,0.068830,3.495495,1.271170,3.500000,1.340000,2,33.797794
26241.635416,1.909113,0.016592,0.658935,0.086848,0.555050,0.006766,-0.003815,0.099674,-0.001096,0.068478,3.498904,1.314856,3.500000,1.383333,2,33.840781
26241.654951,1.917758,0.015332,0.886760,0.112259,0.551853,0.001564,-0.003036,-0.133335,-0.004808,0.068069,3.495192,1.358598,3.500000,1.426667,2,33.884511
26241.674954,1.924586,0.020348,1.202408,0.136957,0.548022,0.001041,-0.001503,-0.067604,-0.003753,0.068178,3.496247,1.401822,3.500000,1.470000,2,33.927838
26241.694950,1.929328,0.025292,1.615739,0.160504,0.546429,0.001012,-0.001356,-0.059760,-0.006019,0.068901,3.495646,1.444330,3.499821,1.513367,2,33.971936
26241.731492,1.932551,0.027031,2.002162,0.181602,0.546660,0.000003,0.002565,-0.256056,-0.017114,0.065418,3.487189,1.489757,3.496775,1.556694,2,34.017921
26241.737596,1.934349,0.026843,2.348177,0.201450,0.547141,0.001939,-0.005222,0.169103,-0.024094,0.057155,3.477484,1.541976,3.489304,1.602866,2,34.068882
26241.754963,1.935988,0.022421,2.639989,0.219179,0.545674,0.002172,-0.002295,-0.085111,-0.027415,0.067696,3.470909,1.578508,3.476550,1.651327,2,34.116815
26241.774951,1.935925,0.020885,2.817987,0.233507,0.547806,0.001801,-0.001391,-0.055437,-0.030569,0.071195,3.459178,1.620787,3.459010,1.698267,2,34.160211
26241.794951,1.933966,0.019865,3.039473,0.241969,0.549126,0.000872,-0.000350,-0.011694,-0.031223,0.066298,3.444063,1.664181,3.440071,1.737355,2,34.206243
26241.830980,1.930442,0.018047,3.252801,0.245240,0.550183,0.004347,0.003391,-0.086702,-0.031426,0.063104,3.426215,1.704657,3.417812,1.774651,2,34.253240
26241.836392,1.926430,0.014403,3.409121,0.242635,0.551722,-0.003141,-0.003060,0.071696,-0.032550,0.066720,3.404994,1.742776,3.388222,1.815093,2,34.299948
26241.854949,1.922122,0.010083,3.510688,0.234804,0.553629,-0.000420,0.000057,0.017116,-0.032903,0.067348,3.380724,1.778862,3.357080,1.849991,2,34.345987
26241.874953,1.918256,0.005258,3.550255,0.222924,0.556034,-0.000213,0.000468,0.021275,-0.031597,0.065458,3.354502,1.813073,3.325359,1.879660,2,34.391223
26241.894954,1.915320,0.000617,3.527820,0.208132,0.558716,-0.000301,0.000626,0.028827,-0.031268,0.067088,3.325217,1.844158,3.288459,1.908401,2,34.436598
26241.931074,1.913574,-0.003317,3.449185,0.190646,0.561563,-0.000177,0.000012,0.140514,-0.032055,0.067911,3.291957,1.871948,3.249035,1.933569,2,34.482198
26241.937124,1.913328,-0.006381,3.316640,0.171201,0.564090,-0.000165,0.002569,-0.072940,-0.030987,0.059733,3.251607,1.900294,3.210467,1.953545,2,34.530371
26241.954948,1.913781,-0.005860,3.163465,0.146648,0.563478,-0.001415,0.004511,0.152378,-0.032219,0.071512,3.220999,1.918440,3.164012,1.972335,2,34.575834
26241.974952,1.915824,-0.006743,3.015810,0.123109,0.566323,-0.001013,0.002630,0.129407,-0.031103,0.071131,3.183754,1.937217,3.122402,1.984786,2,34.617005
26241.994948,1.920452,-0.011515,2.710384,0.100695,0.568617,0.000115,0.001260,0.066946,-0.029574,0.070692,3.144927,1.953094,3.079867,1.993580,2,34.660256
26242.027317,1.927385,-0.014956,2.296452,0.081301,0.570015,-0.004607,-0.002999,0.237071,-0.027041,0.068867,3.103424,1.966623,3.036730,1.998649,2,34.704247
26242.034949,1.935054,-0.014369,1.897651,0.067608,0.570573,0.004382,0.005905,-0.106762,-0.020138,0.069427,3.062760,1.979862,2.993333,2.000000,2,34.746931
26242.054949,1.942599,-0.008996,1.615969,0.061750,0.570886,0.000127,0.000422,0.024654,-0.010230,0.069968,3.019968,1.989770,2.950000,2.000000,2,34.790068
26242.074945,1.951223,-0.007321,1.343536,0.060284,0.568934,0.000244,0.000083,0.004714,-0.002200,0.070758,2.977425,1.997800,2.906667,2.000000,2,34.833681
26242.094946,1.959789,-0.003750,1.171321,0.061541,0.563788,0.000540,-0.000087,-0.003559,0.007015,0.068818,2.932152,2.007015,2.863333,2.000000,2,34.878074
26242.127571,1.968241,-0.000091,1.090004,0.064927,0.555088,-0.004031,-0.001076,-0.013280,0.013975,0.067929,2.887929,2.013975,2.820000,2.000000,2,34.923913
26242.134959,1.975979,0.002927,1.075303,0.070943,0.545088,0.005064,-0.000220,-0.013330,0.020150,0.069322,2.842656,2.020150,2.773333,2.000000,2,34.969093
26242.154949,1.983375,0.004303,1.085134,0.081481,0.535088,0.000999,-0.000968,-0.048639,0.024122,0.068137,2.798137,2.024122,2.730000,2.000000,2,35.014213
26242.174947,1.989547,0.007681,1.172477,0.094433,0.525088,0.000787,-0.000800,-0.039133,0.027335,0.069700,2.753034,2.027335,2.683333,2.000000,2,35.059110
26242.194951,1.994258,0.010933,1.331860,0.109387,0.515088,0.000753,-0.000877,-0.042814,0.029510,0.067671,2.707671,2.029510,2.640000,2.000000,2,35.104133
26242.228562,1.997544,0.013304,1.527646,0.128556,0.505088,0.000301,0.000420,-0.177072,0.030415,0.068305,2.661638,2.030415,2.593333,2.000000,2,35.149310
26242.234949,1.999336,0.015416,1.758181,0.149254,0.495088,0.001721,-0.003358,0.072683,0.029809,0.065524,2.615524,2.029809,2.550000,2.000000,2,35.194733
26242.254953,2.000576,0.014162,1.946446,0.171742,0.485458,0.001688,-0.001333,-0.064520,0.027288,0.065884,2.569217,2.027288,2.503333,2.000000,2,35.239865
26242.274951,1.998588,0.017707,2.233657,0.190771,0.476377,0.001333,-0.000869,-0.037567,0.018731,0.068193,2.522918,2.022692,2.456607,1.998113,2,35.285116
26242.294948,1.994425,0.018734,2.532311,0.206549,0.468603,0.001164,-0.000700,-0.028994,0.012136,0.066688,2.477126,2.015953,2.413542,1.992468,2,35.330426
26242.329830,1.988510,0.017398,2.794899,0.220492,0.462678,0.007437,0.002696,-0.145646,0.006375,0.068185,2.431981,2.006398,2.367902,1.982235,2,35.374666
26242.335448,1.981134,0.014840,3.015800,0.230805,0.457225,-0.005284,-0.003517,0.097477,0.002263,0.065797,2.387476,1.993898,2.326550,1.968951,2,35.419558
26242.354944,1.973077,0.010895,3.177024,0.237972,0.452192,0.000903,-0.000513,-0.013407,-0.000756,0.062993,2.343790,1.978342,2.286506,1.952129,2,35.465755
26242.374947,1.963434,0.008109,3.314523,0.241014,0.447658,0.000675,-0.000139,-0.003103,-0.003706,0.064028,2.302170,1.959642,2.245192,1.930201,2,35.511909
26242.394943,1.952760,0.005341,3.422217,0.239239,0.443797,0.000443,0.000042,0.003933,-0.005758,0.065803,2.262728,1.938528,2.206107,1.904508,2,35.556975
26242.428906,1.941827,0.002489,3.489204,0.231313,0.441169,0.007650,0.001243,0.015576,-0.008813,0.067763,2.226279,1.913440,2.169595,1.875276,2,35.601401
26242.434941,1.931185,-0.000356,3.509333,0.217132,0.439400,-0.007516,-0.000080,0.012103,-0.011210,0.066224,2.192101,1.885357,2.138273,1.845186,2,35.645606
26242.454953,1.920834,-0.001919,3.502646,0.196149,0.439023,-0.000833,0.001375,0.062790,-0.012838,0.063300,2.159264,1.853882,2.109680,1.812491,2,35.691017
26242.474953,1.912569,-0.005496,3.407427,0.168851,0.438742,-0.000479,0.001335,0.064125,-0.016397,0.065019,2.131605,1.819976,2.082188,1.774651,2,35.737113
26242.494951,1.907022,-0.009872,3.191162,0.136330,0.438423,-0.000284,0.001738,0.087696,-0.020212,0.066856,2.107548,1.783986,2.058352,1.734408,2,35.782040
26242.530997,1.904098,-0.013792,2.862436,0.099382,0.438049,0.000503,-0.003434,0.403491,-0.023625,0.065067,2.086827,1.745876,2.039675,1.695195,2,35.827505
26242.536434,1.903622,-0.017213,2.417150,0.059858,0.437015,0.000033,0.008767,-0.158562,-0.026466,0.066722,2.068868,1.706910,2.023450,1.651327,2,35.872888
26242.554952,1.904047,-0.013041,2.033014,0.019858,0.436767,0.000004,0.004274,0.165619,-0.028206,0.066379,2.054161,1.667997,2.012115,1.609398,2,35.917004
26242.574952,1.905917,-0.021304,1.397932,-0.020142,0.433985,0.000726,0.002764,0.136572,-0.028714,0.067781,2.041095,1.626927,2.004027,1.563330,2,35.960564
26242.594953,1.908191,-0.027194,0.645461,-0.055667,0.430992,0.000963,0.002266,0.111691,-0.027345,0.068264,2.030462,1.587160,2.000402,1.520047,2,36.002766
26242.630416,1.909891,-0.029272,-0.059659,-0.089508,0.430029,0.000668,-0.002769,0.426828,-0.015982,0.066868,2.018248,1.546126,1.999598,1.479953,2,36.043908
26242.635735,1.910486,-0.030050,-0.679621,-0.117737,0.429968,0.000973,0.006430,-0.229455,-0.000633,0.070689,2.005554,1.506709,1.995973,1.436670,2,36.085595
26242.654954,1.910900,-0.025940,-1.110398,-0.143361,0.430832,0.002050,0.005616,0.167559,0.007192,0.070179,1.996704,1.467292,1.989304,1.397134,2,36.126997
26242.674955,1.909879,-0.025969,-1.497265,-0.168838,0.433933,0.001818,0.003206,0.138818,0.016223,0.071328,1.983682,1.428025,1.978531,1.355058,2,36.168895
26242.694955,1.906980,-0.028890,-1.895431,-0.190184,0.437756,0.000700,0.001035,0.044486,0.020338,0.069362,1.971811,1.389177,1.965379,1.317181,2,36.211258
26242.730569,1.901882,-0.031454,-2.329235,-0.207042,0.442460,0.005224,-0.002721,0.224134,0.023025,0.069901,1.958246,1.350327,1.947757,1.277483,2,36.252975
26242.736131,1.896082,-0.030502,-2.678138,-0.220454,0.447142,-0.003942,0.003829,-0.144891,0.024499,0.067006,1.942025,1.312370,1.928488,1.242322,2,36.294959
26242.754966,1.890127,-0.026690,-2.919893,-0.231316,0.451783,0.000316,0.001062,0.024804,0.026295,0.066834,1.922520,1.275633,1.904508,1.206107,2,36.336923
26242.774952,1.883161,-0.024358,-3.120416,-0.238704,0.456144,0.000299,0.000288,0.011336,0.026362,0.067476,1.901824,1.240340,1.877477,1.172111,2,36.379025
26242.794953,1.875403,-0.022196,-3.292244,-0.242442,0.460499,0.000227,0.000144,0.005459,0.025529,0.065043,1.878572,1.206681,1.849991,1.142920,2,36.420861
26242.829161,1.867563,-0.019507,-3.416501,-0.242303,0.465065,0.005474,-0.001728,0.033975,0.023723,0.067692,1.854881,1.175221,1.817681,1.113893,2,36.461555
26242.834960,1.859746,-0.016706,-3.495778,-0.239416,0.470293,-0.005576,0.001447,-0.031511,0.022937,0.064634,1.825657,1.145437,1.785723,1.089680,2,36.502366
26242.854951,1.852092,-0.014360,-3.539859,-0.234350,0.475296,-0.000386,-0.000270,-0.011487,0.019088,0.062845,1.796595,1.116258,1.751927,1.068106,2,36.543878
26242.874951,1.845285,-0.012100,-3.544601,-0.227418,0.480860,-0.000182,-0.000249,-0.011437,0.016536,0.063986,1.764293,1.090145,1.713494,1.047871,2,36.584925
26242.894952,1.839637,-0.010266,-3.513286,-0.217643,0.486128,-0.000221,-0.000374,-0.017286,0.013542,0.061919,1.729728,1.066755,1.676581,1.032219,2,36.626178
26242.929972,1.835159,-0.008897,-3.450886,-0.204668,0.490580,0.001808,0.000282,-0.095308,0.008842,0.061509,1.695183,1.045113,1.638532,1.019574,2,36.666398
26242.935932,1.831955,-0.007778,-3.355512,-0.189415,0.495614,-0.002256,-0.001934,0.035829,0.004349,0.064769,1.659033,1.026109,1.596316,1.009364,2,36.706233
26242.954953,1.829417,-0.008402,-3.261826,-0.171885,0.500649,-0.000834,-0.001339,-0.051734,-0.000539,0.061204,1.620839,1.010425,1.560013,1.003615,2,36.746862
26242.974952,1.829327,-0.005839,-3.085354,-0.153371,0.505267,-0.000312,-0.001085,-0.050762,-0.006017,0.064431,1.581303,0.996418,1.516707,1.000279,2,36.786945
26242.994948,1.831324,-0.003496,-2.847007,-0.135014,0.508965,-0.000331,-0.001445,-0.062419,-0.015026,0.064013,1.540679,0.984974,1.476667,1.000000,2,36.828133
26243.030604,1.834611,-0.002524,-2.591052,-0.117527,0.512295,-0.003786,0.001756,-0.211534,-0.024753,0.066575,1.503242,0.975247,1.436667,1.000000,2,36.869107
26243.036197,1.839057,-0.001611,-2.310396,-0.102828,0.516498,0.002793,-0.003853,0.103856,-0.031832,0.063098,1.459765,0.968168,1.396667,1.000000,2,36.910555
26243.054947,1.843502,-0.004055,-2.098954,-0.093607,0.520696,-0.000441,-0.001213,-0.039697,-0.037884,0.066437,1.419771,0.962116,1.353333,1.000000,2,36.952556
26243.074951,1.849027,-0.003116,-1.864846,-0.090859,0.525587,-0.000112,-0.000175,-0.008547,-0.045504,0.063805,1.377138,0.954496,1.313333,1.000000,2,36.994257
26243.094951,1.855449,-0.004065,-1.674658,-0.093795,0.530251,0.000110,0.000216,0.009373,-0.049179,0.062824,1.332824,0.950821,1.270000,1.000000,2,37.038224
26243.129029,1.862035,-0.006991,-1.581755,-0.099302,0.533339,-0.004359,0.001284,0.026196,-0.050890,0.064321,1.290988,0.949110,1.226667,1.000000,2,37.081656
26243.134945,1.868432,-0.010242,-1.573232,-0.106466,0.536158,0.004675,-0.000000,0.003576,-0.052057,0.062996,1.246329,0.947943,1.183333,1.000000,2,37.124587
26243.154950,1.874867,-0.011742,-1.593648,-0.117363,0.538400,0.000383,0.001058,0.049246,-0.052370,0.063949,1.203949,0.947630,1.140000,1.000000,2,37.168176
26243.174955,1.880664,-0.015071,-1.687946,-0.130044,0.540745,0.000379,0.000798,0.035996,-0.051576,0.064529,1.161195,0.948424,1.096667,1.000000,2,37.210808
26243.194952,1.885806,-0.018129,-1.845648,-0.143768,0.542785,0.000391,0.000836,0.037410,-0.049769,0.062609,1.115942,0.950231,1.053333,1.000000,2,37.254220
26243.229399,1.890210,-0.020133,-2.026392,-0.161251,0.544801,-0.001760,-0.000315,0.161788,-0.047144,0.060268,1.070268,0.952856,1.010000,1.000000,2,37.298240
26243.235520,1.893639,-0.021846,-2.229780,-0.181786,0.546803,0.002768,0.002802,-0.069215,-0.042093,0.059243,1.022903,0.955160,0.966604,1.001117,2,37.342138
26243.254953,1.896749,-0.020861,-2.396425,-0.206854,0.548295,0.001449,0.001613,0.063736,-0.036588,0.061322,0.978430,0.960350,0.923434,1.005897,2,37.384776
26243.274953,1.897397,-0.024143,-2.647794,-0.227727,0.549748,0.001118,0.000896,0.035448,-0.032937,0.061303,0.932529,0.967809,0.880841,1.014406,2,37.427169
26243.294950,1.896198,-0.025810,-2.929650,-0.244414,0.551582,0.000888,0.000604,0.023494,-0.028217,0.066561,0.893094,0.978450,0.839148,1.026580,2,37.468471
26243.330141,1.893623,-0.025033,-3.182780,-0.252646,0.553058,0.003639,-0.002961,0.120727,-0.028628,0.062022,0.847318,0.990115,0.801733,1.040990,2,37.509661
26243.335649,1.890257,-0.022229,-3.384014,-0.261360,0.556487,-0.002167,0.003507,-0.087024,-0.033141,0.056052,0.799566,1.002801,0.765592,1.058352,2,37.553421
26243.354954,1.886799,-0.018045,-3.523211,-0.268612,0.559924,0.000279,0.000455,0.009893,-0.028106,0.065449,0.764600,1.022751,0.725349,1.082188,2,37.594908
26243.374955,1.881914,-0.014907,-3.637335,-0.269525,0.563590,0.000377,0.000101,0.000725,-0.031935,0.062134,0.722150,1.042163,0.692755,1.105538,2,37.635273
26243.394938,1.876956,-0.011772,-3.723528,-0.268944,0.568124,0.000021,-0.000000,-0.001280,-0.031631,0.064210,0.688095,1.064719,0.662136,1.131424,2,37.675717
26243.430661,1.871833,-0.008766,-3.776610,-0.263540,0.572859,0.003556,-0.001555,-0.004281,-0.032679,0.062454,0.652258,1.091683,0.633691,1.159680,2,37.715584
26243.436336,1.867270,-0.005975,-3.797981,-0.256523,0.577882,-0.003236,0.000999,-0.005981,-0.037269,0.060045,0.615565,1.119905,0.607600,1.190125,2,37.756684
26243.454955,1.863024,-0.004029,-3.799166,-0.248968,0.582574,-0.000552,-0.000262,-0.012835,-0.040900,0.060935,0.581482,1.151964,0.582188,1.225349,2,37.797953
26243.474979,1.859952,-0.002037,-3.767595,-0.240487,0.586503,-0.000185,-0.000309,-0.014548,-0.043796,0.060311,0.552103,1.185772,0.561525,1.259709,2,37.838919
26243.494921,1.858001,-0.000681,-3.710413,-0.227619,0.588543,-0.000139,-0.000450,-0.021914,-0.055180,0.060586,0.518088,1.217765,0.543682,1.295614,2,37.879032
26243.530932,1.857402,0.000336,-3.626945,-0.213948,0.590720,-0.000957,0.000856,-0.107363,-0.054624,0.062798,0.498287,1.255387,0.528772,1.332834,2,37.917757
26243.541237,1.857966,0.001026,-3.513995,-0.195175,0.592110,0.000218,-0.003900,0.027880,-0.051096,0.050371,0.480506,1.309290,0.516893,1.371129,2,37.962379
26243.554951,1.859641,-0.001110,-3.378499,-0.162962,0.586112,-0.001519,-0.004000,-0.125345,-0.048504,0.070258,0.471907,1.335955,0.507532,1.413542,2,38.002501
26243.574951,1.861913,0.000663,-3.267346,-0.134411,0.587662,-0.000765,-0.001868,-0.086079,-0.038742,0.069150,0.470077,1.380811,0.502188,1.453279,2,38.038219
26243.594954,1.868623,0.008558,-2.879339,-0.106564,0.583346,0.000153,-0.001892,-0.092891,-0.037139,0.062339,0.464219,1.426903,0.500101,1.489974,2,38.082217
26243.628016,1.877151,0.012065,-2.444821,-0.077712,0.577854,-0.005616,0.002644,-0.320652,-0.037070,0.059643,0.462930,1.473690,0.500000,1.533333,2,38.128316
26243.634920,1.886516,0.013775,-1.967630,-0.050686,0.572532,0.005693,-0.007859,0.121057,-0.039242,0.057099,0.460758,1.522901,0.500000,1.580000,2,38.176114
26243.654951,1.895594,0.009007,-1.611408,-0.028868,0.567501,-0.000187,-0.001574,-0.085759,-0.035134,0.057899,0.464866,1.568768,0.500000,1.626667,2,38.223923
26243.674952,1.905207,0.013430,-1.120337,-0.013328,0.563966,0.000012,-0.001032,-0.051873,-0.035140,0.062664,0.464860,1.614003,0.500000,1.676667,2,38.270390
26243.694953,1.914792,0.013433,-0.699798,-0.004877,0.562446,0.000229,-0.000501,-0.026227,-0.033081,0.060630,0.466919,1.662703,0.500000,1.723333,2,38.318117
26243.729614,1.924487,0.011099,-0.391857,0.000418,0.560330,-0.006441,0.002137,-0.106235,-0.027012,0.059050,0.472988,1.710950,0.500000,1.770000,2,38.367237
26243.735171,1.934082,0.008111,-0.193556,0.005520,0.558218,0.006931,-0.002752,0.060238,-0.030677,0.062077,0.469323,1.757923,0.500000,1.820000,2,38.415967
26243.754950,1.943538,0.005236,-0.078405,0.007025,0.556433,0.000536,-0.000499,-0.022909,-0.026560,0.060831,0.473440,1.805836,0.500000,1.866667,2,38.463995
26243.774951,1.952808,0.004154,0.004714,0.008673,0.554800,0.000325,-0.000122,-0.006051,-0.025352,0.064446,0.474648,1.852221,0.500000,1.916667,2,38.511515
26243.794921,1.961741,0.003585,0.075763,0.009049,0.553307,0.000424,-0.000098,-0.002994,-0.026507,0.063353,0.473493,1.899980,0.500000,1.963333,2,38.559259
26243.856023,1.970554,0.002643,0.116682,0.006407,0.552205,-0.009514,0.000227,0.009517,-0.023367,0.027638,0.476633,1.982362,0.500000,2.010000,2,38.622479
26243.865278,1.985804,0.000705,0.122003,0.002284,0.544929,0.011382,0.000597,0.012649,-0.026228,0.004378,0.473772,2.068955,0.500000,2.073333,2,38.705111
26243.885323,2.000719,0.000356,0.113722,-0.012883,0.537379,0.000605,0.001085,0.056584,-0.024419,0.039186,0.475581,2.117481,0.500000,2.156667,2,38.775331
26243.929843,2.008213,-0.003656,0.007771,-0.027891,0.534185,-0.007080,0.001999,0.272315,-0.023403,0.060800,0.476597,2.165867,0.500000,2.226667,2,38.826791
26243.935888,2.015322,-0.004929,-0.114428,-0.046459,0.530634,0.008414,0.005873,0.044459,-0.023317,0.041321,0.476683,2.238679,0.500000,2.280000,2,38.886551
26243.945292,2.025386,-0.003136,-0.189048,-0.080032,0.523613,0.001749,0.004778,0.121025,-0.022739,0.076938,0.477261,2.263062,0.500000,2.340000,2,38.937022
26243.965323,2.028622,-0.009246,-0.354405,-0.110513,0.520073,0.001218,0.001353,0.070906,-0.023380,0.077232,0.476620,2.312768,0.500000,2.390000,2,38.975833
26243.985346,2.031257,-0.024186,-0.972287,-0.132335,0.513878,0.002349,0.004399,0.135209,-0.019383,0.063574,0.480617,2.363093,0.500000,2.426667,2,39.023731
26244.026394,2.033970,-0.023571,-1.423720,-0.153331,0.509957,0.004844,0.002199,0.573842,-0.018142,0.064108,0.481858,2.412559,0.500000,2.476667,2,39.073162
26244.032351,2.036888,-0.017242,-1.669175,-0.183926,0.507642,0.005279,0.011390,0.043772,-0.011197,0.051002,0.486808,2.476393,0.500715,2.526724,2,39.128226
26244.045293,2.040764,-0.010021,-1.804457,-0.223388,0.499249,0.003747,0.004784,0.112736,-0.005487,0.069252,0.489941,2.512381,0.506420,2.579867,2,39.178386
26244.065323,2.038746,-0.016583,-2.090563,-0.245843,0.492532,0.003195,0.001751,0.075573,-0.003588,0.070939,0.495143,2.561254,0.516893,2.628871,2,39.220986
26244.085320,2.031374,-0.023327,-2.582968,-0.256148,0.486366,0.001107,0.000293,0.009353,-0.009492,0.065528,0.498655,2.611935,0.529900,2.670312,2,39.267436
26244.130647,2.021371,-0.022329,-3.020015,-0.264967,0.486008,0.018041,-0.011297,0.301902,-0.000768,0.071472,0.516659,2.649193,0.547871,2.713494,2,39.312008
26244.136734,2.012856,-0.017705,-3.278140,-0.268091,0.487158,-0.014348,0.010407,-0.234026,-0.003570,0.031575,0.549113,2.726452,0.568106,2.751927,2,39.370625
26244.145331,1.994887,-0.005234,-3.593991,-0.264171,0.480428,0.000431,-0.000296,0.001174,0.001512,0.076003,0.556774,2.740452,0.601466,2.801944,2,39.420507
26244.165322,1.989989,-0.002247,-3.640359,-0.262609,0.485122,-0.002464,0.001100,-0.013710,0.002852,0.070438,0.587837,2.786775,0.633691,2.840320,2,39.457405
26244.185296,1.975304,0.005608,-3.723872,-0.256445,0.484862,-0.000288,-0.000438,-0.015685,-0.006636,0.062343,0.609490,2.828738,0.659680,2.866309,2,39.504614
26244.227147,1.963037,0.010101,-3.751143,-0.248707,0.487757,0.011232,-0.001873,-0.069153,-0.002521,0.058005,0.647864,2.863170,0.695398,2.896507,2,39.551649
26244.232506,1.950749,0.012595,-3.757728,-0.238549,0.488036,-0.014257,-0.000493,-0.010767,-0.011821,0.036354,0.696715,2.913885,0.733782,2.923235,2,39.608343
26244.245326,1.933784,0.013312,-3.749951,-0.228299,0.484659,-0.000209,-0.000959,-0.026804,-0.008970,0.071440,0.715210,2.927842,0.783488,2.950691,2,39.653805
26244.265321,1.927756,0.014396,-3.706417,-0.217386,0.489784,-0.001589,-0.002372,-0.070611,-0.010663,0.070106,0.757098,2.954632,0.826550,2.968951,2,39.689073
26244.285321,1.918453,0.013823,-3.638570,-0.209313,0.494220,-0.001028,-0.000955,-0.042715,-0.021484,0.063229,0.791534,2.982167,0.858259,2.979489,2,39.730407
26244.327270,1.910989,0.013777,-3.526079,-0.202252,0.500247,0.004801,0.003799,-0.147836,-0.028279,0.065203,0.830877,3.004706,0.900407,2.989981,2,39.769413
26244.333304,1.905024,0.011762,-3.398952,-0.198480,0.506604,-0.006433,-0.005698,0.068752,-0.045228,0.040181,0.891084,3.035747,0.936670,2.995973,2,39.818785
26244.345330,1.897296,0.005600,-3.284498,-0.192263,0.506312,-0.000504,-0.000874,-0.022463,0.057370,0.056421,0.912494,3.043461,0.979953,2.999598,3,39.865439
26244.365293,1.894935,0.003937,-3.228373,-0.182608,0.513865,-0.000552,-0.000649,-0.029978,-0.057712,0.067621,0.955712,3.057712,1.023333,3.000000,3,39.903830
