t,vx,vy,omega,delta,T,eps_vx,eps_vy,eps_omega,eC,eL,pos_x,pos_y,ref_x,ref_y,lap,theta
24496.890357,0.400000,0.020000,0.000000,-0.003889,0.510000,-0.033136,0.020596,0.015363,-0.008666,0.022542,1.490791,3.008666,1.513333,3.000000,0,0.530758
24496.923494,0.400000,0.020000,0.000000,-0.007201,0.520000,-0.118125,0.051751,1.480035,-0.017811,0.031857,1.498143,3.017811,1.530000,3.000000,0,0.533916
24496.928713,0.316684,0.050588,1.449178,-0.023549,0.530000,-0.056961,-0.035202,-1.043861,-0.014352,0.033186,1.500147,3.014352,1.533333,3.000000,0,0.535071
24496.961250,0.265325,-0.000412,-0.010845,-0.031011,0.540000,-0.070151,0.003364,0.089435,-0.012855,0.032630,1.500703,3.012855,1.533333,3.000000,0,0.535071
24496.968723,0.232195,-0.000417,-0.011611,-0.036188,0.550000,-0.026620,0.002799,0.069879,-0.011927,0.032275,1.501058,3.011927,1.533333,3.000000,0,0.535071
24496.988722,0.214286,-0.000308,-0.007855,-0.040050,0.560000,-0.012477,0.000482,0.015681,-0.011084,0.028940,1.504393,3.011084,1.533333,3.000000,0,0.535616
24497.008728,0.225901,-0.003385,-0.086606,-0.042991,0.570000,0.004962,-0.000044,-0.000815,-0.010382,0.023782,1.509552,3.010382,1.533333,3.000000,0,0.539353
24497.028731,0.255647,-0.004420,-0.116985,-0.044925,0.580000,-0.004703,0.000293,0.007815,-0.010365,0.021643,1.515024,3.010365,1.536667,3.000000,0,0.545437
24497.063792,0.276238,-0.004810,-0.128157,-0.046603,0.590000,-0.013871,0.000658,0.017636,-0.011134,0.021088,1.522245,3.011134,1.543333,3.000000,0,0.552609
24497.070354,0.307548,-0.005358,-0.143571,-0.047980,0.600000,0.014403,0.000239,0.004700,-0.011325,0.020672,1.529328,3.011325,1.550000,3.000000,0,0.561788
24497.088725,0.330568,-0.005704,-0.153114,-0.049113,0.610000,-0.007146,0.000184,0.005647,-0.010941,0.024548,1.535452,3.010941,1.560000,3.000000,0,0.570412
24497.108725,0.348000,-0.006738,-0.180247,-0.049844,0.620000,-0.001324,0.000039,0.001249,-0.011348,0.025911,1.544089,3.011348,1.570000,3.000000,0,0.579416
24497.128722,0.373991,-0.007378,-0.198989,-0.050392,0.630000,0.004183,-0.000064,-0.001776,-0.011712,0.022497,1.554169,3.011712,1.576667,3.000000,0,0.590691
24497.163584,0.405976,-0.008045,-0.218269,-0.050544,0.640000,-0.024980,0.000445,0.013411,-0.011218,0.027628,1.562372,3.011218,1.590000,3.000000,0,0.601428
24497.169334,0.430160,-0.008508,-0.231977,-0.050085,0.650000,0.023872,-0.000467,-0.013785,-0.011420,0.027186,1.572814,3.011420,1.600000,3.000000,0,0.612445
24497.188723,0.462313,-0.009076,-0.249146,-0.049032,0.660000,0.003932,-0.000317,-0.008630,-0.011687,0.025262,1.584738,3.011687,1.610000,3.000000,0,0.625494
24497.208723,0.494549,-0.009603,-0.265396,-0.047597,0.670000,0.001241,-0.000569,-0.015231,-0.011788,0.026174,1.597159,3.011788,1.623333,3.000000,0,0.639583
24497.228725,0.525424,-0.010125,-0.281887,-0.045780,0.680000,0.004603,-0.000250,-0.008884,-0.011805,0.025458,1.611209,3.011805,1.636667,3.000000,0,0.655118
24497.264862,0.560114,-0.009934,-0.281929,-0.043533,0.690000,-0.024081,0.000120,0.003372,-0.011364,0.028752,1.624582,3.011364,1.653333,3.000000,0,0.670963
24497.270997,0.590933,-0.009792,-0.279439,-0.041002,0.700000,0.031521,-0.000605,-0.016703,-0.012064,0.028132,1.641868,3.012064,1.670000,3.000000,0,0.688116
24497.288718,0.631956,-0.010122,-0.290305,-0.038109,0.710000,0.001423,-0.000274,-0.009124,-0.012393,0.031401,1.655266,3.012393,1.686667,3.000000,0,0.705493
24497.308724,0.661079,-0.009597,-0.281680,-0.035370,0.720000,0.006979,-0.000660,-0.018360,-0.010928,0.030298,1.673035,3.010928,1.703333,3.000000,0,0.723334
24497.328711,0.699716,-0.009588,-0.282098,-0.031621,0.729556,0.000943,-0.001437,-0.038092,-0.011663,0.031735,1.691598,3.011663,1.723333,3.000000,0,0.744119
24497.363271,0.732614,-0.009817,-0.290788,-0.028916,0.738675,-0.020617,-0.000829,-0.029916,-0.011210,0.034129,1.709204,3.011210,1.743333,3.000000,0,0.764798
24497.369341,0.767632,-0.008743,-0.272032,-0.025784,0.747412,0.024271,-0.000119,0.001834,-0.011321,0.035900,1.727433,3.011321,1.763333,3.000000,0,0.784887
24497.388728,0.801820,-0.008073,-0.250265,-0.022988,0.755967,0.008499,-0.000426,-0.015653,-0.010878,0.035144,1.748189,3.010878,1.783333,3.000000,0,0.806690
24497.408719,0.842122,-0.007146,-0.229969,-0.019355,0.762162,0.004782,-0.000894,-0.024435,-0.011471,0.037121,1.769546,3.011471,1.806667,3.000000,0,0.830144
24497.428725,0.879747,-0.006727,-0.215798,-0.016260,0.767734,0.005064,-0.001666,-0.045123,-0.011251,0.038246,1.791754,3.011251,1.830000,3.000000,0,0.854282
24497.463247,0.917711,-0.006763,-0.217579,-0.012966,0.772327,-0.020134,-0.000938,-0.038331,-0.010337,0.040099,1.813234,3.010337,1.853333,3.000000,0,0.878361
24497.469193,0.954099,-0.004982,-0.179378,-0.009331,0.777481,0.027595,-0.000042,0.007951,-0.009715,0.039812,1.836855,3.009715,1.876667,3.000000,0,0.902955
24497.488724,0.991491,-0.004122,-0.147221,-0.006078,0.782040,0.005200,-0.001582,-0.042359,-0.008887,0.038982,1.861018,3.008887,1.900000,3.000000,0,0.929566
24497.508727,1.028709,-0.003840,-0.134929,-0.002636,0.786193,0.004187,-0.002350,-0.063181,-0.009683,0.040634,1.886032,3.009683,1.926667,3.000000,0,0.956594
24497.528725,1.065590,-0.003663,-0.129212,0.000416,0.789946,0.001865,-0.003461,-0.093822,-0.009567,0.043218,1.910116,3.009567,1.953333,3.000000,0,0.983265
24497.563346,1.100020,-0.003947,-0.138070,0.003634,0.794571,-0.019506,-0.001799,-0.080120,-0.008142,0.043250,1.936750,3.008142,1.980000,3.000000,0,1.011270
24497.569337,1.136586,-0.000843,-0.070061,0.006664,0.798876,0.025475,0.000466,0.034026,-0.003841,0.047233,1.962767,3.003841,2.010000,3.000000,0,1.039889
24497.588717,1.171794,0.000869,0.001024,0.010180,0.803449,0.005573,-0.000503,-0.018124,-0.002768,0.045215,1.991452,3.002768,2.036667,3.000000,0,1.069434
24497.608718,1.208681,0.002349,0.056441,0.012872,0.807158,0.004726,-0.000277,-0.009742,-0.001386,0.045523,2.021143,3.001386,2.066667,3.000000,0,1.101050
24497.628717,1.245562,0.003548,0.109237,0.014519,0.810171,0.002432,-0.000121,-0.004474,-0.001173,0.050665,2.049335,3.001173,2.100000,3.000000,0,1.132456
24497.664199,1.279949,0.004302,0.149647,0.015800,0.813827,-0.020703,-0.000325,-0.020759,-0.001175,0.050483,2.079517,3.001175,2.130000,3.000000,0,1.163212
24497.670171,1.315461,0.004528,0.174090,0.015358,0.817290,0.025986,-0.000177,0.004504,0.000044,0.048172,2.111828,2.999956,2.160000,3.000000,0,1.196225
24497.688733,1.350931,0.004439,0.184822,0.016014,0.819760,0.006386,-0.000103,-0.002488,0.000951,0.048934,2.144399,2.999049,2.193333,3.000000,0,1.231390
24497.708723,1.386470,0.004655,0.198762,0.015770,0.821782,0.003747,0.000050,0.002048,0.003413,0.052401,2.177599,2.996587,2.230000,3.000000,0,1.266477
24497.728724,1.421329,0.004704,0.210746,0.016135,0.823618,0.003735,-0.000018,0.000065,0.004329,0.051961,2.211372,2.995671,2.263333,3.000000,0,1.302104
24497.764171,1.455902,0.004647,0.218936,0.015682,0.825256,-0.021909,0.000205,0.001260,0.004176,0.056739,2.243261,2.995824,2.300000,3.000000,0,1.337240
24497.769964,1.487868,0.004532,0.224241,0.014959,0.827774,0.024260,0.000071,0.006755,0.004063,0.059322,2.277345,2.995937,2.336667,3.000000,0,1.371993
24497.788740,1.520945,0.004425,0.229143,0.012928,0.830391,0.005348,0.000521,0.016271,0.003895,0.056571,2.313429,2.996105,2.370000,3.000000,0,1.409254
24497.808727,1.554544,0.003976,0.224939,0.010257,0.832388,0.004090,0.000345,0.015614,0.005676,0.056041,2.350626,2.994324,2.406667,3.000000,0,1.447813
24497.828722,1.588413,0.002867,0.201777,0.007392,0.833175,0.003276,0.000217,0.009924,0.004896,0.059216,2.387451,2.995104,2.446667,3.000000,0,1.486436
24497.862144,1.621110,0.001710,0.162974,0.003655,0.834236,-0.016692,0.001080,0.050812,0.004595,0.059101,2.424232,2.995405,2.483333,3.000000,0,1.525987
24497.868718,1.652799,0.001342,0.135197,-0.000313,0.835380,0.022141,0.001147,0.017624,0.004108,0.061095,2.462238,2.995892,2.523333,3.000000,0,1.565858
24497.888731,1.684426,0.001381,0.123264,-0.005264,0.836399,0.003502,0.000475,0.023296,0.004789,0.060948,2.502386,2.995211,2.563333,3.000000,0,1.606718
24497.908719,1.716312,-0.001529,0.040134,-0.008021,0.835978,0.001772,0.000202,0.009114,0.004495,0.066768,2.539899,2.995505,2.606667,3.000000,0,1.647187
24497.928717,1.745983,-0.002790,-0.039781,-0.011268,0.836668,0.003012,0.000235,0.010586,0.002333,0.065966,2.580701,2.997667,2.646667,3.000000,0,1.687637
24497.973309,1.776542,-0.003339,-0.104595,-0.015179,0.836155,-0.024309,-0.000413,0.045250,-0.000184,0.056762,2.629905,3.000184,2.686667,3.000000,0,1.734000
24497.979535,1.812135,-0.003947,-0.177989,-0.017402,0.829361,0.032784,0.000879,-0.026805,-0.005384,0.044021,2.689313,3.005384,2.733333,3.000000,0,1.789489
24497.988729,1.853113,-0.003341,-0.226541,-0.020564,0.819361,-0.001223,0.000652,0.017646,-0.006111,0.082532,2.704134,3.006111,2.786667,3.000000,0,1.829941
24498.008725,1.863433,-0.003399,-0.240069,-0.024400,0.818246,0.000083,0.000226,0.011449,-0.007800,0.085017,2.741650,3.007800,2.826667,3.000000,0,1.859259
24498.028746,1.888269,-0.004854,-0.312445,-0.025242,0.816129,-0.005736,0.000021,0.003641,-0.014034,0.088974,2.767692,3.014034,2.856667,3.000000,0,1.892309
24498.061275,1.906857,-0.004873,-0.367183,-0.028877,0.814842,-0.007290,0.000570,0.051905,-0.015516,0.066086,2.823914,3.015516,2.890000,3.000000,0,1.933392
24498.068721,1.938287,-0.004117,-0.400643,-0.030609,0.808894,0.020579,0.001391,0.009287,-0.016688,0.056128,2.877205,3.016688,2.933333,3.000000,0,1.988183
24498.088720,1.967492,-0.003258,-0.417803,-0.030693,0.801568,0.004302,0.000102,0.002827,-0.017223,0.059074,2.927593,3.017223,2.986667,3.000000,0,2.041825
24498.108715,1.994016,-0.003949,-0.468646,-0.027883,0.794589,0.003262,-0.000654,-0.022498,-0.019037,0.063275,2.976725,3.019037,3.040000,3.000000,0,2.092974
24498.128720,2.018779,-0.003369,-0.500358,-0.025321,0.786901,0.002801,-0.000334,-0.019866,-0.021767,0.065845,3.024155,3.021767,3.090000,3.000000,0,2.143304
24498.164125,2.042325,-0.001546,-0.493966,-0.021726,0.779467,-0.011782,-0.000987,-0.052403,-0.022798,0.065547,3.074453,3.022798,3.140000,3.000000,0,2.194146
24498.169759,2.065713,-0.000279,-0.467087,-0.017256,0.769910,0.017043,-0.000900,-0.015031,-0.023402,0.069912,3.123421,3.023402,3.193333,3.000000,0,2.244617
24498.188724,2.088181,-0.000083,-0.455604,-0.011291,0.760362,0.003922,-0.000478,-0.029671,-0.024187,0.069886,3.173448,3.024187,3.243333,3.000000,0,2.294924
24498.208722,2.109462,0.003088,-0.367813,-0.006657,0.752307,0.002999,-0.000253,-0.016739,-0.025865,0.069081,3.224252,3.025865,3.293333,3.000000,0,2.346864
24498.228721,2.129979,0.004628,-0.260627,-0.003270,0.743900,0.002447,-0.000185,-0.012251,-0.027056,0.072570,3.274097,3.027056,3.346667,3.000000,0,2.398506
24498.263123,2.149162,0.004669,-0.169253,-0.002057,0.736099,-0.008599,0.000734,-0.037461,-0.027270,0.072018,3.324649,3.027270,3.396667,3.000000,0,2.449668
24498.268787,2.167945,0.003608,-0.108160,-0.001479,0.728010,0.014226,-0.001157,0.013561,-0.027193,0.070500,3.376166,3.027193,3.446667,3.000000,0,2.501430
24498.288724,2.186517,0.002268,-0.078954,-0.003655,0.719700,0.003988,0.000117,0.003653,-0.027666,0.070978,3.429022,3.027666,3.500000,3.000000,0,2.554664
24498.308724,2.204959,0.001325,-0.065585,-0.010169,0.711717,0.004420,0.001773,0.058198,-0.028642,0.071049,3.482284,3.028642,3.553333,3.000000,0,2.609292
24498.328724,2.223100,0.000754,-0.060961,-0.021629,0.703519,0.004671,0.004306,0.142557,-0.029394,0.071069,3.535598,3.029394,3.606667,3.000000,0,2.663274
24498.368376,2.240588,0.000104,-0.072066,-0.039345,0.694479,-0.006949,0.001702,0.340928,-0.030258,0.070313,3.589687,3.030258,3.660000,3.000000,0,2.717430
24498.374508,2.256596,-0.005421,-0.204815,-0.062664,0.684479,0.012672,0.002380,-0.130426,-0.030353,0.064843,3.651824,3.030353,3.716667,3.000000,0,2.776333
24498.388723,2.272263,-0.008148,-0.488296,-0.091820,0.674479,0.004948,0.005176,0.158880,-0.031746,0.074803,3.698530,3.031746,3.773333,3.000000,0,2.831863
24498.408723,2.282567,-0.011349,-0.727619,-0.127107,0.664479,0.003170,0.001504,0.084640,-0.030239,0.076515,3.753485,3.030239,3.830000,3.000000,0,2.882975
24498.428758,2.290284,-0.019138,-1.300087,-0.157949,0.654479,0.002760,0.001289,0.068683,-0.027335,0.072708,3.807292,3.027335,3.880000,3.000000,0,2.936672
24498.465356,2.294920,-0.017751,-1.844275,-0.182944,0.644480,0.005523,-0.007026,0.380898,-0.022945,0.075399,3.861268,3.022945,3.936667,3.000000,0,2.990112
24498.471023,2.298890,-0.008387,-2.248348,-0.204786,0.636249,0.005789,0.014530,-0.123584,-0.014935,0.063133,3.926867,3.014935,3.990000,3.000000,0,3.048704
24498.488726,2.303618,0.007011,-2.509256,-0.229662,0.626280,0.005714,0.001747,0.088873,-0.004065,0.075203,3.972227,3.008886,4.046721,2.997812,0,3.105530
24498.508722,2.302721,0.011133,-2.743556,-0.245279,0.617235,0.004198,0.001145,0.041628,0.007501,0.076666,4.026297,2.997736,4.102866,2.989304,0,3.158070
24498.528723,2.297228,0.017884,-3.010690,-0.256479,0.609074,0.002722,0.000477,0.008161,0.014984,0.072492,4.080934,2.983679,4.154508,2.975528,0,3.213557
24498.561838,2.288333,0.026673,-3.237426,-0.263925,0.602754,0.012275,-0.006073,0.076798,0.013231,0.066091,4.141807,2.970323,4.207431,2.954942,0,3.271888
24498.568720,2.278413,0.037127,-3.396574,-0.271550,0.598686,-0.009686,0.006362,-0.059629,0.018005,0.069770,4.188608,2.949015,4.257678,2.928488,0,3.329206
24498.588739,2.263704,0.046832,-3.500200,-0.269014,0.593670,-0.000880,-0.000270,-0.001778,0.020125,0.072671,4.234712,2.924819,4.304602,2.896507,0,3.382095
24498.608725,2.247450,0.055047,-3.562157,-0.261990,0.589587,0.000209,-0.000015,-0.004882,0.012672,0.071039,4.285044,2.901603,4.345186,2.861727,0,3.434667
24498.628722,2.232335,0.061897,-3.586778,-0.254880,0.590184,-0.002283,-0.000571,-0.008146,0.015466,0.074943,4.321630,2.870059,4.381826,2.822814,0,3.485682
24498.663349,2.215142,0.066116,-3.584963,-0.241946,0.589915,0.012447,0.000430,-0.034676,0.005151,0.069509,4.368635,2.837364,4.412221,2.782974,0,3.535830
24498.669326,2.203865,0.069464,-3.549868,-0.235167,0.592852,-0.010592,-0.000687,0.023650,0.005616,0.073664,4.398149,2.802192,4.438475,2.740291,0,3.584210
24498.688731,2.189388,0.069237,-3.509958,-0.223560,0.595637,0.001930,0.000292,-0.010565,-0.015801,0.073171,4.446307,2.768728,4.460325,2.695195,0,3.629410
24498.708723,2.180297,0.068443,-3.450593,-0.220167,0.599792,0.000233,0.000014,-0.002574,-0.009528,0.069877,4.462997,2.723910,4.475528,2.654508,0,3.675769
24498.728724,2.170069,0.065281,-3.384183,-0.211116,0.601608,0.001845,0.000294,-0.007291,-0.024486,0.071818,4.496065,2.684833,4.487885,2.609398,0,3.720659
24498.763483,2.162909,0.061316,-3.315750,-0.206525,0.605473,0.007019,0.004692,-0.040410,-0.021992,0.070024,4.508919,2.635575,4.495973,2.563330,0,3.765736
24498.769394,2.156683,0.056479,-3.249014,-0.200113,0.607188,-0.004020,-0.004186,0.027763,-0.037896,0.072834,4.534543,2.594342,4.499598,2.520047,0,3.810322
24498.788723,2.150653,0.050873,-3.198713,-0.193992,0.610590,0.000252,-0.001010,-0.033328,-0.054588,0.071668,4.554588,2.545001,4.500000,2.473333,0,3.855562
24498.808724,2.145779,0.045541,-3.164944,-0.188183,0.612655,-0.000243,-0.000513,-0.029549,-0.073751,0.070915,4.573751,2.500915,4.500000,2.430000,0,3.903325
24498.828725,2.141380,0.041881,-3.119945,-0.179948,0.614513,-0.000257,-0.000896,-0.030746,-0.093053,0.071905,4.593053,2.455238,4.500000,2.383333,0,3.949939
24498.870104,2.138202,0.038773,-3.059956,-0.168814,0.615311,0.000026,0.001790,-0.160267,-0.101583,0.070524,4.601583,2.407190,4.500000,2.336667,0,3.997706
24498.877365,2.135251,0.035315,-3.012999,-0.150747,0.614893,-0.004189,-0.006654,-0.052564,-0.112357,0.056470,4.612357,2.343137,4.500000,2.286667,0,4.053421
24498.888737,2.131216,0.030249,-2.988785,-0.122788,0.608526,-0.002073,-0.006509,-0.171987,-0.118058,0.079503,4.618058,2.309503,4.500000,2.230000,0,4.103511
24498.908733,2.130755,0.030612,-2.947259,-0.096111,0.608369,-0.001270,-0.005543,-0.179493,-0.114569,0.079523,4.614569,2.259523,4.500000,2.180000,0,4.146119
24498.928721,2.133957,0.037970,-2.603177,-0.068306,0.603889,-0.002446,-0.011740,-0.381982,-0.115924,0.070541,4.615924,2.210541,4.500000,2.140000,0,4.194038
24498.965612,2.137032,0.034149,-2.366820,-0.039098,0.599682,-0.009136,-0.010997,-1.034631,-0.109881,0.070637,4.609881,2.160637,4.500000,2.090000,0,4.242901
24498.971228,2.140109,0.026700,-2.224700,-0.008187,0.595651,0.001975,-0.019233,-0.230367,-0.102092,0.056551,4.602092,2.099885,4.500000,2.043333,0,4.297062
24498.988724,2.144059,0.018814,-2.138729,0.024741,0.588682,-0.000163,-0.004977,-0.261587,-0.095327,0.069201,4.595327,2.055868,4.500000,1.986667,0,4.350165
24499.008727,2.149165,0.044462,-1.333675,0.035824,0.581937,0.000848,-0.002672,-0.088218,-0.083794,0.068610,4.583794,2.001943,4.500000,1.933333,0,4.400936
24499.028725,2.155898,0.046425,-0.446164,0.037998,0.574998,0.001350,-0.003221,-0.105017,-0.073403,0.066579,4.573403,1.949912,4.500000,1.883333,0,4.454350
24499.063857,2.163499,0.031750,0.054647,0.037104,0.569858,-0.003699,0.006791,-0.178134,-0.065733,0.070086,4.565733,1.900086,4.500000,1.830000,0,4.506533
24499.069457,2.170549,0.020205,0.354645,0.033553,0.565847,0.004998,-0.005492,0.127231,-0.059174,0.068053,4.559174,1.848053,4.500000,1.780000,0,4.558041
24499.088725,2.177211,0.011779,0.537593,0.028649,0.560697,0.001101,0.001784,0.065256,-0.052388,0.070137,4.552388,1.796804,4.500000,1.726667,0,4.609908
24499.108728,2.183660,0.005403,0.615115,0.024749,0.555534,0.001238,0.003105,0.102593,-0.045084,0.066951,4.545084,1.743618,4.500000,1.676667,0,4.662593
24499.128727,2.190051,0.001741,0.650482,0.022500,0.548924,0.001420,0.003409,0.112814,-0.049294,0.067475,4.549294,1.690808,4.500000,1.623333,0,4.716144
24499.170312,2.196139,-0.000611,0.655037,0.014881,0.542352,-0.002921,0.004481,0.276804,-0.049416,0.067417,4.549416,1.637417,4.500000,1.570000,0,4.769946
24499.177244,2.201949,-0.002081,0.640677,0.007547,0.535245,0.006591,0.004403,0.110904,-0.049183,0.049964,4.549183,1.566630,4.500000,1.516667,0,4.831209
24499.188722,2.209870,-0.001870,0.657546,-0.003508,0.525245,0.001576,0.008178,0.211353,-0.047257,0.080771,4.547257,1.534105,4.500000,1.453333,0,4.884692
24499.208724,2.213211,-0.002168,0.657497,-0.011874,0.515748,0.003180,0.012178,0.402507,-0.041451,0.081247,4.541451,1.481247,4.500000,1.400000,0,4.928818
24499.228725,2.218769,-0.002563,0.653233,-0.022653,0.505748,0.003567,0.013932,0.462496,-0.038445,0.073054,4.538445,1.429720,4.500000,1.356667,0,4.979822
24499.266666,2.223853,-0.003667,0.621129,-0.037840,0.495748,0.003937,0.016160,0.947329,-0.038790,0.071463,4.538790,1.378130,4.500000,1.306667,0,5.031350
24499.273035,2.228970,-0.002780,0.627965,-0.063784,0.485748,0.006824,0.013456,0.311427,-0.033891,0.063546,4.533891,1.316879,4.500000,1.253333,0,5.087224
24499.288720,2.235238,-0.002240,0.651400,-0.103784,0.475748,0.004266,0.011354,0.439715,-0.028254,0.077531,4.528254,1.274198,4.500000,1.196667,0,5.139788
24499.308717,2.235665,-0.021220,0.225831,-0.142623,0.465748,0.003972,0.006498,0.205244,-0.029500,0.075641,4.529500,1.222308,4.500000,1.146667,0,5.187404
24499.328715,2.231954,-0.036611,-0.716962,-0.142933,0.455748,0.004235,0.006736,0.217044,-0.026685,0.072277,4.526685,1.168943,4.500000,1.096667,0,5.238905
24499.366561,2.229321,-0.028557,-1.314829,-0.152532,0.449294,0.012214,-0.001320,0.611119,-0.021068,0.071514,4.521068,1.118181,4.500000,1.046667,0,5.290431
24499.372978,2.227152,-0.014928,-1.618548,-0.168170,0.442894,0.000501,0.014877,0.034381,-0.016060,0.065521,4.516888,1.058631,4.499956,0.993330,0,5.344405
24499.388717,2.224394,-0.001932,-1.771859,-0.199574,0.432894,0.004934,0.005850,0.206850,0.001919,0.076550,4.503664,1.016342,4.496401,0.940114,0,5.396339
24499.408715,2.218447,-0.004408,-1.997728,-0.227689,0.422894,0.002285,0.000781,0.032277,0.011969,0.074056,4.492426,0.965713,4.487937,0.890831,0,5.446046
24499.428717,2.204169,-0.009862,-2.504641,-0.229120,0.420494,0.000727,0.000164,0.003555,0.023294,0.070621,4.474708,0.917003,4.474592,0.842640,0,5.498884
24499.461975,2.188655,-0.004996,-2.894714,-0.233995,0.421008,0.012328,-0.005949,0.131269,0.029243,0.068505,4.456875,0.867447,4.455130,0.792982,0,5.552520
24499.468711,2.173106,0.004374,-3.147126,-0.244382,0.423175,-0.009975,0.007084,-0.074246,0.040331,0.066847,4.429767,0.823748,4.430490,0.745680,0,5.607180
24499.488715,2.157143,0.014175,-3.295362,-0.255064,0.423186,0.001481,0.000826,0.024931,0.038024,0.071072,4.411452,0.778233,4.398949,0.698604,0,5.660206
24499.508716,2.139363,0.021048,-3.412709,-0.264442,0.423992,0.002130,0.001305,0.036482,0.038603,0.070226,4.384487,0.735447,4.364576,0.657824,0,5.711122
24499.528718,2.121225,0.026782,-3.484401,-0.275136,0.423965,0.001448,0.000600,0.023097,0.041843,0.066903,4.351506,0.698625,4.328575,0.623120,0,5.762660
24499.561307,2.101348,0.029629,-3.550122,-0.282614,0.422349,0.014540,-0.000180,0.042435,0.031528,0.072009,4.329778,0.659563,4.289287,0.592185,0,5.810647
24499.568715,2.080245,0.030974,-3.613856,-0.289515,0.422098,-0.012353,0.000748,-0.017989,0.031092,0.070423,4.292962,0.627163,4.247106,0.565329,0,5.856285
24499.588718,2.059583,0.031812,-3.655874,-0.295686,0.419830,0.000941,0.000266,0.006522,0.027699,0.064030,4.255178,0.597442,4.208535,0.545563,0,5.903848
24499.608718,2.037815,0.031101,-3.699127,-0.299446,0.416057,0.001067,0.000303,0.008156,0.020196,0.071798,4.223473,0.569389,4.162101,0.527006,0,5.947807
24499.628717,2.016050,0.029750,-3.732651,-0.300000,0.412993,0.001515,0.000417,0.010004,0.014877,0.070734,4.185591,0.546234,4.120529,0.514745,0,5.989050
24499.667869,1.994977,0.027876,-3.756870,-0.300000,0.409606,0.021514,0.003215,0.029296,0.008229,0.069401,4.148483,0.526072,4.081345,0.506661,0,6.029769
24499.673597,1.973439,0.025065,-3.781388,-0.300000,0.407114,-0.019868,-0.003179,-0.024741,0.001369,0.061853,4.103164,0.508253,4.041640,0.501737,0,6.071637
24499.688735,1.947252,0.020958,-3.813986,-0.300000,0.404871,-0.001171,-0.000281,-0.003196,0.000559,0.069367,4.067701,0.500330,3.998332,0.500003,0,6.111814
24499.708727,1.929974,0.018023,-3.835044,-0.300000,0.405140,-0.000739,-0.000244,-0.003563,-0.002837,0.070248,4.028129,0.493059,3.958360,0.501737,0,6.148529
24499.728722,1.908583,0.014185,-3.860430,-0.300000,0.404761,0.001379,0.000364,0.005369,-0.007108,0.064119,3.984170,0.489100,3.921947,0.506130,0,6.187518
24499.762855,1.889962,0.010929,-3.875334,-0.300000,0.406506,0.013853,0.002816,0.016384,-0.010812,0.063191,3.941601,0.488618,3.882710,0.513952,0,6.227100
24499.768653,1.871250,0.007271,-3.892921,-0.300000,0.406755,-0.012725,-0.002559,-0.011941,-0.016847,0.065727,3.901430,0.488400,3.844223,0.524886,0,6.265052
24499.788723,1.853046,0.003597,-3.910686,-0.300000,0.406394,0.000117,-0.000005,0.000072,-0.018542,0.062824,3.860863,0.496539,3.809814,0.537583,0,6.302692
24499.808720,1.835041,-0.000151,-3.930432,-0.299453,0.405933,-0.000200,-0.000079,-0.001636,-0.024407,0.063160,3.822010,0.502696,3.776429,0.552769,0,6.339209
24499.828722,1.817445,-0.003747,-3.950232,-0.296493,0.406028,-0.000014,-0.000154,-0.004583,-0.028226,0.061697,3.782823,0.514548,3.744246,0.570361,0,6.374556
24499.862296,1.800938,-0.007039,-3.966476,-0.293976,0.406956,0.009699,0.001592,-0.007124,-0.032554,0.063831,3.747090,0.527004,3.713439,0.590265,0,6.410122
24499.868727,1.784743,-0.010276,-3.982607,-0.291184,0.408532,-0.011050,-0.002459,-0.017590,-0.037276,0.063880,3.710153,0.543125,3.684175,0.612373,0,6.445320
24499.888727,1.768927,-0.013467,-3.999362,-0.286502,0.409545,-0.000716,-0.000489,-0.013320,-0.038490,0.065537,3.680730,0.561442,3.659041,0.634285,0,6.478793
24499.908724,1.754650,-0.015760,-3.996567,-0.285751,0.412442,-0.000667,-0.000510,-0.013664,-0.042723,0.064133,3.648162,0.581823,3.635424,0.657824,0,6.511522
24499.928716,1.741146,-0.018311,-3.992622,-0.281986,0.416027,-0.001417,-0.000959,-0.024827,-0.043312,0.064724,3.620992,0.605374,3.613429,0.682884,0,6.544489
24499.963633,1.727965,-0.021069,-3.991234,-0.272509,0.420032,0.004804,-0.000542,-0.085316,-0.043070,0.066734,3.596898,0.630017,3.593152,0.709354,0,6.576203
24499.969176,1.715318,-0.023777,-3.991024,-0.258041,0.425229,-0.009988,-0.003434,-0.033439,-0.042021,0.064132,3.574934,0.657629,3.576448,0.734287,0,6.608202
24499.988721,1.703199,-0.026395,-3.992721,-0.238008,0.430934,-0.006606,-0.006925,-0.184829,-0.039411,0.066060,3.556271,0.686260,3.559680,0.763108,0,6.640283
24500.008712,1.691787,-0.028605,-3.987879,-0.214995,0.438201,-0.003838,-0.003231,-0.126197,-0.035841,0.066909,3.539947,0.717238,3.544870,0.792982,0,6.672831
24500.028716,1.686177,-0.022693,-3.798601,-0.191920,0.444938,-0.002381,-0.004644,-0.131877,-0.029986,0.065945,3.528931,0.748348,3.533270,0.820660,0,6.705740
24500.070403,1.683966,-0.019905,-3.538540,-0.167670,0.451038,-0.005720,-0.004932,-0.543665,-0.022666,0.068059,3.520824,0.780449,3.522354,0.852167,0,6.737635
24500.078094,1.681622,-0.021856,-3.341983,-0.142015,0.458529,-0.006177,-0.014015,-0.131022,-0.012639,0.056606,3.514362,0.826337,3.513563,0.884332,0,6.775122
24500.088719,1.677488,-0.028542,-3.225773,-0.110776,0.464900,-0.002831,-0.008042,-0.199058,-0.004459,0.075035,3.513952,0.845514,3.506393,0.920301,0,6.808376
24500.108728,1.678822,-0.020542,-2.982007,-0.087075,0.473233,-0.001545,-0.005741,-0.165600,0.001952,0.074455,3.511064,0.879429,3.502178,0.953377,0,6.836907
24500.128715,1.685012,-0.006846,-2.330918,-0.071658,0.476514,-0.001318,-0.003078,-0.131183,0.007150,0.070920,3.509788,0.912686,3.500278,0.983328,0,6.870200
24500.163854,1.691020,-0.002984,-1.824711,-0.059585,0.479488,-0.006267,-0.000260,-0.289189,0.010981,0.068486,3.510981,0.948181,3.500000,1.016667,0,6.904421
24500.169454,1.697504,-0.004115,-1.434594,-0.049606,0.482557,0.003960,-0.005755,0.059969,0.010954,0.066967,3.510954,0.983033,3.500000,1.050000,0,6.940226
24500.188729,1.703653,-0.008286,-1.248159,-0.040467,0.487083,-0.001208,-0.007684,-0.218538,0.011069,0.068272,3.511069,1.018395,3.500000,1.086667,0,6.976045
24500.208728,1.710181,-0.010615,-1.148049,-0.028765,0.492768,-0.001938,-0.010400,-0.306691,0.010015,0.064980,3.510015,1.055020,3.500000,1.120000,0,7.012057
24500.228722,1.716661,-0.011693,-1.091934,-0.015910,0.498606,-0.002214,-0.013723,-0.405724,0.012900,0.065377,3.512900,1.091290,3.500000,1.156667,0,7.048650
24500.266124,1.723154,-0.012287,-1.064625,0.002007,0.504451,-0.010226,-0.020177,-0.830320,0.015834,0.066166,3.515834,1.127167,3.500000,1.193333,0,7.084965
24500.272535,1.729236,-0.013160,-1.067384,0.021808,0.509534,0.004565,-0.013174,-0.300886,0.016381,0.057484,3.516381,1.172516,3.500000,1.230000,0,7.125402
24500.288720,1.736544,-0.014069,-1.100812,0.046306,0.512292,-0.000899,-0.010364,-0.358731,0.016050,0.067471,3.516050,1.202529,3.500000,1.270000,0,7.163876
24500.308719,1.741739,0.004025,-0.699584,0.060791,0.513574,0.000585,-0.003390,-0.098358,0.013107,0.068366,3.513107,1.241634,3.500000,1.310000,0,7.199373
24500.328721,1.749508,0.019795,0.042778,0.066303,0.512093,0.000598,-0.001932,-0.078896,0.013177,0.061521,3.513177,1.281812,3.500000,1.343333,0,7.239361
24500.361527,1.757633,0.021527,0.502232,0.073859,0.511160,-0.004410,0.000282,-0.178099,0.013817,0.062420,3.513817,1.320913,3.500000,1.383333,0,7.279519
24500.368722,1.765588,0.020290,0.814562,0.085361,0.511095,0.005689,-0.004896,0.017127,0.010074,0.062374,3.510074,1.360959,3.500000,1.423333,0,7.319511
24500.388720,1.773749,0.016779,0.956028,0.101583,0.511466,0.001126,-0.003938,-0.120018,0.003819,0.061909,3.503819,1.401424,3.500000,1.463333,0,7.360282
24500.408723,1.780896,0.019102,1.161590,0.120201,0.511802,0.002029,-0.007220,-0.215813,-0.002628,0.065504,3.498204,1.441151,3.499955,1.506684,0,7.401212
24500.428720,1.787917,0.018941,1.304023,0.141764,0.512763,0.003417,-0.011502,-0.338059,-0.016722,0.063779,3.487123,1.481659,3.497812,1.546721,0,7.443725
24500.468139,1.794791,0.017777,1.392512,0.166268,0.513405,0.000709,-0.008082,-0.598488,-0.021679,0.062851,3.481834,1.524026,3.491879,1.589748,0,7.488019
24500.473423,1.799514,0.025285,1.634111,0.189541,0.514322,0.003069,0.002823,0.335313,-0.031414,0.055422,3.466579,1.570346,3.482235,1.632098,0,7.535484
24500.488733,1.802355,0.033216,2.133567,0.203295,0.512934,0.003220,-0.005824,-0.143292,-0.035383,0.064720,3.457535,1.603536,3.467781,1.676581,0,7.580212
24500.508724,1.805125,0.031727,2.330327,0.216744,0.516268,0.004975,-0.008578,-0.246649,-0.037333,0.067404,3.445284,1.642568,3.449234,1.719519,0,7.621484
24500.528722,1.808685,0.028373,2.478291,0.228087,0.519318,0.006125,-0.010289,-0.295734,-0.036295,0.062940,3.431048,1.682158,3.430201,1.754808,0,7.665151
24500.565599,1.812390,0.025009,2.552019,0.238089,0.522238,0.008747,-0.011626,-0.544374,-0.037604,0.063056,3.412616,1.718023,3.406464,1.791182,0,7.708954
24500.571784,1.815696,0.022793,2.596855,0.244897,0.525224,0.005468,-0.006968,-0.107381,-0.037032,0.054782,3.387188,1.759665,3.379660,1.825359,0,7.756213
24500.588704,1.819740,0.020523,2.610605,0.249019,0.526517,0.002354,-0.001753,-0.062475,-0.038117,0.063792,3.366953,1.787665,3.347596,1.859412,0,7.801024
24500.608719,1.818139,0.029348,2.860591,0.241511,0.529873,0.000384,0.000307,0.011314,-0.040596,0.064014,3.337091,1.818622,3.312491,1.890320,0,7.843351
24500.628735,1.815712,0.032834,3.150839,0.225342,0.533096,-0.000525,0.001034,0.040861,-0.040030,0.061971,3.306782,1.848279,3.277438,1.915967,0,7.889388
24500.667106,1.814750,0.029410,3.311040,0.204620,0.536884,-0.002498,0.006563,0.138392,-0.040776,0.059821,3.273155,1.873968,3.240291,1.938475,0,7.935235
24500.672639,1.814929,0.024337,3.361227,0.180960,0.540488,-0.001721,0.000791,0.090547,-0.039136,0.055310,3.233524,1.901150,3.198267,1.959010,0,7.982817
24500.688728,1.814437,0.020637,3.387333,0.152743,0.542160,-0.002489,0.006988,0.205202,-0.038594,0.064483,3.203910,1.918897,3.154508,1.975528,0,8.027010
24500.708717,1.816935,0.013258,3.253018,0.129042,0.547132,-0.003520,0.011209,0.334876,-0.036983,0.067957,3.167617,1.936930,3.109398,1.987885,0,8.067303
24500.728715,1.820706,0.009106,3.062292,0.104513,0.551042,-0.005504,0.017443,0.521690,-0.034299,0.063720,3.128249,1.952206,3.069954,1.995082,0,8.110219
24500.768337,1.823734,0.010363,2.949877,0.078520,0.554257,-0.014805,0.018984,1.098944,-0.033196,0.063098,3.087958,1.962764,3.026724,1.999285,0,8.153508
24500.775552,1.827042,0.010095,2.810245,0.053826,0.557177,-0.001980,0.020545,0.379437,-0.025290,0.057477,3.040810,1.974710,2.983333,2.000000,0,8.198674
24500.788733,1.829118,0.015070,2.797385,0.034287,0.558165,-0.001521,0.007008,0.221653,-0.017148,0.066698,3.006698,1.982852,2.940000,2.000000,0,8.240672
24500.808723,1.834898,-0.006885,2.250565,0.032252,0.559718,-0.000489,0.000172,0.006028,-0.007362,0.068630,2.965297,1.992638,2.896667,2.000000,0,8.279312
24500.828726,1.844507,-0.020414,1.393438,0.047651,0.558545,0.000307,-0.001173,-0.053658,0.000105,0.064130,2.924130,2.000105,2.860000,2.000000,0,8.320724
24500.866877,1.854192,-0.011196,0.991129,0.065341,0.555295,-0.007180,-0.005606,-0.077934,0.007121,0.064135,2.880802,2.007121,2.816667,2.000000,0,8.363957
24500.872988,1.863541,0.001529,0.941736,0.079118,0.548875,0.008411,0.002157,0.008600,0.014151,0.057467,2.830800,2.014151,2.773333,2.000000,0,8.411229
24500.888724,1.874252,0.008044,1.003631,0.093009,0.538875,0.002100,-0.005902,-0.160876,0.018959,0.068015,2.794682,2.018959,2.726667,2.000000,0,8.455115
24500.908724,1.881363,0.009257,1.043941,0.110610,0.528876,0.001770,-0.002606,-0.123679,0.023900,0.067462,2.750796,2.023900,2.683333,2.000000,0,8.495635
24500.928722,1.887819,0.017131,1.270687,0.128228,0.518876,0.000872,-0.001003,-0.046088,0.029486,0.064907,2.708241,2.029486,2.643333,2.000000,0,8.538584
24500.961479,1.891921,0.022884,1.604177,0.145437,0.508876,-0.000292,0.000696,-0.184124,0.031959,0.063045,2.663045,2.031959,2.600000,2.000000,0,8.582244
24500.968720,1.894905,0.024880,1.911220,0.160835,0.498876,0.002609,-0.003338,0.088549,0.032572,0.060801,2.617467,2.032572,2.556667,2.000000,0,8.626876
24500.988718,1.897549,0.022922,2.129596,0.176348,0.488881,0.001437,-0.000857,-0.037807,0.030768,0.062162,2.572162,2.030768,2.510000,2.000000,0,8.671178
24501.008722,1.897464,0.024432,2.386862,0.189365,0.480703,0.001237,-0.000648,-0.026063,0.023542,0.061816,2.526709,2.026502,2.466604,1.998883,0,8.715281
24501.028721,1.895864,0.024261,2.619590,0.200562,0.473818,0.001019,-0.000554,-0.021935,0.015391,0.062423,2.482764,2.018872,2.423434,1.994103,0,8.758957
24501.063167,1.892847,0.023060,2.816101,0.210593,0.468484,0.004725,0.001593,-0.104277,0.008921,0.061543,2.438485,2.008924,2.380841,1.985594,0,8.802514
24501.069677,1.888836,0.021497,2.982245,0.218311,0.463799,-0.002406,-0.002400,0.061866,0.004861,0.059845,2.394248,1.997276,2.339148,1.973420,0,8.847100
24501.088721,1.884430,0.018940,3.100491,0.224426,0.459172,0.001155,-0.000759,-0.018582,0.000887,0.061893,2.351738,1.982428,2.295614,1.956318,0,8.892535
24501.108724,1.878995,0.017469,3.201321,0.227385,0.455303,0.000867,-0.000194,-0.004058,-0.001423,0.060451,2.310293,1.965021,2.256784,1.936859,0,8.937438
24501.128717,1.872501,0.016344,3.292523,0.227036,0.452398,0.000728,-0.000057,0.001689,-0.004208,0.063480,2.271744,1.944678,2.217026,1.912221,0,8.981590
24501.163614,1.865838,0.014780,3.352230,0.221836,0.450078,0.005664,0.000855,0.009306,-0.006180,0.062876,2.234799,1.921284,2.182319,1.886107,0,9.025219
24501.169296,1.859323,0.012874,3.373382,0.212564,0.448714,-0.004620,-0.000132,0.010911,-0.007712,0.062516,2.200055,1.895333,2.150009,1.857080,0,9.068809
24501.188724,1.852980,0.011707,3.371799,0.198235,0.448441,-0.000309,0.000804,0.037846,-0.010489,0.063341,2.169522,1.866630,2.120340,1.825359,0,9.112213
24501.208726,1.848049,0.008712,3.296960,0.178837,0.448740,0.000049,0.000872,0.043597,-0.012679,0.063035,2.140553,1.835042,2.093536,1.791182,0,9.155360
24501.228719,1.844971,0.005277,3.140004,0.154987,0.448343,0.000230,0.001224,0.061873,-0.015315,0.063237,2.115203,1.801413,2.069799,1.754808,0,9.199062
24501.263957,1.843828,0.001989,2.908874,0.125052,0.447580,0.000205,-0.001203,0.284485,-0.018641,0.064228,2.093924,1.766334,2.049309,1.716512,0,9.242517
24501.269349,1.844576,-0.001857,2.584077,0.090078,0.447257,0.000540,0.006004,-0.103903,-0.022609,0.065104,2.076363,1.729505,2.032219,1.676581,0,9.285469
24501.288723,1.845835,-0.000072,2.305930,0.050078,0.448030,-0.000564,0.004690,0.214483,-0.026693,0.065883,2.062186,1.691518,2.018659,1.635318,0,9.327940
24501.308712,1.848743,-0.009405,1.803556,0.010078,0.447403,0.000893,0.002591,0.130050,-0.027622,0.064808,2.047930,1.651570,2.008732,1.593034,0,9.371254
24501.328710,1.853170,-0.018806,1.098644,-0.029631,0.445009,0.001121,0.002599,0.127100,-0.027995,0.063939,2.036766,1.610864,2.002511,1.550048,0,9.414995
24501.365196,1.857145,-0.023806,0.399756,-0.069309,0.444350,-0.001177,-0.001861,0.492444,-0.025058,0.064721,2.025966,1.571064,2.000045,1.506684,0,9.456514
24501.370610,1.859778,-0.027448,-0.262497,-0.102816,0.443579,0.002580,0.006308,-0.240285,-0.011592,0.063950,2.014720,1.529636,1.998883,1.466604,0,9.497344
24501.388743,1.862314,-0.024728,-0.736398,-0.132918,0.443074,0.002005,0.004806,0.158432,0.000436,0.066489,2.003854,1.489205,1.994103,1.423434,0,9.539703
24501.408734,1.863001,-0.028665,-1.199691,-0.159905,0.443988,0.000981,0.001540,0.065928,0.007511,0.066127,1.994402,1.450156,1.986379,1.384090,0,9.581706
24501.428725,1.861122,-0.034185,-1.754141,-0.181955,0.446591,0.000809,0.001191,0.050232,0.012648,0.067627,1.983810,1.410481,1.974485,1.342316,0,9.623215
24501.465172,1.858251,-0.035174,-2.208320,-0.201016,0.450949,0.003987,-0.002571,0.245947,0.016250,0.065912,1.971096,1.371831,1.960325,1.304805,0,9.664498
24501.470905,1.854463,-0.034226,-2.571475,-0.216253,0.455996,-0.003017,0.004659,-0.180082,0.018768,0.059147,1.952799,1.326635,1.941648,1.265592,0,9.709090
24501.488733,1.849867,-0.029876,-2.858974,-0.227337,0.458523,0.001334,0.001226,0.057636,0.019991,0.068970,1.940360,1.296902,1.919638,1.228148,0,9.751187
24501.508724,1.845783,-0.028377,-3.019911,-0.236121,0.463467,0.001636,0.002662,0.076115,0.021853,0.069327,1.919822,1.260877,1.894462,1.192755,0,9.789111
24501.528741,1.840926,-0.025205,-3.151749,-0.242240,0.467957,0.000896,0.001065,0.043279,0.020862,0.065197,1.899087,1.226955,1.870826,1.164608,0,9.829326
24501.563680,1.834963,-0.024435,-3.281094,-0.244837,0.472483,0.004868,-0.001263,0.070956,0.020318,0.065429,1.876468,1.195619,1.842761,1.135974,0,9.868852
24501.569021,1.828285,-0.023814,-3.410196,-0.243966,0.477387,-0.004603,0.001344,-0.059781,0.019871,0.063023,1.849270,1.164580,1.812491,1.109680,0,9.909278
24501.588718,1.822034,-0.022024,-3.496163,-0.239376,0.482208,-0.000313,-0.000154,-0.008570,0.018643,0.059313,1.818888,1.134578,1.780212,1.085897,0,9.951710
24501.608698,1.816445,-0.019627,-3.535012,-0.232930,0.487316,-0.000194,-0.000243,-0.010908,0.015301,0.060607,1.788727,1.105991,1.743216,1.063141,0,9.993725
24501.628706,1.811777,-0.017255,-3.530913,-0.225029,0.492730,-0.000150,-0.000322,-0.014633,0.012957,0.062458,1.756090,1.081038,1.704386,1.043682,0,10.034416
24501.666639,1.808138,-0.015286,-3.492088,-0.213680,0.497552,0.001908,-0.000028,-0.085369,0.008322,0.062793,1.723563,1.057610,1.667166,1.028772,0,10.074362
24501.672662,1.805676,-0.013541,-3.417994,-0.199535,0.502521,-0.002246,-0.001531,0.037693,0.003351,0.055188,1.681331,1.034355,1.628871,1.016893,0,10.117175
24501.688703,1.803280,-0.013707,-3.331086,-0.180984,0.505267,-0.002327,-0.004930,-0.131577,0.000568,0.065026,1.650407,1.019335,1.586458,1.007532,0,10.157657
24501.708702,1.801950,-0.014451,-3.282012,-0.162242,0.511412,-0.001881,-0.002676,-0.118559,-0.003761,0.065203,1.611990,1.004536,1.546721,1.002188,0,10.194995
24501.728698,1.803244,-0.009308,-3.086666,-0.142753,0.516122,-0.000222,-0.001171,-0.055092,-0.009768,0.062111,1.572320,0.991580,1.510026,1.000101,0,10.235422
24501.763807,1.807486,-0.004174,-2.770316,-0.124921,0.519232,-0.004022,0.001793,-0.223906,-0.021208,0.063147,1.533147,0.978792,1.470000,1.000000,0,10.276280
24501.769410,1.812478,-0.002517,-2.454299,-0.111326,0.523008,0.003276,-0.003928,0.120931,-0.029408,0.063657,1.493657,0.970592,1.430000,1.000000,0,10.317055
24501.788690,1.817529,-0.005204,-2.221669,-0.100195,0.527443,-0.000810,-0.001727,-0.066655,-0.035297,0.062546,1.449213,0.964703,1.386667,1.000000,0,10.359389
24501.808689,1.823384,-0.005028,-1.993636,-0.095047,0.531301,-0.000464,-0.001252,-0.037436,-0.039307,0.060256,1.406922,0.960693,1.346667,1.000000,0,10.402714
24501.828697,1.830101,-0.006090,-1.797243,-0.093134,0.535306,-0.000544,-0.001727,-0.052356,-0.044248,0.057252,1.360586,0.955752,1.303333,1.000000,0,10.447447
24501.864241,1.836900,-0.008763,-1.698025,-0.093991,0.537962,-0.006414,-0.000650,-0.082198,-0.047414,0.061148,1.317814,0.952586,1.256667,1.000000,0,10.492390
24501.870029,1.843506,-0.010763,-1.652166,-0.097243,0.540722,0.004186,-0.001072,0.003118,-0.048313,0.065115,1.278448,0.951687,1.213333,1.000000,0,10.534314
24501.888694,1.849823,-0.011914,-1.634698,-0.103121,0.543791,-0.000091,0.000646,0.019907,-0.049602,0.063827,1.233827,0.950398,1.170000,1.000000,0,10.576631
24501.908697,1.856338,-0.012393,-1.630471,-0.113936,0.546219,-0.000241,0.003181,0.096269,-0.049818,0.060677,1.190677,0.950182,1.130000,1.000000,0,10.620227
24501.928700,1.862538,-0.012491,-1.632847,-0.130494,0.548419,0.000848,0.006547,0.197493,-0.048964,0.063908,1.147242,0.951036,1.083333,1.000000,0,10.663362
24501.963053,1.868676,-0.012647,-1.645582,-0.151860,0.549950,-0.000590,0.011909,0.502539,-0.046990,0.062772,1.102772,0.953010,1.040000,1.000000,0,10.706652
24501.968683,1.874775,-0.012018,-1.643679,-0.179737,0.550497,0.005823,0.007143,0.147835,-0.045892,0.059003,1.059003,0.954108,1.000000,1.000000,0,10.749221
24501.988698,1.880695,-0.011615,-1.642582,-0.213727,0.549623,0.003741,0.006490,0.263992,-0.038756,0.058778,1.011800,0.958176,0.956607,1.001887,0,10.792163
24502.008717,1.882166,-0.025185,-1.982350,-0.238476,0.546728,0.002803,0.002661,0.075165,-0.035568,0.059626,0.966119,0.962190,0.913542,1.007532,0,10.835559
24502.028721,1.881161,-0.034076,-2.504796,-0.252560,0.543978,0.004233,0.004415,0.125284,-0.032299,0.060152,0.920923,0.970181,0.871129,1.016893,0,10.878139
24502.061611,1.881121,-0.032210,-2.854536,-0.264824,0.543937,0.008651,0.003178,0.336374,-0.031817,0.061660,0.876823,0.978983,0.829688,1.029900,0,10.920558
24502.068718,1.881440,-0.026906,-3.067232,-0.272902,0.544730,0.002435,0.006969,0.007879,-0.030137,0.064926,0.835741,0.991788,0.789533,1.046455,0,10.961481
24502.088723,1.881613,-0.021076,-3.179198,-0.279800,0.547528,0.001478,0.000863,0.028926,-0.029114,0.063416,0.794738,1.008217,0.753869,1.064776,0,11.001747
24502.108724,1.876138,-0.022821,-3.414230,-0.279179,0.549339,0.000965,0.000570,0.013460,-0.035841,0.059140,0.748682,1.023070,0.719788,1.085897,0,11.043815
24502.128703,1.870651,-0.020819,-3.595979,-0.277627,0.553879,0.000154,0.000396,0.010271,-0.032522,0.064249,0.714298,1.046037,0.684907,1.111778,0,11.084601
24502.163612,1.864803,-0.017171,-3.716100,-0.270366,0.558054,0.003690,-0.002560,0.025423,-0.030390,0.066452,0.681908,1.070411,0.654814,1.138273,0,11.122758
24502.169371,1.859293,-0.013265,-3.786709,-0.258783,0.562948,-0.003909,0.001826,-0.031977,-0.033234,0.060039,0.644799,1.097787,0.629174,1.164608,0,11.163012
24502.188739,1.854283,-0.009918,-3.821538,-0.250263,0.568859,-0.001099,-0.000601,-0.025818,-0.031426,0.059241,0.614661,1.129275,0.603493,1.195398,0,11.204247
24502.208722,1.850326,-0.006313,-3.806762,-0.240215,0.574279,-0.000864,-0.001123,-0.034050,-0.039320,0.061351,0.578424,1.158089,0.578554,1.230959,0,11.244333
24502.228729,1.847585,-0.003983,-3.760431,-0.231453,0.578978,-0.000794,-0.000696,-0.029521,-0.041897,0.060801,0.549849,1.192245,0.558352,1.265592,0,11.284595
24502.265208,1.845896,-0.002158,-3.685140,-0.221532,0.582556,-0.000295,0.000766,-0.095281,-0.043243,0.062086,0.525912,1.227590,0.540990,1.301733,0,11.324435
24502.271082,1.845750,-0.001050,-3.577880,-0.209548,0.585135,-0.000060,-0.002173,0.061381,-0.050275,0.059212,0.498026,1.266910,0.526580,1.339148,0,11.365041
24502.288726,1.846127,-0.002481,-3.468075,-0.194115,0.584944,-0.001178,-0.002275,-0.076972,-0.048966,0.068755,0.484569,1.298948,0.515214,1.377598,0,11.402552
24502.308725,1.847517,-0.002828,-3.379191,-0.176091,0.586450,-0.001286,-0.001937,-0.082277,-0.048660,0.068042,0.471371,1.338111,0.507532,1.413542,0,11.437784
24502.328729,1.850818,-0.001014,-3.210543,-0.155719,0.587424,-0.000509,-0.001183,-0.054438,-0.043221,0.062666,0.465779,1.383275,0.502511,1.449952,0,11.477961
24502.365531,1.856442,0.001875,-2.950941,-0.133352,0.584236,-0.006133,0.002149,-0.255082,-0.048072,0.064058,0.453322,1.424965,0.500101,1.489974,0,11.520879
24502.371133,1.863369,0.003647,-2.652157,-0.113499,0.581922,0.006113,-0.005497,0.149214,-0.045471,0.052436,0.454529,1.480898,0.500000,1.533333,0,11.569710
24502.388716,1.871872,0.000158,-2.375776,-0.088054,0.576787,-0.001473,-0.005818,-0.192971,-0.047891,0.062755,0.452109,1.517245,0.500000,1.580000,0,11.617027
24502.408728,1.878610,0.000625,-2.162987,-0.065183,0.577358,-0.000622,-0.003317,-0.160345,-0.051105,0.067785,0.448895,1.562215,0.500000,1.630000,0,11.658886
24502.428726,1.888063,0.006174,-1.791385,-0.045337,0.575955,0.000083,-0.001383,-0.068334,-0.053055,0.061315,0.446945,1.608685,0.500000,1.670000,0,11.704277
24502.465019,1.898321,0.010451,-1.335396,-0.029941,0.574321,-0.008181,-0.000028,-0.318220,-0.050648,0.062889,0.449352,1.653778,0.500000,1.716667,0,11.750475
24502.470646,1.908415,0.007551,-1.023255,-0.015101,0.572924,0.009046,-0.008135,0.033441,-0.047004,0.053581,0.452996,1.709753,0.500000,1.763333,0,11.800559
24502.488727,1.920335,0.001820,-0.851808,0.001683,0.567502,-0.000950,-0.010874,-0.328745,-0.044193,0.063637,0.455807,1.749696,0.500000,1.813333,0,11.849851
24502.508724,1.928162,0.000126,-0.770034,0.013047,0.566414,0.000216,-0.003936,-0.196594,-0.040412,0.062461,0.459588,1.797539,0.500000,1.860000,0,11.895846
24502.528726,1.937779,0.008703,-0.475594,0.017079,0.565492,0.000340,-0.000273,-0.013936,-0.036511,0.059042,0.463489,1.847624,0.500000,1.906667,0,11.944819
24502.563321,1.947342,0.013001,-0.096009,0.014726,0.564936,-0.006408,0.002834,-0.065111,-0.035212,0.061127,0.464788,1.895540,0.500000,1.956667,0,11.994103
24502.568927,1.956819,0.009795,0.105481,0.008645,0.564706,0.006801,-0.001782,0.072179,-0.032140,0.065296,0.467860,1.941371,0.500000,2.006667,0,12.041806
24502.588720,1.966199,0.006074,0.192888,0.003412,0.564530,0.000308,0.002914,0.090668,-0.039643,0.066304,0.460357,1.987030,0.500000,2.053333,0,12.088323
24502.608721,1.975425,0.003613,0.227725,-0.006745,0.564854,0.000373,0.005560,0.173478,-0.036995,0.064091,0.463005,2.035909,0.500000,2.100000,0,12.136145
24502.628723,1.984644,0.002212,0.239210,-0.019196,0.564067,0.000531,0.008758,0.273719,-0.036068,0.062935,0.463932,2.083731,0.500000,2.146667,0,12.184919
24502.662489,1.993674,0.001466,0.240450,-0.035698,0.563051,-0.004484,0.013508,0.589915,-0.042491,0.063970,0.457509,2.132697,0.500000,2.196667,0,12.233772
24502.668715,2.002621,0.001306,0.245947,-0.062632,0.561959,0.006916,0.009944,0.223713,-0.038185,0.063213,0.461815,2.183454,0.500000,2.246667,0,12.283772
24502.688726,2.011494,0.001177,0.250294,-0.093674,0.559256,0.001366,0.002709,0.152512,-0.038301,0.066538,0.461699,2.230129,0.500000,2.296667,0,12.332781
24502.708709,2.017270,-0.022820,-0.424213,-0.111198,0.551928,0.002036,0.003751,0.114109,-0.029824,0.062383,0.470176,2.280950,0.500000,2.343333,0,12.381491
24502.728721,2.023065,-0.026402,-1.006022,-0.122764,0.546912,0.002925,0.006227,0.192487,-0.027063,0.063348,0.472937,2.329986,0.500000,2.393333,0,12.431520
24502.763322,2.029209,-0.020411,-1.330941,-0.139208,0.543875,0.002353,0.005377,0.485517,-0.028529,0.064924,0.471471,2.378409,0.500000,2.443333,0,12.480664
24502.768973,2.034908,-0.014344,-1.516117,-0.165246,0.542220,0.006476,0.010427,0.100298,-0.024803,0.062568,0.475197,2.430766,0.500000,2.493333,0,12.529965
24502.788723,2.041025,-0.008259,-1.576610,-0.202936,0.537362,0.009248,0.016962,0.507459,-0.016391,0.059271,0.480520,2.482295,0.501608,2.540062,0,12.580349
24502.808712,2.045534,-0.006895,-1.671819,-0.242411,0.527362,0.014511,0.022391,0.678667,-0.009100,0.064330,0.487821,2.531521,0.508732,2.593034,0,12.630042
24502.828722,2.051025,-0.002897,-1.661343,-0.275813,0.517362,0.011014,0.010767,0.420579,-0.014631,0.067127,0.487451,2.581515,0.520511,2.641741,0,12.677714
24502.862664,2.049289,-0.014161,-1.942882,-0.291741,0.507362,0.010812,0.000163,0.380699,-0.016540,0.066520,0.495764,2.630326,0.535854,2.685925,0,12.723682
24502.868724,2.036935,-0.027361,-2.610099,-0.290880,0.498908,-0.008280,0.002033,-0.340343,-0.003452,0.063870,0.523001,2.673249,0.555258,2.728483,0,12.771275
24502.888723,2.024517,-0.025981,-3.124074,-0.283442,0.493593,0.000459,-0.000359,-0.014969,-0.009309,0.061964,0.537366,2.721822,0.578554,2.769041,0,12.819918
24502.908721,2.012273,-0.018103,-3.474006,-0.276099,0.492728,0.000077,-0.000344,-0.016048,-0.006102,0.057668,0.565287,2.765499,0.605538,2.807245,0,12.868969
24502.928723,2.000034,-0.007869,-3.682197,-0.267012,0.492674,-0.000641,-0.000607,-0.019766,-0.005151,0.059540,0.593442,2.805668,0.638273,2.845186,0,12.917888
24502.962000,1.987398,0.001815,-3.787507,-0.254575,0.492387,0.005981,-0.005190,-0.060233,-0.006377,0.061719,0.623627,2.844341,0.674641,2.879660,0,12.964904
24502.968721,1.974195,0.009129,-3.838892,-0.238880,0.492111,-0.010239,0.001343,-0.043353,-0.008781,0.063898,0.654284,2.878709,0.711541,2.908401,0,13.010279
24502.988720,1.960605,0.013861,-3.858400,-0.221000,0.494518,-0.004842,-0.005002,-0.143268,-0.007299,0.064298,0.691575,2.907873,0.750965,2.933569,0,13.055457
24503.008717,1.947291,0.016507,-3.850847,-0.201269,0.497004,-0.007264,-0.007988,-0.232610,-0.005559,0.059713,0.733028,2.933452,0.789533,2.953545,0,13.101758
24503.028712,1.933645,0.016751,-3.844704,-0.175468,0.497622,-0.009534,-0.012359,-0.361558,-0.010775,0.064784,0.768176,2.959723,0.832834,2.971228,0,13.145678
24503.062640,1.920420,0.015735,-3.831900,-0.151122,0.503301,-0.003493,-0.003351,-0.488483,-0.013576,0.057813,0.814991,2.982571,0.874361,2.983957,0,13.190308
24503.068735,1.914689,0.026377,-3.525935,-0.134642,0.504933,-0.001172,-0.001493,0.247246,-0.020920,0.060291,0.857274,3.004601,0.920133,2.993580,0,13.236247
24503.088723,1.913621,0.029666,-3.090716,-0.125629,0.504804,-0.001046,-0.002049,-0.084044,-0.026774,0.062165,0.899306,3.020784,0.963270,2.998649,0,13.279212
24503.108723,1.913095,0.024822,-2.715811,-0.122641,0.504020,-0.000020,-0.000631,-0.019964,-0.034993,0.061485,0.938515,3.034993,1.000000,3.000000,1,13.324594
24503.128721,1.914163,0.016577,-2.394702,-0.119120,0.509640,-0.000343,-0.000560,-0.023562,-0.046515,0.057089,0.986244,3.046515,1.043333,3.000000,1,13.373615
24503.161950,1.915910,0.007646,-2.188167,-0.116663,0.511672,-0.002228,0.003239,-0.061302,-0.057478,0.061254,1.032079,3.057478,1.093333,3.000000,1,13.421338
24503.168733,1.918363,0.001273,-2.046889,-0.115546,0.513918,0.001949,-0.002996,0.040802,-0.065099,0.064314,1.075686,3.065099,1.140000,3.000000,1,13.466561
24503.188721,1.921371,-0.003344,-1.970757,-0.110878,0.517682,-0.000393,-0.000477,-0.020161,-0.072771,0.066543,1.120124,3.072771,1.186667,3.000000,1,13.511530
24503.208717,1.924795,-0.005416,-1.917067,-0.105668,0.521669,-0.000591,-0.001140,-0.034608,-0.077980,0.066478,1.163522,3.077980,1.230000,3.000000,1,13.555812
24503.228722,1.928593,-0.006346,-1.869296,-0.099169,0.526274,-0.001028,-0.002618,-0.080414,-0.082797,0.062665,1.210669,3.082797,1.273333,3.000000,1,13.600800
24503.267127,1.932568,-0.007189,-1.844237,-0.091326,0.529744,-0.006517,-0.003853,-0.207122,-0.085243,0.067087,1.252913,3.085243,1.320000,3.000000,1,13.645804
24503.273787,1.936521,-0.007338,-1.820045,-0.080357,0.534421,0.002152,-0.004493,-0.093080,-0.083345,0.059659,1.303674,3.083345,1.363333,3.000000,1,13.692285
24503.288703,1.940871,-0.008230,-1.826765,-0.064681,0.536334,-0.001276,-0.005665,-0.173416,-0.080610,0.069059,1.340941,3.080610,1.410000,3.000000,1,13.737239
24503.308718,1.944937,-0.003672,-1.725113,-0.050697,0.540411,-0.001326,-0.007659,-0.237914,-0.076282,0.070865,1.385801,3.076282,1.456667,3.000000,1,13.779096
24503.328718,1.951081,-0.000384,-1.543787,-0.036469,0.542133,-0.001595,-0.009982,-0.309073,-0.073960,0.065065,1.431601,3.073960,1.496667,3.000000,1,13.824003
24503.363155,1.957147,-0.000095,-1.399065,-0.022916,0.542464,-0.006354,-0.002657,-0.406222,-0.070547,0.067560,1.475773,3.070547,1.543333,3.000000,1,13.869229
24503.369254,1.963937,0.007969,-1.093486,-0.014301,0.541102,0.005289,-0.000739,0.202268,-0.066496,0.061238,1.525429,3.066496,1.586667,3.000000,1,13.916733
24503.388731,1.971541,0.010703,-0.732424,-0.012451,0.536043,0.000473,-0.000785,-0.031264,-0.063819,0.063934,1.572733,3.063819,1.636667,3.000000,1,13.965837
24503.408722,1.978983,0.009085,-0.492530,-0.012518,0.531230,0.000504,0.000022,0.000697,-0.059921,0.063440,1.619893,3.059921,1.683333,3.000000,1,14.013002
24503.428726,1.986300,0.006168,-0.336847,-0.011965,0.526361,0.000579,-0.000019,-0.001715,-0.056177,0.062081,1.667919,3.056177,1.730000,3.000000,1,14.060715
24503.463990,1.993347,0.003286,-0.260996,-0.010452,0.520654,-0.004003,0.000565,-0.028583,-0.051359,0.065700,1.714300,3.051359,1.780000,3.000000,1,14.108734
24503.469844,1.999992,0.001392,-0.224651,-0.006211,0.515726,0.004865,-0.001492,-0.008533,-0.046431,0.066183,1.760483,3.046431,1.826667,3.000000,1,14.155878
24503.488728,2.006542,0.000233,-0.211362,-0.002054,0.510969,0.001375,-0.002397,-0.071768,-0.041662,0.065518,1.807815,3.041662,1.873333,3.000000,1,14.203260
24503.508726,2.012991,-0.000134,-0.199887,0.003231,0.505760,0.000978,-0.001036,-0.053842,-0.038035,0.065788,1.857545,3.038035,1.923333,3.000000,1,14.251934
24503.528719,2.018940,0.002381,-0.129232,0.006316,0.500321,0.000530,-0.000211,-0.010989,-0.034336,0.064191,1.905809,3.034336,1.970000,3.000000,1,14.300956
24503.564300,2.024035,0.004017,-0.020140,0.008317,0.494900,-0.002604,0.000448,-0.051719,-0.030037,0.066833,1.953167,3.030037,2.020000,3.000000,1,14.349327
24503.570121,2.028847,0.003446,0.051614,0.011738,0.489056,0.003760,-0.001554,0.005840,-0.026340,0.064240,2.002427,3.026340,2.066667,3.000000,1,14.397781
24503.588731,2.033707,0.002234,0.085511,0.013765,0.484243,0.001417,-0.001793,-0.051626,-0.021010,0.067205,2.049462,3.021010,2.116667,3.000000,1,14.446395
24503.608718,2.038295,0.001512,0.107162,0.018154,0.479433,0.001018,-0.000827,-0.042682,-0.016302,0.065310,2.098024,3.016302,2.163333,3.000000,1,14.494346
24503.628724,2.042324,0.003055,0.166525,0.021191,0.473586,0.000571,-0.000208,-0.010886,-0.011980,0.066802,2.146531,3.011980,2.213333,3.000000,1,14.542677
24503.664253,2.045493,0.004224,0.257133,0.021781,0.468528,-0.001104,0.000685,-0.031667,-0.007168,0.064905,2.195095,3.007168,2.260000,3.000000,1,14.591387
24503.670114,2.048422,0.003634,0.317668,0.022908,0.463225,0.002370,-0.000974,0.013792,-0.004465,0.066054,2.243946,3.004465,2.310000,3.000000,1,14.640609
24503.688728,2.051359,0.002565,0.347442,0.022954,0.458389,0.001276,-0.000460,-0.011596,-0.001075,0.067618,2.292382,3.001075,2.360000,3.000000,1,14.690023
24503.708724,2.054126,0.001789,0.362676,0.024052,0.453329,0.000967,-0.000200,-0.010087,0.002554,0.068741,2.341259,2.997446,2.410000,3.000000,1,14.738405
24503.728727,2.056344,0.001787,0.381368,0.025058,0.448964,0.000525,-0.000074,-0.003604,0.005990,0.066567,2.390100,2.994010,2.456667,3.000000,1,14.787370
24503.764394,2.057827,0.001903,0.406044,0.025506,0.444332,0.000120,0.000150,-0.012068,0.009077,0.067815,2.438852,2.990923,2.506667,3.000000,1,14.836539
24503.770202,2.059136,0.001675,0.423202,0.025072,0.440213,0.001170,-0.000239,0.005222,0.011774,0.070265,2.486402,2.988226,2.556667,3.000000,1,14.884521
24503.788732,2.060430,0.001335,0.431491,0.022581,0.435909,0.001034,0.000573,0.018469,0.014088,0.068642,2.534691,2.985912,2.603333,3.000000,1,14.932627
24503.808725,2.061649,0.001042,0.434024,0.019874,0.431162,0.001202,0.001194,0.038275,0.015259,0.067002,2.582998,2.984741,2.650000,3.000000,1,14.980736
24503.828721,2.062798,0.000776,0.431151,0.016539,0.426120,0.001532,0.002077,0.066703,0.015703,0.068215,2.631785,2.984297,2.700000,3.000000,1,15.029075
24503.865076,2.064009,0.000720,0.429842,0.011585,0.421452,0.001609,0.000923,0.107125,0.016057,0.066571,2.680096,2.983943,2.746667,3.000000,1,15.077661
24503.871149,2.064579,-0.001622,0.374200,0.007874,0.417046,-0.000089,0.000211,-0.055776,0.015834,0.060328,2.736339,2.984166,2.796667,3.000000,1,15.129583
24503.888732,2.064243,-0.002673,0.276059,0.004679,0.411998,0.000813,0.001553,0.050313,0.015165,0.071050,2.775616,2.984835,2.846667,3.000000,1,15.177785
24503.908721,2.064095,-0.002091,0.236718,-0.000135,0.412667,0.000797,0.003037,0.096842,0.014896,0.073587,2.823080,2.985104,2.896667,3.000000,1,15.221515
24503.928720,2.063845,-0.001052,0.214531,-0.004535,0.413198,0.000592,0.001106,0.058384,0.012786,0.069145,2.870855,2.987214,2.940000,3.000000,1,15.269368
24503.965593,2.063412,-0.003444,0.129553,-0.008254,0.413729,0.001223,-0.000050,0.096347,0.010848,0.067057,2.919609,2.989152,2.986667,3.000000,1,15.317496
24503.971112,2.062813,-0.004273,0.022130,-0.010373,0.414449,-0.000336,0.001673,-0.020829,0.008985,0.068936,2.967730,2.991015,3.036667,3.000000,1,15.365454
24503.988715,2.062210,-0.003068,-0.034140,-0.012525,0.415589,0.000136,0.000755,0.019998,0.006497,0.069049,3.014284,2.993503,3.083333,3.000000,1,15.412717
24504.008719,2.061557,-0.003242,-0.099431,-0.012617,0.417644,0.000134,0.000583,0.018501,0.004262,0.069153,3.060847,2.995738,3.130000,3.000000,1,15.459169
24504.028722,2.060930,-0.002548,-0.144345,-0.012962,0.419543,0.000094,0.000630,0.019999,0.001990,0.068343,3.108323,2.998010,3.176667,3.000000,1,15.506099
24504.064309,2.060379,-0.001718,-0.167696,-0.013292,0.421497,0.000353,0.000349,0.035866,-0.000524,0.068819,3.154515,3.000524,3.223333,3.000000,1,15.552990
24504.069543,2.059796,-0.001135,-0.179699,-0.013467,0.423671,-0.000472,0.000685,0.006839,-0.002876,0.068351,3.201649,3.002876,3.270000,3.000000,1,15.599774
24504.088721,2.059217,-0.000660,-0.181715,-0.013845,0.425782,0.000092,0.000080,0.004729,-0.004498,0.069129,3.247538,3.004498,3.316667,3.000000,1,15.646351
24504.108720,2.059041,-0.001290,-0.205305,-0.013063,0.427716,0.000160,-0.000070,-0.003424,-0.006196,0.070469,3.292865,3.006196,3.363333,3.000000,1,15.692242
24504.128718,2.059046,-0.001146,-0.221180,-0.012321,0.429912,0.000238,-0.000045,-0.002563,-0.007535,0.070618,3.339382,3.007535,3.410000,3.000000,1,15.738109
24504.164501,2.059260,-0.000654,-0.222070,-0.011777,0.431741,0.000098,-0.000163,-0.007766,-0.010368,0.071658,3.385009,3.010368,3.456667,3.000000,1,15.784451
24504.170096,2.059498,-0.000394,-0.218496,-0.013017,0.433755,0.000279,0.000104,0.003094,-0.012572,0.070503,3.432831,3.012572,3.503333,3.000000,1,15.831238
24504.188728,2.059828,-0.000362,-0.216742,-0.016962,0.435301,0.000154,0.000315,0.015272,-0.014847,0.071346,3.478654,3.014847,3.550000,3.000000,1,15.877865
24504.208717,2.060185,-0.001255,-0.237285,-0.022626,0.437092,0.000238,0.001445,0.045784,-0.018261,0.072291,3.524376,3.018261,3.596667,3.000000,1,15.923800
24504.228721,2.060665,-0.001671,-0.268138,-0.031714,0.438918,0.000270,0.003374,0.106782,-0.020321,0.073587,3.569746,3.020321,3.643333,3.000000,1,15.969329
24504.261271,2.061099,-0.001824,-0.299006,-0.044634,0.440999,0.000560,0.006852,0.314034,-0.022104,0.070445,3.616222,3.022104,3.686667,3.000000,1,16.015080
24504.268720,2.061617,-0.001112,-0.304636,-0.061352,0.442333,0.000791,0.006884,0.153527,-0.023561,0.071413,3.661920,3.023561,3.733333,3.000000,1,16.061429
24504.288718,2.062074,-0.000640,-0.301553,-0.083654,0.442401,0.001373,0.005138,0.169760,-0.024473,0.073204,3.706796,3.024473,3.780000,3.000000,1,16.106881
24504.308721,2.061527,-0.011812,-0.649170,-0.101533,0.439929,0.002693,0.009201,0.288187,-0.025216,0.071939,3.754728,3.025216,3.826667,3.000000,1,16.152316
24504.328717,2.061516,-0.011377,-0.869108,-0.122944,0.437980,0.004065,0.013565,0.423395,-0.026356,0.069384,3.800616,3.026356,3.870000,3.000000,1,16.198539
24504.364098,2.061367,-0.008312,-0.990360,-0.151979,0.435673,0.010838,0.018154,0.922445,-0.026233,0.069906,3.846761,3.026233,3.916667,3.000000,1,16.244636
24504.369777,2.061214,-0.005441,-1.049466,-0.187989,0.430917,0.003047,0.011867,0.216820,-0.024572,0.072210,3.891124,3.024572,3.963333,3.000000,1,16.289778
24504.388732,2.061123,-0.003166,-1.063625,-0.227989,0.420917,0.003763,0.003142,0.150752,-0.020901,0.070647,3.936323,3.021799,4.006684,2.999955,1,16.333444
24504.408717,2.051106,-0.025760,-1.716939,-0.228606,0.413638,0.000585,0.000033,-0.000117,-0.010402,0.074491,3.980417,3.015437,4.053372,2.997143,1,16.376665
24504.428721,2.038225,-0.032375,-2.414397,-0.229321,0.412873,0.000248,0.000077,0.001801,-0.002407,0.076437,4.021773,3.007721,4.096316,2.990636,1,16.419322
24504.464132,2.025987,-0.026794,-2.880467,-0.227679,0.415320,0.009547,-0.006992,0.125164,0.005649,0.073324,4.063202,2.995747,4.135318,2.981341,1,16.462097
24504.469550,2.014141,-0.017573,-3.161631,-0.221366,0.417933,-0.008765,0.006098,-0.111142,0.011046,0.070440,4.106779,2.982324,4.176581,2.967781,1,16.506600
24504.488719,2.002309,-0.008604,-3.317990,-0.214595,0.420866,-0.000935,-0.000540,-0.028739,0.015271,0.071170,4.148871,2.966760,4.219519,2.949234,1,16.552084
24504.508717,1.990803,-0.000772,-3.378285,-0.208300,0.423686,-0.000376,-0.000506,-0.024036,0.017330,0.069583,4.189116,2.949497,4.257678,2.928488,1,16.597182
24504.528723,1.979809,0.005208,-3.370501,-0.203485,0.427042,-0.000343,-0.000600,-0.019262,0.023137,0.072863,4.224205,2.927129,4.296590,2.902535,1,16.641220
24504.564513,1.969265,0.008284,-3.325342,-0.197787,0.429806,0.006525,-0.000243,-0.092053,0.026102,0.072753,4.258551,2.903762,4.330405,2.875276,1,16.684576
24504.570413,1.958793,0.008515,-3.280311,-0.192425,0.433137,-0.007969,-0.002328,-0.001246,0.030592,0.073203,4.289058,2.877026,4.361727,2.845186,1,16.727822
24504.588729,1.948282,0.006821,-3.249468,-0.185856,0.436935,-0.003080,-0.003211,-0.083692,0.032639,0.072771,4.319360,2.848900,4.390320,2.812491,1,16.770662
24504.608720,1.938343,0.004789,-3.219794,-0.178818,0.441666,-0.001483,-0.001395,-0.061606,0.031543,0.071626,4.349981,2.819524,4.415967,2.777438,1,16.813504
24504.628722,1.930616,0.005388,-3.131984,-0.172981,0.446895,-0.000669,-0.001014,-0.030640,0.035219,0.072261,4.372863,2.786734,4.438475,2.740291,1,16.856473
24504.665956,1.924616,0.004928,-3.007676,-0.165622,0.451355,0.002280,0.000568,-0.157456,0.032310,0.068288,4.398917,2.753500,4.456318,2.704386,1,16.899638
24504.671862,1.918932,0.002047,-2.922791,-0.158234,0.456598,-0.005899,-0.004837,0.001995,0.034129,0.060316,4.420309,2.709796,4.472335,2.664012,1,16.945960
24504.688731,1.912146,-0.002062,-2.865190,-0.146353,0.457943,-0.000611,-0.001129,-0.049800,0.035560,0.070583,4.434237,2.679234,4.485594,2.619159,1,16.988567
24504.708720,1.910156,0.000302,-2.729444,-0.137791,0.463351,-0.000883,-0.001736,-0.052362,0.032545,0.070791,4.451101,2.641539,4.494103,2.576566,1,17.027188
24504.728718,1.908416,0.000212,-2.562069,-0.130447,0.468386,-0.001617,-0.003096,-0.093234,0.029699,0.067101,4.464101,2.601468,4.498649,2.536730,1,17.069068
24504.787231,1.906753,-0.002475,-2.453250,-0.121791,0.473387,-0.002212,0.003008,-0.120582,0.016992,0.026081,4.483008,2.522748,4.500000,2.496667,1,17.127942
24504.793029,1.907045,-0.002491,-2.171512,-0.107412,0.468459,0.000432,-0.003806,0.038403,0.003001,0.037536,4.496999,2.474203,4.500000,2.436667,1,17.192286
24504.813030,1.907961,-0.005262,-2.065863,-0.097051,0.464631,-0.000699,-0.001486,-0.070862,0.001033,0.058966,4.498967,2.432299,4.500000,2.373333,1,17.240480
24504.863027,1.909244,-0.003067,-1.916753,-0.087421,0.462484,-0.003242,0.002585,-0.198162,-0.006819,0.067332,4.506819,2.390666,4.500000,2.323333,1,17.283720
24504.873075,1.911141,-0.001147,-1.722062,-0.081153,0.461452,0.002605,-0.004345,0.105787,-0.015809,0.027993,4.515809,2.307993,4.500000,2.280000,1,17.344013
24504.893136,1.914920,-0.004588,-1.507577,-0.071291,0.455139,-0.000259,-0.001729,-0.072420,-0.020624,0.047279,4.520624,2.267279,4.500000,2.220000,1,17.405758
24504.913129,1.917004,-0.004056,-1.421179,-0.064211,0.453322,-0.000056,-0.000428,-0.021593,-0.020995,0.065711,4.520995,2.225711,4.500000,2.160000,1,17.450180
24504.957977,1.919382,-0.001809,-1.269243,-0.056800,0.452076,-0.002974,0.001433,-0.124048,-0.027391,0.071366,4.527391,2.184700,4.500000,2.113333,1,17.492025
24504.963651,1.921826,-0.001051,-1.131833,-0.051376,0.452604,0.003256,-0.002413,0.081161,-0.033239,0.039785,4.533239,2.113119,4.500000,2.073333,1,17.546155
24504.973124,1.925837,-0.002840,-1.001816,-0.044928,0.446792,-0.000150,-0.001368,-0.038518,-0.033766,0.077668,4.533766,2.097668,4.500000,2.020000,1,17.591543
24504.993114,1.926846,-0.002725,-0.971962,-0.039843,0.450293,-0.000064,-0.000670,-0.032852,-0.031249,0.082070,4.531249,2.055403,4.500000,1.973333,1,17.622991
24505.013115,1.929483,-0.000678,-0.852843,-0.034468,0.452865,0.000024,-0.000393,-0.019294,-0.040893,0.068326,4.540893,2.011659,4.500000,1.943333,1,17.664070
24505.060152,1.932376,0.000328,-0.731724,-0.033659,0.454988,-0.003895,0.001527,-0.054984,-0.050212,0.070610,4.550212,1.970610,4.500000,1.900000,1,17.707077
24505.065722,1.935296,-0.000198,-0.645865,-0.035221,0.457702,0.004000,-0.001227,0.047132,-0.049736,0.042752,4.549736,1.899419,4.500000,1.856667,1,17.762072
24505.073117,1.940135,-0.001926,-0.586967,-0.033374,0.454136,0.000122,-0.000207,-0.003505,-0.049733,0.080559,4.549733,1.883893,4.500000,1.803333,1,17.806762
24505.093128,1.941290,-0.002387,-0.583788,-0.031098,0.458885,0.000010,-0.000245,-0.012657,-0.047470,0.084722,4.547470,1.841389,4.500000,1.756667,1,17.837449
24505.113130,1.944392,-0.002368,-0.566171,-0.027383,0.462710,0.000060,-0.000235,-0.012185,-0.052958,0.070866,4.552958,1.797533,4.500000,1.726667,1,17.879082
24505.157739,1.947782,-0.001552,-0.526656,-0.025540,0.466071,-0.004148,0.000340,-0.034978,-0.048981,0.067191,4.548981,1.753858,4.500000,1.686667,1,17.923268
24505.163571,1.951329,-0.001112,-0.484596,-0.021593,0.468874,0.004686,-0.000950,0.015888,-0.053330,0.043964,4.553330,1.683964,4.500000,1.640000,1,17.978877
24505.173137,1.957087,-0.001546,-0.447308,-0.018430,0.465024,-0.000212,-0.000761,-0.020728,-0.052996,0.081557,4.552996,1.668224,4.500000,1.586667,1,18.023720
24505.193120,1.958504,-0.001157,-0.431468,-0.015728,0.470458,0.000035,-0.000186,-0.010396,-0.050032,0.084748,4.550032,1.624748,4.500000,1.540000,1,18.054900
24505.213125,1.962230,0.000490,-0.359956,-0.013640,0.474999,0.000021,-0.000133,-0.006964,-0.055799,0.071986,4.555799,1.581986,4.500000,1.510000,1,18.096106
24505.257911,1.966155,0.000826,-0.300406,-0.015553,0.479120,-0.004907,0.000816,-0.003365,-0.058246,0.068589,4.558246,1.538589,4.500000,1.470000,1,18.139764
24505.263657,1.970264,-0.000006,-0.272246,-0.020289,0.483383,0.005516,-0.000088,0.017813,-0.047752,0.041323,4.547752,1.467990,4.500000,1.426667,1,18.195699
24505.273101,1.976986,-0.000987,-0.265256,-0.023839,0.478586,-0.000195,0.001382,0.032621,-0.047342,0.082207,4.547342,1.452207,4.500000,1.370000,1,18.240847
24505.293122,1.978571,-0.001241,-0.268924,-0.027948,0.483351,0.000030,0.000800,0.040005,-0.047064,0.087599,4.547064,1.410932,4.500000,1.323333,1,18.271731
24505.313119,1.982550,-0.003670,-0.329655,-0.033857,0.487070,0.000185,0.000394,0.019973,-0.046158,0.073282,4.546158,1.366616,4.500000,1.293333,1,18.312754
24505.357231,1.986744,-0.005704,-0.433578,-0.041394,0.490218,-0.004663,-0.000940,0.111022,-0.043341,0.070462,4.543341,1.323795,4.500000,1.253333,1,18.356037
24505.363269,1.990889,-0.006919,-0.545531,-0.049948,0.493087,0.005416,0.002483,-0.060215,-0.043357,0.043797,4.543357,1.253797,4.500000,1.210000,1,18.410771
24505.373120,1.997463,-0.005627,-0.662056,-0.071753,0.489357,0.000230,0.003885,0.103358,-0.042538,0.084483,4.542538,1.237816,4.500000,1.153333,1,18.455209
24505.393122,1.998955,-0.006527,-0.706494,-0.089630,0.493275,0.001000,0.002614,0.128365,-0.043521,0.082346,4.543521,1.192346,4.500000,1.110000,1,18.487831
24505.413122,2.001890,-0.013392,-0.957353,-0.111562,0.496803,0.000623,0.001272,0.062309,-0.037469,0.071013,4.537469,1.147680,4.500000,1.076667,1,18.531125
24505.457162,2.003543,-0.019002,-1.325007,-0.131882,0.500029,-0.000123,-0.004125,0.324580,-0.032489,0.067516,4.532489,1.100849,4.500000,1.033333,1,18.575703
24505.462878,2.004388,-0.020821,-1.677958,-0.155834,0.504322,0.001695,0.007465,-0.219646,-0.029216,0.039636,4.529903,1.029039,4.499900,0.989996,1,18.631797
24505.473122,2.005654,-0.015128,-2.031105,-0.183583,0.502913,0.001520,0.003150,0.105421,-0.017191,0.079961,4.523232,1.010462,4.495558,0.933497,1,18.677391
24505.493120,2.005136,-0.015979,-2.136609,-0.209249,0.507044,0.002234,0.002515,0.109343,-0.008731,0.082840,4.514331,0.966334,4.487198,0.887579,1,18.710537
24505.513122,2.001616,-0.019734,-2.468534,-0.229605,0.509951,0.000926,0.000738,0.030673,-0.005368,0.073740,4.505091,0.924391,4.478621,0.855356,1,18.752866
24505.557678,1.995517,-0.021034,-2.837129,-0.241662,0.512750,0.009826,-0.007106,0.250266,-0.003687,0.071887,4.495188,0.883136,4.465524,0.817551,1,18.794336
24505.563340,1.988492,-0.017996,-3.131096,-0.250939,0.517147,-0.009378,0.008391,-0.212295,0.002095,0.045020,4.466093,0.819187,4.447974,0.777921,1,18.847631
24505.573122,1.976789,-0.008594,-3.418825,-0.250998,0.515774,0.000952,-0.000328,0.013251,0.008224,0.079825,4.457704,0.803220,4.421770,0.731467,1,18.893531
24505.593124,1.973536,-0.006523,-3.468551,-0.255971,0.522928,0.000439,0.000191,0.005427,0.002904,0.082664,4.443305,0.760378,4.394893,0.693309,1,18.925678
24505.613123,1.965183,-0.001969,-3.569965,-0.261375,0.529616,0.000313,0.000469,0.012910,0.006342,0.067759,4.415714,0.725279,4.375782,0.670170,1,18.967082
24505.658935,1.956393,0.001968,-3.635250,-0.266309,0.534526,0.012615,-0.001965,0.056202,0.000446,0.068906,4.395267,0.686845,4.345807,0.638866,1,19.010004
24505.665339,1.947423,0.004550,-3.683209,-0.274085,0.539913,-0.011720,0.001996,-0.034947,-0.004549,0.045769,4.351757,0.635402,4.313233,0.610275,1,19.061637
24505.673121,1.932529,0.006824,-3.738105,-0.277263,0.537679,0.000511,0.000502,0.009468,-0.001252,0.075902,4.337037,0.621291,4.272739,0.580937,1,19.104934
24505.693122,1.929046,0.007259,-3.745022,-0.285653,0.541681,0.000542,0.000249,0.007869,-0.007667,0.078207,4.308028,0.588952,4.235423,0.558892,1,19.136244
24505.713125,1.918876,0.006588,-3.786201,-0.292622,0.544781,0.000411,0.000163,0.004539,-0.013558,0.066298,4.274446,0.560891,4.208535,0.545563,1,19.175327
24505.757035,1.908346,0.005708,-3.830877,-0.297476,0.547097,0.012994,0.000770,0.042294,-0.020166,0.067203,4.241575,0.534457,4.171532,0.530344,1,19.214710
24505.762637,1.897544,0.004861,-3.873960,-0.299803,0.549622,-0.014430,-0.000884,-0.042336,-0.027157,0.046927,4.185904,0.504484,4.133432,0.518133,1,19.261515
24505.773124,1.880060,0.003731,-3.928027,-0.293581,0.546146,0.001318,-0.000063,-0.001410,-0.026124,0.076404,4.167726,0.495508,4.087919,0.507790,1,19.300620
24505.793122,1.876092,0.003521,-3.937775,-0.292221,0.550423,-0.000995,-0.000261,-0.005154,-0.030233,0.086051,4.136851,0.480555,4.048282,0.502337,1,19.326522
24505.813129,1.865523,0.002913,-3.952180,-0.284769,0.554460,0.000197,0.000049,-0.004038,-0.031598,0.069947,4.092921,0.471933,4.021671,0.500470,1,19.361349
24505.857731,1.857318,0.002739,-3.946889,-0.284217,0.559221,0.009126,0.001818,-0.012970,-0.031921,0.061791,4.049358,0.466781,3.988328,0.500136,1,19.401519
24505.863494,1.849159,0.001759,-3.937811,-0.281446,0.561613,-0.010008,-0.002221,0.007965,-0.030829,0.038419,3.983431,0.468041,3.948399,0.502670,1,19.451679
24505.873128,1.837037,-0.000746,-3.925109,-0.275259,0.555141,0.000723,-0.000091,-0.007252,-0.031026,0.073290,3.964492,0.465118,3.898982,0.510311,1,19.491916
24505.893128,1.834565,-0.001260,-3.919765,-0.273981,0.557635,-0.000138,-0.000218,-0.009143,-0.032752,0.073985,3.922023,0.467817,3.860152,0.519956,1,19.520950
24505.913127,1.828200,-0.002590,-3.902829,-0.272239,0.559385,-0.000048,-0.000038,-0.002722,-0.031384,0.062911,3.880270,0.478472,3.831604,0.529210,1,19.560387
24505.961777,1.822431,-0.003945,-3.880054,-0.269423,0.559852,0.007057,0.002483,-0.028932,-0.035508,0.061386,3.835869,0.486582,3.794501,0.544182,1,19.600586
24505.968823,1.817247,-0.005546,-3.859431,-0.263848,0.559406,-0.007143,-0.002758,0.015067,-0.032785,0.033906,3.772590,0.516995,3.758714,0.562072,1,19.652219
24505.974358,1.808524,-0.008591,-3.831099,-0.252043,0.550528,0.000078,-0.000514,-0.014479,-0.027883,0.079134,3.765500,0.520487,3.716179,0.588362,1,19.691222
24505.993130,1.807680,-0.008839,-3.827284,-0.246302,0.552595,-0.000958,-0.000926,-0.030387,-0.026686,0.082466,3.731251,0.539596,3.684175,0.612373,1,19.714958
24506.013128,1.804254,-0.008904,-3.782946,-0.239198,0.554353,-0.000247,-0.000277,-0.011867,-0.025814,0.067456,3.699455,0.563304,3.666427,0.627536,1,19.750907
24506.059112,1.802239,-0.008489,-3.701404,-0.231336,0.555876,0.000903,0.002340,-0.099122,-0.023764,0.068372,3.670364,0.587273,3.640021,0.652991,1,19.787661
24506.064603,1.801005,-0.008889,-3.613891,-0.223364,0.557724,-0.000833,-0.003038,0.070376,-0.020538,0.042476,3.626919,0.634522,3.615552,0.680313,1,19.835394
24506.073124,1.800185,-0.011741,-3.510306,-0.207268,0.550143,-0.000838,-0.001895,-0.045037,-0.015137,0.077095,3.618478,0.645387,3.587418,0.717553,1,19.875192
24506.093145,1.799963,-0.012357,-3.488059,-0.194047,0.554225,-0.001426,-0.002368,-0.072310,-0.009902,0.081169,3.597914,0.676094,3.566156,0.751445,1,19.901942
24506.113128,1.801371,-0.010902,-3.357219,-0.180838,0.557735,-0.001061,-0.001458,-0.062135,-0.006216,0.069420,3.579214,0.710151,3.553517,0.774938,1,19.937999
24506.158769,1.804323,-0.008905,-3.188328,-0.166930,0.560242,-0.006407,0.002799,-0.220579,-0.002013,0.068501,3.562628,0.744236,3.538220,0.808273,1,19.976311
24506.164599,1.808905,-0.007137,-2.971631,-0.154347,0.562217,0.006192,-0.004623,0.147772,-0.001638,0.041933,3.537050,0.802322,3.525408,0.842640,1,20.025672
24506.173140,1.816887,-0.010624,-2.739456,-0.138346,0.555586,-0.001137,-0.003631,-0.085853,0.005619,0.077287,3.534421,0.816635,3.512063,0.890831,1,20.066697
24506.193127,1.818706,-0.011714,-2.703844,-0.123127,0.560189,-0.000638,-0.001168,-0.053702,0.011429,0.081840,3.526655,0.853904,3.504442,0.933497,1,20.096192
24506.213122,1.826063,-0.005868,-2.419155,-0.109818,0.562508,-0.001134,-0.003033,-0.090045,0.015623,0.071059,3.522856,0.890440,3.501601,0.960022,1,20.133263
24506.264984,1.833285,-0.005906,-2.194412,-0.096012,0.564895,-0.015498,-0.001900,-0.413256,0.017311,0.071608,3.517311,0.928392,3.500000,1.000000,1,20.171751
24506.272079,1.840432,-0.008538,-2.066256,-0.080327,0.568200,0.010275,-0.009227,-0.084012,0.013391,0.027249,3.513391,1.009418,3.500000,1.036667,1,20.229317
24506.277755,1.854353,-0.013008,-1.995271,-0.052298,0.562210,-0.001454,-0.007097,-0.157327,0.012754,0.076471,3.512754,1.016862,3.500000,1.093333,1,20.275781
24506.293137,1.856004,-0.011762,-1.965737,-0.029798,0.566676,-0.000389,-0.003188,-0.111575,0.014585,0.093680,3.514585,1.046320,3.500000,1.140000,1,20.298522
24506.313126,1.864011,0.005382,-1.489546,-0.017023,0.566840,-0.000151,-0.000850,-0.041330,0.016401,0.076104,3.516401,1.087229,3.500000,1.163333,1,20.332750
24506.359258,1.874211,0.013487,-0.912827,-0.007748,0.564847,-0.013053,0.005773,-0.278019,0.015232,0.067810,3.515232,1.128857,3.500000,1.196667,1,20.373552
24506.364887,1.884398,0.012143,-0.523498,0.002984,0.562771,0.013442,-0.007098,0.185229,0.009941,0.038577,3.509941,1.201423,3.500000,1.240000,1,20.428808
24506.373137,1.900639,0.005413,-0.228624,0.019263,0.555581,0.000124,-0.004408,-0.103439,0.012904,0.078847,3.512904,1.214486,3.500000,1.293333,1,20.474025
24506.393143,1.904560,0.004127,-0.194648,0.039493,0.554509,0.000413,-0.001321,-0.068206,0.010815,0.082205,3.510815,1.257795,3.500000,1.340000,1,20.504934
24506.413132,1.913568,0.012713,0.163289,0.057763,0.550432,0.000627,-0.001232,-0.059318,0.006225,0.067201,3.506225,1.302799,3.500000,1.370000,1,20.547246
24506.459686,1.922039,0.016440,0.512457,0.077728,0.546364,-0.008792,0.003383,-0.318995,0.001591,0.065463,3.501591,1.347870,3.500000,1.413333,1,20.592053
24506.465994,1.929624,0.018640,0.846433,0.101831,0.543247,0.010149,-0.006804,0.168520,-0.010343,0.034438,3.489657,1.422228,3.500000,1.456667,1,20.651204
24506.473127,1.941421,0.014660,1.170609,0.137170,0.536307,0.001977,-0.006878,-0.146735,-0.009733,0.078641,3.492621,1.437785,3.499721,1.516707,1,20.700684
24506.493129,1.944131,0.013682,1.219553,0.173479,0.536232,0.002203,-0.002455,-0.119988,-0.022248,0.081314,3.484327,1.483089,3.495539,1.566643,1,20.735639
24506.513128,1.945678,0.027326,1.743274,0.194598,0.532606,0.001329,-0.000995,-0.042107,-0.028357,0.068251,3.475787,1.527062,3.489981,1.599593,1,20.780951
24506.559778,1.945316,0.031691,2.265027,0.207460,0.531426,0.003343,0.007977,-0.337291,-0.033154,0.064895,3.465612,1.573223,3.478531,1.644942,1,20.829184
24506.566034,1.943993,0.029580,2.663985,0.219820,0.532824,-0.001160,-0.008984,0.251670,-0.039260,0.034193,3.439473,1.642526,3.462893,1.689024,1,20.890901
24506.573102,1.941849,0.019889,3.029822,0.222503,0.527550,0.000318,-0.000872,-0.008694,-0.045361,0.076923,3.433605,1.656844,3.435224,1.746131,1,20.942400
24506.593131,1.940790,0.017786,3.088583,0.226567,0.531911,0.000867,-0.000226,-0.005991,-0.042002,0.080502,3.420537,1.698473,3.408401,1.788459,1,20.977870
24506.613129,1.937518,0.014138,3.236500,0.223976,0.534638,0.000340,0.000065,0.005227,-0.041823,0.069208,3.397783,1.737665,3.386107,1.817681,1,21.022288
24506.658831,1.934009,0.009866,3.326720,0.218908,0.537276,0.004943,0.003400,0.004261,-0.043121,0.063864,3.370989,1.774197,3.357080,1.849991,1,21.070105
24506.664290,1.930791,0.005637,3.362969,0.211041,0.540096,-0.004488,-0.002674,0.009681,-0.039427,0.037276,3.323627,1.829822,3.320255,1.883975,1,21.130408
24506.673139,1.925597,0.001506,3.365427,0.199029,0.537147,-0.000293,0.001395,0.032417,-0.044332,0.077222,3.312560,1.840445,3.271852,1.919638,1,21.180038
24506.693127,1.924495,0.000615,3.354503,0.186885,0.543103,-0.000185,0.000553,0.027098,-0.043454,0.079699,3.279517,1.869671,3.228483,1.944742,1,21.215154
24506.713131,1.923778,-0.003897,3.232102,0.174733,0.547368,0.000051,0.000561,0.028902,-0.039679,0.068317,3.245250,1.895494,3.198267,1.959010,1,21.259187
24506.759531,1.924311,-0.006005,3.081709,0.159498,0.550229,-0.002200,-0.003646,0.210522,-0.036428,0.066097,3.208919,1.919071,3.157684,1.974485,1,21.304099
24506.765490,1.926073,-0.006850,2.904872,0.143122,0.552589,0.002550,0.005481,-0.126556,-0.026903,0.039765,3.145337,1.951972,3.112656,1.987143,1,21.360157
24506.773118,1.929628,-0.002742,2.691385,0.121937,0.547034,-0.000395,0.003585,0.080256,-0.031070,0.078799,3.131462,1.956971,3.056694,1.996775,1,21.406255
24506.793119,1.931080,-0.002371,2.638083,0.102769,0.552618,-0.000416,0.001228,0.066816,-0.026135,0.076826,3.089467,1.971642,3.013367,1.999821,1,21.439514
24506.813116,1.936758,-0.009372,2.281534,0.091123,0.555238,-0.000378,0.002707,0.084611,-0.014591,0.067090,3.047090,1.985409,2.980000,2.000000,1,21.481738
24506.858172,1.942789,-0.007977,1.999359,0.083369,0.555961,-0.008357,-0.004376,0.250378,-0.000757,0.066442,3.003109,1.999243,2.936667,2.000000,1,21.525491
24506.863960,1.949515,-0.006446,1.760834,0.079296,0.553517,0.009179,0.005111,-0.177098,0.018928,0.036842,2.930176,2.018928,2.893333,2.000000,1,21.583252
24506.873121,1.960673,-0.001346,1.506171,0.083048,0.543517,0.000072,-0.000605,-0.004869,0.020579,0.080318,2.913651,2.020579,2.833333,2.000000,1,21.630519
24506.893128,1.963459,-0.000424,1.465957,0.085579,0.536832,0.000766,-0.000372,-0.017303,0.027638,0.083070,2.869737,2.027638,2.786667,2.000000,1,21.663348
24506.913132,1.969610,0.002798,1.424842,0.090243,0.527300,0.000570,-0.000285,-0.013503,0.033177,0.071675,2.825008,2.033177,2.753333,2.000000,1,21.706893
24506.959624,1.974759,0.005675,1.448626,0.096958,0.517300,-0.004281,0.000062,-0.082155,0.037187,0.070207,2.780207,2.037187,2.710000,2.000000,1,21.751279
24506.965686,1.979058,0.007791,1.510573,0.106398,0.507300,0.005433,-0.001552,0.037455,0.043315,0.040845,2.707511,2.043315,2.666667,2.000000,1,21.807489
24506.973123,1.985225,0.007633,1.592570,0.127072,0.497300,0.001433,-0.003574,-0.079134,0.040748,0.079183,2.689183,2.040748,2.610000,2.000000,1,21.854442
24506.993131,1.986735,0.007516,1.609369,0.145590,0.487950,0.002200,-0.002508,-0.114232,0.040588,0.079797,2.643130,2.040588,2.563333,2.000000,1,21.888513
24507.013136,1.987339,0.014216,1.827302,0.163260,0.478837,0.001107,-0.000905,-0.040681,0.038617,0.067185,2.597185,2.038617,2.530000,2.000000,1,21.931731
24507.058961,1.985281,0.018882,2.140965,0.178289,0.471113,0.006306,0.004420,-0.263730,0.033070,0.065392,2.551117,2.034627,2.486633,1.999821,1,21.975211
24507.064742,1.981956,0.019386,2.423488,0.191296,0.464576,-0.004178,-0.006013,0.193577,0.024946,0.038447,2.478676,2.025920,2.443306,1.996775,1,22.030486
24507.073122,1.976078,0.013767,2.706456,0.205138,0.454576,0.001750,-0.002263,-0.054171,0.014748,0.078461,2.460464,2.019190,2.387344,1.987143,1,22.076934
24507.093131,1.974584,0.012131,2.747748,0.216101,0.451028,0.002576,-0.001683,-0.069216,0.007682,0.080690,2.416466,2.007222,2.342316,1.974485,1,22.110669
24507.113128,1.968252,0.012163,2.904908,0.222913,0.447108,0.000877,-0.000315,-0.010720,0.003355,0.068881,2.373477,1.992040,2.310976,1.962893,1,22.154253
24507.159883,1.959546,0.012204,3.089200,0.225388,0.444261,0.013534,0.003672,-0.109785,-0.001149,0.067683,2.332245,1.974649,2.271517,1.944742,1,22.198704
24507.165954,1.950440,0.010154,3.226003,0.223893,0.442112,-0.011972,-0.003533,0.092331,-0.002559,0.040685,2.269583,1.942731,2.233782,1.923235,1,22.253418
24507.173135,1.935540,0.005714,3.348027,0.218461,0.435474,-0.000181,0.000348,0.011930,-0.010120,0.077345,2.254213,1.930759,2.187509,1.890320,1,22.300638
24507.193131,1.931962,0.004766,3.364653,0.209406,0.437708,-0.000086,0.000517,0.024912,-0.013972,0.078708,2.218694,1.904086,2.152404,1.859412,1,22.335618
24507.213128,1.923382,0.001443,3.351337,0.197591,0.438464,-0.000066,0.000526,0.025182,-0.015704,0.067430,2.186052,1.874868,2.129174,1.835392,1,22.378412
24507.260865,1.915906,-0.001350,3.280039,0.181296,0.438127,0.008536,-0.002449,0.184673,-0.018356,0.064427,2.155003,1.842212,2.101466,1.801944,1,22.423764
24507.266751,1.910008,-0.003491,3.156346,0.158374,0.436919,-0.008070,0.005309,-0.107839,-0.021959,0.029254,2.109070,1.776682,2.074995,1.763383,1,22.485669
24507.273125,1.900805,-0.000395,2.963317,0.118374,0.430606,-0.000681,0.005346,0.133705,-0.028570,0.078826,2.105551,1.769944,2.046455,1.710467,1,22.534526
24507.293160,1.899936,-0.000710,2.929710,0.079724,0.435049,-0.001254,0.004095,0.210394,-0.032891,0.083470,2.086117,1.732075,2.027665,1.664012,1,22.564815
24507.313130,1.899780,-0.015321,2.398987,0.045269,0.432092,0.000685,0.002321,0.119305,-0.032127,0.068722,2.068186,1.692781,2.018659,1.635318,1,22.607465
24507.362539,1.901823,-0.023231,1.713865,0.010596,0.428499,-0.002020,-0.011502,0.656204,-0.032950,0.067452,2.053657,1.653177,2.008732,1.593034,1,22.651274
24507.368171,1.903957,-0.024633,1.045686,-0.024092,0.426193,0.003100,0.016540,-0.414953,-0.019514,0.032173,2.025147,1.580106,2.002511,1.550048,1,22.707945
24507.374504,1.907346,-0.011530,0.370217,-0.062542,0.419437,0.000522,0.007661,0.206013,-0.021997,0.079762,2.023017,1.572777,1.999955,1.493316,1,22.752471
24507.393138,1.907705,-0.011272,0.313810,-0.096545,0.421360,0.001331,0.003131,0.118695,-0.005779,0.083596,2.011607,1.532549,1.997489,1.449952,1,22.780249
24507.413132,1.907089,-0.027830,-0.424119,-0.118501,0.420083,0.000836,0.001349,0.061025,0.007574,0.073794,1.997891,1.494189,1.993580,1.420133,1,22.819689
24507.462540,1.905419,-0.033034,-1.106573,-0.134653,0.421497,0.003507,-0.007843,0.414711,0.016654,0.067666,1.985865,1.453773,1.986379,1.384090,1,22.862533
24507.468328,1.903380,-0.031613,-1.601307,-0.152569,0.425940,-0.002123,0.009890,-0.295033,0.027590,0.033445,1.958850,1.382756,1.974485,1.342316,1,22.921197
24507.474644,1.900210,-0.022286,-2.041929,-0.171206,0.423754,0.001182,0.002560,0.080492,0.034785,0.082305,1.955817,1.375784,1.952129,1.286506,1,22.968500
24507.493132,1.899727,-0.021673,-2.072208,-0.186691,0.430339,0.000966,0.001837,0.065143,0.041392,0.084793,1.937799,1.339242,1.930201,1.245192,1,22.999222
24507.513125,1.895139,-0.025264,-2.350092,-0.197547,0.436145,0.000470,0.001627,0.048492,0.041839,0.073307,1.920535,1.303949,1.914103,1.219788,1,23.039331
24507.562519,1.889523,-0.025580,-2.614035,-0.207192,0.442459,0.009030,-0.003617,0.248062,0.042195,0.069973,1.901112,1.268504,1.890320,1.187509,1,23.080467
24507.568481,1.883624,-0.024539,-2.817906,-0.217004,0.448516,-0.008307,0.004625,-0.179999,0.039602,0.035517,1.857597,1.207849,1.861727,1.154814,1,23.137568
24507.574352,1.873285,-0.020269,-3.070364,-0.220203,0.447292,0.000836,0.000443,0.022135,0.044978,0.080161,1.853006,1.201909,1.820255,1.116025,1,23.183618
24507.593134,1.872065,-0.019788,-3.088198,-0.222436,0.453603,-0.000023,0.000453,0.010602,0.045305,0.082894,1.825675,1.172044,1.782974,1.087779,1,23.212721
24507.613136,1.865690,-0.018896,-3.189963,-0.220190,0.459334,-0.000086,-0.000088,-0.004119,0.041567,0.067148,1.796189,1.143711,1.760537,1.073244,1,23.253003
24507.662187,1.859524,-0.017381,-3.262982,-0.215037,0.465129,0.007383,-0.001646,-0.007911,0.037878,0.063787,1.765353,1.116316,1.725505,1.053741,1,23.294667
24507.667519,1.854076,-0.015186,-3.288603,-0.208576,0.471020,-0.008063,0.000956,-0.003413,0.021753,0.032031,1.707570,1.067957,1.685925,1.035854,1,23.349537
24507.673237,1.844898,-0.013304,-3.284213,-0.199827,0.471080,-0.000009,-0.000906,-0.019925,0.025593,0.075888,1.701447,1.063835,1.635318,1.018659,1,23.391901
24507.693136,1.843955,-0.013119,-3.279749,-0.192253,0.479461,-0.000972,-0.000938,-0.037519,0.018955,0.083170,1.671224,1.042830,1.593034,1.008732,1,23.416096
24507.713126,1.840789,-0.010595,-3.202298,-0.183458,0.487297,-0.000419,-0.000462,-0.020418,0.012272,0.061403,1.629036,1.025660,1.569954,1.004918,1,23.453444
24507.760985,1.839250,-0.008723,-3.082540,-0.174357,0.492937,0.000179,0.002417,-0.144072,0.006028,0.060636,1.590225,1.010567,1.530061,1.000904,1,23.495448
24507.766849,1.838832,-0.008217,-2.955685,-0.162765,0.497840,-0.000190,-0.003983,0.095788,-0.013964,0.030004,1.520004,0.986036,1.490000,1.000000,1,23.550817
24507.773126,1.838991,-0.011284,-2.801505,-0.144212,0.494649,-0.000714,-0.002336,-0.061557,-0.015990,0.079597,1.512931,0.984010,1.433333,1.000000,1,23.593731
24507.793136,1.839138,-0.011214,-2.781593,-0.130451,0.503623,-0.001176,-0.001759,-0.080906,-0.023761,0.082496,1.472496,0.976239,1.390000,1.000000,1,23.620437
24507.813127,1.841903,-0.005934,-2.552083,-0.120635,0.510531,-0.000496,-0.000709,-0.031030,-0.031888,0.069071,1.432405,0.968112,1.363333,1.000000,1,23.658952
24507.861332,1.845921,-0.003661,-2.295756,-0.115084,0.516461,-0.006482,0.003906,-0.163810,-0.039491,0.063504,1.390170,0.960509,1.326667,1.000000,1,23.700394
24507.867482,1.850972,-0.004629,-2.097312,-0.110526,0.520864,0.007450,-0.004512,0.118268,-0.048260,0.030225,1.313558,0.951740,1.283333,1.000000,1,23.758354
24507.873123,1.860073,-0.009285,-1.920305,-0.108135,0.517589,-0.000489,-0.000390,-0.015612,-0.048632,0.079464,1.306131,0.951368,1.226667,1.000000,1,23.803458
24507.893137,1.861073,-0.009524,-1.907466,-0.106637,0.522663,-0.000230,-0.000227,-0.010639,-0.050543,0.085523,1.265523,0.949457,1.180000,1.000000,1,23.830388
24507.913128,1.866422,-0.009553,-1.831816,-0.110423,0.526004,-0.000019,0.000269,0.012201,-0.050814,0.070290,1.223623,0.949186,1.153333,1.000000,1,23.869186
24507.961274,1.871792,-0.010761,-1.797552,-0.118590,0.528848,-0.006967,0.000675,0.073237,-0.050700,0.062852,1.179519,0.949300,1.116667,1.000000,1,23.911357
24507.969140,1.876868,-0.013097,-1.827383,-0.131892,0.531436,0.007258,0.001724,-0.011648,-0.048649,0.027419,1.100752,0.951351,1.073333,1.000000,1,23.969616
24507.974580,1.885716,-0.013753,-1.899518,-0.158523,0.526957,0.000616,0.003436,0.076022,-0.048089,0.076567,1.093233,0.951911,1.016667,1.000000,1,24.014109
24507.993130,1.886691,-0.013742,-1.906250,-0.179497,0.529343,0.002219,0.004152,0.133417,-0.040513,0.082287,1.049641,0.955517,0.969939,1.000904,1,24.040511
24508.013137,1.888852,-0.020493,-2.123661,-0.201771,0.530856,0.001773,0.002472,0.101335,-0.036611,0.066278,1.005006,0.959335,0.943306,1.003225,1,24.079391
24508.061281,1.889158,-0.026124,-2.427238,-0.221488,0.532508,0.004611,-0.002152,0.397375,-0.031949,0.061024,0.960979,0.965986,0.906966,1.008732,1,24.120899
24508.067105,1.888396,-0.027448,-2.731523,-0.237755,0.534637,0.000987,0.008206,-0.170425,-0.030124,0.028922,0.884372,0.981832,0.864682,1.018659,1,24.177870
24508.073122,1.888217,-0.020520,-3.010239,-0.247457,0.526981,0.001123,0.001259,0.044808,-0.024093,0.081321,0.877154,0.984059,0.810976,1.037107,1,24.220461
24508.093138,1.887669,-0.020629,-3.045491,-0.257079,0.530764,0.001209,0.000642,0.023423,-0.022720,0.083841,0.835710,0.996736,0.771517,1.055258,1,24.245567
24508.113137,1.882899,-0.022539,-3.276778,-0.261772,0.534769,0.000564,0.000201,0.005436,-0.024215,0.062880,0.793431,1.014115,0.750965,1.066431,1,24.285600
24508.161296,1.877625,-0.021255,-3.468289,-0.262671,0.539026,0.008200,-0.004907,0.108319,-0.022535,0.062257,0.755600,1.033967,0.717026,1.087779,1,24.327668
24508.167590,1.872269,-0.018031,-3.601372,-0.258336,0.542878,-0.008536,0.004949,-0.095511,-0.021911,0.033089,0.693950,1.075949,0.682319,1.113893,1,24.381950
24508.173095,1.862177,-0.011757,-3.723873,-0.242652,0.537648,-0.000066,-0.001013,-0.014511,-0.016079,0.081199,0.688274,1.080765,0.642920,1.150009,1,24.422762
24508.193133,1.861053,-0.011135,-3.729930,-0.231961,0.544671,-0.000794,-0.000909,-0.039114,-0.018427,0.077665,0.651619,1.108300,0.616025,1.179745,1,24.449897
24508.213126,1.857662,-0.006268,-3.692683,-0.223354,0.551151,-0.000168,-0.000370,-0.017347,-0.024053,0.063234,0.615609,1.138235,0.597465,1.203410,1,24.490649
24508.260450,1.855778,-0.002700,-3.600716,-0.216698,0.556811,0.001016,0.001505,-0.131407,-0.024952,0.060981,0.585908,1.171638,0.574995,1.236617,1,24.532853
24508.266508,1.854234,-0.002091,-3.511069,-0.208926,0.561530,-0.002569,-0.003438,0.046184,-0.028234,0.037690,0.547367,1.225091,0.555258,1.271517,1,24.584319
24508.273139,1.851684,-0.004921,-3.423011,-0.190078,0.556250,-0.000732,-0.002235,-0.044834,-0.027148,0.074647,0.534905,1.240879,0.533410,1.320296,1,24.625223
24508.293137,1.851592,-0.005260,-3.399310,-0.175716,0.559812,-0.000927,-0.001696,-0.073869,-0.027098,0.075993,0.516068,1.277702,0.520511,1.358259,1,24.654948
24508.313130,1.853878,-0.001388,-3.217354,-0.159840,0.561996,-0.001064,-0.002967,-0.089611,-0.028133,0.065547,0.500215,1.317143,0.512857,1.387344,1,24.694017
24508.361361,1.857123,-0.000713,-3.018112,-0.142962,0.563232,-0.008342,0.003347,-0.344573,-0.023135,0.063123,0.491761,1.360907,0.505396,1.426738,1,24.736006
24508.367509,1.861550,0.000643,-2.791075,-0.124397,0.561512,0.007943,-0.006485,0.215645,-0.020058,0.024987,0.482773,1.440333,0.501117,1.466604,1,24.795053
24508.373486,1.871620,-0.003304,-2.446081,-0.093755,0.552045,-0.001166,-0.004550,-0.117595,-0.021625,0.076013,0.478375,1.450654,0.500000,1.526667,1,24.842422
24508.393136,1.872920,-0.003351,-2.410626,-0.073168,0.554981,-0.000355,-0.002011,-0.100027,-0.023913,0.077989,0.476087,1.495345,0.500000,1.573333,1,24.873263
24508.413117,1.881224,0.007288,-1.940556,-0.057517,0.553403,0.000013,-0.001126,-0.054401,-0.027952,0.064410,0.472048,1.542257,0.500000,1.606667,1,24.917501
24508.461274,1.889872,0.009840,-1.496748,-0.046152,0.551569,-0.011947,0.004156,-0.327813,-0.023131,0.060066,0.476869,1.589934,0.500000,1.650000,1,24.964499
24508.467395,1.898525,0.006150,-1.201095,-0.032180,0.549711,0.012289,-0.009794,0.066184,-0.013470,0.022112,0.486530,1.674554,0.500000,1.696667,1,25.028412
24508.473217,1.913534,-0.001944,-1.005419,-0.011975,0.541026,-0.000629,-0.004340,-0.105269,-0.021677,0.072270,0.478323,1.687730,0.500000,1.760000,1,25.080197
24508.493145,1.915380,-0.001158,-0.970855,-0.003375,0.544614,0.000036,-0.003313,-0.167358,-0.023857,0.080413,0.476143,1.732920,0.500000,1.813333,1,25.112559
24508.513140,1.923895,0.006795,-0.683732,-0.000324,0.547209,0.000326,-0.000222,-0.011274,-0.025615,0.063982,0.474385,1.779351,0.500000,1.843333,1,25.156985
24508.561366,1.932728,0.010146,-0.343580,0.001660,0.549006,-0.011666,0.004046,-0.127762,-0.022320,0.063413,0.477680,1.826587,0.500000,1.890000,1,25.204306
24508.567489,1.941489,0.007911,-0.146866,0.003051,0.549243,0.012883,-0.004084,0.096990,-0.021687,0.028760,0.478313,1.907906,0.500000,1.936667,1,25.267173
24508.573125,1.956971,0.003100,-0.006119,0.000515,0.542659,-0.000359,0.000366,0.002404,-0.029210,0.078908,0.470790,1.921092,0.500000,2.000000,1,25.317341
24508.593146,1.958844,0.002810,0.001614,-0.007848,0.547475,0.000344,0.000714,0.036226,-0.035618,0.082405,0.464382,1.967595,0.500000,2.050000,1,25.349931
24508.613130,1.967294,-0.000405,-0.022971,-0.017882,0.550106,0.000288,0.000748,0.036869,-0.030892,0.068696,0.469108,2.014637,0.500000,2.083333,1,25.395480
24508.660291,1.975606,-0.003850,-0.123448,-0.022842,0.550054,-0.010204,-0.001128,0.106333,-0.034211,0.064416,0.465789,2.062250,0.500000,2.126667,1,25.443383
24508.666270,1.983847,-0.005513,-0.240891,-0.032118,0.549568,0.010510,0.002566,-0.052047,-0.035914,0.042120,0.464086,2.134547,0.500000,2.176667,1,25.501647
24508.673140,1.996621,-0.004208,-0.349406,-0.050021,0.544432,0.001135,0.003847,0.083041,-0.034401,0.075042,0.465599,2.158292,0.500000,2.233333,1,25.551468
24508.693127,1.999992,-0.003844,-0.365092,-0.068548,0.544720,0.000726,0.001354,0.076476,-0.032162,0.077506,0.467838,2.205828,0.500000,2.283333,1,25.589096
24508.713125,2.006467,-0.012956,-0.669428,-0.085965,0.541693,0.000803,0.001175,0.056956,-0.033299,0.066128,0.466701,2.253872,0.500000,2.320000,1,25.635370
24508.761150,2.012209,-0.016752,-0.998704,-0.104951,0.538874,-0.004917,-0.004755,0.323581,-0.035985,0.064495,0.464015,2.302172,0.500000,2.366667,1,25.683605
24508.769232,2.016994,-0.018171,-1.316718,-0.125970,0.537054,0.006818,0.008295,-0.167352,-0.028915,0.029018,0.471085,2.387649,0.500000,2.416667,1,25.747514
24508.774896,2.024728,-0.012129,-1.659026,-0.158378,0.528607,0.002079,0.005199,0.092319,-0.029965,0.072583,0.470035,2.407417,0.500000,2.480000,1,25.800449
24508.793128,2.026474,-0.010531,-1.695924,-0.189214,0.526602,0.003214,0.004903,0.179546,-0.019127,0.084831,0.476366,2.450033,0.501117,2.533396,1,25.833894
24508.813127,2.026243,-0.017099,-1.997833,-0.215755,0.523162,0.002780,0.002576,0.110787,-0.017750,0.071594,0.477327,2.498054,0.504461,2.566643,1,25.876945
24508.867839,2.023174,-0.021841,-2.409187,-0.236332,0.520736,0.013378,-0.010743,0.472272,-0.018498,0.066284,0.479562,2.548767,0.512115,2.609398,1,25.922429
24508.873940,2.017196,-0.022446,-2.831536,-0.252873,0.520173,-0.010413,0.012204,-0.377216,-0.021286,0.015753,0.498394,2.642755,0.523450,2.651327,1,25.988654
24508.893997,2.004129,-0.009846,-3.331056,-0.256091,0.511936,0.001281,0.000360,0.013379,-0.017995,0.033734,0.517195,2.690674,0.547871,2.713494,1,26.058321
24508.914012,1.995599,-0.004154,-3.481697,-0.262823,0.509019,0.001069,0.000532,0.014192,-0.012004,0.058337,0.540113,2.732497,0.582188,2.774651,1,26.108001
24508.959125,1.985832,0.001099,-3.586754,-0.266641,0.507612,0.015982,-0.003041,0.080437,-0.009489,0.062785,0.564843,2.772324,0.611778,2.815093,1,26.153603
24508.964934,1.975807,0.005688,-3.648170,-0.267723,0.507204,-0.012755,0.004078,-0.019836,-0.022680,0.039431,0.599122,2.837706,0.642920,2.849991,1,26.208220
24508.973992,1.959632,0.010518,-3.687105,-0.268014,0.503875,0.001659,0.000518,0.011470,-0.015055,0.066874,0.621113,2.855244,0.682319,2.886107,1,26.256119
24508.993993,1.955809,0.011167,-3.691420,-0.266508,0.507798,0.000157,0.000019,-0.000688,-0.023748,0.072596,0.646355,2.893086,0.719788,2.914103,1,26.290534
24509.013966,1.944299,0.011076,-3.716664,-0.262354,0.512743,0.000155,0.000004,-0.003368,-0.029253,0.064064,0.680843,2.927026,0.750965,2.933569,1,26.330517
24509.060717,1.933690,0.010959,-3.726429,-0.259131,0.518359,0.013131,0.001767,-0.011941,-0.031431,0.055930,0.722510,2.956669,0.786506,2.952129,1,26.374617
24509.066213,1.923948,0.010541,-3.722940,-0.254602,0.522635,-0.012768,-0.001980,0.006350,-0.048534,0.043033,0.769352,2.999543,0.826550,2.968951,1,26.424757
24509.073997,1.908676,0.008472,-3.711223,-0.243879,0.523448,-0.000143,-0.000600,-0.014747,-0.046789,0.069989,0.794860,3.011658,0.874361,2.983957,1,26.464695
24509.093996,1.905600,0.007960,-3.706715,-0.238086,0.530701,-0.000377,-0.000278,-0.013533,-0.054638,0.069320,0.835818,3.034296,0.913542,2.992468,1,26.496819
24509.113997,1.898793,0.007808,-3.656753,-0.227690,0.536317,-0.000957,-0.001112,-0.032982,-0.062952,0.062751,0.877516,3.053038,0.946628,2.997143,1,26.536738
24509.161540,1.892888,0.006541,-3.602126,-0.214089,0.541413,0.001632,0.000857,-0.198905,-0.069777,0.067358,0.917433,3.067772,0.986633,2.999821,1,26.576860
24509.167596,1.887185,0.004274,-3.559874,-0.195483,0.547148,-0.009396,-0.006708,-0.032460,-0.090600,0.020003,0.996664,3.090600,1.016667,3.000000,2,26.638000
24509.173977,1.877641,-0.000586,-3.526380,-0.163119,0.552916,-0.001752,-0.004837,-0.112054,-0.092333,0.074553,1.002113,3.092333,1.076667,3.000000,2,26.688207
24509.194012,1.877072,-0.000112,-3.505861,-0.136376,0.562916,-0.001546,-0.002317,-0.115020,-0.098558,0.075459,1.051207,3.098558,1.126667,3.000000,2,26.719246
24509.213998,1.881253,0.012983,-3.080386,-0.118351,0.567154,-0.001136,-0.003902,-0.119101,-0.103098,0.062074,1.094593,3.103098,1.156667,3.000000,2,26.763802
24509.261216,1.886342,0.013905,-2.685053,-0.099971,0.569001,-0.012109,0.002370,-0.594521,-0.105178,0.065818,1.137516,3.105178,1.203333,3.000000,2,26.807502
24509.267145,1.891261,0.007443,-2.433416,-0.078882,0.570938,0.005728,-0.016218,-0.011884,-0.102728,0.029948,1.216719,3.102728,1.246667,3.000000,2,26.866266
24509.273987,1.899693,-0.004458,-2.253210,-0.052087,0.564701,-0.001939,-0.007963,-0.199300,-0.103971,0.076359,1.226974,3.103971,1.303333,3.000000,2,26.912574
24509.293995,1.901203,-0.002253,-2.184587,-0.032600,0.570582,-0.002533,-0.007251,-0.348121,-0.101635,0.076607,1.273393,3.101635,1.350000,3.000000,2,26.943466
24509.313997,1.908715,0.010887,-1.736058,-0.022568,0.570571,-0.000050,-0.002506,-0.077493,-0.096353,0.062998,1.320336,3.096353,1.383333,3.000000,2,26.988850
24509.361390,1.918408,0.017093,-1.128230,-0.018844,0.566350,-0.012784,0.007167,-0.316354,-0.090558,0.060711,1.365955,3.090558,1.426667,3.000000,2,27.036025
24509.367904,1.927927,0.013601,-0.747949,-0.016297,0.561762,0.014053,-0.007696,0.232203,-0.082734,0.029474,1.443859,3.082734,1.473333,3.000000,2,27.096779
24509.374333,1.944975,0.004912,-0.409710,-0.011280,0.555694,-0.000816,-0.000507,-0.030012,-0.079666,0.080095,1.456572,3.079666,1.536667,3.000000,2,27.144540
24509.394021,1.946980,0.004234,-0.392025,-0.006128,0.561368,0.000343,-0.000545,-0.026083,-0.072368,0.078717,1.504616,3.072368,1.583333,3.000000,2,27.177133
24509.414024,1.956238,0.004063,-0.267613,-0.002461,0.562503,0.000215,-0.000915,-0.028746,-0.065928,0.065535,1.551131,3.065928,1.616667,3.000000,2,27.222748
24509.461395,1.965459,0.003124,-0.176357,0.001645,0.562181,-0.011680,-0.000447,-0.128522,-0.058766,0.061951,1.598049,3.058766,1.660000,3.000000,2,27.269848
24509.467839,1.974577,0.001743,-0.131351,0.006856,0.560107,0.013023,-0.003030,-0.025172,-0.053990,0.034355,1.675645,3.053990,1.710000,3.000000,2,27.330862
24509.474282,1.990380,0.000125,-0.108471,0.014415,0.553367,-0.000556,-0.002289,-0.053687,-0.047465,0.079538,1.690462,3.047465,1.770000,3.000000,2,27.380411
24509.493999,1.992378,0.000605,-0.096664,0.022235,0.557929,0.000534,-0.000739,-0.038644,-0.040482,0.080825,1.739175,3.040482,1.820000,3.000000,2,27.415108
24509.514010,2.000821,0.006547,0.094884,0.023905,0.558126,0.000452,-0.000410,-0.013029,-0.035147,0.064121,1.789213,3.035147,1.853333,3.000000,2,27.462795
24509.560915,2.009240,0.007023,0.245752,0.025095,0.556182,-0.009755,0.001563,-0.082920,-0.027949,0.062270,1.837730,3.027949,1.900000,3.000000,2,27.512221
24509.567291,2.017508,0.005235,0.324489,0.027465,0.552722,0.011970,-0.002845,0.019129,-0.020672,0.029569,1.920431,3.020672,1.950000,3.000000,2,27.575709
24509.573985,2.031844,0.002500,0.374502,0.030359,0.546364,-0.000437,-0.000765,-0.021550,-0.014598,0.077652,1.935682,3.014598,2.013333,3.000000,2,27.627529
24509.594000,2.033670,0.002602,0.382550,0.035203,0.551058,0.000507,-0.000506,-0.029164,-0.009674,0.081322,1.985345,3.009674,2.066667,3.000000,2,27.663262
24509.613997,2.041062,0.004523,0.464748,0.035533,0.551518,0.000511,-0.000084,-0.002356,-0.005225,0.066481,2.036853,3.005225,2.103333,3.000000,2,27.712193
24509.661013,2.048407,0.004570,0.541009,0.033090,0.549057,-0.008737,0.001738,0.005220,-0.004329,0.070787,2.079213,3.004329,2.150000,3.000000,2,27.759819
24509.666921,2.055148,0.003445,0.580154,0.031565,0.550229,0.010661,-0.000822,0.030998,-0.000350,0.029356,2.170644,3.000350,2.200000,3.000000,2,27.824168
24509.673995,2.067789,0.001832,0.608266,0.026458,0.544456,-0.000507,0.001166,0.024303,0.005344,0.076852,2.186481,2.994656,2.263333,3.000000,2,27.879644
24509.693997,2.069500,0.001477,0.605168,0.024293,0.549116,0.000411,0.001679,0.053170,0.008516,0.079476,2.237191,2.991484,2.316667,3.000000,2,27.916830
24509.713996,2.076396,0.000055,0.573884,0.020739,0.549288,0.000401,0.002650,0.085183,0.011428,0.068232,2.288435,2.988572,2.356667,3.000000,2,27.966546
24509.761490,2.083219,-0.000057,0.558038,0.015728,0.546786,-0.007986,0.003188,0.227225,0.014237,0.067973,2.338694,2.985763,2.406667,3.000000,2,28.017813
24509.767509,2.089833,0.000213,0.555161,0.010878,0.543530,0.009723,0.002775,0.061051,0.010200,0.028542,2.428124,2.989800,2.456667,3.000000,2,28.085087
24509.773954,2.101374,0.000263,0.555110,0.002292,0.536148,-0.000221,0.003072,0.070990,0.015145,0.080525,2.442808,2.984855,2.523333,3.000000,2,28.139253
24509.793999,2.102908,-0.000810,0.534480,-0.003007,0.540200,0.000446,0.000927,0.064127,0.016403,0.082053,2.494614,2.983597,2.576667,3.000000,2,28.176023
24509.813995,2.108939,-0.007987,0.317232,-0.002345,0.538303,0.000494,-0.000171,-0.005289,0.017838,0.068497,2.544836,2.982162,2.613333,3.000000,2,28.225298
24509.860952,2.114825,-0.008455,0.127263,0.000497,0.535630,-0.006095,-0.003813,0.008722,0.016947,0.065648,2.597686,2.983053,2.663333,3.000000,2,28.276865
24509.866848,2.120790,-0.005807,0.027870,0.001957,0.531119,0.008796,0.002354,-0.063330,0.008530,0.029983,2.686684,2.991470,2.716667,3.000000,2,28.345261
24509.874014,2.131022,-0.002019,-0.039578,0.001051,0.521294,-0.000130,-0.000798,-0.011909,0.014155,0.081965,2.701368,2.985845,2.783333,3.000000,2,28.399665
24509.893986,2.132382,-0.001740,-0.042203,0.001848,0.522790,0.001019,-0.000332,-0.017987,0.013656,0.082412,2.754255,2.986344,2.836667,3.000000,2,28.436959
24509.913986,2.137598,0.000122,-0.027779,0.001405,0.520947,0.000286,0.000028,0.001638,0.008240,0.075310,2.801356,2.991760,2.876667,3.000000,2,28.485698
24509.959473,2.141904,0.000859,-0.000952,0.000042,0.520728,-0.004179,0.000598,0.010586,0.010819,0.064601,2.858732,2.989181,2.923333,3.000000,2,28.537397
24509.965083,2.146612,0.000688,0.012251,0.000881,0.517743,0.005641,-0.000247,0.008568,0.008261,0.039642,2.937024,2.991739,2.976667,3.000000,2,28.602889
24509.973990,2.153298,0.000307,0.021961,0.002450,0.510229,0.000402,-0.000183,-0.004639,0.003046,0.080098,2.959902,2.996954,3.040000,3.000000,2,28.656194
24509.993995,2.155121,0.000228,0.022918,0.000511,0.511693,0.000746,0.000060,0.003379,0.000725,0.081080,3.012253,2.999275,3.093333,3.000000,2,28.696096
24510.013997,2.159102,-0.000074,0.020249,-0.000422,0.511145,0.000512,0.000068,0.003747,-0.001050,0.068542,3.064791,3.001050,3.133333,3.000000,2,28.747095
24510.059836,2.162758,-0.000382,0.010791,0.000368,0.509587,-0.003255,-0.000177,-0.001687,-0.002629,0.069101,3.117566,3.002629,3.186667,3.000000,2,28.799913
24510.065763,2.166310,-0.000273,0.005205,0.000742,0.507538,0.004607,0.000109,-0.000623,-0.001826,0.038768,3.201232,3.001826,3.240000,3.000000,2,28.865597
24510.073998,2.171761,-0.000042,0.005665,0.005131,0.498980,0.000424,-0.000773,-0.018222,-0.006783,0.080662,3.222671,3.006783,3.303333,3.000000,2,28.920360
24510.094007,2.173115,0.000006,0.006479,0.004712,0.500983,0.000486,-0.000005,-0.001565,-0.008805,0.084746,3.275254,3.008805,3.360000,3.000000,2,28.960313
24510.114000,2.175949,0.001113,0.041777,0.003609,0.500910,0.000531,0.000080,0.004387,-0.009474,0.071417,3.328583,3.009474,3.400000,3.000000,2,29.011065
24510.160112,2.178785,0.000783,0.059152,0.001667,0.499130,-0.002159,0.000321,0.017522,-0.010381,0.067379,3.382621,3.010381,3.450000,3.000000,2,29.064241
24510.165688,2.181566,-0.000067,0.054608,-0.000456,0.496400,0.003547,0.000055,-0.006455,-0.008608,0.037531,3.465802,3.008608,3.503333,3.000000,2,29.130978
24510.173997,2.185664,-0.000468,0.038574,-0.007175,0.489370,0.000447,0.001300,0.031313,-0.013918,0.081942,3.488058,3.013918,3.570000,3.000000,2,29.185942
24510.193996,2.186728,-0.000632,0.032259,-0.016682,0.489368,0.000492,0.000665,0.040357,-0.014051,0.084300,3.539033,3.014051,3.623333,3.000000,2,29.225145
24510.213995,2.188590,-0.004383,-0.084424,-0.027385,0.485917,0.000703,0.000791,0.042620,-0.014669,0.071332,3.592001,3.014669,3.663333,3.000000,2,29.275343
24510.262753,2.190288,-0.006584,-0.240949,-0.040383,0.480932,0.000183,-0.003407,0.219101,-0.014956,0.066542,3.646791,3.014956,3.713333,3.000000,2,29.329158
24510.268284,2.191618,-0.008070,-0.428222,-0.058106,0.475248,0.002039,0.006054,-0.126132,-0.015622,0.021989,3.744677,3.015622,3.766667,3.000000,2,29.401859
24510.275009,2.193485,-0.004117,-0.652024,-0.097271,0.465248,0.001314,0.005414,0.116157,-0.012238,0.072713,3.767287,3.012238,3.840000,3.000000,2,29.463137
24510.293999,2.193592,-0.004927,-0.717202,-0.136393,0.459467,0.003815,0.007418,0.285983,-0.016121,0.097170,3.806163,3.016121,3.903333,3.000000,2,29.498141
24510.313998,2.191215,-0.013723,-1.084716,-0.167763,0.450344,0.003718,0.004071,0.193443,-0.015704,0.075795,3.860872,3.015704,3.936667,3.000000,2,29.543018
24510.361385,2.185805,-0.020304,-1.599993,-0.193658,0.441983,0.016160,-0.011519,0.559378,-0.014631,0.069893,3.910107,3.014631,3.980000,3.000000,2,29.593185
24510.366781,2.176235,-0.021837,-2.183049,-0.210326,0.436299,-0.014933,0.015271,-0.480724,-0.006448,0.032937,4.000964,3.007517,4.033396,2.998883,2,29.659050
24510.373996,2.157856,-0.006141,-2.814683,-0.226461,0.428249,0.002937,-0.000201,0.062274,0.001554,0.088192,4.009476,3.006100,4.096316,2.990636,2,29.710718
24510.393997,2.155413,-0.004455,-2.862760,-0.238838,0.429712,0.001992,0.000932,0.036594,0.007457,0.088542,4.061362,2.996662,4.148138,2.977551,2,29.744138
24510.413999,2.141377,0.001896,-3.106057,-0.248925,0.430055,0.001073,0.000347,0.011093,0.007673,0.069261,4.112313,2.984323,4.179704,2.966590,2,29.792945
24510.465363,2.125330,0.008217,-3.305534,-0.255303,0.429890,0.029264,-0.008469,0.130566,0.007450,0.063636,4.162215,2.969406,4.222517,2.947757,2,29.844033
24510.471524,2.108278,0.014631,-3.447933,-0.260258,0.431133,-0.030226,0.008559,-0.110870,0.004288,0.018875,4.250824,2.927988,4.269041,2.921446,2,29.914592
24510.477719,2.072372,0.024901,-3.595544,-0.251915,0.425377,0.002069,-0.000514,-0.000707,0.010550,0.074321,4.262060,2.920011,4.325359,2.879660,2,29.971599
24510.493999,2.068799,0.025568,-3.604091,-0.247803,0.430953,-0.000231,-0.000328,-0.009702,0.010460,0.095306,4.293777,2.903023,4.366309,2.840320,2,29.999974
24510.513996,2.054321,0.027938,-3.619141,-0.241512,0.437089,-0.000489,-0.000217,-0.008528,0.007803,0.079694,4.329448,2.874264,4.386107,2.817681,2,30.037890
24510.563107,2.037355,0.029736,-3.606242,-0.231690,0.442100,0.020288,0.002702,-0.087734,0.004379,0.070108,4.364378,2.843197,4.408401,2.788459,2,30.081491
24510.568977,2.021205,0.029523,-3.579433,-0.219219,0.446880,-0.024461,-0.005141,0.010835,-0.001238,0.031969,4.416856,2.780165,4.431894,2.751927,2,30.141288
24510.575013,1.992835,0.024849,-3.541349,-0.194162,0.442510,-0.002658,-0.002399,-0.042493,0.004028,0.074108,4.425926,2.764703,4.459010,2.698267,2,30.191670
24510.593999,1.987115,0.023891,-3.526001,-0.173458,0.449023,-0.000728,-0.003110,-0.121859,0.005110,0.090525,4.444283,2.736059,4.476550,2.651327,2,30.220793
24510.614010,1.979043,0.025623,-3.387002,-0.153673,0.457072,-0.002785,-0.003420,-0.132224,0.002830,0.077755,4.463007,2.697098,4.484786,2.622402,2,30.257301
24510.659568,1.970794,0.026064,-3.172933,-0.134044,0.463825,0.002873,0.008053,-0.409762,0.001107,0.070220,4.479236,2.655430,4.492468,2.586458,2,30.299258
24510.666254,1.966372,0.025866,-2.857701,-0.115801,0.467346,-0.004142,-0.011359,0.258762,-0.000126,0.040823,4.494123,2.587378,4.497812,2.546721,2,30.353955
24510.673995,1.961753,0.015916,-2.438708,-0.096773,0.462637,-0.000832,-0.004001,-0.088219,0.007854,0.078953,4.492146,2.568953,4.500000,2.490000,2,30.399813
24510.693999,1.961006,0.013568,-2.353895,-0.079610,0.468570,-0.001261,-0.002575,-0.120366,0.003757,0.082597,4.496243,2.525930,4.500000,2.443333,2,30.432940
24510.714000,1.961208,0.015033,-1.991837,-0.068453,0.472027,-0.000742,-0.002653,-0.081698,-0.001615,0.066888,4.501615,2.480221,4.500000,2.413333,2,30.475564
24510.756839,1.962581,0.012213,-1.657309,-0.062109,0.472201,-0.003309,0.004731,-0.243466,-0.005028,0.066773,4.505028,2.436773,4.500000,2.370000,2,30.520547
24510.762740,1.964544,0.008739,-1.407899,-0.056643,0.472063,0.003470,-0.006080,0.172819,-0.012808,0.041911,4.512808,2.365244,4.500000,2.323333,2,30.576335
24510.773992,1.968826,0.002561,-1.149880,-0.049341,0.466150,-0.000613,-0.001870,-0.070438,-0.009813,0.079702,4.509813,2.349702,4.500000,2.270000,2,30.621803
24510.793996,1.969733,0.001205,-1.117335,-0.042674,0.471428,-0.000293,-0.001413,-0.069494,-0.014978,0.085303,4.514978,2.308637,4.500000,2.223333,2,30.653328
24510.813996,1.972612,0.001929,-0.988861,-0.038707,0.475788,-0.000378,-0.000972,-0.030294,-0.021062,0.075467,4.521062,2.265467,4.500000,2.190000,2,30.693879
24510.859797,1.975677,0.002020,-0.849960,-0.039578,0.479109,-0.005023,0.001162,-0.077902,-0.024372,0.073532,4.524372,2.223532,4.500000,2.150000,2,30.736343
24510.866525,1.978702,0.000262,-0.779058,-0.040784,0.482027,0.003756,-0.001860,0.021152,-0.036203,0.041582,4.536203,2.151582,4.500000,2.110000,2,30.791872
24510.873993,1.983693,-0.001927,-0.738316,-0.043543,0.477360,0.000041,0.000252,0.006013,-0.035088,0.082284,4.535088,2.135617,4.500000,2.053333,2,30.837745
24510.893999,1.984958,-0.002101,-0.731834,-0.045008,0.479943,0.000215,0.000290,0.013996,-0.036291,0.084919,4.536291,2.091586,4.500000,2.006667,2,30.869840
24510.913963,1.988531,-0.003008,-0.733434,-0.044088,0.482100,0.000031,-0.000102,-0.004458,-0.036499,0.073966,4.536499,2.047300,4.500000,1.973333,2,30.912389
24510.957741,1.992027,-0.003425,-0.747416,-0.040937,0.484267,-0.004148,-0.000344,-0.025346,-0.046172,0.070763,4.546172,2.004097,4.500000,1.933333,2,30.956091
24510.963685,1.995757,-0.002654,-0.737176,-0.038247,0.486112,0.004874,-0.000137,0.010020,-0.051490,0.040243,4.551490,1.930243,4.500000,1.890000,2,31.012838
24510.973979,2.001756,-0.002221,-0.713233,-0.034002,0.481039,-0.000360,-0.001236,-0.031258,-0.050781,0.080254,4.550781,1.913587,4.500000,1.833333,2,31.059908
24510.993988,2.003190,-0.002166,-0.708150,-0.030067,0.484655,-0.000132,-0.002697,-0.084143,-0.048343,0.086485,4.548343,1.869818,4.500000,1.783333,2,31.092321
24511.013988,2.006777,-0.002201,-0.699656,-0.022983,0.487404,-0.000108,-0.001451,-0.070725,-0.046608,0.071152,4.546608,1.824485,4.500000,1.753333,2,31.135595
24511.058249,2.010599,0.000828,-0.623688,-0.016469,0.489115,-0.004725,0.000853,-0.129831,-0.041656,0.070433,4.541656,1.780433,4.500000,1.710000,2,31.180589
24511.064242,2.014618,0.003639,-0.479676,-0.010636,0.490823,0.005379,-0.002208,0.084132,-0.045448,0.043714,4.545448,1.707048,4.500000,1.663333,2,31.237458
24511.073990,2.021222,0.002405,-0.340359,-0.006359,0.484633,-0.000219,-0.001090,-0.034240,-0.044250,0.084279,4.544250,1.690946,4.500000,1.606667,2,31.283903
24511.093989,2.022789,0.002509,-0.308967,-0.003528,0.488698,0.000198,-0.000496,-0.024535,-0.047435,0.086389,4.547435,1.646389,4.500000,1.560000,2,31.317049
24511.113993,2.026848,0.003574,-0.207742,-0.003975,0.491893,0.000104,0.000039,0.001793,-0.051422,0.074405,4.551422,1.601071,4.500000,1.526667,2,31.360449
24511.160052,2.030938,0.003048,-0.131462,-0.008187,0.494547,-0.005252,0.002003,0.037491,-0.053878,0.075002,4.553878,1.558335,4.500000,1.483333,2,31.404563
24511.165570,2.034964,0.001735,-0.097781,-0.014478,0.497630,0.005397,0.000382,0.044917,-0.051625,0.045227,4.551625,1.485227,4.500000,1.440000,2,31.460931
24511.173988,2.041501,0.000541,-0.075044,-0.024948,0.492624,0.000160,0.002604,0.063241,-0.049074,0.083649,4.549074,1.466982,4.500000,1.383333,2,31.508091
24511.193992,2.043159,-0.000616,-0.093139,-0.032787,0.495164,0.000425,0.001296,0.065381,-0.044300,0.085294,4.544300,1.421960,4.500000,1.336667,2,31.542475
24511.213991,2.047115,-0.006231,-0.255478,-0.038705,0.495373,0.000279,0.000467,0.023000,-0.043633,0.073280,4.543633,1.376613,4.500000,1.303333,2,31.586283
24511.260293,2.050825,-0.008443,-0.441066,-0.046350,0.495846,-0.003946,-0.001240,0.177220,-0.046754,0.070806,4.546754,1.330806,4.500000,1.260000,2,31.631656
24511.266599,2.054475,-0.007273,-0.567929,-0.061672,0.498652,0.005510,0.006050,0.005949,-0.043665,0.035856,4.543665,1.249189,4.500000,1.213333,2,31.692889
24511.273994,2.060840,-0.003505,-0.653319,-0.092287,0.494576,0.000371,0.005702,0.141635,-0.043545,0.087628,4.543545,1.240961,4.500000,1.153333,2,31.740025
24511.293995,2.061393,-0.004775,-0.688681,-0.118922,0.494910,0.003465,0.011478,0.352376,-0.044472,0.090864,4.544472,1.194197,4.500000,1.103333,2,31.770436
24511.313993,2.063847,-0.009313,-0.918199,-0.150426,0.491906,0.005848,0.017105,0.532361,-0.043152,0.075544,4.543152,1.148877,4.500000,1.073333,2,31.813006
24511.359749,2.066227,-0.008074,-1.053066,-0.190426,0.481910,0.014078,0.008794,1.113187,-0.039980,0.069719,4.539980,1.103052,4.500000,1.033333,2,31.857103
24511.365834,2.065179,-0.016789,-1.364674,-0.218133,0.474075,-0.006850,-0.002836,-0.725428,-0.034486,0.046143,4.535526,1.031868,4.499822,0.986661,2,31.911761
24511.374011,2.055084,-0.026900,-2.345092,-0.216521,0.472617,0.000822,0.000834,0.026175,-0.023968,0.084048,4.530492,1.013610,4.495558,0.933497,2,31.955355
24511.394068,2.052342,-0.025419,-2.521297,-0.223067,0.479556,0.000393,0.000236,0.011146,-0.018701,0.084237,4.524579,0.968952,4.487937,0.890831,2,31.987720
24511.414087,2.044026,-0.020175,-2.901329,-0.227464,0.486572,0.000221,0.000472,0.013836,-0.013054,0.074180,4.513081,0.926009,4.479575,0.858552,2,32.030105
24511.465175,2.035563,-0.012078,-3.144005,-0.230796,0.493857,0.014563,-0.009210,0.141562,-0.009592,0.074173,4.501520,0.883109,4.465524,0.817551,2,32.073459
24511.471188,2.026814,-0.004270,-3.290367,-0.235480,0.501277,-0.015348,0.009344,-0.109854,-0.008152,0.027774,4.467614,0.799185,4.447974,0.777921,2,32.136022
24511.476614,2.008705,0.006778,-3.440085,-0.238769,0.499822,0.000942,-0.000016,0.006874,-0.006047,0.079578,4.466838,0.789101,4.418151,0.725865,2,32.186190
24511.494033,2.006905,0.007498,-3.448633,-0.243139,0.507177,0.001282,0.000916,0.030503,0.000280,0.092027,4.446351,0.757183,4.388678,0.685469,2,32.212026
24511.514014,1.999361,0.010072,-3.467193,-0.250651,0.514066,0.000995,0.001783,0.051292,0.000128,0.073457,4.420443,0.719830,4.371349,0.665187,2,32.250356
24511.563967,1.989873,0.011941,-3.476538,-0.256442,0.518025,0.016605,0.001724,0.111105,0.001379,0.066922,4.391086,0.683530,4.343390,0.636568,2,32.295298
24511.569890,1.980119,0.011587,-3.497438,-0.263136,0.521365,-0.014972,-0.001371,-0.071264,-0.003602,0.030546,4.336800,0.624349,4.310626,0.608195,2,32.355175
24511.575030,1.961847,0.009322,-3.591356,-0.265770,0.517004,-0.001336,0.000030,-0.003071,-0.002399,0.076730,4.328120,0.611890,4.261463,0.573811,2,32.402779
24511.594022,1.957652,0.008980,-3.609613,-0.268329,0.520829,0.001911,0.000329,0.012302,-0.000615,0.088829,4.300572,0.589924,4.220583,0.551287,2,32.429389
24511.614014,1.949178,0.008305,-3.648946,-0.273255,0.524389,0.000442,0.000510,0.013557,-0.003680,0.071075,4.263148,0.564686,4.196337,0.540161,2,32.465925
24511.662193,1.938640,0.007858,-3.688543,-0.277552,0.526851,0.015586,0.001175,0.064246,-0.008537,0.067892,4.229094,0.540940,4.162101,0.527006,2,32.506381
24511.668216,1.928133,0.007244,-3.723191,-0.282014,0.529394,-0.015692,-0.001008,-0.049546,-0.018656,0.037684,4.161599,0.505723,4.120529,0.514745,2,32.559282
24511.673931,1.909079,0.005765,-3.788376,-0.282307,0.524618,0.001042,0.000150,0.004169,-0.013610,0.081790,4.154353,0.503352,4.071458,0.505133,2,32.599878
24511.693997,1.906979,0.005617,-3.794006,-0.283983,0.528165,0.000155,0.000088,0.001690,-0.016166,0.088185,4.117291,0.489661,4.028333,0.500803,2,32.624393
24511.713994,1.896301,0.004646,-3.824864,-0.285054,0.531444,0.000011,0.000067,0.001033,-0.017237,0.066763,4.071934,0.483457,4.005002,0.500025,2,32.662858
24511.761941,1.885875,0.003705,-3.850142,-0.285234,0.532961,0.013696,0.001706,0.022154,-0.019879,0.066691,4.033637,0.476941,3.968338,0.501003,2,32.701643
24511.768440,1.875815,0.002837,-3.866894,-0.285992,0.535621,-0.014433,-0.001712,-0.015024,-0.023054,0.031178,3.956106,0.477860,3.928542,0.505133,2,32.753941
24511.774257,1.858179,0.000718,-3.887715,-0.283133,0.527512,0.000868,0.000089,-0.000054,-0.017945,0.079386,3.948710,0.478523,3.876237,0.515559,2,32.795850
24511.794022,1.856271,0.000439,-3.889467,-0.282114,0.529415,0.000001,-0.000063,-0.003221,-0.025830,0.073808,3.899347,0.478643,3.837899,0.527006,2,32.823197
24511.814013,1.847197,-0.000894,-3.895416,-0.282790,0.530782,-0.000342,-0.000079,-0.002401,-0.023577,0.063968,3.860006,0.491446,3.809814,0.537583,2,32.863669
24511.862082,1.837979,-0.002453,-3.900617,-0.276953,0.528243,0.010917,0.002087,-0.019175,-0.024472,0.064998,3.820305,0.503004,3.773451,0.554270,2,32.902935
24511.867993,1.829718,-0.003745,-3.897771,-0.273213,0.529226,-0.011538,-0.002392,0.010213,-0.029304,0.029904,3.751823,0.531529,3.741386,0.572076,2,32.955069
24511.873998,1.815951,-0.006351,-3.881486,-0.267074,0.521824,0.000590,-0.000168,-0.007954,-0.024034,0.078922,3.745537,0.535146,3.697276,0.602058,2,32.994817
24511.894011,1.814482,-0.006665,-3.879506,-0.262566,0.524138,-0.000371,-0.000293,-0.011352,-0.021941,0.082029,3.712895,0.556466,3.666427,0.627536,2,33.018136
24511.914008,1.807930,-0.007410,-3.848053,-0.254399,0.525607,-0.000714,-0.000835,-0.024096,-0.026239,0.067415,3.679073,0.577533,3.649407,0.643511,2,33.053685
24511.961072,1.802117,-0.008615,-3.811780,-0.246530,0.528192,0.003614,0.000820,-0.120194,-0.025951,0.068211,3.649710,0.601786,3.624218,0.670170,2,33.090441
24511.966540,1.796527,-0.010413,-3.784120,-0.236003,0.530943,-0.007908,-0.004017,-0.011300,-0.025647,0.045041,3.607737,0.647206,3.601051,0.698604,2,33.136621
24511.974034,1.787967,-0.013699,-3.762911,-0.220037,0.526507,-0.001406,-0.002360,-0.051515,-0.020282,0.079605,3.599286,0.658740,3.574685,0.737118,2,33.173609
24511.994010,1.786384,-0.013672,-3.744721,-0.206266,0.531277,-0.000964,-0.001141,-0.045275,-0.019145,0.079995,3.576537,0.689211,3.556559,0.769002,2,33.199338
24512.013998,1.786320,-0.008862,-3.557459,-0.194824,0.535186,-0.000614,-0.001899,-0.057906,-0.025563,0.057935,3.547401,0.726637,3.546261,0.789951,2,33.237999
24512.060818,1.787408,-0.008400,-3.380185,-0.184464,0.536331,-0.004815,0.000848,-0.287609,-0.021353,0.059343,3.531431,0.763837,3.530919,0.826902,2,33.280348
24512.066799,1.788225,-0.011061,-3.258584,-0.168594,0.537333,-0.000499,-0.008221,0.001790,-0.008872,0.037335,3.518976,0.829823,3.517691,0.868176,2,33.332001
24512.074009,1.789074,-0.017055,-3.161325,-0.139271,0.531959,-0.002442,-0.007266,-0.170775,-0.003700,0.079696,3.516514,0.837805,3.506935,0.917010,2,33.371449
24512.094009,1.789216,-0.017446,-3.153880,-0.116546,0.537998,-0.003855,-0.006785,-0.274150,0.000510,0.081576,3.509452,0.875474,3.501879,0.956699,2,33.397568
24512.114010,1.793607,-0.006598,-2.834710,-0.098898,0.540615,-0.001169,-0.004307,-0.128038,0.004749,0.069590,3.507345,0.913935,3.500278,0.983328,2,33.434025
24512.160841,1.800893,0.000223,-2.365200,-0.084154,0.539971,-0.012576,-0.000898,-0.562696,0.004861,0.066413,3.504861,0.953587,3.500000,1.020000,2,33.473087
24512.166186,1.807505,-0.003409,-2.092150,-0.067674,0.540824,0.007383,-0.011760,0.008760,0.006967,0.047369,3.506967,1.012631,3.500000,1.060000,2,33.522206
24512.174026,1.817439,-0.011094,-1.919432,-0.042709,0.537126,-0.001497,-0.010790,-0.243115,0.007528,0.074456,3.507528,1.032210,3.500000,1.106667,2,33.563690
24512.194008,1.819842,-0.011435,-1.883249,-0.024223,0.540881,-0.000840,-0.002240,-0.119384,0.003751,0.078021,3.503751,1.071979,3.500000,1.150000,2,33.595393
24512.214011,1.828807,0.007739,-1.263626,-0.018283,0.537684,-0.000170,-0.001518,-0.045943,0.002116,0.068126,3.502116,1.111874,3.500000,1.180000,2,33.634526
24512.261187,1.837808,0.009704,-0.800262,-0.014741,0.535457,-0.011503,0.002645,-0.250639,-0.009020,0.066192,3.490980,1.153808,3.500000,1.220000,2,33.675549
24512.267151,1.847308,0.005282,-0.567887,-0.006191,0.532866,0.013824,-0.007087,0.046813,-0.006964,0.033263,3.493036,1.226737,3.500000,1.260000,2,33.731082
24512.273992,1.863762,-0.000773,-0.428677,0.020469,0.525768,-0.000825,-0.005260,-0.128110,-0.008848,0.077544,3.491152,1.239123,3.500000,1.316667,2,33.776254
24512.293996,1.865636,-0.000058,-0.401933,0.043634,0.524616,0.000690,-0.004053,-0.180271,-0.006817,0.083807,3.493183,1.276193,3.500000,1.360000,2,33.804511
24512.314009,1.873462,0.011671,-0.029134,0.066595,0.521205,0.001491,-0.005394,-0.164052,-0.010560,0.063869,3.489440,1.326131,3.500000,1.390000,2,33.846208
24512.361290,1.881140,0.016211,0.372616,0.089500,0.516069,-0.005146,-0.006019,-0.685051,-0.013469,0.061701,3.486531,1.368299,3.500000,1.430000,2,33.891751
24512.368063,1.888589,0.013947,0.597611,0.121523,0.512678,0.012737,-0.014190,-0.139584,-0.011668,0.037268,3.488332,1.439399,3.500000,1.476667,2,33.947729
24512.373960,1.902013,0.007714,0.706242,0.161523,0.502678,0.002075,-0.008874,-0.202988,-0.022931,0.077797,3.481200,1.454242,3.498883,1.533396,2,33.995211
24512.394012,1.903377,0.009691,0.756246,0.201523,0.492678,0.004889,-0.005304,-0.169244,-0.033121,0.079072,3.473514,1.496520,3.493580,1.579867,2,34.029363
24512.414014,1.902625,0.031761,1.501516,0.217694,0.483660,0.006415,-0.007918,-0.230580,-0.035562,0.065409,3.467233,1.540917,3.487143,1.612656,2,34.073886
24512.461782,1.903045,0.033472,2.023441,0.234955,0.480103,0.012897,0.002459,-0.661479,-0.036193,0.067326,3.461371,1.582379,3.474485,1.657684,2,34.119794
24512.468107,1.900466,0.034797,2.471635,0.243606,0.478703,-0.008119,-0.005582,0.507657,-0.038571,0.034976,3.436452,1.653785,3.457674,1.701331,2,34.178998
24512.473959,1.889860,0.030538,3.147956,0.235459,0.474062,0.000974,0.000668,-0.016467,-0.044965,0.074180,3.430430,1.665195,3.431894,1.751927,2,34.229135
24512.494007,1.888973,0.029414,3.195545,0.231720,0.480484,-0.000294,0.000545,0.018919,-0.046367,0.077453,3.412522,1.703978,3.404508,1.793893,2,34.263728
24512.513998,1.882981,0.023137,3.362956,0.225304,0.485971,-0.001190,0.001312,0.039267,-0.042847,0.070197,3.394427,1.741545,3.381826,1.822814,2,34.306052
24512.560950,1.876831,0.017535,3.449850,0.217233,0.491726,0.003929,0.005578,0.120477,-0.043253,0.063430,3.368748,1.776886,3.354733,1.852370,2,34.350909
24512.566669,1.870512,0.013524,3.494115,0.205911,0.495871,-0.011251,-0.000864,0.055830,-0.040669,0.035753,3.321662,1.829843,3.320255,1.883975,2,34.409807
24512.573996,1.858517,0.009912,3.517228,0.182226,0.492091,-0.000902,0.004647,0.100403,-0.046319,0.077532,3.311739,1.838609,3.271852,1.919638,2,34.457520
24512.594013,1.857435,0.009614,3.515459,0.166018,0.499913,-0.001976,0.003397,0.116672,-0.046744,0.078379,3.279288,1.865489,3.231451,1.943205,2,34.490951
24512.614011,1.856358,0.000866,3.281698,0.152924,0.504478,-0.001327,0.002368,0.096960,-0.044244,0.068575,3.246285,1.889563,3.201331,1.957674,2,34.533628
24512.659733,1.856563,-0.002895,3.021738,0.141013,0.508283,-0.003147,-0.004126,0.322549,-0.042537,0.068690,3.212206,1.911047,3.160852,1.973420,2,34.576727
24512.665638,1.858424,-0.002612,2.754323,0.129127,0.512137,0.001431,0.009050,-0.108658,-0.037163,0.043987,3.153021,1.939019,3.119159,1.985594,2,34.629944
24512.673998,1.860907,0.005251,2.536204,0.110030,0.508131,-0.001121,0.004314,0.104621,-0.038701,0.076078,3.136884,1.947043,3.066643,1.995539,2,34.674251
24512.694008,1.861874,0.005301,2.472607,0.099269,0.515716,-0.000870,0.002593,0.085188,-0.033371,0.076553,3.098295,1.962537,3.023386,1.999453,2,34.705765
24512.713998,1.866696,0.000373,2.154536,0.093915,0.521556,-0.001378,0.003664,0.111134,-0.023598,0.064915,3.058248,1.976402,2.993333,2.000000,2,34.745824
24512.760510,1.871192,0.002622,1.959807,0.090269,0.526491,-0.009067,-0.001941,0.222844,-0.011830,0.064898,3.018231,1.988170,2.953333,2.000000,2,34.787060
24512.766411,1.876420,0.003096,1.788873,0.089761,0.529861,0.008190,0.002297,-0.154856,0.001962,0.043058,2.953058,2.001962,2.910000,2.000000,2,34.839077
24512.773996,1.886521,0.005167,1.575529,0.089208,0.523589,0.000257,0.000178,0.002247,0.007582,0.075543,2.935543,2.007582,2.860000,2.000000,2,34.882820
24512.793999,1.889009,0.006009,1.549928,0.091855,0.522272,0.000299,-0.000204,-0.008122,0.015807,0.076907,2.893573,2.015807,2.816667,2.000000,2,34.915474
24512.813998,1.894929,0.007893,1.516497,0.096097,0.517784,0.000752,-0.000966,-0.028692,0.022584,0.068117,2.851451,2.022584,2.783333,2.000000,2,34.956704
24512.860770,1.900761,0.009137,1.514802,0.100768,0.511070,-0.004581,-0.001803,-0.110886,0.027433,0.068819,2.808819,2.027433,2.740000,2.000000,2,34.998977
24512.866743,1.906499,0.009555,1.520352,0.106702,0.502322,0.009256,-0.002057,-0.035343,0.030348,0.032819,2.732819,2.030348,2.700000,2.000000,2,35.056369
24512.873975,1.916746,0.009152,1.522075,0.118045,0.492322,0.000481,-0.003301,-0.074758,0.033466,0.078487,2.721820,2.033466,2.643333,2.000000,2,35.101676
24512.893997,1.917846,0.009155,1.523656,0.131094,0.483269,0.002440,-0.002530,-0.111228,0.034005,0.081177,2.677844,2.034005,2.596667,2.000000,2,35.131542
24512.913998,1.920700,0.015231,1.682883,0.142970,0.473269,0.001739,-0.002268,-0.067213,0.033615,0.067241,2.633908,2.033615,2.566667,2.000000,2,35.173644
24512.960673,1.921697,0.018303,1.903362,0.154050,0.464089,0.005024,-0.001324,-0.326608,0.029567,0.067060,2.590393,2.029567,2.523333,2.000000,2,35.216572
24512.966448,1.922983,0.016743,2.034387,0.166536,0.455592,0.003776,-0.006347,-0.006551,0.015921,0.041475,2.520756,2.017169,2.479953,1.999598,2,35.270183
24512.973981,1.925681,0.012760,2.118640,0.181936,0.445592,0.002670,-0.005063,-0.111651,0.011265,0.077808,2.502056,2.017148,2.426738,1.994604,2,35.315660
24512.994015,1.926120,0.012311,2.134085,0.198709,0.441675,0.002837,-0.002856,-0.098225,0.003287,0.077659,2.458872,2.007580,2.384090,1.986379,2,35.349097
24513.013977,1.921616,0.020058,2.407995,0.209134,0.438183,0.003374,-0.003932,-0.113488,-0.002290,0.066861,2.416400,1.995174,2.351862,1.977551,2,35.391503
24513.062067,1.917225,0.020600,2.624934,0.215418,0.435316,0.014946,-0.001309,-0.375493,-0.007741,0.065221,2.374284,1.980384,2.310976,1.962893,2,35.435816
24513.068733,1.913097,0.017845,2.752454,0.221317,0.432738,-0.003979,-0.006784,0.006290,-0.014961,0.030556,2.305533,1.945397,2.271517,1.944742,2,35.495404
24513.075827,1.906035,0.012863,2.848428,0.221114,0.423288,0.001720,-0.002832,-0.058484,-0.017937,0.071071,2.288702,1.939078,2.219788,1.914103,2,35.546277
24513.093994,1.904244,0.012408,2.863789,0.221078,0.424933,0.002332,-0.000783,-0.035821,-0.023448,0.084804,2.259889,1.920286,2.179745,1.883975,2,35.577300
24513.113992,1.897911,0.015982,2.996311,0.211798,0.427410,-0.000541,0.001190,0.036003,-0.027787,0.075336,2.228500,1.893635,2.154814,1.861727,2,35.615630
24513.156962,1.889337,0.016974,3.139224,0.195986,0.430372,0.005515,0.005333,0.129569,-0.028469,0.066579,2.194948,1.865674,2.129174,1.835392,2,35.659053
24513.162210,1.881596,0.015376,3.222971,0.173667,0.433468,-0.010688,0.001875,0.127219,-0.031368,0.050564,2.157004,1.823305,2.101466,1.801944,2,35.710409
24513.173973,1.870055,0.013601,3.298610,0.140467,0.435055,-0.002108,0.006370,0.174599,-0.035663,0.073723,2.140068,1.802477,2.071512,1.757678,2,35.755951
24513.193995,1.867736,0.007361,3.197612,0.107187,0.439556,-0.001518,0.007431,0.228821,-0.039008,0.073194,2.117948,1.768156,2.050766,1.719519,2,35.794039
24513.213975,1.867348,-0.004484,2.780880,0.075527,0.438687,-0.000894,0.004290,0.208397,-0.041003,0.069210,2.098091,1.732244,2.034621,1.682819,2,35.836805
24513.258117,1.868264,-0.013677,2.259748,0.044638,0.436614,-0.001910,-0.007911,0.584172,-0.044343,0.068510,2.082456,1.694869,2.020511,1.641741,2,35.880328
24513.263440,1.871104,-0.019186,1.608585,0.013467,0.434260,0.002739,0.013723,-0.393871,-0.039152,0.041730,2.056699,1.632688,2.010019,1.599593,2,35.934892
24513.273993,1.874474,-0.008870,0.979874,-0.019988,0.429548,0.000129,0.007692,0.238789,-0.043192,0.074332,2.052137,1.616692,2.002188,1.546721,2,35.979393
24513.293993,1.875647,-0.009984,0.816293,-0.050963,0.431007,0.001360,0.015852,0.482020,-0.035546,0.074813,2.036056,1.577916,2.000011,1.503342,2,36.009990
24513.313994,1.878147,-0.009780,0.466762,-0.079792,0.430166,0.002750,0.022472,0.682620,-0.019119,0.069016,2.022329,1.537681,1.999096,1.469939,2,36.049419
24513.363942,1.880698,-0.006093,0.283736,-0.113669,0.430211,0.003149,0.007506,1.216491,-0.004863,0.067171,2.009311,1.499280,1.995539,1.433357,2,36.090442
24513.370174,1.880631,-0.022143,-0.250966,-0.137887,0.429313,-0.000278,0.000033,-0.819584,0.016345,0.039408,1.980558,1.432631,1.987885,1.390602,2,36.145139
24513.376015,1.879008,-0.030545,-1.397760,-0.145913,0.426071,0.000582,0.002327,0.008045,0.021318,0.073829,1.976987,1.415911,1.973420,1.339148,2,36.193814
24513.394017,1.878701,-0.029678,-1.551311,-0.158623,0.433720,0.001018,0.002217,0.104195,0.031869,0.087471,1.962233,1.385379,1.954942,1.292569,2,36.225262
24513.413994,1.876877,-0.030019,-1.874185,-0.170142,0.440896,0.000757,0.002179,0.083114,0.037228,0.074753,1.943810,1.349074,1.941648,1.265592,2,36.263721
24513.459064,1.874372,-0.028712,-2.174897,-0.180881,0.447499,0.004399,-0.002732,0.262331,0.042555,0.071781,1.924201,1.314361,1.921446,1.230959,2,36.306067
24513.465361,1.871350,-0.027148,-2.429046,-0.190593,0.453772,-0.003254,0.006510,-0.094002,0.045681,0.044193,1.888811,1.260867,1.898534,1.198056,2,36.359253
24513.473996,1.866826,-0.021198,-2.613447,-0.203243,0.455289,0.001211,0.003365,0.080296,0.049377,0.076888,1.880786,1.247067,1.864026,1.157239,2,36.404285
24513.494000,1.865772,-0.019979,-2.635687,-0.212879,0.461730,0.000738,0.001450,0.047339,0.051036,0.079637,1.856452,1.215654,1.830405,1.124724,2,36.437351
24513.513997,1.860896,-0.023346,-2.831217,-0.217313,0.467399,0.000326,0.000750,0.030359,0.049531,0.069207,1.829309,1.184933,1.804602,1.103493,2,36.478508
24513.559924,1.855989,-0.023884,-2.996523,-0.219138,0.473318,0.005869,-0.002639,0.112126,0.047860,0.065181,1.800535,1.155968,1.771852,1.080362,2,36.520526
24513.565541,1.851048,-0.022866,-3.131223,-0.218664,0.479275,-0.006220,0.003048,-0.082452,0.040029,0.039455,1.750492,1.112207,1.734408,1.058352,2,36.573581
24513.573999,1.843620,-0.019315,-3.242843,-0.212793,0.479902,-0.000116,-0.000509,-0.010087,0.044044,0.072457,1.736809,1.103683,1.685925,1.035854,2,36.618373
24513.594007,1.841961,-0.018606,-3.259083,-0.205090,0.487102,-0.000823,-0.001144,-0.034459,0.038793,0.072827,1.703397,1.079708,1.644942,1.021469,2,36.650242
24513.613999,1.838586,-0.016243,-3.259577,-0.195384,0.493501,-0.001282,-0.001390,-0.051205,0.031872,0.064902,1.668708,1.058533,1.612656,1.012857,2,36.689502
24513.660419,1.835930,-0.013816,-3.221959,-0.183532,0.499437,-0.000139,-0.000074,-0.157677,0.023230,0.060468,1.632764,1.038113,1.576566,1.005897,2,36.729817
24513.666204,1.835051,-0.010826,-3.115425,-0.173165,0.505338,-0.000517,-0.001550,0.099531,0.006828,0.036122,1.568982,1.010342,1.533396,1.001117,2,36.782045
24513.673998,1.834864,-0.010868,-2.959921,-0.159525,0.503282,-0.000430,-0.002203,-0.050293,0.005029,0.070799,1.554133,1.005029,1.483333,1.000000,2,36.825115
24513.693998,1.835241,-0.010997,-2.925640,-0.146003,0.511690,-0.001154,-0.002794,-0.088143,-0.009733,0.073609,1.513609,0.990267,1.440000,1.000000,2,36.855889
24513.714008,1.837489,-0.008342,-2.749064,-0.134321,0.518363,-0.001217,-0.001841,-0.079284,-0.020336,0.064287,1.474287,0.979664,1.410000,1.000000,2,36.896117
24513.760984,1.840615,-0.006219,-2.554696,-0.124254,0.524226,-0.007280,0.002626,-0.225650,-0.030505,0.063818,1.433818,0.969495,1.370000,1.000000,2,36.937171
24513.766771,1.844794,-0.005080,-2.334430,-0.120817,0.530405,0.007370,-0.003933,0.175847,-0.045935,0.028278,1.354945,0.954065,1.326667,1.000000,2,36.994715
24513.774009,1.853773,-0.008675,-2.091916,-0.122065,0.527378,-0.000802,0.000317,-0.011711,-0.046895,0.077587,1.347587,0.953105,1.270000,1.000000,2,37.040830
24513.794008,1.854801,-0.009005,-2.074824,-0.122966,0.533384,0.000120,0.000450,0.013063,-0.053078,0.081610,1.304943,0.946922,1.223333,1.000000,2,37.069205
24513.813999,1.860225,-0.010538,-2.011848,-0.126962,0.537801,-0.000041,0.001333,0.040532,-0.056715,0.067440,1.264107,0.943285,1.196667,1.000000,2,37.109311
24513.857477,1.865392,-0.011799,-1.981856,-0.133683,0.541530,-0.005793,0.001198,0.097859,-0.058492,0.064078,1.220744,0.941508,1.156667,1.000000,2,37.151113
24513.863226,1.870388,-0.014355,-2.012816,-0.143127,0.544850,0.006664,0.000422,-0.051786,-0.060463,0.037413,1.150747,0.939537,1.113333,1.000000,2,37.205373
24513.873975,1.878272,-0.015598,-2.106078,-0.160978,0.542173,0.000476,0.002932,0.079845,-0.060065,0.074083,1.134083,0.939935,1.060000,1.000000,2,37.249148
24513.893997,1.880159,-0.016310,-2.141863,-0.174708,0.545657,0.000495,0.000831,0.035169,-0.058744,0.073347,1.090013,0.941256,1.016667,1.000000,2,37.279802
24513.913977,1.882471,-0.021840,-2.365791,-0.188227,0.548635,0.001047,0.002180,0.063711,-0.054158,0.062961,1.044409,0.944048,0.983293,1.000279,2,37.320444
24513.961368,1.884753,-0.022253,-2.552347,-0.203567,0.551492,0.001247,-0.000498,0.309104,-0.047853,0.059486,0.996982,0.948935,0.943306,1.003225,2,37.363305
24513.968125,1.886796,-0.021314,-2.693867,-0.221649,0.553990,0.001705,0.003269,-0.195996,-0.047191,0.025242,0.915743,0.958746,0.900407,1.010019,2,37.421866
24513.974866,1.887923,-0.020101,-2.990258,-0.234925,0.547100,0.001087,0.002046,0.034171,-0.041511,0.071990,0.901130,0.962747,0.845492,1.024472,2,37.467247
24513.994000,1.887943,-0.019120,-3.033367,-0.246780,0.549806,0.002605,0.002272,0.102502,-0.035059,0.089128,0.869652,0.973463,0.801733,1.040990,2,37.491101
24514.013995,1.886698,-0.019256,-3.148096,-0.254589,0.553607,0.000294,0.000318,0.011591,-0.039843,0.072067,0.827738,0.983328,0.780481,1.050766,2,37.524918
24514.059111,1.882546,-0.020397,-3.346712,-0.262030,0.558054,0.006322,-0.003694,0.144659,-0.042862,0.062960,0.784212,0.997905,0.750965,1.066431,2,37.564212
24514.064842,1.878481,-0.018866,-3.505744,-0.267392,0.562012,-0.005312,0.004448,-0.121325,-0.049105,0.034718,0.717858,1.027646,0.717026,1.087779,2,37.616289
24514.073999,1.871758,-0.013926,-3.669548,-0.265186,0.558250,0.000549,-0.000020,0.006082,-0.044953,0.072156,0.703265,1.037259,0.677186,1.118174,2,37.657702
24514.094008,1.869991,-0.012635,-3.695088,-0.262350,0.563301,-0.000087,-0.000076,-0.003675,-0.038142,0.075416,0.671355,1.067245,0.645267,1.147630,2,37.686603
24514.113970,1.865317,-0.009810,-3.740877,-0.255887,0.566829,-0.000477,-0.000580,-0.017999,-0.041591,0.064141,0.635893,1.093970,0.624724,1.169595,2,37.726464
24514.175745,1.860973,-0.007488,-3.761427,-0.247932,0.571779,0.003228,-0.001475,-0.101454,-0.045147,0.042991,0.589021,1.139264,0.599456,1.200726,2,37.775901
24514.181701,1.854825,-0.005653,-3.769302,-0.238982,0.571147,-0.008217,-0.001039,-0.022650,-0.060015,0.003937,0.524072,1.204831,0.573244,1.239463,2,37.843771
24514.201718,1.846028,-0.005412,-3.768722,-0.220930,0.563980,-0.001862,-0.002874,-0.091507,-0.059038,0.037315,0.501588,1.244066,0.540990,1.301733,2,37.903947
24514.221690,1.843603,-0.003646,-3.710910,-0.202281,0.562167,-0.001199,-0.001856,-0.076860,-0.058868,0.062893,0.481888,1.281258,0.520511,1.358259,2,37.943424
24514.259140,1.843430,0.000034,-3.566047,-0.180491,0.561642,-0.002831,0.000730,-0.243462,-0.052543,0.065295,0.472710,1.322426,0.510696,1.397134,2,37.981718
24514.264854,1.845199,0.003325,-3.336045,-0.156550,0.559503,0.001868,-0.004315,0.133630,-0.051330,0.055739,0.461018,1.371273,0.504461,1.433357,2,38.024791
24514.281690,1.848415,0.001633,-3.083148,-0.128229,0.554597,-0.001874,-0.005146,-0.183627,-0.042857,0.066620,0.460853,1.408062,0.500547,1.476614,2,38.066259
24514.301727,1.851805,0.002996,-2.869525,-0.099032,0.554820,-0.000730,-0.002825,-0.120925,-0.043699,0.063898,0.456301,1.452769,0.500000,1.516667,2,38.106594
24514.321692,1.858849,0.009351,-2.403113,-0.075348,0.551545,-0.000167,-0.003183,-0.123077,-0.042244,0.063051,0.457756,1.496949,0.500000,1.560000,2,38.151306
24514.360058,1.866861,0.010292,-1.952161,-0.051071,0.548405,-0.008220,-0.000605,-0.476771,-0.041631,0.059445,0.458369,1.543889,0.500000,1.603333,2,38.197482
24514.365646,1.875026,0.007211,-1.581234,-0.029637,0.545341,0.007123,-0.011151,0.025345,-0.036094,0.052640,0.463906,1.597360,0.500000,1.650000,2,38.247309
24514.381719,1.884674,0.000040,-1.365697,-0.004069,0.540715,0.000012,-0.006753,-0.221806,-0.032611,0.063669,0.467389,1.636331,0.500000,1.700000,2,38.294661
24514.401687,1.891635,0.007224,-1.037083,0.011774,0.540809,0.000291,-0.003064,-0.145989,-0.030886,0.063192,0.469114,1.683474,0.500000,1.746667,2,38.339348
24514.421712,1.900250,0.014490,-0.554714,0.019042,0.539496,0.000311,-0.000719,-0.032535,-0.025709,0.058236,0.474291,1.731764,0.500000,1.790000,2,38.387420
24514.460564,1.908764,0.015691,-0.125298,0.021272,0.538108,-0.007326,0.003776,-0.130428,-0.024537,0.061369,0.475463,1.778631,0.500000,1.840000,2,38.435184
24514.466152,1.917216,0.012342,0.133350,0.020102,0.537008,0.007731,-0.003338,0.102855,-0.020612,0.053752,0.479388,1.832914,0.500000,1.886667,2,38.485820
24514.481716,1.927203,0.007715,0.280218,0.017849,0.533541,0.000604,0.000356,0.014084,-0.019869,0.064681,0.480131,1.871986,0.500000,1.936667,2,38.533422
24514.501715,1.933840,0.005069,0.312713,0.014470,0.533757,0.000303,0.000271,0.012946,-0.020613,0.068015,0.479387,1.918652,0.500000,1.986667,2,38.577184
24514.521709,1.941818,0.002199,0.297970,0.009157,0.533133,0.000307,0.000421,0.020264,-0.022924,0.065026,0.477076,1.964974,0.500000,2.030000,2,38.623824
24514.559455,1.949664,0.000071,0.249206,0.000884,0.533386,-0.006145,0.000341,0.089734,-0.022554,0.063365,0.477446,2.013302,0.500000,2.076667,2,38.671366
24514.565036,1.957489,-0.002097,0.163825,-0.008940,0.532919,0.007119,0.001353,-0.034649,-0.024272,0.053940,0.475728,2.069393,0.500000,2.123333,2,38.723439
24514.581715,1.966642,-0.002373,0.075532,-0.022705,0.530855,0.000190,0.002404,0.092522,-0.026198,0.069182,0.473802,2.107484,0.500000,2.176667,2,38.771845
24514.601713,1.972542,-0.005153,-0.031370,-0.037499,0.531278,0.000554,0.001197,0.056979,-0.026477,0.067170,0.473523,2.156163,0.500000,2.223333,2,38.815847
24514.621717,1.979581,-0.010100,-0.276322,-0.054275,0.529354,0.000990,0.004139,0.129023,-0.027038,0.062402,0.472962,2.204265,0.500000,2.266667,2,38.863962
24514.660903,1.986447,-0.010175,-0.472985,-0.075838,0.527601,-0.003791,0.000531,0.351416,-0.028534,0.063729,0.471466,2.252937,0.500000,2.316667,2,38.912654
24514.666316,1.992396,-0.014367,-0.734242,-0.099589,0.525166,0.005449,0.003143,-0.175498,-0.028392,0.055182,0.471608,2.308151,0.500000,2.363333,2,38.963674
24514.681728,1.998685,-0.014865,-1.054573,-0.126359,0.521159,0.002384,0.005592,0.161230,-0.027066,0.067254,0.472934,2.349412,0.500000,2.416667,2,39.012068
24514.701696,2.002129,-0.016816,-1.284408,-0.154726,0.518918,0.002568,0.003842,0.168328,-0.023590,0.064130,0.476410,2.399203,0.500000,2.463333,2,39.057874
24514.721715,2.003967,-0.022006,-1.663702,-0.182503,0.515761,0.002851,0.004325,0.129748,-0.021996,0.060160,0.476902,2.450319,0.500101,2.510026,2,39.106772
24514.759694,2.003974,-0.023327,-2.073806,-0.210722,0.512818,0.009585,0.003744,0.538950,-0.017243,0.061799,0.479079,2.500730,0.503615,2.560013,2,39.155396
24514.767307,2.004260,-0.018548,-2.323657,-0.239141,0.509746,0.003959,0.012210,0.046638,-0.027615,0.044455,0.474972,2.568554,0.511394,2.606134,2,39.209741
24514.781739,2.004981,-0.010080,-2.473677,-0.268470,0.502268,0.004557,0.003246,0.118317,-0.023043,0.073916,0.480983,2.598278,0.526580,2.660852,2,39.255786
24514.801702,2.001020,-0.015217,-2.690331,-0.284215,0.497803,0.003017,0.001127,0.039380,-0.026120,0.068294,0.490917,2.649336,0.542326,2.701331,2,39.293978
24514.821716,1.991188,-0.019196,-3.074846,-0.292781,0.494699,0.001566,0.000450,0.010607,-0.031189,0.060920,0.503559,2.698542,0.559929,2.737355,2,39.339545
24514.860563,1.979439,-0.017158,-3.397391,-0.294912,0.493293,0.013801,-0.005756,0.152128,-0.030762,0.057713,0.524781,2.743322,0.582188,2.774651,2,39.385227
24514.866231,1.967019,-0.011729,-3.625107,-0.291939,0.492520,-0.012262,0.005703,-0.127318,-0.030580,0.052504,0.552994,2.790616,0.609680,2.812491,2,39.432556
24514.881711,1.950989,-0.004237,-3.801941,-0.286347,0.492027,-0.000529,-0.000086,-0.009585,-0.029017,0.061480,0.576989,2.823575,0.640588,2.847596,2,39.477386
24514.901708,1.940289,0.000541,-3.869875,-0.277321,0.494332,-0.000505,-0.000284,-0.010514,-0.027413,0.063564,0.608537,2.859113,0.674641,2.879660,2,39.518755
24514.921706,1.927399,0.005770,-3.903150,-0.263775,0.494947,-0.000523,-0.000397,-0.015842,-0.028045,0.058688,0.642143,2.892701,0.706107,2.904508,2,39.562093
24514.957730,1.915625,0.009743,-3.888925,-0.248042,0.495896,0.007327,-0.000233,-0.076321,-0.034049,0.061275,0.672263,2.926089,0.742322,2.928488,2,39.604257
24514.963735,1.905308,0.012417,-3.829456,-0.231834,0.499803,-0.009058,-0.001435,0.044779,-0.031387,0.050212,0.721587,2.955390,0.780481,2.949234,2,39.651059
24583.887762,0.400000,0.020000,0.000000,-0.003699,0.510000,-0.035621,0.020585,0.015287,-0.008189,0.026340,1.490327,3.008189,1.516667,3.000000,0,0.530608
24583.924490,0.400000,0.020000,0.000000,-0.006863,0.520000,-0.331792,0.109413,2.741960,-0.017423,0.038684,1.491316,3.017423,1.530000,3.000000,0,0.532161
24583.957930,0.106784,0.108273,2.711414,-0.028979,0.530000,0.036713,-0.009944,-0.314326,-0.011174,0.035192,1.494808,3.011174,1.530000,3.000000,0,0.532161
24583.964379,0.181848,-0.000374,-0.014641,-0.030786,0.540000,0.029028,-0.000542,-0.013405,-0.012121,0.027010,1.502990,3.012121,1.530000,3.000000,0,0.532739
24583.971055,0.218370,-0.000604,-0.015885,-0.035621,0.550000,-0.006750,0.001738,0.043806,-0.008953,0.029903,1.500097,3.008953,1.530000,3.000000,0,0.533317
24583.990636,0.219428,-0.001132,-0.027959,-0.039358,0.560000,0.000789,0.000098,0.003741,-0.009362,0.024419,1.505581,3.009362,1.530000,3.000000,0,0.535505
24584.010634,0.243824,-0.003776,-0.098802,-0.042519,0.570000,-0.000273,0.000037,0.001356,-0.009886,0.022730,1.510603,3.009886,1.533333,3.000000,0,0.541144
24584.052879,0.268268,-0.004588,-0.121671,-0.045335,0.580000,-0.027234,0.000513,0.014782,-0.009957,0.022674,1.517326,3.009957,1.540000,3.000000,0,0.548728
24584.059511,0.294236,-0.005343,-0.142167,-0.047542,0.590000,0.032437,-0.000367,-0.011336,-0.012392,0.016262,1.530405,3.012392,1.546667,3.000000,0,0.559710
24584.070650,0.335210,-0.006091,-0.163565,-0.049863,0.600000,-0.005356,0.000337,0.009493,-0.010476,0.025428,1.531239,3.010476,1.556667,3.000000,0,0.568314
24584.090649,0.344418,-0.006547,-0.174768,-0.051277,0.610000,-0.000361,0.000511,0.013351,-0.010833,0.027424,1.539242,3.010833,1.566667,3.000000,0,0.574225
24584.110638,0.370760,-0.007033,-0.190009,-0.052064,0.620000,-0.001597,0.000653,0.017002,-0.011950,0.026424,1.546909,3.011950,1.573333,3.000000,0,0.583473
24584.152900,0.396329,-0.007502,-0.203721,-0.052619,0.630000,-0.031832,0.001372,0.038635,-0.012223,0.026795,1.556538,3.012223,1.583333,3.000000,0,0.594218
24584.158186,0.422822,-0.007941,-0.216626,-0.052565,0.640000,0.028907,0.000014,-0.003306,-0.013764,0.021674,1.571660,3.013764,1.593333,3.000000,0,0.608312
24584.170638,0.459162,-0.008505,-0.233497,-0.052340,0.650000,-0.002286,0.000459,0.012748,-0.013047,0.030114,1.576552,3.013047,1.606667,3.000000,0,0.620390
24584.190640,0.474649,-0.009046,-0.247132,-0.051366,0.660000,0.000755,-0.000049,-0.001703,-0.014096,0.031984,1.588016,3.014096,1.620000,3.000000,0,0.630079
24584.210615,0.504489,-0.009944,-0.275183,-0.050080,0.670000,0.000636,-0.000059,-0.002098,-0.013965,0.028722,1.601278,3.013965,1.630000,3.000000,0,0.644139
24584.257213,0.534647,-0.010245,-0.286547,-0.048381,0.680000,-0.037456,0.000174,0.007904,-0.014729,0.028315,1.615018,3.014729,1.643333,3.000000,0,0.659888
24584.262767,0.566786,-0.010679,-0.300491,-0.045958,0.690000,0.041435,-0.001060,-0.030750,-0.014945,0.016483,1.640183,3.014945,1.656667,3.000000,0,0.680831
24584.270637,0.616701,-0.011416,-0.325538,-0.041947,0.694984,-0.000295,-0.001098,-0.025029,-0.015070,0.034398,1.645602,3.015070,1.680000,3.000000,0,0.698796
24584.290618,0.628441,-0.011549,-0.330669,-0.039028,0.704984,0.001374,-0.000193,-0.007112,-0.014894,0.035203,1.661464,3.014894,1.696667,3.000000,0,0.711922
24584.310639,0.660810,-0.009848,-0.291581,-0.035736,0.714984,0.001751,-0.000264,-0.009022,-0.014392,0.031467,1.678533,3.014392,1.710000,3.000000,0,0.729397
24584.355173,0.693953,-0.009305,-0.276751,-0.031910,0.724984,-0.037168,-0.000721,-0.018880,-0.015049,0.031146,1.695521,3.015049,1.726667,3.000000,0,0.748254
24584.360974,0.727090,-0.009208,-0.273695,-0.027896,0.734984,0.042636,-0.001257,-0.033400,-0.013294,0.020821,1.725846,3.013294,1.746667,3.000000,0,0.774042
24584.370637,0.779076,-0.009598,-0.289044,-0.022624,0.736554,-0.001878,-0.001295,-0.031415,-0.013832,0.040541,1.732792,3.013832,1.773333,3.000000,0,0.795567
24584.390637,0.792638,-0.008799,-0.274281,-0.018152,0.746554,0.002027,-0.000302,-0.010913,-0.013719,0.039703,1.753630,3.013719,1.793333,3.000000,0,0.812136
24584.410633,0.827017,-0.005948,-0.199172,-0.014216,0.756309,0.001994,-0.000282,-0.010111,-0.012253,0.035236,1.774764,3.012253,1.810000,3.000000,0,0.835070
24584.454387,0.861635,-0.004660,-0.157141,-0.009937,0.765252,-0.036859,-0.000519,-0.023152,-0.012333,0.036994,1.796339,3.012333,1.833333,3.000000,0,0.858143
24584.460120,0.896335,-0.003503,-0.122162,-0.006125,0.773223,0.046025,-0.000199,0.003325,-0.009678,0.022739,1.833928,3.009678,1.856667,3.000000,0,0.888676
24584.470637,0.951867,-0.003005,-0.100552,-0.002523,0.770743,-0.003683,-0.000832,-0.020645,-0.009988,0.044857,1.841809,3.009988,1.886667,3.000000,0,0.914962
24584.490641,0.965281,-0.002453,-0.088312,0.001135,0.779168,0.001655,-0.001681,-0.044904,-0.009570,0.047339,1.865995,3.009570,1.913333,3.000000,0,0.934234
24584.510639,0.999765,-0.001806,-0.066387,0.003824,0.786767,0.001409,-0.000812,-0.028869,-0.008583,0.042776,1.890558,3.008583,1.933333,3.000000,0,0.959549
24584.554409,1.034130,-0.000134,-0.025201,0.005629,0.793878,-0.037782,-0.000437,-0.028258,-0.008617,0.041597,1.915070,3.008617,1.956667,3.000000,0,0.985655
24584.560815,1.068342,0.001283,0.025984,0.005712,0.800800,0.044322,0.000238,0.020152,-0.007544,0.027050,1.956283,3.007544,1.983333,3.000000,0,1.019835
24584.570639,1.123321,0.001738,0.056857,0.004931,0.797198,-0.002555,0.000138,0.002715,-0.008342,0.050486,1.966181,3.008342,2.016667,3.000000,0,1.049136
24584.590651,1.136744,0.001763,0.059862,0.003546,0.804360,0.001320,0.000339,0.009307,-0.008577,0.053218,1.993449,3.008577,2.046667,3.000000,0,1.070906
24584.610640,1.170828,0.001550,0.058140,0.002003,0.811027,0.001398,0.000256,0.009392,-0.008447,0.048563,2.021437,3.008447,2.070000,3.000000,0,1.099755
24584.654304,1.205007,0.001016,0.046861,0.000275,0.817143,-0.036583,0.000281,0.017305,-0.008273,0.045826,2.050841,3.008273,2.096667,3.000000,0,1.130840
24584.660714,1.239633,0.000351,0.026091,-0.001008,0.822637,0.044429,0.000034,-0.007929,-0.007286,0.030449,2.099551,3.007286,2.130000,3.000000,0,1.170910
24584.670647,1.294605,0.000071,0.008413,-0.002564,0.816964,-0.002692,0.000374,0.009328,-0.008632,0.059238,2.110762,3.008632,2.170000,3.000000,0,1.203755
24584.690644,1.307783,-0.000098,0.003336,-0.004445,0.822951,0.001468,0.000158,0.006103,-0.008778,0.061728,2.141605,3.008778,2.203333,3.000000,0,1.227671
24584.710643,1.341323,-0.001076,-0.026290,-0.005705,0.828388,0.001562,0.000324,0.009053,-0.008694,0.052897,2.173770,3.008694,2.226667,3.000000,0,1.260241
24584.763323,1.374910,-0.001388,-0.046440,-0.006625,0.833377,-0.050344,0.000557,0.031757,-0.009789,0.053654,2.206346,3.009789,2.260000,3.000000,0,1.294981
24584.769577,1.407940,-0.001401,-0.055812,-0.007897,0.838091,0.054980,0.000569,0.006155,-0.010312,0.019298,2.274035,3.010312,2.293333,3.000000,0,1.345484
24584.776245,1.472915,-0.001279,-0.061310,-0.009166,0.830505,0.003287,0.000635,0.013537,-0.008660,0.053190,2.290143,3.008660,2.343333,3.000000,0,1.390325
24584.790645,1.486458,-0.001313,-0.063181,-0.011227,0.834488,-0.003597,0.000563,0.017378,-0.010581,0.081332,2.308668,3.010581,2.390000,3.000000,0,1.412611
24584.810644,1.505000,-0.002293,-0.087552,-0.012260,0.840925,0.001844,0.000267,0.010591,-0.008887,0.064117,2.345883,3.008887,2.410000,3.000000,0,1.441563
24584.858810,1.537695,-0.003215,-0.126800,-0.012094,0.845436,-0.041072,-0.000281,0.016639,-0.009944,0.057145,2.382855,3.009944,2.440000,3.000000,0,1.479600
24584.865773,1.569999,-0.003474,-0.157186,-0.012276,0.848997,0.045798,0.000290,-0.015228,-0.009244,0.027024,2.449642,3.009244,2.476667,3.000000,0,1.531577
24584.871600,1.626474,-0.003150,-0.178948,-0.012315,0.839960,0.003761,0.000027,-0.000497,-0.011381,0.065737,2.464263,3.011381,2.530000,3.000000,0,1.575466
24584.890625,1.638814,-0.003077,-0.181325,-0.012913,0.842839,-0.003098,0.000136,0.004889,-0.011686,0.077492,2.495841,3.011686,2.573333,3.000000,0,1.602511
24584.910643,1.663614,-0.002954,-0.185451,-0.013727,0.845449,0.001497,0.000158,0.005951,-0.011551,0.064410,2.535590,3.011551,2.600000,3.000000,0,1.638376
24584.955239,1.694281,-0.003023,-0.194113,-0.013887,0.846852,-0.033434,-0.000184,0.009321,-0.012159,0.060914,2.575753,3.012159,2.636667,3.000000,0,1.679733
24584.961053,1.724599,-0.003080,-0.206430,-0.014392,0.847050,0.039556,0.000317,-0.006980,-0.010571,0.034559,2.642108,3.010571,2.676667,3.000000,0,1.733397
24584.970642,1.772459,-0.002799,-0.217553,-0.013832,0.837050,-0.001413,-0.000084,-0.001303,-0.013185,0.074977,2.658356,3.013185,2.733333,3.000000,0,1.777982
24584.990642,1.784144,-0.002779,-0.220624,-0.015359,0.835899,0.000034,0.000107,0.004950,-0.013508,0.082392,2.694274,3.013508,2.776667,3.000000,0,1.807659
24585.010637,1.811158,-0.002821,-0.230412,-0.015356,0.834276,-0.005230,-0.000035,0.001777,-0.013650,0.083259,2.723408,3.013650,2.806667,3.000000,0,1.841151
24585.055932,1.832441,-0.002790,-0.239737,-0.014288,0.833755,-0.026988,-0.000333,-0.005204,-0.026022,0.069503,2.770497,3.026022,2.840000,3.000000,0,1.880015
24585.062134,1.864269,-0.002321,-0.243401,-0.020150,0.830051,0.038230,0.001172,0.019238,-0.017405,0.026654,2.853346,3.017405,2.880000,3.000000,0,1.942964
24585.070637,1.910435,-0.001814,-0.240756,-0.015182,0.820051,0.000880,-0.000338,-0.006695,-0.021837,0.066451,2.873549,3.021837,2.940000,3.000000,0,1.998084
24585.090633,1.921690,-0.002236,-0.251007,-0.015324,0.816660,0.002402,0.000008,-0.001555,-0.020490,0.073825,2.922842,3.020490,2.996667,3.000000,0,2.037074
24585.110635,1.948037,-0.001903,-0.257505,-0.013788,0.811109,0.001718,-0.000104,-0.005778,-0.020628,0.067483,2.969184,3.020628,3.036667,3.000000,0,2.084880
24585.157264,1.973021,-0.001304,-0.252995,-0.010269,0.805084,-0.027671,-0.000277,-0.037439,-0.020618,0.065986,3.017347,3.020618,3.083333,3.000000,0,2.133886
24585.163146,1.997459,-0.000249,-0.228897,-0.006966,0.797783,0.031126,-0.000286,0.016293,-0.014383,0.040077,3.093257,3.014383,3.133333,3.000000,0,2.195881
24585.170646,2.035034,0.000137,-0.193670,0.003758,0.787783,0.000843,-0.001960,-0.045085,-0.014552,0.083765,3.109569,3.014552,3.193333,3.000000,0,2.245345
24585.190639,2.043666,0.000339,-0.184110,0.008116,0.780559,0.001668,-0.000524,-0.032398,-0.013162,0.085938,3.157396,3.013162,3.243333,3.000000,0,2.280222
24585.210637,2.065434,0.004253,-0.059015,0.011220,0.773392,0.001839,-0.000226,-0.011884,-0.012807,0.072911,3.207089,3.012807,3.280000,3.000000,0,2.328014
24585.256560,2.086638,0.005114,0.059147,0.013637,0.764398,-0.021786,0.001878,-0.067875,-0.011441,0.069570,3.257096,3.011441,3.326667,3.000000,0,2.379007
24585.262382,2.106998,0.004438,0.145185,0.015766,0.755165,0.026947,-0.002171,0.046305,-0.009141,0.034694,3.341973,3.009141,3.376667,3.000000,0,2.445370
24585.270634,2.139118,0.002210,0.217045,0.019654,0.745165,0.000255,-0.000997,-0.023949,-0.009258,0.084233,3.359101,3.009258,3.443333,3.000000,0,2.499181
24585.290637,2.146238,0.001703,0.225348,0.017226,0.738520,0.001822,0.000072,0.002772,-0.009902,0.085853,3.410813,3.009902,3.496667,3.000000,0,2.537077
24585.310637,2.164173,0.001714,0.270566,0.011954,0.730341,0.002024,0.001271,0.042305,-0.008908,0.072673,3.463994,3.008908,3.536667,3.000000,0,2.588558
24585.357369,2.181621,0.000775,0.290465,0.002412,0.720341,-0.016133,0.003242,0.202533,-0.008581,0.066467,3.520199,3.008581,3.586667,3.000000,0,2.643433
24585.363557,2.199270,-0.000126,0.296342,-0.015848,0.710341,0.025414,0.003950,0.109563,-0.008148,0.028443,3.614891,3.008148,3.643333,3.000000,0,2.717431
24585.370634,2.228911,-0.000772,0.309012,-0.052476,0.700341,-0.001262,0.007812,0.182374,-0.008279,0.092870,3.623797,3.008279,3.716667,3.000000,0,2.773604
24585.390635,2.231642,-0.003193,0.262212,-0.090351,0.690341,0.002832,0.002464,0.147662,-0.008498,0.096723,3.676611,3.008498,3.773333,3.000000,0,2.808359
24585.410635,2.243209,-0.024491,-0.415829,-0.114084,0.680341,0.002947,0.001306,0.068710,-0.010407,0.073118,3.733549,3.010407,3.806667,3.000000,0,2.860528
24585.455525,2.253407,-0.028221,-1.089580,-0.137929,0.670341,-0.004228,-0.014400,0.476606,-0.011632,0.071182,3.788818,3.011632,3.860000,3.000000,0,2.916441
24585.464092,2.261233,-0.023143,-1.639726,-0.163092,0.660341,0.012146,0.019361,-0.303935,-0.006713,0.018820,3.894514,3.006713,3.913333,3.000000,0,2.993439
24585.470634,2.274463,-0.002413,-2.193585,-0.198140,0.650341,0.001306,0.002030,0.096754,-0.005918,0.089758,3.903575,3.005918,3.993333,3.000000,0,3.053898
24585.490638,2.275031,-0.000961,-2.242207,-0.226572,0.641841,0.003860,0.001629,0.074037,0.007552,0.095711,3.957402,2.999851,4.053372,2.997143,0,3.090495
24585.510637,2.273581,0.000582,-2.623120,-0.247314,0.631841,0.003154,0.001416,0.040030,0.016029,0.077772,4.010362,2.990071,4.089748,2.991879,0,3.142775
24585.559369,2.268871,0.007514,-2.958804,-0.264600,0.623114,0.019498,-0.015673,0.278773,0.019699,0.069031,4.066746,2.980624,4.138532,2.980426,0,3.198546
24585.569822,2.262146,0.017351,-3.208776,-0.281093,0.613795,-0.013160,0.017154,-0.187469,0.012258,0.010724,4.177503,2.954423,4.192113,2.961619,0,3.278462
24585.575256,2.242288,0.039366,-3.518024,-0.293108,0.603795,0.002873,-0.000172,0.013214,0.008654,0.074092,4.195846,2.956679,4.263383,2.925005,0,3.342521
24585.590641,2.240885,0.041641,-3.534512,-0.299134,0.596982,0.001079,0.000558,0.003512,0.012141,0.095334,4.233420,2.938873,4.315093,2.888222,0,3.374143
24585.610668,2.228972,0.048652,-3.600999,-0.300000,0.590259,0.000018,-0.000037,-0.001711,0.004562,0.078304,4.279848,2.916265,4.340320,2.866309,0,3.416729
24585.653801,2.211232,0.055762,-3.657866,-0.300000,0.583486,0.021750,-0.003413,0.005368,-0.012310,0.069728,4.333183,2.895364,4.370826,2.835392,0,3.464306
24585.659493,2.193322,0.061203,-3.685540,-0.300000,0.579380,-0.023133,0.002170,-0.011352,-0.030610,0.045718,4.397701,2.854220,4.400544,2.799274,0,3.520983
24585.670630,2.164875,0.064527,-3.700353,-0.293721,0.571073,-0.000743,-0.000051,-0.001296,-0.028872,0.080612,4.416217,2.836107,4.431894,2.751927,0,3.566784
24585.690631,2.153883,0.065049,-3.696345,-0.288066,0.573094,-0.000581,-0.000114,-0.003137,-0.029763,0.079803,4.446951,2.795384,4.453545,2.710467,0,3.601811
24585.710630,2.135715,0.064431,-3.682922,-0.278281,0.573751,-0.001488,-0.000308,-0.007586,-0.048958,0.072091,4.486367,2.764573,4.466590,2.679704,0,3.642732
24585.753983,2.117912,0.062126,-3.666227,-0.265928,0.577151,0.016638,0.005150,-0.033355,-0.055432,0.066912,4.513679,2.721621,4.479489,2.641741,0,3.683688
24585.760081,2.103750,0.059250,-3.636885,-0.252997,0.580764,-0.017789,-0.006063,0.022570,-0.082749,0.041806,4.562744,2.657044,4.489981,2.599593,0,3.737058
24585.770650,2.082044,0.052312,-3.599617,-0.237005,0.579082,0.000732,-0.000145,-0.020896,-0.079727,0.087855,4.568981,2.641642,4.497812,2.546721,0,3.776915
24585.790637,2.077255,0.050673,-3.586435,-0.220703,0.585146,-0.000697,-0.000423,-0.019884,-0.086521,0.088519,4.585286,2.596351,4.499955,2.506684,0,3.806532
24585.810710,2.068301,0.048059,-3.509412,-0.201681,0.590170,-0.001900,-0.000811,-0.031113,-0.098045,0.071577,4.598045,2.551577,4.500000,2.480000,0,3.850114
24585.858573,2.060641,0.045067,-3.402133,-0.176851,0.594184,0.000784,0.006924,-0.279963,-0.106577,0.073175,4.606577,2.506509,4.500000,2.433333,0,3.895018
24585.864709,2.055535,0.041242,-3.273231,-0.148036,0.597551,-0.007994,-0.013804,0.003888,-0.115320,0.030877,4.615320,2.420877,4.500000,2.390000,0,3.957372
24585.870650,2.047730,0.029229,-3.160244,-0.108036,0.588943,-0.001645,-0.006289,-0.152637,-0.115195,0.086035,4.615195,2.412702,4.500000,2.326667,0,4.006294
24585.890646,2.047447,0.029298,-3.128343,-0.074983,0.592386,-0.001983,-0.004575,-0.237619,-0.119617,0.090677,4.619617,2.370677,4.500000,2.280000,0,4.034969
24585.910615,2.051539,0.043028,-2.579708,-0.048786,0.594145,-0.000709,-0.006258,-0.199954,-0.123179,0.073446,4.623179,2.323446,4.500000,2.250000,0,4.077113
24585.964234,2.057707,0.042514,-1.980779,-0.033095,0.590520,-0.014363,0.017821,-0.738103,-0.108440,0.068748,4.608440,2.275414,4.500000,2.206667,0,4.123997
24585.971702,2.064359,0.035507,-1.485601,-0.018516,0.584116,0.012784,-0.019343,0.462306,-0.105006,0.018133,4.605006,2.178133,4.500000,2.160000,0,4.194496
24585.991730,2.080033,0.016783,-0.761535,-0.015235,0.574116,0.002535,-0.005467,-0.116155,-0.091590,0.029282,4.591590,2.119282,4.500000,2.090000,0,4.272546
24586.011766,2.090221,0.007897,-0.613446,-0.003741,0.565880,-0.000452,-0.006939,-0.248921,-0.090522,0.069209,4.590522,2.082543,4.500000,2.013333,0,4.324797
24586.057723,2.096970,0.003947,-0.587161,0.007983,0.564382,-0.005642,-0.007585,-0.573765,-0.072795,0.060949,4.572795,2.020949,4.500000,1.960000,0,4.374673
24586.063721,2.107280,0.001366,-0.569502,0.025387,0.557645,0.010004,-0.008454,-0.175007,-0.070502,0.039180,4.570502,1.949180,4.500000,1.910000,0,4.439868
24586.071748,2.119101,0.000182,-0.575982,0.040633,0.547645,0.001165,-0.007891,-0.196029,-0.059787,0.082073,4.559787,1.928740,4.500000,1.846667,0,4.489402
24586.091757,2.122169,0.004098,-0.497834,0.052007,0.548051,0.000930,-0.003003,-0.108422,-0.053039,0.083217,4.553039,1.879884,4.500000,1.796667,0,4.526894
24586.111758,2.127541,0.019092,0.057715,0.050264,0.548716,0.000519,-0.000976,-0.044378,-0.047474,0.074511,4.547474,1.831177,4.500000,1.756667,0,4.574710
24586.155091,2.133003,0.018292,0.437439,0.048284,0.548563,-0.005391,0.006875,-0.109207,-0.044016,0.069129,4.544016,1.779129,4.500000,1.710000,0,4.624560
24586.161597,2.138579,0.013271,0.682155,0.044360,0.545999,0.006968,-0.005597,0.129796,-0.039489,0.037326,4.539489,1.697326,4.500000,1.660000,0,4.689572
24586.171754,2.147201,0.004922,0.843999,0.040287,0.535999,0.000702,0.000349,0.021434,-0.035513,0.072667,4.535513,1.669334,4.500000,1.596667,0,4.746726
24586.191785,2.150125,0.001596,0.839854,0.035847,0.533664,0.000294,0.001087,0.035366,-0.035187,0.083230,4.535187,1.619897,4.500000,1.536667,0,4.788364
24586.211787,2.154614,-0.002083,0.786425,0.030671,0.528941,0.000843,0.002380,0.077958,-0.035784,0.070104,4.535784,1.566771,4.500000,1.496667,0,4.838143
24586.257672,2.159360,-0.002769,0.751451,0.018193,0.523806,-0.004794,0.003827,0.327203,-0.033021,0.079969,4.533021,1.526635,4.500000,1.446667,0,4.885679
24586.263277,2.162962,-0.002565,0.736646,0.002909,0.519556,0.005829,0.005102,0.093345,-0.032698,0.048422,4.532698,1.448422,4.500000,1.400000,0,4.943754
24586.271765,2.169780,-0.002077,0.723716,-0.024878,0.509556,0.001355,0.005381,0.130971,-0.029827,0.078742,4.529827,1.418742,4.500000,1.340000,0,4.997936
24586.291756,2.172126,-0.007657,0.592560,-0.047637,0.499556,0.002323,0.012167,0.385296,-0.026456,0.083510,4.526456,1.370177,4.500000,1.286667,0,5.039139
24586.311754,2.175542,-0.012134,0.299338,-0.068956,0.489556,0.003862,0.017275,0.556360,-0.028754,0.072688,4.528754,1.319355,4.500000,1.246667,0,5.087900
24586.355816,2.179087,-0.009212,0.139452,-0.102755,0.479556,0.008267,0.017755,1.393646,-0.032943,0.074270,4.532943,1.270937,4.500000,1.196667,0,5.137341
24586.361427,2.182283,-0.005725,0.051421,-0.142755,0.469556,0.007214,0.017186,0.305104,-0.034628,0.052764,4.534628,1.199431,4.500000,1.146667,0,5.195974
24586.371774,2.187364,-0.001530,0.041657,-0.182755,0.459556,0.005595,0.015995,0.432110,-0.031905,0.087201,4.531905,1.177201,4.500000,1.090000,0,5.243733
24586.391758,2.186974,-0.010081,-0.148411,-0.222755,0.449556,0.004506,0.003043,0.096062,-0.028668,0.088462,4.528668,1.128462,4.500000,1.040000,0,5.280106
24586.411786,2.176754,-0.037876,-1.254738,-0.212371,0.446593,0.003657,0.003209,0.098929,-0.022204,0.076210,4.522204,1.079544,4.500000,1.003333,0,5.326564
24586.453216,2.168301,-0.035019,-2.043199,-0.209130,0.440815,0.014588,-0.008466,0.386390,-0.018333,0.060501,4.521511,1.018863,4.498399,0.960022,0,5.378241
24586.459099,2.159157,-0.019189,-2.578115,-0.212834,0.441296,-0.005868,0.013563,-0.132128,-0.003124,0.060294,4.505570,0.965826,4.491305,0.907161,0,5.434577
24586.471755,2.149710,-0.003182,-2.828846,-0.211569,0.440312,-0.001027,0.001732,-0.007464,0.009165,0.076757,4.491585,0.928202,4.477646,0.852167,0,5.484196
24586.491732,2.140560,0.002390,-2.978583,-0.216483,0.443409,0.000719,0.000452,0.010752,0.012202,0.075645,4.478725,0.879620,4.460491,0.805197,0,5.530241
24586.511756,2.127967,0.008732,-3.127799,-0.224793,0.447219,0.001079,0.001225,0.036420,0.026190,0.071836,4.451291,0.838777,4.440320,0.763108,0,5.580549
24586.553515,2.114926,0.014697,-3.214227,-0.233187,0.448787,0.017959,-0.001088,0.129360,0.021793,0.072387,4.436884,0.792504,4.414457,0.720311,0,5.629587
24586.559485,2.101664,0.019268,-3.259699,-0.249449,0.451882,-0.011024,0.003633,0.017655,0.027376,0.059809,4.403339,0.746487,4.386571,0.682884,0,5.681118
24586.571764,2.085713,0.022519,-3.279769,-0.265071,0.450447,-0.001265,0.000988,0.022268,0.030743,0.071993,4.380366,0.715911,4.350593,0.643511,0,5.730965
24586.591755,2.073453,0.021059,-3.337421,-0.279318,0.447937,0.003091,0.001735,0.046668,0.025033,0.074222,4.355403,0.676285,4.313233,0.610275,0,5.774416
24586.611754,2.057636,0.019682,-3.423697,-0.290478,0.443227,0.004263,0.002269,0.061154,0.018213,0.070855,4.327032,0.639182,4.278305,0.584613,0,5.818398
24586.656041,2.042066,0.019558,-3.488669,-0.297669,0.437305,0.029294,0.003218,0.178011,0.013839,0.068892,4.294947,0.607438,4.241286,0.562072,0,5.862193
24586.661771,2.026467,0.019695,-3.535131,-0.300000,0.431696,-0.015507,0.000832,-0.004384,0.002950,0.056078,4.252535,0.568225,4.202454,0.542821,0,5.910501
24586.671753,2.004937,0.019505,-3.571108,-0.300000,0.425767,-0.000558,0.000314,0.008383,0.003607,0.077851,4.228630,0.552568,4.155777,0.524886,0,5.952476
24586.691783,1.993930,0.017730,-3.610252,-0.300000,0.425485,-0.000125,-0.000073,-0.002170,0.000422,0.072984,4.188139,0.531482,4.117290,0.513952,0,5.988588
24586.711730,1.973280,0.014557,-3.698275,-0.300000,0.423444,-0.000425,-0.000152,-0.003179,-0.003576,0.070569,4.151555,0.514614,4.081345,0.506661,0,6.028958
24586.755484,1.952839,0.012616,-3.771443,-0.295461,0.422120,0.021455,0.001121,0.031823,-0.003665,0.068695,4.110401,0.503805,4.041640,0.501737,0,6.068988
24586.761075,1.932671,0.011175,-3.829823,-0.287341,0.420878,-0.022510,-0.001967,-0.051668,-0.001738,0.051399,4.053072,0.498436,4.001668,0.500003,0,6.116754
24586.771772,1.905051,0.009144,-3.888970,-0.273409,0.417516,-0.001466,-0.000511,-0.012638,-0.000708,0.075316,4.026613,0.494359,3.951718,0.502337,0,6.158736
24586.791763,1.894784,0.008930,-3.891464,-0.263536,0.422652,-0.001788,-0.000917,-0.024056,0.002697,0.079723,3.991037,0.496427,3.912081,0.507790,0,6.190867
24586.811765,1.878047,0.008155,-3.870075,-0.251531,0.426992,-0.001686,-0.001706,-0.048906,0.001512,0.071378,3.949108,0.499006,3.879471,0.514745,0,6.228007
24586.853355,1.863207,0.006184,-3.842338,-0.247885,0.431688,0.009933,0.001343,-0.130174,0.002798,0.066235,3.908033,0.506908,3.844223,0.524886,0,6.267704
24586.858718,1.848413,0.003039,-3.821739,-0.247845,0.435511,-0.014101,-0.004422,-0.011198,-0.001860,0.056208,3.857854,0.515421,3.806734,0.538862,0,6.311449
24586.871753,1.831267,-0.001452,-3.810328,-0.253037,0.437540,-0.002140,-0.000472,0.001879,0.001199,0.071828,3.831674,0.524997,3.767525,0.557332,0,6.349636
24586.891733,1.821945,-0.002842,-3.769621,-0.256103,0.440380,0.000224,0.000331,0.008800,-0.002117,0.070433,3.794371,0.536536,3.735701,0.575564,0,6.382221
24586.911783,1.811365,-0.005525,-3.723372,-0.258586,0.442440,0.000086,0.000123,0.004906,-0.002208,0.067531,3.761528,0.552893,3.707999,0.594124,0,6.418357
24586.954306,1.800903,-0.009291,-3.702694,-0.257699,0.444685,0.010379,0.003096,-0.004937,-0.000817,0.064019,3.727594,0.574898,3.679032,0.616621,0,6.455941
24586.960256,1.790994,-0.012735,-3.696501,-0.256387,0.447071,-0.010318,-0.003064,-0.003985,-0.002307,0.046999,3.683914,0.606795,3.651792,0.641181,0,6.501477
24586.971760,1.777937,-0.016613,-3.697745,-0.247879,0.443036,-0.000688,-0.000777,-0.016951,0.002483,0.072447,3.668799,0.621744,3.619851,0.675213,0,6.540272
24586.991792,1.772705,-0.017728,-3.693888,-0.242483,0.446824,-0.001279,-0.001717,-0.048105,0.005051,0.076268,3.643937,0.647849,3.595100,0.706647,0,6.570178
24587.011775,1.764498,-0.019482,-3.688458,-0.233606,0.450505,-0.002365,-0.003016,-0.084010,0.003767,0.070064,3.619037,0.674389,3.578230,0.731467,0,6.605142
24587.056392,1.756628,-0.021105,-3.683927,-0.223387,0.455313,0.001559,-0.003378,-0.242485,0.004732,0.067271,3.597688,0.703418,3.561270,0.760176,0,6.640800
24587.062109,1.749067,-0.022587,-3.679169,-0.210885,0.460818,-0.009491,-0.004672,-0.066416,0.001999,0.048430,3.566741,0.749726,3.544870,0.792982,0,6.685165
24587.071778,1.739093,-0.024688,-3.682185,-0.191951,0.460630,-0.003471,-0.004900,-0.114728,0.006538,0.070245,3.558252,0.769137,3.528651,0.833175,0,6.724595
24587.091758,1.735883,-0.022947,-3.631951,-0.175397,0.467295,-0.001689,-0.003547,-0.102477,0.009135,0.073951,3.544671,0.802283,3.516822,0.871396,0,6.754590
24587.111729,1.735952,-0.015110,-3.336184,-0.159133,0.471195,-0.003288,-0.006852,-0.195818,0.009180,0.068226,3.532535,0.835575,3.509977,0.900616,0,6.789784
24587.157608,1.735116,-0.015910,-3.136220,-0.142025,0.475990,-0.008975,-0.006687,-0.619401,0.013703,0.065065,3.526677,0.870833,3.504442,0.933497,0,6.826211
24587.163468,1.733959,-0.019594,-3.021526,-0.121171,0.482463,-0.003826,-0.011166,-0.107302,0.014703,0.050819,3.518626,0.920157,3.500901,0.970003,0,6.868655
24587.171733,1.732104,-0.024100,-2.941994,-0.098091,0.486505,-0.003098,-0.010617,-0.232479,0.016206,0.072958,3.516206,0.940376,3.500000,1.013333,0,6.905175
24587.191849,1.732446,-0.021742,-2.850120,-0.076993,0.493127,-0.001606,-0.005579,-0.163926,0.013411,0.073446,3.513411,0.976554,3.500000,1.050000,0,6.935182
24587.211732,1.739198,-0.003999,-2.208344,-0.066009,0.492572,-0.001908,-0.008519,-0.248193,0.011727,0.065508,3.511727,1.014492,3.500000,1.080000,0,6.971691
24587.256957,1.744717,-0.005455,-1.858383,-0.054525,0.493311,-0.012525,-0.006355,-0.667557,0.011131,0.073415,3.511131,1.043252,3.500000,1.116667,0,7.005797
24587.262833,1.748916,-0.008922,-1.701099,-0.040815,0.498430,0.005802,-0.011444,-0.073549,0.010011,0.044317,3.510011,1.105683,3.500000,1.150000,0,7.050701
24587.271770,1.757236,-0.014306,-1.580355,-0.020026,0.495297,-0.001538,-0.013086,-0.306112,0.011151,0.078909,3.511151,1.117758,3.500000,1.196667,0,7.089871
24587.291759,1.759431,-0.014461,-1.556863,-0.000763,0.500251,-0.000451,-0.005666,-0.195185,0.004481,0.076947,3.504481,1.156386,3.500000,1.233333,0,7.116962
24587.311760,1.767090,0.004174,-0.975250,0.008546,0.498534,-0.000064,-0.007691,-0.230234,0.001195,0.065569,3.501195,1.197764,3.500000,1.263333,0,7.155567
24587.357295,1.774698,0.005175,-0.619169,0.019091,0.497298,-0.007953,-0.008080,-0.583308,0.000355,0.055222,3.500355,1.244778,3.500000,1.300000,0,7.199801
24587.362903,1.783747,0.001473,-0.426460,0.038207,0.495107,0.008680,-0.009425,-0.101563,-0.009287,0.038136,3.490713,1.305197,3.500000,1.343333,0,7.252219
24587.371747,1.794267,-0.001530,-0.349511,0.064321,0.489306,0.001907,-0.009721,-0.232851,-0.006963,0.070480,3.493037,1.326187,3.500000,1.396667,0,7.295056
24587.391742,1.798317,0.002361,-0.243649,0.093311,0.487057,0.001899,-0.006344,-0.184244,-0.013408,0.073113,3.486592,1.366887,3.500000,1.440000,0,7.328350
24587.411775,1.803551,0.020072,0.398200,0.111105,0.482124,0.003096,-0.010913,-0.323196,-0.014168,0.066786,3.485832,1.406548,3.500000,1.473333,0,7.368448
24587.457498,1.809448,0.020004,0.752642,0.132384,0.480126,0.001269,-0.013062,-0.898103,-0.019691,0.064578,3.481863,1.448285,3.499821,1.513367,0,7.411115
24587.463406,1.815607,0.016595,0.928556,0.161547,0.478879,0.009602,-0.012557,-0.148081,-0.029304,0.045434,3.472812,1.508231,3.496775,1.556694,0,7.463225
24587.471744,1.824636,0.012474,1.014010,0.199578,0.472476,0.003601,-0.009931,-0.242241,-0.037046,0.079235,3.469223,1.520841,3.488606,1.606134,0,7.504878
24587.491727,1.825786,0.017034,1.130587,0.225898,0.472362,0.006732,-0.007069,-0.121045,-0.042370,0.063555,3.455913,1.574883,3.477551,1.648138,0,7.543750
24587.511751,1.825296,0.034239,1.861040,0.230282,0.468792,0.007352,-0.010415,-0.298325,-0.044077,0.056911,3.444392,1.616706,3.464146,1.685925,0,7.595125
24587.556401,1.826414,0.032884,2.208094,0.236951,0.469259,0.010703,-0.001760,-0.630368,-0.047494,0.074889,3.435772,1.643083,3.443205,1.731451,0,7.636204
24587.561994,1.824180,0.035791,2.506388,0.238967,0.474985,-0.005865,-0.000582,0.461044,-0.048599,0.040315,3.403563,1.706217,3.423235,1.766218,0,7.687639
24587.571761,1.816559,0.037146,3.103290,0.223867,0.472180,-0.000424,0.000389,0.044859,-0.053312,0.060524,3.388070,1.729336,3.392400,1.809875,0,7.741934
24587.591749,1.814437,0.034317,3.228538,0.211032,0.478731,-0.000897,0.001993,0.059147,-0.055103,0.066254,3.364105,1.764104,3.357080,1.849991,0,7.783980
24587.611770,1.811617,0.027861,3.313586,0.196927,0.484107,-0.002562,0.004437,0.129253,-0.056963,0.063150,3.336243,1.795314,3.325359,1.879660,0,7.829558
24587.660288,1.808439,0.023574,3.348564,0.181669,0.489625,-0.003847,0.008244,0.392575,-0.058120,0.060672,3.306657,1.823883,3.291182,1.906464,0,7.876176
24587.665631,1.805309,0.020912,3.354646,0.162977,0.494506,-0.007144,0.004109,0.108853,-0.057009,0.039415,3.257249,1.862791,3.251927,1.931894,0,7.931796
24587.673226,1.799085,0.019748,3.361916,0.138191,0.492657,-0.002065,0.006606,0.152273,-0.060671,0.070891,3.241791,1.873595,3.201331,1.957674,0,7.978618
24587.691772,1.799049,0.016213,3.291570,0.120813,0.500527,-0.001303,0.003154,0.145569,-0.062664,0.083699,3.217349,1.888623,3.157684,1.974485,0,8.009181
24587.711758,1.803087,0.001079,2.858395,0.111625,0.507171,0.000568,0.002956,0.004388,-0.056415,0.062236,3.174464,1.912557,3.128871,1.983107,0,8.049532
24587.756035,1.809050,-0.001545,2.353523,0.106037,0.508613,-0.007055,-0.002775,0.304312,-0.051311,0.056465,3.136086,1.931266,3.089748,1.991879,0,8.096950
24587.761684,1.813689,0.004003,2.126179,0.099993,0.511279,0.004442,0.007575,-0.047802,-0.042092,0.046695,3.083235,1.952694,3.040062,1.998392,0,8.147498
24587.771758,1.819861,0.010906,1.987368,0.090000,0.508978,0.000095,0.002000,0.045013,-0.037247,0.067625,3.057625,1.962753,2.990000,2.000000,0,8.190380
24587.791770,1.823308,0.009069,1.881961,0.087461,0.514491,-0.001656,0.000589,0.051612,-0.029311,0.080326,3.026992,1.970689,2.946667,2.000000,0,8.221018
24587.811757,1.828366,0.006488,1.700438,0.088078,0.520351,0.000308,0.000856,-0.003022,-0.012942,0.061658,2.978325,1.987058,2.916667,2.000000,0,8.260163
24587.854935,1.835404,0.008016,1.553740,0.095590,0.522637,-0.007600,-0.002555,-0.042706,-0.001212,0.060480,2.937147,1.998788,2.876667,2.000000,0,8.305579
24587.860478,1.841459,0.009788,1.501289,0.104098,0.523662,0.006869,-0.000590,-0.052338,0.011415,0.048714,2.882048,2.011415,2.833333,2.000000,0,8.354141
24587.871764,1.849905,0.011122,1.473647,0.111308,0.517477,0.000906,-0.001032,-0.028869,0.015065,0.070765,2.854098,2.015065,2.783333,2.000000,0,8.397330
24587.891762,1.853511,0.014206,1.536424,0.116606,0.513080,0.000513,-0.000216,-0.010146,0.022751,0.072388,2.812388,2.022751,2.740000,2.000000,0,8.434097
24587.911758,1.858427,0.017936,1.689968,0.120569,0.506635,0.000614,-0.000229,-0.009536,0.026757,0.065293,2.768626,2.026757,2.703333,2.000000,0,8.476500
24587.954917,1.863021,0.018349,1.808995,0.124551,0.497875,-0.003118,0.001436,-0.072101,0.029397,0.061314,2.724648,2.029397,2.663333,2.000000,0,8.520047
24587.963318,1.866955,0.017877,1.902046,0.130108,0.487875,0.004032,-0.002124,0.028429,0.030123,0.048794,2.665461,2.030123,2.616667,2.000000,0,8.570152
24587.971768,1.871925,0.016104,1.978157,0.139711,0.477875,0.001740,-0.001865,-0.034233,0.032339,0.071409,2.638076,2.032339,2.566667,2.000000,0,8.614233
24587.991759,1.873991,0.015749,2.003340,0.151979,0.470200,0.000935,-0.000452,-0.020454,0.029057,0.069900,2.593234,2.029057,2.523333,2.000000,0,8.651132
24588.011765,1.874349,0.019788,2.170841,0.162880,0.462272,0.000964,-0.000565,-0.023740,0.021795,0.063051,2.549079,2.023294,2.486633,1.999821,0,8.693701
24588.059388,1.873726,0.021393,2.336048,0.173904,0.455257,0.005220,0.000910,-0.215663,0.009306,0.074164,2.515936,2.014431,2.443306,1.996775,0,8.732475
24588.064577,1.872971,0.020949,2.442003,0.183597,0.450379,-0.000251,-0.004633,0.053811,0.001852,0.031246,2.437322,1.998902,2.406966,1.991268,0,8.786877
24588.071747,1.871683,0.017407,2.553079,0.200345,0.440379,0.001729,-0.002564,-0.067488,-0.004890,0.080459,2.430158,1.996719,2.351862,1.977551,0,8.832816
24588.091746,1.871156,0.017701,2.571199,0.212267,0.439615,0.003174,-0.004381,-0.102086,-0.006082,0.069354,2.377482,1.983481,2.310976,1.962893,0,8.865912
24588.111764,1.867221,0.019870,2.728609,0.222902,0.436443,0.002521,-0.001726,-0.069147,-0.008872,0.057104,2.335682,1.966334,2.280481,1.949234,0,8.913566
24588.159061,1.861763,0.023104,2.906704,0.227935,0.433553,0.011406,0.002211,-0.178106,-0.012674,0.062681,2.296572,1.947250,2.236617,1.925005,0,8.959489
24588.166120,1.854537,0.024689,3.108490,0.226549,0.432049,-0.008384,-0.002533,0.141561,-0.016101,0.034871,2.238298,1.908517,2.200726,1.900544,0,9.015184
24588.171835,1.843407,0.021787,3.304344,0.212976,0.425624,0.000316,0.001162,0.014587,-0.022639,0.082129,2.232553,1.903845,2.157239,1.864026,0,9.057480
24588.191809,1.841882,0.021291,3.318927,0.201728,0.430128,-0.002063,0.001428,0.063202,-0.020885,0.072832,2.191015,1.873342,2.126940,1.832906,0,9.090056
24588.211766,1.834591,0.016434,3.314028,0.186676,0.430381,-0.000473,0.001198,0.055294,-0.021508,0.063717,2.161659,1.844297,2.105538,1.807245,0,9.135633
24588.256085,1.830085,0.011550,3.210915,0.167151,0.430654,0.004138,-0.001442,0.228032,-0.023398,0.063325,2.134429,1.812278,2.080362,1.771852,0,9.179040
24588.261929,1.827780,0.006879,3.010223,0.143061,0.430224,-0.003032,0.004339,-0.111035,-0.026564,0.049168,2.104867,1.765384,2.058352,1.734408,0,9.228398
24588.271765,1.824540,0.008304,2.787195,0.107350,0.427899,-0.001144,0.009078,0.230837,-0.031894,0.078667,2.096373,1.749795,2.037107,1.689024,0,9.269420
24588.291763,1.824155,0.009333,2.743034,0.070470,0.432509,0.000370,0.002113,0.051238,-0.032603,0.067319,2.074898,1.705621,2.023450,1.651327,0,9.305424
24588.311763,1.827485,-0.008513,2.026799,0.037325,0.427652,0.000950,0.001835,0.096734,-0.032508,0.061008,2.059386,1.667721,2.013621,1.615910,0,9.350317
24588.356101,1.831045,-0.014329,1.398567,0.003242,0.425653,-0.002551,-0.006178,0.504416,-0.032677,0.064047,2.046234,1.628800,2.004918,1.569954,0,9.393505
24588.362030,1.834352,-0.017483,0.783919,-0.032006,0.425529,0.003334,0.010737,-0.252748,-0.027833,0.049225,2.031139,1.574391,2.000715,1.526724,0,9.441699
24588.371773,1.838253,-0.010749,0.281554,-0.071378,0.423315,0.000963,0.012550,0.322625,-0.018422,0.078629,2.021158,1.557780,1.999598,1.479953,0,9.480324
24588.391775,1.839355,-0.008733,0.205701,-0.104662,0.425204,0.002072,0.006200,0.237628,-0.003020,0.070252,2.007815,1.509369,1.996385,1.439987,0,9.515076
24588.411763,1.840032,-0.024590,-0.452815,-0.133342,0.423397,0.001014,0.001375,0.061764,0.006411,0.063043,1.996700,1.470101,1.991268,1.406966,0,9.559146
24588.456095,1.838485,-0.034987,-1.191900,-0.152951,0.424037,0.002901,-0.005061,0.418660,0.015101,0.065552,1.984544,1.431875,1.981341,1.364682,0,9.600980
24588.461697,1.836442,-0.036407,-1.749209,-0.168150,0.427107,-0.001331,0.006526,-0.286372,0.022938,0.051390,1.964470,1.379599,1.967781,1.323419,0,9.650057
24588.471734,1.834146,-0.030516,-2.182516,-0.181196,0.428034,0.000983,0.003276,0.056408,0.029612,0.073305,1.953862,1.356306,1.947757,1.277483,0,9.694355
24588.491747,1.833085,-0.028441,-2.293941,-0.193728,0.434916,0.001566,0.001775,0.098607,0.036630,0.082956,1.938718,1.329354,1.926756,1.239463,0,9.727275
24588.511747,1.830045,-0.029571,-2.502226,-0.201889,0.441726,0.000414,0.004149,0.083397,0.035144,0.065810,1.917663,1.285570,1.908401,1.211541,0,9.767714
24588.555972,1.825845,-0.026752,-2.680897,-0.212633,0.447077,0.007414,0.003369,0.323857,0.035892,0.063360,1.896994,1.251392,1.883975,1.179745,0,9.812078
24588.562142,1.822340,-0.024062,-2.754875,-0.223748,0.452385,-0.002739,0.005015,0.037004,0.033952,0.048824,1.865054,1.206196,1.854733,1.147630,0,9.860034
24588.571799,1.817622,-0.021483,-2.799596,-0.233851,0.454380,0.001166,0.003551,0.082914,0.036419,0.070419,1.848920,1.186757,1.817681,1.113893,0,9.903083
24588.591759,1.815279,-0.022667,-2.845350,-0.239293,0.459657,0.001649,0.001224,0.058546,0.036588,0.076750,1.827799,1.163564,1.785723,1.089680,0,9.934964
24588.611758,1.809929,-0.028323,-3.040582,-0.238615,0.465224,-0.001138,0.000792,-0.010539,0.030464,0.061526,1.794704,1.129327,1.757678,1.071512,0,9.974211
24588.656456,1.802837,-0.029211,-3.247777,-0.233673,0.469720,0.005677,-0.002544,0.069146,0.027263,0.059017,1.763235,1.102922,1.722517,1.052243,0,10.018102
24588.662137,1.797855,-0.027381,-3.350951,-0.226034,0.475409,-0.005165,0.001778,-0.065130,0.019767,0.046030,1.718434,1.069850,1.682819,1.034621,0,10.065482
24588.671746,1.791672,-0.024512,-3.426633,-0.211162,0.477039,-0.001366,-0.001319,-0.039516,0.018102,0.067460,1.698336,1.055659,1.638532,1.019574,0,10.106197
24588.691762,1.789364,-0.022740,-3.426616,-0.197764,0.484390,-0.001317,-0.002338,-0.068071,0.012728,0.067172,1.662883,1.035871,1.599593,1.010019,0,10.139312
24588.711769,1.787515,-0.018663,-3.342073,-0.182942,0.490541,-0.001015,-0.001360,-0.059860,0.005136,0.060435,1.625855,1.017606,1.566643,1.004461,0,10.177949
24588.757415,1.787333,-0.014268,-3.189862,-0.167930,0.495607,-0.002758,-0.000251,-0.277187,-0.001817,0.061370,1.588104,1.002181,1.526724,1.000715,0,10.217116
24588.763453,1.788438,-0.013181,-3.030511,-0.149990,0.499956,-0.000470,-0.005807,0.019207,-0.014509,0.047502,1.534169,0.985491,1.486667,1.000000,0,10.263401
24588.771792,1.789152,-0.016075,-2.904144,-0.127846,0.500392,-0.000585,-0.003570,-0.068638,-0.021570,0.069267,1.509267,0.978430,1.440000,1.000000,0,10.304972
24588.791731,1.790945,-0.013060,-2.780114,-0.110903,0.507579,-0.001902,-0.004168,-0.120059,-0.028872,0.072609,1.472609,0.971128,1.400000,1.000000,0,10.338424
24588.811762,1.795348,-0.006546,-2.423920,-0.102011,0.514180,-0.002583,-0.002260,-0.144050,-0.035290,0.072213,1.438879,0.964710,1.366667,1.000000,0,10.374083
24588.857441,1.799346,-0.004685,-2.177581,-0.099882,0.522055,-0.007326,0.003202,-0.159716,-0.044937,0.058637,1.388637,0.955063,1.330000,1.000000,0,10.416126
24588.863420,1.807273,-0.005477,-1.862921,-0.100579,0.525347,0.006430,-0.003775,0.104118,-0.052362,0.040736,1.330736,0.947638,1.290000,1.000000,0,10.469551
24588.871748,1.815725,-0.010110,-1.707553,-0.105010,0.526265,0.001227,0.000105,0.018867,-0.055400,0.065814,1.302481,0.944600,1.236667,1.000000,0,10.514054
24588.891747,1.819637,-0.011494,-1.677441,-0.112216,0.531181,-0.001166,0.002000,0.052349,-0.055272,0.078551,1.268551,0.944728,1.190000,1.000000,0,10.547216
24588.911749,1.824735,-0.013436,-1.675718,-0.120874,0.535954,0.001652,0.003599,0.108020,-0.056756,0.063941,1.220608,0.943244,1.156667,1.000000,0,10.587629
24588.956898,1.832340,-0.014444,-1.684768,-0.133659,0.538856,-0.006626,0.001317,0.222255,-0.058496,0.060689,1.177356,0.941504,1.116667,1.000000,0,10.632509
24588.963590,1.837809,-0.019320,-1.812145,-0.149360,0.542018,0.007261,0.001673,-0.118907,-0.057773,0.034130,1.107463,0.942227,1.073333,1.000000,0,10.686044
24588.971763,1.846420,-0.020597,-2.028534,-0.172323,0.539015,0.000308,0.003394,0.101398,-0.055082,0.075679,1.095679,0.944918,1.020000,1.000000,0,10.726956
24588.991731,1.847554,-0.021128,-2.061586,-0.190352,0.542129,0.002139,0.001904,0.049562,-0.048691,0.069108,1.043369,0.948677,0.976614,1.000547,0,10.759027
24589.011747,1.850607,-0.027647,-2.382728,-0.207849,0.542454,0.001745,0.002745,0.079320,-0.042248,0.055016,0.996820,0.954977,0.946628,1.002857,0,10.803235
24589.056989,1.852312,-0.028524,-2.642368,-0.225167,0.543999,0.002765,-0.002288,0.302889,-0.038667,0.056339,0.951520,0.960569,0.903684,1.009364,0,10.845496
24589.062816,1.852747,-0.029317,-2.888466,-0.238844,0.545755,-0.000158,0.003418,-0.194572,-0.036807,0.042823,0.892416,0.972343,0.861468,1.019574,0,10.894860
24589.071780,1.851862,-0.026728,-3.172915,-0.246382,0.542388,0.001000,0.001722,0.009450,-0.031711,0.070117,0.867372,0.980343,0.814075,1.035854,0,10.936804
24589.091775,1.851437,-0.024947,-3.257247,-0.251332,0.545055,0.000397,0.000180,0.005456,-0.030287,0.074541,0.827364,0.993090,0.774495,1.053741,0,10.969323
24589.111726,1.848358,-0.023867,-3.422151,-0.253443,0.548986,0.000441,0.000285,0.006158,-0.032327,0.062018,0.785356,1.008934,0.748073,1.068106,0,11.008315
24589.157484,1.845443,-0.021101,-3.534854,-0.253788,0.553707,0.004724,-0.003133,0.055904,-0.036639,0.059685,0.742320,1.025506,0.714277,1.089680,0,11.049161
24589.163176,1.842649,-0.018151,-3.608360,-0.253346,0.559221,-0.003581,0.002668,-0.042611,-0.034700,0.046903,0.696491,1.057296,0.682319,1.113893,0,11.095841
24589.171744,1.838231,-0.014697,-3.666124,-0.244325,0.557623,-0.000783,-0.000203,-0.015600,-0.027655,0.069918,0.677745,1.076373,0.647630,1.145267,0,11.135696
24589.191751,1.836477,-0.013423,-3.676721,-0.235706,0.562737,-0.000092,-0.000257,-0.012905,-0.029082,0.068483,0.642820,1.103716,0.620340,1.174641,0,11.169688
24589.211761,1.835119,-0.010186,-3.637867,-0.228086,0.568335,-0.000661,-0.000973,-0.029469,-0.028826,0.059074,0.611723,1.136148,0.599456,1.200726,0,11.211188
24589.257182,1.834011,-0.008836,-3.591000,-0.219260,0.572814,-0.002089,-0.001137,-0.152864,-0.030987,0.060984,0.580781,1.168457,0.574995,1.236617,0,11.252852
24589.263254,1.832933,-0.008981,-3.555116,-0.208275,0.577542,-0.002403,-0.002883,-0.016738,-0.032539,0.046864,0.547731,1.214963,0.555258,1.271517,0,11.299720
24589.271770,1.831185,-0.010262,-3.524414,-0.189706,0.575309,-0.001783,-0.004339,-0.100154,-0.038172,0.077319,0.529170,1.228105,0.535854,1.314075,0,11.336469
24589.291740,1.831114,-0.010598,-3.518907,-0.174968,0.579948,-0.005692,-0.009216,-0.264618,-0.034729,0.074234,0.512816,1.267410,0.523450,1.348673,0,11.364949
24589.311735,1.830708,-0.010504,-3.475508,-0.155300,0.583167,-0.003621,-0.004033,-0.170950,-0.034807,0.058109,0.495691,1.312736,0.515214,1.377598,0,11.405812
24589.357153,1.834188,-0.001859,-3.227380,-0.134331,0.580288,-0.010569,0.003531,-0.486353,-0.033532,0.066250,0.484919,1.345930,0.506965,1.416835,0,11.445936
24589.364151,1.840091,0.004827,-2.894691,-0.118222,0.580856,0.009672,-0.008089,0.328957,-0.021089,0.028116,0.483317,1.426767,0.501887,1.456607,0,11.500903
24589.371744,1.852774,-0.000075,-2.378557,-0.092256,0.571059,-0.001902,-0.004096,-0.142623,-0.020177,0.076330,0.479823,1.437003,0.500000,1.513333,0,11.548152
24589.391763,1.854439,-0.000465,-2.332307,-0.075158,0.573414,0.001209,-0.002324,-0.056510,-0.028848,0.070987,0.471152,1.489013,0.500000,1.560000,0,11.581700
24589.411741,1.865597,0.005755,-1.851213,-0.062679,0.569907,0.000009,-0.000735,-0.037164,-0.033540,0.059646,0.466460,1.533687,0.500000,1.593333,0,11.628555
24589.456850,1.875298,0.006481,-1.469886,-0.053697,0.568247,-0.011942,0.002840,-0.249351,-0.032966,0.061182,0.467034,1.578818,0.500000,1.640000,0,11.674378
24589.462710,1.884970,0.002651,-1.233453,-0.042363,0.567330,0.010220,-0.006719,0.039174,-0.031073,0.047255,0.468927,1.639412,0.500000,1.686667,0,11.726565
24589.471786,1.898114,-0.002791,-1.094750,-0.025260,0.561975,0.001279,-0.005065,-0.113338,-0.031196,0.063555,0.468804,1.673111,0.500000,1.736667,0,11.774996
24589.491757,1.903865,-0.002315,-1.031637,-0.015817,0.563170,0.000150,-0.000504,-0.026587,-0.033204,0.065521,0.466796,1.721146,0.500000,1.786667,0,11.817747
24589.511759,1.913770,0.006447,-0.675362,-0.013912,0.563473,0.000113,-0.000500,-0.015806,-0.035044,0.064725,0.464956,1.765275,0.500000,1.830000,0,11.863976
24589.557495,1.923455,0.005898,-0.455523,-0.013390,0.564477,-0.011845,0.002046,-0.089273,-0.031093,0.064316,0.468907,1.812351,0.500000,1.876667,0,11.909773
24589.563599,1.933184,0.003187,-0.346701,-0.009595,0.563728,0.012302,-0.003124,0.024828,-0.028196,0.033147,0.471804,1.886853,0.500000,1.920000,0,11.968936
24589.571775,1.948363,0.000143,-0.284032,-0.007095,0.556663,0.000255,-0.000438,-0.011590,-0.034053,0.072152,0.465947,1.907848,0.500000,1.980000,0,12.019525
24589.591729,1.952227,0.000740,-0.255827,-0.011060,0.561194,0.000268,0.000224,0.011738,-0.035675,0.074299,0.464325,1.955701,0.500000,2.030000,0,12.056916
24589.611749,1.961442,0.000643,-0.207112,-0.016282,0.563297,-0.001516,0.001484,0.040733,-0.036246,0.075030,0.463754,1.994970,0.500000,2.070000,0,12.099508
24589.655144,1.968841,-0.000075,-0.197360,-0.022491,0.565820,-0.008237,0.002950,0.152147,-0.038867,0.057872,0.461133,2.052128,0.500000,2.110000,0,12.147516
24589.660876,1.979717,-0.000587,-0.191549,-0.033570,0.564631,0.009983,0.002756,0.063523,-0.040026,0.041890,0.459974,2.118110,0.500000,2.160000,0,12.207615
24589.671759,1.992099,-0.000759,-0.189661,-0.053720,0.560763,-0.000247,0.006128,0.159818,-0.041332,0.077170,0.458668,2.142830,0.500000,2.220000,0,12.255716
24589.691758,1.995786,-0.003003,-0.237302,-0.074834,0.561300,0.002180,0.000539,-0.002928,-0.039376,0.067421,0.460624,2.199246,0.500000,2.266667,0,12.297844
24589.711757,2.004302,-0.016560,-0.725531,-0.089325,0.555806,0.001445,0.003327,0.101565,-0.037768,0.061071,0.462232,2.248929,0.500000,2.310000,0,12.349410
24589.756573,2.011460,-0.016043,-1.016057,-0.106036,0.552476,-0.004853,-0.003348,0.330002,-0.037921,0.062190,0.462079,2.297810,0.500000,2.360000,0,12.398918
24589.762384,2.017223,-0.017489,-1.306606,-0.127141,0.550353,0.006117,0.005572,-0.178724,-0.037894,0.046759,0.462106,2.363241,0.500000,2.410000,0,12.454633
24589.771820,2.024161,-0.014109,-1.617350,-0.156971,0.545119,0.002566,0.005322,0.108457,-0.031833,0.068309,0.468167,2.398357,0.500000,2.466667,0,12.505588
24589.791766,2.026767,-0.013533,-1.726514,-0.187968,0.543074,0.001221,0.000856,0.041334,-0.031788,0.069701,0.466180,2.448108,0.500279,2.516707,0,12.547843
24589.811761,2.025480,-0.022191,-2.198422,-0.211494,0.539712,0.002508,0.003072,0.089699,-0.031025,0.065018,0.465010,2.499189,0.503615,2.560013,0,12.593534
24589.857492,2.023894,-0.020497,-2.560260,-0.236310,0.538257,0.012706,-0.002299,0.488358,-0.024997,0.064986,0.473172,2.547935,0.511394,2.606134,0,12.640276
24589.862973,2.022422,-0.014316,-2.780552,-0.261126,0.535945,0.000499,0.010463,-0.039917,-0.033864,0.048921,0.476368,2.614949,0.523450,2.651327,0,12.692646
24589.871763,2.020373,-0.005188,-2.929752,-0.282341,0.529727,0.004704,0.004812,0.114597,-0.031684,0.076612,0.481524,2.640500,0.540990,2.698267,0,12.734620
24589.891755,2.019801,-0.003501,-2.963023,-0.295014,0.524940,0.003260,0.001253,0.047172,-0.033443,0.077434,0.493736,2.685077,0.559929,2.737355,0,12.768424
24589.911761,2.009820,-0.007472,-3.232095,-0.299726,0.518685,-0.000664,0.001033,-0.030274,-0.044706,0.057684,0.508209,2.741193,0.576765,2.766218,0,12.813206
24589.957603,1.995533,-0.006153,-3.521766,-0.299999,0.515032,0.020982,-0.007383,0.171768,-0.032806,0.061624,0.538103,2.772637,0.601466,2.801944,0,12.858492
24589.963336,1.984899,-0.003018,-3.669852,-0.293840,0.511852,-0.018110,0.006496,-0.142976,-0.044245,0.042203,0.570291,2.836651,0.631424,2.837864,0,12.909384
24589.971768,1.962956,0.004987,-3.852891,-0.282379,0.506826,-0.002390,0.000537,-0.017030,-0.040476,0.062730,0.593340,2.861493,0.667094,2.873060,0,12.956238
24589.991760,1.955145,0.007965,-3.887187,-0.273096,0.510218,-0.001051,-0.000628,-0.018509,-0.048863,0.069050,0.618835,2.900914,0.703410,2.902535,0,12.991932
24590.011751,1.942118,0.012205,-3.904105,-0.260907,0.515320,-0.000544,-0.000377,-0.017736,-0.049184,0.059510,0.657221,2.933183,0.733782,2.923235,0,13.033325
24590.056277,1.930941,0.015499,-3.877381,-0.249813,0.520240,0.010131,0.000813,-0.105306,-0.059598,0.062510,0.685552,2.967097,0.768549,2.943205,0,13.073680
24590.062427,1.920410,0.016539,-3.830023,-0.237749,0.526827,-0.011707,-0.002916,0.023638,-0.064104,0.050282,0.736834,3.001483,0.807887,2.961619,0,13.117948
24590.071724,1.906361,0.014399,-3.771996,-0.225256,0.529299,-0.002556,-0.002050,-0.036213,-0.066987,0.070031,0.761653,3.019201,0.848673,2.976550,0,13.157227
24590.091776,1.901115,0.013340,-3.741634,-0.214637,0.536777,-0.000115,-0.000262,-0.014897,-0.070733,0.072694,0.800582,3.039679,0.887344,2.987143,0,13.189166
24590.111756,1.896821,0.014546,-3.588105,-0.207431,0.543863,-0.000679,-0.000931,-0.028287,-0.076929,0.059291,0.845575,3.059031,0.916835,2.993035,0,13.228270
24590.156202,1.893096,0.011928,-3.458287,-0.201563,0.548888,0.000214,0.003821,-0.166188,-0.083228,0.065709,0.883923,3.075325,0.956607,2.998113,0,13.266807
24590.162351,1.889411,0.007272,-3.369139,-0.190937,0.554455,-0.004577,-0.006624,0.015723,0.031734,0.099655,0.940868,3.092240,0.989974,2.999899,1,13.316545
24590.171749,1.884798,0.000802,-3.297636,-0.175939,0.561341,-0.002089,-0.003406,-0.068955,-0.100116,0.066854,0.969813,3.100116,1.036667,3.000000,1,13.364816
24590.191762,1.883802,-0.000283,-3.258503,-0.162330,0.569967,-0.001551,-0.002588,-0.076612,-0.108505,0.070486,1.012847,3.108505,1.083333,3.000000,1,13.402949
24590.211740,1.886177,0.002287,-3.060783,-0.148795,0.576293,-0.003032,-0.005392,-0.160131,-0.114765,0.064515,1.055485,3.114765,1.120000,3.000000,1,13.445550
24590.256294,1.888268,0.000009,-2.933249,-0.131618,0.582028,-0.012296,-0.005072,-0.522552,-0.117942,0.063086,1.100248,3.117942,1.163333,3.000000,1,13.488912
24590.262386,1.890492,-0.003277,-2.856402,-0.109734,0.587621,0.000266,-0.009927,-0.117436,-0.117734,0.048418,1.158248,3.117734,1.206667,3.000000,1,13.538931
24590.271737,1.893619,-0.007000,-2.804509,-0.079292,0.589054,-0.002838,-0.011248,-0.271105,-0.117262,0.069777,1.186890,3.117262,1.256667,3.000000,1,13.583539
24590.291729,1.895938,-0.003779,-2.710883,-0.053452,0.595574,-0.000376,-0.001462,-0.075651,-0.114304,0.074113,1.229221,3.114304,1.303333,3.000000,1,13.620904
24590.311764,1.906832,0.018937,-1.927718,-0.041096,0.593919,-0.000015,-0.003241,-0.101376,-0.110365,0.063591,1.276409,3.110365,1.340000,3.000000,1,13.665226
24590.356338,1.917445,0.017561,-1.398158,-0.031143,0.590473,-0.013178,0.002396,-0.448878,-0.105270,0.060142,1.323191,3.105270,1.383333,3.000000,1,13.712287
24590.362454,1.927823,0.009474,-1.117099,-0.020957,0.586920,0.011025,-0.010569,0.013251,-0.096750,0.046110,1.383890,3.096750,1.430000,3.000000,1,13.765789
24590.371740,1.942108,0.000968,-0.955989,-0.009516,0.581142,-0.000611,-0.007211,-0.179251,-0.095232,0.077354,1.405979,3.095232,1.483333,3.000000,1,13.809916
24590.391746,1.946280,0.000080,-0.923441,-0.000807,0.584815,0.002193,-0.000403,0.007581,-0.087538,0.070261,1.459739,3.087538,1.530000,3.000000,1,13.848951
24590.411780,1.958822,0.010733,-0.464764,0.002147,0.581313,-0.001542,-0.000107,-0.060131,-0.081359,0.066992,1.499674,3.081359,1.566667,3.000000,1,13.894652
24590.456117,1.967278,0.009988,-0.257137,0.005452,0.581097,-0.009358,0.001240,-0.139944,-0.072170,0.058084,1.555249,3.072170,1.613333,3.000000,1,13.942667
24590.462208,1.979679,0.005855,-0.101246,0.009015,0.575204,0.011316,-0.003862,0.014838,-0.062182,0.041819,1.618181,3.062182,1.660000,3.000000,1,14.001608
24590.471725,1.993862,0.002377,-0.035789,0.013374,0.568235,0.001772,-0.001096,-0.024397,-0.058126,0.069906,1.650094,3.058126,1.720000,3.000000,1,14.051576
24590.491760,1.999803,0.003209,0.012286,0.014436,0.568701,0.000257,-0.000264,-0.008402,-0.052668,0.073310,1.696690,3.052668,1.770000,3.000000,1,14.092941
24590.511759,2.008756,0.004542,0.123912,0.014277,0.567174,0.000441,-0.000241,-0.007546,-0.044727,0.064721,1.745279,3.044727,1.810000,3.000000,1,14.140050
24590.555704,2.017687,0.003552,0.182847,0.017259,0.563638,-0.008983,0.000054,-0.066499,-0.037405,0.067116,1.792884,3.037405,1.860000,3.000000,1,14.188171
24590.562015,2.026427,0.002431,0.212637,0.023080,0.559614,0.009524,-0.002127,-0.019783,-0.028478,0.048532,1.858135,3.028478,1.906667,3.000000,1,14.244529
24590.571759,2.038383,0.001335,0.227670,0.030823,0.552861,0.000067,-0.002495,-0.064340,-0.024865,0.082148,1.881185,3.024865,1.963333,3.000000,1,14.290881
24590.591789,2.041841,0.001877,0.244555,0.039218,0.555902,0.001877,-0.002059,-0.048318,-0.017248,0.070753,1.939247,3.017248,2.010000,3.000000,1,14.332231
24590.611734,2.050605,0.005541,0.405966,0.042201,0.551941,0.000813,-0.002934,-0.092625,-0.012174,0.060360,1.989640,3.012174,2.050000,3.000000,1,14.385585
24590.660478,2.057931,0.004539,0.476925,0.043855,0.547061,-0.009323,0.001041,-0.164232,-0.006548,0.073787,2.029546,3.006548,2.103333,3.000000,1,14.432302
24590.667191,2.063432,0.005453,0.554636,0.044357,0.547125,0.009381,-0.001501,0.111826,-0.001627,0.033663,2.116337,3.001627,2.150000,3.000000,1,14.493672
24590.673025,2.074843,0.004518,0.711126,0.039307,0.539074,0.001144,0.000444,0.017537,0.004308,0.072903,2.140431,2.995692,2.213333,3.000000,1,14.550724
24590.691728,2.077633,0.003912,0.728129,0.036628,0.541551,0.000684,0.000601,0.023731,0.009324,0.079081,2.190919,2.990676,2.270000,3.000000,1,14.590990
24590.711721,2.083696,0.001344,0.718549,0.033184,0.540036,0.000408,0.000323,0.018964,0.012430,0.067779,2.242221,2.987570,2.310000,3.000000,1,14.640986
24590.755341,2.089708,-0.000843,0.674501,0.029271,0.536049,-0.005563,0.000353,0.079864,0.014928,0.067673,2.292327,2.985072,2.360000,3.000000,1,14.691745
24590.761756,2.095641,-0.001466,0.628019,0.023789,0.531205,0.006364,0.001811,0.009204,0.016030,0.048820,2.361180,2.983970,2.410000,3.000000,1,14.749742
24590.771782,2.103641,-0.000868,0.598581,0.016198,0.524725,0.001241,0.002339,0.059635,0.017135,0.070620,2.396047,2.982865,2.466667,3.000000,1,14.802909
24590.791723,2.107238,-0.001554,0.573765,0.009475,0.525713,0.000454,0.000230,0.015471,0.017830,0.072682,2.447318,2.982170,2.520000,3.000000,1,14.848147
24590.811759,2.112379,-0.006328,0.394063,0.005846,0.522354,0.000613,0.000927,0.030435,0.017333,0.068116,2.498550,2.982667,2.566667,3.000000,1,14.898742
24590.855497,2.117433,-0.005753,0.275194,0.002620,0.517801,-0.003995,-0.000434,0.124992,0.015435,0.067145,2.549521,2.984565,2.616667,3.000000,1,14.949919
24590.861759,2.122384,-0.003842,0.212057,-0.001188,0.512787,0.005591,0.003053,0.010552,0.014959,0.050742,2.619258,2.985041,2.670000,3.000000,1,15.009389
24590.871762,2.129161,-0.001660,0.178712,-0.005821,0.504479,0.000522,0.002030,0.056070,0.014588,0.081198,2.645469,2.985412,2.726667,3.000000,1,15.059486
24590.891779,2.131281,-0.002088,0.157929,-0.010668,0.506247,0.001573,0.002437,0.062013,0.013997,0.070729,2.705937,2.986003,2.776667,3.000000,1,15.103764
24590.911735,2.136077,-0.003495,0.051619,-0.011153,0.501187,0.001193,0.002584,0.083737,0.013378,0.065214,2.758119,2.986622,2.823333,3.000000,1,15.157918
24590.956176,2.140139,-0.002418,0.010973,-0.011012,0.497521,-0.001813,0.001289,0.147859,0.010844,0.067342,2.809325,2.989156,2.876667,3.000000,1,15.210363
24590.962100,2.144096,-0.001393,-0.008522,-0.011805,0.495252,0.004653,0.002036,0.023990,0.008683,0.050223,2.879777,2.991317,2.930000,3.000000,1,15.270195
24590.971764,2.149465,-0.000524,-0.018764,-0.010164,0.488493,0.001158,0.000186,0.005410,0.007585,0.074516,2.915484,2.992415,2.990000,3.000000,1,15.324506
24590.991725,2.151574,-0.001848,-0.055687,-0.009232,0.489450,0.000498,-0.000027,-0.002274,0.006204,0.074983,2.968350,2.993796,3.043333,3.000000,1,15.370539
24591.011762,2.154071,-0.002272,-0.112893,-0.007116,0.488252,0.000498,-0.000114,-0.006709,0.004936,0.069535,3.020465,2.995064,3.090000,3.000000,1,15.421824
24591.056459,2.156486,-0.001088,-0.130664,-0.004338,0.486957,-0.001645,-0.000950,-0.040733,0.003096,0.067199,3.072801,2.996904,3.140000,3.000000,1,15.474179
24591.062053,2.158847,-0.000241,-0.131303,-0.001848,0.485100,0.002553,-0.000395,-0.013205,0.001531,0.051321,3.142012,2.998469,3.193333,3.000000,1,15.534222
24591.071786,2.161871,0.000161,-0.129707,0.003510,0.478735,0.000826,-0.000818,-0.023026,0.000617,0.076471,3.176863,2.999383,3.253333,3.000000,1,15.587601
24591.091743,2.163310,0.001388,-0.103263,0.004006,0.479399,0.000461,-0.000022,-0.001391,-0.000426,0.077626,3.229040,3.000426,3.306667,3.000000,1,15.632657
24591.111730,2.165040,0.003151,-0.020037,0.003143,0.478778,0.000423,0.000048,0.002849,-0.001962,0.070226,3.279774,3.001962,3.350000,3.000000,1,15.682991
24591.156618,2.166682,0.002383,0.024344,0.002633,0.477587,-0.000822,0.000821,-0.005054,-0.003249,0.067180,3.332820,3.003249,3.400000,3.000000,1,15.734952
24591.162569,2.168372,0.001244,0.041038,0.002389,0.475010,0.001829,-0.000605,0.004644,-0.005768,0.049193,3.404140,3.005768,3.453333,3.000000,1,15.795928
24591.171742,2.170487,0.000340,0.047154,-0.000339,0.469109,0.000744,0.000319,0.009443,-0.006454,0.075251,3.438083,3.006454,3.513333,3.000000,1,15.849457
24591.191772,2.171504,-0.000027,0.044157,-0.005513,0.469825,0.000497,0.000242,0.015213,-0.007905,0.075865,3.490801,3.007905,3.566667,3.000000,1,15.894485
24591.211769,2.172605,-0.001885,-0.008049,-0.012038,0.467326,0.000447,0.000366,0.021574,-0.009357,0.072440,3.540893,3.009357,3.613333,3.000000,1,15.944987
24591.254893,2.173456,-0.003341,-0.087763,-0.021041,0.464038,0.000347,-0.001297,0.115697,-0.009894,0.071911,3.591422,3.009894,3.663333,3.000000,1,15.995061
24591.260801,2.174074,-0.004870,-0.202223,-0.033526,0.459639,0.000709,0.003096,-0.046264,-0.010729,0.053648,3.659685,3.010729,3.713333,3.000000,1,16.053202
24591.271757,2.174655,-0.003438,-0.317067,-0.055317,0.452916,0.001098,0.004343,0.108005,-0.011509,0.079771,3.693562,3.011509,3.773333,3.000000,1,16.104884
24591.291760,2.174883,-0.004792,-0.400131,-0.081412,0.449071,0.001302,0.002235,0.130820,-0.014280,0.079438,3.743895,3.014280,3.823333,3.000000,1,16.148179
24591.311766,2.173204,-0.013434,-0.746107,-0.108991,0.443385,0.002304,0.005794,0.183262,-0.016823,0.071991,3.794675,3.016823,3.866667,3.000000,1,16.197411
24591.355061,2.170848,-0.013985,-1.095338,-0.140837,0.438634,0.012504,0.004637,0.771492,-0.015358,0.068526,3.848140,3.015358,3.916667,3.000000,1,16.248156
24591.361029,2.168876,-0.008891,-1.294079,-0.179461,0.432360,0.000524,0.013772,0.109476,-0.011488,0.049797,3.916870,3.011488,3.966667,3.000000,1,16.307485
24591.371766,2.165974,-0.001598,-1.400230,-0.219461,0.422360,0.005403,0.007333,0.218277,-0.004479,0.085613,3.941473,3.008334,4.026724,2.999285,1,16.355898
24591.391762,2.162969,-0.007863,-1.580019,-0.252302,0.412360,0.001444,0.001638,-0.019942,0.004554,0.075117,3.998289,3.001105,4.073262,2.994604,1,16.397853
24591.411764,2.146067,-0.021327,-2.331829,-0.259677,0.402360,0.001614,0.000500,0.013821,0.009199,0.068700,4.046949,2.993357,4.115910,2.986379,1,16.448974
24591.455035,2.129244,-0.019009,-2.863838,-0.270067,0.398900,0.028080,-0.013739,0.349676,0.009675,0.073142,4.091744,2.987187,4.164012,2.972335,1,16.495126
24591.460703,2.115413,-0.012357,-3.171404,-0.279581,0.399196,-0.025223,0.013749,-0.285404,0.006111,0.046104,4.162947,2.968509,4.207431,2.954942,1,16.550806
24591.471728,2.084465,0.003857,-3.551119,-0.279559,0.393781,-0.000519,0.000535,-0.004992,0.006690,0.070800,4.193556,2.959243,4.257678,2.928488,1,16.602245
24591.491765,2.072305,0.009334,-3.637064,-0.281558,0.396744,0.004435,-0.001354,0.015759,0.005564,0.086069,4.226995,2.947603,4.299274,2.900544,1,16.636759
24591.511764,2.055283,0.015564,-3.717847,-0.280226,0.401219,-0.004893,0.000778,-0.010893,0.001817,0.072678,4.271830,2.923766,4.327889,2.877477,1,16.676804
24591.555048,2.029156,0.022347,-3.785566,-0.273661,0.403390,0.027364,-0.001617,-0.011338,0.001113,0.080673,4.299816,2.906825,4.357080,2.849991,1,16.716676
24591.560692,2.012122,0.025240,-3.801154,-0.265284,0.409812,-0.026855,0.000591,0.005258,-0.010522,0.051507,4.359065,2.866549,4.383975,2.820255,1,16.764303
24591.571764,1.979794,0.026762,-3.791942,-0.254888,0.410235,-0.001688,-0.000650,-0.012373,-0.005810,0.072945,4.375728,2.846401,4.412221,2.782974,1,16.809783
24591.591732,1.968175,0.026217,-3.776730,-0.242799,0.416553,-0.001102,-0.000550,-0.021411,-0.010792,0.076451,4.406984,2.817990,4.435224,2.746131,1,16.842659
24591.611737,1.951003,0.025078,-3.720731,-0.229390,0.423395,-0.001469,-0.001332,-0.039314,-0.017697,0.068226,4.437099,2.785673,4.450691,2.716512,1,16.881384
24591.656122,1.935564,0.022186,-3.652859,-0.216079,0.430746,0.010413,0.003401,-0.205598,-0.018892,0.068444,4.459621,2.750365,4.466590,2.679704,1,16.921301
24591.663138,1.920590,0.017493,-3.600544,-0.200220,0.438134,-0.016518,-0.008244,-0.026510,-0.023512,0.052593,4.487127,2.698842,4.479489,2.641741,1,16.966738
24591.671760,1.900896,0.010072,-3.555137,-0.181519,0.440757,-0.003280,-0.002791,-0.044393,-0.018541,0.076202,4.494151,2.674662,4.490636,2.596316,1,17.005923
24591.691753,1.895020,0.010321,-3.473739,-0.163921,0.449033,-0.000706,-0.000803,-0.037598,-0.016031,0.071613,4.503705,2.633033,4.496385,2.560013,1,17.039338
24591.711746,1.890234,0.014349,-3.167290,-0.147858,0.453507,-0.001452,-0.003166,-0.093984,-0.014747,0.066529,4.510455,2.593946,4.499285,2.526724,1,17.079374
24591.756888,1.886103,0.010761,-2.917712,-0.128069,0.456961,-0.000360,0.006264,-0.439112,-0.013385,0.075448,4.513385,2.562114,4.500000,2.486667,1,17.116308
24591.763900,1.884150,0.009134,-2.701283,-0.107886,0.462768,-0.001340,-0.008974,0.233295,-0.024487,0.045507,4.524487,2.495507,4.500000,2.450000,1,17.164660
24591.771762,1.883285,0.002815,-2.288614,-0.088265,0.458486,-0.000927,-0.004745,-0.107727,-0.019566,0.077904,4.519566,2.477904,4.500000,2.400000,1,17.207856
24591.791765,1.883312,0.001372,-2.209985,-0.069019,0.465109,-0.000648,-0.001808,-0.021049,-0.033669,0.067909,4.533669,2.424575,4.500000,2.356667,1,17.244133
24591.811762,1.886097,0.007743,-1.708469,-0.066516,0.463206,-0.000222,-0.000631,-0.018557,-0.034121,0.064449,4.534121,2.384449,4.500000,2.320000,1,17.289429
24591.856301,1.888946,0.004909,-1.408498,-0.063436,0.463480,-0.004744,0.004726,-0.154141,-0.036019,0.078642,4.536019,2.355308,4.500000,2.276667,1,17.325795
24591.863386,1.891297,0.001677,-1.259523,-0.059434,0.468337,0.003881,-0.004457,0.090753,-0.039325,0.047792,4.539325,2.287792,4.500000,2.240000,1,17.372809
24591.871760,1.896473,-0.003389,-1.103786,-0.052418,0.464140,0.000526,-0.001586,-0.023510,-0.048007,0.070982,4.548007,2.264315,4.500000,2.193333,1,17.418675
24591.891742,1.898542,-0.004094,-1.068196,-0.049856,0.469015,-0.000081,-0.000156,-0.007915,-0.045504,0.074934,4.545504,2.221600,4.500000,2.146667,1,17.453323
24591.911758,1.902420,-0.002590,-0.955061,-0.045906,0.472160,-0.000122,-0.000993,-0.030524,-0.045687,0.069073,4.545687,2.179073,4.500000,2.110000,1,17.495354
24591.954211,1.906437,-0.003140,-0.886515,-0.039882,0.475002,-0.005315,-0.001732,-0.140976,-0.046933,0.068044,4.546933,2.138044,4.500000,2.070000,1,17.537711
24591.960007,1.910297,-0.004048,-0.851860,-0.033018,0.478255,0.003890,-0.002829,-0.037185,-0.043520,0.053720,4.543520,2.080387,4.500000,2.026667,1,17.586499
24591.971728,1.915567,-0.004980,-0.837308,-0.021820,0.475055,0.000142,-0.002469,-0.065149,-0.039434,0.070446,4.539434,2.050446,4.500000,1.980000,1,17.631272
24591.991729,1.918422,-0.001733,-0.752230,-0.014881,0.477860,0.000037,-0.000697,-0.040769,-0.047468,0.075905,4.547468,2.009238,4.500000,1.933333,1,17.668150
24592.011726,1.923155,0.003506,-0.541524,-0.013952,0.480481,0.000020,-0.000030,-0.002229,-0.047491,0.071215,4.547491,1.967881,4.500000,1.896667,1,17.709109
24592.053996,1.927910,0.003797,-0.381037,-0.013343,0.483272,-0.005346,0.001671,-0.045087,-0.051595,0.070590,4.551595,1.927256,4.500000,1.856667,1,17.750436
24592.060500,1.932704,0.002200,-0.294889,-0.014491,0.486222,0.005266,-0.001277,0.036866,-0.049366,0.054210,4.549366,1.867543,4.500000,1.813333,1,17.799963
24592.071735,1.939579,0.000220,-0.244382,-0.012507,0.484163,0.000377,-0.000420,-0.009199,-0.048135,0.077471,4.548135,1.840805,4.500000,1.763333,1,17.844831
24592.091731,1.942629,-0.000533,-0.241015,-0.009416,0.487565,0.000014,-0.001296,-0.039859,-0.048989,0.078747,4.548989,1.798747,4.500000,1.720000,1,17.880533
24592.111730,1.947562,-0.001117,-0.239365,-0.006473,0.490550,-0.000117,-0.002059,-0.063438,-0.047418,0.072279,4.547418,1.755613,4.500000,1.683333,1,17.922055
24592.154913,1.952481,-0.001300,-0.239013,-0.003357,0.492975,-0.005759,-0.000429,-0.086401,-0.044186,0.068404,4.544186,1.711738,4.500000,1.643333,1,17.965736
24592.160666,1.957662,0.000954,-0.181616,0.001585,0.494962,0.005684,-0.000573,0.044078,-0.041709,0.053607,4.541709,1.653607,4.500000,1.600000,1,18.016111
24592.171732,1.964832,0.001492,-0.101081,0.005611,0.492550,0.000443,-0.000923,-0.022069,-0.045314,0.076637,4.545314,1.626637,4.500000,1.550000,1,18.060488
24592.191761,1.967991,0.002071,-0.061236,0.004291,0.496496,0.000277,-0.000147,-0.008093,-0.041590,0.077286,4.541590,1.580619,4.500000,1.503333,1,18.098496
24592.211763,1.973360,0.002478,0.000508,0.002745,0.499048,-0.000085,0.000405,0.012433,-0.046906,0.072929,4.546906,1.539596,4.500000,1.466667,1,18.141198
24592.254723,1.978439,0.002004,0.039986,-0.004071,0.502684,-0.005932,0.000818,0.057507,-0.042286,0.072844,4.542286,1.496177,4.500000,1.423333,1,18.183123
24592.260269,1.983786,-0.000426,0.013879,-0.011799,0.506161,0.005996,0.000504,-0.017606,-0.038864,0.053260,4.538864,1.436593,4.500000,1.383333,1,18.233549
24592.271764,1.991273,-0.001393,-0.038513,-0.021556,0.504217,0.000361,0.003290,0.081308,-0.037391,0.079604,4.537391,1.409604,4.500000,1.330000,1,18.278248
24592.291761,1.994520,-0.001589,-0.060634,-0.031930,0.506920,0.000342,0.007076,0.219496,-0.037989,0.079060,4.537989,1.365727,4.500000,1.286667,1,18.315215
24592.311764,1.999779,-0.001114,-0.077731,-0.048071,0.508306,0.000781,0.011426,0.358515,-0.036931,0.071858,4.536931,1.321858,4.500000,1.250000,1,18.358737
24592.360203,2.004968,-0.000476,-0.075421,-0.069311,0.507430,-0.003693,0.014404,0.907052,-0.034161,0.070140,4.534161,1.276806,4.500000,1.206667,1,18.403639
24592.366084,2.010139,-0.000271,-0.073169,-0.097879,0.502500,0.007822,0.010847,0.237256,-0.031281,0.046843,4.531281,1.206843,4.500000,1.160000,1,18.459166
24592.371755,2.018144,-0.000219,-0.071301,-0.137879,0.492500,0.002264,0.006701,0.152987,-0.033105,0.081768,4.533105,1.188435,4.500000,1.106667,1,18.504592
24592.391765,2.019444,-0.006826,-0.206560,-0.177879,0.482500,0.004232,0.005398,0.163655,-0.033131,0.084246,4.533131,1.144246,4.500000,1.060000,1,18.537900
24592.411734,2.017285,-0.031432,-1.099038,-0.176921,0.479077,0.001928,0.001715,0.077794,-0.029484,0.074007,4.529484,1.100674,4.500000,1.026667,1,18.579090
24592.454846,2.014419,-0.035490,-1.800197,-0.180751,0.481095,0.004569,-0.010037,0.334941,-0.029472,0.071004,4.531178,1.056854,4.499822,0.986661,1,18.620756
24592.460586,2.010656,-0.030944,-2.313911,-0.184245,0.485821,-0.003803,0.010074,-0.265707,-0.010155,0.056506,4.513272,0.998420,4.496789,0.943426,1,18.670797
24592.471789,2.005761,-0.018806,-2.689627,-0.183520,0.485023,0.000236,0.000279,-0.005941,-0.005145,0.078827,4.510379,0.970036,4.488654,0.894088,1,18.715791
24592.491730,2.003740,-0.014346,-2.781907,-0.186365,0.491131,0.000242,0.000127,0.003685,0.001823,0.076310,4.498466,0.925604,4.477646,0.852167,1,18.754216
24592.511766,1.999793,-0.008354,-2.882108,-0.193940,0.497139,0.000508,0.000342,0.014589,0.010631,0.069831,4.480339,0.883240,4.464297,0.814450,1,18.799640
24592.558993,1.995459,-0.004754,-2.956483,-0.203194,0.501533,0.008366,-0.001421,0.111707,0.012361,0.066544,4.465398,0.839924,4.446483,0.774938,1,18.845672
24592.566364,1.990692,-0.002128,-3.010106,-0.218432,0.507239,-0.005126,0.003881,0.013810,0.017961,0.037487,4.428258,0.775587,4.423552,0.734287,1,18.904537
24592.571978,1.983022,0.000855,-3.047508,-0.238561,0.504969,0.000689,0.002385,0.046407,0.020708,0.078697,4.422085,0.759671,4.388678,0.685469,1,18.953193
24592.591774,1.981147,0.001310,-3.051507,-0.257368,0.507097,0.002147,0.001750,0.052865,0.020273,0.080609,4.397624,0.719766,4.355318,0.648220,1,18.987393
24592.611757,1.972900,-0.003268,-3.205963,-0.272612,0.507832,0.001346,0.000804,0.031812,0.018381,0.069389,4.370907,0.685040,4.331081,0.625320,1,19.030165
24592.656981,1.962846,-0.005720,-3.380642,-0.284582,0.508406,0.016300,-0.002238,0.180349,0.013002,0.068201,4.344482,0.649071,4.297389,0.598055,1,19.073415
24592.662702,1.952056,-0.005484,-3.544731,-0.291792,0.509056,-0.011114,0.003563,-0.102504,0.005672,0.044149,4.296128,0.601732,4.261463,0.573811,1,19.126522
24592.671768,1.937322,-0.001819,-3.694455,-0.296182,0.505202,0.001321,0.000367,0.015682,0.009382,0.081550,4.284210,0.591857,4.214578,0.548385,1,19.168081
24592.691745,1.932637,-0.000975,-3.729610,-0.299428,0.507134,-0.002581,0.000414,-0.012243,0.000119,0.074031,4.246933,0.559108,4.177782,0.532674,1,19.199971
24592.711737,1.916701,0.000633,-3.836838,-0.297685,0.505431,-0.000021,-0.000005,0.000021,-0.005784,0.065672,4.210731,0.535540,4.146239,0.521864,1,19.241900
24592.755755,1.903523,0.002194,-3.895685,-0.295117,0.504552,0.017403,-0.000850,0.023418,-0.007659,0.073185,4.180661,0.519963,4.107541,0.511702,1,19.279589
24592.761631,1.892789,0.003055,-3.928536,-0.289590,0.506559,-0.016846,0.000218,-0.029239,-0.016656,0.039422,4.112856,0.494282,4.071458,0.505133,1,19.328384
24592.771737,1.872374,0.003723,-3.962663,-0.283561,0.502527,-0.001944,-0.000456,-0.008691,-0.009112,0.068725,4.090727,0.494345,4.021671,0.500470,1,19.373550
24592.791727,1.864626,0.003596,-3.964497,-0.274075,0.506107,-0.001294,-0.000820,-0.021855,-0.007550,0.072677,4.047206,0.489451,3.974998,0.500626,1,19.407152
24592.811730,1.853148,0.003196,-3.949360,-0.264076,0.508861,-0.002073,-0.001628,-0.044898,-0.008544,0.063223,4.003567,0.487554,3.941770,0.503402,1,19.448312
24592.855339,1.842270,0.001747,-3.933145,-0.256062,0.511933,0.005335,0.000078,-0.141039,-0.006060,0.063462,3.963303,0.491298,3.902250,0.509648,1,19.489779
24592.861131,1.831426,-0.000500,-3.920436,-0.244418,0.513202,-0.012202,-0.004388,-0.025107,-0.009322,0.046875,3.905900,0.497257,3.863357,0.519034,1,19.536219
24592.871736,1.817549,-0.004000,-3.909295,-0.237921,0.513036,-0.001185,-0.000825,-0.016964,-0.004807,0.068700,3.881412,0.504534,3.819105,0.533870,1,19.577146
24592.891726,1.813944,-0.002938,-3.849191,-0.232460,0.515340,-0.000649,-0.000781,-0.022108,-0.000969,0.071356,3.843026,0.518938,3.779417,0.551287,1,19.611789
24592.911740,1.809283,-0.002637,-3.726783,-0.223261,0.513731,-0.000207,-0.001299,-0.072269,0.001206,0.070471,3.811633,0.532797,3.750000,0.566987,1,19.649334
24592.953969,1.805914,-0.004433,-3.650165,-0.212413,0.513907,-0.000723,-0.000661,-0.220933,0.003047,0.059005,3.769444,0.555829,3.718931,0.586478,1,19.690448
24592.959432,1.801125,-0.008474,-3.570383,-0.199272,0.510944,-0.004246,-0.005621,-0.025269,0.007334,0.055937,3.732172,0.582726,3.684175,0.612373,1,19.737644
24592.971741,1.796840,-0.012584,-3.530993,-0.180357,0.507578,-0.000973,-0.002053,-0.046278,0.012429,0.070241,3.708202,0.603121,3.649407,0.643511,1,19.778852
24592.991729,1.796962,-0.008702,-3.379351,-0.162864,0.509678,-0.001272,-0.003457,-0.100695,0.020665,0.072269,3.684957,0.631580,3.622026,0.672684,1,19.815623
24593.011732,1.798442,-0.005981,-3.124455,-0.148325,0.511316,-0.002530,-0.006466,-0.188649,0.027871,0.077413,3.667650,0.655846,3.599049,0.701272,1,19.852165
24593.054997,1.799562,-0.008807,-2.958518,-0.131535,0.515009,-0.009040,-0.006388,-0.563636,0.030519,0.075847,3.644708,0.683879,3.578230,0.731467,1,19.888101
24593.060930,1.800847,-0.012683,-2.859247,-0.115856,0.519815,-0.000958,-0.010386,-0.113864,0.038519,0.059649,3.621862,0.728828,3.559680,0.763108,1,19.932607
24593.071759,1.802056,-0.017302,-2.808127,-0.100092,0.522017,-0.000784,-0.002789,-0.075900,0.044045,0.078100,3.612175,0.747837,3.540819,0.802130,1,19.973110
24593.091766,1.805766,-0.007236,-2.542714,-0.092332,0.525985,-0.000953,-0.001981,-0.057482,0.048569,0.078209,3.597574,0.781001,3.526468,0.839478,1,20.006717
24593.111770,1.812468,-0.000031,-2.087454,-0.093679,0.527246,-0.000908,-0.001585,-0.046057,0.050523,0.074511,3.583568,0.815161,3.515975,0.874622,1,20.045249
24593.156614,1.818582,-0.003254,-1.833983,-0.097456,0.528915,-0.008764,0.003313,-0.084062,0.050481,0.070878,3.570447,0.849751,3.508086,0.910440,1,20.084455
24593.162463,1.825045,-0.007095,-1.695331,-0.100602,0.531010,0.007274,-0.002302,0.067503,0.050240,0.054116,3.557895,0.901230,3.502500,0.950058,1,20.130692
24593.171727,1.834282,-0.010681,-1.608873,-0.101369,0.528306,0.000896,0.000274,0.013905,0.050771,0.073941,3.551274,0.923065,3.500011,0.996665,1,20.171132
24593.191766,1.838166,-0.011760,-1.598116,-0.101038,0.531586,-0.000407,-0.000080,-0.002010,0.042131,0.075955,3.542131,0.960712,3.500000,1.036667,1,20.203151
24593.211756,1.844421,-0.013340,-1.614946,-0.098697,0.533941,-0.000569,-0.000158,-0.006754,0.039314,0.067409,3.539314,0.999258,3.500000,1.066667,1,20.241127
24593.257187,1.850749,-0.013067,-1.616294,-0.093535,0.535702,-0.009597,-0.001568,-0.063792,0.030931,0.070628,3.530931,1.036039,3.500000,1.106667,1,20.279640
24593.262764,1.857188,-0.012593,-1.609963,-0.088019,0.536481,0.007160,-0.000956,-0.026712,0.023713,0.054275,3.523713,1.089059,3.500000,1.143333,1,20.324483
24593.271753,1.866451,-0.012253,-1.609967,-0.072551,0.533636,0.000593,-0.002070,-0.053309,0.019266,0.075398,3.519266,1.114602,3.500000,1.190000,1,20.365350
24593.291809,1.870631,-0.009800,-1.561294,-0.058534,0.533403,-0.001864,-0.003785,-0.134376,0.013739,0.081734,3.513739,1.148266,3.500000,1.230000,1,20.396460
24593.311728,1.876887,-0.005086,-1.405185,-0.042782,0.531678,0.001268,-0.001740,-0.065757,0.007617,0.064022,3.507617,1.195978,3.500000,1.260000,1,20.436304
24593.357538,1.886255,0.001054,-1.124609,-0.022863,0.526697,-0.009713,-0.002063,-0.398924,0.001510,0.061600,3.501510,1.238400,3.500000,1.300000,1,20.482095
24593.363204,1.894237,0.001774,-0.907537,0.001903,0.522009,0.008607,-0.008234,-0.027883,-0.004671,0.052259,3.495329,1.294408,3.500000,1.346667,1,20.531332
24593.371739,1.904970,-0.001311,-0.772879,0.039615,0.515379,0.001902,-0.010482,-0.243907,-0.008590,0.074847,3.491410,1.321820,3.500000,1.396667,1,20.574128
24593.391762,1.909389,0.001254,-0.676101,0.078468,0.509485,0.001091,-0.009751,-0.366201,-0.014762,0.084518,3.485238,1.355482,3.500000,1.440000,1,20.607215
24593.411761,1.914205,0.017882,-0.108634,0.105802,0.501220,0.005764,-0.016468,-0.420798,-0.019388,0.066907,3.480612,1.406427,3.500000,1.473333,1,20.649461
24593.457646,1.922086,0.017082,0.356539,0.138349,0.494217,0.005328,-0.017961,-1.288637,-0.022857,0.063851,3.478680,1.448928,3.499821,1.513367,1,20.697754
24593.463763,1.928595,0.012669,0.549243,0.178349,0.487505,0.012157,-0.017271,-0.217284,-0.037087,0.045972,3.465008,1.513030,3.495973,1.563330,1,20.754456
24593.471745,1.939158,0.006889,0.645195,0.218349,0.477505,0.003810,-0.011172,-0.284877,-0.045931,0.084648,3.461159,1.526004,3.485594,1.619159,1,20.800572
24593.491737,1.939181,0.012727,0.775358,0.253057,0.467505,0.007259,-0.005082,-0.036719,-0.050920,0.075270,3.448922,1.576204,3.472335,1.664012,1,20.838900
24593.511755,1.934387,0.036132,1.764995,0.247487,0.461994,0.003578,-0.002231,-0.092852,-0.057421,0.064276,3.431784,1.616491,3.459010,1.698267,1,20.888957
24593.557412,1.927929,0.040300,2.425912,0.243241,0.461940,0.010518,0.010137,-0.361427,-0.061225,0.064652,3.414814,1.656947,3.436859,1.743216,1,20.938221
24593.563213,1.919415,0.037699,2.949468,0.231735,0.464310,-0.009415,-0.007955,0.318875,-0.062007,0.050952,3.388551,1.708476,3.410320,1.785723,1,20.993556
24593.571745,1.908032,0.027070,3.363238,0.210544,0.464032,-0.002584,0.000913,0.078546,-0.068067,0.072087,3.371825,1.731321,3.375276,1.830405,1,21.044075
24593.591729,1.903473,0.021595,3.448110,0.195140,0.471362,-0.001536,0.002443,0.072523,-0.070540,0.072906,3.345720,1.765007,3.340320,1.866309,1,21.087007
24593.611729,1.898586,0.010265,3.403045,0.184397,0.477652,-0.001351,0.004735,0.133832,-0.070340,0.076732,3.324558,1.791819,3.307245,1.894462,1,21.130036
24593.655660,1.894445,0.005847,3.357797,0.173773,0.484681,-0.002577,0.005205,0.357094,-0.067784,0.065601,3.290056,1.827081,3.271852,1.919638,1,21.175801
24593.661710,1.887390,0.003968,3.298846,0.162383,0.488642,-0.008675,0.005279,0.055957,-0.064050,0.045961,3.244977,1.863526,3.234408,1.941648,1,21.231475
24593.671730,1.878703,0.005317,3.257491,0.149182,0.489811,-0.001823,0.002711,0.065930,-0.064806,0.070122,3.224390,1.879420,3.182819,1.965379,1,21.279056
24593.691765,1.877520,0.000767,3.126426,0.143272,0.496696,-0.000243,0.000217,0.011947,-0.061215,0.073415,3.192113,1.901267,3.138532,1.980426,1,21.316342
24593.711773,1.878682,-0.005477,2.786236,0.142035,0.501969,-0.000320,0.000258,0.007688,-0.055546,0.068010,3.157994,1.920954,3.102866,1.989304,1,21.356222
24593.756080,1.879637,-0.002670,2.558911,0.140536,0.507271,-0.002538,-0.004510,0.108868,-0.048131,0.063082,3.119807,1.940240,3.063330,1.995973,1,21.397865
24593.762058,1.881192,0.002337,2.426435,0.134945,0.511391,0.001441,0.005015,-0.040887,-0.036086,0.046707,3.065270,1.961668,3.020047,1.999598,1,21.447805
24593.771687,1.883421,0.007930,2.341153,0.122537,0.509832,-0.001365,0.002918,0.074825,-0.029553,0.077863,3.047863,1.970447,2.970000,2.000000,1,21.487713
24593.791736,1.883870,0.008972,2.328266,0.117915,0.516206,-0.000038,0.001145,0.016300,-0.013264,0.070071,3.000071,1.986736,2.930000,2.000000,1,21.522185
24593.811730,1.888196,0.006317,2.157718,0.116830,0.518252,-0.000662,0.001275,0.038624,-0.000421,0.062879,2.959545,1.999579,2.896667,2.000000,1,21.566079
24593.853839,1.891773,0.007384,2.074743,0.116660,0.518657,-0.005073,0.000112,0.085916,0.010113,0.064813,2.918146,2.010113,2.853333,2.000000,1,21.608011
24593.859511,1.895450,0.008822,2.030645,0.115726,0.516532,0.003068,0.001617,0.002046,0.020124,0.059039,2.869039,2.020124,2.810000,2.000000,1,21.654115
24593.871728,1.899714,0.010098,2.010166,0.113954,0.509994,0.001089,0.000279,0.007040,0.025520,0.071467,2.834800,2.025520,2.763333,2.000000,1,21.697104
24593.891727,1.903192,0.009160,1.973306,0.112401,0.503032,0.000657,0.000317,0.010760,0.030417,0.073579,2.793579,2.030417,2.720000,2.000000,1,21.735578
24593.911728,1.907292,0.008601,1.923582,0.112087,0.494321,0.001057,0.000382,0.013046,0.035099,0.066533,2.749867,2.035099,2.683333,2.000000,1,21.777451
24593.956054,1.911193,0.008915,1.896624,0.115831,0.484497,-0.000552,-0.000756,-0.015065,0.038705,0.065640,2.705640,2.038705,2.640000,2.000000,1,21.821287
24593.961744,1.915009,0.009305,1.884815,0.123860,0.474497,0.004955,-0.000900,-0.026025,0.035193,0.049519,2.646185,2.035193,2.596667,2.000000,1,21.871937
24593.971728,1.920158,0.009515,1.878862,0.136999,0.464497,0.001974,-0.002090,-0.053602,0.037816,0.072159,2.618826,2.037816,2.546667,2.000000,1,21.915604
24593.991729,1.921626,0.010947,1.908228,0.153524,0.457322,0.000818,-0.000556,-0.027046,0.035069,0.071853,2.575186,2.035069,2.503333,2.000000,1,21.950926
24594.011730,1.919893,0.017462,2.122150,0.167249,0.450444,0.001714,-0.002522,-0.074078,0.026440,0.067387,2.532074,2.029765,2.466604,1.998883,1,21.991717
24594.054848,1.918022,0.018085,2.290778,0.181917,0.445039,0.006461,0.001245,-0.220299,0.018816,0.065505,2.488779,2.022815,2.426738,1.994604,1,22.034168
24594.060144,1.914296,0.020306,2.495340,0.194969,0.440530,-0.004213,-0.002713,0.148997,0.009680,0.048722,2.429241,2.007090,2.384090,1.986379,1,22.084683
24594.071735,1.908400,0.018657,2.716624,0.206934,0.432951,0.000994,-0.001444,-0.032765,0.005658,0.074827,2.404818,2.002225,2.335988,1.972335,1,22.128184
24594.091738,1.904994,0.018620,2.808474,0.217168,0.431849,0.001247,-0.000661,-0.028371,0.000655,0.075267,2.364038,1.987683,2.295614,1.956318,1,22.163102
24594.111730,1.897857,0.019604,2.985219,0.222958,0.430772,0.000945,-0.000794,-0.021258,-0.002298,0.065396,2.324433,1.970276,2.265592,1.941648,1,22.204717
24594.156596,1.890127,0.018509,3.128753,0.225711,0.429924,0.012124,0.001242,-0.117719,-0.006325,0.065577,2.286624,1.949985,2.228148,1.919638,1,22.247117
24594.162459,1.882659,0.016170,3.216463,0.224548,0.428535,-0.007449,-0.002660,0.034080,-0.010220,0.046828,2.235979,1.915175,2.192755,1.894462,1,22.298621
24594.171729,1.872621,0.013266,3.277130,0.213964,0.423172,-0.001104,0.000405,0.016085,-0.014614,0.072672,2.217478,1.901325,2.154814,1.861727,1,22.343731
24594.191740,1.867799,0.012747,3.295738,0.201496,0.426426,0.000180,0.000297,0.017970,-0.018522,0.075684,2.186139,1.872880,2.122523,1.827889,1,22.379204
24594.211736,1.861396,0.009712,3.249239,0.184592,0.428209,-0.000063,0.000684,0.034320,-0.020294,0.066025,2.157513,1.842316,2.101466,1.801944,1,22.421293
24594.253078,1.856307,0.006776,3.140305,0.163783,0.429084,0.003880,-0.001535,0.201913,-0.024240,0.066443,2.132660,1.809554,2.076765,1.766218,1,22.464309
24594.258713,1.852994,0.003623,2.954139,0.138157,0.429318,-0.002947,0.004222,-0.080532,-0.026478,0.059080,2.105807,1.768934,2.055258,1.728483,1,22.510463
24594.271735,1.849736,0.005074,2.765106,0.102604,0.429525,-0.001102,0.004968,0.130287,-0.031480,0.069954,2.091089,1.739157,2.035854,1.685925,1,22.554458
24594.291735,1.849365,0.000532,2.533474,0.063961,0.431067,0.000554,0.001461,0.087630,-0.033210,0.068938,2.073237,1.701294,2.021469,1.644942,1,22.595428
24594.311729,1.852177,-0.012350,1.899260,0.028737,0.428281,0.000838,0.001241,0.075864,-0.035437,0.065540,2.059936,1.662658,2.011394,1.606134,1,22.638004
24594.353201,1.855315,-0.017757,1.244188,-0.007448,0.426702,-0.002082,-0.006047,0.467649,-0.037078,0.065469,2.049099,1.623575,2.004027,1.563330,1,22.680453
24594.359707,1.858076,-0.020602,0.606395,-0.043019,0.426855,0.003089,0.011613,-0.230748,-0.025938,0.049384,2.028299,1.568351,2.000402,1.520047,1,22.728652
24594.371735,1.861619,-0.012873,0.103730,-0.078661,0.423907,0.001309,0.007183,0.187042,-0.021955,0.071226,2.025016,1.543226,1.999285,1.473276,1,22.770431
24594.391766,1.862835,-0.016503,-0.167436,-0.112508,0.425567,0.003741,0.015916,0.473022,-0.006722,0.074592,2.012174,1.502963,1.995082,1.430046,1,22.805534
24594.411761,1.864861,-0.015834,-0.486756,-0.146518,0.426974,0.006085,0.022613,0.672639,0.002192,0.067039,2.000951,1.463190,1.989304,1.397134,1,22.846198
24594.459467,1.866920,-0.012360,-0.644699,-0.184906,0.428554,0.012036,0.014094,1.304433,0.010994,0.072678,1.989548,1.431073,1.979489,1.358259,1,22.884897
24594.465628,1.865037,-0.024608,-1.030271,-0.208116,0.429079,-0.006505,-0.006003,-0.921275,0.020143,0.036214,1.960809,1.361330,1.966590,1.320296,1,22.938670
24594.471728,1.855635,-0.039218,-2.251168,-0.205354,0.425047,0.000226,0.001783,-0.005163,0.026161,0.072404,1.954559,1.347874,1.944742,1.271517,1,22.987386
24594.491758,1.853903,-0.037573,-2.406884,-0.209072,0.432600,0.002196,0.003892,0.112082,0.031814,0.079425,1.936121,1.312105,1.919638,1.228148,1,23.020327
24594.511758,1.850223,-0.031585,-2.659757,-0.211599,0.439332,0.000843,0.001262,0.053413,0.033418,0.071498,1.916567,1.278005,1.900544,1.200726,1,23.060626
24594.555556,1.845335,-0.029175,-2.862233,-0.212979,0.446014,0.005988,-0.003404,0.121209,0.036045,0.070733,1.894964,1.246503,1.875276,1.169595,1,23.101275
24594.561407,1.839816,-0.026990,-3.031446,-0.211955,0.452552,-0.006029,0.003328,-0.087072,0.037026,0.051952,1.859201,1.203320,1.847596,1.140588,1,23.149421
24594.571737,1.832401,-0.022794,-3.153603,-0.208082,0.454923,-0.000791,-0.000060,-0.009356,0.040039,0.072071,1.843729,1.185979,1.812491,1.109680,1,23.192758
24594.591730,1.829423,-0.021190,-3.177472,-0.204018,0.461920,-0.000190,-0.000174,-0.007920,0.040543,0.073546,1.816127,1.158571,1.777438,1.084033,1,23.227541
24594.611758,1.825713,-0.018470,-3.174934,-0.198694,0.468101,-0.000232,-0.000245,-0.010767,0.039162,0.067042,1.785210,1.131867,1.746131,1.064776,1,23.267893
24594.655793,1.822684,-0.016538,-3.142464,-0.193216,0.474256,0.002065,0.000310,-0.060833,0.041047,0.067252,1.754193,1.111996,1.710467,1.046455,1,23.308644
24594.661594,1.820127,-0.015327,-3.088222,-0.186035,0.480568,-0.002165,-0.001105,0.032475,0.035436,0.049125,1.707232,1.081326,1.673450,1.031049,1,23.355707
24594.671767,1.817677,-0.015731,-3.027401,-0.173428,0.482082,-0.000831,-0.001836,-0.041909,0.036969,0.069289,1.686291,1.070472,1.628871,1.016893,1,23.397573
24594.691765,1.816992,-0.015445,-2.994023,-0.160643,0.489411,-0.000248,-0.000557,-0.027175,0.031691,0.070308,1.650227,1.050903,1.586458,1.007532,1,23.431829
24594.711767,1.818374,-0.011253,-2.820627,-0.149540,0.495295,-0.000196,-0.000581,-0.027701,0.024262,0.063080,1.613502,1.033714,1.553372,1.002857,1,23.471741
24594.756246,1.820612,-0.009557,-2.641715,-0.139110,0.500581,-0.004713,0.001059,-0.221966,0.017056,0.067964,1.580851,1.019045,1.513367,1.000179,1,23.509802
24594.762112,1.822837,-0.010272,-2.528333,-0.129773,0.507473,0.002432,-0.005079,0.037531,-0.001193,0.039243,1.515910,0.998807,1.476667,1.000000,1,23.558859
24594.771771,1.826592,-0.013890,-2.415719,-0.117433,0.505627,-0.000554,-0.003379,-0.078191,-0.007046,0.066721,1.493387,0.992954,1.426667,1.000000,1,23.604485
24594.791748,1.828593,-0.013070,-2.359057,-0.106424,0.512883,-0.000635,-0.000651,-0.029748,-0.015786,0.075242,1.455242,0.984214,1.380000,1.000000,1,23.637521
24594.811761,1.833959,-0.006451,-2.085906,-0.102593,0.519588,-0.001879,-0.000604,-0.056811,-0.023415,0.073612,1.420279,0.976585,1.346667,1.000000,1,23.673931
24594.856871,1.838126,-0.006320,-1.928784,-0.105259,0.526366,-0.007464,0.001690,-0.061165,-0.032968,0.061877,1.371877,0.967032,1.310000,1.000000,1,23.715099
24594.862624,1.844304,-0.008985,-1.802394,-0.111467,0.530250,0.005849,-0.001275,0.050685,-0.038510,0.040564,1.310564,0.961490,1.270000,1.000000,1,23.768654
24594.871746,1.851829,-0.011456,-1.746604,-0.119287,0.529208,0.001075,0.000802,0.024749,-0.041798,0.071139,1.287805,0.958202,1.216667,1.000000,1,23.813252
24594.891774,1.855251,-0.013110,-1.760594,-0.125837,0.533389,-0.000869,0.000813,0.037373,-0.044946,0.086136,1.256136,0.955054,1.170000,1.000000,1,23.843062
24594.911720,1.859423,-0.016349,-1.843785,-0.131575,0.537313,0.001169,0.001203,0.019371,-0.045459,0.064068,1.207402,0.954541,1.143333,1.000000,1,23.881699
24594.957249,1.865569,-0.017361,-1.953003,-0.139661,0.538856,-0.005257,0.001437,0.186947,-0.048581,0.060160,1.163493,0.951419,1.103333,1.000000,1,23.926805
24594.963148,1.870760,-0.016174,-1.998733,-0.154715,0.541551,0.006245,0.004117,0.040181,-0.049397,0.043492,1.100159,0.950603,1.056667,1.000000,1,23.978538
24594.971764,1.877911,-0.014495,-2.028056,-0.181077,0.539254,0.001588,0.004824,0.116027,-0.048689,0.077038,1.083705,0.951311,1.006667,1.000000,1,24.018508
24594.991769,1.879637,-0.015823,-2.067244,-0.201381,0.541352,0.002576,0.002841,0.054230,-0.043074,0.067629,1.031204,0.953622,0.966604,1.001117,1,24.051830
24595.011772,1.881235,-0.024679,-2.421248,-0.216789,0.539798,0.003149,0.004994,0.191445,-0.040255,0.064281,0.991698,0.955997,0.933357,1.004461,1,24.093502
24595.057129,1.882662,-0.024297,-2.589099,-0.234394,0.542100,0.007048,0.001731,0.459059,-0.034852,0.066667,0.948029,0.963520,0.890602,1.012115,1,24.133174
24595.062664,1.883418,-0.024051,-2.777871,-0.248718,0.544153,-0.002862,0.000967,-0.313339,-0.032370,0.040432,0.884370,0.978768,0.855058,1.021469,1,24.183430
24595.071744,1.879263,-0.025186,-3.193433,-0.249167,0.537773,0.000753,0.000369,0.022081,-0.026081,0.078803,0.867174,0.984900,0.804805,1.039675,1,24.223591
24595.091736,1.878061,-0.024255,-3.269817,-0.254092,0.541984,-0.000415,0.000910,-0.019550,-0.023872,0.070302,0.819816,1.003092,0.768549,1.056795,1,24.257261
24595.111722,1.873175,-0.021119,-3.470709,-0.254464,0.543598,0.000463,0.000092,0.000691,-0.032143,0.058082,0.772288,1.015544,0.739463,1.073244,1,24.301358
24595.181146,1.869207,-0.017403,-3.578247,-0.258802,0.548377,0.008683,-0.003242,0.041061,-0.030404,0.030114,0.709619,1.055125,0.703410,1.097465,1,24.356880
24595.186703,1.860954,-0.011994,-3.690132,-0.251875,0.542686,-0.007144,0.002506,-0.036949,-0.031388,0.009054,0.644950,1.104532,0.659680,1.133691,1,24.428318
24595.206743,1.852551,-0.008516,-3.730715,-0.244745,0.536961,0.000205,-0.000250,-0.014474,-0.036749,0.038586,0.607560,1.131788,0.611778,1.184907,1,24.487516
24595.255407,1.848412,-0.006372,-3.706987,-0.241202,0.537519,0.005933,0.000985,-0.058432,-0.035848,0.060981,0.578889,1.163077,0.576765,1.233782,1,24.529109
24595.260851,1.844481,-0.005320,-3.664097,-0.232802,0.538626,-0.005595,-0.001710,0.042248,-0.051835,0.027621,0.523634,1.220072,0.556795,1.268549,1,24.582591
24595.266740,1.838036,-0.006564,-3.600738,-0.217075,0.532548,-0.000153,-0.001155,-0.030166,-0.048783,0.077823,0.517671,1.226910,0.534621,1.317181,1,24.622159
24595.286731,1.837401,-0.006696,-3.592936,-0.204791,0.536997,-0.000868,-0.001305,-0.055048,-0.046428,0.081450,0.500646,1.263646,0.521469,1.355058,1,24.645671
24595.306732,1.836220,-0.004365,-3.476737,-0.186670,0.539793,-0.001349,-0.002933,-0.087917,-0.046860,0.065519,0.485819,1.302602,0.515214,1.377598,1,24.681844
24595.369758,1.836213,-0.003798,-3.334515,-0.164635,0.541324,-0.007433,0.005641,-0.436355,-0.046622,0.064873,0.472830,1.341584,0.507532,1.413542,1,24.719591
24595.379938,1.838012,-0.001410,-3.132693,-0.139998,0.542428,0.006427,-0.011603,0.226514,-0.033441,-0.019341,0.467302,1.465849,0.502511,1.449952,1,24.795151
24595.399987,1.847156,-0.008181,-2.681965,-0.099998,0.532428,-0.001192,-0.004118,-0.174003,-0.027552,0.014347,0.472448,1.512320,0.500000,1.526667,1,24.879384
24595.419976,1.853055,-0.000619,-2.361893,-0.059998,0.527707,-0.000326,-0.004192,-0.177236,-0.028405,0.051757,0.471595,1.558243,0.500000,1.610000,1,24.930372
24595.481849,1.860557,0.008195,-1.865382,-0.024887,0.523490,-0.010053,-0.000700,-0.673711,-0.022900,0.031975,0.477100,1.631359,0.500000,1.663333,1,24.988815
24595.492893,1.874199,0.004501,-1.205487,0.010979,0.514921,0.008970,-0.019265,-0.261856,-0.011088,0.003074,0.488912,1.716926,0.500000,1.720000,1,25.065882
24595.512963,1.887064,-0.003528,-1.030947,0.043989,0.505677,0.001641,-0.009026,-0.307199,-0.011138,0.034408,0.488862,1.762259,0.500000,1.796667,1,25.133715
24595.553222,1.894125,0.012642,-0.481876,0.058769,0.501144,-0.004291,-0.000606,-0.590538,-0.006837,0.058198,0.493163,1.808469,0.500000,1.866667,1,25.183379
24595.559273,1.900171,0.020600,0.060183,0.062759,0.498913,0.005314,-0.001942,0.358391,0.004873,0.050868,0.504873,1.865799,0.500000,1.916667,1,25.234899
24595.572959,1.906904,0.021013,0.607503,0.061109,0.494625,0.000977,-0.000853,0.012240,0.003023,0.066434,0.503023,1.900233,0.500000,1.966667,1,25.281541
24595.592956,1.911341,0.017177,0.794708,0.055750,0.496369,0.000214,0.000287,0.014918,0.002216,0.067473,0.502216,1.945861,0.500000,2.013333,1,25.323206
24595.612958,1.916882,0.011887,0.897775,0.043254,0.496722,0.000054,0.003164,0.097436,0.004058,0.063934,0.504058,1.992733,0.500000,2.056667,1,25.370021
24595.655125,1.922506,0.008355,0.922340,0.026778,0.496937,-0.005872,0.002083,0.223776,0.001085,0.063991,0.501085,2.039342,0.500000,2.103333,1,25.416581
24595.660935,1.928453,0.000807,0.782085,0.005639,0.496697,0.006578,0.001901,-0.091947,-0.002574,0.046053,0.497426,2.103947,0.500000,2.150000,1,25.470872
24595.672960,1.936688,-0.001615,0.570931,-0.023067,0.492213,0.000400,0.004066,0.122435,-0.008980,0.072886,0.491020,2.130447,0.500000,2.203333,1,25.518577
24595.692947,1.940012,-0.007376,0.377382,-0.050101,0.493810,0.000696,0.001451,0.075452,-0.011914,0.072629,0.488086,2.177371,0.500000,2.250000,1,25.556916
24595.712960,1.944874,-0.018644,-0.150914,-0.071899,0.491592,0.000821,0.001136,0.059272,-0.015109,0.065349,0.484891,2.224651,0.500000,2.290000,1,25.602854
24595.756201,1.949184,-0.022214,-0.628077,-0.093613,0.489523,-0.002652,-0.004593,0.337054,-0.016830,0.061426,0.483170,2.271907,0.500000,2.333333,1,25.650110
24595.761830,1.952619,-0.023150,-1.044101,-0.115844,0.488109,0.004451,0.007206,-0.199900,-0.020903,0.040855,0.479097,2.342479,0.500000,2.383333,1,25.706604
24595.772958,1.957371,-0.017710,-1.390361,-0.148025,0.483045,0.001985,0.006010,0.151084,-0.021103,0.074026,0.478897,2.365974,0.500000,2.440000,1,25.754859
24595.792962,1.958451,-0.017738,-1.519803,-0.175310,0.482451,0.002539,0.004575,0.135941,-0.020241,0.075268,0.479759,2.411398,0.500000,2.486667,1,25.790823
24595.812960,1.957331,-0.023454,-1.926940,-0.198456,0.480946,0.002689,0.003451,0.137321,-0.021713,0.066108,0.475766,2.458366,0.500547,2.523386,1,25.833846
24595.867249,1.954823,-0.025580,-2.284784,-0.221825,0.480661,0.011934,-0.007791,0.463411,-0.017404,0.063685,0.478724,2.505847,0.504461,2.566643,1,25.879174
24595.872758,1.949152,-0.027683,-2.697303,-0.239251,0.480859,-0.009407,0.009658,-0.373171,-0.021546,0.017530,0.487255,2.597007,0.512115,2.609398,1,25.942569
24595.878224,1.937463,-0.018385,-3.184971,-0.248175,0.472633,0.001709,0.000549,0.028191,-0.016700,0.068984,0.490701,2.611141,0.529900,2.670312,1,25.993871
24595.892958,1.936567,-0.017441,-3.217316,-0.257141,0.474840,0.000431,0.000970,0.013078,-0.012654,0.092875,0.498621,2.641630,0.550766,2.719519,1,26.019030
24595.912954,1.929451,-0.015492,-3.361443,-0.261987,0.479354,0.000724,0.000504,0.011831,-0.014965,0.069456,0.515022,2.686573,0.561525,2.740291,1,26.055300
24595.953820,1.919810,-0.012601,-3.513529,-0.264078,0.483240,0.011347,-0.002532,0.089990,-0.015263,0.061483,0.534123,2.728549,0.580362,2.771852,1,26.098560
24595.959514,1.910037,-0.008986,-3.610295,-0.264458,0.487643,-0.008593,0.003058,-0.039187,-0.015860,0.044517,0.565671,2.781870,0.605538,2.807245,1,26.148440
24595.972951,1.898541,-0.005224,-3.674501,-0.262284,0.486943,-0.001368,0.000209,-0.002608,-0.013962,0.065757,0.582775,2.807253,0.638273,2.845186,1,26.193068
24595.992954,1.890394,-0.003940,-3.705589,-0.258350,0.491955,0.000123,-0.000040,-0.004790,-0.013579,0.064036,0.612559,2.843152,0.669595,2.875276,1,26.230914
24596.012950,1.881162,-0.002618,-3.724953,-0.251117,0.494992,-0.000508,-0.000656,-0.020515,-0.015396,0.059729,0.643662,2.877127,0.700726,2.900544,1,26.274406
24596.055492,1.872254,-0.002029,-3.728075,-0.242209,0.498498,0.006533,-0.000758,-0.096137,-0.016432,0.057922,0.678727,2.908461,0.736617,2.925005,1,26.318595
24596.061272,1.863507,-0.002319,-3.726686,-0.230667,0.501223,-0.010304,-0.002495,-0.024207,-0.019539,0.036784,0.732853,2.947108,0.774495,2.946259,1,26.370839
24596.072956,1.851585,-0.003680,-3.721436,-0.213783,0.497432,-0.001941,-0.002526,-0.064442,-0.020313,0.072965,0.747982,2.961017,0.823419,2.967781,1,26.412754
24596.092953,1.847426,-0.002773,-3.682679,-0.197853,0.503796,-0.001556,-0.002578,-0.076208,-0.021144,0.069456,0.788872,2.981498,0.861468,2.980426,1,26.444961
24596.112956,1.843830,0.000146,-3.523496,-0.183852,0.508127,-0.001217,-0.001517,-0.065911,-0.026325,0.061137,0.828534,3.001354,0.893866,2.988606,1,26.485576
24596.156320,1.841917,0.001935,-3.326427,-0.169461,0.511214,-0.001385,0.002956,-0.275223,-0.029687,0.060528,0.869412,3.016893,0.933357,2.995539,1,26.526981
24596.162976,1.841630,0.000855,-3.118465,-0.153433,0.512950,-0.001185,-0.008208,0.042695,-0.035039,0.041772,0.933249,3.032500,0.976614,2.999453,1,26.577801
24596.172953,1.841217,-0.005723,-2.960124,-0.130346,0.508389,-0.001062,-0.004012,-0.086795,-0.036413,0.061641,0.955026,3.036413,1.016667,3.000000,2,26.625900
24596.192966,1.842286,-0.004045,-2.829288,-0.109266,0.516295,-0.000553,-0.001107,-0.055908,-0.044028,0.064593,0.998740,3.044028,1.063333,3.000000,2,26.665677
24596.212965,1.847290,0.004043,-2.393193,-0.095413,0.518685,-0.000231,-0.000838,-0.040723,-0.048219,0.061074,1.042259,3.048219,1.103333,3.000000,2,26.709219
24596.255801,1.852874,0.004500,-2.019445,-0.083523,0.518933,-0.006927,0.004810,-0.227576,-0.053155,0.060307,1.086359,3.053155,1.146667,3.000000,2,26.753372
24596.261883,1.859066,0.002497,-1.718731,-0.072785,0.518306,0.006320,-0.005974,0.135462,-0.056911,0.042280,1.151053,3.056911,1.193333,3.000000,2,26.807145
24596.272956,1.867412,-0.003124,-1.481093,-0.064600,0.513716,0.000046,-0.002544,-0.061416,-0.057221,0.073212,1.173454,3.057221,1.246667,3.000000,2,26.852444
24596.292956,1.871151,-0.003961,-1.408116,-0.054800,0.518416,-0.000390,-0.000542,-0.027466,-0.059478,0.073474,1.216526,3.059478,1.290000,3.000000,2,26.887525
24596.312960,1.877891,-0.000630,-1.181036,-0.050742,0.521023,-0.000196,-0.000254,-0.012215,-0.061037,0.065921,1.260745,3.061037,1.326667,3.000000,2,26.930708
24596.356551,1.884850,-0.000685,-1.013585,-0.049811,0.522450,-0.008229,0.001755,-0.056126,-0.060255,0.065785,1.304215,3.060255,1.370000,3.000000,2,26.974640
24596.362550,1.892004,-0.002122,-0.913488,-0.047271,0.523766,0.008135,-0.001807,0.033813,-0.060712,0.040194,1.373139,3.060712,1.413333,3.000000,2,27.029327
24596.372970,1.902303,-0.004082,-0.853298,-0.042485,0.518922,0.000585,-0.000858,-0.020063,-0.059946,0.070678,1.395988,3.059946,1.466667,3.000000,2,27.076621
24596.392961,1.906504,-0.004003,-0.829650,-0.036733,0.523116,-0.000248,-0.001515,-0.046728,-0.058946,0.078113,1.438554,3.058946,1.516667,3.000000,2,27.112039
24596.412961,1.913459,-0.003145,-0.768572,-0.030718,0.526523,-0.000062,-0.000793,-0.039468,-0.056699,0.065112,1.484888,3.056699,1.550000,3.000000,2,27.155378
24596.456610,1.920788,-0.001156,-0.680922,-0.025709,0.527092,-0.008312,0.000670,-0.090243,-0.054145,0.061372,1.531961,3.054145,1.593333,3.000000,2,27.201926
24596.463870,1.928358,0.000398,-0.569987,-0.022330,0.525408,0.009497,-0.001516,0.053963,-0.049293,0.030589,1.609411,3.049293,1.640000,3.000000,2,27.262966
24596.472961,1.940476,-0.000553,-0.471573,-0.015761,0.519765,-0.000275,-0.001154,-0.030913,-0.048231,0.075083,1.624917,3.048231,1.700000,3.000000,2,27.311741
24596.492942,1.943288,-0.000332,-0.447713,-0.010283,0.525173,0.000139,-0.000322,-0.018364,-0.045680,0.079670,1.670330,3.045680,1.750000,3.000000,2,27.345044
24596.512961,1.950476,0.002193,-0.328538,-0.007009,0.527763,0.000212,-0.000213,-0.011073,-0.042256,0.067680,1.715654,3.042256,1.783333,3.000000,2,27.388930
24596.556139,1.957796,0.002663,-0.230007,-0.003206,0.529165,-0.007857,0.000972,-0.063649,-0.039116,0.065023,1.761644,3.039116,1.826667,3.000000,2,27.434797
24596.562201,1.965122,0.002661,-0.149535,-0.000949,0.528803,0.008282,-0.001268,0.038332,-0.033431,0.042122,1.831212,3.033431,1.873333,3.000000,2,27.491917
24596.572932,1.975526,0.001559,-0.084639,0.001422,0.523320,0.000572,-0.000681,-0.015923,-0.031838,0.075104,1.854896,3.031838,1.930000,3.000000,2,27.540336
24596.592966,1.979605,0.001341,-0.066015,0.003654,0.527138,0.000190,-0.000128,-0.007042,-0.028592,0.079217,1.900783,3.028592,1.980000,3.000000,2,27.577427
24596.612960,1.986475,0.002144,-0.007541,0.004945,0.528604,0.000313,-0.000092,-0.004655,-0.024413,0.068976,1.947691,3.024413,2.016667,3.000000,2,27.622579
24596.658197,1.993441,0.002077,0.036535,0.007739,0.528008,-0.007626,0.000058,-0.050997,-0.021932,0.063466,1.996534,3.021932,2.060000,3.000000,2,27.669788
24596.664281,2.000420,0.001667,0.066016,0.008833,0.525068,0.009171,-0.001176,-0.000848,-0.016370,0.033573,2.076427,3.016370,2.110000,3.000000,2,27.732106
24596.672938,2.011498,0.000807,0.081383,0.010733,0.519105,-0.001245,-0.000724,-0.020234,-0.015926,0.085540,2.084460,3.015926,2.170000,3.000000,2,27.779355
24596.692961,2.012740,0.000958,0.086522,0.012288,0.524953,0.001587,-0.000194,-0.005293,-0.013327,0.076190,2.140477,3.013327,2.216667,3.000000,2,27.814411
24596.712963,2.020365,0.002266,0.143076,0.012309,0.523324,0.000446,-0.000001,-0.000092,-0.011235,0.064246,2.189087,3.011235,2.253333,3.000000,2,27.864440
24596.756493,2.026652,0.002179,0.179897,0.012037,0.520560,-0.006402,0.000543,-0.007506,-0.009389,0.073694,2.229639,3.009389,2.303333,3.000000,2,27.910192
24596.762348,2.032328,0.001592,0.197638,0.011867,0.521431,0.007249,-0.000443,0.006557,-0.003248,0.039996,2.310004,3.003248,2.350000,3.000000,2,27.968941
24596.772989,2.041215,0.000961,0.206483,0.013523,0.514757,0.000518,-0.000224,-0.005461,-0.002256,0.072097,2.334570,3.002256,2.406667,3.000000,2,28.022438
24596.792962,2.044424,0.000891,0.209750,0.014640,0.517721,0.000406,-0.000059,-0.003224,0.000014,0.075628,2.384372,2.999986,2.460000,3.000000,2,28.062995
24596.812933,2.049974,0.001267,0.228786,0.014115,0.516752,0.000393,0.000117,0.003733,-0.000629,0.067801,2.432199,3.000629,2.500000,3.000000,2,28.110624
24596.855263,2.055385,0.001162,0.242115,0.012394,0.515045,-0.004986,0.000385,0.017734,-0.003063,0.071147,2.478853,3.003063,2.550000,3.000000,2,28.157829
24596.861452,2.060606,0.000567,0.241065,0.010117,0.513682,0.005815,0.000048,-0.003599,-0.005131,0.047986,2.548681,3.005131,2.596667,3.000000,2,28.215159
24596.872988,2.067892,0.000082,0.226412,0.007965,0.506170,0.000638,0.000538,0.015300,-0.000526,0.073967,2.579366,3.000526,2.653333,3.000000,2,28.266601
24596.892953,2.070963,-0.000295,0.214823,0.006790,0.507158,0.000380,0.000306,0.009869,0.001672,0.077808,2.628859,2.998328,2.706667,3.000000,2,28.308586
24596.912956,2.075551,-0.001034,0.177802,0.006326,0.505291,0.000550,0.000366,0.011657,0.002079,0.066976,2.679691,2.997921,2.746667,3.000000,2,28.357587
24596.955404,2.080144,-0.000864,0.155226,0.004685,0.501821,-0.003481,0.000365,0.046198,0.003058,0.066250,2.730416,2.996942,2.796667,3.000000,2,28.407820
24596.961377,2.084626,-0.000521,0.143287,0.004078,0.498572,0.005022,0.000832,0.009435,0.000837,0.047294,2.799372,2.999163,2.846667,3.000000,2,28.466402
24596.972965,2.090709,-0.000067,0.140144,0.002745,0.492169,0.000680,0.000620,0.017718,0.005236,0.076979,2.829688,2.994764,2.906667,3.000000,2,28.517661
24596.992963,2.093184,-0.000460,0.129644,0.001708,0.493962,0.000413,0.000090,0.004420,0.005724,0.076546,2.880121,2.994276,2.956667,3.000000,2,28.560275
24597.012962,2.096748,-0.001498,0.085588,0.002276,0.493606,0.000564,-0.000130,-0.004033,0.004967,0.068056,2.931944,2.995033,3.000000,3.000000,2,28.610719
24597.055746,2.100391,-0.001330,0.057116,0.002746,0.492568,-0.002747,-0.000489,-0.002385,0.003380,0.066544,2.983456,2.996620,3.050000,3.000000,2,28.661934
24597.061597,2.103935,-0.000703,0.045948,0.001753,0.491511,0.003927,0.000521,0.003327,-0.001746,0.044947,3.055053,3.001746,3.100000,3.000000,2,28.722093
24597.072977,2.108702,-0.000121,0.046179,0.002909,0.485280,0.000528,-0.000029,-0.000917,0.001743,0.074839,3.085161,2.998257,3.160000,3.000000,2,28.774363
24597.092964,2.110617,-0.000033,0.046643,0.002458,0.486856,0.000366,0.000044,0.002065,0.001452,0.078549,3.134785,2.998548,3.213333,3.000000,2,28.816324
24597.112953,2.113474,-0.000011,0.047131,0.001752,0.487256,0.000525,0.000066,0.003196,-0.000544,0.066695,3.186638,3.000544,3.253333,3.000000,2,28.866391
24597.154785,2.116472,-0.000174,0.042644,0.001149,0.486475,-0.002030,0.000067,0.011406,-0.003345,0.069029,3.237638,3.003345,3.306667,3.000000,2,28.917893
24597.160671,2.119390,-0.000240,0.036668,-0.000634,0.485002,0.003371,0.000392,0.004221,-0.010911,0.047252,3.309415,3.010911,3.356667,3.000000,2,28.977698
24597.172959,2.123429,-0.000150,0.032847,-0.003400,0.478462,0.000490,0.000661,0.018112,-0.007792,0.076831,3.339836,3.007792,3.416667,3.000000,2,29.030057
24597.192951,2.125041,-0.000560,0.021099,-0.006894,0.480772,0.000732,0.001579,0.050729,-0.010068,0.079215,3.390785,3.010068,3.470000,3.000000,2,29.072851
24597.212945,2.127687,-0.000740,0.002780,-0.011934,0.481160,0.000676,0.002922,0.094528,-0.011008,0.069595,3.440405,3.011008,3.510000,3.000000,2,29.121990
24597.256602,2.130221,-0.000501,-0.005762,-0.018294,0.481142,-0.001574,0.000067,0.155387,-0.016591,0.070830,3.489170,3.016591,3.560000,3.000000,2,29.171074
24597.262531,2.132467,-0.003879,-0.101179,-0.028694,0.480518,0.002746,0.001734,-0.072460,-0.023347,0.048170,3.561830,3.023347,3.610000,3.000000,2,29.229761
24597.272972,2.135648,-0.004228,-0.243614,-0.045189,0.476007,0.000750,0.002695,0.067775,-0.020655,0.077412,3.592588,3.020655,3.670000,3.000000,2,29.282746
24597.292960,2.136772,-0.005885,-0.332266,-0.061355,0.475974,0.000763,0.001372,0.065548,-0.023238,0.077011,3.642989,3.023238,3.720000,3.000000,2,29.325445
24597.312962,2.137708,-0.011425,-0.624330,-0.078092,0.473047,0.000872,0.001435,0.068130,-0.025032,0.070784,3.692549,3.025032,3.763333,3.000000,2,29.373885
24597.357220,2.137995,-0.013127,-0.918873,-0.097220,0.470656,0.002829,-0.004408,0.315534,-0.027552,0.067400,3.745933,3.027552,3.813333,3.000000,2,29.425159
24597.363125,2.137550,-0.013536,-1.216763,-0.120551,0.468046,-0.000538,0.006827,-0.165919,-0.029398,0.048739,3.814595,3.029398,3.863333,3.000000,2,29.484804
24597.372953,2.135977,-0.008826,-1.520011,-0.151709,0.461823,0.001403,0.004353,0.090321,-0.026295,0.078630,3.844703,3.026295,3.923333,3.000000,2,29.534666
24597.392962,2.134266,-0.009452,-1.665834,-0.181093,0.459074,0.001461,0.001152,0.060449,-0.028149,0.078746,3.894588,3.028149,3.973333,3.000000,2,29.575303
24597.412955,2.127029,-0.016108,-2.122206,-0.204668,0.455579,0.002563,0.003055,0.093228,-0.022640,0.070813,3.943185,3.024346,4.013367,2.999821,2,29.621887
24597.456604,2.119214,-0.013405,-2.484937,-0.225968,0.454026,0.019002,-0.003047,0.453628,-0.013442,0.071036,3.991104,3.018256,4.060013,2.996385,2,29.668100
24597.462146,2.111583,-0.006264,-2.705075,-0.247185,0.451898,-0.006750,0.010667,-0.047493,-0.011909,0.052855,4.057011,3.011463,4.106134,2.988606,2,29.721664
24597.472956,2.100719,0.003478,-2.858787,-0.266952,0.446987,0.003337,0.004464,0.103506,-0.003193,0.074447,4.088043,3.000993,4.157684,2.974485,2,29.770403
24597.492956,2.094747,0.004970,-2.926124,-0.282648,0.443603,0.001590,0.000414,0.010656,-0.005088,0.072437,4.140356,2.990573,4.204386,2.956318,2,29.812187
24597.512957,2.077714,0.001373,-3.211214,-0.292783,0.440786,0.001031,0.000203,0.004678,-0.009888,0.063683,4.189196,2.977751,4.240291,2.938475,2,29.859203
24597.556757,2.059507,0.002983,-3.446405,-0.298011,0.439927,0.023828,-0.005521,0.140141,-0.009855,0.066408,4.230736,2.959482,4.280212,2.914103,2,29.904416
24597.562594,2.040367,0.007171,-3.620743,-0.296425,0.439309,-0.020950,0.005369,-0.108420,-0.019978,0.051840,4.290343,2.934472,4.317681,2.886107,2,29.954560
24597.572958,2.013720,0.013934,-3.769018,-0.290999,0.437292,-0.001525,0.000234,-0.007035,-0.017478,0.074421,4.314686,2.917486,4.354733,2.852370,2,29.997399
24597.592957,2.002213,0.016342,-3.808352,-0.285195,0.442251,-0.001192,-0.000383,-0.009937,-0.017644,0.077299,4.348014,2.890917,4.383975,2.820255,2,30.031384
24597.612956,1.982560,0.019248,-3.848332,-0.274064,0.446885,-0.001841,-0.000904,-0.026506,-0.032134,0.067060,4.391088,2.867034,4.404508,2.793893,2,30.071445
24597.656761,1.963650,0.020621,-3.867207,-0.263691,0.453322,0.016027,0.000925,-0.071928,-0.029156,0.066411,4.417036,2.832412,4.426756,2.760537,2,30.112089
24597.662654,1.946027,0.021211,-3.854794,-0.248972,0.458868,-0.017415,-0.002077,0.033070,-0.042005,0.050904,4.460791,2.789882,4.446259,2.725505,2,30.158271
24597.672969,1.924628,0.019771,-3.797819,-0.230431,0.460791,-0.001521,-0.001200,-0.022114,-0.043753,0.074863,4.478730,2.768496,4.465379,2.682819,2,30.196364
24597.692955,1.917405,0.019219,-3.752548,-0.218122,0.468711,-0.000855,-0.000635,-0.023198,-0.031479,0.071354,4.486477,2.725615,4.477551,2.648138,2,30.228612
24597.712964,1.907367,0.018721,-3.617260,-0.201384,0.473147,-0.000551,-0.000641,-0.029009,-0.036851,0.066217,4.506876,2.688866,4.486379,2.615910,2,30.267905
24597.756569,1.899765,0.016901,-3.452111,-0.186815,0.479083,0.004989,0.006711,-0.195803,-0.038690,0.065225,4.522348,2.646947,4.494103,2.576566,2,30.306639
24597.763480,1.894209,0.013943,-3.265692,-0.174509,0.483552,-0.006020,-0.008647,0.135550,-0.039266,0.038021,4.535016,2.577533,4.498649,2.536730,2,30.358505
24597.772955,1.887047,0.004869,-3.044994,-0.155307,0.478985,-0.000508,-0.001913,-0.062833,-0.038584,0.076187,4.538584,2.562854,4.500000,2.486667,2,30.402639
24597.792958,1.886041,0.003972,-2.978722,-0.138327,0.485768,-0.001587,-0.003500,-0.104404,-0.056084,0.081556,4.556084,2.524889,4.500000,2.443333,2,30.432327
24597.812962,1.885108,0.003334,-2.754287,-0.125628,0.492558,-0.001248,-0.001691,-0.079179,-0.065453,0.067416,4.565453,2.480749,4.500000,2.413333,2,30.471991
24597.856673,1.885826,0.003646,-2.506101,-0.114823,0.496742,-0.004309,0.002890,-0.269380,-0.064051,0.066291,4.564051,2.439624,4.500000,2.373333,2,30.514520
24597.862802,1.887516,0.001322,-2.279643,-0.100955,0.500658,0.001542,-0.007644,0.047710,-0.069552,0.052294,4.569552,2.382294,4.500000,2.330000,2,30.563211
24597.872971,1.890324,-0.004765,-2.121553,-0.082178,0.499454,-0.000568,-0.004070,-0.093180,-0.073145,0.078333,4.573145,2.358333,4.500000,2.280000,2,30.605303
24597.892934,1.892412,-0.003001,-2.004017,-0.066498,0.505552,-0.001012,-0.003999,-0.124863,-0.074052,0.077499,4.574052,2.317499,4.500000,2.240000,2,30.639072
24597.912930,1.897216,0.001738,-1.690231,-0.054061,0.509655,-0.001476,-0.006308,-0.191994,-0.073743,0.066928,4.573743,2.273595,4.500000,2.206667,2,30.680529
24597.954730,1.901906,0.000279,-1.484773,-0.042799,0.512220,-0.007890,0.000084,-0.356421,-0.074112,0.067826,4.574112,2.231159,4.500000,2.163333,2,30.723874
24597.962096,1.907378,0.003525,-1.233148,-0.034709,0.513386,0.006381,-0.002755,0.189743,-0.062390,0.049671,4.562390,2.169671,4.500000,2.120000,2,30.775042
24597.972967,1.916226,0.003365,-0.895993,-0.024123,0.508247,0.000298,-0.003455,-0.077920,-0.065254,0.074288,4.565254,2.144288,4.500000,2.070000,2,30.819462
24597.992953,1.919983,0.001978,-0.815792,-0.016923,0.510522,-0.000307,-0.006853,-0.211767,-0.064031,0.074557,4.564031,2.101224,4.500000,2.026667,2,30.855250
24598.012957,1.926157,-0.001081,-0.755434,-0.009584,0.512093,-0.000338,-0.008768,-0.271366,-0.057377,0.066746,4.557377,2.056746,4.500000,1.990000,2,30.898256
24598.055770,1.932369,-0.002775,-0.729932,0.000255,0.512545,-0.007495,-0.010478,-0.572996,-0.056121,0.063798,4.556121,2.010465,4.500000,1.946667,2,30.943463
24598.061801,1.938607,-0.003641,-0.722423,0.010054,0.511599,0.006561,-0.007279,-0.153542,-0.050161,0.048282,4.550161,1.948282,4.500000,1.900000,2,30.996584
24598.072967,1.947051,-0.004009,-0.721178,0.021974,0.505658,0.000469,-0.009774,-0.257023,-0.057246,0.074789,4.557246,1.921456,4.500000,1.846667,2,31.042559
24598.092962,1.950578,-0.000638,-0.650834,0.025614,0.507778,0.000104,-0.000911,-0.028105,-0.051339,0.073120,4.551339,1.876453,4.500000,1.803333,2,31.080759
24598.112959,1.956180,0.013484,-0.148882,0.021107,0.510415,-0.000079,0.000227,0.006600,-0.048374,0.068618,4.548374,1.831951,4.500000,1.763333,2,31.124999
24598.154206,1.961986,0.012385,0.130713,0.016406,0.513071,-0.006650,0.004601,0.006174,-0.047384,0.067810,4.547384,1.787810,4.500000,1.720000,2,31.169755
24598.159796,1.967803,0.008573,0.269686,0.012022,0.515265,0.006584,-0.001695,0.081909,-0.037749,0.046430,4.537749,1.719764,4.500000,1.673333,2,31.224654
24598.172951,1.976129,0.004651,0.347745,0.009092,0.510233,-0.000118,0.000928,0.024897,-0.041102,0.073298,4.541102,1.693298,4.500000,1.620000,2,31.273037
24598.192955,1.979822,0.001587,0.310603,0.005382,0.512449,0.000303,0.001762,0.055266,-0.046588,0.076342,4.546588,1.649676,4.500000,1.573333,2,31.310974
24598.212956,1.985964,-0.000143,0.260019,-0.000059,0.513977,0.000408,0.000614,0.034398,-0.044591,0.068634,4.544591,1.601968,4.500000,1.533333,2,31.355970
24598.254274,1.992202,-0.002739,0.165437,-0.004282,0.513916,-0.005621,-0.000006,0.101880,-0.048815,0.064631,4.548815,1.554631,4.500000,1.490000,2,31.402981
24598.260016,1.998337,-0.003121,0.077795,-0.013350,0.514026,0.006794,0.002868,-0.001090,-0.040396,0.045509,4.540396,1.488842,4.500000,1.443333,2,31.458665
24598.272958,2.006738,-0.001726,0.023211,-0.023399,0.509232,0.000062,0.002368,0.068461,-0.044253,0.077207,4.544253,1.463874,4.500000,1.386667,2,31.505907
24598.292940,2.010059,-0.003984,-0.055358,-0.034471,0.512643,0.000732,0.005328,0.166234,-0.042122,0.077897,4.542122,1.417897,4.500000,1.340000,2,31.543293
24598.312954,2.015760,-0.004424,-0.153806,-0.046072,0.514411,0.000505,0.001675,0.093172,-0.042162,0.072056,4.542162,1.372056,4.500000,1.300000,2,31.588509
24598.352944,2.020939,-0.009912,-0.372056,-0.056904,0.514593,-0.003885,-0.000057,0.248461,-0.041272,0.069036,4.541272,1.325703,4.500000,1.256667,2,31.634656
24598.358492,2.025960,-0.010814,-0.592145,-0.069338,0.515119,0.005019,0.005358,-0.029104,-0.037462,0.059459,4.537462,1.269459,4.500000,1.210000,2,31.685037
24598.372951,2.032025,-0.007536,-0.719896,-0.088898,0.513711,0.001255,0.003758,0.120716,-0.041654,0.073919,4.541654,1.233919,4.500000,1.160000,2,31.731712
24598.392958,2.035148,-0.011163,-0.887514,-0.110577,0.515335,0.001527,0.004650,0.143442,-0.043892,0.073437,4.543892,1.186770,4.500000,1.113333,2,31.773321
24598.412982,2.038188,-0.014832,-1.199397,-0.133842,0.517479,0.003086,0.009547,0.296494,-0.040920,0.069262,4.540920,1.139262,4.500000,1.070000,2,31.819058
24598.452983,2.041469,-0.011909,-1.374715,-0.163114,0.518331,0.006732,0.012018,0.805653,-0.037979,0.065362,4.537979,1.092029,4.500000,1.026667,2,31.865876
24598.458574,2.044652,-0.008270,-1.466887,-0.203114,0.508331,0.005981,0.011040,0.155119,-0.030500,0.054548,4.532258,1.033280,4.499600,0.979995,2,31.917089
24598.472951,2.048594,-0.004756,-1.508843,-0.243114,0.498331,0.005373,0.008156,0.255993,-0.021031,0.076931,4.526680,0.999922,4.494626,0.926893,2,31.961757
24598.492955,2.045901,-0.014784,-1.782081,-0.267493,0.488331,0.003102,0.001418,0.038220,-0.016106,0.075913,4.519668,0.954459,4.486437,0.884332,2,32.000365
24598.512948,2.035924,-0.027729,-2.447315,-0.263211,0.487060,0.002774,0.001532,0.042155,-0.012540,0.069990,4.509144,0.908520,4.475631,0.845809,2,32.044652
24598.553600,2.027072,-0.025485,-2.928287,-0.265711,0.488118,0.014958,-0.007101,0.286039,-0.009235,0.068545,4.495702,0.864728,4.460491,0.805197,2,32.089176
24598.559296,2.018505,-0.017498,-3.237726,-0.264060,0.488697,-0.007126,0.008986,-0.131917,-0.008973,0.054847,4.475484,0.810324,4.441891,0.766050,2,32.138832
24598.572950,2.008084,-0.006642,-3.447863,-0.259611,0.487795,-0.000205,0.001431,0.007222,-0.002724,0.070829,4.457808,0.780547,4.416313,0.723082,2,32.185080
24598.592962,1.999855,-0.000960,-3.536988,-0.256514,0.491381,-0.000116,-0.000212,-0.007817,0.002571,0.070225,4.430855,0.741677,4.388678,0.685469,2,32.226673
24598.612950,1.988172,0.004192,-3.627500,-0.252351,0.491465,-0.000521,-0.000532,-0.017558,-0.000586,0.067598,4.407315,0.701251,4.359979,0.652991,2,32.271502
24598.654359,1.976314,0.008397,-3.678125,-0.249961,0.494575,0.010928,-0.002199,-0.033414,0.000943,0.064942,4.376905,0.666507,4.328575,0.623120,2,32.315889
24598.660378,1.964313,0.011199,-3.702249,-0.250471,0.498323,-0.013454,0.000689,-0.012936,-0.003906,0.044576,4.333014,0.619198,4.294701,0.596080,2,32.368471
24598.672926,1.947592,0.012754,-3.712197,-0.254613,0.497274,0.000306,0.000144,0.002652,-0.006743,0.078528,4.321379,0.600412,4.250000,0.566987,2,32.410490
24598.692956,1.940900,0.013091,-3.701453,-0.256246,0.502214,0.000635,0.000554,0.014362,-0.005764,0.076281,4.283116,0.574018,4.211561,0.546964,2,32.443412
24598.712951,1.930634,0.012665,-3.677695,-0.260866,0.505763,0.000399,0.000382,0.013451,-0.012081,0.070583,4.251067,0.548144,4.180895,0.533870,2,32.483484
24598.754658,1.920160,0.010510,-3.669253,-0.263668,0.509244,0.011246,0.002838,0.022400,-0.014707,0.071395,4.215665,0.527232,4.143047,0.520899,2,32.521520
24598.760524,1.909846,0.007774,-3.677515,-0.268581,0.512836,-0.010258,-0.002089,-0.003252,-0.026186,0.047483,4.159545,0.496342,4.107541,0.511702,2,32.568354
24598.772953,1.896482,0.004696,-3.688761,-0.279745,0.514360,0.000438,0.000583,0.015061,-0.022811,0.079924,4.143665,0.491002,4.061541,0.503802,2,32.606647
24598.792954,1.890092,0.002898,-3.705105,-0.280891,0.517460,0.001241,0.000979,0.025917,-0.025228,0.078467,4.101158,0.478667,4.021671,0.500470,2,32.635450
24598.812951,1.880772,0.000790,-3.729433,-0.286015,0.520752,0.001317,0.000738,0.023024,-0.028432,0.060196,4.054906,0.470992,3.994998,0.500025,2,32.675078
24598.854795,1.871577,-0.001378,-3.762580,-0.294739,0.523250,0.011852,0.001687,0.066586,-0.032387,0.064731,4.016595,0.463949,3.955038,0.502026,2,32.714153
24598.860765,1.861220,-0.003846,-3.819540,-0.299187,0.524392,-0.010169,-0.000956,-0.048962,-0.044103,0.044464,3.951723,0.456222,3.915366,0.507215,2,32.759135
24598.872995,1.847785,-0.005498,-3.888479,-0.299679,0.521581,0.000214,0.000123,0.003409,-0.040452,0.067929,3.928435,0.460017,3.873008,0.516396,2,32.798220
24598.892958,1.841464,-0.006090,-3.915132,-0.296665,0.519356,0.000484,0.000142,0.003273,-0.043335,0.071501,3.887909,0.463566,3.834748,0.528098,2,32.827724
24598.912961,1.831663,-0.006609,-3.946557,-0.292437,0.517249,0.000415,-0.000096,-0.004267,-0.050407,0.060426,3.842980,0.469016,3.806734,0.538862,2,32.864691
24598.955665,1.822280,-0.007105,-3.968309,-0.290162,0.515057,0.010558,0.000775,-0.007853,-0.055365,0.059841,3.801711,0.477801,3.773451,0.554270,2,32.902576
24598.961619,1.812868,-0.007855,-3.984086,-0.288528,0.513537,-0.009907,-0.001282,-0.013999,-0.063995,0.042929,3.745027,0.495102,3.741386,0.572076,2,32.946257
24598.972960,1.800214,-0.009203,-3.997446,-0.286413,0.508051,-0.000147,-0.000283,-0.006937,-0.063503,0.066917,3.721928,0.505339,3.705299,0.596080,2,32.982082
24598.992959,1.794994,-0.009732,-3.997210,-0.288976,0.508637,0.000225,0.000092,0.002568,-0.066594,0.067944,3.685198,0.524033,3.676482,0.618770,2,33.010498
24599.012959,1.786250,-0.010722,-3.987185,-0.291828,0.509578,0.000456,0.000299,0.007608,-0.069787,0.063911,3.652089,0.544260,3.654193,0.638866,2,33.044818
24599.055763,1.777772,-0.012273,-3.980077,-0.293078,0.511878,0.009800,0.002558,0.016025,-0.075194,0.062294,3.617404,0.566008,3.630892,0.662717,2,33.078101
24599.061798,1.769551,-0.014110,-3.976930,-0.294029,0.514661,-0.008585,-0.001855,0.004593,-0.079094,0.048188,3.577481,0.601064,3.609233,0.688069,2,33.117244
24599.072959,1.758439,-0.016703,-3.975305,-0.291193,0.513268,-0.000233,-0.000028,0.000069,-0.078222,0.067189,3.558288,0.620862,3.585543,0.720311,2,33.152228
24599.092957,1.753922,-0.017870,-3.978646,-0.283580,0.516629,-0.000840,-0.000711,-0.019670,-0.078268,0.066324,3.533526,0.651870,3.567823,0.748557,2,33.181456
24599.112963,1.746613,-0.019690,-3.985858,-0.271227,0.520127,-0.001397,-0.000926,-0.030428,-0.074663,0.067064,3.517033,0.681445,3.553517,0.774938,2,33.212479
24599.156557,1.740492,-0.020132,-3.967285,-0.255793,0.525035,0.002524,0.000497,-0.108517,-0.071219,0.065464,3.501321,0.713826,3.540819,0.802130,2,33.242807
24599.162895,1.736882,-0.019066,-3.894362,-0.238826,0.530541,-0.003662,-0.002086,0.053116,-0.071956,0.047921,3.478393,0.760508,3.529775,0.830035,2,33.281606
24599.172962,1.733046,-0.019845,-3.789624,-0.218131,0.530825,-0.001268,-0.002324,-0.048220,-0.071713,0.067896,3.466415,0.783775,3.517691,0.868176,2,33.315996
24599.192959,1.732597,-0.019193,-3.722438,-0.199375,0.536762,-0.002273,-0.003554,-0.100127,-0.065740,0.069410,3.459345,0.819523,3.509977,0.900616,2,33.344226
24599.212959,1.733749,-0.016826,-3.533589,-0.179919,0.542000,-0.004004,-0.007194,-0.204847,-0.064601,0.065279,3.450043,0.856535,3.504897,0.930193,2,33.378066
24599.256487,1.734858,-0.018425,-3.401541,-0.157771,0.547312,-0.012986,-0.008992,-0.630943,-0.058925,0.063369,3.447224,0.895830,3.501345,0.963348,2,33.413769
24599.262214,1.736258,-0.020994,-3.313291,-0.128549,0.552777,-0.001757,-0.011991,-0.159493,-0.059165,0.047900,3.440835,0.952100,3.500000,1.000000,2,33.459081
24599.272954,1.737614,-0.024847,-3.267414,-0.093336,0.553120,-0.005302,-0.018805,-0.452362,-0.059185,0.070395,3.440815,0.972938,3.500000,1.043333,2,33.498519
24599.292930,1.738982,-0.023095,-3.203910,-0.060549,0.558319,-0.004361,-0.007809,-0.373750,-0.058004,0.072245,3.441996,1.011088,3.500000,1.083333,2,33.529525
24599.312929,1.746987,0.003322,-2.491465,-0.037440,0.554971,-0.000302,-0.002643,-0.104040,-0.052926,0.063102,3.447074,1.050231,3.500000,1.113333,2,33.567683
24599.377656,1.757820,0.015318,-1.629968,-0.022023,0.550249,-0.017731,0.009444,-0.322356,-0.044887,0.038080,3.455113,1.115253,3.500000,1.153333,2,33.618669
24599.387256,1.774325,0.010884,-0.752352,-0.005811,0.543493,0.016259,-0.010320,0.127241,-0.041143,0.004755,3.458857,1.198578,3.500000,1.203333,2,33.690532
24599.407298,1.795530,0.000540,-0.416908,0.023143,0.535181,0.000612,-0.002788,-0.131263,-0.035732,0.036168,3.464268,1.240499,3.500000,1.276667,2,33.755682
24599.454375,1.805460,0.007606,-0.142665,0.052768,0.531183,-0.010817,0.000329,-0.430528,-0.032035,0.056928,3.467965,1.283072,3.500000,1.340000,2,33.801995
24599.459699,1.814367,0.015500,0.262240,0.081400,0.526040,0.013973,-0.005413,0.281996,-0.018917,0.026270,3.481083,1.360397,3.500000,1.386667,2,33.860366
24599.467314,1.830049,0.014346,0.715661,0.121400,0.516433,0.000196,-0.006938,-0.191096,-0.018542,0.078954,3.481458,1.367713,3.500000,1.446667,2,33.905562
24599.487301,1.831500,0.015556,0.774931,0.158954,0.513422,0.002173,-0.002875,-0.123646,-0.023246,0.078209,3.476754,1.411791,3.500000,1.490000,2,33.934965
24599.507316,1.834324,0.032009,1.408643,0.185810,0.506634,0.001661,-0.001529,-0.062554,-0.019558,0.063650,3.482608,1.455664,3.499598,1.520047,2,33.977585
24599.554731,1.835255,0.038525,2.005720,0.208110,0.503177,0.002877,0.005386,-0.438265,-0.019651,0.060152,3.484099,1.501174,3.495973,1.563330,2,34.022567
24599.560240,1.834873,0.039320,2.481697,0.226476,0.501535,-0.000139,-0.007096,0.325423,-0.018044,0.037183,3.478865,1.565968,3.488606,1.606134,2,34.077692
24599.567315,1.833789,0.032810,2.938149,0.235492,0.496541,0.001374,-0.001786,-0.027030,-0.026836,0.066517,3.469409,1.589238,3.473420,1.660852,2,34.126251
24599.587302,1.833653,0.031116,3.010213,0.245536,0.499925,0.002018,-0.001178,-0.038322,-0.022816,0.068585,3.463531,1.632466,3.456318,1.704386,2,34.163662
24599.607306,1.830744,0.029947,3.220305,0.248373,0.501950,0.000753,-0.000170,-0.003833,-0.023119,0.062810,3.448386,1.674099,3.438475,1.740291,2,34.206952
24599.654446,1.826575,0.028050,3.396399,0.246957,0.504172,0.006580,0.004131,-0.071333,-0.023697,0.060240,3.429678,1.714173,3.415967,1.777438,2,34.252322
24599.660318,1.822279,0.024898,3.510105,0.243657,0.506813,-0.006103,-0.003453,0.072940,-0.014701,0.039059,3.403255,1.772812,3.390320,1.812491,2,34.305637
24599.667321,1.814980,0.020243,3.601091,0.236126,0.505358,-0.000300,0.000556,0.017098,-0.019054,0.067867,3.389043,1.790792,3.354733,1.852370,2,34.350621
24599.687319,1.813447,0.019232,3.610805,0.229950,0.510969,-0.000957,0.001650,0.048882,-0.017451,0.070520,3.363233,1.825405,3.320255,1.883975,2,34.385747
24599.707315,1.809739,0.016881,3.605565,0.221936,0.515821,-0.001140,0.001475,0.054713,-0.014885,0.061597,3.334976,1.856261,3.293893,1.904508,2,34.427493
24599.755652,1.806797,0.014559,3.567036,0.210506,0.519643,0.000817,0.000379,0.178743,-0.012609,0.062871,3.305059,1.885281,3.257678,1.928488,2,34.469512
24599.761414,1.805575,0.012502,3.478471,0.195547,0.523435,-0.002771,0.003693,-0.030503,-0.008866,0.026974,3.242727,1.927813,3.222517,1.947757,2,34.525893
24599.768032,1.803131,0.014268,3.386433,0.163760,0.517506,-0.001586,0.004948,0.115909,-0.014128,0.075294,3.236291,1.931169,3.170312,1.970100,2,34.570840
24599.787316,1.802888,0.014190,3.372094,0.141172,0.525076,-0.002853,0.005636,0.215692,-0.015158,0.079137,3.198428,1.949401,3.125639,1.983957,2,34.599409
24599.807310,1.805463,0.005735,3.108300,0.118288,0.529134,-0.000442,0.002291,0.094688,-0.012835,0.064746,3.160486,1.964507,3.099593,1.989981,2,34.639213
24599.856418,1.811610,-0.002829,2.644345,0.100353,0.531241,-0.009928,-0.004676,0.484422,-0.011253,0.063027,3.121234,1.977649,3.060013,1.996385,2,34.680564
24599.862410,1.818176,-0.001870,2.269472,0.083469,0.533217,0.008231,0.012709,-0.120285,-0.004041,0.032280,3.048835,1.994604,3.016707,1.999721,2,34.736311
24599.867928,1.828824,0.008287,1.982293,0.063259,0.527786,-0.000156,0.006949,0.131090,-0.003113,0.071046,3.034379,1.996887,2.963333,2.000000,2,34.782648
24599.887314,1.831095,0.009895,1.956063,0.047986,0.532019,-0.002268,0.005478,0.240714,0.003379,0.084606,3.001272,2.003379,2.916667,2.000000,2,34.809800
24599.907315,1.837514,0.000158,1.630010,0.041396,0.534207,0.000290,0.000650,0.029059,0.009311,0.073216,2.959883,2.009311,2.886667,2.000000,2,34.845859
24599.956932,1.846573,-0.006172,1.172059,0.040885,0.533450,-0.011814,-0.005217,0.167695,0.013125,0.064712,2.918045,2.013125,2.853333,2.000000,2,34.887363
24599.962865,1.855422,-0.003841,0.901572,0.042412,0.529309,0.012727,0.004604,-0.136454,0.019070,0.030848,2.840848,2.019070,2.810000,2.000000,2,34.945228
24599.968225,1.870532,0.002113,0.718970,0.055722,0.519309,0.001399,-0.001375,-0.038987,0.019630,0.072520,2.825853,2.019630,2.753333,2.000000,2,34.993890
24599.987313,1.873753,0.003054,0.707279,0.066309,0.510758,-0.000203,-0.002684,-0.086675,0.022195,0.087821,2.791154,2.022195,2.703333,2.000000,2,35.022013
24600.007294,1.879180,0.007969,0.794533,0.081363,0.501429,0.001236,-0.002050,-0.091424,0.023961,0.071313,2.747980,2.023961,2.676667,2.000000,2,35.059236
24600.053200,1.885137,0.013172,0.964484,0.097959,0.491429,-0.003932,0.000814,-0.266703,0.025592,0.063914,2.703914,2.025592,2.640000,2.000000,2,35.101706
24600.059156,1.889518,0.017779,1.218199,0.115398,0.481429,0.005836,-0.003761,0.159122,0.022815,0.037809,2.634476,2.022815,2.596667,2.000000,2,35.156078
24600.067317,1.895858,0.016522,1.490963,0.140132,0.471429,0.001589,-0.004416,-0.104670,0.025465,0.072070,2.615403,2.025465,2.543333,2.000000,2,35.201618
24600.087313,1.897172,0.016684,1.548809,0.164341,0.463079,0.002044,-0.002117,-0.094559,0.022475,0.074973,2.571479,2.022964,2.496658,1.999989,2,35.234467
24600.107317,1.896398,0.025275,1.915463,0.182962,0.454167,0.002363,-0.003076,-0.089877,0.014944,0.065044,2.527040,2.018330,2.463270,1.998649,2,35.276400
24600.156661,1.894575,0.026914,2.248572,0.199664,0.446934,0.011601,-0.000539,-0.466423,0.008349,0.064906,2.482871,2.012189,2.420133,1.993580,2,35.319958
24600.162145,1.893171,0.023709,2.446371,0.216937,0.440589,0.000878,-0.009184,0.031039,0.003612,0.028494,2.404341,1.995264,2.377598,1.984786,2,35.379403
24600.167441,1.891835,0.016826,2.585776,0.233714,0.430589,0.002358,-0.003761,-0.085172,-0.002550,0.077870,2.397172,1.992896,2.323419,1.967781,2,35.425704
24600.187315,1.891383,0.016525,2.596882,0.245972,0.428568,0.004189,-0.002745,-0.101129,-0.007401,0.079861,2.355482,1.977646,2.280481,1.949234,2,35.454685
24600.207309,1.884274,0.023408,2.856632,0.246390,0.425353,0.001792,-0.000753,-0.023251,-0.009393,0.065410,2.315428,1.959246,2.253869,1.935224,2,35.497384
24600.257700,1.875221,0.025855,3.128657,0.239414,0.424325,0.014845,0.005107,-0.137199,-0.012426,0.063829,2.276682,1.938100,2.217026,1.912221,2,35.541666
24600.264291,1.865931,0.024012,3.325795,0.226306,0.424646,-0.015231,-0.004742,0.147486,-0.015192,0.021699,2.208727,1.888163,2.182319,1.886107,2,35.603219
24600.271368,1.848033,0.017243,3.498026,0.196263,0.419018,0.000103,0.003534,0.064569,-0.021735,0.075512,2.203563,1.882837,2.135974,1.842761,2,35.653726
24600.287304,1.846274,0.016420,3.499670,0.171955,0.426375,-0.002157,0.005026,0.147579,-0.026424,0.089417,2.178921,1.859413,2.103493,1.804602,2,35.680667
24600.307302,1.841811,0.009670,3.392811,0.147006,0.431555,-0.001587,0.003107,0.139770,-0.027771,0.073685,2.152377,1.828005,2.087779,1.782974,2,35.717467
24600.353983,1.839001,-0.000191,3.091199,0.121521,0.432632,0.001042,-0.005637,0.469270,-0.031928,0.067892,2.129892,1.794484,2.068106,1.751927,2,35.760385
24600.359806,1.838987,-0.006563,2.664200,0.094500,0.432015,-0.000043,0.011240,-0.321786,-0.037212,0.036304,2.097022,1.730434,2.047871,1.713494,2,35.817358
24600.367316,1.839337,0.001185,2.153226,0.054500,0.427095,-0.000890,0.007371,0.216648,-0.043932,0.081202,2.094299,1.723604,2.026580,1.660852,2,35.862664
24600.387313,1.839490,0.000924,2.091892,0.019603,0.432374,-0.000293,0.003202,0.159714,-0.044365,0.080028,2.076565,1.686308,2.014406,1.619159,2,35.892624
24600.407314,1.842206,-0.015310,1.367564,-0.002859,0.429831,0.000578,0.001854,0.085223,-0.043208,0.066820,2.062620,1.647727,2.008121,1.589748,2,35.932352
24600.455037,1.845363,-0.019298,0.711759,-0.024845,0.428946,-0.003060,-0.006369,0.446732,-0.042011,0.063807,2.050698,1.609329,2.002511,1.550048,2,35.973137
24600.461333,1.848470,-0.018905,0.194653,-0.050659,0.430091,0.004442,0.010570,-0.264805,-0.025541,0.032366,2.026016,1.538706,2.000045,1.506684,2,36.027412
24600.467307,1.853463,-0.011047,-0.278179,-0.081433,0.425506,0.000489,0.005812,0.146483,-0.018496,0.080439,2.023744,1.531637,1.997812,1.453279,2,36.070141
24600.487314,1.853962,-0.010941,-0.314837,-0.108794,0.429976,0.001883,0.006639,0.287220,-0.003733,0.083858,2.010604,1.492078,1.991879,1.410252,2,36.097692
24600.507313,1.854785,-0.020995,-0.710691,-0.133959,0.433225,0.001107,0.002284,0.088896,0.005622,0.070250,1.997196,1.453730,1.986379,1.384090,2,36.136762
24600.556091,1.853819,-0.030417,-1.298262,-0.152698,0.436509,0.002733,-0.004576,0.447247,0.013855,0.069243,1.983749,1.415627,1.975528,1.345492,2,36.177989
24600.561743,1.852241,-0.032757,-1.777162,-0.170596,0.442080,-0.001294,0.007312,-0.331269,0.020860,0.035904,1.956156,1.349050,1.961619,1.307887,2,36.233784
24600.567336,1.850032,-0.026810,-2.252936,-0.185641,0.440653,0.000892,0.002149,0.062989,0.027582,0.082597,1.952938,1.342367,1.936859,1.256784,2,36.277928
24600.587317,1.849724,-0.026133,-2.283030,-0.197656,0.447414,0.001897,0.002900,0.116919,0.034334,0.082740,1.932037,1.307555,1.914103,1.219788,2,36.306696
24600.607294,1.846935,-0.027492,-2.494197,-0.205667,0.453274,0.000300,0.000503,0.019516,0.035631,0.070488,1.911193,1.273003,1.896507,1.195398,2,36.347351
24600.662354,1.842491,-0.029369,-2.756827,-0.210614,0.459222,0.007443,-0.004379,0.199084,0.036610,0.068554,1.889659,1.240009,1.870826,1.164608,2,36.389234
24600.668823,1.838245,-0.027650,-2.939152,-0.213946,0.465117,-0.007690,0.005802,-0.114668,0.031602,0.019042,1.834960,1.172035,1.842761,1.135974,2,36.450582
24600.688854,1.829161,-0.021529,-3.108339,-0.214895,0.462754,0.000545,0.001236,0.033946,0.031627,0.037448,1.805599,1.143090,1.793893,1.095492,2,36.515625
24600.708839,1.825147,-0.020044,-3.140921,-0.214115,0.465997,0.000215,0.000562,0.021025,0.032044,0.057474,1.775293,1.117246,1.740291,1.061525,2,36.561755
24600.760508,1.821071,-0.019617,-3.165922,-0.209987,0.470965,0.005355,-0.000531,-0.001033,0.030098,0.060780,1.742130,1.092722,1.698267,1.040990,2,36.604335
24600.766263,1.817373,-0.019415,-3.191537,-0.202872,0.476664,-0.005028,-0.000034,-0.013864,0.019593,0.030612,1.680555,1.053762,1.657684,1.025515,2,36.659481
24600.773070,1.811659,-0.018727,-3.196179,-0.187145,0.474095,-0.001098,-0.002064,-0.044468,0.020725,0.064809,1.665067,1.045404,1.606134,1.011394,2,36.705739
24600.788847,1.810273,-0.018731,-3.195443,-0.175710,0.481978,-0.000870,-0.001306,-0.044879,0.017609,0.082050,1.639356,1.030945,1.560013,1.003615,2,36.731738
24600.808815,1.809823,-0.014451,-3.087736,-0.164218,0.490335,-0.000241,-0.000630,-0.029425,0.011178,0.066468,1.598969,1.016709,1.533396,1.001117,2,36.765667
24600.861103,1.811099,-0.010521,-2.896763,-0.151758,0.495839,-0.003444,0.003427,-0.221411,0.003917,0.058521,1.558521,1.003917,1.500000,1.000000,2,36.807289
24600.866903,1.813427,-0.009046,-2.702908,-0.138217,0.500057,0.003641,-0.004832,0.136862,-0.013931,0.030955,1.487622,0.986069,1.456667,1.000000,2,36.863071
24600.872852,1.818138,-0.012541,-2.484041,-0.117253,0.495783,-0.000947,-0.003993,-0.073868,-0.018541,0.066647,1.466647,0.981459,1.400000,1.000000,2,36.911028
24600.888833,1.818677,-0.013469,-2.457472,-0.106895,0.504064,-0.001106,-0.002941,-0.089746,-0.025868,0.085286,1.438620,0.974132,1.353333,1.000000,2,36.939069
24600.908805,1.822231,-0.008529,-2.254668,-0.100095,0.511585,-0.000708,-0.000942,-0.044843,-0.032510,0.071921,1.398588,0.967490,1.326667,1.000000,2,36.973476
24600.961357,1.827618,-0.005008,-1.987493,-0.098348,0.517622,-0.009712,0.003943,-0.146009,-0.038419,0.064873,1.354873,0.961581,1.290000,1.000000,2,37.014924
24600.967555,1.833717,-0.005711,-1.788033,-0.101342,0.522336,0.010157,-0.003467,0.124268,-0.046466,0.021862,1.271862,0.953534,1.250000,1.000000,2,37.074989
24600.973561,1.845754,-0.010272,-1.629919,-0.111105,0.518588,-0.000421,0.001432,0.025779,-0.047096,0.070435,1.260435,0.952904,1.190000,1.000000,2,37.124182
24600.988846,1.846838,-0.010766,-1.627626,-0.122362,0.523122,0.000854,0.001486,0.052269,-0.048516,0.089232,1.229232,0.951484,1.140000,1.000000,2,37.149943
24601.008828,1.851166,-0.015048,-1.695426,-0.131302,0.526918,0.000456,0.001959,0.058405,-0.050119,0.073701,1.187035,0.949881,1.113333,1.000000,2,37.185106
24601.056437,1.855970,-0.018034,-1.825908,-0.142439,0.529835,-0.005332,-0.000807,0.206438,-0.049801,0.062953,1.142953,0.950199,1.080000,1.000000,2,37.226579
24601.061991,1.860260,-0.020805,-1.984974,-0.156309,0.532603,0.005614,0.002592,-0.125595,-0.047767,0.034265,1.070931,0.952233,1.036667,1.000000,2,37.281533
24601.068872,1.866663,-0.019899,-2.185001,-0.181538,0.529536,0.001493,0.003888,0.079433,-0.044419,0.074268,1.056035,0.953403,0.983293,1.000279,2,37.324562
24601.088831,1.868297,-0.019165,-2.214023,-0.201425,0.532211,0.004739,0.010381,0.299791,-0.036988,0.077898,1.012882,0.957544,0.939987,1.003615,2,37.353529
24601.108836,1.872048,-0.017411,-2.271415,-0.225860,0.533463,0.003559,0.004472,0.182321,-0.035781,0.062761,0.965571,0.961656,0.910252,1.008121,2,37.393910
24601.156331,1.872264,-0.024826,-2.509881,-0.246223,0.534083,0.005939,-0.002397,0.397491,-0.033803,0.060448,0.920822,0.968652,0.871129,1.016893,2,37.436478
24601.161994,1.868601,-0.031517,-2.906439,-0.259106,0.535083,-0.003774,0.004278,-0.318035,-0.036801,0.034905,0.849970,0.983410,0.829688,1.029900,2,37.489685
24601.168827,1.863343,-0.028114,-3.332818,-0.266189,0.530891,0.000537,0.001252,0.011998,-0.032406,0.073668,0.835859,0.988198,0.783488,1.049309,2,37.531230
24601.188840,1.861915,-0.026228,-3.399288,-0.272587,0.535205,0.000735,0.000384,0.015409,-0.032280,0.078180,0.796008,1.002183,0.745192,1.069799,2,37.558862
24601.208799,1.856528,-0.023597,-3.574777,-0.275178,0.539697,0.000436,0.000126,0.002154,-0.037405,0.061830,0.753246,1.018607,0.722562,1.084033,2,37.597101
24601.269256,1.850871,-0.020246,-3.706647,-0.275472,0.544561,0.011378,-0.004716,0.064262,-0.040845,0.053015,0.706417,1.042689,0.690125,1.107600,2,37.640771
24601.275750,1.843882,-0.015923,-3.804737,-0.269958,0.545608,-0.011788,0.004194,-0.057858,-0.042376,0.006153,0.632670,1.100904,0.657239,1.135974,2,37.706493
24601.295799,1.830326,-0.010449,-3.875029,-0.249891,0.540033,-0.000328,-0.000601,-0.026925,-0.046764,0.034588,0.597265,1.128581,0.611778,1.184907,2,37.770452
24601.315791,1.825967,-0.007364,-3.834107,-0.233851,0.541389,-0.001287,-0.001944,-0.056279,-0.043081,0.060753,0.570379,1.162283,0.574995,1.236617,2,37.811206
24601.354288,1.822147,-0.005946,-3.768387,-0.215615,0.542959,-0.000104,-0.000090,-0.180560,-0.042376,0.062339,0.546052,1.196703,0.555258,1.271517,2,37.849757
24601.361049,1.820334,-0.003351,-3.640561,-0.194862,0.544583,-0.001109,-0.002574,0.077143,-0.050873,0.058198,0.513774,1.234609,0.538381,1.307887,2,37.890997
24601.375810,1.819719,-0.003528,-3.468695,-0.174064,0.545453,-0.001282,-0.002829,-0.110050,-0.046015,0.074945,0.503868,1.259996,0.524472,1.345492,2,37.925967
24601.395764,1.820783,-0.002018,-3.338628,-0.154261,0.549463,0.000261,-0.001576,-0.007812,-0.046875,0.063867,0.485400,1.304199,0.515214,1.377598,2,37.960749
24601.415794,1.825798,0.001885,-2.959738,-0.135156,0.547223,-0.000039,-0.001026,-0.051251,-0.042698,0.062041,0.476205,1.345052,0.507532,1.413542,2,38.002617
24601.455525,1.831369,0.002066,-2.639861,-0.115016,0.544442,-0.006341,0.003934,-0.268748,-0.035048,0.061023,0.472995,1.389248,0.502188,1.453279,2,38.044012
24601.461496,1.837810,0.001697,-2.317180,-0.094007,0.540739,0.005579,-0.006504,0.128157,-0.030103,0.054815,0.470276,1.441643,0.500011,1.496658,2,38.090585
24601.475790,1.845677,-0.002932,-2.048036,-0.070171,0.536115,0.000086,-0.003491,-0.099947,-0.033759,0.065117,0.466241,1.478216,0.500000,1.543333,2,38.135339
24601.495791,1.851683,0.000161,-1.803091,-0.052115,0.537129,-0.000067,-0.001065,-0.053638,-0.030608,0.061286,0.469392,1.525380,0.500000,1.586667,2,38.178453
24601.515816,1.860134,0.005658,-1.377585,-0.036817,0.534971,0.000057,-0.000833,-0.043473,-0.025708,0.059120,0.474292,1.570880,0.500000,1.630000,2,38.225106
24601.557445,1.868618,0.006745,-1.017377,-0.023200,0.533718,-0.008761,0.002996,-0.220026,-0.022465,0.059350,0.477535,1.617317,0.500000,1.676667,2,38.271368
24601.563995,1.877199,0.006548,-0.723545,-0.011116,0.532771,0.007353,-0.004325,0.096730,-0.021838,0.052580,0.478162,1.670753,0.500000,1.723333,2,38.320953
24601.575800,1.887296,0.003416,-0.511669,0.000214,0.529111,0.001920,-0.003200,-0.060304,-0.016459,0.064100,0.483541,1.709234,0.500000,1.773333,2,38.368120
24601.595791,1.893964,0.003457,-0.394854,0.007067,0.529846,0.000148,-0.001825,-0.056112,-0.019154,0.067918,0.480846,1.752082,0.500000,1.820000,2,38.410842
24601.615793,1.902057,0.005672,-0.186729,0.008849,0.530899,0.000173,-0.002278,-0.070221,-0.021139,0.066341,0.478861,1.796992,0.500000,1.863333,2,38.455335
24601.659206,1.910149,0.004140,-0.079276,0.008772,0.531699,-0.010547,0.000748,-0.114612,-0.014787,0.074497,0.485213,1.832170,0.500000,1.906667,2,38.495910
24601.665653,1.916568,0.004018,-0.006956,0.010478,0.534978,0.010268,-0.001235,0.073240,-0.021663,0.042302,0.478337,1.904365,0.500000,1.946667,2,38.547942
24601.675824,1.929414,0.003188,0.104629,0.006963,0.528978,0.001104,0.000275,0.011188,-0.019995,0.064509,0.480005,1.935491,0.500000,2.000000,2,38.600138
24601.695793,1.934334,0.002584,0.122936,0.002907,0.531801,0.000276,0.001501,0.046034,-0.020653,0.072226,0.479347,1.981107,0.500000,2.053333,2,38.640604
24601.715768,1.942177,0.001725,0.136186,-0.003036,0.533199,0.000314,0.000699,0.036343,-0.021754,0.065244,0.478246,2.028090,0.500000,2.093333,2,38.686365
24601.756792,1.950020,-0.001130,0.082566,-0.011744,0.533052,-0.007302,-0.000035,0.106905,-0.023861,0.061751,0.476139,2.074915,0.500000,2.136667,2,38.733410
24601.763162,1.957743,-0.003983,-0.030421,-0.022859,0.532363,0.006821,0.001920,-0.032291,-0.029388,0.056527,0.470612,2.130140,0.500000,2.186667,2,38.784544
24601.775810,1.966821,-0.003967,-0.131597,-0.042080,0.530333,0.001986,0.004177,0.110695,-0.027357,0.065379,0.472643,2.171287,0.500000,2.236667,2,38.833494
24601.795797,1.972828,-0.005682,-0.219399,-0.064397,0.530093,0.000500,0.000874,0.049311,-0.033635,0.071049,0.466365,2.215617,0.500000,2.286667,2,38.877328
24601.815801,1.978793,-0.015070,-0.590982,-0.085392,0.528404,0.000894,0.001134,0.057649,-0.025466,0.064053,0.474534,2.265947,0.500000,2.330000,2,38.924103
24601.860476,1.984313,-0.018731,-0.953376,-0.103900,0.524864,-0.004923,-0.004120,0.367022,-0.022642,0.076141,0.477358,2.300526,0.500000,2.376667,2,38.967047
24601.866725,1.987826,-0.019817,-1.224902,-0.121623,0.524116,0.005907,0.006459,-0.221002,-0.026900,0.044062,0.473100,2.375938,0.500000,2.420000,2,39.020189
24601.875791,1.994436,-0.015312,-1.588815,-0.151104,0.517567,0.001684,0.004838,0.127638,-0.019613,0.076228,0.480387,2.397105,0.500000,2.473333,2,39.068770
24601.895796,1.995913,-0.014826,-1.660365,-0.175409,0.517161,0.004974,0.009651,0.291997,-0.013561,0.076423,0.483788,2.444230,0.500402,2.520047,2,39.104979
24601.915793,1.998570,-0.014181,-1.853404,-0.203300,0.515000,0.008091,0.014030,0.387353,-0.015713,0.053101,0.481592,2.505717,0.503225,2.556694,2,39.155788
24601.960131,2.001737,-0.010717,-1.985297,-0.241653,0.507779,0.020263,0.015614,1.018042,-0.005316,0.067525,0.491866,2.541276,0.511394,2.606134,2,39.203969
24601.966527,2.003605,-0.008207,-2.025285,-0.270364,0.497779,0.008558,0.011469,0.181494,-0.014696,0.046109,0.496246,2.615198,0.524472,2.654508,2,39.256110
24601.975811,2.008041,-0.004553,-2.042295,-0.292503,0.487779,0.006837,0.007983,0.188798,-0.014618,0.068970,0.501173,2.644085,0.542326,2.701331,2,39.304054
24601.995826,2.007716,-0.008193,-2.137230,-0.300000,0.477779,0.002125,0.000277,0.004874,-0.013474,0.072538,0.517340,2.689623,0.564776,2.746131,2,39.342073
24602.015780,1.993866,-0.024210,-2.718442,-0.300000,0.468047,0.002089,0.000329,0.005994,-0.012079,0.064604,0.538137,2.730394,0.584033,2.777438,2,39.386157
24602.058761,1.980677,-0.025515,-3.180506,-0.297343,0.463721,0.021699,-0.009527,0.297773,-0.010418,0.069955,0.557827,2.764393,0.609680,2.812491,2,39.426607
24602.065205,1.970428,-0.021525,-3.450037,-0.290430,0.464114,-0.016267,0.009757,-0.240091,-0.013710,0.041341,0.599813,2.824742,0.638273,2.845186,2,39.478785
24602.075792,1.949594,-0.009477,-3.774136,-0.273081,0.458892,-0.001297,-0.000118,-0.023511,-0.014410,0.061857,0.618295,2.850350,0.674641,2.879660,2,39.529122
24647.117742,0.400000,0.020000,0.000000,-0.003800,0.510000,-0.033187,0.020581,0.014972,-0.008473,0.025067,1.491600,3.008473,1.516667,3.000000,0,0.531476
24647.150128,0.400000,0.020000,0.000000,-0.007053,0.520000,-0.363625,0.038588,1.732328,-0.013152,0.038614,1.491386,3.013152,1.530000,3.000000,0,0.533547
24647.155532,0.070398,0.037459,1.702471,-0.020350,0.530000,0.104773,-0.034307,-1.113373,-0.011382,0.037009,1.496324,3.011382,1.533333,3.000000,0,0.533547
24647.190764,0.181247,-0.000018,-0.000716,-0.022850,0.537507,-0.050390,0.002058,0.054364,-0.010516,0.036215,1.497118,3.010516,1.533333,3.000000,0,0.533547
24647.196967,0.171294,-0.000000,-0.000002,-0.027592,0.547507,0.013677,0.000000,0.000000,-0.010490,0.032747,1.500586,3.010490,1.533333,3.000000,0,0.533547
24647.215545,0.192318,-0.000000,-0.000000,-0.031517,0.557507,-0.017644,0.002678,0.069753,-0.009606,0.031063,1.502270,3.009606,1.533333,3.000000,0,0.533547
24647.235548,0.197048,0.000000,0.000000,-0.035053,0.567507,0.008861,0.000057,0.003582,-0.008800,0.025272,1.508061,3.008800,1.533333,3.000000,0,0.536337
24647.255550,0.230562,-0.003089,-0.079420,-0.037494,0.577507,-0.010556,0.000166,0.004666,-0.008889,0.021731,1.511602,3.008889,1.533333,3.000000,0,0.541470
24647.291429,0.245242,-0.003724,-0.098655,-0.039841,0.587507,-0.013763,0.000233,0.006693,-0.009134,0.021795,1.518205,3.009134,1.540000,3.000000,0,0.548192
24647.298956,0.277688,-0.004455,-0.118419,-0.041676,0.597507,0.029361,-0.000280,-0.008485,-0.009173,0.020141,1.526526,3.009173,1.546667,3.000000,0,0.557333
24647.315547,0.316943,-0.005076,-0.135922,-0.042772,0.607507,-0.000087,0.000155,0.004202,-0.010210,0.024004,1.532663,3.010210,1.556667,3.000000,0,0.566128
24647.335562,0.339010,-0.005628,-0.150881,-0.043990,0.617507,-0.000433,0.000321,0.008412,-0.009903,0.022994,1.540339,3.009903,1.563333,3.000000,0,0.575116
24647.355554,0.365806,-0.006074,-0.163892,-0.044566,0.627507,0.003540,-0.000003,0.000358,-0.009624,0.024271,1.549062,3.009624,1.573333,3.000000,0,0.585304
24647.391559,0.397020,-0.006916,-0.186660,-0.044391,0.637507,-0.023996,0.000370,0.011096,-0.009722,0.025474,1.557860,3.009722,1.583333,3.000000,0,0.596047
24647.397423,0.423618,-0.007377,-0.200933,-0.043954,0.647507,0.015720,-0.000289,-0.008341,-0.010536,0.026223,1.567110,3.010536,1.593333,3.000000,0,0.606690
24647.415561,0.447750,-0.007750,-0.212108,-0.043731,0.657507,0.003672,-0.000095,-0.002795,-0.010124,0.028999,1.577668,3.010124,1.606667,3.000000,0,0.618012
24647.435585,0.477837,-0.008128,-0.223959,-0.042864,0.667507,0.013435,-0.000219,-0.007147,-0.009755,0.024961,1.591706,3.009755,1.616667,3.000000,0,0.632682
24647.455563,0.520871,-0.008569,-0.238839,-0.040637,0.677507,0.003811,-0.000120,-0.004252,-0.009179,0.024750,1.605250,3.009179,1.630000,3.000000,0,0.649016
24647.491025,0.554591,-0.008624,-0.243206,-0.038301,0.687507,-0.019688,0.000094,0.002457,-0.010371,0.027642,1.619025,3.010371,1.646667,3.000000,0,0.664837
24647.496520,0.588575,-0.008551,-0.243702,-0.036212,0.697507,0.028169,-0.000480,-0.013291,-0.010897,0.029324,1.634010,3.010897,1.663333,3.000000,0,0.681519
24647.515563,0.625216,-0.008836,-0.252986,-0.033761,0.707507,0.002629,-0.000937,-0.024689,-0.010715,0.031157,1.648843,3.010715,1.680000,3.000000,0,0.699022
24647.535544,0.657493,-0.009121,-0.263203,-0.031067,0.717507,0.005214,-0.000345,-0.012810,-0.009677,0.030535,1.666132,3.009677,1.696667,3.000000,0,0.717006
24647.555551,0.694218,-0.008241,-0.247084,-0.027889,0.726275,0.005940,-0.000184,-0.007001,-0.009534,0.032397,1.684269,3.009534,1.716667,3.000000,0,0.736685
24647.592661,0.731976,-0.007522,-0.227957,-0.024685,0.733708,-0.024388,-0.000161,-0.006785,-0.009474,0.035954,1.700712,3.009474,1.736667,3.000000,0,0.757012
24647.598589,0.766717,-0.006891,-0.211737,-0.021261,0.741701,0.034308,-0.000444,-0.009945,-0.009766,0.033503,1.723164,3.009766,1.756667,3.000000,0,0.778671
24647.615532,0.810599,-0.006830,-0.209662,-0.017659,0.744447,0.003586,-0.000384,-0.013170,-0.009517,0.036517,1.740150,3.009517,1.776667,3.000000,0,0.800261
24647.635517,0.841355,-0.005734,-0.186571,-0.014509,0.751166,0.005599,-0.000726,-0.019701,-0.008052,0.038870,1.761130,3.008052,1.800000,3.000000,0,0.821739
24647.655542,0.879133,-0.005161,-0.167034,-0.010758,0.756881,0.003839,-0.000386,-0.014524,-0.008242,0.037736,1.782264,3.008242,1.820000,3.000000,0,0.845060
24647.690732,0.915257,-0.003873,-0.135828,-0.007678,0.762557,-0.019514,-0.000927,-0.030555,-0.007186,0.039102,1.804232,3.007186,1.843333,3.000000,0,0.868966
24647.696682,0.952344,-0.003315,-0.114224,-0.004071,0.767935,0.026239,-0.000838,-0.016862,-0.006660,0.039645,1.827022,3.006660,1.866667,3.000000,0,0.893790
24647.715548,0.988217,-0.003276,-0.110721,-0.000758,0.773140,0.006474,-0.002456,-0.065281,-0.006225,0.041788,1.851546,3.006225,1.893333,3.000000,0,0.919504
24647.735552,1.025142,-0.003247,-0.110581,0.002560,0.777376,0.004139,-0.000777,-0.029595,-0.005809,0.040893,1.875774,3.005809,1.916667,3.000000,0,0.945923
24647.755556,1.061473,-0.000652,-0.050910,0.006007,0.781917,0.003777,-0.000215,-0.008305,-0.005416,0.042373,1.900960,3.005416,1.943333,3.000000,0,0.972871
24647.791775,1.097366,0.001247,0.016871,0.008052,0.786108,-0.024523,-0.000292,-0.021244,-0.002668,0.045914,1.924086,3.002668,1.970000,3.000000,0,0.999768
24647.797874,1.130626,0.002196,0.060184,0.011424,0.791647,0.026177,-0.000304,0.003519,-0.001366,0.045561,1.951106,3.001366,1.996667,3.000000,0,1.027418
24647.815548,1.166600,0.002484,0.082158,0.013872,0.796683,0.008013,-0.000649,-0.017003,-0.000686,0.047257,1.979409,3.000686,2.026667,3.000000,0,1.056774
24647.835550,1.202871,0.003344,0.112530,0.015184,0.801162,0.002767,-0.000237,-0.009021,0.000329,0.049532,2.007135,2.999671,2.056667,3.000000,0,1.086537
24647.855551,1.237503,0.004313,0.148352,0.016538,0.805752,0.003736,-0.000091,-0.003146,0.001536,0.046906,2.036427,2.998464,2.083333,3.000000,0,1.117042
24647.892121,1.273019,0.004956,0.181074,0.017327,0.810053,-0.022456,-0.000055,-0.012497,0.002219,0.050171,2.066495,2.997781,2.116667,3.000000,0,1.149338
24647.897914,1.308217,0.005255,0.204235,0.017656,0.813923,0.024843,-0.000044,0.008220,0.003594,0.050783,2.095884,2.996406,2.146667,3.000000,0,1.181840
24647.915573,1.342224,0.005287,0.218265,0.017210,0.818145,0.006983,0.000087,0.003889,0.004480,0.052031,2.127969,2.995520,2.180000,3.000000,0,1.214612
24647.935552,1.376954,0.005283,0.228429,0.017154,0.821778,0.003661,0.000025,0.001860,0.005247,0.052725,2.160608,2.994753,2.213333,3.000000,0,1.248828
24647.955550,1.411816,0.005109,0.233409,0.016489,0.824864,0.003130,0.000037,0.002280,0.006313,0.053222,2.193445,2.993687,2.246667,3.000000,0,1.283882
24647.992779,1.445968,0.004819,0.233137,0.015744,0.827754,-0.024245,0.000166,0.003552,0.005590,0.057847,2.225486,2.994410,2.283333,3.000000,0,1.318444
24647.998534,1.478764,0.004490,0.229474,0.014030,0.831060,0.030392,0.000077,0.003911,0.004984,0.051245,2.265421,2.995016,2.316667,3.000000,0,1.356297
24648.015550,1.518006,0.004274,0.227537,0.011350,0.829138,-0.001352,0.001098,0.029558,0.003614,0.062862,2.290471,2.996386,2.353333,3.000000,0,1.391860
24648.035553,1.542245,0.004158,0.227364,0.008780,0.833396,-0.000162,0.000464,0.020060,0.003738,0.068385,2.321615,2.996262,2.390000,3.000000,0,1.422333
24648.055551,1.572101,0.002647,0.195250,0.006615,0.837872,-0.001832,0.000608,0.018505,0.000674,0.069578,2.350422,2.999326,2.420000,3.000000,0,1.454001
24648.091537,1.600167,0.001907,0.161354,0.001079,0.842356,-0.015707,0.000711,0.058065,0.001244,0.058435,2.394898,2.998756,2.453333,3.000000,0,1.491716
24648.097229,1.637823,0.000296,0.109272,-0.003562,0.839997,0.032636,0.000257,-0.025876,0.001624,0.045863,2.444137,2.998376,2.490000,3.000000,0,1.539212
24648.115542,1.678801,-0.000441,0.052315,-0.006924,0.832805,0.000689,0.000964,0.032703,0.003204,0.059492,2.477174,2.996796,2.536667,3.000000,0,1.583354
24648.135542,1.705351,-0.001423,0.005461,-0.010064,0.831642,0.003336,0.000465,0.021079,0.002767,0.066494,2.516839,2.997233,2.583333,3.000000,0,1.622474
24648.155545,1.736488,-0.002750,-0.060148,-0.013484,0.830215,0.003101,0.000257,0.011477,0.002394,0.062571,2.557429,2.997606,2.620000,3.000000,0,1.664339
24648.191367,1.766883,-0.003725,-0.130915,-0.016232,0.828698,-0.018349,-0.000176,0.039358,0.000999,0.065274,2.598059,2.999001,2.663333,3.000000,0,1.706646
24648.197161,1.796260,-0.004147,-0.191478,-0.019469,0.827340,0.026700,0.000836,-0.021919,-0.001152,0.056239,2.647095,3.001152,2.703333,3.000000,0,1.752348
24648.215551,1.830608,-0.003728,-0.237028,-0.020818,0.820593,-0.000324,0.000375,0.015684,-0.002212,0.068260,2.681740,3.002212,2.750000,3.000000,0,1.796558
24648.235552,1.853660,-0.004023,-0.272953,-0.023533,0.818663,0.002547,0.000317,0.013924,-0.003866,0.068800,2.724533,3.003866,2.793333,3.000000,0,1.837319
24648.255553,1.881155,-0.004429,-0.319608,-0.025890,0.816480,0.002701,0.000232,0.009099,-0.006031,0.068398,2.768269,3.006031,2.836667,3.000000,0,1.881633
24648.291325,1.908265,-0.004645,-0.369228,-0.026374,0.813941,-0.016408,-0.000500,0.019607,-0.008166,0.067701,2.812299,3.008166,2.880000,3.000000,0,1.927417
24648.296904,1.934330,-0.004308,-0.407758,-0.026664,0.810806,0.019424,0.000573,-0.014104,-0.010229,0.069079,2.857588,3.010229,2.926667,3.000000,0,1.973468
24648.315550,1.960293,-0.003603,-0.430351,-0.025966,0.806858,0.004247,0.000026,-0.003175,-0.013137,0.069592,2.903742,3.013137,2.973333,3.000000,0,2.020522
24648.335550,1.985739,-0.002843,-0.441771,-0.024582,0.801910,0.002464,-0.000047,-0.004716,-0.014537,0.069755,2.950245,3.014537,3.020000,3.000000,0,2.068257
24648.355553,2.010288,-0.001906,-0.438862,-0.022101,0.795810,0.002526,-0.000117,-0.008579,-0.016739,0.069121,2.997546,3.016739,3.066667,3.000000,0,2.116962
24648.391192,2.034215,-0.000839,-0.420971,-0.019312,0.788779,-0.014045,-0.000188,-0.027940,-0.018487,0.072623,3.044044,3.018487,3.116667,3.000000,0,2.165764
24648.396755,2.056766,0.000195,-0.389418,-0.016831,0.780926,0.017288,-0.000182,0.010110,-0.020074,0.070650,3.092683,3.020074,3.163333,3.000000,0,2.214192
24648.415551,2.079620,0.000485,-0.363510,-0.012960,0.771428,0.003695,-0.000333,-0.017484,-0.021581,0.072119,3.141214,3.021581,3.213333,3.000000,0,2.263211
24648.435545,2.101220,0.001649,-0.318031,-0.009375,0.762249,0.003007,-0.000185,-0.012600,-0.023334,0.068303,3.191697,3.023334,3.260000,3.000000,0,2.313916
24648.455547,2.122428,0.002656,-0.255315,-0.006148,0.753101,0.002771,-0.000159,-0.011038,-0.025703,0.071445,3.241888,3.025703,3.313333,3.000000,0,2.365708
24648.491521,2.142574,0.003080,-0.192699,-0.003832,0.744488,-0.009969,0.000607,-0.036740,-0.026509,0.069567,3.293767,3.026509,3.363333,3.000000,0,2.418170
24648.497245,2.162248,0.003026,-0.137131,-0.002333,0.735689,0.017560,-0.000916,0.024448,-0.027797,0.062440,3.354227,3.027797,3.416667,3.000000,0,2.475098
24648.515548,2.184351,0.002162,-0.095235,-0.003684,0.726377,0.000777,0.000406,0.007354,-0.027695,0.077322,3.396011,3.027695,3.473333,3.000000,0,2.527606
24648.535543,2.198781,0.001876,-0.071958,-0.008007,0.719854,0.003192,0.000360,0.020310,-0.028313,0.077149,3.449518,3.028313,3.526667,3.000000,0,2.576829
24648.555545,2.216263,0.000204,-0.082897,-0.015415,0.711419,0.002861,0.000439,0.025700,-0.031013,0.073508,3.503159,3.031013,3.576667,3.000000,0,2.630630
24648.591242,2.232599,-0.002053,-0.149337,-0.028519,0.702722,-0.006825,-0.000373,0.130855,-0.030755,0.072717,3.557283,3.030755,3.630000,3.000000,0,2.685146
24648.596924,2.248018,-0.004785,-0.280230,-0.043418,0.692722,0.011234,0.002596,-0.040239,-0.028700,0.072945,3.610389,3.028700,3.683333,3.000000,0,2.739241
24648.615547,2.262469,-0.004338,-0.402476,-0.062562,0.682722,0.003709,0.001636,0.078030,-0.031708,0.072464,3.664202,3.031708,3.736667,3.000000,0,2.793025
24648.635544,2.275297,-0.008662,-0.648484,-0.087189,0.672722,0.003166,0.001373,0.076846,-0.032316,0.070059,3.719941,3.032316,3.790000,3.000000,0,2.848357
24648.655548,2.286338,-0.011818,-1.000120,-0.115786,0.662722,0.003355,0.001584,0.084807,-0.031053,0.070730,3.775937,3.031053,3.846667,3.000000,0,2.903976
24648.691246,2.295124,-0.012444,-1.395374,-0.146287,0.652732,0.000823,-0.005593,0.333259,-0.028124,0.072740,3.830594,3.028124,3.903333,3.000000,0,2.959398
24648.697227,2.300511,-0.010873,-1.815212,-0.177319,0.643828,0.006118,0.010122,-0.218519,-0.024141,0.059024,3.897642,3.024141,3.956667,3.000000,0,3.019281
24648.715544,2.306351,-0.001445,-2.197953,-0.210311,0.633828,0.003954,0.000658,0.094118,-0.014878,0.078382,3.938866,3.017210,4.016707,2.999721,0,3.073644
24648.735545,2.305867,0.000811,-2.507183,-0.227629,0.623828,0.002905,0.000626,0.019867,-0.002730,0.085014,3.989566,3.009761,4.073262,2.994604,0,3.121784
24648.755545,2.301635,0.007603,-2.861555,-0.235086,0.615329,0.002697,0.000429,0.006711,0.004619,0.076065,4.044185,2.999236,4.119159,2.985594,0,3.175198
24648.791897,2.295599,0.018422,-3.121318,-0.239569,0.609406,0.009802,-0.009229,0.090270,0.014402,0.078041,4.092032,2.983142,4.170312,2.970100,0,3.228566
24648.797733,2.286328,0.030302,-3.294361,-0.237079,0.603914,-0.008333,0.010171,-0.081896,0.012654,0.064928,4.155628,2.966371,4.219519,2.949234,0,3.285636
24648.815559,2.274852,0.043957,-3.411043,-0.235421,0.599948,0.000714,-0.000967,-0.002592,0.020770,0.080265,4.190211,2.947128,4.269041,2.921446,0,3.339704
24648.835552,2.264942,0.051474,-3.447325,-0.228649,0.599857,-0.000701,-0.000282,-0.010085,0.019306,0.082486,4.236033,2.926801,4.312491,2.890320,0,3.387284
24648.855549,2.252526,0.058942,-3.455270,-0.218846,0.601336,0.000439,-0.000028,-0.010461,0.020120,0.078448,4.279883,2.897624,4.349991,2.857080,0,3.437738
24648.892335,2.241934,0.064387,-3.424362,-0.210640,0.604247,0.007067,0.000067,-0.062158,0.023001,0.078412,4.316088,2.865739,4.383975,2.820255,0,3.488537
24648.898496,2.230267,0.066695,-3.369985,-0.197930,0.605682,-0.007699,-0.001239,0.042255,0.020788,0.065532,4.360161,2.822836,4.414103,2.780212,0,3.543638
24648.915559,2.219836,0.066188,-3.296434,-0.189824,0.605494,0.000033,-0.000252,-0.022051,0.021671,0.082474,4.385818,2.794524,4.443205,2.731451,0,3.594464
24648.935545,2.213255,0.065056,-3.224872,-0.180932,0.608862,0.002088,0.000295,-0.012589,0.002398,0.080624,4.431940,2.759876,4.464146,2.685925,0,3.637911
24648.955546,2.208941,0.062778,-3.114553,-0.182338,0.612629,0.000076,0.000072,0.002609,0.005168,0.077761,4.451043,2.717867,4.478531,2.644942,0,3.683357
24648.993549,2.203100,0.057394,-3.021674,-0.178745,0.615175,0.004748,0.005746,-0.049324,-0.010242,0.079694,4.484143,2.679730,4.489981,2.599593,0,3.727133
24648.999511,2.199104,0.051352,-2.953009,-0.178202,0.618558,-0.003391,-0.005291,0.038219,-0.015662,0.068891,4.504525,2.626916,4.496775,2.556694,0,3.774019
24649.015550,2.194442,0.044253,-2.897017,-0.173424,0.617784,0.000091,-0.000201,-0.009867,-0.019367,0.079483,4.517669,2.589881,4.499899,2.510026,0,3.820052
24649.035578,2.192014,0.040484,-2.869664,-0.165460,0.619772,0.000301,-0.000193,-0.015719,-0.029908,0.075713,4.529908,2.539047,4.500000,2.463333,0,3.865503
24649.055544,2.190341,0.037604,-2.819769,-0.154880,0.618958,0.000206,-0.000374,-0.023653,-0.042776,0.069566,4.542776,2.489566,4.500000,2.420000,0,3.916668
24649.093646,2.189713,0.035968,-2.746438,-0.142712,0.617712,-0.000463,0.002575,-0.114920,-0.058080,0.078100,4.558080,2.444766,4.500000,2.366667,0,3.965185
24649.099638,2.189915,0.035022,-2.640349,-0.129023,0.617166,0.000579,-0.003892,0.055668,-0.072503,0.068133,4.572503,2.388133,4.500000,2.320000,0,4.015884
24649.115559,2.190961,0.031840,-2.523971,-0.114129,0.611759,-0.000436,-0.002231,-0.083423,-0.080645,0.079042,4.580645,2.349042,4.500000,2.270000,0,4.064971
24649.135554,2.192590,0.031539,-2.417656,-0.097220,0.610568,0.000122,-0.000825,-0.050878,-0.086384,0.079262,4.586384,2.299262,4.500000,2.220000,0,4.111016
24649.155547,2.196434,0.033587,-2.161483,-0.079728,0.607098,0.000153,-0.000994,-0.058656,-0.084285,0.074583,4.584285,2.247917,4.500000,2.173333,0,4.160993
24649.193469,2.201148,0.032777,-1.878523,-0.060759,0.601114,-0.004721,0.005853,-0.270586,-0.080894,0.074901,4.580894,2.198234,4.500000,2.123333,0,4.211298
24649.199169,2.206511,0.030786,-1.568730,-0.042144,0.594913,0.005216,-0.008500,0.146885,-0.077732,0.064161,4.577732,2.137494,4.500000,2.073333,0,4.266213
24649.215558,2.213367,0.023398,-1.287459,-0.023828,0.587210,0.000062,-0.008324,-0.254924,-0.072628,0.074294,4.572628,2.094294,4.500000,2.020000,0,4.318928
24649.235547,2.218284,0.017886,-1.183318,-0.005321,0.584872,0.000321,-0.003380,-0.200344,-0.068573,0.075362,4.568573,2.042029,4.500000,1.966667,0,4.367454
24649.255541,2.224590,0.022717,-0.861702,0.008944,0.580835,0.000674,-0.000872,-0.052649,-0.061973,0.072267,4.561973,1.988933,4.500000,1.916667,0,4.419739
24649.293686,2.230978,0.025181,-0.407483,0.018081,0.575847,-0.004372,0.006762,-0.220407,-0.054886,0.069290,4.554886,1.935956,4.500000,1.866667,0,4.473276
24649.299463,2.237114,0.021001,-0.055370,0.023851,0.570199,0.005577,-0.007423,0.149594,-0.050475,0.061867,4.550475,1.875200,4.500000,1.813333,0,4.530017
24649.315565,2.244165,0.012431,0.188296,0.026682,0.562503,0.000939,-0.000779,-0.033035,-0.044351,0.078143,4.544351,1.831476,4.500000,1.753333,0,4.583607
24649.335549,2.248777,0.008639,0.293356,0.029064,0.557493,0.000456,-0.000147,-0.008452,-0.051648,0.081113,4.551648,1.781113,4.500000,1.700000,0,4.632335
24649.355545,2.253377,0.005679,0.412230,0.027406,0.551736,0.000885,0.000087,0.006113,-0.036148,0.072721,4.536148,1.726054,4.500000,1.653333,0,4.684766
24649.393626,2.258036,0.002259,0.472647,0.032308,0.543705,-0.002181,0.001165,-0.048463,-0.039920,0.075459,4.539920,1.675459,4.500000,1.600000,0,4.737878
24649.399656,2.261732,0.000633,0.516341,0.031150,0.535573,0.003424,-0.000954,0.033900,-0.036856,0.066278,4.536856,1.612944,4.500000,1.546667,0,4.793912
24649.415548,2.265947,-0.000752,0.561644,0.025661,0.525783,0.001027,0.000646,0.026398,-0.040979,0.077832,4.540979,1.567832,4.500000,1.490000,0,4.847593
24649.435547,2.268639,-0.002596,0.556444,0.014018,0.518634,0.000654,0.000725,0.043901,-0.037407,0.079301,4.537407,1.515968,4.500000,1.436667,0,4.896702
24649.455546,2.271067,-0.006447,0.462456,-0.000231,0.510474,0.000814,0.000874,0.053260,-0.032192,0.076196,4.532192,1.462863,4.500000,1.386667,0,4.949155
24649.493959,2.273190,-0.009836,0.292468,-0.016461,0.501217,0.000116,-0.002280,0.217902,-0.027457,0.074612,4.527457,1.411279,4.500000,1.336667,0,5.001519
24649.499877,2.274645,-0.012148,0.065467,-0.034587,0.491485,0.001448,0.005107,-0.096969,-0.028557,0.066394,4.528557,1.349728,4.500000,1.283333,0,5.057610
24649.515547,2.276004,-0.009376,-0.151720,-0.062574,0.481690,0.001501,0.004379,0.163662,-0.029282,0.080792,4.529282,1.307459,4.500000,1.226667,0,5.109986
24649.535559,2.276071,-0.012248,-0.370023,-0.094498,0.471690,0.001349,0.001757,0.100452,-0.028903,0.080924,4.528903,1.257591,4.500000,1.176667,0,5.156504
24649.555546,2.273425,-0.019283,-0.876352,-0.121319,0.462421,0.001532,0.001469,0.078759,-0.030770,0.074858,4.530770,1.204858,4.500000,1.130000,0,5.206898
24649.593736,2.269084,-0.019340,-1.379084,-0.147159,0.458625,0.008351,-0.007822,0.359490,-0.030387,0.074483,4.530387,1.151150,4.500000,1.076667,0,5.258453
24649.599777,2.262832,-0.015535,-1.832293,-0.174366,0.457812,-0.005693,0.010302,-0.217942,-0.030931,0.062779,4.530931,1.089445,4.500000,1.026667,0,5.313493
24649.615547,2.254040,-0.005270,-2.213720,-0.209269,0.454878,0.002918,0.003697,0.125028,-0.028310,0.079157,4.532108,1.047319,4.499099,0.970003,0,5.363219
24649.635548,2.246156,-0.001254,-2.439105,-0.243789,0.444878,0.002092,0.000938,0.040042,-0.018050,0.074693,4.523379,0.994653,4.494128,0.923595,0,5.408943
24649.655529,2.230825,0.000499,-2.823984,-0.266804,0.434878,0.001566,0.000493,0.018638,-0.013687,0.072832,4.515915,0.945134,4.484851,0.877853,0,5.457493
24649.697834,2.212471,0.006633,-3.146602,-0.282627,0.427195,0.026992,-0.009738,0.196310,-0.009932,0.073252,4.504467,0.895549,4.470225,0.830035,0,5.504778
24649.703760,2.192714,0.015634,-3.378818,-0.293091,0.420992,-0.021600,0.010661,-0.126648,-0.010827,0.049270,4.483119,0.826888,4.452328,0.786929,0,5.561731
24649.715544,2.164167,0.028737,-3.565598,-0.297273,0.417268,0.001233,0.000672,0.014057,0.002880,0.078265,4.464014,0.805206,4.425315,0.737118,0,5.611135
24649.735542,2.150904,0.033270,-3.614320,-0.299668,0.417398,0.000342,0.000063,-0.000116,-0.007910,0.080877,4.452391,0.755345,4.396930,0.695950,0,5.648695
24649.755541,2.126304,0.038366,-3.689419,-0.300000,0.419242,-0.000184,-0.000063,-0.001551,0.001251,0.066199,4.416640,0.717963,4.373574,0.667671,0,5.694901
24649.791119,2.101259,0.041737,-3.734858,-0.300000,0.418253,0.018948,0.000098,0.007519,-0.009283,0.070112,4.398570,0.675306,4.340959,0.634285,0,5.740720
24649.796716,2.076393,0.043239,-3.759364,-0.300000,0.420625,-0.017007,-0.000315,-0.005299,-0.005127,0.067655,4.362075,0.641346,4.305372,0.604086,0,5.784721
24649.815546,2.052549,0.043018,-3.768537,-0.300000,0.423736,-0.001375,-0.000139,0.000097,-0.015445,0.071853,4.338758,0.604919,4.269938,0.579128,0,5.826340
24649.835547,2.028876,0.040962,-3.772925,-0.300000,0.426438,0.000789,0.000209,0.003078,-0.018900,0.068161,4.304454,0.574311,4.235423,0.558892,0,5.865551
24649.855544,2.006736,0.037747,-3.773519,-0.300000,0.428291,-0.000771,-0.000192,-0.003055,-0.027210,0.072152,4.276418,0.545302,4.199400,0.541481,0,5.903883
24649.896205,1.983792,0.033159,-3.782686,-0.300000,0.430423,0.021202,0.005089,0.014590,-0.036425,0.078658,4.248320,0.518049,4.162101,0.527006,0,5.937556
24649.901787,1.962461,0.028332,-3.792587,-0.300000,0.433848,-0.022793,-0.005577,-0.018862,-0.047893,0.048422,4.189438,0.483624,4.130215,0.517254,0,5.982066
24649.915550,1.933909,0.021379,-3.814980,-0.300000,0.432664,0.001520,0.000353,0.000456,-0.045075,0.072852,4.167561,0.476228,4.087919,0.507790,0,6.022053
24649.935549,1.922001,0.018464,-3.827477,-0.300000,0.436279,-0.000481,-0.000124,-0.002319,-0.048660,0.076051,4.128677,0.461248,4.048282,0.502337,0,6.051464
24649.955549,1.902757,0.013832,-3.850527,-0.300000,0.440097,-0.000284,-0.000075,-0.001261,-0.052066,0.069569,4.089771,0.450857,4.018339,0.500336,0,6.086458
24649.992643,1.884626,0.009628,-3.873901,-0.298586,0.444752,0.013648,0.002884,0.015184,-0.054796,0.063285,4.046607,0.443555,3.984995,0.500225,0,6.122354
24649.999077,1.867590,0.005868,-3.896557,-0.296059,0.449546,-0.014575,-0.003052,-0.020058,-0.056777,0.059488,4.001710,0.440057,3.948399,0.502670,0,6.160826
24650.015549,1.847907,0.001763,-3.921822,-0.289425,0.452140,0.000397,0.000001,-0.003888,-0.055731,0.071798,3.969228,0.440495,3.908800,0.508388,0,6.195408
24650.035525,1.836551,-0.000288,-3.927931,-0.286754,0.458169,-0.000227,-0.000089,-0.002597,-0.054732,0.068765,3.929314,0.445509,3.876237,0.515559,0,6.227292
24650.055550,1.823093,-0.002784,-3.927824,-0.282698,0.463398,-0.000348,-0.000160,-0.004402,-0.050582,0.067865,3.892951,0.455677,3.844223,0.524886,0,6.261676
24650.090458,1.810636,-0.005243,-3.922272,-0.276513,0.468067,0.007520,0.001654,-0.019654,-0.048903,0.059973,3.850219,0.468533,3.812903,0.536325,0,6.299006
24650.095950,1.799580,-0.007404,-3.907719,-0.270016,0.470951,-0.008215,-0.002157,0.002855,-0.042499,0.060628,3.815077,0.486401,3.779417,0.551287,0,6.337436
24650.115542,1.788707,-0.009911,-3.894538,-0.253297,0.468435,-0.000850,-0.000680,-0.024566,-0.039420,0.066014,3.780807,0.502721,3.744246,0.570361,0,6.373462
24650.135545,1.780370,-0.010520,-3.838794,-0.240848,0.471779,-0.000640,-0.000663,-0.024210,-0.033943,0.066135,3.748182,0.524546,3.713439,0.590265,0,6.409419
24650.155543,1.773723,-0.010938,-3.749376,-0.229787,0.475016,-0.000512,-0.000502,-0.019732,-0.030967,0.064819,3.717891,0.545531,3.686767,0.610275,0,6.445222
24650.190545,1.768618,-0.011544,-3.635314,-0.220505,0.478454,0.002079,0.001721,-0.092774,-0.027774,0.067043,3.689139,0.568253,3.659041,0.634285,0,6.480520
24650.196059,1.764769,-0.012809,-3.514564,-0.212576,0.481964,-0.002469,-0.002522,0.055726,-0.023469,0.067009,3.661462,0.595152,3.633150,0.660263,0,6.516368
24650.215545,1.761676,-0.015314,-3.415725,-0.204364,0.485281,-0.000578,-0.000623,-0.021574,-0.017505,0.066860,3.639773,0.622484,3.611322,0.685469,0,6.551692
24650.235545,1.759976,-0.016281,-3.300200,-0.194694,0.488785,-0.000248,-0.000476,-0.020853,-0.012199,0.067700,3.617907,0.652242,3.589311,0.714808,0,6.587638
24650.255548,1.759697,-0.016820,-3.173056,-0.184335,0.492239,-0.000534,-0.000583,-0.023977,-0.006627,0.069575,3.599193,0.682407,3.569510,0.745680,0,6.624243
24650.290572,1.760212,-0.017143,-3.040430,-0.174576,0.496109,-0.001749,0.000791,-0.101999,-0.002213,0.070398,3.581310,0.713866,3.552026,0.777921,0,6.660250
24650.296354,1.761847,-0.017295,-2.905844,-0.164551,0.499991,0.001008,-0.002059,0.047703,0.002637,0.069279,3.565531,0.748193,3.536951,0.811358,0,6.697234
24650.315553,1.763769,-0.018571,-2.801436,-0.154158,0.504429,-0.000441,-0.000925,-0.035513,0.006083,0.069223,3.551503,0.781836,3.524369,0.845809,0,6.734862
24650.335549,1.767191,-0.017009,-2.657315,-0.143160,0.508860,-0.000586,-0.000742,-0.031345,0.010819,0.069336,3.541344,0.816316,3.514345,0.881090,0,6.771658
24650.355551,1.771425,-0.015467,-2.491844,-0.132218,0.513164,-0.000316,-0.000694,-0.031102,0.012003,0.067185,3.529923,0.852749,3.506935,0.917010,0,6.809104
24650.391400,1.776660,-0.014230,-2.324017,-0.121165,0.517395,-0.005366,0.000394,-0.123028,0.016978,0.066325,3.525267,0.888924,3.502178,0.953377,0,6.847901
24650.397068,1.782206,-0.013075,-2.155462,-0.109770,0.521543,0.003901,-0.002051,0.051482,0.021313,0.066131,3.522238,0.927490,3.500044,0.993330,0,6.886675
24650.415545,1.788133,-0.013776,-2.033607,-0.095347,0.525886,-0.000517,-0.001629,-0.058902,0.017858,0.068671,3.517858,0.964662,3.500000,1.033333,0,6.925306
24650.435546,1.794850,-0.010596,-1.855486,-0.082676,0.529643,-0.000479,-0.000861,-0.039492,0.015362,0.066209,3.515362,1.003791,3.500000,1.070000,0,6.964385
24650.455546,1.802644,-0.007253,-1.629436,-0.070206,0.531727,-0.000402,-0.000849,-0.039428,0.013303,0.067644,3.513303,1.042356,3.500000,1.110000,0,7.003884
24650.491587,1.810788,-0.005209,-1.413591,-0.056940,0.533582,-0.007090,0.000361,-0.153721,0.012473,0.068434,3.512473,1.081566,3.500000,1.150000,0,7.043354
24650.497276,1.819389,-0.003309,-1.201742,-0.041279,0.534716,0.005986,-0.002761,0.053451,0.014009,0.068048,3.514009,1.121952,3.500000,1.190000,0,7.083431
24650.515542,1.827999,-0.003923,-1.051999,-0.021177,0.535950,0.000413,-0.005686,-0.166476,0.012843,0.067914,3.512843,1.162086,3.500000,1.230000,0,7.124294
24650.535547,1.836884,-0.001889,-0.881056,0.001699,0.536554,-0.000062,-0.002958,-0.141767,0.010160,0.067272,3.510160,1.202728,3.500000,1.270000,0,7.165393
24650.555543,1.845919,0.006076,-0.560430,0.022738,0.534737,0.000330,-0.001357,-0.066118,0.007859,0.066117,3.507859,1.243883,3.500000,1.310000,0,7.207110
24650.591452,1.854823,0.012626,-0.144038,0.041996,0.531782,-0.005976,0.001123,-0.250300,0.007707,0.066794,3.507707,1.286540,3.500000,1.353333,0,7.249385
24650.596875,1.863331,0.015670,0.233077,0.063457,0.528830,0.006448,-0.004196,0.112558,0.008462,0.064725,3.508462,1.328609,3.500000,1.393333,0,7.291484
24650.615549,1.871666,0.013988,0.484917,0.091882,0.526998,0.001642,-0.002994,-0.115034,0.004309,0.065429,3.504309,1.371238,3.500000,1.436667,0,7.334605
24650.635552,1.878510,0.020074,0.844723,0.120333,0.524921,0.001010,-0.001669,-0.076886,0.000806,0.066475,3.500806,1.413525,3.500000,1.480000,0,7.377933
24650.655547,1.883503,0.026265,1.301693,0.146210,0.523490,0.001046,-0.001445,-0.064880,-0.005972,0.065948,3.496572,1.457232,3.499453,1.523386,0,7.421219
24650.691450,1.887089,0.029300,1.734034,0.171182,0.523429,-0.000149,0.001738,-0.282089,-0.013566,0.065627,3.490841,1.499794,3.495539,1.566643,0,7.465595
24650.696860,1.889203,0.030523,2.126529,0.192447,0.523944,0.001911,-0.003926,0.162130,-0.019381,0.062883,3.482732,1.543798,3.487885,1.609398,0,7.511375
24650.715543,1.890895,0.027839,2.413649,0.213543,0.525374,0.001704,-0.001765,-0.050393,-0.024728,0.063219,3.471546,1.586742,3.475528,1.654508,0,7.558053
24650.735545,1.890495,0.028281,2.706141,0.228482,0.525847,0.001084,-0.000609,-0.023384,-0.027524,0.064141,3.459177,1.628470,3.459010,1.698267,0,7.603988
24650.755547,1.888262,0.027793,2.992110,0.236625,0.526505,0.000812,-0.000352,-0.012073,-0.028567,0.064337,3.444342,1.670142,3.438475,1.740291,0,7.649275
24650.792304,1.885267,0.025025,3.213030,0.241117,0.528185,0.004178,0.003357,-0.091887,-0.028561,0.062259,3.426752,1.709794,3.415967,1.777438,0,7.694969
24650.797836,1.881829,0.021214,3.370648,0.240901,0.530049,-0.003250,-0.003789,0.083105,-0.021756,0.056866,3.407166,1.757229,3.388222,1.815093,0,7.743036
24650.815548,1.877460,0.016290,3.486725,0.235171,0.530628,0.000163,0.000908,0.015565,-0.024388,0.065145,3.385264,1.786395,3.357080,1.849991,0,7.787535
24650.835553,1.874339,0.013348,3.528645,0.228896,0.534924,-0.000148,0.000395,0.019294,-0.024799,0.066203,3.357359,1.820146,3.322814,1.881826,0,7.829723
24650.855549,1.871179,0.009453,3.531738,0.219694,0.538079,0.000003,0.000338,0.017148,-0.022440,0.062873,3.329225,1.851607,3.291182,1.906464,0,7.874154
24650.892318,1.869011,0.006108,3.485555,0.207554,0.541727,0.000987,0.000220,0.091817,-0.022805,0.064602,3.296239,1.879645,3.251927,1.931894,0,7.918265
24650.898212,1.867910,0.003574,3.400618,0.192553,0.544537,-0.000684,0.001420,-0.045529,-0.021149,0.056998,3.256005,1.908667,3.213494,1.952129,0,7.965531
24650.915550,1.867394,0.003508,3.302857,0.167581,0.543694,-0.000880,0.001824,0.077891,-0.021468,0.066775,3.225781,1.927170,3.170312,1.970100,0,8.010034
24650.935533,1.868762,0.000003,3.146497,0.148709,0.547327,0.000011,0.001037,0.051857,-0.020756,0.069584,3.187775,1.946382,3.125639,1.983957,0,8.050718
24650.955524,1.872754,-0.003808,2.870974,0.129063,0.549007,-0.000276,0.002278,0.089346,-0.017460,0.067918,3.150334,1.963527,3.086458,1.992468,0,8.092895
24651.007327,1.877639,-0.004016,2.604900,0.108774,0.551076,-0.008211,-0.005689,0.337344,-0.013907,0.057183,3.102354,1.978623,3.046721,1.997812,0,8.138689
24651.012993,1.885593,-0.004571,2.247648,0.084653,0.549222,0.008085,0.008160,-0.179116,-0.002992,0.035192,3.035192,1.997008,3.000000,2.000000,0,8.196971
24651.018661,1.895867,0.001067,1.926641,0.067051,0.543784,0.000765,0.003884,0.065282,-0.001864,0.079544,3.019544,1.998136,2.940000,2.000000,0,8.242194
24651.035565,1.898948,0.001226,1.855660,0.050643,0.544193,-0.000492,0.002696,0.115539,0.005130,0.089416,2.986083,2.005130,2.896667,2.000000,0,8.269967
24651.055529,1.905526,-0.005815,1.532813,0.043644,0.542376,0.000374,0.000423,0.022459,0.012265,0.074317,2.944317,2.012265,2.870000,2.000000,0,8.306411
24651.092175,1.913937,-0.008584,1.145154,0.043222,0.537108,-0.005491,-0.003401,0.099791,0.015573,0.067787,2.901120,2.015573,2.833333,2.000000,0,8.348366
24651.097544,1.922230,-0.005208,0.916987,0.043086,0.528673,0.005858,0.002824,-0.072457,0.017093,0.067366,2.857366,2.017093,2.790000,2.000000,0,8.391874
24651.115543,1.929970,-0.001260,0.805277,0.046734,0.518673,0.001550,-0.000726,-0.030092,0.018575,0.066353,2.813020,2.018575,2.746667,2.000000,0,8.436146
24651.135551,1.937151,0.001385,0.755624,0.057753,0.508673,0.000767,-0.000959,-0.047108,0.019786,0.065879,2.769212,2.019786,2.703333,2.000000,0,8.480883
24651.155546,1.943154,0.005680,0.805821,0.075798,0.498673,0.000747,-0.001202,-0.057927,0.020950,0.067894,2.724561,2.020950,2.656667,2.000000,0,8.525178
24651.192182,1.947784,0.010803,0.968844,0.097926,0.488673,-0.001182,-0.000353,-0.226762,0.021461,0.066128,2.679461,2.021461,2.613333,2.000000,0,8.569564
24651.197826,1.951022,0.015684,1.217028,0.121642,0.478673,0.003399,-0.003340,0.116909,0.018674,0.053444,2.623444,2.018674,2.570000,2.000000,0,8.619477
24651.215552,1.954420,0.015402,1.457277,0.150186,0.468673,0.002771,-0.005689,-0.187802,0.020259,0.068400,2.588400,2.020259,2.520000,2.000000,0,8.665394
24651.235553,1.955059,0.017838,1.664871,0.179157,0.458673,0.002941,-0.003173,-0.139480,0.014068,0.070422,2.542845,2.017097,2.473276,1.999285,0,8.705684
24651.255553,1.952834,0.023921,2.025483,0.202193,0.448893,0.001711,-0.001075,-0.043961,0.010021,0.064630,2.496074,2.014084,2.433357,1.995539,0,8.749574
24651.292685,1.947366,0.027689,2.452974,0.218669,0.441079,0.008244,0.003471,-0.238360,0.006918,0.062946,2.450509,2.008408,2.390602,1.987885,0,8.794178
24651.298484,1.940234,0.026727,2.806322,0.230592,0.435614,-0.006077,-0.005103,0.185755,0.001411,0.053214,2.395665,1.993314,2.345492,1.975528,0,8.844544
24651.315552,1.931328,0.021311,3.089605,0.236812,0.427721,0.001850,-0.000672,-0.033289,0.000270,0.070346,2.362951,1.986247,2.298669,1.957674,0,8.889444
24651.335556,1.924091,0.018101,3.227335,0.241358,0.425613,0.001331,-0.000478,-0.015283,-0.002208,0.068865,2.321162,1.969634,2.259709,1.938475,0,8.928285
24651.355552,1.914212,0.014778,3.364530,0.240930,0.422569,0.000560,-0.000044,0.001696,-0.003928,0.064633,2.281515,1.950033,2.225349,1.917812,0,8.971818
24651.393869,1.903444,0.011703,3.461724,0.236099,0.420010,0.010427,0.001761,-0.005497,-0.006264,0.064760,2.244830,1.927619,2.190125,1.892400,0,9.014986
24651.399696,1.892795,0.008638,3.508366,0.225825,0.418452,-0.009411,-0.000943,0.022605,-0.009232,0.052667,2.201912,1.893409,2.157239,1.864026,0,9.063524
24651.415550,1.880467,0.006389,3.524499,0.204431,0.415175,-0.001164,0.001808,0.059265,-0.012565,0.070696,2.178371,1.873021,2.122523,1.827889,0,9.108265
24651.435544,1.872899,0.003739,3.476409,0.182558,0.418425,-0.000421,0.001025,0.048699,-0.015198,0.070144,2.149016,1.841707,2.095492,1.793893,0,9.147182
24651.455552,1.866506,-0.001343,3.288708,0.158193,0.419047,-0.000144,0.001302,0.064013,-0.017749,0.066794,2.123197,1.808298,2.073244,1.760537,0,9.190370
24651.493680,1.862238,-0.004549,3.028947,0.128913,0.418785,0.002232,-0.003219,0.329152,-0.021345,0.066741,2.101059,1.772785,2.052243,1.722517,0,9.234295
24651.499101,1.860183,-0.007092,2.688104,0.094692,0.418454,-0.001067,0.007959,-0.159478,-0.024747,0.057565,2.078703,1.727350,2.034621,1.682819,0,9.281874
24651.515542,1.859178,-0.002852,2.352674,0.054692,0.418641,-0.001058,0.006255,0.241216,-0.030154,0.069803,2.067888,1.697248,2.019574,1.638532,0,9.325549
24651.535554,1.859413,-0.008846,1.979013,0.014692,0.419093,0.000515,0.002677,0.132789,-0.032698,0.069178,2.054776,1.657900,2.009364,1.596316,0,9.364977
24651.555546,1.861670,-0.020068,1.235256,-0.025308,0.415866,0.000957,0.002721,0.131965,-0.032285,0.065901,2.042774,1.618509,2.003225,1.556694,0,9.407365
24651.593789,1.863726,-0.024883,0.508435,-0.062980,0.414680,-0.000041,-0.003234,0.515371,-0.032612,0.066777,2.034564,1.579248,2.000179,1.513367,0,9.448209
24651.599339,1.864727,-0.027684,-0.168804,-0.096305,0.414631,0.001609,0.008181,-0.292799,-0.017096,0.059144,2.019518,1.531421,1.999285,1.473276,0,9.491784
24651.615560,1.865910,-0.022937,-0.702270,-0.125729,0.413062,0.001791,0.005643,0.201360,-0.008438,0.071049,2.013377,1.499216,1.995082,1.430046,0,9.532761
24651.635548,1.865401,-0.025827,-1.043252,-0.154143,0.415610,0.002169,0.005536,0.163445,0.000776,0.071090,2.002682,1.460140,1.987885,1.390602,0,9.570027
24651.655554,1.863240,-0.029515,-1.531533,-0.178636,0.418921,0.003801,0.009769,0.289537,0.006266,0.071243,1.992674,1.421763,1.977551,1.351862,0,9.609832
24651.694298,1.861534,-0.026344,-1.812466,-0.203423,0.423557,0.011359,0.012352,0.736433,0.008950,0.069234,1.982363,1.384894,1.965379,1.317181,0,9.648643
24651.700629,1.859919,-0.022285,-1.960161,-0.227246,0.427381,0.002245,0.010988,0.139555,0.014761,0.059890,1.962266,1.340771,1.949234,1.280481,0,9.691848
24651.715551,1.858970,-0.017705,-2.013246,-0.246381,0.427335,0.002286,0.003343,0.112516,0.015454,0.072028,1.952364,1.312013,1.928488,1.242322,0,9.732423
24651.735549,1.852605,-0.029110,-2.338233,-0.254760,0.431015,0.000758,0.000245,0.008005,0.018280,0.071765,1.933397,1.277803,1.906464,1.208818,0,9.768262
24651.755563,1.842474,-0.037691,-2.845426,-0.251080,0.433878,-0.000003,-0.000117,-0.004629,0.021795,0.068202,1.910922,1.246081,1.883975,1.179745,0,9.807906
24651.791112,1.833324,-0.036651,-3.199105,-0.243827,0.439375,0.005897,-0.004213,0.075941,0.026495,0.064872,1.883568,1.214884,1.857080,1.150009,0,9.849471
24651.796546,1.825620,-0.031519,-3.402003,-0.230864,0.444016,-0.005751,0.002979,-0.084350,0.026948,0.062853,1.857668,1.184085,1.827889,1.122523,0,9.891872
24651.815542,1.818260,-0.026259,-3.505728,-0.216345,0.450399,-0.001145,-0.000712,-0.037929,0.029220,0.062720,1.827459,1.155997,1.793893,1.095492,0,9.934192
24651.835544,1.812876,-0.019311,-3.481880,-0.201993,0.456611,-0.000612,-0.000684,-0.029317,0.030286,0.066209,1.798810,1.131587,1.757678,1.071512,0,9.975773
24651.855545,1.809056,-0.013741,-3.368081,-0.188359,0.462786,-0.000629,-0.000700,-0.030007,0.032109,0.068549,1.769614,1.111504,1.722517,1.052243,0,10.015244
24651.891080,1.806407,-0.010573,-3.212143,-0.174485,0.469078,0.000134,0.000969,-0.143543,0.035165,0.070106,1.737928,1.094566,1.685925,1.035854,0,10.053456
24651.897604,1.805062,-0.009126,-3.031501,-0.160019,0.475155,-0.000938,-0.003458,0.079411,0.035224,0.059315,1.694354,1.073665,1.648138,1.022449,0,10.096495
24651.915540,1.804421,-0.011197,-2.863429,-0.142750,0.477846,-0.001205,-0.003456,-0.118079,0.035012,0.067700,1.667797,1.061091,1.609398,1.012115,0,10.137605
24651.935546,1.805254,-0.010881,-2.726770,-0.126621,0.484460,-0.001411,-0.002071,-0.092221,0.032660,0.069891,1.631558,1.046146,1.566643,1.004461,0,10.174294
24651.955544,1.807477,-0.007624,-2.486614,-0.115075,0.490466,-0.000355,-0.000750,-0.034453,0.028113,0.064601,1.592855,1.032851,1.530061,1.000904,0,10.213625
24651.992585,1.811473,-0.005533,-2.207449,-0.106983,0.495648,-0.004111,0.002087,-0.142656,0.020911,0.064229,1.554229,1.020911,1.490000,1.000000,0,10.253339
24651.998219,1.816060,-0.006190,-1.984593,-0.100879,0.500689,0.004322,-0.003168,0.095889,0.007139,0.053601,1.503601,1.007139,1.450000,1.000000,0,10.298381
24652.015549,1.821900,-0.009186,-1.823758,-0.096235,0.501873,-0.000675,-0.001137,-0.042808,-0.000983,0.063949,1.470616,0.999017,1.406667,1.000000,0,10.342010
24652.035547,1.826030,-0.009935,-1.741464,-0.094986,0.507212,-0.000238,-0.000395,-0.018300,-0.011521,0.065665,1.428998,0.988479,1.363333,1.000000,0,10.381257
24652.055552,1.831605,-0.010161,-1.653533,-0.097960,0.512531,-0.000092,0.000213,0.009462,-0.020266,0.065007,1.388340,0.979734,1.323333,1.000000,0,10.422605
24652.092687,1.837330,-0.011251,-1.604402,-0.104497,0.518022,-0.004820,0.001998,0.070096,-0.029286,0.063680,1.347013,0.970714,1.283333,1.000000,0,10.463880
24652.098714,1.843063,-0.012284,-1.592320,-0.115036,0.523217,0.005128,0.001732,0.043914,-0.039425,0.060752,1.300752,0.960575,1.240000,1.000000,0,10.507738
24652.115551,1.849719,-0.012677,-1.589416,-0.130589,0.527030,0.000333,0.001870,0.070278,-0.043802,0.074080,1.270747,0.956198,1.196667,1.000000,0,10.547034
24652.135553,1.853564,-0.017816,-1.716294,-0.141542,0.531292,0.000143,0.000624,0.028445,-0.043982,0.075796,1.232463,0.956018,1.156667,1.000000,0,10.582438
24652.155556,1.857623,-0.022298,-1.939301,-0.148957,0.534526,0.000140,0.000448,0.019614,-0.047354,0.061533,1.184866,0.952646,1.123333,1.000000,0,10.624466
24652.193531,1.861650,-0.023083,-2.128670,-0.163109,0.537375,-0.001840,0.000707,0.195444,-0.049518,0.060692,1.140692,0.950482,1.080000,1.000000,0,10.669336
24652.199473,1.865784,-0.021586,-2.261866,-0.178499,0.540357,0.004409,0.004908,0.004276,-0.050467,0.054195,1.090862,0.949533,1.036667,1.000000,0,10.714859
24652.215558,1.870656,-0.018496,-2.338633,-0.197671,0.541863,0.001926,0.003573,0.119258,-0.048499,0.065901,1.054890,0.950289,0.989974,1.000101,0,10.755410
24652.235580,1.872468,-0.021246,-2.461388,-0.214612,0.544397,0.000821,0.000785,0.031669,-0.042917,0.065370,1.010698,0.953267,0.949952,1.002511,0,10.792715
24652.255557,1.872027,-0.026584,-2.752398,-0.227513,0.546824,0.000678,0.000616,0.023326,-0.037521,0.063141,0.969243,0.959658,0.913542,1.007532,0,10.833001
24652.293489,1.870953,-0.027227,-3.007007,-0.236263,0.549660,0.002405,-0.002935,0.142680,-0.035334,0.061310,0.924825,0.966437,0.874361,1.016043,0,10.873745
24652.299416,1.869391,-0.025412,-3.210981,-0.244678,0.553731,-0.001428,0.003776,-0.105385,-0.032435,0.059418,0.877989,0.978339,0.832834,1.028772,0,10.916309
24652.315562,1.867153,-0.021222,-3.375221,-0.247931,0.554911,0.000557,0.000562,0.018935,-0.029314,0.067805,0.845513,0.989211,0.795614,1.043682,0,10.955289
24652.335552,1.865224,-0.018792,-3.454165,-0.251230,0.559935,0.000604,0.000213,0.004644,-0.033196,0.061053,0.797296,1.003073,0.759709,1.061525,0,10.994239
24652.355551,1.862615,-0.016462,-3.544385,-0.256082,0.564544,0.000402,0.000198,0.006095,-0.031247,0.061447,0.759531,1.022324,0.725349,1.082188,0,11.036907
24652.394438,1.859508,-0.014346,-3.613416,-0.256053,0.568890,0.003347,-0.001662,0.026405,-0.029876,0.067014,0.724202,1.042621,0.690125,1.107600,0,11.076434
24652.400430,1.856304,-0.012329,-3.662107,-0.252230,0.573486,-0.003174,0.001326,-0.026137,-0.024791,0.059894,0.689536,1.072677,0.662136,1.131424,0,11.117411
24652.415544,1.852314,-0.010248,-3.694643,-0.240507,0.573536,-0.000371,-0.000535,-0.020472,-0.025170,0.067708,0.658622,1.095217,0.631424,1.162136,0,11.157862
24652.435548,1.850692,-0.008260,-3.685725,-0.231652,0.578247,-0.000155,-0.000356,-0.016369,-0.026901,0.066246,0.625022,1.123961,0.605538,1.192755,0,11.195847
24652.455548,1.849852,-0.005571,-3.628890,-0.221812,0.582959,-0.000743,-0.001221,-0.036907,-0.027047,0.058821,0.594170,1.158620,0.584033,1.222562,0,11.237670
24652.493212,1.849440,-0.004669,-3.565375,-0.211850,0.586801,-0.003185,-0.001673,-0.155794,-0.023989,0.066628,0.572508,1.189751,0.561525,1.259709,0,11.278252
24652.499163,1.848762,-0.005324,-3.516389,-0.197478,0.590584,-0.001195,-0.003619,-0.028589,-0.036077,0.054330,0.532965,1.231284,0.543682,1.295614,0,11.321047
24652.515568,1.848568,-0.007044,-3.485605,-0.179666,0.589951,-0.002194,-0.003329,-0.114071,-0.034301,0.067057,0.517259,1.261390,0.527665,1.335988,0,11.362180
24652.535554,1.850405,-0.003679,-3.377477,-0.160295,0.592319,-0.001362,-0.003643,-0.109710,-0.031914,0.068515,0.502369,1.300024,0.516043,1.374361,0,11.398335
24652.555552,1.855330,0.000232,-3.143445,-0.140442,0.592731,-0.001301,-0.002546,-0.113006,-0.028337,0.063329,0.491611,1.342865,0.508121,1.410252,0,11.439208
24652.599061,1.861473,0.003526,-2.868210,-0.120885,0.590263,-0.010330,0.001540,-0.407740,-0.025411,0.068316,0.484065,1.379436,0.502511,1.449952,0,11.479417
24652.604899,1.868613,0.003181,-2.582159,-0.101040,0.590474,0.007121,-0.009813,0.052519,-0.022138,0.042147,0.478812,1.447392,0.500101,1.489974,0,11.530568
24652.615520,1.878581,-0.003441,-2.376265,-0.073335,0.584336,-0.000494,-0.007104,-0.171633,-0.015511,0.066876,0.484489,1.476458,0.500000,1.543333,0,11.580035
24652.635552,1.883780,-0.000635,-2.214851,-0.049731,0.585614,-0.000622,-0.003623,-0.176965,-0.016085,0.071891,0.483915,1.521442,0.500000,1.593333,0,11.619130
24652.655554,1.894076,0.010455,-1.713213,-0.032194,0.583387,-0.000158,-0.004428,-0.137022,-0.018727,0.059922,0.481273,1.570078,0.500000,1.630000,0,11.665304
24652.695022,1.904543,0.011666,-1.251221,-0.021704,0.581134,-0.010229,-0.002078,-0.452041,-0.015315,0.058977,0.484685,1.617690,0.500000,1.676667,0,11.713985
24652.701207,1.914950,0.006205,-1.005283,-0.009961,0.578941,0.008957,-0.009584,-0.043631,-0.015922,0.054224,0.484078,1.672443,0.500000,1.726667,0,11.765708
24652.715553,1.927153,0.000157,-0.887909,0.002866,0.573881,0.001085,-0.002968,-0.100301,-0.016346,0.063215,0.483654,1.713451,0.500000,1.776667,0,11.814141
24652.735551,1.935400,0.007386,-0.628590,0.004967,0.574663,0.000129,-0.000129,-0.006378,-0.021181,0.068606,0.478819,1.758060,0.500000,1.826667,0,11.858400
24652.755545,1.945417,0.011324,-0.267392,0.000480,0.575913,0.000219,0.000381,0.017777,-0.022238,0.063867,0.477762,1.806133,0.500000,1.870000,0,11.905333
24652.796946,1.955535,0.007704,-0.091923,-0.005478,0.575891,-0.010070,0.002547,0.024296,-0.025299,0.064665,0.474701,1.852001,0.500000,1.916667,0,11.952726
24652.802513,1.965547,0.002808,-0.056357,-0.011042,0.575520,0.011207,-0.001277,0.000917,-0.030332,0.045985,0.469668,1.917348,0.500000,1.963333,0,12.007956
24652.815552,1.979430,-0.000195,-0.073713,-0.015636,0.570662,-0.000329,0.000828,0.026589,-0.030912,0.078869,0.469088,1.941131,0.500000,2.020000,0,12.054677
24652.835554,1.985021,-0.001971,-0.113423,-0.020436,0.573655,0.000399,0.000314,0.016152,-0.033323,0.074538,0.466677,1.992129,0.500000,2.066667,0,12.093417
24652.855557,1.994526,-0.004359,-0.214497,-0.026730,0.572823,0.000409,0.000509,0.024562,-0.032391,0.066504,0.467609,2.040163,0.500000,2.106667,0,12.141449
24652.896898,2.003788,-0.005362,-0.314183,-0.032969,0.571368,-0.008563,-0.000976,0.094459,-0.033826,0.064027,0.466174,2.089307,0.500000,2.153333,0,12.190803
24652.902496,2.012790,-0.006101,-0.421129,-0.042344,0.568985,0.010112,0.002450,-0.046210,-0.040818,0.043145,0.459182,2.160188,0.500000,2.203333,0,12.250262
24652.915554,2.025155,-0.004784,-0.519806,-0.065103,0.564285,0.000591,0.005087,0.141048,-0.032813,0.073643,0.467187,2.189690,0.500000,2.263333,0,12.301946
24652.935562,2.030119,-0.005656,-0.581163,-0.086303,0.563578,0.001414,0.002964,0.146795,-0.030277,0.072601,0.469723,2.240732,0.500000,2.313333,0,12.344222
24652.955626,2.037099,-0.013118,-0.850859,-0.108360,0.559271,0.000586,0.004178,0.192700,-0.035573,0.077667,0.464427,2.279000,0.500000,2.356667,0,12.388607
24652.994743,2.041868,-0.016018,-1.121975,-0.130746,0.556841,0.000528,0.000915,0.430183,-0.034509,0.058419,0.465491,2.341581,0.500000,2.400000,0,12.437092
24653.001433,2.048050,-0.017369,-1.466769,-0.161924,0.551987,0.004771,0.005261,-0.243377,-0.038249,0.035519,0.461751,2.414481,0.500000,2.450000,0,12.500944
24653.015558,2.052660,-0.016261,-1.906798,-0.198045,0.544874,0.002299,0.003052,0.129589,-0.026139,0.069292,0.472196,2.444798,0.500179,2.513367,0,12.553311
24653.035563,2.052352,-0.018889,-2.147075,-0.222722,0.540995,0.001411,0.000850,0.035128,-0.022864,0.071479,0.472293,2.495323,0.504027,2.563330,0,12.593701
24653.055556,2.048007,-0.021846,-2.612573,-0.242705,0.538388,0.002228,0.001905,0.055163,-0.019995,0.067847,0.477453,2.544077,0.511394,2.606134,0,12.639452
24653.099211,2.042959,-0.017401,-2.960816,-0.259325,0.537221,0.013125,-0.007720,0.280991,-0.031373,0.060244,0.474635,2.599894,0.522449,2.648138,0,12.686665
24653.104761,2.036443,-0.011687,-3.226047,-0.277021,0.537236,-0.009291,0.008129,-0.199604,-0.037705,0.043478,0.486864,2.666460,0.538381,2.692113,0,12.740332
24653.115565,2.024159,-0.002535,-3.504671,-0.284710,0.532802,0.000531,0.000910,0.004782,-0.035783,0.073740,0.496007,2.696195,0.563141,2.743216,0,12.784785
24653.135567,2.018145,0.001147,-3.592179,-0.286653,0.533739,0.000944,0.000257,0.006484,-0.034453,0.069034,0.518675,2.742346,0.585897,2.780212,0,12.823502
24653.155557,2.006636,0.006642,-3.710918,-0.285797,0.534036,-0.000149,-0.000139,-0.004002,-0.033830,0.066021,0.542009,2.782095,0.609680,2.812491,0,12.868384
24653.196604,1.993898,0.011431,-3.793115,-0.277431,0.532895,0.012739,-0.003169,-0.001734,-0.039665,0.062929,0.566133,2.827043,0.638273,2.845186,0,12.911759
24653.202481,1.981732,0.015629,-3.837216,-0.272839,0.536961,-0.014161,0.002161,-0.025782,-0.043969,0.042200,0.608866,2.880391,0.669595,2.875276,0,12.963590
24653.215558,1.964199,0.019039,-3.864826,-0.266804,0.536932,0.000130,-0.000496,-0.012362,-0.041152,0.071340,0.629529,2.900857,0.711541,2.908401,0,13.007751
24653.235553,1.957190,0.020081,-3.858759,-0.258687,0.542188,-0.000711,-0.000376,-0.014653,-0.053817,0.079081,0.652648,2.938536,0.748073,2.931894,0,13.038826
24653.255545,1.946677,0.021166,-3.824688,-0.249564,0.548070,-0.000242,-0.000219,-0.010254,-0.056972,0.063630,0.692009,2.968411,0.774495,2.946259,0,13.076764
24653.292592,1.937974,0.021155,-3.766842,-0.238457,0.552267,0.005529,0.002296,-0.072370,-0.067904,0.067862,0.722480,3.000103,0.810976,2.962893,0,13.115374
24653.298496,1.930803,0.020112,-3.692637,-0.229918,0.558471,-0.005856,-0.003107,0.051262,-0.069974,0.051562,0.774830,3.026144,0.845492,2.975528,0,13.158716
24653.315546,1.923301,0.016797,-3.610128,-0.218797,0.560041,-0.000085,-0.000367,-0.025000,-0.074681,0.063740,0.808416,3.045543,0.887344,2.987143,0,13.200850
24653.335555,1.919863,0.015204,-3.538090,-0.209291,0.565862,-0.000317,-0.000366,-0.017128,-0.080307,0.070381,0.849121,3.064753,0.930046,2.995082,0,13.235640
24653.355557,1.917078,0.013236,-3.427911,-0.197069,0.571115,-0.000423,-0.000575,-0.025413,-0.086924,0.065897,0.891165,3.080498,0.963270,2.998649,0,13.274328
24653.394028,1.915874,0.011087,-3.307522,-0.181662,0.575761,-0.001547,0.002823,-0.147729,0.046199,0.101660,0.934193,3.092548,0.996658,2.999989,1,13.320106
24653.400034,1.916471,0.009560,-3.162933,-0.162676,0.582216,0.000703,-0.004709,0.069913,-0.098385,0.053316,0.986684,3.098385,1.040000,3.000000,1,13.372243
24653.415560,1.918204,0.005880,-3.013049,-0.137980,0.583982,-0.001244,-0.002716,-0.088755,-0.102065,0.069790,1.020210,3.102065,1.090000,3.000000,1,13.416807
24653.435552,1.921362,0.007775,-2.834649,-0.114666,0.589051,-0.000632,-0.001519,-0.072619,-0.104946,0.069499,1.067168,3.104946,1.136667,3.000000,1,13.457808
24653.455549,1.928055,0.011949,-2.484209,-0.094586,0.589861,-0.000338,-0.001386,-0.066889,-0.105111,0.064774,1.111892,3.105111,1.176667,3.000000,1,13.503098
24653.496432,1.935941,0.012785,-2.119610,-0.075151,0.589059,-0.009300,0.004973,-0.308485,-0.102476,0.063042,1.156958,3.102476,1.220000,3.000000,1,13.548778
24653.502310,1.944792,0.012110,-1.762801,-0.055703,0.587364,0.009489,-0.008172,0.179973,-0.103490,0.049045,1.217622,3.103490,1.266667,3.000000,1,13.601364
24653.515579,1.957124,0.005647,-1.434943,-0.039724,0.581100,-0.000790,-0.002602,-0.097528,-0.100476,0.077504,1.242496,3.100476,1.320000,3.000000,1,13.645471
24653.535556,1.962740,0.007457,-1.254967,-0.025363,0.583499,-0.000060,-0.000949,-0.048499,-0.093860,0.074467,1.288866,3.093860,1.363333,3.000000,1,13.682359
24653.555548,1.972517,0.011127,-0.886655,-0.016085,0.582210,0.000067,-0.002350,-0.073995,-0.089121,0.066194,1.333806,3.089121,1.400000,3.000000,1,13.727609
24653.592831,1.982296,0.008707,-0.639391,-0.008331,0.580160,-0.007938,0.001415,-0.185147,-0.081952,0.065366,1.381301,3.081952,1.446667,3.000000,1,13.774500
24653.598945,1.992100,0.007772,-0.443802,-0.001213,0.576163,0.008705,-0.002888,0.101027,-0.073569,0.057717,1.435616,3.073569,1.493333,3.000000,1,13.825192
24653.615553,2.003640,0.005764,-0.260040,0.005399,0.569641,0.000250,-0.001190,-0.050361,-0.069285,0.069181,1.474152,3.069285,1.543333,3.000000,1,13.872573
24653.635552,2.011134,0.005862,-0.151247,0.012231,0.568770,0.000272,-0.000482,-0.024861,-0.059535,0.070217,1.519783,3.059535,1.590000,3.000000,1,13.916199
24653.655549,2.019928,0.006837,0.010320,0.018153,0.566604,0.000444,-0.000439,-0.021914,-0.051711,0.064794,1.568539,3.051711,1.633333,3.000000,1,13.963522
24653.695894,2.028612,0.006682,0.146946,0.024094,0.562252,-0.007399,0.001458,-0.096931,-0.043403,0.067543,1.615790,3.043403,1.683333,3.000000,1,14.011787
24653.702043,2.036881,0.006355,0.265445,0.027456,0.557375,0.009043,-0.002187,0.062167,-0.030177,0.045248,1.684752,3.030177,1.730000,3.000000,1,14.069551
24653.715560,2.048197,0.004379,0.369365,0.032049,0.550294,-0.000221,-0.000616,-0.025590,-0.027999,0.076152,1.710515,3.027999,1.786667,3.000000,1,14.119233
24653.735565,2.052520,0.004486,0.414678,0.035587,0.552672,0.000321,-0.000235,-0.012100,-0.021913,0.077169,1.759498,3.021913,1.836667,3.000000,1,14.158913
24653.755550,2.059559,0.005014,0.506636,0.036589,0.552082,0.000335,-0.000256,-0.007984,-0.018689,0.069655,1.807012,3.018689,1.876667,3.000000,1,14.205998
24653.801662,2.066473,0.004119,0.568452,0.035654,0.550877,-0.007813,0.001194,-0.018162,-0.014178,0.067721,1.855612,3.014178,1.923333,3.000000,1,14.253773
24653.812341,2.073341,0.002842,0.599688,0.033845,0.548569,0.008704,-0.000628,0.019805,-0.004800,0.031482,1.941852,3.004800,1.973333,3.000000,1,14.319367
24653.822846,2.085389,0.001301,0.620210,0.030575,0.541788,0.001182,0.000661,0.018333,-0.001107,0.058722,1.977945,3.001107,2.036667,3.000000,1,14.381932
24653.835550,2.089593,0.000721,0.616474,0.028576,0.542246,-0.000042,0.000770,0.022228,-0.001931,0.095090,2.004910,3.001931,2.100000,3.000000,1,14.418266
24653.855546,2.093197,-0.000068,0.601838,0.025850,0.547121,0.000198,0.000170,0.009692,-0.001274,0.082663,2.054004,3.001274,2.136667,3.000000,1,14.456552
24653.890262,2.099368,-0.001837,0.541332,0.021998,0.548212,-0.003991,-0.000218,0.046757,0.001392,0.072408,2.104259,2.998608,2.176667,3.000000,1,14.504550
24653.896026,2.105690,-0.002611,0.478752,0.018797,0.547071,0.004566,0.000770,-0.021557,0.003749,0.069090,2.154244,2.996251,2.223333,3.000000,1,14.554308
24653.915545,2.111954,-0.002286,0.431324,0.015555,0.544684,0.000665,0.000281,0.015158,0.004735,0.067948,2.205385,2.995265,2.273333,3.000000,1,14.605059
24653.935553,2.118148,-0.002905,0.369888,0.010720,0.540669,0.000526,0.000311,0.017387,0.004769,0.067257,2.256076,2.995231,2.323333,3.000000,1,14.656719
24653.955548,2.124057,-0.003488,0.296978,0.005819,0.535707,0.000559,0.000305,0.017539,0.004358,0.069166,2.307501,2.995642,2.376667,3.000000,1,14.707958
24653.991349,2.129650,-0.003936,0.216732,0.002388,0.529865,-0.002968,-0.000758,0.052463,0.004055,0.066670,2.359997,2.995945,2.426667,3.000000,1,14.759860
24653.997211,2.134928,-0.003905,0.139848,0.000350,0.522780,0.004670,0.001262,-0.034666,0.004083,0.060040,2.419960,2.995917,2.480000,3.000000,1,14.815928
24654.015554,2.140823,-0.002735,0.080108,-0.001604,0.516121,0.000298,0.000394,0.019282,0.005104,0.070786,2.462548,2.994896,2.533333,3.000000,1,14.868078
24654.035545,2.144514,-0.002336,0.046664,-0.003680,0.514663,0.000683,0.000265,0.014707,0.004709,0.072288,2.514379,2.995291,2.586667,3.000000,1,14.916771
24654.055546,2.148751,-0.002290,0.004177,-0.005099,0.510119,0.000587,0.000096,0.005388,0.003625,0.070315,2.566352,2.996375,2.636667,3.000000,1,14.968083
24654.091128,2.152571,-0.002164,-0.039523,-0.005989,0.504757,-0.001616,-0.000490,0.018719,0.003682,0.068676,2.617991,2.996318,2.686667,3.000000,1,15.019649
24654.096983,2.156034,-0.001708,-0.071982,-0.006307,0.499485,0.003098,0.000610,-0.014146,0.002102,0.057902,2.678765,2.997898,2.736667,3.000000,1,15.075456
24654.115567,2.159873,-0.000973,-0.094311,-0.006537,0.492523,0.000298,0.000007,0.002931,0.005351,0.074968,2.718365,2.994649,2.793333,3.000000,1,15.126349
24654.135545,2.162092,-0.000626,-0.103441,-0.006731,0.492172,0.000872,0.000026,0.001394,0.001497,0.068705,2.774629,2.998503,2.843333,3.000000,1,15.174898
24654.155550,2.164973,-0.000351,-0.111511,-0.006188,0.488219,0.000518,-0.000035,-0.002008,0.000202,0.067541,2.825793,2.999798,2.893333,3.000000,1,15.228358
24654.192517,2.167238,-0.000036,-0.114186,-0.005463,0.486397,-0.000799,-0.000088,-0.006583,0.000039,0.068013,2.878654,2.999961,2.946667,3.000000,1,15.281035
24654.197905,2.169397,0.000310,-0.109560,-0.003786,0.484103,0.002021,-0.000157,0.000139,-0.000198,0.059288,2.940712,3.000198,3.000000,3.000000,1,15.337861
24654.215571,2.171812,0.000419,-0.103137,0.000460,0.479710,0.000322,-0.001090,-0.034944,0.002806,0.077041,2.979626,2.997194,3.056667,3.000000,1,15.388970
24654.235558,2.173169,0.000766,-0.090094,0.002797,0.480456,0.000730,-0.000422,-0.023991,-0.000716,0.071811,3.034856,3.000716,3.106667,3.000000,1,15.437047
24654.255556,2.175086,0.002010,-0.046952,0.004625,0.478838,0.000295,-0.000109,-0.006468,0.003090,0.073530,3.083137,2.996910,3.156667,3.000000,1,15.488808
24654.293251,2.176445,0.002598,0.011223,0.007056,0.478918,-0.000285,0.000644,-0.037695,0.000220,0.068319,3.138347,2.999780,3.206667,3.000000,1,15.540280
24654.298992,2.178114,0.002490,0.061521,0.007996,0.476950,0.001349,-0.000843,0.024803,0.000740,0.062204,3.197796,2.999260,3.260000,3.000000,1,15.596773
24654.315563,2.179723,0.001639,0.101546,0.009348,0.472858,0.000350,-0.000184,-0.008772,0.003416,0.079947,3.236720,2.996584,3.316667,3.000000,1,15.647099
24654.335552,2.180604,0.001347,0.122827,0.009659,0.472950,0.000365,-0.000022,-0.001125,0.004295,0.079435,3.287231,2.995705,3.366667,3.000000,1,15.692380
24654.355553,2.181598,0.001048,0.148479,0.011074,0.471749,0.000522,-0.000327,-0.010651,0.004113,0.070713,3.339287,2.995887,3.410000,3.000000,1,15.742909
24654.394100,2.182656,0.000584,0.164107,0.011769,0.469240,0.000221,0.000180,-0.020261,0.003904,0.068719,3.391281,2.996096,3.460000,3.000000,1,15.794599
24654.399890,2.183590,0.000514,0.180234,0.010042,0.466517,0.000959,0.000008,0.017699,0.000675,0.058429,3.454905,2.999325,3.513333,3.000000,1,15.851336
24654.415558,2.184612,0.000304,0.198820,0.004340,0.461836,0.000415,0.000724,0.028283,0.004101,0.075846,3.494154,2.995899,3.570000,3.000000,1,15.903749
24654.435549,2.184999,-0.001001,0.181688,-0.004163,0.460390,0.000341,0.000532,0.030577,0.004812,0.079646,3.543687,2.995188,3.623333,3.000000,1,15.949199
24654.455552,2.185202,-0.003815,0.090594,-0.013226,0.456373,0.000609,0.000601,0.033881,0.004056,0.070655,3.596012,2.995944,3.666667,3.000000,1,15.999689
24654.495285,2.185383,-0.005720,-0.036336,-0.025865,0.450643,0.001498,-0.001466,0.163606,0.003519,0.069218,3.647449,2.996481,3.716667,3.000000,1,16.051140
24654.500805,2.185139,-0.007435,-0.200403,-0.043035,0.444351,0.000038,0.003755,-0.064869,-0.000284,0.060100,3.709900,3.000284,3.770000,3.000000,1,16.106908
24654.515555,2.184688,-0.005852,-0.357098,-0.068787,0.436530,0.001357,0.005671,0.162955,0.003358,0.077363,3.749303,2.996642,3.826667,3.000000,1,16.159150
24654.535552,2.183667,-0.007741,-0.511961,-0.099972,0.430529,0.002115,0.003539,0.187518,0.002638,0.075210,3.801457,2.997362,3.876667,3.000000,1,16.205578
24654.555552,2.180558,-0.015494,-0.886692,-0.132446,0.422589,0.001808,0.001893,0.093687,0.002646,0.069431,3.853902,2.997354,3.923333,3.000000,1,16.256591
24654.595684,2.174784,-0.020957,-1.413145,-0.161810,0.415451,0.010823,-0.006852,0.420139,0.004930,0.072928,3.903738,2.995070,3.976667,3.000000,1,16.307512
24654.601186,2.166575,-0.020783,-1.915634,-0.188285,0.410652,-0.007256,0.008674,-0.267563,0.006771,0.060661,3.965788,2.995766,4.026724,2.999285,1,16.362088
24654.615559,2.155938,-0.012656,-2.340492,-0.218857,0.406091,0.001892,0.004036,0.083981,0.016366,0.074728,4.003484,2.989360,4.079867,2.993580,1,16.413067
24654.635553,2.146912,-0.008562,-2.573842,-0.243461,0.402372,0.005537,0.005645,0.170362,0.020272,0.075998,4.050216,2.983108,4.128871,2.983107,1,16.457265
24654.655546,2.134850,-0.002010,-2.793963,-0.265903,0.397229,0.004445,0.002576,0.106366,0.017505,0.067126,4.104421,2.975819,4.173450,2.968951,1,16.506600
24654.694261,2.119228,0.000387,-3.028530,-0.283621,0.390387,0.021603,-0.004420,0.203949,0.017079,0.068728,4.150271,2.964064,4.219519,2.949234,1,16.556246
24654.700009,2.098566,0.002155,-3.305927,-0.293669,0.385379,-0.018860,0.005093,-0.169111,0.006789,0.053540,4.211302,2.948860,4.260537,2.926756,1,16.607731
24654.715563,2.073103,0.008248,-3.545678,-0.298674,0.379854,0.000124,0.000282,0.001032,0.007470,0.069356,4.245051,2.932835,4.304602,2.896507,1,16.655432
24654.735551,2.054763,0.012546,-3.659385,-0.299151,0.379484,-0.000406,-0.000094,-0.002506,0.009410,0.073417,4.280129,2.909386,4.340320,2.866309,1,16.695509
24654.755579,2.030523,0.017171,-3.762068,-0.291793,0.378339,-0.000411,-0.000158,-0.005503,0.005047,0.070435,4.317261,2.886374,4.368576,2.837864,1,16.736639
24654.795499,2.006842,0.020859,-3.820390,-0.281867,0.380354,0.021388,-0.000498,-0.011910,-0.001809,0.068005,4.356513,2.859633,4.396507,2.804602,1,16.778803
24654.801348,1.984288,0.023049,-3.844840,-0.273151,0.385918,-0.021424,-0.000830,-0.017483,-0.012688,0.058497,4.398482,2.827846,4.419638,2.771852,1,16.823298
24654.815551,1.956766,0.022817,-3.858452,-0.261068,0.390583,-0.003274,-0.001022,-0.021337,-0.012751,0.074561,4.419993,2.803445,4.443205,2.731451,1,16.862387
24654.835553,1.940068,0.022103,-3.843998,-0.247678,0.398357,-0.001325,-0.000692,-0.026651,-0.014101,0.069731,4.444304,2.767873,4.459010,2.698267,1,16.897867
24654.855549,1.921977,0.021032,-3.787838,-0.233252,0.405721,-0.000982,-0.000574,-0.021707,-0.019135,0.068368,4.467984,2.734874,4.472335,2.664012,1,16.935999
24654.895162,1.906507,0.019150,-3.693454,-0.216932,0.413222,0.010392,0.004677,-0.139819,-0.026497,0.068597,4.491029,2.701980,4.483107,2.628871,1,16.972568
24654.901183,1.893566,0.016429,-3.569454,-0.200377,0.420881,-0.010892,-0.005840,0.076395,-0.023433,0.058667,4.503376,2.655037,4.491268,2.593034,1,17.013085
24654.915549,1.879812,0.010553,-3.430000,-0.177733,0.423331,-0.002696,-0.003966,-0.087080,-0.026155,0.069078,4.515775,2.624848,4.497143,2.553372,1,17.051999
24654.935555,1.872473,0.007508,-3.321974,-0.156916,0.430435,-0.003968,-0.007104,-0.209077,-0.020959,0.069733,4.518909,2.583635,4.499821,2.513367,1,17.087986
24654.955560,1.864585,0.003303,-3.185671,-0.130983,0.436757,-0.003208,-0.004385,-0.191076,-0.027334,0.067786,4.527334,2.544452,4.500000,2.476667,1,17.127831
24654.994648,1.860239,0.006471,-2.906655,-0.106826,0.442465,-0.001018,0.004187,-0.394679,-0.029355,0.065432,4.529355,2.502099,4.500000,2.436667,1,17.169101
24655.000612,1.859935,0.010910,-2.448358,-0.087505,0.444226,-0.000531,-0.007650,0.228295,-0.031734,0.057738,4.531734,2.454405,4.500000,2.396667,1,17.213748
24655.015590,1.859901,0.005363,-2.041762,-0.072153,0.442051,-0.000475,-0.004192,-0.105663,-0.036257,0.071931,4.536257,2.421931,4.500000,2.350000,1,17.254602
24655.035554,1.861095,0.003542,-1.799283,-0.058169,0.445634,-0.000862,-0.002095,-0.097069,-0.045420,0.074189,4.545420,2.384189,4.500000,2.310000,1,17.290823
24655.055548,1.863104,0.004470,-1.466298,-0.051909,0.449791,-0.000462,-0.000523,-0.023012,-0.040938,0.069386,4.540938,2.342719,4.500000,2.273333,1,17.330437
24655.094478,1.865831,0.003731,-1.167223,-0.046629,0.452343,-0.003720,0.001652,-0.142610,-0.042259,0.071771,4.542259,2.305104,4.500000,2.233333,1,17.370211
24655.100621,1.868697,0.000404,-0.992003,-0.042658,0.456816,0.002585,-0.003836,0.031565,-0.044472,0.064306,4.544472,2.257639,4.500000,2.193333,1,17.412434
24655.115555,1.872451,-0.003294,-0.901299,-0.037066,0.457484,-0.000199,-0.001636,-0.045468,-0.043032,0.072335,4.543032,2.225669,4.500000,2.153333,1,17.452884
24655.135548,1.875201,-0.002842,-0.827960,-0.033128,0.462282,-0.000151,-0.000693,-0.033132,-0.046451,0.071893,4.546451,2.185226,4.500000,2.113333,1,17.490197
24655.155544,1.879264,-0.001428,-0.717346,-0.030284,0.466461,-0.000103,-0.000210,-0.009988,-0.040878,0.068952,4.540878,2.142285,4.500000,2.073333,1,17.531371
24655.194846,1.883567,-0.000896,-0.614147,-0.027498,0.469007,-0.004324,0.000646,-0.050759,-0.039946,0.068204,4.539946,2.101537,4.500000,2.033333,1,17.573423
24655.200870,1.888044,-0.001094,-0.540238,-0.024490,0.471917,0.004033,-0.001055,0.025588,-0.038336,0.061775,4.538336,2.051775,4.500000,1.990000,1,17.618363
24655.215570,1.893490,-0.001878,-0.488308,-0.019997,0.470572,0.000396,-0.000864,-0.025322,-0.043942,0.070488,4.543942,2.017155,4.500000,1.946667,1,17.661028
24655.235556,1.897252,-0.001469,-0.450786,-0.018697,0.472981,0.000110,-0.000079,-0.004137,-0.045587,0.070557,4.545587,1.973890,4.500000,1.903333,1,17.701055
24655.255557,1.902017,-0.000523,-0.383390,-0.018352,0.475304,-0.000021,-0.000081,-0.002509,-0.050126,0.070157,4.550126,1.933491,4.500000,1.863333,1,17.743150
24655.296755,1.906710,-0.000838,-0.344162,-0.017771,0.478137,-0.005180,0.000151,-0.019636,-0.049206,0.068759,4.549206,1.892092,4.500000,1.823333,1,17.784177
24655.303987,1.911379,-0.001364,-0.325576,-0.014706,0.481166,0.004637,-0.000925,-0.008327,-0.049567,0.052697,4.549567,1.832697,4.500000,1.780000,1,17.833257
24655.315559,1.917819,-0.001835,-0.316482,-0.010066,0.479069,0.000156,-0.000908,-0.025527,-0.046166,0.077656,4.546166,1.807656,4.500000,1.730000,1,17.877094
24655.335560,1.920754,-0.001024,-0.295130,-0.004191,0.482941,0.000095,-0.000416,-0.020503,-0.042357,0.077884,4.542357,1.764551,4.500000,1.686667,1,17.912934
24655.355548,1.925825,0.001528,-0.203665,0.001315,0.486010,0.000059,-0.001466,-0.045426,-0.039143,0.067506,4.539143,1.720839,4.500000,1.653333,1,17.955282
24655.395708,1.930951,0.001787,-0.133184,0.006121,0.488291,-0.005157,-0.000014,-0.100315,-0.042587,0.070296,4.542587,1.680296,4.500000,1.610000,1,17.997299
24655.402227,1.936009,0.003084,-0.048629,0.008013,0.491024,0.004500,-0.000568,0.053194,-0.042577,0.064237,4.542577,1.630904,4.500000,1.566667,1,18.042441
24655.415544,1.942209,0.003124,0.042585,0.009334,0.491483,0.000800,-0.000806,-0.013868,-0.045582,0.071315,4.545582,1.594649,4.500000,1.523333,1,18.085785
24655.435547,1.946441,0.002440,0.074068,0.005628,0.494716,-0.000173,0.000033,0.001674,-0.043739,0.075699,4.543739,1.555699,4.500000,1.480000,1,18.124292
24655.455542,1.951558,0.001498,0.089822,0.002055,0.498796,-0.000114,0.000251,0.012536,-0.041940,0.076657,4.541940,1.516657,4.500000,1.440000,1,18.164352
24655.496176,1.956898,0.000240,0.077339,-0.001746,0.502311,-0.005788,0.000116,0.040461,-0.038773,0.083008,4.538773,1.483008,4.500000,1.400000,1,18.201897
24655.504159,1.962363,-0.001106,0.035409,-0.007455,0.505773,0.004326,0.001030,-0.000727,-0.037148,0.072487,4.537148,1.435820,4.500000,1.363333,1,18.241857
24655.515553,1.968963,-0.001230,-0.003260,-0.014990,0.507447,0.000343,0.002413,0.059598,-0.037236,0.086761,4.537236,1.410094,4.500000,1.323333,1,18.278967
24655.535563,1.972510,-0.001363,-0.022853,-0.026898,0.510669,0.001350,0.006659,0.201113,-0.030531,0.064688,4.530531,1.351355,4.500000,1.286667,1,18.320672
24655.555512,1.979413,-0.000645,-0.035017,-0.044509,0.508973,0.000536,0.002432,0.128365,-0.029867,0.060332,4.529867,1.303666,4.500000,1.243333,1,18.372089
24655.594213,1.984781,-0.008976,-0.253097,-0.063793,0.507695,-0.003552,-0.001063,0.271698,-0.031943,0.064771,4.531943,1.258104,4.500000,1.193333,1,18.419267
24655.599792,1.989522,-0.015491,-0.606662,-0.083229,0.507297,0.004594,0.004241,-0.152067,-0.034345,0.059368,4.534345,1.206035,4.500000,1.146667,1,18.468309
24655.615552,1.994999,-0.013802,-0.892155,-0.107701,0.507160,0.001317,0.003529,0.123956,-0.034710,0.071385,4.534710,1.168052,4.500000,1.096667,1,18.513744
24655.635566,1.997786,-0.016829,-1.127289,-0.132963,0.510644,0.000961,0.001425,0.067621,-0.029112,0.073267,4.529112,1.123267,4.500000,1.050000,1,18.555145
24655.655553,1.999281,-0.022511,-1.555381,-0.150438,0.511069,0.000676,0.000770,0.037316,-0.024775,0.068847,4.524775,1.078847,4.500000,1.010000,1,18.598873
24655.696272,1.999680,-0.023348,-1.943547,-0.166649,0.513049,0.001499,-0.004948,0.246448,-0.020715,0.068056,4.524093,1.033198,4.498888,0.966674,1,18.642744
24655.702732,1.999037,-0.021498,-2.261258,-0.187495,0.517540,-0.000297,0.006149,-0.128579,-0.010626,0.061632,4.514047,0.982879,4.494128,0.923595,1,18.690081
24655.715562,1.997827,-0.015827,-2.510228,-0.209051,0.519893,0.001195,0.003393,0.054736,-0.003903,0.074467,4.506476,0.945730,4.484025,0.874622,1,18.734508
24655.735547,1.995969,-0.014148,-2.662299,-0.233160,0.524124,0.003056,0.001917,0.127115,-0.001026,0.084521,4.500516,0.912510,4.471349,0.833175,1,18.770537
24655.755555,1.992356,-0.014829,-2.858467,-0.250054,0.527741,-0.000507,0.001167,-0.022120,0.000140,0.066145,4.484304,0.859697,4.457851,0.799072,1,18.812496
24655.793340,1.983977,-0.014606,-3.186087,-0.263726,0.529756,0.008626,-0.004138,0.154846,-0.004812,0.061943,4.473905,0.815378,4.440320,0.763108,1,18.859372
24655.799254,1.975995,-0.011457,-3.404500,-0.276392,0.533945,-0.007569,0.004964,-0.119160,0.004120,0.055391,4.443560,0.771483,4.416313,0.723082,1,18.907118
24655.815558,1.965531,-0.005613,-3.585550,-0.283307,0.534335,0.001754,0.001163,0.030542,-0.005008,0.069257,4.434368,0.733254,4.386571,0.682884,1,18.951325
24655.835550,1.958635,-0.001505,-3.663043,-0.293103,0.537921,0.001131,0.000671,0.023973,0.004564,0.065133,4.399907,0.700377,4.357656,0.650597,1,18.992297
24655.855550,1.948285,0.001737,-3.749565,-0.298500,0.538893,0.000625,0.000210,0.004850,-0.003914,0.064596,4.379836,0.662619,4.328575,0.623120,1,19.034778
24655.891252,1.936925,0.003992,-3.830472,-0.300000,0.539435,0.009713,-0.001176,0.033150,-0.006378,0.066220,4.351956,0.629958,4.294701,0.596080,1,19.074837
24655.897275,1.925116,0.006004,-3.889590,-0.300000,0.539194,-0.008018,0.001088,-0.024869,-0.015536,0.064294,4.324389,0.594189,4.261463,0.573811,1,19.115350
24655.915549,1.913463,0.007604,-3.928150,-0.300000,0.537831,-0.001005,0.000025,-0.002563,-0.025733,0.066898,4.297846,0.561641,4.226549,0.554270,1,19.153412
24655.935563,1.901447,0.008392,-3.952739,-0.300000,0.537377,0.000142,0.000026,-0.000509,-0.033476,0.067261,4.265124,0.532208,4.190186,0.537583,1,19.190301
24655.955512,1.889666,0.008456,-3.966513,-0.300000,0.537409,0.000242,0.000086,0.000368,-0.043117,0.067567,4.233414,0.504965,4.155777,0.524886,1,19.226958
24655.992690,1.878241,0.007840,-3.973149,-0.300000,0.537728,0.008955,0.001342,-0.001061,-0.054055,0.070682,4.202157,0.479322,4.120529,0.514745,1,19.261254
24655.998288,1.866243,0.006304,-3.980748,-0.300000,0.538087,-0.007779,-0.001243,-0.002164,-0.056478,0.063443,4.160304,0.463348,4.087919,0.507790,1,19.297397
24656.015550,1.855341,0.004624,-3.983650,-0.299375,0.540216,-0.001934,-0.000427,-0.003225,-0.060290,0.066826,4.124292,0.449598,4.051601,0.502670,1,19.333739
24656.035546,1.844312,0.002494,-3.988319,-0.298205,0.542383,0.000228,0.000053,-0.000497,-0.062633,0.061716,4.078574,0.439472,4.015005,0.500225,1,19.370074
24656.055542,1.834645,0.000503,-3.989392,-0.296703,0.545963,-0.000003,0.000033,-0.000578,-0.063494,0.065281,4.040797,0.434206,3.978329,0.500470,1,19.406538
24656.092655,1.825443,-0.001524,-3.989527,-0.296191,0.550056,0.006993,0.001731,0.000596,-0.064959,0.062946,3.996722,0.431554,3.941770,0.503402,1,19.442921
24656.098368,1.816800,-0.003651,-3.991517,-0.294389,0.553802,-0.007335,-0.001773,-0.001705,-0.067232,0.059701,3.955237,0.431395,3.908800,0.508388,1,19.480077
24656.115561,1.807192,-0.005959,-3.992700,-0.292522,0.557791,0.001090,0.000308,0.000986,-0.069873,0.067190,3.916460,0.432293,3.869785,0.517254,1,19.513611
24656.135547,1.802198,-0.007108,-3.989225,-0.293074,0.562063,-0.000149,0.000038,-0.000955,-0.069330,0.064511,3.876449,0.440506,3.837899,0.527006,1,19.547695
24656.155550,1.795384,-0.008863,-3.990436,-0.292095,0.564055,0.000453,0.000149,0.001544,-0.076320,0.062256,3.834651,0.444410,3.806734,0.538862,1,19.582757
24656.193689,1.789656,-0.010325,-3.988624,-0.291757,0.565716,0.005298,0.001407,0.003092,-0.079242,0.060678,3.795271,0.454758,3.776429,0.552769,1,19.616794
24656.199457,1.784078,-0.011756,-3.988417,-0.290962,0.565831,-0.004674,-0.001208,-0.001297,-0.086411,0.055131,3.747419,0.467910,3.744246,0.570361,1,19.654421
24656.215561,1.777792,-0.013377,-3.989745,-0.289909,0.565277,0.000183,0.000001,-0.001519,-0.087656,0.065417,3.716809,0.480941,3.713439,0.590265,1,19.688379
24656.235550,1.773799,-0.014334,-3.990707,-0.289486,0.565095,0.000122,0.000042,-0.000736,-0.089475,0.065024,3.681397,0.499799,3.686767,0.610275,1,19.718562
24656.255550,1.768949,-0.015385,-3.990398,-0.289383,0.564455,0.000224,0.000062,0.000438,-0.094712,0.060811,3.645323,0.518768,3.663950,0.629769,1,19.751638
24656.294768,1.764360,-0.016402,-3.989390,-0.289520,0.564157,0.004405,0.000978,0.000478,-0.097646,0.061773,3.612592,0.540749,3.640021,0.652991,1,19.784133
24656.300547,1.759795,-0.017495,-3.990784,-0.288458,0.564270,-0.003923,-0.000923,-0.003062,-0.098699,0.051936,3.575699,0.574434,3.617693,0.677755,1,19.821467
24656.315547,1.754593,-0.018675,-3.993344,-0.288211,0.560389,-0.000016,-0.000070,-0.002107,-0.099345,0.062069,3.551066,0.598098,3.595100,0.706647,1,19.856729
24656.335550,1.751294,-0.019334,-3.993840,-0.287214,0.560977,0.000084,-0.000066,-0.003449,-0.096253,0.063969,3.526442,0.632098,3.574685,0.737118,1,19.887862
24656.355545,1.747276,-0.020098,-3.992835,-0.275647,0.557705,-0.000351,-0.000350,-0.013461,-0.095087,0.063932,3.506232,0.661756,3.559680,0.763108,1,19.919985
24656.394846,1.743936,-0.020017,-3.970405,-0.260091,0.558648,0.000919,0.000073,-0.079651,-0.091807,0.065259,3.488321,0.695568,3.544870,0.792982,1,19.951450
24656.401036,1.742110,-0.018960,-3.909763,-0.239208,0.560542,-0.001840,-0.001754,0.026010,-0.090702,0.054777,3.468250,0.736996,3.533270,0.820660,1,19.987208
24656.415561,1.740597,-0.019216,-3.833331,-0.214799,0.560632,-0.002023,-0.002885,-0.079249,-0.086811,0.068137,3.457991,0.765020,3.521379,0.855356,1,20.020147
24656.435548,1.741044,-0.017149,-3.731219,-0.191063,0.566026,-0.001073,-0.001198,-0.049931,-0.081389,0.071520,3.449579,0.799590,3.512802,0.887579,1,20.049412
24656.455549,1.745498,-0.010969,-3.444616,-0.170080,0.570176,-0.000757,-0.001096,-0.048371,-0.077444,0.065593,3.442535,0.835751,3.507500,0.913723,1,20.082070
24656.494719,1.751555,-0.008077,-3.130688,-0.149566,0.573049,-0.008190,0.002905,-0.262535,-0.072722,0.065787,3.437544,0.873582,3.502845,0.946741,1,20.116522
24656.500466,1.758681,-0.007138,-2.810634,-0.131412,0.574841,0.006131,-0.005450,0.145985,-0.066966,0.063157,3.435455,0.917973,3.500278,0.983328,1,20.154553
24656.515554,1.767538,-0.010987,-2.539922,-0.110915,0.574593,-0.000641,-0.003429,-0.103299,-0.064746,0.069406,3.435254,0.950594,3.500000,1.020000,1,20.192779
24656.535535,1.774759,-0.009393,-2.335209,-0.089175,0.577895,-0.000845,-0.001354,-0.061145,-0.063513,0.067795,3.436487,0.988872,3.500000,1.056667,1,20.229436
24656.555550,1.785173,-0.003534,-1.943112,-0.071509,0.578172,-0.000139,-0.001052,-0.051770,-0.061336,0.064240,3.438664,1.029093,3.500000,1.093333,1,20.269127
24656.593090,1.796462,-0.001063,-1.585485,-0.051240,0.578059,-0.010272,0.001436,-0.241931,-0.056343,0.064593,3.443657,1.068740,3.500000,1.133333,1,20.309320
24656.598800,1.807801,0.001063,-1.248016,-0.030037,0.577231,0.009821,-0.004949,0.116755,-0.052730,0.057639,3.447270,1.115694,3.500000,1.173333,1,20.352224
24656.615540,1.821026,-0.001187,-0.990593,-0.008715,0.573936,-0.000324,-0.005842,-0.181998,-0.049543,0.066424,3.450457,1.150243,3.500000,1.216667,1,20.394406
24656.635550,1.830351,0.001328,-0.789986,0.016231,0.571923,0.000394,-0.002695,-0.134156,-0.045359,0.068160,3.454641,1.191840,3.500000,1.260000,1,20.433914
24656.655546,1.841727,0.010242,-0.384688,0.042334,0.567797,0.000378,-0.001430,-0.071460,-0.041127,0.066762,3.458873,1.233238,3.500000,1.300000,1,20.475697
24656.693966,1.852158,0.017189,0.099830,0.063481,0.562234,-0.010048,0.001791,-0.378111,-0.039982,0.072074,3.460018,1.267926,3.500000,1.340000,1,20.515080
24656.699470,1.859989,0.019907,0.450096,0.082795,0.558079,0.011402,-0.005242,0.241612,-0.036460,0.047341,3.463540,1.332659,3.500000,1.380000,1,20.564320
24656.715557,1.873566,0.017193,0.847588,0.111499,0.550144,0.002470,-0.010079,-0.275575,-0.030103,0.067612,3.469897,1.362388,3.500000,1.430000,1,20.613026
24656.735549,1.880816,0.014623,0.965905,0.149263,0.545712,0.002623,-0.004632,-0.212802,-0.025947,0.069140,3.474053,1.407526,3.500000,1.476667,1,20.652772
24656.755542,1.886204,0.025634,1.382819,0.185446,0.539765,0.001527,-0.001457,-0.064795,-0.025944,0.065005,3.475964,1.450872,3.499721,1.516707,1,20.697580
24656.793411,1.887786,0.034835,1.974984,0.210798,0.534713,0.001969,0.003268,-0.348693,-0.033461,0.063503,3.470824,1.496100,3.495973,1.563330,1,20.744142
24656.798922,1.887697,0.036730,2.483374,0.227439,0.530914,0.000361,-0.004268,0.216943,-0.030816,0.063227,3.471650,1.540961,3.487885,1.609398,1,20.791238
24656.815547,1.887260,0.032776,2.834128,0.243484,0.530682,0.001806,-0.002918,-0.024006,-0.032595,0.062118,3.463724,1.585358,3.475528,1.654508,1,20.838053
24656.835542,1.885686,0.028557,3.091379,0.254429,0.530081,0.001635,-0.000922,-0.035494,-0.031579,0.059766,3.453719,1.630878,3.459010,1.698267,1,20.885550
24656.855547,1.882168,0.025538,3.312403,0.261452,0.530195,0.000788,-0.000237,-0.006355,-0.031003,0.058925,3.439606,1.673717,3.438475,1.740291,1,20.933445
24656.893691,1.877135,0.022292,3.499541,0.263003,0.530431,0.006089,0.003574,-0.072532,-0.028469,0.060058,3.422739,1.717347,3.412221,1.782974,1,20.980483
24656.899280,1.871682,0.018178,3.627039,0.262829,0.531655,-0.004923,-0.003633,0.064171,-0.023081,0.044477,3.394738,1.771315,3.383975,1.820255,1,21.033230
24656.915560,1.865084,0.013375,3.717048,0.258890,0.530084,-0.000114,0.000403,0.009324,-0.022270,0.067262,3.380464,1.796644,3.347596,1.859412,1,21.080281
24656.935542,1.860117,0.010805,3.748815,0.251643,0.533785,-0.000186,0.000311,0.014190,-0.020276,0.069258,3.353885,1.831206,3.312491,1.890320,1,21.119253
24656.955542,1.854779,0.007664,3.749951,0.241621,0.537040,-0.000019,0.000305,0.015145,-0.015399,0.062028,3.325397,1.864420,3.282974,1.912221,1,21.162276
24656.994846,1.850627,0.005008,3.709847,0.225840,0.539114,0.002550,-0.000131,0.104651,-0.012774,0.059874,3.291960,1.894631,3.246131,1.935224,1,21.206132
24657.000409,1.847859,0.002662,3.624836,0.206736,0.541224,-0.002671,0.001779,-0.049129,-0.009227,0.053124,3.251940,1.924507,3.207431,1.954942,1,21.253017
24657.015558,1.845035,0.002904,3.522288,0.182822,0.541517,-0.001286,0.002561,0.078710,-0.009491,0.065505,3.222780,1.941881,3.164012,1.972335,1,21.296115
24657.035555,1.844984,0.000711,3.392365,0.158659,0.545344,-0.000184,0.001170,0.057911,-0.007175,0.070133,3.188644,1.960661,3.122402,1.984786,1,21.334208
24657.055553,1.848432,-0.004473,3.084349,0.133667,0.548074,0.000140,0.001224,0.065354,-0.003127,0.066217,3.147939,1.978938,3.083165,1.993035,1,21.375186
24657.094645,1.853794,-0.006942,2.729781,0.110180,0.549019,-0.005641,-0.004638,0.313401,0.001633,0.063579,3.106873,1.994223,3.043393,1.998113,1,21.417724
24657.100400,1.860598,-0.007612,2.348177,0.089501,0.549209,0.006248,0.007322,-0.170238,0.012366,0.053910,3.053910,2.012366,3.000000,2.000000,1,21.465392
24657.115559,1.869068,-0.002011,2.026613,0.071749,0.547247,-0.000170,0.003286,0.102918,0.015920,0.070050,3.023383,2.015920,2.953333,2.000000,1,21.508624
24657.135556,1.875164,-0.002957,1.788374,0.057293,0.548243,0.000370,0.000766,0.041055,0.020662,0.069797,2.979797,2.020662,2.910000,2.000000,1,21.547071
24657.155555,1.884110,-0.006175,1.403474,0.047523,0.545786,0.000235,0.000570,0.030359,0.023870,0.067087,2.937087,2.023870,2.870000,2.000000,1,21.590673
24657.195338,1.892788,-0.005271,1.110559,0.042691,0.540444,-0.007490,-0.002910,0.118665,0.025661,0.066547,2.893214,2.025661,2.826667,2.000000,1,21.634707
24657.200817,1.901350,-0.003007,0.908414,0.041237,0.531874,0.007849,0.002781,-0.082092,0.029351,0.055534,2.838867,2.029351,2.783333,2.000000,1,21.683004
24657.215555,1.911282,0.000360,0.783215,0.046654,0.521874,0.000993,-0.000243,-0.014340,0.028854,0.071208,2.807875,2.028854,2.736667,2.000000,1,21.726723
24657.235525,1.917238,0.002640,0.759509,0.053912,0.511874,0.000612,-0.000393,-0.020065,0.027526,0.073018,2.763018,2.027526,2.690000,2.000000,1,21.765684
24657.255552,1.923714,0.005932,0.803758,0.063949,0.501874,0.000581,-0.000565,-0.028617,0.025673,0.064941,2.718274,2.025673,2.653333,2.000000,1,21.809545
24657.295212,1.929208,0.008892,0.904055,0.079144,0.491874,-0.003090,0.000055,-0.157650,0.023210,0.063682,2.673682,2.023210,2.610000,2.000000,1,21.854649
24657.300989,1.933584,0.012140,1.062496,0.099368,0.481874,0.004194,-0.002908,0.056239,0.022788,0.054532,2.617865,2.022788,2.563333,2.000000,1,21.903800
24657.315570,1.938309,0.011942,1.214870,0.132864,0.471874,0.002729,-0.006243,-0.184883,0.016948,0.070719,2.584053,2.016948,2.513333,2.000000,1,21.948743
24657.335557,1.940303,0.014984,1.361370,0.164154,0.461874,0.001327,-0.001356,-0.062060,0.009053,0.069545,2.538814,2.012313,2.469939,1.999096,1,21.989062
24657.355558,1.937818,0.026129,1.843578,0.189863,0.452390,0.001429,-0.001073,-0.047529,0.002618,0.064561,2.493605,2.006708,2.430046,1.995082,1,22.033231
24657.395449,1.933602,0.029656,2.292981,0.209962,0.444696,0.008045,0.004200,-0.283483,-0.003376,0.065877,2.448955,1.998367,2.384090,1.986379,1,22.078465
24657.400955,1.927722,0.029159,2.672887,0.223304,0.438178,-0.005129,-0.005231,0.200411,-0.002618,0.053753,2.394152,1.988953,2.342316,1.974485,1,22.127812
24657.415584,1.920203,0.023828,2.974860,0.234336,0.431184,0.001442,-0.001937,-0.037009,-0.010141,0.067941,2.361765,1.974836,2.295614,1.956318,1,22.173624
24657.435553,1.914374,0.020608,3.114699,0.240012,0.427109,0.000855,-0.000232,-0.005715,-0.012175,0.068729,2.319688,1.958458,2.253869,1.935224,1,22.214940
24657.455553,1.904550,0.018650,3.297588,0.240425,0.423796,0.000761,-0.000044,0.000659,-0.012291,0.063383,2.279171,1.939445,2.219788,1.914103,1,22.259200
24657.494974,1.894537,0.015539,3.419919,0.235439,0.421006,0.010521,0.002324,-0.015910,-0.013385,0.062182,2.241623,1.917015,2.184907,1.888222,1,22.304057
24657.500756,1.884462,0.012032,3.482397,0.225870,0.419642,-0.009253,-0.001425,0.028475,-0.010308,0.057297,2.198143,1.889826,2.150009,1.857080,1,22.351040
24657.515553,1.872457,0.009192,3.508411,0.211750,0.417656,-0.001258,0.001569,0.048589,-0.014871,0.069231,2.174228,1.866081,2.118174,1.822814,1,22.394310
24657.535550,1.865078,0.007162,3.487122,0.191429,0.419286,-0.000201,0.000791,0.039122,-0.016145,0.069635,2.144960,1.836022,2.091599,1.788459,1,22.433976
24657.555555,1.858558,0.002199,3.334632,0.167662,0.419380,-0.000074,0.001076,0.054168,-0.017944,0.067487,2.119631,1.803730,2.069799,1.754808,1,22.476326
24657.594912,1.853999,-0.001377,3.106147,0.138523,0.418886,0.002681,-0.003158,0.312022,-0.019319,0.064564,2.096469,1.769046,2.050766,1.719519,1,22.519120
24657.600425,1.851581,-0.004581,2.788567,0.105749,0.418034,-0.001706,0.007288,-0.144456,-0.021074,0.057183,2.073628,1.725491,2.033410,1.679704,1,22.565203
24657.615568,1.849851,-0.000862,2.479066,0.065749,0.418013,-0.001621,0.008365,0.251376,-0.023899,0.069157,2.060383,1.695426,2.018659,1.635318,1,22.608387
24657.635555,1.849387,-0.004329,2.179918,0.025749,0.418331,0.000491,0.002152,0.113295,-0.025113,0.070386,2.046503,1.657518,2.008732,1.593034,1,22.647104
24657.655558,1.851793,-0.018433,1.415947,-0.012116,0.414038,0.000845,0.002146,0.110812,-0.023491,0.068750,2.033552,1.619222,2.002857,1.553372,1,22.687540
24657.694959,1.853974,-0.023471,0.685781,-0.047790,0.411821,-0.000547,-0.004500,0.488980,-0.019079,0.066366,2.021025,1.579199,2.000179,1.513367,1,22.727847
24657.700289,1.855287,-0.025907,0.014549,-0.079144,0.410380,0.001865,0.008570,-0.276517,-0.004806,0.057175,2.007140,1.530112,1.999285,1.473276,1,22.772727
24657.715553,1.856947,-0.020285,-0.484073,-0.112340,0.408826,0.001645,0.006868,0.207207,0.007683,0.071428,1.997468,1.501846,1.995082,1.430046,1,22.814800
24657.735550,1.856825,-0.022744,-0.802736,-0.141154,0.410473,0.000853,0.001376,0.062620,0.015994,0.074123,1.988261,1.463164,1.987143,1.387344,1,22.851766
24657.755554,1.853862,-0.032491,-1.420099,-0.164159,0.413186,0.000666,0.001096,0.049266,0.019648,0.069892,1.979493,1.424437,1.977551,1.351862,1,22.891893
24657.795235,1.850126,-0.035000,-1.924641,-0.184668,0.418332,0.005054,-0.003220,0.294250,0.023632,0.067649,1.967364,1.385660,1.964146,1.314075,1,22.933249
24657.801089,1.845760,-0.034838,-2.325290,-0.201241,0.424305,-0.003337,0.004746,-0.186316,0.025372,0.060307,1.950813,1.339763,1.946259,1.274495,1,22.978167
24657.815555,1.840652,-0.030695,-2.632981,-0.214636,0.427900,0.001297,0.004024,0.088597,0.030187,0.070675,1.936575,1.312593,1.925005,1.236617,1,23.019898
24657.835573,1.837110,-0.027661,-2.754101,-0.224547,0.433771,0.001351,0.001965,0.080772,0.030654,0.072333,1.919282,1.277019,1.900544,1.200726,1,23.057708
24657.855549,1.831240,-0.028051,-2.930403,-0.231598,0.439277,0.000170,0.000267,0.011087,0.031074,0.067745,1.898443,1.243632,1.877477,1.172111,1,23.097735
24657.894665,1.824144,-0.028943,-3.136528,-0.234907,0.444796,0.006507,-0.002164,0.096226,0.030647,0.066327,1.875906,1.211234,1.849991,1.142920,1,23.137843
24657.900207,1.817367,-0.027594,-3.286498,-0.235273,0.450483,-0.006094,0.002190,-0.077145,0.028263,0.056576,1.845599,1.173967,1.820255,1.116025,1,23.182100
24657.915564,1.809483,-0.024844,-3.395838,-0.232791,0.454542,-0.000703,-0.000186,-0.007610,0.028991,0.066495,1.823724,1.151469,1.785723,1.089680,1,23.223297
24657.935524,1.804254,-0.023136,-3.436015,-0.228354,0.460714,-0.000538,-0.000249,-0.010126,0.027420,0.068671,1.794925,1.124411,1.749035,1.066431,1,23.260109
24657.955519,1.798622,-0.020915,-3.447136,-0.222083,0.466923,-0.000296,-0.000249,-0.010629,0.023230,0.065751,1.765720,1.098719,1.716512,1.049309,1,23.298784
24657.991155,1.794142,-0.018988,-3.420430,-0.214390,0.473355,0.001739,-0.000983,-0.075537,0.019273,0.062642,1.734076,1.075464,1.682819,1.034621,1,23.337564
24657.996729,1.790167,-0.018421,-3.386429,-0.203324,0.479283,-0.003646,-0.001778,-0.010931,0.016340,0.062307,1.699837,1.055169,1.644942,1.021469,1,23.376992
24658.015572,1.786092,-0.018944,-3.361426,-0.189509,0.485465,-0.001738,-0.001700,-0.063792,0.011677,0.063904,1.666103,1.036370,1.606134,1.011394,1,23.415439
24658.035551,1.784385,-0.015910,-3.252213,-0.174765,0.491538,-0.001210,-0.002869,-0.084558,0.005999,0.060075,1.628599,1.019263,1.569954,1.004918,1,23.454397
24658.055551,1.784567,-0.014414,-3.105034,-0.158583,0.496638,-0.002894,-0.006328,-0.185767,0.001008,0.061715,1.591603,1.005621,1.530061,1.000904,1,23.493885
24658.091368,1.784495,-0.016028,-3.013173,-0.139217,0.502075,-0.007687,-0.009858,-0.500679,-0.006511,0.062423,1.552423,0.993489,1.490000,1.000000,1,23.533276
24658.097109,1.784457,-0.018162,-2.959645,-0.117775,0.507617,-0.002309,-0.008816,-0.142708,-0.015330,0.064165,1.514165,0.984670,1.450000,1.000000,1,23.573085
24658.115551,1.784260,-0.019959,-2.930846,-0.095466,0.513666,-0.003452,-0.005535,-0.231338,-0.022377,0.060830,1.474164,0.977623,1.413333,1.000000,1,23.613106
24658.135539,1.788262,-0.005258,-2.539361,-0.083527,0.518017,-0.000524,-0.000691,-0.032371,-0.029480,0.060457,1.433790,0.970520,1.373333,1.000000,1,23.654182
24658.155551,1.795485,0.003619,-1.980845,-0.082932,0.522526,0.000036,-0.000018,-0.001821,-0.034824,0.059353,1.389353,0.965176,1.330000,1.000000,1,23.697408
24658.192319,1.802867,0.000482,-1.638658,-0.086913,0.526170,-0.005823,0.003509,-0.043814,-0.038652,0.059482,1.346149,0.961348,1.286667,1.000000,1,23.741984
24658.197859,1.810328,-0.005492,-1.484988,-0.091823,0.529186,0.005329,-0.002043,0.046633,-0.041026,0.062737,1.306070,0.958974,1.243333,1.000000,1,23.784465
24658.215551,1.817617,-0.009476,-1.429113,-0.098505,0.532376,0.001006,0.000395,0.023432,-0.042272,0.064174,1.264174,0.957728,1.200000,1.000000,1,23.825787
24658.235545,1.824747,-0.013557,-1.465785,-0.107094,0.535246,0.000146,0.000463,0.021926,-0.043202,0.061483,1.221483,0.956798,1.160000,1.000000,1,23.867978
24658.255544,1.831544,-0.016725,-1.565087,-0.118948,0.537964,0.000633,0.002786,0.083294,-0.043347,0.061560,1.178227,0.956653,1.116667,1.000000,1,23.911191
24658.291932,1.838311,-0.017074,-1.647106,-0.135566,0.540537,-0.003869,0.001298,0.200921,-0.042853,0.062528,1.135862,0.957147,1.073333,1.000000,1,23.954216
24658.297877,1.843972,-0.020883,-1.809110,-0.154465,0.542926,0.004142,0.001558,-0.075016,-0.042622,0.061582,1.091582,0.957378,1.030000,1.000000,1,23.996670
24658.315543,1.849180,-0.022060,-1.984360,-0.177871,0.544749,0.001546,0.001772,0.052191,-0.037408,0.060236,1.045848,0.961174,0.986633,1.000179,1,24.039589
24658.335543,1.852570,-0.026707,-2.245745,-0.201014,0.546062,0.001009,0.001007,0.042623,-0.031645,0.057113,1.000037,0.965296,0.946628,1.002857,1,24.082641
24658.355540,1.854150,-0.030309,-2.565213,-0.220766,0.547337,0.000954,0.000786,0.032334,-0.028293,0.059921,0.957033,0.970058,0.903684,1.009364,1,24.124723
24658.392030,1.854401,-0.031165,-2.861902,-0.235804,0.548922,0.002827,-0.001116,0.207352,-0.026482,0.062822,0.914494,0.976724,0.861468,1.019574,1,24.165883
24658.397474,1.854324,-0.028583,-3.080765,-0.248086,0.551469,0.000770,0.004548,-0.058884,-0.024144,0.063438,0.874242,0.987227,0.823419,1.032219,1,24.206433
24658.415547,1.854303,-0.024331,-3.211875,-0.257077,0.554517,0.001067,0.001434,0.027386,-0.023102,0.062190,0.832877,1.000427,0.786506,1.047871,1,24.246602
24658.435547,1.852074,-0.023498,-3.369843,-0.262989,0.558337,0.001697,0.001638,0.044319,-0.028034,0.061376,0.786963,1.012966,0.748073,1.068106,1,24.288457
24658.455546,1.849875,-0.021079,-3.489739,-0.267243,0.562494,0.000883,0.000603,0.022332,-0.031240,0.059707,0.745423,1.029924,0.714277,1.089680,1,24.330562
24658.493017,1.846618,-0.019461,-3.598210,-0.269177,0.567002,0.003578,-0.002003,0.058579,-0.025558,0.067545,0.715247,1.053134,0.679745,1.116025,1,24.369052
24658.498995,1.842556,-0.017751,-3.694310,-0.264699,0.571702,-0.002724,0.001501,-0.045447,-0.030828,0.062792,0.676109,1.074776,0.652404,1.140588,1,24.407160
24658.515554,1.838835,-0.015402,-3.758101,-0.260472,0.577129,-0.000628,-0.000529,-0.012447,-0.028752,0.074154,0.652145,1.094938,0.624724,1.169595,1,24.442270
24658.535548,1.835949,-0.013303,-3.783023,-0.254671,0.583400,-0.000928,0.000056,-0.012777,-0.033681,0.054052,0.609712,1.132016,0.603493,1.195398,1,24.482431
24658.555547,1.833101,-0.010175,-3.778835,-0.249221,0.585892,0.000121,-0.000123,-0.007513,-0.039170,0.054194,0.576953,1.161367,0.580362,1.228148,1,24.527796
24658.593145,1.831781,-0.008186,-3.745311,-0.240393,0.589751,0.000595,0.000016,-0.057286,-0.043361,0.060918,0.546558,1.194480,0.556795,1.268549,1,24.567456
24658.599364,1.831317,-0.006774,-3.691472,-0.228364,0.592978,-0.000552,-0.001015,0.027078,-0.053093,0.057302,0.513165,1.231324,0.539675,1.304805,1,24.608281
24658.615553,1.831039,-0.006880,-3.630509,-0.212013,0.593885,-0.000466,-0.000939,-0.034739,-0.051308,0.066904,0.497925,1.262645,0.525515,1.342316,1,24.646369
24658.635543,1.832555,-0.005025,-3.539355,-0.192874,0.596076,-0.000382,-0.000833,-0.038470,-0.047082,0.066576,0.485862,1.301522,0.515214,1.377598,1,24.681709
24658.655553,1.836301,-0.002124,-3.359821,-0.168892,0.595685,-0.000507,-0.001292,-0.059264,-0.045045,0.065321,0.474460,1.341415,0.507532,1.413542,1,24.719559
24658.693136,1.841701,0.000399,-3.125791,-0.143306,0.594478,-0.006604,0.002222,-0.267513,-0.041777,0.058846,0.466834,1.387220,0.502511,1.449952,1,24.761193
24658.699183,1.848841,0.003141,-2.819066,-0.118893,0.590231,0.006151,-0.006017,0.135996,-0.038579,0.055302,0.462209,1.437503,0.500045,1.493316,1,24.808575
24658.715566,1.857726,-0.000189,-2.534150,-0.090639,0.584583,-0.001172,-0.006661,-0.196515,-0.038759,0.063549,0.461241,1.476451,0.500000,1.540000,1,24.854172
24658.735554,1.864737,0.000831,-2.299628,-0.065399,0.584103,-0.000592,-0.002662,-0.140028,-0.039494,0.065191,0.460506,1.521476,0.500000,1.586667,1,24.897213
24658.755547,1.874804,0.008439,-1.842176,-0.044492,0.581194,0.000198,-0.001328,-0.067378,-0.042682,0.062004,0.457318,1.567996,0.500000,1.630000,1,24.943511
24658.792873,1.885616,0.011942,-1.347622,-0.028664,0.578088,-0.008849,0.003794,-0.258563,-0.037736,0.063665,0.462264,1.613002,0.500000,1.676667,1,24.989556
24658.798879,1.896286,0.011437,-0.937117,-0.014086,0.576334,0.009393,-0.006239,0.148449,-0.036434,0.052683,0.463566,1.667317,0.500000,1.720000,1,25.039260
24658.815555,1.908836,0.006192,-0.650018,-0.001480,0.571376,-0.000010,-0.003134,-0.100968,-0.036130,0.062619,0.463870,1.707381,0.500000,1.770000,1,25.087500
24658.835546,1.917266,0.006295,-0.466350,0.004107,0.570903,0.000350,-0.000996,-0.053012,-0.037217,0.064976,0.462783,1.755024,0.500000,1.820000,1,25.132557
24658.855545,1.927586,0.007707,-0.239999,0.004635,0.569833,0.000283,-0.000017,-0.001627,-0.032402,0.061154,0.467598,1.802179,0.500000,1.863333,1,25.179990
24658.893536,1.937674,0.006714,-0.068987,0.004638,0.568821,-0.008257,0.001674,-0.035763,-0.032640,0.064729,0.467360,1.848604,0.500000,1.913333,1,25.226855
24658.899342,1.947605,0.004400,0.016190,0.003145,0.567909,0.008931,-0.001292,0.032477,-0.030533,0.056650,0.469467,1.903350,0.500000,1.960000,1,25.277962
24658.915562,1.959293,0.002306,0.059000,0.002254,0.564950,0.000386,0.000249,0.007313,-0.032923,0.066664,0.467077,1.943336,0.500000,2.010000,1,25.326404
24658.935550,1.967085,0.001125,0.061203,-0.001294,0.565190,0.000386,0.000246,0.013329,-0.032239,0.065864,0.467761,1.990803,0.500000,2.056667,1,25.371168
24658.955554,1.976485,-0.000455,0.035496,-0.005691,0.564337,0.000434,0.000234,0.012811,-0.033680,0.062844,0.466320,2.040489,0.500000,2.103333,1,25.419764
24658.993547,1.985745,-0.001880,-0.017373,-0.013946,0.562665,-0.007140,-0.000048,0.081077,-0.030675,0.060228,0.469325,2.089772,0.500000,2.150000,1,25.469348
24658.999210,1.994746,-0.003682,-0.103136,-0.024251,0.559961,0.008108,0.001702,-0.028132,-0.026776,0.055041,0.473224,2.144959,0.500000,2.200000,1,25.521734
24659.015565,2.005158,-0.003519,-0.184693,-0.039393,0.555297,0.000720,0.003672,0.109612,-0.027157,0.068384,0.472843,2.184949,0.500000,2.253333,1,25.570704
24659.035553,2.011895,-0.005269,-0.280904,-0.060005,0.552782,0.001940,0.009131,0.286494,-0.029039,0.067893,0.470961,2.235440,0.500000,2.303333,1,25.616422
24659.055556,2.020255,-0.004613,-0.354780,-0.089937,0.549389,0.001638,0.003474,0.183303,-0.025284,0.060887,0.474716,2.285780,0.500000,2.346667,1,25.666105
24659.093946,2.026401,-0.016019,-0.713826,-0.118240,0.543407,-0.001946,-0.002243,0.397186,-0.026127,0.061523,0.473873,2.335144,0.500000,2.396667,1,25.715943
24659.099537,2.030346,-0.023974,-1.239431,-0.141435,0.537935,0.004122,0.005814,-0.259012,-0.024367,0.055796,0.475633,2.390871,0.500000,2.446667,1,25.767794
24659.115553,2.034706,-0.020412,-1.670006,-0.165845,0.533251,0.002549,0.004283,0.125065,-0.023128,0.066594,0.476872,2.433406,0.500000,2.500000,1,25.816538
24659.135557,2.036437,-0.019386,-1.930081,-0.191912,0.531341,0.002364,0.002156,0.100488,-0.016282,0.067100,0.479594,2.484915,0.502511,2.550048,1,25.862962
24659.155551,2.035524,-0.020928,-2.301976,-0.215842,0.529171,0.001343,0.000862,0.036929,-0.010755,0.061783,0.486669,2.534331,0.508732,2.593034,1,25.912031
24659.193805,2.031591,-0.020668,-2.691587,-0.234810,0.527690,0.007362,-0.005700,0.230673,-0.014962,0.064232,0.487954,2.584385,0.520511,2.641741,1,25.959510
24659.199386,2.025893,-0.017123,-3.015954,-0.250568,0.527957,-0.005380,0.006909,-0.175189,-0.015881,0.054031,0.501020,2.641674,0.535854,2.685925,1,26.010275
24659.215554,2.018175,-0.009296,-3.278668,-0.262382,0.527292,0.001605,0.000963,0.027871,-0.010361,0.065737,0.518381,2.681200,0.558352,2.734408,1,26.058802
24659.235554,2.011856,-0.004745,-3.414578,-0.272090,0.528847,0.002997,-0.000350,0.047428,-0.007706,0.081522,0.530968,2.710763,0.582188,2.774651,1,26.095775
24659.255553,2.004033,-0.000860,-3.529215,-0.276710,0.531180,-0.001246,0.001144,-0.014295,-0.013873,0.052234,0.560670,2.771631,0.603493,2.804602,1,26.141530
24659.293745,1.991527,0.004407,-3.670927,-0.282971,0.531005,0.011645,-0.002883,0.052786,-0.018640,0.052029,0.584622,2.814889,0.633691,2.840320,1,26.194746
24659.299437,1.980111,0.008331,-3.752681,-0.284430,0.532467,-0.010798,0.002840,-0.043347,-0.018808,0.048328,0.623292,2.859984,0.672111,2.877477,1,26.245398
24659.315555,1.965849,0.012126,-3.814774,-0.280648,0.530537,-0.000012,-0.000204,-0.006099,-0.028231,0.064787,0.642336,2.894083,0.711541,2.908401,1,26.289630
24659.335551,1.956156,0.013838,-3.840514,-0.274379,0.534471,0.000160,-0.000042,-0.005789,-0.031326,0.062182,0.678577,2.927623,0.748073,2.931894,1,26.328686
24659.355554,1.945143,0.015654,-3.845917,-0.268741,0.539335,-0.000335,-0.000182,-0.007410,-0.043056,0.057821,0.712726,2.964464,0.783488,2.950691,1,26.372456
24659.393897,1.934500,0.016327,-3.833914,-0.258406,0.543189,0.008358,0.001332,-0.041727,-0.049643,0.054358,0.755031,2.995028,0.823419,2.967781,1,26.416591
24659.399988,1.925842,0.016569,-3.797624,-0.250596,0.547791,-0.007703,-0.001731,0.026478,-0.060282,0.051896,0.801924,3.026664,0.867902,2.982235,1,26.462406
24659.415553,1.915756,0.014896,-3.752298,-0.239345,0.550322,-0.000352,-0.000422,-0.013680,-0.067571,0.061451,0.837670,3.047323,0.910252,2.991879,1,26.503004
24659.435550,1.910565,0.014110,-3.702619,-0.227035,0.555684,-0.000181,-0.000294,-0.015804,-0.074538,0.060673,0.882123,3.065580,0.949952,2.997489,1,26.541288
24659.455549,1.905857,0.013254,-3.610969,-0.214710,0.560393,-0.000448,-0.000455,-0.019889,0.044676,0.092151,0.921702,3.081540,0.983293,2.999721,2,26.586709
24659.493792,1.902523,0.011787,-3.501768,-0.195166,0.567237,-0.000265,0.002777,-0.149399,-0.092178,0.060233,0.966434,3.092178,1.026667,3.000000,2,26.633907
24659.499832,1.901436,0.010983,-3.353195,-0.175676,0.572429,-0.000686,-0.004709,0.076617,-0.104758,0.053618,1.019715,3.104758,1.073333,3.000000,2,26.683001
24659.515566,1.901325,0.007259,-3.196998,-0.154576,0.573735,-0.000654,-0.001664,-0.058568,-0.113029,0.062330,1.057670,3.113029,1.120000,3.000000,2,26.730000
24659.535557,1.903804,0.008822,-3.010719,-0.134335,0.577629,-0.000888,-0.001087,-0.049726,-0.117755,0.070301,1.099699,3.117755,1.170000,3.000000,2,26.771656
24659.555553,1.908479,0.010793,-2.698450,-0.118213,0.580227,-0.000397,-0.000844,-0.044043,-0.120123,0.064920,1.145080,3.120123,1.210000,3.000000,2,26.815069
24659.593067,1.914710,0.010041,-2.389798,-0.102238,0.581128,-0.006766,0.003971,-0.217078,-0.119360,0.063509,1.189825,3.119360,1.253333,3.000000,2,26.860074
24659.598964,1.922057,0.008325,-2.095566,-0.085198,0.581171,0.005099,-0.005398,0.088997,-0.116788,0.066177,1.233823,3.116788,1.300000,3.000000,2,26.905247
24659.615554,1.929700,0.003981,-1.887672,-0.065603,0.581912,0.000646,-0.005523,-0.128462,-0.112874,0.061759,1.281574,3.112874,1.343333,3.000000,2,26.951101
24659.635558,1.938160,0.003021,-1.679692,-0.046079,0.581131,-0.000331,-0.002325,-0.121306,-0.107242,0.060967,1.329033,3.107242,1.390000,3.000000,2,26.998106
24659.655554,1.947631,0.007966,-1.354385,-0.028908,0.578167,0.000167,-0.000994,-0.053315,-0.101408,0.061749,1.374918,3.101408,1.436667,3.000000,2,27.045439
24659.693534,1.957496,0.011370,-0.968540,-0.015210,0.574764,-0.008256,0.003158,-0.219881,-0.094452,0.061771,1.421562,3.094452,1.483333,3.000000,2,27.092918
24659.699514,1.967196,0.011422,-0.640442,-0.004877,0.570698,0.008710,-0.004865,0.128180,-0.084066,0.055410,1.474590,3.084066,1.530000,3.000000,2,27.142437
24659.715552,1.978674,0.007252,-0.403517,0.006393,0.564561,0.000400,-0.001078,-0.044928,-0.075985,0.065796,1.514204,3.075985,1.580000,3.000000,2,27.189455
24659.735557,1.986092,0.008501,-0.223779,0.014984,0.562829,0.000439,-0.000488,-0.026770,-0.067620,0.063132,1.563535,3.067620,1.626667,3.000000,2,27.235659
24659.755553,1.995031,0.009348,-0.000541,0.019327,0.557325,0.000439,-0.000248,-0.013510,-0.059040,0.063468,1.609865,3.059040,1.673333,3.000000,2,27.283727
24659.793512,2.003533,0.008212,0.163746,0.023287,0.552250,-0.006187,0.001693,-0.071921,-0.051031,0.063379,1.659954,3.051031,1.723333,3.000000,2,27.332416
24659.799486,2.011754,0.006744,0.279140,0.025999,0.545546,0.007144,-0.002044,0.044149,-0.041488,0.055715,1.714285,3.041488,1.770000,3.000000,2,27.384569
24659.815559,2.021027,0.004558,0.357281,0.032350,0.538939,0.000597,-0.000554,-0.022598,-0.034600,0.068826,1.754507,3.034600,1.823333,3.000000,2,27.432520
24659.835554,2.026819,0.004962,0.421722,0.037330,0.537113,0.000553,-0.000279,-0.014807,-0.027114,0.065189,1.804811,3.027114,1.870000,3.000000,2,27.478943
24659.855555,2.033543,0.005695,0.520449,0.039008,0.532069,0.000458,-0.000098,-0.005436,-0.019942,0.063660,1.853006,3.019942,1.916667,3.000000,2,27.528625
24659.893503,2.039785,0.005201,0.596656,0.041204,0.527171,-0.004209,0.000893,-0.036941,-0.012007,0.064503,1.902164,3.012007,1.966667,3.000000,2,27.577816
24659.899489,2.045698,0.004449,0.652274,0.042652,0.522237,0.005258,-0.001106,0.022750,-0.005718,0.056203,1.960464,3.005718,2.016667,3.000000,2,27.631012
24659.915553,2.052446,0.003272,0.692340,0.041617,0.515122,0.000582,0.000048,0.002089,-0.000425,0.067200,2.002800,3.000425,2.070000,3.000000,2,27.682484
24659.935552,2.056630,0.002704,0.710073,0.042795,0.513133,0.000522,-0.000079,-0.003690,0.005826,0.067010,2.052990,2.994174,2.120000,3.000000,2,27.729848
24659.955554,2.061414,0.002225,0.725347,0.042077,0.508861,0.000556,0.000035,0.002491,0.010339,0.066704,2.103296,2.989661,2.170000,3.000000,2,27.779921
24659.994019,2.065936,0.001698,0.733424,0.039467,0.503661,-0.002714,0.000308,0.019666,0.013122,0.065693,2.154307,2.986878,2.220000,3.000000,2,27.831388
24659.999951,2.070205,0.000760,0.721788,0.034652,0.497356,0.003724,0.000423,0.001561,0.015582,0.056629,2.213371,2.984418,2.270000,3.000000,2,27.885819
24660.015544,2.074934,0.000358,0.704070,0.028453,0.491378,0.000762,0.001263,0.043559,0.018105,0.067009,2.256324,2.981895,2.323333,3.000000,2,27.937004
24660.035548,2.078088,-0.000965,0.666780,0.023780,0.489987,0.000450,0.000279,0.015924,0.019895,0.069718,2.306948,2.980105,2.376667,3.000000,2,27.984793
24660.055520,2.081522,-0.003360,0.561054,0.020164,0.485625,-0.000451,0.000182,0.028836,0.020080,0.083124,2.340209,2.979920,2.423333,3.000000,2,28.027774
24660.090335,2.083774,-0.003807,0.484577,0.016703,0.487812,-0.000689,-0.000545,0.042914,0.021092,0.059271,2.407396,2.978908,2.466667,3.000000,2,28.077196
24660.096201,2.087990,-0.003552,0.387349,0.010510,0.481573,0.002449,0.001621,-0.014806,0.020723,0.059512,2.457154,2.979277,2.516667,3.000000,2,28.135051
24660.115548,2.091171,-0.002512,0.335890,0.004974,0.476119,0.000764,0.000622,0.032267,0.020243,0.065145,2.508188,2.979757,2.573333,3.000000,2,28.186411
24660.135550,2.094016,-0.003847,0.247867,0.001357,0.469522,0.000658,0.000195,0.011540,0.018798,0.066606,2.560061,2.981202,2.626667,3.000000,2,28.237793
24660.155537,2.096415,-0.004455,0.145452,-0.001096,0.463038,0.000594,0.000129,0.007237,0.016073,0.066265,2.610401,2.983927,2.676667,3.000000,2,28.288830
24660.190492,2.098352,-0.003919,0.066056,-0.005144,0.456917,-0.000074,-0.000721,0.046287,0.014734,0.064565,2.662102,2.985266,2.726667,3.000000,2,28.339646
24660.196579,2.099961,-0.003563,-0.003877,-0.008088,0.451555,0.001231,0.001128,-0.020940,0.013032,0.063349,2.713318,2.986968,2.776667,3.000000,2,28.391784
24660.215545,2.101384,-0.002620,-0.051632,-0.010102,0.446808,0.000719,0.000337,0.014139,0.011324,0.066335,2.763665,2.988676,2.830000,3.000000,2,28.442699
24660.235542,2.102414,-0.002564,-0.099930,-0.012493,0.443917,0.000543,0.000145,0.007886,0.009317,0.065324,2.814676,2.990683,2.880000,3.000000,2,28.492873
24660.255545,2.103092,-0.002627,-0.153894,-0.014799,0.441970,0.000273,0.000116,0.006738,0.003287,0.069274,2.860726,2.996713,2.930000,3.000000,2,28.541972
24660.291567,2.103363,-0.002497,-0.202744,-0.017439,0.442346,0.000614,0.000087,0.046486,0.003342,0.065250,2.914750,2.996658,2.980000,3.000000,2,28.591998
24660.296954,2.103964,-0.001844,-0.234736,-0.018683,0.441115,0.000456,0.000987,0.000135,0.000587,0.064558,2.965442,2.999413,3.030000,3.000000,2,28.644181
24660.315548,2.104390,-0.001130,-0.250348,-0.020983,0.440905,0.000471,0.000359,0.016817,-0.002046,0.067772,3.015562,3.002046,3.083333,3.000000,2,28.694616
24660.335548,2.104711,-0.001891,-0.289086,-0.021514,0.440945,0.000412,0.000041,0.001822,-0.005009,0.067767,3.065566,3.005009,3.133333,3.000000,2,28.744155
24660.355549,2.104964,-0.002069,-0.333400,-0.020997,0.441150,0.000375,-0.000013,-0.001470,-0.008342,0.068009,3.115324,3.008342,3.183333,3.000000,2,28.793993
24660.392547,2.105203,-0.001409,-0.355966,-0.020858,0.441462,0.000525,-0.000337,0.001696,-0.011474,0.067355,3.165978,3.011474,3.233333,3.000000,2,28.844107
24660.398223,2.105497,-0.000803,-0.365119,-0.020708,0.441384,0.000195,0.000206,-0.003071,-0.013889,0.068931,3.214403,3.013889,3.283333,3.000000,2,28.893867
24660.415549,2.105655,-0.000440,-0.368848,-0.020486,0.441933,0.000321,0.000015,-0.000917,-0.016661,0.069355,3.263978,3.016661,3.333333,3.000000,2,28.943869
24660.435547,2.105885,-0.000135,-0.367226,-0.021621,0.442102,0.000409,0.000067,0.003386,-0.019653,0.069668,3.313666,3.019653,3.383333,3.000000,2,28.993675
24660.455549,2.106176,-0.000262,-0.370679,-0.022371,0.442288,0.000321,0.000050,0.002318,-0.021736,0.071001,3.362332,3.021736,3.433333,3.000000,2,29.042829
24660.491505,2.106374,-0.000468,-0.380069,-0.024451,0.442916,0.000446,0.000005,0.018191,-0.025347,0.068468,3.411532,3.025347,3.480000,3.000000,2,29.091760
24660.497200,2.106610,-0.000877,-0.398771,-0.028773,0.444000,0.000267,0.000622,0.001041,-0.027233,0.069430,3.460570,3.027233,3.530000,3.000000,2,29.140367
24660.515548,2.106833,-0.000861,-0.415530,-0.035532,0.445341,0.000375,0.000453,0.022095,-0.030311,0.070497,3.509503,3.030311,3.580000,3.000000,2,29.189732
24660.535545,2.107002,-0.002975,-0.487547,-0.043625,0.446391,0.000359,0.000418,0.023855,-0.032284,0.072111,3.557889,3.032284,3.630000,3.000000,2,29.238465
24660.555546,2.107009,-0.004855,-0.600385,-0.053858,0.447362,0.000460,0.000526,0.029807,-0.036526,0.069931,3.606736,3.036526,3.676667,3.000000,2,29.286563
24660.596323,2.106880,-0.006379,-0.740312,-0.066358,0.447670,0.001304,-0.001686,0.153634,-0.040920,0.074276,3.652391,3.040920,3.726667,3.000000,2,29.333961
24660.601570,2.106273,-0.007891,-0.910780,-0.079274,0.447776,-0.000167,0.003156,-0.075758,-0.040945,0.059411,3.713923,3.040945,3.773333,3.000000,2,29.386601
24660.615546,2.105667,-0.006089,-1.058413,-0.099682,0.445563,0.001101,0.004434,0.112549,-0.043362,0.077033,3.749634,3.043362,3.826667,3.000000,2,29.435551
24660.635545,2.104709,-0.006672,-1.173946,-0.120154,0.445568,0.001324,0.002146,0.112080,-0.042908,0.073117,3.800216,3.042908,3.873333,3.000000,2,29.479041
24660.655547,2.101830,-0.012112,-1.452490,-0.144203,0.444851,0.001145,0.001279,0.061618,-0.042932,0.068094,3.848573,3.042932,3.916667,3.000000,2,29.526651
24660.697982,2.097244,-0.015777,-1.818499,-0.164610,0.444374,0.008290,-0.005407,0.304621,-0.039078,0.071568,3.895099,3.039078,3.966667,3.000000,2,29.572964
24660.704371,2.091081,-0.015941,-2.171183,-0.181776,0.444490,-0.006360,0.007151,-0.199540,-0.030728,0.053031,3.957621,3.031684,4.010026,2.999899,2,29.624103
24660.715546,2.082025,-0.009159,-2.495579,-0.197949,0.440555,0.001291,0.002459,0.054312,-0.019942,0.081340,3.985170,3.026057,4.063330,2.995973,2,29.668373
24660.735546,2.077663,-0.007006,-2.603851,-0.208769,0.441711,0.001330,0.001360,0.039752,-0.013601,0.078873,4.031946,3.018639,4.106134,2.988606,2,29.706068
24660.755544,2.068015,-0.005575,-2.827122,-0.218029,0.443301,0.001085,0.000741,0.031654,-0.009064,0.069606,4.077559,3.007913,4.141741,2.979489,2,29.750673
24660.798081,2.057482,-0.003058,-3.009728,-0.225829,0.445769,0.014281,-0.004219,0.130712,-0.005039,0.069955,4.122860,2.994836,4.185925,2.964146,2,29.796274
24660.804448,2.045960,-0.000217,-3.170970,-0.231846,0.448864,-0.012687,0.004415,-0.096630,-0.002236,0.053465,4.178795,2.972368,4.225505,2.946259,2,29.847519
24660.815559,2.029275,0.005017,-3.315484,-0.231596,0.445625,0.000077,0.000452,0.004046,-0.001952,0.076976,4.208310,2.963128,4.271852,2.919638,2,29.892573
24660.835551,2.022264,0.006984,-3.355023,-0.233028,0.450259,0.000021,0.000152,0.003783,0.001405,0.077145,4.245520,2.940759,4.307245,2.894462,2,29.930184
24660.855543,2.009653,0.009214,-3.408448,-0.231703,0.455193,-0.000115,-0.000007,-0.000193,0.004860,0.074452,4.279697,2.915303,4.337864,2.868576,2,29.972274
24660.897984,1.997379,0.010759,-3.438365,-0.227465,0.460298,0.014552,-0.000122,-0.012830,0.006698,0.081908,4.305652,2.895768,4.366309,2.840320,2,30.009729
24660.904631,1.987999,0.011590,-3.446467,-0.221639,0.466969,-0.014169,-0.000569,0.002170,0.002533,0.053745,4.357103,2.850484,4.392400,2.809875,2,30.057479
24660.915561,1.970401,0.011587,-3.436111,-0.210935,0.465066,-0.001378,-0.001311,-0.029879,0.006206,0.073307,4.374573,2.830003,4.419638,2.771852,2,30.104749
24660.935550,1.964079,0.011128,-3.427398,-0.201888,0.470668,-0.001146,-0.000876,-0.038902,0.006082,0.079436,4.401043,2.799048,4.443205,2.731451,2,30.139592
24660.955548,1.955229,0.011881,-3.362869,-0.191362,0.476699,-0.000373,-0.000404,-0.018762,0.005825,0.070437,4.423980,2.763460,4.457674,2.701331,2,30.179274
24660.997881,1.948609,0.012386,-3.246009,-0.179930,0.482163,0.005610,0.003897,-0.171305,0.006695,0.077937,4.440445,2.735441,4.472335,2.664012,2,30.216552
24661.004502,1.944254,0.011710,-3.141849,-0.167896,0.489189,-0.005930,-0.005413,0.107817,0.001501,0.049992,4.469943,2.673651,4.483957,2.625639,2,30.264637
24661.015548,1.937298,0.006910,-2.963991,-0.149549,0.485154,-0.001517,-0.003910,-0.088174,0.005020,0.070441,4.477373,2.648602,4.493580,2.579867,2,30.311739
24661.035554,1.935065,0.004894,-2.913725,-0.133272,0.490268,-0.001592,-0.002055,-0.102217,0.006045,0.075290,4.487823,2.608115,4.498883,2.533396,2,30.347163
24661.055553,1.933815,0.007791,-2.700506,-0.117135,0.494168,-0.000419,-0.000828,-0.042401,0.007192,0.068138,4.492808,2.564805,4.500000,2.496667,2,30.389195
24661.097220,1.934926,0.010042,-2.394911,-0.101654,0.494527,-0.003423,0.005218,-0.308834,0.005119,0.076514,4.494881,2.533181,4.500000,2.456667,2,30.428399
24661.103856,1.936315,0.009523,-2.160501,-0.086894,0.498904,0.002785,-0.007866,0.188542,-0.009274,0.046977,4.509274,2.463644,4.500000,2.416667,2,30.478121
24661.115545,1.940280,0.003019,-1.835341,-0.072886,0.493902,-0.000468,-0.003127,-0.078751,-0.011961,0.068175,4.511961,2.434842,4.500000,2.366667,2,30.527532
24661.135552,1.942162,0.002680,-1.717439,-0.063913,0.497285,-0.000983,-0.005688,-0.175181,-0.017188,0.073982,4.517188,2.390649,4.500000,2.316667,2,30.565976
24661.155551,1.945624,0.000391,-1.574101,-0.056718,0.499838,-0.000683,-0.001925,-0.096608,-0.017908,0.067050,4.517908,2.347050,4.500000,2.280000,2,30.610009
24661.191760,1.949772,0.003173,-1.365599,-0.051505,0.500682,-0.003951,0.001827,-0.131153,-0.022662,0.070414,4.522662,2.303748,4.500000,2.233333,2,30.654097
24661.197595,1.954523,0.004423,-1.130002,-0.049978,0.500777,0.003259,-0.002026,0.085439,-0.028203,0.073096,4.528203,2.263096,4.500000,2.190000,2,30.696106
24661.215557,1.959191,0.002130,-0.989168,-0.049559,0.502599,0.000434,-0.000271,0.002432,-0.031984,0.069494,4.531984,2.219494,4.500000,2.150000,2,30.738457
24661.235549,1.963992,-0.000036,-0.908920,-0.049725,0.504292,0.000044,0.000023,0.000641,-0.039925,0.068523,4.539925,2.175190,4.500000,2.106667,2,30.782881
24661.255548,1.968941,-0.001753,-0.869281,-0.051680,0.505779,0.000067,0.000116,0.005884,-0.038056,0.068142,4.538056,2.131475,4.500000,2.063333,2,30.827283
24661.298423,1.973888,-0.003222,-0.863193,-0.049578,0.506890,-0.005545,-0.000018,-0.011846,-0.041112,0.070231,4.541112,2.086898,4.500000,2.016667,2,30.871358
24661.304847,1.978906,-0.003468,-0.859594,-0.047171,0.508178,0.005423,-0.000294,-0.000990,-0.042584,0.050684,4.542584,2.024018,4.500000,1.973333,2,30.923986
24661.315558,1.985963,-0.003389,-0.850220,-0.040941,0.504444,0.000381,-0.001493,-0.037496,-0.053915,0.077241,4.553915,1.997241,4.500000,1.920000,2,30.970656
24661.335547,1.988991,-0.003191,-0.844452,-0.039562,0.506713,0.000075,-0.000549,-0.030235,-0.055592,0.076737,4.555592,1.950070,4.500000,1.873333,2,31.008921
24661.355577,1.994080,-0.001295,-0.794117,-0.038589,0.508045,0.000042,-0.000050,-0.003138,-0.052517,0.068825,4.552517,1.905491,4.500000,1.836667,2,31.053941
24661.397897,1.999130,-0.000437,-0.730373,-0.035304,0.509100,-0.005478,0.000499,-0.046170,-0.056611,0.072824,4.556611,1.862824,4.500000,1.790000,2,31.098276
24661.404118,2.004206,-0.000187,-0.677310,-0.031643,0.510297,0.005518,-0.001050,0.021358,-0.051422,0.053746,4.551422,1.800412,4.500000,1.746667,2,31.150080
24661.415550,2.011324,-0.000767,-0.630418,-0.022991,0.506467,0.000167,-0.001323,-0.036672,-0.046339,0.081357,4.546339,1.774691,4.500000,1.693333,2,31.195616
24661.435561,2.014325,0.000133,-0.593954,-0.014894,0.509130,0.000115,-0.002120,-0.067263,-0.050646,0.074813,4.550646,1.724813,4.500000,1.650000,2,31.234522
24661.455547,2.019548,0.001825,-0.495246,-0.011903,0.509624,0.000014,-0.000778,-0.040213,-0.050546,0.069351,4.550546,1.679351,4.500000,1.610000,2,31.281121
24661.496524,2.024624,0.003302,-0.390111,-0.011467,0.510515,-0.005231,0.001332,-0.054294,-0.048388,0.074850,4.548388,1.638183,4.500000,1.563333,2,31.325046
24661.502133,2.029636,0.003343,-0.291145,-0.011409,0.512341,0.004862,-0.001198,0.039942,-0.052431,0.060794,4.552431,1.580794,4.500000,1.520000,2,31.374044
24661.515547,2.035927,0.001838,-0.232578,-0.016429,0.510214,0.000925,0.000867,0.028772,-0.055505,0.073894,4.555505,1.543894,4.500000,1.470000,2,31.421830
24661.535548,2.040086,0.000825,-0.218179,-0.022463,0.512295,0.000273,0.000663,0.035835,-0.056386,0.074935,4.556386,1.498269,4.500000,1.423333,2,31.464005
24661.555547,2.045148,-0.001986,-0.262231,-0.029030,0.513559,0.000190,0.000357,0.019864,-0.048423,0.073392,4.548423,1.453392,4.500000,1.380000,2,31.508941
24661.595468,2.050028,-0.004412,-0.360597,-0.033198,0.513987,-0.004333,-0.000959,0.071648,-0.046792,0.071355,4.546792,1.408021,4.500000,1.336667,2,31.554716
24661.601042,2.054847,-0.005148,-0.458043,-0.039455,0.514518,0.004624,0.001811,-0.034209,-0.050211,0.059544,4.550211,1.349544,4.500000,1.290000,2,31.606428
24661.615557,2.060704,-0.003997,-0.531431,-0.055453,0.513130,0.000922,0.004993,0.133162,-0.045346,0.078169,4.545346,1.314836,4.500000,1.236667,2,31.653462
24661.635552,2.064314,-0.003133,-0.559393,-0.072699,0.514394,0.000728,0.002335,0.124249,-0.047274,0.078981,4.547274,1.268981,4.500000,1.190000,2,31.694745
24661.655548,2.067989,-0.009533,-0.761105,-0.094020,0.515539,0.000692,0.001051,0.056502,-0.049101,0.070259,4.549101,1.220259,4.500000,1.150000,2,31.741126
24661.691669,2.070676,-0.015365,-1.106531,-0.117096,0.517667,-0.000405,-0.002299,0.265573,-0.048365,0.070230,4.548365,1.173564,4.500000,1.103333,2,31.788123
24661.697248,2.072258,-0.017714,-1.463345,-0.140955,0.521198,0.001820,0.004867,-0.130275,-0.049524,0.066350,4.549524,1.123017,4.500000,1.056667,2,31.835513
24661.715543,2.073878,-0.014695,-1.728900,-0.168720,0.524909,0.001122,0.001990,0.062809,-0.040250,0.068699,4.540250,1.078699,4.500000,1.010000,2,31.881531
24661.735544,2.072639,-0.017191,-2.078095,-0.190043,0.526796,0.000779,0.000750,0.036669,-0.033964,0.072458,4.537839,1.033121,4.498655,0.963348,2,31.924706
24661.755545,2.069416,-0.017426,-2.450857,-0.208314,0.530308,0.001657,0.002436,0.073294,-0.028098,0.072291,4.532869,0.987189,4.493607,0.920301,2,31.967722
24661.794686,2.065850,-0.012528,-2.721386,-0.226487,0.534884,0.009609,-0.001326,0.322793,-0.026725,0.069829,4.527825,0.939038,4.484851,0.877853,2,32.011682
24661.800610,2.062228,-0.005662,-2.880187,-0.249464,0.538954,-0.001813,0.008243,-0.006028,-0.026412,0.058964,4.516709,0.883392,4.472451,0.836323,2,32.060108
24661.815556,2.057692,0.001692,-2.979340,-0.271258,0.537988,0.004882,0.006570,0.163981,-0.019883,0.072662,4.502308,0.847537,4.453739,0.789951,2,32.105798
24661.835541,2.053983,0.004975,-3.023591,-0.288442,0.532464,0.009206,0.008502,0.246332,-0.020000,0.069813,4.485903,0.802079,4.433844,0.751445,2,32.147308
24661.855542,2.049818,0.008439,-3.046314,-0.297468,0.525176,0.010130,0.008626,0.247966,-0.022643,0.066103,4.466991,0.756188,4.410689,0.714808,2,32.192160
24661.896011,2.045247,0.010418,-3.057825,-0.300000,0.515822,0.026175,0.009642,0.464495,-0.027890,0.064915,4.447397,0.712393,4.384448,0.680313,2,32.237073
24661.901588,2.040749,0.011546,-3.057954,-0.300000,0.506573,-0.000327,0.003908,0.085273,-0.025730,0.055420,4.410380,0.666756,4.352963,0.645858,2,32.286670
24661.915554,2.035862,0.012171,-3.043517,-0.300000,0.496758,0.002506,0.001632,0.051432,-0.020642,0.068137,4.381687,0.639409,4.315825,0.612373,2,32.333878
24661.935546,2.026746,0.006344,-3.167016,-0.300000,0.490765,0.000668,-0.000017,-0.001954,-0.023783,0.072815,4.352036,0.605384,4.278305,0.584613,2,32.374117
24661.955552,2.011043,0.000985,-3.402047,-0.297108,0.487573,0.000557,-0.000079,-0.003661,-0.023639,0.066053,4.313386,0.575323,4.244201,0.563691,2,32.416923
24661.992719,1.995822,0.001150,-3.590267,-0.297062,0.486490,0.013360,-0.003102,0.074114,-0.030236,0.073115,4.284580,0.546668,4.205499,0.544182,2,32.457246
24661.999074,1.980160,0.003692,-3.730581,-0.292396,0.488117,-0.013508,0.002825,-0.077608,-0.036411,0.069033,4.245659,0.518176,4.168396,0.529210,2,32.495442
24662.015566,1.961867,0.007751,-3.839094,-0.287843,0.491815,0.000480,-0.000117,-0.001978,-0.038779,0.072322,4.213480,0.500060,4.133432,0.518133,2,32.532814
24662.035556,1.950420,0.010584,-3.873826,-0.286376,0.497097,0.000063,-0.000011,-0.000576,-0.040889,0.069761,4.174159,0.483186,4.097750,0.509648,2,32.568708
24662.055551,1.936436,0.012963,-3.892401,-0.285754,0.501979,-0.000025,-0.000018,-0.000450,-0.042775,0.068063,4.134352,0.469729,4.061541,0.503802,2,32.606237
24662.093437,1.922768,0.013822,-3.896768,-0.285061,0.506511,0.011390,0.001256,-0.005963,-0.043575,0.065437,4.092536,0.460377,4.025002,0.500626,2,32.644385
24662.099562,1.909530,0.013374,-3.894021,-0.284796,0.511077,-0.011924,-0.001620,0.002539,-0.044170,0.059325,4.042967,0.454295,3.984995,0.500225,2,32.685572
24662.115551,1.893728,0.011413,-3.889625,-0.282055,0.511710,-0.000135,-0.000090,-0.002558,-0.043611,0.069158,4.009033,0.452082,3.945083,0.503025,2,32.722937
24662.135545,1.884131,0.009749,-3.883765,-0.279433,0.515399,0.000143,0.000050,-0.000100,-0.043229,0.071933,3.971642,0.452763,3.908800,0.508388,2,32.755346
24662.155549,1.873256,0.007585,-3.870804,-0.278769,0.519028,0.000035,-0.000009,-0.000637,-0.043487,0.065868,3.929291,0.457121,3.876237,0.515559,2,32.791284
24662.197282,1.862927,0.004983,-3.861448,-0.277722,0.521766,0.009858,0.002709,-0.006370,-0.041059,0.060498,3.885366,0.467774,3.841058,0.525935,2,32.831033
24662.204907,1.853016,0.002193,-3.857287,-0.272027,0.520128,-0.009546,-0.002841,-0.004318,-0.038284,0.048108,3.832874,0.486061,3.803663,0.540161,2,32.877268
24662.215549,1.840067,-0.001384,-3.854731,-0.262401,0.514179,-0.001336,-0.001149,-0.022704,-0.036363,0.072020,3.807615,0.494174,3.761640,0.560472,2,32.915960
24662.235545,1.834619,-0.002875,-3.856475,-0.249683,0.515467,-0.001909,-0.002528,-0.072477,-0.034690,0.070420,3.770610,0.511909,3.730062,0.579128,2,32.947587
24662.255548,1.826579,-0.004817,-3.853620,-0.242634,0.517968,-0.001257,-0.000988,-0.039397,-0.033122,0.070318,3.739439,0.529605,3.702611,0.598055,2,32.983209
24662.295652,1.820354,-0.004267,-3.794298,-0.234954,0.520713,0.003234,0.001168,-0.110712,-0.030858,0.070101,3.706969,0.551829,3.673947,0.620936,2,33.018598
24662.301883,1.815595,-0.004546,-3.707798,-0.231217,0.523371,-0.004703,-0.002879,0.036204,-0.030861,0.062061,3.672016,0.577992,3.649407,0.643511,2,33.056878
24662.315559,1.809851,-0.007316,-3.635476,-0.228092,0.525696,-0.000738,-0.000638,-0.006040,-0.027750,0.071347,3.647754,0.600584,3.622026,0.672684,2,33.092735
24662.335531,1.807329,-0.008300,-3.574690,-0.225381,0.528713,-0.000246,-0.000105,-0.003657,-0.026847,0.070807,3.622311,0.625925,3.601051,0.698604,2,33.125366
24662.355532,1.805018,-0.009719,-3.494316,-0.222467,0.531770,-0.000355,-0.000417,-0.012143,-0.026952,0.065728,3.595346,0.656120,3.581849,0.725865,2,33.161074
24662.392508,1.803172,-0.011958,-3.437570,-0.218953,0.534918,0.000291,0.001277,-0.044404,-0.024796,0.065039,3.572777,0.688357,3.562879,0.757255,2,33.198875
24662.397801,1.802065,-0.013547,-3.385981,-0.213296,0.538047,-0.000555,-0.001498,0.021158,-0.025430,0.064491,3.550276,0.720744,3.546261,0.789951,2,33.236685
24662.415548,1.801532,-0.015056,-3.344218,-0.205472,0.541481,-0.000295,-0.000661,-0.017325,-0.023225,0.068092,3.532703,0.754981,3.530919,0.826902,2,33.274119
24662.435548,1.802225,-0.014982,-3.282117,-0.192953,0.544812,-0.000411,-0.000552,-0.024393,-0.018776,0.069168,3.520573,0.790091,3.519492,0.861754,2,33.311152
24662.455545,1.804222,-0.013618,-3.177070,-0.176799,0.547974,-0.000336,-0.000730,-0.033961,-0.015328,0.068575,3.509727,0.827088,3.510651,0.897349,2,33.348163
24662.492885,1.807726,-0.011600,-3.029044,-0.157246,0.550930,-0.004840,0.000592,-0.177397,-0.009443,0.068237,3.504159,0.864611,3.504442,0.933497,2,33.385822
24662.498657,1.812463,-0.008962,-2.827542,-0.135948,0.553350,0.003954,-0.003671,0.084368,-0.006265,0.059324,3.498206,0.910410,3.500901,0.970003,2,33.427559
24662.515545,1.818480,-0.010173,-2.638586,-0.110738,0.553567,-0.001910,-0.005771,-0.171151,-0.003062,0.071336,3.496938,0.941997,3.500000,1.013333,2,33.467701
24662.535550,1.823629,-0.007992,-2.455467,-0.086990,0.557812,-0.001093,-0.002459,-0.124819,-0.004605,0.071273,3.495395,0.982060,3.500000,1.053333,2,33.504592
24662.555548,1.831968,0.000038,-2.074944,-0.065706,0.558686,-0.000214,-0.001230,-0.061247,-0.002584,0.068239,3.497416,1.021761,3.500000,1.090000,2,33.544341
24662.594279,1.841460,0.004939,-1.631589,-0.044496,0.558836,-0.009326,0.002902,-0.292093,-0.003553,0.068490,3.496447,1.061510,3.500000,1.130000,2,33.584958
24662.600093,1.851113,0.006813,-1.224776,-0.025690,0.558602,0.008678,-0.005860,0.152908,0.000052,0.060174,3.500052,1.109826,3.500000,1.170000,2,33.629522
24662.615557,1.862739,0.003042,-0.920633,-0.002380,0.556524,0.000276,-0.003585,-0.123482,0.001056,0.069284,3.501056,1.144049,3.500000,1.213333,2,33.671997
24662.635560,1.870665,0.006641,-0.670475,0.020620,0.556375,0.000212,-0.001311,-0.067038,0.003899,0.069446,3.503899,1.187221,3.500000,1.256667,2,33.711300
24662.655564,1.880363,0.013776,-0.217422,0.039541,0.553153,0.000823,-0.004828,-0.147820,0.007860,0.067015,3.507860,1.229652,3.500000,1.296667,2,33.754277
24662.695062,1.890097,0.012726,0.091643,0.064007,0.551217,-0.007258,0.000226,-0.383379,0.010330,0.067453,3.510330,1.272547,3.500000,1.340000,2,33.797825
24662.700466,1.898798,0.017573,0.456928,0.088848,0.548943,0.008267,-0.004026,0.199085,0.012042,0.059860,3.512042,1.323473,3.500000,1.383333,2,33.844001
24662.715551,1.908784,0.017126,0.819786,0.114477,0.545209,0.000476,-0.006518,-0.233250,0.014325,0.086514,3.514325,1.343486,3.500000,1.430000,2,33.881029
24662.735564,1.912925,0.018442,0.990512,0.140522,0.544725,0.003695,-0.005556,-0.097907,0.006979,0.063968,3.506979,1.402699,3.500000,1.466667,2,33.920736
24662.755546,1.919737,0.023719,1.481863,0.162903,0.539379,0.001812,-0.002395,-0.110150,0.000786,0.058627,3.501525,1.448073,3.499955,1.506684,2,33.971937
24662.794523,1.923090,0.027577,1.881143,0.183696,0.537783,0.001406,0.000722,-0.365904,-0.007493,0.063481,3.496529,1.492773,3.496775,1.556694,2,34.018780
24662.800393,1.925384,0.027003,2.236382,0.201934,0.537366,0.003708,-0.007601,0.092253,-0.015799,0.055959,3.485356,1.544854,3.489304,1.602866,2,34.068771
24662.815555,1.928618,0.020938,2.460838,0.221455,0.535385,0.002377,-0.003382,-0.099855,-0.018241,0.073774,3.481493,1.575492,3.476550,1.651327,2,34.113291
24662.835552,1.928299,0.021789,2.646901,0.234794,0.537736,0.001630,-0.000442,-0.015108,-0.023901,0.067133,3.464528,1.624058,3.460325,1.695195,2,34.156125
24662.855551,1.925548,0.024282,2.973275,0.235131,0.536344,0.000619,-0.000073,0.000285,-0.030362,0.058391,3.443321,1.665638,3.443205,1.731451,2,34.206542
24662.894465,1.922116,0.021392,3.209479,0.232314,0.537375,0.003997,0.004920,-0.064904,-0.030452,0.064412,3.426374,1.706954,3.415967,1.777438,2,34.254931
24662.900297,1.918691,0.016409,3.356511,0.227228,0.539975,-0.003614,-0.003906,0.075816,-0.031011,0.056435,3.399708,1.751732,3.388222,1.815093,2,34.305285
24662.915562,1.914165,0.010593,3.453433,0.218541,0.541473,-0.000434,0.000657,0.028147,-0.033890,0.066270,3.377393,1.781469,3.354733,1.852370,2,34.353082
24662.935552,1.911750,0.006429,3.465008,0.208116,0.545817,-0.000769,0.001478,0.045480,-0.033403,0.069715,3.350293,1.816019,3.317681,1.886107,2,34.397117
24662.955553,1.909312,0.002326,3.430528,0.196289,0.549718,-0.000506,0.000841,0.040359,-0.032546,0.067865,3.320505,1.846980,3.282974,1.912221,2,34.442561
24662.993428,1.908211,-0.001616,3.339124,0.182003,0.552742,-0.000947,0.000938,0.182518,-0.033074,0.064812,3.286266,1.874530,3.246131,1.935224,2,34.488146
24662.999054,1.908153,-0.002956,3.227892,0.163519,0.554716,-0.001277,0.004320,-0.005533,-0.032652,0.058754,3.244659,1.902503,3.204386,1.956318,2,34.537374
24663.015566,1.907601,-0.000954,3.142961,0.139440,0.554925,-0.001363,0.004938,0.148544,-0.033500,0.070978,3.214475,1.920311,3.157684,1.974485,2,34.583154
24663.035553,1.909916,-0.004236,2.976238,0.117886,0.558608,-0.003160,0.009450,0.286304,-0.035479,0.077491,3.180161,1.935117,3.112656,1.987143,2,34.622494
24663.055558,1.912559,-0.003592,2.804283,0.093908,0.562671,-0.002042,0.005250,0.235835,-0.031159,0.065721,3.136740,1.953247,3.076566,1.994103,2,34.665278
24663.093773,1.917922,-0.010291,2.470656,0.074971,0.563499,-0.007326,-0.000925,0.452884,-0.027733,0.064481,3.095881,1.966906,3.033396,1.998883,2,34.710762
24663.099621,1.925324,-0.013101,2.029792,0.063076,0.563867,0.005714,0.009694,-0.108944,-0.019255,0.058636,3.045302,1.980745,2.986667,2.000000,2,34.758025
24663.115551,1.933489,-0.005775,1.750353,0.055202,0.560933,-0.000101,0.001176,0.049163,-0.010593,0.070729,3.010729,1.989407,2.940000,2.000000,2,34.802323
24663.135549,1.940115,-0.008947,1.454786,0.056397,0.559361,0.000288,-0.000087,-0.003567,-0.000221,0.071303,2.967970,1.999779,2.896667,2.000000,2,34.842712
24663.155550,1.948458,-0.006805,1.185641,0.062597,0.554783,0.000488,-0.000348,-0.017259,0.009399,0.065888,2.922555,2.009399,2.856667,2.000000,2,34.887029
24663.193455,1.956394,-0.001175,1.084247,0.071639,0.547208,-0.005380,-0.001917,-0.058052,0.017758,0.067210,2.877210,2.017758,2.810000,2.000000,2,34.932791
24663.198879,1.963627,0.004243,1.105505,0.081727,0.537208,0.006684,0.000131,0.016132,0.025252,0.057054,2.823720,2.025252,2.766667,2.000000,2,34.981988
24663.215546,1.971799,0.006426,1.160352,0.096637,0.527208,0.001262,-0.003277,-0.096931,0.029859,0.070083,2.786749,2.029859,2.716667,2.000000,2,35.028047
24663.235544,1.976475,0.008712,1.247636,0.113211,0.517208,0.003240,-0.007295,-0.224241,0.034347,0.071478,2.741478,2.034347,2.670000,2.000000,2,35.070284
24663.255544,1.982241,0.008375,1.316508,0.135698,0.507208,0.005611,-0.011917,-0.365050,0.037688,0.068674,2.695341,2.037688,2.626667,2.000000,2,35.115330
24663.292559,1.988050,0.007195,1.354077,0.164518,0.497208,0.010274,-0.017384,-0.831396,0.039313,0.065930,2.649263,2.039313,2.583333,2.000000,2,35.160718
24663.298684,1.993905,0.006094,1.373547,0.197717,0.487208,0.009204,-0.010389,-0.203547,0.037602,0.058389,2.595055,2.037602,2.536667,2.000000,2,35.209635
24663.315548,2.000852,0.005119,1.384792,0.235736,0.477208,0.004976,-0.004340,-0.145536,0.033228,0.067739,2.557033,2.034479,2.489974,1.999899,2,35.254473
24663.335550,1.996600,0.022900,1.876856,0.243590,0.467208,0.002855,-0.001359,-0.055812,0.025114,0.072931,2.512919,2.029996,2.443306,1.996775,2,35.294506
24663.355551,1.988542,0.031170,2.477929,0.242368,0.461252,0.000510,0.000141,0.004934,0.017925,0.072345,2.471222,2.022161,2.403684,1.990636,2,35.336332
24663.393535,1.978944,0.029327,2.951768,0.233065,0.458594,0.008484,0.007760,-0.120905,0.009034,0.066367,2.426127,2.007999,2.364682,1.981341,2,35.379454
24663.399562,1.970211,0.021426,3.236903,0.218994,0.456428,-0.008248,-0.006623,0.131531,-0.001149,0.055716,2.375951,1.986383,2.323419,1.967781,2,35.428864
24663.415550,1.959647,0.011238,3.405142,0.201137,0.453629,-0.000799,0.001850,0.061280,-0.010080,0.067772,2.342659,1.968890,2.277483,1.947757,2,35.476477
24663.435554,1.953453,0.003882,3.414891,0.183196,0.454368,-0.000160,0.000702,0.036553,-0.019117,0.072014,2.304918,1.945396,2.233782,1.923235,2,35.519879
24663.455541,1.947739,-0.005554,3.278862,0.167735,0.453865,0.000152,0.000891,0.043416,-0.027238,0.070058,2.270345,1.919131,2.198056,1.898534,2,35.566058
24663.494149,1.943105,-0.010146,3.095795,0.150379,0.453772,0.003695,-0.002790,0.219977,-0.035311,0.067297,2.238204,1.889780,2.164608,1.870826,2,35.613058
24663.499882,1.939815,-0.011854,2.871982,0.130675,0.454072,-0.003023,0.005302,-0.118668,-0.043171,0.061778,2.202632,1.852252,2.129174,1.835392,2,35.664441
24663.515548,1.936264,-0.008272,2.646377,0.109110,0.453883,-0.000135,0.002516,0.085501,-0.049940,0.072453,2.180648,1.825296,2.097465,1.796590,2,35.713361
24663.535546,1.935929,-0.009894,2.416050,0.086705,0.456333,-0.000669,0.004902,0.151431,-0.057963,0.075315,2.158052,1.790071,2.069799,1.754808,2,35.757637
24663.555545,1.936256,-0.009264,2.107481,0.063075,0.457872,-0.001771,0.010893,0.335767,-0.062602,0.071294,2.136609,1.753667,2.049309,1.716512,2,35.804809
24663.592828,1.936588,-0.003862,1.930437,0.033702,0.460036,-0.005401,0.015704,0.926465,-0.066083,0.069418,2.117109,1.715633,2.031049,1.673450,2,35.852322
24663.598365,1.936695,0.001619,1.854079,-0.001813,0.463073,-0.000887,0.016082,0.261667,-0.067294,0.060589,2.097530,1.670069,2.016893,1.628871,2,35.901747
24663.615559,1.936759,0.005484,1.817269,-0.041813,0.464470,-0.000674,0.009625,0.397840,-0.066799,0.067934,2.083213,1.636259,2.006420,1.579867,2,35.948053
24663.635555,1.937744,-0.019830,1.162900,-0.068766,0.458656,0.000565,0.001277,0.065197,-0.060577,0.066225,2.065982,1.595427,2.001117,1.533396,2,35.989512
24663.655545,1.939007,-0.037516,0.095163,-0.079944,0.453912,0.000436,0.000589,0.029673,-0.048280,0.062638,2.049069,1.555303,1.999955,1.493316,2,36.030498
24663.694859,1.940554,-0.034405,-0.629296,-0.087939,0.454565,-0.001219,-0.007209,0.237609,-0.027106,0.068598,2.031325,1.515493,1.997489,1.449952,2,36.071160
24663.700873,1.942231,-0.027007,-1.066051,-0.096428,0.457603,0.001658,0.007346,-0.149334,-0.007682,0.061466,2.010469,1.469341,1.991879,1.410252,2,36.116433
24663.715562,1.944233,-0.018371,-1.325565,-0.109533,0.460746,0.000851,0.004626,0.112191,0.005990,0.074267,1.995673,1.437799,1.981341,1.364682,2,36.160421
24663.735547,1.945402,-0.014304,-1.407862,-0.128578,0.466876,0.000796,0.002208,0.107494,0.017089,0.074806,1.978212,1.399440,1.967781,1.323419,2,36.202035
24663.755551,1.945553,-0.017722,-1.626014,-0.147552,0.472304,0.000440,0.000951,0.045207,0.026563,0.071017,1.958432,1.362066,1.952129,1.286506,2,36.246360
24663.794874,1.944479,-0.021444,-1.933289,-0.164367,0.477415,0.002105,-0.002440,0.227477,0.033839,0.069609,1.937738,1.325251,1.931894,1.248073,2,36.290894
24663.800863,1.942721,-0.022368,-2.218007,-0.179534,0.482277,-0.001231,0.004053,-0.135876,0.037972,0.062955,1.912258,1.282109,1.906464,1.208818,2,36.338851
24663.815554,1.940548,-0.019177,-2.454100,-0.194039,0.485903,0.001031,0.002866,0.072813,0.042014,0.071452,1.892615,1.253605,1.877477,1.172111,2,36.384510
24663.835564,1.938596,-0.017785,-2.577794,-0.206425,0.490700,0.000481,0.000627,0.026033,0.042337,0.072433,1.868360,1.218908,1.845186,1.138273,2,36.425854
24663.855552,1.934243,-0.019197,-2.807437,-0.214459,0.495328,0.000211,0.000308,0.013446,0.040838,0.067831,1.842024,1.186232,1.815093,1.111778,2,36.469540
24663.894725,1.929452,-0.018128,-3.000666,-0.219155,0.500269,0.005061,-0.003072,0.097346,0.039718,0.063272,1.810356,1.154250,1.780212,1.085897,2,36.514858
24663.900121,1.924681,-0.015597,-3.145926,-0.220602,0.505072,-0.004595,0.003119,-0.076084,0.035046,0.056931,1.773374,1.119618,1.740291,1.061525,2,36.562779
24663.915542,1.918765,-0.011733,-3.254339,-0.218310,0.508210,-0.000086,0.000057,-0.002902,0.032440,0.065517,1.745549,1.096750,1.698267,1.040990,2,36.606452
24663.935545,1.915137,-0.009289,-3.293934,-0.213349,0.513423,-0.000054,-0.000151,-0.007769,0.027310,0.067742,1.710496,1.071379,1.654508,1.024472,2,36.646356
24663.955531,1.911157,-0.006397,-3.306222,-0.205504,0.518610,-0.000273,-0.000274,-0.012742,0.019977,0.063567,1.676133,1.048957,1.619159,1.014406,2,36.687850
24663.990800,1.907879,-0.003830,-3.278244,-0.195372,0.524043,0.000286,-0.001487,-0.095401,0.014687,0.066690,1.640220,1.030623,1.576566,1.005897,2,36.727650
24663.996372,1.904734,-0.002907,-3.240448,-0.183612,0.530021,-0.002623,-0.001887,-0.013922,0.003582,0.063964,1.600258,1.009623,1.536730,1.001351,2,36.768160
24664.015544,1.902041,-0.003254,-3.212661,-0.169095,0.535149,-0.001156,-0.001456,-0.063505,-0.006613,0.061173,1.557840,0.993387,1.496667,1.000000,2,36.811926
24664.035541,1.902057,0.000630,-3.077859,-0.153467,0.539160,-0.001007,-0.003063,-0.094011,-0.021478,0.063330,1.516663,0.978522,1.453333,1.000000,2,36.855657
24664.055541,1.903503,0.001673,-2.916289,-0.137220,0.542707,-0.002806,-0.006508,-0.196119,-0.032370,0.067200,1.477200,0.967630,1.410000,1.000000,2,36.897228
24664.091313,1.904499,-0.000672,-2.811967,-0.120780,0.547020,-0.008272,-0.008428,-0.496656,-0.043546,0.066263,1.432929,0.956454,1.366667,1.000000,2,36.939996
24664.096835,1.905270,-0.003613,-2.750038,-0.109660,0.551694,-0.001297,-0.007653,-0.104513,-0.051595,0.068468,1.391801,0.948405,1.323333,1.000000,2,36.983341
24664.115545,1.905917,-0.006054,-2.716813,-0.102895,0.556773,-0.002348,-0.003245,-0.144499,-0.059520,0.064348,1.344348,0.940480,1.280000,1.000000,2,37.027830
24664.135545,1.910364,0.003513,-2.425833,-0.110160,0.560990,0.000039,0.000390,0.019746,-0.067031,0.062603,1.299270,0.932969,1.236667,1.000000,2,37.073895
24664.155544,1.916773,0.005146,-2.116007,-0.124856,0.564600,0.000104,0.000706,0.036505,-0.070813,0.069380,1.259380,0.929187,1.190000,1.000000,2,37.117078
24664.191858,1.922140,-0.001780,-2.022234,-0.140123,0.567732,-0.003806,0.002577,0.098405,-0.073540,0.068291,1.214958,0.926460,1.146667,1.000000,2,37.159825
24664.197611,1.926755,-0.009078,-2.079879,-0.157295,0.570497,0.003679,-0.000013,-0.026356,-0.075815,0.065343,1.168676,0.924185,1.103333,1.000000,2,37.204559
24664.215542,1.931371,-0.011945,-2.166549,-0.178508,0.572984,0.001500,0.001384,0.048799,-0.076064,0.062376,1.122376,0.923936,1.060000,1.000000,2,37.249249
24664.235526,1.934566,-0.017277,-2.365845,-0.196259,0.574778,0.000918,0.000698,0.030123,-0.074735,0.059721,1.076388,0.925265,1.016667,1.000000,2,37.292717
24664.255542,1.936277,-0.020486,-2.626594,-0.208160,0.575913,0.000688,0.000455,0.019648,-0.068248,0.059248,1.028791,0.929398,0.973276,1.000715,2,37.334741
24664.291267,1.937063,-0.020166,-2.859578,-0.219319,0.578069,0.001228,-0.002810,0.126611,-0.061481,0.060548,0.981396,0.935570,0.930046,1.004918,2,37.377526
24664.297148,1.937052,-0.018031,-3.054610,-0.228968,0.580653,-0.000018,0.003375,-0.078854,-0.057216,0.062169,0.935023,0.943104,0.887344,1.012857,2,37.420916
24664.315545,1.936575,-0.014236,-3.192320,-0.239265,0.584046,0.000779,0.001068,0.022582,-0.053007,0.065694,0.891591,0.953759,0.845492,1.024472,2,37.462316
24664.335543,1.935045,-0.011561,-3.312027,-0.247013,0.587500,0.000807,0.000826,0.022778,-0.048756,0.065773,0.849878,0.968096,0.807887,1.038381,2,37.502768
24664.355545,1.932675,-0.008922,-3.420030,-0.251068,0.591105,0.001022,0.001272,0.035609,-0.047155,0.062885,0.805904,0.984578,0.771517,1.055258,2,37.543204
24664.391394,1.930216,-0.005591,-3.486803,-0.256134,0.594790,0.004566,0.000028,0.095692,-0.046854,0.063541,0.762621,1.003273,0.733782,1.076765,2,37.584679
24664.397176,1.927706,-0.002633,-3.527146,-0.258035,0.598165,-0.001435,0.002391,0.003547,-0.051041,0.060233,0.718428,1.022516,0.700726,1.099456,2,37.627615
24664.415545,1.925073,-0.000269,-3.547147,-0.259322,0.602022,0.000358,0.000671,0.020317,-0.049688,0.063788,0.681604,1.047396,0.667094,1.126940,2,37.669535
24664.435550,1.921631,-0.000014,-3.586349,-0.256061,0.605826,-0.000107,-0.000086,-0.003848,-0.039896,0.064274,0.653783,1.080771,0.638273,1.154814,2,37.709704
24664.455553,1.917964,0.000218,-3.633823,-0.246531,0.606984,-0.000500,-0.000839,-0.026580,-0.047764,0.059926,0.612457,1.108278,0.611778,1.184907,2,37.750767
24664.491182,1.914936,0.001212,-3.663003,-0.238945,0.610571,0.000902,-0.001177,-0.043277,-0.045002,0.059582,0.582017,1.145222,0.585897,1.219788,2,37.794571
24664.497221,1.912844,0.003410,-3.651335,-0.229389,0.612880,-0.001397,0.000261,0.011472,-0.042552,0.063483,0.556843,1.180618,0.563141,1.256784,2,37.837259
24664.515551,1.911278,0.004779,-3.618602,-0.214460,0.614071,-0.000345,-0.000569,-0.023753,-0.055924,0.062188,0.518064,1.215999,0.543682,1.295614,2,37.878259
24664.535552,1.911644,0.007232,-3.534023,-0.206356,0.615832,-0.000246,-0.000290,-0.013490,-0.047322,0.062186,0.504964,1.258405,0.528772,1.332834,2,37.920288
24664.555548,1.912839,0.008438,-3.417785,-0.192370,0.614399,-0.000157,-0.000451,-0.023800,-0.058287,0.066353,0.476299,1.295490,0.516043,1.374361,2,37.960675
24664.592842,1.915252,0.008782,-3.282256,-0.181447,0.614337,-0.003362,0.002292,-0.120017,-0.052759,0.062673,0.466405,1.342690,0.507532,1.413542,2,38.001577
24664.598919,1.918356,0.008186,-3.133043,-0.169668,0.610940,0.002919,-0.003731,0.073002,-0.054219,0.056040,0.453443,1.392417,0.502188,1.453279,2,38.047784
24664.615547,1.922628,0.004862,-2.997307,-0.152680,0.606170,-0.001836,-0.004729,-0.135005,-0.058603,0.068233,0.441397,1.431767,0.500000,1.500000,2,38.092106
24664.635550,1.925528,0.002248,-2.938617,-0.138813,0.606100,-0.001237,-0.001837,-0.091262,-0.059553,0.063018,0.440447,1.480315,0.500000,1.543333,2,38.136059
24664.655546,1.931154,0.005630,-2.742228,-0.123027,0.603487,-0.000248,-0.000742,-0.038927,-0.071950,0.063311,0.428050,1.523356,0.500000,1.586667,2,38.182313
24664.692833,1.938435,0.008537,-2.460894,-0.109706,0.601428,-0.006909,0.003184,-0.190589,-0.077061,0.060631,0.422939,1.572702,0.500000,1.633333,2,38.229505
24664.698862,1.946210,0.008381,-2.193571,-0.096775,0.598668,0.006903,-0.005216,0.111839,-0.082688,0.053921,0.417312,1.626079,0.500000,1.680000,2,38.281054
24664.715548,1.955705,0.003921,-1.980531,-0.080451,0.595296,-0.001110,-0.006118,-0.179720,-0.087870,0.065633,0.412130,1.667700,0.500000,1.733333,2,38.329198
24664.735547,1.962237,0.000958,-1.896290,-0.064314,0.594726,-0.000644,-0.002320,-0.125366,-0.087182,0.062950,0.412818,1.717050,0.500000,1.780000,2,38.375897
24664.755533,1.971344,0.006379,-1.634179,-0.050218,0.593084,-0.000048,-0.000729,-0.040240,-0.087176,0.060125,0.412824,1.766542,0.500000,1.826667,2,38.425630
24664.793710,1.981069,0.010102,-1.288025,-0.040878,0.590803,-0.008500,0.003311,-0.175087,-0.084626,0.058923,0.415374,1.817744,0.500000,1.876667,2,38.476134
24664.799157,1.990882,0.009415,-1.010124,-0.033228,0.587923,0.009151,-0.004431,0.113353,-0.080153,0.050671,0.419847,1.875995,0.500000,1.926667,2,38.530836
24664.815547,2.002651,0.005160,-0.818187,-0.022821,0.583831,0.000027,-0.004132,-0.119311,-0.078448,0.066651,0.421552,1.916683,0.500000,1.983333,2,38.581415
24664.835549,2.010383,0.002690,-0.749548,-0.015900,0.583318,0.000313,-0.001348,-0.075520,-0.079203,0.066113,0.420797,1.967220,0.500000,2.033333,2,38.628188
24664.855549,2.020041,0.005350,-0.587574,-0.014993,0.582366,0.000284,-0.000039,-0.002595,-0.074577,0.062134,0.425423,2.017866,0.500000,2.080000,2,38.678624
24664.893711,2.029464,0.005792,-0.419864,-0.020123,0.581410,-0.007607,0.002029,0.001245,-0.069481,0.061061,0.430519,2.068939,0.500000,2.130000,2,38.729737
24664.899564,2.038722,0.002814,-0.355588,-0.029405,0.579730,0.008315,-0.000435,0.031805,-0.064916,0.056280,0.435084,2.127054,0.500000,2.183333,2,38.784616
24664.915555,2.049527,0.000312,-0.345577,-0.044019,0.575753,0.001089,0.005598,0.157740,-0.061200,0.066129,0.438800,2.170537,0.500000,2.236667,2,38.836853
24664.935549,2.056796,-0.000462,-0.351666,-0.064953,0.573889,0.001062,0.002315,0.128551,-0.054848,0.067709,0.445152,2.222291,0.500000,2.290000,2,38.885269
24664.955554,2.064533,-0.009581,-0.581474,-0.087060,0.569583,0.000924,0.001074,0.058405,-0.051106,0.062697,0.448894,2.273970,0.500000,2.336667,2,38.935920
24664.994344,2.070888,-0.016266,-0.958033,-0.108978,0.565360,-0.002993,-0.002958,0.310800,-0.050435,0.059137,0.449565,2.327530,0.500000,2.386667,2,38.987960
24665.000849,2.076221,-0.017970,-1.315916,-0.136531,0.562668,0.004978,0.006514,-0.145000,-0.043885,0.052381,0.456115,2.387619,0.500000,2.440000,2,39.043475
24665.015547,2.081793,-0.014005,-1.631493,-0.169670,0.557546,0.004645,0.010242,0.260626,-0.039735,0.065920,0.460265,2.430746,0.500000,2.496667,2,39.094086
24665.035550,2.085593,-0.009675,-1.745797,-0.205038,0.553249,0.003783,0.003870,0.186819,-0.029048,0.067322,0.466976,2.482409,0.502188,2.546721,2,39.140357
24665.055548,2.084705,-0.016909,-2.124481,-0.229852,0.545102,0.001541,0.000736,0.031014,-0.025506,0.067113,0.471183,2.531839,0.508732,2.593034,2,39.188453
24665.095074,2.079383,-0.020460,-2.620310,-0.244899,0.540124,0.008911,-0.007771,0.275743,-0.031178,0.065688,0.471417,2.584054,0.519574,2.638532,2,39.235189
24665.100529,2.072469,-0.016425,-3.011790,-0.259644,0.539546,-0.006507,0.008439,-0.213424,-0.033529,0.055569,0.483095,2.643356,0.534621,2.682819,2,39.285487
