t,vx,vy,omega,delta,T,eps_vx,eps_vy,eps_omega,eC,eL,pos_x,pos_y,ref_x,ref_y,lap,theta
25473.544285,0.400000,0.020000,0.000000,-0.003463,0.510000,-0.032767,0.020520,0.013274,-0.008328,0.023849,1.486151,3.008328,1.510000,3.000000,0,0.526021
25473.577506,0.400000,0.020000,0.000000,-0.006442,0.520000,-0.079546,0.004039,0.142893,-0.012382,0.028103,1.495230,3.012382,1.523333,3.000000,0,0.530520
25473.611481,0.355359,0.003003,0.115488,-0.012464,0.530000,-0.225737,0.001851,0.049100,-0.010280,0.038969,1.491031,3.010280,1.530000,3.000000,0,0.533166
25473.616669,0.166659,-0.000057,-0.002141,-0.017361,0.540000,0.005716,0.000013,0.000496,-0.009698,0.035645,1.494355,3.009698,1.530000,3.000000,0,0.533166
25473.625055,0.178406,-0.000000,-0.000000,-0.019713,0.550000,-0.016867,0.000000,0.000002,-0.008742,0.036046,1.493954,3.008742,1.530000,3.000000,0,0.533166
25473.645074,0.171522,0.000000,0.000002,-0.021789,0.560000,0.007443,-0.000829,-0.017915,-0.008533,0.031250,1.498750,3.008533,1.530000,3.000000,0,0.533166
25473.665085,0.203408,-0.000829,-0.017915,-0.023099,0.570000,0.006783,0.000252,0.006571,-0.007835,0.025459,1.504541,3.007835,1.530000,3.000000,0,0.534476
25473.710515,0.235081,-0.001891,-0.050131,-0.024049,0.580000,-0.036199,0.000775,0.020813,-0.007648,0.024215,1.509119,3.007648,1.533333,3.000000,0,0.538459
25473.716490,0.256425,-0.002066,-0.055024,-0.024758,0.590000,0.028607,0.000196,0.003883,-0.008183,0.018518,1.518148,3.008183,1.536667,3.000000,0,0.547062
25473.725068,0.292777,-0.002333,-0.062303,-0.025410,0.600000,0.005580,0.000435,0.010516,-0.007649,0.024463,1.522204,3.007649,1.546667,3.000000,0,0.555507
25473.745060,0.309670,-0.002563,-0.068390,-0.025817,0.610000,0.012133,0.000668,0.017223,-0.007846,0.020844,1.532490,3.007846,1.553333,3.000000,0,0.563926
25473.765037,0.348690,-0.002789,-0.075361,-0.025809,0.620000,0.000526,0.000145,0.005355,-0.007687,0.022415,1.540919,3.007687,1.563333,3.000000,0,0.575564
25473.810568,0.376510,-0.003674,-0.097369,-0.025853,0.630000,-0.025713,0.000246,0.007485,-0.007553,0.021714,1.551620,3.007553,1.573333,3.000000,0,0.587975
25473.815869,0.413942,-0.004195,-0.113857,-0.025451,0.640000,0.038429,-0.000391,-0.011523,-0.007182,0.020417,1.566250,3.007182,1.586667,3.000000,0,0.603114
25473.825071,0.459872,-0.004621,-0.126792,-0.023975,0.646230,0.000144,-0.000254,-0.006086,-0.007342,0.029148,1.570852,3.007342,1.600000,3.000000,0,0.614885
25473.845073,0.473104,-0.004735,-0.130294,-0.023151,0.656230,0.005610,-0.000193,-0.005378,-0.007616,0.030005,1.583328,3.007616,1.613333,3.000000,0,0.624877
25473.865078,0.507650,-0.004691,-0.130527,-0.022345,0.666230,0.006049,-0.000111,-0.003858,-0.007671,0.026880,1.596454,3.007671,1.623333,3.000000,0,0.638989
25473.911111,0.543050,-0.004697,-0.132391,-0.021325,0.676230,-0.031398,0.000118,0.003620,-0.008142,0.026049,1.610618,3.008142,1.636667,3.000000,0,0.655029
25473.917333,0.579828,-0.004709,-0.133848,-0.020232,0.685999,0.050200,-0.000398,-0.011916,-0.007427,0.017840,1.635493,3.007427,1.653333,3.000000,0,0.677287
25473.925060,0.639416,-0.004997,-0.143500,-0.017916,0.686904,0.000191,-0.000459,-0.010457,-0.006831,0.035997,1.640669,3.006831,1.676667,3.000000,0,0.695417
25473.945078,0.651145,-0.005048,-0.145583,-0.015947,0.696904,0.008910,-0.001199,-0.032158,-0.008087,0.034528,1.658805,3.008087,1.693333,3.000000,0,0.709141
25473.965074,0.690409,-0.005270,-0.153624,-0.014228,0.704804,0.006713,-0.001530,-0.040805,-0.007300,0.029310,1.677357,3.007300,1.706667,3.000000,0,0.729010
25474.009723,0.727661,-0.005396,-0.159445,-0.012154,0.711308,-0.036993,-0.000753,-0.029398,-0.006806,0.032753,1.693914,3.006806,1.726667,3.000000,0,0.749191
25474.015467,0.758825,-0.004101,-0.132394,-0.010481,0.719250,0.046600,0.000143,0.010770,-0.006397,0.023634,1.723033,3.006397,1.746667,3.000000,0,0.774016
25474.025079,0.814330,-0.003410,-0.106315,-0.008431,0.718023,0.003261,-0.000622,-0.014799,-0.005762,0.040647,1.732686,3.005762,1.773333,3.000000,0,0.795941
25474.045063,0.832245,-0.003404,-0.106223,-0.006114,0.726026,0.006438,-0.000181,-0.006763,-0.005127,0.039300,1.754033,3.005127,1.793333,3.000000,0,0.814021
25474.065041,0.869428,-0.002193,-0.076428,-0.004167,0.732342,0.005986,-0.000151,-0.005565,-0.005176,0.037619,1.775715,3.005176,1.813333,3.000000,0,0.837726
25474.109766,0.906227,-0.001536,-0.055428,-0.002506,0.737244,-0.033055,-0.000237,-0.011454,-0.004488,0.039299,1.797367,3.004488,1.836667,3.000000,0,0.861441
25474.115746,0.941784,-0.001011,-0.038455,-0.000591,0.742061,0.047250,-0.000118,0.001600,-0.004223,0.026165,1.833835,3.004223,1.860000,3.000000,0,0.891990
25474.125065,0.998279,-0.000779,-0.027565,0.001409,0.739311,0.003247,-0.000667,-0.015460,-0.004049,0.044223,1.845777,3.004049,1.890000,3.000000,0,0.919518
25474.145036,1.015622,-0.000756,-0.026721,0.003528,0.746044,-0.000176,-0.000198,-0.007391,-0.003534,0.050286,1.866381,3.003534,1.916667,3.000000,0,0.938668
25474.165052,1.045825,0.000583,0.007714,0.005126,0.753647,-0.000294,-0.000131,-0.004719,-0.003027,0.049097,1.887570,3.003027,1.936667,3.000000,0,0.960902
25474.209753,1.076156,0.001293,0.034596,0.006293,0.761940,-0.038708,-0.000412,-0.018967,0.000778,0.051134,1.908866,2.999222,1.960000,3.000000,0,0.984055
25474.215836,1.105921,0.001546,0.049473,0.010411,0.770752,0.051056,-0.000665,-0.008925,0.001816,0.026817,1.956516,2.998184,1.983333,3.000000,0,1.019618
25474.225058,1.166446,0.001602,0.057911,0.013273,0.766652,0.006575,-0.001406,-0.032005,0.002271,0.042716,1.973951,2.997729,2.016667,3.000000,0,1.055104
25474.245084,1.186976,0.001646,0.060203,0.016502,0.771365,0.006378,-0.000331,-0.012448,0.002431,0.048892,2.004441,2.997569,2.053333,3.000000,0,1.082612
25474.265058,1.223633,0.004307,0.132168,0.018260,0.773454,0.005363,-0.000154,-0.005146,0.004409,0.045142,2.034858,2.995591,2.080000,3.000000,0,1.114994
25474.310558,1.258967,0.005383,0.184828,0.020313,0.774740,-0.031409,-0.000222,-0.030229,0.005157,0.046928,2.066405,2.994843,2.113333,3.000000,0,1.147993
25474.316823,1.294758,0.006021,0.223061,0.020601,0.774458,0.040845,0.000012,0.022795,0.007142,0.033703,2.112963,2.992858,2.146667,3.000000,0,1.188185
25474.325063,1.344828,0.006200,0.256419,0.020647,0.768405,0.003833,-0.000038,-0.000290,0.007436,0.058385,2.128282,2.992564,2.186667,3.000000,0,1.221854
25474.345056,1.360425,0.006185,0.261625,0.021084,0.772652,0.003947,-0.000052,-0.001042,0.009883,0.059841,2.160159,2.990117,2.220000,3.000000,0,1.247741
25474.365078,1.392899,0.006223,0.273662,0.021142,0.776163,0.004500,-0.000028,0.000280,0.010273,0.052759,2.193908,2.989727,2.246667,3.000000,0,1.282016
25474.410627,1.425814,0.006169,0.283368,0.020050,0.778209,-0.032032,0.000272,0.002454,0.011713,0.052760,2.227240,2.988287,2.280000,3.000000,0,1.318023
25474.416784,1.457398,0.005858,0.285743,0.018783,0.780172,0.040171,-0.000074,0.004921,0.011937,0.036714,2.279953,2.988063,2.316667,3.000000,0,1.361904
25474.425056,1.506194,0.005509,0.286301,0.014882,0.772963,0.004156,0.000747,0.018213,0.012129,0.061753,2.298247,2.987871,2.360000,3.000000,0,1.400246
25474.445084,1.521534,0.005330,0.285530,0.012664,0.776385,0.003532,0.000239,0.011377,0.011251,0.066463,2.333537,2.988749,2.400000,3.000000,0,1.429896
25474.465065,1.552067,0.003523,0.242773,0.009512,0.778737,0.004221,0.000800,0.024181,0.010935,0.055337,2.371330,2.989065,2.426667,3.000000,0,1.467117
25474.510595,1.582993,0.002893,0.211137,0.006807,0.778788,-0.029674,0.000603,0.054132,0.010746,0.058263,2.408404,2.989254,2.466667,3.000000,0,1.506587
25474.516733,1.612828,0.001807,0.174048,0.004125,0.778834,0.037674,0.000063,-0.027934,0.010188,0.036324,2.467009,2.989812,2.503333,3.000000,0,1.555408
25474.525074,1.658514,0.001149,0.123106,0.000648,0.770542,0.002794,0.000813,0.019800,0.009934,0.068386,2.484947,2.990066,2.553333,3.000000,0,1.596393
25474.545060,1.671743,0.000949,0.113245,-0.002771,0.773448,0.004072,0.000337,0.015576,0.009672,0.067980,2.525353,2.990328,2.593333,3.000000,0,1.628638
25474.565066,1.700717,-0.001018,0.046867,-0.004863,0.773250,0.003281,0.000540,0.016156,0.009123,0.061641,2.565026,2.990877,2.626667,3.000000,0,1.669640
25474.610747,1.728535,-0.001481,-0.003285,-0.007502,0.773404,-0.026488,0.000872,0.073214,0.007372,0.059680,2.606987,2.992628,2.666667,3.000000,0,1.711613
25474.617200,1.756786,-0.001238,-0.028168,-0.010686,0.771838,0.033799,0.001488,0.015905,0.005780,0.039637,2.670363,2.994220,2.710000,3.000000,0,1.764681
25474.625061,1.798258,-0.000742,-0.041041,-0.012990,0.761897,0.003575,0.001514,0.034511,0.004982,0.072563,2.690771,2.995018,2.763333,3.000000,0,1.809930
25474.645063,1.810723,-0.000833,-0.045932,-0.016647,0.761890,0.003472,0.000998,0.045279,0.003378,0.073297,2.733370,2.996622,2.806667,3.000000,0,1.843677
25474.665041,1.836521,-0.003297,-0.114082,-0.018466,0.760751,0.003639,0.000472,0.013796,0.001770,0.065756,2.777577,2.998230,2.843333,3.000000,0,1.886958
25474.711540,1.862043,-0.004400,-0.198592,-0.018994,0.758472,-0.024603,-0.000383,0.056295,0.000692,0.064951,2.821715,2.999308,2.886667,3.000000,0,1.932899
25474.717716,1.886837,-0.003826,-0.243087,-0.018343,0.756310,0.036853,0.001285,-0.016558,-0.005421,0.027966,2.902034,3.005421,2.930000,3.000000,0,1.994912
25474.725068,1.930199,-0.002517,-0.272858,-0.015515,0.746310,-0.001598,-0.000249,-0.003156,-0.002314,0.079582,2.913752,3.002314,2.993333,3.000000,0,2.044204
25474.745043,1.935921,-0.002409,-0.274597,-0.014735,0.745445,0.004083,-0.000105,-0.007070,-0.003564,0.081969,2.961364,3.003564,3.043333,3.000000,0,2.076969
25474.765058,1.959673,-0.001590,-0.270893,-0.013051,0.742401,0.002904,-0.000394,-0.013409,-0.005313,0.069022,3.007644,3.005313,3.076667,3.000000,0,2.123175
25474.811692,1.981777,-0.001082,-0.261154,-0.010847,0.738796,-0.020643,-0.000894,-0.054576,-0.006677,0.063576,3.056424,3.006677,3.120000,3.000000,0,2.171759
25474.817345,2.004233,-0.000884,-0.255473,-0.008095,0.733527,0.027725,-0.000764,-0.018601,-0.009378,0.040631,3.129369,3.009378,3.170000,3.000000,0,2.232237
25474.825069,2.037091,-0.000805,-0.255267,-0.000902,0.723527,0.003862,-0.002107,-0.049489,-0.010373,0.075782,3.154218,3.010373,3.230000,3.000000,0,2.284050
25474.845087,2.047554,-0.000639,-0.253663,0.001473,0.720470,0.004044,-0.001130,-0.058490,-0.012107,0.078597,3.204736,3.012107,3.283333,3.000000,0,2.325012
25474.865084,2.068285,0.002510,-0.178247,0.003198,0.715160,0.003534,-0.000403,-0.013846,-0.013778,0.067990,3.255343,3.013778,3.323333,3.000000,0,2.375122
25474.912827,2.087871,0.003874,-0.075113,0.003838,0.709188,-0.017408,0.001470,-0.057026,-0.013916,0.066642,3.306691,3.013916,3.373333,3.000000,0,2.426800
25474.919065,2.106913,0.003359,-0.009641,0.004661,0.702441,0.026763,-0.001641,0.041690,-0.020558,0.030663,3.396004,3.020558,3.426667,3.000000,0,2.495756
25474.925039,2.138302,0.001590,0.051149,0.000524,0.692441,0.000360,0.000552,0.008893,-0.015776,0.083781,3.409552,3.015776,3.493333,3.000000,0,2.550991
25474.945059,2.142783,0.001437,0.054621,-0.003297,0.690375,0.003163,0.000968,0.034826,-0.016270,0.088315,3.461685,3.016270,3.550000,3.000000,0,2.587636
25474.965068,2.159484,-0.000175,0.038394,-0.010538,0.683649,0.003614,0.002687,0.088098,-0.017920,0.071423,3.515244,3.017920,3.586667,3.000000,0,2.638678
25475.012818,2.175944,-0.000700,0.019145,-0.023252,0.675941,-0.012397,0.003818,0.340501,-0.018007,0.067851,3.568815,3.018007,3.636667,3.000000,0,2.692676
25475.018663,2.191927,-0.000783,0.002369,-0.043554,0.666809,0.024222,0.006127,0.126582,-0.025082,0.026675,3.663325,3.025082,3.690000,3.000000,0,2.764810
25475.025083,2.219232,-0.000046,0.005937,-0.083554,0.656809,0.001647,0.008920,0.204295,-0.020133,0.085037,3.678296,3.020133,3.763333,3.000000,0,2.822744
25475.045045,2.223204,-0.001785,-0.028055,-0.123554,0.646809,0.005759,0.004780,0.245223,-0.021057,0.086585,3.733415,3.021057,3.820000,3.000000,0,2.861492
25475.065064,2.233078,-0.023082,-0.673650,-0.148233,0.636809,0.003898,0.004092,0.130396,-0.024667,0.076583,3.783417,3.024667,3.860000,3.000000,0,2.912286
25475.116516,2.239377,-0.026795,-1.363274,-0.166854,0.627508,0.006596,-0.012933,0.750748,-0.021044,0.067339,3.842661,3.021044,3.910000,3.000000,0,2.966003
25475.122654,2.248290,-0.017162,-1.785636,-0.193604,0.619850,0.019150,0.024071,-0.124543,-0.010275,0.007331,3.956003,3.010275,3.963333,3.000000,0,3.047590
25475.129147,2.266634,0.005576,-2.106883,-0.232877,0.609850,0.002808,0.004351,0.128723,-0.003280,0.082481,3.964908,3.008786,4.046721,2.997812,0,3.112640
25475.145099,2.266805,0.005738,-2.148372,-0.258334,0.599850,0.007814,0.003851,0.134911,0.011052,0.102928,4.006545,2.999621,4.109398,2.987885,0,3.145825
25475.165067,2.266079,0.002346,-2.433208,-0.271707,0.589850,0.006443,0.002213,0.057478,0.014839,0.080892,4.059960,2.988190,4.141741,2.979489,0,3.192560
25475.213456,2.260300,0.003683,-2.833367,-0.281170,0.580996,0.029464,-0.012717,0.383196,0.011685,0.064422,4.121777,2.977255,4.185925,2.964146,0,3.248582
25475.219462,2.256009,0.012899,-3.109964,-0.291740,0.573384,-0.008715,0.018220,-0.167228,0.001894,0.023814,4.215495,2.949709,4.237355,2.940071,0,3.323610
25475.225120,2.242631,0.033154,-3.364737,-0.290772,0.563384,0.002583,0.000069,0.024346,0.010211,0.087040,4.226401,2.942958,4.301944,2.898534,0,3.380530
25475.245056,2.240324,0.034940,-3.384614,-0.289655,0.563071,0.001181,0.000294,0.016444,0.016643,0.093915,4.265753,2.914523,4.345186,2.861727,0,3.415403
25475.265053,2.224166,0.041529,-3.494642,-0.282131,0.561301,-0.000373,-0.000227,-0.007520,0.005350,0.075867,4.313367,2.890174,4.368576,2.837864,0,3.462252
25475.313741,2.206647,0.047478,-3.581060,-0.272719,0.562728,0.023775,-0.005014,0.003028,0.006991,0.072366,4.349261,2.855403,4.398534,2.801944,0,3.510423
25475.319834,2.190120,0.053004,-3.629886,-0.263031,0.565391,-0.030318,0.003102,-0.040710,-0.004008,0.043789,4.407360,2.800000,4.426756,2.760537,0,3.570887
25475.325707,2.155053,0.057795,-3.672709,-0.242026,0.558558,0.001890,0.000429,-0.009343,-0.006459,0.076612,4.429036,2.779819,4.454942,2.707431,0,3.622481
25475.345061,2.152862,0.059465,-3.665688,-0.232929,0.562964,0.000925,-0.000789,-0.031451,-0.015734,0.092159,4.458670,2.753174,4.473420,2.660852,0,3.653773
25475.365070,2.141298,0.061182,-3.623479,-0.223074,0.567933,-0.001937,-0.001268,-0.038268,-0.023615,0.086111,4.483730,2.718160,4.483107,2.628871,0,3.688640
25475.412474,2.127804,0.060527,-3.566098,-0.210958,0.572638,0.012978,0.005548,-0.187613,-0.030507,0.067960,4.507480,2.668879,4.490636,2.596316,0,3.731404
25475.418515,2.118409,0.058098,-3.510579,-0.201727,0.575903,-0.018605,-0.009098,0.011077,-0.047601,0.036579,4.540568,2.594823,4.497143,2.553372,0,3.790705
25475.425078,2.097276,0.049113,-3.455834,-0.184665,0.569675,0.001405,-0.001215,-0.049176,-0.051060,0.088170,4.551060,2.581504,4.500000,2.493333,0,3.836293
25475.445072,2.096743,0.048833,-3.440853,-0.173800,0.574868,-0.001195,-0.003207,-0.104465,-0.068048,0.085806,4.568048,2.535806,4.500000,2.450000,0,3.868202
25475.465035,2.090983,0.047050,-3.321632,-0.161626,0.579027,-0.003382,-0.005076,-0.156439,-0.078242,0.073972,4.578242,2.490639,4.500000,2.416667,0,3.912682
25475.512251,2.084745,0.042269,-3.227360,-0.144038,0.582373,-0.002131,0.007104,-0.419043,-0.084437,0.070496,4.584437,2.443830,4.500000,2.373333,0,3.958907
25475.518648,2.081496,0.041620,-3.041912,-0.122837,0.584026,-0.000334,-0.010792,0.271817,-0.092845,0.035930,4.592845,2.362597,4.500000,2.326667,0,4.020692
25475.525046,2.081666,0.033213,-2.628813,-0.093813,0.574317,-0.000748,-0.003773,-0.123851,-0.094671,0.088056,4.594671,2.351389,4.500000,2.263333,0,4.069188
25475.545044,2.082132,0.032157,-2.587624,-0.071472,0.575663,-0.000358,-0.001889,-0.114593,-0.099029,0.088506,4.599029,2.305173,4.500000,2.216667,0,4.101063
25475.565060,2.086737,0.037196,-2.097662,-0.054649,0.573212,0.000047,-0.003926,-0.128830,-0.096933,0.071658,4.596933,2.254991,4.500000,2.183333,0,4.147095
25475.613746,2.092339,0.031515,-1.675527,-0.039442,0.567484,-0.009393,0.005741,-0.597961,-0.091828,0.071199,4.591828,2.207866,4.500000,2.136667,0,4.195553
25475.620766,2.097933,0.020745,-1.437942,-0.021795,0.562664,0.007651,-0.017184,-0.051414,-0.075672,0.030722,4.575672,2.120722,4.500000,2.090000,0,4.260068
25475.626850,2.107833,0.007376,-1.274072,0.000736,0.552664,0.000932,-0.005752,-0.122856,-0.081689,0.075198,4.581689,2.098531,4.500000,2.023333,0,4.316354
25475.645070,2.110595,0.009897,-1.177461,0.013309,0.552318,-0.000266,-0.003804,-0.170296,-0.078211,0.086454,4.578211,2.056454,4.500000,1.970000,0,4.352340
25475.665092,2.115533,0.021170,-0.715648,0.014322,0.551677,0.000565,-0.000949,-0.052456,-0.071473,0.071380,4.571473,2.004713,4.500000,1.933333,0,4.398366
25475.714055,2.121881,0.021650,-0.273687,0.012946,0.549673,-0.007747,0.008807,-0.163440,-0.063341,0.067489,4.563341,1.954155,4.500000,1.886667,0,4.449821
25475.719755,2.128264,0.015805,0.008491,0.012858,0.546785,0.009290,-0.008285,0.135488,-0.047222,0.033489,4.547222,1.870156,4.500000,1.836667,0,4.515546
25475.725274,2.139158,0.005470,0.192580,0.018734,0.536785,0.000186,-0.000464,-0.018359,-0.052190,0.085667,4.552190,1.855667,4.500000,1.770000,0,4.567348
25475.745070,2.140676,0.004738,0.200543,0.017759,0.537229,0.000771,0.000097,-0.001587,-0.048368,0.088601,4.548368,1.805268,4.500000,1.716667,0,4.603020
25475.765088,2.146215,0.003477,0.262023,0.017989,0.535524,0.000534,0.000060,0.003078,-0.046894,0.072465,4.546894,1.755799,4.500000,1.683333,0,4.651609
25475.812365,2.151387,0.002042,0.299622,0.016121,0.533134,-0.005146,0.001223,0.019537,-0.050211,0.069816,4.550211,1.703150,4.500000,1.633333,0,4.702130
25475.818207,2.156599,0.000806,0.313453,0.011625,0.529457,0.007558,0.000041,0.023989,-0.045623,0.030096,4.545623,1.613429,4.500000,1.583333,0,4.770609
25475.825065,2.165388,-0.000227,0.321590,0.008987,0.519586,-0.000096,0.001023,0.023123,-0.050772,0.087229,4.550772,1.600562,4.500000,1.513333,0,4.824826
25475.845093,2.166501,-0.000632,0.315122,0.003100,0.517518,0.000879,0.001077,0.058018,-0.052771,0.090118,4.552771,1.550118,4.500000,1.460000,0,4.860190
25475.865070,2.170764,-0.003289,0.250579,-0.002093,0.513088,0.000680,0.001264,0.041624,-0.047263,0.077025,4.547263,1.500358,4.500000,1.423333,0,4.908440
25475.912817,2.174495,-0.004476,0.151622,-0.005752,0.507568,-0.002586,-0.000122,0.157387,-0.039183,0.072252,4.539183,1.448919,4.500000,1.376667,0,4.958469
25475.918714,2.178268,-0.003443,0.095190,-0.009487,0.500334,0.006076,0.003382,0.012541,-0.030549,0.029697,4.530549,1.356363,4.500000,1.326667,0,5.027396
25475.925077,2.184992,-0.001260,0.061961,-0.029578,0.490334,0.000454,0.003909,0.091086,-0.033777,0.086721,4.533777,1.343388,4.500000,1.256667,0,5.082271
25475.945153,2.185803,-0.001641,0.050271,-0.049059,0.482352,0.001913,0.005093,0.195473,-0.029079,0.088945,4.529079,1.292278,4.500000,1.203333,0,5.117089
25475.965066,2.187807,-0.008726,-0.186908,-0.069420,0.472352,0.003008,0.009740,0.314120,-0.027400,0.074264,4.527400,1.240930,4.500000,1.166667,0,5.166449
25476.019178,2.189579,-0.007971,-0.365686,-0.099136,0.462352,0.009656,0.005740,1.042640,-0.025591,0.069436,4.525591,1.189436,4.500000,1.120000,0,5.217692
25476.025228,2.191136,-0.005618,-0.483607,-0.139136,0.452352,0.005829,0.015676,0.217315,-0.022161,0.020726,4.522161,1.087393,4.500000,1.066667,0,5.289478
25476.045204,2.194579,-0.000025,-0.531329,-0.179136,0.442352,0.004367,0.004221,0.238745,-0.013993,0.041334,4.514257,1.037905,4.499989,0.996665,0,5.363860
25476.065186,2.187532,-0.023367,-1.207540,-0.215459,0.432352,0.003004,0.001786,0.070380,-0.004427,0.067728,4.508773,0.986457,4.493607,0.920301,0,5.417572
25476.114454,2.176593,-0.030490,-1.993018,-0.237799,0.422352,0.024330,-0.017525,0.574734,0.002551,0.067731,4.497706,0.934184,4.482309,0.868176,0,5.469185
25476.120694,2.163033,-0.025610,-2.619537,-0.258620,0.417628,-0.021462,0.019435,-0.466115,0.006915,0.027884,4.470277,0.849169,4.466730,0.820660,0,5.536765
25476.127162,2.136101,-0.003834,-3.255072,-0.269292,0.412490,-0.000343,0.001562,0.000253,0.013298,0.077258,4.463004,0.831253,4.437121,0.757255,0,5.592666
25476.145172,2.129473,0.000779,-3.339092,-0.283356,0.411658,0.003675,-0.000185,0.037304,0.017060,0.090161,4.446750,0.795610,4.408777,0.712075,0,5.625434
25476.165194,2.114203,0.008240,-3.492461,-0.293436,0.409605,0.001199,0.000270,0.006110,0.008357,0.072565,4.427829,0.747136,4.388678,0.685469,0,5.667328
25476.214166,2.093034,0.016051,-3.642959,-0.298754,0.407589,0.034243,-0.006324,0.078396,0.006354,0.069760,4.403819,0.707625,4.359979,0.652991,0,5.712760
25476.219966,2.070355,0.022556,-3.742444,-0.300000,0.406701,-0.034936,0.005732,-0.066974,-0.010141,0.030153,4.357967,0.635291,4.328575,0.623120,0,5.772251
25476.227356,2.028620,0.029858,-3.830751,-0.300000,0.403187,-0.000609,0.000033,-0.000748,-0.001633,0.070510,4.340302,0.624764,4.281069,0.586478,0,5.822641
25476.245194,2.019296,0.030561,-3.839682,-0.300000,0.406102,0.002038,-0.000016,-0.000211,-0.009816,0.087916,4.320323,0.593754,4.238360,0.560472,0,5.850634
25476.265190,2.000599,0.030978,-3.851209,-0.300000,0.409222,0.000128,0.000026,-0.000050,-0.017528,0.074801,4.286752,0.562732,4.211561,0.546964,0,5.885260
25476.317153,1.977986,0.029935,-3.856267,-0.300000,0.412253,0.033838,0.006232,0.003213,-0.024611,0.065012,4.250408,0.534447,4.180895,0.533870,0,5.925690
25476.322767,1.955764,0.027297,-3.858886,-0.300000,0.414836,-0.036051,-0.007111,-0.006481,-0.040475,0.028132,4.181582,0.490165,4.143047,0.520899,0,5.981022
25476.328399,1.913665,0.019249,-3.865686,-0.300000,0.410785,0.001687,0.000378,0.000616,-0.035466,0.081634,4.174517,0.487231,4.087919,0.507790,0,6.021082
25476.345200,1.909604,0.018329,-3.867085,-0.300000,0.415421,0.000691,0.000139,0.000133,-0.038834,0.096436,4.148018,0.472997,4.048282,0.502337,0,6.038361
25476.365190,1.893664,0.014528,-3.874661,-0.300000,0.420579,0.000083,0.000041,0.000654,-0.044774,0.072376,4.106728,0.460902,4.031662,0.501003,0,6.068850
25476.413509,1.874898,0.009913,-3.886781,-0.300000,0.425434,0.023803,0.005758,0.026528,-0.049250,0.063772,4.065603,0.450966,4.001668,0.500003,0,6.105367
25476.419388,1.856678,0.005446,-3.902772,-0.300000,0.430507,-0.025940,-0.005941,-0.026477,-0.054871,0.036276,3.997358,0.443951,3.965011,0.501226,0,6.152954
25476.425181,1.825702,-0.001758,-3.934460,-0.299569,0.429700,0.001677,0.000447,0.003388,-0.052298,0.081982,3.991036,0.441722,3.918655,0.506661,0,6.185988
25476.445197,1.822757,-0.002393,-3.936509,-0.300000,0.436594,0.000771,0.000346,0.006109,-0.055617,0.079495,3.950668,0.440897,3.885954,0.513180,0,6.205734
25476.465192,1.808235,-0.005643,-3.950142,-0.300000,0.442965,0.000415,0.000285,0.005510,-0.060730,0.061471,3.909603,0.443201,3.866568,0.518133,0,6.239684
25476.513179,1.794281,-0.008719,-3.964618,-0.298245,0.447270,0.017648,0.003790,0.021970,-0.066712,0.062044,3.871257,0.444628,3.834748,0.528098,0,6.273182
25476.519206,1.780542,-0.011619,-3.979522,-0.294482,0.450610,-0.020496,-0.004154,-0.025420,-0.077275,0.029542,3.800488,0.457493,3.803663,0.540161,0,6.318644
25476.525191,1.756268,-0.016526,-4.007241,-0.281436,0.449127,0.000398,-0.000439,-0.012851,-0.072091,0.073235,3.791651,0.462187,3.761640,0.560472,0,6.352804
25476.545201,1.753571,-0.017093,-4.010955,-0.287999,0.451994,-0.000212,0.000291,0.005891,-0.074988,0.073729,3.755138,0.474558,3.732876,0.577336,0,6.373562
25476.565193,1.742702,-0.018256,-3.992241,-0.292255,0.454257,0.000867,0.000947,0.025760,-0.078120,0.061710,3.719237,0.490880,3.713439,0.590265,0,6.406437
25476.611304,1.732944,-0.019887,-3.967573,-0.295597,0.456521,0.013960,0.004541,0.054689,-0.080085,0.060082,3.686701,0.508113,3.689374,0.608195,0,6.438572
25476.617187,1.723444,-0.022044,-3.949065,-0.298222,0.460037,-0.011255,-0.002287,0.028893,-0.083556,0.039027,3.636690,0.541670,3.663950,0.629769,0,6.479627
25476.625210,1.709124,-0.025617,-3.928648,-0.300000,0.457689,0.000761,0.000827,0.017145,-0.081560,0.066974,3.621788,0.553174,3.635424,0.657824,0,6.513686
25476.645188,1.705822,-0.026619,-3.928912,-0.298490,0.461737,0.000203,0.000059,0.002967,-0.082620,0.070890,3.591691,0.578390,3.611322,0.685469,0,6.537874
25476.665193,1.696636,-0.030202,-3.966167,-0.287001,0.465415,-0.001021,-0.001180,-0.032132,-0.082081,0.060142,3.566528,0.606887,3.597065,0.703953,0,6.570569
25476.711652,1.688104,-0.032489,-4.002495,-0.269854,0.466319,0.005662,-0.000657,-0.107898,-0.078518,0.063352,3.546021,0.635858,3.578230,0.731467,0,6.602691
25476.717125,1.681345,-0.031951,-3.986927,-0.245887,0.469575,-0.007451,-0.001450,0.040653,-0.066262,0.042749,3.525705,0.687712,3.562879,0.757255,0,6.641667
25476.725184,1.673300,-0.031439,-3.897758,-0.207789,0.465299,-0.002462,-0.005887,-0.130042,-0.062255,0.073748,3.518735,0.700076,3.544870,0.792982,0,6.672777
25476.745188,1.671520,-0.031633,-3.876472,-0.174191,0.473530,-0.003438,-0.007516,-0.229502,-0.054961,0.073216,3.508227,0.732603,3.533270,0.820660,0,6.695455
25476.765187,1.672564,-0.022573,-3.561084,-0.141303,0.480994,-0.002526,-0.005075,-0.207981,-0.045900,0.064951,3.502282,0.766544,3.525408,0.842640,0,6.726858
25476.811300,1.676268,-0.012897,-3.113275,-0.110348,0.486703,-0.008913,0.004556,-0.564190,-0.031980,0.068252,3.502131,0.800531,3.515975,0.874622,0,6.758867
25476.817038,1.682508,-0.004885,-2.520163,-0.085477,0.490739,0.006756,-0.009388,0.364176,-0.017818,0.049345,3.501324,0.852036,3.509325,0.903886,0,6.799226
25476.825188,1.691626,-0.010688,-1.937306,-0.064368,0.488260,-0.001206,-0.006862,-0.157039,-0.011333,0.074640,3.500396,0.867983,3.503211,0.943426,0,6.833998
25476.845216,1.693849,-0.012338,-1.855535,-0.047448,0.495500,-0.002778,-0.014942,-0.432687,-0.001366,0.076512,3.502097,0.903490,3.500400,0.979995,0,6.861108
25476.865191,1.699921,-0.015346,-1.704812,-0.029833,0.502992,-0.003450,-0.020059,-0.590188,0.003357,0.067537,3.503357,0.939129,3.500000,1.006667,0,6.896076
25476.912466,1.705815,-0.018098,-1.655926,-0.010967,0.510307,-0.016588,-0.024578,-1.219391,0.007599,0.064472,3.507599,0.975528,3.500000,1.040000,0,6.932394
25476.918582,1.711320,-0.019076,-1.630223,0.006540,0.517169,0.006494,-0.016477,-0.372253,0.012128,0.042391,3.512128,1.034276,3.500000,1.076667,0,6.978557
25476.925200,1.720830,-0.021315,-1.686939,0.028433,0.516306,-0.001536,-0.013559,-0.305677,0.013627,0.076427,3.513627,1.046906,3.500000,1.123333,0,7.016567
25476.945191,1.722194,-0.016198,-1.591621,0.041764,0.522467,0.000109,-0.003416,-0.110397,0.016721,0.075801,3.516721,1.084199,3.500000,1.160000,0,7.043440
25476.965193,1.730644,0.015871,-0.596453,0.042814,0.522757,0.000017,-0.003579,-0.106294,0.018294,0.067586,3.518294,1.122414,3.500000,1.190000,0,7.079609
25477.013667,1.739465,0.018078,-0.019216,0.042671,0.524743,-0.013271,0.001344,-0.331038,0.019938,0.061450,3.519938,1.161884,3.500000,1.223333,0,7.119242
25477.019377,1.748649,0.013721,0.259478,0.044365,0.525947,0.013578,-0.006677,0.072078,0.017092,0.037364,3.517092,1.225969,3.500000,1.263333,0,7.170421
25477.026584,1.764846,0.007726,0.419253,0.049057,0.521672,0.000819,-0.002861,-0.061250,0.012815,0.068456,3.512815,1.248211,3.500000,1.316667,0,7.214590
25477.045196,1.768750,0.007346,0.438296,0.054268,0.523043,-0.000800,-0.001120,-0.056557,0.011406,0.077757,3.511406,1.282243,3.500000,1.360000,0,7.244662
25477.065191,1.775826,0.011613,0.588263,0.062018,0.523784,0.000467,-0.001941,-0.057893,0.007768,0.065619,3.507768,1.324381,3.500000,1.390000,0,7.282409
25477.113907,1.784586,0.012870,0.740112,0.075630,0.523843,-0.010416,-0.003750,-0.323706,0.005175,0.061880,3.505175,1.364786,3.500000,1.426667,0,7.323979
25477.119712,1.793239,0.011785,0.817448,0.096739,0.523732,0.013353,-0.006592,-0.072749,-0.000809,0.036118,3.499191,1.433882,3.500000,1.470000,0,7.377473
25477.125180,1.808369,0.009766,0.865145,0.136739,0.517812,0.001317,-0.007588,-0.165336,-0.011689,0.074356,3.491255,1.448565,3.499453,1.523386,0,7.422986
25477.145163,1.810309,0.010229,0.879128,0.169579,0.518240,0.003852,-0.007468,-0.265884,-0.024072,0.075789,3.481784,1.488322,3.495539,1.566643,0,7.455879
25477.165189,1.814392,0.026576,1.350857,0.191342,0.516654,0.004677,-0.009197,-0.266830,-0.028205,0.064299,3.475149,1.530965,3.489981,1.599593,0,7.497942
25477.218805,1.818396,0.030555,1.769574,0.213963,0.517999,0.005251,-0.001726,-0.801122,-0.025831,0.064260,3.472934,1.572794,3.479489,1.641741,0,7.540947
25477.224250,1.820829,0.034403,2.146219,0.231411,0.520374,0.000188,-0.001891,0.602224,-0.030047,0.019174,3.444423,1.653986,3.465379,1.682819,0,7.603882
25477.229699,1.820041,0.035814,2.913652,0.232333,0.513815,0.000562,-0.001712,0.000440,-0.034441,0.064092,3.439073,1.667534,3.438475,1.740291,0,7.659407
25477.245191,1.819914,0.033906,2.993003,0.237112,0.519132,0.002026,-0.001828,-0.089150,-0.038816,0.086208,3.427729,1.692796,3.410320,1.785723,0,7.687646
25477.265193,1.819915,0.031213,3.090078,0.241250,0.524542,0.002544,-0.003659,-0.104087,-0.036738,0.072072,3.408234,1.730545,3.392400,1.809875,0,7.723285
25477.313747,1.819703,0.026719,3.187088,0.244549,0.528641,0.006831,-0.001137,-0.257869,-0.033354,0.061727,3.387494,1.767239,3.370826,1.835392,0,7.765777
25477.319287,1.819436,0.023143,3.236472,0.245751,0.532311,0.000133,-0.004974,-0.023410,-0.026030,0.032344,3.346298,1.825225,3.340320,1.866309,0,7.821316
25477.325182,1.818631,0.019097,3.257246,0.239004,0.529353,0.001004,-0.001111,-0.025094,-0.030479,0.073019,3.337296,1.834684,3.296590,1.902535,0,7.866935
25477.345189,1.818708,0.019180,3.264860,0.234254,0.534826,0.000514,0.000062,-0.003546,-0.028760,0.076091,3.308065,1.864627,3.257678,1.928488,0,7.898605
25477.365185,1.817051,0.021095,3.342916,0.222237,0.538604,-0.001272,0.002162,0.064421,-0.024562,0.063304,3.276194,1.892129,3.231451,1.943205,0,7.940091
25477.413088,1.815244,0.021357,3.417036,0.203984,0.542179,-0.004491,0.006451,0.246012,-0.022292,0.063714,3.242371,1.916558,3.192113,1.961619,0,7.982562
25477.419371,1.813607,0.020256,3.460372,0.180099,0.546186,-0.005365,0.003600,0.143615,-0.016617,0.033966,3.181677,1.949229,3.154508,1.975528,0,8.037085
25477.425147,1.809697,0.018807,3.513234,0.140099,0.541565,-0.002178,0.008221,0.174156,-0.018871,0.075691,3.170008,1.956412,3.099593,1.989981,0,8.081028
25477.445186,1.809877,0.017797,3.501276,0.112160,0.549380,-0.003403,0.008545,0.312143,-0.014982,0.074859,3.129371,1.973402,3.056694,1.996775,0,8.112131
25477.465159,1.815409,0.000078,3.054181,0.090236,0.551798,-0.002688,0.011957,0.361375,-0.010350,0.064783,3.090861,1.985488,3.026724,1.999285,0,8.152863
25477.511912,1.821507,-0.002619,2.665977,0.069479,0.553866,-0.015636,0.008740,1.036341,-0.002461,0.061986,3.048653,1.997539,2.986667,2.000000,0,8.194377
25477.517743,1.826971,0.002700,2.444761,0.050139,0.555166,0.005439,0.018062,0.111629,0.015553,0.030050,2.973383,2.015553,2.943333,2.000000,0,8.251726
25477.525161,1.835529,0.011432,2.276352,0.037751,0.548467,-0.002132,0.009386,0.238663,0.016267,0.079375,2.966041,2.016267,2.886667,2.000000,0,8.296142
25477.545198,1.837314,0.006720,2.162889,0.029734,0.548842,-0.000055,0.001684,0.075538,0.023377,0.080119,2.923453,2.023377,2.843333,2.000000,0,8.323653
25477.565182,1.847156,-0.012890,1.409024,0.038471,0.545892,0.000130,-0.000723,-0.032720,0.028727,0.067662,2.880995,2.028727,2.813333,2.000000,0,8.364409
25477.610643,1.856306,-0.010625,0.957557,0.054117,0.540845,-0.009952,-0.006367,-0.045015,0.033252,0.064171,2.837504,2.033252,2.773333,2.000000,0,8.408013
25477.616124,1.865041,-0.000946,0.833900,0.071327,0.533247,0.011533,0.002999,-0.018277,0.034918,0.039016,2.769016,2.034918,2.730000,2.000000,0,8.463006
25477.625182,1.878460,0.006332,0.859890,0.092914,0.523247,0.001099,-0.006384,-0.149448,0.038831,0.073738,2.750405,2.038831,2.676667,2.000000,0,8.507984
25477.645190,1.881868,0.006768,0.867304,0.114844,0.513247,0.001357,-0.001786,-0.082789,0.040667,0.075845,2.705845,2.040667,2.630000,2.000000,0,8.540713
25477.665190,1.886477,0.019819,1.238817,0.133730,0.503247,0.002046,-0.003789,-0.112797,0.041855,0.064362,2.661029,2.041855,2.596667,2.000000,0,8.583606
25477.711773,1.890532,0.022634,1.560841,0.153155,0.493247,0.002858,-0.003634,-0.525807,0.041944,0.062802,2.616135,2.041944,2.553333,2.000000,0,8.627980
25477.718009,1.894943,0.020085,1.743282,0.175367,0.483694,0.009924,-0.010348,-0.042628,0.035599,0.024246,2.534246,2.035599,2.510000,2.000000,0,8.687792
25477.725179,1.904008,0.014198,1.856839,0.200845,0.473694,0.002185,-0.005585,-0.140168,0.029076,0.080082,2.526722,2.034435,2.449952,1.997489,0,8.732918
25477.745192,1.904013,0.016032,1.906807,0.220042,0.467573,0.005484,-0.005630,-0.159595,0.020570,0.080507,2.482240,2.026459,2.406966,1.991268,0,8.760461
25477.765186,1.902012,0.025141,2.289092,0.227521,0.460112,0.006513,-0.007141,-0.206172,0.015556,0.066268,2.438042,2.016092,2.377598,1.984786,0,8.802194
25477.813109,1.900772,0.024365,2.535726,0.233158,0.454859,0.014880,0.000805,-0.447636,0.010005,0.062047,2.394679,2.002854,2.339148,1.973420,0,8.845998
25477.819364,1.896682,0.025635,2.788737,0.234428,0.451019,-0.010056,-0.002856,0.342777,0.003990,0.024246,2.319256,1.971090,2.298669,1.957674,0,8.906065
25477.825191,1.883923,0.023818,3.235276,0.224162,0.442791,0.000590,0.000901,-0.001393,-0.002570,0.076995,2.312748,1.967227,2.245192,1.930201,0,8.953075
25477.845216,1.882388,0.023025,3.265850,0.216307,0.446335,-0.000038,0.000671,0.028764,-0.008465,0.080758,2.276417,1.945128,2.206107,1.904508,0,8.981771
25477.865192,1.875933,0.017241,3.336531,0.204727,0.448369,-0.000061,0.000843,0.034622,-0.011185,0.066426,2.240721,1.919675,2.182319,1.886107,0,9.023577
25477.913025,1.870446,0.011851,3.320445,0.189403,0.449358,0.006052,0.002027,0.201708,-0.015592,0.064250,2.206808,1.890919,2.150009,1.857080,0,9.068933
25477.918926,1.865790,0.008578,3.260232,0.168742,0.450179,-0.007883,0.003746,0.010313,-0.022393,0.026173,2.154375,1.830661,2.120340,1.825359,0,9.130365
25477.925182,1.857285,0.009055,3.191281,0.128742,0.445848,-0.001303,0.006838,0.154750,-0.029775,0.079026,2.150478,1.824332,2.082188,1.774651,0,9.179658
25477.945167,1.856386,0.008511,3.170352,0.095549,0.452901,-0.001207,0.004929,0.229485,-0.035362,0.078930,2.126591,1.787548,2.058352,1.734408,0,9.211752
25477.965192,1.857895,-0.008365,2.668970,0.065507,0.453036,-0.000167,0.007569,0.235314,-0.038831,0.067286,2.106624,1.749920,2.043682,1.704386,0,9.255162
25478.014111,1.860666,-0.012411,2.133551,0.034986,0.452910,-0.005710,0.003235,0.991163,-0.044333,0.065298,2.090965,1.711155,2.027665,1.664012,0,9.300679
25478.019690,1.863323,-0.006392,1.802011,-0.003737,0.454621,0.001420,0.021992,0.111012,-0.043369,0.030003,2.063676,1.637962,2.014406,1.619159,0,9.360961
25478.025280,1.865772,0.005999,1.600566,-0.043737,0.450025,-0.000133,0.014444,0.322659,-0.049073,0.077210,2.061600,1.630775,2.003615,1.560013,0,9.407912
25478.045185,1.866203,0.005200,1.561940,-0.083737,0.449940,0.000730,0.009144,0.429074,-0.044192,0.078405,2.046451,1.590563,2.000179,1.513367,0,9.436800
25478.065189,1.866711,-0.025949,0.646669,-0.104427,0.444546,0.000776,0.001346,0.058553,-0.031913,0.068219,2.033896,1.550407,1.999721,1.483293,0,9.475406
25478.110603,1.866666,-0.040242,-0.441202,-0.114145,0.442780,-0.000641,-0.009586,0.465911,-0.016921,0.066326,2.021048,1.510769,1.997143,1.446628,0,9.515350
25478.118281,1.867292,-0.037317,-1.148575,-0.125215,0.445436,0.002222,0.011850,-0.332060,0.004917,0.031579,1.992313,1.438908,1.991268,1.406966,0,9.572011
25478.125177,1.869511,-0.024248,-1.694882,-0.135725,0.442606,0.000399,0.001301,0.064580,0.012410,0.080074,1.989422,1.432018,1.977551,1.351862,0,9.618261
25478.145203,1.869619,-0.023521,-1.730456,-0.147153,0.450670,0.000698,0.001495,0.064589,0.021983,0.084890,1.973941,1.394707,1.961619,1.307887,0,9.647141
25478.165180,1.869200,-0.024227,-1.963615,-0.159552,0.457669,0.000143,0.000849,0.036048,0.027916,0.072344,1.955914,1.357736,1.949234,1.280481,0,9.687449
25478.211282,1.867888,-0.024972,-2.196035,-0.173311,0.464012,0.002304,-0.002587,0.212150,0.031745,0.069039,1.938071,1.320771,1.930201,1.245192,0,9.730591
25478.217925,1.866106,-0.025122,-2.404790,-0.188278,0.470020,-0.001730,0.004818,-0.142598,0.033488,0.035160,1.899716,1.256902,1.906464,1.208818,0,9.788186
25478.225180,1.863392,-0.021391,-2.638309,-0.202264,0.469073,0.001085,0.001687,0.057542,0.039381,0.080470,1.895597,1.250704,1.870826,1.164608,0,9.834151
25478.245183,1.862926,-0.021389,-2.662203,-0.211954,0.475447,0.001066,0.001276,0.050516,0.041779,0.082032,1.870102,1.217652,1.837864,1.131424,0,9.863782
25478.265189,1.859414,-0.023823,-2.844006,-0.217611,0.480546,0.000362,0.000409,0.014353,0.039845,0.067560,1.842440,1.185291,1.815093,1.111778,0,9.904923
25478.314743,1.855332,-0.024377,-3.022805,-0.219475,0.485566,0.005912,-0.003448,0.110749,0.037057,0.062804,1.813779,1.153874,1.782974,1.087779,0,9.948332
25478.320298,1.851314,-0.022914,-3.153909,-0.219782,0.491060,-0.005833,0.003560,-0.094019,0.026620,0.028327,1.757684,1.101892,1.746131,1.064776,0,10.005791
25478.325613,1.844452,-0.018773,-3.275881,-0.215510,0.490607,0.000075,-0.000369,-0.002938,0.030745,0.074758,1.752018,1.097166,1.695195,1.039675,0,10.050346
25478.345188,1.843645,-0.018373,-3.282974,-0.211560,0.498179,-0.000307,-0.000384,-0.017887,0.026158,0.077353,1.717135,1.071792,1.651327,1.023450,0,10.078247
25478.365183,1.840822,-0.015946,-3.289783,-0.204467,0.504318,-0.000715,-0.001099,-0.032743,0.016902,0.063201,1.682566,1.048284,1.625639,1.016043,0,10.117384
25478.415821,1.838445,-0.014284,-3.269257,-0.194886,0.510122,-0.000638,-0.001938,-0.171231,0.009503,0.063414,1.647274,1.027857,1.586458,1.007532,0,10.156878
25478.421957,1.836049,-0.013803,-3.248180,-0.182187,0.516100,-0.004906,-0.003225,-0.036995,-0.010682,0.018810,1.566447,0.993310,1.546721,1.002188,0,10.216342
25478.427577,1.831543,-0.014701,-3.229404,-0.156200,0.511916,-0.001111,-0.003700,-0.081117,-0.009025,0.069528,1.559528,0.990975,1.490000,1.000000,0,10.264722
25478.445178,1.831495,-0.013791,-3.208055,-0.137639,0.521088,-0.001668,-0.003888,-0.148332,-0.021151,0.086610,1.526610,0.978849,1.440000,1.000000,0,10.289022
25478.465183,1.834301,-0.004729,-2.962355,-0.125173,0.530017,-0.000151,-0.000925,-0.043026,-0.031864,0.068719,1.485386,0.968136,1.416667,1.000000,0,10.325202
25478.513152,1.839734,0.001886,-2.572875,-0.115522,0.535449,-0.008282,0.006132,-0.272403,-0.041135,0.062686,1.442686,0.958865,1.380000,1.000000,0,10.367463
25478.519339,1.845228,0.001210,-2.262126,-0.110899,0.540426,0.007769,-0.007205,0.207519,-0.055178,0.026851,1.363518,0.944822,1.336667,1.000000,0,10.426911
25478.525170,1.854967,-0.006409,-1.965227,-0.117076,0.538262,-0.000508,0.000598,-0.000843,-0.056075,0.079501,1.356168,0.943925,1.276667,1.000000,0,10.472659
25478.545161,1.856136,-0.007085,-1.948126,-0.121336,0.544507,0.000268,0.000424,0.017915,-0.062720,0.078361,1.311695,0.937280,1.233333,1.000000,0,10.501205
25478.565188,1.862251,-0.011005,-1.923163,-0.126444,0.548664,0.000167,0.000485,0.019509,-0.066174,0.067495,1.270828,0.933826,1.203333,1.000000,0,10.542213
25478.611394,1.868214,-0.013765,-1.952453,-0.131459,0.552464,-0.007516,-0.000229,0.075537,-0.067766,0.064099,1.227433,0.932234,1.163333,1.000000,0,10.584897
25478.617303,1.873945,-0.015512,-2.013003,-0.139471,0.556009,0.007336,0.001422,-0.039763,-0.069982,0.035170,1.155170,0.930018,1.120000,1.000000,0,10.640580
25478.625201,1.882826,-0.015131,-2.089417,-0.160092,0.553458,0.001011,0.002969,0.067740,-0.068693,0.074052,1.137385,0.931307,1.063333,1.000000,0,10.685889
25478.645192,1.885089,-0.015202,-2.109782,-0.177072,0.556970,0.000773,0.001270,0.056584,-0.069687,0.073017,1.093017,0.930313,1.020000,1.000000,0,10.717092
25478.665189,1.887933,-0.021508,-2.335721,-0.194345,0.559840,0.001743,0.002894,0.084168,-0.065612,0.061939,1.046796,0.932934,0.986633,1.000179,0,10.758279
25478.712392,1.890838,-0.022487,-2.543585,-0.209599,0.562433,0.002218,0.001121,0.377495,-0.059513,0.059622,0.999556,0.937320,0.946628,1.002857,0,10.800726
25478.718642,1.893807,-0.020200,-2.676079,-0.226460,0.565018,0.006170,0.007887,-0.000493,-0.053002,0.023797,0.916826,0.952771,0.903684,1.009364,0,10.858498
25478.725201,1.899413,-0.014696,-2.776871,-0.242257,0.556820,0.001471,0.003004,0.076673,-0.047029,0.078773,0.909519,0.954785,0.848673,1.023450,0,10.901344
25478.745193,1.899503,-0.015243,-2.802001,-0.255876,0.559268,0.001300,0.000692,0.026258,-0.041389,0.083114,0.868718,0.968234,0.807887,1.038381,0,10.926551
25478.765186,1.895867,-0.022276,-3.092807,-0.259837,0.561016,0.000666,0.000394,0.010065,-0.041275,0.062921,0.825779,0.983682,0.786506,1.047871,0,10.966412
25478.814963,1.892008,-0.022612,-3.336756,-0.261289,0.564356,0.007038,-0.005768,0.167830,-0.039089,0.060501,0.783959,1.002402,0.750965,1.066431,0,11.008216
25478.820789,1.888367,-0.019274,-3.503086,-0.259999,0.568814,-0.005655,0.006559,-0.115981,-0.041393,0.024809,0.710983,1.041534,0.714277,1.089680,0,11.065864
25478.826348,1.881572,-0.011646,-3.658235,-0.250881,0.562368,-0.000724,0.000107,-0.011534,-0.036148,0.070988,0.698988,1.050683,0.669595,1.124724,0,11.111825
25478.845213,1.879811,-0.010302,-3.677836,-0.244623,0.567731,0.000281,-0.000821,-0.014932,-0.031714,0.084448,0.670775,1.074016,0.635974,1.157239,0,11.137907
25478.865184,1.877286,-0.007049,-3.685210,-0.235541,0.573467,-0.000774,-0.001003,-0.030758,-0.036537,0.067612,0.633924,1.101964,0.618174,1.177186,0,11.175065
25478.913260,1.874540,-0.004099,-3.666584,-0.227210,0.579019,-0.000060,-0.001852,-0.144647,-0.036793,0.060422,0.601240,1.135598,0.595492,1.206107,0,11.217003
25478.919477,1.871647,-0.002903,-3.645610,-0.217033,0.582875,-0.005222,-0.002108,-0.014452,-0.043012,0.024716,0.547389,1.198974,0.571512,1.242322,0,11.274999
25478.925183,1.866534,-0.003289,-3.619330,-0.192071,0.575776,-0.001293,-0.003077,-0.067449,-0.037092,0.078620,0.543925,1.205645,0.545058,1.292569,0,11.317973
25478.945193,1.866014,-0.003189,-3.612296,-0.174278,0.580500,-0.003097,-0.004608,-0.162822,-0.039705,0.085092,0.519801,1.239364,0.528772,1.332834,0,11.341347
25478.965182,1.867060,0.002299,-3.443018,-0.154038,0.583426,-0.003304,-0.007172,-0.215142,-0.042757,0.065269,0.499468,1.280196,0.521469,1.355058,0,11.379950
25479.014248,1.869301,0.003501,-3.255282,-0.134949,0.585126,-0.013955,-0.003747,-0.709007,-0.035550,0.063556,0.491331,1.320808,0.512115,1.390602,0,11.421058
25479.020340,1.871342,0.000902,-3.121374,-0.110248,0.587009,0.000587,-0.014197,-0.108356,-0.035366,0.023988,0.472608,1.404869,0.504461,1.433357,0,11.479370
25479.025656,1.874848,-0.005984,-3.019009,-0.078802,0.579942,-0.000569,-0.005838,-0.116588,-0.030615,0.069596,0.470887,1.419778,0.500101,1.489974,0,11.529571
25479.045204,1.877274,-0.000993,-2.884471,-0.055437,0.582012,-0.002596,-0.007577,-0.321487,-0.027155,0.078107,0.472845,1.461893,0.500000,1.540000,0,11.561277
25479.065188,1.885057,0.015704,-2.294729,-0.043544,0.579630,-0.001095,-0.008600,-0.263056,-0.030755,0.066080,0.469245,1.507253,0.500000,1.573333,0,11.604388
25479.116699,1.894017,0.015364,-1.779798,-0.035760,0.577849,-0.016973,0.000386,-0.755039,-0.034436,0.064092,0.465564,1.552574,0.500000,1.616667,0,11.649692
25479.122481,1.902924,0.007214,-1.505616,-0.027246,0.576705,0.014483,-0.015420,-0.015904,-0.036372,0.008664,0.463628,1.651336,0.500000,1.660000,0,11.718539
25479.128752,1.920429,-0.004052,-1.334200,-0.015482,0.567885,-0.001196,-0.006000,-0.145210,-0.036579,0.070951,0.463421,1.659049,0.500000,1.730000,0,11.774390
25479.145168,1.922376,-0.002237,-1.283252,-0.009489,0.572060,-0.000085,-0.002124,-0.079128,-0.039132,0.085953,0.460868,1.700714,0.500000,1.786667,0,11.804180
25479.165200,1.930507,0.009317,-0.885624,-0.012989,0.576435,-0.000105,0.000901,0.027551,-0.036865,0.068949,0.463135,1.747718,0.500000,1.816667,0,11.847456
25479.212588,1.940445,0.011409,-0.507967,-0.017197,0.578914,-0.013535,0.005262,-0.030467,-0.040112,0.066285,0.459888,1.793715,0.500000,1.860000,0,11.893384
25479.218564,1.950475,0.006360,-0.341882,-0.020464,0.580033,0.015353,-0.004116,0.042215,-0.047896,0.022616,0.452104,1.884051,0.500000,1.906667,0,11.958743
25479.225180,1.968803,0.000078,-0.292509,-0.029373,0.573599,-0.001088,0.001753,0.035388,-0.048220,0.078064,0.451780,1.891936,0.500000,1.970000,0,12.010841
25479.245182,1.970755,-0.000345,-0.294262,-0.036543,0.578822,0.000617,0.003999,0.124864,-0.049880,0.085454,0.450120,1.937879,0.500000,2.023333,0,12.041712
25479.265184,1.980658,-0.002100,-0.325548,-0.042200,0.581816,0.000517,0.001950,0.089792,-0.051874,0.067316,0.448126,1.986018,0.500000,2.053333,0,12.087138
25479.316074,1.990354,-0.005786,-0.426241,-0.047116,0.582610,-0.013402,-0.001216,0.175311,-0.051810,0.065014,0.448190,2.034986,0.500000,2.100000,0,12.135865
25479.322272,1.999833,-0.007784,-0.577373,-0.051139,0.582408,0.016016,0.003906,-0.063937,-0.051517,0.011679,0.448483,2.134988,0.500000,2.146667,0,12.207181
25479.327917,2.018578,-0.004774,-0.698139,-0.064835,0.574295,-0.000362,0.002180,0.052420,-0.051529,0.076941,0.448471,2.143059,0.500000,2.220000,0,12.264146
25479.345202,2.020314,-0.004927,-0.711779,-0.076697,0.575397,0.000519,0.002432,0.099366,-0.050844,0.092031,0.449156,2.184636,0.500000,2.276667,0,12.293449
25479.365193,2.026849,-0.009317,-0.864652,-0.091498,0.574840,0.001122,0.003384,0.105672,-0.049468,0.071953,0.450532,2.234713,0.500000,2.306667,0,12.337203
25479.417566,2.034183,-0.011608,-1.089249,-0.110382,0.573262,-0.007054,-0.002692,0.431042,-0.052097,0.062448,0.447903,2.287552,0.500000,2.350000,0,12.387797
25479.423777,2.040778,-0.013797,-1.317695,-0.136075,0.571619,0.010062,0.006671,-0.267637,-0.049258,0.008658,0.450742,2.391342,0.500000,2.400000,0,12.462065
25479.428999,2.051692,-0.010812,-1.739114,-0.176075,0.561793,0.001343,0.004533,0.108231,-0.048838,0.073753,0.451162,2.399581,0.500000,2.473333,0,12.519363
25479.445198,2.052673,-0.010228,-1.764520,-0.211294,0.557533,0.004867,0.007250,0.244645,-0.043441,0.090292,0.452114,2.442544,0.500904,2.530061,0,12.546540
25479.465186,2.053856,-0.014640,-1.997266,-0.243026,0.549974,0.003747,0.002826,0.081545,-0.038631,0.066663,0.457284,2.494841,0.503225,2.556694,0,12.588236
25479.518596,2.050172,-0.021568,-2.504057,-0.259224,0.541912,0.019826,-0.008236,0.601996,-0.032945,0.061609,0.465463,2.545780,0.510019,2.599593,0,12.635885
25479.524390,2.047238,-0.017418,-2.847395,-0.275981,0.538727,-0.002914,0.015646,-0.209526,-0.045829,0.013405,0.473722,2.645398,0.521469,2.644942,0,12.703338
25479.529937,2.041238,-0.002104,-3.180432,-0.287344,0.528727,0.002805,0.002010,0.058868,-0.039483,0.081493,0.476337,2.653166,0.546455,2.710467,0,12.752768
25479.545162,2.040430,-0.000703,-3.196798,-0.295697,0.528300,0.006978,0.005518,0.127202,-0.044805,0.091177,0.483464,2.695745,0.568106,2.751927,0,12.776659
25479.565186,2.036942,0.003777,-3.263723,-0.299818,0.527902,0.010123,0.006541,0.183408,-0.048646,0.065080,0.504150,2.743681,0.580362,2.771852,0,12.817759
25479.611656,2.032727,0.008715,-3.299323,-0.299662,0.524534,0.029167,0.004815,0.371637,-0.044802,0.064492,0.530563,2.783896,0.605538,2.807245,0,12.862798
25479.617643,2.028154,0.012022,-3.313701,-0.289704,0.518328,-0.003114,0.004887,0.070703,-0.048894,0.022520,0.582542,2.857100,0.633691,2.840320,0,12.924021
25479.625184,2.020668,0.015131,-3.296112,-0.266816,0.511160,0.002632,0.001339,0.030034,-0.041928,0.083787,0.588546,2.862508,0.679745,2.883975,0,12.970403
25479.645158,2.018383,0.013998,-3.317111,-0.250298,0.516651,-0.001176,-0.000755,-0.031862,-0.038591,0.084026,0.625912,2.896483,0.717026,2.912221,0,12.998268
25479.665176,2.006330,0.010070,-3.443728,-0.230670,0.521324,-0.001867,-0.001815,-0.053906,-0.047003,0.073487,0.652250,2.928582,0.739463,2.926756,0,13.038119
25479.710623,1.996137,0.010243,-3.512403,-0.202581,0.527437,0.002525,-0.005460,-0.259493,-0.043817,0.066529,0.695355,2.955362,0.774495,2.946259,0,13.079375
25479.716771,1.986596,0.011440,-3.550235,-0.176851,0.534147,-0.015127,-0.003890,-0.128457,-0.053771,0.038818,0.754711,2.997999,0.810976,2.962893,0,13.132832
25479.725180,1.970917,0.012182,-3.594201,-0.150174,0.535744,-0.002908,-0.006390,-0.149846,-0.047085,0.082012,0.769621,3.002945,0.861468,2.980426,0,13.173253
25479.745191,1.968413,0.014983,-3.544780,-0.126919,0.543980,-0.002071,-0.004926,-0.162811,-0.050824,0.084452,0.807524,3.022965,0.900407,2.989981,0,13.200244
25479.765185,1.968810,0.027411,-3.134497,-0.115081,0.549176,-0.003205,-0.007061,-0.215389,-0.055569,0.074122,0.848878,3.039734,0.930046,2.995082,0,13.237981
25479.810884,1.968525,0.025280,-2.830045,-0.110213,0.553745,-0.008928,0.003167,-0.571994,-0.058655,0.069810,0.893032,3.052745,0.966604,2.998883,0,13.278942
25479.816712,1.968283,0.017600,-2.628053,-0.107731,0.558051,-0.001497,-0.014067,0.012454,-0.074039,0.039584,0.960416,3.074039,1.000000,3.000000,1,13.335729
25479.825174,1.968198,0.005195,-2.485832,-0.107513,0.564174,-0.001320,-0.002880,-0.076645,-0.076267,0.077368,0.975965,3.076267,1.053333,3.000000,1,13.383501
25479.845192,1.969373,0.005909,-2.412217,-0.104745,0.571881,-0.000513,-0.000232,-0.009642,-0.083789,0.086698,1.016635,3.083789,1.103333,3.000000,1,13.415075
25479.865176,1.975076,0.009275,-2.119083,-0.103502,0.577008,-0.000534,-0.000284,-0.008097,-0.089680,0.072005,1.061328,3.089680,1.133333,3.000000,1,13.456614
25479.910292,1.980812,0.006269,-1.935839,-0.102572,0.580850,-0.008954,0.003132,-0.078577,-0.094878,0.071526,1.105141,3.094878,1.176667,3.000000,1,13.501094
25479.916198,1.986640,0.002242,-1.836572,-0.099558,0.584809,0.007367,-0.003791,0.029659,-0.101051,0.041701,1.178299,3.101051,1.220000,3.000000,1,13.558348
25479.925183,1.996086,-0.002010,-1.776580,-0.093672,0.580001,-0.000836,-0.001670,-0.041002,-0.101253,0.082380,1.194286,3.101253,1.276667,3.000000,1,13.605007
25479.945188,1.998469,-0.002592,-1.771356,-0.085196,0.585334,-0.000930,-0.001993,-0.065553,-0.102844,0.087876,1.235457,3.102844,1.323333,3.000000,1,13.636578
25479.965191,2.005372,-0.000762,-1.687080,-0.075903,0.590237,-0.001519,-0.004091,-0.127894,-0.102755,0.075420,1.281247,3.102755,1.356667,3.000000,1,13.678562
25480.011345,2.012220,-0.000886,-1.630310,-0.066509,0.594287,-0.013195,-0.004702,-0.356481,-0.099632,0.070788,1.325879,3.099632,1.396667,3.000000,1,13.723467
25480.017383,2.019030,-0.001453,-1.597088,-0.054042,0.598131,0.008917,-0.005740,-0.107353,-0.096673,0.033897,1.409436,3.096673,1.443333,3.000000,1,13.784872
25480.025198,2.030883,-0.002545,-1.592934,-0.038014,0.591365,-0.001984,-0.006041,-0.145143,-0.095958,0.085800,1.417533,3.095958,1.503333,3.000000,1,13.833357
25480.045186,2.032632,0.000080,-1.540413,-0.024990,0.596742,-0.000235,-0.002182,-0.107949,-0.091595,0.091706,1.461627,3.091595,1.553333,3.000000,1,13.863484
25480.065185,2.042057,0.013035,-1.121035,-0.019332,0.598376,-0.000102,-0.001403,-0.044722,-0.087797,0.072834,1.510500,3.087797,1.583333,3.000000,1,13.908158
25480.113039,2.051466,0.014191,-0.768314,-0.018810,0.596298,-0.012814,0.004389,-0.193128,-0.084510,0.069103,1.557564,3.084510,1.626667,3.000000,1,13.956192
25480.119151,2.060807,0.009580,-0.580789,-0.018120,0.593546,0.014131,-0.006180,0.064710,-0.075337,0.027375,1.645959,3.075337,1.673333,3.000000,1,14.021842
25480.125178,2.077731,0.002822,-0.461374,-0.013094,0.585742,-0.000795,-0.001178,-0.033187,-0.074456,0.085842,1.654158,3.074456,1.740000,3.000000,1,14.072938
25480.145188,2.079520,0.002589,-0.452524,-0.008853,0.590298,0.000224,-0.001275,-0.052191,-0.069533,0.085181,1.704819,3.069533,1.790000,3.000000,1,14.105424
25480.165188,2.088529,0.003824,-0.357632,-0.004929,0.590856,-0.000072,-0.002031,-0.065357,-0.062555,0.070842,1.752492,3.062555,1.823333,3.000000,1,14.152795
25480.211676,2.097146,0.003254,-0.286658,-0.000176,0.590745,-0.011181,-0.001427,-0.196769,-0.057026,0.068253,1.801747,3.057026,1.870000,3.000000,1,14.202032
25480.218024,2.105686,0.002121,-0.249377,0.004613,0.588730,0.012517,-0.003611,-0.044118,-0.046695,0.028103,1.891897,3.046695,1.920000,3.000000,1,14.269205
25480.225194,2.120853,0.000569,-0.233252,0.013933,0.580857,-0.001103,-0.003062,-0.074035,-0.045715,0.086347,1.900320,3.045715,1.986667,3.000000,1,14.321287
25480.245189,2.122461,0.001497,-0.212795,0.020729,0.584997,0.000527,-0.001159,-0.060765,-0.039012,0.090550,1.949450,3.039012,2.040000,3.000000,1,14.353765
25480.265194,2.130639,0.007945,0.003428,0.024519,0.586779,0.000350,-0.000940,-0.030777,-0.032543,0.073051,2.000283,3.032543,2.073333,3.000000,1,14.401888
25480.313109,2.138636,0.008371,0.191152,0.025519,0.585473,-0.009858,0.002486,-0.126930,-0.026954,0.069426,2.050574,3.026954,2.120000,3.000000,1,14.452906
25480.319432,2.146539,0.005697,0.291903,0.026934,0.582813,0.011812,-0.004063,0.027563,-0.016797,0.024703,2.145297,3.016797,2.170000,3.000000,1,14.523025
25480.325225,2.160630,0.001581,0.357641,0.028978,0.574857,-0.000439,-0.000795,-0.021593,-0.015947,0.086093,2.153907,3.015947,2.240000,3.000000,1,14.577453
25480.345195,2.162064,0.001435,0.363288,0.031153,0.578727,0.000817,-0.002466,-0.079297,-0.013027,0.092891,2.203776,3.013027,2.296667,3.000000,1,14.610802
25480.365190,2.169468,0.000444,0.378332,0.032120,0.580337,0.000960,-0.002912,-0.095001,-0.007294,0.073567,2.256433,3.007294,2.330000,3.000000,1,14.660389
25480.412778,2.176969,-0.000433,0.377505,0.032059,0.578403,-0.007563,-0.001838,-0.160895,-0.001639,0.070511,2.309489,3.001639,2.380000,3.000000,1,14.712851
25480.419191,2.184316,-0.000747,0.378089,0.033970,0.574975,0.011272,-0.002082,-0.042849,0.006113,0.021366,2.408634,2.993887,2.430000,3.000000,1,14.785848
25480.425183,2.197494,-0.001103,0.375354,0.032874,0.566580,-0.000307,-0.001225,-0.028182,0.006615,0.085923,2.417410,2.993385,2.503333,3.000000,1,14.843105
25480.445191,2.198771,-0.000761,0.382126,0.032853,0.569165,0.001415,-0.002703,-0.086092,0.010274,0.089727,2.470273,2.989726,2.560000,3.000000,1,14.878202
25480.465192,2.205612,-0.000794,0.394411,0.031011,0.567884,0.001597,-0.002543,-0.083575,0.014714,0.073386,2.523280,2.985286,2.596667,3.000000,1,14.929121
25480.512397,2.212500,-0.001366,0.388676,0.029185,0.565365,-0.005039,-0.001468,-0.117798,0.016641,0.069008,2.577659,2.983359,2.646667,3.000000,1,14.982432
25480.518622,2.219349,-0.001596,0.383510,0.026275,0.561181,0.010642,-0.000815,-0.020389,0.017397,0.023952,2.676048,2.982603,2.700000,3.000000,1,15.055766
25480.525198,2.231486,-0.001698,0.378432,0.018349,0.551181,-0.000280,0.000573,0.012281,0.017329,0.088355,2.684979,2.982671,2.773333,3.000000,1,15.112937
25480.545192,2.232584,-0.001471,0.382685,0.011973,0.551490,0.000880,0.003362,0.112211,0.018433,0.090046,2.739954,2.981567,2.830000,3.000000,1,15.148904
25480.565170,2.237695,-0.000575,0.418313,0.004499,0.549344,0.000995,0.005356,0.178878,0.018232,0.071608,2.795059,2.981768,2.866667,3.000000,1,15.201723
25480.614263,2.242751,-0.000775,0.442694,-0.003525,0.546804,-0.004351,0.005090,0.418594,0.016595,0.069661,2.850339,2.983405,2.920000,3.000000,1,15.256545
25480.620033,2.247699,-0.001611,0.446050,-0.011728,0.543987,0.007800,0.004613,0.126235,0.013586,0.024702,2.951965,2.986414,2.976667,3.000000,1,15.331396
25480.626013,2.256507,-0.001815,0.470064,-0.015535,0.533987,0.000866,0.005271,0.117521,0.012476,0.080012,2.969988,2.987524,3.050000,3.000000,1,15.393558
25480.645181,2.258182,-0.002179,0.467210,-0.021863,0.532725,0.001375,0.011641,0.378086,0.010587,0.096982,3.016352,2.989413,3.113333,3.000000,1,15.430057
25480.665191,2.261958,-0.002687,0.457428,-0.025009,0.529437,0.002170,0.012266,0.411712,0.006455,0.080283,3.069717,2.993545,3.150000,3.000000,1,15.478543
25480.714300,2.266324,-0.003013,0.445420,-0.026129,0.524259,-0.000322,0.007908,0.758525,0.002524,0.072303,3.124364,2.997476,3.196667,3.000000,1,15.531963
25480.720270,2.270724,-0.002775,0.445336,-0.026768,0.517694,0.007680,0.007144,0.173037,-0.004107,0.023675,3.226325,3.004107,3.250000,3.000000,1,15.606465
25480.726107,2.278785,-0.002314,0.469736,-0.023560,0.507694,0.000806,0.001391,0.037718,-0.005178,0.078754,3.244579,3.005178,3.323333,3.000000,1,15.668781
25480.745197,2.279785,-0.007421,0.367745,-0.023434,0.503696,0.000624,-0.000107,0.037838,-0.007650,0.096210,3.290456,3.007650,3.386667,3.000000,1,15.705629
25480.765188,2.280918,-0.015453,0.041003,-0.015778,0.498634,0.000673,-0.001840,-0.061890,-0.010669,0.077581,3.345753,3.010669,3.423333,3.000000,1,15.754779
25480.814260,2.282079,-0.012761,-0.200886,-0.009240,0.494284,0.000544,-0.007949,-0.132022,-0.013271,0.071577,3.401756,3.013271,3.473333,3.000000,1,15.809879
25480.820153,2.283319,-0.007387,-0.327163,-0.007479,0.490812,0.002265,0.003167,-0.110141,-0.016185,0.024274,3.505726,3.016185,3.530000,3.000000,1,15.886203
25480.825826,2.285618,-0.000745,-0.415235,-0.016079,0.481996,0.000384,-0.000702,-0.022226,-0.016737,0.079333,3.524000,3.016737,3.603333,3.000000,1,15.949585
25480.845186,2.285853,0.000124,-0.421965,-0.024816,0.480128,0.001627,0.000168,0.012240,-0.018644,0.096795,3.569872,3.018644,3.666667,3.000000,1,15.986207
25480.865187,2.286718,0.001357,-0.429130,-0.038833,0.476922,0.002247,0.003638,0.121770,-0.020760,0.078743,3.624591,3.020760,3.703333,3.000000,1,16.034281
25480.910565,2.287631,0.002010,-0.438850,-0.061100,0.472103,0.006152,0.005919,0.514927,-0.022290,0.074114,3.679220,3.022290,3.753333,3.000000,1,16.088034
25480.915874,2.288502,0.002283,-0.448647,-0.093450,0.465536,0.003020,0.007953,0.169479,-0.027007,0.038962,3.767705,3.027007,3.806667,3.000000,1,16.156644
25480.925180,2.290147,0.003077,-0.437987,-0.133450,0.455536,0.004461,0.015342,0.372116,-0.022860,0.085184,3.791483,3.022860,3.876667,3.000000,1,16.214377
25480.945184,2.290471,0.002653,-0.447151,-0.173450,0.445536,0.002865,0.001863,0.105372,-0.021401,0.087014,3.846320,3.021401,3.933333,3.000000,1,16.255854
25480.965185,2.280919,-0.023547,-1.267081,-0.192388,0.435536,0.002611,0.002159,0.067614,-0.019708,0.072995,3.900339,3.019708,3.973333,3.000000,1,16.306847
25481.013203,2.270314,-0.024316,-1.975100,-0.213318,0.428218,0.025977,-0.014992,0.604257,-0.012630,0.072468,3.955035,3.015770,4.026724,2.999285,1,16.358741
25481.019273,2.260375,-0.012769,-2.418967,-0.238723,0.422755,-0.013091,0.022469,-0.191447,-0.002031,0.029522,4.047703,3.000631,4.076566,2.994103,1,16.428624
25481.025179,2.241825,0.010783,-2.770619,-0.260573,0.412755,0.003716,0.002017,0.073615,0.006379,0.090592,4.056391,2.998686,4.144942,2.978531,1,16.482769
25481.045194,2.239180,0.012304,-2.799679,-0.276068,0.408161,0.003742,0.001296,0.063022,0.008504,0.088604,4.110301,2.987086,4.195195,2.960325,1,16.516858
25481.065194,2.219867,0.013959,-3.057796,-0.285777,0.402625,0.001656,0.000380,0.008368,0.005624,0.072781,4.161175,2.972998,4.228483,2.944742,1,16.566077
25481.110992,2.197433,0.018118,-3.304795,-0.289229,0.398306,0.033230,-0.008214,0.150141,0.003420,0.067387,4.210401,2.954823,4.269041,2.921446,1,16.616646
25481.116777,2.173966,0.024571,-3.482238,-0.287266,0.394642,-0.033014,0.007974,-0.134232,-0.002006,0.044725,4.278831,2.919838,4.312491,2.890320,1,16.676795
25481.125185,2.133772,0.034502,-3.656512,-0.271279,0.390054,-0.000529,-0.000649,-0.010876,0.004845,0.084947,4.294159,2.907265,4.357080,2.849991,1,16.725026
25481.145185,2.123210,0.036419,-3.684289,-0.256245,0.394536,-0.001617,-0.000523,-0.018141,0.004917,0.084559,4.331117,2.877649,4.388222,2.815093,1,16.759655
25481.165185,2.099318,0.041298,-3.698724,-0.236119,0.396501,-0.001937,-0.000741,-0.025338,0.004549,0.073495,4.362285,2.845866,4.408401,2.788459,1,16.803466
25481.218521,2.077133,0.044313,-3.661139,-0.209328,0.396811,0.025385,0.005174,-0.256018,0.000473,0.074614,4.395995,2.813499,4.433569,2.749035,1,16.847361
25481.224336,2.056796,0.044374,-3.594209,-0.181866,0.400265,-0.034989,-0.010898,0.022835,0.000206,0.031758,4.439991,2.739188,4.453545,2.710467,1,16.908490
25481.229618,2.017679,0.035462,-3.496412,-0.141866,0.396659,-0.003826,-0.004576,-0.075827,-0.002732,0.074373,4.455144,2.726086,4.475528,2.654508,1,16.961142
25481.245189,2.011456,0.035073,-3.442429,-0.106721,0.404951,-0.000840,-0.007777,-0.279448,0.004497,0.103131,4.463686,2.702866,4.489304,2.602866,1,16.986498
25481.265189,2.005852,0.040580,-3.183508,-0.081232,0.414129,-0.004656,-0.012866,-0.401263,0.004793,0.081826,4.475778,2.659877,4.493580,2.579867,1,17.019221
25481.311633,1.996900,0.038118,-2.809972,-0.058901,0.420803,-0.001126,0.011280,-0.950658,0.002649,0.073108,4.488344,2.619262,4.497812,2.546721,1,17.060616
25481.318160,1.990850,0.038314,-2.316239,-0.043056,0.425416,-0.003337,-0.017737,0.659245,0.009837,0.037150,4.489904,2.540425,4.499989,2.503342,1,17.118717
25481.325187,1.987128,0.024250,-1.364043,-0.038083,0.421136,-0.000004,-0.000221,-0.089324,0.009150,0.085859,4.490850,2.532526,4.500000,2.446667,1,17.164031
25481.345204,1.986979,0.022364,-1.290966,-0.033804,0.428122,-0.000725,-0.002236,-0.069037,0.006963,0.088727,4.493037,2.488727,4.500000,2.400000,1,17.192673
25481.365194,1.986464,0.014371,-0.977724,-0.034863,0.433636,-0.000870,-0.002083,-0.064634,0.006465,0.073773,4.493535,2.447106,4.500000,2.373333,1,17.233571
25481.412537,1.986298,0.006650,-0.828563,-0.035857,0.438891,-0.002493,0.001661,-0.124695,0.004105,0.075269,4.495895,2.405269,4.500000,2.330000,1,17.275206
25481.419022,1.986471,0.001763,-0.763497,-0.035674,0.444419,-0.000132,-0.003766,-0.004103,-0.003836,0.042350,4.503836,2.332350,4.500000,2.290000,1,17.330371
25481.425192,1.986830,-0.002076,-0.734719,-0.035269,0.439945,-0.000270,-0.000707,-0.018356,-0.004497,0.091080,4.504497,2.324414,4.500000,2.233333,1,17.372461
25481.445204,1.986973,-0.002007,-0.729160,-0.035662,0.444918,-0.000139,0.000023,0.000915,-0.009752,0.091865,4.509752,2.285199,4.500000,2.193333,1,17.398765
25481.465193,1.988411,-0.000831,-0.668913,-0.037327,0.449108,-0.000166,0.000178,0.007885,-0.011108,0.078027,4.511108,2.244693,4.500000,2.166667,1,17.437426
25481.512954,1.989970,-0.001445,-0.642753,-0.038134,0.452862,-0.002686,0.000406,0.007991,-0.010771,0.075709,4.510771,2.202376,4.500000,2.126667,1,17.479115
25481.519619,1.991798,-0.002288,-0.641278,-0.036694,0.456118,0.002654,-0.000459,-0.010382,-0.015166,0.041703,4.515166,2.128370,4.500000,2.086667,1,17.534735
25481.525518,1.995158,-0.002734,-0.648814,-0.033120,0.451087,0.000190,-0.000632,-0.014058,-0.015990,0.082471,4.515990,2.112471,4.500000,2.030000,1,17.581195
25481.545196,1.995906,-0.002713,-0.649458,-0.031344,0.454221,-0.000390,-0.000513,-0.024011,-0.018006,0.094995,4.518006,2.078328,4.500000,1.983333,1,17.609528
25481.565165,1.997548,-0.001428,-0.620553,-0.030051,0.457491,-0.000103,-0.000287,-0.009345,-0.023292,0.078640,4.523292,2.035306,4.500000,1.956667,1,17.646702
25481.624405,1.999673,-0.000745,-0.577694,-0.030353,0.460358,-0.004813,0.000472,-0.029055,-0.039010,0.077232,4.539010,1.993899,4.500000,1.916667,1,17.688413
25481.634200,2.001693,-0.001058,-0.555342,-0.035946,0.463359,0.003589,0.000342,0.030111,-0.043851,0.015673,4.543851,1.892339,4.500000,1.876667,1,17.755441
25481.654228,2.006435,-0.001795,-0.540049,-0.036383,0.455760,0.000510,0.000079,0.006002,-0.043063,0.033126,4.543063,1.843126,4.500000,1.810000,1,17.829771
25481.674246,2.008802,-0.003128,-0.574562,-0.033738,0.454521,0.000075,-0.000169,-0.008869,-0.043604,0.063656,4.543604,1.800322,4.500000,1.736667,1,17.880591
25481.710581,2.010718,-0.002697,-0.588175,-0.030232,0.455778,-0.001525,-0.000330,-0.026226,-0.045514,0.074256,4.545514,1.757589,4.500000,1.683333,1,17.924341
25481.716212,2.012701,-0.001439,-0.567198,-0.026610,0.457804,0.001454,-0.000287,0.005413,-0.043021,0.073198,4.543021,1.713198,4.500000,1.640000,1,17.967528
25481.734254,2.014750,-0.001049,-0.543989,-0.021791,0.459838,0.000080,-0.000600,-0.025873,-0.047154,0.074771,4.547154,1.671437,4.500000,1.596667,1,18.010915
25481.754241,2.016851,0.000373,-0.493836,-0.019256,0.462405,0.000021,-0.000128,-0.007227,-0.047805,0.076140,4.547805,1.629473,4.500000,1.553333,1,18.053126
25481.774248,2.019237,0.001427,-0.419837,-0.016873,0.465256,0.000004,-0.000611,-0.019323,-0.051012,0.070526,4.551012,1.583859,4.500000,1.513333,1,18.096838
25481.810259,2.021750,0.000992,-0.372356,-0.018555,0.467590,-0.002076,0.000447,-0.013703,-0.055973,0.074887,4.555973,1.541554,4.500000,1.466667,1,18.140962
25481.815954,2.024304,0.000352,-0.345691,-0.022330,0.470705,0.001902,0.000116,0.019753,-0.055074,0.074170,4.555074,1.497503,4.500000,1.423333,1,18.184324
25481.834217,2.026970,-0.000176,-0.331121,-0.028933,0.474376,0.000154,0.000649,0.032160,-0.051975,0.076063,4.551975,1.456063,4.500000,1.380000,1,18.227488
25481.854219,2.029613,-0.002522,-0.373030,-0.034541,0.478109,0.000037,0.000307,0.016917,-0.046190,0.077078,4.546190,1.413745,4.500000,1.336667,1,18.269507
25481.874248,2.032457,-0.004694,-0.465935,-0.038299,0.480916,0.000066,0.000226,0.012143,-0.047133,0.073391,4.547133,1.370057,4.500000,1.296667,1,18.312397
25481.911863,2.035408,-0.005278,-0.553872,-0.047108,0.484405,-0.002469,-0.000598,0.090765,-0.046999,0.074378,4.546999,1.327711,4.500000,1.253333,1,18.355619
25481.917559,2.038251,-0.006305,-0.658682,-0.059589,0.488246,0.002757,0.002441,-0.031717,-0.048671,0.065085,4.548671,1.275085,4.500000,1.210000,1,18.402749
25481.934251,2.041721,-0.005421,-0.752263,-0.080293,0.491721,0.000511,0.004619,0.139505,-0.044738,0.078809,4.544738,1.242143,4.500000,1.163333,1,18.446138
25481.954249,2.043656,-0.007332,-0.867932,-0.100968,0.494940,0.000623,0.002081,0.111127,-0.043485,0.079252,4.543485,1.199252,4.500000,1.120000,1,18.484292
25481.974243,2.045034,-0.013970,-1.149072,-0.122521,0.497502,0.001369,0.004610,0.143283,-0.042895,0.074971,4.542895,1.154971,4.500000,1.080000,1,18.526307
25482.012731,2.046163,-0.014803,-1.429472,-0.147015,0.501033,0.004228,0.006034,0.552881,-0.041139,0.070887,4.541139,1.110887,4.500000,1.040000,1,18.569773
25482.018700,2.047571,-0.011169,-1.585430,-0.176651,0.502203,0.003129,0.009775,0.082919,-0.039704,0.062247,4.540107,1.058646,4.499989,0.996665,1,18.616348
25482.034242,2.049236,-0.006742,-1.674758,-0.216651,0.492203,0.003632,0.004466,0.133922,-0.031359,0.076972,4.536390,1.023513,4.497500,0.950058,1,18.657713
25482.054244,2.045915,-0.016905,-2.026309,-0.227954,0.489661,0.002386,0.001621,0.072170,-0.020075,0.079177,4.525733,0.981234,4.491305,0.907161,1,18.695546
25482.074244,2.039086,-0.022690,-2.503835,-0.230469,0.488169,0.000493,0.000279,0.007615,-0.013738,0.072866,4.515195,0.938277,4.483178,0.871396,1,18.737629
25482.111977,2.030754,-0.020550,-2.903756,-0.233017,0.489913,0.008251,-0.006649,0.154773,-0.008021,0.073081,4.502611,0.896038,4.470225,0.830035,1,18.779922
25482.117719,2.022380,-0.013957,-3.168455,-0.236312,0.493885,-0.007810,0.006968,-0.129391,-0.001153,0.062701,4.481126,0.846366,4.453739,0.789951,1,18.827952
25482.134241,2.012004,-0.004996,-3.357506,-0.234741,0.493034,0.000285,-0.000268,-0.001282,0.003757,0.075508,4.466900,0.815712,4.432177,0.748557,1,18.872676
25482.154243,2.004611,0.000031,-3.434160,-0.234830,0.497710,-0.000035,-0.000100,-0.004594,0.002653,0.073520,4.448945,0.773709,4.408777,0.712075,1,18.912007
25482.174244,1.995287,0.005151,-3.489832,-0.238584,0.503240,0.000126,0.000085,0.002250,0.006805,0.068140,4.422782,0.737056,4.384448,0.680313,1,18.956031
25482.214482,1.985875,0.008498,-3.520157,-0.242228,0.507152,0.010051,-0.000623,0.015494,0.011356,0.066097,4.393752,0.703180,4.355318,0.648220,1,19.001633
25482.220597,1.976410,0.010168,-3.541029,-0.245747,0.508905,-0.008329,0.000558,-0.007056,0.004420,0.063569,4.366872,0.660817,4.320968,0.616621,1,19.048154
25482.234256,1.965034,0.010855,-3.556062,-0.247090,0.508843,-0.000773,0.000126,0.003019,0.007331,0.073214,4.339935,0.635957,4.283821,0.588362,1,19.090375
25482.254250,1.957486,0.010570,-3.565186,-0.252876,0.512600,0.000688,0.000653,0.017344,0.007398,0.071946,4.305996,0.607317,4.247106,0.565329,1,19.130583
25482.274252,1.948126,0.009824,-3.575118,-0.258161,0.514995,0.000484,0.000306,0.011537,0.004276,0.070430,4.273567,0.580638,4.211561,0.546964,1,19.172715
25482.312919,1.938430,0.008061,-3.599756,-0.262673,0.517524,0.009467,0.001243,0.034048,0.004191,0.066548,4.235553,0.558673,4.174661,0.531499,1,19.214610
25482.318700,1.928579,0.006189,-3.637483,-0.266741,0.519766,-0.008953,-0.000987,-0.026827,0.000388,0.065705,4.196651,0.536041,4.133432,0.518133,1,19.257800
25482.334250,1.916676,0.004638,-3.677494,-0.265540,0.519342,0.000065,0.000040,-0.000273,0.000075,0.073114,4.163074,0.521797,4.091200,0.508388,1,19.297941
25482.354247,1.909209,0.003845,-3.701303,-0.267906,0.522207,0.000088,0.000172,0.004227,-0.000912,0.071516,4.122829,0.509143,4.051601,0.502670,1,19.335806
25482.374247,1.899781,0.003000,-3.725182,-0.268115,0.524323,0.000012,0.000039,0.001087,-0.001246,0.065610,4.080623,0.500949,4.015005,0.500225,1,19.376823
25482.412929,1.890621,0.002067,-3.745637,-0.266548,0.525470,0.007970,0.000891,0.005979,-0.000980,0.068232,4.039734,0.495959,3.971667,0.500803,1,19.418186
25482.418720,1.881957,0.001274,-3.758913,-0.266164,0.527568,-0.007485,-0.000782,-0.005423,0.001419,0.057661,3.989161,0.498213,3.931845,0.504667,1,19.462455
25482.434256,1.872038,0.000259,-3.766561,-0.268949,0.526802,0.000205,0.000204,0.005157,0.000372,0.070108,3.957652,0.497258,3.889204,0.512430,1,19.502901
25482.454253,1.865727,-0.000614,-3.769522,-0.273797,0.527925,0.000699,0.000507,0.012352,-0.000141,0.066718,3.914202,0.502777,3.850575,0.522850,1,19.539425
25482.474248,1.857864,-0.001996,-3.777653,-0.281464,0.528462,0.000858,0.000433,0.013315,-0.006671,0.060578,3.869872,0.506592,3.816000,0.535087,1,19.580530
25482.513471,1.849727,-0.003996,-3.799876,-0.291318,0.527872,0.009992,0.002139,0.059757,-0.007277,0.063102,3.829617,0.518044,3.776429,0.552769,1,19.621075
25482.518987,1.841185,-0.005855,-3.831921,-0.297524,0.526583,-0.007005,-0.000693,-0.015158,-0.013763,0.050240,3.777265,0.534312,3.741386,0.572076,1,19.666059
25482.534225,1.831381,-0.007367,-3.863549,-0.299431,0.521073,0.000044,0.000096,0.003169,-0.016473,0.066020,3.748923,0.543861,3.705299,0.596080,1,19.706136
25482.554252,1.823644,-0.009047,-3.901350,-0.299047,0.521020,0.000188,0.000072,0.001218,-0.019455,0.070948,3.715048,0.559921,3.673947,0.620936,1,19.737760
25482.574251,1.813972,-0.010440,-3.944645,-0.294896,0.521970,-0.000136,-0.000116,-0.004742,-0.025628,0.063917,3.677008,0.580421,3.649407,0.643511,1,19.774140
25482.613861,1.804741,-0.011202,-3.975743,-0.285122,0.522441,0.007149,0.000296,-0.015505,-0.029259,0.065469,3.645415,0.601665,3.624218,0.670170,1,19.811601
25482.619550,1.796412,-0.011236,-3.981648,-0.278715,0.524049,-0.007288,-0.000760,0.000032,-0.031901,0.053001,3.607545,0.637086,3.601051,0.698604,1,19.852897
25482.634218,1.787130,-0.011777,-3.974731,-0.264119,0.519837,-0.001164,-0.000864,-0.022601,-0.032640,0.062270,3.584140,0.661411,3.578230,0.731467,1,19.892245
25482.654241,1.781898,-0.011600,-3.947890,-0.247033,0.521129,-0.001621,-0.002125,-0.060015,-0.033818,0.063386,3.557880,0.694207,3.558109,0.766050,1,19.927689
25482.674241,1.776579,-0.011566,-3.888688,-0.226729,0.522546,-0.001286,-0.001267,-0.052796,-0.031504,0.061265,3.537920,0.730311,3.542149,0.799072,1,19.966905
25482.712412,1.773791,-0.009257,-3.753702,-0.205860,0.523399,-0.000548,0.001560,-0.195243,-0.026754,0.066302,3.523974,0.764916,3.527549,0.836323,1,20.004804
25482.717852,1.773579,-0.006796,-3.541586,-0.182751,0.524557,-0.000442,-0.004338,0.113089,-0.023891,0.059790,3.509113,0.807473,3.516822,0.871396,1,20.044421
25482.734246,1.773864,-0.009251,-3.331956,-0.157375,0.523363,-0.001805,-0.004945,-0.141059,-0.017388,0.070636,3.503631,0.837832,3.508086,0.910440,1,20.081383
25482.754246,1.775784,-0.008646,-3.143483,-0.132038,0.527415,-0.004231,-0.011255,-0.329569,-0.013969,0.072973,3.496728,0.872695,3.502845,0.946741,1,20.114448
25482.774241,1.777903,-0.011831,-2.985870,-0.105450,0.533436,-0.006362,-0.017915,-0.526535,-0.012634,0.070506,3.490597,0.909040,3.500400,0.979995,1,20.150548
25482.813745,1.779880,-0.015680,-2.894994,-0.079160,0.538992,-0.015820,-0.022000,-1.138702,-0.007168,0.069489,3.492832,0.947178,3.500000,1.016667,1,20.187951
25482.819487,1.782181,-0.017760,-2.819123,-0.050441,0.543702,-0.001148,-0.017663,-0.322444,-0.002538,0.060059,3.497462,0.993274,3.500000,1.053333,1,20.228832
25482.834248,1.784412,-0.020912,-2.806688,-0.018978,0.547272,-0.002944,-0.012553,-0.413500,-0.007250,0.067686,3.492750,1.025647,3.500000,1.093333,1,20.268370
25482.854229,1.789599,0.001925,-2.268883,-0.002091,0.545370,-0.000592,-0.000931,-0.043488,-0.006134,0.068583,3.493866,1.064751,3.500000,1.133333,1,20.305392
25482.874202,1.798791,0.024218,-1.190084,-0.000467,0.541488,-0.000016,-0.000136,-0.004371,-0.002865,0.065358,3.497135,1.104642,3.500000,1.170000,1,20.345217
25482.931393,1.808329,0.020302,-0.546743,0.002481,0.540047,-0.013650,0.006191,-0.141404,-0.008904,0.047422,3.491096,1.162578,3.500000,1.210000,1,20.393624
25482.937158,1.822060,0.010074,-0.140762,0.010369,0.535388,0.012710,-0.005894,0.079208,-0.011551,0.028948,3.488449,1.231052,3.500000,1.260000,1,20.455752
25482.957194,1.837444,0.003622,0.003245,0.023066,0.528899,0.000721,-0.003292,-0.106226,-0.014009,0.047249,3.485991,1.272751,3.500000,1.320000,1,20.512414
25482.977167,1.846707,0.004061,0.090363,0.043432,0.524548,0.000867,-0.002587,-0.118382,-0.014789,0.059964,3.485211,1.316702,3.500000,1.376667,1,20.557399
25483.010695,1.855231,0.009366,0.283793,0.069998,0.520475,-0.003845,-0.001583,-0.268534,-0.020490,0.064790,3.479510,1.358543,3.500000,1.423333,1,20.601968
25483.017183,1.862401,0.016403,0.620306,0.101195,0.517563,0.005518,-0.003965,0.085923,-0.014465,0.066068,3.485535,1.400598,3.500000,1.466667,1,20.645281
25483.037139,1.869345,0.017401,0.898090,0.133381,0.514595,0.004052,-0.013248,-0.395144,-0.019416,0.065574,3.481802,1.444075,3.499899,1.510026,1,20.688992
25483.057176,1.875885,0.015980,1.081093,0.172736,0.512240,0.007315,-0.020230,-0.604464,-0.027255,0.064130,3.476889,1.486699,3.497143,1.553372,1,20.734613
25483.077173,1.882257,0.013455,1.172860,0.212736,0.503311,0.012118,-0.026195,-0.777166,-0.028975,0.063948,3.474324,1.531155,3.489981,1.599593,1,20.780337
25483.112721,1.889173,0.010480,1.187653,0.252736,0.493311,0.022606,-0.034654,-1.403803,-0.033018,0.066142,3.466104,1.572070,3.478531,1.644942,1,20.824998
25483.118202,1.896296,0.008670,1.178372,0.284950,0.483311,0.012173,-0.012391,-0.258745,-0.034039,0.055693,3.453258,1.621569,3.464146,1.685925,1,20.873144
25483.137169,1.904658,0.007903,1.171034,0.300000,0.473311,0.006304,-0.005157,-0.216731,-0.030052,0.065280,3.447842,1.656685,3.444742,1.728483,1,20.918826
25483.157171,1.896669,0.032397,1.811165,0.300000,0.463311,0.002875,-0.000548,-0.013052,-0.034138,0.064750,3.427512,1.696095,3.421446,1.769041,1,20.961449
25483.177170,1.885395,0.044334,2.595415,0.293011,0.458562,0.002314,-0.000426,-0.009331,-0.032466,0.064376,3.409980,1.733772,3.396507,1.804602,1,21.006163
25483.213467,1.875394,0.042994,3.154342,0.279057,0.457689,0.009501,0.006767,-0.160879,-0.033361,0.063121,3.386637,1.768791,3.368576,1.837864,1,21.049920
25483.218960,1.865974,0.036363,3.512673,0.262122,0.460105,-0.008944,-0.006316,0.195653,-0.031022,0.057725,3.357395,1.809098,3.335392,1.870826,1,21.097301
25483.237188,1.854713,0.027079,3.761897,0.242089,0.462296,0.000030,0.002036,0.041135,-0.029976,0.068267,3.336019,1.835669,3.299274,1.900544,1,21.141011
25483.257163,1.848556,0.018492,3.785676,0.220979,0.468046,-0.002057,0.002845,0.083277,-0.030545,0.067322,3.304518,1.863579,3.263383,1.925005,1,21.181234
25483.277168,1.841518,0.010742,3.733746,0.200998,0.473732,-0.004108,0.005867,0.170992,-0.027789,0.066325,3.274780,1.889716,3.228483,1.944742,1,21.223108
25483.314267,1.834151,0.007590,3.674152,0.179350,0.479865,-0.004786,0.009034,0.489175,-0.025368,0.064237,3.241672,1.913517,3.192113,1.961619,1,21.264083
25483.320339,1.826680,0.007338,3.620144,0.156991,0.486556,-0.010156,0.009042,0.129489,-0.023013,0.058122,3.199758,1.937025,3.151327,1.976550,1,21.308452
25483.337172,1.817197,0.009680,3.586672,0.134291,0.492484,-0.002918,0.004698,0.180659,-0.021386,0.069210,3.172252,1.951875,3.109398,1.987885,1,21.348403
25483.357174,1.817556,-0.003166,3.227034,0.121428,0.498999,-0.001185,0.002956,0.088090,-0.017831,0.069957,3.136729,1.967639,3.069954,1.995082,1,21.383475
25483.377174,1.820285,-0.008436,2.734461,0.114098,0.504252,-0.001506,0.004573,0.137972,-0.012743,0.067025,3.099420,1.981693,3.033396,1.998883,1,21.422359
25483.414098,1.822984,-0.002390,2.434456,0.104552,0.509009,-0.007006,0.002331,0.383802,-0.006036,0.063056,3.059722,1.993964,2.996667,2.000000,1,21.462791
25483.419740,1.825462,0.004875,2.264886,0.095431,0.513838,0.001319,0.008921,0.034692,0.005363,0.055032,3.011699,2.005363,2.956667,2.000000,1,21.507221
25483.437172,1.828642,0.011298,2.178398,0.085260,0.515931,-0.002244,0.004501,0.172079,0.012611,0.069311,2.979311,2.012611,2.910000,2.000000,1,21.549193
25483.457174,1.832610,0.006940,2.003580,0.080276,0.519138,-0.000168,0.001189,0.036172,0.019806,0.068223,2.938223,2.019806,2.870000,2.000000,1,21.587232
25483.477197,1.839579,0.002562,1.693347,0.079816,0.519571,-0.000208,0.001306,0.040329,0.025766,0.067051,2.897051,2.025766,2.830000,2.000000,1,21.628360
25483.514442,1.846151,0.004669,1.527098,0.080884,0.517065,-0.005614,-0.000496,0.080884,0.030034,0.065590,2.855590,2.030034,2.790000,2.000000,1,21.670423
25483.519696,1.852506,0.007333,1.446845,0.083856,0.512045,0.005930,0.001622,-0.022278,0.034022,0.059582,2.806249,2.034022,2.746667,2.000000,1,21.715394
25483.537173,1.860017,0.009379,1.409182,0.089648,0.503335,0.000213,-0.000503,-0.015989,0.036137,0.068151,2.771484,2.036137,2.703333,2.000000,1,21.757719
25483.557171,1.864709,0.010636,1.413600,0.097961,0.495075,0.001006,-0.001928,-0.057921,0.034531,0.071722,2.731722,2.034531,2.660000,2.000000,1,21.795982
25483.577176,1.869877,0.011659,1.441571,0.106997,0.485396,0.002197,-0.004090,-0.122788,0.037143,0.062379,2.685712,2.037143,2.623333,2.000000,1,21.837888
25483.614430,1.875105,0.011578,1.459509,0.124106,0.475396,0.002416,-0.008016,-0.371381,0.036665,0.061678,2.641678,2.036665,2.580000,2.000000,1,21.882134
25483.620226,1.880211,0.011312,1.473246,0.146626,0.465396,0.006801,-0.006207,-0.121676,0.033606,0.053824,2.590491,2.033606,2.536667,2.000000,1,21.928957
25483.637175,1.886505,0.010622,1.475451,0.173848,0.455396,0.004922,-0.007849,-0.267782,0.029512,0.065048,2.554417,2.030710,2.489974,1.999899,1,21.972152
25483.657173,1.887683,0.018542,1.655781,0.195919,0.445894,0.002881,-0.003096,-0.088754,0.020587,0.066646,2.510696,2.024726,2.446628,1.997143,1,22.011463
25483.677183,1.884248,0.029103,2.128613,0.207762,0.437998,0.004407,-0.005218,-0.151409,0.013612,0.063971,2.467288,2.016546,2.406966,1.991268,1,22.053824
25483.712086,1.881874,0.028216,2.430138,0.217975,0.432237,0.010901,-0.004843,-0.384061,0.010013,0.067286,2.426747,2.009190,2.364682,1.981341,1,22.095359
25483.718077,1.879712,0.024262,2.603252,0.227485,0.428395,0.000758,-0.007246,-0.015733,0.004581,0.055435,2.376953,1.992477,2.326550,1.968951,1,22.140897
25483.737163,1.877673,0.019309,2.697350,0.235496,0.421789,0.003886,-0.001841,-0.082271,-0.000764,0.065471,2.342833,1.978353,2.283488,1.950691,1,22.185885
25483.757166,1.871735,0.023989,2.906034,0.234931,0.419190,0.001937,-0.000932,-0.023433,-0.004877,0.064558,2.303223,1.958905,2.245192,1.930201,1,22.226991
25483.777167,1.863885,0.024758,3.122270,0.228740,0.417644,0.001467,-0.000214,-0.002840,-0.007798,0.064471,2.265770,1.937670,2.208818,1.906464,1,22.270620
25483.810248,1.856459,0.022448,3.259563,0.216910,0.417269,0.005584,0.002150,0.015329,-0.011896,0.064297,2.231204,1.912466,2.174641,1.879660,1,22.314434
25483.817178,1.849262,0.018639,3.317054,0.200630,0.418234,-0.005036,-0.000318,0.030920,-0.016698,0.065130,2.200435,1.884816,2.142920,1.849991,1,22.357903
25483.837171,1.842166,0.015684,3.321150,0.178833,0.420404,-0.002649,0.005970,0.177230,-0.021173,0.065588,2.171914,1.854876,2.113893,1.817681,1,22.401400
25483.857166,1.835419,0.013856,3.294733,0.151368,0.424602,-0.002207,0.004020,0.175091,-0.025887,0.065844,2.146386,1.822607,2.087779,1.782974,1,22.444320
25483.877200,1.831633,0.005969,3.095729,0.120541,0.428102,-0.001218,0.006592,0.202772,-0.030377,0.066569,2.123987,1.789122,2.064776,1.746131,1,22.486938
25483.911101,1.830642,0.001176,2.774442,0.087307,0.431062,-0.001974,0.001684,0.494175,-0.035961,0.066488,2.105362,1.753008,2.045058,1.707431,1,22.530867
25483.917176,1.831227,-0.005854,2.338530,0.054164,0.432418,0.001230,0.005560,-0.196528,-0.041001,0.066960,2.089801,1.716565,2.028772,1.667166,1,22.574498
25483.937191,1.833363,-0.006649,1.877314,0.019729,0.434346,-0.000363,0.009081,0.298170,-0.042312,0.064711,2.073258,1.677642,2.016043,1.625639,1,22.617508
25483.957168,1.836084,-0.009191,1.381464,-0.011817,0.435001,0.000117,0.005387,0.244090,-0.043360,0.063370,2.060261,1.638440,2.006965,1.583165,1,22.661529
25483.977168,1.839061,-0.015897,0.815220,-0.041396,0.434862,0.000974,0.007115,0.214798,-0.043560,0.063052,2.050079,1.599421,2.001608,1.540062,1,22.703750
25484.011278,1.842296,-0.017738,0.255444,-0.070709,0.435681,-0.000552,0.002557,0.513857,-0.036763,0.063588,2.037176,1.559999,1.999989,1.496658,1,22.743700
25484.017158,1.844661,-0.021927,-0.245133,-0.095747,0.436054,0.002043,0.003081,-0.247744,-0.019499,0.066040,2.023270,1.520706,1.998113,1.456607,1,22.783964
25484.037169,1.846702,-0.023390,-0.725166,-0.117338,0.436935,0.001749,0.005477,0.179591,-0.007287,0.067521,2.011451,1.482203,1.993035,1.416835,1,22.824402
25484.057188,1.848067,-0.024636,-1.119901,-0.138868,0.439574,0.001435,0.003345,0.141092,0.002268,0.067300,1.999063,1.443406,1.984786,1.377598,1,22.865337
25484.077189,1.848109,-0.027943,-1.503803,-0.160081,0.443529,0.000658,0.001458,0.059973,0.008169,0.068799,1.987819,1.406918,1.973420,1.339148,1,22.905557
25484.111654,1.846443,-0.031465,-1.923450,-0.178443,0.448893,0.002967,0.000880,0.276483,0.013315,0.066777,1.973266,1.368316,1.959010,1.301733,1,22.945821
25484.117351,1.844846,-0.030217,-2.230074,-0.195474,0.454577,-0.000042,0.005759,-0.044251,0.017849,0.064447,1.956096,1.330886,1.941648,1.265592,1,22.987665
25484.137169,1.843605,-0.026101,-2.390520,-0.212659,0.459559,0.001784,0.003321,0.112028,0.021137,0.065985,1.937775,1.295020,1.919638,1.228148,1,23.029770
25484.157165,1.840233,-0.028305,-2.623498,-0.225906,0.464097,0.002408,0.004308,0.124363,0.022189,0.064234,1.918043,1.259854,1.896507,1.195398,1,23.071383
25484.177167,1.836875,-0.027560,-2.813834,-0.235203,0.468469,0.001674,0.002181,0.084532,0.023924,0.065116,1.894941,1.226303,1.868576,1.162136,1,23.112760
25484.211771,1.832337,-0.028372,-3.003300,-0.239885,0.473002,0.004422,-0.001255,0.120198,0.023816,0.063326,1.870503,1.194241,1.840320,1.133691,1,23.153964
25484.217223,1.826502,-0.029110,-3.217858,-0.239875,0.477942,-0.004061,0.001657,-0.099787,0.023284,0.065580,1.844676,1.164205,1.807245,1.105538,1,23.194771
25484.237192,1.820937,-0.027099,-3.364618,-0.236203,0.483243,-0.000497,-0.000439,-0.013022,0.021998,0.063458,1.815595,1.135428,1.774651,1.082188,1,23.235634
25484.257171,1.815770,-0.024232,-3.451915,-0.229754,0.488516,-0.001187,-0.001302,-0.037908,0.021212,0.060722,1.783347,1.109309,1.740291,1.061525,1,23.277126
25484.277171,1.810805,-0.021678,-3.499231,-0.219110,0.493420,-0.002496,-0.002863,-0.081978,0.018316,0.061823,1.750545,1.083985,1.701331,1.042326,1,23.318769
25484.312936,1.805791,-0.019824,-3.519996,-0.206178,0.499151,-0.000721,-0.002712,-0.155954,0.014704,0.060473,1.716317,1.061392,1.664012,1.027665,1,23.360214
25484.319684,1.802923,-0.015678,-3.457671,-0.190342,0.504148,-0.001494,-0.000194,0.064072,0.010116,0.055882,1.674107,1.038702,1.622402,1.015214,1,23.403747
25484.337194,1.801722,-0.012814,-3.315084,-0.171897,0.506649,-0.002432,-0.005520,-0.161625,0.007959,0.065811,1.643562,1.024789,1.579867,1.006420,1,23.444263
25484.357172,1.801089,-0.013012,-3.236694,-0.152823,0.512549,-0.004681,-0.010021,-0.294732,0.002957,0.064643,1.604261,1.009735,1.540062,1.001608,1,23.482572
25484.377169,1.800284,-0.014672,-3.171222,-0.130715,0.517950,-0.006842,-0.015217,-0.448088,-0.003111,0.061553,1.564914,0.997311,1.503342,1.000011,1,23.523055
25484.413283,1.799313,-0.016529,-3.129933,-0.107386,0.523495,-0.013558,-0.020334,-0.939811,-0.014252,0.059739,1.523072,0.985748,1.463333,1.000000,1,23.564353
25484.419033,1.798395,-0.017836,-3.098289,-0.085827,0.528656,-0.004748,-0.014785,-0.287016,-0.024126,0.057451,1.477451,0.975874,1.420000,1.000000,1,23.608524
25484.437191,1.796579,-0.020248,-3.108436,-0.065694,0.532749,-0.003074,-0.005557,-0.249726,-0.031932,0.065288,1.441955,0.968068,1.376667,1.000000,1,23.650008
25484.457169,1.802514,0.005578,-2.454698,-0.067012,0.537170,-0.000408,0.000305,0.011897,-0.039093,0.065907,1.399240,0.960907,1.333333,1.000000,1,23.689288
25484.477165,1.810796,0.012857,-1.756535,-0.078739,0.542626,-0.000031,0.003227,0.097603,-0.045399,0.058148,1.354815,0.954601,1.296667,1.000000,1,23.732647
25484.513565,1.818795,0.006000,-1.381447,-0.095537,0.547391,-0.005652,0.011260,0.253671,-0.049861,0.060142,1.313476,0.950139,1.253333,1.000000,1,23.776552
25484.519379,1.826882,-0.001253,-1.207731,-0.113355,0.551713,0.007980,0.002146,0.177384,-0.054176,0.057059,1.263726,0.945824,1.206667,1.000000,1,23.822166
25484.537171,1.836618,-0.005833,-1.112853,-0.135107,0.553888,0.002013,0.013812,0.385777,-0.057655,0.062921,1.226254,0.942345,1.163333,1.000000,1,23.866441
25484.557170,1.842905,-0.009067,-1.136679,-0.159078,0.556611,0.004751,0.019359,0.576550,-0.061161,0.063155,1.183155,0.938839,1.120000,1.000000,1,23.907220
25484.577196,1.850747,-0.009640,-1.139481,-0.187308,0.558239,0.007254,0.023579,0.699555,-0.061509,0.060433,1.137099,0.938491,1.076667,1.000000,1,23.950957
25484.613736,1.858570,-0.009666,-1.143757,-0.219473,0.557742,0.011161,0.032308,1.325600,-0.062795,0.057043,1.090376,0.937205,1.033333,1.000000,1,23.996291
25484.619166,1.866787,-0.008785,-1.126736,-0.253058,0.551099,0.011918,0.012365,0.270640,-0.059563,0.046861,1.035632,0.939610,0.989974,1.000101,1,24.043044
25484.637181,1.876810,-0.008012,-1.102565,-0.280734,0.541099,0.008178,0.012708,0.439189,-0.055131,0.060130,0.996798,0.941631,0.943306,1.003225,1,24.085595
25484.657192,1.876600,-0.024845,-1.490276,-0.285638,0.532561,0.001655,0.000172,0.003555,-0.051340,0.063002,0.951920,0.947159,0.900407,1.010019,1,24.123781
25484.677166,1.869020,-0.044005,-2.347020,-0.275078,0.527424,0.000595,-0.000389,-0.013071,-0.046749,0.064793,0.910771,0.956703,0.861468,1.019574,1,24.163089
25484.714408,1.862890,-0.045706,-2.980573,-0.262819,0.525896,0.003516,-0.008495,0.148184,-0.041299,0.062492,0.870834,0.970637,0.826550,1.031049,1,24.202739
25484.719913,1.857597,-0.040112,-3.395091,-0.245738,0.526661,-0.005584,0.005804,-0.240679,-0.036299,0.054566,0.823750,0.990559,0.789533,1.046455,1,24.246504
25484.737177,1.851305,-0.030788,-3.688083,-0.226505,0.528480,-0.002211,-0.004302,-0.113487,-0.031404,0.063825,0.790669,1.007410,0.750965,1.066431,1,24.287748
25484.757166,1.848162,-0.022536,-3.755319,-0.208188,0.534903,-0.001629,-0.002824,-0.085319,-0.026021,0.065839,0.753438,1.030703,0.714277,1.089680,1,24.326715
25484.777169,1.846940,-0.011250,-3.659644,-0.190709,0.539086,-0.003390,-0.005772,-0.171253,-0.019987,0.064986,0.719804,1.057169,0.682319,1.113893,1,24.368217
25484.815244,1.844889,-0.006845,-3.574023,-0.172777,0.541555,-0.006544,-0.007828,-0.466603,-0.010241,0.064576,0.691704,1.088334,0.652404,1.140588,1,24.409377
25484.821396,1.842760,-0.005628,-3.494011,-0.152089,0.541969,-0.004746,-0.008185,-0.108058,-0.006347,0.054420,0.655921,1.124555,0.624724,1.169595,1,24.454647
25484.837170,1.839614,-0.007583,-3.444855,-0.131376,0.540689,-0.006219,-0.015359,-0.413487,-0.003572,0.062042,0.629069,1.153815,0.595492,1.206107,1,24.499764
25484.857195,1.838346,-0.007439,-3.384973,-0.116250,0.544405,-0.009445,-0.021375,-0.635578,-0.000967,0.061769,0.602517,1.188889,0.571512,1.242322,1,24.541994
25484.877166,1.836088,-0.009622,-3.355029,-0.101787,0.548873,-0.010564,-0.025158,-0.747584,0.000991,0.061163,0.578510,1.225963,0.550766,1.280481,1,24.585361
25484.913548,1.833872,-0.011441,-3.336889,-0.088452,0.554129,-0.018038,-0.027693,-1.298715,0.000490,0.062621,0.556373,1.262035,0.533410,1.320296,1,24.628148
25484.919579,1.831515,-0.012934,-3.328413,-0.078081,0.559466,-0.006490,-0.017610,-0.362037,-0.000813,0.052636,0.533377,1.310667,0.519574,1.361468,1,24.675158
25484.937171,1.828491,-0.015112,-3.351706,-0.069222,0.559709,-0.010528,-0.030751,-0.857892,-0.004578,0.061033,0.515590,1.346147,0.508732,1.406966,1,24.720480
25484.957166,1.827347,-0.012733,-3.276849,-0.070379,0.563429,-0.012687,-0.032520,-0.967405,-0.008154,0.063794,0.500030,1.389002,0.502188,1.453279,1,24.760434
25484.977171,1.825233,-0.013813,-3.252912,-0.072496,0.566197,-0.013026,-0.032661,-0.970071,-0.009238,0.058220,0.491586,1.434977,0.500045,1.493316,1,24.804177
25485.013049,1.822994,-0.015566,-3.257489,-0.072542,0.568095,-0.020479,-0.032126,-1.439223,-0.021673,0.057424,0.478327,1.479243,0.500000,1.536667,1,24.849113
25485.019120,1.820980,-0.016299,-3.256627,-0.074144,0.570283,-0.006535,-0.018289,-0.398590,-0.032792,0.048596,0.467208,1.531404,0.500000,1.580000,1,24.896998
25485.037170,1.818264,-0.018679,-3.311417,-0.071316,0.570665,-0.003164,-0.004553,-0.216415,-0.043437,0.060109,0.456563,1.569891,0.500000,1.630000,1,24.943364
25485.057171,1.825560,0.010236,-2.602511,-0.084353,0.570283,-0.000009,0.003188,0.098456,-0.052680,0.060676,0.447320,1.615991,0.500000,1.676667,1,24.986650
25485.077167,1.834931,0.016596,-1.898217,-0.103343,0.571318,0.001183,0.007772,0.235406,-0.060907,0.057826,0.439093,1.662174,0.500000,1.720000,1,25.033077
25485.112863,1.843942,0.008762,-1.504701,-0.121133,0.573011,-0.003381,0.016279,0.442019,-0.067159,0.055395,0.432841,1.707938,0.500000,1.763333,1,25.079703
25485.118522,1.853121,0.000309,-1.323088,-0.133913,0.574728,0.009995,0.002740,0.207491,-0.078097,0.049727,0.421903,1.760273,0.500000,1.810000,1,25.129144
25485.137167,1.864616,-0.004879,-1.218385,-0.143437,0.575542,0.000468,0.004257,0.154999,-0.086086,0.059622,0.413914,1.800378,0.500000,1.860000,1,25.176086
25485.157161,1.869775,-0.018463,-1.491726,-0.146286,0.578453,0.001041,0.002348,0.069307,-0.092145,0.061274,0.407855,1.845393,0.500000,1.906667,1,25.219378
25485.177163,1.876579,-0.023723,-1.809967,-0.139351,0.580627,0.000509,0.001153,0.034083,-0.098703,0.057623,0.401297,1.892377,0.500000,1.950000,1,25.266088
25485.212959,1.883998,-0.021779,-1.993217,-0.127184,0.582896,-0.006406,-0.003774,-0.025009,-0.106663,0.057850,0.393337,1.938817,0.500000,1.996667,1,25.314004
25485.218739,1.891521,-0.018436,-2.089009,-0.111306,0.585218,0.005901,-0.000099,-0.092216,-0.107737,0.049925,0.392263,1.996742,0.500000,2.046667,1,25.365646
25485.237159,1.900090,-0.015197,-2.146142,-0.091617,0.585325,-0.001691,-0.004999,-0.155959,-0.106426,0.057808,0.393574,2.038859,0.500000,2.096667,1,25.415622
25485.257162,1.907425,-0.008590,-2.034862,-0.075171,0.587418,-0.001559,-0.008529,-0.263068,-0.103491,0.057819,0.396509,2.088847,0.500000,2.146667,1,25.462634
25485.277160,1.916036,-0.006240,-1.927817,-0.061551,0.587891,-0.002138,-0.011834,-0.365282,-0.098457,0.054272,0.401543,2.139062,0.500000,2.193333,1,25.512280
25485.313794,1.924322,-0.006326,-1.862796,-0.050509,0.587436,-0.010763,-0.013827,-0.685547,-0.091799,0.055694,0.408201,2.187640,0.500000,2.243333,1,25.561206
25485.320427,1.932407,-0.006703,-1.821045,-0.042225,0.586252,0.005634,-0.010292,-0.215830,-0.083397,0.046346,0.416603,2.246988,0.500000,2.293333,1,25.614583
25485.337160,1.941669,-0.008143,-1.829082,-0.039391,0.583743,-0.000847,-0.003151,-0.135878,-0.076951,0.055210,0.423049,2.291457,0.500000,2.346667,1,25.667452
25485.357163,1.949533,0.005804,-1.481766,-0.054454,0.584730,0.000231,0.001000,0.047144,-0.067717,0.056956,0.432283,2.343044,0.500000,2.400000,1,25.716466
25485.377167,1.959281,0.007654,-1.148152,-0.083898,0.585143,0.001324,0.007106,0.219885,-0.062134,0.052441,0.437866,2.394226,0.500000,2.446667,1,25.767040
25485.412454,1.968538,0.002800,-1.024100,-0.123898,0.584492,-0.000381,0.017894,0.711617,-0.051135,0.053781,0.448865,2.446219,0.500000,2.500000,1,25.817347
25485.418094,1.977884,-0.000669,-0.974862,-0.163898,0.578281,0.011185,0.008754,0.234194,-0.037005,0.047803,0.460907,2.506189,0.502511,2.550048,1,25.871043
25485.437158,1.989239,-0.002267,-0.942903,-0.203898,0.568281,0.004620,0.007628,0.282772,-0.039231,0.061556,0.459640,2.550697,0.510696,2.602866,1,25.919709
25485.457165,1.991010,-0.022099,-1.449338,-0.243898,0.558281,0.008599,0.008808,0.257183,-0.034711,0.060438,0.471390,2.600697,0.522449,2.648138,1,25.963552
25485.477160,1.993573,-0.028215,-2.002145,-0.274366,0.548281,0.012102,0.012055,0.353187,-0.041021,0.062605,0.476454,2.650076,0.538381,2.692113,1,26.009736
25485.512556,1.996990,-0.023503,-2.339320,-0.292862,0.538281,0.022042,0.010718,0.722011,-0.053117,0.058406,0.482676,2.704267,0.556795,2.731451,1,26.054359
25485.518037,2.000240,-0.016709,-2.534218,-0.300000,0.528281,0.008067,0.011451,0.049731,-0.056448,0.049273,0.506196,2.761189,0.580362,2.771852,1,26.103833
25485.537204,2.004772,-0.008694,-2.631220,-0.300000,0.518281,0.005202,0.001715,0.097498,-0.056677,0.065017,0.524802,2.797158,0.609680,2.812491,1,26.149464
25485.557164,1.997015,-0.016217,-2.952103,-0.300000,0.508281,0.002135,0.000134,-0.002545,-0.064214,0.063049,0.548290,2.843904,0.638273,2.845186,1,26.189372
25485.577162,1.985703,-0.017680,-3.321739,-0.299954,0.503906,0.002062,0.000107,-0.002657,-0.060678,0.052791,0.587305,2.883184,0.667094,2.873060,1,26.234812
25485.612624,1.974387,-0.013242,-3.589566,-0.290764,0.499901,0.011104,-0.005507,0.064021,-0.073091,0.060162,0.611619,2.925691,0.703410,2.902535,1,26.278037
25485.618524,1.962464,-0.006693,-3.768958,-0.276025,0.501539,-0.011155,0.005258,-0.100658,-0.073733,0.051574,0.657024,2.962814,0.739463,2.926756,1,26.322499
25485.637173,1.947911,0.001172,-3.895339,-0.256874,0.501636,0.000193,-0.002261,-0.045386,-0.083930,0.065057,0.681872,2.993965,0.777483,2.947757,1,26.362997
25485.657164,1.938571,0.006684,-3.913432,-0.239967,0.508082,-0.003331,-0.003057,-0.089766,-0.088307,0.063006,0.722750,3.022693,0.814075,2.964146,1,26.399397
25485.677165,1.926727,0.011183,-3.906258,-0.221167,0.514366,-0.004920,-0.005206,-0.152130,-0.094752,0.055145,0.767438,3.050168,0.848673,2.976550,1,26.441204
25485.712434,1.915340,0.013101,-3.885522,-0.206890,0.521709,-0.003023,-0.006510,-0.348061,-0.100122,0.059198,0.810932,3.072629,0.890602,2.987885,1,26.481430
25485.718499,1.903899,0.013090,-3.857904,-0.192582,0.529448,-0.013497,-0.006456,-0.082114,-0.107545,0.056646,0.858911,3.093644,0.930046,2.995082,1,26.522042
25485.737196,1.889767,0.010623,-3.839901,-0.173158,0.536173,-0.001466,-0.002412,-0.119508,-0.112171,0.072739,0.890588,3.106691,0.969939,2.999096,1,26.558740
25485.757169,1.888444,0.019051,-3.575150,-0.158981,0.543344,-0.001212,-0.002604,-0.078568,-0.118376,0.063783,0.936217,3.118376,1.000000,3.000000,2,26.599482
25485.777162,1.888386,0.020554,-3.241061,-0.147421,0.551374,-0.002825,-0.004839,-0.143882,-0.127613,0.056416,0.980250,3.127613,1.036667,3.000000,2,26.647569
25485.811910,1.888094,0.014139,-3.009366,-0.135194,0.557376,-0.007043,-0.002184,-0.392052,-0.134436,0.061606,1.025061,3.134436,1.086667,3.000000,2,26.692764
25485.818086,1.888421,0.006282,-2.855276,-0.119649,0.562935,-0.001558,-0.011526,-0.063869,-0.137273,0.055219,1.074781,3.137273,1.130000,3.000000,2,26.739925
25485.837159,1.888887,-0.002204,-2.771167,-0.098197,0.567795,-0.003154,-0.005943,-0.226859,-0.137686,0.071583,1.108417,3.137686,1.180000,3.000000,2,26.782344
25485.857158,1.893572,0.004034,-2.487715,-0.082184,0.573313,-0.002554,-0.008660,-0.263978,-0.135623,0.066059,1.153941,3.135623,1.220000,3.000000,2,26.822368
25485.877162,1.899858,0.003613,-2.214484,-0.066474,0.576186,-0.003513,-0.012986,-0.396663,-0.131025,0.061702,1.198298,3.131025,1.260000,3.000000,2,26.866931
25485.912357,1.905864,-0.001014,-2.071569,-0.047018,0.578675,-0.010162,-0.006981,-0.638513,-0.126474,0.065905,1.240761,3.126474,1.306667,3.000000,2,26.910700
25485.919037,1.913320,0.004380,-1.799368,-0.028883,0.580097,0.008372,-0.000769,0.315032,-0.119756,0.055495,1.294505,3.119756,1.350000,3.000000,2,26.958795
25485.937165,1.925226,0.011167,-1.225554,-0.018273,0.575349,-0.001272,-0.002141,-0.127846,-0.113649,0.063901,1.332766,3.113649,1.396667,3.000000,2,27.005339
25485.957238,1.932957,0.012259,-0.911394,-0.011619,0.574366,0.000006,-0.001643,-0.051702,-0.107254,0.065740,1.377594,3.107254,1.443333,3.000000,2,27.048088
25485.977167,1.942842,0.010661,-0.584015,-0.008243,0.571871,0.000272,-0.002511,-0.078167,-0.098226,0.063355,1.423311,3.098226,1.486667,3.000000,2,27.093999
25486.009947,1.952726,0.006137,-0.421401,-0.003690,0.568066,-0.005382,-0.002281,-0.183744,-0.089371,0.063239,1.470095,3.089371,1.533333,3.000000,2,27.140749
25486.017181,1.962607,0.002646,-0.346230,0.001710,0.563296,0.006598,-0.004350,-0.056723,-0.080976,0.062941,1.517059,3.080976,1.580000,3.000000,2,27.188297
25486.037182,1.972455,0.000358,-0.321157,0.009300,0.558084,0.001156,-0.006880,-0.214955,-0.072326,0.063478,1.563188,3.072326,1.626667,3.000000,2,27.235779
25486.057165,1.982075,-0.000291,-0.299558,0.017026,0.553131,0.001695,-0.009019,-0.283173,-0.064059,0.061479,1.611855,3.064059,1.673333,3.000000,2,27.283804
25486.077164,1.991705,-0.000859,-0.294976,0.026118,0.547214,0.002114,-0.011414,-0.358825,-0.054906,0.065360,1.657974,3.054906,1.723333,3.000000,2,27.331942
25486.113468,2.001094,-0.001111,-0.295472,0.037020,0.542619,-0.002796,-0.014075,-0.665017,-0.046504,0.064605,1.705395,3.046504,1.770000,3.000000,2,27.379481
25486.119387,2.010375,-0.001076,-0.294620,0.047855,0.537786,0.009357,-0.008574,-0.192656,-0.037922,0.054452,1.762215,3.037922,1.816667,3.000000,2,27.431264
25486.137181,2.021378,-0.001352,-0.306056,0.056922,0.531187,0.002752,-0.017092,-0.503552,-0.030732,0.067261,1.802739,3.030732,1.870000,3.000000,2,27.481075
25486.157175,2.028368,0.000231,-0.261488,0.064846,0.528801,0.004531,-0.020419,-0.643976,-0.023764,0.068749,1.851251,3.023764,1.920000,3.000000,2,27.527280
25486.177170,2.037106,-0.000485,-0.263432,0.068961,0.523551,0.005255,-0.022062,-0.696115,-0.017662,0.066904,1.899763,3.017662,1.966667,3.000000,2,27.576117
25486.213562,2.045910,-0.001411,-0.288813,0.072430,0.517736,0.000829,-0.010997,-0.820709,-0.011233,0.065363,1.947970,3.011233,2.013333,3.000000,2,27.624917
25486.219734,2.052599,0.010621,-0.035866,0.067889,0.511671,0.003330,0.005645,0.495625,-0.005631,0.057759,2.005574,3.005631,2.063333,3.000000,2,27.677397
25486.237173,2.056761,0.022613,0.669902,0.049731,0.505407,-0.000027,0.005709,0.139289,-0.002857,0.069714,2.046953,3.002857,2.116667,3.000000,2,27.727973
25486.257173,2.060200,0.018819,0.929843,0.029379,0.505323,-0.000004,0.010405,0.334257,-0.001386,0.068639,2.098028,3.001386,2.166667,3.000000,2,27.775270
25486.277175,2.064560,0.012099,1.096063,0.007757,0.503233,0.000001,0.016654,0.532083,-0.000753,0.064717,2.148616,3.000753,2.213333,3.000000,2,27.825362
25486.312057,2.068714,0.007696,1.189484,-0.014566,0.500521,-0.002364,0.023370,1.034730,-0.000041,0.064629,2.198705,3.000041,2.263333,3.000000,2,27.875698
25486.317924,2.072550,0.004531,1.232052,-0.034145,0.496946,0.003625,0.011845,0.305572,-0.001653,0.056665,2.256668,3.001653,2.313333,3.000000,2,27.929400
25486.337166,2.076914,0.002290,1.252084,-0.053788,0.491239,0.000847,0.007307,0.314274,-0.000358,0.070000,2.296667,3.000358,2.366667,3.000000,2,27.978900
25486.357165,2.078986,-0.022822,0.591510,-0.052970,0.486340,0.001345,0.004362,0.138880,0.000273,0.070280,2.346387,2.999727,2.416667,3.000000,2,28.024966
25486.377165,2.081933,-0.026249,-0.023108,-0.041522,0.480991,0.001438,0.001823,0.058553,0.001021,0.066509,2.396824,2.998979,2.463333,3.000000,2,28.074805
25486.411434,2.085507,-0.018422,-0.346386,-0.029128,0.476905,-0.000093,-0.005082,-0.006422,0.001090,0.066453,2.446880,2.998910,2.513333,3.000000,2,28.124776
25486.417641,2.089136,-0.010795,-0.498142,-0.018448,0.472535,0.003513,0.001760,-0.094660,0.002325,0.058638,2.504696,2.997675,2.563333,3.000000,2,28.178492
25486.437167,2.093292,-0.005066,-0.572622,-0.007527,0.466272,0.000356,-0.003466,-0.111479,0.003354,0.071296,2.545371,2.996646,2.616667,3.000000,2,28.228916
25486.457163,2.095204,0.000850,-0.486667,0.000034,0.464536,0.000816,-0.004646,-0.149957,0.003081,0.069873,2.596794,2.996919,2.666667,3.000000,2,28.276008
25486.477168,2.097442,0.002716,-0.402598,0.003787,0.459615,0.000859,-0.002657,-0.116674,0.002689,0.065849,2.647485,2.997311,2.713333,3.000000,2,28.326400
25486.512868,2.099397,0.005176,-0.290503,0.005117,0.454433,0.000096,0.001076,-0.097852,0.002214,0.068466,2.698200,2.997786,2.766667,3.000000,2,28.377014
25486.519039,2.100895,0.007159,-0.110403,0.003607,0.449443,0.001555,-0.001886,0.073295,0.002362,0.059779,2.756887,2.997638,2.816667,3.000000,2,28.431647
25486.537171,2.102605,0.004820,-0.000485,0.001799,0.443647,0.000771,0.000643,0.010763,0.002906,0.070685,2.799315,2.997094,2.870000,3.000000,2,28.482859
25486.557165,2.103525,0.003098,0.032905,-0.000501,0.443498,0.000753,0.001002,0.032211,0.002290,0.070309,2.849691,2.997710,2.920000,3.000000,2,28.529200
25486.577165,2.104419,0.001554,0.050735,-0.002579,0.442942,0.000848,0.001617,0.052052,0.001803,0.065945,2.900721,2.998197,2.966667,3.000000,2,28.579041
25486.613034,2.105359,0.000788,0.059670,-0.003954,0.442348,0.000789,0.001944,0.089771,0.001380,0.065568,2.951099,2.998620,3.016667,3.000000,2,28.630018
25486.618436,2.106222,0.000245,0.059058,-0.004246,0.442228,0.000933,0.000902,0.023084,0.000077,0.060671,3.009329,2.999923,3.070000,3.000000,2,28.684381
25486.637172,2.107160,0.000161,0.062066,-0.004267,0.440164,0.000426,0.000234,0.013986,0.000732,0.075229,3.048104,2.999268,3.123333,3.000000,2,28.733844
25486.657170,2.107482,-0.001688,0.014097,-0.003717,0.441883,0.000482,-0.000128,-0.004155,-0.000393,0.074528,3.098806,3.000393,3.173333,3.000000,2,28.778703
25486.677169,2.107951,-0.001937,-0.031056,-0.002042,0.442240,0.000388,-0.000165,-0.008776,-0.003807,0.068585,3.148082,3.003807,3.216667,3.000000,2,28.827821
25486.712807,2.108344,-0.000972,-0.045669,-0.001969,0.442520,0.000489,-0.000225,-0.003163,-0.005420,0.067046,3.199621,3.005420,3.266667,3.000000,2,28.878145
25486.718562,2.108858,-0.000230,-0.042806,-0.001282,0.441961,0.000419,0.000057,0.000233,-0.006551,0.058725,3.257942,3.006551,3.316667,3.000000,2,28.932448
25486.737183,2.109271,0.000026,-0.039535,0.000006,0.439239,0.000546,-0.000341,-0.011507,-0.007662,0.071068,3.298932,3.007662,3.370000,3.000000,2,28.982771
25486.757167,2.109645,0.000239,-0.033126,-0.000584,0.440179,0.000562,-0.000173,-0.005601,-0.009461,0.070520,3.349480,3.009461,3.420000,3.000000,2,29.029013
25486.777165,2.110070,0.000248,-0.027445,-0.001462,0.439891,0.000482,0.000045,0.001434,-0.010542,0.068368,3.398298,3.010542,3.466667,3.000000,2,29.078272
25486.813257,2.110392,0.000158,-0.024799,-0.003603,0.440077,0.000670,0.000589,0.027733,-0.011763,0.068309,3.448358,3.011763,3.516667,3.000000,2,29.127661
25486.819011,2.110779,0.000060,-0.024427,-0.008725,0.440118,0.000458,0.000950,0.021821,-0.012659,0.059335,3.507332,3.012659,3.566667,3.000000,2,29.181366
25486.837182,2.111181,0.000042,-0.023344,-0.017446,0.438013,0.000372,0.001053,0.049123,-0.014872,0.074975,3.545025,3.014872,3.620000,3.000000,2,29.231032
25486.857170,2.111179,-0.003024,-0.099645,-0.028764,0.438881,0.000595,0.002795,0.089923,-0.015477,0.074825,3.595175,3.015477,3.670000,3.000000,2,29.275890
25486.877174,2.111237,-0.004346,-0.208139,-0.042449,0.437701,0.000957,0.006102,0.196468,-0.017297,0.068680,3.644653,3.017297,3.713333,3.000000,2,29.324644
25486.913257,2.111254,-0.003435,-0.273148,-0.062628,0.436225,0.002814,0.009561,0.536650,-0.018835,0.071268,3.692065,3.018835,3.763333,3.000000,2,29.372847
25486.918768,2.111090,-0.002507,-0.317448,-0.089782,0.434075,0.001010,0.009339,0.176726,-0.019049,0.060498,3.749502,3.019049,3.810000,3.000000,2,29.424499
25486.937172,2.111022,-0.000647,-0.316966,-0.129782,0.428642,0.004198,0.009446,0.339726,-0.019403,0.072324,3.791009,3.019403,3.863333,3.000000,2,29.474461
25486.957171,2.108924,-0.015169,-0.717198,-0.159503,0.421002,0.006163,0.012318,0.382657,-0.020337,0.072593,3.840741,3.020337,3.913333,3.000000,2,29.520299
25486.977169,2.106131,-0.018458,-1.150549,-0.185044,0.414495,0.008399,0.016242,0.505203,-0.019524,0.071455,3.888545,3.019524,3.960000,3.000000,2,29.567595
25487.014022,2.103444,-0.013764,-1.402168,-0.214944,0.409038,0.018060,0.007259,0.830531,-0.015210,0.071969,3.934924,3.016126,4.006684,2.999955,2,29.613624
25487.019380,2.096680,-0.018526,-1.758609,-0.233877,0.402096,-0.011277,-0.002078,-0.524664,-0.004802,0.064786,3.989468,3.008833,4.053372,2.997143,2,29.662862
25487.037172,2.081039,-0.025015,-2.482333,-0.236572,0.396911,0.003705,0.001210,0.081658,0.001359,0.072563,4.028213,3.003102,4.099593,2.989981,2,29.709910
25487.057169,2.071193,-0.020375,-2.808255,-0.241962,0.398526,0.003430,0.002749,0.080471,0.007828,0.074792,4.074385,2.992234,4.148138,2.977551,2,29.753801
25487.077171,2.059055,-0.011454,-3.063804,-0.246560,0.401110,0.003767,0.003161,0.091419,0.007822,0.068815,4.122359,2.981667,4.189024,2.962893,2,29.800911
25487.113318,2.046691,-0.002904,-3.209468,-0.252340,0.404850,0.017470,0.000121,0.201643,0.011029,0.070754,4.163628,2.966181,4.231451,2.943205,2,29.846729
25487.119077,2.033880,0.003768,-3.286746,-0.252516,0.405835,-0.010339,0.005407,0.013531,0.006679,0.061258,4.216809,2.947339,4.271852,2.919638,2,29.895533
25487.137167,2.018622,0.009217,-3.317771,-0.253154,0.404781,0.002631,0.000503,0.024848,0.010586,0.071795,4.246970,2.928587,4.309875,2.892400,2,29.941370
25487.157173,2.005690,0.008042,-3.395719,-0.248207,0.407103,-0.000380,-0.000389,-0.011866,0.014533,0.075239,4.280721,2.903156,4.345186,2.861727,2,29.981690
25487.177171,1.989014,0.007450,-3.486873,-0.238079,0.408863,-0.001188,-0.001244,-0.037585,0.009599,0.069990,4.319297,2.878736,4.373060,2.832906,2,30.024043
25487.212549,1.972929,0.007864,-3.548419,-0.228477,0.413737,0.007652,-0.002549,-0.092909,0.011268,0.069476,4.349932,2.848186,4.400544,2.799274,2,30.067256
25487.218810,1.956841,0.008144,-3.588605,-0.216629,0.419480,-0.015536,-0.002225,-0.059445,0.011021,0.063352,4.382266,2.811427,4.425005,2.763383,2,30.113223
25487.237165,1.937680,0.007698,-3.619015,-0.199857,0.422768,-0.000218,-0.001866,-0.071934,0.010718,0.075304,4.404645,2.785183,4.447757,2.722517,2,30.154519
25487.257167,1.928770,0.011273,-3.527796,-0.184930,0.429637,-0.001684,-0.002300,-0.067991,0.012284,0.075228,4.424770,2.751191,4.464146,2.685925,2,30.191623
25487.277172,1.919290,0.012881,-3.366589,-0.167986,0.435746,-0.002163,-0.002705,-0.101934,0.010952,0.069525,4.445070,2.714276,4.476550,2.651327,2,30.232229
25487.312490,1.911288,0.012321,-3.193039,-0.151580,0.441424,0.001587,0.001000,-0.261647,0.010081,0.067342,4.462149,2.675995,4.487143,2.612656,2,30.273579
25487.318549,1.905890,0.010724,-2.969532,-0.136304,0.446531,-0.005635,-0.008415,0.047623,0.005723,0.061289,4.480840,2.629840,4.495082,2.569954,2,30.317720
25487.337165,1.899642,0.003883,-2.804384,-0.119403,0.448662,-0.000935,-0.002144,-0.120586,0.008599,0.070546,4.486928,2.596710,4.499285,2.526724,2,30.359189
25487.357168,1.898371,0.006568,-2.560303,-0.105228,0.453620,-0.001214,-0.003251,-0.097952,0.007990,0.068481,4.492010,2.555147,4.500000,2.486667,2,30.397902
25487.377166,1.897778,0.005645,-2.265364,-0.092363,0.456760,-0.001295,-0.002630,-0.110182,0.006660,0.064008,4.493340,2.510675,4.500000,2.446667,2,30.441503
25487.413065,1.898007,0.004138,-2.012676,-0.079484,0.457381,-0.002113,0.001614,-0.226135,0.005417,0.066290,4.494583,2.469624,4.500000,2.403333,2,30.484667
25487.418890,1.899704,0.003762,-1.730729,-0.067230,0.458798,0.001702,-0.004461,0.135808,-0.001885,0.060323,4.501885,2.420323,4.500000,2.360000,2,30.529826
25487.437187,1.902240,0.000611,-1.484207,-0.057027,0.456166,-0.000625,-0.001045,-0.069661,-0.004286,0.074105,4.504286,2.387439,4.500000,2.313333,2,30.571653
25487.457153,1.904322,0.001772,-1.298453,-0.050305,0.459120,-0.000439,-0.001741,-0.052791,-0.010939,0.073834,4.510939,2.347167,4.500000,2.273333,2,30.608845
25487.477170,1.907099,0.000798,-1.112813,-0.047002,0.462548,-0.000290,-0.001039,-0.044826,-0.014001,0.067710,4.514001,2.304376,4.500000,2.236667,2,30.650153
25487.513443,1.910269,-0.000266,-0.984770,-0.043626,0.464945,-0.003082,0.000913,-0.073713,-0.018225,0.070773,4.518225,2.264106,4.500000,2.193333,2,30.692263
25487.519633,1.913713,-0.000584,-0.865052,-0.042225,0.468430,0.003167,-0.001353,0.051027,-0.018434,0.059512,4.518434,2.212845,4.500000,2.153333,2,30.737964
25487.537179,1.918066,-0.002008,-0.781004,-0.039163,0.466484,-0.000295,-0.000874,-0.030150,-0.021471,0.071008,4.521471,2.177675,4.500000,2.106667,2,30.781625
25487.557172,1.921030,-0.002815,-0.751153,-0.037181,0.469882,-0.000366,-0.001573,-0.048602,-0.025798,0.072959,4.525798,2.136292,4.500000,2.063333,2,30.821060
25487.577166,1.924578,-0.003666,-0.734415,-0.035741,0.473181,-0.000586,-0.002013,-0.062219,-0.026997,0.070968,4.526997,2.094301,4.500000,2.023333,2,30.862996
25487.612911,1.928086,-0.004182,-0.729898,-0.033413,0.475926,-0.003919,-0.002609,-0.118424,-0.029655,0.065631,4.529655,2.048964,4.500000,1.983333,2,30.906373
25487.618628,1.931694,-0.004343,-0.728244,-0.031355,0.477522,0.002889,-0.001620,-0.036037,-0.043663,0.061161,4.543663,1.997827,4.500000,1.936667,2,30.953993
25487.637173,1.935842,-0.004462,-0.731202,-0.032977,0.477126,-0.001052,-0.002512,-0.072499,-0.042137,0.072239,4.542137,1.962239,4.500000,1.890000,2,30.998564
25487.657166,1.938719,-0.004200,-0.723683,-0.031347,0.479960,-0.001055,-0.003011,-0.093292,-0.049690,0.074508,4.549690,1.921174,4.500000,1.846667,2,31.038011
25487.677165,1.942039,-0.004164,-0.722516,-0.031464,0.483229,-0.000730,-0.001649,-0.064344,-0.049378,0.069309,4.549378,1.875976,4.500000,1.806667,2,31.080850
25487.713069,1.945822,-0.002793,-0.694314,-0.030227,0.485608,-0.003560,-0.000135,-0.051352,-0.049277,0.068667,4.549277,1.832001,4.500000,1.763333,2,31.124746
25487.718710,1.950427,-0.000937,-0.613265,-0.028211,0.487734,0.003917,-0.000844,0.024744,-0.049721,0.062188,4.549721,1.782188,4.500000,1.720000,2,31.170865
25487.737167,1.955666,-0.001362,-0.564316,-0.025208,0.487983,-0.000386,-0.000310,-0.018998,-0.050673,0.071275,4.550673,1.744609,4.500000,1.673333,2,31.215462
25487.757167,1.959561,-0.000601,-0.518096,-0.022992,0.490638,0.000098,-0.000545,-0.017198,-0.049347,0.069239,4.549347,1.699239,4.500000,1.630000,2,31.257669
25487.777174,1.964408,-0.000515,-0.469690,-0.019292,0.492327,-0.000104,-0.001522,-0.047678,-0.049846,0.068690,4.549846,1.655357,4.500000,1.586667,2,31.302301
25487.813974,1.969126,-0.001041,-0.445369,-0.015050,0.494065,-0.004341,-0.002307,-0.125041,-0.055412,0.068599,4.555412,1.611932,4.500000,1.543333,2,31.347002
25487.819702,1.973723,-0.001401,-0.431586,-0.014435,0.495713,0.004008,-0.001670,-0.028982,-0.060037,0.062392,4.560037,1.559058,4.500000,1.496667,2,31.394641
25487.837149,1.979156,-0.001836,-0.429477,-0.017193,0.495379,-0.000364,-0.000763,-0.030183,-0.056136,0.072861,4.556136,1.522861,4.500000,1.450000,2,31.439813
25487.857148,1.983000,-0.000667,-0.400282,-0.019479,0.498846,0.000038,0.000194,0.009139,-0.052892,0.075422,4.552892,1.478756,4.500000,1.403333,2,31.481164
25487.877153,1.987958,-0.000158,-0.356703,-0.025283,0.502246,0.000160,0.001504,0.047055,-0.050738,0.069446,4.550738,1.432779,4.500000,1.363333,2,31.525433
25487.912710,1.993065,-0.000714,-0.343997,-0.033615,0.505083,-0.003614,0.003444,0.158341,-0.048149,0.067542,4.548149,1.387542,4.500000,1.320000,2,31.571281
25487.918560,1.998101,-0.001416,-0.349119,-0.043753,0.507708,0.004591,0.003256,0.073272,-0.046990,0.060234,4.546990,1.333567,4.500000,1.273333,2,31.620804
25487.937165,2.004034,-0.001158,-0.341257,-0.058959,0.507527,-0.000076,0.002247,0.103570,-0.045709,0.073529,4.545709,1.296863,4.500000,1.223333,2,31.666661
25487.957163,2.007638,-0.008808,-0.534696,-0.074219,0.509587,0.000538,0.001172,0.055341,-0.042371,0.074438,4.542371,1.251105,4.500000,1.176667,2,31.708817
25487.977169,2.011728,-0.014141,-0.833664,-0.089038,0.510900,0.000847,0.003362,0.105172,-0.045065,0.068740,4.545065,1.205407,4.500000,1.136667,2,31.754059
25488.012633,2.015653,-0.013572,-1.063580,-0.111788,0.514818,0.000221,0.006117,0.443452,-0.043398,0.068516,4.543398,1.158516,4.500000,1.090000,2,31.799457
25488.018634,2.019605,-0.010477,-1.191728,-0.142900,0.517824,0.004970,0.009764,0.116473,-0.042551,0.058991,4.542551,1.105657,4.500000,1.046667,2,31.848117
25488.037171,2.024300,-0.006552,-1.247934,-0.182900,0.508270,0.006817,0.018181,0.538555,-0.041527,0.070244,4.541984,1.066630,4.499989,0.996665,2,31.893004
25488.057170,2.026762,-0.006805,-1.325382,-0.222900,0.498270,0.006641,0.009256,0.389794,-0.028976,0.072298,4.533413,1.022658,4.497822,0.953377,2,31.932954
25488.077167,2.024593,-0.019496,-1.685194,-0.236478,0.492407,0.001796,0.001137,0.031881,-0.026618,0.069173,4.530655,0.977266,4.492500,0.913723,2,31.975066
25488.111756,2.016804,-0.030359,-2.353632,-0.240007,0.491057,0.007484,-0.004721,0.277772,-0.014041,0.068353,4.514328,0.933838,4.483178,0.871396,2,32.018531
25488.117395,2.009316,-0.028113,-2.837790,-0.241042,0.489660,-0.007471,0.007235,-0.270551,-0.011444,0.060885,4.501684,0.883404,4.470225,0.830035,2,32.065743
25488.137163,1.999383,-0.019315,-3.219278,-0.240654,0.489003,0.002196,-0.001508,0.027371,-0.009656,0.068901,4.490425,0.845146,4.452328,0.786929,2,32.110173
25488.157162,1.992796,-0.012401,-3.370433,-0.245778,0.493666,0.000342,0.000214,0.007183,0.002985,0.068966,4.462999,0.806577,4.430490,0.745680,2,32.152802
25488.177159,1.983699,-0.004940,-3.491763,-0.247813,0.494559,0.000490,0.000252,0.006217,-0.008859,0.065732,4.453872,0.760713,4.408777,0.712075,2,32.196991
25488.211118,1.974249,0.000915,-3.563189,-0.258014,0.500804,0.008186,-0.001379,0.046281,0.003527,0.063509,4.418721,0.725790,4.380149,0.675213,2,32.241814
25488.217158,1.964050,0.004458,-3.614074,-0.268021,0.504588,-0.007061,0.001739,-0.020036,-0.008378,0.065668,4.403287,0.683583,4.350593,0.643511,2,32.285622
25488.237165,1.953468,0.006529,-3.656418,-0.280736,0.509264,0.000959,0.000507,0.018189,-0.007273,0.062883,4.371519,0.648925,4.318404,0.614488,2,32.327526
25488.257161,1.941937,0.006713,-3.708322,-0.292370,0.512011,0.001014,0.000646,0.016867,-0.016329,0.067729,4.348850,0.613365,4.283821,0.588362,2,32.368009
25488.277192,1.929756,0.006474,-3.763685,-0.298633,0.513118,0.001757,0.001066,0.028275,-0.026699,0.069000,4.323105,0.578365,4.250000,0.566987,2,32.404569
25488.311622,1.918022,0.006583,-3.800948,-0.300000,0.513905,0.011086,0.001650,0.060175,-0.032880,0.064281,4.289769,0.548196,4.217586,0.549826,2,32.442652
25488.317229,1.906331,0.006389,-3.828329,-0.300000,0.513429,-0.007911,-0.000011,-0.003388,-0.041829,0.063087,4.258053,0.519409,4.184000,0.535087,2,32.481338
25488.337171,1.894693,0.005861,-3.845889,-0.300000,0.513567,0.000764,0.000397,0.014048,-0.049392,0.066919,4.224678,0.494204,4.146239,0.521864,2,32.517879
25488.357171,1.882604,0.004225,-3.872957,-0.300000,0.514777,-0.000072,-0.000055,-0.001519,-0.052749,0.063594,4.184498,0.475084,4.110796,0.512430,2,32.554700
25488.377166,1.870058,0.002239,-3.910437,-0.300000,0.515429,-0.000288,-0.000122,-0.002363,-0.057575,0.063766,4.146414,0.458226,4.074757,0.505620,2,32.591976
25488.438168,1.857719,0.000585,-3.941647,-0.300000,0.516105,0.013873,0.001933,0.015599,-0.066337,0.028609,4.071923,0.437521,4.038315,0.501470,2,32.643018
25488.443510,1.837080,-0.001917,-3.979014,-0.293282,0.510809,-0.013896,-0.002030,-0.016763,-0.072038,0.018496,4.005138,0.427686,3.988328,0.500136,2,32.704476
25488.463531,1.820289,-0.004176,-3.996524,-0.290333,0.506913,0.000135,-0.000103,-0.005776,-0.071797,0.053821,3.967725,0.426584,3.925243,0.505620,2,32.749231
25488.483522,1.810247,-0.005418,-3.993974,-0.292796,0.508988,0.000035,0.000052,0.002097,-0.070760,0.067475,3.931704,0.429337,3.882710,0.513952,2,32.780838
25488.529082,1.800307,-0.007126,-3.988602,-0.294220,0.512581,0.011666,0.002709,0.013751,-0.078409,0.054609,3.879256,0.431704,3.850575,0.522850,2,32.817076
25488.538739,1.790712,-0.009302,-3.980426,-0.295329,0.516169,-0.010034,-0.002420,-0.007622,-0.083302,0.027976,3.811357,0.447336,3.816000,0.535087,2,32.868071
25488.548296,1.776235,-0.012915,-3.991635,-0.288927,0.510930,0.000803,-0.000037,-0.004761,-0.086889,0.069641,3.792468,0.446630,3.770483,0.555791,2,32.904662
25488.563492,1.773090,-0.013642,-3.993499,-0.291217,0.512498,-0.000147,0.000059,0.001076,-0.087918,0.078622,3.759579,0.457758,3.738537,0.573811,2,32.925014
25488.583496,1.766688,-0.014828,-3.992070,-0.291639,0.514438,0.000296,0.000185,0.004337,-0.095741,0.061564,3.719551,0.470807,3.721695,0.584613,2,32.956308
25488.636798,1.759086,-0.016414,-3.989157,-0.292039,0.516400,0.007784,0.001743,0.006018,-0.101225,0.031611,3.661148,0.502355,3.697276,0.602058,2,33.000769
25488.643204,1.747463,-0.019204,-3.994706,-0.287686,0.512364,-0.007428,-0.001744,-0.006870,-0.105618,0.037880,3.617860,0.528643,3.661488,0.632019,2,33.048368
25488.650549,1.737811,-0.021307,-3.999503,-0.288581,0.510501,-0.000008,-0.000190,-0.004122,-0.103418,0.072064,3.600098,0.542414,3.628651,0.665187,2,33.077537
25488.663514,1.735324,-0.021891,-4.002043,-0.286544,0.513787,0.000079,-0.000250,-0.007421,-0.101779,0.087583,3.584329,0.556124,3.609233,0.688069,2,33.094594
25488.683532,1.731373,-0.022646,-4.002975,-0.288370,0.518772,-0.000091,-0.000119,-0.004896,-0.106031,0.069775,3.555710,0.581970,3.599049,0.701272,2,33.118706
25488.716495,1.725343,-0.023772,-4.002910,-0.286244,0.523004,0.003278,0.000624,-0.008157,-0.106091,0.057835,3.529954,0.613026,3.585543,0.720311,2,33.150990
25488.723517,1.720045,-0.024618,-3.995202,-0.281016,0.526811,-0.003487,-0.000912,-0.000174,-0.103963,0.061353,3.508816,0.643245,3.567823,0.748557,2,33.183249
25488.743500,1.715028,-0.025592,-3.986511,-0.271466,0.531233,-0.000468,-0.000357,-0.013966,-0.102737,0.063339,3.488111,0.675541,3.552026,0.777921,2,33.214841
25488.763522,1.711632,-0.025398,-3.949675,-0.258470,0.536034,-0.000516,-0.000477,-0.018778,-0.098558,0.061684,3.472772,0.709989,3.539509,0.805197,2,33.246021
25488.783522,1.709810,-0.024591,-3.880723,-0.240860,0.540608,-0.000772,-0.000760,-0.029903,-0.094696,0.059452,3.459218,0.745535,3.528651,0.833175,2,33.278206
25488.818010,1.709697,-0.023109,-3.770705,-0.220992,0.545361,-0.002357,-0.000098,-0.139748,-0.090270,0.059990,3.447867,0.782822,3.518580,0.864962,2,33.311752
25488.823874,1.711623,-0.021002,-3.610634,-0.199209,0.549407,0.000983,-0.002540,0.055912,-0.083884,0.061844,3.441250,0.819601,3.510651,0.897349,2,33.345025
25488.843504,1.714098,-0.021427,-3.466707,-0.173465,0.554160,-0.001547,-0.002244,-0.091107,-0.078694,0.063326,3.435815,0.856501,3.504897,0.930193,2,33.378266
25488.863527,1.719490,-0.016522,-3.202761,-0.148344,0.557779,-0.000795,-0.001565,-0.068767,-0.073486,0.063845,3.432737,0.894287,3.501345,0.963348,2,33.413050
25488.883524,1.727246,-0.011593,-2.847894,-0.124331,0.559509,-0.000520,-0.001536,-0.069131,-0.065970,0.067331,3.434030,0.932669,3.500000,1.000000,2,33.449774
25488.918784,1.736265,-0.008462,-2.474204,-0.099230,0.560435,-0.007767,0.001032,-0.276722,-0.062295,0.063801,3.437705,0.972865,3.500000,1.036667,2,33.488899
25488.924380,1.746411,-0.005712,-2.089725,-0.072356,0.560266,0.006862,-0.005185,0.110738,-0.056941,0.065824,3.443059,1.007509,3.500000,1.073333,2,33.527322
25488.943504,1.756488,-0.007504,-1.811713,-0.040964,0.564137,0.000037,-0.002993,-0.126018,-0.052867,0.064547,3.447133,1.048787,3.500000,1.113333,2,33.565900
25488.963523,1.767876,0.001245,-1.360956,-0.013234,0.564642,-0.000070,-0.001908,-0.089433,-0.044193,0.061521,3.455807,1.088479,3.500000,1.150000,2,33.606613
25488.983523,1.779447,0.008200,-0.846974,0.011951,0.564594,0.000344,-0.001702,-0.080294,-0.037171,0.062222,3.462829,1.131111,3.500000,1.193333,2,33.647761
25489.018560,1.791056,0.012346,-0.374549,0.037087,0.563556,-0.007674,0.000567,-0.290552,-0.030866,0.059813,3.469134,1.173521,3.500000,1.233333,2,33.690677
25489.023875,1.802226,0.015832,0.062725,0.062014,0.561778,0.008516,-0.004402,0.136803,-0.022563,0.059497,3.477437,1.217170,3.500000,1.276667,2,33.734654
25489.043504,1.813288,0.014489,0.359941,0.090572,0.559710,0.001175,-0.002734,-0.123825,-0.012080,0.062795,3.487920,1.257205,3.500000,1.320000,2,33.777617
25489.063525,1.822573,0.021873,0.775004,0.118240,0.558470,0.001053,-0.001638,-0.074486,-0.014118,0.059638,3.485882,1.303695,3.500000,1.363333,2,33.821449
25489.083527,1.830496,0.027905,1.249576,0.140193,0.554287,0.001030,-0.001246,-0.054587,-0.001684,0.059355,3.498316,1.347311,3.500000,1.406667,2,33.866512
25489.119778,1.837145,0.030547,1.673143,0.164297,0.552794,-0.002817,0.001457,-0.271007,0.005529,0.066424,3.505529,1.386909,3.500000,1.453333,2,33.908904
25489.125126,1.842195,0.031901,2.046979,0.184945,0.552492,0.004294,-0.003641,0.151262,0.011219,0.062703,3.511219,1.430630,3.500000,1.493333,2,33.950615
25489.143504,1.847101,0.029661,2.318689,0.204538,0.552821,0.003903,-0.006691,-0.168196,0.004744,0.061684,3.507912,1.475561,3.498649,1.536730,2,33.994149
25489.163525,1.851867,0.025909,2.482504,0.224448,0.551441,0.002854,-0.003329,-0.133626,0.000324,0.058721,3.503280,1.521952,3.493580,1.579867,2,34.039677
25489.183527,1.853582,0.028191,2.708954,0.243292,0.551456,0.001090,-0.000705,-0.026810,-0.004487,0.056148,3.494181,1.566864,3.484786,1.622402,2,34.086008
25489.219660,1.852050,0.031304,3.028897,0.255323,0.551597,0.003394,0.002600,-0.168434,-0.002896,0.056464,3.487376,1.612983,3.471228,1.667166,2,34.131474
25489.225335,1.849795,0.030400,3.293063,0.264155,0.553086,-0.001536,-0.003154,0.117423,-0.005829,0.058214,3.472762,1.655209,3.453545,1.710467,2,34.176287
25489.243504,1.847150,0.026833,3.479795,0.268271,0.553798,0.001027,-0.001638,-0.023681,-0.001604,0.056522,3.460330,1.699223,3.433569,1.749035,2,34.220607
25489.263528,1.844309,0.022379,3.596756,0.273006,0.556042,0.000934,-0.000630,-0.022754,0.000424,0.060995,3.443937,1.738882,3.408401,1.788459,2,34.263603
25489.283527,1.840433,0.019364,3.689196,0.274953,0.558111,0.000297,-0.000103,-0.002343,0.007572,0.062520,3.427973,1.779959,3.381826,1.822814,2,34.304689
25489.319977,1.835739,0.017092,3.770286,0.276451,0.560619,0.004433,0.001516,-0.030914,0.013771,0.061364,3.407749,1.818539,3.354733,1.852370,2,34.344901
25489.325327,1.830929,0.014878,3.825118,0.276595,0.562797,-0.003519,-0.001340,0.023542,0.017463,0.059947,3.382241,1.853912,3.325359,1.879660,2,34.385329
25489.343520,1.826076,0.013010,3.859819,0.272735,0.565129,-0.000769,0.000207,0.009963,0.022196,0.059888,3.355389,1.887264,3.293893,1.904508,2,34.425650
25489.363531,1.821179,0.011632,3.878506,0.265541,0.567650,-0.000398,0.000355,0.014570,0.027042,0.058989,3.324975,1.919100,3.260537,1.926756,2,34.465708
25489.383529,1.817075,0.010159,3.872489,0.253897,0.569938,-0.000202,0.000367,0.016385,0.030938,0.056330,3.289734,1.948467,3.225505,1.946259,2,34.506930
25489.419340,1.814409,0.008443,3.829578,0.238446,0.571811,0.000512,0.000123,0.089410,0.035676,0.060675,3.255516,1.974702,3.185925,1.964146,2,34.547090
25489.424959,1.813101,0.006733,3.748453,0.218810,0.574365,-0.001109,0.001486,-0.032989,0.039365,0.060641,3.217719,1.997182,3.148138,1.977551,2,34.586728
25489.443524,1.812346,0.006759,3.663371,0.197668,0.577446,-0.001664,0.003603,0.100799,0.043909,0.061940,3.179444,2.017179,3.109398,1.987885,2,34.627209
25489.463528,1.813691,0.005735,3.535560,0.169776,0.579722,-0.001410,0.002555,0.114320,0.046200,0.063256,3.139052,2.031977,3.069954,1.995082,2,34.666616
25489.483502,1.817982,0.000982,3.289249,0.139088,0.580857,-0.000344,0.002137,0.096754,0.048450,0.066380,3.099234,2.043467,3.030061,1.999096,2,34.705626
25489.521601,1.825311,-0.004275,2.912806,0.108632,0.582256,-0.007786,-0.003183,0.398544,0.049447,0.064091,3.057424,2.049447,2.993333,2.000000,2,34.746900
25489.527194,1.834496,-0.007616,2.472238,0.079483,0.582076,0.008822,0.007857,-0.211150,0.063125,0.056991,3.006991,2.063125,2.950000,2.000000,2,34.793371
25489.543524,1.846292,-0.003264,2.065223,0.052786,0.578463,-0.000877,0.005214,0.190991,0.061051,0.072173,2.975506,2.061051,2.903333,2.000000,2,34.834951
25489.563530,1.854343,-0.006164,1.739578,0.032240,0.575443,0.000478,0.001507,0.073489,0.061606,0.069736,2.933070,2.061606,2.863333,2.000000,2,34.872962
25489.583504,1.865671,-0.012097,1.195306,0.019548,0.569009,0.000735,0.001026,0.047944,0.059550,0.063935,2.890602,2.059550,2.826667,2.000000,2,34.915272
25489.626751,1.876779,-0.011417,0.780084,0.010586,0.559289,-0.008559,-0.003583,0.163692,0.058703,0.053854,2.837187,2.058703,2.783333,2.000000,2,34.962344
25489.631987,1.889309,-0.008510,0.439912,0.008641,0.549289,0.009377,0.003534,-0.113493,0.052029,0.050228,2.786894,2.052029,2.736667,2.000000,2,35.013493
25489.643499,1.901085,-0.004339,0.270290,0.015485,0.539289,0.000910,-0.000819,-0.024006,0.046343,0.078394,2.761727,2.046343,2.683333,2.000000,2,35.053546
25489.663518,1.906823,-0.002470,0.233186,0.026035,0.529289,0.000977,-0.000870,-0.044958,0.040279,0.074931,2.718264,2.040279,2.643333,2.000000,2,35.089629
25489.683523,1.915370,0.002569,0.279952,0.042794,0.519289,0.000603,-0.001030,-0.051647,0.034504,0.064507,2.674507,2.034504,2.610000,2.000000,2,35.132680
25489.717665,1.922485,0.007962,0.441633,0.066146,0.509289,-0.002962,-0.000817,-0.211619,0.028505,0.063725,2.630392,2.028505,2.566667,2.000000,2,35.176421
25489.723511,1.928407,0.013467,0.696881,0.093078,0.499289,0.004612,-0.003447,0.070825,0.021818,0.065646,2.585646,2.021818,2.520000,2.000000,2,35.221006
25489.743499,1.933887,0.013878,0.910509,0.125707,0.489289,0.002313,-0.003613,-0.166049,0.010176,0.062801,2.538870,2.012555,2.476614,1.999453,2,35.266755
25489.763526,1.936769,0.021549,1.273619,0.156283,0.479289,0.001652,-0.001492,-0.068673,-0.002137,0.063201,2.492924,2.001809,2.430046,1.995082,2,35.313817
25489.783520,1.936524,0.028353,1.767890,0.179719,0.469669,0.001497,-0.001062,-0.047125,-0.011336,0.062778,2.447786,1.989905,2.384090,1.986379,2,35.362035
25489.817381,1.934344,0.029940,2.209579,0.197749,0.461695,0.004593,0.002699,-0.209964,-0.018004,0.061858,2.403510,1.976274,2.339148,1.973420,2,35.409857
25489.823523,1.930415,0.028500,2.571823,0.211774,0.455351,-0.002323,-0.004321,0.137317,-0.023052,0.063214,2.359650,1.960193,2.292569,1.954942,2,35.457822
25489.843500,1.926017,0.024047,2.819371,0.223309,0.449863,0.001410,-0.000647,-0.025835,-0.025231,0.061673,2.317011,1.942408,2.250965,1.933569,2,35.506281
25489.863521,1.919464,0.021686,3.040132,0.229468,0.444931,0.001089,-0.000271,-0.008351,-0.026432,0.060738,2.276402,1.921852,2.211541,1.908401,2,35.553706
25489.883522,1.911818,0.018726,3.214952,0.228551,0.440649,0.000667,-0.000007,0.002479,-0.027319,0.063709,2.238123,1.898631,2.172111,1.877477,2,35.600564
25489.918709,1.903649,0.015034,3.327473,0.222060,0.438010,0.006836,0.002115,0.001384,-0.026575,0.063244,2.201160,1.872593,2.138273,1.845186,2,35.647185
25489.924656,1.895599,0.011057,3.375160,0.210992,0.436247,-0.005810,-0.000996,0.020293,-0.025753,0.063832,2.167371,1.844010,2.107600,1.809875,2,35.692764
25489.943494,1.887584,0.008351,3.384620,0.194738,0.434842,-0.000750,0.000911,0.041252,-0.023781,0.063280,2.136820,1.814466,2.082188,1.774651,2,35.737411
25489.963516,1.881075,0.004119,3.305639,0.173330,0.433696,-0.001102,0.003726,0.114037,-0.023309,0.065614,2.109701,1.781437,2.058352,1.734408,2,35.781197
25489.983519,1.875510,0.002554,3.194764,0.143609,0.432980,-0.000893,0.002476,0.121277,-0.023066,0.065027,2.086297,1.746057,2.039675,1.695195,2,35.824631
25490.018809,1.872538,-0.003322,2.940143,0.107924,0.431773,0.000500,-0.001594,0.366369,-0.022385,0.064602,2.065725,1.709031,2.024472,1.654508,2,35.868159
25490.023950,1.872390,-0.010223,2.504425,0.069890,0.429343,0.000063,0.007090,-0.160904,-0.020477,0.063628,2.047144,1.670035,2.012857,1.612656,2,35.911636
25490.043502,1.872857,-0.007847,2.139896,0.029890,0.427611,-0.000234,0.004821,0.227044,-0.015742,0.063264,2.029356,1.630394,2.004918,1.569954,2,35.954843
25490.063519,1.874595,-0.016365,1.560058,-0.010110,0.423946,0.000872,0.002468,0.126173,-0.012015,0.065166,2.016196,1.591155,2.000715,1.526724,2,35.996707
25490.083521,1.877038,-0.024349,0.800596,-0.050110,0.420465,0.001159,0.002954,0.138504,-0.002598,0.067642,2.004578,1.550809,1.999721,1.483293,2,36.038629
25490.119391,1.878832,-0.027547,0.092868,-0.090110,0.418688,0.001079,-0.002232,0.475482,0.011727,0.065348,1.992534,1.509563,1.996775,1.443306,2,36.082051
25490.124663,1.879166,-0.030990,-0.591031,-0.126868,0.417172,0.001017,0.006693,-0.246928,0.020272,0.065385,1.983139,1.468519,1.989981,1.400407,2,36.126229
25490.143504,1.879320,-0.027604,-1.066687,-0.162613,0.417505,0.001757,0.003037,0.108471,0.025921,0.064775,1.972993,1.427726,1.979489,1.358259,2,36.170654
25490.163518,1.876253,-0.033639,-1.619523,-0.191249,0.418363,0.001137,0.001356,0.058116,0.028580,0.067076,1.962558,1.386968,1.964146,1.314075,2,36.213903
25490.183522,1.870791,-0.037142,-2.168344,-0.214450,0.420789,0.001008,0.000995,0.041415,0.031953,0.065967,1.947493,1.347783,1.946259,1.274495,2,36.257092
25490.219759,1.864123,-0.036949,-2.613465,-0.231064,0.423806,0.007267,-0.003223,0.218522,0.031148,0.066064,1.933329,1.309180,1.925005,1.236617,2,36.300470
25490.225135,1.856423,-0.034755,-2.958461,-0.242921,0.428247,-0.005326,0.003874,-0.146185,0.030581,0.065811,1.915437,1.271750,1.900544,1.200726,2,36.342581
25490.243504,1.848627,-0.030534,-3.191823,-0.250017,0.432843,0.000034,0.001277,0.018651,0.027825,0.064063,1.896726,1.236064,1.875276,1.169595,2,36.383774
25490.263524,1.840060,-0.027103,-3.362179,-0.253426,0.437689,0.000437,0.000396,0.015219,0.026343,0.064791,1.873872,1.202061,1.845186,1.138273,2,36.424947
25490.283524,1.831130,-0.024411,-3.490094,-0.253070,0.442657,0.000088,0.000004,-0.000728,0.023053,0.063315,1.849726,1.169578,1.815093,1.111778,2,36.465894
25490.319696,1.822244,-0.021969,-3.580531,-0.249294,0.448007,0.006540,-0.001405,0.009611,0.020231,0.060888,1.821722,1.138917,1.782974,1.087779,2,36.506911
25490.325096,1.813847,-0.019474,-3.624402,-0.244068,0.453388,-0.006101,0.000827,-0.015214,0.016729,0.063676,1.793322,1.110683,1.746131,1.064776,2,36.546967
25490.343504,1.805754,-0.017828,-3.639990,-0.236310,0.459098,-0.001003,-0.000386,-0.015900,0.012337,0.062929,1.762356,1.084134,1.710467,1.046455,2,36.586443
25490.363519,1.798969,-0.015992,-3.614606,-0.225911,0.464678,-0.000304,-0.000425,-0.018642,0.009209,0.062601,1.728969,1.061402,1.673450,1.031049,2,36.626619
25490.383523,1.793692,-0.014329,-3.546909,-0.212281,0.469953,-0.000433,-0.000600,-0.026142,0.004975,0.062302,1.693949,1.040309,1.635318,1.018659,2,36.666426
25490.420641,1.789853,-0.012950,-3.441469,-0.197222,0.475289,0.001130,0.000794,-0.138788,-0.000215,0.064865,1.660007,1.021648,1.596316,1.009364,2,36.704963
25490.425906,1.787499,-0.011913,-3.302690,-0.180738,0.480989,-0.001427,-0.002816,0.079416,-0.007354,0.051375,1.611899,1.002480,1.560013,1.003615,2,36.747471
25490.443520,1.786131,-0.013366,-3.156483,-0.158041,0.482459,-0.001754,-0.004430,-0.139025,-0.009848,0.064683,1.581683,0.992598,1.516707,1.000279,2,36.788608
25490.463519,1.786182,-0.012675,-3.022175,-0.137979,0.488468,-0.001351,-0.002526,-0.113863,-0.017610,0.065230,1.541897,0.982390,1.476667,1.000000,2,36.825535
25490.483522,1.788548,-0.007918,-2.750757,-0.120042,0.493118,-0.000291,-0.001138,-0.053246,-0.026692,0.067242,1.507242,0.973308,1.440000,1.000000,2,36.863663
25490.519728,1.792939,-0.004182,-2.401362,-0.104549,0.498305,-0.004870,0.002153,-0.215859,-0.034811,0.065197,1.465197,0.965189,1.400000,1.000000,2,36.902968
25490.525352,1.797604,-0.003575,-2.083104,-0.097007,0.503244,0.003275,-0.003279,0.123197,-0.041301,0.063172,1.426506,0.958699,1.363333,1.000000,2,36.943395
25490.543499,1.802574,-0.006408,-1.865403,-0.093587,0.508974,-0.000039,-0.001240,-0.023406,-0.047211,0.062466,1.382466,0.952789,1.320000,1.000000,2,36.984811
25490.563525,1.808245,-0.008332,-1.711261,-0.094632,0.513535,-0.000407,-0.000186,-0.008046,-0.052258,0.059911,1.339911,0.947742,1.280000,1.000000,2,37.028282
25490.583519,1.814226,-0.010125,-1.615894,-0.100134,0.518451,-0.000148,0.000346,0.016318,-0.057603,0.062821,1.299488,0.942397,1.236667,1.000000,2,37.070375
25490.621670,1.820338,-0.012535,-1.588218,-0.110047,0.523663,-0.005294,0.001152,0.081392,-0.059786,0.065693,1.259026,0.940214,1.193333,1.000000,2,37.111488
25490.627373,1.826481,-0.015510,-1.634489,-0.119841,0.527897,0.005556,0.000535,-0.030794,-0.061133,0.055934,1.209268,0.938867,1.153333,1.000000,2,37.156149
25490.643525,1.833588,-0.016683,-1.709784,-0.134084,0.530065,0.000404,0.001830,0.065257,-0.061385,0.066707,1.176707,0.938615,1.110000,1.000000,2,37.197641
25490.663524,1.837734,-0.019432,-1.811574,-0.148364,0.533918,0.000506,0.001050,0.043547,-0.059156,0.065030,1.131697,0.940844,1.066667,1.000000,2,37.236821
25490.683522,1.842186,-0.023332,-2.016976,-0.163629,0.536711,0.000590,0.000874,0.037637,-0.058626,0.059611,1.086278,0.941374,1.026667,1.000000,2,37.279708
25490.718882,1.845948,-0.025627,-2.237557,-0.180208,0.539352,-0.001273,-0.000763,0.165797,-0.053094,0.059135,1.040621,0.945239,0.983293,1.000279,2,37.322603
25490.724681,1.848785,-0.026958,-2.461274,-0.196962,0.542184,0.002463,0.002618,-0.085594,-0.048003,0.056143,0.993644,0.949165,0.943306,1.003225,2,37.365786
25490.743504,1.851479,-0.025531,-2.632690,-0.215475,0.544755,0.001781,0.003109,0.084123,-0.041359,0.064034,0.954920,0.956734,0.900407,1.010019,2,37.405622
25490.763519,1.852752,-0.025278,-2.802457,-0.230394,0.547808,0.001928,0.001587,0.062304,-0.040302,0.056352,0.904447,0.965238,0.861468,1.019574,2,37.446870
25490.783518,1.853017,-0.026406,-3.000487,-0.244143,0.549910,0.000721,0.000565,0.021209,-0.036239,0.058013,0.861408,0.978742,0.820296,1.033410,2,37.491121
25490.818283,1.851107,-0.026965,-3.219152,-0.254891,0.553423,0.002957,-0.001937,0.116001,-0.034185,0.060015,0.819394,0.993703,0.780481,1.050766,2,37.533119
25490.823810,1.848566,-0.025649,-3.404919,-0.261711,0.557491,-0.001671,0.002621,-0.084753,-0.038131,0.058820,0.773078,1.008521,0.742322,1.071512,2,37.575732
25490.843493,1.845893,-0.022657,-3.538845,-0.269030,0.561682,0.000634,0.000528,0.016055,-0.037741,0.059996,0.735611,1.027916,0.708818,1.093536,2,37.617281
25490.863517,1.842456,-0.020114,-3.644812,-0.270408,0.565866,0.000295,0.000074,0.001278,-0.039508,0.063387,0.697063,1.049094,0.674641,1.120340,2,37.656697
25490.883517,1.838640,-0.017714,-3.731116,-0.268993,0.571019,0.000069,-0.000003,-0.001583,-0.039201,0.062897,0.661781,1.075381,0.645267,1.147630,2,37.696497
25490.920942,1.834958,-0.015066,-3.783855,-0.265701,0.576342,0.002883,-0.001523,0.002410,-0.037833,0.063137,0.630046,1.104545,0.618174,1.177186,2,37.736284
25490.930517,1.831653,-0.012598,-3.807303,-0.259695,0.581378,-0.003083,0.000912,-0.010925,-0.049975,0.042423,0.579997,1.142412,0.595492,1.206107,2,37.782907
25490.943539,1.827403,-0.010355,-3.813382,-0.253461,0.582801,-0.000104,-0.000535,-0.014620,-0.046574,0.064055,0.562370,1.166344,0.569799,1.245192,2,37.823808
25490.963518,1.826089,-0.009406,-3.801982,-0.245296,0.587225,-0.000727,-0.000894,-0.026319,-0.047209,0.069745,0.536957,1.200179,0.549309,1.283488,2,37.856730
25490.983518,1.824472,-0.008115,-3.762722,-0.232554,0.590179,-0.000653,-0.000745,-0.032621,-0.059974,0.064496,0.504163,1.231902,0.535854,1.314075,2,37.893766
25491.021927,1.824271,-0.006405,-3.690652,-0.220469,0.593204,-0.001637,0.000618,-0.111751,-0.057768,0.063057,0.487475,1.271090,0.523450,1.348673,2,37.931226
25491.028228,1.825578,-0.004835,-3.577170,-0.203829,0.593846,0.001049,-0.002335,0.054315,-0.056420,0.054889,0.471462,1.317616,0.513621,1.384090,2,37.973495
25491.043538,1.827674,-0.005834,-3.459719,-0.179752,0.590366,-0.002004,-0.005182,-0.136135,-0.058895,0.070282,0.457435,1.348585,0.505396,1.426738,2,38.011776
25491.063519,1.829685,-0.006484,-3.383610,-0.154019,0.591973,-0.002173,-0.003268,-0.147921,-0.054372,0.067484,0.452083,1.391974,0.501351,1.463270,2,38.047340
25491.083522,1.834895,-0.000570,-3.135193,-0.126689,0.589679,-0.000455,-0.001743,-0.082001,-0.050375,0.061491,0.449625,1.438509,0.500000,1.500000,2,38.090742
25491.118306,1.843113,0.005890,-2.724426,-0.100449,0.584921,-0.006739,0.002638,-0.316515,-0.055023,0.061252,0.444977,1.482081,0.500000,1.543333,2,38.135829
25491.123466,1.852324,0.008598,-2.283089,-0.076589,0.581384,0.006565,-0.006308,0.169339,-0.056134,0.057094,0.443866,1.529573,0.500000,1.586667,2,38.181865
25491.143520,1.861544,0.004648,-1.952667,-0.053683,0.577972,-0.000615,-0.002601,-0.131774,-0.062582,0.058054,0.437418,1.575279,0.500000,1.633333,2,38.229119
25491.163522,1.871494,0.007863,-1.544556,-0.038944,0.575279,0.000006,-0.001019,-0.049949,-0.061659,0.058641,0.438341,1.621359,0.500000,1.680000,2,38.275835
25491.183525,1.881969,0.009290,-1.127788,-0.027530,0.573590,0.000181,-0.000788,-0.039131,-0.060277,0.057006,0.439723,1.669661,0.500000,1.726667,2,38.323745
25491.219560,1.892544,0.007990,-0.809667,-0.018103,0.571634,-0.007910,0.002117,-0.146359,-0.055131,0.059475,0.444869,1.717192,0.500000,1.776667,2,38.372073
25491.225206,1.903056,0.006527,-0.567664,-0.008830,0.569352,0.007512,-0.003197,0.069675,-0.051153,0.058428,0.448847,1.764905,0.500000,1.823333,2,38.420568
25491.243534,1.913430,0.003924,-0.418992,-0.001110,0.567023,0.001151,-0.000913,-0.031661,-0.049270,0.061933,0.450730,1.811400,0.500000,1.873333,2,38.468722
25491.263523,1.923608,0.005045,-0.254722,0.003559,0.565209,0.000291,-0.000301,-0.015453,-0.047207,0.062772,0.452793,1.857228,0.500000,1.920000,2,38.515490
25491.283522,1.933496,0.005370,-0.103775,0.005154,0.564355,0.000368,-0.000107,-0.005471,-0.042142,0.061647,0.457858,1.905020,0.500000,1.966667,2,38.562794
25491.319736,1.943293,0.004360,-0.004854,0.006214,0.563310,-0.007020,0.000881,-0.028753,-0.042861,0.060170,0.457139,1.953164,0.500000,2.013333,2,38.610953
25491.325411,1.952909,0.003168,0.053378,0.003177,0.562191,0.008685,-0.000523,0.031656,-0.039469,0.054262,0.460531,2.009071,0.500000,2.063333,2,38.663044
25491.343532,1.964175,0.001940,0.087803,-0.001993,0.559470,-0.000513,0.000498,0.019614,-0.039795,0.067186,0.460205,2.049481,0.500000,2.116667,2,38.712725
25491.363518,1.971579,-0.000314,0.055085,-0.009258,0.559129,0.000436,0.000487,0.024869,-0.038174,0.064347,0.461826,2.098986,0.500000,2.163333,2,38.758972
25491.383521,1.980582,-0.002763,-0.024680,-0.018603,0.556730,0.000515,0.000621,0.032003,-0.028125,0.061899,0.471875,2.148101,0.500000,2.210000,2,38.807754
25491.420588,1.989318,-0.004974,-0.139808,-0.025973,0.552100,-0.006024,-0.000494,0.102699,-0.031345,0.063302,0.468655,2.196698,0.500000,2.260000,2,38.856723
25491.425846,1.997612,-0.006269,-0.266841,-0.042817,0.548403,0.007807,0.002937,-0.034962,-0.023130,0.055113,0.476870,2.254887,0.500000,2.310000,2,38.910037
25491.443520,2.007254,-0.005389,-0.375581,-0.065327,0.543311,0.000793,0.005304,0.171264,-0.019741,0.067874,0.480259,2.295460,0.500000,2.363333,2,38.959887
25491.463521,2.013114,-0.008388,-0.527387,-0.094476,0.539973,0.001639,0.003100,0.156191,-0.017411,0.067367,0.482589,2.345966,0.500000,2.413333,2,39.006204
25491.483526,2.018753,-0.016740,-0.873345,-0.125343,0.535160,0.001454,0.001726,0.083293,-0.016378,0.059852,0.483622,2.396815,0.500000,2.456667,2,39.056435
25491.519692,2.022174,-0.023396,-1.356045,-0.155310,0.530481,0.001199,-0.002708,0.349466,-0.014473,0.060074,0.484426,2.450254,0.500101,2.510026,2,39.107722
25491.525567,2.023706,-0.025646,-1.827790,-0.185968,0.526642,0.001664,0.006861,-0.230404,-0.004079,0.053459,0.493149,2.507430,0.503615,2.560013,2,39.162013
25491.543539,2.024504,-0.020582,-2.229285,-0.217560,0.521763,0.003684,0.003572,0.143062,-0.004018,0.062991,0.494749,2.552191,0.512857,2.612656,2,39.212979
25491.563532,2.022998,-0.019803,-2.502672,-0.244992,0.518380,0.003181,0.002309,0.094740,-0.006037,0.063602,0.500403,2.602573,0.526580,2.660852,2,39.259229
25491.583525,2.017835,-0.019260,-2.841639,-0.266726,0.515033,0.001471,0.000581,0.021078,-0.003180,0.059898,0.516295,2.651020,0.543682,2.704386,2,39.307397
25491.619947,2.008968,-0.017488,-3.187779,-0.280538,0.512370,0.010805,-0.005225,0.167998,-0.008598,0.060112,0.529036,2.701192,0.566431,2.749035,2,39.355566
25491.625711,1.998572,-0.012461,-3.455411,-0.291449,0.512049,-0.009976,0.006504,-0.146663,-0.009966,0.048586,0.555428,2.754523,0.591599,2.788459,2,39.406824
25531.461814,0.400000,0.020000,0.000000,-0.003559,0.510000,-0.032668,0.020535,0.013676,-0.008475,0.023609,1.496391,3.008475,1.520000,3.000000,0,0.536268
25531.494488,0.400000,0.020000,0.000000,-0.006578,0.520000,-0.122949,0.291542,1.521634,-0.019958,0.030192,1.503142,3.019958,1.533333,3.000000,0,0.538227
25531.500738,0.311380,0.290489,1.493829,-0.025337,0.530000,-0.144324,-0.235927,-1.557091,-0.010309,0.035060,1.501607,3.010309,1.536667,3.000000,0,0.538947
25531.536606,0.175951,-0.000243,-0.008920,-0.029875,0.540000,-0.048203,0.002197,0.054069,-0.009590,0.034066,1.502600,3.009590,1.536667,3.000000,0,0.538947
25531.542150,0.169190,-0.000412,-0.014422,-0.031732,0.550000,0.022028,-0.000038,-0.001458,-0.011622,0.029396,1.507270,3.011622,1.536667,3.000000,0,0.538947
25531.560749,0.197845,-0.000117,-0.004530,-0.034098,0.560000,-0.010384,0.001726,0.049558,-0.012027,0.026738,1.509929,3.012027,1.536667,3.000000,0,0.539381
25531.580743,0.209966,-0.001313,-0.030523,-0.036271,0.570000,-0.011296,0.000371,0.010070,-0.010625,0.024657,1.512010,3.010625,1.536667,3.000000,0,0.541449
25531.600773,0.223454,-0.003086,-0.081421,-0.037323,0.580000,-0.001667,0.000343,0.009075,-0.011179,0.023567,1.516433,3.011179,1.540000,3.000000,0,0.545800
25531.636647,0.247243,-0.003430,-0.091094,-0.038145,0.590000,-0.015257,0.000297,0.008915,-0.011357,0.021099,1.522235,3.011357,1.543333,3.000000,0,0.552145
25531.642959,0.278441,-0.004223,-0.111758,-0.038466,0.600000,0.031768,-0.000456,-0.013084,-0.012439,0.017443,1.532557,3.012439,1.550000,3.000000,0,0.561870
25531.660756,0.318558,-0.004881,-0.130732,-0.038819,0.610000,0.006913,-0.000091,-0.002487,-0.012457,0.019611,1.540389,3.012457,1.560000,3.000000,0,0.573413
25531.680746,0.349381,-0.005400,-0.145128,-0.038914,0.620000,-0.004338,0.000063,0.001824,-0.010950,0.027267,1.546067,3.010950,1.573333,3.000000,0,0.582426
25531.700748,0.372364,-0.005752,-0.155253,-0.037894,0.630000,-0.007472,0.000067,0.001731,-0.011512,0.027710,1.552290,3.011512,1.580000,3.000000,0,0.590050
25531.736972,0.392736,-0.005923,-0.160832,-0.036985,0.640000,-0.010505,0.000108,0.002957,-0.013408,0.024812,1.565188,3.013408,1.590000,3.000000,0,0.601657
25531.743277,0.433470,-0.006301,-0.172317,-0.036308,0.650000,0.026070,-0.000395,-0.011315,-0.013080,0.024444,1.575556,3.013080,1.600000,3.000000,0,0.615104
25531.760739,0.468621,-0.006722,-0.184814,-0.034886,0.660000,0.013161,-0.000198,-0.006441,-0.012303,0.024977,1.588356,3.012303,1.613333,3.000000,0,0.628484
25531.780739,0.507267,-0.006867,-0.191340,-0.032634,0.670000,-0.005637,-0.000074,-0.002681,-0.011867,0.030232,1.596435,3.011867,1.626667,3.000000,0,0.641723
25531.800752,0.531202,-0.006772,-0.190439,-0.029877,0.680000,0.010401,-0.000619,-0.017069,-0.011388,0.029456,1.610544,3.011388,1.640000,3.000000,0,0.655025
25531.841120,0.571670,-0.007005,-0.197676,-0.026291,0.690000,-0.023248,-0.000387,-0.014274,-0.012064,0.027425,1.625909,3.012064,1.653333,3.000000,0,0.671530
25531.847561,0.609604,-0.006514,-0.190297,-0.022974,0.698761,0.042310,-0.000462,-0.009797,-0.011896,0.021239,1.648761,3.011896,1.670000,3.000000,0,0.693352
25531.860724,0.661835,-0.006355,-0.184630,-0.019258,0.699940,-0.001052,-0.000750,-0.019950,-0.011499,0.036570,1.656763,3.011499,1.693333,3.000000,0,0.711649
25531.880700,0.680854,-0.005906,-0.176093,-0.015644,0.709724,0.017683,-0.001672,-0.045058,-0.010047,0.031041,1.678959,3.010047,1.710000,3.000000,0,0.729024
25531.900740,0.729412,-0.005912,-0.175603,-0.010839,0.712192,-0.004222,-0.001027,-0.034004,-0.010145,0.035102,1.691565,3.010145,1.726667,3.000000,0,0.749147
25531.941376,0.755980,-0.004336,-0.142463,-0.006465,0.720496,-0.027122,-0.000706,-0.029543,-0.009926,0.036637,1.710030,3.009926,1.746667,3.000000,0,0.767113
25531.946855,0.791623,-0.002571,-0.089665,-0.002773,0.728063,0.046583,-0.000069,0.007515,-0.007817,0.026806,1.739861,3.007817,1.766667,3.000000,0,0.792559
25531.960748,0.846777,-0.001902,-0.062158,0.001606,0.726463,-0.001827,-0.001178,-0.031712,-0.007763,0.039653,1.750347,3.007763,1.790000,3.000000,0,0.815239
25531.980747,0.866279,-0.001366,-0.049978,0.006269,0.733626,0.014349,-0.001025,-0.025415,-0.005345,0.035959,1.777374,3.005345,1.813333,3.000000,0,0.836334
25532.000773,0.911548,0.000277,0.000718,0.010300,0.734161,-0.006440,-0.002153,-0.058301,-0.004648,0.041257,1.792076,3.004648,1.833333,3.000000,0,0.859933
25532.037182,0.935725,0.000448,0.010844,0.014679,0.741498,-0.010216,-0.003801,-0.116467,-0.002127,0.034448,1.822219,3.002127,1.856667,3.000000,0,0.884455
25532.043111,0.981383,0.000480,0.014963,0.017772,0.741478,0.025597,-0.002045,-0.043228,-0.001266,0.037226,1.846107,3.001266,1.883333,3.000000,0,0.913108
25532.060757,1.015997,0.000489,0.016173,0.021426,0.743708,0.003412,-0.000398,-0.014702,-0.000143,0.043243,1.866757,3.000143,1.910000,3.000000,0,0.937860
25532.080748,1.046009,0.004946,0.128798,0.023644,0.748841,-0.000143,-0.000139,-0.005227,0.000888,0.048737,1.887930,2.999112,1.936667,3.000000,0,0.960811
25532.100743,1.076078,0.006797,0.208658,0.024666,0.755432,-0.022843,-0.000304,-0.017732,-0.000786,0.067832,1.892168,3.000786,1.960000,3.000000,0,0.976481
25532.137470,1.083604,0.007240,0.235042,0.025003,0.765432,-0.008930,-0.000086,-0.008895,0.000770,0.044358,1.928976,2.999230,1.973333,3.000000,0,0.997963
25532.142990,1.131219,0.007705,0.269353,0.024265,0.766686,0.044331,0.000149,0.016687,0.004856,0.025076,1.971591,2.995144,1.996667,3.000000,0,1.038026
25532.160747,1.184012,0.007809,0.288951,0.023643,0.761542,-0.000493,0.000110,0.003410,0.003726,0.044135,1.992532,2.996274,2.036667,3.000000,0,1.073310
25532.180747,1.209944,0.007564,0.290831,0.022330,0.764002,0.004811,0.000344,0.010582,0.004685,0.047241,2.022759,2.995315,2.070000,3.000000,0,1.101991
25532.200728,1.244393,0.007364,0.291919,0.021287,0.764870,0.004748,0.000624,0.018379,0.006080,0.047062,2.052938,2.993920,2.100000,3.000000,0,1.134248
25532.238329,1.278458,0.007292,0.296129,0.019800,0.765533,-0.021118,0.000621,0.023494,0.006537,0.050074,2.083260,2.993463,2.133333,3.000000,0,1.166904
25532.244236,1.311667,0.006615,0.287780,0.017623,0.766088,0.039616,-0.000122,-0.005300,0.008043,0.037208,2.129458,2.991957,2.166667,3.000000,0,1.206408
25532.260748,1.359803,0.005929,0.269601,0.014626,0.760854,-0.004963,0.000861,0.024044,0.006100,0.055908,2.147425,2.993900,2.203333,3.000000,0,1.241060
25532.280749,1.377907,0.005413,0.257190,0.011544,0.765302,0.004395,0.000635,0.024600,0.006149,0.059194,2.180806,2.993851,2.240000,3.000000,0,1.268754
25532.300749,1.410280,0.004121,0.224876,0.008970,0.767704,0.004038,0.000687,0.020287,0.005554,0.052806,2.213861,2.994446,2.266667,3.000000,0,1.302924
25532.337519,1.442070,0.003219,0.187780,0.005472,0.769983,-0.018686,0.001843,0.072327,0.005345,0.051397,2.248603,2.994655,2.300000,3.000000,0,1.339320
25532.343699,1.473727,0.003095,0.172928,0.002045,0.771208,0.030983,0.001278,0.025573,0.005799,0.043196,2.293471,2.994201,2.336667,3.000000,0,1.380764
25532.360723,1.513158,0.003074,0.168139,-0.002304,0.766089,0.008317,0.001158,0.034156,0.004756,0.050653,2.329347,2.995244,2.380000,3.000000,0,1.422854
25532.380752,1.544010,0.000660,0.105435,-0.007350,0.762670,-0.004413,0.001055,0.045853,0.001504,0.064532,2.355468,2.998496,2.420000,3.000000,0,1.456876
25532.400751,1.565491,-0.001397,0.034737,-0.010568,0.764787,0.009101,0.000860,0.015376,0.000461,0.057373,2.399294,2.999539,2.456667,3.000000,0,1.493511
25532.437621,1.600299,-0.002631,-0.055496,-0.012954,0.760585,-0.022097,0.001334,0.082410,-0.001452,0.062844,2.430489,3.001452,2.493333,3.000000,0,1.532123
25532.443512,1.624128,-0.002447,-0.083234,-0.017880,0.762122,0.027959,0.001680,0.017114,-0.002059,0.051123,2.478877,3.002059,2.530000,3.000000,0,1.573096
25532.460719,1.659411,-0.002056,-0.102575,-0.021669,0.756556,0.007161,0.000472,0.016971,-0.003804,0.051405,2.518595,3.003804,2.570000,3.000000,0,1.618762
25532.480753,1.687200,-0.005060,-0.193830,-0.025409,0.751860,-0.003335,0.000397,0.027984,-0.007483,0.069027,2.547639,3.007483,2.616667,3.000000,0,1.656384
25532.500749,1.707226,-0.006473,-0.274497,-0.027653,0.753026,0.008019,0.000736,0.008653,-0.009830,0.057845,2.595488,3.009830,2.653333,3.000000,0,1.695703
25532.538712,1.738367,-0.006456,-0.353001,-0.027980,0.747703,-0.021110,-0.000328,0.039641,-0.012636,0.063751,2.629582,3.012636,2.693333,3.000000,0,1.737563
25532.544556,1.759590,-0.006300,-0.387928,-0.029888,0.747862,0.028840,0.000788,-0.025090,-0.012467,0.046825,2.689842,3.012467,2.736667,3.000000,0,1.785883
25532.560731,1.794924,-0.005741,-0.430583,-0.029710,0.738888,-0.002630,-0.000037,0.005070,-0.016364,0.069191,2.714143,3.016364,2.783333,3.000000,0,1.830640
25532.580748,1.809419,-0.005778,-0.449111,-0.031376,0.738715,0.003421,0.000196,0.006063,-0.017803,0.072015,2.757985,3.017803,2.830000,3.000000,0,1.867547
25532.600754,1.833772,-0.005665,-0.476200,-0.032164,0.736933,0.002805,0.000133,0.003429,-0.019571,0.065028,2.801638,3.019571,2.866667,3.000000,0,1.911952
25532.638850,1.857049,-0.005455,-0.500662,-0.032010,0.734684,-0.014833,-0.000404,0.007580,-0.021297,0.063462,2.846538,3.021297,2.910000,3.000000,0,1.957067
25532.645644,1.880107,-0.005014,-0.518010,-0.031051,0.732223,0.025125,0.000440,-0.011741,-0.020556,0.044860,2.911807,3.020556,2.956667,3.000000,0,2.011829
25532.660761,1.911914,-0.004261,-0.530280,-0.025474,0.723595,-0.002178,-0.001302,-0.035967,-0.022616,0.073732,2.936268,3.022616,3.010000,3.000000,0,2.059241
25532.680750,1.923912,-0.003684,-0.527180,-0.023930,0.722663,0.003422,-0.000097,-0.007267,-0.024457,0.072412,2.984255,3.024457,3.056667,3.000000,0,2.097832
25532.700752,1.945830,-0.001541,-0.474889,-0.022395,0.719891,0.003000,-0.000107,-0.007360,-0.026415,0.064528,3.032138,3.026415,3.096667,3.000000,0,2.145890
25532.740671,1.966855,-0.000839,-0.434206,-0.021078,0.716245,-0.013915,0.000139,-0.025274,-0.027782,0.062296,3.081037,3.027782,3.143333,3.000000,0,2.195270
25532.746506,1.987641,-0.000564,-0.402468,-0.019346,0.711345,0.023021,-0.000332,0.013285,-0.024411,0.043721,3.149613,3.024411,3.193333,3.000000,0,2.253799
25532.760756,2.015635,-0.000644,-0.376274,-0.014507,0.701345,-0.000630,-0.001191,-0.036200,-0.027677,0.077529,3.175805,3.027677,3.253333,3.000000,0,2.303768
25532.780751,2.026446,-0.000434,-0.365451,-0.010937,0.698807,0.003370,-0.000866,-0.029083,-0.028306,0.077280,3.226054,3.028306,3.303333,3.000000,0,2.344481
25532.800746,2.045551,0.000994,-0.309018,-0.007073,0.693930,0.003199,-0.001914,-0.062345,-0.028483,0.067210,3.276124,3.028483,3.343333,3.000000,0,2.394173
25532.839847,2.063936,0.000829,-0.279338,-0.004378,0.688673,-0.009424,-0.002144,-0.138482,-0.030413,0.064704,3.328630,3.030413,3.393333,3.000000,0,2.445983
25532.845501,2.082893,0.000457,-0.265316,-0.002304,0.682754,0.021461,-0.001758,-0.029379,-0.027105,0.040904,3.402430,3.027105,3.443333,3.000000,0,2.509127
25532.860757,2.108337,0.000164,-0.258403,-0.002037,0.674165,0.002238,-0.000165,-0.009019,-0.031389,0.066014,3.440653,3.031389,3.506667,3.000000,0,2.567550
25532.880749,2.120613,0.002911,-0.182003,-0.008496,0.671722,0.000517,0.001775,0.041782,-0.032013,0.081974,3.484693,3.032013,3.566667,3.000000,0,2.611868
25532.900752,2.133907,0.003383,-0.120415,-0.019218,0.668230,0.002661,0.004458,0.144299,-0.032410,0.075026,3.534974,3.032410,3.610000,3.000000,0,2.658772
25532.940225,2.148825,0.002591,-0.074900,-0.034065,0.662731,-0.007290,0.007995,0.412652,-0.033291,0.069250,3.587417,3.033291,3.656667,3.000000,0,2.710207
25532.945612,2.163969,0.001624,-0.052390,-0.055559,0.655459,0.019566,0.005605,0.144555,-0.028321,0.042932,3.667068,3.028321,3.710000,3.000000,0,2.775585
25532.960755,2.186167,0.000734,-0.040110,-0.093033,0.645459,0.002535,0.010248,0.328491,-0.033728,0.074004,3.699329,3.033728,3.773333,3.000000,0,2.833193
25532.980754,2.193802,-0.008890,-0.265882,-0.129389,0.635459,0.009036,0.014928,0.478355,-0.032801,0.073870,3.756130,3.032801,3.830000,3.000000,0,2.879649
25533.000741,2.206658,-0.013564,-0.632106,-0.167683,0.625459,0.006929,0.009416,0.412263,-0.028308,0.071157,3.805509,3.028308,3.876667,3.000000,0,2.932075
25533.043759,2.213769,-0.021107,-1.106623,-0.198507,0.615459,0.006571,-0.009185,0.689234,-0.023636,0.069637,3.860363,3.023636,3.930000,3.000000,0,2.984260
25533.050139,2.215730,-0.028575,-1.880978,-0.211757,0.605459,0.004263,0.015059,-0.587414,-0.012869,0.033522,3.949811,3.012869,3.983333,3.000000,0,3.053142
25533.060724,2.218742,-0.013247,-2.696893,-0.208523,0.595459,0.001156,0.001593,-0.005052,-0.008179,0.076747,3.974505,3.013309,4.050048,2.997489,0,3.112002
25533.080725,2.217580,-0.004833,-2.871634,-0.204399,0.595638,0.003385,-0.002511,0.021740,0.004071,0.095427,4.015392,3.004792,4.109398,2.987885,0,3.149622
25533.100744,2.216346,0.006012,-3.041319,-0.195115,0.595357,0.002159,0.001621,-0.051079,0.012505,0.063322,4.080714,2.984919,4.144942,2.978531,0,3.203160
25533.139089,2.214031,0.021060,-3.171467,-0.185308,0.590388,0.007547,-0.005619,-0.067666,0.018009,0.059878,4.133037,2.967121,4.195195,2.960325,0,3.265776
25533.144934,2.211695,0.032425,-3.173790,-0.177783,0.586650,-0.001986,0.005201,0.031447,0.027817,0.058472,4.187404,2.937328,4.251927,2.931894,0,3.328337
25533.160749,2.208288,0.040651,-3.118922,-0.161178,0.581428,0.000424,-0.001843,-0.060646,0.030381,0.079042,4.223412,2.920567,4.304602,2.896507,0,3.383997
25533.180750,2.205329,0.043706,-3.056797,-0.151381,0.583363,0.001102,-0.003109,-0.131584,0.033698,0.092557,4.257637,2.899534,4.347596,2.859412,0,3.428545
25533.200751,2.203012,0.044421,-3.000850,-0.137944,0.585733,-0.000555,-0.001495,-0.066367,0.034106,0.074811,4.302668,2.862002,4.377477,2.827889,0,3.479612
25533.240021,2.200369,0.047084,-2.821611,-0.124687,0.581898,0.000881,0.005820,-0.216189,0.047227,0.077030,4.325386,2.824131,4.408401,2.788459,0,3.534460
25533.246726,2.199191,0.047120,-2.582557,-0.110566,0.578408,0.002309,-0.006768,0.118285,0.043856,0.071365,4.365718,2.781798,4.438475,2.740291,0,3.589931
25533.260746,2.201471,0.040537,-2.355968,-0.093744,0.571782,0.000662,-0.003081,-0.133461,0.036759,0.092490,4.392145,2.763380,4.461619,2.692113,0,3.637345
25533.280753,2.202972,0.037336,-2.254066,-0.083440,0.574790,-0.000939,-0.002263,-0.073494,0.054378,0.095462,4.398814,2.720542,4.478531,2.644942,0,3.677692
25533.300731,2.204233,0.034889,-1.976823,-0.070994,0.576526,-0.000088,-0.006491,-0.143583,0.037340,0.071120,4.437020,2.667707,4.488606,2.606134,0,3.729739
25533.336260,2.207360,0.026212,-1.783859,-0.073190,0.573348,-0.004230,0.003569,-0.207609,0.046377,0.081661,4.441438,2.632570,4.496775,2.556694,0,3.779630
25533.342840,2.209004,0.023515,-1.649039,-0.072185,0.575393,0.002852,-0.003657,0.127514,0.024467,0.067849,4.474583,2.574200,4.499955,2.506684,0,3.828276
25533.360751,2.213024,0.019365,-1.451271,-0.090359,0.573175,-0.000348,0.002123,0.064891,0.027231,0.079946,4.472769,2.536612,4.500000,2.456667,0,3.876432
25533.380755,2.214884,0.013557,-1.423942,-0.099845,0.573850,0.000288,0.001989,0.065384,0.016799,0.082960,4.483201,2.492960,4.500000,2.410000,0,3.918314
25533.400747,2.217239,0.007812,-1.489226,-0.105186,0.574136,0.002032,0.003227,0.095743,-0.003049,0.066592,4.503049,2.433258,4.500000,2.366667,0,3.969704
25533.436716,2.221158,0.006647,-1.545564,-0.112414,0.569555,-0.000716,-0.000097,0.153442,-0.009034,0.073978,4.509034,2.390645,4.500000,2.316667,0,4.022065
25533.442835,2.222553,0.003503,-1.669434,-0.111120,0.568096,0.001482,0.000438,-0.091350,-0.027727,0.079790,4.527727,2.343123,4.500000,2.263333,0,4.068164
25533.460748,2.224399,0.003540,-1.806473,-0.108015,0.566697,-0.000268,-0.000691,-0.010461,-0.033837,0.091763,4.533837,2.308430,4.500000,2.216667,0,4.110219
25533.480749,2.225350,0.006029,-1.865748,-0.100854,0.566232,0.000454,-0.000914,-0.050903,-0.048223,0.072868,4.548223,2.246201,4.500000,2.173333,0,4.158329
25533.500743,2.227500,0.009979,-1.891636,-0.094552,0.560616,-0.000811,-0.003117,-0.092046,-0.048803,0.082890,4.548803,2.209557,4.500000,2.126667,0,4.208003
25533.536539,2.228272,0.011556,-1.897085,-0.083685,0.559513,-0.001665,-0.004914,-0.262862,-0.061386,0.071396,4.561386,2.148063,4.500000,2.076667,0,4.257627
25533.543836,2.230155,0.013015,-1.895919,-0.071598,0.554580,0.000248,-0.004581,-0.111060,-0.064618,0.071310,4.564618,2.097977,4.500000,2.026667,0,4.312527
25533.560745,2.231333,0.013457,-1.897249,-0.056383,0.552517,-0.000220,-0.003726,-0.125939,-0.067788,0.074650,4.567788,2.047984,4.500000,1.973333,0,4.363572
25533.580747,2.233546,0.021242,-1.683362,-0.044566,0.549135,-0.000565,-0.006306,-0.208592,-0.070733,0.078395,4.570733,1.998395,4.500000,1.920000,0,4.413868
25533.600726,2.235824,0.021339,-1.484504,-0.033877,0.546473,-0.000556,-0.008952,-0.296594,-0.067741,0.075219,4.567741,1.945219,4.500000,1.870000,0,4.464869
25533.636674,2.238288,0.017517,-1.368846,-0.021159,0.543035,-0.003425,-0.008441,-0.632517,-0.062826,0.075541,4.562826,1.895541,4.500000,1.820000,0,4.516588
25533.642257,2.240503,0.013694,-1.306018,-0.006462,0.540506,0.001566,-0.009961,-0.161943,-0.061988,0.072685,4.561988,1.842685,4.500000,1.770000,0,4.567945
25533.660743,2.242960,0.010706,-1.286303,0.006493,0.537017,-0.000611,-0.007052,-0.328777,-0.050771,0.086593,4.550771,1.803260,4.500000,1.716667,0,4.614963
25533.680746,2.244973,0.021228,-1.001659,0.015524,0.535688,0.000541,-0.002192,-0.073636,-0.050008,0.079409,4.550008,1.749409,4.500000,1.670000,0,4.662117
25533.700746,2.248199,0.027795,-0.455386,0.012975,0.532586,0.000825,-0.001613,-0.054316,-0.048967,0.073638,4.548967,1.696971,4.500000,1.623333,0,4.714630
25533.736730,2.251816,0.020649,-0.144234,0.009794,0.527983,-0.000350,0.002865,-0.083771,-0.047768,0.064390,4.547768,1.634390,4.500000,1.570000,0,4.771755
25533.742672,2.256192,0.010949,0.032594,0.003803,0.519764,0.003325,-0.003228,0.044175,-0.053140,0.064812,4.553140,1.578146,4.500000,1.513333,0,4.831100
25533.760748,2.260156,0.005454,0.092296,-0.006741,0.512635,0.000575,0.001723,0.061183,-0.051026,0.087782,4.551026,1.541115,4.500000,1.453333,0,4.879178
25533.780746,2.262211,0.000896,0.070922,-0.016328,0.507286,0.000970,0.002357,0.078927,-0.051674,0.082069,4.551674,1.488736,4.500000,1.406667,0,4.924306
25533.800748,2.264385,-0.002650,-0.019610,-0.029407,0.501715,0.001414,0.005544,0.185614,-0.052251,0.077139,4.552251,1.437139,4.500000,1.360000,0,4.975405
25533.836885,2.266431,-0.002604,-0.078346,-0.046798,0.495662,0.002303,0.007956,0.508389,-0.054084,0.075199,4.554084,1.385199,4.500000,1.310000,0,5.027200
25533.842582,2.268442,-0.001640,-0.112404,-0.071728,0.486655,0.003279,0.008695,0.163126,-0.057775,0.063337,4.557775,1.320003,4.500000,1.256667,0,5.084724
25533.860723,2.271064,-0.000250,-0.122363,-0.111728,0.476655,0.002963,0.005499,0.275447,-0.056233,0.069036,4.556233,1.269036,4.500000,1.200000,0,5.142094
25533.880750,2.269169,-0.017314,-0.571259,-0.135865,0.466655,0.003419,0.003625,0.242534,-0.054444,0.086885,4.554444,1.230219,4.500000,1.143333,0,5.188418
25533.900749,2.265573,-0.023976,-1.112932,-0.147408,0.459782,0.004211,0.006446,0.208856,-0.052288,0.081432,4.552288,1.178098,4.500000,1.096667,0,5.233071
25533.937731,2.262101,-0.017143,-1.547775,-0.163037,0.457935,0.013140,0.000809,0.576458,-0.048787,0.071726,4.548787,1.125059,4.500000,1.053333,0,5.283362
25533.943835,2.258737,-0.006652,-1.785534,-0.188720,0.456216,-0.000452,0.013458,0.047086,-0.045277,0.060934,4.545277,1.060934,4.500000,1.000000,0,5.338961
25533.960748,2.254577,0.003904,-1.913587,-0.228720,0.446216,0.005115,0.004154,0.176356,-0.028721,0.077432,4.533961,1.020672,4.497155,0.946741,0,5.389028
25533.980753,2.245787,-0.001706,-2.205755,-0.252939,0.436216,0.003283,0.001580,0.045973,-0.021805,0.078455,4.526797,0.969656,4.489349,0.897349,0,5.433296
25534.000743,2.230400,-0.004113,-2.673755,-0.262302,0.433223,0.004096,0.002286,0.066117,-0.013482,0.074029,4.512942,0.922320,4.478621,0.855356,0,5.480803
25534.038781,2.215177,0.002914,-3.001015,-0.271205,0.432078,0.023703,-0.005658,0.256650,-0.010309,0.075118,4.500105,0.873696,4.461780,0.808273,0,5.528351
25534.044877,2.199871,0.012897,-3.206908,-0.281914,0.432219,-0.015873,0.011298,-0.078137,0.000247,0.051998,4.466003,0.812120,4.441891,0.766050,0,5.585536
25534.060754,2.177369,0.025842,-3.359254,-0.284556,0.429342,0.005273,-0.000397,0.035175,0.005989,0.079074,4.452308,0.786186,4.412582,0.717553,0,5.636310
25534.080750,2.164621,0.028165,-3.439589,-0.288450,0.431541,0.001009,0.000303,0.005613,-0.001819,0.080736,4.435731,0.738315,4.382307,0.677755,0,5.675408
25534.100759,2.142734,0.032109,-3.551931,-0.291264,0.434704,0.000261,0.000184,0.006565,0.004439,0.073828,4.404106,0.703808,4.355318,0.648220,0,5.720307
25534.138933,2.120038,0.035670,-3.627961,-0.287231,0.434144,0.021216,-0.000813,0.034252,0.001518,0.071861,4.375094,0.663915,4.320968,0.616621,0,5.766727
25534.144450,2.098362,0.038506,-3.672457,-0.289092,0.437877,-0.024807,0.000807,-0.023045,-0.001951,0.054682,4.329947,0.617796,4.283821,0.588362,0,5.819080
25534.160762,2.067366,0.039702,-3.706184,-0.287885,0.435979,0.004805,0.000280,0.002573,0.001317,0.076230,4.307417,0.600012,4.241286,0.562072,0,5.864991
25534.180752,2.054275,0.039185,-3.717272,-0.288685,0.439229,-0.000343,-0.000059,-0.001753,-0.007896,0.083719,4.279323,0.567627,4.199400,0.541481,0,5.899126
25534.200746,2.032429,0.037350,-3.732231,-0.288102,0.442810,-0.000531,-0.000108,-0.002460,-0.005825,0.069534,4.235830,0.547144,4.168396,0.529210,0,5.939527
25534.238354,2.011167,0.034569,-3.743802,-0.287368,0.443121,0.016966,0.003380,0.006588,-0.012987,0.073195,4.204266,0.523777,4.130215,0.517254,0,5.980102
25534.243884,1.990908,0.031260,-3.752185,-0.287149,0.446482,-0.018712,-0.003784,-0.012319,-0.014456,0.066599,4.156022,0.505270,4.087919,0.507790,0,6.021346
25534.260750,1.966814,0.026459,-3.766571,-0.285002,0.445763,0.001312,0.000318,0.001255,-0.015849,0.075897,4.125356,0.493891,4.048282,0.502337,0,6.060196
25534.280760,1.952656,0.023486,-3.771301,-0.286447,0.449723,-0.000066,0.000094,0.001882,-0.016071,0.075794,4.084388,0.485264,4.008337,0.500070,0,6.094879
25534.300751,1.934870,0.019457,-3.780863,-0.287154,0.453403,0.000302,0.000268,0.005346,-0.017893,0.071411,4.045425,0.479184,3.974998,0.500626,0,6.132402
25534.338419,1.918249,0.015607,-3.790551,-0.289187,0.457271,0.012982,0.003309,0.022468,-0.017260,0.069511,4.005317,0.478117,3.938459,0.503802,0,6.169459
25534.344200,1.901057,0.011542,-3.807312,-0.285907,0.458424,-0.016964,-0.003722,-0.013804,-0.018638,0.049383,3.947036,0.481715,3.902250,0.509648,0,6.214906
25534.360764,1.879611,0.006734,-3.825774,-0.286298,0.458103,0.003637,0.000864,0.005700,-0.019003,0.073604,3.922045,0.481632,3.856953,0.520899,0,6.254192
25534.380751,1.871135,0.004769,-3.834921,-0.287579,0.461270,-0.003037,-0.000528,-0.002017,-0.016810,0.064456,3.873113,0.494880,3.819105,0.533870,0,6.290042
25534.400752,1.853906,0.000967,-3.857084,-0.283202,0.458948,0.002896,0.000513,0.000302,-0.016846,0.072800,3.843948,0.501926,3.785422,0.548385,0,6.328091
25534.438443,1.843505,-0.001107,-3.866983,-0.283842,0.461511,0.010455,0.001953,0.003011,-0.017537,0.070174,3.805232,0.515403,3.752894,0.565329,0,6.361713
25534.444237,1.830137,-0.003841,-3.883045,-0.280566,0.463478,-0.013936,-0.002816,-0.017219,-0.023012,0.046150,3.750302,0.538132,3.724472,0.582766,0,6.406968
25534.460748,1.812703,-0.007218,-3.900703,-0.275150,0.460127,0.002187,-0.000007,-0.011646,-0.018739,0.074261,3.732910,0.549147,3.686767,0.610275,0,6.444791
25534.480722,1.805802,-0.008291,-3.900070,-0.270285,0.463126,-0.003237,-0.001498,-0.028638,-0.023118,0.062138,3.688726,0.575003,3.659041,0.634285,0,6.479348
25534.500747,1.792470,-0.010827,-3.901253,-0.257548,0.460319,-0.000017,-0.001917,-0.064581,-0.018126,0.069589,3.669831,0.594678,3.635424,0.657824,0,6.516202
25534.538336,1.783917,-0.012436,-3.899464,-0.245526,0.463591,0.002661,-0.002630,-0.181449,-0.018557,0.071596,3.641936,0.618140,3.611322,0.685469,0,6.547203
25534.543686,1.773688,-0.014479,-3.897616,-0.230856,0.467924,-0.010687,-0.004484,-0.053534,-0.017516,0.061585,3.612366,0.651639,3.591223,0.712075,0,6.585094
25534.560726,1.761819,-0.017108,-3.900834,-0.210359,0.468777,-0.002449,-0.001535,-0.047956,-0.016085,0.063310,3.589987,0.680248,3.571216,0.742815,0,6.623772
25534.580753,1.757607,-0.011153,-3.708457,-0.194601,0.473039,-0.001197,-0.002621,-0.119858,-0.011621,0.076644,3.575656,0.704091,3.552026,0.777921,0,6.656384
25534.600755,1.755428,-0.009489,-3.523327,-0.181794,0.478776,-0.001847,-0.002319,-0.087266,-0.009206,0.071128,3.558742,0.736103,3.539509,0.805197,0,6.688168
25534.639969,1.753885,-0.009239,-3.294496,-0.170176,0.483683,-0.001759,0.003061,-0.219229,-0.008363,0.067939,3.541887,0.769389,3.527549,0.836323,0,6.723835
25534.645465,1.754666,-0.009456,-3.033233,-0.159855,0.487596,0.001030,-0.005382,0.166483,-0.005705,0.055694,3.525634,0.816108,3.516822,0.871396,0,6.765854
25534.660762,1.756399,-0.014369,-2.780799,-0.145519,0.486141,-0.001448,-0.002734,-0.105365,0.000458,0.074900,3.521953,0.836834,3.508086,0.910440,0,6.801761
25534.680751,1.757666,-0.015434,-2.687811,-0.131521,0.492551,-0.002065,-0.007037,-0.175838,0.003078,0.068726,3.513226,0.878734,3.502845,0.946741,0,6.834309
25534.700752,1.760415,-0.018365,-2.564568,-0.114110,0.497156,-0.003019,-0.004026,-0.180329,0.009509,0.074390,3.512878,0.906045,3.500400,0.979995,0,6.869484
25534.739777,1.763596,-0.013769,-2.378888,-0.098661,0.502897,-0.007138,-0.002188,-0.328077,0.006770,0.070748,3.506770,0.942586,3.500000,1.013333,0,6.902825
25534.745551,1.769309,-0.010232,-2.094608,-0.084866,0.507204,0.004773,-0.006206,0.060555,0.006280,0.050487,3.506280,0.996180,3.500000,1.046667,0,6.946906
25534.760748,1.776329,-0.013205,-1.902310,-0.065950,0.505933,-0.001704,-0.004135,-0.153903,0.007890,0.077255,3.507890,1.016078,3.500000,1.093333,0,6.984807
25534.780747,1.780739,-0.007860,-1.712051,-0.047371,0.511576,-0.000950,-0.004901,-0.145572,0.006364,0.075178,3.506364,1.054822,3.500000,1.130000,0,7.015870
25534.800749,1.788181,-0.003007,-1.371522,-0.032197,0.514608,-0.000985,-0.003530,-0.146611,0.007326,0.067390,3.507326,1.092610,3.500000,1.160000,0,7.054143
25534.839795,1.795698,0.000497,-1.074673,-0.017552,0.516704,-0.008247,0.000620,-0.268214,0.006321,0.069283,3.506321,1.130717,3.500000,1.200000,0,7.092597
25534.845612,1.803955,0.004564,-0.723618,-0.004764,0.517526,0.009518,-0.003709,0.173739,-0.001461,0.042801,3.498539,1.193866,3.500000,1.236667,0,7.141749
25534.860752,1.815948,0.002920,-0.425648,0.010063,0.513061,-0.001114,-0.002668,-0.109771,-0.000204,0.072919,3.499796,1.213748,3.500000,1.286667,0,7.184956
25534.880745,1.820888,0.005023,-0.285545,0.028124,0.513455,0.000457,-0.004710,-0.142614,-0.000447,0.075237,3.499553,1.254763,3.500000,1.330000,0,7.217438
25534.900750,1.829006,0.007319,-0.043641,0.050115,0.512539,0.001141,-0.010561,-0.319483,-0.003197,0.066732,3.496803,1.296601,3.500000,1.363333,0,7.258099
25534.939812,1.837095,0.005560,0.074712,0.077360,0.510742,-0.003463,-0.017062,-0.835893,-0.001843,0.066160,3.498157,1.337174,3.500000,1.403333,0,7.300124
25534.945100,1.845029,0.003776,0.128632,0.113607,0.507762,0.010608,-0.011653,-0.205725,-0.006499,0.047768,3.493501,1.398898,3.500000,1.446667,0,7.350455
25534.960752,1.856188,0.002327,0.156685,0.153607,0.497762,0.001958,-0.003493,-0.131824,-0.007366,0.069405,3.492634,1.427261,3.500000,1.496667,0,7.396811
25534.980746,1.857005,0.026794,0.801395,0.178899,0.489451,0.001272,-0.000956,-0.041160,-0.015237,0.074376,3.489388,1.467975,3.498113,1.543393,0,7.434611
25535.000744,1.855847,0.040689,1.637111,0.191578,0.486692,0.001554,-0.002031,-0.058156,-0.020735,0.064804,3.483463,1.512583,3.493580,1.579867,0,7.478400
25535.036787,1.855379,0.039700,2.199269,0.205563,0.486877,0.004774,0.000015,-0.343628,-0.032734,0.056886,3.466974,1.559233,3.484786,1.622402,0,7.526387
25535.042730,1.855863,0.033547,2.513637,0.218834,0.485975,0.001482,-0.007211,0.039963,-0.030505,0.063348,3.463657,1.597265,3.471228,1.667166,0,7.572229
25535.060746,1.856088,0.027204,2.674627,0.232645,0.488917,0.002342,-0.002645,-0.078157,-0.034332,0.065049,3.449784,1.637010,3.453545,1.710467,0,7.614997
25535.080747,1.853613,0.028072,2.891099,0.239318,0.490474,0.001516,-0.000871,-0.021622,-0.034026,0.058432,3.433166,1.681419,3.433569,1.749035,0,7.661391
25535.100737,1.849575,0.028447,3.136786,0.240858,0.491944,0.001299,-0.001070,-0.028143,-0.034464,0.058607,3.414062,1.720705,3.408401,1.788459,0,7.709353
25535.138799,1.845583,0.025514,3.294013,0.238456,0.494538,0.005327,0.001837,-0.081857,-0.035254,0.059260,3.391452,1.757421,3.379660,1.825359,0,7.756245
25535.144390,1.841539,0.021945,3.386658,0.232581,0.497198,-0.004000,-0.002622,0.039509,-0.033159,0.052440,3.362240,1.799120,3.347596,1.859412,0,7.805329
25535.160750,1.836351,0.018393,3.443261,0.224189,0.499195,-0.000024,0.001023,0.028782,-0.032526,0.065241,3.340918,1.826440,3.309875,1.892400,0,7.850588
25535.180746,1.833491,0.016689,3.461020,0.212286,0.504378,-0.001757,0.002933,0.086216,-0.031865,0.067395,3.311090,1.856252,3.271852,1.919638,0,7.891416
25535.200721,1.829638,0.015342,3.469447,0.196839,0.509023,-0.003483,0.005536,0.160899,-0.029176,0.064175,3.279987,1.883928,3.237355,1.940071,0,7.933944
25535.240506,1.825778,0.014674,3.468316,0.178119,0.514346,-0.002788,0.002505,0.292753,-0.028318,0.062978,3.244853,1.908041,3.198267,1.959010,0,7.977508
25535.246340,1.825427,0.007951,3.309527,0.158873,0.518211,0.000740,0.000822,-0.140151,-0.024583,0.056471,3.203520,1.933347,3.157684,1.974485,0,8.024401
25535.260726,1.827184,0.005026,3.055157,0.139814,0.519375,-0.000374,0.002766,0.075585,-0.024226,0.066934,3.172411,1.948459,3.112656,1.987143,0,8.067131
25535.280749,1.829894,0.002464,2.847696,0.121570,0.523380,0.000428,0.000820,0.046779,-0.020317,0.067811,3.134256,1.965477,3.069954,1.995082,0,8.106049
25535.300751,1.835660,-0.001727,2.478390,0.104818,0.525986,-0.000691,0.004006,0.122103,-0.016921,0.062000,3.094128,1.977859,3.033396,1.998883,0,8.148113
25535.339451,1.841012,0.001176,2.217082,0.089178,0.528598,-0.006495,-0.001862,0.281160,-0.011676,0.064590,3.054590,1.988324,2.990000,2.000000,0,8.190593
25535.345115,1.847670,-0.000223,1.921176,0.076342,0.531129,0.006021,0.004042,-0.157410,-0.001138,0.059795,3.006462,1.998862,2.946667,2.000000,0,8.235132
25535.360749,1.855864,0.002160,1.645546,0.067814,0.530556,-0.001559,0.002062,0.095372,0.007060,0.078232,2.981565,2.007060,2.903333,2.000000,0,8.272930
25535.380746,1.860304,0.002069,1.514258,0.066251,0.532156,0.000946,0.002994,0.060257,0.015105,0.065780,2.932447,2.015105,2.866667,2.000000,0,8.310410
25535.400753,1.868914,0.004330,1.353931,0.068439,0.529374,0.000148,0.000400,0.021219,0.020014,0.064041,2.890708,2.020014,2.826667,2.000000,0,8.355800
25535.439275,1.876364,0.004887,1.255771,0.072218,0.524335,-0.005325,-0.001894,-0.014340,0.024004,0.063987,2.847320,2.024004,2.783333,2.000000,0,8.399444
25535.444810,1.883909,0.005693,1.187649,0.077285,0.516785,0.005773,-0.000385,-0.042398,0.026906,0.063792,2.803792,2.026906,2.740000,2.000000,0,8.442886
25535.460748,1.891309,0.006631,1.155831,0.084360,0.506785,0.002528,-0.001640,-0.051169,0.027538,0.064154,2.760821,2.027538,2.696667,2.000000,0,8.486606
25535.480752,1.897717,0.009155,1.194574,0.093186,0.496785,0.001083,-0.000840,-0.041235,0.029001,0.063746,2.717079,2.029001,2.653333,2.000000,0,8.530037
25535.500740,1.902640,0.012854,1.314612,0.103856,0.486785,0.001568,-0.002550,-0.076616,0.028075,0.065542,2.672208,2.028075,2.606667,2.000000,0,8.574189
25535.536811,1.906966,0.013525,1.427682,0.117926,0.476785,0.001808,-0.005044,-0.291637,0.022914,0.062525,2.625858,2.022914,2.563333,2.000000,0,8.619856
25535.542701,1.911389,0.012305,1.489476,0.136752,0.466785,0.004778,-0.005458,-0.078054,0.016809,0.059979,2.579979,2.016809,2.520000,2.000000,0,8.665805
25535.560740,1.915822,0.010974,1.521012,0.160513,0.456785,0.003808,-0.004379,-0.169676,0.006808,0.061951,2.534774,2.009395,2.473276,1.999285,0,8.711175
25535.580737,1.916478,0.019280,1.756066,0.180779,0.446787,0.002777,-0.003441,-0.100345,-0.004498,0.063806,2.490515,1.999503,2.426738,1.994604,0,8.756645
25535.600742,1.914052,0.024793,2.121130,0.196166,0.438619,0.004676,-0.006058,-0.177184,-0.011779,0.060904,2.446065,1.989039,2.384090,1.986379,0,8.803203
25535.638720,1.912326,0.022706,2.345822,0.211402,0.432000,0.013281,-0.006480,-0.467558,-0.018166,0.061448,2.403174,1.975988,2.339148,1.973420,0,8.850341
25535.644566,1.910920,0.018864,2.468224,0.224977,0.424945,0.001148,-0.007176,-0.045696,-0.022576,0.056638,2.353469,1.957897,2.292569,1.954942,0,8.899982
25535.660744,1.909041,0.014990,2.538543,0.237880,0.416998,0.002926,-0.001858,-0.056085,-0.026218,0.064060,2.319573,1.942740,2.250965,1.933569,0,8.947204
25535.680742,1.902399,0.021719,2.780776,0.239699,0.413146,0.002839,-0.001772,-0.047730,-0.030064,0.067420,2.281134,1.921287,2.208818,1.906464,0,8.991298
25535.700742,1.893847,0.023295,3.034207,0.234101,0.411080,0.002337,-0.001226,-0.031854,-0.031148,0.064838,2.244142,1.898200,2.174641,1.879660,0,9.037013
25535.739302,1.885662,0.020878,3.199394,0.222535,0.410668,0.009863,0.002776,-0.031755,-0.032917,0.065610,2.209862,1.871874,2.140588,1.847596,0,9.081954
25535.745111,1.877543,0.017597,3.297899,0.204839,0.411184,-0.007737,-0.001022,0.070156,-0.033454,0.056044,2.173071,1.837526,2.111778,1.815093,0,9.130645
25535.760758,1.867657,0.014355,3.358710,0.179235,0.411320,-0.001539,0.004278,0.120366,-0.035806,0.068409,2.149686,1.812147,2.082188,1.774651,0,9.176790
25535.780744,1.862129,0.010418,3.314470,0.148954,0.414293,-0.004363,0.010872,0.325215,-0.038673,0.070978,2.125787,1.778972,2.058352,1.734408,0,9.217997
25535.800742,1.855053,0.008731,3.253725,0.111080,0.417678,-0.007024,0.019928,0.596960,-0.041295,0.067595,2.105703,1.743946,2.040990,1.698267,0,9.260929
25535.840402,1.848020,0.009313,3.206264,0.071080,0.421907,-0.009666,0.027196,1.467635,-0.041349,0.065647,2.085457,1.706940,2.025515,1.657684,0,9.304423
25535.846173,1.840949,0.010892,3.173548,0.031080,0.425145,-0.009833,0.021399,0.401784,-0.040385,0.057281,2.066184,1.662269,2.013621,1.615910,0,9.350857
25535.860758,1.832174,0.013106,3.149006,-0.008920,0.415145,-0.003815,0.016751,0.549955,-0.039416,0.066870,2.053301,1.630652,2.004918,1.569954,0,9.393711
25535.880742,1.829375,-0.014101,2.509001,-0.048920,0.405676,0.001867,0.009488,0.276163,-0.035259,0.066708,2.039488,1.591452,2.000715,1.526724,0,9.432626
25535.900742,1.830052,-0.038249,1.196899,-0.075076,0.396546,0.003163,0.016724,0.500014,-0.027023,0.062467,2.028169,1.551887,1.999899,1.489974,0,9.473188
25535.937837,1.831500,-0.028899,0.455140,-0.101804,0.393675,0.005877,0.018077,1.200166,-0.009723,0.064444,2.013613,1.513099,1.997489,1.449952,0,9.512777
25535.943540,1.833514,-0.016814,0.094396,-0.131729,0.392423,0.003915,0.017908,0.179992,0.003225,0.064783,2.000335,1.474561,1.991879,1.410252,0,9.553129
25535.960755,1.835748,-0.008929,-0.058361,-0.164805,0.392475,0.002069,0.003299,0.115802,0.013536,0.063881,1.986493,1.436340,1.983107,1.371129,0,9.595013
25535.980745,1.830909,-0.033615,-0.885112,-0.175272,0.391083,0.001179,0.001702,0.048720,0.022493,0.065344,1.971210,1.398786,1.970100,1.329688,0,9.637279
25536.000744,1.825116,-0.041827,-1.681631,-0.182901,0.393680,0.001667,0.003309,0.096488,0.029445,0.067254,1.955145,1.362933,1.953545,1.289533,0,9.679719
25536.039238,1.820863,-0.038012,-2.140210,-0.190214,0.398888,0.007030,0.000801,0.338806,0.033261,0.065239,1.938386,1.327030,1.935224,1.253869,0,9.721795
25536.045019,1.817278,-0.032080,-2.378734,-0.197046,0.405607,-0.002293,0.006736,-0.032127,0.037874,0.057810,1.913713,1.286122,1.912221,1.217026,0,9.767199
25536.060742,1.813155,-0.026396,-2.509918,-0.201960,0.409818,0.000522,0.000674,0.022812,0.042951,0.068583,1.894919,1.259924,1.883975,1.179745,0,9.810761
25536.080747,1.808621,-0.029363,-2.687033,-0.203349,0.417182,0.000276,0.000087,0.002448,0.046427,0.067317,1.869236,1.228109,1.854733,1.147630,0,9.851401
25536.100776,1.803326,-0.029818,-2.870048,-0.201406,0.423704,-0.000066,-0.000080,-0.003548,0.048426,0.064941,1.843158,1.199369,1.825359,1.120340,0,9.893925
25536.140208,1.798584,-0.027819,-2.975330,-0.197962,0.430890,0.003640,-0.001646,0.007311,0.049449,0.064602,1.814902,1.171357,1.791182,1.093536,0,9.936365
25536.145711,1.794526,-0.025213,-3.017108,-0.194414,0.438044,-0.003881,0.001035,-0.013357,0.046277,0.055874,1.781711,1.139965,1.757678,1.071512,0,9.981230
25536.160743,1.789790,-0.023315,-3.029361,-0.190463,0.443750,-0.000472,-0.000267,-0.009610,0.045572,0.066489,1.756710,1.119178,1.716512,1.049309,0,10.022613
25536.180743,1.787441,-0.021863,-3.008513,-0.186871,0.451309,-0.000569,-0.000675,-0.019814,0.042334,0.062924,1.723209,1.095530,1.679704,1.033410,0,10.061677
25536.200739,1.785031,-0.021063,-2.973616,-0.182107,0.458401,-0.001442,-0.001600,-0.045846,0.038612,0.061007,1.689299,1.074833,1.641741,1.020511,0,10.103158
25536.240502,1.782539,-0.021307,-2.949222,-0.175110,0.465425,-0.000734,-0.000396,-0.095335,0.032615,0.061683,1.656520,1.055304,1.602866,1.010696,0,10.142155
25536.246633,1.781568,-0.019603,-2.878604,-0.167676,0.472371,-0.000538,-0.000814,0.044859,0.022538,0.053635,1.613678,1.033177,1.563330,1.004027,0,10.183422
25536.260745,1.781357,-0.019276,-2.790612,-0.160365,0.477198,-0.000537,-0.001122,-0.029386,0.016392,0.063897,1.583235,1.019343,1.520047,1.000402,0,10.223353
25536.280749,1.782048,-0.018405,-2.721479,-0.153120,0.484396,-0.000106,-0.000349,-0.017078,0.003948,0.063073,1.543073,1.003948,1.480000,1.000000,0,10.260853
25536.300743,1.784480,-0.016424,-2.589650,-0.146411,0.490158,-0.000691,-0.001397,-0.040679,-0.008172,0.060923,1.504256,0.991828,1.443333,1.000000,0,10.301281
25536.339376,1.786894,-0.016801,-2.492524,-0.139429,0.496149,-0.003865,0.000208,-0.106190,-0.020135,0.062247,1.465580,0.979865,1.403333,1.000000,0,10.341486
25536.345112,1.790240,-0.015821,-2.383981,-0.133666,0.502485,0.003035,-0.001177,0.059192,-0.031898,0.056807,1.420140,0.968102,1.363333,1.000000,0,10.384659
25536.360747,1.794597,-0.016211,-2.279672,-0.128962,0.506982,-0.000491,-0.001086,-0.028887,-0.039168,0.066629,1.386629,0.960832,1.320000,1.000000,0,10.425135
25536.380744,1.797961,-0.015974,-2.214664,-0.127863,0.514414,-0.000896,-0.001342,-0.039856,-0.046988,0.062893,1.342893,0.953012,1.280000,1.000000,0,10.464111
25536.400742,1.802332,-0.016550,-2.164293,-0.128897,0.520344,-0.001147,-0.001098,-0.032250,-0.054028,0.062608,1.302608,0.945972,1.240000,1.000000,0,10.506307
25536.436711,1.806632,-0.017228,-2.139570,-0.130775,0.525777,-0.004896,-0.000122,-0.019541,-0.057430,0.060351,1.260351,0.942570,1.200000,1.000000,0,10.548017
25536.442321,1.811649,-0.017140,-2.117221,-0.134936,0.530725,0.004040,0.000486,0.020399,-0.059783,0.061027,1.217694,0.940217,1.156667,1.000000,0,10.590617
25536.460745,1.817214,-0.017020,-2.099717,-0.142107,0.535234,0.000381,0.000543,0.024069,-0.061571,0.062673,1.176006,0.938429,1.113333,1.000000,0,10.633131
25536.480720,1.822224,-0.018901,-2.138831,-0.152633,0.539390,0.000473,0.000549,0.024232,-0.060187,0.057260,1.130593,0.939813,1.073333,1.000000,0,10.675646
25536.500722,1.827173,-0.021297,-2.236715,-0.164115,0.542485,0.000730,0.002339,0.069117,-0.059256,0.056635,1.086635,0.940744,1.030000,1.000000,0,10.718905
25536.538781,1.831746,-0.021442,-2.322725,-0.179906,0.546015,-0.000740,0.004614,0.279356,-0.055195,0.057148,1.042285,0.943476,0.986633,1.000179,0,10.761176
25536.545584,1.836464,-0.020253,-2.373176,-0.199043,0.549211,0.005668,0.005374,0.072244,-0.046874,0.050162,0.987830,0.950965,0.943306,1.003225,0,10.806454
25536.560758,1.842333,-0.018667,-2.405325,-0.220902,0.548723,0.001796,0.001868,0.061745,-0.041287,0.059142,0.950140,0.957780,0.900407,1.010019,0,10.849599
25536.580747,1.843021,-0.025986,-2.617716,-0.236644,0.550763,0.001847,0.001993,0.055396,-0.037181,0.061569,0.906762,0.967401,0.858259,1.020511,0,10.888540
25536.600752,1.842815,-0.029897,-2.910755,-0.246075,0.551969,0.002653,0.003249,0.091833,-0.032920,0.060821,0.865221,0.980830,0.820296,1.033410,0,10.929699
25536.638214,1.843107,-0.027987,-3.104392,-0.252577,0.553706,0.005498,0.001618,0.253406,-0.033161,0.059234,0.822522,0.993768,0.783488,1.049309,0,10.971383
25536.643965,1.843503,-0.024365,-3.221293,-0.258594,0.557002,0.001429,0.004446,-0.002383,-0.032982,0.060422,0.780371,1.010630,0.745192,1.069799,0,11.012884
25536.660723,1.843891,-0.020800,-3.287832,-0.262612,0.560328,0.000848,0.001063,0.015620,-0.035986,0.060571,0.740255,1.027261,0.711541,1.091599,0,11.053582
25536.680724,1.841489,-0.021939,-3.425523,-0.262590,0.564943,0.000480,0.000432,0.010541,-0.033048,0.064734,0.705284,1.051142,0.677186,1.118174,0,11.093744
25536.700724,1.838612,-0.021265,-3.552683,-0.255652,0.568129,-0.000534,-0.000317,-0.010028,-0.028353,0.065310,0.673984,1.079124,0.647630,1.145267,0,11.133688
25536.738469,1.835665,-0.019060,-3.637302,-0.243165,0.570229,-0.000528,-0.003867,-0.059909,-0.032687,0.061533,0.635561,1.106648,0.620340,1.174641,0,11.175117
25536.744764,1.832742,-0.016571,-3.688366,-0.233250,0.575437,-0.003926,0.000248,-0.052692,-0.032091,0.052129,0.600171,1.145071,0.595492,1.206107,0,11.220274
25536.760721,1.828904,-0.014185,-3.721395,-0.219130,0.576647,-0.000603,-0.000981,-0.035027,-0.031020,0.067292,0.577403,1.171485,0.569799,1.245192,0,11.261133
25536.780723,1.829494,-0.009337,-3.643666,-0.204540,0.581599,-0.000074,-0.000530,-0.027481,-0.033923,0.067390,0.549874,1.205039,0.550766,1.280481,0,11.298078
25536.800719,1.832071,-0.004467,-3.482110,-0.188558,0.584427,0.000057,-0.000587,-0.031610,-0.040337,0.065643,0.522818,1.238140,0.535854,1.314075,0,11.336500
25536.839114,1.835936,-0.001936,-3.290800,-0.172020,0.587099,-0.004523,0.002273,-0.183643,-0.034314,0.061895,0.509478,1.279296,0.523450,1.348673,0,11.375942
25536.844961,1.840912,-0.000861,-3.075569,-0.152687,0.585671,0.004379,-0.004547,0.096879,-0.034082,0.055230,0.492095,1.325855,0.512857,1.387344,0,11.420018
25536.860722,1.847249,-0.003860,-2.880584,-0.129898,0.581920,-0.000964,-0.004905,-0.135240,-0.030747,0.069216,0.483214,1.360659,0.504461,1.433357,0,11.460876
25536.880726,1.852603,-0.003524,-2.719555,-0.108214,0.583580,-0.000870,-0.002084,-0.107009,-0.031416,0.066255,0.472885,1.405436,0.500715,1.473276,0,11.500547
25536.900723,1.860954,0.002305,-2.379117,-0.091626,0.581183,-0.000062,-0.000859,-0.044608,-0.024123,0.060656,0.475877,1.452678,0.500000,1.513333,0,11.546452
25536.939095,1.870331,0.005119,-1.995215,-0.073178,0.577017,-0.009019,-0.000317,-0.342117,-0.027677,0.059714,0.472323,1.496953,0.500000,1.556667,0,11.592988
25536.944499,1.879642,0.001806,-1.737837,-0.055328,0.575414,0.007942,-0.008366,0.010437,-0.030485,0.050711,0.469515,1.552623,0.500000,1.603333,0,11.643031
25536.960724,1.890399,-0.003587,-1.590849,-0.036079,0.570945,-0.000353,-0.005181,-0.156144,-0.032519,0.059793,0.467481,1.593541,0.500000,1.653333,0,11.692266
25536.980726,1.898433,0.002144,-1.328728,-0.026142,0.570899,-0.000336,-0.007720,-0.237942,-0.032795,0.064056,0.467205,1.639278,0.500000,1.703333,0,11.736679
25537.000719,1.908240,0.001711,-1.114370,-0.017669,0.570343,-0.000207,-0.009954,-0.307254,-0.029266,0.061607,0.470734,1.688393,0.500000,1.750000,0,11.784282
25537.039181,1.918077,-0.000944,-1.007147,-0.006741,0.568387,-0.009181,-0.011564,-0.625942,-0.033539,0.062184,0.466461,1.734482,0.500000,1.796667,0,11.832765
25537.044854,1.927668,-0.003033,-0.958104,0.001482,0.567035,0.008544,-0.008140,-0.142599,-0.036036,0.055069,0.463964,1.788265,0.500000,1.843333,0,11.882930
25537.060723,1.938963,-0.004394,-0.937361,0.008061,0.563669,0.000492,-0.002332,-0.082108,-0.034232,0.064500,0.465768,1.828833,0.500000,1.893333,0,11.930759
25537.080725,1.946737,0.008347,-0.582977,0.007073,0.565762,0.000247,-0.000287,-0.015611,-0.036462,0.067546,0.463538,1.875787,0.500000,1.943333,0,11.975367
25537.100722,1.956196,0.011623,-0.235408,-0.000208,0.568061,0.000176,0.001937,0.060238,-0.037678,0.062944,0.462322,1.923723,0.500000,1.986667,0,12.023203
25537.139679,1.965679,0.008852,-0.038927,-0.009161,0.569148,-0.008511,0.006464,0.167870,-0.044489,0.063199,0.455511,1.970134,0.500000,2.033333,0,12.070925
25537.145141,1.975012,0.005491,0.055217,-0.022715,0.570587,0.008680,0.001739,0.110489,-0.040032,0.055409,0.459968,2.027924,0.500000,2.083333,0,12.122913
25537.160724,1.986137,0.002794,0.101401,-0.036624,0.568706,0.000923,0.003656,0.111799,-0.039732,0.064940,0.460268,2.068393,0.500000,2.133333,0,12.173327
25537.180715,1.993536,-0.005039,-0.068741,-0.049370,0.568413,0.001308,0.006827,0.213361,-0.040635,0.064785,0.459365,2.118549,0.500000,2.183333,0,12.219638
25537.200724,2.002751,-0.006949,-0.233690,-0.065510,0.566702,0.002088,0.010885,0.340941,-0.040278,0.060347,0.459722,2.169653,0.500000,2.230000,0,12.269607
25537.240414,2.011938,-0.005465,-0.320613,-0.088564,0.564695,-0.002815,0.014749,0.832527,-0.039555,0.061519,0.460445,2.218481,0.500000,2.280000,0,12.319831
25537.245733,2.020874,-0.003764,-0.362819,-0.119361,0.561822,0.009879,0.010727,0.193480,-0.038972,0.054089,0.461028,2.275911,0.500000,2.330000,0,12.372883
25537.260719,2.031406,-0.002362,-0.384425,-0.158130,0.554098,0.002597,0.003165,0.121876,-0.037262,0.066385,0.462738,2.316949,0.500000,2.383333,0,12.422932
25537.280725,2.033246,-0.023793,-0.957057,-0.174920,0.545846,0.001194,0.000539,0.026082,-0.036384,0.066666,0.463616,2.366667,0.500000,2.433333,0,12.468566
25537.300724,2.032918,-0.034454,-1.736942,-0.182671,0.540924,0.001499,0.001248,0.035881,-0.036744,0.061112,0.463256,2.418888,0.500000,2.480000,0,12.517159
25537.340651,2.033160,-0.029818,-2.257534,-0.193489,0.540273,0.003456,-0.007926,0.254492,-0.028836,0.060099,0.468508,2.471805,0.500904,2.530061,0,12.567235
25537.346703,2.032483,-0.022756,-2.607635,-0.206151,0.541296,-0.001204,0.008054,-0.162620,-0.023995,0.056957,0.473635,2.527474,0.506420,2.579867,0,12.619050
25537.360707,2.030265,-0.013274,-2.872050,-0.218309,0.541706,0.001129,0.001990,0.029403,-0.023176,0.064111,0.477976,2.572900,0.516893,2.628871,0,12.667247
25537.380716,2.027985,-0.008722,-3.000998,-0.233833,0.543756,0.001148,0.000496,0.018253,-0.013939,0.065092,0.496190,2.620606,0.532219,2.676581,0,12.714071
25537.400715,2.022689,-0.005797,-3.190054,-0.242418,0.542395,0.000921,0.000299,0.009071,-0.016168,0.064708,0.507830,2.668480,0.550766,2.719519,0,12.762123
25537.440219,2.016208,-0.002043,-3.345157,-0.248976,0.543186,0.008832,-0.003896,0.083581,-0.018928,0.062398,0.524575,2.717142,0.573244,2.760537,0,12.808707
25537.445562,2.008875,0.002056,-3.463045,-0.255213,0.546100,-0.007199,0.004023,-0.061987,-0.017748,0.053070,0.553473,2.767383,0.599456,2.799274,0,12.859098
25537.460718,1.999359,0.006966,-3.554548,-0.258190,0.545675,0.000288,0.000341,0.002903,-0.019554,0.063571,0.574054,2.804215,0.631424,2.837864,0,12.906000
25537.480725,1.992671,0.009299,-3.602056,-0.260897,0.549313,0.000527,0.000296,0.005944,-0.022808,0.062011,0.603318,2.846146,0.664608,2.870826,0,12.949145
25537.500717,1.983876,0.011658,-3.645874,-0.262166,0.553038,0.000366,0.000362,0.008182,-0.025302,0.057010,0.637335,2.884274,0.698056,2.898534,0,12.995747
25537.558631,1.974995,0.013404,-3.671501,-0.260102,0.555612,0.011330,0.000587,0.012101,-0.033299,0.025264,0.697602,2.940001,0.736617,2.925005,0,13.055462
25537.564431,1.960930,0.014605,-3.688023,-0.253275,0.549520,-0.011553,-0.000795,-0.003938,-0.045514,0.019242,0.752920,2.986731,0.789533,2.953545,0,13.123512
25537.584450,1.946925,0.013970,-3.689385,-0.242187,0.544862,-0.000363,-0.000903,-0.028707,-0.050458,0.048066,0.794429,3.012889,0.855058,2.978531,0,13.177631
25537.604447,1.939251,0.013372,-3.675456,-0.229740,0.545088,-0.001688,-0.002317,-0.068757,-0.056701,0.060657,0.836818,3.035693,0.906966,2.991268,0,13.220593
25537.638711,1.931671,0.012010,-3.665047,-0.213136,0.547242,-0.000368,-0.003495,-0.208338,-0.063321,0.061053,0.882867,3.054381,0.949952,2.997489,0,13.263001
25537.644600,1.924516,0.010374,-3.656651,-0.194971,0.550537,-0.006659,-0.004540,-0.066580,0.040607,0.082028,0.927645,3.072390,0.983293,2.999721,1,13.311043
25537.664449,1.917445,0.008541,-3.652853,-0.170558,0.557269,-0.002683,-0.004551,-0.142804,-0.083063,0.058209,0.971791,3.083063,1.030000,3.000000,1,13.360643
25537.684446,1.915949,0.013963,-3.449630,-0.149529,0.562220,-0.004361,-0.008372,-0.250571,-0.093694,0.061891,1.018109,3.093694,1.080000,3.000000,1,13.406802
25537.704446,1.914488,0.012824,-3.285382,-0.130283,0.566318,-0.006193,-0.012514,-0.375051,-0.101231,0.063156,1.063511,3.101231,1.126667,3.000000,1,13.452528
25537.746408,1.913041,0.008604,-3.172894,-0.108742,0.571241,-0.013213,-0.008523,-0.837014,-0.108079,0.059218,1.110782,3.108079,1.170000,3.000000,1,13.499468
25537.752746,1.913126,0.007102,-3.005418,-0.089907,0.574927,-0.004174,-0.016906,-0.240495,-0.113686,0.048774,1.167893,3.113686,1.216667,3.000000,1,13.551529
25537.764448,1.911740,-0.001047,-2.992651,-0.068273,0.576846,-0.001139,-0.004912,-0.129430,-0.113716,0.067799,1.202201,3.113716,1.270000,3.000000,1,13.597524
25537.784448,1.916402,0.014069,-2.574089,-0.051993,0.578517,-0.000632,-0.004266,-0.130199,-0.114406,0.069202,1.247465,3.114406,1.316667,3.000000,1,13.638073
25537.804447,1.925075,0.022986,-1.889173,-0.045903,0.576727,-0.000800,-0.005809,-0.179001,-0.111062,0.062304,1.294363,3.111062,1.356667,3.000000,1,13.684001
25537.840358,1.933410,0.015431,-1.496316,-0.039906,0.574177,-0.007578,0.003432,-0.273141,-0.107094,0.059204,1.344129,3.107094,1.403333,3.000000,1,13.732337
25537.846134,1.942471,0.012388,-1.151136,-0.035358,0.569524,0.006514,-0.003961,0.153936,-0.103218,0.059475,1.390525,3.103218,1.450000,3.000000,1,13.780767
25537.864448,1.951627,0.008212,-0.891007,-0.032872,0.565784,0.000856,-0.000742,-0.011890,-0.098516,0.062767,1.437233,3.098516,1.500000,3.000000,1,13.828433
25537.884448,1.960621,0.004805,-0.730545,-0.031421,0.562140,0.000423,-0.000082,-0.004903,-0.093887,0.059003,1.487664,3.093887,1.546667,3.000000,1,13.877787
25537.904449,1.969663,0.002370,-0.625601,-0.028074,0.556901,0.000479,-0.000177,-0.010306,-0.088934,0.058565,1.538102,3.088934,1.596667,3.000000,1,13.928403
25537.938147,1.978419,0.001049,-0.555304,-0.022623,0.551613,-0.004920,0.000318,-0.050618,-0.083517,0.058889,1.587777,3.083517,1.646667,3.000000,1,13.979232
25537.944435,1.986815,0.001083,-0.484095,-0.016697,0.546072,0.005800,-0.001277,0.013738,-0.076778,0.059410,1.637257,3.076778,1.696667,3.000000,1,14.029359
25537.964449,1.995013,0.000568,-0.431861,-0.008776,0.539991,0.000503,-0.000425,-0.024948,-0.070057,0.059969,1.686698,3.070057,1.746667,3.000000,1,14.079025
25537.984443,2.002690,0.002999,-0.316622,-0.001556,0.534551,0.000666,-0.001901,-0.060111,-0.063365,0.060384,1.736283,3.063365,1.796667,3.000000,1,14.129069
25538.004448,2.010108,0.002863,-0.229056,0.005155,0.528180,0.000708,-0.000777,-0.042988,-0.056839,0.060012,1.786655,3.056839,1.846667,3.000000,1,14.179486
25538.040740,2.017090,0.004603,-0.111769,0.010907,0.522520,-0.004226,0.000857,-0.088342,-0.049712,0.062164,1.834502,3.049712,1.896667,3.000000,1,14.228967
25538.046550,2.023395,0.005683,0.023955,0.015664,0.516529,0.004663,-0.001556,0.043783,-0.041767,0.061301,1.885365,3.041767,1.946667,3.000000,1,14.278599
25538.064425,2.029622,0.004619,0.113593,0.020995,0.510897,0.001294,-0.000732,-0.024497,-0.034532,0.061613,1.935054,3.034532,1.996667,3.000000,1,14.329116
25538.084429,2.035300,0.005026,0.206817,0.026323,0.504742,0.000820,-0.001394,-0.044113,-0.027460,0.062632,1.984035,3.027460,2.046667,3.000000,1,14.378767
25538.104432,2.040524,0.004574,0.290493,0.031945,0.499232,0.001330,-0.002856,-0.090459,-0.020820,0.061826,2.034841,3.020820,2.096667,3.000000,1,14.429056
25538.140877,2.045767,0.003262,0.333091,0.036186,0.493550,-0.002473,-0.000703,-0.143835,-0.015647,0.068267,2.078400,3.015647,2.146667,3.000000,1,14.477291
25538.147036,2.049523,0.004735,0.404589,0.040551,0.491247,0.003568,-0.000598,0.074791,-0.008507,0.059372,2.137295,3.008507,2.196667,3.000000,1,14.528517
25538.164443,2.054046,0.005487,0.534146,0.041093,0.485548,0.000538,-0.000142,-0.014016,-0.003358,0.065760,2.180907,3.003358,2.246667,3.000000,1,14.580403
25538.184442,2.057004,0.005391,0.604607,0.042018,0.483653,0.001117,-0.000318,0.005388,0.002178,0.059363,2.240637,2.997822,2.300000,3.000000,1,14.632417
25538.204448,2.060745,0.004275,0.677667,0.038824,0.477552,0.000224,0.001024,0.021457,0.006379,0.065855,2.284145,2.993621,2.350000,3.000000,1,14.683680
25538.240984,2.063279,0.003315,0.704209,0.037867,0.475696,-0.000996,0.000937,0.030414,0.011333,0.067268,2.336066,2.988667,2.403333,3.000000,1,14.731896
25538.246834,2.066212,0.001706,0.707295,0.035853,0.470712,0.002472,-0.000435,-0.011177,0.016235,0.054695,2.395305,2.983765,2.450000,3.000000,1,14.786898
25538.264442,2.069242,0.000509,0.683471,0.031965,0.464922,0.000628,0.000652,0.027207,0.018889,0.068578,2.438089,2.981111,2.506667,3.000000,1,14.839026
25538.284444,2.071256,-0.000380,0.656314,0.028165,0.463724,0.000773,0.000224,0.004286,0.021818,0.060170,2.496497,2.978182,2.556667,3.000000,1,14.889710
25538.304441,2.073559,-0.001810,0.580640,0.023165,0.457630,0.000769,0.001289,0.041710,0.023018,0.059053,2.547614,2.976982,2.606667,3.000000,1,14.943303
25538.338676,2.075539,-0.001522,0.534529,0.017691,0.452428,0.000325,0.002190,0.134050,0.023430,0.064144,2.599190,2.976570,2.663333,3.000000,1,14.995504
25538.344504,2.077482,-0.000798,0.510111,0.011787,0.446662,0.001772,0.002550,0.040383,0.023015,0.062372,2.650961,2.976985,2.713333,3.000000,1,15.047648
25538.364442,2.079453,-0.000172,0.499773,0.004148,0.441233,0.000852,0.002079,0.072159,0.021352,0.064744,2.701922,2.978648,2.766667,3.000000,1,15.098852
25538.384442,2.080647,-0.003984,0.367243,-0.001577,0.436603,0.000730,0.000752,0.042886,0.019801,0.063754,2.752913,2.980199,2.816667,3.000000,1,15.150052
25538.404443,2.081425,-0.006351,0.213647,-0.005433,0.433164,0.000553,0.000212,0.012342,0.017659,0.066267,2.803733,2.982341,2.870000,3.000000,1,15.201324
25538.439834,2.081823,-0.006596,0.066541,-0.007033,0.430965,0.000795,-0.001122,0.055893,0.014372,0.065799,2.854201,2.985628,2.920000,3.000000,1,15.251854
25538.445614,2.082149,-0.004814,-0.022756,-0.009368,0.429522,0.000467,0.001838,-0.016016,0.012344,0.064646,2.905354,2.987656,2.970000,3.000000,1,15.302200
25538.464450,2.082509,-0.002888,-0.066036,-0.011188,0.428544,0.000530,0.000184,0.006818,0.009772,0.063640,2.956360,2.990228,3.020000,3.000000,1,15.353120
25538.484444,2.082627,-0.002919,-0.123639,-0.011860,0.427993,0.000493,0.000179,0.005648,0.007202,0.063333,3.006667,2.992798,3.070000,3.000000,1,15.404050
25538.504445,2.082650,-0.002259,-0.163347,-0.012129,0.427964,0.000460,0.000251,0.007892,0.004693,0.066966,3.056367,2.995307,3.123333,3.000000,1,15.454597
25538.540316,2.082636,-0.001450,-0.182844,-0.012091,0.428287,0.000798,-0.000240,0.009321,0.002226,0.067116,3.106217,2.997774,3.173333,3.000000,1,15.504154
25538.545910,2.082620,-0.001065,-0.196485,-0.011646,0.428981,0.000100,0.000158,-0.007013,-0.001103,0.067091,3.156242,3.001103,3.223333,3.000000,1,15.554014
25538.564429,2.082603,-0.000772,-0.205486,-0.011639,0.429293,0.000386,-0.000003,-0.001331,-0.003453,0.067198,3.206136,3.003453,3.273333,3.000000,1,15.604425
25538.584446,2.082622,-0.000442,-0.207243,-0.011042,0.429264,0.000443,-0.000152,-0.005012,-0.005973,0.067332,3.256001,3.005973,3.323333,3.000000,1,15.654358
25538.604443,2.082669,-0.000271,-0.206228,-0.010343,0.428903,0.000418,-0.000335,-0.010868,-0.008072,0.068166,3.305167,3.008072,3.373333,3.000000,1,15.703919
25538.641072,2.082674,-0.000221,-0.205392,-0.009679,0.428533,0.000814,-0.000479,-0.024843,-0.009245,0.068679,3.354654,3.009245,3.423333,3.000000,1,15.753288
25538.646701,2.082704,-0.000213,-0.204764,-0.008977,0.428348,0.000088,-0.000342,-0.007192,-0.011663,0.070215,3.403118,3.011663,3.473333,3.000000,1,15.802348
25538.664461,2.082669,-0.000220,-0.204494,-0.010750,0.428516,0.000399,-0.000040,-0.002078,-0.013041,0.067274,3.452726,3.013041,3.520000,3.000000,1,15.850921
25538.684447,2.082679,-0.000045,-0.199687,-0.014854,0.428894,0.000542,0.001074,0.034216,-0.015235,0.066044,3.503956,3.015235,3.570000,3.000000,1,15.901102
25538.704446,2.082766,-0.000000,-0.194248,-0.022755,0.428783,0.000465,0.003122,0.099770,-0.017024,0.068629,3.551371,3.017024,3.620000,3.000000,1,15.950738
25538.741170,2.082655,-0.000069,-0.191616,-0.033722,0.429432,0.001247,0.005765,0.286466,-0.019634,0.070388,3.599612,3.019634,3.670000,3.000000,1,15.998943
25538.746795,2.082571,-0.000130,-0.190314,-0.051509,0.430319,0.000337,0.004972,0.109137,-0.021823,0.069209,3.647458,3.021823,3.716667,3.000000,1,16.046727
25538.764455,2.082483,-0.000163,-0.189401,-0.074837,0.430199,0.000945,0.003340,0.159579,-0.023787,0.070817,3.695849,3.023787,3.766667,3.000000,1,16.094113
25538.784442,2.081201,-0.012198,-0.488468,-0.096230,0.427771,0.001846,0.004851,0.152407,-0.025676,0.068022,3.745312,3.025676,3.813333,3.000000,1,16.143052
25538.804444,2.079602,-0.016659,-0.884031,-0.115785,0.424671,0.003237,0.009208,0.289163,-0.027248,0.065298,3.794702,3.027248,3.860000,3.000000,1,16.192062
25538.838746,2.078308,-0.012840,-1.105502,-0.142995,0.422815,0.009312,0.012132,0.707441,-0.029680,0.067585,3.842415,3.029680,3.910000,3.000000,1,16.239648
25538.844471,2.076738,-0.008594,-1.231823,-0.178656,0.419662,0.002015,0.010756,0.169521,-0.029947,0.075642,3.881024,3.029947,3.956667,3.000000,1,16.282722
25538.864457,2.075671,-0.005344,-1.270468,-0.218656,0.411626,0.004631,0.005010,0.157350,-0.024716,0.065200,3.934800,3.024716,4.000000,3.000000,1,16.327262
25538.884443,2.066095,-0.021879,-1.871467,-0.225384,0.403173,0.002714,0.001416,0.062093,-0.014770,0.064700,3.983684,3.018564,4.046721,2.997812,1,16.376212
25538.904441,2.054732,-0.026334,-2.428769,-0.231821,0.400439,0.001182,0.000686,0.019071,-0.007013,0.065504,4.029979,3.010347,4.093034,2.991268,1,16.423277
25538.940665,2.041866,-0.022503,-2.862338,-0.235686,0.400294,0.012962,-0.005427,0.184314,0.002775,0.072826,4.071116,2.997473,4.141741,2.979489,1,16.468086
25538.946027,2.029094,-0.014462,-3.131514,-0.233146,0.401013,-0.008894,0.006295,-0.096038,0.001813,0.066984,4.119810,2.988183,4.182819,2.965379,1,16.513718
25538.964456,2.016438,-0.006232,-3.285185,-0.234869,0.404445,-0.000609,0.000731,0.005951,0.002902,0.071091,4.160746,2.975732,4.225505,2.946259,1,16.558688
25538.984451,2.002599,-0.000405,-3.384629,-0.236066,0.409138,0.000078,0.000151,0.003499,0.004198,0.070986,4.200833,2.958830,4.263383,2.925005,1,16.600948
25539.004447,1.988320,0.003656,-3.449514,-0.236570,0.414584,-0.000079,0.000199,0.004444,0.004750,0.070579,4.239891,2.938983,4.299274,2.900544,1,16.643713
25539.040966,1.974115,0.006355,-3.482953,-0.233836,0.419258,0.010368,-0.000223,-0.003625,0.005890,0.071717,4.275475,2.916415,4.332906,2.873060,1,16.686257
25539.046348,1.959884,0.007604,-3.496730,-0.227459,0.423501,-0.010697,-0.000441,-0.007685,0.005961,0.069196,4.309644,2.891131,4.361727,2.845186,1,16.727786
25539.064455,1.945815,0.007603,-3.498807,-0.219996,0.428982,-0.002090,-0.000555,-0.017063,0.004408,0.069662,4.343341,2.864117,4.390320,2.812491,1,16.769519
25539.084448,1.933580,0.007860,-3.466655,-0.213514,0.435471,-0.000309,-0.000255,-0.011315,0.007602,0.068517,4.369408,2.832698,4.414103,2.780212,1,16.810693
25539.104444,1.923286,0.007575,-3.403542,-0.202869,0.440556,-0.000233,-0.000337,-0.017146,0.006217,0.069990,4.397382,2.801344,4.436859,2.743216,1,16.851524
25539.140727,1.914595,0.006825,-3.317283,-0.191451,0.446124,0.005142,0.002248,-0.096122,0.007678,0.067467,4.419967,2.765633,4.454942,2.707431,1,16.893814
25539.146799,1.907423,0.005788,-3.205848,-0.178853,0.451080,-0.004773,-0.003138,0.041256,0.006754,0.068752,4.441876,2.729704,4.471228,2.667166,1,16.935837
25539.164461,1.901083,0.003013,-3.109858,-0.164640,0.456600,-0.000886,-0.001874,-0.081573,0.007122,0.073428,4.457300,2.697982,4.483107,2.628871,1,16.973929
25539.184451,1.897267,0.002427,-3.007106,-0.150933,0.463767,-0.001999,-0.003354,-0.057039,0.001136,0.065127,4.479071,2.653613,4.491879,2.589748,1,17.014104
25539.204451,1.893580,0.001094,-2.813505,-0.137672,0.467123,-0.001019,-0.001437,-0.067854,0.001126,0.062763,4.490087,2.612383,4.497489,2.550048,1,17.058682
25539.241746,1.892200,0.001539,-2.618947,-0.123862,0.470270,-0.000884,0.002463,-0.185771,0.007804,0.063616,4.491301,2.570190,4.499955,2.506684,1,17.101768
25539.248383,1.892553,0.002109,-2.377410,-0.106907,0.471211,0.000011,-0.004389,0.062391,0.004949,0.063818,4.495051,2.527152,4.500000,2.463333,1,17.144605
25539.264448,1.893224,-0.000722,-2.197750,-0.089193,0.472850,-0.000276,-0.002276,-0.045061,-0.004002,0.066274,4.504002,2.486274,4.500000,2.420000,1,17.187316
25539.284445,1.895365,0.001501,-1.946611,-0.075353,0.475076,-0.000349,-0.000824,-0.041086,-0.007791,0.064669,4.507791,2.441335,4.500000,2.376667,1,17.230984
25539.304451,1.898538,0.003643,-1.640433,-0.066071,0.474155,-0.000187,-0.000588,-0.029077,-0.008654,0.066684,4.508654,2.400017,4.500000,2.333333,1,17.274615
25539.341512,1.902002,0.002914,-1.389223,-0.057296,0.474225,-0.003252,0.002058,-0.132037,-0.013499,0.068884,4.513499,2.358884,4.500000,2.290000,1,17.316329
25539.348185,1.905870,0.001696,-1.188663,-0.049692,0.474978,0.002619,-0.002785,0.051695,-0.015500,0.064612,4.515500,2.314612,4.500000,2.250000,1,17.359434
25539.364445,1.909879,-0.000649,-1.059937,-0.041806,0.474223,0.000637,-0.001100,-0.020570,-0.016411,0.065247,4.516411,2.271914,4.500000,2.206667,1,17.403427
25539.384445,1.913976,0.000035,-0.921232,-0.035818,0.474054,-0.000119,-0.001578,-0.048709,-0.015309,0.069422,4.515309,2.229422,4.500000,2.160000,1,17.446480
25539.404445,1.918124,-0.000349,-0.803131,-0.030558,0.474483,-0.000177,-0.002966,-0.091614,-0.016416,0.065840,4.516416,2.185840,4.500000,2.120000,1,17.489545
25539.440526,1.922270,-0.001847,-0.744663,-0.026165,0.474996,-0.003384,-0.000305,-0.114446,-0.022801,0.065453,4.522801,2.142120,4.500000,2.076667,1,17.533258
25539.446507,1.926692,0.000284,-0.635029,-0.025074,0.475388,0.003147,-0.000261,0.061772,-0.023413,0.067155,4.523413,2.097155,4.500000,2.030000,1,17.578151
25539.464456,1.931141,0.000603,-0.532380,-0.024823,0.475752,0.000556,-0.000185,0.000214,-0.023513,0.066692,4.523513,2.053359,4.500000,1.986667,1,17.622752
25539.484410,1.935523,-0.000201,-0.474086,-0.024061,0.476742,0.000143,-0.000196,-0.006138,-0.033640,0.066364,4.533640,2.009697,4.500000,1.943333,1,17.666693
25539.504431,1.939924,-0.001053,-0.442275,-0.026149,0.478010,0.000116,0.000079,0.003986,-0.032373,0.070146,4.532373,1.966813,4.500000,1.896667,1,17.710903
25539.541694,1.944293,-0.001978,-0.435207,-0.024506,0.480180,-0.003659,0.000008,-0.009588,-0.050743,0.071540,4.550743,1.924873,4.500000,1.853333,1,17.753386
25539.548859,1.948684,-0.002085,-0.429142,-0.029875,0.483019,0.003987,0.000795,0.023388,-0.042475,0.058379,4.542475,1.868379,4.500000,1.810000,1,17.801631
25539.564440,1.954232,-0.002081,-0.420832,-0.027565,0.482135,0.000172,-0.000497,-0.012616,-0.047958,0.071594,4.547958,1.834928,4.500000,1.763333,1,17.847645
25539.584410,1.957731,-0.003363,-0.451688,-0.025979,0.484726,0.000049,-0.000999,-0.031066,-0.049435,0.074371,4.549435,1.791037,4.500000,1.716667,1,17.887427
25539.604439,1.962185,-0.003575,-0.479412,-0.022632,0.486960,-0.000029,-0.001864,-0.057857,-0.047844,0.067756,4.547844,1.744423,4.500000,1.676667,1,17.931839
25539.638297,1.966697,-0.003251,-0.493340,-0.017776,0.487826,-0.004030,-0.003412,-0.135784,-0.043394,0.072066,4.543394,1.705399,4.500000,1.633333,1,17.974996
25539.644441,1.970348,-0.002954,-0.498594,-0.010992,0.490168,0.003541,-0.002403,-0.060918,-0.042419,0.064638,4.542419,1.654638,4.500000,1.590000,1,18.019829
25539.664438,1.975348,-0.002734,-0.505308,-0.004366,0.489720,0.000130,-0.001798,-0.061008,-0.050891,0.063865,4.550891,1.610531,4.500000,1.546667,1,18.067320
25539.684438,1.980085,0.002388,-0.357789,-0.007030,0.491226,0.000347,-0.000165,-0.009947,-0.053604,0.066329,4.553604,1.562996,4.500000,1.496667,1,18.113985
25539.704438,1.985034,0.003313,-0.245181,-0.011981,0.492889,0.000137,0.001282,0.039724,-0.055370,0.069398,4.555370,1.519398,4.500000,1.450000,1,18.160167
25539.739697,1.989765,0.002380,-0.178114,-0.017841,0.495269,-0.003379,0.003474,0.116599,-0.052977,0.070765,4.552977,1.474098,4.500000,1.403333,1,18.204942
25539.745712,1.994470,0.001195,-0.146778,-0.026022,0.497681,0.003268,0.002028,0.064983,-0.045399,0.070290,4.545399,1.430290,4.500000,1.360000,1,18.249628
25539.764441,1.999093,0.000435,-0.130961,-0.031543,0.499208,0.000535,0.000464,0.028168,-0.043562,0.068252,4.543562,1.384919,4.500000,1.316667,1,18.294785
25539.784442,2.003770,-0.005853,-0.288544,-0.037641,0.499174,0.000340,0.001567,0.048862,-0.042783,0.070939,4.542783,1.340939,4.500000,1.270000,1,18.339777
25539.804440,2.008422,-0.006703,-0.420101,-0.047467,0.500493,0.000609,0.004116,0.129296,-0.039016,0.069330,4.539016,1.295996,4.500000,1.226667,1,18.383931
25539.840353,2.013109,-0.005262,-0.488592,-0.060988,0.502089,-0.001960,0.006683,0.365325,-0.038134,0.069866,4.538134,1.249866,4.500000,1.180000,1,18.429099
25539.846027,2.017739,-0.003805,-0.521423,-0.083383,0.502747,0.003995,0.006721,0.121899,-0.034743,0.066467,4.534743,1.203134,4.500000,1.136667,1,18.476027
25539.864442,2.022318,-0.002799,-0.536155,-0.115930,0.499179,0.001933,0.004336,0.200141,-0.033645,0.068300,4.533645,1.158300,4.500000,1.090000,1,18.522082
25539.884443,2.024096,-0.017069,-0.916242,-0.143615,0.496040,0.001092,0.001121,0.056121,-0.031000,0.069532,4.531000,1.112865,4.500000,1.043333,1,18.566701
25539.904438,2.023426,-0.026922,-1.512101,-0.159022,0.492622,0.000840,0.000644,0.030978,-0.030138,0.069693,4.530591,1.066155,4.499989,0.996665,1,18.611328
25539.940350,2.021963,-0.026683,-1.989392,-0.175967,0.494144,0.004031,-0.002503,0.282454,-0.025547,0.068450,4.529640,1.019148,4.497822,0.953377,1,18.655643
25539.945989,2.020327,-0.020828,-2.296520,-0.197991,0.498574,-0.000102,0.007720,-0.050048,-0.014753,0.065618,4.518181,0.972354,4.491914,0.910440,1,18.701229
25539.964451,2.018723,-0.013809,-2.463198,-0.223865,0.502396,0.002062,0.002747,0.094187,-0.007995,0.066935,4.507195,0.927250,4.481420,0.864962,1,18.747708
25539.984440,2.013782,-0.014770,-2.712940,-0.243669,0.504833,0.000856,0.000509,0.020940,-0.005989,0.069898,4.497392,0.883759,4.466730,0.820660,1,18.791861
25540.004441,2.005621,-0.015741,-3.033048,-0.255911,0.507643,0.000663,0.000291,0.011949,-0.003546,0.068188,4.482511,0.840654,4.449446,0.780914,1,18.835164
25540.040699,1.996589,-0.012767,-3.291413,-0.265126,0.511419,0.008996,-0.004414,0.117617,0.000013,0.065612,4.462522,0.799088,4.428784,0.742815,1,18.879719
25540.046391,1.986800,-0.007956,-3.485630,-0.271700,0.515113,-0.006969,0.004228,-0.083375,-0.003969,0.062430,4.444742,0.754875,4.404900,0.706647,1,18.925078
25540.064446,1.976750,-0.002394,-3.616836,-0.278787,0.519697,-0.000469,0.000742,0.003234,0.000304,0.061133,4.415881,0.716316,4.375782,0.670170,1,18.970982
25540.084448,1.965912,0.002143,-3.711145,-0.283958,0.522246,0.000573,0.000332,0.007984,-0.002521,0.062561,4.390596,0.677701,4.343390,0.636568,1,19.016160
25540.104447,1.954507,0.005759,-3.779806,-0.287378,0.524427,0.000512,0.000489,0.012912,-0.005878,0.063982,4.364415,0.643337,4.310626,0.608195,1,19.059184
25540.141482,1.942775,0.008570,-3.820666,-0.287692,0.525786,0.010730,-0.000031,0.031931,-0.010955,0.066325,4.336911,0.610173,4.275528,0.582766,1,19.100210
25540.147158,1.930998,0.010302,-3.842262,-0.286164,0.527630,-0.008126,0.000475,-0.003854,-0.016048,0.058144,4.297122,0.574083,4.238360,0.560472,1,19.144988
25540.164450,1.919484,0.010902,-3.853016,-0.283479,0.526372,0.000435,-0.000052,-0.000443,-0.017672,0.075290,4.275491,0.555301,4.199400,0.541481,1,19.183966
25540.184451,1.909932,0.010408,-3.861653,-0.279265,0.531057,-0.003108,-0.000639,-0.010747,-0.022824,0.066916,4.232802,0.527109,4.162101,0.527006,1,19.220737
25540.204441,1.896164,0.009059,-3.870481,-0.271858,0.531864,0.000437,-0.000656,-0.024877,-0.025488,0.073234,4.204298,0.510344,4.126992,0.516396,1,19.259467
25540.240495,1.887058,0.007741,-3.875311,-0.262392,0.536612,0.003855,-0.000450,-0.075328,-0.025653,0.064098,4.158901,0.494856,4.091200,0.508388,1,19.297180
25540.245843,1.876444,0.006027,-3.878028,-0.252818,0.539545,-0.011039,-0.003010,-0.026605,-0.031764,0.056462,4.111040,0.476902,4.051601,0.502670,1,19.341610
25540.264453,1.863633,0.003514,-3.884559,-0.238317,0.541092,-0.002089,-0.001046,-0.035028,-0.024987,0.061927,4.070672,0.476118,4.008337,0.500070,1,19.384843
25540.284445,1.857199,0.004850,-3.807567,-0.228158,0.544724,-0.001213,-0.001330,-0.037103,-0.020061,0.070495,4.033929,0.476281,3.965011,0.501226,1,19.423034
25540.304439,1.852534,0.004564,-3.704223,-0.219501,0.547773,-0.001082,-0.001797,-0.083531,-0.018341,0.073793,3.998956,0.476433,3.928542,0.505133,1,19.457927
25540.341295,1.849136,0.002606,-3.640509,-0.216299,0.550321,0.000115,0.001258,-0.134702,-0.015552,0.066750,3.954302,0.482157,3.892459,0.511702,1,19.496436
25540.347228,1.846254,0.000849,-3.549576,-0.214865,0.551070,-0.001080,-0.002106,0.090269,-0.017349,0.052554,3.902347,0.489240,3.856953,0.520899,1,19.542043
25540.364446,1.844800,-0.001379,-3.419937,-0.222667,0.550655,0.000661,0.000717,0.011771,-0.010681,0.069219,3.873096,0.500518,3.812903,0.536325,1,19.582775
25540.384443,1.843813,-0.004325,-3.370598,-0.225009,0.550654,-0.000284,-0.000294,0.012380,-0.011165,0.062675,3.827496,0.514757,3.776429,0.552769,1,19.621627
25540.404444,1.841637,-0.008768,-3.346430,-0.234173,0.549748,0.001350,0.001928,0.043965,-0.010480,0.069203,3.795193,0.527313,3.741386,0.572076,1,19.660813
25540.436513,1.840513,-0.010737,-3.341224,-0.244873,0.549680,0.002751,0.002235,0.086307,-0.012868,0.071705,3.758691,0.541802,3.707999,0.594124,1,19.696443
25540.444407,1.838112,-0.013989,-3.377321,-0.257710,0.549342,-0.001073,-0.000388,-0.028124,-0.018575,0.064850,3.719769,0.558870,3.681596,0.614488,1,19.734002
25540.464449,1.835256,-0.016489,-3.453927,-0.267200,0.548589,0.001364,0.000988,0.034739,-0.020135,0.066106,3.685210,0.580693,3.651792,0.641181,1,19.772274
25540.484450,1.831602,-0.018198,-3.543276,-0.271391,0.548449,0.000434,0.000413,0.011562,-0.024087,0.065930,3.652250,0.602402,3.626426,0.667671,1,19.809345
25540.504438,1.826858,-0.018929,-3.642904,-0.274162,0.549222,0.000706,0.000673,0.018518,-0.027385,0.065166,3.620957,0.627564,3.603070,0.695950,1,19.845017
25540.539741,1.822358,-0.018039,-3.713427,-0.274844,0.550463,0.004685,-0.000110,0.055462,-0.030279,0.063659,3.591429,0.656026,3.581849,0.725865,1,19.882604
25540.545173,1.818004,-0.016667,-3.759782,-0.271149,0.552027,-0.004017,0.001301,-0.018458,-0.035514,0.055638,3.558843,0.691372,3.562879,0.757255,1,19.923075
25540.564460,1.812702,-0.015146,-3.790426,-0.266022,0.553529,0.000595,-0.000257,-0.003831,-0.037610,0.067241,3.538475,0.716203,3.544870,0.792982,1,19.959355
25540.584450,1.809320,-0.014531,-3.803895,-0.257526,0.556096,-0.000852,-0.000928,-0.026452,-0.040764,0.068451,3.516373,0.748572,3.530919,0.826902,1,19.992352
25540.604441,1.805356,-0.013905,-3.807815,-0.243991,0.559034,-0.002338,-0.002566,-0.072294,-0.039432,0.064604,3.500879,0.785431,3.520425,0.858552,1,20.027928
25540.640291,1.801451,-0.013737,-3.806676,-0.223880,0.561695,-0.004712,-0.005751,-0.249130,-0.035491,0.067094,3.490873,0.820998,3.511346,0.894088,1,20.064092
25540.645708,1.797498,-0.013935,-3.802627,-0.197931,0.565734,-0.005737,-0.004775,-0.086274,-0.034326,0.060592,3.479367,0.865402,3.504897,0.930193,1,20.103338
25540.664448,1.792896,-0.014609,-3.800082,-0.164622,0.568642,-0.002948,-0.004371,-0.177860,-0.033110,0.072494,3.472200,0.895653,3.500901,0.970003,1,20.139771
25540.684448,1.796338,-0.002777,-3.505770,-0.139015,0.572006,-0.002159,-0.005893,-0.173954,-0.034075,0.069657,3.465925,0.933677,3.500000,1.003333,1,20.174097
25540.704448,1.801954,0.002561,-3.110817,-0.115862,0.572329,-0.003576,-0.011000,-0.326596,-0.037653,0.066831,3.462347,0.973169,3.500000,1.040000,1,20.213213
25540.740642,1.807123,-0.001413,-2.853881,-0.088122,0.574104,-0.010409,-0.003352,-0.628517,-0.036648,0.067141,3.463352,1.012859,3.500000,1.080000,1,20.253576
25540.746357,1.814747,0.003475,-2.463703,-0.057404,0.574891,0.008546,-0.004499,0.325245,-0.032027,0.060420,3.467973,1.059580,3.500000,1.120000,1,20.297239
25540.764453,1.826593,0.005887,-1.876445,-0.025519,0.571731,-0.001871,-0.005977,-0.272097,-0.032477,0.069378,3.467523,1.093955,3.500000,1.163333,1,20.338731
25540.784448,1.834747,0.010441,-1.455868,0.000153,0.571137,0.000086,-0.006881,-0.208353,-0.029290,0.066789,3.470710,1.136544,3.500000,1.203333,1,20.378379
25540.804444,1.845658,0.012774,-0.908736,0.023557,0.568107,0.000596,-0.013090,-0.398137,-0.025652,0.064056,3.474348,1.179277,3.500000,1.243333,1,20.421103
25540.839889,1.856553,0.007273,-0.631380,0.052118,0.565189,-0.005781,-0.018968,-0.955857,-0.023251,0.064213,3.476749,1.222453,3.500000,1.286667,1,20.464575
25540.845287,1.867369,0.002400,-0.504724,0.088038,0.561062,0.010942,-0.014767,-0.226400,-0.015512,0.058381,3.484488,1.271619,3.500000,1.330000,1,20.511097
25540.864462,1.879985,-0.000943,-0.446236,0.128038,0.551974,0.002705,-0.011194,-0.418351,-0.012435,0.069781,3.487565,1.306886,3.500000,1.376667,1,20.554280
25540.884449,1.885614,0.021943,0.196690,0.151752,0.542187,0.006039,-0.012572,-0.371931,-0.012582,0.069227,3.487418,1.350773,3.500000,1.420000,1,20.594956
25540.904441,1.893311,0.027968,0.831051,0.172547,0.535703,0.007964,-0.016627,-0.496493,-0.008493,0.063567,3.491507,1.396433,3.500000,1.460000,1,20.639385
25540.939313,1.901588,0.023666,1.180619,0.198847,0.530983,0.011138,-0.020517,-1.029397,-0.014177,0.062987,3.486233,1.440262,3.499989,1.503342,1,20.685878
25540.944853,1.909989,0.017940,1.347839,0.229843,0.524547,0.012217,-0.013470,-0.156201,-0.013765,0.055877,3.489386,1.493074,3.497489,1.550048,1,20.735783
25540.964450,1.920401,0.012892,1.428294,0.259557,0.514547,0.005918,-0.005643,-0.241733,-0.019014,0.066915,3.484676,1.530231,3.489981,1.599593,1,20.782224
25540.984441,1.917307,0.030668,1.968750,0.264861,0.509323,0.003982,-0.003234,0.014052,-0.028188,0.058484,3.468507,1.580798,3.478531,1.644942,1,20.829197
25541.004438,1.912590,0.036744,2.671125,0.258392,0.506197,0.004399,-0.003054,-0.084382,-0.032768,0.058105,3.454523,1.622842,3.462893,1.689024,1,20.880503
25541.040334,1.909769,0.031798,3.033669,0.247463,0.505622,0.009014,0.004351,-0.228271,-0.034510,0.072090,3.443919,1.657523,3.440071,1.737355,1,20.925534
25541.045778,1.907729,0.026048,3.215262,0.233457,0.508699,-0.002508,-0.006471,0.104232,-0.044388,0.058671,3.412948,1.701242,3.417812,1.774651,1,20.973740
25541.064440,1.903929,0.017777,3.367873,0.214778,0.508163,0.000929,0.001504,0.031032,-0.043710,0.070187,3.398515,1.733051,3.388222,1.815093,1,21.022203
25541.084469,1.901629,0.012251,3.398497,0.194962,0.512676,-0.001589,0.003108,0.093974,-0.047901,0.070133,3.371963,1.766375,3.357080,1.849991,1,21.065934
25541.104442,1.898351,0.006970,3.375823,0.174688,0.517225,-0.004590,0.006546,0.195974,-0.050736,0.059351,3.337410,1.802514,3.325359,1.879660,1,21.115516
25541.140319,1.893849,0.004555,3.343837,0.152469,0.519521,-0.005664,0.010859,0.535553,-0.052787,0.070443,3.313366,1.826747,3.285723,1.910320,1,21.162979
25541.146869,1.891066,0.004174,3.322913,0.130364,0.525853,-0.006187,0.009103,0.169709,-0.055234,0.064511,3.275094,1.855389,3.246131,1.935224,1,21.209281
25541.164457,1.886479,0.004876,3.301797,0.103079,0.529262,-0.005025,0.010294,0.373706,-0.058485,0.071022,3.245296,1.873911,3.204386,1.956318,1,21.255192
25541.184449,1.886840,-0.006263,3.036832,0.086939,0.534668,-0.000841,0.004114,0.126505,-0.058589,0.071566,3.209765,1.894923,3.160852,1.973420,1,21.297968
25541.204443,1.892395,-0.017618,2.430518,0.080619,0.538567,-0.000417,0.007218,0.117221,-0.056174,0.060866,3.164883,1.916533,3.119159,1.985594,1,21.346061
25541.240908,1.898295,-0.010440,2.010444,0.075334,0.538906,-0.007300,-0.003669,0.319908,-0.054312,0.070056,3.134604,1.930613,3.073262,1.994604,1,21.390931
25541.247338,1.903265,-0.008060,1.764879,0.072900,0.543001,0.005611,0.004115,-0.193213,-0.048209,0.062650,3.086708,1.947796,3.026724,1.999285,1,21.434140
25541.264460,1.911186,-0.003805,1.459085,0.077002,0.544393,-0.000610,-0.000636,-0.008070,-0.039890,0.072193,3.055526,1.960110,2.983333,2.000000,1,21.475104
25541.284449,1.916512,-0.000005,1.355880,0.085711,0.548371,0.000244,-0.002112,-0.064918,-0.026871,0.070829,3.014163,1.973129,2.943333,2.000000,1,21.512559
25541.304447,1.923468,0.003920,1.307799,0.096054,0.549746,0.001081,-0.004613,-0.140873,-0.015192,0.065891,2.972557,1.984808,2.906667,2.000000,1,21.554608
25541.340621,1.930747,0.005821,1.291310,0.103903,0.548133,-0.003770,-0.003039,-0.213216,-0.004412,0.066808,2.930142,1.995588,2.863333,2.000000,1,21.597510
25541.346831,1.937273,0.010359,1.373655,0.110368,0.543250,0.005997,0.000617,0.115478,0.003911,0.058302,2.878302,2.003911,2.820000,2.000000,1,21.645026
25541.364453,1.944755,0.013526,1.565039,0.107287,0.533250,0.001203,-0.000403,0.000485,0.012848,0.063182,2.836516,2.012848,2.773333,2.000000,1,21.693019
25541.384448,1.950140,0.012715,1.666278,0.109379,0.523250,0.000043,-0.000156,-0.024416,0.018378,0.074244,2.800911,2.018378,2.726667,2.000000,1,21.734243
25541.404449,1.954177,0.011467,1.721075,0.113597,0.513250,0.001802,-0.001483,-0.044133,0.022789,0.073225,2.756558,2.022789,2.683333,2.000000,1,21.775008
25541.440831,1.959043,0.009758,1.759549,0.121870,0.503250,0.000305,-0.000778,-0.119613,0.025583,0.068584,2.711917,2.025583,2.643333,2.000000,1,21.818274
25541.447013,1.962711,0.010273,1.820976,0.134045,0.493250,0.002698,-0.001330,0.047197,0.023597,0.056013,2.656013,2.023597,2.600000,2.000000,1,21.867000
25541.464452,1.965446,0.010782,1.929815,0.147646,0.483250,0.001416,-0.001592,-0.066646,0.027668,0.069251,2.619251,2.027668,2.550000,2.000000,1,21.913585
25541.484450,1.965696,0.013199,2.052132,0.164430,0.475020,0.002243,-0.003068,-0.091096,0.026593,0.069510,2.572843,2.026593,2.503333,2.000000,1,21.954859
25541.504449,1.964943,0.014261,2.220739,0.181923,0.467359,0.004146,-0.005992,-0.178823,0.019579,0.065142,2.526797,2.022961,2.463270,1.998649,1,21.998859
25541.541062,1.964283,0.012415,2.323973,0.201685,0.460101,0.009340,-0.003290,-0.345021,0.013031,0.064345,2.481570,2.016721,2.420133,1.993580,1,22.043770
25541.547272,1.961265,0.014996,2.490150,0.218093,0.453166,-0.004748,-0.000023,0.196250,0.006773,0.059015,2.429780,2.005342,2.374361,1.983957,1,22.091484
25541.564449,1.953696,0.017761,2.799539,0.228183,0.445870,0.002043,-0.000870,-0.043971,0.002196,0.069370,2.394162,1.995793,2.329688,1.970100,1,22.136227
25541.584452,1.947469,0.017880,2.985162,0.234991,0.442565,0.001298,-0.000818,-0.021687,-0.001813,0.067522,2.351545,1.980323,2.289533,1.953545,1,22.177831
25541.604440,1.938561,0.016021,3.181854,0.237365,0.439383,0.001640,-0.001136,-0.030623,-0.004536,0.065450,2.309979,1.962234,2.250965,1.933569,1,22.222064
25541.641047,1.929729,0.012347,3.304657,0.237645,0.436947,0.010137,0.001463,-0.071635,-0.007623,0.064464,2.271535,1.940902,2.214277,1.910320,1,22.266670
25541.647341,1.920354,0.009428,3.389445,0.232154,0.434433,-0.008781,-0.001444,0.059695,-0.011193,0.053708,2.225427,1.907954,2.177186,1.881826,1,22.317120
25541.664439,1.908331,0.007088,3.467477,0.216907,0.430317,-0.000072,0.001178,0.036467,-0.013927,0.070887,2.199879,1.888869,2.140588,1.847596,1,22.363317
25541.684448,1.900600,0.004466,3.465793,0.200379,0.432469,-0.001197,0.002387,0.072548,-0.016686,0.072912,2.168275,1.858981,2.109680,1.812491,1,22.402282
25541.704443,1.892080,0.001902,3.412420,0.178699,0.433773,-0.003072,0.005979,0.179278,-0.017990,0.064961,2.139375,1.826349,2.087779,1.782974,1,22.445540
25541.737944,1.883732,0.001899,3.363361,0.149123,0.435306,-0.004622,0.011457,0.542153,-0.020584,0.052330,2.108454,1.781549,2.064776,1.746131,1,22.495397
25541.744449,1.874361,0.003711,3.318668,0.109123,0.436762,-0.007173,0.012674,0.241341,-0.025827,0.068480,2.093541,1.753614,2.042326,1.701331,1,22.541344
25541.764443,1.867682,0.005648,3.304373,0.069123,0.441412,-0.003228,0.012080,0.433455,-0.030147,0.071536,2.076684,1.716062,2.025515,1.657684,1,22.580934
25541.784437,1.867026,-0.012768,2.744676,0.029123,0.437644,-0.001907,0.019628,0.599230,-0.031837,0.067643,2.061447,1.677265,2.014406,1.619159,1,22.623977
25541.804439,1.867341,-0.013890,2.248333,-0.010877,0.435330,-0.000610,0.010125,0.457707,-0.031958,0.066588,2.047675,1.637475,2.005897,1.576566,1,22.667412
25541.837998,1.868582,-0.025818,1.504963,-0.050877,0.429415,0.000497,0.004179,0.781268,-0.031826,0.065698,2.037259,1.596821,2.001117,1.533396,1,22.709686
25541.844446,1.870761,-0.030137,0.615914,-0.089486,0.424125,0.002982,0.016943,-0.055224,-0.024717,0.063422,2.025518,1.556402,1.999955,1.493316,1,22.750539
25541.864451,1.873214,-0.020093,0.161494,-0.125717,0.421206,0.003212,0.008974,0.319645,-0.008762,0.066727,2.012886,1.515467,1.997489,1.449952,1,22.791752
25541.884442,1.873032,-0.029737,-0.548461,-0.149108,0.417649,0.004529,0.011848,0.352440,0.003440,0.065648,2.000278,1.475451,1.991879,1.410252,1,22.834144
25541.904442,1.873184,-0.028189,-1.057932,-0.169976,0.417358,0.006371,0.016405,0.489675,0.011169,0.068383,1.989528,1.436807,1.982235,1.367902,1,22.876769
25541.940134,1.873935,-0.021960,-1.301609,-0.193820,0.419983,0.013407,0.021301,0.968666,0.017798,0.061833,1.973708,1.390716,1.968951,1.326550,1,22.922434
25541.945460,1.875018,-0.016173,-1.423449,-0.219453,0.420628,0.004714,0.011193,0.175263,0.031846,0.057802,1.948013,1.352372,1.952129,1.286506,1,22.971566
25541.964440,1.876800,-0.013226,-1.456084,-0.233661,0.418387,0.002192,0.001733,0.076593,0.036022,0.062530,1.929843,1.314473,1.928488,1.242322,1,23.019031
25541.984441,1.867891,-0.034004,-2.079973,-0.230007,0.418239,0.000068,-0.000409,-0.012223,0.040007,0.064114,1.908358,1.278758,1.902535,1.203410,1,23.064269
25542.004439,1.858420,-0.039959,-2.657140,-0.223726,0.422204,-0.000905,-0.001301,-0.037775,0.043671,0.066388,1.884678,1.245703,1.873060,1.167094,1,23.108438
25542.041621,1.850019,-0.036879,-3.030044,-0.214575,0.428559,0.004637,-0.005676,0.027715,0.045520,0.065677,1.859372,1.214137,1.842761,1.135974,1,23.151855
25542.047421,1.843494,-0.029207,-3.200591,-0.203949,0.435991,-0.004542,0.003425,-0.050292,0.045447,0.065138,1.832830,1.183636,1.809875,1.107600,1,23.195240
25542.064456,1.837680,-0.022791,-3.255544,-0.193197,0.443233,-0.001341,-0.000161,-0.023852,0.046952,0.064456,1.802721,1.156828,1.774651,1.082188,1,23.238619
25542.084445,1.833373,-0.016275,-3.202751,-0.182880,0.449982,-0.000361,-0.002128,-0.069826,0.048278,0.073523,1.779147,1.137322,1.737355,1.059929,1,23.277866
25542.104448,1.830369,-0.013575,-3.133531,-0.173132,0.457800,-0.002535,-0.003834,-0.111773,0.050244,0.072900,1.747829,1.117670,1.701331,1.042326,1,23.314918
25542.141178,1.826316,-0.013344,-3.070337,-0.160802,0.465132,-0.003400,-0.005562,-0.312724,0.050461,0.067510,1.713920,1.098901,1.667166,1.028772,1,23.355401
25542.147810,1.822441,-0.014448,-3.028412,-0.145326,0.472139,-0.005639,-0.006316,-0.090009,0.048844,0.055708,1.670108,1.078445,1.628871,1.016893,1,23.400654
25542.164447,1.817543,-0.016144,-2.998215,-0.128612,0.476729,-0.001241,-0.001571,-0.056555,0.043645,0.058385,1.633477,1.059713,1.583165,1.006965,1,23.446581
25542.184451,1.819200,-0.005834,-2.690362,-0.117931,0.481049,-0.001005,-0.002579,-0.076703,0.036577,0.059017,1.592901,1.042164,1.536730,1.001351,1,23.489996
25542.204447,1.821648,-0.003755,-2.388533,-0.113883,0.484942,-0.001291,-0.003481,-0.104045,0.026571,0.059787,1.553121,1.026571,1.493333,1.000000,1,23.532858
25542.241420,1.823974,-0.007190,-2.215319,-0.110930,0.489482,-0.005145,-0.002092,-0.227463,0.012049,0.059083,1.512417,1.012049,1.453333,1.000000,1,23.574520
25542.247247,1.826207,-0.010896,-2.124939,-0.109382,0.494302,0.000777,-0.003875,-0.019948,0.001042,0.063839,1.473839,1.001042,1.410000,1.000000,1,23.615212
25542.264450,1.828366,-0.013494,-2.082459,-0.108537,0.500080,-0.000231,-0.000381,-0.008811,-0.010216,0.063974,1.433974,0.989784,1.370000,1.000000,1,23.655500
25542.284446,1.832455,-0.010687,-1.949141,-0.113549,0.506469,-0.000215,0.001190,0.036133,-0.019506,0.062816,1.392816,0.980494,1.330000,1.000000,1,23.696784
25542.304444,1.836985,-0.010669,-1.848591,-0.122532,0.513067,0.000294,0.003280,0.098333,-0.029209,0.064199,1.350866,0.970791,1.286667,1.000000,1,23.738936
25542.340815,1.841640,-0.011737,-1.796528,-0.133662,0.519152,-0.003076,0.002113,0.144060,-0.037571,0.062653,1.309320,0.962429,1.246667,1.000000,1,23.781088
25542.346165,1.845824,-0.017047,-1.882216,-0.143455,0.524242,0.003290,-0.000213,-0.064793,-0.043304,0.066309,1.269642,0.956696,1.203333,1.000000,1,23.822574
25542.364440,1.850015,-0.019283,-2.003928,-0.151481,0.528552,0.000818,0.000919,0.029857,-0.048901,0.064953,1.228286,0.951099,1.163333,1.000000,1,23.863282
25542.384447,1.853900,-0.021414,-2.146952,-0.158815,0.532631,0.000532,0.001473,0.043180,-0.051496,0.063722,1.183722,0.948504,1.120000,1.000000,1,23.905745
25542.404437,1.857623,-0.021363,-2.277009,-0.167995,0.536373,0.000432,0.000898,0.039741,-0.054171,0.060379,1.140379,0.945829,1.080000,1.000000,1,23.949513
25542.440463,1.860734,-0.021949,-2.408603,-0.179302,0.540016,-0.001301,-0.000840,0.116464,-0.054652,0.059045,1.095711,0.945348,1.036667,1.000000,1,23.992261
25542.446056,1.863208,-0.022851,-2.566099,-0.191171,0.543190,0.002018,0.002050,-0.060659,-0.053097,0.058330,1.050931,0.946173,0.993316,1.000045,1,24.034804
25542.464450,1.865529,-0.021573,-2.685196,-0.205012,0.546482,0.001028,0.001286,0.039514,-0.046946,0.061324,1.006269,0.949662,0.949952,1.002511,1,24.076435
25542.484439,1.866656,-0.022349,-2.828848,-0.218866,0.549694,0.000705,0.000613,0.024514,-0.041383,0.061590,0.963413,0.956355,0.910252,1.008121,1,24.117284
25542.504442,1.866500,-0.023333,-3.007342,-0.229557,0.552718,0.000648,0.000401,0.015527,-0.037038,0.064211,0.920047,0.965079,0.867902,1.017765,1,24.157512
25542.540635,1.865642,-0.022930,-3.174409,-0.237663,0.555981,0.002146,-0.001966,0.093537,-0.034876,0.063635,0.877638,0.975434,0.829688,1.029900,1,24.197411
25542.545971,1.864234,-0.021404,-3.315604,-0.243295,0.559695,-0.001327,0.002271,-0.063022,-0.030189,0.065990,0.840088,0.990213,0.792569,1.045058,1,24.236979
25542.564449,1.862279,-0.018813,-3.415759,-0.247414,0.564574,0.000467,0.000566,0.007462,-0.035144,0.059026,0.791261,1.003723,0.756784,1.063141,1,24.278495
25542.584451,1.860401,-0.016696,-3.496447,-0.255093,0.569016,0.000354,0.000240,0.008954,-0.032507,0.060891,0.755182,1.023203,0.722562,1.084033,1,24.320774
25542.604449,1.857638,-0.015305,-3.574132,-0.257825,0.573738,0.000139,0.000300,0.008101,-0.029946,0.065642,0.720036,1.045278,0.687509,1.109680,1,24.359856
25542.640193,1.854644,-0.013599,-3.632800,-0.258063,0.578731,0.002423,-0.000819,0.031052,-0.032977,0.065652,0.682432,1.066959,0.657239,1.135974,1,24.399177
25542.645619,1.851811,-0.011782,-3.669399,-0.255809,0.583921,-0.002456,0.001062,-0.012577,-0.029732,0.062348,0.651637,1.096086,0.631424,1.162136,1,24.439345
25542.664450,1.848688,-0.010311,-3.689359,-0.251174,0.589044,0.000001,0.000010,-0.005151,-0.038932,0.057912,0.610410,1.123144,0.605538,1.192755,1,24.480348
25542.684439,1.847012,-0.008920,-3.692638,-0.248052,0.593536,0.000130,-0.000048,-0.004264,-0.040459,0.060341,0.579213,1.155507,0.580362,1.228148,1,24.521617
25542.704445,1.845845,-0.007809,-3.680255,-0.241211,0.597324,-0.000478,-0.000748,-0.022976,-0.043989,0.059024,0.549231,1.189814,0.559929,1.262645,1,24.562508
25542.740627,1.844889,-0.007358,-3.664364,-0.231585,0.600118,-0.000679,-0.000708,-0.080563,-0.054544,0.066207,0.519058,1.216104,0.542326,1.298669,1,24.599943
25542.746702,1.845163,-0.006269,-3.630271,-0.221354,0.603056,0.000299,-0.000378,0.037066,-0.052289,0.062174,0.498664,1.260102,0.527665,1.335988,1,24.638122
25542.764462,1.846021,-0.005516,-3.558554,-0.202618,0.600705,-0.000603,-0.001238,-0.040956,-0.051126,0.059194,0.482751,1.300757,0.516893,1.371129,1,24.680196
25542.784442,1.848335,-0.003320,-3.448452,-0.180482,0.598097,-0.000285,-0.000931,-0.045465,-0.049158,0.065211,0.470390,1.340813,0.507532,1.413542,1,24.719778
25542.804440,1.852950,0.000283,-3.245318,-0.154541,0.594993,-0.000333,-0.001125,-0.056371,-0.044341,0.060588,0.464457,1.385230,0.502511,1.449952,1,24.760668
25542.840683,1.859156,0.003638,-2.967356,-0.126701,0.590577,-0.006248,0.002448,-0.279668,-0.041481,0.062368,0.459401,1.430399,0.500045,1.493316,1,24.805036
25542.846315,1.866957,0.006592,-2.617867,-0.098962,0.585812,0.005241,-0.005974,0.114995,-0.039714,0.061411,0.460286,1.475256,0.500000,1.536667,1,24.850064
25542.864456,1.874857,0.003574,-2.342872,-0.069085,0.581929,0.000377,-0.003262,-0.121088,-0.042382,0.064139,0.457618,1.519194,0.500000,1.583333,1,24.895376
25542.884443,1.884482,0.009163,-1.919908,-0.042389,0.578068,-0.000137,-0.007011,-0.215855,-0.040259,0.061111,0.459741,1.565556,0.500000,1.626667,1,24.941257
25542.904442,1.894645,0.008559,-1.522993,-0.017037,0.574241,-0.000399,-0.013603,-0.417975,-0.037272,0.058366,0.462728,1.614968,0.500000,1.673333,1,24.988771
25542.940935,1.904524,0.003157,-1.309967,0.007703,0.569406,-0.007998,-0.001923,-0.560138,-0.029096,0.058739,0.470904,1.661261,0.500000,1.720000,1,25.037436
25542.946645,1.914422,0.014545,-0.808786,0.026069,0.566129,0.007216,-0.002446,0.271601,-0.026738,0.059807,0.473262,1.710193,0.500000,1.770000,1,25.085956
25542.964456,1.924239,0.016709,-0.315213,0.033185,0.562186,0.001554,-0.002051,-0.047372,-0.022468,0.059668,0.477532,1.756999,0.500000,1.816667,1,25.133816
25542.984445,1.933769,0.016608,0.060049,0.035244,0.560232,0.000489,-0.000524,-0.016640,-0.018722,0.061082,0.481278,1.805584,0.500000,1.866667,1,25.182256
25543.004430,1.943119,0.013898,0.333556,0.034698,0.558004,0.000366,-0.000091,-0.004092,-0.017032,0.062473,0.482968,1.850861,0.500000,1.913333,1,25.230181
25543.038795,1.952189,0.009991,0.474595,0.033155,0.556130,-0.005696,0.001608,-0.014206,-0.014016,0.064895,0.485984,1.898438,0.500000,1.963333,1,25.277239
25543.045235,1.961024,0.006632,0.534927,0.032329,0.553345,0.006054,-0.001148,0.014562,-0.012850,0.063298,0.487150,1.946702,0.500000,2.010000,1,25.325867
25543.064442,1.969741,0.004550,0.556007,0.027376,0.550478,0.000717,0.001258,0.040170,-0.010319,0.062345,0.489681,1.994322,0.500000,2.056667,1,25.374404
25543.084443,1.978142,0.003259,0.557635,0.019696,0.547952,0.000424,0.003238,0.100896,-0.010013,0.064206,0.489987,2.042461,0.500000,2.106667,1,25.422739
25543.104441,1.986390,0.002603,0.552896,0.007021,0.545393,0.000552,0.006475,0.201558,-0.011542,0.062144,0.488458,2.091189,0.500000,2.153333,1,25.471514
25543.139057,1.994561,0.002233,0.545400,-0.013321,0.542946,-0.005836,0.011960,0.539792,-0.012816,0.069582,0.487184,2.133751,0.500000,2.203333,1,25.518202
25543.144812,2.001166,0.002132,0.543558,-0.040489,0.541273,0.007734,0.009166,0.203834,-0.012595,0.058376,0.487405,2.191624,0.500000,2.250000,1,25.568504
25543.164440,2.010655,0.002229,0.550532,-0.078826,0.536254,0.001409,0.010756,0.397583,-0.013498,0.067996,0.486502,2.232004,0.500000,2.300000,1,25.617898
25543.184438,2.015840,-0.014777,0.095702,-0.109460,0.528583,0.004720,0.015358,0.476207,-0.014674,0.068484,0.485326,2.281516,0.500000,2.350000,1,25.663363
25543.204431,2.022451,-0.017638,-0.325159,-0.140207,0.520858,0.007068,0.020915,0.647605,-0.017304,0.066608,0.482696,2.330059,0.500000,2.396667,1,25.711826
25543.239740,2.028928,-0.013777,-0.567748,-0.179579,0.512271,0.014848,0.028551,1.364095,-0.017052,0.053291,0.482948,2.390042,0.500000,2.443333,1,25.764944
25543.245626,2.037182,-0.007223,-0.663062,-0.219579,0.502271,0.009749,0.015567,0.280166,-0.016943,0.054888,0.483057,2.441778,0.500000,2.496667,1,25.820023
25543.264438,2.044073,-0.004272,-0.691889,-0.259579,0.492271,0.003867,0.002462,0.117532,-0.011325,0.064158,0.484748,2.490790,0.502857,2.553372,1,25.870283
25543.284444,2.035600,-0.032690,-1.545561,-0.260419,0.482271,0.000856,-0.000006,-0.000930,-0.008325,0.065210,0.489133,2.540764,0.510696,2.602866,1,25.918231
25543.304439,2.024406,-0.040369,-2.400541,-0.261264,0.476721,0.000905,0.000044,-0.000718,-0.009680,0.063794,0.494302,2.590076,0.522449,2.648138,1,25.965859
25543.338992,2.014133,-0.034255,-2.984067,-0.261275,0.473542,0.009463,-0.007993,0.164443,-0.008116,0.059196,0.508143,2.640580,0.538381,2.692113,1,26.014815
25543.344585,2.004172,-0.023468,-3.345571,-0.259298,0.472351,-0.007315,0.007912,-0.141169,-0.003344,0.059332,0.528820,2.686721,0.559929,2.737355,1,26.064861
25543.364454,1.993726,-0.012322,-3.556624,-0.252902,0.470765,-0.000046,-0.000438,-0.017827,-0.000662,0.059252,0.552143,2.731510,0.585897,2.780212,1,26.114504
25543.384438,1.982327,-0.002638,-3.668185,-0.245969,0.469085,-0.000538,-0.001102,-0.035005,0.004011,0.057557,0.582239,2.773484,0.616025,2.820255,1,26.165084
25543.404414,1.970421,0.004610,-3.720976,-0.237518,0.465816,-0.001218,-0.001942,-0.059176,0.003186,0.059094,0.610036,2.813441,0.650009,2.857080,1,26.214419
25543.438103,1.958124,0.009309,-3.739792,-0.226631,0.462972,0.005104,-0.003925,-0.152269,-0.000232,0.062307,0.638725,2.851560,0.687509,2.890320,1,26.260842
25543.444698,1.945667,0.011720,-3.739860,-0.214029,0.461371,-0.009581,-0.002237,-0.046317,0.002047,0.060755,0.675705,2.882728,0.725349,2.917812,1,26.307097
25543.464418,1.933133,0.012172,-3.733500,-0.197262,0.458641,-0.001524,-0.002572,-0.081339,-0.000685,0.062908,0.709704,2.912761,0.765592,2.941648,1,26.352849
25543.484425,1.924220,0.016128,-3.589783,-0.182237,0.457798,-0.002252,-0.004681,-0.140215,-0.001524,0.058983,0.749908,2.938702,0.804805,2.960325,1,26.398524
25543.504422,1.915720,0.014957,-3.461875,-0.166391,0.456214,-0.003608,-0.007503,-0.223203,-0.003890,0.059780,0.790520,2.962165,0.848673,2.976550,1,26.444349
25543.537357,1.907481,0.010893,-3.366642,-0.150419,0.456546,-0.002997,-0.008135,-0.498352,-0.007655,0.063815,0.829880,2.982540,0.893866,2.988606,1,26.488201
25543.544444,1.899634,0.005999,-3.300457,-0.133032,0.460256,-0.006050,-0.010365,-0.166273,-0.010940,0.072634,0.863236,2.997625,0.936670,2.995973,1,26.526967
25543.564444,1.893513,0.002022,-3.272958,-0.117865,0.467921,-0.002596,-0.004765,-0.183975,-0.011515,0.074069,0.902088,3.007491,0.976614,2.999453,1,26.563770
25543.584444,1.891999,0.012028,-2.875208,-0.105063,0.471059,-0.002394,-0.006385,-0.193253,-0.019325,0.054102,0.949232,3.019325,1.003333,3.000000,2,26.610541
25543.604444,1.891057,0.010557,-2.539359,-0.097842,0.479006,-0.001944,-0.003344,-0.139041,-0.028237,0.058082,0.991918,3.028237,1.050000,3.000000,2,26.660207
25543.638348,1.891520,0.008523,-2.232224,-0.091634,0.484188,-0.002428,0.001322,-0.152594,-0.037560,0.057712,1.042288,3.037560,1.100000,3.000000,2,26.707762
25543.644436,1.894258,0.004806,-1.874924,-0.088542,0.483917,0.000727,-0.003969,0.045903,-0.043361,0.069511,1.077155,3.043361,1.146667,3.000000,2,26.751387
25543.664450,1.895990,0.000186,-1.748119,-0.086451,0.488299,-0.000480,-0.000763,-0.030665,-0.047460,0.071551,1.118449,3.047460,1.190000,3.000000,2,26.790299
25543.684444,1.899243,-0.002382,-1.611293,-0.081393,0.492494,-0.001008,-0.001745,-0.052810,-0.053128,0.066317,1.163683,3.053128,1.230000,3.000000,2,26.833269
25543.704422,1.902445,-0.004822,-1.527235,-0.078892,0.495944,-0.001070,-0.002367,-0.072069,-0.055161,0.068638,1.204695,3.055161,1.273333,3.000000,2,26.877118
25543.738091,1.905897,-0.006746,-1.488062,-0.071684,0.500429,-0.004300,-0.004085,-0.185837,-0.060980,0.057486,1.259180,3.060980,1.316667,3.000000,2,26.924512
25543.744591,1.910035,-0.008024,-1.469705,-0.064900,0.499901,0.001972,-0.003433,-0.068526,-0.061992,0.050321,1.313012,3.061992,1.363333,3.000000,2,26.977885
25543.764439,1.913792,-0.008506,-1.466944,-0.056776,0.496625,-0.000301,-0.002242,-0.075130,-0.062333,0.064373,1.352294,3.062333,1.416667,3.000000,2,27.025299
25543.784438,1.918802,-0.002808,-1.294970,-0.049373,0.497016,-0.001342,-0.003770,-0.138502,-0.063852,0.075997,1.387337,3.063852,1.463333,3.000000,2,27.063890
25543.804435,1.922775,-0.002375,-1.200105,-0.043684,0.500710,-0.000565,-0.005329,-0.164947,-0.062618,0.070120,1.433213,3.062618,1.503333,3.000000,2,27.104638
25543.837101,1.927795,-0.003406,-1.131676,-0.037054,0.502176,-0.004310,-0.006773,-0.316229,-0.061599,0.064871,1.478462,3.061599,1.543333,3.000000,2,27.149470
25543.844442,1.932742,-0.004536,-1.099091,-0.029061,0.502896,0.002717,-0.005975,-0.119914,-0.060106,0.060241,1.526426,3.060106,1.586667,3.000000,2,27.196478
25543.864460,1.937664,-0.005443,-1.090820,-0.021082,0.501167,-0.000119,-0.002807,-0.114214,-0.058591,0.065437,1.571229,3.058591,1.636667,3.000000,2,27.243297
25543.884447,1.943330,0.002896,-0.846723,-0.018059,0.498938,0.000270,-0.002824,-0.088117,-0.056598,0.065559,1.617774,3.056598,1.683333,3.000000,2,27.289287
25543.904439,1.949073,0.003685,-0.658539,-0.016727,0.495845,0.000416,-0.003149,-0.098348,-0.053952,0.062602,1.664065,3.053952,1.726667,3.000000,2,27.336323
25543.937920,1.954714,0.001710,-0.561529,-0.015363,0.491790,-0.002565,-0.002831,-0.173443,-0.051492,0.062968,1.710365,3.051492,1.773333,3.000000,2,27.382938
25543.944440,1.960380,-0.000243,-0.519798,-0.012372,0.487709,0.004091,-0.003074,-0.043051,-0.048855,0.062334,1.757666,3.048855,1.820000,3.000000,2,27.429800
25543.964439,1.966009,-0.001402,-0.502749,-0.008601,0.483525,0.000666,-0.001352,-0.056852,-0.045801,0.065687,1.804313,3.045801,1.870000,3.000000,2,27.476501
25543.984439,1.971051,0.002077,-0.384337,-0.006746,0.479123,0.000608,-0.000603,-0.026646,-0.043307,0.065987,1.850680,3.043307,1.916667,3.000000,2,27.523119
25544.004439,1.975701,0.003111,-0.272953,-0.004675,0.474425,0.000630,-0.000531,-0.016815,-0.040077,0.064917,1.898416,3.040077,1.963333,3.000000,2,27.570596
25544.037975,1.980044,0.002734,-0.187946,-0.002280,0.469716,-0.000640,-0.000724,-0.061251,-0.035673,0.057002,1.952998,3.035673,2.010000,3.000000,2,27.621905
25544.044449,1.985067,0.001336,-0.140298,0.002319,0.464701,0.002388,-0.001697,-0.021741,-0.035683,0.069219,1.990781,3.035683,2.060000,3.000000,2,27.669045
25544.064445,1.988442,0.000595,-0.126886,0.006556,0.465060,0.001213,-0.001190,-0.035260,-0.030700,0.059602,2.047065,3.030700,2.106667,3.000000,2,27.715727
25544.084445,1.992644,0.002363,-0.044014,0.010974,0.460473,0.000555,-0.002256,-0.070585,-0.028180,0.060789,2.092545,3.028180,2.153333,3.000000,2,27.766231
25544.104442,1.995847,0.002052,0.002594,0.013489,0.456343,0.000184,-0.002782,-0.094908,-0.023614,0.074550,2.128783,3.023614,2.203333,3.000000,2,27.808809
25544.137634,1.998379,0.001487,0.022248,0.016438,0.457589,-0.000058,-0.003556,-0.165242,-0.021347,0.061313,2.185353,3.021347,2.246667,3.000000,2,27.854639
25544.144447,2.002223,0.000834,0.037270,0.020239,0.452974,0.002530,-0.002867,-0.057676,-0.019272,0.060160,2.233174,3.019272,2.293333,3.000000,2,27.905886
25544.164441,2.005419,0.000429,0.039755,0.023754,0.448201,0.000747,-0.000925,-0.030652,-0.016541,0.062130,2.281203,3.016541,2.343333,3.000000,2,27.954603
25544.184438,2.007759,0.004974,0.187279,0.023657,0.442979,0.000663,-0.000180,-0.009695,-0.012745,0.063880,2.329454,3.012745,2.393333,3.000000,2,28.003455
25544.204444,2.009750,0.005426,0.291369,0.023765,0.438058,0.000508,-0.000011,-0.000302,-0.009665,0.066093,2.377240,3.009665,2.443333,3.000000,2,28.051879
25544.238111,2.011304,0.004432,0.355809,0.023039,0.433427,-0.000013,0.000650,-0.006193,-0.006586,0.064502,2.425498,3.006586,2.490000,3.000000,2,28.100134
25544.244456,2.012584,0.003074,0.383390,0.022983,0.428004,0.000979,-0.000543,0.005734,-0.002834,0.067104,2.472896,3.002834,2.540000,3.000000,2,28.148067
25544.264433,2.013705,0.002181,0.393087,0.023530,0.423746,0.000655,-0.000146,-0.004263,0.000089,0.066439,2.520228,2.999911,2.586667,3.000000,2,28.195392
25544.284444,2.014527,0.001716,0.396281,0.022955,0.419501,0.000516,0.000028,0.000167,0.005586,0.075820,2.557514,2.994414,2.633333,3.000000,2,28.238704
25544.304446,2.014962,0.001524,0.396805,0.023187,0.420696,0.000429,-0.000080,-0.001923,0.005668,0.061164,2.615503,2.994332,2.676667,3.000000,2,28.285328
25544.339531,2.015366,0.001397,0.396592,0.020634,0.416022,0.000647,0.000126,0.016230,0.007703,0.060745,2.662588,2.992297,2.723333,3.000000,2,28.336773
25544.345645,2.015554,0.000884,0.384204,0.018782,0.412115,0.000288,0.000203,-0.003593,0.009121,0.065967,2.710700,2.990879,2.776667,3.000000,2,28.385007
25544.364446,2.015700,0.000727,0.369785,0.017265,0.408176,0.000426,0.000102,0.005119,0.010385,0.066110,2.757223,2.989615,2.823333,3.000000,2,28.432544
25544.384445,2.015488,0.000089,0.340861,0.015786,0.405786,0.000486,0.000381,0.012186,0.011963,0.066071,2.803929,2.988037,2.870000,3.000000,2,28.479211
25544.404437,2.015172,0.000125,0.318026,0.013928,0.404762,0.000569,0.000863,0.027391,0.012533,0.065010,2.851656,2.987467,2.916667,3.000000,2,28.525848
25544.438983,2.014901,0.000432,0.306141,0.012208,0.404598,0.001215,0.001183,0.062240,0.013007,0.063360,2.899973,2.986993,2.963333,3.000000,2,28.573810
25544.446671,2.014682,0.000700,0.300509,0.009789,0.405302,0.000011,0.001302,0.026654,0.012734,0.066411,2.946923,2.987266,3.013333,3.000000,2,28.621791
25544.464444,2.014398,0.000884,0.298586,0.006866,0.406511,0.000285,0.000551,0.026591,0.011990,0.066562,2.993438,2.988010,3.060000,3.000000,2,28.668936
25544.484445,2.014074,-0.001128,0.245483,0.005170,0.408020,0.000270,0.000432,0.013678,0.012320,0.067066,3.039600,2.987680,3.106667,3.000000,2,28.715597
25544.504445,2.013745,-0.001810,0.180057,0.004118,0.410027,0.000133,0.000715,0.022512,0.011245,0.067615,3.085719,2.988755,3.153333,3.000000,2,28.761758
25544.539814,2.013400,-0.001195,0.145466,0.003124,0.412364,0.000566,-0.000189,0.031174,0.009571,0.066515,3.133485,2.990429,3.200000,3.000000,2,28.808570
25544.545799,2.013375,-0.001311,0.108824,0.001687,0.414053,0.000204,0.000434,-0.014428,0.007052,0.064935,3.181732,2.992948,3.246667,3.000000,2,28.856568
25544.564441,2.013507,-0.001066,0.079224,0.000301,0.415317,0.000189,0.000154,0.005942,0.004900,0.070062,3.226604,2.995100,3.296667,3.000000,2,28.903007
25544.584444,2.013541,-0.001198,0.048865,-0.000696,0.417663,0.000189,0.000262,0.008234,0.003558,0.067646,3.272354,2.996442,3.340000,3.000000,2,28.947879
25544.604440,2.013697,-0.000990,0.025189,-0.001655,0.419880,0.000071,0.000513,0.016141,0.000904,0.068594,3.318073,2.999096,3.386667,3.000000,2,28.993801
25544.640057,2.013859,-0.000609,0.013406,-0.004561,0.421948,-0.000199,0.001132,0.061490,-0.001160,0.069498,3.363835,3.001160,3.433333,3.000000,2,29.040003
25544.645410,2.014013,-0.000315,0.008257,-0.008140,0.424438,0.000060,0.001151,0.020958,-0.003999,0.070576,3.409424,3.003999,3.480000,3.000000,2,29.085562
25544.664443,2.014158,-0.000141,0.006166,-0.013335,0.427037,0.000060,0.001434,0.047323,-0.007252,0.070084,3.453250,3.007252,3.523333,3.000000,2,29.130572
25544.684449,2.014613,-0.002173,-0.056539,-0.018923,0.429771,-0.000070,0.002812,0.088411,-0.008028,0.074391,3.495609,3.008028,3.570000,3.000000,2,29.173780
25544.704448,2.015054,-0.002224,-0.101801,-0.026558,0.433142,0.000004,0.004730,0.148130,-0.010943,0.073396,3.539937,3.010943,3.613333,3.000000,2,29.216532
25544.740277,2.015629,-0.001731,-0.128231,-0.035480,0.435942,-0.000503,0.006770,0.334169,-0.010069,0.072801,3.583866,3.010069,3.656667,3.000000,2,29.260402
25544.745957,2.016139,-0.001160,-0.138972,-0.048228,0.438246,0.000643,0.005236,0.106997,-0.013266,0.070344,3.629656,3.013266,3.700000,3.000000,2,29.305465
25544.764449,2.016794,-0.000758,-0.141059,-0.064255,0.439167,0.000486,0.005301,0.222089,-0.011899,0.077847,3.665486,3.011899,3.743333,3.000000,2,29.347514
25544.784478,2.016835,-0.009254,-0.341454,-0.079497,0.439363,0.001147,0.003555,0.110960,-0.012822,0.074413,3.712254,3.012822,3.786667,3.000000,2,29.389151
25544.804439,2.017004,-0.015552,-0.716687,-0.091471,0.437267,0.001738,0.006346,0.197656,-0.015149,0.068732,3.757934,3.015149,3.826667,3.000000,2,29.434309
25544.839649,2.017363,-0.013145,-0.928959,-0.110518,0.436734,0.004422,0.008431,0.530074,-0.014761,0.069625,3.803708,3.014761,3.873333,3.000000,2,29.479586
25544.845032,2.017695,-0.009720,-1.044150,-0.136427,0.435424,0.001957,0.009640,0.119689,-0.015007,0.058947,3.857720,3.015007,3.916667,3.000000,2,29.528366
25544.864449,2.018237,-0.005940,-1.087877,-0.172181,0.431159,0.004424,0.007559,0.285941,-0.011966,0.074113,3.892553,3.011966,3.966667,3.000000,2,29.573064
25544.884448,2.014776,-0.018234,-1.461590,-0.195531,0.427012,0.005793,0.009195,0.276135,-0.006506,0.076673,3.936895,3.008375,4.013367,2.999821,2,29.613095
25544.904447,2.010965,-0.020770,-1.845134,-0.213855,0.423928,0.007558,0.011813,0.355441,0.002136,0.072182,3.981374,3.002725,4.053372,2.997143,2,29.656962
25544.940212,2.007540,-0.016844,-2.072312,-0.233590,0.422269,0.019236,0.012890,0.738248,0.007317,0.067393,4.028775,2.996438,4.096316,2.990636,2,29.702992
25544.945666,2.004543,-0.011809,-2.186755,-0.256715,0.419499,0.001264,0.009828,0.098721,0.008104,0.057369,4.081165,2.988534,4.138532,2.980426,2,29.752879
25544.964448,2.001468,-0.007187,-2.243349,-0.273122,0.412937,0.005520,0.003455,0.153980,0.014823,0.068075,4.117220,2.975700,4.185925,2.964146,2,29.799754
25544.984448,1.990718,-0.018151,-2.579712,-0.276655,0.409064,0.001574,0.000273,0.003947,0.016036,0.072030,4.160179,2.962333,4.231451,2.943205,2,29.842570
25545.004449,1.975349,-0.023564,-3.033535,-0.268872,0.406626,0.000366,-0.000290,-0.010278,0.018037,0.068754,4.198416,2.944574,4.266218,2.923235,2,29.886793
25545.039412,1.960127,-0.020728,-3.360321,-0.255594,0.405823,0.009581,-0.006259,0.032535,0.021094,0.071228,4.235266,2.923171,4.304602,2.896507,2,29.930427
25545.045124,1.944827,-0.014912,-3.575827,-0.237387,0.405748,-0.015091,0.003879,-0.137860,0.021288,0.061039,4.278484,2.894129,4.337864,2.868576,2,29.977852
25545.064447,1.926251,-0.007783,-3.727316,-0.213429,0.403953,-0.000377,-0.004371,-0.108257,0.026657,0.073874,4.301502,2.872300,4.370826,2.835392,2,30.021927
25545.084446,1.915852,-0.000967,-3.708316,-0.190473,0.407954,-0.004529,-0.006800,-0.200627,0.031057,0.073876,4.329167,2.842073,4.398534,2.801944,2,30.061382
25545.104449,1.902998,0.003373,-3.658434,-0.167496,0.412511,-0.006855,-0.011166,-0.329570,0.032200,0.072626,4.355226,2.812931,4.421446,2.769041,2,30.102473
25545.140136,1.890049,0.003874,-3.612704,-0.142556,0.418976,-0.005549,-0.014644,-0.779860,0.032396,0.068466,4.380935,2.779696,4.441648,2.734408,2,30.144178
25545.145995,1.877508,0.002304,-3.573294,-0.118306,0.427109,-0.014748,-0.013379,-0.203711,0.034999,0.061019,4.404282,2.737709,4.460325,2.695195,2,30.190195
25545.164446,1.862786,-0.000969,-3.538017,-0.093270,0.433193,-0.005442,-0.011579,-0.453155,0.035812,0.072234,4.420556,2.709334,4.476550,2.651327,2,30.233112
25545.184447,1.858431,0.013270,-3.154107,-0.080224,0.439460,-0.000634,-0.001658,-0.064983,0.036537,0.071324,4.436628,2.670999,4.487885,2.609398,2,30.272495
25545.204441,1.859078,0.026020,-2.368433,-0.080735,0.439570,-0.000189,0.000090,0.004672,0.035292,0.064941,4.450177,2.632331,4.494604,2.573262,2,30.314279
25545.241119,1.859699,0.018865,-1.831807,-0.086187,0.439500,-0.000990,0.008001,-0.075511,0.035770,0.065342,4.459462,2.593134,4.499096,2.530061,2,30.356017
25545.247440,1.860511,0.006480,-1.557545,-0.090676,0.439241,0.000608,-0.006376,0.083394,0.033635,0.052472,4.466365,2.542472,4.500000,2.490000,2,30.401204
25545.264449,1.861357,-0.003968,-1.443212,-0.094299,0.437036,0.000374,-0.000169,0.013386,0.022251,0.061086,4.477749,2.504420,4.500000,2.443333,2,30.445907
25545.284441,1.862465,-0.009643,-1.455467,-0.095818,0.438515,-0.000087,0.000369,0.011350,0.016089,0.062738,4.483911,2.462738,4.500000,2.400000,2,30.486955
25545.304413,1.863460,-0.011946,-1.491191,-0.095281,0.440482,-0.000107,0.000234,0.007068,0.010329,0.066936,4.489671,2.423603,4.500000,2.356667,2,30.527991
25545.337583,1.864671,-0.012358,-1.514929,-0.091208,0.443817,-0.001507,-0.000958,-0.026894,0.002474,0.067527,4.497526,2.384194,4.500000,2.316667,2,30.568306
25545.344411,1.866029,-0.012172,-1.527574,-0.084774,0.448057,0.000459,-0.001135,-0.032828,-0.004919,0.068027,4.504919,2.344694,4.500000,2.276667,2,30.608398
25545.364423,1.867306,-0.011940,-1.534910,-0.076894,0.453200,-0.000595,-0.002002,-0.061696,-0.010525,0.066898,4.510525,2.303564,4.500000,2.236667,2,30.649128
25545.384421,1.869657,-0.009350,-1.467464,-0.069412,0.457934,-0.001235,-0.003922,-0.119115,-0.018572,0.065066,4.518572,2.261733,4.500000,2.196667,2,30.690669
25545.404414,1.871793,-0.009150,-1.427753,-0.063718,0.462716,-0.001766,-0.005403,-0.164060,-0.022926,0.069748,4.522926,2.223081,4.500000,2.153333,2,30.731616
25545.438132,1.873828,-0.009505,-1.407478,-0.056256,0.467674,-0.004914,-0.007424,-0.317300,-0.025899,0.066808,4.525899,2.180141,4.500000,2.113333,2,30.773158
25545.444410,1.875953,-0.009715,-1.394165,-0.048020,0.471730,0.000339,-0.005101,-0.106672,-0.026320,0.066777,4.526320,2.136777,4.500000,2.070000,2,30.815975
25545.464419,1.877850,-0.010009,-1.392111,-0.039679,0.474959,-0.000532,-0.002336,-0.078479,-0.027740,0.065131,4.527740,2.095131,4.500000,2.030000,2,30.858356
25545.484415,1.882367,-0.000663,-1.111718,-0.036035,0.476801,-0.000527,-0.003133,-0.095603,-0.030367,0.066828,4.530367,2.053495,4.500000,1.986667,2,30.900258
25545.504477,1.886743,-0.000450,-0.943266,-0.033222,0.478701,-0.000168,-0.001019,-0.050304,-0.044546,0.068195,4.544546,2.011528,4.500000,1.943333,2,30.942695
25545.538587,1.891563,0.000562,-0.790244,-0.035065,0.481144,-0.003489,0.001587,-0.027619,-0.045153,0.063860,4.545153,1.967193,4.500000,1.903333,2,30.986222
25545.544436,1.896498,0.000215,-0.663167,-0.037270,0.482797,0.003521,-0.000562,0.050589,-0.052515,0.064742,4.552515,1.924742,4.500000,1.860000,2,31.029778
25545.564448,1.901461,-0.001305,-0.600541,-0.039375,0.485278,0.000099,0.000559,0.017559,-0.049001,0.068018,4.549001,1.881351,4.500000,1.813333,2,31.073167
25545.584414,1.906513,-0.003565,-0.605071,-0.036411,0.487334,0.000017,-0.000045,-0.002453,-0.046315,0.068895,4.546315,1.838895,4.500000,1.770000,2,31.116499
25545.604413,1.911627,-0.004071,-0.608144,-0.031183,0.489947,-0.000017,-0.001350,-0.041580,-0.044313,0.068122,4.544313,1.794788,4.500000,1.726667,2,31.159955
25545.638806,1.916911,-0.004082,-0.607745,-0.024164,0.491729,-0.004076,-0.003303,-0.139895,-0.041670,0.067468,4.541670,1.750801,4.500000,1.683333,2,31.204334
25545.644424,1.922112,-0.003984,-0.606079,-0.015998,0.493180,0.003531,-0.002581,-0.057879,-0.043383,0.067473,4.543383,1.707473,4.500000,1.640000,2,31.248176
25545.664414,1.927218,-0.003997,-0.608881,-0.008432,0.494496,0.000109,-0.002072,-0.069593,-0.044710,0.065928,4.544710,1.662594,4.500000,1.596667,2,31.292184
25545.684415,1.932885,0.001444,-0.450344,-0.005678,0.495762,-0.000033,-0.002691,-0.083147,-0.048725,0.066164,4.548725,1.619497,4.500000,1.553333,2,31.337053
25545.704409,1.938375,0.001621,-0.352399,-0.006541,0.497730,-0.000117,-0.002465,-0.076223,-0.050143,0.068946,4.550143,1.575613,4.500000,1.506667,2,31.380860
25545.738897,1.943817,0.000546,-0.303631,-0.009610,0.499640,-0.004164,-0.001257,-0.081306,-0.051164,0.067449,4.551164,1.530782,4.500000,1.463333,2,31.424840
25545.744576,1.949236,-0.000399,-0.282073,-0.015222,0.501956,0.003677,-0.000481,0.002408,-0.049521,0.067799,4.549521,1.487799,4.500000,1.420000,2,31.469489
25545.764413,1.954513,-0.000996,-0.274573,-0.021366,0.504811,0.000116,0.001579,0.048313,-0.049184,0.067865,4.549184,1.444531,4.500000,1.376667,2,31.513854
25545.784415,1.960206,-0.001112,-0.267955,-0.029686,0.508175,0.000156,0.003784,0.117541,-0.048062,0.069617,4.548062,1.399617,4.500000,1.330000,2,31.557955
25545.804442,1.965943,-0.001195,-0.264418,-0.040725,0.511407,0.000336,0.006539,0.202531,-0.046349,0.066591,4.546349,1.353258,4.500000,1.286667,2,31.603323
25545.846912,1.971679,-0.001351,-0.267605,-0.054944,0.514197,-0.005323,0.009491,0.509738,-0.044698,0.069662,4.544698,1.309662,4.500000,1.240000,2,31.648774
25545.852736,1.977173,-0.001438,-0.273729,-0.072768,0.515220,0.006672,0.007228,0.158442,-0.047702,0.048105,4.547702,1.244772,4.500000,1.196667,2,31.702061
25545.864405,1.984947,-0.001085,-0.265701,-0.104639,0.511118,0.001667,0.006149,0.164331,-0.044657,0.075593,4.544657,1.218926,4.500000,1.143333,2,31.748223
25545.884444,1.987426,-0.011574,-0.519844,-0.128894,0.508696,0.003265,0.011538,0.410292,-0.043957,0.086009,4.543957,1.182676,4.500000,1.096667,2,31.780789
25545.904442,1.990878,-0.016914,-0.834602,-0.149310,0.506999,0.006749,0.016513,0.449309,-0.041679,0.065289,4.541679,1.128623,4.500000,1.063333,2,31.823898
25545.938492,1.996443,-0.014011,-1.096631,-0.178599,0.503514,0.010431,0.020419,0.985419,-0.041133,0.063107,4.541133,1.083107,4.500000,1.020000,2,31.872151
25545.944441,2.001184,-0.010175,-1.198621,-0.217306,0.493514,0.007659,0.013183,0.221263,-0.033188,0.064126,4.535849,1.035597,4.499288,0.973332,2,31.917381
25545.964457,2.006186,-0.006865,-1.230194,-0.257306,0.483514,0.005205,0.003199,0.108959,-0.021417,0.068749,4.525865,0.991771,4.494626,0.926893,2,31.961545
25545.984445,1.998965,-0.029500,-1.965631,-0.245210,0.482758,0.003592,0.002633,0.074438,-0.011798,0.068580,4.513780,0.948322,4.486437,0.884332,2,32.005417
25546.004446,1.992730,-0.031913,-2.546250,-0.237984,0.481943,0.003091,0.002329,0.066103,-0.009432,0.066814,4.504573,0.903090,4.474592,0.842640,2,32.050155
25546.041452,1.987326,-0.025602,-2.916087,-0.232679,0.484009,0.008255,-0.005760,0.159998,-0.003027,0.068900,4.488311,0.860948,4.457851,0.799072,2,32.094751
25546.046985,1.980856,-0.018580,-3.165300,-0.223024,0.484588,-0.005659,0.004541,-0.120789,0.003418,0.066130,4.467450,0.819842,4.438730,0.760176,2,32.140161
25546.064445,1.973257,-0.011681,-3.330514,-0.213667,0.485562,-0.000900,0.000407,-0.024604,0.007123,0.065570,4.445230,0.778647,4.414457,0.720311,2,32.187170
25546.084456,1.966732,-0.003540,-3.375376,-0.207566,0.486687,0.000226,-0.000166,-0.010849,0.016146,0.064653,4.415093,0.743110,4.386571,0.682884,2,32.235043
25546.104422,1.960657,0.002522,-3.348874,-0.204742,0.486579,0.000330,-0.000315,-0.012682,0.015294,0.066146,4.390987,0.705985,4.355318,0.648220,2,32.282127
25546.166166,1.954634,0.005226,-3.307227,-0.205508,0.488130,0.008771,0.002318,-0.036017,0.017405,0.028344,4.331528,0.648161,4.320968,0.616621,2,32.344203
25546.171495,1.943956,0.005093,-3.237251,-0.213731,0.483073,-0.006077,-0.001397,0.036075,0.016248,0.030734,4.287036,0.609397,4.269938,0.579128,2,32.414470
25546.191479,1.935898,0.002881,-3.202258,-0.222881,0.479066,0.001319,0.000805,0.028613,0.016015,0.055327,4.252140,0.583193,4.208535,0.545563,2,32.468940
25546.252945,1.929133,-0.000400,-3.224780,-0.235160,0.479046,0.018086,0.002064,0.149112,0.013982,0.068293,4.219248,0.560902,4.158942,0.525935,2,32.512673
25546.258374,1.921124,-0.003674,-3.286810,-0.247221,0.479913,-0.016773,-0.000974,-0.115537,0.003236,0.011055,4.127277,0.519691,4.117290,0.513952,2,32.577593
25546.278345,1.901677,-0.005959,-3.435466,-0.258117,0.471003,0.001442,0.000847,0.031506,0.001280,0.035074,4.086355,0.507563,4.051601,0.502670,2,32.646303
25546.298404,1.892519,-0.007214,-3.501860,-0.271287,0.470008,0.001607,0.001141,0.030986,0.001296,0.056884,4.041892,0.499814,3.984995,0.500225,2,32.692137
25546.337574,1.882444,-0.008254,-3.582199,-0.282663,0.469851,0.013111,0.000930,0.109007,-0.003477,0.058974,3.996556,0.493093,3.938459,0.503802,2,32.734852
25546.343211,1.871545,-0.009342,-3.666178,-0.292764,0.469956,-0.010484,-0.000041,-0.069613,-0.010539,0.053571,3.945913,0.489516,3.895718,0.510996,2,32.779362
25546.358378,1.857323,-0.010043,-3.769135,-0.298848,0.468776,-0.000044,0.000257,0.005099,-0.009404,0.065894,3.914023,0.493598,3.853761,0.521864,2,32.818821
25546.378383,1.847092,-0.010567,-3.834294,-0.300000,0.468082,0.000396,0.000075,0.000836,-0.014878,0.061837,3.868022,0.498497,3.816000,0.535087,2,32.855512
25546.398392,1.834188,-0.010874,-3.906823,-0.295919,0.466882,-0.000134,-0.000143,-0.004929,-0.018881,0.056974,3.825494,0.508033,3.782414,0.549826,2,32.896584
25546.439558,1.821342,-0.010737,-3.956500,-0.286388,0.465154,0.011581,-0.000017,-0.012211,-0.021738,0.058317,3.783238,0.521852,3.744246,0.570361,2,32.937896
25546.445259,1.809121,-0.010297,-3.977015,-0.288820,0.460797,-0.012828,-0.000451,0.002043,-0.028390,0.045507,3.731404,0.542700,3.710713,0.592185,2,32.983838
25546.458381,1.792873,-0.010697,-3.976533,-0.279474,0.453966,0.000387,-0.000343,-0.011294,-0.025173,0.071382,3.711648,0.555303,3.673947,0.620936,2,33.021353
25546.478387,1.785984,-0.011273,-3.971965,-0.272241,0.455616,-0.000384,-0.000313,-0.011384,-0.027189,0.068483,3.676349,0.578257,3.647037,0.645858,2,33.053307
25546.498367,1.775535,-0.011896,-3.940022,-0.258255,0.453618,-0.000660,-0.000606,-0.021862,-0.024607,0.066646,3.649688,0.603849,3.624218,0.670170,2,33.090011
25546.541321,1.766357,-0.012442,-3.881360,-0.241236,0.452600,0.006974,0.002121,-0.135630,-0.026158,0.069333,3.621972,0.627516,3.601051,0.698604,2,33.124404
25546.547380,1.759031,-0.012514,-3.782877,-0.223349,0.455616,-0.007673,-0.003766,0.073154,-0.026317,0.054461,3.589700,0.665891,3.581849,0.725865,2,33.164230
25546.558396,1.750013,-0.015242,-3.649190,-0.203988,0.454584,-0.001462,-0.002486,-0.056319,-0.022528,0.075021,3.577485,0.683542,3.561270,0.760176,2,33.198812
25546.578357,1.747291,-0.015133,-3.566656,-0.186388,0.460681,-0.000587,-0.000941,-0.040273,-0.022700,0.073562,3.556564,0.713659,3.546261,0.789951,2,33.226878
25546.598369,1.746207,-0.011454,-3.302946,-0.171732,0.465797,-0.001458,-0.003021,-0.087883,-0.020262,0.069250,3.540880,0.745683,3.534476,0.817551,2,33.260860
25546.639094,1.745361,-0.013146,-3.092345,-0.157169,0.471117,-0.002870,0.001682,-0.265940,-0.016996,0.066830,3.527333,0.780143,3.523351,0.848985,2,33.296862
25546.644342,1.746293,-0.013011,-2.867428,-0.142079,0.475952,0.001285,-0.004308,0.170319,-0.005243,0.056916,3.521629,0.827747,3.513563,0.884332,2,33.338387
25546.658371,1.748546,-0.015650,-2.598488,-0.123214,0.475497,-0.001304,-0.003711,-0.117480,-0.002120,0.075362,3.515294,0.848794,3.505872,0.923595,2,33.373771
25546.678370,1.750488,-0.014903,-2.470683,-0.107352,0.482542,-0.001284,-0.002204,-0.098639,0.003158,0.077010,3.510906,0.883511,3.501601,0.960022,2,33.403439
25546.698378,1.754847,-0.010494,-2.186080,-0.093659,0.488225,-0.001152,-0.003511,-0.103706,0.007596,0.070871,3.509113,0.919291,3.500100,0.989996,2,33.438824
25546.739395,1.759891,-0.010015,-1.932531,-0.079237,0.493639,-0.007647,0.000249,-0.273470,0.007683,0.066523,3.507683,0.956810,3.500000,1.023333,2,33.475408
25546.744960,1.765884,-0.007379,-1.675572,-0.064820,0.498099,0.006938,-0.003116,0.159351,0.008373,0.053146,3.508373,1.006854,3.500000,1.060000,2,33.518841
25546.758371,1.774943,-0.008076,-1.401888,-0.046322,0.497371,-0.001180,-0.004440,-0.128505,0.010429,0.073028,3.510429,1.030306,3.500000,1.103333,2,33.557313
25546.778375,1.778919,-0.006619,-1.280159,-0.030697,0.503411,-0.000645,-0.002464,-0.113324,0.009253,0.075023,3.509253,1.068311,3.500000,1.143333,2,33.589481
25546.798373,1.786336,-0.000453,-0.987563,-0.018762,0.506972,-0.000139,-0.000866,-0.040152,0.010660,0.066321,3.510660,1.107013,3.500000,1.173333,2,33.627889
25546.840286,1.794312,0.003532,-0.666351,-0.006831,0.509082,-0.008825,0.001540,-0.195525,0.010371,0.066726,3.510371,1.146607,3.500000,1.213333,2,33.667535
25546.846030,1.802386,0.004947,-0.407821,0.005413,0.510215,0.009057,-0.003572,0.109567,0.014441,0.055249,3.514441,1.198084,3.500000,1.253333,2,33.712308
25546.858371,1.813762,0.002913,-0.203615,0.029531,0.509080,0.000240,-0.004742,-0.136948,0.011858,0.070248,3.511858,1.226418,3.500000,1.296667,2,33.753466
25546.878375,1.818606,0.004868,-0.101384,0.050270,0.510250,0.000496,-0.001328,-0.062942,0.010472,0.070802,3.510472,1.269198,3.500000,1.340000,2,33.790099
25546.898363,1.825988,0.014563,0.298511,0.068382,0.508646,0.001044,-0.004475,-0.134363,0.010980,0.065591,3.510980,1.311075,3.500000,1.376667,2,33.831662
25546.943944,1.833353,0.015356,0.582361,0.092059,0.508013,-0.005204,-0.007346,-0.596203,0.010817,0.064455,3.510817,1.352211,3.500000,1.416667,2,33.873850
25546.949524,1.840680,0.012910,0.728367,0.122049,0.507125,0.011107,-0.010502,-0.108888,0.014789,0.040994,3.514789,1.419006,3.500000,1.460000,2,33.926086
25546.958384,1.852463,0.009122,0.804155,0.162049,0.500248,0.002173,-0.007481,-0.189037,0.012346,0.076517,3.513777,1.433771,3.499899,1.510026,2,33.968003
25546.978380,1.853953,0.016004,0.970450,0.195437,0.497566,0.001555,-0.001258,-0.052088,-0.002148,0.077728,3.503305,1.475859,3.497143,1.553372,2,33.998434
25546.998404,1.851884,0.036957,1.744813,0.209149,0.493969,0.001815,-0.001894,-0.054597,-0.007051,0.064099,3.496744,1.518786,3.493035,1.583165,2,34.040289
25547.044903,1.850466,0.040002,2.325257,0.218346,0.494015,0.006069,0.003908,-0.420136,-0.014412,0.062982,3.485834,1.561056,3.483957,1.625639,2,34.085165
25547.050768,1.849940,0.035365,2.669140,0.227275,0.495549,0.001633,-0.009704,0.142994,-0.018223,0.034046,3.465436,1.628987,3.471228,1.667166,2,34.142006
25547.058378,1.850388,0.025951,2.924184,0.227892,0.490244,0.001426,-0.002770,-0.057891,-0.023843,0.073688,3.460164,1.642844,3.449234,1.719519,2,34.188829
25547.078372,1.850032,0.024029,2.954887,0.230668,0.496105,0.000994,-0.000312,-0.010822,-0.026102,0.074600,3.443350,1.683263,3.426756,1.760537,2,34.222812
25547.098373,1.846493,0.025322,3.144875,0.227969,0.500367,0.000623,0.000035,0.005897,-0.023730,0.064423,3.426185,1.722148,3.408401,1.788459,2,34.265674
25547.140222,1.843411,0.023442,3.275817,0.221176,0.504541,0.003514,0.002875,-0.006713,-0.025270,0.063566,3.403569,1.757956,3.381826,1.822814,2,34.309105
25547.146970,1.840915,0.019941,3.334678,0.211471,0.508501,-0.002808,-0.001776,0.027966,-0.027957,0.047654,3.366476,1.801315,3.352370,1.854733,2,34.359826
25547.158425,1.837565,0.016290,3.353747,0.194477,0.507851,-0.000826,0.002084,0.054828,-0.032700,0.069255,3.346117,1.821510,3.312491,1.890320,2,34.406709
25547.178399,1.836619,0.014319,3.330659,0.182536,0.514086,-0.000555,0.001454,0.066698,-0.034005,0.072396,3.316468,1.849630,3.274651,1.917812,2,34.445448
25547.198381,1.836992,0.009384,3.208644,0.167725,0.518620,-0.000039,0.000798,0.038673,-0.034311,0.064789,3.283134,1.875365,3.243216,1.936859,2,34.488159
25547.243878,1.839002,0.005401,3.010062,0.153516,0.522488,-0.003213,-0.002762,0.235201,-0.035307,0.064313,3.248648,1.897807,3.204386,1.956318,2,34.532302
25547.249868,1.842242,0.004092,2.806534,0.136468,0.525630,0.004449,0.005048,-0.138942,-0.030678,0.037897,3.189750,1.930923,3.164012,1.972335,2,34.587550
25547.258376,1.848063,0.007313,2.567191,0.113437,0.520787,-0.001329,0.005418,0.127052,-0.035635,0.076307,3.176059,1.936418,3.109398,1.987885,2,34.632518
25547.278384,1.849229,0.008325,2.527434,0.096438,0.527922,-0.001055,0.003285,0.153627,-0.034373,0.076272,3.137654,1.951306,3.066643,1.995539,2,34.664718
25547.298375,1.855089,0.001285,2.229320,0.082159,0.532938,0.000571,0.000897,0.046140,-0.032445,0.065687,3.096769,1.962124,3.033396,1.998883,2,34.706804
25547.343788,1.863000,-0.003445,1.841249,0.067737,0.535237,-0.009543,-0.004376,0.276176,-0.027618,0.063886,3.053886,1.972382,2.990000,2.000000,2,34.750270
25547.349389,1.870514,-0.003731,1.517676,0.060826,0.537113,0.009586,0.005624,-0.195815,-0.012487,0.041650,2.988317,1.987513,2.946667,2.000000,2,34.803848
25547.358388,1.882321,0.001532,1.227826,0.062397,0.531003,-0.000098,-0.000070,0.006735,-0.011500,0.078000,2.971333,1.988500,2.893333,2.000000,2,34.847435
25547.378392,1.885527,0.002047,1.177076,0.063593,0.530700,0.000330,-0.000087,-0.003410,-0.004428,0.079221,2.929221,1.995572,2.850000,2.000000,2,34.879130
25547.398384,1.893047,0.004088,1.102578,0.066025,0.526826,0.000702,-0.000568,-0.017045,0.000860,0.067122,2.887122,2.000860,2.820000,2.000000,2,34.920519
25547.443979,1.900529,0.005711,1.075266,0.067864,0.519928,-0.006826,-0.001247,-0.049619,0.005162,0.067552,2.844218,2.005162,2.776667,2.000000,2,34.964180
25547.449270,1.907861,0.006518,1.067005,0.071074,0.510117,0.009954,-0.000759,-0.021218,0.012483,0.041916,2.775250,2.012483,2.733333,2.000000,2,35.018727
25547.458384,1.919247,0.006676,1.062266,0.084814,0.500117,-0.000549,-0.003222,-0.077443,0.012799,0.087568,2.767568,2.012799,2.680000,2.000000,2,35.059199
25547.478372,1.920482,0.006967,1.068105,0.096563,0.490117,0.002418,-0.001458,-0.063505,0.012704,0.073876,2.713876,2.012704,2.640000,2.000000,2,35.091505
25547.498372,1.925655,0.013243,1.250194,0.110646,0.480117,0.000837,-0.000813,-0.038531,0.013348,0.062837,2.669503,2.013348,2.606667,2.000000,2,35.138461
25547.538167,1.928035,0.017204,1.485034,0.127288,0.470117,0.000412,0.001257,-0.209608,0.012872,0.064926,2.624926,2.012872,2.560000,2.000000,2,35.182876
25547.543870,1.929023,0.019283,1.723611,0.147681,0.460266,0.001281,-0.003640,0.104535,0.010366,0.055864,2.572531,2.010366,2.516667,2.000000,2,35.230153
25547.558385,1.929708,0.017615,1.931684,0.172043,0.450266,0.002297,-0.004287,-0.109190,0.007011,0.072092,2.538066,2.010693,2.466604,1.998883,2,35.274083
25547.578369,1.928743,0.018785,2.090010,0.197191,0.442636,0.002934,-0.002462,-0.105199,-0.001913,0.067701,2.490629,2.002579,2.423434,1.994103,2,35.315433
25547.598375,1.924812,0.023570,2.388141,0.216117,0.433965,0.001470,-0.000852,-0.033554,-0.006050,0.062271,2.446067,1.994930,2.384090,1.986379,2,35.361407
25547.638149,1.917726,0.026313,2.731374,0.229800,0.427704,0.010392,0.003397,-0.212716,-0.009589,0.063390,2.402253,1.984733,2.339148,1.973420,2,35.406640
25547.644242,1.909351,0.025418,3.015749,0.238439,0.422743,-0.007441,-0.003998,0.148505,-0.011403,0.056437,2.351782,1.968982,2.295614,1.956318,2,35.455126
25547.658374,1.898689,0.021052,3.245108,0.243763,0.416891,0.000079,-0.001032,-0.008607,-0.011108,0.069495,2.319829,1.959764,2.253869,1.935224,2,35.499192
25547.678383,1.890807,0.018360,3.352447,0.247656,0.415894,0.001545,-0.000381,-0.010314,-0.012816,0.064405,2.277378,1.938105,2.217026,1.912221,2,35.539962
25547.698375,1.880686,0.015895,3.464021,0.241830,0.411814,0.000322,0.000219,0.010885,-0.013044,0.063482,2.239628,1.916368,2.182319,1.886107,2,35.585199
25547.743240,1.869754,0.013300,3.532771,0.231732,0.410633,0.012969,0.001392,0.042466,-0.013320,0.063684,2.204814,1.892145,2.150009,1.857080,2,35.628459
25547.748983,1.859567,0.010374,3.542186,0.215752,0.410332,-0.013346,0.000094,-0.009145,-0.010559,0.040753,2.154876,1.849433,2.120340,1.825359,2,35.680469
25547.758375,1.843749,0.008791,3.505857,0.190909,0.406636,-0.000610,0.003009,0.073917,-0.016435,0.078135,2.145549,1.838090,2.087779,1.782974,2,35.723095
25547.778373,1.840224,0.007907,3.472855,0.167734,0.410706,-0.000753,0.002239,0.106473,-0.017860,0.078205,2.118820,1.805412,2.064776,1.746131,2,35.755162
25547.798375,1.835317,0.001250,3.242584,0.135886,0.412494,-0.000002,0.001966,0.095034,-0.017188,0.066600,2.095449,1.771811,2.050766,1.719519,2,35.796684
25547.838737,1.833292,-0.004873,2.866452,0.101033,0.413401,0.000695,-0.004280,0.465492,-0.019604,0.068139,2.076194,1.736244,2.033410,1.679704,2,35.838174
25547.844329,1.833075,-0.008802,2.404421,0.064521,0.413914,-0.000295,0.009297,-0.216345,-0.021385,0.058005,2.057462,1.691304,2.020511,1.641741,2,35.883251
25547.858377,1.833194,-0.004101,1.960877,0.024521,0.413647,-0.000110,0.006365,0.174589,-0.023015,0.070066,2.045445,1.660636,2.009364,1.596316,2,35.925420
25547.878379,1.834499,-0.010154,1.534175,-0.013813,0.414073,0.000523,0.002246,0.112460,-0.022655,0.069454,2.033608,1.623131,2.003225,1.556694,2,35.962655
25547.898371,1.836572,-0.021750,0.744419,-0.045206,0.412679,0.000760,0.001984,0.095075,-0.019349,0.065343,2.022356,1.584562,2.000402,1.520047,2,36.002151
25547.937455,1.838287,-0.025098,0.059613,-0.074371,0.412073,-0.000154,-0.003326,0.415258,-0.011237,0.065289,2.013444,1.544738,1.999598,1.479953,2,36.042025
25547.942982,1.839209,-0.026542,-0.519027,-0.101199,0.412482,0.001420,0.006909,-0.234024,0.003782,0.059925,1.999823,1.499933,1.996385,1.439987,2,36.085608
25547.958373,1.840306,-0.022139,-0.946259,-0.130006,0.413194,0.001233,0.003455,0.112328,0.011763,0.070384,1.992273,1.468433,1.989304,1.397134,2,36.126824
25547.978375,1.839576,-0.026470,-1.276074,-0.156529,0.416686,0.000812,0.001542,0.066317,0.018191,0.073212,1.982344,1.430399,1.978531,1.355058,2,36.164073
25547.998370,1.836618,-0.032560,-1.766146,-0.179133,0.420917,0.001629,0.003995,0.117108,0.022663,0.068469,1.970050,1.392335,1.966590,1.320296,2,36.204390
25548.040856,1.833689,-0.031926,-2.122555,-0.200087,0.426543,0.007043,-0.000653,0.382701,0.025391,0.066539,1.956617,1.354461,1.950691,1.283488,2,36.246060
25548.046671,1.829603,-0.033044,-2.434248,-0.217002,0.431988,-0.004984,0.002967,-0.248262,0.022421,0.048507,1.936968,1.301270,1.931894,1.248073,2,36.293930
25548.058385,1.822613,-0.031744,-2.804856,-0.231939,0.434372,0.001220,0.002554,0.062945,0.027312,0.072759,1.925180,1.281024,1.904508,1.206107,2,36.335768
25548.078377,1.819449,-0.030674,-2.915572,-0.241734,0.439939,0.000716,0.001221,0.034468,0.027198,0.070792,1.905074,1.246093,1.879660,1.174641,2,36.369925
25548.098351,1.812317,-0.031377,-3.144026,-0.247639,0.444916,0.000459,0.000666,0.025896,0.026132,0.067051,1.883447,1.213617,1.854733,1.147630,2,36.408721
25548.140713,1.805057,-0.030483,-3.318809,-0.249828,0.450024,0.008153,-0.002481,0.097950,0.024127,0.063686,1.860148,1.182502,1.827889,1.122523,2,36.448466
25548.146350,1.797709,-0.028942,-3.457452,-0.248484,0.455505,-0.007968,0.002435,-0.083729,0.019278,0.047311,1.823243,1.141049,1.796590,1.097465,2,36.495261
25548.158388,1.787817,-0.025840,-3.569299,-0.242093,0.457832,-0.000437,-0.000501,-0.012884,0.020971,0.068235,1.805346,1.124649,1.757678,1.071512,2,36.536022
25548.178371,1.783799,-0.024426,-3.590198,-0.235371,0.464411,-0.000166,-0.000271,-0.011956,0.017736,0.067626,1.775184,1.098221,1.722517,1.052243,2,36.569154
25548.198377,1.778686,-0.021528,-3.573114,-0.225692,0.470560,-0.000278,-0.000444,-0.018971,0.012950,0.061849,1.744239,1.074100,1.692113,1.038381,2,36.607298
25548.240702,1.774623,-0.019314,-3.518806,-0.212991,0.476396,0.002505,0.000370,-0.117417,0.009485,0.063170,1.711656,1.053013,1.654508,1.024472,2,36.645438
25548.246562,1.771878,-0.017404,-3.425437,-0.197907,0.482224,-0.002728,-0.002075,0.061823,0.003011,0.045109,1.662251,1.028081,1.619159,1.014406,2,36.690741
25548.258387,1.769006,-0.017996,-3.307285,-0.175576,0.482963,-0.001717,-0.003882,-0.099775,0.002821,0.067157,1.639281,1.018027,1.573262,1.005396,2,36.731250
25548.278374,1.768208,-0.017469,-3.243437,-0.156484,0.490486,-0.000279,-0.001149,-0.052834,-0.002458,0.068292,1.601700,1.003225,1.533396,1.001117,2,36.764210
25548.298378,1.771192,-0.010441,-2.942434,-0.138766,0.495565,-0.000067,-0.001159,-0.053548,-0.009285,0.063211,1.563211,0.990715,1.500000,1.000000,2,36.802980
25548.340604,1.775259,-0.007724,-2.639031,-0.121667,0.499798,-0.005480,0.002992,-0.261360,-0.018547,0.062854,1.526188,0.981453,1.463333,1.000000,2,36.841778
25548.346519,1.780060,-0.006794,-2.343715,-0.106370,0.504628,0.004874,-0.005316,0.152749,-0.026453,0.045697,1.469030,0.973547,1.423333,1.000000,2,36.888710
25548.358381,1.786790,-0.010545,-2.073793,-0.092267,0.504633,-0.001257,-0.003867,-0.102038,-0.029879,0.066355,1.443021,0.970121,1.376667,1.000000,2,36.931685
25548.378381,1.789568,-0.010693,-1.977163,-0.086083,0.511829,-0.000089,-0.000423,-0.019584,-0.033612,0.071806,1.405139,0.966388,1.333333,1.000000,2,36.965848
25548.398381,1.796734,-0.006443,-1.696696,-0.082508,0.517960,-0.000079,-0.000259,-0.012483,-0.037338,0.057504,1.357504,0.962662,1.300000,1.000000,2,37.008689
25548.440449,1.803989,-0.006912,-1.513595,-0.085231,0.521482,-0.007668,0.001965,-0.028067,-0.039278,0.058847,1.315514,0.960722,1.256667,1.000000,2,37.053262
25548.446329,1.811392,-0.009192,-1.422534,-0.089644,0.524538,0.008177,-0.001068,0.035493,-0.041417,0.050201,1.260201,0.958583,1.210000,1.000000,2,37.101291
25548.458375,1.821638,-0.011475,-1.386102,-0.095832,0.523897,0.000207,0.001349,0.036884,-0.042063,0.069045,1.232379,0.957937,1.163333,1.000000,2,37.144617
25548.478377,1.825791,-0.012617,-1.396833,-0.107063,0.526927,0.000336,0.000700,0.032072,-0.041399,0.074115,1.194115,0.958601,1.120000,1.000000,2,37.179686
25548.498375,1.832193,-0.016861,-1.517143,-0.116699,0.529236,0.000223,0.000616,0.027604,-0.039095,0.062073,1.148740,0.960905,1.086667,1.000000,2,37.220142
25548.537061,1.838156,-0.019289,-1.662553,-0.132275,0.531139,-0.004212,0.000035,0.170424,-0.035885,0.061085,1.104419,0.964115,1.043333,1.000000,2,37.263743
25548.543183,1.843667,-0.021332,-1.827530,-0.150108,0.532774,0.004909,0.002537,-0.074357,-0.031485,0.051376,1.051376,0.968515,1.000000,1.000000,2,37.310653
25548.558350,1.849641,-0.020993,-1.994010,-0.176850,0.532963,0.001499,0.002656,0.083019,-0.026306,0.062856,1.013402,0.970124,0.953279,1.002188,2,37.354491
25548.578372,1.852188,-0.024686,-2.176736,-0.202699,0.534625,0.001119,0.001182,0.049420,-0.020061,0.067665,0.973217,0.976240,0.910252,1.008121,2,37.392953
25548.598373,1.852881,-0.030315,-2.518312,-0.219964,0.534682,0.000912,0.000743,0.029513,-0.019832,0.055509,0.923105,0.982899,0.874361,1.016043,2,37.436162
25548.636666,1.852417,-0.031739,-2.832329,-0.240223,0.536357,0.003289,-0.002539,0.213704,-0.019159,0.059664,0.882659,0.990768,0.832834,1.028772,2,37.479725
25548.642410,1.850648,-0.031068,-3.102848,-0.253463,0.539008,-0.001459,0.003887,-0.152569,-0.019899,0.054299,0.830410,1.005548,0.789533,1.046455,2,37.524172
25548.658376,1.848078,-0.027248,-3.336845,-0.263277,0.540128,0.001176,0.001073,0.031901,-0.023328,0.063086,0.794051,1.014782,0.750965,1.066431,2,37.566608
25548.678377,1.845536,-0.025034,-3.458499,-0.272944,0.543873,0.000749,0.000331,0.010523,-0.023514,0.067313,0.756081,1.031918,0.714277,1.089680,2,37.604232
25548.698380,1.840891,-0.023271,-3.612772,-0.274549,0.546926,0.000378,0.000102,0.001348,-0.027892,0.064503,0.717413,1.049472,0.684907,1.111778,2,37.642728
25548.737435,1.835937,-0.020547,-3.726867,-0.272764,0.551725,0.004823,-0.002595,0.034660,-0.026922,0.064731,0.685912,1.071998,0.657239,1.135974,2,37.680472
25548.743234,1.830988,-0.017429,-3.798287,-0.264445,0.556027,-0.004501,0.002016,-0.038188,-0.029091,0.053193,0.643279,1.105643,0.629174,1.164608,2,37.724221
25548.758371,1.825356,-0.014201,-3.842925,-0.252476,0.556299,-0.000667,-0.000557,-0.021058,-0.032571,0.066125,0.615437,1.125680,0.601466,1.198056,2,37.764899
25548.778375,1.822502,-0.011460,-3.830210,-0.241893,0.561983,-0.000210,-0.000379,-0.017570,-0.034616,0.063993,0.583810,1.158393,0.578554,1.230959,2,37.801272
25548.798371,1.820553,-0.008147,-3.763244,-0.229797,0.565704,-0.000203,-0.000493,-0.022614,-0.038343,0.060754,0.555022,1.190971,0.559929,1.262645,2,37.841504
25548.837245,1.819759,-0.006113,-3.667762,-0.214884,0.568931,-0.000736,0.001016,-0.133655,-0.046331,0.061938,0.524857,1.223319,0.542326,1.298669,2,37.880391
25548.843241,1.820487,-0.004715,-3.540683,-0.198948,0.572512,0.000624,-0.002591,0.069559,-0.044719,0.055902,0.503758,1.268510,0.527665,1.335988,2,37.922780
25548.858372,1.821907,-0.006057,-3.405405,-0.175776,0.570526,-0.000808,-0.002298,-0.069074,-0.044941,0.065952,0.489116,1.299232,0.516043,1.374361,2,37.961655
25548.878377,1.824557,-0.004235,-3.258352,-0.154200,0.573149,-0.000472,-0.001256,-0.058052,-0.039272,0.068815,0.480750,1.338972,0.507532,1.413542,2,37.996611
25548.898378,1.830267,-0.000136,-2.963036,-0.131281,0.572756,-0.000383,-0.001612,-0.072812,-0.031416,0.065505,0.477810,1.381632,0.502511,1.449952,2,38.037161
25548.938559,1.837274,0.001762,-2.641402,-0.105903,0.569649,-0.008523,0.003401,-0.330285,-0.029650,0.068791,0.471835,1.420603,0.500101,1.489974,2,38.077740
25548.945430,1.845349,0.003671,-2.274438,-0.083244,0.569402,0.008617,-0.007711,0.169406,-0.026953,0.042291,0.473047,1.487709,0.500000,1.530000,2,38.128853
25548.958369,1.857269,-0.001207,-1.919016,-0.054347,0.562786,-0.000858,-0.004265,-0.140762,-0.022106,0.065903,0.477894,1.514097,0.500000,1.580000,2,38.176729
25548.978372,1.862916,0.002427,-1.695941,-0.031027,0.564745,-0.000030,-0.001430,-0.072588,-0.027381,0.068296,0.472619,1.561704,0.500000,1.630000,2,38.215968
25548.998381,1.873110,0.010721,-1.169117,-0.018190,0.562600,0.000278,-0.000914,-0.045054,-0.027100,0.061326,0.472900,1.605340,0.500000,1.666667,2,38.261473
25549.038477,1.883343,0.011211,-0.755718,-0.007889,0.561911,-0.009653,0.003454,-0.200982,-0.028905,0.066176,0.471095,1.647158,0.500000,1.713333,2,38.305027
25549.043924,1.893404,0.009541,-0.453664,0.000164,0.562047,0.009409,-0.004241,0.119763,-0.026438,0.049353,0.473562,1.707313,0.500000,1.756667,2,38.355339
25549.058371,1.905492,0.005577,-0.249154,0.007146,0.556535,0.001111,-0.001921,-0.046254,-0.016566,0.064003,0.483434,1.742663,0.500000,1.806667,2,38.404328
25549.078374,1.913356,0.004972,-0.142773,0.012951,0.556783,0.000476,-0.000836,-0.042053,-0.016919,0.067336,0.483081,1.789331,0.500000,1.856667,2,38.447340
25549.098403,1.923044,0.005972,0.002949,0.015727,0.556108,0.000298,-0.000184,-0.009486,-0.018448,0.064876,0.481552,1.835124,0.500000,1.900000,2,38.493318
25549.139512,1.932395,0.006038,0.132844,0.015596,0.555628,-0.008962,0.001430,-0.035382,-0.021745,0.064940,0.478255,1.881726,0.500000,1.946667,2,38.539533
25549.145404,1.941618,0.004696,0.206626,0.013033,0.554799,0.010136,-0.001016,0.036289,-0.022657,0.041837,0.477343,1.948163,0.500000,1.990000,2,38.595115
25549.158388,1.954349,0.002899,0.248608,0.009764,0.549292,-0.000276,0.000549,0.015783,-0.022198,0.074983,0.477802,1.971683,0.500000,2.046667,2,38.642364
25549.178374,1.959468,0.001611,0.238280,0.004003,0.551940,0.000394,0.000362,0.018920,-0.017060,0.070560,0.482940,2.022773,0.500000,2.093333,2,38.681629
25549.198376,1.968231,-0.000919,0.174966,0.000944,0.549883,0.000288,0.000213,0.010832,-0.022736,0.065496,0.477264,2.067837,0.500000,2.133333,2,38.729100
25549.239366,1.976650,-0.002024,0.105234,-0.010123,0.548614,-0.007522,-0.000091,0.116885,-0.018202,0.059109,0.481798,2.120891,0.500000,2.180000,2,38.778559
25549.245232,1.985205,-0.003954,0.004130,-0.024707,0.545086,0.009329,0.002498,-0.041583,-0.024058,0.039304,0.475942,2.190696,0.500000,2.230000,2,38.838563
25549.258385,1.996696,-0.003726,-0.112434,-0.054018,0.538701,0.000715,0.006540,0.182477,-0.017040,0.070027,0.482960,2.219973,0.500000,2.290000,2,38.889843
25549.278384,2.001303,-0.005976,-0.208263,-0.080122,0.536814,0.001563,0.003512,0.176179,-0.017174,0.072779,0.482826,2.270554,0.500000,2.343333,2,38.931031
25549.298380,2.007465,-0.016243,-0.575924,-0.107486,0.531521,0.001114,0.001618,0.078303,-0.021313,0.067573,0.478687,2.315760,0.500000,2.383333,2,38.977922
25549.340865,2.011553,-0.023489,-1.082784,-0.131029,0.527058,-0.001043,-0.005082,0.392018,-0.016848,0.061546,0.483152,2.368454,0.500000,2.430000,2,39.026804
25549.347923,2.014577,-0.025033,-1.540646,-0.154332,0.522594,0.003754,0.008079,-0.220723,-0.018386,0.040419,0.481614,2.439581,0.500000,2.480000,2,39.086380
25549.358373,2.018185,-0.018575,-1.951270,-0.185428,0.515616,0.002439,0.004596,0.095401,-0.008092,0.072941,0.487697,2.468005,0.501608,2.540062,2,39.137756
25549.378390,2.018782,-0.017525,-2.101724,-0.209657,0.513538,0.002703,0.002446,0.108358,0.002226,0.074065,0.497016,2.516486,0.508121,2.589748,2,39.178547
25549.398380,2.015876,-0.020422,-2.457468,-0.230260,0.510524,0.001220,0.000750,0.030197,-0.006012,0.069136,0.493265,2.563620,0.516893,2.628871,2,39.223561
25549.440247,2.009824,-0.020833,-2.837651,-0.246453,0.510458,0.010151,-0.006591,0.247055,-0.006421,0.068332,0.501322,2.611589,0.531049,2.673450,2,39.268376
25549.445930,2.002331,-0.017330,-3.143020,-0.260676,0.511314,-0.008082,0.007771,-0.195995,-0.003942,0.036666,0.528651,2.682022,0.547871,2.713494,2,39.326176
25549.458366,1.991470,-0.008595,-3.421268,-0.267928,0.505005,0.001512,0.000728,0.023689,-0.000661,0.064319,0.540552,2.709060,0.574995,2.763383,2,39.378279
25549.478352,1.986070,-0.005117,-3.503472,-0.272814,0.505739,0.000632,0.000167,0.003825,-0.000731,0.069032,0.562542,2.753234,0.605538,2.807245,2,39.418351
25549.498381,1.975016,-0.000872,-3.633596,-0.274418,0.506546,0.000620,0.000130,0.001566,-0.006942,0.059671,0.585985,2.798568,0.631424,2.837864,2,39.464218
25549.540869,1.963699,0.003351,-3.721066,-0.275638,0.509428,0.013844,-0.002550,0.033782,-0.009847,0.059553,0.613835,2.838182,0.664608,2.870826,2,39.510208
25645.013717,0.400000,0.020000,0.000000,-0.004263,0.510000,-0.031868,0.020644,0.016566,-0.010504,0.024888,1.485112,3.010504,1.510000,3.000000,0,0.525764
25645.045332,0.400000,0.020000,0.000000,-0.007918,0.520000,-0.330066,0.089212,2.033011,-0.016979,0.037556,1.485778,3.016979,1.523333,3.000000,0,0.527721
25645.050675,0.103138,0.087947,1.999566,-0.025055,0.530000,0.090348,-0.064824,-1.748151,-0.014081,0.034119,1.492547,3.014081,1.526667,3.000000,0,0.527721
25645.081737,0.199881,-0.000664,-0.025558,-0.026776,0.537733,-0.091000,0.002540,0.067000,-0.013992,0.036819,1.489847,3.013992,1.526667,3.000000,0,0.527721
25645.090727,0.144460,-0.000031,-0.001210,-0.032120,0.547733,0.020644,0.000002,0.000093,-0.014285,0.032779,1.493887,3.014285,1.526667,3.000000,0,0.527721
25645.110745,0.175795,-0.000000,-0.000004,-0.036337,0.557733,-0.015029,0.000166,0.003085,-0.013882,0.030914,1.495753,3.013882,1.526667,3.000000,0,0.527721
25645.130760,0.185048,0.000000,0.000000,-0.040018,0.567733,0.002717,0.000573,0.014391,-0.013401,0.026359,1.500308,3.013401,1.526667,3.000000,0,0.529041
25645.150755,0.212477,-0.002516,-0.063471,-0.042797,0.577733,-0.006396,0.001088,0.028629,-0.013329,0.022138,1.504528,3.013329,1.526667,3.000000,0,0.532800
25645.183327,0.231338,-0.003046,-0.080898,-0.045336,0.587733,-0.007811,0.001540,0.040929,-0.013679,0.018777,1.511223,3.013679,1.530000,3.000000,0,0.539414
25645.190751,0.265531,-0.003477,-0.092658,-0.047338,0.597733,0.019606,0.001146,0.027174,-0.013643,0.018264,1.518403,3.013643,1.536667,3.000000,0,0.548464
25645.210746,0.294851,-0.003828,-0.102271,-0.048950,0.607733,0.002863,0.000257,0.009983,-0.013372,0.020379,1.526287,3.013372,1.546667,3.000000,0,0.558136
25645.230732,0.324410,-0.006014,-0.157344,-0.049988,0.617733,0.003301,-0.000027,-0.000545,-0.014773,0.021384,1.535283,3.014773,1.556667,3.000000,0,0.568424
25645.250762,0.354952,-0.007021,-0.188463,-0.051167,0.627733,0.000580,0.000027,0.001030,-0.014153,0.022749,1.543918,3.014153,1.566667,3.000000,0,0.579077
25645.285998,0.383322,-0.007723,-0.208405,-0.051549,0.637733,-0.014947,0.000332,0.009732,-0.014587,0.022674,1.553992,3.014587,1.576667,3.000000,0,0.590528
25645.291474,0.418013,-0.008403,-0.228638,-0.051336,0.647733,0.025337,-0.000440,-0.013353,-0.014479,0.024598,1.565402,3.014479,1.590000,3.000000,0,0.603449
25645.310762,0.451211,-0.008999,-0.246505,-0.050458,0.657733,-0.008341,-0.000003,0.000553,-0.014633,0.029231,1.574102,3.014633,1.603333,3.000000,0,0.615649
25645.330755,0.470943,-0.009358,-0.257281,-0.049632,0.667733,0.006654,-0.000198,-0.006531,-0.014566,0.027078,1.586256,3.014566,1.613333,3.000000,0,0.627731
25645.350762,0.507199,-0.009759,-0.271482,-0.047919,0.677733,0.008397,-0.000440,-0.012403,-0.015126,0.025976,1.600690,3.015126,1.626667,3.000000,0,0.642458
25645.384879,0.545630,-0.010252,-0.286969,-0.045817,0.687733,-0.018785,-0.000537,-0.013316,-0.015116,0.024946,1.615054,3.015116,1.640000,3.000000,0,0.659662
25645.390746,0.578606,-0.010736,-0.302888,-0.043450,0.697733,0.026137,-0.001094,-0.028962,-0.015912,0.025456,1.631211,3.015912,1.656667,3.000000,0,0.677445
25645.410757,0.613826,-0.011270,-0.321089,-0.041077,0.707733,0.004599,-0.000295,-0.010886,-0.016346,0.028698,1.647969,3.016346,1.676667,3.000000,0,0.696070
25645.430756,0.649700,-0.010200,-0.299789,-0.038838,0.716643,0.004676,-0.000517,-0.014298,-0.015716,0.028391,1.664942,3.015716,1.693333,3.000000,0,0.715305
25645.450756,0.685896,-0.010178,-0.298189,-0.036001,0.724763,0.002387,-0.001104,-0.029503,-0.014652,0.032351,1.680983,3.014652,1.713333,3.000000,0,0.733747
25645.485878,0.720053,-0.010438,-0.307859,-0.032274,0.733068,-0.021430,-0.001998,-0.054917,-0.014001,0.034472,1.698861,3.014001,1.733333,3.000000,0,0.753091
25645.491900,0.754726,-0.010725,-0.319923,-0.028200,0.741074,0.033274,-0.001917,-0.048858,-0.014939,0.027240,1.722760,3.014939,1.750000,3.000000,0,0.776443
25645.510794,0.797773,-0.011185,-0.338962,-0.024218,0.743446,0.000965,-0.000683,-0.024406,-0.014043,0.033339,1.739994,3.014043,1.773333,3.000000,0,0.799549
25645.530761,0.829136,-0.008199,-0.272379,-0.020507,0.749923,0.006996,-0.000889,-0.024710,-0.014055,0.035507,1.761160,3.014055,1.796667,3.000000,0,0.820724
25645.550756,0.868335,-0.007145,-0.233085,-0.016678,0.754769,0.004182,-0.001808,-0.048769,-0.013094,0.036944,1.783056,3.013094,1.820000,3.000000,0,0.844371
25645.586479,0.904731,-0.007057,-0.227390,-0.012827,0.759310,-0.018754,-0.003159,-0.093614,-0.012435,0.036642,1.806692,3.012435,1.843333,3.000000,0,0.869598
25645.593257,0.943277,-0.007147,-0.232243,-0.008541,0.761980,0.031554,-0.002295,-0.054944,-0.010863,0.032635,1.834031,3.010863,1.866667,3.000000,0,0.897484
25645.610766,0.985728,-0.007313,-0.241877,-0.003713,0.760524,0.002048,-0.002148,-0.067869,-0.010263,0.042893,1.853774,3.010263,1.896667,3.000000,0,0.923990
25645.630756,1.015438,-0.004561,-0.186303,0.000811,0.764252,0.004895,-0.000449,-0.016014,-0.009315,0.044893,1.878440,3.009315,1.923333,3.000000,0,0.948201
25645.650753,1.051824,-0.001006,-0.074200,0.004557,0.767466,0.004813,-0.000941,-0.025797,-0.007691,0.042477,1.904190,3.007691,1.946667,3.000000,0,0.975561
25645.686193,1.087986,0.000080,-0.018649,0.007962,0.770268,-0.018181,-0.002125,-0.072331,-0.006535,0.041495,1.931838,3.006535,1.973333,3.000000,0,1.004541
25645.692372,1.124858,0.000286,0.001168,0.010874,0.771208,0.031884,-0.001356,-0.025231,-0.005178,0.039332,1.964001,3.005178,2.003333,3.000000,0,1.035999
25645.710762,1.166304,0.000264,0.007252,0.013655,0.768053,0.000405,-0.000639,-0.023672,-0.004166,0.046422,1.986911,3.004166,2.033333,3.000000,0,1.065666
25645.730754,1.194539,0.002922,0.073378,0.015888,0.770727,0.004002,-0.000567,-0.015342,-0.002021,0.047927,2.015406,3.002021,2.063333,3.000000,0,1.093820
25645.750751,1.228672,0.004144,0.132047,0.017742,0.773239,0.004687,-0.001059,-0.028761,-0.000909,0.047585,2.045748,3.000909,2.093333,3.000000,0,1.125276
25645.785922,1.263306,0.004307,0.157449,0.019022,0.774519,-0.018738,-0.000852,-0.042644,-0.000245,0.047900,2.075434,3.000245,2.123333,3.000000,0,1.157640
25645.791743,1.296544,0.004993,0.184553,0.018932,0.775974,0.031303,0.000416,0.028863,0.001752,0.043557,2.113110,2.998248,2.156667,3.000000,0,1.193187
25645.810762,1.336436,0.005779,0.226881,0.018971,0.772008,-0.000131,-0.000003,-0.001446,0.002279,0.050264,2.139736,2.997721,2.190000,3.000000,0,1.227782
25645.830782,1.363672,0.005758,0.240224,0.019023,0.773672,0.004061,-0.000034,-0.000157,0.004427,0.054037,2.172630,2.995573,2.226667,3.000000,0,1.260068
25645.850757,1.396332,0.005651,0.249965,0.019445,0.774382,0.004727,-0.000147,-0.003146,0.005224,0.053388,2.206612,2.994776,2.260000,3.000000,0,1.294920
25645.885850,1.429270,0.005536,0.256670,0.018637,0.774243,-0.016715,0.000156,0.000617,0.006782,0.051876,2.241457,2.993218,2.293333,3.000000,0,1.331076
25645.891714,1.461248,0.005407,0.261653,0.018332,0.773109,0.029571,-0.000038,0.005895,0.006897,0.047044,2.282956,2.993103,2.330000,3.000000,0,1.370960
25645.910783,1.498900,0.005259,0.267079,0.015630,0.767330,0.000103,0.000323,0.011913,0.007983,0.056849,2.313151,2.992017,2.370000,3.000000,0,1.409182
25645.930753,1.524455,0.004583,0.257552,0.014259,0.767111,0.004160,0.000346,0.010941,0.008279,0.057266,2.349400,2.991721,2.406667,3.000000,0,1.444656
25645.950746,1.554949,0.004016,0.241742,0.011487,0.765873,0.004541,0.001074,0.032153,0.008550,0.055790,2.387543,2.991450,2.443333,3.000000,0,1.483677
25645.987012,1.585425,0.003843,0.235279,0.008289,0.763010,-0.016726,0.002234,0.083397,0.009010,0.058439,2.424895,2.990990,2.483333,3.000000,0,1.523339
25645.993168,1.614544,0.003793,0.235042,0.004957,0.760824,0.026466,0.001365,0.033452,0.008793,0.053281,2.470053,2.991207,2.523333,3.000000,0,1.565745
25646.010770,1.648721,0.003679,0.237105,0.000430,0.754024,-0.001602,0.001661,0.058752,0.008156,0.066759,2.496575,2.991844,2.563333,3.000000,0,1.603392
25646.030759,1.668351,0.001293,0.187052,-0.003210,0.754833,-0.000001,0.000946,0.027830,0.007305,0.073138,2.530195,2.992695,2.603333,3.000000,0,1.635678
25646.050761,1.692222,-0.000993,0.089860,-0.005640,0.756894,-0.002839,0.001628,0.047808,0.011397,0.074641,2.558692,2.988603,2.633333,3.000000,0,1.668375
25646.087046,1.713075,-0.000939,0.041949,-0.007851,0.760308,-0.009289,0.002085,0.104216,0.008858,0.054660,2.612006,2.991142,2.666667,3.000000,0,1.709946
25646.092898,1.746400,-0.000591,0.020168,-0.012071,0.754749,0.027487,0.001902,0.029668,0.006330,0.039066,2.667600,2.993670,2.706667,3.000000,0,1.764351
25646.110773,1.780590,-0.000210,0.011069,-0.016828,0.745587,0.003356,0.001750,0.066502,0.004175,0.056698,2.706635,2.995825,2.763333,3.000000,0,1.814135
25646.130758,1.803424,-0.002799,-0.053665,-0.022156,0.741717,0.004837,0.001403,0.041979,0.001241,0.060932,2.752402,2.998759,2.813333,3.000000,0,1.859020
25646.150758,1.829442,-0.004941,-0.169088,-0.025223,0.736855,0.004171,0.000981,0.039327,-0.002134,0.059253,2.797414,3.002134,2.856667,3.000000,0,1.905368
25646.187257,1.854170,-0.005693,-0.257479,-0.027266,0.733033,-0.012650,-0.000168,0.062534,-0.004661,0.060682,2.842651,3.004661,2.903333,3.000000,0,1.952070
25646.192885,1.877820,-0.005909,-0.342839,-0.028205,0.729520,0.021611,0.001312,-0.026045,-0.007041,0.054030,2.895970,3.007041,2.950000,3.000000,0,2.002739
25646.210762,1.904933,-0.004748,-0.392556,-0.026334,0.723642,0.002323,0.000058,0.004443,-0.009244,0.064040,2.935960,3.009244,3.000000,3.000000,0,2.051155
25646.230758,1.924057,-0.004178,-0.413715,-0.025661,0.721707,0.003238,-0.000129,-0.005686,-0.012214,0.066769,2.983231,3.012214,3.050000,3.000000,0,2.096004
25646.250757,1.945700,-0.003548,-0.431586,-0.024714,0.718561,0.003660,-0.000368,-0.013362,-0.014230,0.062017,3.031316,3.014230,3.093333,3.000000,0,2.144428
25646.287096,1.967288,-0.002953,-0.441115,-0.021837,0.714451,-0.010652,-0.001400,-0.051904,-0.015426,0.064198,3.079135,3.015426,3.143333,3.000000,0,2.194166
25646.293068,1.988081,-0.002455,-0.446238,-0.017644,0.709741,0.019012,-0.000813,-0.028827,-0.017600,0.056706,3.136628,3.017600,3.193333,3.000000,0,2.247858
25646.310775,2.012169,-0.002011,-0.451108,-0.013190,0.702668,0.002181,-0.001185,-0.050049,-0.019279,0.068483,3.178184,3.019279,3.246667,3.000000,0,2.299125
25646.330762,2.028680,0.000405,-0.404226,-0.009714,0.698570,0.003128,-0.000827,-0.027925,-0.020839,0.068738,3.227929,3.020839,3.296667,3.000000,0,2.346590
25646.350759,2.047492,0.002200,-0.316296,-0.007155,0.693353,0.003379,-0.001494,-0.049132,-0.022427,0.065221,3.278112,3.022427,3.343333,3.000000,0,2.396890
25646.387426,2.065990,0.001782,-0.268523,-0.005487,0.687888,-0.007874,-0.001363,-0.103998,-0.024331,0.066891,3.329776,3.024331,3.396667,3.000000,0,2.448937
25646.392777,2.084609,0.001070,-0.245368,-0.004420,0.682350,0.017522,-0.001516,-0.017099,-0.025990,0.056137,3.390530,3.025990,3.446667,3.000000,0,2.505695
25646.410793,2.105887,0.000430,-0.236131,-0.005551,0.675311,0.002542,-0.000583,-0.027858,-0.027577,0.068007,3.435327,3.027577,3.503333,3.000000,0,2.559335
25646.430759,2.120358,0.001559,-0.202769,-0.011451,0.671309,0.002614,0.001463,0.046756,-0.030348,0.070762,3.485905,3.030348,3.556667,3.000000,0,2.608589
25646.450759,2.135698,0.002101,-0.153640,-0.022852,0.666647,0.003468,0.004347,0.140582,-0.031589,0.068166,3.538501,3.031589,3.606667,3.000000,0,2.661135
25646.487504,2.151253,0.001566,-0.128883,-0.038928,0.660755,-0.004532,0.008044,0.407808,-0.032505,0.066040,3.593960,3.032505,3.660000,3.000000,0,2.715697
25646.492895,2.167134,0.000940,-0.119805,-0.063257,0.653238,0.015314,0.006541,0.153222,-0.033784,0.055758,3.657575,3.033784,3.713333,3.000000,0,2.774766
25646.510774,2.184933,0.000784,-0.107754,-0.100241,0.643238,0.004579,0.008388,0.348104,-0.033139,0.069588,3.703746,3.033139,3.773333,3.000000,0,2.830756
25646.530762,2.195094,-0.012485,-0.412991,-0.135180,0.633238,0.005820,0.006127,0.192072,-0.033495,0.071344,3.758656,3.033495,3.830000,3.000000,0,2.881992
25646.550759,2.204318,-0.022642,-1.045316,-0.158462,0.623238,0.007923,0.010498,0.333607,-0.032580,0.067046,3.812954,3.032580,3.880000,3.000000,0,2.936215
25646.588058,2.213765,-0.016608,-1.425995,-0.186787,0.615109,0.013522,0.007900,0.858548,-0.031590,0.063082,3.870251,3.031590,3.933333,3.000000,0,2.991742
25646.593426,2.224849,-0.007128,-1.622149,-0.221459,0.605109,0.013873,0.014422,0.085318,-0.024017,0.058015,3.931985,3.024017,3.990000,3.000000,0,3.050613
25646.610771,2.237027,0.002099,-1.731123,-0.252554,0.595109,0.013617,0.008533,0.314273,-0.010319,0.075831,3.975630,3.015346,4.050048,2.997489,0,3.104530
25646.630761,2.242181,-0.003129,-1.987110,-0.255667,0.585109,0.005383,0.000483,0.000880,0.005327,0.080138,4.023346,3.000578,4.102866,2.989304,0,3.153170
25646.650759,2.237191,-0.009984,-2.578285,-0.233963,0.576099,0.001513,-0.001127,-0.042912,0.015970,0.075950,4.070866,2.984800,4.148138,2.977551,0,3.205085
25646.686766,2.230184,-0.003137,-3.010864,-0.202320,0.572931,0.002632,-0.014678,-0.087863,0.023900,0.074781,4.120139,2.966723,4.198267,2.959010,0,3.258737
25646.692381,2.221116,0.009213,-3.290947,-0.162652,0.571918,-0.013411,0.006990,-0.238040,0.038500,0.070159,4.166109,2.936248,4.246131,2.935224,0,3.315808
25646.710765,2.207018,0.024550,-3.486511,-0.122652,0.571258,-0.005334,-0.010203,-0.295906,0.046035,0.085800,4.197420,2.917697,4.293893,2.904508,0,3.368352
25646.730755,2.200881,0.041818,-3.342013,-0.082652,0.575338,-0.005343,-0.014910,-0.495878,0.049955,0.086166,4.237978,2.891576,4.335392,2.870826,0,3.416798
25646.750756,2.196498,0.053019,-3.111051,-0.052844,0.579034,-0.006699,-0.021824,-0.723784,0.056033,0.087640,4.270481,2.862804,4.370826,2.835392,0,3.467496
25646.787715,2.192040,0.053085,-2.941041,-0.023426,0.582641,-0.010307,-0.017771,-1.590696,0.060513,0.081258,4.305617,2.826113,4.402535,2.796590,0,3.520597
25646.793608,2.188686,0.048001,-2.825156,-0.003041,0.586122,-0.006240,-0.023915,-0.325105,0.073354,0.077951,4.329256,2.782301,4.431894,2.751927,0,3.577966
25646.810766,2.183648,0.040070,-2.735944,0.019920,0.588966,-0.003415,-0.017407,-0.708636,0.066223,0.088708,4.361338,2.755864,4.457674,2.701331,0,3.630083
25646.830756,2.183847,0.056990,-2.229006,0.023195,0.593114,-0.000129,-0.000266,-0.011285,0.076413,0.089117,4.376750,2.713138,4.476550,2.651327,0,3.678299
25646.850755,2.188614,0.072123,-1.009406,0.011512,0.595999,-0.000558,0.001040,0.054378,0.082862,0.086084,4.389359,2.672667,4.488606,2.606134,0,3.727589
25646.887451,2.194736,0.051111,-0.292742,-0.007501,0.599241,-0.006198,0.017096,0.123472,0.071998,0.086204,4.415467,2.634178,4.496775,2.556694,0,3.773622
25646.893328,2.202050,0.027983,0.026676,-0.037035,0.600834,0.006601,-0.005257,0.230573,0.068891,0.075762,4.429503,2.584392,4.499899,2.510026,0,3.821173
25646.910771,2.210609,0.011451,0.175357,-0.069246,0.601175,0.000707,0.008592,0.330806,0.058991,0.087126,4.441009,2.550459,4.500000,2.463333,0,3.864536
25646.930786,2.215820,-0.005177,-0.037505,-0.094818,0.601515,0.001743,0.005201,0.167929,0.048023,0.086789,4.451977,2.506789,4.500000,2.420000,0,3.904118
25646.950758,2.221477,-0.018748,-0.600502,-0.108071,0.599913,0.002435,0.008410,0.273136,0.031795,0.085266,4.468205,2.465266,4.500000,2.380000,0,3.947269
25646.986565,2.227415,-0.014872,-0.935485,-0.118506,0.598854,0.000856,0.005124,0.609957,0.018815,0.085230,4.481185,2.421897,4.500000,2.336667,0,3.990796
25646.992498,2.233402,-0.007555,-1.110086,-0.124462,0.597045,0.006354,0.010835,0.063937,0.013575,0.075086,4.486425,2.368419,4.500000,2.293333,0,4.039692
25647.010761,2.240223,-0.000468,-1.204804,-0.122000,0.591107,0.000550,0.000917,0.080763,0.002264,0.087700,4.497736,2.334367,4.500000,2.246667,0,4.085180
25647.030759,2.242051,-0.006928,-1.493412,-0.111936,0.589664,-0.000386,-0.001879,-0.062924,-0.010084,0.089904,4.510084,2.289904,4.500000,2.200000,0,4.125713
25647.050756,2.244072,-0.005498,-1.788378,-0.096382,0.589162,-0.001420,-0.005144,-0.169907,-0.014208,0.081557,4.514208,2.241557,4.500000,2.160000,0,4.171716
25647.087158,2.246056,0.000712,-1.957786,-0.077462,0.588395,-0.005382,-0.012071,-0.440484,-0.019721,0.080093,4.519721,2.193427,4.500000,2.113333,0,4.219791
25647.092808,2.247731,0.007097,-2.043276,-0.058236,0.587667,-0.000064,-0.003264,-0.194012,-0.029947,0.069344,4.529947,2.136011,4.500000,2.066667,0,4.272474
25647.110769,2.249107,0.012303,-2.101053,-0.040354,0.584173,-0.002032,-0.006916,-0.294519,-0.033869,0.082972,4.533869,2.096306,4.500000,2.013333,0,4.322172
25647.130759,2.251346,0.026377,-1.845546,-0.031735,0.583439,-0.000019,-0.002022,-0.067533,-0.034115,0.081582,4.534115,2.044915,4.500000,1.963333,0,4.368268
25647.150754,2.255882,0.035240,-1.330329,-0.028243,0.580348,-0.000159,-0.002892,-0.097072,-0.052141,0.082086,4.552141,1.998752,4.500000,1.916667,0,4.417180
25647.184728,2.260230,0.028707,-1.018997,-0.031910,0.577548,-0.002909,0.003258,-0.160005,-0.051332,0.079493,4.551332,1.946160,4.500000,1.866667,0,4.466706
25647.191253,2.264984,0.019862,-0.850419,-0.032946,0.573330,0.004466,-0.006396,0.030925,-0.052161,0.071020,4.552161,1.887687,4.500000,1.816667,0,4.521282
25647.210773,2.270856,0.011908,-0.764190,-0.029275,0.566996,-0.000224,-0.000004,-0.033980,-0.053151,0.082577,4.553151,1.845911,4.500000,1.763333,0,4.572397
25647.230757,2.274633,0.010935,-0.683020,-0.026329,0.563024,0.000693,-0.000705,-0.024095,-0.053815,0.079929,4.553815,1.793263,4.500000,1.713333,0,4.620699
25647.250757,2.279224,0.009106,-0.603339,-0.022876,0.557859,0.000802,-0.001547,-0.052827,-0.048140,0.078621,4.548140,1.741955,4.500000,1.663333,0,4.672505
25647.282467,2.283656,0.007003,-0.562315,-0.015756,0.552090,-0.001209,-0.000123,-0.103630,-0.052217,0.077940,4.552217,1.691274,4.500000,1.613333,0,4.723468
25647.290724,2.287749,0.007886,-0.484238,-0.012451,0.546270,0.002356,-0.001015,0.037959,-0.055222,0.081185,4.555222,1.641185,4.500000,1.560000,0,4.774094
25647.310748,2.291352,0.007811,-0.386087,-0.013823,0.541005,0.000592,0.000092,0.002950,-0.056932,0.079837,4.556932,1.589837,4.500000,1.510000,0,4.825010
25647.330736,2.294595,0.006614,-0.313010,-0.019095,0.535552,0.000552,0.000373,0.021190,-0.057881,0.078886,4.557881,1.538886,4.500000,1.460000,0,4.876430
25647.350752,2.297377,0.003801,-0.301605,-0.027809,0.529898,0.000606,0.002061,0.069400,-0.060680,0.080377,4.560680,1.490377,4.500000,1.410000,0,4.926704
25647.384702,2.299710,0.001981,-0.325675,-0.041284,0.524422,0.000705,0.004634,0.265597,-0.059131,0.082583,4.559131,1.439250,4.500000,1.356667,0,4.976431
25647.390795,2.302224,0.001500,-0.348463,-0.056470,0.516452,0.002587,0.005144,0.104787,-0.059773,0.078146,4.559773,1.388146,4.500000,1.310000,0,5.027242
25647.410756,2.304752,0.002048,-0.351592,-0.078757,0.506452,0.001786,0.002118,0.138021,-0.060081,0.079237,4.560081,1.335904,4.500000,1.256667,0,5.078613
25647.430780,2.304720,-0.009657,-0.687170,-0.095883,0.496741,0.001889,0.003481,0.115648,-0.063481,0.077338,4.563481,1.284005,4.500000,1.206667,0,5.130315
25647.450771,2.303576,-0.010934,-1.049276,-0.116628,0.493060,0.001924,0.002398,0.127628,-0.065868,0.078497,4.565868,1.231830,4.500000,1.153333,0,5.181535
25647.482849,2.301027,-0.010280,-1.385825,-0.143412,0.493322,0.005256,-0.003093,0.276021,-0.064762,0.076361,4.564762,1.179694,4.500000,1.103333,0,5.232361
25647.490785,2.296169,-0.009567,-1.789117,-0.165088,0.493261,-0.002565,0.006493,-0.129045,-0.058971,0.075077,4.558971,1.128410,4.500000,1.053333,0,5.282606
25647.510777,2.290323,-0.003402,-2.111755,-0.187677,0.493811,0.002579,0.003010,0.103957,-0.051623,0.072854,4.551623,1.076187,4.500000,1.003333,0,5.331534
25647.530778,2.282663,0.002338,-2.399016,-0.212195,0.492658,0.004470,0.005347,0.169891,-0.039819,0.075705,4.544526,1.025040,4.497822,0.953377,0,5.379634
25647.550774,2.274414,0.010586,-2.587286,-0.242734,0.484559,0.007399,0.007427,0.233439,-0.037611,0.074682,4.542129,0.973561,4.491305,0.907161,0,5.427005
25647.582342,2.265538,0.018463,-2.698236,-0.272774,0.474559,0.016950,0.001042,0.296960,-0.020532,0.076820,4.521001,0.926425,4.479575,0.858552,0,5.474591
25647.590757,2.251436,0.019316,-2.882996,-0.289887,0.464559,-0.010108,0.001523,-0.144784,-0.021611,0.076720,4.512835,0.877672,4.464297,0.814450,0,5.521856
25647.610778,2.232159,0.019901,-3.158490,-0.297290,0.454559,0.001213,0.000167,0.004583,-0.010034,0.071938,4.486710,0.831410,4.444972,0.771965,0,5.569837
25647.630785,2.210561,0.024704,-3.377550,-0.300000,0.444559,0.000467,0.000021,-0.000137,-0.014568,0.073279,4.473415,0.785457,4.421770,0.731467,0,5.616408
25647.650778,2.187322,0.031324,-3.535536,-0.300000,0.439594,0.000889,0.000145,0.001176,-0.010422,0.067111,4.444289,0.739920,4.394893,0.693309,0,5.663267
25647.682745,2.164049,0.038096,-3.636865,-0.300000,0.433806,0.014862,-0.002280,0.021316,-0.009025,0.066157,4.416430,0.699886,4.364576,0.657824,0,5.711659
25647.690756,2.139493,0.043419,-3.699437,-0.300000,0.428893,-0.014171,0.001885,-0.016069,-0.013967,0.070803,4.391121,0.659120,4.328575,0.623120,0,5.756500
25647.710780,2.115324,0.046928,-3.731440,-0.300000,0.424282,-0.000115,-0.000051,-0.002128,-0.019121,0.068613,4.361400,0.621074,4.294701,0.596080,0,5.799644
25647.730751,2.090142,0.048121,-3.748336,-0.300000,0.420918,0.000281,0.000035,0.000032,-0.029033,0.069640,4.333232,0.583249,4.258614,0.572076,0,5.840756
25647.750748,2.065594,0.047372,-3.752766,-0.300000,0.418455,0.000065,-0.000006,-0.001213,-0.033803,0.067691,4.296244,0.550815,4.220583,0.551287,0,5.881925
25647.782581,2.041165,0.044785,-3.754572,-0.300000,0.416023,0.012935,0.002563,-0.001714,-0.042962,0.071257,4.266067,0.521362,4.184000,0.535087,0,5.921394
25647.790754,2.016243,0.040616,-3.759513,-0.300000,0.415021,-0.013399,-0.002887,-0.003160,-0.045956,0.068227,4.224923,0.497872,4.146239,0.521864,0,5.959912
25647.810788,1.993233,0.035864,-3.763875,-0.300000,0.415828,-0.000731,-0.000174,-0.003199,-0.052858,0.070295,4.191056,0.476463,4.110796,0.512430,0,5.997468
25647.830761,1.969982,0.030399,-3.776307,-0.300000,0.418035,0.000142,0.000000,0.000401,-0.056536,0.073196,4.151982,0.459638,4.071458,0.505133,0,6.032144
25647.850732,1.948610,0.025059,-3.790114,-0.300000,0.421616,0.000274,0.000058,0.000705,-0.058916,0.065493,4.108131,0.447746,4.038315,0.501470,0,6.068826
25647.884690,1.928355,0.019919,-3.808458,-0.300000,0.425340,0.012699,0.003037,0.015035,-0.060376,0.067613,4.069481,0.439852,4.001668,0.500003,0,6.105141
25647.890738,1.908203,0.014904,-3.833318,-0.300000,0.429233,-0.012746,-0.002991,-0.015838,-0.060195,0.069200,4.029829,0.436336,3.965011,0.501226,0,6.139754
25647.910740,1.889747,0.010532,-3.856432,-0.300000,0.434444,0.000092,0.000050,0.000978,-0.063456,0.068372,3.990929,0.432484,3.931845,0.504667,0,6.172869
25647.930752,1.872164,0.006552,-3.880845,-0.299261,0.440060,0.001121,0.000289,0.004775,-0.066033,0.065778,3.950063,0.432350,3.898982,0.510311,0,6.206847
25647.950738,1.856619,0.003229,-3.900014,-0.300000,0.446335,0.000208,0.000136,0.002913,-0.069300,0.069233,3.911016,0.433451,3.863357,0.519034,0,6.240399
25647.986819,1.841023,-0.000045,-3.921570,-0.300000,0.451836,0.011189,0.002306,0.017695,-0.068491,0.063267,3.868107,0.443413,3.831604,0.529210,0,6.275320
25647.993235,1.825638,-0.003172,-3.943906,-0.300000,0.455973,-0.013244,-0.002465,-0.016805,-0.069799,0.051360,3.819863,0.456990,3.800600,0.541481,0,6.316346
25648.010755,1.807792,-0.006592,-3.967655,-0.297674,0.457281,-0.000052,-0.000018,-0.002959,-0.066132,0.063334,3.789314,0.470729,3.764577,0.558892,0,6.352604
25648.030752,1.796107,-0.008825,-3.982836,-0.292205,0.460874,-0.001281,-0.000363,-0.009102,-0.062408,0.065413,3.754830,0.489635,3.732876,0.577336,0,6.384443
25648.050755,1.782717,-0.011168,-3.992777,-0.280922,0.461859,-0.000734,-0.000815,-0.023223,-0.063511,0.066951,3.721951,0.505313,3.705299,0.596080,0,6.417331
25648.084703,1.771486,-0.013034,-3.988780,-0.273199,0.466639,0.004878,0.000440,-0.053514,-0.059660,0.064193,3.689954,0.529668,3.679032,0.616621,0,6.451451
25648.091124,1.761079,-0.014373,-3.967916,-0.258831,0.467243,-0.008057,-0.002097,0.020123,-0.054273,0.056515,3.657477,0.560580,3.654193,0.638866,0,6.489708
25648.110765,1.750698,-0.015955,-3.917033,-0.244086,0.466547,0.000591,-0.000517,-0.041847,-0.052329,0.066393,3.634245,0.580836,3.628651,0.665187,0,6.523838
25648.130753,1.745884,-0.015117,-3.830149,-0.231233,0.470744,-0.000501,-0.000713,-0.027917,-0.047056,0.065943,3.608390,0.612365,3.605107,0.693309,0,6.556588
25648.150757,1.741382,-0.014831,-3.696457,-0.216125,0.471887,-0.000648,-0.000958,-0.036826,-0.041337,0.063570,3.589219,0.641746,3.587418,0.717553,0,6.591517
25648.187817,1.738261,-0.015089,-3.541824,-0.198806,0.475114,-0.000510,-0.000267,-0.213730,-0.036903,0.064654,3.568440,0.674115,3.567823,0.748557,0,6.626277
25648.194491,1.736286,-0.016820,-3.397003,-0.180263,0.479230,-0.003249,-0.006563,-0.010265,-0.030378,0.056387,3.549853,0.713908,3.552026,0.777921,0,6.665059
25648.210731,1.733602,-0.021082,-3.299019,-0.158584,0.482130,-0.002401,-0.005523,-0.162510,-0.023600,0.069494,3.539578,0.741160,3.535703,0.814450,0,6.700411
25648.230754,1.734231,-0.018384,-3.139134,-0.138731,0.488620,-0.001909,-0.003925,-0.153704,-0.018144,0.069702,3.527107,0.777058,3.523351,0.848985,0,6.733475
25648.250751,1.737395,-0.012789,-2.837110,-0.121800,0.493135,-0.001362,-0.004057,-0.118969,-0.009976,0.069143,3.521099,0.811558,3.514345,0.881090,0,6.769446
25648.289428,1.741813,-0.010644,-2.505125,-0.106011,0.497043,-0.007987,-0.004569,-0.437997,-0.002101,0.066366,3.516882,0.847990,3.507500,0.913723,0,6.805503
25648.295156,1.745805,-0.013722,-2.309568,-0.088998,0.501853,0.002957,-0.009690,-0.050769,0.007555,0.052328,3.515244,0.898747,3.502500,0.950058,0,6.848477
25648.310756,1.751080,-0.018815,-2.203088,-0.066588,0.503086,-0.002563,-0.007364,-0.235279,0.013727,0.072340,3.514735,0.921180,3.500044,0.993330,0,6.886837
25648.330755,1.755247,-0.011000,-1.966768,-0.050615,0.508763,-0.001143,-0.003216,-0.139337,0.013417,0.074286,3.513417,0.959047,3.500000,1.033333,0,6.918626
25648.350754,1.762797,-0.001051,-1.514934,-0.042093,0.510983,-0.000551,-0.002197,-0.065434,0.012404,0.064876,3.512404,0.998457,3.500000,1.063333,0,6.956669
25648.385952,1.770720,0.000847,-1.134625,-0.036423,0.512122,-0.006859,-0.001578,-0.228368,0.013558,0.066024,3.513558,1.037310,3.500000,1.103333,0,6.995981
25648.391638,1.778548,-0.002330,-0.944767,-0.027985,0.513898,0.006855,-0.005332,-0.002638,0.014759,0.056156,3.514759,1.083844,3.500000,1.140000,0,7.038802
25648.410758,1.787871,-0.005769,-0.854950,-0.014378,0.513957,-0.001527,-0.003975,-0.141488,0.016474,0.067302,3.516474,1.116031,3.500000,1.183333,0,7.079468
25648.430757,1.794543,-0.001572,-0.687671,-0.001521,0.516484,-0.000013,-0.002622,-0.111054,0.015218,0.065267,3.515218,1.158067,3.500000,1.223333,0,7.117575
25648.450760,1.803086,0.003133,-0.455419,0.011051,0.516890,0.000205,-0.003228,-0.097597,0.012408,0.064353,3.512408,1.198980,3.500000,1.263333,0,7.159223
25648.488721,1.811655,0.005223,-0.220433,0.024352,0.516123,-0.006795,-0.005339,-0.352105,0.008472,0.062647,3.508472,1.240686,3.500000,1.303333,0,7.200679
25648.495527,1.820171,0.003843,-0.097585,0.041509,0.514503,0.007635,-0.007696,-0.107446,0.010244,0.055418,3.510244,1.291249,3.500000,1.346667,0,7.246401
25648.510771,1.830291,0.001548,-0.047224,0.069718,0.511509,0.001856,-0.008300,-0.248382,0.008286,0.063877,3.508286,1.326123,3.500000,1.390000,0,7.290739
25648.530762,1.836548,0.008983,0.164997,0.099141,0.509454,0.001773,-0.004546,-0.195214,0.004739,0.069094,3.504739,1.367572,3.500000,1.436667,0,7.330168
25648.550756,1.842529,0.021791,0.656315,0.122262,0.506348,0.001128,-0.001716,-0.072524,-0.002920,0.066865,3.497080,1.409802,3.500000,1.476667,0,7.371563
25648.587666,1.846812,0.029531,1.216868,0.141584,0.504081,-0.001532,0.001868,-0.308956,-0.008538,0.063734,3.493317,1.452724,3.499721,1.516707,0,7.415071
25648.592995,1.850333,0.031269,1.666746,0.159300,0.503774,0.003571,-0.004728,0.215941,-0.018379,0.055367,3.484785,1.502840,3.496385,1.560013,0,7.463260
25648.610736,1.854203,0.027831,2.014505,0.178905,0.502974,0.001565,-0.002582,-0.114489,-0.024824,0.062085,3.477526,1.540194,3.488606,1.606134,0,7.510475
25648.630754,1.855658,0.028264,2.224795,0.199849,0.505641,0.002292,-0.003355,-0.096991,-0.028932,0.066126,3.468446,1.582678,3.475528,1.654508,0,7.554604
25648.650759,1.856333,0.028609,2.498812,0.215282,0.507425,0.001991,-0.002186,-0.085595,-0.031668,0.063097,3.455802,1.624742,3.460325,1.695195,0,7.599840
25648.690029,1.855653,0.028994,2.741334,0.227746,0.509550,0.004261,0.001986,-0.207328,-0.031160,0.059714,3.442119,1.667055,3.441648,1.734408,0,7.645838
25648.696862,1.853524,0.029170,2.995552,0.235038,0.511766,-0.002274,-0.003722,0.160174,-0.026600,0.045372,3.420508,1.722126,3.417812,1.774651,0,7.698513
25648.710752,1.849923,0.025478,3.241108,0.236512,0.511180,0.001059,-0.000291,-0.023915,-0.030743,0.067214,3.405073,1.746244,3.386107,1.817681,0,7.745108
25648.730750,1.848267,0.023555,3.310908,0.236912,0.515642,0.000495,-0.000072,0.000277,-0.030562,0.068529,3.381346,1.782212,3.354733,1.852370,0,7.784084
25648.750751,1.845023,0.020981,3.409264,0.232556,0.518766,0.000238,0.000164,0.009134,-0.029045,0.063410,3.354607,1.816343,3.325359,1.879660,0,7.828074
25648.783998,1.842070,0.017933,3.459412,0.225062,0.522108,0.001962,0.001451,0.028173,-0.026433,0.063007,3.327008,1.848282,3.291182,1.906464,0,7.872047
25648.790753,1.839893,0.014782,3.462186,0.212426,0.525063,-0.001586,-0.000162,0.007209,-0.024821,0.062296,3.295758,1.877098,3.254808,1.930201,0,7.915486
25648.810757,1.837962,0.012796,3.441262,0.195599,0.528016,-0.000782,0.001594,0.068354,-0.024169,0.061537,3.261514,1.902259,3.216512,1.950691,0,7.959326
25648.830760,1.837624,0.009121,3.351628,0.174788,0.530340,-0.000235,0.001280,0.057760,-0.022301,0.061908,3.226624,1.925054,3.176581,1.967781,0,8.002750
25648.850751,1.839541,0.004579,3.161648,0.152815,0.532904,-0.000076,0.001443,0.066818,-0.020147,0.062002,3.189554,1.945165,3.135318,1.981341,0,8.045778
25648.884060,1.843158,0.001164,2.910898,0.130613,0.534966,-0.002816,-0.000884,0.233476,-0.018578,0.062616,3.151100,1.961364,3.093034,1.991268,0,8.088959
25648.890745,1.848516,-0.001223,2.612851,0.107067,0.536005,0.003523,0.004968,-0.083533,-0.015866,0.063111,3.111254,1.975386,3.050048,1.997489,0,8.131755
25648.910759,1.854274,0.000733,2.364889,0.083565,0.537169,-0.002088,0.010779,0.328878,-0.012739,0.065361,3.071869,1.986344,3.006684,1.999955,0,8.173997
25648.930752,1.859739,0.004558,2.208086,0.060656,0.538907,-0.001339,0.005374,0.247001,-0.005248,0.066011,3.029344,1.994752,2.963333,2.000000,0,8.216619
25648.950757,1.866892,-0.003171,1.863910,0.044287,0.538772,0.000457,0.001291,0.062181,0.000940,0.064827,2.988160,2.000940,2.923333,2.000000,0,8.259212
25648.983239,1.875821,-0.009984,1.355408,0.034783,0.537230,-0.004820,-0.002339,0.183450,0.005485,0.065878,2.945878,2.005485,2.880000,2.000000,0,8.301531
25648.990745,1.884356,-0.009058,0.980046,0.032092,0.533227,0.005611,0.003194,-0.111117,0.008988,0.066308,2.902974,2.008988,2.836667,2.000000,0,8.344474
25649.010759,1.892975,-0.004997,0.755966,0.032323,0.525964,0.000649,0.000176,0.008979,0.011315,0.066774,2.860108,2.011315,2.793333,2.000000,0,8.387635
25649.030759,1.901121,-0.001475,0.639856,0.035784,0.515964,0.000518,-0.000287,-0.012981,0.012831,0.067118,2.817118,2.012831,2.750000,2.000000,0,8.431453
25649.050764,1.908403,0.001462,0.595260,0.044999,0.505964,0.000692,-0.000750,-0.034388,0.016083,0.065886,2.772553,2.016083,2.706667,2.000000,0,8.475503
25649.084117,1.914971,0.004880,0.632050,0.060002,0.495964,-0.001937,-0.003751,-0.187499,0.018120,0.063505,2.726839,2.018120,2.663333,2.000000,0,8.520145
25649.090760,1.921047,0.006524,0.698313,0.082227,0.485964,0.005028,-0.005320,-0.091121,0.017333,0.066514,2.683181,2.017333,2.616667,2.000000,0,8.565478
25649.110753,1.927021,0.006058,0.729448,0.112688,0.475964,0.002087,-0.003171,-0.153129,0.017893,0.063955,2.637288,2.017893,2.573333,2.000000,0,8.610222
25649.130746,1.929583,0.018479,1.086163,0.141838,0.465964,0.001603,-0.002019,-0.085673,0.017645,0.064818,2.591484,2.017645,2.526667,2.000000,0,8.655648
25649.150750,1.929544,0.026220,1.556514,0.169283,0.455964,0.001650,-0.001650,-0.070193,0.014498,0.062876,2.545649,2.016311,2.483293,1.999721,0,8.700676
25649.183100,1.927455,0.029390,2.005565,0.193932,0.446677,0.006231,-0.001316,-0.302234,0.008221,0.065441,2.500543,2.012416,2.436670,1.995973,0,8.745016
25649.190750,1.924641,0.027374,2.348519,0.215108,0.438596,0.001019,-0.007307,0.014933,0.003594,0.064039,2.455682,2.005711,2.393866,1.988606,0,8.789339
25649.210754,1.922469,0.021974,2.535858,0.233579,0.430614,0.004119,-0.003335,-0.130020,-0.000135,0.062733,2.411818,1.996009,2.351862,1.977551,0,8.833747
25649.230753,1.916247,0.023334,2.781257,0.245743,0.423427,0.002137,-0.001273,-0.033857,-0.003057,0.064965,2.369039,1.983758,2.307887,1.961619,0,8.878309
25649.250750,1.906853,0.024386,3.075277,0.250442,0.417944,0.002749,-0.001882,-0.051469,-0.005790,0.062953,2.327032,1.967214,2.268549,1.943205,0,8.922529
25649.285445,1.897751,0.021159,3.266329,0.252716,0.414075,0.012095,0.000098,-0.143647,-0.006926,0.061902,2.286863,1.948917,2.230959,1.921446,0,8.966766
25649.291424,1.888756,0.017112,3.383232,0.250017,0.410844,-0.007116,-0.003870,0.030172,-0.009032,0.057062,2.243322,1.922401,2.192755,1.894462,0,9.014366
25649.310731,1.877963,0.012885,3.453327,0.240348,0.406157,0.002283,0.000918,0.015209,-0.010980,0.066915,2.213484,1.901904,2.157239,1.864026,0,9.058902
25649.330743,1.869029,0.012591,3.515336,0.224183,0.406557,-0.000523,0.001086,0.046761,-0.012632,0.066719,2.180788,1.874276,2.126940,1.832906,0,9.099381
25649.350757,1.858668,0.009959,3.525713,0.201541,0.407733,-0.000471,0.001158,0.051246,-0.013796,0.063040,2.150531,1.843860,2.101466,1.801944,0,9.142481
25649.383988,1.850621,0.005559,3.424821,0.174071,0.409031,0.001983,0.003641,0.273458,-0.016899,0.063327,2.124787,1.810825,2.076765,1.766218,0,9.185780
25649.390754,1.843654,0.004027,3.287891,0.140055,0.411559,-0.006352,0.008313,0.089036,-0.021572,0.064274,2.103817,1.775796,2.055258,1.728483,0,9.228778
25649.410751,1.836722,0.006442,3.201177,0.100055,0.415848,-0.003015,0.006619,0.302497,-0.025419,0.064460,2.085008,1.739090,2.037107,1.689024,0,9.271773
25649.430757,1.834318,-0.005977,2.782754,0.060055,0.417547,0.000031,0.003197,0.150511,-0.029371,0.064826,2.069708,1.701351,2.022449,1.648138,0,9.314658
25649.450762,1.835844,-0.018058,2.059582,0.020055,0.415646,0.000507,0.003279,0.152607,-0.031568,0.065197,2.056083,1.663144,2.011394,1.606134,0,9.357651
25649.484374,1.837978,-0.022173,1.324956,-0.017542,0.414610,-0.000503,-0.002377,0.469072,-0.031927,0.065872,2.044040,1.624628,2.004027,1.563330,0,9.399698
25649.490749,1.840221,-0.023948,0.615147,-0.052831,0.414734,0.001933,0.008795,-0.200847,-0.033929,0.065330,2.037495,1.587057,2.000547,1.523386,0,9.438915
25649.510748,1.842304,-0.019258,0.114334,-0.089240,0.415879,0.001222,0.003666,0.171023,-0.022633,0.063910,2.024477,1.546411,1.999721,1.483293,0,9.478546
25649.530758,1.842893,-0.026727,-0.497582,-0.117863,0.415105,0.001103,0.002130,0.090547,-0.009933,0.065318,2.014051,1.507077,1.996775,1.443306,0,9.519484
25649.550758,1.842222,-0.031447,-1.101615,-0.141656,0.415611,0.000989,0.001704,0.071931,-0.000203,0.065115,2.003378,1.467541,1.990636,1.403684,0,9.560308
25649.586859,1.840560,-0.032935,-1.597007,-0.162702,0.417741,0.003366,-0.001170,0.294429,0.007318,0.067720,1.992157,1.428563,1.980426,1.361468,0,9.601382
25649.592522,1.838094,-0.032695,-1.987413,-0.181357,0.421158,-0.001935,0.004207,-0.196390,0.014338,0.056944,1.974478,1.381757,1.967781,1.323419,0,9.646660
25649.610758,1.834775,-0.029852,-2.314219,-0.197963,0.422902,0.001400,0.001271,0.076528,0.016212,0.067728,1.965406,1.351557,1.950691,1.283488,0,9.688300
25649.630760,1.831025,-0.031146,-2.537705,-0.211612,0.429142,0.000925,0.002044,0.059630,0.018149,0.070169,1.950345,1.314814,1.930201,1.245192,0,9.724889
25649.650757,1.825811,-0.030610,-2.774115,-0.222887,0.434963,0.001566,0.003716,0.108241,0.018912,0.066410,1.932750,1.279583,1.910320,1.214277,0,9.764709
25649.685244,1.820811,-0.027779,-2.913345,-0.233149,0.440795,0.007053,0.004213,0.260727,0.019760,0.066922,1.913368,1.246552,1.886107,1.182319,0,9.804367
25649.690746,1.815833,-0.025010,-2.990674,-0.241657,0.446360,-0.002328,0.004223,0.035101,0.019551,0.065732,1.891055,1.213245,1.859412,1.152404,0,9.843976
25649.710757,1.811282,-0.022637,-3.022145,-0.247343,0.451271,0.001018,0.001140,0.049795,0.018975,0.065485,1.867016,1.182238,1.830405,1.124724,0,9.883558
25649.730756,1.804252,-0.027317,-3.188740,-0.246537,0.456233,0.000013,-0.000018,-0.001613,0.018308,0.065443,1.840742,1.153293,1.799274,1.099456,0,9.922569
25649.750753,1.797196,-0.028903,-3.357263,-0.240999,0.461636,-0.000272,-0.000259,-0.010266,0.016933,0.060669,1.811067,1.125471,1.769041,1.078554,0,9.962853
25649.785024,1.791129,-0.027297,-3.457185,-0.232996,0.467208,0.002832,-0.001739,-0.014208,0.015589,0.062694,1.782477,1.101514,1.734408,1.058352,0,10.002700
25649.790752,1.785994,-0.024420,-3.489587,-0.222520,0.473550,-0.003748,0.000597,-0.011225,0.016199,0.064849,1.751377,1.081576,1.698267,1.040990,0,10.040305
25649.810754,1.781355,-0.022351,-3.486166,-0.208483,0.479872,-0.000643,-0.000972,-0.042563,0.012394,0.064370,1.717813,1.059023,1.660852,1.026580,0,10.078939
25649.830755,1.779083,-0.018604,-3.406214,-0.191498,0.485313,-0.001310,-0.002917,-0.086633,0.007960,0.060923,1.682607,1.039056,1.625639,1.016043,0,10.118666
25649.850753,1.777739,-0.016949,-3.301225,-0.172388,0.490632,-0.003394,-0.006672,-0.194573,0.003727,0.060672,1.645572,1.021694,1.586458,1.007532,0,10.158198
25649.886291,1.776136,-0.017786,-3.227549,-0.151633,0.496430,-0.007553,-0.010362,-0.509633,-0.000694,0.062234,1.608748,1.007312,1.546721,1.002188,0,10.197054
25649.892012,1.774659,-0.019119,-3.172964,-0.128662,0.502500,-0.003996,-0.009741,-0.157003,-0.008585,0.051083,1.557877,0.992143,1.506684,1.000045,0,10.241855
25649.910739,1.772632,-0.021567,-3.154489,-0.103875,0.505377,-0.002869,-0.008319,-0.287796,-0.015279,0.066422,1.529755,0.984721,1.463333,1.000000,0,10.283155
25649.930732,1.776915,-0.007909,-2.775928,-0.087136,0.510949,-0.002906,-0.010361,-0.308764,-0.023222,0.067223,1.490556,0.976778,1.423333,1.000000,0,10.318389
25649.950749,1.781595,-0.005013,-2.411929,-0.077313,0.515927,-0.003937,-0.011940,-0.359952,-0.031158,0.063980,1.450646,0.968842,1.386667,1.000000,0,10.358334
25649.993547,1.785583,-0.007997,-2.185953,-0.073795,0.521238,-0.013112,-0.009653,-0.683958,-0.036959,0.064388,1.411055,0.963041,1.346667,1.000000,0,10.398729
25649.999244,1.789547,-0.012213,-2.073707,-0.073374,0.526898,0.004151,-0.010133,-0.115987,-0.047752,0.031321,1.337987,0.952248,1.306667,1.000000,0,10.453342
25650.010773,1.796328,-0.017108,-2.036503,-0.079468,0.524787,-0.001689,-0.002205,-0.077618,-0.048832,0.073670,1.323670,0.951168,1.250000,1.000000,0,10.498784
25650.030763,1.799675,-0.010391,-1.877397,-0.086403,0.530904,0.000092,0.003222,0.097532,-0.052975,0.075541,1.282208,0.947025,1.206667,1.000000,0,10.528877
25650.050777,1.807872,-0.003653,-1.534286,-0.103100,0.536172,0.000226,0.002338,0.103130,-0.055527,0.065066,1.241733,0.944473,1.176667,1.000000,0,10.568796
25650.085483,1.814981,-0.009948,-1.465956,-0.122488,0.540435,-0.003863,0.005419,0.233144,-0.058069,0.063339,1.200006,0.941931,1.136667,1.000000,0,10.610107
25650.091178,1.821733,-0.015434,-1.556257,-0.143596,0.543914,0.005850,0.003861,0.052498,-0.060529,0.062695,1.156029,0.939471,1.093333,1.000000,0,10.651875
25650.110756,1.828795,-0.015994,-1.607865,-0.169836,0.546673,0.002629,0.005803,0.192424,-0.061856,0.057381,1.110714,0.938144,1.053333,1.000000,0,10.695423
25650.130760,1.833948,-0.023538,-1.852564,-0.195701,0.548618,0.002337,0.003418,0.135776,-0.061550,0.057142,1.067142,0.938450,1.010000,1.000000,0,10.738395
25650.150757,1.837194,-0.030630,-2.202091,-0.215496,0.549809,0.002092,0.002838,0.081031,-0.055839,0.058720,1.021463,0.941481,0.966604,1.001117,0,10.779069
25650.185443,1.839132,-0.033346,-2.568332,-0.230580,0.550379,0.003875,0.002694,0.328243,-0.053046,0.055707,0.974072,0.944761,0.926738,1.005396,0,10.820833
25650.191369,1.841641,-0.030285,-2.793843,-0.246371,0.552635,0.003509,0.006240,-0.013331,-0.049715,0.059600,0.930541,0.951443,0.884090,1.013621,0,10.862633
25650.210752,1.844331,-0.025768,-2.916801,-0.259518,0.555061,0.002606,0.002459,0.080354,-0.047563,0.060821,0.888638,0.960442,0.845492,1.024472,0,10.902334
25650.230760,1.843261,-0.027941,-3.137370,-0.266165,0.557202,0.002170,0.002002,0.054503,-0.046393,0.060727,0.846127,0.972216,0.807887,1.038381,0,10.941751
25650.250757,1.841478,-0.027299,-3.341961,-0.267992,0.559625,0.002055,0.002237,0.061835,-0.043537,0.059395,0.804453,0.989391,0.771517,1.055258,0,10.982101
25650.285119,1.839686,-0.024128,-3.474572,-0.268210,0.562924,0.004651,0.000366,0.135260,-0.043870,0.058147,0.762933,1.007075,0.736617,1.074995,0,11.023321
25650.290799,1.837871,-0.020499,-3.554622,-0.266871,0.567229,-0.000850,0.003179,-0.008233,-0.044902,0.058653,0.723995,1.026524,0.703410,1.097465,0,11.064014
25650.310755,1.835980,-0.017234,-3.596534,-0.262352,0.571810,0.000136,-0.000044,0.001736,-0.045606,0.063468,0.687094,1.048554,0.669595,1.124724,0,11.103728
25650.330757,1.833023,-0.016710,-3.664854,-0.253388,0.576321,-0.000620,-0.000518,-0.020999,-0.039280,0.062971,0.656130,1.079831,0.640588,1.152404,0,11.143706
25650.350758,1.830492,-0.014940,-3.705899,-0.240860,0.579189,-0.000977,-0.001441,-0.042914,-0.041716,0.063708,0.622157,1.106618,0.613893,1.182319,0,11.183837
25650.387170,1.828936,-0.012771,-3.708124,-0.227953,0.584006,-0.002872,-0.003972,-0.155844,-0.042913,0.058236,0.587742,1.141964,0.589680,1.214277,0,11.225678
25650.393085,1.827245,-0.011610,-3.704661,-0.217793,0.589041,-0.002816,-0.001826,-0.041011,-0.046469,0.050049,0.553184,1.181428,0.568106,1.248073,0,11.271193
25650.410771,1.825134,-0.011124,-3.699189,-0.201923,0.589778,-0.002601,-0.003195,-0.108614,-0.046336,0.066163,0.532274,1.210012,0.546455,1.289533,0,11.311217
25650.430754,1.825801,-0.007223,-3.609022,-0.190497,0.593598,-0.000935,-0.001970,-0.059001,-0.052685,0.068364,0.505351,1.244154,0.531049,1.326550,0,11.345866
25650.450767,1.829412,-0.003112,-3.412485,-0.181373,0.596050,-0.001919,-0.003555,-0.105311,-0.054413,0.062482,0.486043,1.282916,0.520511,1.358259,0,11.383527
25650.486552,1.832544,-0.004292,-3.276216,-0.169440,0.597625,-0.007599,-0.003837,-0.306816,-0.052945,0.063601,0.471968,1.324001,0.510696,1.397134,0,11.423259
25650.492481,1.835627,-0.007121,-3.187895,-0.153254,0.598474,0.001374,-0.006911,-0.058047,-0.043672,0.046889,0.467428,1.381065,0.504461,1.433357,0,11.470117
25650.510749,1.839428,-0.010568,-3.134796,-0.126260,0.593633,-0.003275,-0.005604,-0.220192,-0.044932,0.068951,0.457677,1.412879,0.500279,1.483293,0,11.513219
25650.530757,1.844900,-0.002727,-2.902155,-0.105353,0.594913,-0.000567,-0.002056,-0.086158,-0.045381,0.066125,0.454619,1.457208,0.500000,1.523333,0,11.552001
25650.550752,1.854502,0.006176,-2.437553,-0.087743,0.591961,-0.000462,-0.004255,-0.130736,-0.048482,0.060522,0.451518,1.502811,0.500000,1.563333,0,11.596945
25650.586148,1.864216,0.005055,-2.077490,-0.069673,0.589205,-0.009009,-0.004890,-0.468152,-0.052787,0.062515,0.447213,1.547485,0.500000,1.610000,0,11.642834
25650.591973,1.873754,-0.000216,-1.871214,-0.050114,0.587712,0.008098,-0.010974,-0.082291,-0.046795,0.044131,0.453205,1.609202,0.500000,1.653333,0,11.695834
25650.610763,1.885202,-0.006025,-1.771186,-0.021583,0.581952,-0.001598,-0.004140,-0.208909,-0.051396,0.063446,0.448604,1.643220,0.500000,1.706667,0,11.744609
25650.630761,1.894064,0.008696,-1.317906,-0.007294,0.582411,0.000056,-0.003585,-0.110106,-0.049548,0.065023,0.450452,1.691644,0.500000,1.756667,0,11.787379
25650.650728,1.904907,0.013081,-0.815393,0.000489,0.581143,0.000159,-0.005471,-0.168559,-0.044382,0.060141,0.455618,1.739859,0.500000,1.800000,0,11.835301
25650.683612,1.915679,0.008726,-0.548379,0.008382,0.578927,-0.006406,-0.000644,-0.251345,-0.043459,0.060367,0.456541,1.786299,0.500000,1.846667,0,11.883520
25650.690754,1.926333,0.009136,-0.305963,0.012956,0.577144,0.006996,-0.001517,0.119846,-0.037032,0.060259,0.462968,1.836407,0.500000,1.896667,0,11.932488
25650.710731,1.936960,0.009015,-0.066945,0.015240,0.574741,0.000574,-0.000553,-0.025722,-0.032562,0.056691,0.467438,1.886643,0.500000,1.943333,0,11.982898
25650.730731,1.947432,0.007442,0.083089,0.016182,0.571839,0.000432,-0.000076,-0.003615,-0.033018,0.058817,0.466982,1.934516,0.500000,1.993333,0,12.032975
25650.750755,1.957480,0.005833,0.185562,0.013081,0.569921,0.000436,0.000256,0.012172,-0.038138,0.059095,0.461862,1.984238,0.500000,2.043333,0,12.082570
25650.783821,1.967331,0.003520,0.224564,0.004272,0.568450,-0.005482,0.001255,0.064904,-0.031015,0.059108,0.468985,2.034226,0.500000,2.093333,0,12.132893
25650.790749,1.976999,0.000328,0.189891,-0.003517,0.566039,0.006328,0.000566,-0.008069,-0.033384,0.059966,0.466616,2.083367,0.500000,2.143333,0,12.182949
25650.810750,1.986428,-0.001128,0.132127,-0.015876,0.563198,0.000703,0.001626,0.078579,-0.031108,0.058240,0.468892,2.135093,0.500000,2.193333,0,12.233779
25650.830745,1.995639,-0.004644,0.011880,-0.032019,0.559499,0.000719,0.001274,0.061748,-0.026294,0.060930,0.473706,2.185737,0.500000,2.246667,0,12.285664
25650.850756,2.004249,-0.008954,-0.204945,-0.048960,0.554928,0.000823,0.001325,0.064177,-0.025235,0.060345,0.474765,2.236322,0.500000,2.296667,0,12.336566
25650.884374,2.012197,-0.012022,-0.458769,-0.070607,0.550162,-0.003197,-0.000235,0.233259,-0.021647,0.058954,0.478353,2.287713,0.500000,2.346667,0,12.387345
25650.890765,2.019245,-0.014878,-0.749767,-0.096899,0.546005,0.005225,0.004586,-0.077426,-0.020444,0.061660,0.479556,2.338340,0.500000,2.400000,0,12.438769
25650.910743,2.025798,-0.013759,-0.989321,-0.130399,0.542252,0.001962,0.002912,0.141254,-0.024681,0.061948,0.475319,2.388052,0.500000,2.450000,0,12.488982
25650.930738,2.029618,-0.020420,-1.385293,-0.165576,0.537864,0.002035,0.002137,0.093467,-0.021556,0.060523,0.478444,2.439477,0.500000,2.500000,0,12.538291
25650.950758,2.030843,-0.024960,-1.867779,-0.194797,0.531992,0.001999,0.001572,0.066599,-0.014950,0.060726,0.481558,2.491123,0.502511,2.550048,0,12.588671
25650.985604,2.029654,-0.025449,-2.326552,-0.219622,0.526786,0.006673,-0.002075,0.310078,-0.014203,0.061539,0.483843,2.542116,0.510019,2.599593,0,12.637949
25650.991188,2.027152,-0.021026,-2.681594,-0.242337,0.525068,-0.000086,0.009538,-0.114853,-0.014931,0.042925,0.495471,2.611564,0.522449,2.648138,0,12.694472
25651.010753,2.024879,-0.011736,-2.914865,-0.266807,0.521658,0.004115,0.001464,0.103004,-0.016775,0.068689,0.499312,2.645211,0.542326,2.701331,0,12.744484
25651.030759,2.018682,-0.010968,-3.126191,-0.281476,0.519651,0.004284,0.002795,0.077618,-0.018393,0.069717,0.514447,2.694500,0.564776,2.746131,0,12.784054
25651.050754,2.011072,-0.006804,-3.327400,-0.292722,0.518500,0.003664,0.001892,0.062401,-0.022091,0.062177,0.532756,2.741097,0.585897,2.780212,0,12.829763
25651.086233,2.001641,-0.002751,-3.488508,-0.298656,0.518280,0.011683,-0.002800,0.103779,-0.025948,0.058296,0.554893,2.786182,0.611778,2.815093,0,12.875760
25651.092070,1.988914,0.000262,-3.656466,-0.299819,0.518432,-0.011047,0.004112,-0.092326,-0.029567,0.035495,0.596958,2.845338,0.642920,2.849991,0,12.930937
25651.110756,1.973816,0.005426,-3.789670,-0.296362,0.513604,0.001985,-0.000484,0.006950,-0.030587,0.064114,0.615851,2.871568,0.684907,2.888222,0,12.979539
25651.130756,1.962705,0.008492,-3.848937,-0.290164,0.516480,-0.000608,-0.000294,-0.010288,-0.034365,0.065331,0.649142,2.908306,0.722562,2.915967,0,13.016953
25651.150756,1.948741,0.011616,-3.896776,-0.279116,0.518004,-0.001558,-0.000905,-0.026506,-0.041984,0.062569,0.681694,2.943106,0.756784,2.936859,0,13.059028
25651.185732,1.934920,0.013632,-3.921403,-0.265733,0.521455,0.005251,-0.001870,-0.082072,-0.043639,0.054841,0.724566,2.971897,0.792569,2.954942,0,13.103075
25651.191426,1.921416,0.014472,-3.930152,-0.249808,0.523541,-0.013564,-0.002020,-0.031815,-0.055241,0.042487,0.774323,3.009085,0.832834,2.971228,0,13.152303
25651.210760,1.905344,0.013756,-3.935333,-0.231575,0.524494,-0.000666,-0.002182,-0.077668,-0.055303,0.066595,0.802986,3.023432,0.880841,2.985594,0,13.193335
25651.230760,1.898210,0.015435,-3.864149,-0.211408,0.530331,-0.003742,-0.004538,-0.131807,-0.061417,0.070690,0.844173,3.043970,0.923434,2.994103,0,13.227571
25651.250757,1.890089,0.014646,-3.777701,-0.190531,0.536147,-0.006073,-0.007813,-0.227070,-0.067906,0.062885,0.888066,3.060305,0.956607,2.998113,0,13.267376
25651.287519,1.882212,0.011580,-3.709979,-0.166015,0.541920,-0.009210,-0.009558,-0.616470,0.045799,0.082508,0.930110,3.072847,0.989974,2.999899,1,13.313281
25651.293632,1.874608,0.007380,-3.666071,-0.136631,0.549526,-0.009723,-0.012910,-0.178207,-0.087105,0.045293,0.988041,3.087105,1.033333,3.000000,1,13.366619
25651.310755,1.866520,0.002604,-3.633985,-0.106587,0.554948,-0.010936,-0.023655,-0.666646,-0.088630,0.066477,1.020189,3.088630,1.086667,3.000000,1,13.412843
25651.330734,1.861817,0.001686,-3.579233,-0.073513,0.562916,-0.008556,-0.013679,-0.573647,-0.095140,0.064803,1.065197,3.095140,1.130000,3.000000,1,13.452690
25651.350733,1.862231,0.019336,-3.089295,-0.054102,0.563260,-0.000269,-0.004885,-0.148424,-0.100359,0.058913,1.111087,3.100359,1.170000,3.000000,1,13.497643
25651.382956,1.870702,0.031869,-2.205210,-0.048872,0.559497,-0.005711,0.005820,-0.358831,-0.101905,0.060727,1.155940,3.101905,1.216667,3.000000,1,13.543556
25651.390732,1.878758,0.025498,-1.584613,-0.048139,0.556705,0.005148,-0.006843,0.224570,-0.102046,0.062655,1.200679,3.102046,1.263333,3.000000,1,13.589343
25651.410755,1.887235,0.015257,-1.158011,-0.050130,0.554193,0.000082,0.000492,0.014326,-0.100152,0.061772,1.244895,3.100152,1.306667,3.000000,1,13.634727
25651.430729,1.895884,0.005955,-0.946248,-0.050373,0.552740,0.000346,0.000560,0.017024,-0.098612,0.061750,1.291583,3.098612,1.353333,3.000000,1,13.680152
25651.450750,1.904731,0.000135,-0.854583,-0.049361,0.551091,0.000521,0.000313,0.009319,-0.096323,0.061966,1.338034,3.096323,1.400000,3.000000,1,13.726556
25651.488630,1.913682,-0.002890,-0.819616,-0.046095,0.549420,-0.006895,-0.000030,-0.026151,-0.091768,0.061987,1.384680,3.091768,1.446667,3.000000,1,13.773276
25651.496403,1.922501,-0.004207,-0.807732,-0.041784,0.547274,0.009131,-0.001301,-0.023142,-0.087125,0.039934,1.453399,3.087125,1.493333,3.000000,1,13.829778
25651.510732,1.934855,-0.004776,-0.806628,-0.036757,0.542520,-0.000790,-0.001136,-0.036306,-0.084969,0.070068,1.476599,3.084969,1.546667,3.000000,1,13.878440
25651.530750,1.939762,-0.003302,-0.773472,-0.029960,0.546313,-0.000100,-0.001704,-0.053194,-0.080605,0.072099,1.524568,3.080605,1.596667,3.000000,1,13.916515
25651.550751,1.947835,-0.001520,-0.694931,-0.024845,0.546550,-0.000184,-0.003004,-0.093725,-0.077287,0.060885,1.572448,3.077287,1.633333,3.000000,1,13.963372
25651.585776,1.955758,-0.001703,-0.651551,-0.020032,0.544996,-0.005971,-0.003985,-0.200246,-0.072868,0.062290,1.621043,3.072868,1.683333,3.000000,1,14.011969
25651.591920,1.963619,-0.002167,-0.629455,-0.014106,0.541768,0.006872,-0.003441,-0.065214,-0.070385,0.050332,1.679668,3.070385,1.730000,3.000000,1,14.065419
25651.610752,1.972886,-0.002752,-0.625239,-0.008311,0.536125,-0.000765,-0.002561,-0.107734,-0.065359,0.065642,1.717692,3.065359,1.783333,3.000000,1,14.115188
25651.630755,1.978985,0.001960,-0.508634,-0.003281,0.535563,0.000320,-0.001259,-0.039886,-0.060717,0.067466,1.765867,3.060717,1.833333,3.000000,1,14.159142
25651.650753,1.986443,0.004979,-0.321351,-0.001652,0.532155,0.000599,-0.001686,-0.053067,-0.055022,0.061911,1.814756,3.055022,1.876667,3.000000,1,14.207485
25651.688366,1.993883,0.003729,-0.220867,0.001515,0.526977,-0.004746,-0.001329,-0.139165,-0.050100,0.062484,1.864183,3.050100,1.926667,3.000000,1,14.257209
25651.695669,2.001200,0.002078,-0.171221,0.004688,0.521075,0.006591,-0.002952,-0.034137,-0.046385,0.051898,1.924768,3.046385,1.976667,3.000000,1,14.311558
25651.710759,2.009992,0.000573,-0.150711,0.011057,0.515137,0.001043,-0.001586,-0.055923,-0.038446,0.066886,1.963114,3.038446,2.030000,3.000000,1,14.362239
25651.730728,2.015183,0.003135,-0.072964,0.017376,0.514468,0.000560,-0.001551,-0.048798,-0.033321,0.066859,2.013141,3.033321,2.080000,3.000000,1,14.407886
25651.750730,2.021057,0.005114,0.063902,0.019913,0.510148,0.000669,-0.000959,-0.042542,-0.026585,0.064211,2.062456,3.026585,2.126667,3.000000,1,14.457448
25651.786187,2.026719,0.005294,0.165232,0.023292,0.504600,-0.002812,0.000743,-0.069131,-0.021364,0.063860,2.112806,3.021364,2.176667,3.000000,1,14.507710
25651.792054,2.031980,0.005510,0.272700,0.024851,0.498543,0.004757,-0.001352,0.050233,-0.019449,0.052587,2.174080,3.019449,2.226667,3.000000,1,14.563064
25651.810750,2.037956,0.004194,0.353415,0.025944,0.492656,0.000097,0.000010,-0.010062,-0.012332,0.065739,2.214261,3.012332,2.280000,3.000000,1,14.614373
25651.830762,2.041521,0.003656,0.393183,0.027208,0.491800,0.000523,-0.000316,-0.009906,-0.007347,0.068904,2.264430,3.007347,2.333333,3.000000,1,14.660462
25651.850759,2.045635,0.002840,0.426096,0.027517,0.487905,0.000688,-0.000194,-0.007971,-0.002428,0.064414,2.315586,3.002428,2.380000,3.000000,1,14.711100
25651.886162,2.049621,0.002266,0.446430,0.028402,0.482505,-0.001537,0.000218,-0.014780,0.002000,0.063609,2.366391,2.998000,2.430000,3.000000,1,14.762029
25651.891879,2.053217,0.002077,0.467621,0.029077,0.477321,0.003296,-0.000409,0.009688,0.002823,0.051255,2.428745,2.997177,2.480000,3.000000,1,14.817680
25651.910733,2.057247,0.001692,0.484464,0.028096,0.471413,0.000282,0.000269,0.006000,0.007555,0.069740,2.466927,2.992445,2.536667,3.000000,1,14.869206
25651.930733,2.059583,0.001578,0.494219,0.027687,0.471521,0.000697,0.000338,0.011032,0.008168,0.071164,2.515503,2.991832,2.586667,3.000000,1,14.914235
25651.950732,2.062439,0.001324,0.501082,0.023491,0.469146,0.000857,0.001425,0.045865,0.009786,0.066737,2.566597,2.990214,2.633333,3.000000,1,14.963643
25651.988922,2.065346,0.001102,0.504410,0.019309,0.465072,-0.000587,0.002448,0.123166,0.011403,0.066096,2.617238,2.988597,2.683333,3.000000,1,15.014431
25651.996287,2.068206,0.000934,0.505653,0.014521,0.460268,0.002860,0.002196,0.052780,0.008342,0.054242,2.679091,2.991658,2.733333,3.000000,1,15.070160
25652.010769,2.071651,0.000844,0.507524,0.006505,0.453901,0.001059,0.002997,0.095657,0.012992,0.071666,2.718334,2.987008,2.790000,3.000000,1,15.121614
25652.030758,2.073572,-0.001485,0.458197,0.001036,0.453839,0.000529,0.001378,0.044325,0.012694,0.070710,2.769290,2.987306,2.840000,3.000000,1,15.167458
25652.050761,2.075236,-0.005356,0.288552,-0.001614,0.451638,0.000644,0.002034,0.065521,0.011725,0.066236,2.820430,2.988275,2.886667,3.000000,1,15.217846
25652.086366,2.076868,-0.004439,0.192298,-0.004292,0.449674,-0.000054,-0.000029,0.112398,0.009929,0.066003,2.870664,2.990071,2.936667,3.000000,1,15.268386
25652.091792,2.078343,-0.004358,0.107585,-0.006747,0.448889,0.001614,0.000928,-0.070028,0.004284,0.050880,2.935787,2.995716,2.986667,3.000000,1,15.324703
25652.110730,2.080171,-0.004012,-0.000807,-0.006972,0.444070,0.000394,-0.000075,0.010916,0.006013,0.069822,2.973511,2.993987,3.043333,3.000000,1,15.377008
25652.130731,2.081039,-0.003439,-0.052698,-0.008943,0.445752,0.000524,0.000162,0.008276,0.004368,0.073532,3.023135,2.995632,3.096667,3.000000,1,15.421969
25652.150730,2.082140,-0.002711,-0.100309,-0.009112,0.446707,0.000349,0.000019,0.000794,0.004171,0.068122,3.071878,2.995829,3.140000,3.000000,1,15.470589
25652.186116,2.083105,-0.001953,-0.132677,-0.007821,0.447860,-0.000063,-0.000720,-0.009537,0.001404,0.066796,3.123204,2.998596,3.190000,3.000000,1,15.520924
25652.191308,2.084226,-0.001215,-0.148606,-0.007379,0.447857,0.001217,0.000208,-0.010099,-0.004390,0.054246,3.185754,3.004390,3.240000,3.000000,1,15.576813
25652.210728,2.085616,-0.000651,-0.156798,-0.007226,0.444726,0.000273,-0.000113,-0.003917,-0.002334,0.073190,3.223477,3.002334,3.296667,3.000000,1,15.627610
25652.230732,2.086336,-0.000026,-0.147671,-0.007135,0.446384,0.000571,-0.000055,-0.001909,-0.005590,0.072445,3.274222,3.005590,3.346667,3.000000,1,15.672939
25652.250734,2.087448,0.000169,-0.138732,-0.007971,0.446822,0.000541,0.000068,0.002928,-0.007897,0.065098,3.324902,3.007897,3.390000,3.000000,1,15.722919
25652.287560,2.088534,0.000022,-0.135934,-0.008198,0.446391,0.000122,0.000089,0.003818,-0.010743,0.064193,3.375807,3.010743,3.440000,3.000000,1,15.773696
25652.293820,2.089578,-0.000137,-0.137806,-0.009476,0.445851,0.001180,0.000197,0.003651,-0.016648,0.055101,3.438233,3.016648,3.493333,3.000000,1,15.829853
25652.310733,2.090899,-0.000165,-0.139191,-0.014147,0.443384,0.000284,0.000627,0.024295,-0.014856,0.074700,3.475300,3.014856,3.550000,3.000000,1,15.880849
25652.330732,2.091394,-0.001067,-0.160778,-0.019647,0.445420,0.000470,0.001362,0.043605,-0.015688,0.073741,3.526259,3.015688,3.600000,3.000000,1,15.925502
25652.350733,2.092158,-0.001863,-0.206767,-0.027091,0.445231,0.000414,0.003205,0.102833,-0.017559,0.069376,3.573958,3.017559,3.643333,3.000000,1,15.973829
25652.388279,2.092726,-0.001584,-0.234884,-0.039273,0.445218,0.000717,0.001740,0.226940,-0.019112,0.069094,3.624239,3.019112,3.693333,3.000000,1,16.022872
25652.393829,2.093258,-0.004982,-0.338417,-0.053686,0.443484,0.000711,0.001098,-0.103902,-0.024646,0.055732,3.684268,3.024646,3.740000,3.000000,1,16.077175
25652.410760,2.093735,-0.006992,-0.537241,-0.072843,0.439389,0.000936,0.002549,0.108675,-0.021685,0.074169,3.722497,3.021685,3.796667,3.000000,1,16.127049
25652.430757,2.093209,-0.010740,-0.734438,-0.093627,0.437918,0.001539,0.004516,0.142664,-0.023059,0.075105,3.771562,3.023059,3.846667,3.000000,1,16.171031
25652.450764,2.091993,-0.012318,-1.009023,-0.118128,0.435818,0.003293,0.009811,0.309796,-0.023485,0.067586,3.822414,3.023485,3.890000,3.000000,1,16.219701
25652.489523,2.090969,-0.009005,-1.160745,-0.152595,0.432905,0.009471,0.004774,0.659198,-0.019392,0.067604,3.869063,3.019392,3.936667,3.000000,1,16.268107
25652.494788,2.087356,-0.014542,-1.440157,-0.184550,0.428147,-0.004970,-0.000144,-0.369647,-0.015150,0.061689,3.924977,3.015150,3.986667,3.000000,1,16.318014
25652.510752,2.079610,-0.019712,-1.994067,-0.206485,0.420828,0.002969,0.003328,0.102480,-0.006740,0.072497,3.964924,3.010696,4.036730,2.998649,1,16.365415
25652.530742,2.073250,-0.019617,-2.315335,-0.224944,0.418442,0.004321,0.004838,0.144845,0.000552,0.073408,4.010687,3.004700,4.083165,2.993035,1,16.408738
25652.550757,2.064434,-0.015129,-2.623451,-0.242418,0.417831,0.003313,0.002438,0.101117,0.005211,0.068636,4.057896,2.996161,4.125639,2.983957,1,16.454869
25652.584758,2.052967,-0.012509,-2.901316,-0.257318,0.418064,0.012955,-0.002512,0.189619,0.005045,0.065001,4.107479,2.987498,4.170312,2.970100,1,16.502620
25652.590762,2.038853,-0.009568,-3.181913,-0.268224,0.419114,-0.008803,0.005124,-0.099107,0.001395,0.061918,4.156909,2.977305,4.213494,2.952129,1,16.550379
25652.610761,2.024966,-0.003688,-3.362588,-0.276679,0.421204,0.000801,0.000417,0.018134,0.008280,0.071035,4.192536,2.958000,4.257678,2.928488,1,16.594741
25652.630761,2.008105,-0.000035,-3.527612,-0.273503,0.420520,0.000494,-0.000049,-0.004863,-0.002814,0.064671,4.243227,2.944798,4.293893,2.904508,1,16.638413
25652.650758,1.991211,0.003944,-3.652389,-0.276513,0.425063,-0.000227,-0.000040,-0.000683,0.001073,0.068100,4.275773,2.921325,4.327889,2.877477,1,16.681302
25652.685178,1.973567,0.007541,-3.732349,-0.272698,0.429047,0.011737,-0.001355,0.007742,-0.003393,0.067190,4.315141,2.898253,4.359412,2.847596,1,16.722945
25652.690757,1.956422,0.010226,-3.779195,-0.267193,0.434202,-0.012172,0.000706,-0.020089,-0.011833,0.060986,4.356497,2.872293,4.386107,2.817681,1,16.766074
25652.710764,1.939809,0.011696,-3.802619,-0.264393,0.440448,-0.000869,-0.000319,-0.010273,-0.014057,0.064928,4.387064,2.844459,4.412221,2.782974,1,16.807127
25652.730754,1.923849,0.012244,-3.799751,-0.257694,0.447009,-0.001492,-0.000764,-0.021263,-0.016917,0.068044,4.416453,2.813687,4.435224,2.746131,1,16.845805
25652.750754,1.908552,0.011362,-3.786890,-0.247949,0.453578,-0.002749,-0.001660,-0.046027,-0.020839,0.064739,4.443329,2.780933,4.452129,2.713494,1,16.885106
25652.793037,1.893673,0.009312,-3.772651,-0.234247,0.460207,0.008148,0.001521,-0.142393,-0.026585,0.065151,4.469644,2.746923,4.467781,2.676581,1,16.924087
25652.798877,1.880988,0.008120,-3.727277,-0.218428,0.467353,-0.013121,-0.003906,0.086875,-0.027503,0.042015,4.495211,2.686523,4.480426,2.638532,1,16.973677
25652.810767,1.865653,0.005146,-3.592055,-0.190352,0.463979,-0.000211,-0.003013,-0.105259,-0.023433,0.080027,4.500567,2.672682,4.491879,2.589748,1,17.013530
25652.830755,1.862757,0.004876,-3.542142,-0.167265,0.472172,-0.002395,-0.002980,-0.124494,-0.022769,0.081705,4.511965,2.633621,4.497489,2.550048,1,17.040562
25652.850753,1.858355,0.007882,-3.306924,-0.143514,0.478808,-0.001120,-0.002069,-0.084356,-0.024088,0.067301,4.520367,2.591740,4.499453,2.523386,1,17.079255
25652.888244,1.857386,0.010378,-2.957550,-0.121316,0.481998,-0.002721,0.001425,-0.393988,-0.028088,0.064112,4.528088,2.550779,4.500000,2.486667,1,17.120831
25652.894755,1.857757,0.007189,-2.644296,-0.098522,0.484927,-0.000762,-0.011809,0.015634,-0.033624,0.056801,4.533624,2.500135,4.500000,2.443333,1,17.166542
25652.910756,1.858222,-0.001397,-2.437934,-0.072533,0.484810,-0.001403,-0.004980,-0.180010,-0.041051,0.071221,4.541051,2.467887,4.500000,2.396667,1,17.208610
25652.930756,1.860882,0.004775,-2.109634,-0.054795,0.488890,-0.000332,-0.001438,-0.065859,-0.035919,0.064931,4.535919,2.421598,4.500000,2.356667,1,17.248640
25652.950754,1.865973,0.010965,-1.571558,-0.042005,0.486724,-0.000347,-0.001519,-0.061377,-0.043598,0.067089,4.543598,2.383755,4.500000,2.316667,1,17.291277
25652.987017,1.870970,0.009287,-1.171730,-0.036190,0.487497,-0.004562,0.002275,-0.176747,-0.040132,0.064911,4.540132,2.338244,4.500000,2.273333,1,17.333366
25652.993803,1.876300,0.005254,-0.906008,-0.030999,0.485285,0.004382,-0.005215,0.050082,-0.034768,0.058822,4.534768,2.288822,4.500000,2.230000,1,17.380383
25653.010756,1.882539,-0.000058,-0.766577,-0.023455,0.480738,-0.000126,-0.002154,-0.073901,-0.037941,0.072939,4.537941,2.256272,4.500000,2.183333,1,17.422204
25653.030753,1.886886,0.000107,-0.667176,-0.018780,0.482556,0.000040,-0.003194,-0.098118,-0.039533,0.070663,4.539533,2.213997,4.500000,2.143333,1,17.460350
25653.050757,1.892274,-0.000751,-0.581431,-0.016431,0.483720,0.000102,-0.003716,-0.114491,-0.034522,0.066723,4.534522,2.170057,4.500000,2.103333,1,17.503391
25653.087293,1.897742,-0.001862,-0.538043,-0.010824,0.483655,-0.004269,-0.001770,-0.174204,-0.038068,0.068264,4.538068,2.128264,4.500000,2.060000,1,17.546941
25653.093089,1.903119,0.000456,-0.448395,-0.008028,0.484717,0.005031,0.000287,0.099988,-0.028409,0.057658,4.528409,2.074324,4.500000,2.016667,1,17.594416
25653.110753,1.909698,0.002261,-0.291675,-0.001012,0.481072,-0.000129,-0.000989,-0.044719,-0.029804,0.069670,4.529804,2.039670,4.500000,1.970000,1,17.639624
25653.130729,1.913994,0.002883,-0.205888,0.003096,0.483640,0.000188,-0.000331,-0.015524,-0.037339,0.068210,4.537339,1.994877,4.500000,1.926667,1,17.680281
25653.150754,1.919265,0.003850,-0.086940,0.002318,0.485033,0.000207,0.000066,0.002946,-0.032993,0.067143,4.532993,1.950477,4.500000,1.883333,1,17.724569
25653.185553,1.924587,0.003015,-0.013997,0.003620,0.486421,-0.003735,0.000283,-0.026074,-0.043092,0.069619,4.543092,1.909619,4.500000,1.840000,1,17.767736
25653.191309,1.929712,0.001847,0.018327,0.001132,0.489012,0.004946,-0.000488,0.012973,-0.036110,0.055890,4.536110,1.852557,4.500000,1.796667,1,17.816225
25653.210756,1.936162,0.000927,0.033074,0.006787,0.487163,-0.000725,-0.001364,-0.042782,-0.036949,0.070174,4.536949,1.820174,4.500000,1.750000,1,17.861944
25653.230755,1.940289,0.000375,0.030720,0.010331,0.489715,0.000293,-0.002379,-0.073922,-0.033384,0.071732,4.533384,1.775066,4.500000,1.703333,1,17.901732
25653.250753,1.945633,0.000139,0.027570,0.015039,0.491035,0.000258,-0.003490,-0.108570,-0.034161,0.066393,4.534161,1.729726,4.500000,1.663333,1,17.946442
25653.289432,1.950896,0.000228,0.029816,0.019517,0.491498,-0.004283,-0.004737,-0.228546,-0.033838,0.064864,4.533838,1.684864,4.500000,1.620000,1,17.991929
25653.295042,1.956070,0.000088,0.026704,0.022529,0.491781,0.005865,-0.002742,-0.061960,-0.029451,0.047227,4.529451,1.620560,4.500000,1.573333,1,18.045774
25653.310731,1.963272,0.000009,0.022003,0.026746,0.486004,-0.000501,-0.001921,-0.067793,-0.034612,0.075755,4.534612,1.595755,4.500000,1.520000,1,18.091440
25653.330731,1.966112,0.004330,0.127227,0.022432,0.490016,0.000393,0.000026,0.000810,-0.031110,0.077062,4.531110,1.550395,4.500000,1.473333,1,18.127960
25653.350759,1.971100,0.005938,0.258466,0.014701,0.494273,0.000041,0.002071,0.064853,-0.028501,0.068569,4.528501,1.505236,4.500000,1.436667,1,18.172581
25653.388463,1.976048,0.004872,0.328063,0.006197,0.497551,-0.004535,0.004853,0.184757,-0.021963,0.067168,4.521963,1.460501,4.500000,1.393333,1,18.218188
25653.395689,1.980964,0.003388,0.354688,-0.005252,0.499894,0.004900,0.003635,0.110673,-0.013545,0.049562,4.513545,1.396229,4.500000,1.346667,1,18.271839
25653.410753,1.987705,0.002491,0.376788,-0.018578,0.495567,-0.000377,0.004503,0.140018,-0.016408,0.076812,4.516408,1.370145,4.500000,1.293333,1,18.317905
25653.430752,1.990737,-0.003148,0.250238,-0.032916,0.495613,0.000583,0.003391,0.108464,-0.018757,0.078106,4.518757,1.324772,4.500000,1.246667,1,18.355150
25653.450726,1.995525,-0.009534,-0.040247,-0.048098,0.494605,0.000896,0.004114,0.163103,-0.018610,0.068432,4.518610,1.278432,4.500000,1.210000,1,18.400597
25653.511396,2.000186,-0.011335,-0.268023,-0.067759,0.494842,-0.001605,0.000346,0.364881,-0.019999,0.023043,4.519999,1.186377,4.500000,1.163333,1,18.466584
25653.517653,2.008559,-0.010243,-0.706775,-0.102525,0.489976,0.005862,0.009609,0.085377,-0.014442,0.022137,4.514442,1.118804,4.500000,1.096667,1,18.544349
25653.537682,2.014574,-0.006112,-0.793869,-0.142525,0.479976,0.006766,0.019992,0.618397,-0.013094,0.051905,4.513094,1.071905,4.500000,1.020000,1,18.604226
25653.581227,2.018426,-0.005109,-0.840052,-0.182525,0.469976,0.011722,0.009591,1.050536,-0.006212,0.065340,4.509816,1.024657,4.498399,0.960022,1,18.652300
25653.587498,2.017072,-0.020430,-1.247275,-0.222525,0.459976,-0.005159,-0.001919,-0.719792,0.000985,0.040347,4.498492,0.953635,4.492500,0.913723,1,18.709809
25653.597678,2.008431,-0.030301,-2.252250,-0.235079,0.454020,0.002360,0.001126,0.086755,0.007975,0.075863,4.493388,0.933572,4.479575,0.858552,1,18.757820
25653.617680,2.005364,-0.030427,-2.461806,-0.256226,0.453005,0.002199,0.001207,0.046294,0.010198,0.080105,4.483826,0.889390,4.463049,0.811358,1,18.792383
25653.637667,1.995335,-0.028143,-2.924649,-0.267749,0.452417,0.000908,0.000322,0.010436,0.010571,0.066714,4.469176,0.845515,4.449446,0.780914,1,18.835534
25653.680953,1.983246,-0.022735,-3.283321,-0.273989,0.452593,0.016720,-0.008431,0.177007,0.007325,0.064806,4.455836,0.802158,4.428784,0.742815,1,18.880195
25653.687285,1.970368,-0.015431,-3.527453,-0.278160,0.454770,-0.017251,0.009156,-0.154382,0.001072,0.039126,4.425237,0.736119,4.402935,0.703953,1,18.936126
25653.697673,1.948693,-0.004036,-3.742233,-0.277614,0.453635,0.001984,-0.000580,0.007893,0.004422,0.071505,4.414078,0.718487,4.369108,0.662717,1,18.982785
25653.717671,1.943167,-0.001791,-3.774709,-0.280315,0.459957,0.000217,0.000092,0.001454,0.005610,0.071285,4.385063,0.681834,4.336050,0.629769,1,19.017748
25653.737669,1.928917,0.002586,-3.831104,-0.280672,0.463021,0.000096,0.000015,-0.001177,-0.003008,0.066003,4.361852,0.644421,4.308006,0.606132,1,19.060088
25653.781360,1.914608,0.005288,-3.862555,-0.279870,0.466856,0.016425,0.000246,-0.000563,-0.001787,0.064305,4.327610,0.614516,4.272739,0.580937,1,19.101962
25653.787280,1.900546,0.006550,-3.875254,-0.277537,0.467560,-0.017976,-0.000848,-0.001179,-0.014049,0.042192,4.282146,0.568236,4.238360,0.560472,1,19.152409
25653.797670,1.878515,0.005885,-3.876062,-0.273262,0.465378,0.001627,0.000000,-0.006258,-0.011943,0.072935,4.265148,0.556039,4.193266,0.538862,1,19.193372
25653.817669,1.873418,0.005444,-3.872763,-0.273069,0.471482,-0.000084,-0.000078,-0.004697,-0.015942,0.075395,4.229268,0.531687,4.152604,0.523857,1,19.224233
25653.837669,1.860966,0.003902,-3.859090,-0.274393,0.476902,0.000004,0.000061,0.001141,-0.023528,0.068367,4.195827,0.509686,4.123763,0.515559,1,19.261427
25653.881744,1.849157,0.001651,-3.845105,-0.275089,0.482307,0.012950,0.003421,-0.001768,-0.026901,0.067058,4.158662,0.493100,4.087919,0.507790,1,19.298508
25653.887606,1.838113,-0.001052,-3.837224,-0.276583,0.487626,-0.013987,-0.003609,0.000887,-0.030243,0.047373,4.101842,0.477477,4.051601,0.502670,1,19.343162
25653.897669,1.820984,-0.005549,-3.836229,-0.270438,0.485752,0.001335,0.000152,-0.004063,-0.032022,0.074261,4.083121,0.469291,4.008337,0.500070,1,19.379352
25653.917673,1.817561,-0.006416,-3.834867,-0.274007,0.492019,-0.000103,-0.000033,-0.002496,-0.031605,0.073868,4.043626,0.465064,3.971667,0.500803,1,19.407035
25653.937672,1.808237,-0.008803,-3.837690,-0.276839,0.497300,-0.000007,0.000095,0.002920,-0.033382,0.068340,4.005757,0.462288,3.941770,0.503402,1,19.442025
25653.983213,1.799418,-0.011056,-3.843448,-0.276668,0.501786,0.010177,0.002210,0.010579,-0.035246,0.060486,3.961843,0.462700,3.908800,0.508388,1,19.478922
25653.989056,1.791452,-0.012995,-3.851547,-0.279116,0.506165,-0.010031,-0.002045,-0.009716,-0.030980,0.033918,3.897945,0.477817,3.873008,0.516396,1,19.528413
25653.997668,1.779093,-0.015664,-3.865621,-0.271813,0.499626,0.000255,-0.000195,-0.005812,-0.032086,0.069958,3.879682,0.476996,3.825339,0.531499,1,19.568384
25654.017682,1.776299,-0.016185,-3.867944,-0.270229,0.503127,0.000147,-0.000073,-0.004630,-0.035386,0.067877,3.834968,0.486181,3.788439,0.546964,1,19.598226
25654.037680,1.769873,-0.016927,-3.859563,-0.264657,0.502859,-0.000235,-0.000257,-0.010775,-0.030999,0.062146,3.801492,0.503596,3.761640,0.560472,1,19.636206
25654.082254,1.763798,-0.017576,-3.841803,-0.250364,0.499629,0.004741,0.000946,-0.086087,-0.027137,0.064219,3.769468,0.521615,3.730062,0.579128,1,19.671851
25654.088398,1.758667,-0.017277,-3.789667,-0.244434,0.502285,-0.005335,-0.001793,0.058429,-0.028598,0.038994,3.713966,0.553770,3.699937,0.600048,1,19.718106
25654.097695,1.752236,-0.018689,-3.703070,-0.233550,0.496474,-0.000254,-0.001042,-0.029078,-0.026392,0.074155,3.701121,0.560388,3.663950,0.629769,1,19.756220
25654.117682,1.750766,-0.019077,-3.681222,-0.225514,0.500247,-0.000369,-0.000429,-0.017346,-0.024258,0.076065,3.672562,0.583566,3.637715,0.655400,1,19.782351
25654.137678,1.748782,-0.017983,-3.569375,-0.217742,0.503727,-0.000044,-0.000381,-0.017805,-0.021844,0.064737,3.645295,0.611803,3.619851,0.675213,1,19.817785
25654.181684,1.747944,-0.018059,-3.456925,-0.207434,0.505033,-0.000269,0.002004,-0.127116,-0.017524,0.069057,3.623832,0.637926,3.597065,0.703953,1,19.853515
25654.187351,1.747945,-0.018344,-3.338853,-0.194045,0.507958,0.000232,-0.003537,0.080847,-0.015044,0.046964,3.588662,0.686509,3.576448,0.734287,1,19.898015
25654.197678,1.748677,-0.021010,-3.202360,-0.177514,0.503812,-0.001081,-0.002375,-0.068729,-0.007266,0.077764,3.584027,0.699446,3.555028,0.771965,1,19.935556
25654.217681,1.749192,-0.020425,-3.151727,-0.162623,0.509637,-0.001126,-0.001945,-0.082932,-0.001162,0.079160,3.569280,0.731840,3.539509,0.805197,1,19.962312
25654.237675,1.752424,-0.016401,-2.951512,-0.148686,0.514453,-0.000492,-0.001034,-0.042922,0.000332,0.068161,3.553256,0.766046,3.529775,0.830035,1,19.997727
25654.282822,1.757142,-0.013317,-2.699006,-0.137392,0.518287,-0.007009,0.002563,-0.207085,0.005862,0.068701,3.542780,0.800397,3.518580,0.864962,1,20.034713
25654.288801,1.762609,-0.012492,-2.469135,-0.125206,0.521659,0.006555,-0.004430,0.129910,0.007881,0.046904,3.527023,0.856214,3.509977,0.900616,1,20.080981
25654.297674,1.771177,-0.015735,-2.250141,-0.111248,0.516853,-0.000992,-0.003777,-0.091390,0.017305,0.077804,3.528338,0.871223,3.502845,0.946741,1,20.120310
25654.317659,1.773367,-0.016478,-2.218906,-0.095586,0.523078,-0.000741,-0.001189,-0.054996,0.021796,0.078732,3.524066,0.908539,3.500178,0.986661,1,20.149552
25654.337677,1.780729,-0.009387,-1.933274,-0.083701,0.526772,-0.000499,-0.000926,-0.040700,0.019389,0.068015,3.519389,0.945318,3.500000,1.013333,1,20.186172
25654.382782,1.788509,-0.006631,-1.671154,-0.073362,0.529852,-0.010561,0.001791,-0.186302,0.013895,0.061014,3.513895,0.988986,3.500000,1.050000,1,20.226489
25654.388721,1.796749,-0.005667,-1.450672,-0.064830,0.530274,0.010724,-0.003275,0.116207,0.011993,0.038368,3.511993,1.051632,3.500000,1.090000,1,20.278378
25654.397671,1.810074,-0.007912,-1.256177,-0.045301,0.525384,-0.000845,-0.004670,-0.112293,0.015453,0.073779,3.515453,1.069554,3.500000,1.143333,1,20.321260
25654.417677,1.813185,-0.008411,-1.230416,-0.028776,0.529287,-0.000273,-0.001417,-0.066090,0.013242,0.076794,3.513242,1.109872,3.500000,1.186667,1,20.352572
25654.437678,1.822038,0.000624,-0.911554,-0.015938,0.529272,0.000065,-0.000997,-0.046290,0.013492,0.065107,3.513492,1.151560,3.500000,1.216667,1,20.392360
25654.479762,1.831019,0.004277,-0.616865,-0.001403,0.528491,-0.009381,0.001291,-0.222133,0.010881,0.064066,3.510881,1.192601,3.500000,1.256667,1,20.433989
25654.484996,1.839911,0.006229,-0.356234,0.014636,0.526887,0.010070,-0.003803,0.124828,0.008860,0.050294,3.508860,1.249706,3.500000,1.300000,1,20.482623
25654.497671,1.852185,0.004510,-0.129620,0.038226,0.522409,0.000384,-0.005061,-0.150235,0.008682,0.069066,3.508682,1.277601,3.500000,1.346667,1,20.526736
25654.517680,1.857316,0.006748,-0.012097,0.064155,0.521273,0.000762,-0.001956,-0.088978,0.006998,0.072815,3.506998,1.320519,3.500000,1.393333,1,20.563897
25654.537675,1.864545,0.017171,0.426606,0.089244,0.518569,0.000852,-0.001718,-0.078255,0.006969,0.067157,3.506969,1.362843,3.500000,1.430000,1,20.606125
25654.584908,1.870802,0.022594,0.865082,0.115123,0.517422,-0.005552,0.003248,-0.415833,0.001408,0.063559,3.501408,1.406441,3.500000,1.470000,1,20.649123
25654.590729,1.875961,0.025777,1.278939,0.140818,0.516678,0.007094,-0.006535,0.253808,-0.003905,0.040242,3.496993,1.473035,3.499821,1.513367,1,20.703126
25654.597663,1.883701,0.021974,1.695546,0.173539,0.511502,0.001670,-0.004764,-0.097768,-0.006623,0.080000,3.499638,1.486475,3.495539,1.566643,1,20.746045
25654.617671,1.885113,0.021839,1.777053,0.200846,0.513944,0.003081,-0.003033,-0.126577,-0.017457,0.068936,3.485934,1.538312,3.487885,1.609398,1,20.781813
25654.637676,1.885629,0.029987,2.193745,0.221402,0.512377,0.001356,-0.000837,-0.033069,-0.022316,0.058281,3.474067,1.582695,3.478531,1.644942,1,20.830864
25654.681467,1.883248,0.033871,2.642982,0.233359,0.512062,0.005575,0.005641,-0.276182,-0.024005,0.061640,3.463141,1.625982,3.461619,1.692113,1,20.877876
25654.686849,1.880167,0.032327,2.990250,0.239757,0.513087,-0.003557,-0.006154,0.216931,-0.024628,0.047039,3.441947,1.681312,3.441648,1.734408,1,20.930271
25654.697673,1.875393,0.025478,3.288002,0.239351,0.510963,0.000520,-0.000470,0.003496,-0.028689,0.068467,3.428714,1.707429,3.414103,1.780212,1,20.977787
25654.717680,1.873412,0.022582,3.370181,0.236617,0.515400,0.000512,0.000085,0.006743,-0.027039,0.070716,3.410158,1.745894,3.386107,1.817681,1,21.017338
25654.737679,1.869678,0.017984,3.461351,0.228372,0.518258,0.000162,0.000311,0.015782,-0.026695,0.064509,3.385069,1.782668,3.359412,1.847596,1,21.061979
25654.779608,1.866348,0.013379,3.488004,0.218152,0.521081,0.003370,0.001751,0.067081,-0.027409,0.062002,3.356724,1.816125,3.327889,1.877477,1,21.107905
25654.785251,1.863894,0.009242,3.456419,0.205198,0.523661,-0.003020,-0.000421,-0.031727,-0.025295,0.048403,3.315800,1.857712,3.291182,1.906464,1,21.159257
25654.797690,1.860515,0.007129,3.391361,0.187176,0.522349,-0.001041,0.003421,0.089908,-0.026844,0.067901,3.294544,1.876472,3.249035,1.933569,1,21.205394
25654.817669,1.859564,0.006739,3.360694,0.169448,0.527745,-0.002177,0.003528,0.141059,-0.026655,0.070050,3.260110,1.901628,3.207431,1.954942,1,21.244028
25654.837677,1.859260,0.003032,3.227895,0.150545,0.531830,0.000034,0.001022,0.051732,-0.025962,0.065977,3.223500,1.923217,3.170312,1.970100,1,21.287367
25654.882739,1.862661,-0.002861,2.930890,0.131942,0.534195,-0.004834,-0.005040,0.310989,-0.026104,0.065423,3.185355,1.941022,3.128871,1.983107,1,21.331787
25654.889827,1.867210,-0.004644,2.621320,0.113175,0.535615,0.005650,0.008042,-0.175051,-0.022866,0.041930,3.123803,1.962696,3.086458,1.992468,1,21.385362
25654.897665,1.874876,0.001507,2.292694,0.087911,0.530205,-0.000740,0.004960,0.112868,-0.024039,0.074593,3.106217,1.969916,3.033396,1.998883,1,21.430068
25654.917669,1.876859,0.002013,2.218698,0.072471,0.536274,-0.000354,0.001372,0.072651,-0.018339,0.077819,3.064486,1.981661,2.986667,2.000000,1,21.462947
25654.937673,1.884119,-0.005855,1.794584,0.065748,0.539975,-0.000123,0.000492,0.023657,-0.008607,0.067217,3.023884,1.991393,2.956667,2.000000,1,21.503338
25654.980891,1.891590,-0.005719,1.456107,0.064810,0.541876,-0.008315,-0.004307,0.113154,-0.000011,0.068772,2.982105,1.999989,2.913333,2.000000,1,21.545716
25654.986615,1.899533,-0.001986,1.251897,0.064489,0.540702,0.008564,0.003784,-0.085531,0.009117,0.050043,2.923376,2.009117,2.873333,2.000000,1,21.595568
25654.997667,1.910230,0.002934,1.128083,0.067103,0.532473,0.000817,-0.000329,-0.011591,0.013391,0.072745,2.896079,2.013391,2.823333,2.000000,1,21.639837
25655.017688,1.914800,0.004292,1.107136,0.072542,0.526262,0.000423,-0.000386,-0.017811,0.018933,0.072502,2.852502,2.018933,2.780000,2.000000,1,21.676953
25655.037678,1.921384,0.007146,1.132564,0.081141,0.517555,0.000622,-0.000614,-0.028314,0.023469,0.068204,2.808204,2.023469,2.740000,2.000000,1,21.720419
25655.081724,1.927239,0.009665,1.207561,0.092437,0.507555,-0.004340,0.000257,-0.142480,0.027264,0.067195,2.763861,2.027264,2.696667,2.000000,1,21.765302
25655.087575,1.932071,0.012052,1.326175,0.106828,0.497555,0.006229,-0.002604,0.075075,0.028277,0.039641,2.692974,2.028277,2.653333,2.000000,1,21.820817
25655.097664,1.939039,0.011452,1.473742,0.129839,0.487555,0.001062,-0.003825,-0.104568,0.031866,0.076987,2.673654,2.031866,2.596667,2.000000,1,21.867169
25655.117658,1.940229,0.012771,1.533959,0.152406,0.478119,0.002409,-0.002896,-0.127708,0.032655,0.078079,2.628079,2.032655,2.550000,2.000000,1,21.901145
25655.137664,1.940832,0.019661,1.810594,0.172667,0.468516,0.001489,-0.001214,-0.050176,0.031072,0.065838,2.582505,2.031072,2.516667,2.000000,1,21.943838
25655.183757,1.938758,0.024361,2.172461,0.188222,0.459709,0.007006,0.004529,-0.293013,0.024799,0.064841,2.536699,2.027515,2.473276,1.999285,1,21.988084
25655.189526,1.935222,0.024829,2.489538,0.201287,0.452545,-0.004450,-0.006109,0.217186,0.012865,0.038312,2.466181,2.013181,2.430046,1.995082,1,22.043064
25655.197684,1.928948,0.019079,2.802863,0.212323,0.442545,0.001633,-0.002098,-0.048330,0.010122,0.074444,2.447299,2.012825,2.377598,1.984786,1,22.088565
25655.217704,1.927378,0.017276,2.845247,0.222730,0.440768,0.001378,-0.000605,-0.024056,0.004558,0.076441,2.403353,2.001081,2.332834,1.971228,1,22.122231
25655.237674,1.919869,0.017869,3.037821,0.228105,0.437882,0.001036,-0.000305,-0.008192,0.001545,0.064751,2.360563,1.986104,2.301733,1.959010,1,22.165319
25655.283193,1.911654,0.016611,3.198006,0.228348,0.434910,0.012415,0.003053,-0.075871,-0.001756,0.063291,2.319184,1.968570,2.262645,1.940071,1,22.209636
25655.288924,1.902982,0.014146,3.307866,0.226122,0.433085,-0.011181,-0.002969,0.070281,-0.006594,0.035710,2.258811,1.931918,2.225349,1.917812,1,22.265651
25655.297680,1.889183,0.010290,3.397865,0.212713,0.426179,0.000037,0.001347,0.028855,-0.009792,0.074972,2.243592,1.924476,2.179745,1.883975,1,22.311847
25655.317672,1.885659,0.009573,3.408312,0.201425,0.430093,-0.000564,0.001555,0.049623,-0.013084,0.077625,2.209255,1.898221,2.145267,1.852370,1,22.345051
25655.337668,1.878206,0.006109,3.357364,0.185917,0.432443,-0.001977,0.003974,0.119614,-0.014826,0.067263,2.177826,1.868947,2.122523,1.827889,1,22.387195
25655.383507,1.870785,0.005423,3.305712,0.164479,0.435134,0.001193,0.004640,0.455126,-0.018953,0.068577,2.151133,1.838232,2.095492,1.793893,1,22.430303
25655.389527,1.863678,0.005927,3.250396,0.135665,0.438414,-0.011590,0.010302,0.143876,-0.024157,0.044117,2.114950,1.783036,2.071512,1.757678,1,22.484061
25655.397680,1.852095,0.009877,3.235420,0.095665,0.438941,-0.003997,0.015415,0.346696,-0.029273,0.078970,2.106249,1.769778,2.046455,1.710467,1,22.528929
25655.417710,1.849321,0.010334,3.226565,0.055665,0.445873,-0.000816,0.003411,0.185381,-0.034227,0.078189,2.088714,1.732167,2.029900,1.670312,1,22.561972
25655.437688,1.852119,-0.020380,2.330548,0.023320,0.441027,0.000683,0.007908,0.241923,-0.035636,0.068222,2.072717,1.694210,2.019574,1.638532,1,22.603877
25655.480983,1.855435,-0.022653,1.596323,-0.008674,0.439138,-0.002913,-0.006131,0.744813,-0.038656,0.067765,2.060350,1.655365,2.009364,1.596316,1,22.646851
25655.486514,1.858734,-0.024301,0.913972,-0.041967,0.438805,0.003809,0.011058,-0.432300,-0.035990,0.051898,2.044181,1.601132,2.002857,1.553372,1,22.694999
25655.497661,1.863039,-0.017565,0.198506,-0.074889,0.435556,0.001208,0.007185,0.178042,-0.032053,0.069555,2.033024,1.575804,2.000045,1.506684,1,22.737271
25655.517677,1.864624,-0.018901,-0.074159,-0.101901,0.436277,0.000797,0.001572,0.071764,-0.017112,0.073679,2.021128,1.535492,1.998649,1.463270,1,22.772289
25655.537664,1.865007,-0.029692,-0.778901,-0.119186,0.436066,0.000681,0.001136,0.050641,-0.005275,0.066711,2.009639,1.495362,1.995082,1.430046,1,22.813032
25655.580655,1.865126,-0.030905,-1.307934,-0.136585,0.438700,0.001172,-0.004286,0.310236,0.005133,0.066399,1.997404,1.456516,1.987885,1.390602,1,22.854736
25655.586904,1.864689,-0.029816,-1.702584,-0.153154,0.442460,0.000044,0.006109,-0.187288,0.016478,0.052334,1.976685,1.403541,1.976550,1.348673,1,22.903759
25655.597673,1.864098,-0.024601,-2.024302,-0.170020,0.443241,0.001031,0.002965,0.065256,0.023912,0.074743,1.966696,1.379831,1.959010,1.301733,1,22.947875
25655.617677,1.863394,-0.024238,-2.137802,-0.185871,0.449569,0.001189,0.001910,0.080440,0.029012,0.075105,1.950190,1.342521,1.940071,1.262645,1,22.983945
25655.637676,1.860611,-0.026867,-2.389060,-0.199101,0.455207,0.000788,0.002057,0.060859,0.030326,0.068475,1.932729,1.304994,1.921446,1.230959,1,23.025905
25655.681681,1.856990,-0.027150,-2.626000,-0.211770,0.460647,0.007018,0.000620,0.295922,0.031328,0.066029,1.913438,1.269604,1.898534,1.198056,1,23.068229
25655.687921,1.853624,-0.024731,-2.774942,-0.223113,0.465586,-0.002877,0.006464,-0.007793,0.029874,0.040671,1.875951,1.214811,1.870826,1.164608,1,23.121413
25655.697688,1.848870,-0.019814,-2.867567,-0.233141,0.465775,0.001368,0.001928,0.055086,0.033622,0.074632,1.866205,1.201717,1.832906,1.126940,1,23.166064
25655.717664,1.846771,-0.021532,-2.931922,-0.239183,0.471298,0.000451,0.000282,0.010564,0.032316,0.074871,1.839909,1.170158,1.799274,1.099456,1,23.197775
25655.737678,1.840320,-0.025721,-3.151146,-0.238691,0.476206,0.000042,-0.000002,-0.000763,0.027679,0.065822,1.812046,1.139380,1.771852,1.080362,1,23.237644
25655.782597,1.834373,-0.025354,-3.313631,-0.235072,0.481442,0.006370,-0.003073,0.051604,0.025534,0.061484,1.779348,1.111590,1.737355,1.059929,1,23.279731
25655.788212,1.829226,-0.022796,-3.408783,-0.227966,0.486540,-0.006658,0.002613,-0.057102,0.015278,0.035647,1.727808,1.070664,1.701331,1.042326,1,23.332200
25655.797664,1.821435,-0.018964,-3.473813,-0.213731,0.486257,-0.000422,-0.001734,-0.037300,0.017089,0.072382,1.715142,1.061644,1.651327,1.023450,1,23.373895
25655.817680,1.819741,-0.017915,-3.472658,-0.200741,0.493964,-0.001143,-0.001460,-0.060314,0.012573,0.074528,1.679369,1.040689,1.609398,1.012115,1,23.403799
25655.837680,1.817391,-0.013226,-3.388564,-0.186127,0.500177,-0.000392,-0.000808,-0.035860,0.004522,0.064528,1.642845,1.021191,1.579867,1.006420,1,23.442784
25655.882588,1.817134,-0.009058,-3.222853,-0.171146,0.505313,-0.001335,0.002313,-0.214424,-0.000018,0.058378,1.601552,1.006935,1.543393,1.001887,1,23.484019
25655.888498,1.818361,-0.006943,-3.030399,-0.153617,0.508203,0.001442,-0.004787,0.132917,-0.013583,0.032862,1.532862,0.986417,1.500000,1.000000,1,23.538587
25655.897674,1.820692,-0.009931,-2.804293,-0.133348,0.505913,-0.001056,-0.004875,-0.121936,-0.016973,0.070429,1.517096,0.983027,1.446667,1.000000,1,23.583437
25655.917682,1.821664,-0.010840,-2.764921,-0.114163,0.514039,-0.000836,-0.001367,-0.063943,-0.024741,0.078323,1.478323,0.975259,1.400000,1.000000,1,23.613994
25655.937689,1.826683,-0.002460,-2.397019,-0.102277,0.520885,-0.001652,-0.002812,-0.082061,-0.032284,0.066488,1.436488,0.967716,1.370000,1.000000,1,23.653530
25655.983792,1.831253,-0.002738,-2.113020,-0.100005,0.527450,-0.008959,0.003188,-0.204710,-0.039999,0.064900,1.394900,0.960001,1.330000,1.000000,1,23.695451
25655.989749,1.837050,-0.004405,-1.908795,-0.101182,0.533329,0.008031,-0.003125,0.152010,-0.049809,0.031880,1.321880,0.950191,1.290000,1.000000,1,23.751258
25655.997693,1.847085,-0.008053,-1.703497,-0.113069,0.532099,0.000333,0.001854,0.042231,-0.052754,0.074291,1.307625,0.947246,1.233333,1.000000,1,23.796483
25656.017670,1.849647,-0.008993,-1.680013,-0.122288,0.537572,0.000028,0.000653,0.031781,-0.056497,0.076137,1.266137,0.943503,1.190000,1.000000,1,23.827232
25656.037671,1.855035,-0.015236,-1.771221,-0.132959,0.541826,0.000269,0.000724,0.031684,-0.059391,0.065584,1.222250,0.940609,1.156667,1.000000,1,23.868918
25656.083561,1.860400,-0.018697,-1.906515,-0.145039,0.545328,-0.005901,-0.001157,0.172938,-0.062186,0.060265,1.176931,0.937814,1.116667,1.000000,1,23.912957
25656.089476,1.865301,-0.020769,-2.063328,-0.160238,0.548594,0.006572,0.003202,-0.101671,-0.063481,0.030588,1.103921,0.936519,1.073333,1.000000,1,23.969004
25656.097690,1.872891,-0.019181,-2.240541,-0.184081,0.545744,0.001658,0.004268,0.097227,-0.062109,0.069653,1.086319,0.937891,1.016667,1.000000,1,24.013333
25656.117674,1.874986,-0.018413,-2.266442,-0.203010,0.548488,0.001244,0.001160,0.050836,-0.057018,0.071644,1.038025,0.939682,0.969939,1.000904,1,24.044922
25656.137672,1.875914,-0.025585,-2.558896,-0.219343,0.550411,0.000662,0.000849,0.033879,-0.055056,0.060527,0.993468,0.941692,0.939987,1.003615,1,24.086434
25656.183285,1.875498,-0.027739,-2.843035,-0.235152,0.553396,0.003933,-0.002953,0.270238,-0.051102,0.058111,0.947175,0.948366,0.900407,1.010019,1,24.128333
25656.188848,1.875178,-0.025957,-3.064536,-0.247309,0.556262,0.000399,0.007004,-0.108521,-0.049386,0.035527,0.878329,0.963080,0.858259,1.020511,1,24.180613
25656.197675,1.874703,-0.019318,-3.247074,-0.255192,0.551902,0.001887,0.002248,0.055010,-0.043963,0.074154,0.859457,0.969300,0.807887,1.038381,1,24.222704
25656.217673,1.874632,-0.017957,-3.277166,-0.261899,0.555434,0.000852,0.000342,0.011389,-0.043051,0.072020,0.815905,0.984054,0.771517,1.055258,1,24.253135
25656.237706,1.870646,-0.019179,-3.447011,-0.263635,0.558475,0.000464,0.000105,0.001883,-0.045372,0.059872,0.773583,1.000249,0.745192,1.069799,1,24.293223
25656.283585,1.866517,-0.017781,-3.581021,-0.262455,0.562761,0.005861,-0.003534,0.061568,-0.047914,0.061867,0.731207,1.018556,0.708818,1.093536,1,24.334907
25656.289499,1.862605,-0.015003,-3.670432,-0.259380,0.567988,-0.005525,0.003351,-0.057671,-0.043725,0.039341,0.678999,1.059384,0.677186,1.118174,1,24.385062
25656.297696,1.856006,-0.010637,-3.743911,-0.244944,0.562976,-0.000517,-0.001084,-0.024481,-0.038691,0.075317,0.665136,1.071366,0.640588,1.152404,1,24.424303
25656.317708,1.854407,-0.009769,-3.754151,-0.232808,0.568467,-0.000377,-0.000519,-0.024405,-0.042590,0.072859,0.627296,1.098996,0.613893,1.182319,1,24.454740
25656.337673,1.852741,-0.005176,-3.693347,-0.223996,0.574041,-0.000303,-0.000422,-0.018146,-0.040341,0.060590,0.598469,1.133377,0.595492,1.206107,1,24.495927
25656.383503,1.851975,-0.002510,-3.601149,-0.214008,0.577315,-0.001047,0.000972,-0.152184,-0.041491,0.060309,0.569257,1.166369,0.573244,1.239463,1,24.537245
25656.389614,1.851808,-0.002282,-3.512831,-0.201348,0.580469,-0.000682,-0.004000,0.030232,-0.056888,0.034885,0.516825,1.220926,0.552243,1.277483,1,24.588817
25656.397698,1.851742,-0.005105,-3.427677,-0.185166,0.576251,-0.001615,-0.003666,-0.081905,-0.050698,0.076550,0.511822,1.233897,0.532219,1.323419,1,24.628182
25656.417689,1.851567,-0.005954,-3.414509,-0.168211,0.580102,-0.000754,-0.001129,-0.055637,-0.047701,0.075809,0.494745,1.275410,0.519574,1.361468,1,24.656285
25656.437675,1.855897,0.000664,-3.164989,-0.153681,0.579583,-0.000838,-0.002893,-0.087606,-0.046460,0.062932,0.481771,1.315562,0.512857,1.387344,1,24.696185
25656.483560,1.860679,0.000879,-2.943612,-0.136735,0.578318,-0.009001,0.003240,-0.336663,-0.040511,0.062963,0.474548,1.358519,0.505396,1.426738,1,24.736933
25656.489721,1.866491,0.001687,-2.705057,-0.117169,0.575787,0.008036,-0.006212,0.192483,-0.031749,0.033979,0.471255,1.434113,0.500904,1.469939,1,24.792332
25656.497677,1.877004,-0.001947,-2.377088,-0.089220,0.567487,-0.001008,-0.006942,-0.156224,-0.033388,0.071493,0.466612,1.451840,0.500000,1.523333,1,24.840297
25656.517685,1.879606,-0.003619,-2.332449,-0.068604,0.569699,-0.000430,-0.001680,-0.092431,-0.038173,0.075823,0.461827,1.497511,0.500000,1.573333,1,24.874554
25656.537691,1.888874,0.007790,-1.848608,-0.054926,0.567666,-0.000235,-0.003429,-0.105294,-0.040619,0.059890,0.459381,1.546777,0.500000,1.606667,1,24.921028
25656.583279,1.898043,0.007339,-1.478976,-0.044292,0.565489,-0.012094,-0.000619,-0.423240,-0.037740,0.060972,0.462260,1.592362,0.500000,1.653333,1,24.969498
25656.588961,1.907173,0.002303,-1.286588,-0.029456,0.563648,0.011365,-0.009514,-0.026495,-0.027638,0.030879,0.472362,1.669121,0.500000,1.700000,1,25.029210
25656.597685,1.921304,-0.003685,-1.174255,-0.007527,0.555240,-0.000280,-0.009921,-0.233803,-0.036348,0.069147,0.463652,1.690853,0.500000,1.760000,1,25.080507
25656.617681,1.925028,-0.003860,-1.149291,0.003760,0.556893,-0.000009,-0.000849,-0.046683,-0.040429,0.076393,0.459571,1.736940,0.500000,1.813333,1,25.117413
25656.637675,1.934002,0.012561,-0.601227,0.000681,0.558468,0.000083,0.000251,0.011766,-0.041454,0.065166,0.458546,1.784834,0.500000,1.850000,1,25.162807
25656.683584,1.943075,0.012052,-0.261653,-0.006211,0.559450,-0.011245,0.004581,-0.018430,-0.038988,0.061536,0.461012,1.831798,0.500000,1.893333,1,25.210455
25656.689455,1.952289,0.006254,-0.134693,-0.010251,0.559602,0.012046,-0.003215,0.031678,-0.034271,0.034895,0.465729,1.908439,0.500000,1.943333,1,25.271317
25656.697676,1.966944,0.000954,-0.102931,-0.009895,0.553172,0.000255,0.000612,0.013858,-0.038584,0.074389,0.461416,1.928944,0.500000,2.003333,1,25.322083
25656.717682,1.970624,0.000416,-0.102377,-0.014154,0.557025,0.000235,0.000290,0.015331,-0.042349,0.077635,0.457651,1.975698,0.500000,2.053333,1,25.358167
25656.737678,1.979295,-0.002048,-0.153020,-0.019165,0.558428,0.000381,0.000387,0.018824,-0.044446,0.064745,0.455554,2.025255,0.500000,2.090000,1,25.404869
25656.783569,1.988021,-0.003497,-0.221339,-0.027409,0.558549,-0.009898,-0.000581,0.111602,-0.041353,0.060746,0.458647,2.075921,0.500000,2.136667,1,25.455536
25656.789465,1.996633,-0.005045,-0.314903,-0.036541,0.557044,0.011048,0.002131,-0.055602,-0.032753,0.033473,0.467247,2.153193,0.500000,2.186667,1,25.518064
25656.797675,2.009957,-0.004347,-0.425845,-0.049514,0.550198,0.000626,0.003553,0.082884,-0.038104,0.075021,0.461896,2.174979,0.500000,2.250000,1,25.569427
25656.817686,2.013344,-0.003931,-0.440724,-0.067539,0.549853,0.000810,0.001261,0.066445,-0.034921,0.074596,0.465079,2.225404,0.500000,2.300000,1,25.607874
25656.837675,2.020098,-0.011768,-0.713552,-0.085675,0.546666,0.000955,0.001238,0.060030,-0.034935,0.063245,0.465065,2.276755,0.500000,2.340000,1,25.656995
25656.883326,2.026082,-0.015434,-1.016233,-0.106973,0.543268,-0.004124,-0.003804,0.327765,-0.038258,0.062818,0.461742,2.327182,0.500000,2.390000,1,25.707370
25656.889219,2.030902,-0.017365,-1.328687,-0.132844,0.541260,0.006417,0.007204,-0.193276,-0.028002,0.034004,0.471998,2.405996,0.500000,2.440000,1,25.769609
25656.897695,2.037797,-0.012668,-1.664602,-0.166588,0.533361,0.002508,0.006753,0.160193,-0.033728,0.071196,0.466272,2.428804,0.500000,2.500000,1,25.820410
25656.917698,2.039564,-0.011091,-1.712798,-0.200740,0.530329,0.002168,0.001708,0.082451,-0.024385,0.075868,0.470513,2.480541,0.502857,2.553372,1,25.857916
25656.937680,2.036982,-0.021537,-2.191064,-0.225336,0.524566,0.001525,0.000984,0.038988,-0.015498,0.064388,0.481317,2.529188,0.508121,2.589748,1,25.905912
25656.983718,2.032015,-0.023366,-2.650478,-0.243234,0.520717,0.011412,-0.009239,0.333250,-0.031473,0.065131,0.470734,2.581135,0.518659,2.635318,1,25.950831
25656.989389,2.025308,-0.019804,-3.019479,-0.263172,0.521269,-0.008995,0.010612,-0.264835,-0.027603,0.030836,0.496569,2.660849,0.533410,2.679704,1,26.009745
25656.997681,2.013543,-0.008237,-3.384693,-0.272202,0.514139,0.001493,0.001170,0.029884,-0.024105,0.073078,0.501600,2.677831,0.556795,2.731451,1,26.058639
25657.017694,2.010298,-0.005140,-3.438960,-0.281628,0.515804,0.001078,0.000350,0.011318,-0.031316,0.078192,0.513069,2.726514,0.582188,2.774651,1,26.089963
25657.037655,1.998989,-0.000642,-3.600430,-0.286633,0.517530,0.000526,0.000168,0.003177,-0.030755,0.064484,0.538011,2.769119,0.601466,2.801944,1,26.133205
25657.083608,1.986663,0.004025,-3.720603,-0.287099,0.518394,0.017495,-0.004182,0.056744,-0.037158,0.062958,0.559384,2.813624,0.629174,2.835392,1,26.177358
25657.089537,1.974067,0.008438,-3.799955,-0.286447,0.521956,-0.016766,0.003874,-0.048737,-0.039845,0.028516,0.611670,2.876091,0.659680,2.866309,1,26.234969
25657.097679,1.953489,0.013468,-3.865216,-0.280190,0.516877,-0.000038,-0.000205,-0.004488,-0.041367,0.074694,0.618738,2.891532,0.703410,2.902535,1,26.279645
25657.117681,1.948302,0.014253,-3.872935,-0.274828,0.522284,0.000128,-0.000017,-0.004277,-0.050387,0.075729,0.648573,2.930301,0.739463,2.926756,1,26.307846
25657.137682,1.936618,0.015983,-3.867182,-0.270663,0.527618,-0.000113,-0.000077,-0.004654,-0.058342,0.061941,0.683528,2.964142,0.765592,2.941648,1,26.347803
25657.183404,1.925480,0.016263,-3.848225,-0.262810,0.532145,0.011716,0.002524,-0.051227,-0.069846,0.063329,0.715899,2.998017,0.801733,2.959010,1,26.386667
25657.189096,1.915128,0.015490,-3.819242,-0.250747,0.537422,-0.012027,-0.003224,0.031365,-0.078796,0.025246,0.789896,3.039905,0.839148,2.973420,1,26.441308
25657.197697,1.900784,0.012341,-3.768191,-0.233426,0.532988,-0.001061,-0.001594,-0.037693,-0.078009,0.074564,0.800777,3.047690,0.890602,2.987885,1,26.483771
25657.217681,1.897093,0.011221,-3.758087,-0.215831,0.539687,-0.000620,-0.000726,-0.033626,-0.081694,0.072980,0.850139,3.066776,0.933357,2.995539,1,26.511733
25657.237681,1.892609,0.012687,-3.625040,-0.197495,0.542899,-0.000721,-0.000951,-0.040998,-0.089563,0.058578,0.894372,3.082974,0.959938,2.998392,1,26.554881
25657.283167,1.889956,0.012824,-3.452865,-0.173928,0.544851,-0.001224,0.005525,-0.290381,0.042932,0.103939,0.937036,3.095339,0.996658,2.999989,2,26.602084
25657.289278,1.889596,0.012635,-3.231022,-0.146438,0.551555,0.000480,-0.008890,0.166535,-0.107376,0.029482,1.010518,3.107376,1.040000,3.000000,2,26.662514
25657.297680,1.891130,0.005959,-2.933889,-0.113927,0.547541,-0.002033,-0.007738,-0.180258,-0.108178,0.072090,1.027910,3.108178,1.100000,3.000000,2,26.709724
25657.317678,1.891634,0.003801,-2.883849,-0.083566,0.554899,-0.001125,-0.002386,-0.126487,-0.110939,0.078187,1.071813,3.110939,1.150000,3.000000,2,26.743238
25657.337680,1.898275,0.016373,-2.316133,-0.063584,0.556075,-0.000021,-0.001542,-0.074617,-0.110221,0.066923,1.116411,3.110221,1.183333,3.000000,2,26.785934
25657.382949,1.906230,0.018261,-1.770474,-0.046240,0.555359,-0.010497,0.008281,-0.379637,-0.106987,0.064251,1.159083,3.106987,1.223333,3.000000,2,26.829027
25657.389030,1.914613,0.015298,-1.319490,-0.030193,0.554587,0.010579,-0.010555,0.239279,-0.103150,0.043703,1.222964,3.103150,1.266667,3.000000,2,26.881287
25657.397681,1.927844,0.005438,-0.920083,-0.016526,0.549188,-0.000327,-0.004780,-0.118286,-0.100588,0.077043,1.242957,3.100588,1.320000,3.000000,2,26.925349
25657.417681,1.931235,0.003494,-0.870344,-0.004267,0.553250,-0.000030,-0.000896,-0.049753,-0.093325,0.075487,1.287847,3.093325,1.363333,3.000000,2,26.960526
25657.437679,1.939964,0.009647,-0.515574,0.001447,0.554122,0.000207,-0.000451,-0.021918,-0.085814,0.065432,1.334568,3.085814,1.400000,3.000000,2,27.005800
25657.483112,1.948862,0.009521,-0.251223,0.004964,0.552333,-0.010408,0.003196,-0.117539,-0.077683,0.063578,1.379756,3.077683,1.443333,3.000000,2,27.052205
25657.489591,1.957643,0.007390,-0.082204,0.008499,0.549602,0.010968,-0.003512,0.075696,-0.066326,0.041948,1.448052,3.066326,1.490000,3.000000,2,27.108090
25657.497671,1.971289,0.003610,0.043571,0.015381,0.543670,0.000498,-0.001727,-0.040180,-0.061194,0.075772,1.470895,3.061194,1.546667,3.000000,2,27.155204
25657.517672,1.974889,0.002898,0.056892,0.021516,0.547080,0.000336,-0.000486,-0.026754,-0.054077,0.074796,1.518537,3.054077,1.593333,3.000000,2,27.192165
25657.537731,1.982939,0.005527,0.185483,0.025303,0.546893,0.000289,-0.000278,-0.014019,-0.045095,0.065762,1.564238,3.045095,1.630000,3.000000,2,27.238155
25657.579472,1.990821,0.006042,0.300028,0.030805,0.546509,-0.007514,0.001120,-0.085946,-0.037315,0.064826,1.611841,3.037315,1.676667,3.000000,2,27.285597
25657.585685,1.998593,0.006055,0.398243,0.034733,0.543827,0.008166,-0.001818,0.049575,-0.024210,0.051848,1.671485,3.024210,1.723333,3.000000,2,27.338775
25657.597670,2.008948,0.004641,0.486773,0.039508,0.537179,0.000708,-0.001340,-0.036934,-0.016949,0.073593,1.703074,3.016949,1.776667,3.000000,2,27.385926
25657.617664,2.013489,0.004371,0.514759,0.046284,0.538479,0.000376,-0.000443,-0.022655,-0.008754,0.073848,1.749485,3.008754,1.823333,3.000000,2,27.426226
25657.637670,2.020067,0.006497,0.630877,0.049106,0.538668,0.000397,-0.000210,-0.010131,-0.002072,0.065386,1.797947,3.002072,1.863333,3.000000,2,27.472807
25657.681285,2.026567,0.006630,0.731196,0.049979,0.537046,-0.006409,0.001543,-0.043103,0.004479,0.062788,1.847212,2.995521,1.910000,3.000000,2,27.522224
25657.687733,2.032964,0.005619,0.798642,0.049355,0.533968,0.007792,-0.001513,0.036690,0.008399,0.039287,1.920713,2.991601,1.960000,3.000000,2,27.582399
25657.697647,2.042597,0.003604,0.848402,0.043480,0.527263,-0.000143,0.001166,0.025829,0.013573,0.077879,1.942121,2.986427,2.020000,3.000000,2,27.631734
25657.717672,2.045104,0.003085,0.851630,0.040674,0.530913,0.000434,0.000564,0.030334,0.016964,0.076690,1.993310,2.983036,2.070000,3.000000,2,27.670221
25657.737673,2.051084,0.000621,0.815374,0.037583,0.530207,0.000339,0.000213,0.011479,0.019091,0.068146,2.041854,2.980909,2.110000,3.000000,2,27.719199
25657.781308,2.056861,-0.001031,0.748667,0.034216,0.528456,-0.005577,-0.000613,0.058819,0.019483,0.063106,2.093560,2.980517,2.156667,3.000000,2,27.769551
25657.787755,2.062709,-0.001625,0.685422,0.028420,0.524181,0.007114,0.001609,-0.026116,0.018742,0.037070,2.169597,2.981258,2.206667,3.000000,2,27.832176
25657.797648,2.071472,-0.000830,0.622916,0.019178,0.517541,0.000000,0.002005,0.053872,0.022580,0.077869,2.192131,2.977420,2.270000,3.000000,2,27.883773
25657.817677,2.073818,-0.001322,0.598741,0.012528,0.521323,0.000463,0.001036,0.056454,0.022686,0.080441,2.242892,2.977314,2.323333,3.000000,2,27.922116
25657.837626,2.079224,-0.004660,0.470607,0.007190,0.520509,0.000460,0.000395,0.020434,0.022232,0.067212,2.292788,2.977768,2.360000,3.000000,2,27.970737
25657.882231,2.084488,-0.006158,0.317944,0.003033,0.518133,-0.005043,-0.002154,0.097835,0.021317,0.065747,2.344253,2.978683,2.410000,3.000000,2,28.021407
25657.888345,2.089678,-0.005739,0.196223,-0.000722,0.513991,0.006552,0.002789,-0.063878,0.015704,0.036209,2.423791,2.984296,2.460000,3.000000,2,28.085379
25657.897672,2.097558,-0.003093,0.091228,-0.004669,0.507133,0.000240,0.000855,0.025702,0.018566,0.076959,2.446374,2.981434,2.523333,3.000000,2,28.138860
25657.917647,2.099587,-0.002923,0.069439,-0.007969,0.510274,0.000368,0.000226,0.012310,0.016313,0.079866,2.496800,2.983687,2.576667,3.000000,2,28.178336
25657.937673,2.103906,-0.003954,-0.023487,-0.010579,0.510325,0.000439,0.000189,0.010131,0.014166,0.069199,2.547468,2.985834,2.616667,3.000000,2,28.227387
25657.983334,2.108239,-0.003710,-0.098230,-0.011527,0.508262,-0.004161,-0.001320,0.037136,0.011623,0.068199,2.598468,2.988377,2.666667,3.000000,2,28.277370
25657.989504,2.112467,-0.002884,-0.151257,-0.012894,0.505092,0.005429,0.001440,-0.024218,0.003925,0.037411,2.679256,2.996075,2.716667,3.000000,2,28.340996
25657.997664,2.118967,-0.001324,-0.191290,-0.014817,0.496413,0.000530,0.000541,0.012779,0.007800,0.078306,2.701694,2.992200,2.780000,3.000000,2,28.395109
25658.017676,2.120661,-0.001029,-0.195778,-0.015703,0.497856,0.000513,0.000083,0.004935,0.005441,0.079549,2.753784,2.994559,2.833333,3.000000,2,28.435571
25658.037685,2.124067,-0.001487,-0.231926,-0.015981,0.496437,0.000507,0.000028,0.001167,0.003276,0.068257,2.805077,2.996724,2.873333,3.000000,2,28.485602
25658.083285,2.127337,-0.001236,-0.258001,-0.015338,0.494856,-0.002810,-0.000516,0.001699,0.001931,0.067149,2.856184,2.998069,2.923333,3.000000,2,28.536729
25658.089140,2.130464,-0.000647,-0.269899,-0.013892,0.493449,0.004133,0.000272,-0.006264,-0.005008,0.037938,2.938728,3.005008,2.976667,3.000000,2,28.601148
25658.097682,2.135338,-0.000015,-0.273132,-0.011290,0.485312,0.000384,-0.000680,-0.016041,-0.001199,0.079157,2.960843,3.001199,3.040000,3.000000,2,28.655216
25658.117671,2.136583,0.000080,-0.272823,-0.010088,0.487120,0.000472,-0.000076,-0.005307,-0.003325,0.080220,3.013114,3.003325,3.093333,3.000000,2,28.695439
25658.137676,2.139145,0.001455,-0.234232,-0.009460,0.486978,0.000462,-0.000039,-0.002450,-0.005275,0.068590,3.064743,3.005275,3.133333,3.000000,2,28.745832
25658.182282,2.141651,0.001605,-0.203332,-0.009123,0.486310,-0.001874,0.000501,-0.013756,-0.007246,0.066539,3.116794,3.007246,3.183333,3.000000,2,28.797522
25658.188404,2.144129,0.001314,-0.182773,-0.008319,0.485035,0.003254,-0.000592,0.008334,-0.013954,0.037651,3.199016,3.013954,3.236667,3.000000,2,28.862510
25658.197676,2.147957,0.000711,-0.167591,-0.004447,0.476945,0.000349,-0.000735,-0.018636,-0.010064,0.078876,3.221124,3.010064,3.300000,3.000000,2,28.916542
25658.217671,2.148944,0.000701,-0.163795,-0.003288,0.479633,0.000406,-0.000078,-0.004760,-0.012408,0.084007,3.272659,3.012408,3.356667,3.000000,2,28.955968
25658.237678,2.150857,0.001841,-0.117961,-0.002652,0.480290,0.000491,-0.000040,-0.002426,-0.013807,0.068438,3.324895,3.013807,3.393333,3.000000,2,29.006607
25658.283398,2.152865,0.001782,-0.083993,-0.002784,0.479536,-0.001340,0.000619,-0.010205,-0.015759,0.070394,3.376273,3.015759,3.446667,3.000000,2,29.058137
25658.289357,2.154797,0.001261,-0.064339,-0.004455,0.478211,0.002671,-0.000336,0.013108,-0.021349,0.036830,3.459837,3.021349,3.496667,3.000000,2,29.123250
25658.297699,2.157868,0.000533,-0.052684,-0.011701,0.471950,0.000489,0.001505,0.035247,-0.016370,0.080515,3.482819,3.016370,3.563333,3.000000,2,29.178569
25658.317680,2.158726,0.000406,-0.051919,-0.018488,0.473027,0.000487,0.000478,0.027996,-0.017499,0.082694,3.533972,3.017499,3.616667,3.000000,2,29.218410
25658.337677,2.160064,-0.003338,-0.154470,-0.025086,0.470501,0.000499,0.000456,0.024821,-0.018482,0.072767,3.583900,3.018482,3.656667,3.000000,2,29.267282
25658.382227,2.161177,-0.004906,-0.274203,-0.035552,0.467162,0.000408,-0.001871,0.152713,-0.018268,0.069871,3.636796,3.018268,3.706667,3.000000,2,29.317660
25658.387574,2.162133,-0.006043,-0.413160,-0.049507,0.462827,0.001351,0.003989,-0.083829,-0.022538,0.036529,3.720138,3.022538,3.756667,3.000000,2,29.383256
25658.397698,2.163343,-0.003732,-0.570238,-0.077561,0.454504,0.001132,0.004823,0.136331,-0.019356,0.081930,3.741404,3.019356,3.823333,3.000000,2,29.437880
25658.417677,2.163273,-0.005281,-0.641274,-0.107168,0.451471,0.002005,0.003299,0.175387,-0.018611,0.084247,3.792419,3.018611,3.876667,3.000000,2,29.476579
25658.437675,2.161072,-0.014499,-1.009633,-0.136550,0.445970,0.001524,0.001450,0.073951,-0.017613,0.071876,3.844790,3.017613,3.916667,3.000000,2,29.525809
25658.479617,2.156374,-0.020255,-1.521885,-0.161800,0.440981,0.009670,-0.007537,0.396175,-0.016318,0.066442,3.896891,3.016318,3.963333,3.000000,2,29.576801
25658.485225,2.149850,-0.019634,-1.989140,-0.186101,0.437996,-0.007383,0.010059,-0.280131,-0.008335,0.053014,3.964002,3.009822,4.016707,2.999721,2,29.634686
25658.497674,2.139601,-0.009937,-2.415782,-0.211765,0.432408,0.002761,0.003299,0.100695,-0.000100,0.078615,3.995510,3.006221,4.073262,2.994604,2,29.684431
25658.517676,2.134339,-0.006833,-2.555365,-0.234241,0.430887,0.001242,0.000665,0.027699,0.006093,0.079135,4.044183,2.998252,4.122402,2.984786,2,29.725181
25658.537671,2.120564,-0.006364,-2.894836,-0.251289,0.429264,0.001457,0.000522,0.018270,0.002742,0.062495,4.100796,2.990929,4.160852,2.973420,2,29.775365
25658.579611,2.105586,-0.002148,-3.173417,-0.270224,0.427740,0.021434,-0.006893,0.181754,0.002097,0.062662,4.149546,2.979030,4.207431,2.954942,2,29.826135
25658.585229,2.088603,0.003439,-3.394314,-0.281129,0.426754,-0.020067,0.007375,-0.147441,-0.000705,0.048722,4.210196,2.957052,4.251927,2.931894,2,29.879934
25658.597669,2.063083,0.012279,-3.598137,-0.285584,0.422237,0.001532,0.000339,0.011181,-0.003168,0.073755,4.242086,2.947227,4.299274,2.900544,2,29.926548
25658.617671,2.051974,0.015639,-3.655374,-0.288658,0.425000,0.000190,0.000045,0.000317,-0.007834,0.074211,4.285609,2.926416,4.335392,2.870826,2,29.965136
25658.637698,2.031644,0.019569,-3.736248,-0.286997,0.427791,-0.000390,-0.000133,-0.003253,-0.010508,0.068147,4.322283,2.901741,4.361727,2.845186,2,30.007669
25658.679664,2.011042,0.022317,-3.786809,-0.279329,0.429829,0.020526,-0.000061,-0.003553,-0.016381,0.067390,4.360990,2.875336,4.390320,2.812491,2,30.049738
25658.685297,1.991438,0.024028,-3.807811,-0.269565,0.434040,-0.021836,-0.000784,-0.006360,-0.022043,0.053652,4.404535,2.834304,4.415967,2.777438,2,30.098027
25658.697672,1.964543,0.023706,-3.810849,-0.252672,0.433223,-0.001051,-0.000974,-0.025931,-0.021727,0.076803,4.422735,2.815266,4.440071,2.737355,2,30.138553
25658.717680,1.953666,0.023080,-3.800686,-0.235538,0.439529,-0.001241,-0.000621,-0.022962,-0.025619,0.075923,4.450553,2.781142,4.457674,2.701331,2,30.171277
25658.737676,1.938839,0.023105,-3.720214,-0.215188,0.445567,-0.001383,-0.000898,-0.034978,-0.029435,0.069750,4.474016,2.745917,4.470100,2.670312,2,30.209734
25658.779754,1.926509,0.022138,-3.597396,-0.191782,0.451490,0.007229,0.005405,-0.225378,-0.028747,0.071242,4.491139,2.708403,4.482235,2.632098,2,30.247946
25658.786028,1.917177,0.020879,-3.416518,-0.165593,0.457064,-0.009022,-0.008355,0.122675,-0.024037,0.051939,4.504217,2.651912,4.490636,2.596316,2,30.294264
25658.797673,1.906633,0.013864,-3.184075,-0.134342,0.455254,-0.001682,-0.004913,-0.126623,-0.019403,0.072091,4.509578,2.623719,4.497489,2.550048,2,30.337742
25658.817673,1.904005,0.013404,-3.039030,-0.107038,0.461368,-0.000727,-0.001718,-0.083797,-0.017618,0.073482,4.516590,2.580395,4.499955,2.506684,2,30.374465
25658.837672,1.903757,0.019279,-2.550117,-0.086273,0.462684,-0.000265,-0.001374,-0.067505,-0.020654,0.068415,4.520654,2.538415,4.500000,2.470000,2,30.416309
25658.879431,1.904932,0.018173,-2.077121,-0.067849,0.462648,-0.002822,0.007716,-0.336937,-0.025241,0.067306,4.525241,2.497306,4.500000,2.430000,2,30.458058
25658.885296,1.907073,0.014394,-1.656446,-0.053126,0.463277,0.002391,-0.009739,0.212405,-0.025819,0.051950,4.525819,2.438617,4.500000,2.386667,2,30.507291
25658.897674,1.910365,0.004912,-1.299488,-0.040099,0.458693,-0.000455,-0.003927,-0.113909,-0.030197,0.073353,4.530197,2.410020,4.500000,2.336667,2,30.551756
25658.917677,1.911976,0.003154,-1.189054,-0.032638,0.461862,-0.000332,-0.000489,-0.024366,-0.027219,0.075181,4.527219,2.368514,4.500000,2.293333,2,30.587909
25658.937681,1.915270,0.006002,-0.883296,-0.029113,0.464091,-0.000183,-0.000249,-0.012050,-0.029498,0.070309,4.529498,2.326976,4.500000,2.256667,2,30.629339
25658.980284,1.918791,0.004443,-0.682296,-0.029392,0.466319,-0.004228,0.002468,-0.051651,-0.033274,0.067286,4.533274,2.283953,4.500000,2.216667,2,30.671755
25658.987198,1.922587,0.001707,-0.573182,-0.031237,0.468164,0.004596,-0.001985,0.047198,-0.033158,0.048158,4.533158,2.221492,4.500000,2.173333,2,30.723013
25658.997675,1.928506,-0.001438,-0.510566,-0.029942,0.463684,-0.000229,-0.000012,-0.004038,-0.038329,0.079143,4.538329,2.202476,4.500000,2.123333,2,30.765195
25659.017683,1.930135,-0.002105,-0.510140,-0.031676,0.467314,0.000218,0.000035,0.001480,-0.038367,0.078302,4.538367,2.158302,4.500000,2.080000,2,30.798810
25659.037703,1.934050,-0.003125,-0.518006,-0.031379,0.469845,0.000075,-0.000019,-0.001064,-0.041401,0.069285,4.541401,2.115951,4.500000,2.046667,2,30.840984
25659.080707,1.937935,-0.003330,-0.524366,-0.029695,0.472409,-0.004333,-0.000199,-0.012530,-0.034109,0.067771,4.534109,2.071104,4.500000,2.003333,2,30.884784
25659.087479,1.941986,-0.002947,-0.519463,-0.024515,0.473890,0.005049,-0.000635,-0.008662,-0.039495,0.042402,4.539495,2.002402,4.500000,1.960000,2,30.940210
25659.097672,1.948416,-0.002698,-0.507720,-0.017283,0.469856,-0.000230,-0.001501,-0.039627,-0.046086,0.079502,4.546086,1.982835,4.500000,1.903333,2,30.985995
25659.117675,1.950142,-0.001796,-0.487026,-0.016093,0.473349,0.000193,-0.000555,-0.028498,-0.050130,0.077224,4.550130,1.937224,4.500000,1.860000,2,31.020545
25659.137679,1.954318,0.000416,-0.409482,-0.017557,0.475758,-0.000011,0.000371,0.011484,-0.051172,0.072392,4.551172,1.895725,4.500000,1.823333,2,31.062991
25659.183232,1.958330,0.000819,-0.338933,-0.017258,0.478443,-0.005134,0.000872,-0.008827,-0.045336,0.068363,4.545336,1.851697,4.500000,1.783333,2,31.106226
25659.188833,1.962490,-0.000074,-0.307505,-0.013711,0.480249,0.005514,-0.001201,-0.001502,-0.038342,0.043280,4.538342,1.783280,4.500000,1.740000,2,31.161026
25659.197680,1.969187,-0.001094,-0.295595,-0.004036,0.475440,0.000029,-0.002269,-0.053745,-0.040947,0.081111,4.540947,1.764444,4.500000,1.683333,2,31.206088
25659.217687,1.970941,-0.001135,-0.293091,0.001079,0.479535,0.000090,-0.000416,-0.021696,-0.047450,0.080564,4.547450,1.720564,4.500000,1.640000,2,31.239177
25659.237681,1.975110,0.003099,-0.162643,0.001316,0.482916,0.000130,-0.000017,-0.000762,-0.044628,0.069385,4.544628,1.676052,4.500000,1.606667,2,31.282625
25659.283326,1.979451,0.003454,-0.066376,0.001425,0.485985,-0.005244,0.001215,-0.028187,-0.046293,0.066261,4.546293,1.629594,4.500000,1.563333,2,31.328269
25659.289319,1.984010,0.002432,-0.015870,-0.000391,0.487870,0.005912,-0.000852,0.027485,-0.043026,0.040741,4.543026,1.557408,4.500000,1.516667,2,31.385924
25659.297678,1.991241,0.001011,0.015598,-0.002900,0.481987,0.000027,0.000733,0.016748,-0.045670,0.081335,4.545670,1.541335,4.500000,1.460000,2,31.432481
25659.317691,1.992920,0.000773,0.018308,-0.007945,0.486602,0.000025,0.000351,0.018906,-0.040297,0.085756,4.540297,1.499090,4.500000,1.413333,2,31.464383
25659.337678,1.997099,-0.001710,-0.036527,-0.011806,0.489710,0.000122,0.000292,0.014436,-0.038627,0.075233,4.538627,1.455233,4.500000,1.380000,2,31.505762
25659.383894,2.001469,-0.002977,-0.105401,-0.016668,0.491991,-0.005379,-0.000727,0.077194,-0.035088,0.071050,4.535088,1.411050,4.500000,1.340000,2,31.549477
25659.389832,2.005917,-0.003744,-0.179199,-0.021957,0.493642,0.005867,0.001602,-0.041191,-0.028565,0.042580,4.528565,1.339247,4.500000,1.296667,2,31.605850
25659.397684,2.013048,-0.002902,-0.256736,-0.033874,0.488450,0.000422,0.002288,0.053418,-0.033550,0.079632,4.533550,1.319632,4.500000,1.240000,2,31.653200
25659.417683,2.014880,-0.003049,-0.276179,-0.048772,0.491315,0.000398,0.001123,0.059559,-0.029220,0.084931,4.529220,1.274931,4.500000,1.190000,2,31.687585
25659.437682,2.018583,-0.009069,-0.487509,-0.064135,0.492280,0.000393,0.001140,0.055535,-0.029093,0.074559,4.529093,1.231225,4.500000,1.156667,2,31.730177
25659.484768,2.021853,-0.012330,-0.734055,-0.083445,0.494908,-0.002795,-0.003079,0.298223,-0.028350,0.071709,4.528350,1.185042,4.500000,1.113333,2,31.774318
25659.492357,2.024675,-0.014686,-1.004474,-0.107038,0.498367,0.004516,0.007358,-0.145499,-0.025251,0.030879,4.525251,1.100879,4.500000,1.070000,2,31.836473
25659.498790,2.029538,-0.010562,-1.319015,-0.144631,0.494642,0.001143,0.005340,0.138055,-0.024561,0.086124,4.524561,1.092791,4.500000,1.006667,2,31.885050
25659.517662,2.029916,-0.010605,-1.350382,-0.184631,0.488330,0.002663,0.002729,0.108831,-0.017246,0.087134,4.522557,1.045498,4.498399,0.960022,2,31.914463
25659.537683,2.027082,-0.023091,-1.849688,-0.201907,0.485500,0.001175,0.000970,0.039020,-0.008853,0.072769,4.514028,1.001014,4.495103,0.930193,2,31.956552
25659.583707,2.021723,-0.026571,-2.362834,-0.213376,0.484765,0.009489,-0.009060,0.326397,-0.001474,0.070617,4.504511,0.956056,4.487198,0.887579,2,32.001589
25659.589830,2.015469,-0.023262,-2.751707,-0.226481,0.487715,-0.007965,0.010117,-0.250023,0.003159,0.039557,4.484825,0.884412,4.475631,0.845809,2,32.059828
25659.597659,2.005071,-0.012072,-3.110433,-0.237383,0.484777,0.000795,0.001097,0.022689,0.008485,0.081429,4.480248,0.867411,4.453739,0.789951,2,32.106945
25659.617693,2.002158,-0.009709,-3.170301,-0.249257,0.490228,0.001247,0.001076,0.031857,0.010288,0.081987,4.464514,0.824596,4.432177,0.748557,2,32.140361
25659.637677,1.993029,-0.005960,-3.331659,-0.258298,0.494661,0.000983,0.000712,0.026169,0.005391,0.072007,4.450267,0.783015,4.414457,0.720311,2,32.183211
25659.682549,1.982990,-0.002594,-3.460120,-0.264727,0.499463,0.014657,-0.003615,0.100665,0.009680,0.067732,4.423761,0.744211,4.388678,0.685469,2,32.227628
25659.688310,1.972049,0.000162,-3.574623,-0.269975,0.502507,-0.014424,0.003975,-0.083858,0.004368,0.038689,4.383685,0.683877,4.359979,0.652991,2,32.283918
25659.697686,1.954239,0.004807,-3.688880,-0.272831,0.499977,0.001061,0.000039,0.006757,0.006378,0.078950,4.375215,0.669682,4.318404,0.614488,2,32.328812
25659.717681,1.949576,0.005599,-3.709454,-0.276458,0.505355,0.000303,0.000151,0.004682,0.003919,0.079116,4.346731,0.636499,4.283821,0.588362,2,32.359932
25659.737680,1.937689,0.006836,-3.755607,-0.276730,0.508074,0.000062,-0.000002,-0.000761,-0.002558,0.069850,4.317083,0.603892,4.255754,0.570361,2,32.400143
25659.782531,1.925805,0.007481,-3.790360,-0.276966,0.511948,0.014108,0.000545,0.013794,-0.004808,0.066079,4.282006,0.576124,4.220583,0.551287,2,32.442171
25659.788567,1.914229,0.007656,-3.812492,-0.276564,0.514965,-0.014439,-0.000754,-0.013774,-0.013586,0.036593,4.223026,0.535921,4.184000,0.535087,2,32.495626
25659.797747,1.896396,0.006868,-3.830510,-0.275894,0.512293,0.000329,-0.000074,-0.001943,-0.009470,0.078542,4.211653,0.529966,4.133432,0.518133,2,32.537285
25659.817680,1.891708,0.006363,-3.833849,-0.272647,0.516814,-0.000335,-0.000142,-0.004220,-0.010906,0.082705,4.174507,0.512750,4.091200,0.508388,2,32.564727
25659.837678,1.881242,0.005260,-3.832591,-0.269271,0.520998,-0.000415,-0.000186,-0.005284,-0.014034,0.070635,4.136709,0.499470,4.064850,0.504223,2,32.601196
25659.882534,1.871518,0.003902,-3.824245,-0.263778,0.524502,0.009716,0.002251,-0.029861,-0.013588,0.065194,4.094191,0.490931,4.028333,0.500803,2,32.640652
25659.888181,1.863024,0.002565,-3.805997,-0.260346,0.528509,-0.010312,-0.002601,0.020669,-0.018338,0.040118,4.028007,0.480866,3.988328,0.500136,2,32.692004
25659.897694,1.850588,-0.000325,-3.776201,-0.258967,0.525368,0.000512,0.000003,-0.005034,-0.010811,0.073168,4.009740,0.484067,3.938459,0.503802,2,32.734502
25659.917687,1.847734,-0.001080,-3.768758,-0.256226,0.528484,-0.000323,-0.000245,-0.007587,-0.007477,0.079146,3.971565,0.487176,3.895718,0.510996,2,32.764164
25659.937681,1.840966,-0.002859,-3.746927,-0.247612,0.529046,-0.000076,-0.000274,-0.012815,-0.010084,0.064491,3.926029,0.491204,3.866568,0.518133,2,32.803004
25659.983431,1.835596,-0.003972,-3.710841,-0.245051,0.530636,0.005940,0.002471,-0.044608,-0.008169,0.057915,3.883384,0.502013,3.831604,0.529210,2,32.845813
25659.988960,1.830918,-0.005248,-3.668091,-0.244383,0.531531,-0.005539,-0.002587,0.035434,-0.009292,0.036695,3.820941,0.521813,3.791465,0.545563,2,32.898280
25659.997682,1.824128,-0.008257,-3.621227,-0.237842,0.523345,0.000050,-0.000451,-0.012545,-0.004880,0.076428,3.807423,0.527074,3.744246,0.570361,2,32.939616
25660.017684,1.822457,-0.009035,-3.613476,-0.231904,0.525054,0.000134,-0.000236,-0.012187,-0.004553,0.071814,3.766652,0.546922,3.710713,0.592185,2,32.970733
25660.037686,1.819447,-0.009432,-3.563833,-0.225954,0.524376,0.000137,-0.000287,-0.013123,-0.002669,0.067188,3.734577,0.567865,3.684175,0.612373,2,33.010816
25660.083172,1.817055,-0.009978,-3.506194,-0.214761,0.521864,0.001991,0.001643,-0.106891,-0.000954,0.067057,3.701967,0.591800,3.654193,0.638866,2,33.050404
25660.088837,1.815536,-0.010039,-3.429587,-0.202847,0.520626,-0.001986,-0.002772,0.064824,0.004411,0.048276,3.661809,0.634534,3.626426,0.667671,2,33.098887
25660.097695,1.813465,-0.012038,-3.322281,-0.186977,0.514948,-0.000552,-0.002754,-0.067433,0.009647,0.078327,3.651217,0.646543,3.597065,0.703953,2,33.139202
25660.117683,1.813371,-0.012658,-3.303288,-0.169707,0.519081,-0.000279,-0.001070,-0.049529,0.015534,0.081503,3.630750,0.675956,3.574685,0.737118,2,33.168826
25660.137684,1.815741,-0.007408,-3.082973,-0.151131,0.522073,-0.000432,-0.001292,-0.056744,0.020240,0.072006,3.611620,0.709285,3.559680,0.763108,2,33.206337
25660.183183,1.819113,-0.004706,-2.831538,-0.134843,0.524528,-0.005875,0.003731,-0.269720,0.024775,0.069273,3.594379,0.742883,3.543499,0.796023,2,33.246089
25660.188814,1.823645,-0.003542,-2.564309,-0.120782,0.526997,0.005598,-0.005889,0.178397,0.033240,0.048968,3.576325,0.798104,3.528651,0.833175,2,33.295251
25660.197682,1.830902,-0.008117,-2.283681,-0.105540,0.523188,-0.000877,-0.004140,-0.102630,0.036138,0.079439,3.568339,0.812524,3.514345,0.881090,2,33.337219
25660.217655,1.832927,-0.009328,-2.242561,-0.092135,0.528463,-0.000644,-0.001028,-0.049878,0.041398,0.082857,3.559445,0.848037,3.505872,0.923595,2,33.368336
25660.237656,1.839612,-0.003141,-1.930863,-0.083697,0.532063,-0.000338,-0.000610,-0.027327,0.041294,0.073257,3.550124,0.884290,3.502178,0.953377,2,33.405934
25660.284545,1.846709,-0.002120,-1.670234,-0.077601,0.535116,-0.010415,0.002935,-0.148444,0.044352,0.069654,3.545837,0.921243,3.500100,0.989996,2,33.444756
25660.290627,1.853904,-0.003177,-1.480519,-0.071415,0.537832,0.009563,-0.003593,0.091735,0.039423,0.045590,3.539423,0.984410,3.500000,1.030000,2,33.494212
25660.297680,1.865899,-0.006496,-1.327423,-0.059021,0.532667,-0.000156,-0.002330,-0.049060,0.041840,0.081003,3.541840,0.998997,3.500000,1.080000,2,33.535072
25660.317668,1.868589,-0.006749,-1.301653,-0.048666,0.536645,-0.000399,-0.000855,-0.044061,0.038027,0.081882,3.538027,1.038118,3.500000,1.120000,2,33.564297
25660.337742,1.876604,-0.001663,-1.098007,-0.040600,0.538021,-0.002094,-0.001646,-0.082447,0.036961,0.080002,3.536961,1.069998,3.500000,1.150000,2,33.599237
25660.385765,1.882949,-0.000771,-0.960707,-0.032975,0.539259,-0.010495,-0.002108,-0.247491,0.030228,0.065365,3.530228,1.117968,3.500000,1.183333,2,33.639240
25660.391799,1.892559,-0.002630,-0.859488,-0.021312,0.537259,0.011582,-0.005271,-0.051088,0.023382,0.029924,3.523382,1.193410,3.500000,1.223333,2,33.698752
25660.397668,1.906716,-0.004783,-0.818540,0.002913,0.530320,-0.000705,-0.005319,-0.119909,0.022478,0.082353,3.522478,1.200980,3.500000,1.283333,2,33.743256
25660.417685,1.908326,-0.003514,-0.790098,0.023414,0.529105,0.000135,-0.005038,-0.245613,0.019436,0.087089,3.519436,1.242911,3.500000,1.330000,2,33.771028
25660.437689,1.915779,0.008994,-0.456331,0.041662,0.524454,0.000449,-0.001367,-0.065254,0.017019,0.072535,3.517019,1.284132,3.500000,1.356667,2,33.810803
25660.486049,1.922774,0.017957,0.060157,0.056604,0.520335,-0.008319,0.005107,-0.357108,0.012036,0.069004,3.512036,1.327663,3.500000,1.396667,2,33.852894
25660.491657,1.929475,0.019032,0.462128,0.073724,0.516997,0.008681,-0.007119,0.219240,0.004271,0.045265,3.504271,1.391402,3.500000,1.436667,2,33.905395
25660.498199,1.939590,0.013553,0.817664,0.097248,0.511712,0.001644,-0.004589,-0.090698,-0.004896,0.075636,3.495104,1.414364,3.500000,1.490000,2,33.951365
25660.517667,1.942342,0.012814,0.875292,0.122539,0.512338,0.001483,-0.002084,-0.093759,-0.018156,0.076037,3.486128,1.459565,3.498649,1.536730,2,33.989665
25660.537688,1.945687,0.022201,1.295408,0.144542,0.511764,0.001031,-0.001328,-0.059788,-0.031321,0.066298,3.473335,1.503090,3.494604,1.573262,2,34.036761
25660.585090,1.947573,0.026145,1.728779,0.163279,0.512343,0.001129,0.003465,-0.406413,-0.038891,0.067328,3.463561,1.547602,3.484786,1.622402,2,34.085712
25660.591223,1.949101,0.023949,2.045222,0.185576,0.515310,0.004271,-0.010883,0.104884,-0.043944,0.028239,3.439254,1.625860,3.471228,1.667166,2,34.150842
25660.597690,1.952723,0.014966,2.288608,0.211282,0.509956,0.001471,-0.003147,-0.089208,-0.050849,0.081051,3.436550,1.633153,3.444742,1.728483,2,34.202997
25660.617677,1.952495,0.015768,2.333367,0.229894,0.512737,0.002516,-0.001736,-0.069088,-0.053639,0.082596,3.419528,1.673367,3.419638,1.771852,2,34.236350
25660.637689,1.948679,0.022545,2.687422,0.235497,0.513526,0.000580,-0.000241,-0.007843,-0.053983,0.067757,3.397854,1.712683,3.400544,1.799274,2,34.281868
25660.684168,1.943134,0.023268,3.016736,0.237138,0.516388,0.008050,0.006982,-0.175522,-0.051637,0.066996,3.377469,1.751068,3.370826,1.835392,2,34.328794
25660.689801,1.937740,0.019385,3.244296,0.235298,0.520495,-0.007324,-0.006915,0.152726,-0.044758,0.042099,3.338653,1.807134,3.337864,1.868576,2,34.385549
25660.697695,1.928920,0.010938,3.442844,0.224457,0.518588,-0.000196,0.000754,0.018904,-0.048420,0.072817,3.324342,1.822535,3.293893,1.904508,2,34.434920
25660.717696,1.926886,0.008938,3.468905,0.215125,0.524136,-0.000290,0.000418,0.020538,-0.046503,0.077367,3.295325,1.852744,3.251927,1.931894,2,34.471180
25660.737680,1.922909,0.002621,3.449206,0.202514,0.528263,-0.000157,0.000599,0.028430,-0.042033,0.068235,3.262373,1.881511,3.219519,1.949234,2,34.514380
25660.784294,1.920107,-0.001939,3.375591,0.185610,0.531266,0.001571,-0.001001,0.194426,-0.038027,0.065601,3.227254,1.907527,3.179704,1.966590,2,34.559530
25660.790214,1.918499,-0.005162,3.251534,0.167370,0.534161,-0.001477,0.003150,-0.112501,-0.031930,0.040325,3.168432,1.938573,3.138532,1.980426,2,34.615346
25660.797686,1.917218,-0.004111,3.061607,0.137397,0.528828,-0.001009,0.004452,0.097972,-0.032283,0.072797,3.149578,1.949094,3.083165,1.993035,2,34.662261
25660.817685,1.917327,-0.003956,3.011102,0.116930,0.535278,-0.000482,0.001495,0.079431,-0.027609,0.076475,3.110970,1.965497,3.036730,1.998649,2,34.695820
25660.837683,1.921271,-0.012673,2.615034,0.101113,0.539473,-0.000848,0.003583,0.110404,-0.020020,0.065692,3.068899,1.979530,3.003342,1.999989,2,34.737321
25660.887970,1.925483,-0.011304,2.285188,0.089736,0.542061,-0.009958,-0.002752,0.473068,-0.005957,0.065932,3.025932,1.994043,2.960000,2.000000,2,34.781449
25660.893565,1.929977,-0.005310,2.090431,0.079398,0.542079,0.005130,0.011456,-0.008101,0.016932,0.028663,2.945329,2.016932,2.916667,2.000000,2,34.841813
25660.900572,1.936998,0.003736,1.957502,0.079018,0.532385,-0.000578,0.005079,0.108926,0.019428,0.073419,2.930085,2.019428,2.856667,2.000000,2,34.891969
25660.917682,1.938686,0.004696,1.943186,0.077764,0.528512,-0.000937,0.003169,0.123397,0.027780,0.086817,2.893483,2.027780,2.806667,2.000000,2,34.921955
25660.937678,1.942954,0.000623,1.798846,0.083469,0.523005,0.000378,-0.000406,-0.019052,0.035621,0.072845,2.849511,2.035621,2.776667,2.000000,2,34.961335
25660.982333,1.948515,-0.001434,1.583213,0.095648,0.515776,-0.004448,-0.003294,-0.049315,0.042214,0.068682,2.805349,2.042214,2.736667,2.000000,2,35.004484
25660.988087,1.952848,0.003118,1.532781,0.112274,0.507156,0.005880,0.000806,-0.008734,0.051316,0.037855,2.731188,2.051316,2.693333,2.000000,2,35.061139
25660.997679,1.959346,0.007023,1.568824,0.139180,0.497156,0.001266,-0.004385,-0.109697,0.052138,0.078798,2.715465,2.052138,2.636667,2.000000,2,35.107818
25661.017695,1.960404,0.009201,1.618682,0.160473,0.488381,0.002410,-0.002766,-0.124150,0.054364,0.079832,2.669832,2.054364,2.590000,2.000000,2,35.140082
25661.037678,1.960481,0.018042,1.900341,0.177435,0.479268,0.002337,-0.002861,-0.083682,0.054677,0.067471,2.624138,2.054677,2.556667,2.000000,2,35.182589
25661.087649,1.959115,0.020948,2.214752,0.190281,0.471148,0.010580,0.000920,-0.430469,0.052934,0.061857,2.578523,2.052934,2.516667,2.000000,2,35.226277
25661.093393,1.958214,0.018017,2.405821,0.203065,0.463876,0.000701,-0.008772,0.047796,0.042638,0.024744,2.495706,2.043185,2.473276,1.999285,2,35.285129
25661.100577,1.956951,0.011095,2.555242,0.219293,0.453876,0.002619,-0.004587,-0.097174,0.035080,0.074012,2.480373,2.039817,2.413542,1.992468,2,35.333093
25661.117696,1.956245,0.010142,2.574002,0.231753,0.450380,0.002448,-0.001601,-0.067001,0.026978,0.089535,2.443574,2.031543,2.364682,1.981341,2,35.360536
25661.137681,1.949804,0.016194,2.791245,0.239593,0.447621,0.001022,-0.000295,-0.008860,0.023131,0.072860,2.400694,2.018761,2.339148,1.973420,2,35.397911
25661.185854,1.940222,0.019005,3.075011,0.239191,0.444730,0.014828,0.005373,-0.162202,0.017820,0.065868,2.358490,2.002445,2.304805,1.960325,2,35.440519
25661.192235,1.930612,0.016876,3.279908,0.233977,0.442782,-0.014150,-0.005534,0.151857,0.009935,0.028903,2.286464,1.963974,2.265592,1.941648,2,35.499635
25661.197704,1.913375,0.009888,3.473658,0.215653,0.435137,0.000247,0.001426,0.021249,0.003144,0.078860,2.280262,1.959444,2.217026,1.912221,2,35.545838
25661.217680,1.911365,0.009110,3.483582,0.201078,0.439854,-0.000854,0.001294,0.059291,-0.003503,0.081744,2.244765,1.933643,2.179745,1.883975,2,35.574624
25661.237682,1.903706,0.002386,3.426851,0.184151,0.442586,-0.000215,0.000799,0.039139,-0.007393,0.068197,2.211959,1.905395,2.157239,1.864026,2,35.616695
25661.282406,1.898035,-0.003069,3.269077,0.164443,0.443955,0.005121,-0.003291,0.260649,-0.014304,0.068046,2.182919,1.874153,2.126940,1.832906,2,35.661405
25661.288151,1.894028,-0.005964,3.058428,0.140050,0.444760,-0.003942,0.006585,-0.158014,-0.020877,0.037881,2.138854,1.817124,2.099456,1.799274,2,35.718499
25661.297677,1.889580,-0.001860,2.785621,0.100050,0.440920,-0.001404,0.007393,0.192877,-0.029113,0.076891,2.131995,1.803676,2.068106,1.751927,2,35.766585
25661.317675,1.888645,-0.002173,2.696056,0.065982,0.446980,-0.002798,0.015515,0.474587,-0.036308,0.080365,2.111434,1.765491,2.045058,1.707431,2,35.801403
25661.337651,1.888216,-0.003410,2.411033,0.029052,0.450029,-0.004031,0.024537,0.748919,-0.041739,0.068942,2.095616,1.726340,2.032219,1.676581,2,35.845300
25661.382715,1.887295,0.000093,2.222165,-0.010948,0.452446,-0.005984,0.003758,1.279803,-0.047256,0.066903,2.082258,1.686935,2.018659,1.635318,2,35.890465
25661.388514,1.888185,-0.019750,1.557543,-0.046900,0.449996,0.004223,0.005893,-0.819157,-0.042905,0.039276,2.057379,1.620685,2.008121,1.589748,2,35.946136
25661.397681,1.892750,-0.024291,0.340429,-0.067359,0.441663,0.000668,0.004913,0.156490,-0.046416,0.073057,2.053008,1.606180,2.001351,1.536730,2,35.990938
25661.417681,1.893848,-0.024735,0.098545,-0.085813,0.443127,0.000531,0.001229,0.057007,-0.036649,0.077120,2.038088,1.566344,1.999899,1.489974,2,36.021832
25661.437679,1.894930,-0.030328,-0.611704,-0.098108,0.443812,0.000740,0.002602,0.080090,-0.021278,0.068597,2.025099,1.526609,1.998392,1.459938,2,36.060980
25661.482569,1.896366,-0.026322,-1.055577,-0.112161,0.446783,0.000576,0.000293,0.422084,-0.006456,0.069195,2.011006,1.487408,1.993580,1.420133,2,36.101959
25661.488572,1.898032,-0.020003,-1.273645,-0.132073,0.451447,0.003446,0.010279,0.028180,0.011522,0.041693,1.984340,1.424079,1.985594,1.380841,2,36.155532
25661.497687,1.901069,-0.012978,-1.390191,-0.157007,0.449637,0.001496,0.005157,0.133953,0.019486,0.078428,1.978494,1.410064,1.970100,1.329688,2,36.201138
25661.517689,1.900835,-0.016513,-1.497102,-0.176947,0.455290,0.000846,0.000985,0.042623,0.026896,0.081563,1.962635,1.371744,1.952129,1.286506,2,36.234621
25661.537692,1.897174,-0.028839,-1.998120,-0.187426,0.459743,0.000326,0.000717,0.028390,0.032141,0.071428,1.943522,1.334826,1.936859,1.256784,2,36.276125
25661.585591,1.893488,-0.030506,-2.390452,-0.197179,0.465402,0.005674,-0.004873,0.273219,0.034598,0.069146,1.925551,1.299285,1.915967,1.222562,2,36.318851
25661.591632,1.889982,-0.027473,-2.654902,-0.206162,0.471314,-0.004084,0.008096,-0.128840,0.034286,0.034001,1.884805,1.235480,1.890320,1.187509,2,36.376683
25661.598940,1.884531,-0.019327,-2.867395,-0.212347,0.470344,0.000538,0.000814,0.013737,0.041047,0.070375,1.871518,1.221495,1.849991,1.142920,2,36.428123
25661.617677,1.883091,-0.019320,-2.919418,-0.214831,0.476197,0.000707,0.000235,0.027230,0.044235,0.084804,1.851046,1.197213,1.812491,1.109680,2,36.460005
25661.637676,1.879014,-0.019647,-3.035028,-0.214553,0.482199,-0.000040,0.000113,0.004153,0.041996,0.074107,1.822540,1.166491,1.785723,1.089680,2,36.497271
25661.680403,1.874433,-0.018310,-3.138144,-0.211775,0.488091,0.004001,-0.002392,0.019293,0.039871,0.066995,1.792132,1.138246,1.754808,1.069799,2,36.539742
25661.686049,1.870101,-0.016380,-3.203067,-0.207231,0.493921,-0.005234,0.001296,-0.043208,0.033433,0.047726,1.745054,1.100111,1.716512,1.049309,2,36.590486
25661.697683,1.864011,-0.014075,-3.248947,-0.200785,0.496014,-0.000577,-0.000801,-0.022461,0.033382,0.072072,1.726704,1.085835,1.670312,1.029900,2,36.634099
25661.717676,1.862082,-0.012598,-3.241447,-0.192533,0.502903,-0.000438,-0.000449,-0.018977,0.028618,0.072801,1.691836,1.063308,1.628871,1.016893,2,36.668137
25661.737674,1.860341,-0.009401,-3.168421,-0.184226,0.509130,-0.000281,-0.000413,-0.018797,0.020549,0.064365,1.655517,1.041927,1.596316,1.009364,2,36.707935
25661.784307,1.859638,-0.007606,-3.071515,-0.175364,0.514762,-0.001573,0.000707,-0.148973,0.015652,0.065537,1.620033,1.026207,1.556694,1.003225,2,36.747736
25661.789901,1.859081,-0.007874,-2.984272,-0.164943,0.520679,-0.000322,-0.003844,0.018067,-0.003593,0.034428,1.551236,0.997838,1.516707,1.000279,2,36.800671
25661.797663,1.859309,-0.010525,-2.914611,-0.146023,0.517692,-0.001100,-0.003323,-0.075502,-0.006775,0.073702,1.537035,0.993225,1.463333,1.000000,2,36.845678
25661.817674,1.859613,-0.009975,-2.880782,-0.131284,0.526099,-0.000980,-0.003106,-0.100113,-0.019374,0.074944,1.494944,0.980626,1.420000,1.000000,2,36.877040
25661.837706,1.863419,-0.004289,-2.644241,-0.118602,0.531721,-0.001386,-0.002032,-0.089437,-0.029007,0.068393,1.455059,0.970993,1.386667,1.000000,2,36.917149
25661.883856,1.867490,-0.001339,-2.400144,-0.110810,0.537083,-0.007933,0.003964,-0.216435,-0.039479,0.064613,1.411280,0.960521,1.346667,1.000000,2,36.959409
25661.890252,1.872808,-0.000346,-2.137316,-0.112337,0.542191,0.006610,-0.004042,0.169464,-0.054140,0.032738,1.339405,0.945860,1.306667,1.000000,2,37.015971
25661.897656,1.881304,-0.005163,-1.905643,-0.126890,0.541652,0.000577,0.001855,0.045565,-0.056176,0.074429,1.324429,0.943824,1.250000,1.000000,2,37.062063
25661.917679,1.883589,-0.006519,-1.880112,-0.137816,0.547080,0.000363,0.000830,0.038741,-0.060915,0.077082,1.280415,0.939085,1.203333,1.000000,2,37.094126
25661.937679,1.888199,-0.013872,-1.980294,-0.147770,0.551059,0.000425,0.000680,0.028986,-0.065217,0.066931,1.236931,0.934783,1.170000,1.000000,2,37.136145
25661.982204,1.892658,-0.017625,-2.125537,-0.156334,0.554515,-0.004626,-0.001633,0.144742,-0.068368,0.062770,1.192770,0.931632,1.130000,1.000000,2,37.179320
25661.988031,1.896653,-0.019011,-2.275361,-0.166833,0.558110,0.005343,0.003196,-0.097764,-0.070880,0.030106,1.116773,0.929120,1.086667,1.000000,2,37.235929
25661.997669,1.902890,-0.016685,-2.432084,-0.188057,0.555663,0.001051,0.003370,0.086847,-0.070434,0.071547,1.101547,0.929566,1.030000,1.000000,2,37.281162
25662.017682,1.904363,-0.016038,-2.459393,-0.204400,0.559114,0.000931,0.000925,0.040943,-0.068007,0.074140,1.055119,0.929833,0.983293,1.000279,2,37.311494
25662.037694,1.904968,-0.021074,-2.695406,-0.218901,0.561907,0.000781,0.000738,0.028999,-0.063493,0.061664,1.008739,0.933210,0.953279,1.002188,2,37.352011
25662.085208,1.904684,-0.022327,-2.927661,-0.231590,0.565068,0.003606,-0.003549,0.232722,-0.058597,0.060157,0.962660,0.939415,0.913542,1.007532,2,37.393474
25662.092209,1.904111,-0.020357,-3.109665,-0.242952,0.568501,0.000108,0.007123,-0.087828,-0.057555,0.025637,0.881065,0.954675,0.871129,1.016893,2,37.450512
25662.098665,1.903219,-0.013442,-3.275119,-0.251450,0.561971,0.001045,0.000977,0.036135,-0.051545,0.081089,0.873809,0.956996,0.817181,1.034621,2,37.492500
25662.117679,1.902826,-0.013128,-3.292463,-0.259400,0.565948,0.001336,0.001330,0.038668,-0.048721,0.080260,0.831202,0.971754,0.780481,1.050766,2,37.517351
25662.137674,1.899525,-0.013126,-3.411414,-0.264265,0.569828,0.000822,0.000500,0.016738,-0.050204,0.063601,0.787932,0.988339,0.756784,1.063141,2,37.556573
25662.182107,1.895336,-0.012560,-3.534816,-0.265872,0.574156,0.006274,-0.002934,0.082978,-0.050780,0.063016,0.746810,1.006822,0.722562,1.084033,2,37.597199
25662.187511,1.890826,-0.010908,-3.638706,-0.264066,0.578911,-0.006073,0.003266,-0.080259,-0.052063,0.034352,0.684819,1.045452,0.690125,1.107600,2,37.649812
25662.197674,1.883567,-0.006963,-3.739779,-0.250702,0.573142,-0.000010,-0.001047,-0.015754,-0.046221,0.078049,0.673395,1.055278,0.650009,1.142920,2,37.690851
25662.217682,1.881767,-0.005834,-3.750636,-0.241651,0.578555,-0.000691,-0.000737,-0.031566,-0.045552,0.076802,0.638499,1.084257,0.622523,1.172111,2,37.719163
25662.237678,1.878611,-0.002212,-3.734925,-0.230320,0.583102,-0.000889,-0.001262,-0.038643,-0.048169,0.058034,0.603197,1.117371,0.605538,1.192755,2,37.760966
25662.282327,1.876397,0.000279,-3.682442,-0.219526,0.586911,-0.001685,-0.001474,-0.189071,-0.045487,0.060782,0.575233,1.152403,0.580362,1.228148,2,37.803952
25662.288273,1.873929,0.000516,-3.639571,-0.204618,0.589737,-0.004261,-0.003787,-0.014367,-0.049582,0.032644,0.529860,1.213513,0.558352,1.265592,2,37.857649
25662.297648,1.870170,-0.001218,-3.595433,-0.183746,0.584091,-0.001505,-0.003474,-0.086619,-0.043728,0.076150,0.523578,1.227125,0.535854,1.314075,2,37.899902
25662.317677,1.870351,0.000325,-3.543351,-0.166479,0.587612,-0.000601,-0.001021,-0.047772,-0.043025,0.083554,0.504513,1.262619,0.521469,1.355058,2,37.926423
25662.337654,1.874606,0.008253,-3.234763,-0.151257,0.589341,-0.000540,-0.001046,-0.045090,-0.049286,0.065511,0.482152,1.305472,0.514406,1.380841,2,37.965173
25662.383443,1.879571,0.009616,-2.933159,-0.143519,0.588915,-0.007690,0.006918,-0.226686,-0.043574,0.062760,0.474436,1.347702,0.506965,1.416835,2,38.007252
25662.389553,1.885309,0.006950,-2.671975,-0.131925,0.586662,0.007595,-0.008109,0.152987,-0.050611,0.031295,0.453666,1.424688,0.501608,1.459938,2,38.063354
25662.397675,1.894964,-0.001305,-2.427286,-0.118525,0.578404,-0.000621,-0.003313,-0.076086,-0.048747,0.077006,0.451253,1.439661,0.500000,1.516667,2,38.110179
25662.417648,1.897387,-0.003135,-2.395145,-0.105811,0.580022,-0.000532,-0.001105,-0.056093,-0.050407,0.074720,0.449593,1.488613,0.500000,1.563333,2,38.144098
25662.437664,1.905112,0.000767,-2.145791,-0.093738,0.577830,-0.000119,-0.000841,-0.040609,-0.056773,0.061893,0.443227,1.534774,0.500000,1.596667,2,38.190361
25662.482274,1.913430,0.002093,-1.897113,-0.082337,0.575953,-0.010566,0.001197,-0.245107,-0.061661,0.061626,0.438339,1.581707,0.500000,1.643333,2,38.237771
25662.488057,1.921831,0.000228,-1.716909,-0.069605,0.574934,0.010687,-0.006556,0.021530,-0.065826,0.027513,0.434174,1.662487,0.500000,1.690000,2,38.300290
25662.497696,1.935191,-0.004359,-1.599505,-0.048458,0.567797,-0.001017,-0.005095,-0.133118,-0.065734,0.075357,0.434266,1.677976,0.500000,1.753333,2,38.351331
25662.517660,1.938722,-0.002203,-1.524470,-0.032764,0.570980,0.000089,-0.001083,-0.055265,-0.064582,0.076236,0.435418,1.727097,0.500000,1.803333,2,38.386583
25662.537664,1.948375,0.008526,-1.104837,-0.022359,0.571197,0.000115,-0.000756,-0.037789,-0.059565,0.065793,0.440435,1.774207,0.500000,1.840000,2,38.432672
25662.583252,1.957878,0.010151,-0.767980,-0.013154,0.570518,-0.011557,0.004059,-0.203860,-0.059093,0.059702,0.440907,1.823631,0.500000,1.883333,2,38.480922
25662.589013,1.967400,0.008990,-0.513724,-0.007894,0.569047,0.012624,-0.004818,0.140272,-0.053716,0.028101,0.446284,1.905232,0.500000,1.933333,2,38.545442
25662.597682,1.982673,0.004223,-0.300234,-0.003462,0.561509,-0.000106,-0.001535,-0.039587,-0.052893,0.075587,0.447107,1.921079,0.500000,1.996667,2,38.597364
25662.617683,1.986296,0.003209,-0.274958,-0.001161,0.564482,0.000303,-0.000204,-0.011842,-0.055870,0.078914,0.444130,1.971086,0.500000,2.050000,2,38.633390
25662.637657,1.995293,0.004120,-0.155179,-0.005188,0.564816,0.000417,0.000299,0.014940,-0.046680,0.064824,0.453320,2.021843,0.500000,2.086667,2,38.682052
25662.683103,2.004281,0.002390,-0.099736,-0.009051,0.562915,-0.010018,0.000966,0.033959,-0.045774,0.062230,0.454226,2.071104,0.500000,2.133333,2,38.731876
25662.689196,2.013026,0.000050,-0.107432,-0.017228,0.560217,0.011460,0.000506,0.000285,-0.039299,0.027439,0.460701,2.155894,0.500000,2.183333,2,38.796763
25662.697673,2.026922,-0.001043,-0.139398,-0.035598,0.552384,0.000282,0.004407,0.103396,-0.038426,0.077886,0.461574,2.172114,0.500000,2.250000,2,38.849712
25662.717690,2.030137,-0.001109,-0.146296,-0.053320,0.550979,0.000717,0.001212,0.066510,-0.037937,0.081755,0.462063,2.221578,0.500000,2.303333,2,38.885542
25662.737658,2.037074,-0.011006,-0.445821,-0.071589,0.546527,0.000951,0.001212,0.060598,-0.036431,0.063081,0.463569,2.273585,0.500000,2.336667,2,38.934596
25662.782597,2.043359,-0.015158,-0.769514,-0.092536,0.542441,-0.004476,-0.004009,0.328080,-0.032171,0.061275,0.467829,2.325391,0.500000,2.386667,2,38.986104
25662.788802,2.048609,-0.017061,-1.097043,-0.116607,0.538654,0.007160,0.007616,-0.190078,-0.023641,0.022491,0.476359,2.414176,0.500000,2.436667,2,39.053267
25662.797697,2.056471,-0.011930,-1.439070,-0.156607,0.529820,0.002344,0.007672,0.188728,-0.020863,0.076440,0.478162,2.430530,0.500045,2.506684,2,39.107703
25662.817655,2.058105,-0.010469,-1.490345,-0.195676,0.525028,0.002372,0.001778,0.081998,-0.010541,0.079333,0.483628,2.482519,0.503615,2.560013,2,39.144214
25662.837685,2.055416,-0.022855,-2.035807,-0.218490,0.515856,0.001685,0.000900,0.037950,-0.007764,0.066258,0.488983,2.532795,0.509364,2.596316,2,39.192160
25662.882378,2.050382,-0.024694,-2.540966,-0.237037,0.511652,0.011410,-0.009546,0.340521,-0.014141,0.062209,0.489315,2.586092,0.520511,2.641741,2,39.240402
25662.888051,2.043652,-0.020560,-2.937279,-0.254583,0.510969,-0.009295,0.011490,-0.281328,-0.008706,0.028619,0.518227,2.665819,0.537107,2.689024,2,39.303991
25662.897673,2.031558,-0.007887,-3.323904,-0.260580,0.502960,0.001534,-0.000019,0.025862,-0.003101,0.076742,0.524300,2.680858,0.564776,2.746131,2,39.355122
25662.917659,2.027639,-0.005201,-3.393300,-0.267668,0.505765,0.001338,0.000457,0.013236,-0.014205,0.077830,0.535095,2.733082,0.591599,2.788459,2,39.388566
25662.937658,2.016995,0.000678,-3.544296,-0.274901,0.508638,0.000676,0.000247,0.006740,-0.008899,0.058770,0.567832,2.775069,0.611778,2.815093,2,39.435498
25662.983751,2.004932,0.005843,-3.656748,-0.278308,0.508969,0.017999,-0.004091,0.060929,-0.018675,0.060248,0.587410,2.820036,0.642920,2.849991,2,39.482767
25662.989723,1.992315,0.010255,-3.734119,-0.281259,0.512059,-0.016398,0.003979,-0.046494,-0.031494,0.024489,0.638152,2.890066,0.677186,2.881826,2,39.541733
25662.997696,1.971909,0.015271,-3.799466,-0.284438,0.509469,0.000195,0.000187,0.003989,-0.028687,0.072855,0.648711,2.901764,0.725349,2.917812,2,39.587522
25663.017659,1.966548,0.015999,-3.807779,-0.283724,0.514082,0.000510,0.000145,0.001996,-0.043084,0.079123,0.675505,2.942610,0.765592,2.941648,2,39.614417
