t,vx,vy,omega,delta,T,eps_vx,eps_vy,eps_omega,eC,eL,pos_x,pos_y,ref_x,ref_y,lap,theta
18938.677781,0.400000,0.020000,0.000000,-0.005437,0.510000,-0.124587,0.012816,0.376034,-0.016212,0.019650,1.467017,3.016212,1.486667,3.000000,0,0.502355
18938.708782,0.307353,0.011973,0.354092,-0.013356,0.520000,-0.024731,0.004034,0.137782,-0.016310,0.030492,1.469508,3.016310,1.500000,3.000000,0,0.505249
18938.714707,0.315662,0.002281,0.091768,-0.019133,0.530000,-0.132704,0.000780,0.001782,-0.015304,0.036741,1.466592,3.015304,1.503333,3.000000,0,0.506720
18938.734766,0.189420,-0.000093,-0.003327,-0.025416,0.540000,-0.037137,0.002018,0.051233,-0.014844,0.039326,1.467341,3.014844,1.506667,3.000000,0,0.506720
18938.754771,0.175430,-0.000094,-0.003437,-0.029069,0.550000,-0.013557,0.000000,0.000003,-0.014351,0.037073,1.469594,3.014351,1.506667,3.000000,0,0.506720
18938.774754,0.185679,-0.000000,-0.000011,-0.031703,0.560000,0.011291,0.000542,0.017783,-0.014352,0.031551,1.475116,3.014352,1.506667,3.000000,0,0.506720
18938.808230,0.221225,-0.001932,-0.044830,-0.033845,0.570000,-0.019165,0.000276,0.007816,-0.014668,0.025630,1.481036,3.014668,1.506667,3.000000,0,0.509916
18938.814793,0.243528,-0.003331,-0.088135,-0.036421,0.580000,0.027459,-0.000155,-0.005006,-0.014145,0.020628,1.486039,3.014145,1.506667,3.000000,0,0.516404
18938.834768,0.279310,-0.003826,-0.101976,-0.037738,0.590000,0.022739,-0.000304,-0.008253,-0.013789,0.019886,1.493448,3.013789,1.513333,3.000000,0,0.524933
18938.854759,0.327819,-0.004932,-0.131875,-0.037444,0.600000,-0.013309,0.000181,0.005105,-0.013273,0.024476,1.498858,3.013273,1.523333,3.000000,0,0.533725
18938.874750,0.340723,-0.005107,-0.137282,-0.037356,0.610000,-0.012056,0.000164,0.004692,-0.013021,0.028003,1.505330,3.013021,1.533333,3.000000,0,0.541106
18938.908019,0.355427,-0.005295,-0.142617,-0.037410,0.620000,0.002304,-0.000031,-0.000891,-0.012222,0.024594,1.515406,3.012222,1.540000,3.000000,0,0.550713
18938.914755,0.403090,-0.005947,-0.161412,-0.035605,0.630000,0.032411,-0.000623,-0.017267,-0.011752,0.022986,1.527014,3.011752,1.550000,3.000000,0,0.563832
18938.934756,0.444850,-0.006498,-0.177779,-0.033271,0.639546,0.001447,-0.000073,-0.002672,-0.012440,0.025639,1.537694,3.012440,1.563333,3.000000,0,0.578024
18938.954758,0.474383,-0.006215,-0.172429,-0.031458,0.649546,-0.002474,-0.000021,-0.000938,-0.013390,0.027021,1.549646,3.013390,1.576667,3.000000,0,0.591055
18938.974757,0.500433,-0.006129,-0.170704,-0.030653,0.659546,0.006913,-0.000097,-0.003257,-0.012553,0.028313,1.561687,3.012553,1.590000,3.000000,0,0.604448
18939.014790,0.536320,-0.006296,-0.176378,-0.028762,0.669546,-0.026103,0.000116,0.003315,-0.012016,0.029172,1.574161,3.012016,1.603333,3.000000,0,0.619392
18939.020113,0.568836,-0.006262,-0.177571,-0.026455,0.679546,0.040514,-0.000534,-0.014860,-0.010840,0.023972,1.592695,3.010840,1.616667,3.000000,0,0.637219
18939.034759,0.617302,-0.006570,-0.187642,-0.022569,0.684546,0.013282,-0.000846,-0.022874,-0.009922,0.029637,1.607030,3.009922,1.636667,3.000000,0,0.656175
18939.054762,0.652440,-0.006414,-0.186914,-0.018358,0.692404,0.001455,-0.000321,-0.011846,-0.009012,0.033251,1.620082,3.009012,1.653333,3.000000,0,0.672664
18939.074762,0.683969,-0.005093,-0.155871,-0.013611,0.701679,0.008543,-0.000284,-0.010473,-0.008398,0.031166,1.638834,3.008398,1.670000,3.000000,0,0.690337
18939.114435,0.722914,-0.003983,-0.124822,-0.009423,0.708734,-0.020466,-0.000386,-0.016556,-0.007868,0.032464,1.657536,3.007868,1.690000,3.000000,0,0.710982
18939.120679,0.762817,-0.002971,-0.096158,-0.004731,0.714682,0.033728,-0.000454,-0.006227,-0.005832,0.030323,1.679677,3.005832,1.710000,3.000000,0,0.734038
18939.134770,0.806128,-0.002646,-0.082699,0.000212,0.716264,0.008304,-0.001111,-0.028760,-0.004995,0.037343,1.695991,3.004995,1.733333,3.000000,0,0.756347
18939.154760,0.835859,-0.001761,-0.061370,0.005186,0.722765,0.006918,-0.000573,-0.020998,-0.004010,0.035822,1.717511,3.004010,1.753333,3.000000,0,0.777428
18939.174762,0.873279,0.000388,-0.005185,0.009100,0.727914,0.004775,-0.000255,-0.009210,-0.002355,0.038465,1.738202,3.002355,1.776667,3.000000,0,0.800866
18939.210500,0.908580,0.002015,0.049532,0.013210,0.733504,-0.018177,-0.000516,-0.025516,-0.000109,0.039388,1.760612,3.000109,1.800000,3.000000,0,0.824658
18939.217130,0.944855,0.003353,0.095194,0.017073,0.738451,0.031669,-0.000235,0.006023,0.001822,0.035501,1.787832,2.998178,1.823333,3.000000,0,0.851073
18939.234757,0.986672,0.003915,0.124277,0.020075,0.738887,0.003482,-0.000795,-0.021603,0.002271,0.041536,1.808464,2.997729,1.850000,3.000000,0,0.878041
18939.254757,1.016781,0.004882,0.154430,0.023185,0.744083,0.004490,-0.000378,-0.013675,0.003736,0.043861,1.832806,2.996264,1.876667,3.000000,0,0.902922
18939.274759,1.051498,0.006391,0.201724,0.025496,0.749229,-0.000136,-0.000159,-0.005892,0.004784,0.045888,1.854112,2.995216,1.900000,3.000000,0,0.927313
18939.317752,1.081587,0.007503,0.246772,0.026672,0.756052,-0.028959,-0.000394,-0.022695,0.005922,0.046186,1.880481,2.994078,1.926667,3.000000,0,0.953131
18939.324581,1.117569,0.007923,0.276761,0.026880,0.761861,0.021259,-0.000179,0.003448,0.008804,0.044625,1.905375,2.991196,1.950000,3.000000,0,0.980910
18939.334764,1.149231,0.007962,0.289084,0.028285,0.768344,0.014578,-0.000299,-0.004133,0.009572,0.048903,1.931097,2.990428,1.980000,3.000000,0,1.008714
18939.354755,1.179340,0.008192,0.301303,0.029503,0.775061,0.009935,-0.000177,-0.004498,0.010073,0.042089,1.964578,2.989927,2.006667,3.000000,0,1.039960
18939.374759,1.219786,0.008877,0.330121,0.028556,0.776168,0.006799,0.000054,0.003897,0.010983,0.040851,1.995816,2.989017,2.036667,3.000000,0,1.074054
18939.407363,1.256803,0.008931,0.348802,0.027240,0.776634,-0.011751,0.000179,0.003744,0.011655,0.045395,2.027938,2.988345,2.073333,3.000000,0,1.108420
18939.414768,1.293596,0.008541,0.352353,0.024975,0.775543,0.025273,0.000222,0.010111,0.012087,0.045715,2.060951,2.987913,2.106667,3.000000,0,1.143074
18939.434758,1.329812,0.008298,0.354381,0.021943,0.773253,0.004541,0.000208,0.010015,0.012326,0.047740,2.092260,2.987674,2.140000,3.000000,0,1.177497
18939.454760,1.363290,0.006962,0.328013,0.018497,0.772335,0.003937,0.000225,0.010382,0.012433,0.052168,2.124499,2.987567,2.176667,3.000000,0,1.212127
18939.474759,1.395767,0.005744,0.293258,0.015292,0.771902,0.005879,0.000192,0.009744,0.011483,0.050907,2.159093,2.988517,2.210000,3.000000,0,1.247612
18939.507745,1.429797,0.004599,0.255230,0.011191,0.769223,-0.013137,0.000440,0.030426,0.011139,0.053255,2.193412,2.988861,2.246667,3.000000,0,1.283545
18939.514760,1.462031,0.003353,0.211560,0.007412,0.766875,0.021735,0.000367,-0.003829,0.011710,0.055165,2.228168,2.988290,2.283333,3.000000,0,1.319794
18939.534734,1.493313,0.002881,0.181449,0.004342,0.764862,0.005234,0.000231,0.011282,0.010081,0.052195,2.264471,2.989919,2.316667,3.000000,0,1.357155
18939.554762,1.525141,0.001226,0.127159,0.000115,0.761614,0.003855,0.000289,0.012999,0.009677,0.056152,2.300515,2.990323,2.356667,3.000000,0,1.395283
18939.574733,1.555088,-0.000072,0.070595,-0.003014,0.759441,0.004642,0.000223,0.009845,0.008236,0.055427,2.337906,2.991764,2.393333,3.000000,0,1.433822
18939.608465,1.585257,-0.001052,0.016668,-0.007104,0.756305,-0.012380,0.000270,0.037406,0.007326,0.056754,2.376580,2.992674,2.433333,3.000000,0,1.473990
18939.614918,1.614872,-0.002065,-0.038452,-0.009798,0.752558,0.020990,0.000361,-0.014868,0.005069,0.057695,2.415639,2.994931,2.473333,3.000000,0,1.514412
18939.634729,1.643770,-0.002261,-0.077473,-0.013791,0.748553,0.004324,0.000465,0.019639,0.003501,0.058298,2.455035,2.996499,2.513333,3.000000,0,1.554779
18939.654730,1.671663,-0.003379,-0.129213,-0.017580,0.744795,0.003215,0.000270,0.011564,0.001683,0.059402,2.493931,2.998317,2.553333,3.000000,0,1.596038
18939.674756,1.698076,-0.004514,-0.194641,-0.020421,0.741583,0.003311,0.000214,0.008802,0.000648,0.059170,2.534164,2.999352,2.593333,3.000000,0,1.637669
18939.707688,1.724076,-0.005110,-0.253705,-0.023155,0.738576,-0.010481,-0.000055,0.030399,-0.000754,0.061068,2.575599,3.000754,2.636667,3.000000,0,1.680032
18939.714746,1.749891,-0.005480,-0.306693,-0.025006,0.735025,0.018611,0.000548,-0.014327,-0.002091,0.060777,2.619223,3.002091,2.680000,3.000000,0,1.723878
18939.734755,1.776144,-0.005199,-0.342437,-0.025405,0.729816,0.003318,0.000070,0.001764,-0.003938,0.061840,2.661493,3.003938,2.723333,3.000000,0,1.768410
18939.754755,1.800396,-0.005231,-0.376848,-0.026185,0.726140,0.003339,0.000084,0.001965,-0.005607,0.061866,2.704801,3.005607,2.766667,3.000000,0,1.812554
18939.774756,1.824118,-0.004981,-0.401519,-0.026800,0.722992,0.003097,0.000076,0.001526,-0.006099,0.061534,2.748466,3.006099,2.810000,3.000000,0,1.857214
18939.808033,1.847087,-0.004688,-0.420474,-0.026653,0.720314,-0.009200,-0.000224,0.003733,-0.008333,0.063380,2.793287,3.008333,2.856667,3.000000,0,1.903131
18939.814752,1.870024,-0.004252,-0.432459,-0.025936,0.717528,0.016205,0.000199,-0.006542,-0.010322,0.060737,2.839263,3.010322,2.900000,3.000000,0,1.949903
18939.834761,1.892621,-0.003810,-0.439152,-0.024938,0.714577,0.003956,-0.000011,-0.003994,-0.011344,0.060075,2.886592,3.011344,2.946667,3.000000,0,1.997825
18939.854758,1.915046,-0.003032,-0.433213,-0.022900,0.711286,0.003525,-0.000076,-0.006925,-0.012935,0.062695,2.933972,3.012935,2.996667,3.000000,0,2.046238
18939.874762,1.936545,-0.002198,-0.417003,-0.020828,0.707322,0.003300,-0.000078,-0.007017,-0.015303,0.061924,2.981409,3.015303,3.043333,3.000000,0,2.094550
18939.909315,1.957308,-0.001402,-0.392157,-0.019008,0.703528,-0.008629,-0.000030,-0.020330,-0.016349,0.063703,3.029631,3.016349,3.093333,3.000000,0,2.144178
18939.915282,1.977814,-0.000788,-0.364141,-0.015884,0.699333,0.015555,-0.000372,0.003231,-0.017496,0.063813,3.079520,3.017496,3.143333,3.000000,0,2.194714
18939.934757,1.998304,-0.000668,-0.344240,-0.011854,0.693723,0.003767,-0.000358,-0.021058,-0.018271,0.064545,3.128789,3.018271,3.193333,3.000000,0,2.245428
18939.954761,2.017518,0.000713,-0.297820,-0.008719,0.687991,0.003821,-0.000149,-0.010644,-0.019257,0.063972,3.179361,3.019257,3.243333,3.000000,0,2.296158
18939.974754,2.036603,0.001755,-0.234719,-0.004944,0.681375,0.002067,-0.000196,-0.012016,-0.024343,0.068285,3.225048,3.024343,3.293333,3.000000,0,2.345411
18940.008486,2.053278,0.002324,-0.171087,-0.001962,0.675813,-0.007381,0.000360,-0.037840,-0.028326,0.071264,3.272069,3.028326,3.343333,3.000000,0,2.392896
18940.014762,2.069483,0.002537,-0.110623,-0.001099,0.670525,0.014914,-0.000552,0.022514,-0.023917,0.060047,3.329953,3.023917,3.390000,3.000000,0,2.445277
18940.034759,2.088660,0.002012,-0.069478,0.000511,0.663162,0.001784,-0.000124,-0.007394,-0.029241,0.067095,3.376239,3.029241,3.443333,3.000000,0,2.498349
18940.054759,2.103256,0.001759,-0.035754,-0.001933,0.658535,0.003422,0.000141,0.007752,-0.031248,0.067743,3.428924,3.031248,3.496667,3.000000,0,2.549136
18940.074760,2.119008,0.000819,-0.024102,-0.007538,0.652692,0.003406,0.000303,0.017584,-0.032327,0.064589,3.482078,3.032327,3.546667,3.000000,0,2.602946
18940.108543,2.134153,-0.000990,-0.057123,-0.016910,0.647142,-0.005189,0.000164,0.080166,-0.033680,0.067682,3.532318,3.033680,3.600000,3.000000,0,2.655524
18940.114769,2.147646,-0.003398,-0.144936,-0.029492,0.640755,0.010644,0.001986,-0.012749,-0.034335,0.067784,3.585550,3.034335,3.653333,3.000000,0,2.707862
18940.134760,2.161511,-0.003440,-0.225584,-0.046361,0.632999,0.004260,0.000957,0.059423,-0.034545,0.064175,3.642492,3.034545,3.706667,3.000000,0,2.763225
18940.154758,2.174977,-0.008671,-0.452315,-0.066883,0.623755,0.003625,0.001204,0.066328,-0.033987,0.062420,3.697580,3.033987,3.760000,3.000000,0,2.819326
18940.174759,2.186384,-0.011818,-0.740828,-0.092070,0.614820,0.003847,0.001287,0.070350,-0.033025,0.062506,3.754161,3.033025,3.816667,3.000000,0,2.875481
18940.209340,2.196140,-0.014067,-1.089729,-0.122113,0.606525,0.000880,-0.002978,0.303583,-0.033077,0.062866,3.810468,3.033077,3.873333,3.000000,0,2.931984
18940.215231,2.203223,-0.015139,-1.481660,-0.156364,0.598861,0.006021,0.006876,-0.142846,-0.032509,0.065458,3.864542,3.032509,3.930000,3.000000,0,2.986795
18940.234752,2.209258,-0.010472,-1.796154,-0.190802,0.591251,0.004961,0.003080,0.131991,-0.028544,0.069604,3.917063,3.028544,3.986667,3.000000,0,3.039286
18940.254757,2.210976,-0.010764,-2.176117,-0.217785,0.583205,0.003784,0.000929,0.034737,-0.019602,0.064657,3.973688,3.022948,4.036730,2.998649,0,3.092552
18940.274761,2.208611,-0.009093,-2.618095,-0.240530,0.576057,0.003052,0.000724,0.023954,-0.013343,0.064957,4.028241,3.016665,4.089748,2.991879,0,3.146782
18940.310147,2.203026,-0.002203,-2.978611,-0.259445,0.570184,0.012092,-0.007785,0.165997,-0.009613,0.067503,4.083124,3.007299,4.144942,2.978531,0,3.199392
18940.315531,2.195279,0.007305,-3.254984,-0.272826,0.565257,-0.006361,0.008384,-0.123046,-0.008120,0.064311,4.135859,2.993826,4.192113,2.961619,0,3.252005
18940.334791,2.185444,0.018180,-3.443558,-0.281793,0.561797,0.001610,0.000863,0.007964,-0.007328,0.064407,4.187330,2.975854,4.240291,2.938475,0,3.304609
18940.354763,2.172880,0.028032,-3.573528,-0.284619,0.557558,0.001979,0.000391,0.001829,-0.008996,0.064179,4.238196,2.954377,4.285723,2.910320,0,3.356139
18940.374759,2.159107,0.036642,-3.660256,-0.287353,0.557127,0.002706,0.000589,0.002289,-0.022128,0.057660,4.295976,2.933983,4.325359,2.879660,0,3.408074
18940.410792,2.145340,0.043872,-3.708454,-0.290488,0.557302,0.013761,-0.002232,0.007121,-0.023213,0.064604,4.336639,2.905709,4.364026,2.842761,0,3.457543
18940.416527,2.128352,0.048487,-3.733543,-0.288376,0.558170,-0.009931,0.002151,-0.002331,-0.039095,0.063457,4.388852,2.878741,4.396507,2.804602,0,3.503840
18940.434762,2.113584,0.051614,-3.738948,-0.288877,0.560162,-0.000978,0.000095,0.001231,-0.037562,0.066967,4.419374,2.842903,4.423235,2.766218,0,3.549152
18940.454763,2.097336,0.052414,-3.734272,-0.284279,0.561860,0.001027,0.000235,-0.000769,-0.053905,0.064113,4.463392,2.810144,4.444742,2.728483,0,3.592466
18940.474755,2.082370,0.051763,-3.723001,-0.280375,0.565003,0.000582,0.000118,-0.000296,-0.053871,0.065768,4.487903,2.770276,4.462893,2.689024,0,3.633560
18940.509915,2.067829,0.049735,-3.707692,-0.272009,0.567625,0.012328,0.003278,-0.011413,-0.061639,0.065488,4.517020,2.728948,4.477551,2.648138,0,3.674541
18940.515813,2.056220,0.047296,-3.685481,-0.263976,0.571808,-0.008328,-0.002619,0.008548,-0.073171,0.064641,4.545140,2.688482,4.487885,2.609398,0,3.716032
18940.534770,2.044176,0.043803,-3.668296,-0.253803,0.576642,-0.000005,-0.000260,-0.009680,-0.084830,0.063410,4.570206,2.644609,4.495082,2.569954,0,3.757062
18940.554757,2.033988,0.040566,-3.643063,-0.242156,0.581532,-0.000890,-0.000333,-0.011968,-0.093433,0.068666,4.588915,2.600286,4.499285,2.526724,0,3.798511
18940.574761,2.024183,0.037413,-3.602935,-0.225268,0.585495,-0.001510,-0.000601,-0.021664,-0.110862,0.069617,4.610862,2.556284,4.500000,2.486667,0,3.841847
18940.610778,2.016019,0.034690,-3.540347,-0.204430,0.590031,0.002107,0.002647,-0.114949,-0.117598,0.065848,4.617598,2.509182,4.500000,2.443333,0,3.888269
18940.616853,2.011084,0.032918,-3.434751,-0.179061,0.592595,-0.002873,-0.004244,0.036383,-0.127333,0.063562,4.627333,2.460229,4.500000,2.396667,0,3.936488
18940.634763,2.007869,0.029597,-3.326228,-0.151543,0.593959,-0.001982,-0.002625,-0.076928,-0.128793,0.065853,4.628793,2.415853,4.500000,2.350000,0,3.982989
18940.654757,2.007423,0.030539,-3.104677,-0.119737,0.595365,-0.000223,-0.001578,-0.085794,-0.126935,0.061114,4.626935,2.364448,4.500000,2.303333,0,4.030741
18940.674754,2.011536,0.033124,-2.730685,-0.092162,0.593033,0.000115,-0.001359,-0.078667,-0.127096,0.062896,4.627096,2.316229,4.500000,2.253333,0,4.080213
18940.707564,2.017620,0.032781,-2.283344,-0.066171,0.589146,-0.004509,0.005381,-0.304503,-0.120509,0.067062,4.620509,2.270395,4.500000,2.203333,0,4.127341
18940.714750,2.024979,0.029906,-1.808768,-0.040670,0.584274,0.005051,-0.009904,0.115860,-0.116043,0.064057,4.616043,2.220723,4.500000,2.156667,0,4.175274
18940.734751,2.032903,0.021324,-1.457659,-0.019103,0.576973,0.000185,-0.001334,-0.081546,-0.106692,0.061421,4.606692,2.171421,4.500000,2.110000,0,4.224785
18940.754780,2.041265,0.022680,-0.971271,-0.002745,0.569664,0.000414,-0.001176,-0.062325,-0.098091,0.062572,4.598091,2.122572,4.500000,2.060000,0,4.274894
18940.774762,2.049582,0.020240,-0.551975,0.009663,0.562846,0.000722,-0.000662,-0.038159,-0.086413,0.063269,4.586413,2.073269,4.500000,2.010000,0,4.325545
18940.809667,2.057818,0.017051,-0.208267,0.021501,0.556330,-0.004380,0.003180,-0.165999,-0.074593,0.063640,4.574593,2.023640,4.500000,1.960000,0,4.375392
18940.816065,2.065709,0.014133,0.063759,0.033177,0.550560,0.005527,-0.004616,0.069198,-0.064240,0.064995,4.564240,1.974995,4.500000,1.910000,0,4.424647
18940.834763,2.073288,0.009973,0.238249,0.044715,0.545895,0.001287,-0.001147,-0.044593,-0.054946,0.067116,4.554946,1.927116,4.500000,1.860000,0,4.473515
18940.854761,2.079963,0.010914,0.454537,0.052577,0.542328,0.000582,-0.000452,-0.024639,-0.048960,0.070198,4.548960,1.880198,4.500000,1.810000,0,4.521810
18940.874746,2.085844,0.010757,0.667114,0.056768,0.539605,0.000855,-0.000270,-0.013539,-0.041035,0.065271,4.541035,1.828605,4.500000,1.763333,0,4.572155
18940.910205,2.091683,0.008857,0.824379,0.060298,0.535465,-0.002657,0.001846,-0.062999,-0.032129,0.064384,4.532129,1.777717,4.500000,1.713333,0,4.623783
18940.915792,2.097046,0.006716,0.936096,0.063164,0.531066,0.004035,-0.002070,0.036549,-0.028630,0.064890,4.528630,1.724890,4.500000,1.660000,0,4.676155
18940.934774,2.102226,0.004352,1.003693,0.062488,0.525661,0.001087,-0.000240,-0.005217,-0.022911,0.064765,4.522911,1.674765,4.500000,1.610000,0,4.728491
18940.954765,2.106823,0.002732,1.046723,0.058229,0.521153,0.000651,0.000224,0.013933,-0.023120,0.067161,4.523120,1.623828,4.500000,1.556667,0,4.779007
18940.974739,2.110986,0.000685,1.054850,0.048765,0.516947,0.000768,0.000554,0.032318,-0.020361,0.065301,4.520361,1.571968,4.500000,1.506667,0,4.830488
18941.011351,2.115250,-0.002372,0.998256,0.035696,0.512471,-0.002104,0.000056,0.131717,-0.019457,0.066519,4.519457,1.519852,4.500000,1.453333,0,4.882586
18941.017241,2.119388,-0.005913,0.867081,0.020649,0.508111,0.002612,0.002292,-0.033702,-0.014104,0.070700,4.514104,1.474033,4.500000,1.403333,0,4.932496
18941.034762,2.123009,-0.006084,0.747585,0.005169,0.504797,0.001367,0.001870,0.070192,-0.013460,0.067528,4.513460,1.420861,4.500000,1.353333,0,4.982532
18941.054759,2.127201,-0.010329,0.529002,-0.015912,0.500712,0.000695,0.001347,0.075627,-0.012607,0.067268,4.512607,1.370601,4.500000,1.303333,0,5.034215
18941.074741,2.130696,-0.014678,0.203415,-0.036267,0.496767,0.000889,0.001288,0.070553,-0.011413,0.069867,4.511413,1.319867,4.500000,1.250000,0,5.084738
18941.111794,2.133811,-0.016690,-0.150310,-0.059241,0.493401,-0.000444,-0.003344,0.296031,-0.017071,0.069157,4.517071,1.269157,4.500000,1.200000,0,5.134798
18941.117790,2.136151,-0.017763,-0.520027,-0.086228,0.491909,0.002681,0.007514,-0.144293,-0.022437,0.056177,4.522437,1.206177,4.500000,1.150000,0,5.190705
18941.134753,2.138787,-0.012922,-0.835733,-0.124632,0.490102,0.002000,0.004511,0.180470,-0.016187,0.073529,4.516187,1.166862,4.500000,1.093333,0,5.242989
18941.154761,2.138516,-0.017294,-1.166669,-0.157600,0.488173,0.001598,0.001502,0.073697,-0.016126,0.073607,4.516126,1.116941,4.500000,1.043333,0,5.288728
18941.174762,2.135082,-0.023074,-1.728400,-0.179462,0.485395,0.001282,0.000904,0.043243,-0.016018,0.068890,4.516466,1.065446,4.499989,0.996665,0,5.337219
18941.211630,2.129949,-0.021310,-2.214488,-0.203879,0.486475,0.008561,-0.006408,0.285226,-0.012127,0.066116,4.516256,1.011189,4.497155,0.946741,0,5.387620
18941.218318,2.123333,-0.016053,-2.602661,-0.231133,0.488183,-0.005669,0.008743,-0.183094,-0.006849,0.057139,4.507784,0.951865,4.489349,0.897349,0,5.442428
18941.234772,2.114032,-0.006509,-2.927390,-0.255695,0.487004,0.003796,0.003542,0.105083,-0.000204,0.071866,4.497988,0.914109,4.475631,0.845809,0,5.491600
18941.254759,2.106756,-0.000230,-3.073462,-0.278057,0.481688,0.003484,0.001872,0.077995,0.001079,0.072902,4.486160,0.866262,4.457851,0.799072,0,5.534439
18941.274760,2.094226,0.003776,-3.264939,-0.292101,0.473097,0.001385,0.000321,0.007929,-0.000533,0.066101,4.470903,0.817921,4.438730,0.760176,0,5.581172
18941.311924,2.077783,0.006989,-3.477878,-0.299150,0.465550,0.017198,-0.004263,0.099371,0.000804,0.063859,4.449512,0.773695,4.414457,0.720311,0,5.629333
18941.317494,2.059826,0.011852,-3.636936,-0.300000,0.458888,-0.016928,0.004690,-0.090409,-0.005217,0.051109,4.423020,0.719089,4.386571,0.682884,0,5.681241
18941.334760,2.037493,0.017960,-3.762749,-0.300000,0.451910,0.001546,-0.000200,0.002981,-0.005684,0.069840,4.404373,0.688430,4.350593,0.643511,0,5.726919
18941.354760,2.021805,0.021341,-3.814829,-0.300000,0.448567,0.000346,0.000067,-0.000222,-0.010980,0.071508,4.378197,0.649029,4.315825,0.612373,0,5.765787
18941.374762,2.001997,0.024289,-3.854313,-0.300000,0.445437,0.000317,0.000063,-0.000378,-0.020777,0.064315,4.351173,0.610099,4.286561,0.590265,0,5.806812
18941.413788,1.982094,0.025567,-3.874780,-0.300000,0.442778,0.019070,0.001769,0.003089,-0.026560,0.064397,4.319049,0.576185,4.250000,0.566987,0,5.847349
18941.419366,1.962300,0.025220,-3.883647,-0.300000,0.440274,-0.018154,-0.001976,-0.003879,-0.043850,0.061062,4.288549,0.534983,4.214578,0.548385,0,5.888636
18941.434774,1.938561,0.022868,-3.888763,-0.300000,0.439236,-0.000332,-0.000069,-0.000358,-0.047645,0.068628,4.258866,0.512544,4.177782,0.532674,0,5.925486
18941.454763,1.923314,0.020524,-3.890521,-0.300000,0.440051,0.001040,0.000285,0.003422,-0.057511,0.067256,4.223945,0.485034,4.143047,0.520899,0,5.959895
18941.474760,1.905581,0.017206,-3.890304,-0.300000,0.440873,-0.000115,-0.000008,-0.000962,-0.067085,0.065597,4.189627,0.461549,4.110796,0.512430,0,5.994081
18941.511904,1.887326,0.013101,-3.897708,-0.300000,0.441619,0.015575,0.003817,0.014657,-0.073499,0.063210,4.148246,0.442398,4.074757,0.505620,0,6.028815
18941.518408,1.871029,0.009224,-3.903537,-0.300000,0.442519,-0.014339,-0.003515,-0.011521,-0.080245,0.054551,4.102683,0.426314,4.041640,0.501737,0,6.067575
18941.534774,1.851161,0.004330,-3.919035,-0.300000,0.442461,0.001059,0.000276,0.003134,-0.085906,0.068329,4.070283,0.414325,4.001668,0.500003,0,6.100827
18941.554762,1.839060,0.001408,-3.928801,-0.300000,0.443784,0.000290,0.000095,0.001019,-0.091710,0.068315,4.030708,0.405151,3.968338,0.501003,0,6.130235
18941.574737,1.823872,-0.002188,-3.944990,-0.300000,0.444216,0.000093,0.000056,0.000383,-0.096569,0.066506,3.992573,0.399782,3.938459,0.503802,0,6.161918
18941.611654,1.809099,-0.005515,-3.962200,-0.300000,0.445435,0.011951,0.002512,0.014440,-0.101088,0.061573,3.950902,0.397764,3.908800,0.508388,0,6.194230
18941.617334,1.795145,-0.008517,-3.978294,-0.298853,0.447555,-0.009804,-0.002075,-0.013750,-0.108427,0.056471,3.904112,0.396529,3.876237,0.515559,0,6.229355
18941.634756,1.781451,-0.011401,-3.996091,-0.289021,0.450047,-0.002884,-0.001108,-0.022217,-0.112092,0.054836,3.861407,0.401288,3.844223,0.524886,0,6.264428
18941.654760,1.768169,-0.013996,-4.010526,-0.284650,0.451719,-0.001703,-0.001138,-0.030690,-0.113941,0.059040,3.821077,0.409749,3.809814,0.537583,0,6.297886
18941.674757,1.755563,-0.016316,-4.018992,-0.285392,0.451397,-0.000874,-0.000447,-0.015288,-0.110808,0.062912,3.786990,0.424091,3.779417,0.551287,0,6.329436
18941.709937,1.744157,-0.017977,-4.011783,-0.283697,0.451500,0.007377,0.001431,-0.020408,-0.108189,0.053968,3.746342,0.444604,3.752894,0.565329,0,6.363159
18941.715866,1.734173,-0.019551,-3.990755,-0.275410,0.448389,-0.006924,-0.001783,0.006727,-0.104940,0.059445,3.716250,0.462439,3.724472,0.582766,0,6.396353
18941.734757,1.724562,-0.021503,-3.969716,-0.266305,0.450079,-0.001165,-0.000722,-0.020506,-0.101095,0.065296,3.688036,0.482065,3.697276,0.602058,0,6.424194
18941.754757,1.716186,-0.022475,-3.925573,-0.255689,0.454815,-0.000478,-0.000387,-0.015124,-0.096503,0.064610,3.659999,0.505642,3.673947,0.620936,0,6.453492
18941.774755,1.709656,-0.022743,-3.845712,-0.244818,0.460471,-0.000576,-0.000436,-0.016483,-0.092240,0.064585,3.633904,0.530008,3.651792,0.641181,0,6.484303
18941.808407,1.704549,-0.023166,-3.746340,-0.234802,0.466586,0.002110,0.001085,-0.080405,-0.087131,0.056537,3.604709,0.562206,3.630892,0.662717,0,6.517997
18941.814753,1.701364,-0.023746,-3.636149,-0.223137,0.469847,-0.002639,-0.002356,0.038259,-0.077359,0.062181,3.587567,0.591211,3.609233,0.688069,0,6.551643
18941.834755,1.698208,-0.025599,-3.545241,-0.208527,0.474976,-0.000135,-0.000729,-0.034588,-0.071707,0.060335,3.564827,0.624349,3.589311,0.714808,0,6.583830
18941.854759,1.698147,-0.024174,-3.392763,-0.192106,0.479001,-0.000147,-0.000761,-0.034986,-0.064040,0.057939,3.546100,0.660187,3.571216,0.742815,0,6.619336
18941.874734,1.699556,-0.022526,-3.204374,-0.175336,0.481886,-0.000296,-0.000905,-0.039829,-0.052803,0.058759,3.534834,0.695592,3.555028,0.771965,0,6.654628
18941.907340,1.702096,-0.020985,-2.993613,-0.156825,0.485329,-0.002801,0.000216,-0.157242,-0.042244,0.063220,3.525234,0.730515,3.539509,0.805197,0,6.689303
18941.914752,1.705746,-0.019029,-2.755898,-0.139003,0.489416,0.001862,-0.003487,0.047365,-0.033678,0.060595,3.515563,0.768042,3.527549,0.836323,0,6.725048
18941.934760,1.709697,-0.020127,-2.577183,-0.121340,0.493260,-0.001679,-0.004440,-0.132867,-0.022255,0.064099,3.511803,0.803730,3.516822,0.871396,0,6.761608
18941.954756,1.714508,-0.018545,-2.367251,-0.104643,0.497567,-0.001037,-0.001956,-0.089663,-0.012466,0.065918,3.508685,0.840075,3.508695,0.907161,0,6.798138
18941.974737,1.720794,-0.013541,-2.088790,-0.089614,0.501596,-0.000495,-0.001026,-0.045511,-0.004274,0.065795,3.506409,0.877570,3.503211,0.943426,0,6.834943
18942.009183,1.728025,-0.009861,-1.782339,-0.076994,0.504807,-0.005723,0.000638,-0.155517,0.003135,0.064199,3.506101,0.915973,3.500400,0.979995,0,6.872913
18942.014766,1.735804,-0.008135,-1.517860,-0.064186,0.507479,0.005029,-0.002732,0.074850,0.007052,0.062353,3.507052,0.954313,3.500000,1.016667,0,6.911959
18942.034760,1.743204,-0.009337,-1.349958,-0.052378,0.510472,-0.000834,-0.002183,-0.089556,0.008547,0.064945,3.508547,0.991722,3.500000,1.056667,0,6.950572
18942.054760,1.751023,-0.006918,-1.167962,-0.041861,0.513621,-0.000388,-0.002360,-0.069252,0.007934,0.065245,3.507934,1.031421,3.500000,1.096667,0,6.989463
18942.074739,1.759472,-0.005119,-0.973184,-0.032226,0.515809,-0.000365,-0.001398,-0.064593,0.007632,0.062405,3.507632,1.070928,3.500000,1.133333,0,7.029555
18942.111574,1.768021,-0.002734,-0.796089,-0.022607,0.517641,-0.007556,-0.001368,-0.167841,0.009177,0.061844,3.509177,1.111489,3.500000,1.173333,0,7.069937
18942.117190,1.776813,-0.001774,-0.632234,-0.010998,0.518958,0.007938,-0.004052,-0.007579,0.005568,0.053352,3.505568,1.159981,3.500000,1.213333,0,7.113870
18942.134759,1.787289,-0.003574,-0.557050,0.005540,0.518052,-0.000448,-0.004332,-0.135308,0.003877,0.066592,3.503877,1.193408,3.500000,1.260000,0,7.156108
18942.154757,1.794490,0.000962,-0.393135,0.022951,0.519026,0.000321,-0.002030,-0.098844,0.002468,0.065065,3.502468,1.234935,3.500000,1.300000,0,7.195375
18942.174743,1.803209,0.008209,-0.100036,0.040016,0.517477,0.000556,-0.001102,-0.052101,0.002823,0.061425,3.502823,1.278575,3.500000,1.340000,0,7.237720
18942.211043,1.811660,0.013223,0.237026,0.059894,0.515008,-0.005530,0.000401,-0.229558,0.004083,0.063837,3.504083,1.319496,3.500000,1.383333,0,7.280248
18942.216332,1.819383,0.016634,0.558977,0.080738,0.513464,0.005995,-0.003337,0.101057,0.002281,0.064662,3.502281,1.362005,3.500000,1.426667,0,7.322325
18942.234768,1.826984,0.015856,0.783558,0.107481,0.512914,0.002366,-0.006325,-0.179823,0.000220,0.062761,3.500220,1.403905,3.500000,1.466667,0,7.364726
18942.254756,1.833700,0.018453,1.035192,0.135467,0.512613,0.001971,-0.004063,-0.172448,-0.006777,0.062467,3.494377,1.447435,3.499899,1.510026,0,7.408594
18942.274747,1.838605,0.025291,1.386575,0.160950,0.511190,0.002416,-0.004893,-0.143584,-0.013258,0.062517,3.490635,1.489797,3.497143,1.553372,0,7.453201
18942.310943,1.842374,0.028488,1.770064,0.183871,0.511011,0.003561,-0.007263,-0.516034,-0.020112,0.060188,3.482495,1.533380,3.490636,1.596316,0,7.498035
18942.316478,1.846434,0.025753,1.990307,0.210990,0.513740,0.005643,-0.008397,-0.051427,-0.022172,0.061032,3.475528,1.576927,3.479489,1.641741,0,7.543543
18942.334760,1.851216,0.021764,2.094149,0.237758,0.515582,0.002735,-0.002321,-0.083506,-0.027395,0.062207,3.461847,1.617993,3.464146,1.685925,0,7.589216
18942.354759,1.849248,0.032582,2.504030,0.250250,0.513404,0.001079,-0.000413,-0.014384,-0.027278,0.058633,3.448357,1.660871,3.446259,1.725505,0,7.635510
18942.374768,1.845001,0.037001,2.945451,0.257278,0.512593,0.000817,-0.000253,-0.008308,-0.025524,0.060038,3.433597,1.701808,3.423235,1.766218,0,7.680914
18942.411221,1.840583,0.035120,3.267975,0.259786,0.513915,0.004742,0.004089,-0.115360,-0.025481,0.061640,3.413852,1.740197,3.396507,1.804602,0,7.725624
18942.416867,1.835955,0.030680,3.484554,0.257944,0.516007,-0.003338,-0.003556,0.090419,-0.020408,0.061032,3.394773,1.779083,3.368576,1.837864,0,7.769302
18942.434769,1.831256,0.025620,3.617946,0.252833,0.519822,-0.000487,-0.000256,0.013993,-0.019005,0.059504,3.368885,1.814358,3.337864,1.868576,0,7.812598
18942.454763,1.826882,0.020553,3.680274,0.245010,0.523780,0.000084,0.000247,0.012768,-0.016273,0.060112,3.342358,1.846982,3.304602,1.896507,0,7.855922
18942.474737,1.823329,0.016092,3.684682,0.232295,0.527179,-0.000135,0.000469,0.021968,-0.013151,0.061252,3.313594,1.877402,3.269041,1.921446,0,7.898018
18942.510988,1.820728,0.012291,3.637461,0.216577,0.531350,0.000911,0.000524,0.107680,-0.012019,0.061382,3.280296,1.904138,3.231451,1.943205,0,7.940444
18942.517482,1.819599,0.008978,3.535926,0.198218,0.535092,-0.001046,0.001702,-0.048083,-0.008653,0.055275,3.239820,1.932392,3.192113,1.961619,0,7.986423
18942.534762,1.818876,0.008627,3.418167,0.174465,0.535858,-0.001317,0.004196,0.129857,-0.007547,0.062895,3.208988,1.950322,3.151327,1.976550,0,8.029749
18942.554762,1.820085,0.007223,3.295650,0.150744,0.539683,-0.001219,0.002496,0.115995,-0.005465,0.065849,3.172456,1.968145,3.109398,1.987885,0,8.068544
18942.574741,1.823722,0.001713,3.020489,0.128018,0.543799,-0.000103,0.001377,0.066786,-0.003145,0.063178,3.132071,1.983129,3.069954,1.995082,0,8.109680
18942.611168,1.829812,-0.002653,2.644155,0.108099,0.546903,-0.005700,-0.003166,0.269673,0.000397,0.062617,3.092588,1.995727,3.030061,1.999096,0,8.151300
18942.616765,1.836814,-0.003651,2.268532,0.092315,0.549903,0.005159,0.005076,-0.136994,0.006724,0.065487,3.052154,2.006724,2.986667,2.000000,0,8.192377
18942.634773,1.844254,0.000184,2.000413,0.078407,0.552019,0.000361,0.001679,0.045392,0.015342,0.062786,3.009452,2.015342,2.946667,2.000000,0,8.235312
18942.654758,1.852428,-0.000655,1.709161,0.071129,0.553444,0.000296,0.000454,0.023125,0.022362,0.064051,2.967385,2.022362,2.903333,2.000000,0,8.278537
18942.674735,1.861502,-0.000244,1.450310,0.066675,0.552660,0.000098,0.000278,0.013826,0.028040,0.065075,2.925075,2.028040,2.860000,2.000000,0,8.320880
18942.708884,1.870299,0.001612,1.274749,0.066840,0.549056,-0.005249,-0.001460,0.033637,0.031993,0.065171,2.881837,2.031993,2.816667,2.000000,0,8.364366
18942.714763,1.879258,0.003926,1.176298,0.068024,0.542531,0.006472,0.001033,-0.030787,0.034865,0.065061,2.838394,2.034865,2.773333,2.000000,0,8.408669
18942.734758,1.888036,0.005755,1.131954,0.071629,0.533579,0.000939,-0.000919,-0.027742,0.036880,0.065133,2.795133,2.036880,2.730000,2.000000,0,8.452381
18942.754763,1.896031,0.007131,1.125186,0.078800,0.523579,0.000911,-0.000665,-0.031632,0.037657,0.064030,2.750697,2.037657,2.686667,2.000000,0,8.496107
18942.774758,1.903011,0.009612,1.177100,0.089341,0.513579,0.000714,-0.000683,-0.031912,0.037130,0.062752,2.706085,2.037130,2.643333,2.000000,0,8.540475
18942.810081,1.908666,0.012340,1.288986,0.103356,0.503579,-0.002051,-0.000138,-0.133210,0.035741,0.064257,2.660923,2.035741,2.596667,2.000000,0,8.585405
18942.815726,1.913181,0.015067,1.447933,0.119721,0.493579,0.003521,-0.002177,0.050057,0.033420,0.061809,2.615142,2.033420,2.553333,2.000000,0,8.630244
18942.834762,1.917230,0.014913,1.579192,0.140355,0.484529,0.002033,-0.002234,-0.091169,0.029585,0.063272,2.569939,2.029585,2.506667,2.000000,0,8.674714
18942.854762,1.919301,0.018977,1.791974,0.160404,0.475956,0.001172,-0.001013,-0.045203,0.020017,0.063386,2.525014,2.023268,2.463270,1.998649,0,8.718812
18942.874762,1.918721,0.023114,2.095739,0.178870,0.468358,0.001270,-0.000889,-0.038188,0.011719,0.062737,2.480192,2.015170,2.420133,1.993580,0,8.762997
18942.910213,1.916686,0.024512,2.386128,0.194917,0.461765,0.004593,0.001867,-0.176237,0.005538,0.061599,2.435967,2.005236,2.377598,1.984786,0,8.808050
18942.916190,1.913117,0.024248,2.646194,0.208720,0.456527,-0.002055,-0.003185,0.102229,0.000737,0.062184,2.391193,1.992712,2.332834,1.971228,0,8.853322
18942.934773,1.909183,0.021450,2.834752,0.220545,0.452072,0.001051,-0.000967,-0.020953,-0.002430,0.060399,2.348533,1.977788,2.292569,1.954942,0,8.899064
18942.954761,1.903319,0.020605,3.019375,0.227834,0.447995,0.001501,-0.000994,-0.026234,-0.003220,0.062507,2.306772,1.961909,2.250965,1.933569,0,8.943968
18942.974759,1.896646,0.018559,3.168985,0.231171,0.445199,0.001294,-0.000477,-0.015846,-0.004567,0.064649,2.266982,1.941968,2.211541,1.908401,0,8.988005
18943.010095,1.889359,0.016526,3.282363,0.228595,0.442735,0.006999,0.001579,-0.028755,-0.005324,0.063337,2.228991,1.918653,2.177186,1.881826,0,9.032034
18943.015654,1.881516,0.014265,3.361644,0.221102,0.441161,-0.005618,-0.001055,0.036246,-0.005877,0.062202,2.193273,1.892359,2.145267,1.852370,0,9.075771
18943.034774,1.873762,0.012133,3.402720,0.207792,0.440361,-0.000556,0.000739,0.035704,-0.007124,0.061801,2.161079,1.863152,2.116025,1.820255,0,9.119693
18943.054762,1.867007,0.008644,3.371891,0.189479,0.439975,-0.000045,0.000793,0.038906,-0.008960,0.061182,2.131995,1.830811,2.089680,1.785723,0,9.163896
18943.074764,1.862034,0.004643,3.251834,0.165654,0.439560,-0.000089,0.001147,0.056782,-0.010881,0.064404,2.105951,1.796835,2.064776,1.746131,0,9.208009
18943.110483,1.858868,0.000852,3.048615,0.136836,0.439028,0.001323,-0.001350,0.269708,-0.014570,0.064670,2.085144,1.760229,2.045058,1.707431,0,9.251900
18943.115828,1.857893,-0.003054,2.749154,0.101491,0.438298,-0.000649,0.005852,-0.096533,-0.016692,0.064694,2.066133,1.722557,2.028772,1.667166,0,9.295229
18943.134759,1.857602,-0.001264,2.488452,0.061491,0.437737,-0.000679,0.004609,0.199985,-0.017248,0.064290,2.048892,1.683532,2.016043,1.625639,0,9.338121
18943.154764,1.859317,-0.010236,1.998254,0.021491,0.436079,0.000630,0.002360,0.123079,-0.017479,0.064557,2.034938,1.643916,2.006965,1.583165,0,9.380796
18943.174739,1.862642,-0.019424,1.289847,-0.017685,0.433252,0.000902,0.002341,0.117992,-0.016659,0.064788,2.023404,1.603307,2.001608,1.540062,0,9.423423
18943.211430,1.865782,-0.023769,0.584642,-0.055630,0.430342,-0.000877,-0.002849,0.476404,-0.011929,0.065008,2.012352,1.561585,1.999989,1.496658,0,9.466257
18943.216839,1.867850,-0.026527,-0.077700,-0.088976,0.427749,0.002176,0.007044,-0.227260,0.003861,0.064068,1.999828,1.520768,1.998113,1.456607,0,9.509226
18943.234772,1.869902,-0.022868,-0.537432,-0.122010,0.427392,0.002539,0.007851,0.206653,0.012809,0.065556,1.991188,1.480325,1.992468,1.413542,0,9.552370
18943.254764,1.870722,-0.024517,-0.968880,-0.153647,0.428110,0.002062,0.003819,0.168715,0.020200,0.065163,1.980384,1.439297,1.983107,1.371129,0,9.595645
18943.274763,1.868988,-0.031235,-1.479740,-0.180366,0.428967,0.001230,0.001614,0.065830,0.023115,0.066143,1.970897,1.399749,1.970100,1.329688,0,9.638521
18943.310932,1.865054,-0.035783,-2.021692,-0.200608,0.431023,0.005115,-0.002591,0.282226,0.027804,0.066670,1.956388,1.361712,1.953545,1.289533,0,9.680946
18943.316277,1.860046,-0.036223,-2.466317,-0.214186,0.434240,-0.003202,0.003834,-0.186361,0.030986,0.066084,1.939614,1.323702,1.933569,1.250965,0,9.724359
18943.334762,1.855054,-0.032620,-2.766561,-0.224228,0.439187,0.000123,0.000960,0.014594,0.032912,0.065067,1.920494,1.286481,1.910320,1.214277,0,9.767964
18943.354762,1.848816,-0.030425,-3.007487,-0.232190,0.444324,0.000295,0.000520,0.019026,0.032838,0.065279,1.900569,1.250909,1.883975,1.179745,0,9.810522
18943.374767,1.841981,-0.027854,-3.193153,-0.238492,0.449582,0.000199,0.000245,0.009922,0.031410,0.067248,1.879841,1.217477,1.854733,1.147630,0,9.851293
18943.416619,1.834850,-0.025493,-3.335634,-0.241548,0.454657,0.008122,-0.002353,0.070991,0.029978,0.064664,1.854952,1.185181,1.825359,1.120340,0,9.892137
18943.422407,1.827848,-0.023110,-3.435955,-0.240691,0.459635,-0.008108,0.002237,-0.058439,0.025720,0.048809,1.818262,1.144988,1.793893,1.095492,0,9.939204
18943.434776,1.817756,-0.020173,-3.515466,-0.236105,0.462206,-0.000176,-0.000487,-0.011193,0.027046,0.068034,1.799562,1.127741,1.754808,1.069799,0,9.980714
18943.454764,1.813741,-0.019151,-3.531525,-0.230835,0.468546,-0.001272,-0.001348,-0.038532,0.023997,0.068815,1.768149,1.100737,1.716512,1.049309,0,10.015906
18943.474762,1.807142,-0.018087,-3.545183,-0.223089,0.474606,-0.001025,-0.000894,-0.034575,0.019495,0.061399,1.735672,1.076782,1.685925,1.035854,0,10.055663
18943.516465,1.801954,-0.016108,-3.512111,-0.212189,0.480572,0.002927,0.000180,-0.109575,0.014690,0.060728,1.701787,1.054472,1.648138,1.022449,0,10.095477
18943.523493,1.798707,-0.013901,-3.423544,-0.199522,0.486488,-0.003582,-0.001971,0.054754,0.005654,0.047062,1.654083,1.027928,1.609398,1.012115,0,10.140812
18943.534762,1.794678,-0.014401,-3.309649,-0.183081,0.489130,-0.001178,-0.002870,-0.070564,0.003955,0.067071,1.629360,1.016446,1.563330,1.004027,0,10.181065
18943.554758,1.793737,-0.014371,-3.257259,-0.167115,0.496238,-0.000308,-0.000835,-0.039032,-0.002800,0.067568,1.591011,1.000911,1.523386,1.000547,0,10.215252
18943.574768,1.795462,-0.009398,-3.018312,-0.151750,0.502370,-0.000348,-0.000902,-0.041490,-0.012425,0.062080,1.552080,0.987575,1.490000,1.000000,0,10.255049
18943.615233,1.798206,-0.007562,-2.772390,-0.137506,0.507546,-0.004108,0.002464,-0.209188,-0.024437,0.062618,1.512618,0.975563,1.450000,1.000000,0,10.295857
18943.621772,1.802127,-0.007298,-2.535051,-0.124345,0.512358,0.003508,-0.004771,0.120867,-0.035410,0.050814,1.460814,0.964590,1.410000,1.000000,0,10.341965
18943.634766,1.807380,-0.010820,-2.309037,-0.112593,0.513791,-0.001370,-0.002497,-0.072485,-0.042654,0.068067,1.431400,0.957346,1.363333,1.000000,0,10.383741
18943.654729,1.809915,-0.010488,-2.205775,-0.111021,0.521767,-0.000496,-0.000784,-0.036339,-0.050556,0.067671,1.387671,0.949444,1.320000,1.000000,0,10.421368
18943.674754,1.815724,-0.009449,-2.031877,-0.113285,0.528353,-0.000207,0.000525,0.015590,-0.056507,0.061257,1.344590,0.943493,1.283333,1.000000,0,10.464638
18943.710337,1.821808,-0.010298,-1.903188,-0.118617,0.534246,-0.004778,0.001612,0.023653,-0.062265,0.062380,1.302380,0.937735,1.240000,1.000000,0,10.507917
18943.717147,1.827948,-0.013292,-1.869281,-0.124973,0.539092,0.005420,-0.000342,0.005969,-0.064120,0.058067,1.254733,0.935880,1.196667,1.000000,0,10.552759
18943.734751,1.835369,-0.015294,-1.883889,-0.130686,0.540728,-0.000083,0.000585,0.023517,-0.068268,0.065387,1.218720,0.931732,1.153333,1.000000,0,10.594843
18943.754752,1.840226,-0.017548,-1.945219,-0.138550,0.544438,0.000280,0.000433,0.019643,-0.069838,0.065864,1.175864,0.930162,1.110000,1.000000,0,10.634325
18943.774735,1.845840,-0.019539,-2.049821,-0.147576,0.547913,0.000297,0.000488,0.021901,-0.069245,0.062460,1.132460,0.930755,1.070000,1.000000,0,10.676558
18943.812042,1.851063,-0.020751,-2.168711,-0.158211,0.551161,-0.003544,-0.000616,0.112771,-0.067695,0.056707,1.086707,0.932305,1.030000,1.000000,0,10.719462
18943.818292,1.855753,-0.021629,-2.298615,-0.172305,0.554405,0.004553,0.002474,-0.053567,-0.062907,0.048850,1.033784,0.935989,0.986633,1.000179,0,10.765246
18943.834772,1.861311,-0.020451,-2.419231,-0.189126,0.556079,0.001271,0.002827,0.082970,-0.055776,0.060781,0.993634,0.940946,0.939987,1.003615,0,10.807746
18943.854762,1.864119,-0.021275,-2.525624,-0.208397,0.559441,0.001423,0.001722,0.072570,-0.049863,0.065446,0.950922,0.948435,0.897134,1.010696,0,10.846352
18943.874762,1.865943,-0.024382,-2.723598,-0.224091,0.562618,0.000788,0.000683,0.027137,-0.047628,0.061567,0.907428,0.956753,0.861468,1.019574,0,10.886835
18943.910565,1.866153,-0.026360,-2.964222,-0.236377,0.566165,0.001364,-0.001982,0.144174,-0.041909,0.066353,0.867153,0.970453,0.820296,1.033410,0,10.926761
18943.916729,1.865489,-0.025763,-3.174962,-0.244866,0.570159,-0.000259,0.002638,-0.090050,-0.040206,0.064982,0.824651,0.984929,0.783488,1.049309,0,10.967009
18943.934756,1.864685,-0.022949,-3.330178,-0.252030,0.574318,0.000521,0.000846,0.008064,-0.041026,0.061911,0.780879,1.001474,0.748073,1.068106,0,11.007761
18943.954761,1.863197,-0.020451,-3.458018,-0.258731,0.578421,0.000641,0.000255,0.007715,-0.044853,0.060644,0.738414,1.018217,0.714277,1.089680,0,11.048516
18943.974754,1.861112,-0.018158,-3.570358,-0.261999,0.582682,0.000341,0.000145,0.003787,-0.044105,0.061411,0.701719,1.040816,0.682319,1.113893,0,11.088932
18944.012804,1.858572,-0.015577,-3.654896,-0.260750,0.587232,0.002699,-0.002139,0.025766,-0.043156,0.059485,0.665162,1.068213,0.652404,1.140588,0,11.129722
18944.019266,1.856166,-0.012816,-3.709309,-0.256659,0.591768,-0.002376,0.001816,-0.025967,-0.043415,0.051120,0.625919,1.102537,0.624724,1.169595,0,11.174503
18944.034767,1.853133,-0.009965,-3.742684,-0.249720,0.593388,-0.000576,-0.000787,-0.023968,-0.049165,0.062639,0.592534,1.126533,0.595492,1.206107,0,11.216266
18944.054769,1.851422,-0.008395,-3.750446,-0.244161,0.597718,-0.000554,-0.000474,-0.021407,-0.049946,0.058920,0.561316,1.163149,0.573244,1.239463,0,11.255155
18944.074757,1.850074,-0.006020,-3.726110,-0.237328,0.600980,-0.000201,-0.000269,-0.011874,-0.047027,0.059551,0.538626,1.200135,0.553741,1.274495,0,11.296416
18944.113781,1.849767,-0.004145,-3.670241,-0.225888,0.602558,-0.000955,0.000262,-0.090387,-0.061302,0.060778,0.503332,1.231534,0.537107,1.310976,0,11.335251
18944.120499,1.850487,-0.002863,-3.593896,-0.218338,0.604942,0.000506,-0.001121,0.049521,-0.059483,0.052370,0.482606,1.280757,0.523450,1.348673,0,11.378047
18944.134757,1.851594,-0.003277,-3.504139,-0.206926,0.602683,-0.000600,-0.001717,-0.037943,-0.060256,0.065823,0.467721,1.313191,0.512115,1.390602,0,11.418382
18944.154755,1.852915,-0.003763,-3.445352,-0.193776,0.603414,-0.000873,-0.001057,-0.046624,-0.065166,0.064720,0.449448,1.356845,0.504918,1.430046,0,11.454650
18944.174728,1.855968,-0.002282,-3.319087,-0.183261,0.603267,-0.000303,-0.000512,-0.022813,-0.065026,0.061814,0.440365,1.400584,0.501117,1.466604,0,11.495432
18944.210152,1.860333,-0.001243,-3.156327,-0.169240,0.601091,-0.004546,0.001364,-0.137263,-0.072768,0.062817,0.427232,1.443849,0.500000,1.506667,0,11.538581
18944.216568,1.865476,-0.000969,-2.982472,-0.155772,0.599289,0.003221,-0.002964,0.058323,-0.083035,0.057764,0.416965,1.492236,0.500000,1.550000,0,11.584455
18944.234764,1.870829,-0.002899,-2.842308,-0.142800,0.596524,-0.000145,-0.001998,-0.060238,-0.088323,0.059804,0.411677,1.536862,0.500000,1.596667,0,11.630995
18944.254757,1.877343,-0.002420,-2.676338,-0.125918,0.594705,-0.000198,-0.000906,-0.045166,-0.096522,0.058214,0.403478,1.585119,0.500000,1.643333,0,11.678294
18944.274755,1.885361,0.000160,-2.432609,-0.109771,0.592669,-0.000230,-0.001046,-0.050050,-0.101640,0.057768,0.398360,1.632232,0.500000,1.690000,0,11.726807
18944.315442,1.893925,0.001393,-2.180832,-0.093451,0.590988,-0.009345,0.002318,-0.233670,-0.100902,0.059312,0.399098,1.680688,0.500000,1.740000,0,11.775098
18944.321979,1.903267,0.002143,-1.926927,-0.074164,0.588404,0.009667,-0.005584,0.110386,-0.098845,0.041299,0.401155,1.745368,0.500000,1.786667,0,11.830996
18944.334755,1.916243,-0.001007,-1.682079,-0.050159,0.581927,-0.000643,-0.005516,-0.154188,-0.096682,0.064679,0.403318,1.778654,0.500000,1.843333,0,11.881920
18944.354755,1.922193,0.000678,-1.545125,-0.031631,0.581472,0.000019,-0.002370,-0.126105,-0.091378,0.064957,0.408622,1.828376,0.500000,1.893333,0,11.925206
18944.374756,1.932577,0.008513,-1.168105,-0.016384,0.579918,0.000250,-0.001041,-0.052872,-0.089923,0.059881,0.410077,1.876786,0.500000,1.936667,0,11.974025
18944.411457,1.942973,0.011985,-0.763471,-0.006987,0.578340,-0.007996,0.002987,-0.182895,-0.078735,0.060751,0.421265,1.925916,0.500000,1.986667,0,12.023235
18944.417045,1.953219,0.011121,-0.452080,0.000757,0.576276,0.007360,-0.003708,0.099298,-0.072654,0.059126,0.427346,1.974207,0.500000,2.033333,0,12.072347
18944.434775,1.963318,0.007610,-0.265541,0.003357,0.574203,0.001541,-0.001112,-0.020168,-0.068375,0.058814,0.431625,2.024519,0.500000,2.083333,0,12.121957
18944.454761,1.973335,0.005984,-0.126747,-0.000906,0.572246,0.000535,0.000098,0.005188,-0.059695,0.057844,0.440305,2.075489,0.500000,2.133333,0,12.172975
18944.474744,1.983189,0.003559,-0.055565,-0.007879,0.569607,0.000484,0.000470,0.024097,-0.049237,0.058585,0.450763,2.124749,0.500000,2.183333,0,12.223846
18944.511667,1.992680,0.000350,-0.063074,-0.015638,0.565457,-0.006715,0.000539,0.074514,-0.044721,0.063501,0.455279,2.173166,0.500000,2.236667,0,12.273393
18944.518990,2.001729,-0.002751,-0.137034,-0.028086,0.560939,0.007675,0.001937,-0.004248,-0.037681,0.054226,0.462319,2.232441,0.500000,2.286667,0,12.326791
18944.534767,2.012334,-0.003254,-0.214173,-0.047813,0.555120,0.001160,0.003265,0.117005,-0.031544,0.064435,0.468456,2.275565,0.500000,2.340000,0,12.378422
18944.554757,2.018983,-0.007082,-0.340541,-0.071825,0.550991,0.001026,0.001656,0.081383,-0.031227,0.063283,0.468773,2.326717,0.500000,2.390000,0,12.426599
18944.574757,2.025717,-0.014807,-0.684801,-0.098609,0.546287,0.001236,0.001785,0.086234,-0.028586,0.059006,0.471414,2.377661,0.500000,2.436667,0,12.477222
18944.614471,2.031141,-0.019269,-1.073689,-0.127171,0.541979,-0.001153,-0.002730,0.380568,-0.026083,0.058402,0.473917,2.431598,0.500000,2.490000,0,12.529131
18944.621940,2.035069,-0.021620,-1.476982,-0.158492,0.538594,0.003895,0.006656,-0.155824,-0.017693,0.048340,0.480098,2.493295,0.501608,2.540062,0,12.585503
18944.634768,2.038791,-0.018120,-1.848726,-0.194414,0.534510,0.003017,0.004668,0.087742,-0.008978,0.061829,0.488645,2.537374,0.509364,2.596316,0,12.638356
18944.654763,2.039431,-0.018901,-2.109171,-0.225943,0.531457,0.001657,0.000915,0.039318,-0.010436,0.064580,0.493348,2.589549,0.522449,2.648138,0,12.685790
18944.674745,2.034696,-0.023254,-2.590720,-0.248429,0.528188,0.001536,0.000712,0.027223,-0.015992,0.060664,0.500307,2.642250,0.538381,2.692113,0,12.734195
18944.713159,2.028159,-0.020897,-2.990295,-0.267438,0.526618,0.010376,-0.006729,0.218679,-0.012211,0.057317,0.521972,2.692704,0.559929,2.737355,0,12.783888
18944.718757,2.019667,-0.015383,-3.301981,-0.283227,0.525335,-0.008276,0.007570,-0.170844,-0.016043,0.050934,0.544066,2.747019,0.585897,2.780212,0,12.836596
18944.734761,2.008192,-0.006300,-3.552317,-0.292593,0.522476,0.001551,0.000646,0.015331,-0.027622,0.063253,0.554298,2.789372,0.616025,2.820255,0,12.882253
18944.754760,1.999445,-0.000801,-3.672509,-0.299037,0.523020,0.001258,0.000353,0.009475,-0.023714,0.054813,0.592030,2.832929,0.647630,2.854733,0,12.926732
18944.774750,1.987007,0.005068,-3.786346,-0.300000,0.521955,0.000482,0.000114,0.000560,-0.033634,0.057453,0.616584,2.875577,0.682319,2.886107,0,12.973950
18944.811083,1.973404,0.009974,-3.864905,-0.300000,0.523545,0.012432,-0.001829,0.023219,-0.043139,0.056061,0.649182,2.918413,0.719788,2.914103,0,13.017823
18944.816676,1.960072,0.013911,-3.908664,-0.300000,0.526608,-0.009821,0.001632,-0.015024,-0.058790,0.059542,0.676163,2.959262,0.756784,2.936859,0,13.059564
18944.834762,1.946319,0.016332,-3.932281,-0.300000,0.530397,-0.000929,0.000152,0.000420,-0.074293,0.060635,0.706577,2.997385,0.792569,2.954942,0,13.096928
18944.854764,1.932916,0.017360,-3.941726,-0.300000,0.535213,0.000649,0.000176,0.001351,-0.084315,0.053816,0.750371,3.031042,0.829688,2.970100,0,13.137110
18944.874735,1.920221,0.017182,-3.943360,-0.300000,0.539183,-0.000041,0.000004,-0.001212,-0.098175,0.056901,0.787085,3.061888,0.867902,2.982235,0,13.177612
18944.909307,1.907339,0.015830,-3.944534,-0.295502,0.543892,0.008459,0.001688,-0.006315,-0.109267,0.055104,0.832493,3.088374,0.906966,2.991268,0,13.216573
18944.914857,1.895572,0.014022,-3.941138,-0.287309,0.548241,-0.008877,-0.002003,-0.003756,-0.120239,0.055594,0.874437,3.109935,0.943306,2.996775,0,13.256104
18944.934759,1.883757,0.011604,-3.939710,-0.269410,0.552676,-0.001131,-0.000491,-0.017829,-0.129622,0.061778,0.917218,3.127206,0.983293,2.999721,0,13.295587
18944.954735,1.874542,0.010327,-3.907410,-0.245536,0.557828,-0.000988,-0.000660,-0.027686,-0.142243,0.049189,0.964144,3.142243,1.013333,3.000000,1,13.343123
18944.974764,1.868330,0.010118,-3.827956,-0.217401,0.565293,-0.001423,-0.001123,-0.046576,-0.152894,0.051376,1.008624,3.152894,1.060000,3.000000,1,13.393542
18945.013892,1.865003,0.010838,-3.683651,-0.184193,0.571794,-0.004327,-0.000887,-0.358149,-0.160446,0.057931,1.055402,3.160446,1.113333,3.000000,1,13.440127
18945.019738,1.863608,0.009296,-3.524957,-0.151308,0.577342,-0.003359,-0.009926,-0.031358,-0.163371,0.053567,1.106433,3.163371,1.160000,3.000000,1,13.488111
18945.034773,1.861872,0.003693,-3.403844,-0.112871,0.580996,-0.003954,-0.008328,-0.263015,-0.161866,0.062492,1.144175,3.161866,1.206667,3.000000,1,13.532294
18945.054763,1.864348,0.010606,-3.122880,-0.080917,0.585702,-0.000740,-0.002031,-0.099926,-0.161395,0.061989,1.188011,3.161395,1.250000,3.000000,1,13.574045
18945.074760,1.873274,0.024040,-2.395925,-0.061342,0.586497,0.000015,-0.001249,-0.063593,-0.155048,0.062028,1.231305,3.155048,1.293333,3.000000,1,13.617589
18945.111979,1.883129,0.022956,-1.772051,-0.041667,0.585650,-0.009623,0.006655,-0.328300,-0.149434,0.061411,1.275256,3.149434,1.336667,3.000000,1,13.661218
18945.117851,1.892889,0.017758,-1.270293,-0.029521,0.582970,0.009252,-0.008698,0.209888,-0.138458,0.051951,1.328049,3.138458,1.380000,3.000000,1,13.710057
18945.134773,1.905253,0.008700,-0.907573,-0.018533,0.577528,-0.000514,-0.001270,-0.063153,-0.130628,0.064353,1.365647,3.130628,1.430000,3.000000,1,13.756471
18945.154760,1.913561,0.007851,-0.689519,-0.010134,0.576829,0.000196,-0.000681,-0.032313,-0.121227,0.063358,1.409975,3.121227,1.473333,3.000000,1,13.798514
18945.174760,1.924092,0.007397,-0.445696,-0.001385,0.575277,0.000387,-0.000830,-0.037546,-0.110094,0.060201,1.456465,3.110094,1.516667,3.000000,1,13.844075
18945.210474,1.934630,0.006607,-0.257938,0.009134,0.572071,-0.007239,0.000954,-0.127963,-0.098152,0.061064,1.502270,3.098152,1.563333,3.000000,1,13.890571
18945.216992,1.944832,0.007112,-0.076261,0.019054,0.568410,0.008892,-0.002923,0.060602,-0.084622,0.052543,1.557457,3.084622,1.610000,3.000000,1,13.941068
18945.234760,1.956784,0.005437,0.066581,0.027544,0.562280,0.000053,-0.002043,-0.072775,-0.072383,0.061648,1.598352,3.072383,1.660000,3.000000,1,13.990543
18945.254773,1.964601,0.006366,0.180673,0.035789,0.559774,0.000684,-0.001177,-0.058845,-0.062086,0.065390,1.644610,3.062086,1.710000,3.000000,1,14.035718
18945.274761,1.973628,0.008295,0.338831,0.042085,0.555573,0.000563,-0.000504,-0.023607,-0.050400,0.061900,1.691433,3.050400,1.753333,3.000000,1,14.082803
18945.314444,1.982063,0.009308,0.509477,0.048131,0.550685,-0.006664,0.001466,-0.108446,-0.039460,0.061761,1.738239,3.039460,1.800000,3.000000,1,14.130862
18945.321339,1.989996,0.009007,0.647102,0.054612,0.546398,0.008177,-0.002779,0.058157,-0.025261,0.048625,1.801375,3.025261,1.850000,3.000000,1,14.185737
18945.334760,2.000526,0.006852,0.766194,0.059665,0.539950,0.000197,-0.001101,-0.036650,-0.015041,0.070792,1.832542,3.015041,1.903333,3.000000,1,14.234267
18945.354761,2.004835,0.007079,0.822753,0.068756,0.541995,0.000764,-0.000768,-0.040547,-0.005815,0.071428,1.881906,3.005815,1.953333,3.000000,1,14.276187
18945.374759,2.011425,0.008884,0.954871,0.072841,0.540884,0.000469,-0.000305,-0.014351,0.002602,0.062936,1.930398,2.997398,1.993333,3.000000,1,14.324776
18945.411280,2.017475,0.009177,1.086858,0.074058,0.538835,-0.003942,0.001445,-0.047962,0.010483,0.062721,1.980613,2.989517,2.043333,3.000000,1,14.374660
18945.417364,2.023320,0.007887,1.177637,0.074247,0.535687,0.005232,-0.001608,0.038529,0.019833,0.055702,2.037631,2.980167,2.093333,3.000000,1,14.428498
18945.434768,2.030117,0.005787,1.236230,0.070755,0.529666,0.000331,0.000848,0.022026,0.024739,0.066466,2.080201,2.975261,2.146667,3.000000,1,14.479145
18945.454753,2.034629,0.004585,1.255214,0.065230,0.528345,0.000618,0.000483,0.027651,0.029409,0.066007,2.130660,2.970591,2.196667,3.000000,1,14.526662
18945.474756,2.040105,0.001813,1.225675,0.056729,0.524460,0.000510,0.000495,0.027824,0.033190,0.065203,2.181463,2.966810,2.246667,3.000000,1,14.577313
18945.509085,2.045418,-0.001089,1.138363,0.047959,0.519204,-0.002661,-0.000130,0.093353,0.035572,0.064523,2.232144,2.964428,2.296667,3.000000,1,14.628415
18945.514989,2.050598,-0.003276,1.017513,0.038771,0.514026,0.003706,0.001686,-0.034946,0.036548,0.063740,2.282927,2.963452,2.346667,3.000000,1,14.679251
18945.534759,2.055639,-0.002972,0.922147,0.028102,0.507883,0.000708,0.000778,0.045345,0.036108,0.062117,2.334549,2.963892,2.396667,3.000000,1,14.730348
18945.554732,2.060540,-0.005893,0.756388,0.018004,0.501384,0.000688,0.000597,0.033498,0.034622,0.063839,2.386161,2.965378,2.450000,3.000000,1,14.782448
18945.574779,2.065122,-0.007489,0.567217,0.008514,0.495746,0.000687,0.000531,0.031119,0.032009,0.062333,2.437667,2.967991,2.500000,3.000000,1,14.834203
18945.608027,2.069401,-0.007972,0.383466,-0.001100,0.489410,-0.001476,-0.001151,0.111898,0.028483,0.064928,2.488405,2.971517,2.553333,3.000000,1,14.885015
18945.614732,2.073230,-0.008075,0.207100,-0.009106,0.483402,0.002582,0.002655,-0.046376,0.021857,0.066465,2.536868,2.978143,2.603333,3.000000,1,14.934756
18945.634734,2.076746,-0.006196,0.084013,-0.018299,0.478710,0.000744,0.000561,0.033822,0.018110,0.063524,2.589809,2.981890,2.653333,3.000000,1,14.985544
18945.654735,2.079886,-0.007703,-0.086751,-0.021747,0.472536,0.000685,0.000208,0.011456,0.014523,0.061783,2.641550,2.985477,2.703333,3.000000,1,15.038095
18945.674734,2.082567,-0.007108,-0.229517,-0.023298,0.466869,0.000564,0.000101,0.005326,0.013882,0.065322,2.691345,2.986118,2.756667,3.000000,1,15.089277
18945.710225,2.084771,-0.005374,-0.321964,-0.022983,0.461939,-0.000458,-0.001171,0.017016,0.012288,0.065157,2.741510,2.987712,2.806667,3.000000,1,15.139280
18945.716878,2.086664,-0.003442,-0.371038,-0.022256,0.458057,0.001339,0.000796,-0.014342,0.010864,0.065003,2.791664,2.989136,2.856667,3.000000,1,15.189638
18945.734756,2.088369,-0.001985,-0.392120,-0.021678,0.455288,0.000736,-0.000071,-0.005456,0.008110,0.064202,2.842465,2.991890,2.906667,3.000000,1,15.240429
18945.754760,2.089915,-0.000945,-0.395562,-0.021287,0.453317,0.000682,-0.000245,-0.008143,0.007370,0.067301,2.892699,2.992630,2.960000,3.000000,1,15.291373
18945.774763,2.091366,-0.000490,-0.394672,-0.019168,0.452235,0.000683,-0.000171,-0.010166,0.005134,0.064620,2.945380,2.994866,3.010000,3.000000,1,15.342754
18945.807604,2.092758,0.000304,-0.377813,-0.016725,0.450862,0.000065,-0.000014,-0.024361,0.002005,0.063849,2.996151,2.997995,3.060000,3.000000,1,15.394500
18945.814729,2.093852,0.001042,-0.345117,-0.016297,0.450584,0.000771,-0.000185,0.013645,0.001396,0.067834,3.045499,2.998604,3.113333,3.000000,1,15.444640
18945.834754,2.094838,0.000994,-0.318723,-0.014463,0.450936,0.000420,-0.000457,-0.015023,-0.001164,0.066772,3.096562,3.001164,3.163333,3.000000,1,15.494234
18945.854753,2.095882,0.000725,-0.301081,-0.013060,0.450663,0.000448,-0.000828,-0.026871,-0.003874,0.065347,3.147986,3.003874,3.213333,3.000000,1,15.545274
18945.874754,2.096935,0.000370,-0.292501,-0.011901,0.449887,0.000523,-0.000219,-0.013326,-0.006546,0.063433,3.199900,3.006546,3.263333,3.000000,1,15.597286
18945.906661,2.098015,0.001031,-0.265425,-0.011031,0.449327,0.000146,0.000178,-0.015674,-0.009275,0.066606,3.250061,3.009275,3.316667,3.000000,1,15.648503
18945.914756,2.098973,0.001299,-0.232147,-0.010600,0.448705,0.000750,-0.000307,0.008896,-0.011476,0.066257,3.300409,3.011476,3.366667,3.000000,1,15.698683
18945.934756,2.099912,0.000967,-0.211641,-0.010730,0.447930,0.000499,0.000036,0.000962,-0.012107,0.065908,3.350759,3.012107,3.416667,3.000000,1,15.749250
18945.954756,2.100818,0.000658,-0.198078,-0.010427,0.447233,0.000494,-0.000005,-0.000545,-0.014117,0.065448,3.401218,3.014117,3.466667,3.000000,1,15.800051
18945.974764,2.101668,0.000387,-0.190527,-0.011740,0.446455,0.000449,0.000080,0.004230,-0.017241,0.068929,3.451071,3.017241,3.520000,3.000000,1,15.850679
18946.007738,2.102407,-0.000080,-0.193336,-0.016480,0.446127,0.000368,0.001220,0.058643,-0.018367,0.068621,3.501379,3.018367,3.570000,3.000000,1,15.901184
18946.014776,2.103136,-0.000293,-0.200195,-0.024145,0.445898,0.000728,0.001891,0.039901,-0.020546,0.068123,3.551877,3.020546,3.620000,3.000000,1,15.951330
18946.034755,2.103880,-0.000264,-0.203911,-0.035300,0.445130,0.000775,0.002852,0.094743,-0.020907,0.067561,3.602439,3.020907,3.670000,3.000000,1,16.001255
18946.054758,2.104415,-0.003426,-0.306327,-0.047759,0.443048,0.000636,0.001254,0.071631,-0.021077,0.069448,3.650552,3.021077,3.720000,3.000000,1,16.050466
18946.074753,2.104356,-0.007879,-0.490419,-0.061369,0.440593,0.000678,0.000847,0.044271,-0.021758,0.069966,3.700034,3.021758,3.770000,3.000000,1,16.099505
18946.108433,2.103803,-0.010691,-0.731851,-0.077539,0.438288,0.001924,-0.001383,0.172145,-0.023613,0.066333,3.750333,3.023613,3.816667,3.000000,1,16.149239
18946.114746,2.102593,-0.012206,-0.989962,-0.097851,0.436162,-0.000413,0.004429,-0.062972,-0.023874,0.066798,3.799868,3.023874,3.866667,3.000000,1,16.198648
18946.134762,2.101143,-0.009856,-1.177855,-0.124569,0.435055,0.002284,0.005785,0.190473,-0.022269,0.068215,3.848451,3.022269,3.916667,3.000000,1,16.246842
18946.154756,2.098460,-0.010694,-1.411051,-0.154960,0.433555,0.002090,0.002832,0.141179,-0.020637,0.069527,3.897140,3.020637,3.966667,3.000000,1,16.294372
18946.174761,2.093237,-0.016154,-1.765979,-0.181821,0.431290,0.001345,0.001088,0.051232,-0.016581,0.067230,3.946604,3.018193,4.013367,2.999821,1,16.342438
18946.209262,2.085310,-0.019398,-2.209534,-0.204006,0.429444,0.008775,-0.003818,0.243664,-0.010022,0.067287,3.994416,3.014411,4.060013,2.996385,1,16.389758
18946.215776,2.075648,-0.017750,-2.596289,-0.223254,0.429393,-0.006149,0.005374,-0.148904,-0.004333,0.065941,4.042616,3.006838,4.106134,2.988606,1,16.436595
18946.234761,2.065417,-0.011980,-2.873866,-0.242441,0.429983,0.001233,0.001556,0.042762,-0.002609,0.067458,4.091158,2.998856,4.154508,2.975528,1,16.483829
18946.254761,2.053145,-0.007667,-3.107720,-0.260171,0.430341,0.001200,0.000485,0.017470,-0.004022,0.066390,4.138914,2.989028,4.198267,2.959010,1,16.530401
18946.274759,2.038475,-0.004048,-3.332554,-0.272645,0.431071,0.000692,0.000275,0.009807,-0.002152,0.069330,4.180526,2.973681,4.240291,2.938475,1,16.574748
18946.310533,2.022209,0.000290,-3.511311,-0.278484,0.431656,0.014638,-0.003190,0.075492,-0.011139,0.064834,4.229681,2.961208,4.277438,2.915967,1,16.618248
18946.316249,2.005526,0.004889,-3.642124,-0.284472,0.434540,-0.012307,0.003041,-0.054346,-0.010051,0.066691,4.266711,2.939846,4.312491,2.890320,1,16.661039
18946.334774,1.988091,0.009035,-3.728369,-0.286050,0.438371,-0.001205,0.000250,-0.000641,-0.010882,0.069661,4.302303,2.917692,4.345186,2.861727,1,16.701446
18946.354761,1.970320,0.011808,-3.788550,-0.284199,0.443037,0.000646,0.000171,0.000576,-0.022110,0.063284,4.347421,2.894845,4.373060,2.832906,1,16.742868
18946.374759,1.953621,0.013694,-3.823516,-0.285828,0.448210,-0.000052,0.000020,0.000823,-0.024100,0.064469,4.378812,2.867885,4.398534,2.801944,1,16.783245
18946.410579,1.936514,0.014102,-3.844322,-0.281691,0.453575,0.012799,0.001221,-0.001218,-0.037745,0.067914,4.419025,2.843802,4.423235,2.766218,1,16.821156
18946.416409,1.920732,0.013705,-3.851029,-0.279471,0.460059,-0.011160,-0.001196,-0.000509,-0.035503,0.064771,4.442642,2.808264,4.441648,2.734408,1,16.860177
18946.434761,1.905108,0.012229,-3.850657,-0.271888,0.465537,-0.001973,-0.000637,-0.011761,-0.038391,0.067874,4.467339,2.775800,4.459010,2.698267,1,16.897945
18946.454762,1.890504,0.010150,-3.844158,-0.261390,0.472013,-0.000914,-0.000427,-0.016545,-0.045231,0.067932,4.492780,2.743023,4.472335,2.664012,1,16.933612
18946.474758,1.877655,0.008353,-3.818203,-0.248127,0.479002,-0.000733,-0.000418,-0.015831,-0.042193,0.065696,4.506942,2.703223,4.483107,2.628871,1,16.970703
18946.507785,1.867071,0.006919,-3.760732,-0.229893,0.484539,0.003920,0.001346,-0.086915,-0.044077,0.064688,4.522539,2.664793,4.491268,2.593034,1,17.009226
18946.514756,1.858813,0.005921,-3.665439,-0.208433,0.490246,-0.005412,-0.003505,0.025152,-0.047527,0.063418,4.536805,2.625092,4.496775,2.556694,1,17.047317
18946.534757,1.851773,0.003339,-3.569940,-0.184306,0.496315,-0.001273,-0.001378,-0.061357,-0.052839,0.068899,4.550228,2.587334,4.499721,2.516707,1,17.084763
18946.554760,1.848690,0.005199,-3.356377,-0.161062,0.502636,-0.000734,-0.001213,-0.055853,-0.066907,0.067746,4.566907,2.547746,4.500000,2.480000,1,17.123813
18946.574760,1.848433,0.006465,-3.070949,-0.140980,0.508798,-0.000738,-0.001302,-0.058082,-0.068863,0.062737,4.568863,2.502737,4.500000,2.440000,1,17.166765
18946.609328,1.849995,0.005870,-2.761875,-0.120380,0.511538,-0.003178,0.003021,-0.233720,-0.070777,0.064591,4.570777,2.461257,4.500000,2.396667,1,17.210306
18946.615116,1.853335,0.004970,-2.432724,-0.099410,0.513790,0.002247,-0.006016,0.108675,-0.071971,0.065455,4.571971,2.418788,4.500000,2.353333,1,17.252634
18946.634755,1.857154,0.000544,-2.185452,-0.078874,0.515166,-0.000903,-0.002452,-0.111285,-0.073688,0.065260,4.573688,2.378593,4.500000,2.313333,1,17.294281
18946.654757,1.862490,0.002932,-1.860878,-0.061303,0.516487,-0.000234,-0.001056,-0.052279,-0.071574,0.066115,4.571574,2.336115,4.500000,2.270000,1,17.336018
18946.674757,1.869094,0.005395,-1.480729,-0.046950,0.515789,-0.000004,-0.000900,-0.045107,-0.072331,0.064798,4.572331,2.294798,4.500000,2.230000,1,17.378160
18946.707026,1.876079,0.005401,-1.157461,-0.034797,0.515600,-0.004377,0.001367,-0.144424,-0.070029,0.065623,4.570029,2.252289,4.500000,2.186667,1,17.420935
18946.714752,1.883112,0.004920,-0.886298,-0.025697,0.514644,0.004269,-0.003275,0.057130,-0.064400,0.065282,4.564400,2.208615,4.500000,2.143333,1,17.464703
18946.734758,1.890146,0.002354,-0.714931,-0.017178,0.512836,0.000054,-0.002318,-0.074349,-0.061612,0.065078,4.561612,2.165078,4.500000,2.100000,1,17.508625
18946.754755,1.897226,0.001930,-0.564749,-0.011085,0.510919,0.000186,-0.000876,-0.044955,-0.056079,0.065038,4.556079,2.121705,4.500000,2.056667,1,17.552455
18946.774753,1.904269,0.003200,-0.412077,-0.005120,0.509089,0.000220,-0.000352,-0.018343,-0.051309,0.064433,4.551309,2.077766,4.500000,2.013333,1,17.596159
18946.806845,1.911158,0.004062,-0.258765,-0.000272,0.508212,-0.003538,0.000588,-0.061081,-0.049420,0.060498,4.549420,2.030498,4.500000,1.970000,1,17.641792
18946.814756,1.918064,0.004016,-0.137523,0.004074,0.506482,0.004121,-0.001491,0.022054,-0.052591,0.063682,4.552591,1.987015,4.500000,1.923333,1,17.687839
18946.834757,1.924701,0.002902,-0.063194,0.006441,0.506343,0.000384,-0.000615,-0.019157,-0.047602,0.063256,4.547602,1.939923,4.500000,1.876667,1,17.733463
18946.854758,1.931323,0.002843,0.007924,0.010681,0.505727,0.000223,-0.000453,-0.022575,-0.041870,0.067152,4.541870,1.897152,4.500000,1.830000,1,17.778409
18946.874756,1.937638,0.003288,0.074850,0.017277,0.506676,0.000292,-0.000371,-0.019475,-0.036090,0.065311,4.536090,1.851977,4.500000,1.786667,1,17.822939
18946.907690,1.943930,0.004486,0.166653,0.025113,0.506885,-0.003412,0.000109,-0.073561,-0.029103,0.062762,4.529103,1.806095,4.500000,1.743333,1,17.868986
18946.914770,1.950105,0.005813,0.275983,0.035652,0.506317,0.004093,-0.002070,0.010575,-0.029491,0.063651,4.529491,1.760318,4.500000,1.696667,1,17.915591
18946.934762,1.956145,0.005381,0.356592,0.042953,0.505329,0.000502,-0.000477,-0.026497,-0.027371,0.062354,4.527371,1.712354,4.500000,1.650000,1,17.962942
18946.954760,1.961850,0.008415,0.515428,0.046357,0.503170,0.000423,-0.000208,-0.010535,-0.021006,0.062911,4.521006,1.666245,4.500000,1.603333,1,18.009915
18946.974758,1.967276,0.008673,0.645921,0.046965,0.501901,0.000333,-0.000041,-0.001812,-0.022146,0.066381,4.522146,1.619714,4.500000,1.553333,1,18.056429
18947.009487,1.972500,0.007431,0.727236,0.043246,0.500621,-0.003092,0.001100,0.009679,-0.018152,0.061493,4.518152,1.571493,4.500000,1.510000,1,18.104166
18947.015209,1.977772,0.005195,0.750574,0.037781,0.498952,0.003575,-0.000158,0.012628,-0.013056,0.068031,4.513056,1.528031,4.500000,1.460000,1,18.150718
18947.034759,1.982736,0.003806,0.747578,0.030123,0.498605,0.000482,0.000529,0.029791,-0.009097,0.067389,4.509097,1.480722,4.500000,1.413333,1,18.196515
18947.054759,1.987946,0.000402,0.668263,0.020160,0.497337,0.000341,0.000620,0.033025,-0.004715,0.063934,4.504715,1.433934,4.500000,1.370000,1,18.243691
18947.074787,1.993061,-0.002430,0.541123,0.008582,0.496130,0.000414,0.000720,0.038609,-0.000823,0.066782,4.500823,1.386782,4.500000,1.320000,1,18.291168
18947.109773,1.998165,-0.004818,0.380771,-0.006254,0.494945,-0.002810,-0.000370,0.157075,-0.003534,0.063888,4.503534,1.337221,4.500000,1.273333,1,18.339639
18947.116023,2.003243,-0.007344,0.182981,-0.027605,0.494056,0.003588,0.003820,-0.031524,-0.003149,0.063213,4.503149,1.289880,4.500000,1.226667,1,18.388377
18947.134759,2.008100,-0.006657,0.027861,-0.053641,0.494394,0.001102,0.003457,0.151092,-0.005014,0.066093,4.505014,1.242759,4.500000,1.176667,1,18.436363
18947.154761,2.012268,-0.013083,-0.260289,-0.083310,0.494684,0.001037,0.001758,0.089048,-0.005296,0.063910,4.505296,1.193910,4.500000,1.130000,1,18.484335
18947.174763,2.015342,-0.020690,-0.730752,-0.110380,0.492697,0.001083,0.001513,0.075615,-0.005991,0.066582,4.505991,1.146582,4.500000,1.080000,1,18.532276
18947.210608,2.017136,-0.023925,-1.200898,-0.136866,0.492309,0.001324,-0.002914,0.314218,-0.011531,0.064891,4.511531,1.098224,4.500000,1.033333,1,18.580307
18947.216250,2.017490,-0.024741,-1.640825,-0.166766,0.494262,0.000859,0.005834,-0.158567,-0.009456,0.066024,4.511374,1.049000,4.499722,0.983328,1,18.628284
18947.234761,2.017455,-0.020733,-1.959556,-0.200368,0.497185,0.001734,0.002367,0.074571,-0.001912,0.064931,4.506094,1.000973,4.495990,0.936804,1,18.675864
18947.254753,2.013984,-0.022951,-2.348642,-0.229190,0.498685,0.001348,0.001047,0.044048,-0.000228,0.064248,4.502186,0.953479,4.487937,0.890831,1,18.722680
18947.274774,2.007592,-0.023325,-2.758406,-0.253261,0.500394,0.001196,0.000732,0.030288,0.004834,0.063594,4.490644,0.907794,4.475631,0.845809,1,18.769193
18947.310674,1.999249,-0.020391,-3.105801,-0.272341,0.501758,0.009963,-0.004856,0.179344,0.001194,0.063567,4.483241,0.860980,4.459181,0.802130,1,18.814977
18947.316342,1.989254,-0.015494,-3.383345,-0.287102,0.502766,-0.007320,0.005097,-0.124485,0.001348,0.063372,4.467944,0.816429,4.438730,0.760176,1,18.859718
18947.334758,1.978392,-0.009111,-3.580552,-0.296296,0.503303,-0.000099,0.000784,0.001172,-0.004010,0.062158,4.454077,0.772615,4.416313,0.723082,1,18.903777
18947.354762,1.965820,-0.003576,-3.730932,-0.300000,0.504642,0.000403,0.000100,0.001775,-0.007788,0.063703,4.434805,0.730090,4.388678,0.685469,1,18.947004
18947.374758,1.952215,0.001413,-3.839716,-0.300000,0.506412,0.000190,0.000026,-0.000701,-0.009579,0.060362,4.408767,0.689801,4.359979,0.652991,1,18.991417
18947.410916,1.938347,0.005679,-3.908642,-0.298700,0.507994,0.011320,-0.001509,0.013859,-0.013494,0.060103,4.382745,0.652445,4.328575,0.623120,1,19.035120
18947.416604,1.924443,0.008816,-3.946989,-0.299865,0.509815,-0.009821,0.001147,-0.010990,-0.022672,0.063236,4.359148,0.615036,4.294701,0.596080,1,19.076129
18947.434773,1.910649,0.010590,-3.964963,-0.300000,0.512186,-0.001034,0.000032,-0.000066,-0.027330,0.059063,4.326098,0.581401,4.261463,0.573811,1,19.117342
18947.454761,1.897153,0.010966,-3.972339,-0.300000,0.513954,-0.000284,-0.000082,-0.001907,-0.037908,0.067269,4.300691,0.548940,4.223571,0.552769,1,19.155141
18947.474760,1.883494,0.010079,-3.976030,-0.300000,0.516504,-0.000299,-0.000098,-0.001908,-0.049190,0.069599,4.273264,0.518564,4.190186,0.537583,1,19.188958
18947.510590,1.870292,0.008363,-3.977354,-0.300000,0.520519,0.009508,0.001988,0.000117,-0.052696,0.060165,4.232738,0.495098,4.158942,0.525935,1,19.226378
18947.516262,1.858084,0.006208,-3.977473,-0.300000,0.524591,-0.008784,-0.001929,-0.002765,-0.060556,0.064218,4.200973,0.472784,4.123763,0.515559,1,19.262772
18947.534770,1.845956,0.003598,-3.980327,-0.300000,0.529085,-0.000194,-0.000012,0.002093,-0.062829,0.058755,4.156806,0.456272,4.087919,0.507790,1,19.299383
18947.554759,1.835625,0.001193,-3.980965,-0.300000,0.534002,0.000246,0.000059,0.001304,-0.069992,0.063203,4.121689,0.439574,4.051601,0.502670,1,19.335799
18947.574760,1.825614,-0.001370,-3.985193,-0.300000,0.538660,0.000685,0.000194,0.002828,-0.072861,0.060140,4.077304,0.429202,4.015005,0.500225,1,19.370682
18947.610689,1.816705,-0.003665,-3.990010,-0.300000,0.542551,0.007171,0.001735,0.008976,-0.076930,0.063201,4.038137,0.420873,3.978329,0.500470,1,19.406250
18947.616412,1.807957,-0.005934,-3.998090,-0.300000,0.545908,-0.005517,-0.001304,-0.004713,-0.082088,0.058694,3.994406,0.414987,3.945083,0.503025,1,19.441037
18947.634761,1.799983,-0.007864,-4.005650,-0.300000,0.548730,-0.000524,-0.000111,-0.000083,-0.086827,0.063259,3.955161,0.411479,3.908800,0.508388,1,19.474953
18947.654758,1.792125,-0.009741,-4.015209,-0.297215,0.550381,0.000341,0.000032,-0.000791,-0.088633,0.058084,3.910574,0.415307,3.876237,0.515559,1,19.509230
18947.674763,1.785157,-0.011214,-4.020604,-0.293341,0.551549,-0.000182,-0.000133,-0.004669,-0.092995,0.057699,3.870078,0.418543,3.844223,0.524886,1,19.545078
18947.710634,1.778366,-0.012490,-4.021698,-0.294362,0.552666,0.004979,0.001075,0.000294,-0.090501,0.060564,3.831402,0.430848,3.809814,0.537583,1,19.579177
18947.716635,1.772039,-0.013770,-4.020130,-0.296092,0.553884,-0.003854,-0.000780,0.002625,-0.097812,0.060045,3.790151,0.437019,3.779417,0.551287,1,19.612404
18947.734762,1.766279,-0.015010,-4.018568,-0.297164,0.556035,-0.000186,-0.000002,0.002526,-0.101748,0.057675,3.749074,0.450034,3.750000,0.566987,1,19.645998
18947.754761,1.760627,-0.016474,-4.022681,-0.292856,0.558110,0.000061,-0.000025,-0.002496,-0.107313,0.059067,3.711035,0.462582,3.721695,0.584613,1,19.678852
18947.774758,1.755446,-0.017569,-4.023401,-0.293218,0.560183,0.000251,0.000099,0.001801,-0.112914,0.059877,3.673079,0.478109,3.694628,0.604086,1,19.710150
18947.810631,1.750738,-0.018551,-4.021110,-0.294902,0.562145,0.003912,0.000907,0.004174,-0.116542,0.058548,3.635623,0.499219,3.668919,0.625320,1,19.743701
18947.816338,1.746131,-0.019771,-4.025095,-0.290518,0.563761,-0.003277,-0.000828,-0.004645,-0.118950,0.062134,3.603868,0.520376,3.644682,0.648220,1,19.776404
18947.834801,1.741668,-0.020772,-4.027943,-0.289280,0.566707,-0.000249,-0.000112,-0.003101,-0.122089,0.055246,3.568904,0.548113,3.624218,0.670170,1,19.808431
18947.854758,1.738056,-0.021318,-4.022583,-0.293312,0.569867,0.000211,0.000125,0.003936,-0.122998,0.057957,3.540670,0.575146,3.603070,0.695950,1,19.841427
18947.874758,1.734538,-0.022199,-4.020888,-0.293154,0.573207,0.000167,-0.000034,-0.002397,-0.124939,0.056941,3.511196,0.606476,3.583687,0.723082,1,19.874646
18947.907834,1.731322,-0.023177,-4.026367,-0.287177,0.574219,0.001500,0.000131,-0.013771,-0.122862,0.060128,3.489441,0.638197,3.566156,0.751445,1,19.907569
18947.914753,1.728589,-0.023493,-4.020564,-0.275442,0.576478,-0.001990,-0.000861,-0.006332,-0.119044,0.063557,3.471396,0.671622,3.550554,0.780914,1,19.938396
18947.934755,1.726210,-0.023830,-4.009991,-0.256983,0.578987,-0.000967,-0.000681,-0.026088,-0.114013,0.065019,3.457853,0.704506,3.538220,0.808273,1,19.968376
18947.954757,1.726152,-0.021490,-3.929454,-0.240049,0.583441,-0.000655,-0.000664,-0.026923,-0.114074,0.063285,3.440477,0.739182,3.527549,0.836323,1,19.998665
18947.974756,1.728112,-0.019093,-3.802113,-0.222386,0.588601,-0.000850,-0.000774,-0.030883,-0.113771,0.060158,3.425285,0.776313,3.518580,0.864962,1,20.030813
18948.008440,1.731584,-0.017081,-3.636723,-0.207121,0.593696,-0.004589,0.000560,-0.132011,-0.103817,0.064543,3.422296,0.812867,3.510651,0.897349,1,20.063003
18948.014752,1.736329,-0.015894,-3.449164,-0.189257,0.597405,0.002902,-0.002963,0.059013,-0.102341,0.060979,3.413049,0.851605,3.505374,0.926893,1,20.096302
18948.034756,1.741628,-0.017317,-3.299964,-0.170596,0.600569,-0.001065,-0.001158,-0.051544,-0.098148,0.062118,3.408734,0.890256,3.501601,0.960022,1,20.131229
18948.054758,1.749521,-0.013905,-3.053362,-0.151996,0.601939,-0.000830,-0.001091,-0.046999,-0.093257,0.065646,3.407194,0.930399,3.500011,0.996665,1,20.168596
18948.074764,1.758633,-0.011515,-2.781367,-0.133008,0.601405,-0.000231,-0.001148,-0.053228,-0.094398,0.061550,3.405602,0.971784,3.500000,1.033333,1,20.209265
18948.109527,1.769180,-0.009664,-2.502193,-0.109830,0.600173,-0.008558,0.000536,-0.227327,-0.088900,0.060917,3.411100,1.012416,3.500000,1.073333,1,20.250343
18948.115197,1.780498,-0.006920,-2.193582,-0.081809,0.598756,0.007595,-0.004772,0.077100,-0.083609,0.063514,3.416391,1.053152,3.500000,1.116667,1,20.291094
18948.134760,1.791768,-0.008091,-1.962908,-0.049037,0.597822,-0.000146,-0.002627,-0.126342,-0.078598,0.062320,3.421402,1.094346,3.500000,1.156667,1,20.332517
18948.154760,1.804556,0.002110,-1.507810,-0.017267,0.594626,0.000372,-0.002001,-0.098491,-0.071640,0.059966,3.428360,1.136701,3.500000,1.196667,1,20.374732
18948.174761,1.817758,0.009858,-0.970706,0.015533,0.590683,0.000463,-0.002059,-0.100502,-0.059576,0.061722,3.440424,1.178278,3.500000,1.240000,1,20.417454
18948.209215,1.830352,0.015421,-0.429788,0.049379,0.586456,-0.007585,0.000565,-0.364877,-0.051557,0.062426,3.448443,1.220908,3.500000,1.283333,1,20.460847
18948.214740,1.842020,0.020464,0.111948,0.079559,0.580865,0.008969,-0.005368,0.176289,-0.044170,0.062417,3.455830,1.264250,3.500000,1.326667,1,20.504953
18948.234758,1.853544,0.018808,0.492242,0.112953,0.576163,0.001328,-0.002186,-0.108798,-0.034659,0.062842,3.465341,1.307158,3.500000,1.370000,1,20.548755
18948.254751,1.862282,0.027438,1.030636,0.141176,0.569867,0.001223,-0.001445,-0.065968,-0.026727,0.062449,3.473273,1.350885,3.500000,1.413333,1,20.592459
18948.274752,1.869160,0.031851,1.555777,0.167170,0.564830,0.001371,-0.001576,-0.066882,-0.019813,0.059456,3.480187,1.397211,3.500000,1.456667,1,20.638314
18948.311527,1.874431,0.032955,2.001289,0.195973,0.562257,-0.000503,0.002257,-0.304795,-0.021818,0.061363,3.478582,1.441834,3.499989,1.503342,1,20.685270
18948.316891,1.877497,0.033569,2.408092,0.219852,0.558808,0.002725,-0.004147,0.176078,-0.013370,0.059418,3.490134,1.489590,3.497489,1.550048,1,20.731996
18948.334762,1.880033,0.030446,2.709840,0.247552,0.557907,0.001919,-0.001909,-0.036386,-0.013090,0.060534,3.489452,1.534394,3.490636,1.596316,1,20.777583
18948.354761,1.879235,0.030333,3.014139,0.268928,0.556767,0.001271,-0.000673,-0.024684,-0.012995,0.058666,3.483657,1.581797,3.479489,1.641741,1,20.823648
18948.374760,1.875660,0.029447,3.313992,0.285275,0.555035,0.001237,-0.000520,-0.016978,-0.005430,0.060064,3.481441,1.628149,3.464146,1.685925,1,20.869404
18948.411434,1.870618,0.026470,3.556798,0.295555,0.553626,0.006957,0.003742,-0.117455,-0.004540,0.057125,3.467972,1.672472,3.446259,1.725505,1,20.913490
18948.417120,1.864120,0.022461,3.744424,0.300000,0.552771,-0.006326,-0.004449,0.104135,0.004380,0.052822,3.455067,1.723838,3.423235,1.766218,1,20.960479
18948.434757,1.855562,0.016851,3.893499,0.300000,0.550708,0.001089,0.000261,-0.004909,0.005115,0.061882,3.438262,1.758644,3.396507,1.804602,1,21.003939
18948.454761,1.849390,0.013509,3.959677,0.299404,0.552215,0.000249,-0.000004,0.002391,0.019254,0.064798,3.426555,1.803108,3.368576,1.837864,1,21.042013
18948.474757,1.841396,0.009967,4.011962,0.294454,0.554026,0.000167,0.000019,0.003457,0.022109,0.055037,3.397986,1.842394,3.342761,1.864026,1,21.083884
18948.511201,1.833759,0.007092,4.032013,0.289087,0.556067,0.005842,0.000619,0.016569,0.031392,0.060021,3.376434,1.879838,3.309875,1.892400,1,21.125539
18948.517315,1.826338,0.005228,4.030047,0.278790,0.558538,-0.006552,0.000011,-0.005775,0.035986,0.050965,3.339804,1.917625,3.277438,1.915967,1,21.167909
18948.534760,1.817920,0.004537,4.012810,0.265889,0.559888,-0.000445,0.001005,0.031442,0.041476,0.063321,3.315752,1.944416,3.240291,1.938475,1,21.207519
18948.554761,1.813385,0.004154,3.981737,0.253704,0.563710,-0.000839,0.000694,0.028814,0.045807,0.063433,3.281002,1.972194,3.204386,1.956318,1,21.243140
18948.574758,1.809328,0.003244,3.908198,0.241228,0.567699,-0.000369,0.000397,0.017470,0.052437,0.058778,3.246769,1.997742,3.173450,1.968951,1,21.280639
18948.609918,1.807200,0.002658,3.796960,0.227903,0.571933,-0.000195,-0.001536,0.104855,0.058680,0.062816,3.211670,2.020831,3.135318,1.981341,1,21.317558
18948.615245,1.806551,0.002941,3.667534,0.213176,0.576241,-0.000337,0.002741,-0.058154,0.064141,0.061782,3.172913,2.040531,3.099593,1.989981,1,21.354836
18948.634757,1.806641,0.005144,3.556540,0.195282,0.579604,-0.000544,0.001062,0.044321,0.068891,0.061807,3.133364,2.056480,3.063330,1.995973,1,21.392718
18948.654755,1.809513,0.004235,3.380413,0.172603,0.582593,-0.000419,0.001130,0.052801,0.073033,0.062697,3.093235,2.068863,3.026724,1.999285,1,21.431084
18948.674754,1.814610,0.002559,3.142241,0.147805,0.585658,-0.000260,0.001332,0.064403,0.078158,0.064755,3.051422,2.078158,2.986667,2.000000,1,21.471566
18948.710270,1.821767,0.000590,2.848754,0.122355,0.587811,-0.006499,-0.001996,0.269277,0.084455,0.064687,3.011354,2.084455,2.946667,2.000000,1,21.513637
18948.715855,1.830834,-0.001528,2.504604,0.096411,0.588653,0.006199,0.005517,-0.113531,0.087787,0.065214,2.968547,2.087787,2.903333,2.000000,1,21.555784
18948.734754,1.839990,0.001164,2.236627,0.072913,0.586231,0.000132,0.003207,0.131792,0.088145,0.063401,2.926735,2.088145,2.863333,2.000000,1,21.598073
18948.754752,1.850532,-0.003246,1.872939,0.052927,0.581324,0.000514,0.004387,0.133947,0.085583,0.064666,2.884666,2.085583,2.820000,2.000000,1,21.640229
18948.774749,1.861998,-0.004263,1.497287,0.034642,0.572644,0.000546,0.002377,0.120166,0.080825,0.065475,2.842141,2.080825,2.776667,2.000000,1,21.682260
18948.808976,1.873153,-0.006868,1.140906,0.020345,0.562644,-0.006259,0.001084,0.280545,0.075020,0.064207,2.800874,2.075020,2.736667,2.000000,1,21.723614
18948.814752,1.883916,-0.006139,0.832795,0.012136,0.552644,0.007776,0.005695,-0.029427,0.066553,0.064246,2.757580,2.066553,2.693333,2.000000,1,21.765795
18948.834760,1.894416,-0.002244,0.685384,0.009955,0.542644,0.000762,0.000799,0.034935,0.057727,0.060889,2.714222,2.057727,2.653333,2.000000,1,21.809468
18948.854757,1.903887,-0.005064,0.451937,0.020946,0.532644,0.000678,-0.000548,-0.027308,0.049174,0.060229,2.670229,2.049174,2.610000,2.000000,1,21.853831
18948.874761,1.912452,-0.001842,0.359910,0.042426,0.522644,0.000723,-0.001325,-0.066405,0.037493,0.061091,2.624424,2.037493,2.563333,2.000000,1,21.899435
18948.910654,1.919899,0.005140,0.455327,0.068858,0.512644,-0.003389,-0.001514,-0.242482,0.026069,0.058740,2.578740,2.026069,2.520000,2.000000,1,21.945848
18948.916387,1.926002,0.012786,0.708082,0.098256,0.502644,0.004839,-0.003016,0.078564,0.012389,0.060504,2.533031,2.014890,2.473276,1.999285,1,21.992639
18948.934761,1.931648,0.014211,0.935590,0.132259,0.493956,0.002053,-0.002636,-0.101633,0.000026,0.061536,2.487606,2.003645,2.426738,1.994604,1,22.039998
18948.954759,1.934009,0.023457,1.354755,0.165072,0.485163,0.001756,-0.001768,-0.077590,-0.009456,0.064330,2.442286,1.991366,2.377598,1.984786,1,22.087205
18948.974763,1.933650,0.029518,1.854392,0.191071,0.476068,0.001578,-0.001209,-0.051953,-0.015633,0.063451,2.397861,1.977708,2.332834,1.971228,1,22.134930
18949.010589,1.931071,0.031128,2.310450,0.211295,0.468246,0.005576,0.003261,-0.247157,-0.020186,0.062012,2.354280,1.961338,2.289533,1.953545,1,22.182970
18949.016278,1.926466,0.029713,2.688364,0.228160,0.462048,-0.002816,-0.004499,0.156134,-0.021583,0.060522,2.311226,1.943745,2.248073,1.931894,1,22.230052
18949.034759,1.921453,0.025177,2.953301,0.239153,0.456131,0.001008,-0.001062,-0.014265,-0.021191,0.061631,2.268423,1.923590,2.206107,1.904508,1,22.277148
18949.054755,1.914237,0.022292,3.179780,0.243933,0.451144,0.000886,-0.000236,-0.005871,-0.020483,0.062103,2.229742,1.900941,2.169595,1.875276,1,22.323914
18949.074761,1.905577,0.018886,3.358693,0.240902,0.447482,0.000500,0.000027,0.004876,-0.018096,0.061978,2.191636,1.875479,2.135974,1.842761,1,22.369600
18949.110711,1.896631,0.014641,3.468483,0.232166,0.444610,0.007379,0.002360,0.009509,-0.014215,0.058783,2.155187,1.847198,2.107600,1.809875,1,22.415497
18949.116426,1.887973,0.010184,3.508174,0.218729,0.441991,-0.006272,-0.001072,0.016733,-0.011639,0.061313,2.123466,1.816983,2.080362,1.771852,1,22.460155
18949.134758,1.879508,0.007277,3.509957,0.196389,0.439612,-0.001228,0.001116,0.048760,-0.009644,0.064009,2.094973,1.783725,2.056795,1.731451,1,22.503398
18949.154759,1.872908,0.002243,3.404991,0.168501,0.436998,-0.001353,0.004324,0.131865,-0.007086,0.064040,2.069528,1.748515,2.038381,1.692113,1,22.546539
18949.174760,1.867756,-0.000221,3.242234,0.132215,0.434105,-0.001244,0.003079,0.152416,-0.006653,0.064798,2.049402,1.711072,2.023450,1.651327,1,22.589484
18949.210351,1.865296,-0.007217,2.915359,0.092215,0.430682,0.000098,-0.002685,0.436049,-0.002838,0.061936,2.029577,1.672360,2.012857,1.612656,1,22.632297
18949.215756,1.865941,-0.015057,2.375158,0.052215,0.426108,0.000445,0.008686,-0.189895,-0.001345,0.063574,2.015145,1.632715,2.004918,1.569954,1,22.674229
18949.234757,1.866846,-0.011426,1.940792,0.012215,0.421124,-0.000118,0.005312,0.224557,0.004581,0.064660,1.999596,1.591537,2.000715,1.526724,1,22.716715
18949.254755,1.868340,-0.018909,1.319244,-0.027785,0.413659,0.000780,0.002409,0.120873,0.013977,0.067239,1.987998,1.550962,1.999721,1.483293,1,22.760854
18949.274757,1.869877,-0.026610,0.524968,-0.067785,0.406608,0.001104,0.002387,0.115933,0.027314,0.065855,1.977173,1.508644,1.996385,1.439987,1,22.805699
18949.310416,1.870374,-0.030032,-0.207980,-0.107785,0.402071,0.002286,-0.002091,0.457862,0.035434,0.064600,1.967919,1.467642,1.989304,1.397134,1,22.850992
18949.315874,1.869136,-0.032923,-0.878675,-0.144360,0.399949,-0.000026,0.006425,-0.237846,0.040312,0.066312,1.958696,1.427140,1.977551,1.351862,1,22.895968
18949.334769,1.867721,-0.029598,-1.343040,-0.177937,0.401140,0.002266,0.004166,0.151386,0.044393,0.063355,1.945746,1.386412,1.962893,1.310976,1,22.941405
18949.354762,1.863554,-0.033507,-1.812893,-0.205206,0.402436,0.001047,0.001143,0.048341,0.045167,0.065028,1.933270,1.347099,1.943205,1.268549,1,22.985995
18949.374759,1.856239,-0.037879,-2.344811,-0.225981,0.405271,0.000731,0.000814,0.033517,0.043771,0.063993,1.918986,1.308450,1.921446,1.230959,1,23.028511
18949.410490,1.847814,-0.037759,-2.769607,-0.242989,0.409112,0.008799,-0.001638,0.231293,0.039996,0.064134,1.903860,1.270623,1.896507,1.195398,1,23.070254
18949.415902,1.839207,-0.034451,-3.069448,-0.255838,0.413518,-0.004987,0.005288,-0.079279,0.037582,0.062844,1.883338,1.233857,1.868576,1.162136,1,23.112564
18949.434760,1.831263,-0.029193,-3.233951,-0.264797,0.417577,0.000828,0.001361,0.031794,0.033272,0.059592,1.861331,1.198627,1.840320,1.133691,1,23.155118
18949.454763,1.821322,-0.028280,-3.413804,-0.266739,0.420995,0.000836,0.001026,0.027851,0.030584,0.060035,1.835815,1.166558,1.807245,1.105538,1,23.197018
18949.474759,1.811024,-0.026369,-3.548599,-0.264210,0.425076,0.000316,0.000810,0.022388,0.026026,0.062628,1.810264,1.136256,1.771852,1.080362,1,23.237395
18949.510457,1.800847,-0.023992,-3.629356,-0.258550,0.430168,0.006945,-0.000623,0.030101,0.021304,0.062970,1.782664,1.108572,1.737355,1.059929,1,23.275953
18949.515886,1.790771,-0.022074,-3.671496,-0.251073,0.436210,-0.007844,0.000428,-0.016911,0.017651,0.061370,1.753179,1.084877,1.704386,1.043682,1,23.314125
18949.534758,1.780650,-0.021029,-3.690406,-0.240117,0.442536,-0.001527,-0.000603,-0.022892,0.012429,0.060221,1.719766,1.060620,1.667166,1.028772,1,23.353319
18949.554758,1.772700,-0.019393,-3.664461,-0.225783,0.448199,-0.000510,-0.000589,-0.024914,0.005718,0.062490,1.687776,1.038525,1.628871,1.016893,1,23.392169
18949.574758,1.767135,-0.017263,-3.578259,-0.210115,0.454582,-0.001316,-0.002177,-0.062988,-0.000885,0.060437,1.652580,1.019108,1.593034,1.008732,1,23.429540
18949.612620,1.762535,-0.016914,-3.478112,-0.193023,0.460807,-0.001609,-0.003629,-0.283461,-0.008428,0.058129,1.615403,1.001442,1.556694,1.003225,1,23.467666
18949.617979,1.758027,-0.018570,-3.407129,-0.173789,0.466527,-0.005951,-0.006588,-0.061478,-0.017731,0.051408,1.568679,0.984276,1.516707,1.000279,1,23.510358
18949.634774,1.752473,-0.021816,-3.371741,-0.150094,0.469419,-0.002295,-0.005842,-0.174398,-0.024589,0.068032,1.541365,0.975411,1.473333,1.000000,1,23.549208
18949.654764,1.753057,-0.015129,-3.148204,-0.130422,0.476817,-0.003221,-0.008590,-0.250989,-0.034173,0.067383,1.504049,0.965827,1.436667,1.000000,1,23.583686
18949.674762,1.754229,-0.012879,-2.888222,-0.113023,0.483738,-0.005131,-0.012388,-0.360527,-0.041413,0.066301,1.466301,0.958587,1.400000,1.000000,1,23.621898
18949.711688,1.754605,-0.015267,-2.718574,-0.099138,0.490495,-0.010730,-0.013608,-0.720191,-0.047802,0.062259,1.425592,0.952198,1.363333,1.000000,1,23.660988
18949.717433,1.755240,-0.017979,-2.605224,-0.088196,0.496509,-0.002575,-0.013407,-0.221071,-0.055266,0.047488,1.370821,0.944734,1.323333,1.000000,1,23.707137
18949.734763,1.755061,-0.023591,-2.622375,-0.081810,0.499096,-0.001424,-0.003004,-0.115139,-0.058667,0.066108,1.342775,0.941333,1.276667,1.000000,1,23.749275
18949.754764,1.760826,-0.006705,-2.161274,-0.082868,0.506283,-0.000949,-0.001223,-0.034901,-0.062312,0.066704,1.303371,0.937688,1.236667,1.000000,1,23.784695
18949.774752,1.767319,-0.003549,-1.764883,-0.091474,0.512585,-0.001038,0.000728,0.023221,-0.062237,0.064337,1.264337,0.937763,1.200000,1.000000,1,23.824044
18949.811207,1.773227,-0.007205,-1.565987,-0.103777,0.518333,-0.005768,0.002970,0.067278,-0.063137,0.061889,1.221889,0.936863,1.160000,1.000000,1,23.864459
18949.816633,1.779463,-0.013350,-1.540708,-0.118256,0.522604,0.004944,-0.000429,-0.000671,-0.064337,0.062488,1.182488,0.935663,1.120000,1.000000,1,23.905293
18949.834760,1.785952,-0.016646,-1.586974,-0.134829,0.526640,0.001131,0.001320,0.052315,-0.063724,0.059659,1.139659,0.936276,1.080000,1.000000,1,23.946383
18949.854758,1.791626,-0.022766,-1.761112,-0.151493,0.529999,0.001011,0.003119,0.091105,-0.061296,0.056683,1.096683,0.938704,1.040000,1.000000,1,23.988328
18949.874759,1.796951,-0.025135,-1.953947,-0.168919,0.532964,0.001067,0.002382,0.098355,-0.058930,0.056522,1.052784,0.940704,0.996658,1.000011,1,24.029150
18949.911296,1.801287,-0.028101,-2.160525,-0.188638,0.536235,-0.000827,0.001986,0.266154,-0.051939,0.056113,1.008001,0.945274,0.956607,1.001887,1,24.069694
18949.917413,1.804700,-0.029786,-2.396836,-0.209038,0.539685,0.005085,0.005673,-0.026673,-0.045692,0.044464,0.953080,0.954513,0.916835,1.006965,1,24.116013
18949.934751,1.809856,-0.026623,-2.538140,-0.230594,0.540686,0.001428,0.001657,0.069551,-0.039863,0.062280,0.921030,0.962324,0.871129,1.016893,1,24.157633
18949.954726,1.809911,-0.032066,-2.778594,-0.243098,0.543176,0.000879,0.000477,0.016635,-0.035273,0.066213,0.879927,0.974183,0.829688,1.029900,1,24.193348
18949.974716,1.808829,-0.034917,-3.082109,-0.248289,0.543873,0.000452,0.000208,0.006848,-0.035832,0.061208,0.836828,0.985960,0.795614,1.043682,1,24.233506
18950.007133,1.807400,-0.033559,-3.310946,-0.253807,0.547528,0.001642,-0.002064,0.078421,-0.034545,0.061648,0.797170,1.001604,0.759709,1.061525,1,24.273897
18950.014755,1.805726,-0.030604,-3.472205,-0.257343,0.552752,-0.000889,0.002468,-0.054399,-0.035889,0.060954,0.756570,1.018716,0.725349,1.082188,1,24.313923
18950.034756,1.804023,-0.027063,-3.578151,-0.259306,0.558203,0.000372,0.000119,0.002114,-0.037272,0.061326,0.718233,1.038449,0.692755,1.105538,1,24.353870
18950.054757,1.802212,-0.024255,-3.655450,-0.258073,0.563935,0.000202,0.000001,-0.002213,-0.036558,0.063129,0.683969,1.061817,0.662136,1.131424,1,24.393042
18950.074756,1.800551,-0.021592,-3.700920,-0.252649,0.569383,-0.000114,-0.000148,-0.007232,-0.036157,0.060499,0.651123,1.088407,0.635974,1.157239,1,24.431574
18950.106821,1.799275,-0.018978,-3.712139,-0.246478,0.575337,0.000264,-0.000840,-0.024047,-0.034967,0.060072,0.619927,1.118761,0.609680,1.187509,1,24.470656
18950.114780,1.798804,-0.016660,-3.693391,-0.238977,0.580973,-0.000400,0.000017,0.003060,-0.039162,0.059333,0.586715,1.148701,0.585897,1.219788,1,24.510596
18950.134754,1.798641,-0.015484,-3.666998,-0.231118,0.586160,-0.000001,-0.000258,-0.014115,-0.044014,0.058405,0.555215,1.181364,0.564776,1.253869,1,24.550905
18950.154757,1.800097,-0.013507,-3.600915,-0.222655,0.590369,-0.000094,-0.000305,-0.015019,-0.043287,0.060677,0.532730,1.216272,0.546455,1.289533,1,24.590495
18950.174753,1.802308,-0.012262,-3.518084,-0.210163,0.593678,-0.000059,-0.000469,-0.023507,-0.052700,0.065125,0.504214,1.247187,0.531049,1.326550,1,24.628123
18950.207013,1.805765,-0.011057,-3.412830,-0.197274,0.596273,-0.002896,0.000205,-0.093909,-0.050600,0.063005,0.488412,1.286910,0.519574,1.361468,1,24.665935
18950.214755,1.810215,-0.009886,-3.281660,-0.181078,0.596420,0.002399,-0.002456,0.022971,-0.051319,0.063106,0.473457,1.324820,0.510696,1.397134,1,24.703879
18950.234757,1.814992,-0.010657,-3.172034,-0.161357,0.597293,-0.000932,-0.001734,-0.080030,-0.050557,0.063857,0.461965,1.366924,0.504027,1.436670,1,24.742915
18950.254757,1.821628,-0.007349,-2.979925,-0.140832,0.596664,-0.000328,-0.001086,-0.052362,-0.046264,0.057735,0.457603,1.413151,0.500715,1.473276,1,24.785870
18950.274755,1.829990,-0.003439,-2.700341,-0.119485,0.593197,-0.000353,-0.001182,-0.057265,-0.043679,0.058763,0.456321,1.457903,0.500000,1.516667,1,24.830502
18950.306837,1.839088,-0.000874,-2.390847,-0.097959,0.589332,-0.005976,0.000995,-0.204725,-0.042623,0.060003,0.457377,1.503331,0.500000,1.563333,1,24.876253
18950.314756,1.849031,0.001166,-2.057994,-0.075778,0.585551,0.005706,-0.005452,0.048167,-0.047199,0.060117,0.452801,1.546550,0.500000,1.606667,1,24.921762
18950.334754,1.859017,-0.001253,-1.818338,-0.054549,0.583271,-0.000372,-0.002204,-0.108992,-0.048530,0.060251,0.451470,1.593083,0.500000,1.653333,1,24.967026
18950.354754,1.869678,0.003797,-1.465551,-0.037984,0.580849,0.000227,-0.000975,-0.050410,-0.045579,0.059499,0.454421,1.640501,0.500000,1.700000,1,25.013997
18950.374756,1.880833,0.006991,-1.084937,-0.022765,0.578256,0.000284,-0.000858,-0.045249,-0.044892,0.059776,0.455108,1.686890,0.500000,1.746667,1,25.061463
18950.406755,1.891889,0.007817,-0.758370,-0.010069,0.576068,-0.005946,0.001174,-0.145535,-0.042531,0.058221,0.457469,1.735112,0.500000,1.793333,1,25.109840
18950.414753,1.902829,0.007899,-0.482503,0.000577,0.573131,0.006590,-0.003448,0.049201,-0.041522,0.056999,0.458478,1.783001,0.500000,1.840000,1,25.158566
18950.434755,1.913554,0.005543,-0.307796,0.007728,0.570444,0.000397,-0.000417,-0.022814,-0.036910,0.058927,0.463090,1.831073,0.500000,1.890000,1,25.207116
18950.454754,1.923957,0.007106,-0.101856,0.012713,0.568354,0.000352,-0.000279,-0.014579,-0.034256,0.062131,0.465744,1.877869,0.500000,1.940000,1,25.255449
18950.474753,1.934049,0.006758,0.052634,0.013954,0.566607,0.000374,-0.000071,-0.003764,-0.032657,0.061783,0.467343,1.924883,0.500000,1.986667,1,25.303280
18950.508096,1.943941,0.005375,0.150226,0.013616,0.565274,-0.005729,0.000867,-0.014932,-0.030696,0.063111,0.469304,1.973556,0.500000,2.036667,1,25.351430
18950.514795,1.953671,0.003723,0.198791,0.010783,0.563223,0.006471,-0.000326,0.020904,-0.026355,0.061743,0.473645,2.021590,0.500000,2.083333,1,25.400299
18950.534757,1.963200,0.002515,0.219445,0.006236,0.560765,0.000487,0.000272,0.015377,-0.028083,0.062205,0.471917,2.071128,0.500000,2.133333,1,25.449968
18950.554757,1.972495,0.000122,0.182292,-0.003746,0.558008,0.000548,0.000590,0.031482,-0.024730,0.061332,0.475270,2.122001,0.500000,2.183333,1,25.500283
18950.574760,1.981562,-0.002627,0.092650,-0.016892,0.554093,0.000556,0.000772,0.041232,-0.018494,0.061835,0.481506,2.171498,0.500000,2.233333,1,25.550759
18950.609146,1.990176,-0.005795,-0.056694,-0.031395,0.549091,-0.004754,-0.000207,0.148333,-0.021999,0.063108,0.478001,2.220225,0.500000,2.283333,1,25.600565
18950.614749,1.998206,-0.008758,-0.253285,-0.053248,0.544907,0.006047,0.003490,-0.042054,-0.020834,0.063218,0.479166,2.270116,0.500000,2.333333,1,25.650129
18950.634761,2.006037,-0.008161,-0.405114,-0.082442,0.540998,0.001128,0.001709,0.096019,-0.017991,0.063223,0.482009,2.320110,0.500000,2.383333,1,25.699984
18950.654760,2.011981,-0.016928,-0.783043,-0.110977,0.534977,0.001263,0.001461,0.074129,-0.017654,0.062625,0.482346,2.370709,0.500000,2.433333,1,25.750095
18950.674759,2.016298,-0.022037,-1.224919,-0.140268,0.530065,0.001457,0.001569,0.075180,-0.013747,0.060866,0.486253,2.422467,0.500000,2.483333,1,25.801072
18950.710997,2.018797,-0.024189,-1.662917,-0.171095,0.526716,0.002384,-0.002782,0.332943,-0.009155,0.059067,0.488037,2.475073,0.501117,2.533396,1,25.853144
18950.716904,2.019220,-0.024629,-2.084004,-0.202921,0.524031,0.000810,0.005410,-0.168563,-0.002641,0.057290,0.494832,2.527112,0.506965,2.583165,1,25.904853
18950.734760,2.018735,-0.020770,-2.411492,-0.232817,0.520899,0.001808,0.002141,0.043069,-0.005848,0.062297,0.496169,2.576929,0.518659,2.635318,1,25.954082
18950.754756,2.014268,-0.020644,-2.764906,-0.257674,0.517836,0.001532,0.000707,0.027171,-0.010836,0.064221,0.501054,2.627007,0.534621,2.682819,1,26.000407
18950.774757,2.006574,-0.018856,-3.115141,-0.276576,0.515267,0.001271,0.000461,0.016044,-0.012330,0.061876,0.514829,2.675841,0.553741,2.725505,1,26.047015
18950.809971,1.996872,-0.014303,-3.397139,-0.290072,0.513707,0.010655,-0.004706,0.125224,-0.019669,0.059480,0.528446,2.726343,0.576765,2.766218,1,26.094301
18950.815715,1.985630,-0.008360,-3.609054,-0.298176,0.512408,-0.008385,0.004803,-0.093184,-0.018730,0.058261,0.553147,2.769810,0.603493,2.804602,1,26.140670
18950.834767,1.973416,-0.001918,-3.754354,-0.300000,0.511226,0.000163,0.000489,0.001447,-0.029113,0.061228,0.570688,2.815278,0.633691,2.840320,1,26.184667
18950.854753,1.960335,0.003745,-3.851257,-0.300000,0.512077,0.000461,0.000097,-0.000322,-0.036274,0.056555,0.598332,2.859793,0.664608,2.870826,1,26.228410
18950.874759,1.946727,0.008225,-3.913152,-0.300000,0.513814,-0.000028,0.000009,-0.001765,-0.041254,0.056264,0.628296,2.897439,0.698056,2.898534,1,26.272959
18950.910165,1.932599,0.011311,-3.948410,-0.297352,0.514875,0.010611,-0.000314,-0.000298,-0.054703,0.060472,0.653468,2.937342,0.733782,2.923235,1,26.313732
18950.916701,1.918869,0.013087,-3.962231,-0.292778,0.519441,-0.009028,0.000032,-0.002254,-0.058260,0.059325,0.692126,2.969454,0.771517,2.944742,1,26.353849
18950.934762,1.905577,0.013485,-3.963498,-0.285359,0.523198,-0.001525,-0.000283,-0.006234,-0.071091,0.062734,0.722653,3.003149,0.807887,2.961619,1,26.393125
18950.954755,1.893308,0.013056,-3.950123,-0.276351,0.529284,0.000327,-0.000027,-0.005684,-0.075068,0.052455,0.768864,3.029179,0.842316,2.974485,1,26.432875
18950.974758,1.883215,0.012197,-3.917780,-0.267984,0.534149,0.000213,-0.000074,-0.006255,-0.086278,0.056325,0.805578,3.055963,0.880841,2.985594,1,26.472606
18951.015745,1.874354,0.010660,-3.874051,-0.259839,0.540947,0.007350,0.002802,-0.061538,-0.095403,0.056669,0.848952,3.078706,0.920133,2.993580,1,26.510674
18951.023329,1.866503,0.008272,-3.830653,-0.251807,0.547471,-0.008523,-0.004086,0.007974,-0.111900,0.042098,0.909009,3.106560,0.959938,2.998392,1,26.557761
18951.034772,1.855652,0.003723,-3.794320,-0.240109,0.550741,-0.001736,-0.001456,-0.033435,-0.113165,0.069703,0.930297,3.113165,1.000000,3.000000,2,26.601846
18951.054772,1.851540,0.002384,-3.771842,-0.225201,0.558994,-0.000217,-0.000413,-0.020535,-0.126438,0.063475,0.976525,3.126438,1.040000,3.000000,2,26.640810
18951.074758,1.849294,0.003245,-3.651516,-0.211831,0.565329,-0.000594,-0.000654,-0.027109,-0.137754,0.062237,1.017763,3.137754,1.080000,3.000000,2,26.684564
18951.115266,1.848298,0.002832,-3.514744,-0.193101,0.571355,-0.003367,0.000950,-0.224789,-0.147377,0.059117,1.064216,3.147377,1.123333,3.000000,2,26.729219
18951.122801,1.848350,0.000737,-3.385170,-0.176861,0.576725,-0.001366,-0.007249,-0.007575,-0.156284,0.036221,1.130446,3.156284,1.166667,3.000000,2,26.783537
18951.134772,1.848459,-0.004639,-3.285943,-0.154545,0.575631,-0.002371,-0.005006,-0.132750,-0.156207,0.070634,1.152699,3.156207,1.223333,3.000000,2,26.828782
18951.154769,1.849775,-0.003413,-3.192950,-0.130224,0.581929,-0.000960,-0.001617,-0.073373,-0.156243,0.069536,1.197131,3.156243,1.266667,3.000000,2,26.864268
18951.174723,1.856738,0.005654,-2.786555,-0.111310,0.585110,-0.001046,-0.004263,-0.129099,-0.153899,0.060804,1.242529,3.153899,1.303333,3.000000,2,26.908023
18951.208825,1.864226,0.004889,-2.458288,-0.089615,0.585991,-0.007350,0.000956,-0.327993,-0.149631,0.058933,1.287733,3.149631,1.346667,3.000000,2,26.953144
18951.215521,1.873034,0.006500,-2.100085,-0.067191,0.585499,0.006093,-0.005373,0.121897,-0.142992,0.058574,1.334759,3.142992,1.393333,3.000000,2,26.999191
18951.234763,1.882673,0.004494,-1.780335,-0.044630,0.583554,-0.000090,-0.003419,-0.143565,-0.136295,0.055172,1.381495,3.136295,1.436667,3.000000,2,27.045817
18951.254759,1.892938,0.007690,-1.414166,-0.024746,0.581216,0.000088,-0.001482,-0.071708,-0.128452,0.057836,1.425497,3.128452,1.483333,3.000000,2,27.091930
18951.274727,1.903728,0.011383,-0.971361,-0.008435,0.578840,0.000147,-0.001216,-0.058213,-0.117752,0.058876,1.471124,3.117752,1.530000,3.000000,2,27.137488
18951.312562,1.914370,0.011899,-0.593240,0.004262,0.575091,-0.008552,0.000545,-0.257975,-0.106648,0.059156,1.517511,3.106648,1.576667,3.000000,2,27.183676
18951.318405,1.925071,0.009162,-0.333226,0.017032,0.571211,0.009810,-0.006938,0.011809,-0.093630,0.050800,1.572533,3.093630,1.623333,3.000000,2,27.234398
18951.334755,1.937735,0.004168,-0.205778,0.029597,0.564869,0.000433,-0.001574,-0.068604,-0.082809,0.062776,1.610558,3.082809,1.673333,3.000000,2,27.282592
18951.354735,1.945523,0.009834,0.028024,0.039730,0.563203,0.000387,-0.000604,-0.030592,-0.071658,0.065866,1.654134,3.071658,1.720000,3.000000,2,27.325382
18951.374760,1.954566,0.012982,0.326872,0.045699,0.560417,0.000596,-0.000388,-0.019774,-0.059783,0.059557,1.703777,3.059783,1.763333,3.000000,2,27.372273
18951.409849,1.963548,0.012262,0.544049,0.049824,0.554546,-0.005340,0.001752,-0.079485,-0.048182,0.059197,1.750803,3.048182,1.810000,3.000000,2,27.421029
18951.415671,1.971979,0.010513,0.693626,0.054338,0.549321,0.006026,-0.002254,0.042956,-0.035703,0.061702,1.798298,3.035703,1.860000,3.000000,2,27.469144
18951.434766,1.980141,0.008199,0.780906,0.059375,0.544031,0.001127,-0.000688,-0.027586,-0.024689,0.060083,1.846584,3.024689,1.906667,3.000000,2,27.517665
18951.454757,1.987681,0.007967,0.867153,0.063071,0.539063,0.000620,-0.000228,-0.011076,-0.013813,0.061142,1.895525,3.013813,1.956667,3.000000,2,27.567086
18951.474738,1.994505,0.008018,0.962219,0.064935,0.534071,0.000584,-0.000137,-0.006003,-0.004758,0.061423,1.945243,3.004758,2.006667,3.000000,2,27.617341
18951.510940,2.000871,0.007250,1.032827,0.065838,0.529247,-0.003753,0.000869,-0.024685,0.004535,0.061842,1.994824,2.995465,2.056667,3.000000,2,27.667783
18951.516790,2.006813,0.006210,1.080006,0.066064,0.523878,0.004239,-0.000794,0.016555,0.010594,0.063479,2.043187,2.989406,2.106667,3.000000,2,27.717875
18951.534763,2.012517,0.005127,1.106969,0.063077,0.518930,0.001165,0.000574,0.020937,0.017140,0.062335,2.094331,2.982860,2.156667,3.000000,2,27.768182
18951.554761,2.017926,0.004233,1.120093,0.059401,0.513087,0.000670,0.000391,0.021792,0.021895,0.062265,2.144402,2.978105,2.206667,3.000000,2,27.818578
18951.574748,2.023023,0.002399,1.097254,0.053551,0.507959,0.000594,0.000394,0.021121,0.025720,0.060904,2.195762,2.974280,2.256667,3.000000,2,27.869259
18951.610947,2.027834,0.000437,1.035290,0.046807,0.502778,-0.002603,-0.000107,0.074933,0.029175,0.060377,2.246290,2.970825,2.306667,3.000000,2,27.920607
18951.616777,2.032393,-0.001250,0.946443,0.040059,0.496632,0.003213,0.001164,-0.026715,0.029778,0.065373,2.294627,2.970222,2.360000,3.000000,2,27.970885
18951.634770,2.036711,-0.001128,0.875497,0.031159,0.492241,0.001054,0.002337,0.068870,0.031098,0.062955,2.347045,2.968902,2.410000,3.000000,2,28.021716
18951.654736,2.041018,-0.001835,0.791941,0.021965,0.485815,0.000712,0.001118,0.060846,0.032030,0.061754,2.398246,2.967970,2.460000,3.000000,2,28.073089
18951.674759,2.045031,-0.004629,0.650667,0.013535,0.481098,0.000638,0.000543,0.029843,0.030978,0.064093,2.449240,2.969022,2.513333,3.000000,2,28.124273
18951.711294,2.048705,-0.006525,0.470891,0.005755,0.475581,-0.001655,-0.001411,0.113940,0.030185,0.064245,2.499089,2.969815,2.563333,3.000000,2,28.174932
18951.717444,2.051974,-0.006869,0.306104,0.000097,0.469376,0.003256,0.002576,-0.066837,0.022863,0.050023,2.563311,2.977137,2.613333,3.000000,2,28.230734
18951.734757,2.055947,-0.004769,0.179576,-0.008624,0.463085,0.000478,0.002091,0.070840,0.024588,0.068359,2.601641,2.975412,2.670000,3.000000,2,28.283134
18951.754760,2.058066,-0.004484,0.100141,-0.014840,0.462575,0.000715,0.000892,0.049109,0.020339,0.070271,2.653062,2.979661,2.723333,3.000000,2,28.329493
18951.774734,2.060570,-0.006028,-0.031236,-0.018303,0.458696,0.000574,0.000236,0.012410,0.016748,0.063399,2.703267,2.983252,2.766667,3.000000,2,28.379431
18951.813284,2.062663,-0.006351,-0.167452,-0.019085,0.454769,-0.000593,-0.001569,0.045206,0.013906,0.062732,2.753935,2.986094,2.816667,3.000000,2,28.429886
18951.820081,2.064540,-0.004964,-0.254751,-0.019851,0.451289,0.001889,0.001498,-0.029447,0.005181,0.052204,2.817796,2.994819,2.870000,3.000000,2,28.486509
18951.834758,2.066789,-0.002998,-0.306204,-0.022316,0.445497,0.000472,0.000340,0.008793,0.006229,0.071298,2.855369,2.993771,2.926667,3.000000,2,28.538367
18951.854761,2.067741,-0.002519,-0.332689,-0.024648,0.446748,0.000457,0.000127,0.006926,0.002913,0.070448,2.906218,2.997087,2.976667,3.000000,2,28.583701
18951.874784,2.068870,-0.002618,-0.376125,-0.025625,0.446753,0.000445,0.000064,0.003246,-0.000314,0.066709,2.956624,3.000314,3.023333,3.000000,2,28.633654
18951.909833,2.069963,-0.002356,-0.410801,-0.026083,0.446545,-0.000036,-0.000353,0.011480,-0.004641,0.066638,3.006695,3.004641,3.073333,3.000000,2,28.684070
18951.916438,2.070997,-0.001913,-0.433969,-0.027015,0.446651,0.000873,0.000450,-0.004562,-0.007801,0.065664,3.057669,3.007801,3.123333,3.000000,2,28.734750
18951.934763,2.072065,-0.001441,-0.446821,-0.027045,0.446894,0.000477,0.000243,0.005625,-0.011295,0.065291,3.108042,3.011295,3.173333,3.000000,2,28.785032
18951.954759,2.073074,-0.001110,-0.454282,-0.026623,0.447111,0.000424,0.000041,0.001777,-0.014194,0.065188,3.158145,3.014194,3.223333,3.000000,2,28.834692
18951.974728,2.074083,-0.000947,-0.458869,-0.025137,0.446998,0.000370,-0.000081,-0.004911,-0.017245,0.066061,3.207272,3.017245,3.273333,3.000000,2,28.884386
18952.008739,2.075039,-0.000548,-0.455407,-0.023672,0.447158,-0.000115,-0.000059,-0.013178,-0.020041,0.067975,3.255359,3.020041,3.323333,3.000000,2,28.933383
18952.014718,2.075939,-0.000054,-0.440488,-0.022776,0.447771,0.000766,-0.000120,0.005875,-0.023413,0.068672,3.304661,3.023413,3.373333,3.000000,2,28.982544
18952.034753,2.076897,0.000012,-0.427215,-0.023230,0.447945,0.000457,0.000021,0.000378,-0.026173,0.064361,3.355639,3.026173,3.420000,3.000000,2,29.032618
18952.054756,2.077974,-0.000018,-0.416209,-0.024736,0.447960,0.000440,0.000089,0.004586,-0.028774,0.064231,3.405769,3.028774,3.470000,3.000000,2,29.082989
18952.074746,2.078992,-0.000501,-0.418931,-0.027532,0.448456,0.000290,0.000156,0.008575,-0.029386,0.067127,3.452873,3.029386,3.520000,3.000000,2,29.132183
18952.108127,2.079827,-0.001293,-0.440507,-0.030445,0.449537,0.000107,-0.000011,0.027291,-0.031705,0.066201,3.503799,3.031705,3.570000,3.000000,2,29.181063
18952.114755,2.080854,-0.002030,-0.477494,-0.035952,0.450124,0.000778,0.000953,-0.000140,-0.033067,0.066924,3.553076,3.033067,3.620000,3.000000,2,29.230790
18952.134754,2.081775,-0.001918,-0.506757,-0.045154,0.450514,0.000594,0.000526,0.030591,-0.035089,0.065727,3.604273,3.035089,3.670000,3.000000,2,29.281157
18952.154736,2.082566,-0.004696,-0.611764,-0.056589,0.449743,0.000542,0.000605,0.033560,-0.036203,0.067401,3.652599,3.036203,3.720000,3.000000,2,29.330820
18952.174732,2.082916,-0.007034,-0.761006,-0.068707,0.448806,0.000517,0.000654,0.035922,-0.037465,0.070464,3.699536,3.037465,3.770000,3.000000,2,29.378830
18952.208052,2.082762,-0.008721,-0.937553,-0.082133,0.447682,0.001692,-0.000902,0.133979,-0.038382,0.063550,3.753117,3.038382,3.816667,3.000000,2,29.428511
18952.214756,2.082423,-0.010018,-1.136810,-0.098109,0.445444,-0.000072,0.003457,-0.044178,-0.036844,0.067289,3.799377,3.036844,3.866667,3.000000,2,29.477816
18952.234755,2.081550,-0.008321,-1.284690,-0.116709,0.444497,0.000920,0.001206,0.063912,-0.034093,0.070792,3.845874,3.034093,3.916667,3.000000,2,29.524154
18952.254757,2.078960,-0.012004,-1.541361,-0.134684,0.443489,0.000742,0.000893,0.045059,-0.032527,0.068506,3.894828,3.032527,3.963333,3.000000,2,29.570984
18952.274733,2.075105,-0.013751,-1.827112,-0.156768,0.443836,0.000871,0.001130,0.053954,-0.026901,0.070285,3.940294,3.028205,4.010026,2.999899,2,29.616977
18952.310225,2.069894,-0.014170,-2.113721,-0.177817,0.444754,0.006602,-0.002474,0.215988,-0.016993,0.074903,3.984200,3.022152,4.056694,2.996775,2,29.660251
18952.315752,2.063245,-0.013687,-2.398720,-0.195151,0.445887,-0.004635,0.003981,-0.125948,-0.009536,0.072417,4.030527,3.013750,4.099593,2.989981,2,29.704198
18952.334758,2.056093,-0.010205,-2.619797,-0.213336,0.448073,0.000830,0.001621,0.054920,-0.005515,0.073990,4.072349,3.005752,4.141741,2.979489,2,29.748209
18952.354794,2.046972,-0.008551,-2.830822,-0.229299,0.450333,0.001077,0.000538,0.021951,-0.004790,0.068187,4.121104,2.994769,4.182819,2.965379,2,29.792713
18952.374749,2.036317,-0.007232,-3.060719,-0.243573,0.452339,0.000725,0.000554,0.020439,-0.007914,0.069823,4.163511,2.985917,4.222517,2.947757,2,29.836529
18952.409166,2.024278,-0.004396,-3.252672,-0.254882,0.455009,0.010938,-0.002106,0.109976,-0.009034,0.072276,4.206706,2.970757,4.263383,2.925005,2,29.878283
18952.414812,2.011741,-0.000622,-3.402031,-0.262202,0.458267,-0.008384,0.003783,-0.046275,-0.010350,0.066623,4.249094,2.950387,4.296590,2.902535,2,29.921535
18952.434761,1.999338,0.003809,-3.491467,-0.265645,0.461613,0.000737,0.000502,0.018898,-0.011862,0.067723,4.287414,2.928931,4.330405,2.875276,2,29.963957
18952.454757,1.985685,0.006045,-3.574565,-0.266891,0.466102,0.000040,0.000032,0.000517,-0.013109,0.070934,4.322240,2.905553,4.361727,2.845186,2,30.004251
18952.474758,1.971510,0.007573,-3.648229,-0.262968,0.471231,-0.000368,-0.000221,-0.007253,-0.015124,0.068988,4.356490,2.878190,4.388222,2.815093,2,30.044773
18952.510383,1.957712,0.009041,-3.695463,-0.256465,0.477003,0.008396,-0.000925,-0.021284,-0.016268,0.067128,4.387642,2.847524,4.412221,2.782974,2,30.085707
18952.516376,1.944176,0.009983,-3.721053,-0.246715,0.482958,-0.010385,-0.000868,-0.026726,-0.017826,0.066084,4.416112,2.815217,4.433569,2.749035,2,30.126339
18952.534754,1.930527,0.009903,-3.738427,-0.234032,0.489163,-0.002014,-0.000656,-0.023361,-0.019211,0.066780,4.440986,2.782084,4.452129,2.713494,2,30.165496
18952.554756,1.920190,0.011580,-3.688146,-0.220685,0.495918,-0.001328,-0.001381,-0.040749,-0.023394,0.066181,4.466295,2.746760,4.467781,2.676581,2,30.204889
18952.574760,1.911559,0.011669,-3.608936,-0.204921,0.502502,-0.003005,-0.003287,-0.095393,-0.023860,0.066666,4.484881,2.709199,4.480426,2.638532,2,30.245201
18952.610908,1.903321,0.009645,-3.538695,-0.185365,0.508598,-0.002626,-0.003683,-0.321846,-0.022632,0.065772,4.499058,2.668555,4.489981,2.599593,2,30.285409
18952.617465,1.895628,0.006628,-3.479938,-0.161968,0.514233,-0.009636,-0.009404,-0.113561,-0.017702,0.054099,4.507466,2.615846,4.496385,2.560013,2,30.331172
18952.634756,1.886164,0.001461,-3.462690,-0.131388,0.515122,-0.001499,-0.002869,-0.127605,-0.020584,0.071621,4.518483,2.585513,4.499821,2.513367,2,30.372974
18952.654756,1.887422,0.013429,-3.096364,-0.111332,0.520775,-0.000486,-0.001186,-0.058919,-0.022780,0.068822,4.522780,2.542155,4.500000,2.473333,2,30.411085
18952.674756,1.890825,0.019132,-2.585268,-0.093377,0.522587,-0.000304,-0.001115,-0.055135,-0.028192,0.065926,4.528192,2.499259,4.500000,2.433333,2,30.454094
18952.711269,1.895227,0.016703,-2.135075,-0.078105,0.521707,-0.004719,0.005450,-0.252338,-0.030393,0.066791,4.530393,2.456791,4.500000,2.390000,2,30.497600
18952.717197,1.900523,0.011926,-1.758580,-0.064018,0.519670,0.004390,-0.007895,0.154441,-0.026151,0.054382,4.526151,2.401049,4.500000,2.346667,2,30.546553
18952.734760,1.906728,0.004116,-1.473234,-0.052455,0.513464,-0.000436,-0.002567,-0.097518,-0.032174,0.070038,4.532174,2.366704,4.500000,2.296667,2,30.592151
18952.754759,1.911746,0.002947,-1.290886,-0.043949,0.513233,-0.000274,-0.001299,-0.064710,-0.042945,0.071276,4.542945,2.324610,4.500000,2.253333,2,30.631991
18952.774738,1.917816,0.003454,-1.069276,-0.043613,0.513385,0.000086,-0.000014,-0.000988,-0.043076,0.065275,4.543076,2.278608,4.500000,2.213333,2,30.675864
18952.810281,1.924128,0.002310,-0.889509,-0.043308,0.511983,-0.004556,0.001494,-0.037233,-0.043983,0.067506,4.543983,2.237506,4.500000,2.170000,2,30.720196
18952.816132,1.930298,-0.000207,-0.799297,-0.040964,0.512521,0.004425,-0.001604,0.017191,-0.044627,0.070439,4.544627,2.193773,4.500000,2.123333,2,30.763513
18952.834759,1.936515,-0.002126,-0.759295,-0.036940,0.512831,0.000471,-0.001069,-0.031282,-0.044173,0.069435,4.544173,2.149435,4.500000,2.080000,2,30.807738
18952.854759,1.942711,-0.002524,-0.723975,-0.031721,0.512947,0.000235,-0.000591,-0.030426,-0.042095,0.065614,4.542095,2.102280,4.500000,2.036667,2,30.853019
18952.874755,1.949116,-0.001183,-0.660546,-0.024463,0.511552,0.000180,-0.000559,-0.027221,-0.036279,0.063766,4.536279,2.057099,4.500000,1.993333,2,30.899092
18952.909178,1.955387,0.000539,-0.563930,-0.016332,0.510890,-0.004065,0.000143,-0.085809,-0.044552,0.064470,4.544552,2.011137,4.500000,1.946667,2,30.945758
18952.914738,1.961629,0.002270,-0.443330,-0.013786,0.510863,0.004460,-0.000803,0.050976,-0.046775,0.067192,4.546775,1.967192,4.500000,1.900000,2,30.991258
18952.934757,1.967752,0.001916,-0.354736,-0.010844,0.511664,0.000102,-0.000229,-0.012708,-0.052764,0.069638,4.552764,1.922971,4.500000,1.853333,2,31.035201
18952.954757,1.973785,0.001954,-0.278155,-0.011395,0.512656,0.000319,0.000040,0.001862,-0.050424,0.065047,4.550424,1.875047,4.500000,1.810000,2,31.081421
18952.974725,1.979996,0.001171,-0.229756,-0.009833,0.512704,0.000299,-0.000087,-0.004752,-0.047030,0.065492,4.547030,1.828825,4.500000,1.763333,2,31.129074
18953.010318,1.986105,0.000603,-0.200641,-0.005170,0.512825,-0.004226,0.000037,-0.039845,-0.046585,0.067086,4.546585,1.783753,4.500000,1.716667,2,31.175249
18953.015860,1.992076,0.001109,-0.158221,-0.001456,0.512863,0.004385,-0.000619,0.014134,-0.044656,0.066947,4.544656,1.736947,4.500000,1.670000,2,31.221697
18953.034757,1.998045,0.001044,-0.121293,0.001310,0.512373,0.000580,-0.000431,-0.019358,-0.040007,0.068082,4.540007,1.691415,4.500000,1.623333,2,31.268206
18953.054758,2.003891,0.001845,-0.071223,0.006062,0.511829,0.000345,-0.000277,-0.015054,-0.039350,0.067481,4.539350,1.644148,4.500000,1.576667,2,31.314598
18953.074749,2.009679,0.002908,0.002510,0.008335,0.510719,0.000240,-0.000144,-0.007632,-0.040355,0.069411,4.540355,1.599411,4.500000,1.530000,2,31.360909
18953.110545,2.015210,0.003072,0.068354,0.007161,0.510327,-0.003743,0.000949,-0.002673,-0.044517,0.069150,4.544517,1.552484,4.500000,1.483333,2,31.407333
18953.116054,2.020729,0.002416,0.109991,0.002747,0.509799,0.004036,0.000140,0.028197,-0.041576,0.068898,4.541576,1.505565,4.500000,1.436667,2,31.454346
18953.134756,2.026181,0.001623,0.130197,-0.002061,0.508795,0.000617,0.000355,0.020909,-0.033105,0.070164,4.533105,1.460164,4.500000,1.390000,2,31.500670
18953.154784,2.031443,-0.001250,0.077342,-0.007114,0.507703,0.000294,0.000294,0.016220,-0.032006,0.070711,4.532006,1.414045,4.500000,1.343333,2,31.546956
18953.174757,2.036551,-0.003068,-0.005853,-0.015047,0.506574,0.000482,0.000512,0.027041,-0.028779,0.068391,4.528779,1.365058,4.500000,1.296667,2,31.594906
18953.209723,2.041638,-0.004485,-0.106943,-0.027269,0.505059,-0.002663,0.002185,0.180264,-0.027267,0.068675,4.527267,1.318675,4.500000,1.250000,2,31.642638
18953.215626,2.046470,-0.004199,-0.190704,-0.045051,0.504760,0.003747,0.004786,0.058822,-0.027108,0.067961,4.527108,1.271294,4.500000,1.203333,2,31.689567
18953.234758,2.051285,-0.002894,-0.231578,-0.071582,0.504308,0.002083,0.012436,0.378503,-0.023016,0.068275,4.523016,1.224942,4.500000,1.156667,2,31.736373
18953.254760,2.055697,-0.003470,-0.305276,-0.105990,0.499738,0.003911,0.018899,0.589107,-0.027718,0.071856,4.527718,1.178522,4.500000,1.106667,2,31.782713
18953.274763,2.059609,-0.003858,-0.384971,-0.145990,0.489738,0.007176,0.025413,0.787492,-0.026695,0.067040,4.526695,1.130373,4.500000,1.063333,2,31.829697
18953.310642,2.063052,-0.003514,-0.447975,-0.185990,0.479738,0.015180,0.032103,1.497250,-0.023397,0.068074,4.523397,1.084741,4.500000,1.016667,2,31.875724
18953.315984,2.065702,-0.003169,-0.503932,-0.225990,0.469738,0.008020,0.018098,0.402981,-0.021486,0.069089,4.524692,1.037679,4.499099,0.970003,2,31.920437
18953.334758,2.070309,0.001924,-0.393473,-0.265990,0.459738,0.004544,0.003471,0.176119,-0.006899,0.069562,4.511576,0.991285,4.494128,0.923595,2,31.966610
18953.354761,2.059669,-0.031316,-1.262551,-0.271418,0.457982,0.000530,0.000049,0.001690,-0.000599,0.072952,4.503253,0.948449,4.484851,0.877853,2,32.012105
18953.374763,2.045148,-0.042526,-2.226095,-0.251199,0.447982,-0.000134,-0.000384,-0.016911,0.000447,0.068536,4.494464,0.901229,4.472451,0.836323,2,32.057309
18953.410313,2.032740,-0.036213,-2.876587,-0.245945,0.448491,0.009441,-0.009543,0.160533,0.007394,0.062782,4.474394,0.853192,4.455130,0.792982,2,32.106679
18953.415856,2.021672,-0.023928,-3.254440,-0.236811,0.446248,-0.008694,0.008225,-0.143211,0.007717,0.070702,4.461061,0.813549,4.432177,0.748557,2,32.153695
18953.434772,2.009991,-0.011764,-3.458723,-0.233753,0.447738,-0.000759,0.000152,-0.020298,0.011615,0.068171,4.437024,0.771577,4.406848,0.709354,2,32.199019
18953.454758,1.998599,-0.001013,-3.545348,-0.234755,0.447870,0.000402,0.000150,0.002215,0.018044,0.062605,4.407097,0.734531,4.380149,0.675213,2,32.247245
18953.474785,1.987078,0.006571,-3.562372,-0.238155,0.447341,0.000476,0.000187,0.006075,0.012528,0.069111,4.387059,0.695712,4.345807,0.638866,2,32.292313
18953.512268,1.974899,0.010326,-3.561720,-0.247360,0.451493,0.012013,0.000647,0.020659,0.011139,0.065534,4.357335,0.660012,4.313233,0.610275,2,32.335626
18953.517713,1.962129,0.010951,-3.569370,-0.260511,0.456026,-0.011175,-0.000250,-0.000837,0.003859,0.049051,4.316907,0.615121,4.278305,0.584613,2,32.385855
18953.534775,1.947072,0.010116,-3.583236,-0.276723,0.458145,0.002343,0.001256,0.030841,-0.001973,0.062389,4.291392,0.586528,4.235423,0.558892,2,32.432219
18953.554762,1.936463,0.008217,-3.612713,-0.288989,0.459230,0.001350,0.000672,0.023214,-0.008506,0.067336,4.258656,0.557045,4.193266,0.538862,2,32.470584
18953.574763,1.921961,0.005081,-3.673854,-0.296881,0.459296,0.000558,0.000188,0.004779,-0.016259,0.067330,4.224822,0.530413,4.155777,0.524886,2,32.509456
18953.610752,1.906428,0.002260,-3.754628,-0.300000,0.459487,0.012234,0.000776,0.047883,-0.020166,0.072408,4.195664,0.512628,4.120529,0.514745,2,32.544518
18953.616339,1.890376,0.000427,-3.828108,-0.300000,0.460400,-0.010878,-0.000672,-0.040812,-0.026688,0.062405,4.150656,0.491476,4.084634,0.507215,2,32.582202
18953.634771,1.875154,-0.000574,-3.886660,-0.300000,0.462768,-0.001356,-0.000093,-0.003820,-0.034091,0.065127,4.116397,0.474694,4.048282,0.502337,2,32.620935
18953.654759,1.860028,-0.001336,-3.929908,-0.300000,0.466242,0.000524,0.000162,0.001891,-0.035755,0.062765,4.071690,0.465366,4.008337,0.500070,2,32.658349
18953.674730,1.846171,-0.002034,-3.957818,-0.298865,0.469677,-0.000661,-0.000182,-0.004003,-0.036175,0.061346,4.030865,0.461210,3.971667,0.500803,2,32.697032
18953.710654,1.831759,-0.003369,-3.980967,-0.295409,0.470032,0.010446,0.001435,0.002136,-0.037142,0.063171,3.989364,0.459261,3.931845,0.504667,2,32.734295
18953.716299,1.819028,-0.004518,-3.988425,-0.294658,0.473898,-0.009034,-0.001264,-0.002499,-0.037866,0.061996,3.948454,0.461032,3.895718,0.510996,2,32.771908
18953.734770,1.806455,-0.006203,-3.991665,-0.295751,0.477629,-0.000872,-0.000074,0.001591,-0.042675,0.062509,3.908230,0.461500,3.860152,0.519956,2,32.807847
18953.754735,1.794569,-0.008238,-3.993052,-0.297297,0.481574,-0.000168,0.000008,0.000619,-0.041371,0.058582,3.865779,0.472270,3.825339,0.531499,2,32.845611
18953.774785,1.782991,-0.010684,-3.999192,-0.294269,0.482573,-0.000242,-0.000132,-0.004722,-0.041338,0.056731,3.825786,0.484331,3.791465,0.545563,2,32.885029
18953.812166,1.772074,-0.012995,-4.004951,-0.286945,0.481970,0.007930,0.001580,-0.016799,-0.040803,0.061980,3.789955,0.497815,3.755799,0.563691,2,32.921716
18953.817839,1.762390,-0.014596,-3.995914,-0.281591,0.485224,-0.008409,-0.001889,0.007726,-0.041937,0.056119,3.748192,0.516846,3.724472,0.582766,2,32.960173
18953.834751,1.751543,-0.016759,-3.979996,-0.275942,0.487595,-0.000178,-0.000420,-0.014190,-0.044698,0.072969,3.721940,0.525972,3.691994,0.606132,2,32.993006
18953.854770,1.745079,-0.017977,-3.961800,-0.271817,0.491937,-0.000467,-0.000299,-0.012098,-0.042597,0.064809,3.689279,0.550485,3.668919,0.625320,2,33.023200
18953.874756,1.738077,-0.019182,-3.929052,-0.265934,0.495298,-0.000261,-0.000221,-0.008662,-0.043023,0.063253,3.658611,0.573001,3.644682,0.648220,2,33.058714
18953.910649,1.732304,-0.020228,-3.883188,-0.258637,0.499076,0.003269,0.001136,-0.050457,-0.041605,0.059588,3.629583,0.600403,3.622026,0.672684,2,33.094910
18953.916243,1.727774,-0.021181,-3.828870,-0.245971,0.499952,-0.003326,-0.001891,0.018439,-0.036721,0.063451,3.607511,0.628452,3.599049,0.701272,2,33.130459
18953.934762,1.723657,-0.022689,-3.779779,-0.228986,0.501915,-0.001182,-0.001373,-0.045184,-0.033121,0.065524,3.585482,0.658407,3.578230,0.731467,2,33.164831
18953.954760,1.721647,-0.021598,-3.678765,-0.208930,0.504775,-0.000790,-0.000971,-0.039998,-0.025995,0.067365,3.570772,0.688597,3.561270,0.760176,2,33.198995
18953.974759,1.721930,-0.018853,-3.494007,-0.187993,0.508646,-0.000576,-0.001277,-0.053997,-0.021969,0.062685,3.552658,0.723836,3.546261,0.789951,2,33.234719
18954.011906,1.724198,-0.016640,-3.269554,-0.167888,0.511803,-0.003867,0.001230,-0.220934,-0.015752,0.063806,3.539831,0.758514,3.532084,0.823777,2,33.271786
18954.017629,1.727896,-0.014648,-3.006350,-0.149160,0.515014,0.003364,-0.004197,0.124902,-0.008243,0.057267,3.528719,0.801292,3.520425,0.858552,2,33.311824
18954.034757,1.732979,-0.016862,-2.768209,-0.127655,0.514459,-0.001434,-0.002014,-0.084944,0.002816,0.073548,3.528507,0.825946,3.510651,0.897349,2,33.347319
18954.054706,1.737530,-0.012982,-2.520309,-0.108029,0.519084,-0.000453,-0.001291,-0.057722,0.006484,0.072918,3.520567,0.862089,3.504442,0.933497,2,33.379262
18954.074761,1.744904,-0.008801,-2.169122,-0.092107,0.522962,-0.000451,-0.001182,-0.053471,0.009929,0.065694,3.516063,0.898558,3.501345,0.963348,2,33.416758
18954.112927,1.752801,-0.007156,-1.854599,-0.077680,0.526307,-0.008048,0.001164,-0.204986,0.014742,0.067783,3.514742,0.935550,3.500000,1.003333,2,33.455051
18954.119743,1.761166,-0.006262,-1.580275,-0.063534,0.529465,0.006785,-0.003746,0.087908,0.013371,0.058697,3.513371,0.981303,3.500000,1.040000,2,33.496479
18954.134758,1.771151,-0.008051,-1.368356,-0.049848,0.529308,-0.000222,-0.003247,-0.099386,0.013294,0.070856,3.513294,1.012477,3.500000,1.083333,2,33.535533
18954.154756,1.778028,-0.006397,-1.229574,-0.035832,0.533461,-0.000524,-0.000867,-0.041297,0.016866,0.071963,3.516866,1.048037,3.500000,1.120000,2,33.569981
18954.174758,1.787224,-0.000700,-0.932234,-0.024091,0.536454,-0.000172,-0.000732,-0.035142,0.017530,0.068830,3.517530,1.087837,3.500000,1.156667,2,33.608042
18954.210305,1.796811,0.001602,-0.678532,-0.012674,0.538228,-0.007500,0.000485,-0.142553,0.016553,0.065163,3.516553,1.128171,3.500000,1.193333,2,33.648571
18954.216653,1.806563,0.002924,-0.463196,-0.000151,0.539000,0.006672,-0.002607,0.047714,0.015344,0.064453,3.515344,1.168880,3.500000,1.233333,2,33.689386
18954.234760,1.816321,0.002098,-0.320152,0.016053,0.539907,0.001142,-0.001561,-0.058370,0.015229,0.061952,3.515229,1.211382,3.500000,1.273333,2,33.731359
18954.254759,1.826035,0.006519,-0.099340,0.034710,0.539140,0.000412,-0.001459,-0.066403,0.013020,0.062782,3.513020,1.253885,3.500000,1.316667,2,33.774636
18954.274744,1.835429,0.010959,0.178558,0.053901,0.537128,0.000525,-0.001556,-0.069254,0.012511,0.064207,3.512511,1.295793,3.500000,1.360000,2,33.817302
18954.310915,1.844251,0.014547,0.471248,0.074812,0.534936,-0.005637,0.000218,-0.240164,0.011047,0.065621,3.511047,1.337712,3.500000,1.403333,2,33.859385
18954.316646,1.852245,0.018192,0.787144,0.097802,0.533578,0.006041,-0.003576,0.094939,0.008362,0.063623,3.508362,1.379711,3.500000,1.443333,2,33.901858
18954.334769,1.859998,0.017564,1.020150,0.124382,0.533778,0.002011,-0.002923,-0.098815,0.003005,0.062582,3.503005,1.424085,3.500000,1.486667,2,33.945331
18954.354771,1.866093,0.023309,1.353626,0.149637,0.532940,0.001014,-0.001345,-0.060436,-0.005404,0.062318,3.497448,1.467531,3.499096,1.530061,2,33.990430
18954.374764,1.870111,0.028805,1.774296,0.171639,0.532393,0.001040,-0.001190,-0.050803,-0.012492,0.063347,3.491459,1.512054,3.494103,1.576566,2,34.035644
18954.410962,1.872907,0.030682,2.154316,0.193020,0.533139,0.000528,0.002028,-0.240853,-0.019808,0.060949,3.480882,1.555245,3.485594,1.619159,2,34.082044
18954.417593,1.874473,0.030882,2.489856,0.209822,0.533585,0.001674,-0.004511,0.157845,-0.023417,0.054725,3.468164,1.604634,3.472335,1.664012,2,34.132098
18954.434738,1.875786,0.027079,2.770769,0.223905,0.533238,0.001938,-0.001749,-0.062334,-0.026761,0.066677,3.457337,1.638721,3.453545,1.710467,2,34.177955
18954.454764,1.875808,0.025738,2.938213,0.232557,0.536105,0.001450,-0.001084,-0.041739,-0.030367,0.066720,3.439280,1.678995,3.431894,1.751927,2,34.220553
18954.474761,1.874440,0.024268,3.124490,0.237349,0.537874,0.000950,-0.000225,-0.005360,-0.025501,0.065053,3.425102,1.720611,3.408401,1.788459,2,34.265315
18954.511334,1.872284,0.022373,3.294053,0.236313,0.540238,0.002920,0.002813,-0.052133,-0.023412,0.063142,3.404713,1.759480,3.381826,1.822814,2,34.309475
18954.516725,1.869913,0.019003,3.404602,0.232001,0.543483,-0.001756,-0.002283,0.047687,-0.025544,0.058789,3.376076,1.795179,3.352370,1.854733,2,34.355853
18954.534761,1.867545,0.015524,3.468084,0.223339,0.545718,-0.000202,0.000134,0.019270,-0.023770,0.059717,3.348693,1.829810,3.317681,1.886107,2,34.402977
18954.554762,1.865941,0.011452,3.471974,0.211721,0.548840,0.000040,0.000434,0.021760,-0.023710,0.061323,3.317712,1.860100,3.280212,1.914103,2,34.448553
18954.574758,1.865432,0.007537,3.416186,0.197046,0.551900,-0.000877,0.002226,0.067990,-0.023481,0.062633,3.283933,1.887783,3.240291,1.938475,2,34.493215
18954.612647,1.865268,0.005884,3.348452,0.179243,0.554775,-0.002561,0.000961,0.208439,-0.022983,0.064442,3.248313,1.912358,3.198267,1.959010,2,34.538178
18954.618141,1.866759,0.002635,3.217975,0.158532,0.556672,0.001971,0.001826,-0.100404,-0.020891,0.056665,3.204868,1.936790,3.157684,1.974485,2,34.585687
18954.634762,1.869936,0.001683,3.025925,0.134852,0.555954,-0.001037,0.005027,0.152903,-0.020900,0.067359,3.173574,1.951604,3.112656,1.987143,2,34.629860
18954.654762,1.873617,0.000156,2.857827,0.111847,0.558600,-0.000903,0.003276,0.151063,-0.018543,0.069830,3.133379,1.967853,3.066643,1.995539,2,34.670213
18954.674756,1.879779,-0.005088,2.538228,0.091123,0.560890,0.000170,0.001355,0.067917,-0.013944,0.067124,3.093007,1.981774,3.026724,1.999285,2,34.712745
18954.715174,1.887841,-0.009329,2.110076,0.075169,0.563066,-0.007811,-0.005065,0.287448,-0.007405,0.063910,3.050577,1.992595,2.986667,2.000000,2,34.756171
18954.720860,1.896759,-0.009102,1.725007,0.061638,0.563251,0.008064,0.006380,-0.162866,0.001632,0.057515,3.000848,2.001632,2.943333,2.000000,2,34.803080
18954.734760,1.907352,-0.003462,1.436069,0.048372,0.558558,0.001150,0.003653,0.081305,0.006795,0.072497,2.965830,2.006795,2.893333,2.000000,2,34.846761
18954.754738,1.914717,-0.002335,1.273910,0.039587,0.553879,0.000322,0.001178,0.062844,0.011535,0.071933,2.921933,2.011535,2.850000,2.000000,2,34.887085
18954.774756,1.923761,-0.004377,1.025212,0.037092,0.546068,0.000482,0.000149,0.008416,0.015095,0.067867,2.877867,2.015095,2.810000,2.000000,2,34.931321
18954.810888,1.932395,-0.003799,0.820828,0.040302,0.536068,-0.005333,-0.002037,0.020489,0.017592,0.067074,2.833740,2.017592,2.766667,2.000000,2,34.975773
18954.816373,1.940306,-0.000708,0.726060,0.048121,0.526068,0.005799,0.000630,-0.039466,0.018662,0.065243,2.788577,2.018662,2.723333,2.000000,2,35.020747
18954.834759,1.947875,0.001689,0.695279,0.060874,0.516068,0.001651,-0.001476,-0.067605,0.018674,0.066581,2.743247,2.018674,2.676667,2.000000,2,35.066237
18954.854757,1.954440,0.006448,0.770928,0.077650,0.506068,0.000766,-0.000962,-0.048394,0.018882,0.064201,2.697535,2.018882,2.633333,2.000000,2,35.111717
18954.874753,1.959249,0.012027,0.977553,0.099025,0.496068,0.001129,-0.001551,-0.071097,0.020638,0.063601,2.650268,2.020638,2.586667,2.000000,2,35.158245
18954.915115,1.962832,0.015959,1.231126,0.125124,0.486068,0.000284,0.001206,-0.305726,0.021208,0.063300,2.603300,2.021208,2.540000,2.000000,2,35.205043
18954.921562,1.964396,0.019985,1.549353,0.154110,0.476119,0.002296,-0.005490,0.165813,0.019804,0.044335,2.537382,2.020350,2.493316,1.999955,2,35.259045
18954.934756,1.965877,0.017708,1.875851,0.191633,0.466119,0.002749,-0.003699,-0.121516,0.007789,0.070906,2.509446,2.012629,2.439987,1.996385,2,35.306509
18954.954759,1.964588,0.021144,2.083500,0.215482,0.457311,0.001570,-0.000879,-0.036574,0.002967,0.075582,2.463704,2.007318,2.390602,1.987885,2,35.344745
18954.974761,1.957914,0.027062,2.537744,0.232386,0.448970,0.001268,-0.000538,-0.021343,0.001584,0.066618,2.418356,1.999358,2.355058,1.978531,2,35.387985
18955.008596,1.949676,0.026504,2.913469,0.244489,0.442811,0.008352,0.003468,-0.153788,0.000018,0.064666,2.374097,1.988209,2.314075,1.964146,2,35.432237
18955.014761,1.940172,0.022811,3.196872,0.251619,0.437864,-0.006449,-0.004146,0.116305,-0.001001,0.062594,2.330812,1.973597,2.274495,1.946259,2,35.477209
18955.034759,1.930166,0.017474,3.388961,0.253067,0.433345,0.000698,-0.000110,-0.002208,-0.002267,0.064709,2.289763,1.955769,2.233782,1.923235,2,35.522066
18955.054763,1.918873,0.012841,3.524013,0.249106,0.430039,0.000369,0.000120,0.006932,-0.003333,0.064549,2.251518,1.934858,2.198056,1.898534,2,35.565544
18955.074758,1.907357,0.008455,3.600411,0.238164,0.427749,-0.000024,0.000382,0.017789,-0.004834,0.063762,2.215140,1.910012,2.164608,1.870826,2,35.608486
18955.111468,1.896294,0.004379,3.615762,0.222454,0.426887,0.007957,0.000922,0.082215,-0.005993,0.063480,2.181288,1.882747,2.133691,1.840320,2,35.652111
18955.117029,1.886390,0.000697,3.564338,0.202695,0.426900,-0.008968,0.001047,-0.035634,-0.005900,0.055435,2.144256,1.847353,2.105538,1.807245,2,35.699063
18955.134760,1.875298,-0.000152,3.480456,0.175514,0.425348,-0.000026,0.001461,0.072188,-0.010583,0.067689,2.123896,1.820401,2.078554,1.769041,2,35.742219
18955.154763,1.870622,-0.004526,3.299252,0.147052,0.426905,-0.000436,0.001609,0.077344,-0.010922,0.068131,2.098014,1.786787,2.056795,1.731451,2,35.781624
18955.174756,1.867110,-0.008775,2.976961,0.117495,0.427274,-0.000042,0.001660,0.084962,-0.013431,0.066070,2.077834,1.750779,2.039675,1.695195,2,35.823791
18955.210812,1.865879,-0.011239,2.573583,0.084165,0.427003,-0.000082,-0.004130,0.375336,-0.014288,0.066555,2.058627,1.713390,2.024472,1.654508,2,35.866163
18955.216147,1.866513,-0.013211,2.090174,0.049934,0.425693,0.000712,0.008579,-0.161558,-0.014947,0.064405,2.043091,1.675095,2.013621,1.615910,2,35.908429
18955.234750,1.867697,-0.008142,1.720984,0.010636,0.425153,0.000135,0.003473,0.136961,-0.015020,0.065219,2.029811,1.635576,2.005396,1.573262,2,35.950489
18955.254763,1.869753,-0.016738,1.114172,-0.024487,0.422451,0.000827,0.002266,0.112546,-0.010886,0.065582,2.015713,1.594869,2.000904,1.530061,2,35.992833
18955.274738,1.872069,-0.022551,0.438833,-0.057596,0.419668,0.000978,0.002209,0.105512,-0.004603,0.063618,2.005777,1.553487,1.999899,1.489974,2,36.035243
18955.311221,1.873677,-0.025345,-0.178372,-0.091654,0.418274,0.000832,-0.002037,0.407551,0.008885,0.065514,1.995302,1.512716,1.997143,1.446628,2,36.078301
18955.316629,1.873985,-0.028153,-0.755140,-0.121753,0.418081,0.000806,0.005677,-0.202157,0.016367,0.067651,1.987606,1.473221,1.990636,1.403684,2,36.120959
18955.334748,1.874104,-0.025326,-1.154312,-0.151484,0.420461,0.001182,0.002688,0.082124,0.022327,0.069299,1.978173,1.434240,1.980426,1.361468,2,36.162768
18955.354765,1.871734,-0.030394,-1.616382,-0.176869,0.423036,0.002053,0.004591,0.135624,0.026121,0.065727,1.966556,1.394135,1.967781,1.323419,2,36.205345
18955.374759,1.868685,-0.030496,-2.011037,-0.201026,0.427392,0.001859,0.002926,0.120664,0.028744,0.065257,1.953040,1.354756,1.950691,1.283488,2,36.248442
18955.410341,1.864001,-0.032048,-2.363352,-0.222022,0.431355,0.006336,-0.001424,0.253848,0.029337,0.065195,1.938183,1.316236,1.930201,1.245192,2,36.290614
18955.415685,1.857152,-0.034013,-2.745614,-0.236657,0.435133,-0.004564,0.002901,-0.173366,0.028659,0.065330,1.921212,1.278616,1.906464,1.208818,2,36.332903
18955.434735,1.850293,-0.031625,-3.021549,-0.246816,0.439234,0.000548,0.001119,0.029651,0.026583,0.063707,1.902657,1.242999,1.881826,1.177186,2,36.374435
18955.454759,1.842462,-0.029507,-3.237177,-0.253053,0.443443,0.000231,0.000207,0.008545,0.023845,0.066233,1.882556,1.208861,1.852370,1.145267,2,36.414484
18955.474763,1.833718,-0.027453,-3.420230,-0.255729,0.447697,0.000193,0.000129,0.004244,0.021224,0.064603,1.858445,1.176091,1.822814,1.118174,2,36.454423
18955.511617,1.825090,-0.024654,-3.546044,-0.254688,0.452483,0.007035,-0.001927,0.035011,0.019035,0.064228,1.832310,1.146414,1.791182,1.093536,2,36.494076
18955.517167,1.816646,-0.021828,-3.622954,-0.250191,0.457570,-0.007821,0.001657,-0.036360,0.014635,0.054616,1.796941,1.112201,1.757678,1.071512,2,36.537116
18955.534761,1.806710,-0.019250,-3.668899,-0.243293,0.461173,0.000010,-0.000413,-0.010331,0.014148,0.069971,1.776174,1.094198,1.719519,1.050766,2,36.575631
18955.554732,1.800790,-0.017276,-3.658675,-0.235707,0.467855,-0.000421,-0.000296,-0.012099,0.011529,0.068136,1.744888,1.071892,1.685925,1.035854,2,36.609002
18955.574734,1.794715,-0.015441,-3.614549,-0.225056,0.474255,-0.000792,-0.000796,-0.028321,0.008942,0.064128,1.712735,1.052792,1.654508,1.024472,2,36.645665
18955.630410,1.789627,-0.014543,-3.549959,-0.210204,0.480273,0.002762,0.002537,-0.121886,-0.002138,0.038698,1.657251,1.021552,1.619159,1.014406,2,36.693132
18955.636983,1.785038,-0.013197,-3.376356,-0.188514,0.479127,-0.003197,-0.004573,0.048693,-0.014807,0.022713,1.594516,0.993434,1.569954,1.004918,2,36.754562
18955.657013,1.781700,-0.016162,-3.252378,-0.161203,0.476235,-0.001427,-0.003176,-0.143660,-0.017228,0.053797,1.564158,0.983955,1.510026,1.000101,2,36.804775
18955.677042,1.782007,-0.012073,-3.075990,-0.139624,0.481088,-0.001568,-0.004812,-0.143692,-0.027324,0.064924,1.524924,0.972676,1.460000,1.000000,2,36.842182
18955.740038,1.783690,-0.009678,-2.820017,-0.120474,0.485834,-0.010641,-0.004471,-0.577484,-0.041797,0.022528,1.445862,0.958203,1.423333,1.000000,2,36.899223
18955.749689,1.785510,-0.015866,-2.579432,-0.100721,0.482618,-0.001727,-0.012567,-0.199958,-0.051733,0.002095,1.368762,0.948267,1.366667,1.000000,2,36.975531
18955.769724,1.786681,-0.019864,-2.523545,-0.090552,0.480787,-0.001039,-0.003086,-0.108164,-0.055988,0.038144,1.328144,0.944012,1.290000,1.000000,2,37.036691
18955.807236,1.791707,-0.006849,-2.116549,-0.091225,0.485523,-0.005037,0.000113,-0.230387,-0.057989,0.063392,1.290059,0.942011,1.226667,1.000000,2,37.078974
18955.813657,1.796446,-0.006463,-1.855250,-0.095184,0.491115,0.003703,-0.003383,0.082532,-0.058648,0.053581,1.240248,0.941352,1.186667,1.000000,2,37.123556
18955.829714,1.801867,-0.010014,-1.703284,-0.102586,0.493255,-0.000234,0.001528,0.040530,-0.058894,0.067950,1.207950,0.941106,1.140000,1.000000,2,37.165496
18955.849708,1.805583,-0.010872,-1.627777,-0.116278,0.498040,0.000621,0.004833,0.144765,-0.057482,0.067633,1.167633,0.942518,1.100000,1.000000,2,37.201815
18955.869715,1.810444,-0.012293,-1.579072,-0.134769,0.502079,0.001313,0.003860,0.152549,-0.055456,0.062821,1.126154,0.944544,1.063333,1.000000,2,37.241145
18955.912394,1.814826,-0.018290,-1.671736,-0.151794,0.504945,-0.002425,0.001347,0.282881,-0.052109,0.060976,1.084309,0.947891,1.023333,1.000000,2,37.281658
18955.918299,1.817907,-0.025060,-1.927835,-0.165740,0.506701,0.003775,0.001452,-0.179590,-0.044523,0.040251,1.022033,0.954436,0.983293,1.000279,2,37.330166
18955.929739,1.822065,-0.026035,-2.212183,-0.184173,0.504202,0.001354,0.002816,0.065586,-0.037521,0.068204,0.995951,0.958184,0.933357,1.004461,2,37.372370
18955.949740,1.823418,-0.026573,-2.324016,-0.200582,0.508150,0.002962,0.006020,0.174067,-0.031284,0.072778,0.958345,0.965374,0.893866,1.011394,2,37.404107
18955.969732,1.825414,-0.025611,-2.468311,-0.215906,0.512327,0.001727,0.002179,0.092838,-0.026788,0.062366,0.913970,0.976556,0.861468,1.019574,2,37.443609
18956.010207,1.825024,-0.029584,-2.698816,-0.230495,0.515876,0.002922,-0.001539,0.225730,-0.026183,0.059914,0.870225,0.986563,0.823419,1.032219,2,37.485834
18956.020386,1.822865,-0.032249,-2.977931,-0.243152,0.519996,-0.001293,0.003485,-0.122502,-0.023899,0.045822,0.817736,1.006695,0.786506,1.047871,2,37.532975
18956.029708,1.819815,-0.029492,-3.241522,-0.250740,0.520531,0.000352,0.001221,0.004062,-0.023675,0.068436,0.792009,1.014553,0.745192,1.069799,2,37.573179
18956.049714,1.818307,-0.028268,-3.328193,-0.258799,0.525599,0.000825,0.000942,0.026496,-0.024795,0.071784,0.752733,1.031575,0.708818,1.093536,2,37.605870
18956.069714,1.814745,-0.026837,-3.469421,-0.264024,0.530660,0.000797,0.001466,0.041602,-0.024421,0.062905,0.718360,1.053175,0.684907,1.111778,2,37.643688
18956.125389,1.811005,-0.024280,-3.559682,-0.266797,0.536051,0.006908,-0.001993,0.097928,-0.031646,0.045481,0.665870,1.083979,0.654814,1.138273,2,37.689685
18956.132834,1.805390,-0.022387,-3.666256,-0.267939,0.537933,-0.005124,0.001797,-0.061315,-0.035847,0.024080,0.613731,1.127834,0.624724,1.169595,2,37.747886
18956.152886,1.798568,-0.020269,-3.755638,-0.263279,0.534289,0.000136,-0.000296,-0.010754,-0.038505,0.046371,0.582278,1.157004,0.587779,1.217026,2,37.799072
18956.172851,1.794429,-0.018921,-3.784177,-0.256247,0.535267,-0.000123,-0.000389,-0.015345,-0.042140,0.057479,0.552193,1.189051,0.561525,1.259709,2,37.838551
18956.233782,1.790795,-0.017258,-3.781335,-0.246397,0.537908,0.003050,0.001033,-0.061036,-0.056510,0.031049,0.504800,1.244178,0.543682,1.295614,2,37.888445
18956.243541,1.786057,-0.014874,-3.706571,-0.229738,0.533509,-0.003574,-0.002689,0.007526,-0.056907,0.011429,0.475116,1.313524,0.525515,1.342316,2,37.952816
18956.263548,1.781955,-0.016130,-3.642864,-0.200854,0.525874,-0.003370,-0.006860,-0.198639,-0.057199,0.038895,0.460729,1.354499,0.509364,1.403684,2,38.007816
18956.329509,1.779924,-0.017075,-3.615099,-0.172205,0.523866,-0.007292,0.005552,-0.451174,-0.048133,0.031277,0.456135,1.424905,0.501608,1.459938,2,38.060868
18956.339261,1.782540,-0.006449,-3.245530,-0.133987,0.515955,0.003740,-0.011954,0.154228,-0.052270,-0.006787,0.447730,1.520121,0.500000,1.513333,2,38.138127
18956.359271,1.789115,-0.011456,-2.810492,-0.093987,0.505955,-0.002214,-0.007988,-0.315413,-0.051477,0.024366,0.448523,1.565634,0.500000,1.590000,2,38.209786
18956.425908,1.793926,-0.004896,-2.500868,-0.053987,0.501663,-0.016007,0.008314,-0.886837,-0.046092,0.052667,0.453908,1.610667,0.500000,1.663333,2,38.258802
18956.431286,1.801211,0.007523,-1.875976,-0.019820,0.496482,0.016070,-0.014457,0.618037,-0.021409,-0.016633,0.478591,1.726633,0.500000,1.710000,2,38.335045
18956.451308,1.819236,-0.000811,-0.994577,0.019964,0.487295,0.000344,-0.004652,-0.223161,-0.019353,0.014980,0.480647,1.771686,0.500000,1.786667,2,38.415942
18956.471313,1.825709,0.010512,-0.547967,0.044641,0.483182,0.000840,-0.001926,-0.086481,-0.015287,0.050812,0.484713,1.815854,0.500000,1.866667,2,38.466269
18956.506915,1.831789,0.018900,0.022456,0.060302,0.480367,-0.003604,0.002015,-0.263374,-0.007029,0.060176,0.492971,1.856490,0.500000,1.916667,2,38.510206
18956.512263,1.837105,0.020950,0.480291,0.068733,0.480310,0.004247,-0.003450,0.164279,0.003370,0.062626,0.503370,1.900707,0.500000,1.963333,2,38.553314
18956.531324,1.842595,0.018092,0.759652,0.070275,0.480132,0.000804,-0.000855,-0.026397,0.002832,0.059252,0.502832,1.947414,0.500000,2.006667,2,38.598944
18956.551313,1.847973,0.016070,0.936165,0.062206,0.479124,0.000035,0.000662,0.029922,0.003856,0.059880,0.503856,1.990120,0.500000,2.050000,2,38.644535
18956.571316,1.853069,0.012792,1.021046,0.052742,0.480068,0.000071,0.000781,0.035654,0.006187,0.061731,0.506187,2.034936,0.500000,2.096667,2,38.688480
18956.608254,1.858469,0.008312,0.988415,0.041655,0.480371,-0.004085,0.000915,0.106648,0.008910,0.059089,0.508910,2.080911,0.500000,2.140000,2,38.733734
18956.615357,1.864271,0.004006,0.874402,0.026066,0.480075,0.005046,0.002216,-0.015226,-0.000060,0.047817,0.499940,2.138850,0.500000,2.186667,2,38.785234
18956.631305,1.871309,0.003102,0.764464,-0.005279,0.477438,0.000128,0.004521,0.163153,0.003117,0.063754,0.503117,2.172913,0.500000,2.236667,2,38.832487
18956.651310,1.875619,-0.003364,0.569661,-0.030860,0.478641,0.000492,0.001523,0.076359,0.003067,0.065627,0.503067,2.217706,0.500000,2.283333,2,38.873254
18956.671303,1.880859,-0.013996,0.101514,-0.052367,0.476045,0.000676,0.001536,0.072235,0.001981,0.064611,0.501981,2.262056,0.500000,2.326667,2,38.917520
18956.705099,1.885649,-0.018117,-0.325485,-0.073907,0.473117,-0.001666,-0.000789,0.254140,0.001043,0.061794,0.501043,2.308206,0.500000,2.370000,2,38.962821
18956.711283,1.889815,-0.020388,-0.714494,-0.098493,0.470584,0.003378,0.004771,-0.105263,0.000413,0.059159,0.500413,2.354174,0.500000,2.413333,2,39.009133
18956.731320,1.893737,-0.018493,-0.987265,-0.128329,0.469371,0.001237,0.003560,0.196029,-0.006278,0.070921,0.493722,2.389079,0.500000,2.460000,2,39.050829
18956.751390,1.895049,-0.023779,-1.307233,-0.157285,0.468849,0.001907,0.003084,0.115827,-0.006039,0.067372,0.493522,2.436012,0.500011,2.503342,2,39.091240
18956.771310,1.895161,-0.028487,-1.743864,-0.184736,0.467660,0.002571,0.004762,0.124161,-0.002312,0.060056,0.494371,2.483764,0.501887,2.543393,2,39.136539
18956.817942,1.894156,-0.028742,-2.130903,-0.213036,0.467099,0.008703,-0.000664,0.437496,0.002347,0.043439,0.502633,2.546593,0.508121,2.589748,2,39.190249
18956.825639,1.890579,-0.029223,-2.539372,-0.240002,0.464463,-0.004630,0.004887,-0.267700,-0.014837,0.028988,0.498066,2.618148,0.520511,2.641741,2,39.252007
18956.831308,1.882720,-0.026768,-2.982828,-0.266104,0.462985,0.002199,0.001501,0.052653,-0.007217,0.073856,0.505078,2.633328,0.540990,2.698267,2,39.294100
19715.726254,0.400000,0.020000,0.000000,-0.004658,0.510000,-0.032401,0.020717,0.018592,-0.011393,0.025491,1.484509,3.011393,1.510000,3.000000,0,0.524190
19715.758412,0.400000,0.020000,0.000000,-0.008739,0.520000,-0.079572,0.101961,2.735864,-0.021960,0.030590,1.492743,3.021960,1.523333,3.000000,0,0.529147
19715.763801,0.354192,0.100550,2.698398,-0.032725,0.530000,-0.137520,-0.081930,-2.302692,-0.014853,0.035750,1.490916,3.014853,1.526667,3.000000,0,0.532126
19715.795936,0.223205,-0.000282,-0.006851,-0.039089,0.540000,-0.050236,0.001663,0.047833,-0.013852,0.037555,1.492445,3.013852,1.530000,3.000000,0,0.532126
19715.803841,0.209731,-0.002467,-0.061990,-0.042440,0.550000,0.004226,0.000991,0.027483,-0.012743,0.034178,1.495822,3.012743,1.530000,3.000000,0,0.532126
19715.823845,0.223260,-0.002670,-0.067811,-0.044886,0.560000,-0.028894,0.000715,0.019103,-0.013033,0.032410,1.497590,3.013033,1.530000,3.000000,0,0.532126
19715.843842,0.218501,-0.003792,-0.100419,-0.047329,0.570000,0.003947,-0.000035,-0.000544,-0.012486,0.027559,1.502441,3.012486,1.530000,3.000000,0,0.533260
19715.863843,0.247254,-0.004720,-0.124833,-0.048788,0.580000,-0.009750,0.000198,0.005576,-0.013480,0.022356,1.507644,3.013480,1.530000,3.000000,0,0.537551
19715.896330,0.262824,-0.005188,-0.137801,-0.050566,0.590000,-0.006090,0.000144,0.004283,-0.013528,0.022156,1.514511,3.013528,1.536667,3.000000,0,0.545552
19715.903847,0.298697,-0.006065,-0.161713,-0.051553,0.600000,0.010945,-0.000121,-0.003854,-0.012960,0.021603,1.521730,3.012960,1.543333,3.000000,0,0.554478
19715.923850,0.319544,-0.006493,-0.173921,-0.052257,0.610000,0.004141,-0.000051,-0.001186,-0.012949,0.022812,1.530521,3.012949,1.553333,3.000000,0,0.563658
19715.943851,0.350523,-0.007276,-0.195370,-0.052511,0.620000,-0.001651,0.000037,0.001092,-0.013427,0.025067,1.538267,3.013427,1.563333,3.000000,0,0.573706
19715.963828,0.376182,-0.007832,-0.211500,-0.052553,0.630000,0.005933,-0.000111,-0.003253,-0.013743,0.024300,1.549034,3.013743,1.573333,3.000000,0,0.585081
19715.997095,0.409879,-0.008480,-0.230425,-0.052240,0.640000,-0.016098,0.000278,0.008303,-0.014374,0.023538,1.559795,3.014374,1.583333,3.000000,0,0.597588
19716.003828,0.440675,-0.009005,-0.246263,-0.051774,0.650000,0.019626,-0.000401,-0.011766,-0.013953,0.027205,1.569462,3.013953,1.596667,3.000000,0,0.610153
19716.023847,0.469978,-0.009519,-0.261753,-0.050491,0.660000,0.002657,-0.000102,-0.003509,-0.014107,0.027455,1.582545,3.014107,1.610000,3.000000,0,0.623884
19716.043846,0.501816,-0.009810,-0.272485,-0.049097,0.670000,0.007088,-0.000165,-0.005559,-0.013521,0.026808,1.596526,3.013521,1.623333,3.000000,0,0.638818
19716.063845,0.538486,-0.010121,-0.283611,-0.046935,0.680000,0.005528,-0.000472,-0.012958,-0.012924,0.025620,1.611047,3.012924,1.636667,3.000000,0,0.655263
19716.096040,0.573998,-0.010550,-0.297423,-0.044123,0.690000,-0.014435,-0.000122,-0.005190,-0.012650,0.026896,1.626437,3.012650,1.653333,3.000000,0,0.673042
19716.103848,0.608385,-0.010283,-0.296143,-0.041112,0.700000,0.023437,-0.000604,-0.015507,-0.011742,0.027738,1.642262,3.011742,1.670000,3.000000,0,0.690642
19716.123845,0.643877,-0.010434,-0.300953,-0.037460,0.710000,0.008984,-0.000304,-0.011284,-0.012000,0.028758,1.661242,3.012000,1.690000,3.000000,0,0.710027
19716.143847,0.684040,-0.009634,-0.285905,-0.033894,0.717286,0.005892,-0.000757,-0.020579,-0.011871,0.030509,1.679491,3.011871,1.710000,3.000000,0,0.731422
19716.163848,0.721274,-0.009544,-0.283058,-0.030262,0.724302,0.000328,-0.000406,-0.014483,-0.012437,0.034111,1.695889,3.012437,1.730000,3.000000,0,0.751383
19716.196915,0.753118,-0.008612,-0.264641,-0.027092,0.732835,-0.014550,-0.000271,-0.011266,-0.012657,0.034429,1.715571,3.012657,1.750000,3.000000,0,0.771645
19716.203846,0.790972,-0.007771,-0.242119,-0.024006,0.739992,0.026464,-0.000412,-0.008825,-0.011614,0.034081,1.735919,3.011614,1.770000,3.000000,0,0.794110
19716.223839,0.828533,-0.007623,-0.236824,-0.020329,0.746431,0.006954,-0.000445,-0.016481,-0.011849,0.036072,1.757262,3.011849,1.793333,3.000000,0,0.817347
19716.243847,0.867509,-0.006537,-0.214233,-0.016539,0.751548,0.004259,-0.000270,-0.010041,-0.010142,0.037847,1.778819,3.010142,1.816667,3.000000,0,0.841213
19716.263849,0.903808,-0.005384,-0.181917,-0.012680,0.756565,0.006480,-0.000922,-0.025332,-0.009847,0.038018,1.801982,3.009847,1.840000,3.000000,0,0.865641
19716.296907,0.942315,-0.004964,-0.166035,-0.008747,0.760541,-0.013661,-0.000977,-0.038008,-0.009298,0.036464,1.826869,3.009298,1.863333,3.000000,0,0.891535
19716.303858,0.981289,-0.003759,-0.138533,-0.004956,0.762502,0.027224,-0.000155,0.004050,-0.009156,0.037562,1.852438,3.009156,1.890000,3.000000,0,0.919433
19716.323848,1.019569,-0.002865,-0.107043,-0.001828,0.763736,-0.000069,-0.000483,-0.017488,-0.008370,0.043535,1.873132,3.008370,1.916667,3.000000,0,0.944909
19716.343846,1.050928,-0.001429,-0.067358,0.001154,0.768244,-0.000167,-0.000234,-0.008461,-0.007563,0.048911,1.894422,3.007563,1.943333,3.000000,0,0.967933
19716.363849,1.082177,-0.000167,-0.023781,0.003675,0.774358,0.000597,-0.000606,-0.016365,-0.003197,0.050092,1.916575,3.003197,1.966667,3.000000,0,0.992064
19716.398342,1.114266,0.000334,0.001792,0.008378,0.781375,-0.012634,-0.002047,-0.067461,-0.002288,0.040321,1.949679,3.002288,1.990000,3.000000,0,1.021684
19716.404372,1.155920,0.000499,0.013221,0.011682,0.782069,0.029249,-0.001440,-0.029369,-0.001752,0.038502,1.981498,3.001752,2.020000,3.000000,0,1.055917
19716.423846,1.194604,0.000388,0.013826,0.014158,0.780854,0.007016,-0.000865,-0.027524,-0.000441,0.041027,2.012307,3.000441,2.053333,3.000000,0,1.089078
19716.443816,1.231539,0.002933,0.080006,0.016046,0.779762,0.005014,-0.000353,-0.012977,-0.000036,0.043991,2.042676,3.000036,2.086667,3.000000,0,1.121616
19716.463875,1.266806,0.004405,0.139811,0.017726,0.779202,0.005451,-0.000141,-0.004923,0.000268,0.045626,2.074374,2.999732,2.120000,3.000000,0,1.155440
19716.498591,1.302253,0.005258,0.187187,0.017301,0.777197,-0.017475,0.000156,-0.005667,0.002508,0.047521,2.105813,2.997492,2.153333,3.000000,0,1.189628
19716.504416,1.335685,0.005440,0.214105,0.018518,0.776347,0.025356,-0.000161,0.006689,0.003535,0.048217,2.138450,2.996465,2.186667,3.000000,0,1.223558
19716.523859,1.369527,0.005376,0.227735,0.018856,0.775292,0.004892,-0.000061,-0.001322,0.005215,0.051758,2.171575,2.994785,2.223333,3.000000,0,1.258792
19716.543849,1.402222,0.005523,0.242051,0.019397,0.774199,0.004756,-0.000057,-0.001145,0.006505,0.051068,2.205598,2.993495,2.256667,3.000000,0,1.294566
19716.563847,1.435130,0.005603,0.255383,0.018517,0.772368,0.004899,0.000061,0.003689,0.008010,0.052207,2.241126,2.991990,2.293333,3.000000,0,1.330825
19716.598243,1.467724,0.005383,0.261757,0.017462,0.769712,-0.015247,0.000389,0.009911,0.007455,0.054158,2.275842,2.992545,2.330000,3.000000,0,1.367974
19716.604330,1.499014,0.005135,0.263058,0.014769,0.767721,0.023453,0.000404,0.013355,0.008809,0.053789,2.312878,2.991191,2.366667,3.000000,0,1.405900
19716.623860,1.530633,0.004995,0.266176,0.012403,0.763863,0.005327,0.000276,0.013386,0.008533,0.053758,2.349576,2.991467,2.403333,3.000000,0,1.444448
19716.643847,1.561476,0.003501,0.235225,0.008393,0.760507,0.004471,0.000330,0.014759,0.008747,0.055726,2.387607,2.991253,2.443333,3.000000,0,1.483336
19716.663851,1.591493,0.002135,0.190075,0.004998,0.756330,0.003887,0.000281,0.012564,0.008988,0.057736,2.425597,2.991012,2.483333,3.000000,0,1.523283
19716.699039,1.620337,0.000988,0.140102,0.002049,0.752652,-0.014301,0.000309,0.036479,0.009133,0.055682,2.464318,2.990867,2.520000,3.000000,0,1.564054
19716.704829,1.648723,0.000178,0.093957,-0.000944,0.748794,0.020717,0.000296,-0.013262,0.008401,0.060089,2.503244,2.991599,2.563333,3.000000,0,1.604118
19716.723846,1.676361,-0.000099,0.059498,-0.005257,0.745656,0.004991,0.001182,0.035368,0.007262,0.060019,2.543314,2.992738,2.603333,3.000000,0,1.644618
19716.743856,1.703467,-0.000722,0.022843,-0.009079,0.741948,0.003985,0.000913,0.036194,0.006424,0.058943,2.584390,2.993576,2.643333,3.000000,0,1.687023
19716.763873,1.730134,-0.001963,-0.027740,-0.012350,0.737421,0.004018,0.000839,0.024998,0.005167,0.060314,2.626353,2.994833,2.686667,3.000000,0,1.730084
19716.799010,1.756217,-0.002879,-0.091442,-0.014961,0.732823,-0.012001,0.001278,0.077760,0.003803,0.061345,2.668655,2.996197,2.730000,3.000000,0,1.773586
19716.804815,1.781685,-0.002620,-0.124827,-0.018247,0.729057,0.023194,0.001626,0.015831,0.001889,0.054746,2.718587,2.998111,2.773333,3.000000,0,1.821212
19716.823848,1.810951,-0.002021,-0.139830,-0.019933,0.720716,0.001055,0.000616,0.025249,0.001012,0.064621,2.755379,2.998988,2.820000,3.000000,0,1.866985
19716.843840,1.830987,-0.003987,-0.204779,-0.021420,0.718780,0.003603,0.000276,0.011457,-0.000801,0.066950,2.799716,3.000801,2.866667,3.000000,0,1.909352
19716.863839,1.854146,-0.004699,-0.270030,-0.022843,0.716656,0.003135,0.000376,0.010551,-0.002839,0.062660,2.844007,3.002839,2.906667,3.000000,0,1.954637
19716.899419,1.876402,-0.004455,-0.316982,-0.023321,0.714479,-0.010509,-0.000268,0.023583,-0.004610,0.062536,2.890797,3.004610,2.953333,3.000000,0,2.001369
19716.905363,1.898964,-0.004081,-0.348614,-0.022901,0.711572,0.019647,0.000410,-0.019503,-0.007479,0.055517,2.944483,3.007479,3.000000,3.000000,0,2.052303
19716.923869,1.924052,-0.003533,-0.375488,-0.020627,0.706468,0.001140,-0.000600,-0.016847,-0.009018,0.065915,2.984085,3.009018,3.050000,3.000000,0,2.100695
19716.943837,1.941485,-0.002964,-0.381683,-0.020071,0.703917,0.003517,-0.000182,-0.011132,-0.010941,0.067917,3.032083,3.010941,3.100000,3.000000,0,2.145622
19716.963850,1.962181,-0.001969,-0.374073,-0.018663,0.700080,0.003367,-0.000064,-0.005668,-0.014160,0.062226,3.081107,3.014160,3.143333,3.000000,0,2.194490
19716.999684,1.982256,-0.001089,-0.352776,-0.018147,0.695178,-0.009471,0.000023,-0.011066,-0.015954,0.063951,3.129382,3.015954,3.193333,3.000000,0,2.244397
19717.005644,2.001501,-0.000721,-0.334086,-0.016333,0.689700,0.017367,-0.000232,0.002807,-0.017697,0.056661,3.186673,3.017697,3.243333,3.000000,0,2.297923
19717.023865,2.023526,-0.000686,-0.321739,-0.013202,0.681968,0.001007,-0.000784,-0.026616,-0.021788,0.070430,3.226237,3.021788,3.296667,3.000000,0,2.348192
19717.043842,2.038035,-0.000251,-0.306278,-0.012476,0.678123,0.003580,-0.000887,-0.029626,-0.025217,0.070469,3.276198,3.025217,3.346667,3.000000,0,2.394663
19717.063853,2.055978,-0.000103,-0.292228,-0.012126,0.673466,0.004300,-0.000969,-0.032524,-0.025970,0.065077,3.328257,3.025970,3.393333,3.000000,0,2.445671
19717.099423,2.074135,-0.000137,-0.285532,-0.011285,0.668038,-0.006223,-0.000289,-0.038867,-0.026937,0.062686,3.380648,3.026937,3.443333,3.000000,0,2.498966
19717.105165,2.091378,0.000711,-0.262798,-0.012255,0.662791,0.015071,0.000277,0.027780,-0.027621,0.055103,3.441564,3.027621,3.496667,3.000000,0,2.556484
19717.123874,2.110117,0.001118,-0.226662,-0.016909,0.656378,0.001289,0.001217,0.034786,-0.029890,0.069077,3.484256,3.029890,3.553333,3.000000,0,2.609764
19717.143853,2.122640,0.000624,-0.222623,-0.026749,0.652912,0.003322,0.003442,0.110332,-0.033072,0.071104,3.535563,3.033072,3.606667,3.000000,0,2.658368
19717.163851,2.137404,0.000080,-0.230051,-0.040130,0.647769,0.004089,0.002045,0.106466,-0.034182,0.066095,3.590571,3.034182,3.656667,3.000000,0,2.711740
19717.199306,2.152082,-0.004730,-0.349440,-0.057119,0.640130,-0.003335,0.002113,0.273502,-0.034331,0.064925,3.645075,3.034331,3.710000,3.000000,0,2.767180
19717.205226,2.165490,-0.007108,-0.543961,-0.077522,0.631376,0.012855,0.007074,0.025528,-0.035317,0.058218,3.708449,3.035317,3.766667,3.000000,0,2.825795
19717.223839,2.180604,-0.003884,-0.652388,-0.109891,0.621996,0.004144,0.006824,0.249018,-0.036001,0.068974,3.754359,3.036001,3.823333,3.000000,0,2.881125
19717.243838,2.189294,-0.010238,-0.927224,-0.144673,0.612668,0.005130,0.005608,0.248147,-0.035634,0.074343,3.805657,3.035634,3.880000,3.000000,0,2.930458
19717.263837,2.196274,-0.016136,-1.333979,-0.176062,0.602668,0.005528,0.004405,0.134622,-0.036546,0.069126,3.860874,3.036546,3.930000,3.000000,0,2.982111
19717.299188,2.200699,-0.018071,-1.854863,-0.201810,0.593791,0.011895,0.000542,0.523655,-0.031425,0.062120,3.917880,3.031425,3.980000,3.000000,0,3.036861
19717.304707,2.206376,-0.010389,-2.188421,-0.223704,0.585759,0.006312,0.012027,-0.009778,-0.019172,0.071578,3.966754,3.023028,4.036730,2.998649,0,3.089659
19717.323840,2.210831,0.000225,-2.348847,-0.241980,0.579134,0.006204,0.002194,0.076697,-0.010776,0.069418,4.019950,3.015086,4.086458,2.992468,0,3.140840
19717.343841,2.208307,-0.000940,-2.695095,-0.248757,0.571301,0.002542,0.000530,0.010895,-0.001480,0.077154,4.064809,3.003224,4.138532,2.980426,0,3.190825
19717.363840,2.200742,0.003020,-3.035223,-0.241540,0.565966,0.003534,0.000380,-0.001915,-0.002132,0.070243,4.121512,2.992245,4.185925,2.964146,0,3.241472
19717.399420,2.194330,0.012305,-3.262018,-0.238191,0.563804,0.007540,-0.007398,0.051509,0.011081,0.076371,4.158625,2.968735,4.231451,2.943205,0,3.292565
19717.405151,2.183037,0.022167,-3.399381,-0.223748,0.558861,-0.006944,0.007951,-0.062685,0.003536,0.059376,4.223093,2.947473,4.274651,2.917812,0,3.347225
19717.423854,2.173346,0.033447,-3.475804,-0.223300,0.558484,0.001008,-0.000992,-0.007135,0.010966,0.077554,4.253673,2.925227,4.320255,2.883975,0,3.399335
19717.443852,2.164537,0.039673,-3.473010,-0.216266,0.561610,0.000312,-0.000393,-0.018622,0.006389,0.078472,4.297588,2.901560,4.357080,2.849991,0,3.443606
19717.463849,2.154901,0.044663,-3.448364,-0.211857,0.565623,0.001593,0.000155,-0.014327,0.006692,0.072764,4.337171,2.867373,4.388222,2.815093,0,3.491449
19717.499685,2.147045,0.047562,-3.401629,-0.213564,0.569396,0.008415,0.002017,-0.031288,-0.000575,0.072500,4.376216,2.838072,4.415967,2.777438,0,3.539069
19717.505708,2.138825,0.047645,-3.346339,-0.215327,0.573071,-0.006692,-0.002030,0.037696,-0.011513,0.064464,4.419603,2.799557,4.440071,2.737355,0,3.587355
19717.523848,2.129350,0.044982,-3.296453,-0.217554,0.576489,0.001874,0.000817,0.004431,-0.016905,0.077797,4.447335,2.770434,4.461619,2.692113,0,3.631109
19717.543853,2.123314,0.042288,-3.276179,-0.218022,0.580411,0.000187,0.000135,0.003793,-0.018058,0.076861,4.470500,2.730048,4.476550,2.651327,0,3.670718
19717.563850,2.115301,0.038482,-3.264818,-0.212481,0.583437,-0.000154,-0.000162,-0.008306,-0.023093,0.073916,4.492988,2.689875,4.487143,2.612656,0,3.713936
19717.599460,2.108059,0.035382,-3.257349,-0.202207,0.586729,0.004061,0.001505,-0.042061,-0.026787,0.073175,4.511368,2.646157,4.495082,2.569954,0,3.757419
19717.605465,2.102332,0.033663,-3.230416,-0.188720,0.589481,-0.004975,-0.002578,0.012771,-0.026662,0.062000,4.522595,2.590061,4.499285,2.526724,0,3.805804
19717.623864,2.096175,0.031389,-3.189587,-0.168055,0.586668,-0.000802,-0.002638,-0.095334,-0.037734,0.074724,4.537734,2.554724,4.500000,2.480000,0,3.852386
19717.643853,2.093633,0.031057,-3.131346,-0.148499,0.589247,-0.001048,-0.001913,-0.095541,-0.046855,0.071039,4.546855,2.504372,4.500000,2.433333,0,3.897217
19717.663854,2.092653,0.033249,-2.975211,-0.129120,0.589580,-0.001209,-0.003343,-0.106944,-0.056564,0.073988,4.556564,2.460655,4.500000,2.386667,0,3.944730
19717.699347,2.093087,0.032915,-2.760898,-0.109119,0.590920,-0.003507,0.002891,-0.320323,-0.070033,0.072457,4.570033,2.412457,4.500000,2.340000,0,3.991532
19717.705565,2.095480,0.032898,-2.498413,-0.094119,0.591220,0.003093,-0.006447,0.189341,-0.070064,0.062865,4.570064,2.356199,4.500000,2.293333,0,4.043690
19717.723837,2.099980,0.028058,-2.167844,-0.075782,0.584798,-0.001028,-0.003512,-0.157928,-0.070483,0.081181,4.570483,2.321181,4.500000,2.240000,0,4.090289
19717.743848,2.103878,0.024846,-1.954011,-0.057175,0.584607,-0.001036,-0.007924,-0.256387,-0.080421,0.074957,4.580421,2.268290,4.500000,2.193333,0,4.134437
19717.763835,2.109178,0.018953,-1.755331,-0.047064,0.579433,-0.001443,-0.010566,-0.340078,-0.077546,0.070357,4.577546,2.220357,4.500000,2.150000,0,4.183927
19717.798981,2.114282,0.012683,-1.650325,-0.034228,0.574144,-0.006175,-0.010470,-0.667959,-0.072954,0.071093,4.572954,2.171093,4.500000,2.100000,0,4.233095
19717.804580,2.119717,0.008679,-1.587690,-0.018554,0.569639,0.003543,-0.011511,-0.206219,-0.069539,0.065849,4.569539,2.119182,4.500000,2.053333,0,4.284353
19717.823840,2.125172,0.004842,-1.597955,-0.001940,0.564566,0.000373,-0.005273,-0.227215,-0.062751,0.068654,4.562751,2.068654,4.500000,2.000000,0,4.335393
19717.843838,2.131581,0.021121,-1.114437,0.006182,0.560241,0.000820,-0.005893,-0.191589,-0.060847,0.066703,4.560847,2.016703,4.500000,1.950000,0,4.386899
19717.863827,2.138290,0.021369,-0.699835,0.009695,0.556715,0.000499,-0.001855,-0.103321,-0.058919,0.070118,4.558919,1.966784,4.500000,1.896667,0,4.438478
19717.903815,2.144563,0.019715,-0.357052,0.009126,0.553437,-0.005085,0.006092,-0.135819,-0.053135,0.069499,4.553135,1.916165,4.500000,1.846667,0,4.489491
19717.910140,2.150780,0.015549,-0.072713,0.008037,0.550444,0.006844,-0.005790,0.124325,-0.046591,0.052049,4.546591,1.848716,4.500000,1.796667,0,4.548217
19717.923858,2.159362,0.007579,0.103622,0.009065,0.542690,0.000380,0.000135,-0.006976,-0.048786,0.079019,4.548786,1.815686,4.500000,1.736667,0,4.599964
19717.943843,2.163126,0.004790,0.128973,0.008685,0.540815,0.000833,-0.000040,-0.002222,-0.047723,0.077648,4.547723,1.764314,4.500000,1.686667,0,4.643711
19717.963850,2.168707,0.002040,0.148189,0.008798,0.537218,0.000685,-0.000012,-0.000441,-0.046461,0.072256,4.546461,1.712256,4.500000,1.640000,0,4.694631
19718.006115,2.173848,0.000728,0.156407,0.010347,0.532928,-0.003644,0.000003,-0.021243,-0.045822,0.069842,4.545822,1.659842,4.500000,1.590000,0,4.746864
19718.012458,2.178831,0.000106,0.159548,0.009836,0.527811,0.005259,-0.000404,-0.003278,-0.047900,0.055212,4.547900,1.591879,4.500000,1.536667,0,4.806066
19718.023850,2.185286,-0.000283,0.159682,0.004812,0.520376,0.000796,0.000743,0.020161,-0.051411,0.079971,4.551411,1.559971,4.500000,1.480000,0,4.857541
19718.043848,2.187944,-0.000431,0.158484,-0.002340,0.518276,0.000938,0.002876,0.094749,-0.045078,0.082999,4.545078,1.509665,4.500000,1.426667,0,4.900373
19718.063829,2.191979,-0.000423,0.158861,-0.009623,0.513963,0.001163,0.004545,0.149500,-0.043592,0.076119,4.543592,1.459452,4.500000,1.383333,0,4.949456
19718.100360,2.195884,-0.000639,0.152422,-0.020815,0.508909,-0.000654,0.002155,0.268220,-0.038013,0.071343,4.538013,1.408009,4.500000,1.336667,0,5.000163
19718.106180,2.199369,-0.005202,0.046515,-0.032309,0.501604,0.002717,0.000682,-0.132824,-0.035816,0.064773,4.535816,1.348106,4.500000,1.283333,0,5.055239
19718.123849,2.202518,-0.007864,-0.189555,-0.046876,0.493160,0.001458,0.005939,0.193995,-0.034821,0.078219,4.534821,1.308219,4.500000,1.230000,0,5.105568
19718.143850,2.204577,-0.006076,-0.283996,-0.069383,0.487879,0.001837,0.003385,0.181720,-0.035185,0.076689,4.535185,1.256689,4.500000,1.180000,0,5.152656
19718.163841,2.205798,-0.011631,-0.548403,-0.097575,0.483703,0.002197,0.005924,0.191410,-0.036037,0.072131,4.536037,1.205464,4.500000,1.133333,0,5.203289
19718.201689,2.205707,-0.013347,-0.899313,-0.129562,0.480754,0.008017,0.007319,0.747964,-0.032943,0.072939,4.532943,1.156272,4.500000,1.083333,0,5.252605
19718.207997,2.205778,-0.007988,-1.084236,-0.169562,0.470754,0.002992,0.013642,0.138995,-0.030551,0.062975,4.530551,1.096308,4.500000,1.033333,0,5.305272
19718.223852,2.205873,-0.001857,-1.187920,-0.209562,0.460754,0.005783,0.009106,0.320153,-0.028184,0.077252,4.530852,1.056058,4.499600,0.979995,0,5.353956
19718.243842,2.201274,-0.010702,-1.489479,-0.249562,0.450754,0.002309,0.000802,0.033977,-0.014183,0.079251,4.520212,1.006688,4.495103,0.930193,0,5.397638
19718.263842,2.187087,-0.023194,-2.229205,-0.254557,0.447965,0.000909,0.000314,0.008921,-0.009339,0.075185,4.513202,0.958739,4.487198,0.887579,0,5.444515
19718.299153,2.171931,-0.019276,-2.803449,-0.263448,0.444955,0.014223,-0.009290,0.212033,-0.005458,0.073700,4.502968,0.910876,4.474592,0.842640,0,5.491780
19718.304696,2.156192,-0.008607,-3.192119,-0.271579,0.444326,-0.012046,0.009135,-0.164691,-0.003010,0.072699,4.489823,0.864433,4.457851,0.799072,0,5.538611
19718.323841,2.139200,0.003668,-3.443049,-0.277394,0.444507,-0.000232,0.000627,0.000654,0.003340,0.070091,4.468230,0.820153,4.437121,0.757255,0,5.586100
19718.343845,2.120691,0.014690,-3.603898,-0.277361,0.442915,0.000206,-0.000001,-0.001433,-0.001013,0.069799,4.452846,0.774577,4.412582,0.717553,0,5.632702
19718.363846,2.101175,0.023875,-3.700757,-0.277613,0.443706,0.000133,0.000022,-0.000616,0.001960,0.067447,4.426064,0.733426,4.384448,0.680313,0,5.679023
19718.403107,2.081237,0.030810,-3.749466,-0.277617,0.443580,0.019127,-0.001842,-0.001268,0.000835,0.068600,4.400962,0.694875,4.352963,0.645858,0,5.725307
19718.409285,2.060642,0.035027,-3.769867,-0.274010,0.442895,-0.018279,0.000938,-0.000962,-0.006807,0.064781,4.372686,0.650493,4.318404,0.614488,0,5.771440
19718.423828,2.036198,0.036868,-3.770794,-0.270183,0.442722,-0.002066,-0.000461,-0.008238,-0.000269,0.071105,4.340027,0.626227,4.281069,0.586478,0,5.815879
19718.443829,2.020094,0.036355,-3.764973,-0.266108,0.443943,-0.001431,-0.000719,-0.017672,-0.008357,0.076034,4.314632,0.593534,4.244201,0.563691,0,5.854870
19718.463859,2.000192,0.034135,-3.754686,-0.261290,0.447901,-0.001239,-0.000831,-0.025243,-0.003483,0.068270,4.272036,0.570871,4.208535,0.545563,0,5.896004
19718.496900,1.981681,0.030866,-3.744585,-0.260619,0.451152,0.009170,0.002208,-0.032600,-0.010785,0.072280,4.243126,0.545010,4.171532,0.530344,0,5.937035
19718.503841,1.964094,0.027227,-3.726772,-0.259140,0.455846,-0.009254,-0.002391,0.019237,-0.009026,0.071191,4.201300,0.527079,4.130215,0.517254,0,5.975869
19718.523820,1.949449,0.023671,-3.695951,-0.264894,0.460093,0.000571,0.000436,0.011395,-0.012903,0.069915,4.165570,0.509547,4.094477,0.509007,0,6.015114
19718.543844,1.934974,0.019248,-3.675640,-0.271541,0.463645,0.001119,0.000499,0.014486,-0.014273,0.067669,4.123744,0.496271,4.054917,0.503025,0,6.054022
19718.563825,1.921229,0.014302,-3.674947,-0.282199,0.466315,0.000861,0.000618,0.017204,-0.018065,0.072892,4.088407,0.484356,4.015005,0.500225,0,6.091138
19718.597422,1.907068,0.009408,-3.697732,-0.290381,0.468600,0.011948,0.003681,0.069648,-0.019600,0.067388,4.044804,0.477968,3.978329,0.500470,0,6.128405
19718.603847,1.894146,0.005804,-3.719287,-0.297517,0.469538,-0.007904,-0.001207,0.001160,-0.023746,0.068687,4.007223,0.471818,3.941770,0.503402,0,6.165789
19718.623847,1.881310,0.002861,-3.740103,-0.300000,0.469209,0.002688,0.001872,0.048879,-0.026428,0.067095,3.966415,0.470377,3.905523,0.509007,0,6.200676
19718.643843,1.869099,0.000376,-3.761067,-0.300000,0.468126,0.001440,0.000749,0.025470,-0.033242,0.065655,3.924518,0.468060,3.869785,0.517254,0,6.237112
19718.663820,1.855994,-0.002927,-3.803824,-0.300000,0.465746,0.000460,0.000096,0.000866,-0.040455,0.062566,3.880428,0.469238,3.834748,0.528098,0,6.274722
19718.698830,1.842278,-0.005932,-3.865934,-0.300000,0.462944,0.010393,0.001078,0.030476,-0.046957,0.062118,3.838838,0.473647,3.800600,0.541481,0,6.311986
19718.704404,1.828686,-0.007883,-3.918203,-0.300000,0.460602,-0.009394,-0.000954,-0.028147,-0.052152,0.062610,3.798708,0.482049,3.767525,0.557332,0,6.347909
19718.723848,1.815469,-0.009252,-3.958618,-0.295100,0.459322,-0.000397,-0.000343,-0.009721,-0.056240,0.064204,3.760474,0.493885,3.735701,0.575564,0,6.382535
19718.743850,1.802601,-0.010444,-3.988011,-0.281702,0.459050,-0.000686,-0.000554,-0.019753,-0.058784,0.060139,3.722487,0.511284,3.707999,0.594124,0,6.417653
19718.763849,1.790720,-0.010864,-3.989592,-0.286191,0.458681,0.000217,0.000127,0.004676,-0.060289,0.063956,3.689370,0.529338,3.679032,0.616621,0,6.452333
19718.798318,1.779560,-0.011783,-3.973547,-0.292214,0.460279,0.008350,0.001873,0.009196,-0.059649,0.061924,3.657665,0.552956,3.654193,0.638866,0,6.486345
19718.803960,1.768237,-0.014026,-3.972156,-0.292113,0.461289,-0.007944,-0.001833,-0.006353,-0.059936,0.057682,3.625557,0.579705,3.630892,0.662717,0,6.522339
19718.823846,1.757119,-0.016579,-3.980082,-0.285400,0.460051,-0.000321,-0.000293,-0.009653,-0.058290,0.058018,3.597256,0.609039,3.607161,0.690682,0,6.559085
19718.843846,1.746791,-0.018519,-3.979215,-0.273658,0.458577,-0.000545,-0.000516,-0.017889,-0.054697,0.060918,3.574281,0.639220,3.585543,0.720311,0,6.594773
19718.863849,1.737643,-0.019557,-3.954248,-0.257094,0.457973,-0.000720,-0.000758,-0.027811,-0.051986,0.064805,3.553263,0.669372,3.566156,0.751445,0,6.628188
19718.903184,1.730223,-0.019549,-3.889169,-0.234344,0.458709,0.002616,-0.000724,-0.190691,-0.049578,0.064780,3.534374,0.700960,3.550554,0.780914,0,6.660883
19718.910254,1.724237,-0.019686,-3.794030,-0.210687,0.462575,-0.008406,-0.006907,-0.039128,-0.040175,0.053076,3.519770,0.747047,3.536951,0.811358,0,6.699618
19718.923861,1.715394,-0.023756,-3.730975,-0.176243,0.461246,-0.002312,-0.006385,-0.180710,-0.037069,0.071270,3.511085,0.766581,3.524369,0.845809,0,6.733634
19718.943860,1.714637,-0.019680,-3.587868,-0.146796,0.468273,-0.002532,-0.004051,-0.172304,-0.025544,0.077996,3.508083,0.799256,3.514345,0.881090,0,6.760259
19718.963851,1.716249,-0.009195,-3.163597,-0.119746,0.474729,-0.000883,-0.002132,-0.090391,-0.017867,0.071311,3.504379,0.833773,3.508695,0.907161,0,6.792437
19718.998043,1.720551,-0.002613,-2.629425,-0.096700,0.479448,-0.004458,0.002310,-0.313695,-0.008656,0.068131,3.504035,0.868126,3.504010,0.936804,0,6.826678
19719.003851,1.725872,-0.001424,-2.140984,-0.075560,0.483354,0.003210,-0.006111,0.159152,0.000611,0.070251,3.505068,0.903214,3.500712,0.973332,0,6.861340
19719.023847,1.731118,-0.005415,-1.802888,-0.056566,0.487746,-0.002249,-0.009252,-0.267600,0.006871,0.068316,3.506871,0.938350,3.500000,1.006667,0,6.897654
19719.043850,1.736342,-0.009285,-1.591874,-0.039604,0.493142,-0.001664,-0.004346,-0.191987,0.005860,0.068461,3.505860,0.974872,3.500000,1.043333,0,6.934514
19719.063849,1.742749,-0.003286,-1.282908,-0.028504,0.497550,-0.000677,-0.002714,-0.080458,0.012448,0.069848,3.512448,1.010152,3.500000,1.080000,0,6.970382
19719.098288,1.750230,0.000342,-0.923895,-0.018584,0.501496,-0.006138,-0.000238,-0.204352,0.008889,0.069006,3.508889,1.047660,3.500000,1.116667,0,7.007006
19719.103912,1.758211,0.001895,-0.659075,-0.010170,0.504988,0.005728,-0.001738,0.106293,0.015392,0.067740,3.515392,1.085593,3.500000,1.153333,0,7.045607
19719.123879,1.766308,0.001614,-0.458250,0.001096,0.508653,-0.000217,-0.001579,-0.069238,0.014971,0.066900,3.514971,1.123100,3.500000,1.190000,0,7.083750
19719.143851,1.774540,0.003455,-0.274364,0.011342,0.511612,0.000077,-0.000814,-0.036434,0.015461,0.067640,3.515461,1.162360,3.500000,1.230000,0,7.122296
19719.163851,1.783069,0.005906,-0.068401,0.022568,0.513517,0.000202,-0.000886,-0.040071,0.013627,0.064078,3.513627,1.202589,3.500000,1.266667,0,7.162592
19719.206650,1.791631,0.007736,0.121196,0.035940,0.514310,-0.008941,0.000038,-0.193192,0.014523,0.063692,3.514523,1.242975,3.500000,1.306667,0,7.203392
19719.212200,1.800032,0.009522,0.303274,0.053339,0.515119,0.009192,-0.002837,0.089621,0.019243,0.056176,3.519243,1.293824,3.500000,1.350000,0,7.248121
19719.223856,1.811297,0.009284,0.490309,0.082094,0.515039,0.001392,-0.007095,-0.184373,0.016425,0.070887,3.516425,1.322446,3.500000,1.393333,0,7.288365
19719.243844,1.816213,0.010464,0.569752,0.106476,0.516446,0.000750,-0.001503,-0.067028,0.013372,0.070792,3.513372,1.362541,3.500000,1.433333,0,7.324430
19719.263849,1.821772,0.023412,1.043060,0.124562,0.514692,0.000755,-0.001208,-0.052635,0.012740,0.067297,3.512740,1.402703,3.500000,1.470000,0,7.364619
19719.299039,1.826792,0.027803,1.454699,0.141722,0.514695,-0.002329,0.001091,-0.226428,0.010511,0.067859,3.511769,1.442391,3.499899,1.510026,0,7.404003
19719.304676,1.831072,0.029015,1.794112,0.159128,0.516934,0.003416,-0.003365,0.121632,-0.000490,0.066400,3.503648,1.483932,3.497489,1.550048,0,7.444727
19719.323846,1.835140,0.027066,2.030648,0.177926,0.520107,0.003144,-0.006945,-0.192421,-0.008379,0.064284,3.495175,1.525004,3.491879,1.589748,0,7.487995
19719.343844,1.839504,0.023838,2.164338,0.196394,0.524087,0.003013,-0.004976,-0.184024,-0.017603,0.063312,3.481984,1.566384,3.482235,1.632098,0,7.532424
19719.363844,1.842238,0.025891,2.342148,0.211651,0.526376,0.001197,-0.000828,-0.031247,-0.025434,0.062370,3.466733,1.606130,3.468951,1.673450,0,7.577191
19719.399010,1.842111,0.031081,2.673149,0.218254,0.526654,0.001518,0.002080,-0.149242,-0.026912,0.065094,3.454620,1.646184,3.450691,1.716512,0,7.621695
19719.404661,1.841674,0.030938,2.936626,0.221807,0.528796,-0.000013,-0.002669,0.112495,-0.031000,0.064284,3.436288,1.683700,3.430201,1.754808,0,7.665878
19719.423849,1.841299,0.027834,3.112260,0.220609,0.531243,0.000210,-0.000073,0.005464,-0.033317,0.063179,3.416173,1.720419,3.406464,1.791182,0,7.710421
19719.443850,1.840580,0.024384,3.225457,0.217904,0.534675,0.000159,0.000166,0.008933,-0.033446,0.066615,3.395911,1.755664,3.377477,1.827889,0,7.754051
19719.463851,1.840093,0.020727,3.284264,0.212736,0.539098,0.000088,0.000301,0.014014,-0.035792,0.065069,3.369487,1.788448,3.347596,1.859412,0,7.798172
19719.498240,1.840076,0.017323,3.295709,0.204994,0.542829,-0.000047,0.001190,0.046290,-0.035872,0.064158,3.342302,1.819938,3.315093,1.888222,0,7.842989
19719.503840,1.840872,0.014178,3.262981,0.194796,0.546789,0.000444,-0.000121,-0.013516,-0.035820,0.062838,3.312180,1.849220,3.280212,1.914103,0,7.887222
19719.523845,1.841802,0.012672,3.219810,0.182512,0.550909,-0.000429,0.001264,0.056192,-0.036659,0.064682,3.279396,1.875242,3.240291,1.938475,0,7.932586
19719.543843,1.844115,0.009906,3.128708,0.166635,0.554149,-0.000001,0.000930,0.043902,-0.036758,0.063897,3.245018,1.898299,3.201331,1.957674,0,7.977314
19719.563846,1.848143,0.006482,2.963866,0.149341,0.557965,0.000132,0.001055,0.051107,-0.036318,0.066455,3.209293,1.919062,3.157684,1.974485,0,8.021274
19719.599154,1.853554,0.003870,2.758690,0.130431,0.561111,-0.004499,-0.000864,0.203450,-0.035533,0.063755,3.169691,1.937034,3.115910,1.986379,0,8.065792
19719.604801,1.860224,0.001687,2.516086,0.111624,0.562904,0.004772,0.003483,-0.087015,-0.033019,0.063718,3.131454,1.952604,3.073262,1.994604,0,8.109860
19719.623851,1.867216,0.002970,2.316759,0.092593,0.564329,-0.000359,0.002796,0.113386,-0.030268,0.063277,3.091403,1.965078,3.030061,1.999096,0,8.152969
19719.643850,1.875026,-0.000007,2.059139,0.077230,0.566184,-0.000066,0.001129,0.054403,-0.023318,0.062850,3.049517,1.976682,2.986667,2.000000,0,8.195917
19719.663845,1.884004,-0.003281,1.724903,0.068612,0.567520,0.000126,0.000637,0.030786,-0.013012,0.065521,3.008854,1.986988,2.943333,2.000000,0,8.238472
19719.699320,1.893260,-0.002881,1.452859,0.064644,0.567309,-0.006549,-0.002139,0.097709,-0.004755,0.066259,2.966259,1.995245,2.900000,2.000000,0,8.280910
19719.704910,1.902712,-0.000742,1.265145,0.062976,0.564022,0.008648,0.002647,-0.076723,0.002754,0.058235,2.914902,2.002754,2.856667,2.000000,0,8.328682
19719.723847,1.913840,0.002432,1.146263,0.063132,0.555016,-0.000672,-0.000136,0.009306,0.007046,0.069115,2.879115,2.007046,2.810000,2.000000,0,8.373619
19719.743824,1.920917,0.003777,1.105008,0.066093,0.545980,0.000539,-0.000224,-0.010039,0.011624,0.071659,2.834992,2.011624,2.763333,2.000000,0,8.414026
19719.763849,1.928908,0.005386,1.089697,0.073446,0.535980,0.000540,-0.000547,-0.025264,0.014946,0.067574,2.790907,2.014946,2.723333,2.000000,0,8.458526
19719.799325,1.935937,0.007547,1.128253,0.086147,0.525980,-0.003362,-0.000716,-0.114672,0.017849,0.066371,2.746371,2.017849,2.680000,2.000000,0,8.503234
19719.805093,1.941973,0.010451,1.231434,0.102010,0.515980,0.005531,-0.001895,0.045499,0.020355,0.056091,2.692758,2.020355,2.636667,2.000000,0,8.551823
19719.823850,1.948544,0.010885,1.351310,0.124748,0.505980,0.001542,-0.003603,-0.147121,0.020903,0.068249,2.654916,2.020903,2.586667,2.000000,0,8.597653
19719.843842,1.951601,0.014658,1.507988,0.147641,0.495980,0.001416,-0.001408,-0.061716,0.020458,0.069050,2.609050,2.020458,2.540000,2.000000,0,8.639503
19719.863850,1.952506,0.020998,1.843695,0.168120,0.485980,0.001412,-0.001190,-0.051005,0.018034,0.062887,2.562887,2.018034,2.500000,2.000000,0,8.684694
19719.903178,1.951658,0.023340,2.175266,0.187327,0.476990,0.004869,0.002860,-0.250702,0.010026,0.064806,2.516865,2.013850,2.453279,1.997812,0,8.729686
19719.912748,1.948960,0.023436,2.478345,0.205869,0.469423,-0.001500,-0.005585,0.124874,0.001207,0.042673,2.452015,2.000726,2.410252,1.991879,0,8.783991
19719.923823,1.944546,0.018665,2.768059,0.223782,0.459423,0.002445,-0.003806,-0.081203,-0.001415,0.073221,2.425545,1.998402,2.355058,1.978531,0,8.831467
19719.943812,1.942380,0.016040,2.840995,0.238625,0.455889,0.002455,-0.001895,-0.059756,-0.003611,0.073770,2.380637,1.987438,2.310976,1.962893,0,8.868103
19719.963824,1.934944,0.016908,3.052016,0.249744,0.451840,0.002585,-0.001754,-0.056583,-0.004353,0.064144,2.336862,1.972405,2.277483,1.947757,0,8.911964
19720.019680,1.926633,0.015807,3.229221,0.256216,0.447492,0.017302,0.003870,-0.143040,-0.003904,0.041467,2.276891,1.945032,2.239463,1.926756,0,8.966243
19720.029672,1.912027,0.014040,3.467291,0.251636,0.439355,-0.016194,-0.003997,0.122536,-0.000469,0.006085,2.200509,1.899842,2.195398,1.896507,0,9.039074
19720.049726,1.890140,0.008407,3.643102,0.232655,0.430904,-0.000953,0.002104,0.063207,-0.001466,0.036562,2.167060,1.872859,2.140588,1.847596,0,9.105112
19720.069728,1.879183,0.005805,3.664526,0.209141,0.430081,-0.001116,0.005485,0.156514,-0.004985,0.072067,2.144227,1.851651,2.097465,1.796590,0,9.146506
19720.103375,1.870349,0.004678,3.665139,0.183555,0.431877,-0.003731,0.010251,0.444572,-0.004992,0.057303,2.109424,1.809462,2.074995,1.763383,0,9.189073
19720.109759,1.857503,0.004765,3.664112,0.144574,0.430497,-0.010445,0.010174,0.199516,-0.006606,0.058647,2.086087,1.774870,2.053741,1.725505,0,9.236120
19720.129729,1.846841,0.005815,3.661590,0.104574,0.431432,-0.009139,0.027266,0.820122,-0.010732,0.073460,2.071470,1.747268,2.034621,1.682819,0,9.274036
19720.149700,1.838773,0.005711,3.623654,0.064574,0.432757,-0.014453,0.038969,1.139446,-0.009838,0.060122,2.048313,1.699631,2.021469,1.644942,0,9.315862
19720.169719,1.826843,0.007955,3.592816,0.024574,0.424952,-0.005623,0.014120,0.647263,-0.010950,0.058068,2.034421,1.660554,2.011394,1.606134,0,9.362251
19720.204993,1.823545,-0.024990,2.758939,-0.015426,0.415136,-0.000589,-0.007136,0.803417,-0.009798,0.061842,2.020764,1.620232,2.003615,1.560013,0,9.404240
19720.210241,1.824431,-0.047147,1.394256,-0.046660,0.407126,0.001486,0.013188,-0.535409,-0.008309,0.063684,2.010712,1.580079,2.000279,1.516707,0,9.445627
19720.229692,1.825764,-0.036664,0.494461,-0.076941,0.403488,0.001805,0.008064,0.230497,0.003310,0.064170,1.999148,1.540869,1.999453,1.476614,0,9.487644
19720.249694,1.827041,-0.029554,-0.179035,-0.107040,0.402433,0.003459,0.014781,0.443031,0.013508,0.066974,1.991078,1.501533,1.995539,1.433357,0,9.529580
19720.269699,1.828689,-0.020447,-0.519908,-0.142057,0.404873,0.002314,0.005446,0.245021,0.020308,0.064655,1.982484,1.461358,1.988606,1.393866,0,9.571341
19720.306878,1.826782,-0.030562,-1.078596,-0.169881,0.405286,0.004522,-0.000739,0.437760,0.025027,0.066038,1.973213,1.422350,1.977551,1.351862,0,9.613679
19720.312278,1.822389,-0.038654,-1.744816,-0.189879,0.406060,-0.002298,0.003190,-0.271636,0.027309,0.067158,1.963000,1.383475,1.962893,1.310976,0,9.655217
19720.329703,1.818341,-0.037244,-2.192763,-0.208822,0.410512,0.001051,0.003537,0.059532,0.027491,0.065802,1.951401,1.345623,1.946259,1.274495,0,9.695970
19720.349734,1.813409,-0.035761,-2.526938,-0.225022,0.415968,0.002811,0.005476,0.158930,0.026990,0.064929,1.937553,1.308945,1.926756,1.239463,0,9.736430
19720.369699,1.808606,-0.032090,-2.731943,-0.239396,0.421500,0.001604,0.002352,0.093831,0.026098,0.063933,1.920974,1.273170,1.904508,1.206107,0,9.776215
19720.413625,1.801635,-0.033420,-2.961326,-0.250286,0.426362,0.010308,-0.002105,0.222735,0.025023,0.063072,1.901701,1.238816,1.879660,1.174641,0,9.816030
19720.418918,1.793158,-0.035002,-3.222868,-0.256013,0.431044,-0.008955,0.002759,-0.175047,0.021490,0.046881,1.870485,1.193553,1.852370,1.145267,0,9.862676
19720.429711,1.781862,-0.032337,-3.460861,-0.255021,0.433098,0.001185,-0.000030,0.021493,0.024303,0.077675,1.862222,1.182011,1.817681,1.113893,0,9.899349
19720.449729,1.778623,-0.031252,-3.503879,-0.253247,0.439840,-0.002019,0.000228,-0.015926,0.020774,0.065079,1.829631,1.146113,1.788459,1.091599,0,9.931755
19720.469731,1.769020,-0.028743,-3.602005,-0.249028,0.444285,-0.001259,-0.000766,-0.021409,0.018266,0.058907,1.801296,1.119529,1.760537,1.073244,0,9.973550
19720.506299,1.760946,-0.027068,-3.646760,-0.242266,0.450023,0.004167,-0.001148,-0.041495,0.015680,0.062657,1.771649,1.094170,1.722517,1.052243,0,10.012302
19720.511587,1.754513,-0.024841,-3.641290,-0.232532,0.455994,-0.004435,0.000100,0.010467,0.012025,0.059926,1.739957,1.070894,1.689024,1.037107,0,10.050561
19720.529835,1.748935,-0.023650,-3.610044,-0.219948,0.462165,-0.001683,-0.002827,-0.082442,0.010284,0.070693,1.715591,1.054646,1.651327,1.023450,0,10.085062
19720.549721,1.744636,-0.023298,-3.576627,-0.204298,0.469505,-0.003028,-0.002102,-0.072170,0.003704,0.056148,1.672806,1.031384,1.619159,1.014406,0,10.122905
19720.569708,1.740690,-0.020278,-3.452492,-0.189492,0.474654,-0.000355,-0.000714,-0.032362,-0.001500,0.052412,1.635096,1.014203,1.583165,1.006965,0,10.165168
19720.611421,1.740800,-0.016712,-3.243913,-0.174579,0.480081,-0.002244,-0.000002,-0.251448,-0.007311,0.057550,1.598014,0.998931,1.540062,1.001608,0,10.204651
19720.621319,1.741487,-0.017422,-3.077564,-0.156513,0.484359,-0.001159,-0.007948,-0.033120,-0.019504,0.040088,1.540088,0.980496,1.500000,1.000000,0,10.252694
19720.629721,1.742086,-0.021888,-2.942922,-0.129967,0.482906,-0.001445,-0.004809,-0.112850,-0.022966,0.070674,1.524007,0.977034,1.453333,1.000000,0,10.292389
19720.649694,1.743099,-0.019392,-2.849805,-0.112340,0.491579,-0.001786,-0.004805,-0.155631,-0.031197,0.073771,1.487104,0.968803,1.413333,1.000000,0,10.321428
19720.669733,1.747841,-0.011294,-2.487258,-0.100001,0.500013,-0.003055,-0.007391,-0.217154,-0.038321,0.063658,1.446991,0.961679,1.383333,1.000000,0,10.359129
19720.701530,1.751694,-0.012218,-2.251090,-0.092882,0.507485,-0.007386,-0.008104,-0.408126,-0.045564,0.060442,1.407108,0.954436,1.346667,1.000000,0,10.399473
19720.709714,1.755898,-0.015342,-2.125906,-0.086348,0.513534,0.000607,-0.007410,-0.111558,-0.050266,0.057551,1.364218,0.949734,1.306667,1.000000,0,10.441557
19720.729693,1.759987,-0.017225,-2.056301,-0.082514,0.518225,-0.000623,-0.001238,-0.045803,-0.054881,0.058665,1.321999,0.945119,1.263333,1.000000,0,10.484395
19720.749693,1.767890,-0.008692,-1.733192,-0.086931,0.523482,-0.000633,0.000138,0.004448,-0.058601,0.064066,1.284066,0.941399,1.220000,1.000000,0,10.525227
19720.769692,1.775232,-0.008842,-1.542762,-0.096034,0.528581,-0.000362,0.001217,0.046460,-0.061328,0.062251,1.242251,0.938672,1.180000,1.000000,0,10.565548
19720.824489,1.782423,-0.011989,-1.475186,-0.109885,0.532860,-0.007447,0.003188,0.199992,-0.061516,0.040214,1.180214,0.938484,1.140000,1.000000,0,10.615822
19720.832766,1.794393,-0.015378,-1.507084,-0.128159,0.530797,0.008275,0.004739,0.092002,-0.062079,0.028008,1.118008,0.937921,1.090000,1.000000,0,10.675719
19720.852792,1.804845,-0.015327,-1.526441,-0.157603,0.529252,0.002688,0.006319,0.209356,-0.060115,0.044391,1.074391,0.939885,1.030000,1.000000,0,10.728081
19720.896895,1.810461,-0.022199,-1.726424,-0.185572,0.531075,0.001889,0.009975,0.671782,-0.056124,0.057869,1.031795,0.941778,0.976614,1.000547,0,10.769800
19720.902402,1.816123,-0.023307,-1.894795,-0.214643,0.532787,0.010256,0.009093,0.052918,-0.051380,0.033447,0.963341,0.948825,0.936670,1.004027,0,10.820177
19720.912814,1.825770,-0.020019,-2.004888,-0.250701,0.529676,0.003432,0.006474,0.176584,-0.048115,0.072499,0.943460,0.950010,0.884090,1.013621,0,10.860980
19720.932798,1.826205,-0.025473,-2.149091,-0.275102,0.527323,0.003321,0.002144,0.076625,-0.042926,0.077076,0.905530,0.959829,0.845492,1.024472,0,10.888172
19720.952794,1.822326,-0.038551,-2.678665,-0.279871,0.522639,0.000895,0.000187,0.004365,-0.044632,0.062711,0.862776,0.969222,0.820296,1.033410,0,10.925113
19720.996797,1.816622,-0.042172,-3.155208,-0.281062,0.519682,0.007527,-0.006307,0.240486,-0.044067,0.059763,0.821731,0.982505,0.786506,1.047871,0,10.964491
19721.002062,1.811147,-0.039265,-3.484659,-0.277962,0.518782,-0.007454,0.007238,-0.230402,-0.041875,0.035521,0.760910,1.012428,0.750965,1.066431,0,11.014006
19721.012820,1.802230,-0.030650,-3.778071,-0.267250,0.513741,0.000629,-0.001528,-0.007919,-0.043785,0.069594,0.739894,1.017413,0.708818,1.093536,0,11.054999
19721.032799,1.800210,-0.028410,-3.817753,-0.263445,0.519682,-0.000352,-0.000247,-0.010930,-0.042247,0.073941,0.706375,1.038173,0.677186,1.118174,0,11.083297
19721.052799,1.795430,-0.022317,-3.847246,-0.256690,0.526230,-0.000811,-0.000753,-0.021969,-0.040774,0.063544,0.675551,1.062727,0.657239,1.135974,0,11.118732
19721.097324,1.790843,-0.018432,-3.840776,-0.246705,0.532694,0.002761,-0.001299,-0.099089,-0.042875,0.059945,0.640325,1.088975,0.631424,1.162136,0,11.156402
19721.103375,1.787329,-0.015398,-3.798298,-0.237730,0.539468,-0.003658,0.000059,0.064870,-0.047181,0.030396,0.589410,1.137030,0.607600,1.190125,0,11.206940
19721.112805,1.783250,-0.014037,-3.700105,-0.227157,0.538016,-0.000599,-0.001596,-0.042241,-0.044667,0.070289,0.576379,1.150502,0.576765,1.233782,0,11.247985
19721.132809,1.782377,-0.014345,-3.681648,-0.217498,0.544907,-0.001773,-0.001941,-0.070439,-0.041847,0.072131,0.553091,1.185241,0.556795,1.268549,0,11.276438
19721.152800,1.781294,-0.013387,-3.595415,-0.205186,0.550491,-0.000742,-0.001929,-0.059183,-0.054847,0.059509,0.519841,1.215668,0.545058,1.292569,0,11.313370
19721.198113,1.782640,-0.012341,-3.464336,-0.193696,0.555366,-0.006018,-0.000580,-0.260931,-0.047077,0.063524,0.507276,1.253927,0.529900,1.329688,0,11.350985
19721.204927,1.783492,-0.013414,-3.360904,-0.178058,0.558644,-0.000689,-0.007416,-0.029452,-0.045392,0.027475,0.482397,1.325947,0.518659,1.364682,0,11.404504
19721.212797,1.784588,-0.018179,-3.290675,-0.152758,0.552361,-0.002127,-0.005455,-0.135614,-0.040061,0.078440,0.480509,1.332824,0.506965,1.416835,0,11.444860
19721.232808,1.785428,-0.016830,-3.252558,-0.134128,0.556044,-0.001409,-0.003010,-0.129386,-0.035520,0.077990,0.473269,1.375829,0.501887,1.456607,0,11.470241
19721.252801,1.792312,-0.005484,-2.877029,-0.119501,0.556450,-0.000480,-0.001547,-0.061909,-0.035807,0.065439,0.466679,1.416694,0.500279,1.483293,0,11.509892
19721.299673,1.800028,-0.001135,-2.478954,-0.106236,0.555448,-0.010976,0.005098,-0.302722,-0.032358,0.058609,0.467642,1.461391,0.500000,1.520000,0,11.552089
19721.305689,1.808158,-0.001434,-2.141696,-0.090513,0.552928,0.012005,-0.007883,0.201161,-0.038171,0.021579,0.461829,1.541754,0.500000,1.563333,0,11.612503
19721.312773,1.822884,-0.007991,-1.813282,-0.067995,0.543250,-0.001639,-0.004212,-0.117928,-0.038564,0.074297,0.461436,1.549036,0.500000,1.623333,0,11.659497
19721.332776,1.824572,-0.007954,-1.781809,-0.052003,0.546295,-0.000347,-0.002927,-0.133712,-0.037135,0.076360,0.462865,1.593640,0.500000,1.670000,0,11.688599
19721.352800,1.833911,-0.000263,-1.447818,-0.038618,0.546998,-0.000229,-0.003420,-0.104717,-0.040293,0.061866,0.459707,1.638134,0.500000,1.700000,0,11.731956
19721.399335,1.843276,0.001778,-1.131157,-0.028979,0.547185,-0.012681,-0.002166,-0.383397,-0.040506,0.059900,0.459494,1.683433,0.500000,1.743333,0,11.777169
19721.405161,1.852477,-0.000788,-0.963464,-0.019130,0.547317,0.013533,-0.007641,-0.028813,-0.037812,0.021701,0.462188,1.768299,0.500000,1.790000,0,11.839966
19721.412785,1.868826,-0.005177,-0.874050,-0.002797,0.540338,-0.001595,-0.005458,-0.136301,-0.037598,0.074232,0.462402,1.775768,0.500000,1.850000,0,11.889398
19721.432805,1.870679,-0.003224,-0.826887,0.006623,0.545152,0.000325,-0.002867,-0.117367,-0.034396,0.077349,0.465604,1.822651,0.500000,1.900000,0,11.919760
19721.452802,1.880101,0.006860,-0.475967,0.009389,0.547286,0.000115,-0.000307,-0.012879,-0.035373,0.060807,0.464627,1.869193,0.500000,1.930000,0,11.964710
19721.500719,1.889301,0.009791,-0.157676,0.004812,0.548836,-0.012387,0.004596,-0.038585,-0.035671,0.060217,0.464329,1.916450,0.500000,1.976667,0,12.011991
19721.506678,1.898643,0.007536,0.015742,-0.002544,0.549844,0.013906,-0.001743,0.117517,-0.035201,0.022568,0.464799,2.000765,0.500000,2.023333,0,12.075944
19721.513495,1.915272,0.003370,0.130465,-0.012639,0.544101,-0.001138,0.003088,0.062558,-0.035210,0.078286,0.464790,2.008381,0.500000,2.086667,0,12.125168
19721.532807,1.917021,0.002718,0.128629,-0.022390,0.548360,0.000679,0.001286,0.062237,-0.033673,0.082063,0.466327,2.054603,0.500000,2.136667,0,12.155313
19721.552802,1.925915,-0.005097,-0.046031,-0.030062,0.548714,0.000499,0.001941,0.060078,-0.033706,0.064790,0.466294,2.101876,0.500000,2.166667,0,12.199843
19721.600022,1.934747,-0.007265,-0.219102,-0.040120,0.547848,-0.010217,-0.000460,0.234652,-0.033233,0.060153,0.466767,2.149847,0.500000,2.210000,0,12.246988
19721.605548,1.943395,-0.008573,-0.368727,-0.054145,0.546475,0.012921,0.003151,-0.141924,-0.031235,0.022342,0.468765,2.237658,0.500000,2.260000,0,12.312397
19721.612780,1.958332,-0.007813,-0.601547,-0.082138,0.538881,-0.000420,0.004860,0.127315,-0.031243,0.077845,0.468757,2.245489,0.500000,2.323333,0,12.363674
19721.632777,1.959829,-0.008213,-0.629475,-0.104804,0.539190,0.003348,0.011296,0.343995,-0.031823,0.081401,0.468177,2.295266,0.500000,2.376667,0,12.396070
19721.652796,1.967311,-0.010133,-0.801898,-0.133946,0.536839,0.003680,0.008543,0.340420,-0.032740,0.062606,0.467260,2.344061,0.500000,2.406667,0,12.442922
19721.707160,1.972888,-0.017364,-1.082599,-0.164272,0.533208,0.000448,-0.004720,0.715902,-0.032736,0.060773,0.467264,2.392560,0.500000,2.453333,0,12.490184
19721.713317,1.974514,-0.028185,-1.663504,-0.184644,0.527660,0.003532,0.010050,-0.572286,-0.040165,-0.002752,0.459866,2.506363,0.500011,2.503342,0,12.563335
19721.733331,1.977411,-0.020868,-2.435131,-0.213302,0.517660,0.003870,0.004245,0.128293,-0.034910,0.025066,0.467560,2.557142,0.505897,2.576566,0,12.640137
19721.753332,1.976710,-0.017942,-2.662080,-0.241383,0.514314,0.006480,0.007340,0.214917,-0.035017,0.058383,0.472405,2.606280,0.523450,2.651327,0,12.689177
19721.800708,1.975756,-0.013240,-2.801496,-0.268625,0.511399,0.022683,0.005666,0.609109,-0.040909,0.061582,0.477971,2.654469,0.539675,2.695195,0,12.732637
19721.806876,1.974846,-0.008724,-2.878459,-0.288243,0.506421,0.002703,0.008508,0.060420,-0.046228,0.029035,0.503907,2.730434,0.558352,2.734408,0,12.788760
19721.813330,1.973546,-0.003598,-2.930819,-0.298469,0.496421,0.003515,0.004409,0.089666,-0.044284,0.075398,0.508598,2.745874,0.587779,2.782974,0,12.832389
19721.833332,1.972306,-0.003355,-2.949332,-0.300000,0.492616,0.001634,0.000364,0.010820,-0.046368,0.075007,0.530431,2.789220,0.613893,2.817681,0,12.862153
19721.853329,1.959261,-0.012022,-3.254886,-0.300000,0.487232,0.001151,0.000152,0.001435,-0.046162,0.057072,0.561027,2.829927,0.633691,2.840320,0,12.905916
19721.900816,1.946196,-0.013077,-3.512527,-0.300000,0.484843,0.020295,-0.005508,0.164116,-0.048241,0.057408,0.589671,2.868096,0.664608,2.870826,0,12.949369
19721.906931,1.933223,-0.010256,-3.702285,-0.294402,0.483039,-0.017098,0.005307,-0.142178,-0.055074,0.027684,0.642731,2.925714,0.698056,2.898534,0,13.004650
19721.913327,1.911973,-0.003618,-3.887072,-0.274781,0.478256,-0.001481,-0.000384,-0.019652,-0.054108,0.075787,0.652410,2.938133,0.745192,2.930201,0,13.047174
19721.933333,1.906633,-0.002024,-3.914041,-0.258486,0.484685,-0.001083,-0.000559,-0.021780,-0.058767,0.081493,0.684585,2.968375,0.783488,2.950691,0,13.072956
19721.953331,1.895272,0.003610,-3.897315,-0.238352,0.491090,-0.002235,-0.002183,-0.062991,-0.063421,0.063330,0.721742,2.993990,0.804805,2.960325,0,13.110046
19722.004779,1.884852,0.006436,-3.849785,-0.215858,0.497733,0.006583,-0.000985,-0.368015,-0.061917,0.070324,0.756055,3.011065,0.842316,2.974485,0,13.146738
19722.011487,1.876605,0.006579,-3.813228,-0.191530,0.505140,-0.019177,-0.008301,-0.041837,-0.069091,0.027629,0.833896,3.045011,0.877598,2.984786,0,13.199607
19722.018478,1.856662,0.002476,-3.743371,-0.156402,0.501183,-0.004191,-0.008657,-0.183005,-0.065655,0.065819,0.852009,3.049906,0.926738,2.994604,0,13.245567
19722.033329,1.853052,0.001526,-3.729102,-0.128483,0.508403,-0.002087,-0.003598,-0.117936,-0.065785,0.084041,0.885839,3.060484,0.973276,2.999285,0,13.271178
19722.053327,1.853799,0.015990,-3.304244,-0.108938,0.515738,-0.001358,-0.004636,-0.139773,0.053547,0.077796,0.927123,3.067321,0.993316,2.999955,1,13.311177
19722.098909,1.856573,0.020056,-2.759722,-0.091373,0.523566,-0.009842,0.004309,-0.676216,-0.070849,0.058568,0.971432,3.070849,1.030000,3.000000,1,13.358443
19722.104773,1.858892,0.011645,-2.412518,-0.075010,0.527879,0.001228,-0.016578,0.032485,-0.072972,0.046837,1.029830,3.072972,1.076667,3.000000,1,13.408724
19722.113341,1.862190,-0.001686,-2.175041,-0.056859,0.524387,-0.002570,-0.010509,-0.247136,-0.073631,0.076832,1.049834,3.073631,1.126667,3.000000,1,13.449634
19722.133326,1.863033,-0.003501,-2.119842,-0.045230,0.530331,0.000568,-0.002148,-0.031903,-0.072486,0.067590,1.099077,3.072486,1.166667,3.000000,1,13.485889
19722.153336,1.871826,0.009766,-1.475805,-0.043449,0.528103,-0.000024,-0.000111,-0.005627,-0.073331,0.061295,1.142038,3.073331,1.203333,3.000000,1,13.531362
19722.198837,1.879432,0.008773,-1.081385,-0.043542,0.526705,-0.009192,0.004982,-0.106928,-0.072032,0.066298,1.183702,3.072032,1.250000,3.000000,1,13.574399
19722.204941,1.887087,0.003719,-0.876768,-0.039994,0.526451,0.009686,-0.004784,0.073810,-0.070632,0.045184,1.248149,3.070632,1.293333,3.000000,1,13.626438
19722.213339,1.899060,-0.002044,-0.755726,-0.033397,0.520714,-0.001559,-0.001054,-0.040014,-0.070072,0.087609,1.255724,3.070072,1.343333,3.000000,1,13.665240
19722.233340,1.900543,-0.002225,-0.744704,-0.027379,0.527411,0.001330,-0.003353,-0.091161,-0.068648,0.074569,1.308765,3.068648,1.383333,3.000000,1,13.697178
19722.253330,1.909532,-0.002947,-0.689803,-0.022654,0.527664,-0.000244,-0.004439,-0.136308,-0.066278,0.064528,1.352138,3.066278,1.416667,3.000000,1,13.743267
19722.305190,1.916896,-0.003564,-0.671188,-0.017167,0.529123,-0.013749,-0.004543,-0.312017,-0.063932,0.079240,1.384094,3.063932,1.463333,3.000000,1,13.782446
19722.311958,1.922651,-0.003526,-0.655930,-0.010880,0.533825,0.011680,-0.004651,-0.104522,-0.058587,0.026162,1.473838,3.058587,1.500000,3.000000,1,13.840965
19722.318872,1.937020,-0.004240,-0.667816,-0.001576,0.528260,0.000550,-0.003034,-0.072939,-0.056492,0.065180,1.494820,3.056492,1.560000,3.000000,1,13.896837
19722.333341,1.940127,-0.001530,-0.614537,0.004242,0.532717,0.000764,-0.003015,-0.071714,-0.050629,0.085266,1.531401,3.050629,1.616667,3.000000,1,13.929867
19722.353326,1.946314,0.003962,-0.423836,0.005693,0.537628,0.000171,-0.001052,-0.053689,-0.045942,0.075059,1.574941,3.045942,1.650000,3.000000,1,13.969552
19722.404409,1.954154,0.006963,-0.212270,0.008138,0.541201,-0.011758,0.002693,-0.141496,-0.042635,0.064690,1.621977,3.042635,1.686667,3.000000,1,14.014883
19722.410773,1.962124,0.006569,-0.046009,0.009765,0.541448,0.011289,-0.003550,0.068615,-0.036606,0.033754,1.699579,3.036606,1.733333,3.000000,1,14.075249
19722.417481,1.975874,0.002918,0.068157,0.012943,0.535438,0.000709,-0.001084,-0.020863,-0.034078,0.074428,1.718905,3.034078,1.793333,3.000000,1,14.125723
19722.433327,1.978990,0.002408,0.079128,0.015742,0.539858,0.000217,-0.000735,-0.022255,-0.029820,0.086445,1.756888,3.029820,1.843333,3.000000,1,14.157764
19722.453329,1.985019,0.003265,0.137148,0.017614,0.544747,0.000092,-0.000414,-0.019110,-0.025104,0.072674,1.803993,3.025104,1.876667,3.000000,1,14.199197
19722.498781,1.992623,0.003681,0.202619,0.019149,0.545985,-0.010879,0.000802,-0.060892,-0.022880,0.080441,1.836225,3.022880,1.916667,3.000000,1,14.240082
19722.504652,1.998576,0.003531,0.247901,0.020593,0.551171,0.010059,-0.001435,0.021463,-0.015221,0.047010,1.912990,3.015221,1.960000,3.000000,1,14.292752
19722.513309,2.010893,0.002275,0.289414,0.021582,0.544413,-0.000087,-0.000450,-0.012039,-0.017122,0.078747,1.931253,3.017122,2.010000,3.000000,1,14.341170
19722.533329,2.013883,0.002234,0.298533,0.022973,0.548762,0.002252,-0.000690,-0.015100,-0.008630,0.068022,1.991978,3.008630,2.060000,3.000000,1,14.382268
19722.553327,2.023412,0.002259,0.332800,0.024363,0.544981,0.000656,-0.000333,-0.015487,-0.005534,0.059210,2.040790,3.005534,2.100000,3.000000,1,14.435980
19722.605726,2.030967,0.002485,0.362109,0.023600,0.540249,-0.011445,0.000972,-0.016481,-0.005760,0.078364,2.074969,3.005760,2.153333,3.000000,1,14.480022
19722.612565,2.036456,0.002514,0.388333,0.023110,0.542018,0.011861,-0.000609,0.025068,-0.000328,0.027828,2.172172,3.000328,2.200000,3.000000,1,14.542876
19722.618200,2.050576,0.001601,0.417318,0.020763,0.535590,0.001220,0.000311,0.008579,0.004692,0.065113,2.194887,2.995308,2.260000,3.000000,1,14.604047
19722.633330,2.053506,0.001344,0.417659,0.020775,0.539167,0.000683,0.000118,0.005050,0.007683,0.088140,2.235193,2.992317,2.323333,3.000000,1,14.639775
19722.653328,2.058881,0.000445,0.402281,0.020792,0.543601,0.000294,-0.000001,0.000050,0.009107,0.072323,2.284344,2.990893,2.356667,3.000000,1,14.683349
19722.696300,2.065525,0.000037,0.383080,0.018546,0.544477,-0.006725,-0.000077,0.024772,0.010967,0.069018,2.334316,2.989033,2.403333,3.000000,1,14.732773
19722.702350,2.072271,-0.000343,0.361690,0.016759,0.543382,0.007250,0.000366,-0.011329,0.012677,0.049192,2.400808,2.987323,2.450000,3.000000,1,14.790055
19722.713327,2.081402,-0.000285,0.338037,0.013727,0.536795,0.000925,0.000551,0.014052,0.013673,0.076104,2.433896,2.986327,2.510000,3.000000,1,14.841484
19722.733296,2.085469,-0.000583,0.323027,0.010864,0.538118,0.000588,0.001475,0.046672,0.015259,0.077991,2.482009,2.984741,2.560000,3.000000,1,14.883751
19722.753328,2.091785,-0.000517,0.305285,0.007834,0.537495,0.000462,0.000425,0.025835,0.017911,0.072782,2.530551,2.982089,2.603333,3.000000,1,14.931218
19722.798601,2.097880,-0.002114,0.249996,0.006250,0.535942,-0.006200,-0.000891,0.049738,0.016875,0.067855,2.582145,2.983125,2.650000,3.000000,1,14.981297
19722.804963,2.103892,-0.002683,0.184985,0.003508,0.532401,0.006366,0.001217,-0.025752,0.014648,0.049147,2.650853,2.985352,2.700000,3.000000,1,15.040293
19722.813323,2.111909,-0.001736,0.134901,-0.000674,0.523846,0.001615,0.000811,0.014187,0.013137,0.075239,2.684761,2.986863,2.760000,3.000000,1,15.092829
19722.833297,2.115441,-0.001776,0.113795,-0.004918,0.524431,0.000628,0.000310,0.020349,0.011515,0.074423,2.735577,2.988485,2.810000,3.000000,1,15.137012
19722.853298,2.120598,-0.003318,0.035609,-0.007860,0.522916,-0.000752,0.000567,0.033847,0.008295,0.086388,2.770278,2.991705,2.856667,3.000000,1,15.180658
19722.901371,2.124211,-0.003260,-0.019548,-0.009553,0.524154,-0.004370,-0.001001,0.063358,0.007985,0.064505,2.835495,2.992015,2.900000,3.000000,1,15.230079
19722.908305,2.130259,-0.002883,-0.083912,-0.009961,0.518395,0.005986,0.001107,-0.041258,0.004691,0.036540,2.913460,2.995309,2.950000,3.000000,1,15.298785
19722.913586,2.137624,-0.001756,-0.145823,-0.007870,0.509580,0.001201,-0.000095,-0.006862,0.006817,0.078046,2.938620,2.993183,3.016667,3.000000,1,15.352788
19722.933326,2.139719,-0.001410,-0.153379,-0.008311,0.510648,0.000424,0.000118,0.002628,0.005383,0.081867,2.988133,2.994617,3.070000,3.000000,1,15.392328
19722.953334,2.143490,-0.000261,-0.150998,-0.008609,0.510733,0.000413,0.000050,0.002449,0.004152,0.070721,3.039279,2.995848,3.110000,3.000000,1,15.441230
19722.997782,2.147237,0.000014,-0.150473,-0.009139,0.510032,-0.003340,0.000044,0.008417,0.003103,0.068634,3.091366,2.996897,3.160000,3.000000,1,15.492761
19723.003585,2.151015,0.000074,-0.152359,-0.008166,0.508797,0.004073,0.000006,-0.002075,0.000612,0.049663,3.160337,2.999388,3.210000,3.000000,1,15.552500
19723.013348,2.155996,0.000157,-0.153491,-0.003078,0.502408,0.000963,-0.000833,-0.021517,-0.000747,0.075840,3.194160,3.000747,3.270000,3.000000,1,15.604910
19723.033326,2.158280,0.000389,-0.149658,-0.002219,0.502743,0.000737,-0.001537,-0.050232,-0.001715,0.078683,3.244650,3.001715,3.323333,3.000000,1,15.648355
19723.053328,2.161691,0.000351,-0.147719,-0.000341,0.501513,0.000655,-0.000381,-0.023775,-0.003202,0.070050,3.296617,3.003202,3.366667,3.000000,1,15.699080
19723.104118,2.164902,0.001957,-0.104453,0.000262,0.499446,-0.003647,0.000985,-0.051907,-0.008237,0.079382,3.337285,3.008237,3.416667,3.000000,1,15.746486
19723.111377,2.167258,0.002361,-0.062535,-0.002928,0.500078,0.004895,-0.000712,0.041547,-0.013715,0.024061,3.439272,3.013715,3.463333,3.000000,1,15.814242
19723.116903,2.173023,0.001105,-0.016678,-0.011596,0.491943,0.000666,0.001324,0.031153,-0.011116,0.072943,3.460390,3.011116,3.533333,3.000000,1,15.876945
19723.133327,2.174183,0.000856,-0.013712,-0.020833,0.492703,0.000634,0.002193,0.067321,-0.013787,0.091580,3.505086,3.013787,3.596667,3.000000,1,15.914553
19723.153327,2.176195,-0.002280,-0.089423,-0.032175,0.491856,0.000723,0.005127,0.166040,-0.015335,0.078118,3.555216,3.015335,3.633333,3.000000,1,15.960487
19723.199729,2.178309,-0.002591,-0.155597,-0.048115,0.490098,0.000107,0.005872,0.531838,-0.017754,0.072619,3.607381,3.017754,3.680000,3.000000,1,16.011021
19723.205437,2.180514,-0.001643,-0.190495,-0.069633,0.487002,0.003373,0.008045,0.141143,-0.021329,0.044546,3.685454,3.021329,3.730000,3.000000,1,16.073814
19723.213307,2.183681,-0.000206,-0.206008,-0.106788,0.479112,0.002346,0.012688,0.296001,-0.021172,0.087996,3.705337,3.021172,3.793333,3.000000,1,16.124262
19723.233345,2.184528,-0.000651,-0.220345,-0.143385,0.474534,0.004431,0.008350,0.350165,-0.027008,0.093386,3.749947,3.027008,3.843333,3.000000,1,16.158769
19723.253305,2.182434,-0.019629,-0.775218,-0.159853,0.465645,0.005218,0.010413,0.212976,-0.025782,0.060468,3.816199,3.025782,3.876667,3.000000,1,16.211099
19723.302455,2.180216,-0.020168,-1.377120,-0.183722,0.459492,0.020456,-0.001772,1.018575,-0.029241,0.075354,3.854646,3.029241,3.930000,3.000000,1,16.262690
19723.308715,2.178774,-0.014004,-1.607473,-0.210084,0.456371,0.001268,0.018403,0.017646,-0.020224,0.035961,3.944039,3.020224,3.980000,3.000000,1,16.323678
19723.315156,2.176094,-0.000485,-1.817662,-0.245384,0.446371,0.005613,0.008880,0.182402,-0.011949,0.075084,3.969629,3.016534,4.043393,2.998113,1,16.381321
19723.333337,2.176290,0.001197,-1.844570,-0.266748,0.436371,0.004784,0.002851,0.044822,0.000923,0.086716,4.014431,3.006349,4.099593,2.989981,1,16.420316
19723.353327,2.163957,-0.011067,-2.374034,-0.258514,0.431092,0.006013,0.003739,0.109188,0.010577,0.081238,4.057544,2.992771,4.138532,2.980426,1,16.465271
19723.403357,2.152446,-0.008679,-2.758588,-0.248255,0.429473,0.030753,-0.009039,0.404751,0.008887,0.068145,4.112918,2.982789,4.179704,2.966590,1,16.514802
19723.410296,2.141588,-0.000780,-3.003508,-0.244176,0.429881,-0.015151,0.013109,-0.111314,0.011067,0.032839,4.191204,2.951192,4.225505,2.946259,1,16.581601
19723.416405,2.120707,0.013781,-3.208054,-0.234181,0.425170,0.002288,0.000038,0.019836,0.019185,0.089030,4.198716,2.946790,4.282974,2.912221,1,16.632982
19723.433350,2.117959,0.014649,-3.227377,-0.223911,0.431128,-0.002598,-0.000019,-0.020164,0.028913,0.092458,4.233541,2.919440,4.322814,2.881826,1,16.664954
19723.453330,2.102505,0.017987,-3.314152,-0.213986,0.437209,-0.000958,-0.000532,-0.024547,0.026758,0.081466,4.270434,2.896812,4.347596,2.859412,1,16.707368
19723.498412,2.087681,0.021996,-3.348462,-0.203954,0.443883,0.014420,-0.001255,-0.089146,0.036196,0.078989,4.298351,2.863786,4.377477,2.827889,1,16.751837
19723.504483,2.073779,0.024754,-3.336024,-0.194467,0.450496,-0.015570,-0.001264,-0.001795,0.028110,0.057855,4.347761,2.824176,4.404508,2.793893,1,16.803663
19723.513334,2.054816,0.024910,-3.309388,-0.193850,0.456112,-0.002867,-0.001324,-0.023287,0.021466,0.081040,4.374591,2.808616,4.433569,2.749035,1,16.848732
19723.533331,2.047305,0.024501,-3.290121,-0.199381,0.465108,-0.000184,0.000659,0.021467,0.027575,0.082721,4.393713,2.773895,4.453545,2.710467,1,16.884207
19723.553333,2.036812,0.024467,-3.203517,-0.198850,0.471807,-0.000307,0.000653,0.019975,0.019182,0.077998,4.422289,2.742778,4.467781,2.676581,1,16.923673
19723.599406,2.026870,0.021805,-3.137344,-0.196979,0.477936,0.011346,0.005795,-0.015893,0.020244,0.087491,4.436734,2.716989,4.480426,2.638532,1,16.958485
19723.605668,2.018817,0.018813,-3.098299,-0.196563,0.485088,-0.011882,-0.004568,0.036081,0.002030,0.051745,4.475638,2.656269,4.488606,2.606134,1,17.003718
19723.613327,2.004410,0.012852,-3.054363,-0.193342,0.484612,-0.000699,-0.000185,-0.001990,0.008202,0.081417,4.478471,2.639857,4.496385,2.560013,1,17.045807
19723.633354,2.001008,0.011444,-3.049938,-0.186307,0.491119,-0.001297,-0.001437,-0.042410,0.004262,0.081513,4.492072,2.601324,4.499598,2.520047,1,17.076618
19723.653330,1.993936,0.008372,-3.050443,-0.175311,0.497273,-0.002198,-0.001075,-0.037175,-0.010905,0.063999,4.510905,2.550666,4.500000,2.486667,1,17.120231
19723.699209,1.987673,0.008408,-2.995147,-0.163515,0.500113,0.002481,0.000828,-0.177215,-0.025446,0.066021,4.525446,2.509354,4.500000,2.443333,1,17.166764
19723.705659,1.983799,0.008035,-2.918444,-0.150861,0.504603,-0.005667,-0.005004,0.004367,-0.043833,0.050856,4.543833,2.447523,4.500000,2.396667,1,17.219133
19723.713324,1.977760,0.004742,-2.846251,-0.131519,0.501681,-0.001454,-0.004341,-0.094556,-0.040827,0.077376,4.540827,2.424042,4.500000,2.346667,1,17.264208
19723.733342,1.976555,0.004541,-2.819225,-0.114939,0.506784,-0.000939,-0.001036,-0.058794,-0.042409,0.083934,4.542409,2.383934,4.500000,2.300000,1,17.298198
19723.753330,1.977459,0.013211,-2.489693,-0.099604,0.511602,-0.000494,-0.000772,-0.040901,-0.050491,0.081172,4.550491,2.347839,4.500000,2.266667,1,17.336064
19723.797144,1.979555,0.015023,-2.152928,-0.086262,0.515415,-0.004863,0.004005,-0.313109,-0.062331,0.074071,4.562331,2.304071,4.500000,2.230000,1,17.375901
19723.803327,1.982231,0.010746,-1.910352,-0.076067,0.517880,0.002433,-0.008865,0.049194,-0.066024,0.056258,4.566024,2.246258,4.500000,2.190000,1,17.425361
19723.813325,1.986006,0.002929,-1.747656,-0.060059,0.513324,-0.000198,-0.003942,-0.089484,-0.064526,0.078875,4.564526,2.218875,4.500000,2.140000,1,17.469239
19723.833328,1.988290,0.003981,-1.639062,-0.046533,0.515495,-0.001053,-0.007458,-0.232596,-0.062185,0.078688,4.562185,2.175354,4.500000,2.096667,1,17.505826
19723.853322,1.992508,0.003876,-1.459905,-0.034481,0.516672,-0.001281,-0.010444,-0.325151,-0.063140,0.070249,4.563140,2.130249,4.500000,2.060000,1,17.549245
19723.901239,1.996758,0.001447,-1.358339,-0.023398,0.517407,-0.010099,-0.008607,-0.741951,-0.052880,0.079124,4.552880,2.095791,4.500000,2.016667,1,17.589812
19723.907750,2.000022,-0.000190,-1.308773,-0.009656,0.519225,0.005733,-0.011359,-0.195942,-0.054525,0.037002,4.554525,2.013669,4.500000,1.976667,1,17.645140
19723.915037,2.007698,-0.003156,-1.293106,0.008119,0.511277,-0.000218,-0.012758,-0.287847,-0.053938,0.070515,4.553938,1.990515,4.500000,1.920000,1,17.698320
19723.933332,2.009361,-0.003360,-1.293001,0.017928,0.513481,-0.000065,-0.006031,-0.274119,-0.052618,0.078633,4.552618,1.945299,4.500000,1.866667,1,17.735974
19723.953333,2.013826,0.014113,-0.855131,0.017818,0.513793,-0.000060,0.000039,0.001344,-0.050472,0.069928,4.550472,1.899928,4.500000,1.830000,1,17.780610
19723.996392,2.018782,0.021348,-0.267243,0.010549,0.514093,-0.006123,0.007146,-0.108558,-0.045378,0.073672,4.545378,1.857005,4.500000,1.783333,1,17.825273
19724.001995,2.024055,0.014460,0.010144,0.005500,0.515398,0.006063,-0.005586,0.105621,-0.051170,0.054907,4.551170,1.794907,4.500000,1.740000,1,17.877235
19724.013326,2.031636,0.006081,0.142254,-0.001367,0.512062,0.000564,0.001434,0.042906,-0.047579,0.076148,4.547579,1.762815,4.500000,1.686667,1,17.925719
19724.033327,2.035088,0.003116,0.143257,-0.004656,0.513881,0.000099,0.000841,0.026355,-0.049046,0.077959,4.549046,1.717959,4.500000,1.640000,1,17.965428
19724.053328,2.040302,-0.001174,0.066685,-0.006295,0.514611,0.000114,0.001302,0.041309,-0.050716,0.071861,4.550716,1.671861,4.500000,1.600000,1,18.010123
19724.101177,2.045494,-0.001684,0.020878,-0.009065,0.515118,-0.007842,0.000837,0.125814,-0.047045,0.082569,4.547045,1.635902,4.500000,1.553333,1,18.052201
19724.107603,2.049555,-0.001450,-0.002736,-0.009241,0.516584,0.007592,0.001827,0.012446,-0.052692,0.035348,4.552692,1.548682,4.500000,1.513333,1,18.111145
19724.113796,2.058774,-0.000523,-0.020195,-0.015125,0.509129,0.000511,0.001413,0.031364,-0.051881,0.079426,4.551881,1.532759,4.500000,1.453333,1,18.164274
19724.133335,2.060657,-0.000902,-0.031523,-0.018632,0.511123,0.000307,0.000251,0.013203,-0.051351,0.087488,4.551351,1.487488,4.500000,1.400000,1,18.198719
19724.153332,2.065327,-0.004508,-0.157868,-0.024208,0.511603,0.000246,0.001409,0.044429,-0.044844,0.075548,4.544844,1.442215,4.500000,1.366667,1,18.242376
19724.196625,2.069951,-0.004391,-0.247689,-0.029746,0.511889,-0.004501,0.001237,0.174874,-0.045160,0.071675,4.545160,1.395009,4.500000,1.323333,1,18.288545
19724.202279,2.074600,-0.003034,-0.292371,-0.040498,0.512169,0.005139,0.003866,0.041497,-0.047396,0.055711,4.547396,1.332378,4.500000,1.276667,1,18.342198
19724.213328,2.080825,-0.001538,-0.318063,-0.058757,0.508418,0.000875,0.005154,0.137678,-0.042703,0.081425,4.542703,1.304758,4.500000,1.223333,1,18.388080
19724.233331,2.083242,-0.003846,-0.381673,-0.077000,0.506920,0.001250,0.004304,0.135724,-0.041933,0.080728,4.541933,1.257395,4.500000,1.176667,1,18.427106
19724.253332,2.086418,-0.011095,-0.689121,-0.094402,0.504241,0.002220,0.008165,0.256051,-0.043754,0.073543,4.543754,1.210210,4.500000,1.136667,1,18.473368
19724.301209,2.089678,-0.009676,-0.876482,-0.120475,0.504833,0.002953,0.007025,0.839993,-0.038130,0.085112,4.538130,1.175112,4.500000,1.090000,1,18.515026
19724.308228,2.092003,-0.007407,-0.969854,-0.153942,0.501827,0.007556,0.014375,0.201707,-0.033829,0.039041,4.533829,1.089041,4.500000,1.050000,1,18.572010
19724.314510,2.098059,-0.002119,-1.023300,-0.193942,0.491827,0.003561,0.009751,0.211713,-0.035665,0.076671,4.536640,1.069519,4.499956,0.993330,1,18.623323
19724.333334,2.098858,-0.003543,-1.070923,-0.233942,0.481827,0.002636,0.001763,0.085549,-0.022430,0.087969,4.529206,1.024763,4.496401,0.940114,1,18.656555
19724.353333,2.090019,-0.026423,-1.796713,-0.235979,0.482301,0.000371,0.000181,0.005001,-0.020597,0.076412,4.525733,0.978420,4.491305,0.907161,1,18.698889
19724.400884,2.079568,-0.030495,-2.486395,-0.239077,0.477928,0.015530,-0.014194,0.377038,-0.009128,0.069438,4.509422,0.932751,4.482309,0.868176,1,18.744123
19724.407819,2.070015,-0.023121,-2.946067,-0.239434,0.476971,-0.011863,0.013758,-0.265103,-0.003960,0.043376,4.486909,0.862974,4.467916,0.823777,1,18.802082
19724.413322,2.054487,-0.006032,-3.330427,-0.238981,0.475587,-0.000941,0.001394,-0.011905,-0.006473,0.082392,4.488309,0.842338,4.444972,0.771965,1,18.848332
19724.433331,2.050438,-0.002091,-3.383573,-0.244870,0.482122,0.000423,0.000549,0.016952,0.009669,0.079827,4.456487,0.803998,4.421770,0.731467,1,18.883293
19724.453334,2.038997,0.005842,-3.479025,-0.252891,0.486011,0.001049,0.001214,0.034261,0.000075,0.071945,4.443875,0.759010,4.400951,0.701272,1,18.927412
19724.501304,2.027284,0.011795,-3.528422,-0.263176,0.491424,0.022869,-0.001141,0.119608,0.003765,0.077066,4.421984,0.727753,4.373574,0.667671,1,18.967994
19724.508040,2.017597,0.015013,-3.546733,-0.277188,0.496604,-0.016714,0.003349,0.030727,0.000912,0.034147,4.369840,0.663141,4.345807,0.638866,1,19.024869
19724.515181,1.995911,0.018053,-3.547155,-0.290548,0.492081,0.000495,0.000889,0.020582,-0.004205,0.077101,4.366634,0.645392,4.302724,0.602058,1,19.072191
19724.533314,1.990657,0.017245,-3.559878,-0.298072,0.489470,0.000771,0.000692,0.016088,-0.003641,0.078125,4.332542,0.613770,4.264299,0.575564,1,19.102461
19724.553334,1.976389,0.014133,-3.631506,-0.300000,0.484195,0.002810,0.001160,0.029785,-0.009005,0.067223,4.301746,0.584603,4.238360,0.560472,1,19.142287
19724.596501,1.962589,0.012591,-3.689144,-0.300000,0.478130,0.019836,0.001539,0.078945,-0.023057,0.072924,4.278468,0.551266,4.202454,0.542821,1,19.178794
19724.602259,1.947093,0.010793,-3.753829,-0.300000,0.475294,-0.017892,-0.001305,-0.063998,-0.031911,0.057153,4.232957,0.518413,4.168396,0.529210,1,19.219733
19724.613332,1.924442,0.009018,-3.837207,-0.300000,0.471487,-0.001073,-0.000225,-0.004931,-0.035340,0.075274,4.212094,0.502736,4.130215,0.517254,1,19.256336
19724.633332,1.914416,0.008308,-3.867189,-0.300000,0.473509,0.000244,0.000073,0.001119,-0.035503,0.071562,4.171458,0.487666,4.094477,0.509007,1,19.287678
19724.653329,1.898910,0.007536,-3.901106,-0.300000,0.476119,-0.000845,-0.000213,-0.003305,-0.039966,0.068433,4.134374,0.472562,4.061541,0.503802,1,19.324757
19724.697981,1.882805,0.006146,-3.929841,-0.299951,0.476913,0.017683,0.002325,0.015753,-0.041864,0.066247,4.093259,0.462126,4.025002,0.500626,1,19.361794
19724.704466,1.867971,0.004649,-3.948281,-0.299936,0.480442,-0.015233,-0.002109,-0.013611,-0.046794,0.046765,4.033989,0.452263,3.988328,0.500136,1,19.406112
19724.713295,1.848086,0.001982,-3.966644,-0.298312,0.479646,-0.002401,-0.000479,-0.003665,-0.045983,0.070977,4.010580,0.449525,3.945083,0.503025,1,19.443594
19724.733317,1.839667,0.000589,-3.973715,-0.295395,0.484636,0.002516,0.000413,-0.001532,-0.046642,0.084658,3.979843,0.447209,3.905523,0.509007,1,19.468145
19724.753325,1.829484,-0.001057,-3.976900,-0.294638,0.490403,-0.003046,-0.000697,-0.006512,-0.049405,0.058005,3.927507,0.452318,3.882710,0.513952,1,19.504164
19724.798102,1.814482,-0.003969,-3.983699,-0.294833,0.493190,0.015187,0.003376,0.000970,-0.051012,0.068454,3.897014,0.454387,3.847396,0.523857,1,19.540765
19724.804250,1.804993,-0.005887,-3.987042,-0.296740,0.497789,-0.015670,-0.003423,-0.013289,-0.052594,0.040704,3.830969,0.472321,3.812903,0.536325,1,19.583799
19724.813342,1.785943,-0.010079,-4.001812,-0.291029,0.492647,-0.001866,-0.000605,-0.007043,-0.051974,0.063567,3.806569,0.479135,3.773451,0.554270,1,19.625897
19724.833352,1.779549,-0.011467,-4.005525,-0.286236,0.495234,0.001680,0.000221,-0.007138,-0.051053,0.078696,3.778919,0.489142,3.738537,0.573811,1,19.650758
19724.853330,1.772212,-0.012598,-3.994934,-0.281821,0.499056,-0.002225,-0.000750,-0.008278,-0.052076,0.058042,3.734403,0.512543,3.716179,0.588362,1,19.685689
19724.904446,1.761876,-0.014650,-3.977213,-0.275225,0.498248,0.011519,0.002910,-0.060346,-0.050450,0.066942,3.710488,0.527074,3.689374,0.608195,1,19.721308
19724.910564,1.755618,-0.015790,-3.958198,-0.268466,0.501597,-0.011653,-0.003318,0.038615,-0.047855,0.032119,3.652728,0.575054,3.661488,0.632019,1,19.767323
19724.915833,1.742109,-0.019118,-3.901662,-0.251018,0.494614,0.000031,-0.000944,-0.024418,-0.044512,0.070454,3.642769,0.583055,3.628651,0.665187,1,19.808381
19724.933345,1.741073,-0.019472,-3.897740,-0.236661,0.498806,-0.001996,-0.002136,-0.051143,-0.039732,0.075498,3.617438,0.611854,3.603070,0.695950,1,19.833073
19724.953332,1.736996,-0.018662,-3.810532,-0.217393,0.500856,-0.001474,-0.002222,-0.102306,-0.034916,0.073454,3.602529,0.634558,3.589311,0.714808,1,19.862857
19724.998997,1.735095,-0.016846,-3.691915,-0.199722,0.506042,-0.002740,0.000086,-0.278785,-0.027804,0.063459,3.582197,0.671299,3.572941,0.739960,1,19.896077
19725.004837,1.734665,-0.016016,-3.474278,-0.178052,0.507195,-0.001715,-0.007043,0.028148,-0.023823,0.046711,3.557011,0.716569,3.556559,0.769002,1,19.940483
19725.013315,1.734021,-0.020332,-3.335305,-0.152494,0.504977,-0.002182,-0.006376,-0.150190,-0.013388,0.081738,3.555391,0.730609,3.536951,0.811358,1,19.974287
19725.033343,1.734371,-0.019758,-3.273541,-0.128886,0.511565,-0.003106,-0.011248,-0.284065,-0.008506,0.071547,3.539851,0.772051,3.525408,0.842640,1,20.003683
19725.053342,1.738486,-0.016072,-2.972793,-0.108524,0.515756,-0.002179,-0.004002,-0.181939,-0.001154,0.066400,3.532786,0.806933,3.516822,0.871396,1,20.042113
19725.099764,1.744389,-0.006458,-2.546142,-0.092367,0.519512,-0.010540,0.004952,-0.401085,0.007116,0.068677,3.528439,0.841000,3.508695,0.907161,1,20.078507
19725.105670,1.751972,-0.001316,-2.050313,-0.080924,0.522153,0.009154,-0.007166,0.276642,0.017145,0.048241,3.525704,0.897434,3.503211,0.943426,1,20.124032
19725.113340,1.763644,-0.007333,-1.627095,-0.069245,0.516922,-0.001683,-0.002203,-0.089164,0.022939,0.086090,3.524757,0.904382,3.500100,0.989996,1,20.158883
19725.133342,1.765210,-0.007642,-1.589749,-0.058658,0.523330,0.000297,-0.006069,-0.144532,0.022801,0.072329,3.522801,0.951005,3.500000,1.023333,1,20.187711
19725.153330,1.774484,-0.008898,-1.395003,-0.051464,0.525178,-0.000602,-0.002011,-0.092891,0.021682,0.064066,3.521682,0.989267,3.500000,1.053333,1,20.228648
19725.199484,1.782976,-0.005238,-1.194383,-0.043182,0.527344,-0.011856,0.001354,-0.182304,0.020018,0.065547,3.520018,1.027786,3.500000,1.093333,1,20.268052
19725.205559,1.791817,-0.002268,-0.958825,-0.036807,0.528970,0.011224,-0.002636,0.117505,0.019982,0.046532,3.519982,1.086801,3.500000,1.133333,1,20.316457
19725.213335,1.805839,-0.003970,-0.767534,-0.024264,0.525788,-0.001726,-0.002427,-0.071296,0.019404,0.085981,3.519404,1.094019,3.500000,1.180000,1,20.352117
19725.233336,1.807615,-0.003921,-0.749226,-0.013425,0.529771,0.001635,-0.001628,-0.061010,0.016392,0.069951,3.516392,1.146716,3.500000,1.216667,1,20.383177
19725.253343,1.818443,0.000907,-0.537739,-0.005256,0.527228,0.000277,-0.002176,-0.066072,0.012687,0.058920,3.512687,1.187747,3.500000,1.246667,1,20.428415
19725.299736,1.827590,0.002111,-0.366363,0.006729,0.525511,-0.010969,0.000335,-0.217723,0.010442,0.064427,3.510442,1.228906,3.500000,1.293333,1,20.470690
19725.305444,1.836450,0.004850,-0.183966,0.021860,0.523398,0.011367,-0.002935,0.114061,0.007347,0.046426,3.507347,1.290240,3.500000,1.336667,1,20.520853
19725.313336,1.850150,0.004450,0.028266,0.048678,0.518273,-0.001080,-0.005497,-0.145734,0.006791,0.089004,3.506791,1.297663,3.500000,1.386667,1,20.557422
19725.333340,1.851800,0.005041,0.059356,0.071918,0.518444,0.003952,-0.012430,-0.344204,-0.002206,0.070536,3.497794,1.352797,3.500000,1.423333,1,20.590104
19725.353338,1.861758,0.007276,0.259643,0.100591,0.513744,0.003972,-0.019165,-0.576370,-0.003789,0.063353,3.496211,1.393314,3.500000,1.456667,1,20.636553
19725.399912,1.869783,0.005860,0.331813,0.137365,0.510769,-0.001271,-0.012806,-1.131830,-0.003983,0.081258,3.496549,1.422060,3.499989,1.503342,1,20.673646
19725.405786,1.873342,0.018327,0.659530,0.167812,0.507631,0.005208,0.004201,0.790466,-0.018136,0.038268,3.483381,1.500464,3.498392,1.540062,1,20.726830
19725.413344,1.877962,0.031649,1.734199,0.181000,0.499199,0.001308,-0.001854,-0.035423,-0.026382,0.068993,3.478184,1.520337,3.491268,1.593034,1,20.779810
19725.433339,1.878723,0.032536,1.917808,0.193796,0.501050,0.001485,-0.001253,-0.052611,-0.036114,0.073098,3.465578,1.561404,3.479489,1.641741,1,20.817734
19725.453344,1.878374,0.034005,2.355312,0.202832,0.502134,0.000816,-0.000419,-0.016167,-0.040904,0.067039,3.452514,1.602443,3.466590,1.679704,1,20.862806
19725.499600,1.877180,0.031995,2.694690,0.208258,0.504029,0.003579,0.006073,-0.174692,-0.041337,0.062321,3.439456,1.645377,3.449234,1.719519,1,20.909300
19725.505879,1.875812,0.027931,2.923955,0.213113,0.507303,-0.001806,-0.006268,0.132409,-0.037955,0.040692,3.415564,1.706028,3.426756,1.760537,1,20.965442
19725.513341,1.873237,0.020570,3.116684,0.211540,0.505829,0.001036,0.000384,-0.014540,-0.044860,0.077143,3.406475,1.718819,3.394462,1.807245,1,21.011663
19725.533335,1.873292,0.019744,3.131175,0.211272,0.511709,0.000078,-0.000488,0.013316,-0.043857,0.068740,3.379219,1.762650,3.364026,1.842761,1,21.049949
19725.553341,1.871016,0.016280,3.201517,0.206915,0.514310,0.000019,0.000602,0.019838,-0.044832,0.060797,3.350410,1.796794,3.335392,1.870826,1,21.099163
19725.600463,1.869091,0.013940,3.225231,0.200906,0.517524,0.002196,0.001228,0.060905,-0.043352,0.061309,3.322440,1.829119,3.299274,1.900544,1,21.146595
19725.606327,1.867898,0.011289,3.207472,0.192264,0.521264,-0.001535,-0.000260,-0.028234,-0.039637,0.044297,3.275213,1.871691,3.257678,1.928488,1,21.200947
19725.613277,1.866276,0.009741,3.153148,0.173932,0.518216,-0.000301,0.001891,0.041611,-0.042263,0.073402,3.259259,1.884311,3.210467,1.953545,1,21.247730
19725.633337,1.866387,0.009176,3.130784,0.160911,0.524001,-0.000052,0.000758,0.040060,-0.040444,0.073665,3.223070,1.908482,3.167166,1.971228,1,21.284320
19725.653342,1.868668,0.003524,2.935286,0.148063,0.529226,-0.000766,0.002644,0.081160,-0.037314,0.068879,3.188671,1.928049,3.132098,1.982235,1,21.326367
19725.700503,1.871061,0.003226,2.769174,0.132933,0.533985,-0.007291,0.001806,0.388196,-0.033189,0.064675,3.150404,1.946625,3.093034,1.991268,1,21.368776
19725.706442,1.873698,0.005680,2.668178,0.113501,0.536435,0.001811,0.008224,0.055056,-0.024540,0.039782,3.087174,1.969090,3.050048,1.997489,1,21.422428
19725.713342,1.877424,0.009621,2.592528,0.086985,0.530729,-0.000614,0.004924,0.109296,-0.023578,0.072964,3.069631,1.976422,2.996667,2.000000,1,21.466462
19725.733330,1.879500,0.005609,2.483932,0.071780,0.535900,-0.000309,0.001004,0.050663,-0.011833,0.076437,3.029770,1.988167,2.953333,2.000000,1,21.498700
19725.753332,1.886952,-0.009140,1.918016,0.067883,0.539448,0.000164,0.000235,0.012334,-0.002120,0.068788,2.988788,1.997880,2.920000,2.000000,1,21.539758
19725.800761,1.894456,-0.008604,1.524862,0.067912,0.540447,-0.009477,-0.005993,0.126138,0.005605,0.066061,2.946061,2.005605,2.880000,2.000000,1,21.581876
19725.806538,1.902129,-0.003357,1.305420,0.068629,0.537824,0.010020,0.004994,-0.098719,0.012896,0.043041,2.879708,2.012896,2.836667,2.000000,1,21.634893
19725.813327,1.914181,0.003251,1.169441,0.068052,0.527824,0.000654,0.000180,-0.000451,0.017109,0.078223,2.861557,2.017109,2.783333,2.000000,1,21.679406
19725.833340,1.917029,0.004279,1.158072,0.072397,0.520137,0.000368,-0.000273,-0.012838,0.021701,0.078743,2.818743,2.021701,2.740000,2.000000,1,21.712633
19725.853341,1.923204,0.006554,1.163219,0.081624,0.510172,0.000572,-0.000620,-0.029177,0.025455,0.068991,2.775658,2.025455,2.706667,2.000000,1,21.754332
19725.900893,1.928538,0.009154,1.225561,0.094353,0.500172,-0.003539,-0.001864,-0.211691,0.025548,0.066467,2.729800,2.025548,2.663333,2.000000,1,21.798012
19725.906889,1.933633,0.009844,1.293738,0.109654,0.490172,0.007616,-0.004283,-0.031483,0.021665,0.037831,2.657831,2.021665,2.620000,2.000000,1,21.854409
19725.913344,1.941766,0.008614,1.345727,0.133747,0.480172,0.002151,-0.005517,-0.117789,0.024106,0.075634,2.638967,2.024106,2.563333,2.000000,1,21.900981
19725.933329,1.943611,0.008704,1.362248,0.157589,0.471766,0.002948,-0.005582,-0.209298,0.020315,0.089362,2.606029,2.020315,2.516667,2.000000,1,21.929783
19725.953343,1.943570,0.018136,1.646045,0.173589,0.462758,0.004769,-0.007770,-0.182419,0.014020,0.061424,2.551105,2.015149,2.489974,1.999899,1,21.971474
19726.001573,1.944089,0.019188,1.944571,0.192698,0.453238,0.010350,0.001444,-0.489470,0.005900,0.059717,2.505374,2.009384,2.446628,1.997143,1,22.020485
19726.007785,1.940856,0.024145,2.276246,0.207649,0.444819,-0.005222,-0.003573,0.326960,-0.005482,0.037861,2.435313,1.991729,2.397134,1.989304,1,22.078013
19726.013413,1.933191,0.022641,2.742071,0.214854,0.434819,0.000494,-0.001962,-0.010806,-0.008741,0.075919,2.417118,1.990133,2.342316,1.974485,1,22.125454
19726.033342,1.931299,0.020792,2.809921,0.222793,0.433993,0.001655,-0.001185,-0.034513,-0.013641,0.077284,2.374904,1.976308,2.298669,1.957674,1,22.159632
19726.053338,1.923846,0.019361,3.015046,0.225494,0.431592,0.000982,-0.000430,-0.015299,-0.015900,0.064821,2.333368,1.959117,2.268549,1.943205,1,22.203451
19726.101651,1.915474,0.017046,3.171911,0.225570,0.429723,0.013861,0.003571,-0.079781,-0.019089,0.065737,2.293698,1.939359,2.228148,1.919638,1,22.248669
19726.107595,1.906726,0.014218,3.282755,0.222081,0.428308,-0.011130,-0.003072,0.069312,-0.022201,0.038932,2.237112,1.900871,2.192755,1.894462,1,22.304711
19726.113335,1.892898,0.010075,3.370656,0.205880,0.422452,-0.001291,0.001040,0.029167,-0.025599,0.076779,2.222761,1.892543,2.150009,1.857080,1,22.351535
19726.133341,1.889394,0.009354,3.381255,0.191450,0.426234,-0.001094,0.002368,0.074187,-0.028069,0.078972,2.190596,1.864999,2.118174,1.822814,1,22.385095
19726.153328,1.882026,0.005373,3.315164,0.173655,0.428737,-0.002702,0.005600,0.167779,-0.029261,0.068844,2.161859,1.834657,2.097465,1.796590,1,22.426899
19726.201030,1.874635,0.004914,3.258773,0.149161,0.431088,-0.000376,0.006540,0.613063,-0.031502,0.068328,2.135735,1.802441,2.073244,1.760537,1,22.470421
19726.207620,1.867511,0.005974,3.211007,0.117476,0.433273,-0.011699,0.012213,0.180930,-0.033767,0.043591,2.101881,1.746526,2.052243,1.722517,1,22.525158
19726.213334,1.856127,0.009238,3.173267,0.077476,0.430599,-0.003700,0.014014,0.291898,-0.038579,0.077087,2.093974,1.732367,2.031049,1.673450,1,22.570277
19726.233331,1.853383,0.010007,3.167598,0.037476,0.433702,-0.000923,0.010839,0.350333,-0.042129,0.079803,2.078167,1.695120,2.016893,1.628871,1,22.602905
19726.253336,1.855374,-0.017018,2.318433,0.003187,0.430774,-0.000767,0.019746,0.599169,-0.039726,0.066931,2.062281,1.657270,2.010019,1.599593,1,22.643729
19726.300675,1.856550,-0.014598,1.787988,-0.031143,0.430459,-0.003502,0.017219,1.625971,-0.040053,0.066764,2.050590,1.618486,2.003225,1.556694,1,22.685101
19726.306401,1.857669,-0.005959,1.484527,-0.071143,0.431161,0.001392,0.025325,0.244454,-0.022572,0.040609,2.024196,1.556539,2.000279,1.516707,1,22.736079
19726.313344,1.858831,0.004761,1.310303,-0.111143,0.424069,0.001667,0.019738,0.425531,-0.019802,0.074662,2.023628,1.539777,1.998883,1.466604,1,22.777869
19726.333331,1.859102,0.002730,1.210382,-0.151143,0.414857,0.003642,0.006629,0.226515,-0.002140,0.077896,2.008146,1.500083,1.994103,1.423434,1,22.808803
19726.353340,1.855631,-0.036042,-0.065062,-0.152927,0.404857,0.001711,0.001852,0.083156,0.006189,0.069033,1.997211,1.462639,1.988606,1.393866,1,22.848327
19726.401738,1.851703,-0.045594,-1.098468,-0.159962,0.404586,0.005102,-0.010424,0.488884,0.015849,0.067647,1.982972,1.424394,1.978531,1.355058,1,22.889891
19726.407559,1.847720,-0.042960,-1.801572,-0.164911,0.406912,-0.003543,0.010110,-0.368381,0.029010,0.045162,1.954010,1.366786,1.964146,1.314075,1,22.943106
19726.413343,1.843028,-0.031343,-2.319075,-0.164546,0.406313,-0.000220,0.001086,-0.006076,0.033541,0.075929,1.948621,1.351380,1.943205,1.268549,1,22.987863
19726.433331,1.841770,-0.028805,-2.379504,-0.168426,0.414885,-0.000221,0.000764,0.023496,0.039942,0.080069,1.929649,1.317064,1.919638,1.228148,1,23.020681
19726.453331,1.838067,-0.024812,-2.496098,-0.175307,0.422874,-0.000256,0.000484,0.023507,0.041032,0.073246,1.911515,1.283962,1.900544,1.200726,1,23.060132
19726.501917,1.834133,-0.023447,-2.591766,-0.183663,0.430551,0.005097,-0.001460,0.107265,0.044939,0.069730,1.887626,1.251627,1.875276,1.169595,1,23.101112
19726.508285,1.830075,-0.023482,-2.694802,-0.192591,0.437408,-0.004795,0.002132,-0.059308,0.044175,0.044384,1.848790,1.203197,1.847596,1.140588,1,23.153239
19726.515750,1.823909,-0.021986,-2.799629,-0.201568,0.439756,0.000225,0.001259,0.027386,0.047484,0.076791,1.838649,1.190187,1.807245,1.105538,1,23.196603
19726.533339,1.822298,-0.021984,-2.822633,-0.208940,0.446936,-0.000267,0.000702,0.020069,0.046203,0.079407,1.813376,1.162313,1.771852,1.080362,1,23.227133
19726.553328,1.817610,-0.024176,-2.932613,-0.213053,0.453205,-0.000002,0.000628,0.018395,0.041509,0.066755,1.783804,1.133769,1.746131,1.064776,1,23.265534
19726.601296,1.812928,-0.024803,-3.039218,-0.215238,0.459418,0.005667,-0.000551,0.101504,0.037188,0.060888,1.752674,1.107497,1.713494,1.047871,1,23.306643
19726.607060,1.808546,-0.023876,-3.104814,-0.215085,0.466041,-0.005673,0.001777,-0.026918,0.025750,0.039235,1.701316,1.068811,1.673450,1.031049,1,23.356975
19726.613337,1.801749,-0.022183,-3.153741,-0.210652,0.467703,-0.000525,0.000142,0.000431,0.026218,0.072455,1.689182,1.059626,1.625639,1.016043,1,23.397596
19726.633345,1.800197,-0.021945,-3.160818,-0.204974,0.476006,-0.000330,-0.000232,-0.009927,0.019252,0.073863,1.655879,1.039265,1.586458,1.007532,1,23.426313
19726.653332,1.797656,-0.020990,-3.159288,-0.196845,0.483722,-0.000456,-0.000378,-0.015860,0.008932,0.060883,1.619383,1.019789,1.560013,1.003615,1,23.463091
19726.700675,1.796181,-0.019395,-3.119756,-0.188524,0.491328,-0.000765,-0.000802,-0.117688,-0.000792,0.059599,1.582957,1.002544,1.523386,1.000547,1,23.501560
19726.706553,1.795247,-0.018910,-3.075829,-0.177873,0.498424,-0.002004,-0.002445,-0.005028,-0.019883,0.036425,1.519759,0.980117,1.483333,1.000000,1,23.551461
19726.713340,1.793718,-0.019789,-3.035869,-0.161606,0.498015,-0.000448,-0.002181,-0.047788,-0.024917,0.072166,1.505500,0.975083,1.433333,1.000000,1,23.593201
19726.733335,1.794358,-0.018549,-2.999166,-0.146366,0.507285,-0.001807,-0.003419,-0.100509,-0.035282,0.079399,1.469399,0.964718,1.390000,1.000000,1,23.622130
19726.753329,1.796955,-0.013352,-2.794269,-0.134754,0.516149,-0.001263,-0.001399,-0.064164,-0.044824,0.066907,1.430240,0.955176,1.363333,1.000000,1,23.659347
19726.800608,1.800916,-0.009294,-2.554298,-0.127823,0.524344,-0.007377,0.003251,-0.192703,-0.051672,0.062073,1.388740,0.948328,1.326667,1.000000,1,23.699769
19726.806342,1.806504,-0.008272,-2.322989,-0.122592,0.530761,0.006848,-0.003900,0.136212,-0.060195,0.033020,1.319687,0.939805,1.286667,1.000000,1,23.753578
19726.813329,1.815144,-0.011970,-2.122152,-0.122325,0.529867,-0.000867,-0.000177,-0.020763,-0.062675,0.082837,1.312837,0.937325,1.230000,1.000000,1,23.794209
19726.833325,1.816386,-0.012307,-2.106308,-0.121716,0.536116,0.000730,-0.000421,0.005097,-0.061976,0.074807,1.264807,0.938024,1.190000,1.000000,1,23.823913
19726.853326,1.823470,-0.013403,-2.019167,-0.123517,0.538462,-0.000497,0.000198,0.006541,-0.064170,0.065138,1.225138,0.935830,1.160000,1.000000,1,23.865902
19726.896539,1.829207,-0.014466,-1.987960,-0.129635,0.542275,-0.007998,0.000823,0.051299,-0.063112,0.067191,1.187191,0.936888,1.120000,1.000000,1,23.905083
19726.904960,1.834106,-0.016015,-2.001620,-0.138036,0.545724,0.008215,0.001016,-0.010903,-0.060742,0.031819,1.111819,0.939258,1.080000,1.000000,1,23.958610
19726.913336,1.844610,-0.016767,-2.054606,-0.156275,0.542019,0.000670,0.002635,0.063194,-0.060455,0.069977,1.096644,0.939545,1.026667,1.000000,1,24.003178
19726.933326,1.846767,-0.017355,-2.077067,-0.171139,0.545901,0.000468,0.000774,0.033249,-0.053362,0.072290,1.053759,0.944531,0.983293,1.000279,1,24.032134
19726.953327,1.849940,-0.023809,-2.303062,-0.184443,0.548448,0.001130,0.002358,0.068738,-0.047064,0.057743,1.006371,0.949934,0.953279,1.002188,1,24.073167
19726.998544,1.853264,-0.024489,-2.486001,-0.201661,0.551218,-0.000579,-0.001304,0.264681,-0.041010,0.056730,0.962326,0.957330,0.913542,1.007532,1,24.116362
19727.005210,1.855351,-0.026025,-2.683142,-0.217520,0.554624,0.002614,0.003496,-0.169743,-0.033642,0.032953,0.894297,0.975894,0.871129,1.016893,1,24.169164
19727.013328,1.857835,-0.024032,-2.950245,-0.228294,0.549545,0.000592,0.000888,0.021980,-0.027928,0.074878,0.880133,0.980436,0.820296,1.033410,1,24.210972
19727.033328,1.857798,-0.024097,-3.017305,-0.237780,0.553918,0.002196,0.002683,0.076127,-0.024570,0.077905,0.839689,0.994487,0.780481,1.050766,1,24.239990
19727.053326,1.857979,-0.022429,-3.148771,-0.245957,0.558155,0.001400,0.001107,0.043102,-0.026012,0.065364,0.797960,1.009958,0.753869,1.064776,1,24.280058
19727.098147,1.856792,-0.022200,-3.290490,-0.251862,0.562497,0.003859,-0.002969,0.128656,-0.025153,0.064718,0.759292,1.028796,0.719788,1.085897,1,24.320788
19727.104202,1.854494,-0.021550,-3.438827,-0.253050,0.567176,-0.002599,0.003001,-0.097403,-0.029165,0.047165,0.706100,1.057436,0.687509,1.109680,1,24.367572
19727.113327,1.851113,-0.018038,-3.574201,-0.250813,0.567164,-0.000295,0.000313,-0.010363,-0.025860,0.072264,0.686371,1.071762,0.652404,1.140588,1,24.408083
19727.133328,1.849707,-0.016359,-3.610560,-0.246061,0.572866,-0.000267,-0.000243,-0.010314,-0.021649,0.072403,0.656320,1.100947,0.624724,1.169595,1,24.440757
19727.153338,1.847669,-0.013358,-3.638888,-0.238604,0.578262,0.000120,-0.000797,-0.017511,-0.024550,0.071498,0.627581,1.123744,0.603493,1.195398,1,24.477186
19727.199590,1.846875,-0.010925,-3.632120,-0.231032,0.583830,-0.000421,-0.001272,-0.078043,-0.028532,0.057857,0.590127,1.161330,0.582188,1.225349,1,24.518571
19727.206102,1.846021,-0.008623,-3.598633,-0.221637,0.585316,-0.001469,-0.000999,0.000199,-0.038114,0.029071,0.542072,1.215898,0.561525,1.259709,1,24.575070
19727.213341,1.844863,-0.008313,-3.567064,-0.204156,0.579139,-0.000757,-0.001706,-0.036870,-0.032972,0.075220,0.535018,1.228874,0.537107,1.310976,1,24.616655
19727.233300,1.844973,-0.007501,-3.540469,-0.189541,0.582178,-0.001205,-0.002529,-0.076366,-0.030618,0.084033,0.518103,1.262531,0.522449,1.351862,1,24.642397
19727.253301,1.847357,-0.003738,-3.389966,-0.169877,0.584530,-0.003116,-0.006234,-0.184436,-0.036663,0.064275,0.496707,1.302935,0.516043,1.374361,1,24.679403
19727.317908,1.849342,-0.004352,-3.283718,-0.151748,0.586556,-0.013099,0.006239,-0.423954,-0.031959,0.042558,0.484319,1.362648,0.508121,1.410252,1,24.729182
19727.323727,1.856033,0.001660,-2.955026,-0.128640,0.580519,0.009324,-0.007958,0.252204,-0.024514,0.006433,0.477688,1.451561,0.501608,1.459938,1,24.800121
19727.343834,1.867651,-0.003295,-2.566969,-0.099235,0.570519,-0.001411,-0.003849,-0.174810,-0.026849,0.038040,0.473151,1.495293,0.500000,1.533333,1,24.866829
19727.363831,1.874940,0.001053,-2.296621,-0.077509,0.566001,-0.000186,-0.001403,-0.069121,-0.035580,0.058778,0.464420,1.541222,0.500000,1.600000,1,24.915266
19727.398518,1.883783,0.006933,-1.870380,-0.063189,0.563161,-0.006583,0.002537,-0.225688,-0.035959,0.059507,0.464041,1.587160,0.500000,1.646667,1,24.962382
19727.404384,1.892613,0.007391,-1.499919,-0.050966,0.561938,0.006250,-0.004548,0.120526,-0.033216,0.060909,0.466784,1.632424,0.500000,1.693333,1,25.009327
19727.423818,1.901574,0.003720,-1.256745,-0.036807,0.560289,0.000111,-0.001367,-0.061344,-0.034735,0.060905,0.465265,1.679095,0.500000,1.740000,1,25.056364
19727.443815,1.910737,0.004982,-0.993549,-0.027472,0.559195,-0.000032,-0.000649,-0.032094,-0.036638,0.062777,0.463362,1.723890,0.500000,1.786667,1,25.101983
19727.463821,1.919943,0.005451,-0.746317,-0.022678,0.558844,0.000102,-0.000342,-0.017124,-0.034424,0.062222,0.465576,1.771112,0.500000,1.833333,1,25.148080
19727.497631,1.929193,0.004301,-0.567291,-0.019578,0.558141,-0.005962,0.001169,-0.058697,-0.038479,0.061832,0.461521,1.818168,0.500000,1.880000,1,25.195955
19727.503845,1.938413,0.002789,-0.448487,-0.020252,0.557654,0.006360,-0.001062,0.042659,-0.041916,0.061300,0.458084,1.865367,0.500000,1.926667,1,25.243773
19727.523825,1.947540,0.001132,-0.381396,-0.023423,0.557809,0.000324,0.000271,0.013208,-0.045452,0.063776,0.454548,1.912891,0.500000,1.976667,1,25.291808
19727.543825,1.956561,-0.000952,-0.369809,-0.028223,0.558608,0.000305,0.001179,0.036564,-0.046234,0.063617,0.453766,1.959716,0.500000,2.023333,1,25.339547
19727.563823,1.965424,-0.002128,-0.384520,-0.033781,0.559344,0.000302,0.000762,0.037214,-0.047152,0.063401,0.452848,2.006599,0.500000,2.070000,1,25.386733
19727.598897,1.974093,-0.004178,-0.439608,-0.041956,0.560436,-0.005716,0.000151,0.090775,-0.048747,0.064809,0.451253,2.055191,0.500000,2.120000,1,25.434819
19727.604979,1.982623,-0.006449,-0.546509,-0.051438,0.560664,0.006006,0.001534,-0.029050,-0.047234,0.063134,0.452766,2.103533,0.500000,2.166667,1,25.484219
19727.623799,1.990986,-0.006441,-0.635462,-0.063276,0.559973,0.001282,0.003133,0.096771,-0.048367,0.063980,0.451633,2.152686,0.500000,2.216667,1,25.533286
19727.643821,1.999033,-0.007498,-0.745258,-0.080370,0.559153,0.001546,0.006760,0.210830,-0.048350,0.064965,0.451650,2.201702,0.500000,2.266667,1,25.582396
19727.663825,2.006855,-0.006936,-0.831536,-0.103913,0.558485,0.001469,0.003514,0.170323,-0.053314,0.061935,0.446686,2.251398,0.500000,2.313333,1,25.631914
19727.703759,2.013022,-0.014089,-1.083290,-0.131942,0.557232,-0.001382,0.002145,0.466364,-0.057061,0.061857,0.442939,2.301476,0.500000,2.363333,1,25.681471
19727.709773,2.018121,-0.017561,-1.427128,-0.159878,0.555636,0.007826,0.009909,-0.043723,-0.059620,0.042432,0.440380,2.370901,0.500000,2.413333,1,25.739263
19727.723791,2.026046,-0.011846,-1.648985,-0.194905,0.550754,0.002910,0.005523,0.180416,-0.055519,0.072145,0.444481,2.397855,0.500000,2.470000,1,25.787019
19727.743791,2.026806,-0.017130,-1.882178,-0.219570,0.548120,0.004217,0.004029,0.152075,-0.049229,0.075010,0.448205,2.447071,0.500402,2.520047,1,25.823838
19727.763791,2.026150,-0.022264,-2.306624,-0.233821,0.543142,0.001426,0.000753,0.026448,-0.043402,0.066231,0.452593,2.495811,0.503225,2.556694,1,25.868614
19727.816679,2.021644,-0.023643,-2.762529,-0.241854,0.540081,0.010859,-0.011053,0.275013,-0.049357,0.049421,0.451807,2.560993,0.510019,2.599593,1,25.918917
19727.822559,2.015293,-0.017516,-3.153316,-0.252255,0.539491,-0.009064,0.012083,-0.227428,-0.044846,0.017119,0.474544,2.645075,0.522449,2.648138,1,25.985513
19727.831788,2.004013,-0.003746,-3.460342,-0.252670,0.531793,0.001250,0.000145,0.016726,-0.043307,0.071526,0.477063,2.663816,0.546455,2.710467,1,26.035069
19727.843788,2.001250,-0.000962,-3.497588,-0.256429,0.535562,0.000700,0.000459,0.010810,-0.035227,0.094609,0.491276,2.691359,0.569799,2.754808,1,26.059624
19727.863789,1.996536,0.002374,-3.548579,-0.257681,0.540028,0.000542,0.000128,0.001428,-0.044228,0.069464,0.507073,2.740900,0.582188,2.774651,1,26.095420
19727.924161,1.987987,0.006564,-3.620878,-0.257117,0.544113,0.012992,-0.002053,0.011176,-0.044158,0.038729,0.544881,2.800790,0.603493,2.804602,1,26.149237
19727.930441,1.973684,0.011519,-3.680096,-0.242427,0.537967,-0.013336,0.001183,-0.023911,-0.040609,0.010908,0.601363,2.865330,0.638273,2.845186,1,26.219863
19727.950462,1.957841,0.013970,-3.696426,-0.220647,0.532755,-0.000532,-0.000647,-0.032244,-0.035355,0.041761,0.638083,2.896692,0.692755,2.894462,1,26.282737
19727.997234,1.951158,0.017019,-3.617914,-0.201303,0.530036,0.004658,0.001553,-0.238481,-0.034136,0.062703,0.670995,2.925428,0.742322,2.928488,1,26.327837
19728.003176,1.945197,0.017382,-3.518513,-0.180240,0.530283,-0.008254,-0.006717,0.023132,-0.033102,0.036064,0.736647,2.964912,0.783488,2.950691,1,26.382742
19728.010456,1.936291,0.012799,-3.413798,-0.153267,0.525503,-0.002350,-0.005978,-0.126502,-0.030005,0.079367,0.748003,2.972971,0.832834,2.971228,1,26.425871
19728.030450,1.934162,0.011590,-3.390136,-0.130964,0.532172,-0.001928,-0.004789,-0.155414,-0.027319,0.078440,0.791573,2.990690,0.874361,2.983957,1,26.455663
19728.050447,1.934684,0.018948,-3.036299,-0.114145,0.536337,-0.003057,-0.008212,-0.250763,-0.028321,0.066522,0.832953,3.005611,0.903684,2.990636,1,26.497252
19728.097504,1.935060,0.015669,-2.781953,-0.096752,0.539873,-0.010637,-0.002012,-0.768433,-0.027103,0.067834,0.876289,3.016851,0.946628,2.997143,1,26.539909
19728.103490,1.935629,0.009074,-2.616696,-0.077950,0.542621,-0.001481,-0.016088,-0.106064,0.031710,0.035990,0.945244,3.028928,0.983293,2.999721,2,26.598550
19728.110442,1.936195,-0.000584,-2.506996,-0.058655,0.546403,-0.002419,-0.012499,-0.270186,-0.033669,0.072369,0.964298,3.033669,1.036667,3.000000,2,26.649077
19728.130442,1.936633,-0.001824,-2.487434,-0.043916,0.553872,-0.001064,-0.001327,-0.086082,-0.040194,0.079208,1.007458,3.040194,1.086667,3.000000,2,26.682866
19728.150442,1.943936,0.020259,-1.748253,-0.045729,0.556650,-0.000308,0.000454,0.014115,-0.043639,0.068631,1.051369,3.043639,1.120000,3.000000,2,26.725254
19728.196862,1.951455,0.018966,-1.232795,-0.050600,0.557730,-0.010420,0.009681,-0.061956,-0.048502,0.068033,1.095300,3.048502,1.163333,3.000000,2,26.769898
19728.203045,1.959089,0.010999,-0.958688,-0.056187,0.557746,0.010034,-0.005358,0.152003,-0.053272,0.045462,1.164538,3.053272,1.210000,3.000000,2,26.824938
19728.210445,1.971439,0.001719,-0.790181,-0.061608,0.551873,0.000637,0.002394,0.056798,-0.055748,0.078763,1.184570,3.055748,1.263333,3.000000,2,26.871321
19728.230442,1.974632,0.000243,-0.778120,-0.066441,0.556051,0.000128,0.001231,0.041300,-0.059535,0.080352,1.229648,3.059535,1.310000,3.000000,2,26.906169
19728.250433,1.981749,-0.006148,-0.893550,-0.067869,0.559346,0.000020,0.001559,0.048354,-0.060746,0.069185,1.274148,3.060746,1.343333,3.000000,2,26.949960
19728.298281,1.988975,-0.006956,-0.971690,-0.064733,0.562247,-0.010225,-0.001278,0.055781,-0.062170,0.069467,1.320533,3.062170,1.390000,3.000000,2,26.995712
19728.304759,1.996444,-0.006691,-1.029370,-0.059165,0.564102,0.009444,0.000479,-0.056222,-0.062053,0.041777,1.391556,3.062053,1.433333,3.000000,2,27.052775
19728.310591,2.008401,-0.005281,-1.085189,-0.048211,0.556963,0.000816,-0.001591,-0.039216,-0.061280,0.079501,1.410499,3.061280,1.490000,3.000000,2,27.099912
19728.330446,2.011431,-0.004506,-1.084280,-0.038867,0.561138,-0.000227,-0.002427,-0.081544,-0.060764,0.083370,1.456630,3.060764,1.540000,3.000000,2,27.135115
19728.350444,2.019014,0.000152,-0.971623,-0.031605,0.564189,-0.000517,-0.004284,-0.135602,-0.058250,0.068410,1.504923,3.058250,1.573333,3.000000,2,27.181124
19728.397588,2.026467,0.000522,-0.899164,-0.023299,0.564911,-0.010720,0.000493,-0.243861,-0.056500,0.067256,1.552744,3.056500,1.620000,3.000000,2,27.229483
19728.403605,2.034357,0.004791,-0.736354,-0.016375,0.564229,0.010403,-0.002066,0.148755,-0.051774,0.040691,1.625976,3.051774,1.666667,3.000000,2,27.288574
19728.410441,2.047152,0.004572,-0.505148,-0.008674,0.557825,0.000706,-0.002278,-0.044828,-0.048741,0.079714,1.646953,3.048741,1.726667,3.000000,2,27.337911
19728.430451,2.050402,0.003720,-0.476772,-0.002036,0.561898,0.000069,-0.001710,-0.059746,-0.044577,0.081893,1.694774,3.044577,1.776667,3.000000,2,27.374806
19728.450447,2.058071,0.005692,-0.316587,0.002015,0.562967,-0.000021,-0.002770,-0.088554,-0.040446,0.070435,1.742898,3.040446,1.813333,3.000000,2,27.421558
19728.496896,2.065600,0.004248,-0.225427,0.005383,0.562537,-0.009611,-0.001395,-0.217532,-0.036479,0.068144,1.791856,3.036479,1.860000,3.000000,2,27.470172
19728.502865,2.073078,0.002572,-0.177383,0.007768,0.560496,0.009438,-0.003584,-0.033287,-0.032133,0.043306,1.866694,3.032133,1.910000,3.000000,2,27.530627
19728.510448,2.084669,0.000679,-0.155669,0.010535,0.553371,0.000496,-0.002772,-0.062983,-0.028636,0.081724,1.888276,3.028636,1.970000,3.000000,2,27.581761
19728.530445,2.087668,0.000742,-0.146854,0.013283,0.556989,0.000185,-0.000746,-0.028213,-0.025090,0.082790,1.937210,3.025090,2.020000,3.000000,2,27.619474
19728.550448,2.094567,0.005099,0.007820,0.012702,0.557460,0.000211,-0.000550,-0.017877,-0.022578,0.068667,1.987999,3.022578,2.056667,3.000000,2,27.667410
19728.596782,2.101461,0.004558,0.102008,0.011191,0.555401,-0.008179,0.001490,-0.035585,-0.019335,0.070197,2.036469,3.019335,2.106667,3.000000,2,27.716935
19728.602735,2.108163,0.002980,0.150372,0.010578,0.553225,0.008598,-0.001440,0.020418,-0.019050,0.042714,2.113953,3.019050,2.156667,3.000000,2,27.778914
19728.610443,2.118636,0.001105,0.179535,0.008321,0.546040,0.000560,0.000352,0.008433,-0.015305,0.079775,2.136892,3.015305,2.216667,3.000000,2,27.831704
19728.630444,2.121408,0.000824,0.182481,0.006513,0.548882,0.000289,0.000094,0.006130,-0.010808,0.083864,2.186136,3.010808,2.270000,3.000000,2,27.870477
19728.650450,2.127535,-0.000612,0.158421,0.007649,0.548996,0.000440,-0.000287,-0.009218,-0.008455,0.072604,2.237396,3.008455,2.310000,3.000000,2,27.919432
19728.697205,2.133720,-0.000901,0.137591,0.007807,0.546751,-0.006853,-0.000292,-0.005042,-0.005625,0.069642,2.287025,3.005625,2.356667,3.000000,2,27.969671
19728.703606,2.139642,-0.000460,0.132665,0.008684,0.544156,0.007536,0.000086,0.000173,-0.006360,0.039410,2.367257,3.006360,2.406667,3.000000,2,28.032852
19728.710441,2.148876,-0.000113,0.136375,0.008215,0.536743,0.000861,-0.000056,-0.001170,-0.002479,0.078951,2.391049,3.002479,2.470000,3.000000,2,28.086557
19728.730448,2.151359,-0.000099,0.137167,0.008052,0.539235,0.000305,0.000036,0.001037,-0.000406,0.085055,2.441612,3.000406,2.526667,3.000000,2,28.125924
19728.750448,2.156493,-0.000022,0.141516,0.007869,0.538619,0.000294,0.000084,0.002811,0.001574,0.070780,2.492553,2.998426,2.563333,3.000000,2,28.175848
19728.797424,2.161505,-0.000073,0.144310,0.008485,0.536674,-0.005652,0.000037,-0.004819,0.000093,0.071112,2.542222,2.999907,2.613333,3.000000,2,28.226684
19728.803446,2.166376,-0.000138,0.146079,0.006514,0.534876,0.006492,0.000144,0.005859,-0.000888,0.041342,2.625325,3.000888,2.666667,3.000000,2,28.291149
19728.810449,2.174189,-0.000246,0.147203,0.004154,0.526280,0.000712,0.000599,0.013674,0.003944,0.081887,2.648113,2.996056,2.730000,3.000000,2,28.346078
19728.830450,2.176226,-0.000275,0.147139,0.003138,0.527167,0.000462,0.000273,0.010469,0.005170,0.082975,2.700358,2.994830,2.783333,3.000000,2,28.385803
19728.850458,2.180473,-0.001343,0.114949,0.002398,0.525720,0.000450,0.000107,0.006210,0.005657,0.071234,2.752100,2.994343,2.823333,3.000000,2,28.436226
19728.897815,2.184562,-0.001614,0.085446,0.001432,0.523941,-0.004191,-0.000601,0.023339,0.004835,0.069447,2.803886,2.995165,2.873333,3.000000,2,28.488012
19728.904855,2.188516,-0.001555,0.058340,0.001100,0.522042,0.005890,0.000692,-0.016422,0.004529,0.026280,2.900387,2.995471,2.926667,3.000000,2,28.558941
19728.910410,2.195576,-0.000806,0.033166,0.001349,0.512093,-0.000087,-0.000042,0.000182,0.004330,0.087495,2.909172,2.995670,2.996667,3.000000,2,28.614348
19728.930442,2.196227,-0.000754,0.031407,-0.000166,0.513489,0.000482,0.000376,0.012190,0.004521,0.091060,2.962274,2.995479,3.053333,3.000000,2,28.649133
19728.950446,2.199422,-0.000465,0.026247,-0.000497,0.512712,0.000331,0.000467,0.015269,0.001835,0.073685,3.012982,2.998165,3.086667,3.000000,2,28.699238
19728.998071,2.202369,-0.000265,0.024292,-0.001889,0.511507,-0.003375,-0.000101,0.031497,0.000384,0.079611,3.057056,2.999616,3.136667,3.000000,2,28.747096
19729.004184,2.204887,-0.000788,0.007980,-0.001823,0.511062,0.004177,0.000153,-0.021406,-0.004196,0.040520,3.146147,3.004196,3.186667,3.000000,2,28.811154
19729.010440,2.209813,-0.000761,-0.020923,0.000814,0.501646,0.000668,-0.000335,-0.008852,-0.000006,0.080763,3.169237,3.000006,3.250000,3.000000,2,28.868165
19729.030445,2.211056,-0.000621,-0.024478,0.000465,0.502996,0.000521,0.000075,0.001130,-0.003143,0.083317,3.223349,3.003143,3.306667,3.000000,2,28.909420
19729.050449,2.213466,0.000351,-0.009162,-0.000368,0.501666,0.000390,0.000073,0.004137,-0.004840,0.071941,3.274726,3.004840,3.346667,3.000000,2,28.961143
19729.104509,2.215632,0.000266,-0.003293,-0.002789,0.500078,-0.002174,-0.000048,0.027106,-0.007756,0.071346,3.328654,3.007756,3.400000,3.000000,2,29.013280
19729.110829,2.217859,-0.000411,-0.016404,-0.005740,0.497615,0.003686,0.000567,-0.010734,-0.013642,0.018826,3.434507,3.013642,3.453333,3.000000,2,29.088897
19729.130857,2.222011,-0.000401,-0.042578,-0.015121,0.489266,0.001070,0.002882,0.094954,-0.016694,0.039909,3.486758,3.016694,3.526667,3.000000,2,29.167635
19729.150851,2.223934,-0.000442,-0.056999,-0.030627,0.486603,0.001605,0.007026,0.232137,-0.020614,0.067029,3.539638,3.020614,3.606667,3.000000,2,29.223822
19729.198711,2.225916,0.000008,-0.057195,-0.051216,0.483973,0.001594,-0.000223,0.487252,-0.024023,0.071802,3.591531,3.024023,3.663333,3.000000,2,29.276948
19729.204892,2.226784,-0.008510,-0.269270,-0.072763,0.479960,0.000944,0.004841,-0.297884,-0.029312,0.029614,3.687052,3.029312,3.716667,3.000000,2,29.347894
19729.210886,2.227162,-0.008784,-0.740345,-0.105489,0.470832,0.001051,0.004233,0.118892,-0.029841,0.090711,3.695956,3.029841,3.786667,3.000000,2,29.402620
19729.230848,2.226943,-0.009219,-0.795942,-0.130836,0.468707,0.002658,0.004879,0.169007,-0.034019,0.091037,3.748963,3.034019,3.840000,3.000000,2,29.436425
19729.250848,2.223742,-0.015504,-1.262831,-0.154555,0.464278,0.002407,0.002642,0.133186,-0.037945,0.074963,3.801704,3.037945,3.876667,3.000000,2,29.486145
19729.305534,2.218602,-0.016965,-1.718581,-0.176185,0.461498,0.016768,-0.015695,0.507456,-0.040306,0.070459,3.852874,3.040306,3.923333,3.000000,2,29.536929
19729.311199,2.210648,-0.015126,-2.187999,-0.195386,0.460080,-0.013919,0.017084,-0.391604,-0.029959,0.024983,3.951684,3.029959,3.976667,3.000000,2,29.606227
19729.331230,2.193630,0.002537,-2.715363,-0.206630,0.450950,0.003673,0.003554,0.108944,-0.021161,0.044973,4.000426,3.023098,4.043393,2.998113,2,29.677246
19729.351222,2.184335,0.010819,-2.828504,-0.218373,0.447965,0.002610,0.001524,0.068116,-0.010755,0.072454,4.047923,3.013637,4.115910,2.986379,2,29.727112
19729.399261,2.172398,0.014033,-2.959721,-0.225442,0.445226,0.022705,-0.004798,0.165777,-0.003564,0.074667,4.094646,3.000194,4.164012,2.972335,2,29.774869
19729.404948,2.158269,0.016504,-3.111000,-0.228031,0.443343,-0.021477,0.006188,-0.108145,0.002744,0.040839,4.169134,2.969388,4.207431,2.954942,2,29.836357
19729.411239,2.132319,0.023375,-3.259811,-0.224195,0.437208,0.001865,-0.000305,0.006257,0.010849,0.091690,4.176625,2.965274,4.260537,2.926756,2,29.883723
19729.431229,2.129223,0.023845,-3.273043,-0.222296,0.442985,0.000182,-0.000048,-0.005296,0.004827,0.089816,4.227440,2.948926,4.301944,2.898534,2,29.915656
19729.451226,2.114190,0.026207,-3.320331,-0.229236,0.448517,-0.000075,0.000152,0.006900,0.007676,0.076640,4.262170,2.923703,4.325359,2.879660,2,29.958931
19729.499322,2.098652,0.027310,-3.353261,-0.231348,0.453284,0.020961,0.000816,0.027896,0.006548,0.078344,4.297565,2.901358,4.357080,2.849991,2,30.000533
19729.505400,2.083526,0.027449,-3.380001,-0.233222,0.458545,-0.021794,-0.001016,-0.020136,-0.002569,0.044190,4.360014,2.853437,4.386107,2.817681,2,30.055800
19729.511220,2.057198,0.026247,-3.408660,-0.232818,0.456939,0.001504,0.000202,0.002022,0.001855,0.087513,4.368191,2.846760,4.417812,2.774651,2,30.099538
19729.531228,2.054503,0.026040,-3.410479,-0.234347,0.463214,-0.000029,0.000137,0.003420,-0.002728,0.090818,4.399360,2.818583,4.440071,2.737355,2,30.125475
19729.551240,2.040447,0.024470,-3.421762,-0.233375,0.469053,-0.000001,0.000067,0.000743,-0.011035,0.074161,4.430441,2.785266,4.452129,2.713494,2,30.163103
19729.600259,2.027210,0.022710,-3.429602,-0.230756,0.474749,0.016594,0.002729,-0.008193,-0.013266,0.074821,4.453769,2.751266,4.467781,2.676581,2,30.202556
19729.606286,2.014342,0.020716,-3.435701,-0.221558,0.480095,-0.018826,-0.003683,-0.018665,-0.022855,0.037653,4.490733,2.684328,4.479489,2.641741,2,30.255679
19729.611699,1.992261,0.016949,-3.444687,-0.200623,0.475531,-0.000089,-0.001325,-0.030630,-0.016957,0.086410,4.493050,2.677799,4.491879,2.589748,2,30.296173
19729.631246,1.989944,0.016664,-3.442638,-0.183689,0.482488,-0.003449,-0.004577,-0.132749,-0.014884,0.086134,4.503677,2.637239,4.497489,2.550048,2,30.321859
19729.651230,1.980389,0.016379,-3.391083,-0.161834,0.488943,-0.002852,-0.002850,-0.126247,-0.015115,0.069736,4.511289,2.593753,4.499453,2.523386,2,30.362432
19729.700273,1.973839,0.019966,-3.225280,-0.135806,0.493720,0.001119,0.007678,-0.433234,-0.016854,0.067793,4.516854,2.551126,4.500000,2.483333,2,30.405756
19729.706525,1.971358,0.024197,-2.898341,-0.110698,0.497911,-0.002686,-0.012165,0.284123,-0.026950,0.035821,4.526950,2.475821,4.500000,2.440000,2,30.463514
19729.712010,1.968914,0.014833,-2.446601,-0.082979,0.492036,-0.000771,-0.004386,-0.117942,-0.030641,0.086032,4.530641,2.466032,4.500000,2.380000,2,30.508846
19729.731234,1.968893,0.013885,-2.404793,-0.064180,0.498519,-0.000667,-0.001925,-0.083283,-0.038521,0.083715,4.538521,2.420381,4.500000,2.336667,2,30.539098
19729.751230,1.971733,0.021177,-1.882969,-0.055709,0.500856,-0.000402,-0.000636,-0.030178,-0.029505,0.070261,4.529505,2.376928,4.500000,2.306667,2,30.581870
19729.800494,1.975200,0.018741,-1.439698,-0.045878,0.500685,-0.006435,0.008667,-0.259222,-0.036305,0.074157,4.536305,2.337490,4.500000,2.263333,2,30.624032
19729.807164,1.979388,0.013289,-1.125460,-0.038739,0.502116,0.006104,-0.008981,0.169219,-0.036772,0.040686,4.536772,2.260686,4.500000,2.220000,2,30.680681
19729.813037,1.987038,0.003420,-0.853642,-0.032195,0.494863,0.000459,-0.002053,-0.030949,-0.040562,0.079795,4.540562,2.243128,4.500000,2.163333,2,30.729511
19729.831233,1.988809,0.001982,-0.828102,-0.029611,0.497327,-0.000661,-0.000651,-0.036795,-0.040921,0.090702,4.540921,2.207368,4.500000,2.116667,2,30.758928
19729.851233,1.992345,0.002951,-0.712300,-0.030011,0.499921,0.000017,-0.000147,-0.007692,-0.038536,0.075068,4.538536,2.161734,4.500000,2.086667,2,30.798391
19729.900185,1.997033,0.002160,-0.614596,-0.028052,0.501327,-0.006581,0.001500,-0.050669,-0.037382,0.070653,4.537382,2.117319,4.500000,2.046667,2,30.843274
19729.907712,2.001898,0.001160,-0.549545,-0.023169,0.502728,0.006581,-0.002108,0.017818,-0.030620,0.042598,4.530620,2.042598,4.500000,2.000000,2,30.900504
19729.913148,2.010304,-0.000551,-0.496420,-0.010595,0.496608,0.000788,-0.002230,-0.045320,-0.039057,0.077884,4.539057,2.021217,4.500000,1.943333,2,30.949759
19729.931238,2.012324,-0.000804,-0.492002,-0.006997,0.499058,-0.000455,-0.001171,-0.047146,-0.046247,0.092821,4.546247,1.986154,4.500000,1.893333,2,30.981514
19729.951339,2.016038,0.003013,-0.371826,-0.006664,0.501824,0.000025,-0.000259,-0.014355,-0.045743,0.077148,4.545743,1.940481,4.500000,1.863333,2,31.021205
19730.003833,2.020779,0.003958,-0.254255,-0.006141,0.503465,-0.007505,0.001862,-0.056429,-0.040391,0.074365,4.540391,1.897699,4.500000,1.823333,2,31.065089
19730.009675,2.025531,0.003032,-0.178557,-0.001185,0.505209,0.007914,-0.002585,0.023918,-0.041195,0.029776,4.541195,1.809776,4.500000,1.780000,2,31.127696
19730.015307,2.034844,0.000764,-0.125128,0.004262,0.496403,-0.000253,-0.001044,-0.025084,-0.040842,0.084976,4.540842,1.801642,4.500000,1.716667,2,31.178273
19730.031239,2.035758,0.000919,-0.117408,0.005698,0.500049,0.000329,-0.000635,-0.023949,-0.038983,0.097816,4.538983,1.764482,4.500000,1.666667,2,31.204900
19730.051262,2.039528,0.002654,-0.052260,0.004373,0.502847,0.000006,0.000092,0.004604,-0.044996,0.081428,4.544996,1.721428,4.500000,1.640000,2,31.243338
19730.102248,2.043971,0.002916,0.019124,0.001445,0.505297,-0.006713,0.001147,0.010046,-0.043878,0.075535,4.543878,1.675535,4.500000,1.600000,2,31.286927
19730.108339,2.048642,0.001397,0.037928,-0.000774,0.506894,0.006928,-0.000580,0.000751,-0.035790,0.037452,4.535790,1.594119,4.500000,1.556667,2,31.347762
19730.114071,2.056959,0.000086,0.031109,-0.000001,0.498953,0.000710,-0.000012,-0.000049,-0.041485,0.078687,4.541485,1.575354,4.500000,1.496667,2,31.399913
19730.131233,2.058811,-0.000162,0.026048,-0.004492,0.501820,-0.000157,0.000388,0.016435,-0.042778,0.097126,4.542778,1.540459,4.500000,1.443333,2,31.430674
19730.151235,2.062170,-0.001155,-0.002338,-0.009864,0.503448,0.000056,0.000397,0.020357,-0.037123,0.084169,4.537123,1.497502,4.500000,1.413333,2,31.468838
19730.202334,2.066334,-0.002585,-0.065526,-0.014271,0.504601,-0.006149,-0.001130,0.082880,-0.035069,0.076990,4.535069,1.453657,4.500000,1.376667,2,31.511559
19730.208323,2.070528,-0.003456,-0.141450,-0.021509,0.505614,0.006231,0.002201,-0.040341,-0.032251,0.041189,4.532251,1.374523,4.500000,1.333333,2,31.570426
19730.214043,2.077956,-0.002247,-0.224075,-0.037937,0.499437,0.000773,0.002486,0.050667,-0.038879,0.082349,4.538879,1.355682,4.500000,1.273333,2,31.621065
19730.231239,2.079619,-0.002488,-0.244620,-0.056280,0.501037,0.000326,0.001983,0.090159,-0.037702,0.095036,4.537702,1.318369,4.500000,1.223333,2,31.652819
19730.251262,2.082142,-0.009558,-0.463339,-0.074146,0.501823,0.000577,0.001194,0.061096,-0.038830,0.077974,4.538830,1.271307,4.500000,1.193333,2,31.693270
19730.301496,2.084697,-0.014615,-0.799624,-0.093437,0.502920,-0.001725,-0.005897,0.356179,-0.040677,0.075405,4.540677,1.225405,4.500000,1.150000,2,31.738324
19730.307745,2.086530,-0.016135,-1.128029,-0.115682,0.505854,0.002693,0.008768,-0.213577,-0.032308,0.039097,4.532308,1.145763,4.500000,1.106667,2,31.798636
19730.313716,2.089184,-0.009510,-1.489059,-0.145489,0.502484,0.001235,0.003821,0.066975,-0.037932,0.079247,4.537932,1.125913,4.500000,1.046667,2,31.848753
19730.331230,2.089575,-0.009387,-1.561289,-0.177626,0.505723,0.002743,0.005126,0.177608,-0.035821,0.092069,4.536423,1.088493,4.499989,0.996665,2,31.879114
19730.351258,2.087829,-0.014443,-1.861531,-0.205581,0.507594,0.002435,0.002891,0.129658,-0.033151,0.079287,4.537250,1.043576,4.498888,0.966674,2,31.917422
19730.406388,2.083194,-0.018485,-2.273933,-0.226567,0.509673,0.015015,-0.012358,0.495079,-0.023822,0.075241,4.529194,0.997841,4.494626,0.926893,2,31.959956
19730.412731,2.075747,-0.018803,-2.713792,-0.240388,0.512218,-0.012911,0.013355,-0.387162,-0.020145,0.034132,4.513931,0.912877,4.486437,0.884332,2,32.020567
19730.432773,2.059887,-0.004761,-3.231054,-0.243696,0.510263,0.000857,0.000480,0.017344,-0.010841,0.051729,4.497160,0.871680,4.469081,0.826902,2,32.083127
19730.452761,2.050594,0.001952,-3.376381,-0.244773,0.509127,0.000834,0.000396,0.010662,-0.005184,0.071120,4.480896,0.829683,4.443441,0.769002,2,32.128796
19730.501879,2.040831,0.008008,-3.469989,-0.246120,0.509016,0.016980,-0.004219,0.052891,-0.000132,0.066415,4.457551,0.787420,4.421770,0.731467,2,32.174618
19730.507987,2.030547,0.012740,-3.526904,-0.250998,0.509802,-0.016288,0.004002,-0.033949,0.000833,0.032931,4.414435,0.719828,4.394893,0.693309,2,32.235604
19730.513633,2.010723,0.017642,-3.578517,-0.259837,0.506505,-0.000900,0.000461,0.005212,-0.001098,0.076985,4.410261,0.702155,4.355318,0.648220,2,32.283534
19730.532767,2.006242,0.018064,-3.585659,-0.269364,0.510814,0.002856,0.000746,0.023607,0.007817,0.087280,4.380721,0.676096,4.318404,0.614488,2,32.313091
19730.552760,1.996485,0.017789,-3.612812,-0.280753,0.514229,0.001563,0.001269,0.035605,-0.002756,0.078427,4.359683,0.640079,4.294701,0.596080,2,32.350185
19730.599526,1.984233,0.017287,-3.640127,-0.290537,0.516379,0.021034,0.003366,0.120832,-0.005408,0.067253,4.324247,0.606524,4.264299,0.575564,2,32.391223
19730.605298,1.972403,0.016614,-3.659494,-0.297670,0.515125,-0.016550,-0.000820,0.004045,-0.017971,0.030434,4.264805,0.553796,4.229517,0.555791,2,32.448877
19730.612767,1.951541,0.014711,-3.677005,-0.300000,0.507648,0.002642,0.000900,0.016602,-0.018470,0.087784,4.266397,0.546623,4.177782,0.532674,2,32.487984
19730.632768,1.948560,0.013911,-3.687408,-0.300000,0.507809,0.001670,0.000849,0.030428,-0.021560,0.087794,4.230168,0.523812,4.139848,0.519956,2,32.510051
19730.652757,1.935479,0.011102,-3.726362,-0.300000,0.507683,-0.000022,-0.000056,-0.001226,-0.028111,0.070329,4.192251,0.503123,4.117290,0.513952,2,32.547725
19730.700489,1.921134,0.008096,-3.792490,-0.300000,0.508136,0.018834,0.001587,0.056958,-0.032475,0.066849,4.152587,0.485494,4.081345,0.506661,2,32.586257
19730.707020,1.907516,0.006441,-3.846420,-0.300000,0.510193,-0.020296,-0.001695,-0.058556,-0.036630,0.033326,4.081447,0.468541,4.044962,0.502026,2,32.638222
19730.713107,1.882816,0.004332,-3.920205,-0.291834,0.504947,-0.001417,-0.000280,-0.006456,-0.032193,0.075413,4.066529,0.466624,3.991663,0.500070,2,32.680281
19730.732758,1.877623,0.003964,-3.931134,-0.287843,0.509698,0.001224,-0.000484,-0.015237,-0.030231,0.086405,4.031223,0.463683,3.948399,0.502670,2,32.704663
19730.752750,1.867492,0.003158,-3.948588,-0.283787,0.514289,-0.001779,-0.001029,-0.027481,-0.031840,0.067796,3.987517,0.464002,3.925243,0.505620,2,32.739676
19730.799674,1.855060,0.001878,-3.965338,-0.279010,0.517659,0.010344,0.000718,-0.066689,-0.032113,0.061523,3.945635,0.467108,3.892459,0.511702,2,32.778989
19730.806440,1.843072,0.000354,-3.977111,-0.274199,0.520791,-0.018069,-0.003714,-0.033951,-0.032250,0.023728,3.867019,0.484084,3.853761,0.521864,2,32.834319
19730.812749,1.822063,-0.003104,-3.996779,-0.265201,0.512860,0.000327,-0.000808,-0.021246,-0.026907,0.076562,3.860080,0.486273,3.800600,0.541481,2,32.876977
19730.832758,1.820026,-0.003302,-3.994595,-0.258221,0.515569,-0.001437,-0.000900,-0.028441,-0.022603,0.083618,3.824371,0.500741,3.761640,0.560472,2,32.900977
19730.852756,1.811960,-0.002756,-3.932306,-0.242077,0.513555,-0.000653,-0.000962,-0.034325,-0.025473,0.068438,3.786783,0.514877,3.741386,0.572076,2,32.936555
19730.898303,1.806279,-0.002469,-3.833978,-0.233545,0.515844,0.004488,0.003616,-0.142074,-0.023426,0.067962,3.752592,0.533757,3.710713,0.592185,2,32.973724
19730.905344,1.801821,-0.003180,-3.713954,-0.227476,0.518267,-0.005399,-0.005211,0.113396,-0.024178,0.037231,3.694905,0.572138,3.681596,0.614488,2,33.023926
19730.912748,1.795325,-0.008592,-3.549693,-0.219136,0.511706,0.000197,-0.000312,-0.029962,-0.018214,0.082182,3.689558,0.577004,3.644682,0.648220,2,33.061797
19730.932723,1.794718,-0.009186,-3.534599,-0.211941,0.515221,-0.000448,-0.000820,-0.032671,-0.013960,0.081464,3.662154,0.604208,3.619851,0.675213,2,33.085469
19730.952752,1.793046,-0.010424,-3.431648,-0.204005,0.517945,-0.000253,-0.000480,-0.019886,-0.011137,0.069226,3.638773,0.631804,3.605107,0.693309,2,33.120718
19731.005266,1.792555,-0.011313,-3.313292,-0.193748,0.520708,-0.002280,0.002375,-0.179623,-0.005394,0.070049,3.617991,0.661770,3.583687,0.723082,2,33.157819
19731.012559,1.792465,-0.013216,-3.215476,-0.182359,0.523722,-0.000896,-0.005988,0.015997,-0.002170,0.031358,3.578024,0.725966,3.564508,0.754345,2,33.211640
19731.018191,1.792430,-0.018033,-3.128206,-0.167318,0.517097,-0.001078,-0.003167,-0.060382,0.005170,0.070270,3.573376,0.739643,3.540819,0.802130,2,33.257408
19731.032758,1.792430,-0.018537,-3.116399,-0.153463,0.521908,-0.001842,-0.003938,-0.120114,0.009399,0.093994,3.562296,0.759294,3.524369,0.845809,2,33.280511
19731.052756,1.794246,-0.014733,-2.999907,-0.143483,0.526211,-0.001024,-0.001703,-0.073140,0.009119,0.078848,3.547275,0.794522,3.517691,0.868176,2,33.310703
19731.103204,1.798676,-0.009220,-2.743145,-0.134805,0.529404,-0.008759,0.002684,-0.270764,0.011544,0.070604,3.536444,0.830620,3.510651,0.897349,2,33.347524
19731.108949,1.803497,-0.008675,-2.512918,-0.126262,0.531852,0.006752,-0.006883,0.108245,0.016209,0.030401,3.524550,0.905522,3.504442,0.933497,2,33.402431
19731.114343,1.812079,-0.014452,-2.320333,-0.110538,0.524390,-0.000753,-0.002343,-0.056467,0.020783,0.074651,3.522945,0.912592,3.500178,0.986661,2,33.447712
19731.132783,1.813251,-0.013916,-2.292825,-0.098074,0.529071,-0.001879,-0.003246,-0.117307,0.017159,0.089861,3.517159,0.943472,3.500000,1.033333,2,33.471235
19731.152747,1.818443,-0.008884,-2.088682,-0.089335,0.531878,-0.001745,-0.004996,-0.148616,0.013208,0.074030,3.513208,0.982637,3.500000,1.056667,2,33.505010
19731.200221,1.824481,-0.008799,-1.919173,-0.079276,0.533888,-0.012079,-0.001087,-0.348289,0.012469,0.069669,3.512469,1.020331,3.500000,1.090000,2,33.543204
19731.206363,1.831113,-0.006734,-1.745574,-0.065968,0.535575,0.011144,-0.002356,0.210522,0.011773,0.036343,3.511773,1.093657,3.500000,1.130000,2,33.596712
19731.212753,1.844966,-0.005662,-1.410238,-0.043042,0.529107,-0.001205,-0.004246,-0.109027,0.010999,0.082327,3.510999,1.101006,3.500000,1.183333,2,33.639639
19731.232794,1.846534,-0.005595,-1.383030,-0.025944,0.532408,-0.000830,-0.009983,-0.304669,0.010122,0.082793,3.510122,1.140541,3.500000,1.223333,2,33.666135
19731.252760,1.854546,-0.003783,-1.205811,-0.006523,0.532695,-0.000320,-0.007065,-0.285771,0.005153,0.068493,3.505153,1.181507,3.500000,1.250000,2,33.705138
19731.300356,1.862897,0.003044,-0.939757,0.014104,0.530632,-0.010897,-0.001215,-0.552623,0.002295,0.065655,3.502295,1.224345,3.500000,1.290000,2,33.747585
19731.306500,1.871533,0.009712,-0.505959,0.032754,0.526489,0.012910,-0.010117,0.111004,-0.006579,0.032956,3.493421,1.300377,3.500000,1.333333,2,33.805205
19731.312755,1.886718,0.004377,-0.195000,0.059962,0.518478,-0.000175,-0.007115,-0.173504,-0.007150,0.082090,3.492850,1.307910,3.500000,1.390000,2,33.849657
19731.332772,1.888316,0.005099,-0.155011,0.085682,0.516609,0.001856,-0.006170,-0.203053,-0.012369,0.083976,3.487631,1.349357,3.500000,1.433333,2,33.876928
19731.352759,1.894607,0.018862,0.387370,0.104049,0.511038,0.002903,-0.010001,-0.303100,-0.014369,0.071138,3.485631,1.392195,3.500000,1.463333,2,33.917700
19731.399534,1.901115,0.018468,0.727947,0.125070,0.508629,-0.000003,-0.010066,-0.874252,-0.018966,0.068716,3.481482,1.434501,3.499989,1.503342,2,33.961970
19731.405650,1.907653,0.014782,0.907227,0.153412,0.508695,0.012722,-0.014221,-0.151715,-0.032491,0.030556,3.468318,1.513263,3.497812,1.546721,2,34.023494
19731.412755,1.920104,0.008638,0.989900,0.193374,0.502131,0.002282,-0.009243,-0.223433,-0.040023,0.081827,3.466735,1.520796,3.487885,1.609398,2,34.073674
19731.432758,1.920529,0.012066,1.067702,0.224764,0.501322,0.007084,-0.008450,-0.243425,-0.050668,0.083955,3.452879,1.562034,3.474485,1.657684,2,34.107039
19731.452784,1.920472,0.028607,1.686550,0.229394,0.497067,0.005305,-0.005515,-0.201573,-0.055298,0.069260,3.437883,1.603998,3.462893,1.689024,2,34.153276
19731.499980,1.919218,0.033352,2.190532,0.232088,0.495680,0.007963,0.007149,-0.437769,-0.058946,0.067094,3.422013,1.644691,3.443205,1.731451,2,34.201774
19731.505904,1.913932,0.035714,2.721986,0.226508,0.495047,-0.006294,-0.009465,0.392404,-0.056843,0.029133,3.387772,1.716496,3.419638,1.771852,2,34.266204
19731.512769,1.906175,0.025004,3.228756,0.209319,0.490873,0.000140,0.002380,0.010564,-0.063214,0.077464,3.383566,1.722846,3.381826,1.822814,2,34.318969
19731.532799,1.905191,0.023548,3.258531,0.198612,0.497966,-0.002235,0.003986,0.119177,-0.066233,0.081363,3.358323,1.757640,3.345186,1.861727,2,34.353412
19731.552762,1.900777,0.016588,3.350212,0.186701,0.504176,-0.002353,0.003178,0.119897,-0.065813,0.071172,3.330826,1.790065,3.317681,1.886107,2,34.398057
19731.601438,1.897345,0.008807,3.333171,0.174119,0.510492,0.000343,0.002062,0.270228,-0.066650,0.066145,3.299786,1.819837,3.282974,1.912221,2,34.445820
19731.607921,1.896347,0.002051,3.189772,0.161066,0.515756,-0.003053,0.003484,-0.072023,-0.063888,0.029143,3.237602,1.866863,3.243216,1.936859,2,34.509495
19731.613714,1.893669,0.002392,3.026210,0.139476,0.511635,-0.001044,0.003076,0.055884,-0.068166,0.069275,3.224885,1.875108,3.185925,1.964146,2,34.563976
19731.632774,1.893437,0.001689,2.972072,0.125046,0.518310,-0.002190,0.007029,0.231786,-0.069439,0.085552,3.196265,1.892660,3.132098,1.982235,2,34.596902
19731.652785,1.894791,-0.000382,2.809997,0.111567,0.525698,-0.002140,0.005009,0.201670,-0.063756,0.075037,3.160427,1.912556,3.099593,1.989981,2,34.635217
19731.701302,1.897451,-0.003813,2.567876,0.099252,0.532383,-0.007579,-0.005585,0.379303,-0.057946,0.066739,3.122192,1.930040,3.063330,1.995973,2,34.677886
19731.707455,1.902863,-0.007971,2.187116,0.090507,0.538439,0.008063,0.007872,-0.277471,-0.041529,0.029567,3.047926,1.956917,3.020047,1.999598,2,34.736262
19731.713250,1.912846,-0.001015,1.783559,0.084493,0.533442,0.000307,0.002195,0.025736,-0.038598,0.069899,3.033232,1.961402,2.963333,2.000000,2,34.784611
19731.732759,1.914959,0.000868,1.740782,0.081223,0.536426,-0.001830,0.003586,0.132373,-0.028666,0.087165,3.000498,1.971334,2.913333,2.000000,2,34.812699
19731.752759,1.919456,0.003742,1.680966,0.079276,0.537251,-0.000764,0.002217,0.090673,-0.017699,0.072351,2.959018,1.982301,2.886667,2.000000,2,34.849553
19731.801042,1.925328,0.003733,1.594651,0.081082,0.534917,-0.008237,-0.002120,0.066162,-0.008271,0.066790,2.916790,1.991729,2.850000,2.000000,2,34.891526
19731.806812,1.932005,0.002523,1.460430,0.086489,0.530116,0.010026,0.001049,-0.094209,0.006999,0.031415,2.838082,2.006999,2.806667,2.000000,2,34.950118
19731.812759,1.943622,0.004666,1.358580,0.100731,0.520116,0.000064,-0.002419,-0.048707,0.008196,0.083736,2.830403,2.008196,2.746667,2.000000,2,34.996167
19731.832758,1.944816,0.005052,1.356996,0.111644,0.512302,0.001682,-0.002247,-0.100094,0.014693,0.083369,2.786702,2.014693,2.703333,2.000000,2,35.025011
19731.852758,1.949288,0.011053,1.474222,0.124171,0.502302,0.001538,-0.002620,-0.079431,0.020435,0.069451,2.742784,2.020435,2.673333,2.000000,2,35.067310
19731.901285,1.952393,0.014152,1.656380,0.138365,0.492302,0.002518,-0.002395,-0.381778,0.026850,0.065647,2.695647,2.026850,2.630000,2.000000,2,35.112495
19731.907366,1.955863,0.012962,1.765785,0.157392,0.482302,0.007235,-0.007431,-0.041405,0.031190,0.026760,2.613427,2.031190,2.586667,2.000000,2,35.173934
19731.913108,1.962355,0.009259,1.840501,0.185449,0.472302,0.002783,-0.005935,-0.122064,0.030880,0.074447,2.597781,2.030880,2.523333,2.000000,2,35.223665
19731.932757,1.963432,0.008982,1.854173,0.209329,0.463968,0.010185,-0.015643,-0.466429,0.027440,0.088000,2.559684,2.031389,2.473276,1.999285,2,35.252274
19731.952784,1.965694,0.008818,1.893739,0.232748,0.454906,0.013842,-0.018812,-0.559436,0.024383,0.071310,2.514928,2.028999,2.446628,1.997143,2,35.290476
19732.001382,1.968772,0.007431,1.900108,0.256902,0.444906,0.034039,-0.022189,-1.241295,0.019370,0.067053,2.469244,2.022777,2.406966,1.991268,2,35.333186
19732.007452,1.972265,0.006350,1.893602,0.276925,0.434906,0.012259,-0.010052,-0.214117,0.013711,0.030218,2.390061,2.002718,2.364682,1.981341,2,35.393269
19732.013214,1.979438,0.005400,1.877840,0.289186,0.424906,0.006046,-0.008572,-0.183071,0.007076,0.075789,2.375139,1.997272,2.307887,1.961619,2,35.443208
19732.032772,1.980145,0.005789,1.886062,0.296967,0.416645,0.020897,-0.021317,-0.615353,0.000309,0.090824,2.342437,1.983458,2.262645,1.940071,2,35.472438
19732.052761,1.982521,0.006110,1.908231,0.300000,0.407184,0.014596,-0.010636,-0.391289,-0.002810,0.072795,2.303059,1.962289,2.239463,1.926756,2,35.511433
19732.101375,1.977403,0.016919,2.163951,0.290260,0.398949,0.025663,0.001972,-0.602789,-0.009234,0.069591,2.267835,1.937942,2.206107,1.904508,2,35.554606
19732.107287,1.959610,0.030041,2.773859,0.261215,0.394202,-0.026134,-0.004339,0.587554,-0.019008,0.035638,2.211481,1.886497,2.172111,1.877477,2,35.612627
19732.113080,1.928952,0.025835,3.497531,0.221215,0.390994,-0.003691,0.002203,0.087354,-0.027086,0.074626,2.201818,1.874571,2.131424,1.837864,2,35.663089
19732.132797,1.922325,0.023065,3.593593,0.181215,0.396957,-0.006687,0.014446,0.359971,-0.036302,0.091450,2.180937,1.848679,2.097465,1.796590,2,35.694652
19732.152757,1.909252,0.016746,3.719504,0.141215,0.404876,-0.013833,0.022080,0.656890,-0.043541,0.078699,2.159693,1.814229,2.080362,1.771852,2,35.733158
19732.201554,1.892445,0.010433,3.816650,0.101215,0.412631,-0.012887,0.026251,1.700141,-0.052385,0.075697,2.141969,1.779111,2.059929,1.737355,2,35.775719
19732.207611,1.875620,0.005498,3.849112,0.061215,0.417347,-0.031316,0.021178,0.516319,-0.063738,0.040253,2.116876,1.712512,2.042326,1.701331,2,35.832103
19732.213451,1.845086,0.004533,3.918163,0.021215,0.407347,-0.007291,0.026101,0.551578,-0.072221,0.074768,2.113579,1.698151,2.022449,1.648138,2,35.881772
19732.232767,1.838331,0.004732,3.926773,-0.018785,0.397347,-0.011376,0.063180,1.827227,-0.079769,0.086802,2.105479,1.668767,2.010019,1.599593,2,35.912680
19732.252758,1.825585,0.004970,3.920525,-0.058785,0.387347,-0.011186,0.067668,1.981906,-0.081588,0.072995,2.095916,1.630816,2.004918,1.569954,2,35.948303
19732.301485,1.810239,0.002206,3.798646,-0.098785,0.377347,-0.002890,0.065906,4.265169,-0.082136,0.064832,2.087399,1.592598,2.001117,1.533396,2,35.986650
19732.307436,1.794801,0.006142,3.754820,-0.138785,0.367347,-0.021907,0.042663,0.788622,-0.068236,0.031675,2.068609,1.524075,1.999955,1.493316,2,36.035418
19732.312831,1.769845,0.016730,3.826722,-0.178785,0.357347,0.000667,0.029225,0.617951,-0.062544,0.077628,2.067616,1.517136,1.997143,1.446628,2,36.069369
19732.332756,1.767056,0.015395,3.794993,-0.218785,0.347347,0.003106,0.030727,1.152316,-0.051493,0.076175,2.056358,1.479665,1.992468,1.413542,2,36.090265
19732.352755,1.752821,-0.034003,2.571438,-0.258071,0.337347,0.005129,0.000463,0.014388,-0.042229,0.064030,2.043100,1.443842,1.987885,1.390602,2,36.124803
19732.401533,1.737301,-0.076969,0.304523,-0.241034,0.328055,0.021754,-0.012043,1.344385,-0.035250,0.064046,2.031448,1.409685,1.979489,1.358259,2,36.159329
19732.407730,1.726292,-0.075449,-1.372266,-0.230944,0.326289,-0.008045,0.016943,-0.993155,-0.021551,0.031186,1.999982,1.348323,1.968951,1.326550,2,36.207502
19732.413281,1.714371,-0.055811,-2.742028,-0.209149,0.325272,-0.000598,-0.000272,-0.066689,-0.012961,0.070270,1.991730,1.337925,1.949234,1.280481,2,36.248857
19732.432758,1.711620,-0.052772,-2.888534,-0.191724,0.333110,-0.000564,-0.004705,-0.082175,-0.006726,0.082734,1.978150,1.312948,1.930201,1.245192,2,36.272328
19732.452757,1.705586,-0.044692,-3.016604,-0.178862,0.343110,-0.003052,-0.005949,-0.172391,-0.000646,0.071320,1.957528,1.284591,1.917812,1.225349,2,36.302352
19732.501331,1.698362,-0.038559,-3.077742,-0.165538,0.353110,0.000311,-0.010655,-0.464795,0.007027,0.068321,1.935808,1.259663,1.900544,1.200726,2,36.335655
19732.507516,1.690416,-0.035939,-3.102436,-0.151809,0.363110,-0.014748,-0.005545,-0.129781,0.018069,0.039398,1.891577,1.216315,1.879660,1.174641,2,36.381590
19732.513639,1.675598,-0.034862,-3.103017,-0.136008,0.366357,-0.004218,-0.007994,-0.166801,0.025032,0.072333,1.882189,1.208867,1.847596,1.140588,2,36.421601
19732.532755,1.671813,-0.034742,-3.093548,-0.127275,0.376357,-0.001666,-0.004094,-0.158918,0.031824,0.081773,1.860608,1.190423,1.817681,1.113893,2,36.446693
19732.552763,1.671605,-0.020834,-2.721893,-0.123928,0.386357,-0.002319,-0.003054,-0.086261,0.035878,0.071701,1.833032,1.168881,1.796590,1.097465,2,36.479208
19732.600296,1.670281,-0.017933,-2.393510,-0.125242,0.396197,-0.003793,0.000954,-0.231500,0.040030,0.062869,1.802852,1.148140,1.771852,1.080362,2,36.516683
19732.605993,1.668438,-0.020613,-2.213900,-0.129012,0.405355,-0.003866,-0.004530,0.073908,0.043121,0.039149,1.751341,1.116466,1.737355,1.059929,2,36.566205
19732.612753,1.664953,-0.025294,-2.091892,-0.132760,0.408108,-0.000473,0.000054,-0.006951,0.047640,0.075153,1.745786,1.112874,1.695195,1.039675,2,36.604891
19732.632755,1.664930,-0.025339,-2.081206,-0.135880,0.418074,-0.000432,0.001523,0.044991,0.046754,0.076930,1.715943,1.094145,1.657684,1.025515,2,36.629630
19732.652755,1.666140,-0.025061,-2.021298,-0.139626,0.427017,-0.001068,0.002363,0.070556,0.043059,0.065143,1.686377,1.077741,1.635318,1.018659,2,36.662839
19732.701503,1.666843,-0.025509,-1.990928,-0.144606,0.436128,-0.004547,0.003907,0.174721,0.042180,0.066531,1.659296,1.065661,1.602866,1.010696,2,36.695481
19732.707872,1.667376,-0.025924,-1.976544,-0.148569,0.445640,0.001040,0.002076,0.057762,0.025572,0.033186,1.599236,1.034881,1.569954,1.004918,2,36.741240
19732.714236,1.669020,-0.026122,-1.963875,-0.155397,0.448326,-0.000097,0.001480,0.034485,0.024594,0.061113,1.583282,1.027973,1.523386,1.000547,2,36.782521
19732.732752,1.669362,-0.027620,-1.992854,-0.162343,0.458081,-0.000069,0.001313,0.052917,0.015746,0.075007,1.558340,1.015746,1.483333,1.000000,2,36.806598
19732.752753,1.670935,-0.032464,-2.134477,-0.163902,0.467734,-0.000621,0.000307,0.009917,0.001804,0.067694,1.524361,1.001804,1.456667,1.000000,2,36.836057
19732.801142,1.673005,-0.034477,-2.286076,-0.163439,0.476677,-0.005917,-0.001409,0.068734,-0.011516,0.058299,1.488299,0.988484,1.430000,1.000000,2,36.871620
19732.806954,1.675767,-0.033768,-2.371560,-0.160610,0.485166,0.002956,0.001396,-0.050166,-0.034176,0.030967,1.424301,0.965824,1.393333,1.000000,2,36.920971
19732.814313,1.679991,-0.031856,-2.434058,-0.159296,0.486201,-0.000822,-0.000344,-0.007779,-0.036339,0.067455,1.410788,0.963661,1.343333,1.000000,2,36.961708
19732.832757,1.680812,-0.031525,-2.439413,-0.158200,0.496201,-0.000912,-0.000282,-0.007222,-0.042922,0.078688,1.382022,0.957078,1.303333,1.000000,2,36.986751
19732.852729,1.684548,-0.030316,-2.431593,-0.155154,0.506105,-0.000659,-0.000656,-0.018742,-0.050011,0.067756,1.344422,0.949989,1.276667,1.000000,2,37.019903
19732.900337,1.689576,-0.029402,-2.417690,-0.151798,0.514977,-0.009514,-0.001866,-0.071295,-0.057936,0.063434,1.306767,0.942064,1.243333,1.000000,2,37.057325
19732.906954,1.694649,-0.028975,-2.410406,-0.148513,0.522861,0.006044,-0.000806,-0.025708,-0.064319,0.033028,1.239695,0.935681,1.206667,1.000000,2,37.108102
19732.913345,1.703029,-0.028586,-2.411042,-0.144260,0.522388,-0.000660,-0.001463,-0.031534,-0.064191,0.066598,1.223265,0.935809,1.156667,1.000000,2,37.150976
19732.932754,1.704686,-0.028365,-2.408757,-0.143488,0.529345,-0.001462,-0.000610,-0.023741,-0.065210,0.081211,1.194545,0.934790,1.113333,1.000000,2,37.176282
19732.952739,1.710447,-0.025438,-2.340980,-0.142958,0.535678,-0.000536,-0.000122,-0.003995,-0.064085,0.068700,1.158700,0.935915,1.090000,1.000000,2,37.208179
19732.998009,1.717395,-0.024194,-2.277353,-0.144646,0.541098,-0.009246,0.000256,-0.003879,-0.063024,0.062811,1.119478,0.936976,1.056667,1.000000,2,37.244563
19733.004157,1.724719,-0.024250,-2.245421,-0.149709,0.545875,0.009737,0.000448,0.015582,-0.055990,0.033486,1.053486,0.944010,1.020000,1.000000,2,37.293654
19733.012744,1.736640,-0.024483,-2.238446,-0.160423,0.543011,0.000322,0.001769,0.041299,-0.050255,0.072985,1.039771,0.946352,0.969939,1.000904,2,37.332094
19733.032776,1.739443,-0.024774,-2.246247,-0.168617,0.548325,0.000820,0.001282,0.050313,-0.043702,0.070382,0.997286,0.951769,0.933357,1.004461,2,37.359398
19733.052783,1.745763,-0.028063,-2.346611,-0.179166,0.552528,0.000817,0.001995,0.057495,-0.038725,0.056427,0.955202,0.960183,0.906966,1.008732,2,37.398799
19733.100792,1.751600,-0.029442,-2.465835,-0.191507,0.556571,-0.005302,0.002511,0.281285,-0.031617,0.060861,0.918247,0.971192,0.867902,1.017765,2,37.437757
19733.108165,1.757124,-0.028545,-2.538765,-0.205388,0.561451,0.009109,0.005712,0.043331,-0.025067,0.031267,0.850546,0.995682,0.829688,1.029900,2,37.488997
19733.114127,1.767288,-0.025856,-2.591802,-0.223754,0.558474,0.002238,0.003889,0.078339,-0.024969,0.062865,0.829341,0.999581,0.783488,1.049309,2,37.534319
19733.132728,1.769661,-0.025815,-2.607579,-0.242497,0.562285,0.001896,0.003592,0.124886,-0.021153,0.082225,0.801885,1.011009,0.742322,1.071512,2,37.561238
19733.152729,1.770877,-0.032490,-2.810468,-0.253357,0.566280,0.002153,0.002346,0.075833,-0.022317,0.069648,0.764964,1.028381,0.719788,1.085897,2,37.593433
19733.222865,1.772161,-0.036166,-3.065577,-0.258271,0.569792,0.001141,-0.007372,0.330809,-0.020511,0.064563,0.731087,1.049682,0.692755,1.105538,2,37.630982
19733.230414,1.772193,-0.037510,-3.321362,-0.255727,0.572332,0.000027,0.008416,-0.281048,-0.020342,-0.019933,0.636180,1.127458,0.664608,1.129174,2,37.705162
19733.250427,1.772265,-0.028438,-3.676001,-0.240187,0.566618,-0.000906,-0.002073,-0.061044,-0.024406,0.013652,0.603720,1.156270,0.613893,1.182319,2,37.784068
19733.297753,1.772414,-0.025325,-3.703202,-0.229157,0.568508,-0.003828,-0.005349,-0.202316,-0.023912,0.054953,0.575139,1.188557,0.568106,1.248073,2,37.828703
19733.303931,1.772489,-0.023170,-3.714000,-0.215487,0.571142,-0.001283,-0.001377,-0.060389,-0.032816,0.033978,0.532705,1.241769,0.547871,1.286506,2,37.879261
19733.310438,1.772389,-0.021277,-3.716349,-0.193314,0.566181,-0.001299,-0.003136,-0.069699,-0.028304,0.073050,0.526520,1.254525,0.528772,1.332834,2,37.918184
19733.330440,1.772959,-0.019190,-3.677828,-0.175035,0.570485,-0.003291,-0.007711,-0.221150,-0.029876,0.074454,0.507216,1.291489,0.516893,1.371129,2,37.945346
19733.350431,1.776355,-0.014069,-3.504472,-0.158161,0.573981,-0.001923,-0.003234,-0.142408,-0.029924,0.059882,0.493731,1.332377,0.510696,1.397134,2,37.983970
19733.403976,1.782117,-0.006185,-3.204984,-0.141385,0.574592,-0.013301,0.004233,-0.478812,-0.028727,0.060646,0.483213,1.372875,0.504027,1.436670,2,38.024430
19733.410018,1.789275,-0.003824,-2.869691,-0.124767,0.573311,0.009799,-0.011466,0.150679,-0.026111,0.013672,0.475105,1.461735,0.500547,1.476614,2,38.086285
19733.415604,1.801860,-0.012546,-2.567927,-0.095988,0.563331,-0.001315,-0.005354,-0.127218,-0.020263,0.061534,0.479737,1.475133,0.500000,1.536667,2,38.139914
19733.430429,1.803522,-0.012053,-2.530368,-0.073828,0.565201,-0.000317,-0.004491,-0.140190,-0.029668,0.087027,0.470332,1.506306,0.500000,1.593333,2,38.167200
19733.450434,1.811428,-0.001285,-2.155699,-0.060891,0.568470,-0.000708,-0.003310,-0.098341,-0.032891,0.069080,0.467109,1.550920,0.500000,1.620000,2,38.204151
19733.501281,1.821502,0.004049,-1.666036,-0.053213,0.568674,-0.016174,0.004894,-0.352543,-0.033435,0.060409,0.466565,1.596257,0.500000,1.656667,2,38.248830
19733.506932,1.831807,0.003541,-1.324117,-0.044829,0.568346,0.015753,-0.006054,0.239023,-0.029876,0.018034,0.470124,1.681966,0.500000,1.700000,2,38.312156
19733.512555,1.850591,-0.001674,-0.974268,-0.030597,0.559809,-0.000835,-0.002417,-0.063566,-0.030102,0.073917,0.469898,1.689416,0.500000,1.763333,2,38.361427
19733.530430,1.852655,-0.002116,-0.953698,-0.022533,0.564032,0.000955,-0.001074,-0.039185,-0.034999,0.079962,0.465001,1.733371,0.500000,1.813333,2,38.391170
19733.550425,1.862999,0.002338,-0.718276,-0.020719,0.566698,0.000115,-0.000465,-0.014379,-0.035042,0.064176,0.464958,1.779157,0.500000,1.843333,2,38.434584
19733.599459,1.873556,0.002556,-0.532321,-0.018509,0.567923,-0.014779,0.001079,-0.105734,-0.031942,0.062361,0.468058,1.824305,0.500000,1.886667,2,38.479785
19733.605409,1.883971,0.000655,-0.441770,-0.013253,0.568222,0.015308,-0.003040,0.011903,-0.036784,0.023328,0.463216,1.910005,0.500000,1.933333,2,38.543163
19733.611044,1.902365,-0.001686,-0.387236,-0.013144,0.561396,-0.000744,-0.000577,-0.015292,-0.036886,0.079045,0.463114,1.917621,0.500000,1.996667,2,38.593502
19733.630430,1.904367,-0.001257,-0.373853,-0.014824,0.566607,0.000660,0.000105,0.006382,-0.040305,0.081723,0.459695,1.964944,0.500000,2.046667,2,38.624488
19733.650426,1.914660,-0.000041,-0.304677,-0.021096,0.569269,0.000316,0.000393,0.019789,-0.035956,0.064358,0.464044,2.012308,0.500000,2.076667,2,38.669186
19733.700485,1.924829,-0.001737,-0.305518,-0.025554,0.569663,-0.013954,0.000002,0.059368,-0.039410,0.060529,0.460590,2.059471,0.500000,2.120000,2,38.716668
19733.706610,1.934899,-0.003563,-0.352275,-0.033206,0.569176,0.014971,0.001338,-0.022253,-0.038289,0.022881,0.461711,2.147119,0.500000,2.170000,2,38.782194
19733.712385,1.952746,-0.003513,-0.412282,-0.050076,0.562214,-0.000495,0.002802,0.063756,-0.038269,0.078387,0.461731,2.154946,0.500000,2.233333,2,38.832950
19733.730437,1.954611,-0.003652,-0.420252,-0.064155,0.563388,0.002644,0.009456,0.273374,-0.037405,0.080003,0.462595,2.203331,0.500000,2.283333,2,38.864727
19733.750413,1.964201,-0.003140,-0.439120,-0.086724,0.562530,0.001495,0.003666,0.183049,-0.037381,0.064754,0.462619,2.251913,0.500000,2.316667,2,38.911054
19733.824198,1.971997,-0.014036,-0.727333,-0.109341,0.558931,-0.013809,-0.008762,0.616040,-0.039387,0.061400,0.460613,2.301933,0.500000,2.363333,2,38.959751
19733.830995,1.978464,-0.020896,-1.149293,-0.132936,0.555323,0.016624,0.012823,-0.425854,-0.038953,-0.032812,0.461047,2.446146,0.500000,2.413333,2,39.049321
19733.851039,1.996168,-0.011576,-1.769397,-0.172936,0.545323,0.005848,0.011762,0.354551,-0.034350,0.003078,0.465650,2.496922,0.500000,2.500000,2,39.142873
19733.898917,2.001453,-0.008829,-1.835765,-0.212936,0.536492,0.014916,0.014901,1.013592,-0.025353,0.055389,0.473516,2.543329,0.508732,2.593034,2,39.194794
19733.904572,2.006425,-0.006406,-1.862257,-0.252936,0.526492,0.011741,0.010504,0.187267,-0.041588,0.032231,0.472324,2.626151,0.521469,2.644942,2,39.252489
19733.911019,2.015341,-0.003712,-1.857226,-0.292936,0.516492,0.004031,0.004947,0.115287,-0.037409,0.077615,0.475871,2.641849,0.540990,2.698267,2,39.295918
19733.931039,2.014800,-0.008463,-1.957888,-0.300000,0.506492,0.002133,0.000250,0.005463,-0.041729,0.076408,0.486930,2.689914,0.559929,2.737355,2,39.326543
19733.951026,2.002438,-0.026199,-2.598276,-0.300000,0.496492,0.001175,0.000071,-0.001647,-0.047079,0.064727,0.502451,2.736495,0.576765,2.766218,2,39.368907
19733.999805,1.989839,-0.027874,-3.115762,-0.300000,0.486492,0.020778,-0.011803,0.305005,-0.053356,0.062381,0.519375,2.781237,0.599456,2.799274,2,39.410722
19866.001428,0.400000,0.020000,0.000000,-0.004336,0.510000,-0.213137,0.274400,2.835365,-0.019420,0.024245,1.485755,3.019420,1.510000,3.000000,0,0.522393
19866.034614,0.222634,0.273705,2.817086,-0.029509,0.520000,0.005748,0.024764,0.427491,-0.019247,0.029316,1.490684,3.019247,1.520000,3.000000,0,0.523462
19866.040049,0.274837,0.091926,2.299652,-0.042256,0.530000,-0.005172,-0.071480,-1.961817,-0.012183,0.031236,1.492097,3.012183,1.523333,3.000000,0,0.525284
19866.060101,0.275878,-0.000463,-0.012088,-0.045065,0.540000,-0.048550,0.001039,0.029891,-0.010992,0.030438,1.492895,3.010992,1.523333,3.000000,0,0.526083
19866.080195,0.249936,-0.004313,-0.111957,-0.047517,0.550000,-0.022614,0.000917,0.024389,-0.010876,0.027847,1.495486,3.010876,1.523333,3.000000,0,0.527204
19866.100144,0.250902,-0.004348,-0.115762,-0.049137,0.560000,-0.016936,0.000707,0.020562,-0.010621,0.029986,1.496681,3.010621,1.526667,3.000000,0,0.529080
19866.134215,0.257969,-0.004761,-0.124981,-0.050034,0.570000,-0.026281,0.001359,0.036645,-0.010653,0.025125,1.501542,3.010653,1.526667,3.000000,0,0.532818
19866.141398,0.273645,-0.004697,-0.125189,-0.050615,0.580000,0.005625,0.000669,0.015850,-0.013706,0.019730,1.510270,3.013706,1.530000,3.000000,0,0.539883
19866.160153,0.288297,-0.004934,-0.131733,-0.052723,0.590000,-0.013271,0.001251,0.033753,-0.011891,0.024675,1.511992,3.011891,1.536667,3.000000,0,0.546273
19866.180171,0.299118,-0.005344,-0.142291,-0.053518,0.600000,-0.001857,0.001310,0.033790,-0.012080,0.024001,1.519332,3.012080,1.543333,3.000000,0,0.552260
19866.200110,0.323539,-0.005650,-0.152424,-0.053875,0.610000,-0.005923,0.000948,0.027836,-0.011488,0.025019,1.524981,3.011488,1.550000,3.000000,0,0.559725
19866.241302,0.344275,-0.006542,-0.173100,-0.053635,0.620000,-0.014979,0.001981,0.053782,-0.013719,0.018218,1.538448,3.013719,1.556667,3.000000,0,0.571382
19866.247297,0.385408,-0.006495,-0.176149,-0.053428,0.630000,0.023078,0.000755,0.014913,-0.014062,0.019678,1.550322,3.014062,1.570000,3.000000,0,0.586022
19866.260178,0.416754,-0.006952,-0.189414,-0.053200,0.640000,-0.006596,0.000375,0.012040,-0.012456,0.029616,1.553717,3.012456,1.583333,3.000000,0,0.595604
19866.280058,0.428242,-0.008414,-0.224632,-0.051876,0.650000,0.007435,-0.000380,-0.010700,-0.012812,0.028688,1.564645,3.012812,1.593333,3.000000,0,0.604558
19866.300092,0.464230,-0.009569,-0.262179,-0.049793,0.660000,-0.011718,-0.000440,-0.010685,-0.013735,0.031617,1.571717,3.013735,1.603333,3.000000,0,0.615449
19866.343139,0.481760,-0.009939,-0.273830,-0.048106,0.670000,-0.012999,-0.000892,-0.023984,-0.013726,0.022023,1.591310,3.013726,1.613333,3.000000,0,0.630817
19866.348669,0.532487,-0.010835,-0.302263,-0.044729,0.677518,0.031012,-0.001448,-0.037574,-0.013493,0.020480,1.609520,3.013493,1.630000,3.000000,0,0.651500
19866.360109,0.571816,-0.011489,-0.323760,-0.041326,0.683131,-0.003356,-0.000908,-0.023735,-0.013652,0.035294,1.614706,3.013652,1.650000,3.000000,0,0.665908
19866.380115,0.585713,-0.010670,-0.308008,-0.038446,0.693131,0.002173,-0.001102,-0.028435,-0.013801,0.033745,1.629589,3.013801,1.663333,3.000000,0,0.677788
19866.400162,0.618473,-0.010113,-0.290235,-0.035560,0.703131,-0.005853,-0.001636,-0.044024,-0.013822,0.034847,1.641820,3.013822,1.676667,3.000000,0,0.692716
19866.443764,0.643644,-0.010296,-0.297787,-0.032718,0.713131,-0.018960,-0.002785,-0.078460,-0.013772,0.022650,1.667350,3.013772,1.690000,3.000000,0,0.712819
19866.449694,0.692788,-0.011102,-0.323906,-0.029011,0.718426,0.033091,-0.002248,-0.055852,-0.013374,0.019522,1.690478,3.013374,1.710000,3.000000,0,0.739001
19866.460157,0.735244,-0.011579,-0.343079,-0.025054,0.720935,-0.003653,-0.003325,-0.077825,-0.014136,0.038998,1.697669,3.014136,1.736667,3.000000,0,0.757623
19866.480088,0.748024,-0.011667,-0.347541,-0.022046,0.730935,0.003174,-0.004530,-0.118518,-0.014514,0.038729,1.717938,3.014514,1.756667,3.000000,0,0.773524
19866.500055,0.782902,-0.011317,-0.341733,-0.019024,0.740935,-0.002652,-0.003200,-0.098055,-0.013878,0.037691,1.735642,3.013878,1.773333,3.000000,0,0.793850
19866.539599,0.812341,-0.009389,-0.308699,-0.015997,0.750935,-0.032184,-0.004120,-0.139302,-0.013041,0.037237,1.756097,3.013041,1.793333,3.000000,0,0.814606
19866.545653,0.844065,-0.008878,-0.296357,-0.012994,0.760935,0.042771,0.001608,0.066314,-0.012427,0.025253,1.788080,3.012427,1.813333,3.000000,0,0.842925
19866.560144,0.896814,-0.005024,-0.174541,-0.010584,0.761708,-0.002674,-0.000467,-0.014614,-0.013131,0.039887,1.800113,3.013131,1.840000,3.000000,0,0.868129
19866.580241,0.917636,-0.004114,-0.146661,-0.008904,0.770541,-0.001376,-0.000718,-0.022419,-0.011732,0.046458,1.820208,3.011732,1.866667,3.000000,0,0.887076
19866.600079,0.949148,-0.003630,-0.127780,-0.006925,0.779551,0.010475,-0.001211,-0.033631,-0.011184,0.038663,1.848004,3.011184,1.886667,3.000000,0,0.912626
19866.641554,0.992355,-0.003571,-0.122285,-0.004717,0.782823,-0.031402,-0.001268,-0.048929,-0.009590,0.037612,1.872388,3.009590,1.910000,3.000000,0,0.940412
19866.647789,1.028670,-0.002777,-0.106799,-0.002354,0.787899,0.040801,0.000329,0.020356,-0.008312,0.031879,1.908121,3.008312,1.940000,3.000000,0,0.972455
19866.660044,1.079726,-0.001565,-0.063964,-0.001196,0.784804,0.000895,-0.000369,-0.009903,-0.009309,0.047487,1.922513,3.009309,1.970000,3.000000,0,1.000697
19866.680057,1.100346,-0.001132,-0.050554,-0.000704,0.790780,0.000526,-0.000358,-0.011428,-0.008967,0.052938,1.947062,3.008967,2.000000,3.000000,0,1.022667
19866.700082,1.133184,-0.000716,-0.034891,-0.000008,0.797132,0.011882,-0.000518,-0.013611,-0.007856,0.039371,1.980629,3.007856,2.020000,3.000000,0,1.053016
19866.743646,1.177458,-0.000623,-0.026610,0.000884,0.796622,-0.027923,-0.000342,-0.018657,-0.007239,0.035680,2.014320,3.007239,2.050000,3.000000,0,1.088739
19866.750536,1.218582,-0.000064,-0.012350,-0.000095,0.793627,0.037560,0.000310,0.013987,-0.007169,0.032454,2.054212,3.007169,2.086667,3.000000,0,1.127642
19866.760178,1.266961,0.000275,0.004917,-0.000726,0.787339,-0.001282,0.000297,0.006565,-0.008491,0.061068,2.065598,3.008491,2.126667,3.000000,0,1.156993
19866.780123,1.280390,0.000285,0.006968,-0.001954,0.792762,0.005830,0.000319,0.011323,-0.009134,0.058894,2.097773,3.009134,2.156667,3.000000,0,1.181330
19866.800144,1.316746,-0.000162,-0.000137,-0.003678,0.795745,0.004685,0.000388,0.010437,-0.011573,0.050023,2.129977,3.011573,2.180000,3.000000,0,1.214631
19866.838501,1.351856,-0.000644,-0.017689,-0.006574,0.797494,-0.026534,0.000725,0.038528,-0.011156,0.053483,2.159851,3.011156,2.213333,3.000000,0,1.247863
19866.844571,1.382774,-0.001297,-0.037301,-0.009282,0.800619,0.039451,0.000007,-0.017839,-0.009787,0.037794,2.208872,3.009787,2.246667,3.000000,0,1.288245
19866.860170,1.431344,-0.001996,-0.074591,-0.011229,0.793698,-0.003997,0.000601,0.018868,-0.011960,0.059205,2.227461,3.011960,2.286667,3.000000,0,1.325258
19866.880109,1.449977,-0.002523,-0.094428,-0.013736,0.797168,0.006696,0.001055,0.028300,-0.013021,0.058560,2.264773,3.013021,2.323333,3.000000,0,1.356447
19866.900128,1.485538,-0.002892,-0.121668,-0.016257,0.796771,0.003047,0.001598,0.045688,-0.013893,0.053695,2.299638,3.013893,2.353333,3.000000,0,1.393433
19866.943364,1.517110,-0.002970,-0.137595,-0.019297,0.797677,-0.022919,0.002869,0.121648,-0.013016,0.049306,2.344027,3.013016,2.393333,3.000000,0,1.434507
19866.949173,1.554652,-0.002530,-0.137516,-0.022766,0.792649,0.033905,0.001885,0.036999,-0.013071,0.039996,2.393337,3.013071,2.433333,3.000000,0,1.482797
19866.960163,1.596524,-0.002344,-0.138086,-0.025413,0.784822,-0.003064,0.001521,0.041797,-0.014753,0.072770,2.407230,3.014753,2.480000,3.000000,0,1.518169
19866.980166,1.607956,-0.004067,-0.176246,-0.029081,0.788816,0.000244,0.001214,0.035466,-0.015809,0.076935,2.439732,3.015809,2.516667,3.000000,0,1.544348
19867.000150,1.634583,-0.006649,-0.281068,-0.030001,0.792865,0.000099,0.001541,0.046900,-0.016684,0.070663,2.472670,3.016684,2.543333,3.000000,0,1.577580
19867.045675,1.660984,-0.006519,-0.330933,-0.029481,0.796469,-0.019581,0.000146,0.057236,-0.023730,0.047961,2.528706,3.023730,2.576667,3.000000,0,1.622277
19867.052533,1.700628,-0.006733,-0.382878,-0.035687,0.789630,0.032334,0.001169,-0.017340,-0.023834,0.031701,2.588299,3.023834,2.620000,3.000000,0,1.680174
19867.060092,1.741628,-0.006674,-0.438453,-0.038387,0.779630,-0.002490,0.001132,0.030905,-0.026485,0.080813,2.599187,3.026485,2.680000,3.000000,0,1.719541
19867.080087,1.748248,-0.006757,-0.447341,-0.043695,0.780295,0.005099,0.001522,0.043665,-0.027831,0.071271,2.645395,3.027831,2.716667,3.000000,0,1.750875
19867.100121,1.777192,-0.008345,-0.531500,-0.046698,0.776427,-0.000955,0.001702,0.063692,-0.029684,0.066837,2.683163,3.029684,2.750000,3.000000,0,1.793276
19867.142297,1.799485,-0.008492,-0.582319,-0.050065,0.774977,-0.012923,0.000317,0.100943,-0.031030,0.045887,2.744113,3.031030,2.790000,3.000000,0,1.843153
19867.148748,1.834250,-0.009265,-0.669049,-0.051476,0.765309,0.026723,0.000726,-0.066089,-0.034371,0.036452,2.803548,3.034371,2.840000,3.000000,0,1.903062
19867.160060,1.867997,-0.009100,-0.770521,-0.049431,0.755763,-0.003124,-0.000484,-0.001581,-0.036048,0.080178,2.819822,3.036048,2.900000,3.000000,0,1.944948
19867.180111,1.876670,-0.008837,-0.790670,-0.049432,0.753909,0.004927,-0.000289,-0.016239,-0.038677,0.075035,2.868298,3.038677,2.943333,3.000000,0,1.979909
19867.200155,1.902208,-0.007692,-0.826580,-0.046572,0.749622,-0.002621,-0.001104,-0.027816,-0.040709,0.072519,2.904147,3.040709,2.976667,3.000000,0,2.022122
19867.247500,1.919650,-0.006619,-0.835133,-0.043642,0.746310,-0.010299,-0.002231,-0.101455,-0.040942,0.041418,2.978582,3.040942,3.020000,3.000000,0,2.076365
19867.253925,1.955281,-0.005569,-0.859842,-0.035813,0.736310,0.022680,-0.001404,-0.056628,-0.040787,0.034231,3.039102,3.040787,3.073333,3.000000,0,2.143673
19867.260535,1.984024,-0.004579,-0.871685,-0.027059,0.727423,0.004295,-0.003353,-0.078217,-0.039719,0.079655,3.063678,3.039719,3.143333,3.000000,0,2.191507
19867.280182,1.994298,-0.004239,-0.874771,-0.020024,0.723126,-0.005850,-0.003320,-0.127023,-0.039888,0.100973,3.089027,3.039888,3.190000,3.000000,0,2.220595
19867.300148,2.005726,0.001224,-0.751853,-0.014085,0.718809,0.004871,-0.003212,-0.083766,-0.038072,0.076766,3.143234,3.038072,3.220000,3.000000,0,2.259624
19867.339294,2.027713,0.003449,-0.584683,-0.008114,0.711219,-0.011414,-0.000383,-0.206634,-0.039967,0.060802,3.195864,3.039967,3.256667,3.000000,0,2.312312
19867.344868,2.048169,0.005141,-0.452998,-0.003401,0.703626,0.021818,-0.001110,0.132741,-0.033983,0.043070,3.266930,3.033983,3.310000,3.000000,0,2.374241
19867.360153,2.074380,0.005468,-0.252940,0.002623,0.693626,-0.001974,-0.001344,-0.059024,-0.033777,0.081308,3.292025,3.033777,3.373333,3.000000,0,2.425271
19867.380144,2.083683,0.005181,-0.187184,0.005653,0.689777,0.003443,-0.002182,-0.071154,-0.032860,0.080210,3.343123,3.032860,3.423333,3.000000,0,2.465873
19867.400170,2.101489,0.003909,-0.112081,0.006105,0.684116,0.000692,-0.001772,-0.076902,-0.031890,0.077560,3.385773,3.031890,3.463333,3.000000,0,2.512533
19867.439411,2.115987,0.002922,-0.077160,0.004640,0.679434,-0.006446,0.000008,-0.071720,-0.031425,0.064127,3.445873,3.031425,3.510000,3.000000,0,2.563483
19867.444974,2.135472,0.002510,-0.025631,-0.002529,0.672111,0.020018,0.000444,0.070989,-0.032111,0.037661,3.525672,3.032111,3.563333,3.000000,0,2.631993
19867.460189,2.159016,0.002256,0.044500,-0.021506,0.662682,-0.003772,0.005284,0.142873,-0.032215,0.086900,3.543100,3.032215,3.630000,3.000000,0,2.684408
19867.480172,2.163996,0.000675,0.029330,-0.038273,0.657518,0.005653,0.003945,0.124155,-0.031604,0.078398,3.604935,3.031604,3.683333,3.000000,0,2.726111
19867.500070,2.180346,-0.006008,-0.177396,-0.060583,0.647608,0.001616,0.006208,0.267953,-0.033607,0.075123,3.648211,3.033607,3.723333,3.000000,0,2.777844
19867.542622,2.191081,-0.008513,-0.333933,-0.088110,0.638916,0.003188,-0.000410,0.573757,-0.035465,0.042960,3.733707,3.035465,3.776667,3.000000,0,2.840383
19867.548027,2.209982,-0.014343,-0.694454,-0.128110,0.628916,0.009947,0.004918,-0.271742,-0.034785,0.043566,3.796434,3.034785,3.840000,3.000000,0,2.913092
19867.560141,2.220806,-0.014855,-1.175214,-0.168110,0.618916,0.002563,0.007869,0.297363,-0.034428,0.095766,3.814234,3.034428,3.910000,3.000000,0,2.958126
19867.580097,2.223185,-0.014496,-1.320717,-0.204710,0.608916,0.010574,0.010919,0.229802,-0.035609,0.078145,3.878521,3.035609,3.956667,3.000000,0,2.998585
19867.600037,2.229880,-0.013332,-1.845454,-0.233836,0.598916,0.009271,0.006651,0.183742,-0.024882,0.053633,3.943034,3.024882,3.996667,3.000000,0,3.058547
19867.640493,2.232142,-0.010737,-2.299322,-0.252888,0.588916,0.013127,-0.010729,0.477451,-0.013596,0.080443,3.978312,3.019405,4.056694,2.996775,0,3.109696
19867.650500,2.226363,-0.009437,-2.698245,-0.261166,0.581915,-0.002200,0.014353,-0.274009,-0.000769,0.046320,4.061033,2.999189,4.106134,2.988606,0,3.169044
19867.660048,2.218923,0.007848,-3.193712,-0.245098,0.571915,0.002815,-0.000385,0.022290,-0.000417,0.083659,4.085119,3.000171,4.164012,2.972335,0,3.223867
19867.680088,2.216725,0.012983,-3.269029,-0.234885,0.574566,0.000147,-0.000586,-0.019598,0.008218,0.088162,4.133486,2.981460,4.216512,2.950691,0,3.263791
19867.700086,2.206916,0.024457,-3.412675,-0.217732,0.572296,-0.003003,-0.002214,-0.067917,0.012354,0.078902,4.177548,2.960978,4.251927,2.931894,0,3.313285
19867.738668,2.194731,0.034410,-3.494759,-0.193801,0.568479,0.002617,-0.009177,-0.234909,0.018198,0.076410,4.218469,2.936169,4.291182,2.906464,0,3.362643
19867.746919,2.181887,0.042243,-3.530145,-0.168043,0.566423,-0.017465,-0.001163,-0.121116,0.023503,0.058290,4.271124,2.896154,4.330405,2.875276,0,3.420535
19867.760066,2.162159,0.048460,-3.547277,-0.135079,0.562100,-0.002324,-0.005712,-0.168439,0.023287,0.085824,4.298542,2.881436,4.373060,2.832906,0,3.472548
19867.780136,2.157787,0.055882,-3.417507,-0.113157,0.567140,-0.002263,-0.004102,-0.133130,0.028727,0.087036,4.330109,2.847421,4.404508,2.793893,0,3.514743
19867.800131,2.153902,0.065121,-3.009288,-0.095443,0.571755,-0.002985,-0.007684,-0.250502,0.031906,0.083262,4.358236,2.812589,4.428488,2.757678,0,3.561764
19867.836269,2.150871,0.058988,-2.714048,-0.077439,0.575344,-0.003491,0.007052,-0.537553,0.034420,0.083337,4.383579,2.776725,4.450691,2.716512,0,3.608973
19867.845258,2.151461,0.054619,-2.342909,-0.059448,0.578528,0.003375,-0.014083,0.287590,0.042991,0.064518,4.406248,2.719049,4.468951,2.673450,0,3.664544
19867.860051,2.156460,0.041866,-1.755167,-0.045518,0.572196,-0.000369,-0.000722,-0.123065,0.049484,0.090243,4.416029,2.695008,4.485594,2.619159,0,3.714264
19867.880064,2.159575,0.037648,-1.507191,-0.036083,0.574218,-0.000053,-0.002190,-0.073223,0.056921,0.090286,4.426089,2.651388,4.495082,2.569954,0,3.754769
19867.900079,2.164898,0.029082,-1.140144,-0.030405,0.574193,-0.000475,-0.003778,-0.123938,0.057860,0.079246,4.436576,2.605685,4.499096,2.530061,0,3.801438
19867.936800,2.170219,0.018559,-0.947618,-0.029225,0.572016,-0.005005,0.002784,-0.176045,0.051546,0.076824,4.448454,2.560157,4.500000,2.483333,0,3.848595
19867.942728,2.175959,0.013548,-0.798158,-0.032425,0.569795,0.005370,-0.002644,0.122155,0.036796,0.069584,4.463204,2.506251,4.500000,2.436667,0,3.898414
19867.960075,2.183012,0.009892,-0.631708,-0.042379,0.563498,0.000045,0.001720,0.056668,0.036009,0.083344,4.463991,2.470011,4.500000,2.386667,0,3.944876
19867.980074,2.187369,0.005439,-0.613636,-0.048816,0.563654,0.000147,0.000681,0.031520,0.031621,0.085187,4.468379,2.425187,4.500000,2.340000,0,3.986658
19868.000200,2.192279,0.000285,-0.695292,-0.052010,0.563296,0.000160,0.000599,0.020994,0.022667,0.079609,4.477333,2.379609,4.500000,2.300000,0,4.031522
19868.038615,2.197121,-0.001239,-0.786806,-0.056725,0.562550,-0.003938,-0.000665,0.097614,0.015793,0.081305,4.484207,2.334638,4.500000,2.253333,0,4.076781
19868.044398,2.201610,-0.001233,-0.860829,-0.062803,0.561711,0.005127,0.001983,-0.056058,0.000431,0.061655,4.499569,2.268321,4.500000,2.206667,0,4.131554
19868.060131,2.207897,-0.000091,-0.960321,-0.071289,0.555623,-0.000358,0.001822,0.070575,0.006344,0.086415,4.493656,2.239748,4.500000,2.153333,0,4.180912
19868.080112,2.210035,-0.000221,-1.011569,-0.074685,0.554739,0.000957,0.002690,0.088651,-0.003944,0.089650,4.503944,2.192983,4.500000,2.103333,0,4.220284
19868.100113,2.213932,0.000792,-1.074303,-0.079277,0.553171,0.000902,0.001844,0.081761,-0.015735,0.083608,4.515735,2.146942,4.500000,2.063333,0,4.265841
19868.145014,2.217366,0.000462,-1.149814,-0.083038,0.551677,-0.001726,-0.002066,0.104650,-0.029920,0.067776,4.529920,2.087776,4.500000,2.020000,0,4.317754
19868.151179,2.220637,-0.000291,-1.304657,-0.084837,0.547635,0.002919,0.002631,-0.074526,-0.043309,0.053796,4.543309,2.020462,4.500000,1.966667,0,4.379358
19868.160113,2.224134,0.002471,-1.416868,-0.081553,0.541604,0.000085,-0.000482,-0.006713,-0.043705,0.095508,4.543705,2.002175,4.500000,1.906667,0,4.424792
19868.180140,2.224949,0.003293,-1.437658,-0.075755,0.540762,0.000216,-0.001721,-0.059248,-0.050147,0.092406,4.550147,1.952406,4.500000,1.860000,0,4.460820
19868.200143,2.226989,0.005468,-1.468163,-0.067983,0.539042,-0.000281,-0.003883,-0.129281,-0.058012,0.081375,4.558012,1.904709,4.500000,1.823333,0,4.507855
19868.240126,2.228713,0.006694,-1.491874,-0.059755,0.537414,-0.001470,-0.000716,-0.194684,-0.063194,0.069068,4.563194,1.845735,4.500000,1.776667,0,4.560559
19868.245797,2.231433,0.012482,-1.388721,-0.049494,0.533155,0.002067,-0.000943,0.092298,-0.063945,0.063326,4.563945,1.786660,4.500000,1.723333,0,4.619635
19868.260096,2.234140,0.014004,-1.220025,-0.038004,0.527557,-0.000426,-0.002584,-0.100475,-0.060359,0.091974,4.560359,1.758641,4.500000,1.666667,0,4.665571
19868.280168,2.235256,0.014742,-1.126378,-0.028136,0.525620,0.000210,-0.002336,-0.079543,-0.059022,0.088428,4.559022,1.708428,4.500000,1.620000,0,4.705159
19868.300089,2.237716,0.015905,-0.908434,-0.019967,0.522391,0.000265,-0.001723,-0.085422,-0.058623,0.077873,4.558623,1.657873,4.500000,1.580000,0,4.754046
19868.340259,2.240170,0.015184,-0.724091,-0.015055,0.518178,-0.001657,0.003729,-0.149942,-0.057844,0.078558,4.557844,1.608558,4.500000,1.530000,0,4.803988
19868.346112,2.242633,0.014103,-0.521042,-0.012911,0.513622,0.002773,-0.004482,0.113080,-0.063430,0.058217,4.563430,1.538217,4.500000,1.480000,0,4.862423
19868.360166,2.245938,0.009100,-0.353267,-0.020655,0.505803,0.000151,0.001185,0.023430,-0.061121,0.087580,4.561121,1.510913,4.500000,1.423333,0,4.912865
19868.380135,2.246987,0.006564,-0.326500,-0.028464,0.502368,0.000693,0.001467,0.054778,-0.062289,0.083588,4.562289,1.456922,4.500000,1.373333,0,4.954953
19868.400147,2.248617,0.002403,-0.351405,-0.041010,0.497775,0.000667,0.003873,0.143613,-0.061537,0.091638,4.561537,1.421638,4.500000,1.330000,0,4.999077
19868.443787,2.249635,0.000459,-0.387526,-0.055497,0.494153,0.003189,0.006347,0.472576,-0.065862,0.053699,4.565862,1.340365,4.500000,1.286667,0,5.055394
19868.449675,2.252263,0.001665,-0.390796,-0.086220,0.486629,0.002692,0.007988,0.175001,-0.067092,0.050541,4.567092,1.280541,4.500000,1.230000,0,5.123710
19868.460152,2.254105,0.002123,-0.383728,-0.126220,0.479691,0.002904,0.010972,0.297335,-0.065429,0.101680,4.565429,1.261680,4.500000,1.160000,0,5.166922
19868.480117,2.253715,-0.003733,-0.506391,-0.166220,0.469691,0.003466,0.004549,0.119203,-0.066566,0.091995,4.566566,1.208662,4.500000,1.116667,0,5.203188
19868.500092,2.247582,-0.022600,-1.284379,-0.172761,0.465965,0.005401,0.003461,0.302192,-0.066214,0.088697,4.566214,1.172030,4.500000,1.083333,0,5.245469
19868.541121,2.243816,-0.020908,-1.669829,-0.188614,0.470053,0.011666,-0.004537,0.455318,-0.062390,0.062033,4.562390,1.102033,4.500000,1.040000,0,5.295025
19868.546769,2.235047,-0.012375,-2.203260,-0.205989,0.469400,-0.008450,0.007967,-0.292245,-0.055630,0.057571,4.556671,1.046442,4.499900,0.989996,0,5.351773
19868.560145,2.223207,-0.004305,-2.638301,-0.213403,0.467452,0.002170,0.001062,0.060921,-0.047046,0.092238,4.554454,1.018658,4.495558,0.933497,0,5.391737
19868.580116,2.216827,0.001219,-2.788152,-0.222835,0.472423,0.004667,0.001677,0.117239,-0.037132,0.091868,4.544404,0.976006,4.488654,0.894088,0,5.425472
19868.600170,2.207897,0.009592,-2.928511,-0.233762,0.477191,0.004085,0.003125,0.124179,-0.025905,0.081972,4.528068,0.933368,4.480508,0.861754,0,5.466759
19868.643091,2.197209,0.017425,-3.024154,-0.244052,0.481215,0.016451,-0.001270,0.233558,-0.019500,0.058309,4.505847,0.868096,4.466730,0.820660,0,5.519945
19868.648911,2.179835,0.023882,-3.129711,-0.255397,0.480284,-0.017011,0.002385,-0.136510,-0.011084,0.044476,4.476400,0.809665,4.446483,0.774938,0,5.583029
19868.660115,2.157851,0.025936,-3.318372,-0.260786,0.477395,0.003397,-0.000048,0.025701,-0.003291,0.089344,4.467161,0.792529,4.414457,0.720311,0,5.627327
19868.680132,2.151423,0.026907,-3.362730,-0.268725,0.481217,-0.000318,0.000418,0.002032,-0.003588,0.085192,4.443377,0.746473,4.386571,0.682884,0,5.662696
19868.700138,2.133109,0.029340,-3.474802,-0.275889,0.483784,0.004777,-0.000472,0.023412,-0.000855,0.082912,4.421940,0.717694,4.364576,0.657824,0,5.704013
19868.742382,2.119486,0.031085,-3.539784,-0.278741,0.487155,0.013608,-0.000893,0.040824,-0.007013,0.066658,4.387906,0.666783,4.333573,0.627536,0,5.749504
19868.748197,2.094405,0.034133,-3.621109,-0.280432,0.486431,-0.020029,0.001007,-0.039877,-0.000368,0.044412,4.335809,0.626406,4.300063,0.600048,0,5.808176
19868.760122,2.069005,0.035506,-3.675475,-0.280987,0.482693,0.004471,0.000248,0.007412,0.004697,0.082528,4.319123,0.612319,4.250000,0.566987,0,5.852777
19868.780081,2.062501,0.035794,-3.683985,-0.287913,0.484435,0.000567,0.000265,0.006697,-0.002193,0.085525,4.289980,0.581164,4.211561,0.546964,0,5.884151
19868.800078,2.044353,0.035266,-3.705731,-0.292751,0.484965,0.001609,0.000566,0.012990,0.000164,0.070839,4.246877,0.559652,4.180895,0.533870,0,5.925253
19868.832798,2.027181,0.034043,-3.719168,-0.297717,0.483438,0.014058,0.002668,0.036364,-0.008240,0.072865,4.215223,0.533850,4.143047,0.520899,0,5.966276
19868.840032,2.010595,0.032212,-3.726311,-0.300000,0.480693,-0.009351,-0.001254,0.004301,-0.008629,0.066287,4.170911,0.516381,4.104282,0.510996,0,6.006827
19868.860049,1.994374,0.029677,-3.732664,-0.300000,0.474528,0.002301,0.000741,0.018421,-0.015233,0.072578,4.135443,0.497618,4.061541,0.503802,0,6.046677
19868.880089,1.977976,0.026461,-3.744555,-0.300000,0.467546,0.000647,0.000107,0.000631,-0.018132,0.069770,4.092161,0.485379,4.021671,0.500470,0,6.084887
19868.900052,1.960036,0.022472,-3.775950,-0.300000,0.460442,0.000796,0.000185,0.002216,-0.024830,0.071953,4.056170,0.473247,3.984995,0.500225,0,6.121948
19868.952211,1.942507,0.019013,-3.804714,-0.300000,0.454316,0.021712,0.003897,0.032026,-0.030438,0.053068,3.998042,0.466917,3.948399,0.502670,0,6.164359
19868.962279,1.918099,0.014445,-3.843926,-0.300000,0.447669,-0.019683,-0.003586,-0.026324,-0.040519,0.021367,3.918849,0.465181,3.905523,0.509007,0,6.224236
19868.982331,1.889411,0.009263,-3.883640,-0.300000,0.439111,0.000564,-0.000061,-0.001897,-0.042942,0.044687,3.876845,0.469325,3.847396,0.523857,0,6.277871
19869.045263,1.872613,0.006154,-3.907955,-0.300000,0.432479,0.035194,0.006392,0.034925,-0.046678,0.061521,3.834898,0.475231,3.797546,0.542821,0,6.315949
19869.054536,1.855724,0.003204,-3.928686,-0.300000,0.428436,-0.033965,-0.006223,-0.033579,-0.059608,0.000728,3.737153,0.505962,3.764577,0.558892,0,6.378368
19869.074589,1.813889,-0.004373,-3.970652,-0.299512,0.419872,0.000793,0.000093,0.000453,-0.065510,0.033634,3.700243,0.519294,3.710713,0.592185,0,6.438781
19869.094592,1.798778,-0.007266,-3.982819,-0.295289,0.418779,-0.000757,-0.000411,-0.010613,-0.063620,0.062931,3.667789,0.540365,3.663950,0.629769,0,6.472029
19869.149438,1.783023,-0.010352,-3.997263,-0.284543,0.416093,0.016355,0.003361,-0.037015,-0.069489,0.044385,3.620796,0.572809,3.640021,0.652991,0,6.513340
19869.154916,1.763257,-0.013399,-3.985708,-0.278924,0.411247,-0.017073,-0.003702,0.016439,-0.070189,0.035870,3.579325,0.613432,3.611322,0.685469,0,6.562839
19869.175049,1.742696,-0.017468,-3.959199,-0.263372,0.406024,-0.000569,-0.000652,-0.026038,-0.066969,0.051096,3.556226,0.643448,3.583687,0.723082,0,6.604746
19869.194976,1.731460,-0.018697,-3.910282,-0.243380,0.403586,-0.001010,-0.001055,-0.038151,-0.057874,0.066167,3.542225,0.674358,3.561270,0.760176,0,6.636952
19869.230961,1.722078,-0.018786,-3.810421,-0.217377,0.404497,0.002276,-0.002077,-0.246556,-0.050476,0.070682,3.530148,0.704604,3.546261,0.789951,0,6.667465
19869.237357,1.713952,-0.019980,-3.693529,-0.188143,0.409040,-0.009031,-0.007969,-0.045337,-0.041697,0.063707,3.518901,0.743021,3.534476,0.817551,0,6.701080
19869.254949,1.704334,-0.024031,-3.607240,-0.154689,0.413237,-0.002000,-0.004223,-0.171239,-0.035845,0.073126,3.511267,0.768447,3.523351,0.848985,0,6.732695
19869.274984,1.703325,-0.014190,-3.277598,-0.127149,0.421104,-0.002221,-0.006211,-0.180797,-0.025921,0.073192,3.507894,0.800547,3.515149,0.877853,0,6.760686
19869.294974,1.703407,-0.009728,-2.832843,-0.103050,0.428557,-0.002123,-0.004166,-0.172424,-0.015535,0.072882,3.506962,0.832662,3.508695,0.907161,0,6.791035
19869.333701,1.704756,-0.006259,-2.389970,-0.081306,0.435499,-0.004635,0.002063,-0.380076,-0.006860,0.071307,3.506217,0.865201,3.504010,0.936804,0,6.823241
19869.339351,1.708030,-0.003207,-1.900118,-0.064582,0.441904,0.002704,-0.005379,0.222610,-0.000888,0.061259,3.504309,0.905492,3.501112,0.966674,0,6.859501
19869.354986,1.712198,-0.006404,-1.510792,-0.052024,0.446101,-0.000780,-0.002138,-0.069058,0.007160,0.071449,3.507160,0.931884,3.500000,1.003333,0,6.893654
19869.374980,1.715658,-0.004790,-1.269143,-0.041351,0.453211,-0.000595,-0.000849,-0.036940,0.005309,0.073700,3.505309,0.966300,3.500000,1.040000,0,6.925483
19869.394979,1.720890,-0.002461,-0.972340,-0.034809,0.459880,-0.000652,-0.001706,-0.049880,0.008675,0.068752,3.508675,1.001248,3.500000,1.070000,0,6.959780
19869.432612,1.726363,-0.003477,-0.788807,-0.026907,0.466556,-0.006751,-0.002832,-0.198928,0.011634,0.068494,3.511634,1.034840,3.500000,1.103333,0,6.993944
19869.438251,1.731762,-0.005304,-0.702962,-0.016368,0.474050,0.004373,-0.004298,-0.045135,0.012982,0.063592,3.512982,1.076408,3.500000,1.140000,0,7.031748
19869.454974,1.738130,-0.006919,-0.667541,-0.003680,0.479907,-0.001257,-0.003948,-0.141264,0.015519,0.072548,3.515519,1.104119,3.500000,1.176667,0,7.067443
19869.474977,1.742934,-0.001834,-0.535666,0.007168,0.485866,-0.000234,-0.000894,-0.039254,0.016227,0.073622,3.516227,1.139711,3.500000,1.213333,0,7.100070
19869.495013,1.750100,0.005200,-0.236230,0.015083,0.489471,-0.000106,-0.002009,-0.059927,0.013312,0.070379,3.513312,1.176287,3.500000,1.246667,0,7.135968
19869.532258,1.757476,0.005813,-0.039137,0.023706,0.492473,-0.006607,-0.003263,-0.225247,0.013386,0.066762,3.513386,1.213238,3.500000,1.280000,0,7.172841
19869.538180,1.764776,0.004405,0.058605,0.035535,0.495149,0.006579,-0.004954,-0.055056,0.011457,0.058140,3.511457,1.258527,3.500000,1.316667,0,7.213870
19869.554982,1.773493,0.002586,0.097857,0.052749,0.495783,0.000002,-0.004473,-0.163388,0.009352,0.070477,3.509352,1.289523,3.500000,1.360000,0,7.252680
19869.575013,1.779036,0.008789,0.260647,0.069827,0.496991,0.000658,-0.003979,-0.118521,0.007697,0.069903,3.507697,1.326763,3.500000,1.396667,0,7.287258
19869.594977,1.785782,0.014827,0.573577,0.085645,0.496796,0.001461,-0.007871,-0.234517,0.004183,0.067014,3.504183,1.366320,3.500000,1.433333,0,7.325831
19869.634082,1.792770,0.013982,0.740417,0.105819,0.497339,-0.002340,-0.012140,-0.626246,-0.002694,0.065260,3.497306,1.404740,3.500000,1.470000,0,7.365852
19869.641705,1.799694,0.012129,0.822721,0.130137,0.498180,0.009331,-0.011894,-0.218027,-0.013507,0.046625,3.487331,1.463139,3.499899,1.510026,0,7.414560
19869.654961,1.809786,0.009616,0.848246,0.162513,0.495246,0.001976,-0.006417,-0.198124,-0.024126,0.075799,3.481532,1.481866,3.496385,1.560013,0,7.457340
19869.674945,1.811156,0.022109,1.151784,0.182467,0.495305,0.001410,-0.001433,-0.051720,-0.030587,0.076604,3.475132,1.521608,3.489304,1.602866,0,7.491524
19869.694962,1.811093,0.036970,1.816483,0.189568,0.494536,0.000762,-0.001136,-0.033496,-0.032440,0.068397,3.468622,1.560694,3.481341,1.635318,0,7.532963
19869.732766,1.811264,0.038521,2.293405,0.197802,0.496988,0.001052,0.002985,-0.219175,-0.034734,0.066172,3.459329,1.599339,3.468951,1.673450,0,7.574750
19869.739288,1.811783,0.036074,2.605408,0.204117,0.500809,0.000976,-0.003988,0.148694,-0.039799,0.052223,3.438439,1.649277,3.452129,1.713494,0,7.623750
19869.754976,1.812523,0.031673,2.847751,0.207284,0.501513,0.000309,-0.000614,-0.015366,-0.043127,0.071151,3.428197,1.674478,3.428488,1.757678,0,7.669392
19869.774962,1.812156,0.029273,2.955622,0.209336,0.507496,0.000314,-0.000338,-0.008366,-0.045626,0.069120,3.408224,1.711155,3.404508,1.793893,0,7.708301
19869.794967,1.811730,0.026765,3.057543,0.210641,0.512936,0.000343,-0.000557,-0.014404,-0.043571,0.068649,3.391247,1.744880,3.379660,1.825359,0,7.749742
19869.835881,1.811457,0.024210,3.114485,0.208170,0.518503,0.000052,0.001240,-0.020088,-0.045307,0.064800,3.366414,1.776922,3.352370,1.854733,0,7.791582
19869.843878,1.811031,0.022167,3.143159,0.202607,0.523121,-0.000998,-0.000698,0.019663,-0.045100,0.044019,3.325172,1.821146,3.320255,1.883975,0,7.844092
19869.854941,1.810263,0.020400,3.159062,0.193165,0.523098,-0.000727,0.001366,0.034355,-0.049992,0.071078,3.308831,1.834937,3.277438,1.915967,0,7.890529
19869.874956,1.810310,0.019564,3.152523,0.183014,0.529497,-0.000376,0.001094,0.043990,-0.049953,0.072157,3.277150,1.861852,3.237355,1.940071,0,7.927588
19869.894942,1.812459,0.016126,3.072106,0.172220,0.535026,0.000064,0.000699,0.031825,-0.047646,0.065759,3.244923,1.885954,3.204386,1.956318,0,7.970602
19869.930206,1.815966,0.013083,2.943396,0.159670,0.540178,-0.003715,0.001556,0.167068,-0.045903,0.064863,3.210229,1.907695,3.164012,1.972335,0,8.014222
19869.936725,1.819766,0.012596,2.827962,0.145549,0.544374,0.001652,0.003898,0.023021,-0.043334,0.064188,3.174028,1.927058,3.122402,1.984786,0,8.057657
19869.954985,1.823358,0.014026,2.762693,0.128675,0.547618,-0.000394,0.002227,0.086572,-0.040103,0.063343,3.135991,1.943874,3.079867,1.993580,0,8.100780
19869.974968,1.829408,0.008358,2.552272,0.113409,0.551366,0.000118,0.001018,0.048699,-0.035154,0.064544,3.098517,1.958849,3.036730,1.998649,0,8.142844
19869.994971,1.837172,0.003733,2.258547,0.100076,0.555457,-0.000196,0.000995,0.045733,-0.028228,0.062193,3.058859,1.971772,2.996667,2.000000,0,8.183883
19870.030375,1.845126,0.002449,1.990633,0.090964,0.558930,-0.006746,-0.000167,0.176113,-0.017117,0.065527,3.018860,1.982883,2.953333,2.000000,0,8.225033
19870.036176,1.853274,0.004173,1.795987,0.084716,0.560887,0.006822,0.004516,-0.031303,-0.005518,0.057613,2.970947,1.994482,2.913333,2.000000,0,8.270206
19870.055059,1.862698,0.007812,1.690357,0.079881,0.557903,-0.002806,0.001425,0.079722,0.000926,0.079301,2.945968,2.000926,2.866667,2.000000,0,8.308682
19870.075048,1.868215,0.006135,1.589946,0.079697,0.556122,0.001844,0.001286,0.022219,0.009637,0.067816,2.897816,2.009637,2.830000,2.000000,0,8.346197
19870.095047,1.878570,0.006422,1.469826,0.081063,0.549612,-0.000108,0.000552,0.029084,0.013063,0.065527,2.858860,2.013063,2.793333,2.000000,0,8.390202
19870.137058,1.886333,0.007368,1.428091,0.080904,0.541558,-0.005706,-0.000045,0.039451,0.015975,0.064426,2.811093,2.015975,2.746667,2.000000,0,8.434024
19870.142800,1.895835,0.007898,1.394988,0.080850,0.531558,0.008282,0.000076,-0.024917,0.020270,0.046169,2.749502,2.020270,2.703333,2.000000,0,8.487199
19870.155081,1.906027,0.007881,1.359531,0.091594,0.521558,0.000964,-0.001546,-0.041916,0.018176,0.074024,2.724024,2.018176,2.650000,2.000000,0,8.532085
19870.175021,1.910219,0.008557,1.364559,0.102902,0.511558,0.001349,-0.004546,-0.142343,0.020673,0.083726,2.690393,2.020673,2.606667,2.000000,0,8.563918
19870.195079,1.915554,0.008895,1.374455,0.119070,0.501558,0.004756,-0.007371,-0.238829,0.018037,0.070128,2.643461,2.018037,2.573333,2.000000,0,8.603180
19870.237181,1.922582,0.009594,1.396147,0.139670,0.491558,0.004377,-0.005750,-0.497184,0.015384,0.055657,2.592324,2.015384,2.536667,2.000000,0,8.651333
19870.242840,1.928002,0.014972,1.538966,0.164163,0.481558,0.001917,0.001037,0.278265,0.011107,0.042018,2.528339,2.012047,2.486633,1.999821,0,8.707766
19870.255040,1.929095,0.021120,1.966194,0.191241,0.471558,0.003119,-0.005125,-0.138828,-0.000274,0.072829,2.502197,2.005000,2.430046,1.995082,0,8.754419
19870.274934,1.929212,0.021607,2.112471,0.210729,0.464735,0.007402,-0.011081,-0.313951,-0.006900,0.072534,2.456248,1.996482,2.384090,1.986379,0,8.792507
19870.295037,1.929927,0.017677,2.253315,0.231058,0.458439,0.009378,-0.011480,-0.385528,-0.010281,0.072111,2.420514,1.988576,2.348673,1.976550,0,8.834245
19870.338187,1.930159,0.016060,2.326680,0.249108,0.453155,0.019640,-0.007941,-0.681126,-0.012453,0.063439,2.371241,1.974497,2.307887,1.961619,0,8.878508
19870.343664,1.927222,0.019150,2.506423,0.262336,0.444825,-0.010105,0.004011,0.422570,-0.010660,0.043488,2.312032,1.953886,2.268549,1.943205,0,8.933704
19870.355037,1.913543,0.027029,3.062589,0.258202,0.435378,0.000508,-0.000140,0.007844,-0.017674,0.071940,2.289274,1.939782,2.219788,1.914103,0,8.980436
19870.375050,1.907422,0.026179,3.242682,0.249297,0.434416,0.002048,0.001966,-0.002433,-0.020235,0.081485,2.258099,1.922254,2.182319,1.886107,0,9.015492
19870.394980,1.898883,0.023184,3.429917,0.232884,0.435051,-0.004501,0.002169,0.121143,-0.020220,0.062313,2.216468,1.892022,2.157239,1.864026,0,9.059099
19870.433796,1.885539,0.017377,3.611925,0.209460,0.434342,0.005033,0.006485,0.209546,-0.021875,0.063264,2.185384,1.865544,2.126940,1.832906,0,9.105698
19870.439399,1.876798,0.009391,3.609700,0.180914,0.436233,-0.006999,-0.002334,-0.065484,-0.022968,0.057597,2.150121,1.829335,2.097465,1.796590,0,9.152665
19870.454987,1.868756,0.001927,3.455695,0.145842,0.436334,-0.001765,0.004546,0.147050,-0.028855,0.069729,2.132175,1.802564,2.071512,1.757678,0,9.196775
19870.474935,1.865642,-0.004977,3.227245,0.110216,0.438988,-0.001309,0.007210,0.226048,-0.033383,0.073599,2.111270,1.768397,2.049309,1.716512,0,9.236604
19870.494951,1.864526,-0.010438,2.815629,0.072453,0.440831,-0.000815,0.004647,0.230738,-0.038188,0.067734,2.094932,1.731900,2.034621,1.682819,0,9.279384
19870.531046,1.865498,-0.017387,2.272467,0.032933,0.442178,-0.002029,-0.004526,0.540323,-0.038719,0.067182,2.076687,1.695190,2.020511,1.641741,0,9.322688
19870.536541,1.868142,-0.023513,1.539952,0.001835,0.441161,0.002485,0.011230,-0.342098,-0.038438,0.060026,2.059643,1.650760,2.010019,1.599593,0,9.367816
19870.554972,1.871347,-0.015759,0.933028,-0.028184,0.439475,0.000324,0.007169,0.279319,-0.038769,0.072172,2.049108,1.620993,2.002857,1.553372,0,9.408400
19870.574978,1.873913,-0.016277,0.528188,-0.056878,0.440312,0.000958,0.004187,0.197532,-0.035611,0.069245,2.037628,1.581635,2.000179,1.513367,0,9.444979
19870.594973,1.876559,-0.021950,-0.023052,-0.084933,0.440335,0.001454,0.006550,0.197137,-0.022132,0.067554,2.024721,1.543058,1.999453,1.476614,0,9.484646
19870.630228,1.878762,-0.022502,-0.520925,-0.108801,0.440687,0.000955,0.001309,0.452144,-0.008186,0.069620,2.012912,1.504693,1.995973,1.436670,0,9.524897
19870.635940,1.879880,-0.025703,-0.965623,-0.130111,0.442485,0.000780,0.002756,-0.226501,0.002190,0.071556,2.001882,1.467610,1.989304,1.397134,0,9.565226
19870.654987,1.880181,-0.026210,-1.379839,-0.149819,0.445997,0.001513,0.004364,0.124919,0.010494,0.070747,1.989481,1.429079,1.979489,1.358259,0,9.606014
19870.675009,1.879723,-0.026438,-1.718327,-0.170122,0.451422,0.001309,0.002652,0.112709,0.018523,0.069538,1.974298,1.391844,1.966590,1.320296,0,9.647135
19870.694957,1.877957,-0.028382,-2.048199,-0.187426,0.456522,0.001040,0.002833,0.082713,0.021386,0.071844,1.961562,1.354419,1.949234,1.280481,0,9.688101
19870.732234,1.875167,-0.028374,-2.357682,-0.203644,0.461794,0.004763,-0.000688,0.267364,0.024617,0.069931,1.944658,1.317906,1.930201,1.245192,0,9.729453
19870.737939,1.871717,-0.028314,-2.617046,-0.216304,0.466590,-0.003499,0.002689,-0.174677,0.025131,0.058220,1.921462,1.273594,1.908401,1.211541,0,9.774745
19870.754979,1.866634,-0.026558,-2.887206,-0.227166,0.470070,0.000928,0.001171,0.051519,0.027787,0.072800,1.905933,1.248001,1.879660,1.174641,0,9.816068
19870.774968,1.862524,-0.025529,-3.033116,-0.233842,0.475151,0.000211,0.000298,0.011659,0.027465,0.071061,1.883430,1.214832,1.852370,1.145267,0,9.852828
19870.794969,1.856634,-0.024680,-3.214318,-0.236925,0.479613,0.000105,0.000141,0.005645,0.024602,0.067137,1.860328,1.182708,1.825359,1.120340,0,9.892237
19870.832332,1.850788,-0.022503,-3.345340,-0.236961,0.484324,0.004870,-0.002087,0.043476,0.024008,0.064646,1.832081,1.152913,1.793893,1.095492,0,9.932521
19870.838162,1.845108,-0.019857,-3.429693,-0.234424,0.489316,-0.005171,0.001896,-0.040241,0.019846,0.054362,1.796594,1.118509,1.760537,1.073244,0,9.977511
19870.854968,1.838453,-0.017072,-3.484022,-0.229212,0.493149,-0.000279,-0.000452,-0.012695,0.019287,0.067198,1.771427,1.097598,1.719519,1.050766,0,10.019231
19870.874964,1.834448,-0.015210,-3.489868,-0.222789,0.499130,-0.000268,-0.000294,-0.012497,0.014483,0.066706,1.739610,1.072491,1.682819,1.034621,0,10.055688
19870.894970,1.830643,-0.013001,-3.459618,-0.214122,0.504692,-0.000452,-0.000447,-0.018269,0.009402,0.063796,1.706284,1.050330,1.648138,1.022449,0,10.093995
19870.931303,1.827700,-0.011415,-3.401146,-0.203489,0.510885,0.000040,-0.000863,-0.111972,0.003028,0.064790,1.671956,1.029245,1.609398,1.012115,0,10.132445
19870.936636,1.825392,-0.011206,-3.337283,-0.190943,0.516972,-0.002918,-0.002885,-0.000141,-0.005869,0.053468,1.627013,1.007425,1.573262,1.005396,0,10.174856
19870.954969,1.822620,-0.012724,-3.290477,-0.174368,0.520091,-0.001587,-0.003292,-0.108187,-0.009990,0.066292,1.596833,0.994918,1.530061,1.000904,0,10.215092
19870.974957,1.823015,-0.010435,-3.183141,-0.158585,0.526489,-0.001311,-0.002074,-0.089147,-0.018724,0.068524,1.558524,0.981276,1.490000,1.000000,0,10.251794
19870.994974,1.825292,-0.006465,-2.981096,-0.142990,0.532543,-0.000553,-0.001082,-0.047822,-0.028546,0.066263,1.519596,0.971454,1.453333,1.000000,0,10.291427
19871.028965,1.829482,-0.003412,-2.710956,-0.128836,0.538105,-0.004262,0.001456,-0.177559,-0.037690,0.066151,1.479484,0.962310,1.413333,1.000000,0,10.331807
19871.034955,1.834641,-0.002841,-2.449641,-0.117883,0.543280,0.003104,-0.003409,0.096451,-0.045391,0.065190,1.438524,0.954609,1.373333,1.000000,0,10.373091
19871.054963,1.839744,-0.005373,-2.256410,-0.112369,0.548397,-0.000691,-0.001123,-0.050774,-0.052464,0.062486,1.395819,0.947536,1.333333,1.000000,0,10.415257
19871.074960,1.846109,-0.006215,-2.088861,-0.110121,0.552839,0.000021,-0.000147,-0.007469,-0.057817,0.062493,1.352493,0.942183,1.290000,1.000000,0,10.458586
19871.094969,1.853416,-0.007096,-1.941354,-0.110639,0.556485,0.000002,0.000048,0.001694,-0.061921,0.064403,1.311070,0.938079,1.246667,1.000000,0,10.501477
19871.133246,1.860712,-0.009063,-1.860009,-0.113631,0.559711,-0.006585,0.001114,0.010574,-0.065813,0.065825,1.269159,0.934187,1.203333,1.000000,0,10.543872
19871.139052,1.867883,-0.011097,-1.833348,-0.120596,0.562784,0.006744,-0.000012,0.011532,-0.066144,0.057031,1.217031,0.933856,1.160000,1.000000,0,10.590353
19871.154978,1.876597,-0.012361,-1.838377,-0.130559,0.563471,0.000796,0.002160,0.062126,-0.063577,0.065812,1.179146,0.936423,1.113333,1.000000,0,10.634958
19871.174969,1.882217,-0.013786,-1.877220,-0.142764,0.566100,0.000651,0.001505,0.065972,-0.059815,0.064103,1.134103,0.940185,1.070000,1.000000,0,10.676363
19871.194972,1.888169,-0.017227,-1.998098,-0.157639,0.567830,0.001111,0.002922,0.087005,-0.056266,0.059294,1.089294,0.943734,1.030000,1.000000,0,10.720019
19871.232280,1.893634,-0.018458,-2.143593,-0.175160,0.569907,-0.000508,0.004841,0.336531,-0.050152,0.061255,1.042837,0.948108,0.983293,1.000279,0,10.763562
19871.238236,1.899200,-0.016945,-2.231928,-0.197953,0.571597,0.006656,0.006329,0.060598,-0.042624,0.054428,0.988905,0.954766,0.939987,1.003615,0,10.810277
19871.254963,1.906006,-0.014380,-2.283176,-0.224717,0.570833,0.003412,0.005416,0.183554,-0.036361,0.066228,0.950867,0.961804,0.893866,1.011394,0,10.854317
19871.274967,1.907780,-0.019656,-2.450363,-0.246762,0.570623,0.001300,0.000761,0.029018,-0.032553,0.069633,0.908724,0.970727,0.851862,1.022449,0,10.892642
19871.294962,1.905531,-0.027717,-2.853716,-0.255445,0.568246,0.001167,0.000828,0.022382,-0.028691,0.065075,0.867260,0.984123,0.817181,1.034621,0,10.932538
19871.333412,1.903018,-0.027309,-3.174131,-0.259817,0.567462,0.005409,-0.003675,0.182014,-0.030591,0.060346,0.821269,0.996787,0.780481,1.050766,0,10.975169
19871.338963,1.900921,-0.022644,-3.384415,-0.263691,0.569336,-0.001607,0.005926,-0.088438,-0.029107,0.055264,0.774682,1.018088,0.742322,1.071512,0,11.021061
19871.354970,1.898110,-0.015817,-3.528998,-0.260022,0.567693,0.000475,0.000151,0.004725,-0.028814,0.069076,0.741930,1.033293,0.703410,1.097465,0,11.062616
19871.374972,1.895023,-0.012836,-3.609013,-0.257827,0.571807,0.000208,-0.000057,-0.004882,-0.027347,0.068584,0.705954,1.056902,0.672111,1.122523,0,11.099869
19871.394965,1.891069,-0.009145,-3.677321,-0.246590,0.572474,-0.000931,-0.001121,-0.032415,-0.021477,0.066343,0.676784,1.085426,0.645267,1.147630,0,11.138959
19871.433211,1.886913,-0.005881,-3.709922,-0.231960,0.573364,0.000094,-0.004147,-0.133239,-0.028078,0.060762,0.635961,1.112657,0.618174,1.177186,0,11.180678
19871.439214,1.883006,-0.003427,-3.721427,-0.222257,0.577730,-0.005181,-0.000999,-0.044073,-0.024309,0.055066,0.603511,1.152539,0.591599,1.211541,0,11.227030
19871.454975,1.877656,-0.002120,-3.728442,-0.207377,0.577529,-0.001172,-0.001605,-0.055824,-0.025818,0.068189,0.578006,1.178977,0.566431,1.250965,0,11.269220
19871.474973,1.877035,0.002410,-3.632526,-0.194689,0.581470,-0.000306,-0.000668,-0.030601,-0.032257,0.066186,0.546963,1.212883,0.547871,1.286506,0,11.307285
19871.494973,1.878395,0.006724,-3.438096,-0.185098,0.584449,-0.000677,-0.001509,-0.046176,-0.033896,0.069009,0.524878,1.246886,0.532219,1.323419,0,11.345861
19871.533881,1.880062,0.006051,-3.267773,-0.172652,0.586442,-0.005347,0.000081,-0.248646,-0.034136,0.063565,0.505795,1.287625,0.520511,1.358259,0,11.385757
19871.539802,1.881557,0.002480,-3.151778,-0.160318,0.587521,0.000366,-0.006553,-0.010092,-0.030700,0.056103,0.492194,1.335916,0.510696,1.397134,0,11.430135
19871.554970,1.883456,-0.002452,-3.076153,-0.142074,0.583876,-0.001411,-0.004399,-0.125114,-0.028168,0.069371,0.483104,1.371188,0.503225,1.443306,0,11.471967
19871.574972,1.887048,-0.000176,-2.934677,-0.124880,0.584914,-0.001014,-0.002332,-0.107210,-0.028822,0.066905,0.473709,1.415462,0.500279,1.483293,0,11.512087
19871.594971,1.893547,0.004983,-2.642849,-0.109371,0.583613,-0.000840,-0.003459,-0.105726,-0.027823,0.060634,0.472177,1.462699,0.500000,1.523333,0,11.557098
19871.634519,1.900674,0.005095,-2.353404,-0.092538,0.580639,-0.009869,-0.002974,-0.444670,-0.027019,0.065821,0.472981,1.504179,0.500000,1.570000,0,11.602297
19871.640321,1.907416,0.000776,-2.182107,-0.072969,0.579195,0.006740,-0.010507,-0.062830,-0.037571,0.044706,0.462429,1.568628,0.500000,1.613333,0,11.655068
19871.654994,1.917015,-0.005063,-2.083233,-0.051590,0.573237,-0.001608,-0.006587,-0.211910,-0.040900,0.066719,0.459100,1.599947,0.500000,1.666667,0,11.704775
19871.674966,1.922714,0.002864,-1.836897,-0.039895,0.574914,-0.000309,-0.002365,-0.115936,-0.048654,0.070763,0.451346,1.645903,0.500000,1.716667,0,11.745659
19871.694970,1.932186,0.011345,-1.378214,-0.036458,0.575638,0.000014,-0.000845,-0.026728,-0.047381,0.062439,0.452619,1.694228,0.500000,1.756667,0,11.792406
19871.731857,1.941784,0.010759,-1.008018,-0.032974,0.574893,-0.008120,0.001895,-0.159334,-0.039728,0.065437,0.460272,1.737897,0.500000,1.803333,0,11.838711
19871.737814,1.951114,0.005792,-0.816307,-0.025723,0.573977,0.008577,-0.005268,0.021497,-0.047803,0.052556,0.452197,1.797444,0.500000,1.850000,0,11.890110
19871.754984,1.962546,0.000943,-0.720791,-0.022147,0.570227,-0.000450,-0.001493,-0.063949,-0.049277,0.066903,0.450723,1.836430,0.500000,1.903333,0,11.940226
19871.774939,1.970051,0.001930,-0.629039,-0.023162,0.571521,0.000194,0.000092,0.004116,-0.053672,0.068903,0.446328,1.884430,0.500000,1.953333,0,11.985375
19871.794974,1.979413,0.002511,-0.503180,-0.028770,0.572807,0.000217,0.000424,0.020363,-0.054553,0.064390,0.445447,1.932277,0.500000,1.996667,0,12.034019
19871.830513,1.988660,0.000062,-0.468692,-0.035525,0.573782,-0.006474,0.000870,0.056537,-0.056052,0.066188,0.443948,1.980478,0.500000,2.046667,0,12.082341
19871.836386,1.997792,-0.002879,-0.508167,-0.042715,0.574405,0.008267,0.000552,-0.019963,-0.058456,0.055131,0.441544,2.038203,0.500000,2.093333,0,12.134642
19871.854963,2.008571,-0.003800,-0.565733,-0.053318,0.573018,-0.000548,0.002631,0.089424,-0.051017,0.071553,0.448983,2.075114,0.500000,2.146667,0,12.182930
19871.874963,2.015453,-0.005202,-0.635839,-0.061816,0.573706,0.000733,0.001351,0.066947,-0.055511,0.065909,0.444489,2.127424,0.500000,2.193333,0,12.228833
19871.894969,2.023838,-0.008184,-0.774576,-0.075981,0.572190,0.000635,0.001030,0.049696,-0.057311,0.062655,0.442689,2.177345,0.500000,2.240000,0,12.279278
19871.930525,2.031378,-0.011138,-0.980694,-0.093364,0.570847,-0.004020,-0.000765,0.200354,-0.054674,0.062862,0.445326,2.227138,0.500000,2.290000,0,12.329258
19871.937402,2.038062,-0.013209,-1.215024,-0.112311,0.569149,0.005990,0.004290,-0.090115,-0.056708,0.054677,0.443292,2.285323,0.500000,2.340000,0,12.382750
19871.954977,2.045602,-0.011315,-1.435243,-0.136710,0.566581,0.000898,0.002093,0.103181,-0.058206,0.066689,0.441794,2.326644,0.500000,2.393333,0,12.432811
19871.974967,2.048807,-0.015021,-1.673857,-0.161970,0.565775,0.001239,0.001415,0.063930,-0.053819,0.066292,0.446181,2.377041,0.500000,2.443333,0,12.478672
19871.994960,2.050818,-0.018330,-2.037791,-0.184783,0.564382,0.002346,0.003439,0.103910,-0.053417,0.061115,0.446583,2.428885,0.500000,2.490000,0,12.527092
19872.036618,2.052194,-0.016008,-2.334924,-0.208201,0.563787,0.005466,-0.003799,0.358766,-0.045498,0.062707,0.451231,2.481203,0.501608,2.540062,0,12.574945
19872.042680,2.051431,-0.014658,-2.613487,-0.231201,0.562769,-0.002389,0.005986,-0.233709,-0.034581,0.048615,0.465065,2.544555,0.507532,2.586458,0,12.628266
19872.054976,2.047376,-0.009536,-2.966207,-0.246790,0.557884,0.002430,0.002282,0.063217,-0.040944,0.074602,0.459564,2.578195,0.519574,2.638532,0,12.673231
19872.074984,2.045369,-0.006472,-3.073994,-0.264766,0.558371,0.002007,0.001267,0.034819,-0.046535,0.070964,0.464479,2.630207,0.533410,2.679704,0,12.710151
19872.094939,2.038413,-0.003790,-3.295920,-0.278653,0.557876,0.003253,0.002228,0.061840,-0.042724,0.064132,0.483028,2.677204,0.549309,2.716512,0,12.755064
19872.132076,2.031373,0.001600,-3.442314,-0.287405,0.557046,0.012196,-0.002752,0.137262,-0.054683,0.063443,0.490418,2.728089,0.569799,2.754808,0,12.799187
19872.138628,2.022324,0.005640,-3.570588,-0.292109,0.557516,-0.009712,0.003355,-0.094487,-0.049102,0.051843,0.523428,2.777633,0.593536,2.791182,0,12.846578
19872.154949,2.008692,0.009900,-3.711490,-0.288210,0.552819,0.000346,-0.000111,-0.001142,-0.051506,0.064588,0.541284,2.812905,0.622523,2.827889,0,12.890703
19872.174955,1.999236,0.012998,-3.775373,-0.280086,0.553355,-0.000237,-0.000183,-0.007768,-0.049297,0.065479,0.573410,2.852186,0.654814,2.861727,0,12.931809
19872.194950,1.987640,0.016756,-3.820708,-0.269193,0.553440,-0.001020,-0.000696,-0.019826,-0.046085,0.063256,0.606750,2.884141,0.684907,2.888222,0,12.975734
19872.234323,1.976171,0.019508,-3.837589,-0.254371,0.554096,0.006024,-0.002165,-0.097748,-0.051617,0.065139,0.636912,2.920347,0.719788,2.914103,0,13.016987
19872.240018,1.964373,0.020655,-3.844948,-0.233828,0.555836,-0.014157,-0.001976,-0.029919,-0.057855,0.054934,0.680644,2.960687,0.756784,2.936859,0,13.062514
19872.254997,1.948307,0.020395,-3.841814,-0.206544,0.554369,0.000207,-0.003678,-0.117970,-0.051866,0.087503,0.694554,2.967884,0.795614,2.956318,0,13.096220
19872.275059,1.945607,0.022159,-3.793660,-0.183881,0.561145,-0.005116,-0.006041,-0.157239,-0.050998,0.058396,0.754089,2.996525,0.826550,2.968951,0,13.133640
19872.295040,1.938975,0.023659,-3.639303,-0.160802,0.559731,-0.005383,-0.009566,-0.326117,-0.055929,0.072025,0.780209,3.015690,0.864682,2.981341,0,13.176650
19872.337107,1.934157,0.020966,-3.568333,-0.143549,0.565536,-0.008517,-0.001070,-0.612078,-0.060534,0.059484,0.833653,3.038577,0.903684,2.990636,0,13.215552
19872.343150,1.930660,0.022792,-3.338550,-0.130746,0.567471,0.002251,-0.003380,0.366630,-0.063260,0.046841,0.889594,3.054317,0.943306,2.996775,0,13.266788
19872.354933,1.934182,0.023598,-2.799971,-0.123749,0.563866,-0.000621,-0.001624,-0.038925,0.062597,0.073480,0.915204,3.060950,0.989974,2.999899,1,13.312266
19872.374986,1.935987,0.020441,-2.610978,-0.119287,0.570777,-0.000427,-0.000610,-0.027757,-0.073941,0.067320,0.962680,3.073941,1.030000,3.000000,1,13.353819
19872.394987,1.940569,0.014419,-2.329138,-0.117675,0.574197,-0.000493,-0.000358,-0.010272,-0.082663,0.068446,1.004887,3.082663,1.073333,3.000000,1,13.398320
19872.437762,1.945606,0.007342,-2.140077,-0.114838,0.577256,-0.007533,0.003949,-0.085961,-0.088210,0.068705,1.047962,3.088210,1.116667,3.000000,1,13.441856
19872.443825,1.951279,0.001824,-2.029730,-0.108791,0.579507,0.006564,-0.004054,0.044653,-0.090721,0.053452,1.106548,3.090721,1.160000,3.000000,1,13.492374
19872.455014,1.959912,-0.002698,-1.943610,-0.098012,0.574711,-0.001332,-0.002306,-0.069740,-0.093422,0.083865,1.126135,3.093422,1.210000,3.000000,1,13.533874
19872.474978,1.962662,-0.003165,-1.924646,-0.087150,0.579707,0.000960,-0.001474,-0.058720,-0.096138,0.071857,1.181477,3.096138,1.253333,3.000000,1,13.572160
19872.494971,1.971664,0.000184,-1.769453,-0.076455,0.579127,-0.000411,-0.002633,-0.082305,-0.096804,0.062011,1.227989,3.096804,1.290000,3.000000,1,13.621175
19872.534455,1.979478,0.001009,-1.622519,-0.065877,0.578737,-0.008832,-0.003460,-0.297879,-0.095047,0.065833,1.274167,3.095047,1.340000,3.000000,1,13.668011
19872.540364,1.987092,-0.000583,-1.542817,-0.053408,0.578290,0.007899,-0.005750,-0.059632,-0.091847,0.046827,1.339840,3.091847,1.386667,3.000000,1,13.723220
19872.554980,1.997661,-0.002616,-1.495758,-0.037523,0.572004,-0.001334,-0.004653,-0.148731,-0.089304,0.078908,1.364425,3.089304,1.443333,3.000000,1,13.770475
19872.574970,2.002750,0.003437,-1.327136,-0.025410,0.574950,-0.000016,-0.001978,-0.101174,-0.085269,0.076999,1.413001,3.085269,1.490000,3.000000,1,13.808992
19872.595008,2.011566,0.010475,-0.991963,-0.018908,0.573830,0.000034,-0.001610,-0.052302,-0.079951,0.066733,1.459934,3.079951,1.526667,3.000000,1,13.855927
19872.633262,2.020255,0.010589,-0.702398,-0.014987,0.571416,-0.007336,0.000678,-0.194577,-0.076277,0.063528,1.509805,3.076277,1.573333,3.000000,1,13.904300
19872.639238,2.029005,0.006737,-0.550790,-0.012639,0.566559,0.007776,-0.004548,0.012127,-0.072044,0.059202,1.564132,3.072044,1.623333,3.000000,1,13.956465
19872.654983,2.039220,0.002688,-0.475160,-0.010429,0.560328,0.000599,-0.000670,-0.028355,-0.067513,0.068838,1.604495,3.067513,1.673333,3.000000,1,14.005578
19872.674971,2.045864,0.004045,-0.380380,-0.008827,0.558840,0.000326,-0.000108,-0.006057,-0.061888,0.070543,1.652790,3.061888,1.723333,3.000000,1,14.050811
19872.694961,2.053672,0.004257,-0.269042,-0.007517,0.555303,0.000270,-0.000328,-0.010509,-0.059597,0.074133,1.695867,3.059597,1.770000,3.000000,1,14.096627
19872.732184,2.061121,0.002969,-0.204908,-0.005009,0.554276,-0.005206,-0.000095,-0.058600,-0.053636,0.066202,1.750464,3.053636,1.816667,3.000000,1,14.145428
19872.738946,2.068921,0.001689,-0.173017,-0.003939,0.548695,0.006645,-0.001412,-0.007887,-0.048194,0.056286,1.807047,3.048194,1.863333,3.000000,1,14.200613
19872.754943,2.077811,0.000610,-0.159341,-0.001298,0.542141,0.000698,-0.000699,-0.023745,-0.042683,0.072321,1.847679,3.042683,1.920000,3.000000,1,14.250845
19872.774934,2.083404,0.001373,-0.127035,0.001214,0.540700,0.000800,-0.001298,-0.041785,-0.039115,0.072880,1.897120,3.039115,1.970000,3.000000,1,14.296691
19872.794967,2.090145,0.001338,-0.095288,0.004356,0.537032,0.000725,-0.000649,-0.033398,-0.034082,0.069668,1.946998,3.034082,2.016667,3.000000,1,14.346130
19872.831654,2.096509,0.002355,-0.043999,0.007482,0.532179,-0.003982,-0.000089,-0.066966,-0.032405,0.072814,1.990520,3.032405,2.063333,3.000000,1,14.393880
19872.837612,2.102102,0.002701,0.019316,0.009695,0.530485,0.005625,-0.001497,0.008802,-0.027710,0.059617,2.053716,3.027710,2.113333,3.000000,1,14.446693
19872.854967,2.109241,0.001697,0.055751,0.011158,0.523015,0.000321,-0.000232,-0.014392,-0.022725,0.071269,2.095398,3.022725,2.166667,3.000000,1,14.499394
19872.874941,2.113488,0.002512,0.104464,0.013307,0.520952,0.000183,-0.000537,-0.017234,-0.021132,0.078077,2.138589,3.021132,2.216667,3.000000,1,14.543574
19872.894940,2.117994,0.002337,0.153909,0.014040,0.521083,0.000894,-0.000735,-0.023724,-0.014147,0.067018,2.196316,3.014147,2.263333,3.000000,1,14.593327
19872.936407,2.123155,0.001524,0.179420,0.014730,0.515828,-0.003241,-0.000313,-0.053100,-0.011126,0.065684,2.247650,3.011126,2.313333,3.000000,1,14.647537
19872.942486,2.127905,0.000823,0.191540,0.015526,0.509731,0.005323,-0.001021,-0.009132,-0.006297,0.050483,2.316184,3.006297,2.366667,3.000000,1,14.707025
19872.954969,2.134283,0.000219,0.197349,0.016247,0.503063,0.000608,-0.000862,-0.024112,-0.007303,0.082899,2.343768,3.007303,2.426667,3.000000,1,14.756854
19872.974972,2.136748,0.000313,0.203155,0.016972,0.505413,0.000335,-0.000051,-0.002506,-0.005263,0.082177,2.394489,3.005263,2.476667,3.000000,1,14.797767
19872.994959,2.140142,0.001403,0.248216,0.016082,0.504433,0.000758,0.000217,0.007207,0.000069,0.065622,2.451045,2.999931,2.516667,3.000000,1,14.849358
19873.031445,2.143871,0.001159,0.276356,0.014896,0.500121,-0.001526,0.000848,0.019394,0.003310,0.064990,2.501677,2.996690,2.566667,3.000000,1,14.902586
19873.037560,2.147210,0.000603,0.290591,0.015008,0.495389,0.003172,-0.000084,0.011356,0.006385,0.058854,2.561146,2.993615,2.620000,3.000000,1,14.958166
19873.054970,2.151110,0.000114,0.298954,0.014072,0.488213,0.000361,0.000254,0.010187,0.004727,0.078342,2.598325,2.995273,2.676667,3.000000,1,15.007754
19873.074958,2.153132,-0.000591,0.289813,0.012568,0.488261,0.000695,0.000347,0.011456,0.008276,0.072080,2.654587,2.991724,2.726667,3.000000,1,15.054855
19873.094958,2.155714,-0.001082,0.270128,0.010634,0.483346,0.000661,0.000819,0.026889,0.009522,0.067376,2.705957,2.990478,2.773333,3.000000,1,15.107940
19873.130652,2.157957,-0.001007,0.258022,0.008982,0.479962,-0.000262,0.000996,0.061973,0.010442,0.070030,2.756636,2.989558,2.826667,3.000000,1,15.159432
19873.136537,2.160118,-0.000838,0.250594,0.006850,0.477964,0.002217,0.001150,0.021084,0.010788,0.059642,2.817024,2.989212,2.876667,3.000000,1,15.214514
19873.154964,2.162701,-0.000532,0.250567,0.003832,0.473380,0.000395,0.000464,0.024251,0.011376,0.075041,2.858292,2.988624,2.933333,3.000000,1,15.266297
19873.174970,2.163967,-0.002592,0.194101,0.002061,0.474268,0.000461,0.000113,0.006493,0.010403,0.072824,2.910509,2.989597,2.983333,3.000000,1,15.313627
19873.194968,2.165402,-0.003366,0.122413,0.001028,0.473502,0.000480,0.000082,0.004219,0.009076,0.071223,2.962110,2.990924,3.033333,3.000000,1,15.364339
19873.230798,2.166795,-0.002849,0.071988,-0.000783,0.472716,-0.000237,-0.000559,0.027033,0.007052,0.070415,3.012919,2.992948,3.083333,3.000000,1,15.415823
19873.236810,2.168073,-0.002281,0.033836,-0.002229,0.472477,0.001173,0.000850,-0.015661,0.004580,0.060639,3.072694,2.995420,3.133333,3.000000,1,15.470960
19873.254970,2.169493,-0.001455,0.003996,-0.003315,0.470062,0.000178,0.000236,0.011172,0.000776,0.080077,3.109923,2.999224,3.190000,3.000000,1,15.520592
19873.274970,2.170269,-0.001277,-0.015071,-0.005259,0.471354,0.000591,0.000222,0.011856,0.001324,0.076373,3.163627,2.998676,3.240000,3.000000,1,15.566344
19873.294969,2.171575,-0.001393,-0.042901,-0.007453,0.470770,0.000448,0.000164,0.008618,-0.001622,0.068502,3.214832,3.001622,3.283333,3.000000,1,15.617776
19873.331015,2.172675,-0.001626,-0.079700,-0.010095,0.469823,-0.000072,-0.000317,0.033922,-0.004777,0.072019,3.264648,3.004777,3.336667,3.000000,1,15.668753
19873.336742,2.173624,-0.001788,-0.120397,-0.013497,0.469305,0.000854,0.000797,-0.011327,-0.008340,0.070607,3.316060,3.008340,3.386667,3.000000,1,15.719518
19873.354978,2.174620,-0.001402,-0.152634,-0.016868,0.468590,0.000311,0.000962,0.029809,-0.013761,0.073978,3.362688,3.013761,3.436667,3.000000,1,15.768952
19873.374970,2.175300,-0.001547,-0.191422,-0.021915,0.469050,0.000576,0.000594,0.032057,-0.016399,0.070594,3.416073,3.016399,3.486667,3.000000,1,15.818404
19873.394982,2.176227,-0.002638,-0.257512,-0.030008,0.468714,0.000411,0.000569,0.030694,-0.020504,0.070869,3.465798,3.020504,3.536667,3.000000,1,15.869654
19873.430565,2.176817,-0.004106,-0.363813,-0.039877,0.468859,0.000452,-0.000729,0.117073,-0.024431,0.070508,3.516159,3.024431,3.586667,3.000000,1,15.920106
19873.436223,2.177252,-0.005369,-0.498388,-0.051423,0.468725,0.000447,0.002821,-0.057771,-0.028680,0.065201,3.574799,3.028680,3.640000,3.000000,1,15.973832
19873.454965,2.177567,-0.004000,-0.625423,-0.067520,0.466770,0.000933,0.003544,0.133871,-0.033512,0.080846,3.612487,3.033512,3.693333,3.000000,1,16.022717
19873.474970,2.177385,-0.005111,-0.749697,-0.084370,0.466419,0.001062,0.002240,0.116936,-0.036093,0.076007,3.663993,3.036093,3.740000,3.000000,1,16.068091
19873.494969,2.176416,-0.008773,-0.976448,-0.106189,0.465298,0.001096,0.001447,0.072313,-0.039512,0.070333,3.716334,3.039512,3.786667,3.000000,1,16.118622
19873.531225,2.174241,-0.012227,-1.307758,-0.127529,0.463567,0.005225,-0.000338,0.336350,-0.041496,0.071309,3.765358,3.041496,3.836667,3.000000,1,16.168626
19873.536893,2.171414,-0.010111,-1.583881,-0.150231,0.462768,-0.001282,0.009035,-0.029226,-0.042956,0.062500,3.824167,3.042956,3.886667,3.000000,1,16.221345
19873.554996,2.168225,-0.003388,-1.748224,-0.181768,0.460234,0.003844,0.004791,0.182350,-0.044809,0.077692,3.862308,3.044809,3.940000,3.000000,1,16.269252
19873.574972,2.163419,-0.007015,-2.002568,-0.205125,0.457666,0.002802,0.002400,0.109768,-0.043458,0.076021,3.910646,3.043458,3.986667,3.000000,1,16.311206
19873.594971,2.154788,-0.009968,-2.369336,-0.220780,0.454872,0.001065,0.000571,0.023748,-0.033975,0.074545,3.957693,3.037491,4.030061,2.999096,1,16.355594
19873.631744,2.143208,-0.009011,-2.752167,-0.229515,0.453166,0.011987,-0.006417,0.178185,-0.025360,0.072529,4.005231,3.030317,4.073262,2.994604,1,16.400541
19873.637031,2.130619,-0.003261,-3.040905,-0.237064,0.453495,-0.012018,0.007741,-0.154984,-0.020647,0.062602,4.063281,3.020565,4.119159,2.985594,1,16.450273
19873.654985,2.114873,0.006131,-3.262075,-0.246149,0.452896,0.002243,0.000055,0.030455,-0.012203,0.080778,4.095116,3.009735,4.167166,2.971228,1,16.494724
19873.674969,2.103298,0.011540,-3.363936,-0.248008,0.454974,0.000833,0.000366,0.012590,-0.011677,0.076712,4.142477,2.997392,4.207431,2.954942,1,16.534945
19873.694970,2.088494,0.017056,-3.456158,-0.250108,0.458466,0.000258,0.000103,0.002460,-0.010084,0.071585,4.185577,2.980491,4.243216,2.936859,1,16.579878
19873.732338,2.072949,0.021110,-3.522982,-0.251376,0.462743,0.013411,-0.001492,0.020830,-0.004501,0.077708,4.221455,2.959911,4.282974,2.912221,1,16.622396
19873.737965,2.057049,0.023872,-3.565144,-0.247332,0.466574,-0.013855,0.001217,-0.018999,-0.013357,0.060945,4.276190,2.937000,4.315093,2.888222,1,16.668364
19873.754976,2.038952,0.025787,-3.589570,-0.247836,0.471139,0.000387,-0.000097,-0.002921,-0.005284,0.075285,4.299924,2.913552,4.349991,2.857080,1,16.711786
19873.774971,2.026864,0.026097,-3.593246,-0.244490,0.476584,-0.000199,-0.000077,-0.003646,-0.007433,0.077773,4.334695,2.889251,4.379660,2.825359,1,16.748911
19873.794967,2.012844,0.025701,-3.584745,-0.240021,0.482152,-0.000092,-0.000088,-0.004797,-0.013378,0.074538,4.369091,2.864534,4.402535,2.796590,1,16.787666
19873.830276,1.999971,0.024519,-3.565131,-0.236921,0.488431,0.008642,0.002003,-0.021329,-0.015228,0.074417,4.398749,2.834660,4.425005,2.763383,1,16.826437
19873.836848,1.988065,0.022593,-3.539302,-0.232412,0.494270,-0.010101,-0.002690,0.013915,-0.017948,0.065227,4.428920,2.797577,4.443205,2.731451,1,16.867387
19873.854968,1.974431,0.019307,-3.512595,-0.223171,0.498277,0.000039,-0.000682,-0.030299,-0.018889,0.076952,4.449491,2.770416,4.461619,2.692113,1,16.905760
19873.874961,1.966298,0.017198,-3.491454,-0.211436,0.504603,-0.001279,-0.000916,-0.036335,-0.021669,0.073360,4.471913,2.734133,4.474485,2.657684,1,16.941629
19873.894973,1.957818,0.015805,-3.436373,-0.195458,0.510354,-0.000878,-0.000787,-0.032624,-0.020589,0.070464,4.487499,2.695762,4.484786,2.622402,1,16.980960
19873.931930,1.951862,0.015511,-3.325960,-0.175940,0.515977,0.001399,0.002196,-0.169557,-0.015821,0.069169,4.497131,2.654002,4.493035,2.583165,1,17.022082
19873.937858,1.948099,0.015420,-3.165392,-0.154335,0.520142,-0.002946,-0.005056,0.087194,-0.014710,0.059564,4.507599,2.604009,4.498113,2.543393,1,17.067317
19873.954980,1.945041,0.011897,-2.985409,-0.129296,0.519642,-0.002087,-0.004191,-0.147035,-0.009452,0.072158,4.509452,2.568825,4.500000,2.496667,1,17.110673
19873.974937,1.944444,0.012279,-2.805814,-0.104396,0.523117,-0.001690,-0.005187,-0.176446,-0.015546,0.074375,4.515546,2.527708,4.500000,2.453333,1,17.150366
19873.994992,1.946298,0.013462,-2.501866,-0.082980,0.526221,-0.003107,-0.010353,-0.320612,-0.016888,0.070043,4.516888,2.483376,4.500000,2.413333,1,17.193351
19874.033309,1.948019,0.008464,-2.298550,-0.061658,0.527520,-0.007468,-0.001504,-0.598610,-0.015483,0.069922,4.515483,2.439922,4.500000,2.370000,1,17.238002
19874.039200,1.951584,0.012263,-1.971644,-0.042544,0.528082,0.004757,-0.003518,0.308516,-0.027831,0.058521,4.527831,2.385187,4.500000,2.326667,1,17.286473
19874.055010,1.958279,0.013899,-1.445980,-0.038150,0.521710,-0.000187,-0.001202,-0.043590,-0.024160,0.073475,4.524160,2.353475,4.500000,2.280000,1,17.330317
19874.074993,1.962866,0.013436,-1.143981,-0.033600,0.521562,-0.000163,-0.000327,-0.015757,-0.027906,0.076958,4.527906,2.310292,4.500000,2.233333,1,17.368939
19874.094974,1.968785,0.010257,-0.854149,-0.033780,0.520927,0.000043,0.000053,0.001702,-0.034165,0.068132,4.534165,2.264799,4.500000,2.196667,1,17.412981
19874.133929,1.974848,0.005593,-0.693536,-0.037598,0.519955,-0.005328,0.003167,0.021175,-0.035285,0.069525,4.535285,2.222858,4.500000,2.153333,1,17.457123
19874.139841,1.980901,0.001870,-0.619816,-0.039358,0.520578,0.005735,-0.000969,0.037798,-0.040311,0.060180,4.540311,2.166847,4.500000,2.106667,1,17.505292
19874.154976,1.988348,-0.000650,-0.586192,-0.040568,0.516510,0.000544,0.000441,0.016497,-0.034064,0.072403,4.534064,2.132403,4.500000,2.060000,1,17.551650
19874.174970,1.993019,-0.002660,-0.607841,-0.037080,0.517544,0.000158,-0.000153,-0.008074,-0.032827,0.075344,4.532827,2.088677,4.500000,2.013333,1,17.591952
19874.194970,1.998750,-0.003090,-0.629471,-0.032445,0.518925,0.000064,-0.000337,-0.017000,-0.036861,0.071223,4.536861,2.044556,4.500000,1.973333,1,17.635761
19874.233445,2.004500,-0.001877,-0.612944,-0.028066,0.520293,-0.005156,-0.001012,-0.068226,-0.044503,0.069561,4.544503,1.999561,4.500000,1.930000,1,17.681173
19874.239023,2.010294,-0.001215,-0.584918,-0.024895,0.521563,0.005246,-0.001068,-0.009565,-0.056658,0.058295,4.556658,1.941628,4.500000,1.883333,1,17.732071
19874.254971,2.017165,-0.001339,-0.569045,-0.026753,0.519512,0.000169,-0.000031,-0.003857,-0.049087,0.071616,4.549087,1.904949,4.500000,1.833333,1,17.780328
19874.274979,2.021751,-0.000127,-0.529003,-0.023971,0.520948,0.000090,-0.000185,-0.009854,-0.050124,0.076787,4.550124,1.860121,4.500000,1.783333,1,17.822764
19874.294971,2.027411,0.000479,-0.481169,-0.020796,0.521844,0.000055,-0.000779,-0.024823,-0.047626,0.071466,4.547626,1.814799,4.500000,1.743333,1,17.867839
19874.332765,2.033037,0.000349,-0.444575,-0.016853,0.522556,-0.004880,-0.001329,-0.093608,-0.045422,0.072147,4.545422,1.768814,4.500000,1.696667,1,17.913421
19874.338341,2.038614,-0.000087,-0.424492,-0.012567,0.522737,0.005231,-0.001810,-0.026990,-0.051227,0.057896,4.551227,1.707896,4.500000,1.650000,1,17.965765
19874.354986,2.045404,-0.000634,-0.418035,-0.013447,0.519353,-0.000130,-0.000951,-0.037462,-0.046632,0.073294,4.546632,1.673294,4.500000,1.600000,1,18.014017
19874.374970,2.049653,0.000851,-0.378529,-0.013130,0.521092,0.000171,-0.000019,-0.001134,-0.047888,0.076977,4.547888,1.626977,4.500000,1.550000,1,18.055830
19874.394970,2.055099,0.002030,-0.304951,-0.014293,0.522110,0.000163,0.000304,0.009506,-0.051392,0.069980,4.551392,1.579980,4.500000,1.510000,1,18.102714
19874.433181,2.060500,0.001500,-0.264113,-0.020162,0.522679,-0.004412,0.002173,0.079938,-0.051712,0.070024,4.551712,1.533357,4.500000,1.463333,1,18.149884
19874.438990,2.065823,0.000711,-0.245842,-0.027925,0.523465,0.004840,0.001540,0.049079,-0.054936,0.064264,4.554936,1.477598,4.500000,1.413333,1,18.200440
19874.454984,2.072096,0.000187,-0.234848,-0.041808,0.522084,0.000322,0.001883,0.075378,-0.050690,0.078699,4.550690,1.442032,4.500000,1.363333,1,18.246804
19874.474985,2.075923,-0.005031,-0.354042,-0.051709,0.523193,0.000276,0.000688,0.035243,-0.051222,0.080190,4.551222,1.396856,4.500000,1.316667,1,18.288284
19874.494971,2.080369,-0.009533,-0.584618,-0.061146,0.523337,0.000568,0.002242,0.071067,-0.052762,0.072208,4.552762,1.348874,4.500000,1.276667,1,18.334669
19874.533166,2.084843,-0.008744,-0.754482,-0.076716,0.525252,-0.002023,0.003405,0.336788,-0.054164,0.071670,4.554164,1.301670,4.500000,1.230000,1,18.382439
19874.538750,2.089227,-0.006059,-0.846365,-0.098233,0.527417,0.004771,0.007339,0.083065,-0.066319,0.058201,4.566319,1.241534,4.500000,1.183333,1,18.434881
19874.554968,2.094476,-0.003002,-0.888317,-0.138232,0.529942,0.002356,0.007626,0.279285,-0.062167,0.075300,4.562167,1.205300,4.500000,1.130000,1,18.483314
19874.574996,2.095902,-0.011383,-1.113784,-0.171787,0.529556,0.001564,0.001667,0.075691,-0.061904,0.080187,4.561904,1.160187,4.500000,1.080000,1,18.524549
19874.594968,2.093962,-0.024208,-1.733333,-0.180684,0.526526,0.001163,0.001288,0.038186,-0.059919,0.071649,4.559919,1.111649,4.500000,1.040000,1,18.568455
19874.633096,2.091698,-0.022976,-2.223322,-0.192245,0.528231,0.005686,-0.004769,0.303066,-0.058684,0.068056,4.559126,1.064328,4.499989,0.996665,1,18.612795
19874.638690,2.089655,-0.015148,-2.519418,-0.207954,0.533704,-0.000923,0.009980,-0.077126,-0.054721,0.058364,4.557747,1.006385,4.497822,0.953377,1,18.660543
19874.655012,2.087171,-0.004854,-2.698979,-0.228157,0.539268,0.002283,0.002958,0.105906,-0.043156,0.075992,4.547634,0.970166,4.490675,0.903886,1,18.704634
19874.674981,2.083263,-0.002919,-2.836726,-0.246787,0.544809,0.000964,0.000592,0.022566,-0.037785,0.077174,4.538158,0.925472,4.480508,0.861754,1,18.743385
19874.694962,2.075242,-0.003107,-3.100610,-0.256767,0.548745,0.000998,0.000800,0.022046,-0.036048,0.070746,4.526586,0.877279,4.467916,0.823777,1,18.786484
19874.733246,2.066698,0.000747,-3.307825,-0.268886,0.553829,0.011529,-0.003605,0.156795,-0.036015,0.066935,4.513434,0.832135,4.452328,0.786929,1,18.830599
19874.739056,2.057983,0.006537,-3.445358,-0.278638,0.558555,-0.007332,0.006076,-0.045787,-0.037883,0.057792,4.492501,0.776169,4.430490,0.745680,1,18.878477
19874.754960,2.047344,0.013484,-3.538376,-0.290185,0.561800,0.001028,0.000633,0.019540,-0.035137,0.069586,4.474181,0.742383,4.404900,0.706647,1,18.923351
19874.774964,2.038378,0.015457,-3.613407,-0.297395,0.564018,0.000453,0.000164,0.004591,-0.021734,0.070735,4.438778,0.708995,4.375782,0.670170,1,18.964128
19874.794960,2.025745,0.017466,-3.707702,-0.300000,0.563054,0.000914,0.000264,0.003817,-0.037789,0.068081,4.423382,0.661474,4.348208,0.641181,1,19.006364
19874.832853,2.013318,0.019931,-3.776841,-0.300000,0.560361,0.012717,-0.001114,0.031702,-0.035772,0.062609,4.389456,0.626777,4.318404,0.614488,1,19.048474
19874.838519,2.000505,0.022061,-3.823686,-0.300000,0.556318,-0.010910,0.001367,-0.020469,-0.044713,0.054138,4.353773,0.582283,4.283821,0.588362,1,19.094576
19874.854982,1.985707,0.023875,-3.854777,-0.300000,0.549457,0.001023,0.000117,0.001851,-0.046734,0.069311,4.327508,0.556762,4.244201,0.563691,1,19.134937
19874.874996,1.975222,0.024226,-3.868512,-0.300000,0.542655,0.000559,0.000095,0.000476,-0.055508,0.069987,4.295295,0.524302,4.208535,0.545563,1,19.169736
19874.894969,1.961581,0.023827,-3.880267,-0.300000,0.535587,0.000364,0.000013,-0.001043,-0.068355,0.067054,4.264759,0.492628,4.177782,0.532674,1,19.205457
19874.932816,1.947651,0.022548,-3.888935,-0.300000,0.530022,0.013047,0.002166,0.003233,-0.072995,0.063289,4.224573,0.469062,4.143047,0.520899,1,19.242298
19874.938478,1.934035,0.020633,-3.895956,-0.300000,0.525822,-0.012691,-0.002482,-0.010173,-0.081623,0.060632,4.184310,0.445030,4.107541,0.511702,1,19.280811
19874.954971,1.917305,0.017532,-3.907567,-0.300000,0.519704,0.000893,0.000052,-0.001294,-0.082481,0.068583,4.147341,0.432304,4.068155,0.504667,1,19.316133
19874.974976,1.906694,0.015470,-3.913480,-0.300000,0.519298,-0.000174,-0.000098,-0.001904,-0.085842,0.065090,4.105926,0.420149,4.034989,0.501226,1,19.350607
19874.994974,1.892941,0.012647,-3.921896,-0.300000,0.520107,-0.000134,-0.000076,-0.001188,-0.087495,0.067827,4.065867,0.412282,3.998332,0.500003,1,19.385310
19875.033259,1.879757,0.009756,-3.930793,-0.300000,0.522738,0.011039,0.002563,0.010027,-0.089731,0.065139,4.023711,0.407157,3.965011,0.501226,1,19.419378
19875.038887,1.867410,0.006998,-3.939140,-0.300000,0.526976,-0.010896,-0.002487,-0.008989,-0.092439,0.055615,3.974340,0.405510,3.931845,0.504667,1,19.457720
19875.054966,1.853167,0.003723,-3.950920,-0.300000,0.530915,0.000147,0.000103,0.001602,-0.091187,0.067540,3.938806,0.408122,3.892459,0.511702,1,19.493146
19875.074970,1.844457,0.001708,-3.958501,-0.300000,0.535482,-0.000066,-0.000049,-0.001353,-0.093088,0.061228,3.892900,0.413458,3.860152,0.519956,1,19.526179
19875.094946,1.834004,-0.000840,-3.971935,-0.298993,0.539086,-0.000090,-0.000010,-0.000696,-0.094431,0.062334,3.854623,0.420259,3.828468,0.530344,1,19.560457
19875.133692,1.824245,-0.003008,-3.982962,-0.296994,0.542921,0.007303,0.001453,-0.000848,-0.093278,0.061632,3.812350,0.433816,3.794501,0.544182,1,19.595513
19875.139742,1.814587,-0.005131,-3.996419,-0.290984,0.545267,-0.008435,-0.001892,-0.014425,-0.090953,0.050313,3.766140,0.454962,3.764577,0.558892,1,19.636241
19875.154973,1.803755,-0.007344,-4.008815,-0.283137,0.544567,-0.000574,-0.000340,-0.009865,-0.090134,0.066285,3.737197,0.467472,3.730062,0.579128,1,19.670647
19875.174951,1.798045,-0.007924,-3.999022,-0.278711,0.548249,-0.000204,-0.000167,-0.005842,-0.088078,0.068632,3.701978,0.488406,3.699937,0.600048,1,19.700745
19875.194973,1.791924,-0.008584,-3.970595,-0.272517,0.551785,-0.000657,-0.000532,-0.014671,-0.084067,0.067342,3.673434,0.511100,3.676482,0.618770,1,19.733366
19875.233036,1.786322,-0.009813,-3.941264,-0.266503,0.555485,0.002250,0.000350,-0.066297,-0.086200,0.064922,3.638351,0.534108,3.651792,0.641181,1,19.766534
19875.238373,1.781205,-0.011537,-3.919190,-0.265517,0.559625,-0.005314,-0.002287,0.000115,-0.084355,0.058545,3.605204,0.565219,3.628651,0.665187,1,19.803954
19875.254943,1.774997,-0.013849,-3.904823,-0.261508,0.562816,-0.000780,-0.000676,-0.022788,-0.084222,0.065524,3.578780,0.589899,3.605107,0.693309,1,19.838529
19875.274972,1.772198,-0.014380,-3.881103,-0.256910,0.566822,-0.000119,-0.000175,-0.007238,-0.080888,0.062767,3.553605,0.623036,3.585543,0.720311,1,19.871145
19875.294949,1.770418,-0.014392,-3.824963,-0.248429,0.569891,-0.000395,-0.000482,-0.017388,-0.077453,0.062657,3.532385,0.655450,3.567823,0.748557,1,19.906103
19875.332699,1.769400,-0.014774,-3.765143,-0.234404,0.572390,-0.002038,-0.000816,-0.126879,-0.072747,0.061521,3.514173,0.690491,3.552026,0.777921,1,19.941373
19875.338424,1.768979,-0.015635,-3.706887,-0.216539,0.574992,-0.001355,-0.003505,-0.011708,-0.066876,0.057078,3.496552,0.733266,3.536951,0.811358,1,19.979910
19875.354969,1.768544,-0.017482,-3.662293,-0.192697,0.573958,-0.002311,-0.003646,-0.121637,-0.059921,0.071145,3.487716,0.763064,3.523351,0.848985,1,20.014775
19875.374951,1.770678,-0.013896,-3.540860,-0.166218,0.577562,-0.001229,-0.002092,-0.083057,-0.050990,0.072321,3.482018,0.798717,3.514345,0.881090,1,20.045388
19875.394965,1.776805,-0.006459,-3.218546,-0.140653,0.580599,-0.001623,-0.005728,-0.171296,-0.045347,0.065381,3.475184,0.837994,3.508086,0.910440,1,20.080997
19875.428728,1.783854,-0.005931,-2.933714,-0.112663,0.582901,-0.009036,-0.001929,-0.412148,-0.033000,0.068558,3.477336,0.875058,3.502845,0.946741,1,20.117935
19875.434928,1.791650,-0.001883,-2.575186,-0.088110,0.584679,0.006355,-0.003951,0.171460,-0.028050,0.068189,3.474517,0.914242,3.500278,0.983328,1,20.154947
19875.454964,1.801633,-0.000995,-2.191452,-0.065375,0.585389,-0.001120,-0.003232,-0.151330,-0.027022,0.064699,3.472978,0.955301,3.500000,1.020000,1,20.195330
19875.474967,1.812296,0.003211,-1.769349,-0.047699,0.584080,-0.000400,-0.001274,-0.059822,-0.022628,0.065690,3.477372,0.994310,3.500000,1.060000,1,20.236776
19875.494968,1.823680,0.006223,-1.313639,-0.031975,0.582734,-0.000022,-0.001446,-0.062892,-0.020463,0.067465,3.479537,1.035868,3.500000,1.103333,1,20.277986
19875.531027,1.835382,0.006056,-0.955626,-0.015937,0.581799,-0.009209,0.001306,-0.217473,-0.014997,0.071552,3.485003,1.071781,3.500000,1.143333,1,20.317661
19875.536721,1.847099,0.006556,-0.645382,0.004620,0.582858,0.010473,-0.004884,0.105672,-0.014963,0.057200,3.485037,1.126133,3.500000,1.183333,1,20.362708
19875.554980,1.860877,0.004184,-0.406551,0.021153,0.578947,-0.000834,-0.004512,-0.160332,-0.012395,0.066204,3.487605,1.160462,3.500000,1.226667,1,20.407283
19875.574968,1.870076,0.006809,-0.204522,0.037298,0.576886,0.000629,-0.002364,-0.112218,-0.015933,0.069333,3.484067,1.204001,3.500000,1.273333,1,20.447661
19875.594968,1.881127,0.012034,0.102093,0.053325,0.572468,0.000598,-0.001415,-0.062330,-0.009488,0.066847,3.490512,1.246486,3.500000,1.313333,1,20.491120
19875.631104,1.891415,0.015620,0.441166,0.071253,0.567932,-0.006638,0.000794,-0.239402,-0.010967,0.068217,3.489033,1.288450,3.500000,1.356667,1,20.533854
19875.636531,1.900857,0.017571,0.751746,0.091411,0.564250,0.008985,-0.004255,0.136690,-0.007443,0.059023,3.492557,1.340977,3.500000,1.400000,1,20.581166
19875.654966,1.911854,0.015658,1.013079,0.118377,0.560168,0.001229,-0.006035,-0.208298,-0.006626,0.069823,3.493374,1.376844,3.500000,1.446667,1,20.626761
19875.674968,1.918260,0.017420,1.215664,0.147028,0.558907,0.002074,-0.003580,-0.159719,-0.006728,0.072908,3.493272,1.420426,3.500000,1.493333,1,20.667852
19875.694967,1.923828,0.023990,1.578862,0.173744,0.557434,0.001291,-0.001521,-0.064892,-0.014148,0.068849,3.489366,1.463756,3.498883,1.533396,1,20.711872
19875.731905,1.926779,0.029171,2.038017,0.194975,0.556394,0.000536,0.002845,-0.290004,-0.016892,0.067116,3.487688,1.507656,3.494103,1.576566,1,20.756819
19875.737310,1.928429,0.029606,2.437423,0.212696,0.557013,0.001503,-0.005320,0.217014,-0.025932,0.059045,3.474098,1.558805,3.484786,1.622402,1,20.806199
19875.754968,1.929623,0.024778,2.769733,0.228125,0.555972,0.002135,-0.001750,-0.075769,-0.028518,0.065565,3.466272,1.595839,3.471228,1.667166,1,20.854708
19875.774968,1.929575,0.022254,2.952572,0.240047,0.558251,0.001833,-0.001346,-0.050676,-0.030964,0.069332,3.453733,1.637579,3.452129,1.713494,1,20.898824
19875.794972,1.927907,0.019666,3.156055,0.245794,0.559717,0.000616,-0.000290,-0.009391,-0.033674,0.064622,3.435367,1.679141,3.431894,1.751927,1,20.944863
19875.832085,1.924524,0.016912,3.342848,0.248429,0.561046,0.004275,0.003528,-0.077137,-0.030307,0.065920,3.420216,1.719945,3.406464,1.791182,1,20.990839
19875.839214,1.920846,0.012962,3.475835,0.245948,0.563635,-0.003585,-0.003365,0.064686,-0.031740,0.057886,3.391474,1.763374,3.377477,1.827889,1,21.039634
19875.854941,1.915860,0.007962,3.572818,0.239036,0.564529,-0.000202,0.000322,0.013393,-0.032307,0.065540,3.370297,1.793107,3.345186,1.861727,1,21.086678
19875.874937,1.912899,0.004534,3.597618,0.231095,0.568388,-0.000324,0.000485,0.018794,-0.030180,0.070129,3.344026,1.827559,3.307245,1.894462,1,21.129309
19875.894941,1.909818,0.000688,3.585968,0.220137,0.572188,-0.000890,0.001196,0.036907,-0.028182,0.065401,3.313821,1.858338,3.274651,1.917812,1,21.173484
19875.947211,1.907212,-0.001815,3.546116,0.207773,0.576037,-0.001647,0.001075,0.207974,-0.025087,0.060680,3.276245,1.891041,3.234408,1.941648,1,21.220759
19875.952992,1.903979,-0.002361,3.501742,0.191890,0.577924,-0.005303,0.004222,0.030535,-0.017303,0.027341,3.210707,1.935139,3.192113,1.961619,1,21.283436
19875.960095,1.899102,-0.000369,3.472885,0.163209,0.572097,-0.001635,0.004883,0.114131,-0.022954,0.080854,3.204015,1.938735,3.132098,1.982235,1,21.330056
19875.974966,1.898966,-0.001047,3.452863,0.144435,0.578488,-0.001500,0.004208,0.116885,-0.020490,0.092775,3.174293,1.956244,3.086458,1.992468,1,21.354551
19875.994956,1.901734,-0.008781,3.216409,0.128658,0.585047,-0.000657,0.001042,0.048052,-0.013337,0.073654,3.134702,1.973415,3.063330,1.995973,1,21.390361
19876.027741,1.907520,-0.016142,2.786059,0.119158,0.590925,-0.004474,-0.003913,0.190251,-0.009315,0.071989,3.098112,1.986136,3.026724,1.999285,1,21.430096
19876.034963,1.914267,-0.014289,2.429652,0.108905,0.595369,0.004005,0.005762,-0.107876,0.002012,0.068683,3.055350,2.002012,2.986667,2.000000,1,21.471160
19876.054965,1.921108,-0.007862,2.189748,0.104640,0.597585,-0.000091,0.000354,0.020090,0.015198,0.067418,3.014084,2.015198,2.946667,2.000000,1,21.513971
19876.074966,1.929366,-0.004299,1.979024,0.102694,0.596803,0.000347,0.000096,0.006406,0.025444,0.069018,2.972351,2.025444,2.903333,2.000000,1,21.557365
19876.094962,1.938100,-0.000555,1.840237,0.099932,0.592956,0.000242,0.000155,0.008536,0.033668,0.069902,2.929902,2.033668,2.860000,2.000000,1,21.600741
19876.128581,1.946643,0.002142,1.754102,0.098399,0.585868,-0.005164,-0.000810,0.026037,0.040869,0.070445,2.887111,2.040869,2.816667,2.000000,1,21.643459
19876.134955,1.954749,0.003761,1.698961,0.100958,0.577023,0.005852,0.000375,-0.024097,0.046049,0.068955,2.842289,2.046049,2.773333,2.000000,1,21.688049
19876.154966,1.962890,0.004838,1.669519,0.104321,0.567023,0.001097,-0.000385,-0.016869,0.054374,0.069673,2.799673,2.054374,2.730000,2.000000,1,21.732515
19876.174964,1.970284,0.006469,1.683231,0.107742,0.557023,0.000651,-0.000238,-0.010050,0.056876,0.066044,2.752711,2.056876,2.686667,2.000000,1,21.777355
19876.194957,1.976390,0.007648,1.727039,0.115303,0.547023,0.000554,-0.000619,-0.026687,0.055767,0.067807,2.707807,2.055767,2.640000,2.000000,1,21.822799
19876.229211,1.981294,0.008648,1.791172,0.128207,0.537023,-0.000936,-0.000385,-0.114541,0.055267,0.064154,2.660821,2.055267,2.596667,2.000000,1,21.868193
19876.234927,1.985358,0.010388,1.899736,0.141945,0.527646,0.003076,-0.001615,0.045856,0.052489,0.064246,2.614246,2.052489,2.550000,2.000000,1,21.913926
19876.254967,1.988757,0.010418,2.010046,0.156050,0.519068,0.001764,-0.001615,-0.073526,0.048312,0.066057,2.569390,2.048312,2.503333,2.000000,1,21.958194
19876.274958,1.990194,0.012622,2.168817,0.170680,0.512000,0.000994,-0.000774,-0.033799,0.037236,0.066796,2.523536,2.040860,2.459938,1.998392,1,22.001327
19876.294963,1.989375,0.014642,2.386142,0.185453,0.505766,0.001000,-0.000749,-0.032036,0.027622,0.067330,2.478633,2.031471,2.416835,1.993035,1,22.044429
19876.329714,1.987137,0.014791,2.597522,0.199616,0.500617,0.004387,0.001786,-0.140483,0.019169,0.066829,2.434229,2.019304,2.374361,1.983957,1,22.088347
19876.335461,1.983560,0.013892,2.796279,0.210896,0.495801,-0.002469,-0.002907,0.086713,0.012078,0.065804,2.390813,2.004611,2.332834,1.971228,1,22.133241
19876.354956,1.979362,0.011100,2.948426,0.219650,0.491633,0.000985,-0.000657,-0.021513,0.006045,0.068377,2.349012,1.987811,2.289533,1.953545,1,22.178461
19876.374955,1.973523,0.009488,3.093404,0.224600,0.488131,0.000795,-0.000279,-0.008389,0.001229,0.065528,2.307176,1.967272,2.250965,1.933569,1,22.223773
19876.394959,1.966700,0.007396,3.218840,0.225197,0.484647,0.000633,-0.000059,-0.000038,-0.003505,0.066457,2.267845,1.943879,2.211541,1.908401,1,22.269447
19876.430661,1.959476,0.004734,3.307328,0.219452,0.481254,0.006225,0.001870,0.001813,-0.007937,0.064502,2.231567,1.917409,2.177186,1.881826,1,22.315429
19876.436475,1.952193,0.001681,3.350913,0.207376,0.478688,-0.006810,-0.001073,0.021362,-0.011398,0.057605,2.191383,1.883152,2.142920,1.849991,1,22.364843
19876.454968,1.943503,-0.000948,3.360980,0.188864,0.475298,-0.000227,0.002990,0.090692,-0.016570,0.069915,2.166311,1.856713,2.109680,1.812491,1,22.411006
19876.474958,1.938614,-0.003066,3.324311,0.164426,0.475126,-0.001415,0.002701,0.115706,-0.021344,0.070790,2.138909,1.822080,2.082188,1.774651,1,22.453378
19876.494960,1.934267,-0.008038,3.177562,0.133668,0.474311,-0.000561,0.002244,0.101709,-0.024167,0.067529,2.113256,1.785318,2.059929,1.737355,1,22.499364
19876.530537,1.932934,-0.014296,2.865084,0.100383,0.472342,-0.000531,-0.002892,0.378250,-0.028779,0.065676,2.093453,1.747148,2.040990,1.698267,1,22.545779
19876.535929,1.933858,-0.019050,2.429153,0.063188,0.470096,0.000852,0.008153,-0.158378,-0.031213,0.066157,2.074601,1.707782,2.024472,1.654508,1,22.591958
19876.554957,1.935429,-0.015263,2.058504,0.023188,0.468575,0.000364,0.004054,0.179859,-0.031821,0.066117,2.057631,1.666950,2.012115,1.609398,1,22.638180
19876.574956,1.938930,-0.023112,1.444421,-0.016812,0.465660,0.000919,0.003510,0.161991,-0.030572,0.066039,2.042717,1.624964,2.004027,1.563330,1,22.683337
19876.594960,1.942777,-0.027842,0.726390,-0.055293,0.462085,0.001138,0.003368,0.153004,-0.031473,0.067388,2.033986,1.583006,2.000279,1.516707,1,22.727363
19876.631049,1.945897,-0.029817,0.027837,-0.093622,0.460878,0.000097,-0.003012,0.495553,-0.018708,0.066817,2.021538,1.538997,1.999285,1.473276,1,22.771579
19876.636708,1.947681,-0.031792,-0.647004,-0.126450,0.459562,0.002230,0.008555,-0.311627,-0.004972,0.059383,2.008314,1.488149,1.995082,1.430046,1,22.819238
19876.654959,1.949442,-0.026113,-1.196909,-0.159358,0.459032,0.002803,0.005877,0.226792,0.003781,0.070082,1.998947,1.453140,1.986379,1.384090,1,22.864092
19876.674965,1.949075,-0.026928,-1.554074,-0.188031,0.461648,0.002452,0.003835,0.162138,0.008693,0.073323,1.988778,1.411370,1.973420,1.339148,1,22.905147
19876.694971,1.946125,-0.029835,-2.004685,-0.212889,0.463717,0.002283,0.003248,0.095385,0.013151,0.068546,1.974118,1.369875,1.959010,1.301733,1,22.948200
19876.731681,1.941466,-0.029990,-2.447780,-0.230170,0.465789,0.008221,-0.002248,0.318437,0.013964,0.068415,1.960259,1.329489,1.940071,1.262645,1,22.991174
19876.737081,1.935527,-0.028144,-2.794202,-0.242235,0.468448,-0.006554,0.004380,-0.235423,0.014700,0.059848,1.938402,1.283434,1.917812,1.225349,1,23.037176
19876.754975,1.926571,-0.023895,-3.133829,-0.248830,0.470070,0.001620,0.000355,0.039722,0.016972,0.071460,1.921732,1.253900,1.890320,1.187509,1,23.080252
19876.774965,1.920049,-0.020484,-3.298465,-0.251442,0.473568,0.000484,0.000359,0.013189,0.017627,0.071912,1.898621,1.219009,1.861727,1.154814,1,23.119300
19876.794968,1.911365,-0.016234,-3.451485,-0.249731,0.477310,0.000051,-0.000043,-0.002903,0.017168,0.064976,1.872066,1.185492,1.835392,1.129174,1,23.161393
19876.831456,1.902544,-0.012104,-3.553980,-0.244163,0.481143,0.006640,-0.002403,0.004715,0.016130,0.066730,1.845392,1.154619,1.801944,1.101466,1,23.203204
19876.836706,1.894069,-0.008102,-3.600600,-0.236604,0.485686,-0.007973,0.001898,-0.015315,0.012711,0.060198,1.810406,1.119576,1.766218,1.076765,1,23.247388
19876.854971,1.884194,-0.004961,-3.613691,-0.226931,0.488991,-0.000377,-0.001383,-0.037800,0.014635,0.072914,1.786651,1.101595,1.728483,1.055258,1,23.287390
19876.874972,1.878102,-0.003362,-3.593951,-0.216398,0.495018,-0.000884,-0.000900,-0.037508,0.011673,0.068979,1.751313,1.075661,1.692113,1.038381,1,23.324759
19876.894972,1.872311,-0.001171,-3.526702,-0.203292,0.499938,-0.001131,-0.001860,-0.055490,0.007743,0.065048,1.716971,1.053377,1.657684,1.025515,1,23.365884
19876.931373,1.867741,-0.000596,-3.433696,-0.186548,0.504609,0.000068,0.000257,-0.184972,0.002678,0.064271,1.680940,1.032324,1.619159,1.014406,1,23.405621
19876.937185,1.864732,0.000757,-3.294252,-0.171046,0.509879,-0.001798,-0.002790,0.104067,-0.003328,0.055354,1.635043,1.011977,1.579867,1.006420,1,23.449508
19876.954970,1.863020,-0.000337,-3.108436,-0.154012,0.512299,-0.001449,-0.003271,-0.114685,-0.007617,0.065043,1.602157,0.998533,1.536730,1.001351,1,23.491050
19876.974971,1.863088,-0.000682,-2.966382,-0.140099,0.517794,-0.001373,-0.002082,-0.090528,-0.015776,0.070834,1.564167,0.984224,1.493333,1.000000,1,23.527591
19876.994974,1.864770,0.000689,-2.738563,-0.128587,0.523469,-0.001006,-0.002458,-0.074064,-0.027588,0.065231,1.521898,0.972412,1.456667,1.000000,1,23.568359
19877.033067,1.867790,-0.000261,-2.506019,-0.119847,0.528496,-0.006351,-0.001108,-0.273138,-0.034720,0.066681,1.483348,0.965280,1.416667,1.000000,1,23.609969
19877.038594,1.870423,-0.004265,-2.369307,-0.111817,0.533695,0.001320,-0.006256,-0.010678,-0.046070,0.059675,1.433009,0.953930,1.373333,1.000000,1,23.654726
19877.054987,1.873407,-0.008763,-2.293820,-0.109534,0.537310,-0.001956,-0.002800,-0.098722,-0.052506,0.070330,1.400330,0.947494,1.330000,1.000000,1,23.697384
19877.074976,1.876614,-0.006955,-2.189986,-0.112690,0.543493,-0.000169,0.000224,0.010657,-0.060016,0.068471,1.355138,0.939984,1.286667,1.000000,1,23.737048
19877.095000,1.882633,-0.005124,-2.010686,-0.121882,0.548694,0.000195,0.002110,0.064154,-0.064647,0.067096,1.313762,0.935353,1.246667,1.000000,1,23.780306
19877.133823,1.888406,-0.006887,-1.921156,-0.132741,0.553195,-0.004240,0.005618,0.198197,-0.066499,0.068739,1.272073,0.933501,1.203333,1.000000,1,23.822447
19877.139124,1.894054,-0.008613,-1.877075,-0.145787,0.556937,0.005964,0.002179,0.078586,-0.070004,0.056888,1.220221,0.929996,1.163333,1.000000,1,23.868370
19877.154967,1.901014,-0.009826,-1.856301,-0.163082,0.559166,0.001163,0.002778,0.096098,-0.073023,0.067465,1.184132,0.926977,1.116667,1.000000,1,23.912708
19877.174944,1.904203,-0.016743,-2.011151,-0.178695,0.561993,0.000610,0.000862,0.036155,-0.074705,0.066468,1.139801,0.925295,1.073333,1.000000,1,23.952979
19877.194943,1.906688,-0.023283,-2.315723,-0.191050,0.564422,0.001072,0.002066,0.060945,-0.073716,0.060526,1.093859,0.926284,1.033333,1.000000,1,23.995132
19877.244192,1.909243,-0.022988,-2.550632,-0.204138,0.567522,0.001529,-0.000478,0.319813,-0.069983,0.052564,1.041124,0.929078,0.989974,1.000101,1,24.040316
19877.250065,1.912561,-0.018771,-2.710626,-0.218577,0.569794,0.004562,0.007083,-0.010635,-0.061555,0.029693,0.965828,0.938700,0.943306,1.003225,1,24.097776
19877.255807,1.916798,-0.013258,-2.803663,-0.237422,0.567531,0.001292,0.002868,0.069217,-0.054868,0.085565,0.958346,0.940120,0.887344,1.012857,1,24.136446
19877.274945,1.917083,-0.013117,-2.817253,-0.252183,0.571268,0.001923,0.001593,0.063795,-0.051901,0.081347,0.914180,0.948777,0.851862,1.022449,1,24.160930
19877.294944,1.914828,-0.018549,-3.042506,-0.261747,0.573551,0.000598,0.000283,0.009998,-0.050240,0.067927,0.872830,0.960365,0.826550,1.031049,1,24.199213
19877.329767,1.910806,-0.020422,-3.300599,-0.264396,0.575744,0.003579,-0.002980,0.105854,-0.050412,0.064004,0.829891,0.972636,0.792569,1.045058,1,24.238624
19877.335016,1.906697,-0.018035,-3.495597,-0.265822,0.579792,-0.002922,0.003296,-0.090263,-0.052130,0.061568,0.785219,0.987645,0.756784,1.063141,1,24.279590
19877.354944,1.902643,-0.013790,-3.627225,-0.266167,0.584035,-0.000048,0.000049,0.000813,-0.046400,0.064267,0.750282,1.009772,0.722562,1.084033,1,24.319808
19877.374944,1.898267,-0.009449,-3.711564,-0.262947,0.588724,-0.000017,-0.000097,-0.004956,-0.047636,0.064369,0.711119,1.030323,0.690125,1.107600,1,24.358929
19877.394944,1.894245,-0.005454,-3.758055,-0.256587,0.593570,-0.000112,-0.000161,-0.008197,-0.048387,0.062462,0.672507,1.055728,0.659680,1.133691,1,24.398745
19877.430946,1.890787,-0.001892,-3.767494,-0.251474,0.598642,0.002055,-0.001071,-0.027285,-0.041329,0.063408,0.643805,1.087468,0.631424,1.162136,1,24.439064
19877.436469,1.887713,0.000698,-3.750307,-0.243239,0.602878,-0.002567,0.000509,0.016848,-0.050245,0.052072,0.597896,1.120799,0.605538,1.192755,1,24.483600
19877.454973,1.884654,0.002055,-3.718490,-0.238833,0.606623,-0.000068,-0.000236,-0.014403,-0.043045,0.067346,0.578510,1.151032,0.578554,1.230959,1,24.525112
19877.474972,1.883401,0.002966,-3.676187,-0.232319,0.610340,-0.000492,-0.000696,-0.021735,-0.049380,0.067885,0.546561,1.182479,0.558352,1.265592,1,24.561502
19877.494948,1.882423,0.002884,-3.624437,-0.224365,0.613039,-0.001356,-0.001626,-0.048406,-0.055514,0.061100,0.516113,1.220388,0.542326,1.298669,1,24.601425
19877.533963,1.881534,0.001795,-3.584642,-0.217769,0.614758,-0.003476,-0.001327,-0.143311,-0.053375,0.064937,0.498545,1.257135,0.527665,1.335988,1,24.640778
19877.540632,1.880498,0.000229,-3.557660,-0.205492,0.615419,-0.002131,-0.003792,-0.035816,-0.054852,0.044656,0.474172,1.317354,0.516043,1.374361,1,24.688493
19877.554948,1.879325,-0.001922,-3.540290,-0.189375,0.609747,-0.001193,-0.001963,-0.066122,-0.057296,0.072286,0.461407,1.339623,0.506420,1.420133,1,24.729641
19877.574947,1.881136,0.001455,-3.444203,-0.178088,0.610201,-0.000340,-0.000676,-0.029599,-0.058389,0.072274,0.449197,1.383217,0.501608,1.459938,1,24.761376
19877.594970,1.885597,0.005616,-3.224830,-0.165022,0.608797,-0.000910,-0.002369,-0.071625,-0.059462,0.065882,0.441469,1.426645,0.500045,1.493316,1,24.802497
19877.636727,1.890135,0.004574,-3.045314,-0.147785,0.606253,-0.008289,0.001061,-0.309635,-0.066531,0.061952,0.433469,1.471382,0.500000,1.533333,1,24.846868
19877.641974,1.895445,0.003574,-2.875441,-0.127766,0.603147,0.007525,-0.003975,0.173118,-0.074160,0.044583,0.425840,1.535417,0.500000,1.580000,1,24.901072
19877.655012,1.905165,0.002190,-2.592949,-0.099854,0.595948,-0.001624,-0.006205,-0.182950,-0.079859,0.071510,0.420141,1.561823,0.500000,1.633333,1,24.948422
19877.674945,1.909643,0.002658,-2.466329,-0.077316,0.596584,-0.000241,-0.001531,-0.074487,-0.080527,0.071239,0.419473,1.608761,0.500000,1.680000,1,24.986735
19877.694944,1.919542,0.011752,-1.984107,-0.058789,0.595046,0.000062,-0.001350,-0.066736,-0.082557,0.063358,0.417443,1.656642,0.500000,1.720000,1,25.033758
19877.732090,1.929847,0.013135,-1.551403,-0.042251,0.592363,-0.008620,0.003690,-0.264115,-0.077458,0.061305,0.422542,1.705362,0.500000,1.766667,1,25.082551
19877.737883,1.940405,0.011937,-1.178553,-0.025036,0.588377,0.009417,-0.006593,0.146004,-0.070503,0.052665,0.429497,1.760669,0.500000,1.813333,1,25.133794
19877.754945,1.952853,0.006756,-0.892586,-0.007265,0.582794,-0.000341,-0.004116,-0.162268,-0.070831,0.064528,0.429169,1.802139,0.500000,1.866667,1,25.183467
19877.774946,1.961146,0.007544,-0.705898,0.003023,0.580532,0.000208,-0.000978,-0.044718,-0.063343,0.064537,0.436657,1.852129,0.500000,1.916667,1,25.230903
19877.794969,1.971210,0.011295,-0.363300,0.006093,0.578852,0.000322,-0.000800,-0.025550,-0.060049,0.062343,0.439951,1.900991,0.500000,1.963333,1,25.280340
19877.831845,1.981213,0.009368,-0.138191,0.004759,0.577083,-0.007421,0.001844,-0.065877,-0.060668,0.062975,0.439332,1.950358,0.500000,2.013333,1,25.329765
19877.837370,1.991178,0.005887,-0.027836,-0.001636,0.575738,0.009222,-0.001589,0.049906,-0.051250,0.052034,0.448750,2.007966,0.500000,2.060000,1,25.383117
19877.854980,2.002974,0.002871,0.027442,-0.007845,0.572381,-0.000230,0.000866,0.032489,-0.049213,0.064234,0.450787,2.049099,0.500000,2.113333,1,25.433477
19877.874972,2.010576,-0.000301,-0.006420,-0.016669,0.571280,0.000437,0.000769,0.036310,-0.045561,0.068310,0.454439,2.098357,0.500000,2.166667,1,25.480070
19877.894970,2.019641,-0.003651,-0.106137,-0.028007,0.568383,0.000546,0.001029,0.048069,-0.040787,0.065679,0.459213,2.147654,0.500000,2.213333,1,25.529876
19877.930958,2.028363,-0.006249,-0.245394,-0.042396,0.564543,-0.005165,0.002092,0.222287,-0.037456,0.066496,0.462544,2.196837,0.500000,2.263333,1,25.579671
19877.936547,2.036763,-0.006619,-0.378723,-0.062107,0.560641,0.008221,0.005885,0.041285,-0.034568,0.054094,0.465432,2.255906,0.500000,2.310000,1,25.633220
19877.954971,2.046750,-0.004291,-0.447991,-0.093154,0.555812,0.001608,0.007820,0.267453,-0.034127,0.068489,0.465873,2.298178,0.500000,2.366667,1,25.684099
19877.974937,2.052305,-0.010497,-0.670507,-0.127193,0.551312,0.002664,0.004901,0.220873,-0.035940,0.068124,0.464060,2.348542,0.500000,2.416667,1,25.730854
19877.994964,2.056810,-0.020081,-1.101663,-0.160658,0.545735,0.003423,0.005940,0.182788,-0.031757,0.065047,0.468243,2.398286,0.500000,2.463333,1,25.780102
19878.028166,2.059589,-0.023121,-1.593180,-0.187676,0.540141,0.004420,-0.000377,0.416989,-0.030906,0.066736,0.467500,2.447481,0.500179,2.513367,1,25.828242
19878.034946,2.059724,-0.024687,-2.053451,-0.209268,0.536497,-0.000340,0.004109,-0.231631,-0.031166,0.065864,0.464769,2.498366,0.503615,2.560013,1,25.875167
19878.054964,2.057698,-0.022134,-2.482213,-0.228519,0.535656,0.001596,0.000885,0.039746,-0.023215,0.061783,0.475593,2.550687,0.511394,2.606134,1,25.923798
19878.074967,2.052961,-0.018724,-2.854570,-0.244520,0.534970,0.001014,0.000523,0.020558,-0.026375,0.066287,0.478904,2.599617,0.524472,2.654508,1,25.971531
19878.094967,2.046152,-0.013110,-3.153526,-0.258451,0.535979,0.001073,0.000440,0.014986,-0.035614,0.067563,0.481504,2.650366,0.540990,2.698267,1,26.015192
19878.128829,2.037991,-0.006435,-3.379791,-0.269305,0.537130,0.008391,-0.004388,0.092515,-0.032539,0.060986,0.502339,2.699125,0.559929,2.737355,1,26.060571
19878.134958,2.028484,0.000290,-3.547090,-0.276613,0.538445,-0.006992,0.004703,-0.068331,-0.026537,0.060420,0.528430,2.741897,0.584033,2.777438,1,26.108225
19878.154965,2.018026,0.006798,-3.660134,-0.278978,0.538309,0.000810,0.000285,0.007718,-0.032862,0.061259,0.547658,2.788238,0.611778,2.815093,1,26.153970
19878.174965,2.006891,0.012149,-3.734499,-0.280815,0.540894,0.000579,0.000161,0.002501,-0.027247,0.056584,0.583853,2.828654,0.642920,2.849991,1,26.201486
19878.194966,1.995284,0.016162,-3.783752,-0.282589,0.542908,0.000462,0.000141,0.001751,-0.037650,0.059988,0.607068,2.871847,0.677186,2.881826,1,26.247469
19878.229663,1.983404,0.018881,-3.813178,-0.283506,0.546039,0.009816,-0.000060,0.009464,-0.033354,0.052693,0.651975,2.907581,0.714277,2.910320,1,26.293856
19878.235441,1.972047,0.020452,-3.826878,-0.286188,0.548215,-0.008258,0.000174,-0.003061,-0.050036,0.063995,0.673533,2.947275,0.753869,2.935224,1,26.336693
19878.254967,1.960224,0.020727,-3.834112,-0.286429,0.552491,0.000376,0.000182,0.003469,-0.062155,0.068133,0.704790,2.983230,0.792569,2.954942,1,26.372512
19878.274969,1.949028,0.020066,-3.837522,-0.288002,0.557624,0.000711,0.000219,0.003218,-0.067188,0.053370,0.749760,3.011791,0.823419,2.967781,1,26.413673
19878.294960,1.938302,0.018684,-3.841516,-0.286924,0.561309,0.000205,0.000053,-0.000167,-0.080139,0.060761,0.784500,3.042045,0.864682,2.981341,1,26.453670
19878.330344,1.927693,0.016828,-3.846856,-0.282176,0.566609,0.007606,0.001635,-0.002382,-0.088220,0.058436,0.829348,3.065946,0.903684,2.990636,1,26.492183
19878.335744,1.918288,0.015086,-3.846698,-0.275789,0.571821,-0.006502,-0.001493,-0.000565,-0.099874,0.061230,0.867212,3.088188,0.939987,2.996385,1,26.530652
19878.354968,1.909453,0.013226,-3.843675,-0.268358,0.578579,-0.000495,-0.000223,-0.007910,-0.109782,0.062998,0.912604,3.106766,0.979953,2.999598,1,26.569368
19878.374969,1.902091,0.011857,-3.827339,-0.257578,0.584074,-0.000309,-0.000291,-0.012964,-0.124205,0.048791,0.957876,3.124205,1.006667,3.000000,2,26.617775
19878.394970,1.896238,0.010777,-3.794260,-0.242556,0.591185,-0.000880,-0.000623,-0.022946,-0.136613,0.058844,0.997823,3.136613,1.056667,3.000000,2,26.666563
19878.431378,1.891879,0.010054,-3.737291,-0.222411,0.598170,0.000222,0.000937,-0.120816,-0.149001,0.057988,1.048679,3.149001,1.106667,3.000000,2,26.713003
19878.437427,1.890297,0.010196,-3.639214,-0.205560,0.603353,-0.001167,-0.002799,0.067171,-0.157662,0.049783,1.100217,3.157662,1.150000,3.000000,2,26.763189
19878.454934,1.889472,0.008423,-3.512453,-0.183927,0.606495,-0.001236,-0.001447,-0.068439,-0.164141,0.065534,1.137799,3.164141,1.203333,3.000000,2,26.808846
19878.474936,1.891210,0.009739,-3.363993,-0.166435,0.612321,-0.000691,-0.001174,-0.050377,-0.168973,0.060634,1.186033,3.168973,1.246667,3.000000,2,26.852521
19878.494969,1.895648,0.010892,-3.122703,-0.147304,0.615445,-0.000808,-0.001481,-0.062508,-0.168139,0.058771,1.231229,3.168139,1.290000,3.000000,2,26.898969
19878.530827,1.901585,0.010442,-2.861514,-0.125425,0.617140,-0.007157,0.002482,-0.262395,-0.167463,0.057959,1.278708,3.167463,1.336667,3.000000,2,26.945434
19878.536773,1.909249,0.009995,-2.570443,-0.102967,0.617320,0.007120,-0.006550,0.141296,-0.160520,0.049927,1.333406,3.160520,1.383333,3.000000,2,26.995717
19878.554942,1.919349,0.005639,-2.284968,-0.076213,0.613987,-0.002048,-0.006454,-0.228533,-0.156330,0.060925,1.372408,3.156330,1.433333,3.000000,2,27.042792
19878.574941,1.927250,0.005896,-2.061326,-0.050593,0.614148,-0.000868,-0.004758,-0.214400,-0.148886,0.061661,1.418339,3.148886,1.480000,3.000000,2,27.085706
19878.594942,1.938017,0.010973,-1.684066,-0.027394,0.612768,0.000031,-0.002205,-0.100269,-0.137196,0.058860,1.464474,3.137196,1.523333,3.000000,2,27.131988
19878.630657,1.949749,0.016280,-1.171463,-0.008010,0.609322,-0.008749,0.002919,-0.319037,-0.127924,0.056232,1.513768,3.127924,1.570000,3.000000,2,27.180485
19878.636576,1.961480,0.016794,-0.718229,0.005493,0.604189,0.010512,-0.006274,0.202687,-0.113617,0.053575,1.566425,3.113617,1.620000,3.000000,2,27.231960
19878.654941,1.975282,0.011764,-0.359794,0.017399,0.597635,-0.000637,-0.002834,-0.122637,-0.103230,0.064119,1.605881,3.103230,1.670000,3.000000,2,27.279695
19878.674969,1.984343,0.010684,-0.160333,0.027429,0.595094,0.000731,-0.002061,-0.095058,-0.090544,0.062881,1.653786,3.090544,1.716667,3.000000,2,27.325334
19878.694941,1.995264,0.011009,0.070057,0.033930,0.589706,0.000850,-0.001693,-0.052862,-0.078006,0.060608,1.702725,3.078006,1.763333,3.000000,2,27.374497
19878.731570,2.005754,0.010284,0.283188,0.040013,0.583002,-0.006163,-0.001047,-0.199360,-0.065697,0.062737,1.750596,3.065697,1.813333,3.000000,2,27.423404
19878.737447,2.016110,0.007259,0.391151,0.047998,0.577449,0.009788,-0.004757,-0.020073,-0.050998,0.055390,1.807943,3.050998,1.863333,3.000000,2,27.476017
19878.754942,2.028329,0.004293,0.447741,0.056821,0.570622,0.000362,-0.001451,-0.071164,-0.041001,0.064944,1.848389,3.041001,1.913333,3.000000,2,27.526007
19878.774944,2.035147,0.008699,0.607143,0.064396,0.568855,0.000644,-0.000678,-0.030909,-0.031020,0.065325,1.898008,3.031020,1.963333,3.000000,2,27.572728
19878.794969,2.042818,0.010955,0.825091,0.066602,0.564280,0.000672,-0.000556,-0.017427,-0.019394,0.063304,1.946696,3.019394,2.010000,3.000000,2,27.622259
19878.830676,2.050209,0.009418,0.976473,0.069335,0.560059,-0.004026,0.001441,-0.071392,-0.008476,0.063406,1.996594,3.008476,2.060000,3.000000,2,27.671752
19878.836604,2.057315,0.007400,1.073344,0.069682,0.555343,0.004856,-0.001418,0.043302,0.000436,0.062945,2.047055,2.999564,2.110000,3.000000,2,27.722504
19878.854980,2.063917,0.005557,1.143032,0.067480,0.549862,0.001218,0.000369,0.017915,0.009042,0.062265,2.097735,2.990958,2.160000,3.000000,2,27.774064
19878.874939,2.070217,0.003770,1.180404,0.063356,0.543654,0.000800,0.000532,0.026615,0.015644,0.063113,2.150220,2.984356,2.213333,3.000000,2,27.825963
19878.894969,2.076220,0.001387,1.175725,0.057538,0.537329,0.000584,0.000463,0.023753,0.021184,0.061763,2.201570,2.978816,2.263333,3.000000,2,27.878607
19878.930535,2.081738,-0.001132,1.120650,0.050830,0.531513,-0.002987,0.000073,0.077983,0.025805,0.064174,2.252492,2.974195,2.316667,3.000000,2,27.930824
19878.936504,2.086964,-0.003072,1.035563,0.043514,0.525437,0.004650,0.001329,-0.036239,0.026387,0.058458,2.311542,2.973613,2.370000,3.000000,2,27.985079
19878.954978,2.092956,-0.002960,0.951876,0.030944,0.518464,0.000166,0.003182,0.111403,0.028900,0.066796,2.356537,2.971100,2.423333,3.000000,2,28.037206
19878.974943,2.097038,-0.003802,0.877403,0.020167,0.515545,0.000680,0.002094,0.102166,0.029235,0.066743,2.409924,2.970765,2.476667,3.000000,2,28.087449
19878.994971,2.101864,-0.006974,0.726230,0.010408,0.509216,0.000715,0.002391,0.077746,0.026021,0.066735,2.459931,2.973979,2.526667,3.000000,2,28.139210
19879.030546,2.106361,-0.008217,0.534255,-0.000015,0.503090,-0.001923,-0.000632,0.201412,0.023436,0.066049,2.510617,2.976564,2.576667,3.000000,2,28.189782
19879.036782,2.110477,-0.009443,0.345648,-0.007702,0.496543,0.003588,0.002729,-0.113431,0.019049,0.059048,2.570952,2.980951,2.630000,3.000000,2,28.245350
19879.054959,2.114987,-0.008101,0.140259,-0.014299,0.489125,0.000642,0.001511,0.068582,0.014839,0.068158,2.615176,2.985161,2.683333,3.000000,2,28.298227
19879.074942,2.117870,-0.007495,0.021382,-0.021327,0.486437,0.000838,0.000985,0.051908,0.010815,0.069266,2.667401,2.989185,2.736667,3.000000,2,28.346792
19879.094935,2.120907,-0.007698,-0.129140,-0.024913,0.481626,0.000597,0.000277,0.014023,0.005578,0.068119,2.718548,2.994422,2.786667,3.000000,2,28.397760
19879.130847,2.123366,-0.007183,-0.276696,-0.028730,0.478280,-0.000692,-0.001517,0.068592,0.001808,0.066120,2.770546,2.998192,2.836667,3.000000,2,28.449187
19879.136768,2.125533,-0.005757,-0.384381,-0.032884,0.476102,0.001957,0.002314,-0.040811,-0.003071,0.054889,2.831778,3.003071,2.886667,3.000000,2,28.505949
19879.154978,2.127890,-0.003500,-0.462759,-0.034765,0.470923,0.000526,0.000154,0.016963,-0.005724,0.067794,2.875539,3.005724,2.943333,3.000000,2,28.559241
19879.174969,2.129303,-0.003331,-0.519257,-0.036795,0.470419,0.000405,0.000158,0.007580,-0.010293,0.069833,2.926833,3.010293,2.996667,3.000000,2,28.607290
19879.194942,2.130592,-0.002829,-0.580468,-0.038807,0.469550,0.000384,0.000184,0.008343,-0.012064,0.068993,2.977674,3.012064,3.046667,3.000000,2,28.657864
19879.231270,2.131742,-0.002186,-0.628029,-0.039336,0.469121,-0.000121,-0.000544,0.020444,-0.016225,0.066889,3.029778,3.016225,3.096667,3.000000,2,28.709020
19879.236895,2.132901,-0.001374,-0.660843,-0.039175,0.468675,0.001107,0.000768,-0.011154,-0.021927,0.055414,3.091253,3.021927,3.146667,3.000000,2,28.765731
19879.254936,2.134197,-0.000403,-0.678791,-0.038886,0.466394,0.000382,-0.000081,-0.000853,-0.026448,0.069603,3.133730,3.026448,3.203333,3.000000,2,28.818543
19879.274935,2.135040,-0.000031,-0.685978,-0.040070,0.467203,0.000363,0.000120,0.004695,-0.028203,0.073474,3.183192,3.028203,3.256667,3.000000,2,28.865487
19879.294964,2.135910,0.000174,-0.693893,-0.038591,0.467512,0.000189,-0.000157,-0.007591,-0.031245,0.071317,3.232016,3.031245,3.303333,3.000000,2,28.914375
19879.329016,2.136650,0.000485,-0.697977,-0.037262,0.467543,0.000035,-0.000106,-0.012445,-0.035182,0.068429,3.284904,3.035182,3.353333,3.000000,2,28.964680
19879.334957,2.137643,0.001109,-0.685858,-0.037194,0.466667,0.000885,0.000049,0.007689,-0.038723,0.065291,3.338043,3.038723,3.403333,3.000000,2,29.017770
19879.354964,2.138677,0.001262,-0.673656,-0.037390,0.465969,0.000378,0.000027,0.000526,-0.041566,0.068097,3.388570,3.041566,3.456667,3.000000,2,29.070040
19879.374967,2.139487,0.001120,-0.667508,-0.039269,0.466227,0.000373,0.000156,0.007330,-0.044359,0.070356,3.439644,3.044359,3.510000,3.000000,2,29.120891
19879.394959,2.140246,0.000632,-0.673234,-0.043461,0.467064,0.000531,0.000315,0.015684,-0.047603,0.066589,3.493411,3.047603,3.560000,3.000000,2,29.172472
19879.431878,2.141083,-0.000360,-0.703229,-0.050806,0.467372,0.000267,0.000070,0.075920,-0.049355,0.067278,3.542722,3.049355,3.610000,3.000000,2,29.224007
19879.438309,2.141561,-0.001877,-0.768378,-0.059608,0.468134,0.000632,0.001514,-0.023976,-0.051452,0.060140,3.603194,3.051452,3.663333,3.000000,2,29.278336
19879.454966,2.142115,-0.001825,-0.843582,-0.072464,0.466474,0.000771,0.001909,0.077932,-0.055087,0.071627,3.645040,3.055087,3.716667,3.000000,2,29.329559
19879.474966,2.142151,-0.004052,-0.939939,-0.088507,0.466957,0.000570,0.000964,0.050787,-0.054953,0.071848,3.694819,3.054953,3.766667,3.000000,2,29.376247
19879.494964,2.141091,-0.008210,-1.170682,-0.105926,0.466814,0.000974,0.001058,0.053707,-0.056619,0.066747,3.746587,3.056619,3.813333,3.000000,2,29.426269
19879.530174,2.139558,-0.010080,-1.427494,-0.122534,0.465757,0.003806,0.000302,0.259318,-0.054358,0.069348,3.793985,3.054358,3.863333,3.000000,2,29.475635
19879.536093,2.137341,-0.007900,-1.630480,-0.142494,0.465923,-0.001237,0.007208,-0.009212,-0.053848,0.066458,3.846875,3.053848,3.913333,3.000000,2,29.524550
19879.554977,2.134523,-0.002958,-1.755802,-0.169531,0.465457,0.002517,0.001827,0.111054,-0.048405,0.075389,3.887944,3.048405,3.963333,3.000000,2,29.570083
19879.574969,2.129894,-0.009355,-2.039104,-0.186191,0.463816,0.001025,0.000727,0.032530,-0.040653,0.075612,3.935244,3.042061,4.010026,2.999899,2,29.613080
19879.594971,2.122285,-0.011439,-2.403065,-0.196924,0.462446,0.000725,0.000503,0.021412,-0.029742,0.074122,3.982848,3.034628,4.053372,2.997143,2,29.657763
19879.630770,2.113693,-0.008289,-2.694171,-0.208786,0.463666,0.009476,-0.003641,0.168483,-0.022627,0.068859,4.033105,3.026103,4.096316,2.990636,2,29.704226
19879.637564,2.104707,-0.002448,-2.897555,-0.224882,0.465276,-0.006861,0.007079,-0.050020,-0.015482,0.060542,4.088071,3.011498,4.141741,2.979489,2,29.755503
19879.654969,2.093787,0.005298,-3.030207,-0.237777,0.464300,0.002256,0.000615,0.037631,-0.011194,0.071526,4.127037,3.000297,4.189024,2.962893,2,29.802627
19879.674969,2.084323,0.006255,-3.157872,-0.245910,0.465981,0.000703,0.000278,0.009565,-0.007005,0.073189,4.169817,2.983294,4.231451,2.943205,2,29.845190
19879.694969,2.071000,0.008092,-3.312739,-0.246672,0.465468,0.000353,0.000041,-0.000007,-0.006543,0.071035,4.212687,2.965184,4.269041,2.921446,2,29.889904
19879.730752,2.057301,0.011222,-3.428580,-0.244188,0.466196,0.011034,-0.002304,0.028711,-0.005555,0.071606,4.254167,2.942845,4.307245,2.894462,2,29.934179
19879.736256,2.043646,0.014781,-3.500337,-0.239495,0.467912,-0.010086,0.001771,-0.029471,-0.002584,0.070884,4.290147,2.916449,4.340320,2.866309,2,29.978189
19879.754971,2.029913,0.017618,-3.539220,-0.231117,0.469649,-0.001370,-0.000276,-0.014392,0.001391,0.070885,4.322246,2.887031,4.370826,2.835392,2,30.022271
19879.774971,2.016985,0.020102,-3.537690,-0.220023,0.471858,-0.000949,-0.001147,-0.035108,-0.002926,0.069959,4.358618,2.859474,4.398534,2.801944,2,30.065854
19879.794971,2.004927,0.021067,-3.512462,-0.208387,0.476068,-0.001312,-0.001078,-0.042841,-0.000897,0.070072,4.386685,2.826010,4.423235,2.766218,2,30.108679
19879.831805,1.994027,0.021657,-3.454440,-0.195557,0.480832,0.005230,0.000792,-0.142975,-0.001287,0.071497,4.413215,2.792667,4.444742,2.728483,2,30.150500
19879.837844,1.984781,0.020979,-3.364531,-0.180859,0.486041,-0.009017,-0.004975,0.015775,0.001424,0.065087,4.436969,2.748742,4.462893,2.689024,2,30.195757
19879.854981,1.973981,0.017069,-3.286815,-0.161314,0.486974,-0.001723,-0.002691,-0.107885,0.002397,0.073735,4.453416,2.717853,4.477551,2.648138,2,30.237801
19879.874972,1.969141,0.017972,-3.161910,-0.144579,0.492664,-0.000630,-0.001039,-0.048264,0.000851,0.072721,4.472337,2.677018,4.488606,2.606134,2,30.276715
19879.894968,1.966629,0.020229,-2.883104,-0.131155,0.497674,-0.001176,-0.002600,-0.079486,0.001339,0.071656,4.484661,2.637481,4.495539,2.566643,2,30.319208
19879.930847,1.964863,0.016626,-2.643995,-0.117368,0.501870,-0.002007,0.003108,-0.244698,0.003939,0.068244,4.491704,2.594660,4.499285,2.526724,2,30.361614
19879.936695,1.964508,0.013762,-2.407720,-0.103416,0.504504,0.000622,-0.005967,0.144469,-0.000291,0.060498,4.500291,2.543831,4.500000,2.483333,2,30.408177
19879.954981,1.965795,0.008707,-2.152021,-0.089660,0.501752,-0.001013,-0.002932,-0.121978,-0.004827,0.069525,4.504827,2.506191,4.500000,2.436667,2,30.453658
19879.974969,1.967525,0.007019,-1.983310,-0.079071,0.503365,-0.000664,-0.001808,-0.085594,-0.008760,0.071379,4.508760,2.461379,4.500000,2.390000,2,30.496258
19879.994971,1.970497,0.007096,-1.752515,-0.070478,0.503244,-0.000206,-0.000656,-0.031085,-0.013119,0.065978,4.513119,2.415978,4.500000,2.350000,2,30.541190
19880.047383,1.974235,0.006930,-1.503678,-0.064736,0.501430,-0.005741,0.003183,-0.168957,-0.017638,0.061891,4.517638,2.365224,4.500000,2.303333,2,30.589046
19880.053721,1.978876,0.003194,-1.316832,-0.057875,0.496974,0.005769,-0.005601,0.033041,-0.024179,0.028807,4.524179,2.285474,4.500000,2.256667,2,30.652202
19880.059515,1.985937,-0.001871,-1.218359,-0.047754,0.488215,-0.000355,-0.002338,-0.056282,-0.024610,0.084140,4.524610,2.277473,4.500000,2.193333,2,30.698856
19880.074950,1.986732,-0.001846,-1.206988,-0.040798,0.491062,-0.000069,-0.001264,-0.043618,-0.028368,0.094741,4.528368,2.241407,4.500000,2.146667,2,30.724495
19880.094967,1.989905,0.002603,-1.048393,-0.039531,0.493600,-0.000061,-0.000086,-0.004593,-0.028304,0.077598,4.528304,2.197598,4.500000,2.120000,2,30.762833
19880.127899,1.994028,0.004066,-0.863904,-0.038558,0.495133,-0.002707,0.001271,-0.042642,-0.035814,0.070818,4.535814,2.154152,4.500000,2.083333,2,30.806303
19880.134965,1.998182,0.002464,-0.757018,-0.040413,0.496970,0.002844,-0.000915,0.037020,-0.036383,0.067102,4.536383,2.107102,4.500000,2.040000,2,30.851684
19880.154965,2.002509,0.000577,-0.701746,-0.040294,0.497416,0.000147,0.000017,0.001331,-0.034400,0.067949,4.534400,2.061282,4.500000,1.993333,2,30.898043
19880.174946,2.006835,-0.001239,-0.689909,-0.036840,0.497610,0.000065,-0.000240,-0.012491,-0.047789,0.070337,4.547789,2.017004,4.500000,1.946667,2,30.943392
19880.194965,2.011138,-0.001367,-0.673258,-0.038549,0.498493,0.000146,0.000138,0.006520,-0.045959,0.071992,4.545959,1.971992,4.500000,1.900000,2,30.988144
19880.231913,2.015474,-0.001651,-0.660384,-0.036175,0.499393,-0.003540,-0.000096,-0.017684,-0.058263,0.071970,4.558263,1.928636,4.500000,1.856667,2,31.032783
19880.237502,2.019703,-0.001576,-0.651036,-0.038245,0.500775,0.004090,0.000299,0.016346,-0.054602,0.059140,4.554602,1.872473,4.500000,1.813333,2,31.082474
19880.254942,2.024970,-0.001448,-0.635565,-0.035094,0.498888,-0.000118,-0.000218,-0.008844,-0.055111,0.072068,4.555111,1.835401,4.500000,1.763333,2,31.129862
19880.274945,2.028418,-0.001481,-0.631146,-0.031106,0.500173,0.000092,-0.000297,-0.015159,-0.054354,0.075778,4.554354,1.789112,4.500000,1.713333,2,31.172564
19880.294945,2.032705,-0.000555,-0.601371,-0.027115,0.501221,0.000120,-0.000307,-0.015523,-0.051088,0.069101,4.551088,1.742435,4.500000,1.673333,2,31.218411
19880.330917,2.037074,0.000461,-0.552120,-0.022709,0.501913,-0.003227,0.000096,-0.053523,-0.052696,0.069690,4.552696,1.696357,4.500000,1.626667,2,31.265270
19880.336294,2.041483,0.001327,-0.490423,-0.020253,0.502444,0.004042,-0.000675,0.033902,-0.049706,0.061853,4.549706,1.641853,4.500000,1.580000,2,31.315300
19880.354965,2.046681,0.001056,-0.433287,-0.018384,0.500556,-0.000371,-0.000413,-0.019526,-0.051984,0.075638,4.551984,1.605638,4.500000,1.530000,2,31.361068
19880.374962,2.050144,0.001085,-0.397747,-0.019553,0.502415,0.000171,-0.000041,-0.002452,-0.054213,0.076526,4.554213,1.559859,4.500000,1.483333,2,31.402836
19880.394962,2.054457,0.000674,-0.369353,-0.023510,0.503954,0.000156,0.000291,0.014701,-0.051921,0.070425,4.551921,1.513758,4.500000,1.443333,2,31.448183
19880.431012,2.058723,-0.000540,-0.371411,-0.028971,0.505505,-0.003063,0.000371,0.052204,-0.056294,0.071969,4.556294,1.468636,4.500000,1.396667,2,31.494695
19880.436674,2.062933,-0.002231,-0.414214,-0.037282,0.507216,0.003865,0.001025,-0.014271,-0.056217,0.064219,4.556217,1.414219,4.500000,1.350000,2,31.544751
19880.454994,2.067898,-0.002560,-0.466881,-0.050007,0.507093,0.000182,0.003233,0.108338,-0.057806,0.075383,4.557806,1.375383,4.500000,1.300000,2,31.591550
19880.474969,2.071227,-0.004052,-0.539198,-0.064590,0.509785,0.000595,0.001926,0.097489,-0.060096,0.074824,4.560096,1.328157,4.500000,1.253333,2,31.635039
19880.494967,2.074811,-0.008554,-0.718264,-0.081843,0.512256,0.000513,0.001242,0.061072,-0.059069,0.070641,4.559069,1.280641,4.500000,1.210000,2,31.681780
19880.531256,2.077706,-0.012522,-0.990438,-0.100874,0.515233,-0.000525,0.001114,0.302943,-0.062930,0.069980,4.562930,1.233314,4.500000,1.163333,2,31.728572
19880.537026,2.080373,-0.011682,-1.216337,-0.125524,0.520005,0.003317,0.008052,0.011123,-0.062234,0.060886,4.562234,1.177553,4.500000,1.116667,2,31.778981
19880.554981,2.083649,-0.006991,-1.343231,-0.158413,0.523868,0.001720,0.003262,0.157265,-0.061187,0.073373,4.561187,1.140039,4.500000,1.066667,2,31.825576
19880.574968,2.083112,-0.015648,-1.667540,-0.181003,0.526824,0.001154,0.001116,0.049260,-0.059864,0.072795,4.559864,1.092795,4.500000,1.020000,2,31.866865
19880.594971,2.080569,-0.020704,-2.144554,-0.191904,0.526615,0.001053,0.001479,0.045033,-0.052345,0.071548,4.555083,1.045690,4.499455,0.976663,2,31.910627
19880.631212,2.077522,-0.017219,-2.504141,-0.206090,0.530534,0.005359,-0.004612,0.218388,-0.044882,0.073009,4.549752,0.999888,4.495558,0.933497,2,31.954053
19880.637178,2.073585,-0.012112,-2.770370,-0.220115,0.536136,-0.004245,0.006412,-0.151623,-0.037146,0.064452,4.538259,0.945617,4.487937,0.890831,2,32.000509
19880.654968,2.067454,-0.004981,-3.011457,-0.233481,0.540399,0.001496,0.000311,0.041198,-0.033000,0.076210,4.530525,0.908127,4.475631,0.845809,2,32.043824
19880.674965,2.062204,-0.001680,-3.154539,-0.246616,0.546342,0.000760,0.000449,0.016831,-0.030928,0.075047,4.518213,0.862265,4.460491,0.805197,2,32.083457
19880.694965,2.054366,0.002141,-3.321899,-0.257729,0.551859,0.000658,0.000349,0.012981,-0.029038,0.070831,4.501918,0.818406,4.443441,0.769002,2,32.126737
19880.730723,2.045566,0.006278,-3.458971,-0.267086,0.557329,0.008624,-0.003083,0.072794,-0.025524,0.069639,4.480701,0.776502,4.421770,0.731467,2,32.170715
19880.736451,2.035907,0.010332,-3.569451,-0.274565,0.562507,-0.009089,0.003819,-0.060829,-0.031468,0.062374,4.459841,0.726331,4.396930,0.695950,2,32.217025
19880.754970,2.023757,0.015101,-3.660549,-0.281427,0.567334,0.001897,0.000018,0.015683,-0.019282,0.069205,4.428020,0.697937,4.366850,0.660263,2,32.261447
19880.774993,2.015258,0.017492,-3.707394,-0.287339,0.571503,0.000378,0.000225,0.008337,-0.023533,0.070236,4.403873,0.659550,4.336050,0.629769,2,32.302809
19880.794971,2.004059,0.019574,-3.755504,-0.290805,0.575081,0.000455,0.000142,0.002812,-0.023333,0.063865,4.370193,0.624615,4.305372,0.604086,2,32.345851
19880.831145,1.992883,0.020926,-3.795434,-0.296233,0.577988,0.009766,-0.000088,0.022871,-0.026341,0.066098,4.339796,0.592640,4.269938,0.579128,2,32.388099
19880.836840,1.981284,0.021573,-3.827455,-0.299331,0.579720,-0.010275,0.000121,-0.018147,-0.033313,0.062200,4.303032,0.556758,4.232475,0.557332,2,32.430643
19880.854969,1.967600,0.021719,-3.854463,-0.300000,0.580237,0.001454,0.000135,0.002555,-0.036921,0.072778,4.274659,0.532942,4.193266,0.538862,2,32.469955
19880.874968,1.958436,0.021305,-3.869726,-0.300000,0.580517,0.000121,0.000008,0.000358,-0.043479,0.075956,4.241498,0.507235,4.155777,0.524886,2,32.504574
19880.894970,1.947063,0.020387,-3.884507,-0.300000,0.580648,0.000442,0.000095,0.001004,-0.047778,0.067023,4.200527,0.485858,4.123763,0.515559,2,32.542503
19880.931079,1.936292,0.019203,-3.895095,-0.300000,0.580270,0.008659,0.001444,0.006580,-0.052784,0.066020,4.162192,0.467438,4.087919,0.507790,2,32.581079
19880.936809,1.925427,0.017591,-3.905067,-0.300000,0.579668,-0.008937,-0.001545,-0.005510,-0.057060,0.057984,4.111506,0.451143,4.048282,0.502337,2,32.622169
19880.954981,1.913403,0.015549,-3.913099,-0.300000,0.578392,0.001315,0.000243,0.001002,-0.059981,0.069307,4.078635,0.441253,4.008337,0.500070,2,32.660096
19880.974969,1.905307,0.013957,-3.919910,-0.300000,0.577961,0.000475,0.000081,0.001418,-0.061909,0.072193,4.036467,0.434647,3.968338,0.501003,2,32.693318
19880.994970,1.895695,0.011976,-3.927278,-0.300000,0.577209,0.000668,0.000172,0.002383,-0.070033,0.068213,3.993704,0.425935,3.935150,0.504223,2,32.728973
19881.031043,1.886564,0.010056,-3.934221,-0.300000,0.576315,0.008709,0.001976,0.013723,-0.074014,0.060287,3.946904,0.425276,3.902250,0.509648,2,32.765074
19881.036386,1.878342,0.008302,-3.938487,-0.300000,0.573441,-0.007983,-0.001859,-0.008365,-0.079299,0.052481,3.895984,0.427705,3.866568,0.518133,2,32.805541
19881.054982,1.867814,0.005855,-3.949716,-0.300000,0.567872,0.001907,0.000369,0.003176,-0.081722,0.064354,3.860880,0.431504,3.828468,0.530344,2,32.841861
19881.074973,1.861044,0.004352,-3.956930,-0.300000,0.563064,0.000437,0.000022,-0.000826,-0.089355,0.063847,3.815982,0.436482,3.794501,0.544182,2,32.874202
19881.094970,1.852141,0.002431,-3.968907,-0.300000,0.557786,0.000306,0.000010,-0.000260,-0.092924,0.060389,3.774101,0.448479,3.764577,0.558892,2,32.910087
19881.131807,1.843125,0.000624,-3.979564,-0.300000,0.553701,0.007881,0.001509,0.007368,-0.098259,0.060461,3.731490,0.461974,3.732876,0.577336,2,32.945722
19881.137277,1.834241,-0.001096,-3.989207,-0.300000,0.550729,-0.008009,-0.001579,-0.008244,-0.104836,0.051896,3.685431,0.480802,3.705299,0.596080,2,32.983749
19881.154981,1.823713,-0.003149,-3.999926,-0.300000,0.547757,0.000759,0.000068,-0.001527,-0.108654,0.065772,3.652956,0.495673,3.673947,0.620936,2,33.017919
19881.174970,1.816584,-0.004590,-4.008460,-0.300000,0.547336,0.000154,0.000028,0.000166,-0.110878,0.066408,3.619008,0.517893,3.649407,0.643511,2,33.048227
19881.194973,1.808084,-0.006194,-4.015351,-0.297422,0.548411,0.000217,0.000008,-0.001399,-0.114245,0.058783,3.583164,0.545028,3.628651,0.665187,2,33.082311
19881.231866,1.800245,-0.007657,-4.018619,-0.296108,0.550733,0.006053,0.001243,-0.001973,-0.116062,0.058836,3.552372,0.572656,3.607161,0.690682,2,33.116308
19881.237661,1.792635,-0.009167,-4.020320,-0.296237,0.553080,-0.006652,-0.001460,-0.002861,-0.117689,0.050213,3.518670,0.609637,3.587418,0.717553,2,33.152809
19881.254982,1.783893,-0.011053,-4.023157,-0.288520,0.550782,0.000088,-0.000192,-0.008760,-0.114617,0.064882,3.501383,0.634837,3.567823,0.748557,2,33.185236
19881.274973,1.778622,-0.011964,-4.018180,-0.275994,0.553343,-0.000758,-0.000522,-0.017745,-0.114295,0.066962,3.479365,0.667162,3.552026,0.777921,2,33.213849
19881.294972,1.773248,-0.012382,-3.990285,-0.256021,0.556111,-0.000951,-0.000823,-0.030476,-0.109978,0.063600,3.463000,0.703775,3.539509,0.805197,2,33.246601
19881.331875,1.769968,-0.011657,-3.919575,-0.233665,0.559720,-0.000992,0.000071,-0.148628,-0.103711,0.067140,3.451531,0.738931,3.527549,0.836323,2,33.278736
19881.338075,1.768879,-0.010077,-3.793187,-0.207621,0.563708,-0.000946,-0.003127,0.065186,-0.096355,0.058453,3.441593,0.782658,3.518580,0.864962,2,33.312983
19881.354985,1.768891,-0.010901,-3.638900,-0.176289,0.564652,-0.002602,-0.004044,-0.143575,-0.090228,0.066126,3.435921,0.814108,3.510651,0.897349,2,33.345883
19881.374971,1.771142,-0.007617,-3.450496,-0.146892,0.569943,-0.001227,-0.002016,-0.086112,-0.080570,0.068582,3.434691,0.851034,3.504897,0.930193,2,33.376882
19881.394972,1.777812,-0.000423,-3.030692,-0.120153,0.573783,-0.002013,-0.005972,-0.176299,-0.075163,0.069189,3.431457,0.888835,3.501345,0.963348,2,33.411398
19881.431094,1.784953,-0.001537,-2.675726,-0.095794,0.576643,-0.009801,-0.000586,-0.452810,-0.068303,0.067949,3.432163,0.928261,3.500011,0.996665,2,33.448070
19881.436668,1.793554,0.000129,-2.304557,-0.071871,0.578011,0.008819,-0.004979,0.248087,-0.065115,0.058960,3.434885,0.974374,3.500000,1.033333,2,33.490093
19881.454950,1.805631,-0.000663,-1.860588,-0.047061,0.574303,-0.001814,-0.006260,-0.225863,-0.058150,0.070507,3.441850,1.006160,3.500000,1.076667,2,33.530411
19881.474964,1.814315,0.000967,-1.560220,-0.022221,0.576209,-0.000504,-0.004526,-0.197441,-0.052129,0.070097,3.447871,1.046569,3.500000,1.116667,2,33.567887
19881.494960,1.825474,0.006442,-1.140258,0.000665,0.575935,0.000058,-0.001632,-0.076922,-0.043098,0.066878,3.456902,1.086455,3.500000,1.153333,2,33.608106
19881.527863,1.836910,0.012735,-0.617096,0.021342,0.574472,-0.006950,0.001010,-0.257199,-0.035903,0.065316,3.464097,1.128017,3.500000,1.193333,2,33.649271
19881.534987,1.848076,0.014959,-0.173748,0.039973,0.572228,0.007524,-0.004870,0.101767,-0.030904,0.062394,3.469096,1.170939,3.500000,1.233333,2,33.691932
19881.554965,1.859289,0.012549,0.117417,0.061335,0.569896,0.000640,-0.001634,-0.081436,-0.022799,0.063938,3.477201,1.212729,3.500000,1.276667,2,33.734769
19881.574966,1.869447,0.017465,0.490448,0.083168,0.566641,0.000715,-0.001414,-0.066604,-0.012265,0.065526,3.487735,1.254474,3.500000,1.320000,2,33.777384
19881.594964,1.878661,0.020863,0.867494,0.106049,0.563822,0.000773,-0.001441,-0.066967,-0.013785,0.066547,3.486215,1.296786,3.500000,1.363333,2,33.820819
19881.627762,1.886686,0.023390,1.231811,0.126311,0.560578,-0.003111,0.000745,-0.216798,-0.004416,0.066256,3.495584,1.340410,3.500000,1.406667,2,33.864585
19881.634964,1.893653,0.024954,1.575267,0.148273,0.558642,0.005073,-0.004329,0.086461,0.003283,0.064804,3.503283,1.385196,3.500000,1.450000,2,33.908260
19881.654967,1.900229,0.022832,1.822943,0.174023,0.558882,0.001452,-0.001620,-0.073468,0.001820,0.064768,3.501820,1.428566,3.500000,1.493333,2,33.952449
19881.674967,1.903994,0.026675,2.162594,0.193647,0.557773,0.001085,-0.001010,-0.042151,-0.007176,0.062347,3.496072,1.474025,3.498649,1.536730,2,33.998007
19881.694967,1.906025,0.027952,2.498651,0.211097,0.557120,0.001213,-0.000918,-0.036320,-0.004828,0.063971,3.498915,1.519282,3.493035,1.583165,2,34.043824
19881.729798,1.906877,0.026891,2.787332,0.227616,0.559267,0.002033,0.002539,-0.167274,-0.014714,0.061728,3.484800,1.565437,3.483107,1.628871,2,34.090039
19881.735224,1.906179,0.024835,3.035522,0.242806,0.560198,-0.000242,-0.003766,0.110460,-0.011190,0.062578,3.480164,1.610876,3.468951,1.673450,2,34.136696
19881.754956,1.905093,0.020973,3.219559,0.254436,0.562077,0.001095,-0.000713,-0.024174,-0.014621,0.062543,3.464595,1.653805,3.450691,1.716512,2,34.183290
19881.774971,1.902103,0.018588,3.390824,0.261609,0.563183,0.000898,-0.000322,-0.009169,-0.011723,0.064172,3.451513,1.696643,3.428488,1.757678,2,34.228651
19881.794965,1.898199,0.015728,3.537467,0.261849,0.563860,0.000284,-0.000051,-0.000073,-0.012675,0.061557,3.430436,1.736642,3.404508,1.793893,2,34.273077
19881.831757,1.893618,0.012166,3.640870,0.260314,0.565712,0.004374,0.002545,-0.025280,-0.006167,0.065768,3.414108,1.776968,3.375276,1.830405,2,34.317194
19881.837189,1.889078,0.008490,3.702827,0.254837,0.568805,-0.004617,-0.002420,0.028781,-0.006048,0.056635,3.381983,1.818253,3.345186,1.861727,2,34.363476
19881.854963,1.883334,0.004941,3.737846,0.247978,0.570540,-0.000150,0.000892,0.022375,-0.000753,0.069903,3.364268,1.848486,3.309875,1.892400,2,34.405586
19881.874957,1.879958,0.002949,3.738906,0.239135,0.574384,-0.000608,0.000518,0.022001,0.001944,0.067521,3.334689,1.880118,3.277438,1.915967,2,34.443354
19881.894967,1.876698,0.000362,3.702251,0.228923,0.578209,-0.000306,0.000367,0.016617,0.004752,0.064814,3.302157,1.909483,3.243216,1.936859,2,34.485072
19881.928340,1.874808,-0.001628,3.627891,0.217481,0.581817,0.000052,-0.000411,0.081163,0.009053,0.064591,3.269957,1.936383,3.207431,1.954942,2,34.526303
19881.934942,1.874121,-0.002633,3.530022,0.202438,0.585268,-0.000602,0.002004,-0.032991,0.010116,0.061963,3.232015,1.958505,3.170312,1.970100,2,34.567673
19881.954983,1.873955,-0.001688,3.439480,0.184604,0.587546,-0.001555,0.001682,0.071502,0.012405,0.065112,3.194981,1.978311,3.128871,1.983107,2,34.608989
19881.974969,1.875444,-0.002922,3.294748,0.168395,0.590594,-0.000589,0.001096,0.046408,0.017767,0.066417,3.158276,1.997436,3.089748,1.991879,2,34.648472
19881.994969,1.879365,-0.004477,3.083312,0.152367,0.594062,-0.000607,0.001193,0.050630,0.022158,0.065867,3.117802,2.012943,3.050048,1.997489,2,34.688195
19882.029883,1.884594,-0.004622,2.854937,0.137657,0.597240,-0.005090,-0.001985,0.186312,0.026963,0.067712,3.078265,2.025499,3.010026,1.999899,2,34.729364
19882.035696,1.891567,-0.004032,2.620431,0.119780,0.599134,0.005206,0.004255,-0.081137,0.035185,0.067464,3.037464,2.035185,2.970000,2.000000,2,34.770858
19882.054970,1.899248,-0.001244,2.432572,0.098663,0.597964,-0.000217,0.001973,0.086282,0.044863,0.070668,2.997334,2.044863,2.926667,2.000000,2,34.812673
19882.074939,1.908165,-0.004299,2.149491,0.082788,0.595005,0.000252,0.001314,0.060249,0.049502,0.067890,2.954556,2.049502,2.886667,2.000000,2,34.855018
19882.094965,1.918166,-0.006045,1.832001,0.069348,0.588790,0.000592,0.003304,0.104951,0.051204,0.067850,2.911183,2.051204,2.843333,2.000000,2,34.897942
19882.133183,1.928490,-0.003727,1.597376,0.054163,0.578790,-0.007647,0.004258,0.397992,0.050115,0.067248,2.867248,2.050115,2.800000,2.000000,2,34.941571
19882.138711,1.938890,0.000201,1.476568,0.034132,0.568790,0.009814,0.008366,0.088131,0.044113,0.060079,2.816746,2.044113,2.756667,2.000000,2,34.987888
19882.154961,1.951370,0.003601,1.417080,0.005125,0.558790,0.000250,0.009006,0.320063,0.040936,0.072517,2.782517,2.040936,2.710000,2.000000,2,35.030747
19882.174960,1.958769,-0.005071,1.187110,-0.007280,0.548790,0.000602,0.000804,0.041870,0.035868,0.074336,2.741003,2.035868,2.666667,2.000000,2,35.069565
19882.194960,1.967262,-0.017964,0.578055,-0.002741,0.538790,0.000427,-0.000333,-0.016324,0.028810,0.067796,2.697796,2.028810,2.630000,2.000000,2,35.111580
19882.229978,1.975066,-0.014726,0.221873,0.015413,0.528790,-0.004490,-0.004620,-0.076103,0.020037,0.068076,2.654743,2.020037,2.586667,2.000000,2,35.155122
19882.236484,1.982250,-0.005233,0.148481,0.041764,0.518790,0.005047,-0.000636,-0.050550,0.011470,0.067770,2.611103,2.011470,2.543333,2.000000,2,35.199548
19882.254972,1.989032,0.000341,0.193479,0.076680,0.508790,0.002870,-0.008829,-0.280603,0.002963,0.067549,2.567549,2.002963,2.500000,2.000000,2,35.244717
19882.274967,1.994890,0.007871,0.394005,0.116603,0.498790,0.002515,-0.004927,-0.232576,-0.010773,0.070988,2.524963,1.993720,2.453279,1.997812,2,35.290551
19882.294968,1.997657,0.021121,0.860934,0.147293,0.488790,0.001591,-0.001639,-0.074440,-0.022748,0.071131,2.481087,1.982153,2.406966,1.991268,2,35.337598
19882.333705,1.997267,0.029811,1.490216,0.169144,0.479143,0.004088,0.004679,-0.379858,-0.031897,0.069720,2.437296,1.969094,2.361468,1.980426,2,35.386151
19882.339349,1.995393,0.029845,2.003283,0.187298,0.471659,-0.001294,-0.006811,0.260082,-0.040809,0.056202,2.384413,1.947945,2.317181,1.965379,2,35.440429
19882.354965,1.992618,0.023418,2.411685,0.201102,0.463185,0.001272,-0.001485,-0.044097,-0.045129,0.074372,2.352442,1.936653,2.265592,1.941648,2,35.490476
19882.374992,1.988654,0.020886,2.635784,0.212007,0.460246,0.001655,-0.001478,-0.042580,-0.048580,0.074056,2.311128,1.916643,2.222562,1.915967,2,35.534682
19882.394967,1.982528,0.017114,2.873351,0.217361,0.456885,0.002370,-0.002269,-0.064939,-0.049660,0.068978,2.272393,1.894663,2.187509,1.890320,2,35.582373
19882.431484,1.976452,0.011753,3.012061,0.217024,0.454136,0.008750,0.001780,-0.106515,-0.049330,0.066405,2.234431,1.870116,2.152404,1.859412,2,35.630606
19882.437967,1.969253,0.008339,3.117934,0.211474,0.451793,-0.007028,-0.001867,0.081009,-0.047701,0.056663,2.191184,1.835287,2.118174,1.822814,2,35.683621
19882.454943,1.959500,0.005461,3.226923,0.195216,0.447340,-0.000196,0.001371,0.042991,-0.047809,0.072559,2.166156,1.813512,2.085897,1.780212,2,35.731675
19882.474970,1.953295,0.001870,3.232214,0.176919,0.446132,-0.000371,0.001044,0.047503,-0.045511,0.071907,2.135993,1.781478,2.061525,1.740291,2,35.772959
19882.494995,1.947289,-0.003705,3.131873,0.154080,0.443792,-0.000383,0.001528,0.069311,-0.041749,0.066094,2.108800,1.747639,2.043682,1.704386,2,35.817847
19882.531532,1.942835,-0.008162,2.946054,0.125416,0.440902,0.001796,-0.001313,0.302449,-0.039039,0.066198,2.084840,1.710972,2.026580,1.660852,2,35.863167
19882.537832,1.940251,-0.012193,2.658172,0.091582,0.437613,-0.001555,0.007141,-0.123596,-0.033487,0.058003,2.059642,1.664570,2.013621,1.615910,2,35.912636
19882.554942,1.938645,-0.009678,2.342227,0.051582,0.433633,-0.001219,0.007497,0.291452,-0.033064,0.069391,2.047365,1.634037,2.004918,1.569954,2,35.957545
19882.574994,1.938287,-0.014495,2.005290,0.011582,0.430256,0.000445,0.010501,0.329760,-0.026585,0.072074,2.030474,1.594138,2.000547,1.523386,2,35.996045
19882.594968,1.939830,-0.018483,1.438693,-0.028418,0.426005,0.000936,0.021002,0.649295,-0.014498,0.066632,2.016096,1.552854,1.999821,1.486633,2,36.037971
19882.634378,1.941146,-0.011387,1.127002,-0.068418,0.421078,0.001579,0.007366,1.120753,0.001915,0.069086,2.002707,1.512163,1.996775,1.443306,2,36.080788
19882.639999,1.941086,-0.023389,0.532796,-0.108418,0.412157,0.000353,0.002463,-0.708946,0.020077,0.051314,1.980527,1.454692,1.989981,1.400407,2,36.132603
19882.654970,1.940104,-0.030201,-0.537206,-0.145038,0.404186,0.002154,0.003395,0.203761,0.023466,0.073430,1.976894,1.428948,1.977551,1.351862,2,36.179621
19882.674981,1.937731,-0.035491,-1.010673,-0.176045,0.404193,0.001569,0.001983,0.080314,0.029137,0.075806,1.963845,1.389069,1.961619,1.307887,2,36.217330
19882.694968,1.931622,-0.039386,-1.746769,-0.195870,0.404653,0.001871,0.003129,0.093518,0.032808,0.071441,1.948206,1.350055,1.944742,1.271517,2,36.259678
19882.735728,1.925230,-0.035371,-2.257487,-0.214064,0.408691,0.012423,-0.000317,0.457047,0.034659,0.066937,1.930805,1.311771,1.925005,1.236617,2,36.303296
19882.741408,1.919359,-0.027864,-2.539178,-0.230613,0.413417,-0.004768,0.010233,-0.054683,0.035075,0.051776,1.901844,1.260506,1.898534,1.198056,2,36.354855
19882.754979,1.911466,-0.018972,-2.718172,-0.242816,0.414130,0.002295,0.002287,0.083171,0.036475,0.074719,1.890444,1.239248,1.866309,1.159680,2,36.398825
19882.774965,1.905491,-0.021361,-2.866509,-0.249934,0.418616,0.000448,0.000241,0.008272,0.035742,0.074415,1.866607,1.205598,1.835392,1.129174,2,36.433374
19882.794943,1.893868,-0.024305,-3.159129,-0.249525,0.422557,-0.000022,-0.000006,-0.000900,0.033196,0.069443,1.841632,1.174400,1.807245,1.105538,2,36.473869
19882.834612,1.882649,-0.022481,-3.367763,-0.244996,0.427541,0.009566,-0.003856,0.050064,0.029884,0.066562,1.813856,1.143723,1.774651,1.082188,2,36.515040
19882.839930,1.871814,-0.018967,-3.498862,-0.238072,0.433063,-0.010523,0.002417,-0.073589,0.025470,0.054095,1.775489,1.109858,1.740291,1.061525,2,36.560465
19882.854959,1.858856,-0.015066,-3.586041,-0.228431,0.436889,-0.001346,-0.000720,-0.026808,0.023007,0.069152,1.752627,1.089532,1.698267,1.040990,2,36.601617
19882.874957,1.851469,-0.011718,-3.582544,-0.217457,0.443723,-0.000571,-0.000643,-0.025396,0.018986,0.067919,1.719052,1.066406,1.660852,1.026580,2,36.637441
19882.894960,1.844153,-0.007936,-3.512267,-0.203954,0.450018,-0.001492,-0.002153,-0.062572,0.014405,0.066086,1.685985,1.046591,1.625639,1.016043,2,36.675954
19882.931615,1.837392,-0.007005,-3.429770,-0.187744,0.456499,-0.000277,-0.003463,-0.265630,0.008770,0.063921,1.651056,1.028222,1.589748,1.008121,2,36.714333
19882.936974,1.830714,-0.008434,-3.369448,-0.169354,0.463060,-0.007564,-0.005869,-0.042993,0.000775,0.057210,1.606893,1.009008,1.550048,1.002511,2,36.755996
19882.954970,1.822979,-0.011186,-3.322427,-0.147368,0.467034,-0.002293,-0.005810,-0.192661,0.000761,0.063913,1.573910,1.002143,1.510026,1.000101,2,36.796382
19882.974965,1.821844,-0.005965,-3.128237,-0.126573,0.473261,-0.001504,-0.002884,-0.129023,-0.008402,0.065691,1.532357,0.991598,1.466667,1.000000,2,36.835891
19882.994962,1.822949,0.001184,-2.760642,-0.110358,0.478435,-0.000582,-0.001237,-0.054609,-0.016089,0.064365,1.494365,0.983911,1.430000,1.000000,2,36.876479
19883.031028,1.825699,0.003875,-2.345762,-0.098844,0.483614,-0.003727,0.003627,-0.212569,-0.022186,0.070522,1.457189,0.977814,1.386667,1.000000,2,36.914599
19883.036733,1.828978,0.001846,-2.006994,-0.092277,0.489348,0.002918,-0.005323,0.155218,-0.030527,0.054608,1.404608,0.969473,1.350000,1.000000,2,36.959410
19883.054960,1.833222,-0.003779,-1.757298,-0.094190,0.492214,-0.000657,0.000693,-0.003144,-0.035556,0.067806,1.374473,0.964444,1.306667,1.000000,2,37.001523
19883.074960,1.836808,-0.005897,-1.640454,-0.097969,0.498338,-0.000375,0.000397,0.018861,-0.041740,0.069770,1.333103,0.958260,1.263333,1.000000,2,37.037833
19883.094969,1.841180,-0.009501,-1.581926,-0.107034,0.503654,-0.000150,0.000690,0.031069,-0.046551,0.065939,1.292606,0.953449,1.226667,1.000000,2,37.078760
19883.135456,1.845566,-0.013297,-1.612743,-0.119396,0.508291,-0.004007,0.002643,0.170291,-0.049379,0.065251,1.251918,0.950621,1.186667,1.000000,2,37.120411
19883.140799,1.850102,-0.015084,-1.673415,-0.133011,0.512247,0.005591,0.003103,0.023982,-0.053763,0.049926,1.193259,0.946237,1.143333,1.000000,2,37.168997
19883.154966,1.856521,-0.014518,-1.714175,-0.154652,0.512883,0.000971,0.004396,0.128256,-0.054443,0.074308,1.170975,0.945557,1.096667,1.000000,2,37.209728
19883.174957,1.858491,-0.018425,-1.826013,-0.170672,0.516502,0.001223,0.002220,0.095371,-0.054581,0.075432,1.128765,0.945419,1.053333,1.000000,2,37.242883
19883.194938,1.860380,-0.025151,-2.100593,-0.184698,0.518858,0.000510,0.000867,0.035310,-0.055083,0.063743,1.087076,0.944917,1.023333,1.000000,2,37.282655
19883.236923,1.861043,-0.028552,-2.408947,-0.197128,0.521903,0.001089,-0.001632,0.245474,-0.051398,0.060144,1.041685,0.946900,0.983293,1.000279,2,37.322750
19883.244175,1.861902,-0.027233,-2.635972,-0.210143,0.525598,0.002139,0.006002,-0.059015,-0.046941,0.037789,0.975529,0.952302,0.943306,1.003225,2,37.373332
19883.254968,1.863541,-0.022177,-2.798734,-0.227607,0.525636,0.001402,0.002717,0.061539,-0.040848,0.073633,0.953513,0.956146,0.890602,1.012115,2,37.415260
19883.274972,1.863192,-0.022269,-2.879844,-0.240168,0.529604,0.000904,0.000632,0.024212,-0.039308,0.071820,0.908812,0.963627,0.851862,1.022449,2,37.446463
19883.294969,1.860126,-0.025476,-3.115216,-0.249552,0.533384,0.000756,0.001018,0.028718,-0.035334,0.068654,0.871664,0.975762,0.820296,1.033410,2,37.484855
19883.335038,1.856677,-0.024639,-3.303240,-0.253646,0.537724,0.005276,-0.001573,0.148251,-0.036722,0.064348,0.829013,0.987190,0.786506,1.047871,2,37.523219
19883.341128,1.853592,-0.021588,-3.423364,-0.257906,0.542654,-0.002929,0.004416,-0.044082,-0.041713,0.044198,0.768515,1.008247,0.750965,1.066431,2,37.571308
19883.354964,1.849292,-0.017005,-3.511776,-0.261976,0.543727,0.000873,0.000382,0.019796,-0.037527,0.069965,0.747039,1.020582,0.711541,1.091599,2,37.612696
19883.374951,1.846693,-0.016841,-3.563612,-0.262711,0.549093,0.000050,0.000037,0.000445,-0.036162,0.074940,0.714134,1.040254,0.679745,1.116025,2,37.642382
19883.394963,1.842058,-0.016266,-3.646691,-0.258299,0.554705,-0.000272,-0.000404,-0.013323,-0.037841,0.062988,0.677157,1.065243,0.657239,1.135974,2,37.679492
19883.437085,1.837931,-0.014817,-3.702989,-0.250428,0.559700,0.001725,-0.002684,-0.046008,-0.032876,0.062883,0.649681,1.093567,0.631424,1.162136,2,37.718807
19883.442950,1.833560,-0.013259,-3.734682,-0.238711,0.564602,-0.005712,-0.000153,-0.043576,-0.035800,0.044760,0.604799,1.135444,0.605538,1.192755,2,37.765227
19883.454946,1.827495,-0.011860,-3.760043,-0.223574,0.563550,-0.001461,-0.001989,-0.051450,-0.031253,0.072846,0.591408,1.152741,0.578554,1.230959,2,37.804583
19883.474960,1.826174,-0.009751,-3.726760,-0.210115,0.569296,-0.002331,-0.003923,-0.115840,-0.036875,0.069381,0.558307,1.187021,0.558352,1.265592,2,37.837177
19883.494958,1.825393,-0.007680,-3.652598,-0.196584,0.573899,-0.001729,-0.002228,-0.092509,-0.046930,0.063086,0.526639,1.218856,0.543682,1.295614,2,37.876411
19883.533588,1.826582,-0.003963,-3.507702,-0.183164,0.577579,-0.004467,-0.000086,-0.236903,-0.038431,0.067044,0.514968,1.256800,0.528772,1.332834,2,37.914513
19883.541041,1.829366,-0.002332,-3.313393,-0.165019,0.579466,0.001061,-0.005905,0.017838,-0.038523,0.057965,0.495925,1.301819,0.517765,1.367902,2,37.956021
19883.554940,1.832577,-0.005584,-3.167049,-0.142333,0.576690,-0.002138,-0.006603,-0.166139,-0.032567,0.065469,0.488915,1.336581,0.508732,1.406966,2,37.996029
19883.574979,1.835597,-0.005256,-3.041974,-0.120604,0.578488,-0.000708,-0.001705,-0.075830,-0.028228,0.063553,0.481573,1.380425,0.502857,1.446628,2,38.035090
19883.594954,1.843592,0.003513,-2.620413,-0.104061,0.576547,-0.000892,-0.003875,-0.116165,-0.028330,0.068583,0.473693,1.417317,0.500179,1.486633,2,38.075661
19883.631558,1.851484,0.002624,-2.289424,-0.088813,0.576691,-0.008916,-0.003605,-0.422079,-0.022907,0.056572,0.477093,1.470094,0.500000,1.526667,2,38.120589
19883.639577,1.859527,-0.002320,-2.098693,-0.067116,0.572174,0.004930,-0.011644,-0.133204,-0.025606,0.052777,0.474394,1.520556,0.500000,1.573333,2,38.171644
19883.654955,1.868644,-0.007896,-2.001939,-0.043973,0.567943,-0.000859,-0.007307,-0.223096,-0.024183,0.062544,0.475817,1.560790,0.500000,1.623333,2,38.218290
19883.674957,1.875922,0.000462,-1.716705,-0.032302,0.567992,-0.000373,-0.002788,-0.129979,-0.025617,0.064382,0.474383,1.605618,0.500000,1.670000,2,38.261825
19883.694955,1.885806,0.008922,-1.254381,-0.027352,0.567618,-0.000046,-0.000362,-0.017359,-0.034389,0.066710,0.465611,1.646624,0.500000,1.713333,2,38.305214
19883.733998,1.895757,0.010003,-0.852484,-0.027843,0.568659,-0.009290,0.003830,-0.096052,-0.032219,0.061723,0.467781,1.694944,0.500000,1.756667,2,38.350171
19883.740399,1.905722,0.005876,-0.633305,-0.027450,0.568067,0.010900,-0.003767,0.079179,-0.036143,0.043345,0.463857,1.759989,0.500000,1.803333,2,38.405839
19883.754957,1.919764,0.000737,-0.511628,-0.025855,0.563580,-0.000969,-0.000135,-0.013020,-0.028394,0.068869,0.471606,1.787798,0.500000,1.856667,2,38.454360
19883.774960,1.925656,-0.000461,-0.488575,-0.021873,0.566056,0.000243,-0.000383,-0.019224,-0.030939,0.074420,0.469061,1.832247,0.500000,1.906667,2,38.492570
19883.794989,1.935437,-0.000638,-0.444390,-0.018249,0.567394,0.000137,-0.000913,-0.028671,-0.032857,0.064170,0.467143,1.879163,0.500000,1.943333,2,38.537953
19883.832470,1.945103,-0.000716,-0.402927,-0.017488,0.567546,-0.007895,-0.000015,-0.041885,-0.036957,0.064436,0.463043,1.925564,0.500000,1.990000,2,38.585019
19883.838121,1.954696,-0.000387,-0.364401,-0.020162,0.568239,0.008801,0.000207,0.035137,-0.038800,0.054329,0.461200,1.982338,0.500000,2.036667,2,38.636405
19883.854972,1.966126,-0.000406,-0.324146,-0.026813,0.566642,-0.000130,0.000928,0.034747,-0.043967,0.072079,0.456033,2.017921,0.500000,2.090000,2,38.684376
19883.874970,1.973492,-0.002127,-0.343386,-0.036141,0.569120,0.000466,0.000689,0.033575,-0.039061,0.067080,0.460939,2.069587,0.500000,2.136667,2,38.729357
19883.894971,1.982697,-0.005319,-0.442167,-0.045728,0.568038,0.000597,0.002395,0.074752,-0.040494,0.063261,0.459506,2.116739,0.500000,2.180000,2,38.778247
19883.932554,1.991635,-0.005934,-0.535692,-0.059226,0.566999,-0.006105,0.000745,0.205115,-0.040165,0.064235,0.459835,2.165765,0.500000,2.230000,2,38.826503
19883.938998,2.000085,-0.008923,-0.681661,-0.075523,0.564759,0.007379,0.002433,-0.080850,-0.040958,0.057852,0.459042,2.222148,0.500000,2.280000,2,38.878769
19883.954983,2.009615,-0.009534,-0.873691,-0.097390,0.561052,0.001112,0.002544,0.096147,-0.041534,0.065925,0.458466,2.264075,0.500000,2.330000,2,38.928589
19883.974978,2.014942,-0.013756,-1.082830,-0.123424,0.559521,0.001131,0.001840,0.083908,-0.042705,0.067141,0.457295,2.312859,0.500000,2.380000,2,38.974734
19883.994975,2.019705,-0.019149,-1.451690,-0.150083,0.557378,0.002442,0.004940,0.150460,-0.045587,0.063357,0.454413,2.363310,0.500000,2.426667,2,39.023221
19884.032819,2.023956,-0.018431,-1.764636,-0.179001,0.555776,0.005036,0.006082,0.578610,-0.042692,0.063554,0.457308,2.413113,0.500000,2.476667,2,39.071444
19884.038699,2.028303,-0.013705,-1.940265,-0.210933,0.553693,0.006673,0.010621,0.075565,-0.040387,0.052098,0.457768,2.473234,0.500547,2.523386,2,39.123020
19884.054972,2.033675,-0.007787,-2.031863,-0.248584,0.546820,0.006100,0.007646,0.256887,-0.032860,0.063819,0.463540,2.514947,0.505396,2.573262,2,39.171152
