t,eC,eL,pos_x,pos_y,ref_x,ref_y
18568.696986,-0.010645,0.012775,1.470558,3.010645,1.483333,3.000000
18568.701904,-0.010611,0.026128,1.470538,3.010611,1.496667,3.000000
18568.721801,-0.016361,0.042623,1.470710,3.016361,1.513333,3.000000
18568.742240,-0.015876,0.035799,1.477534,3.015876,1.513333,3.000000
18568.763107,-0.014436,0.039178,1.477489,3.014436,1.516667,3.000000
18568.782874,-0.010825,0.043177,1.473489,3.010825,1.516667,3.000000
18568.802634,-0.012098,0.033540,1.483126,3.012098,1.516667,3.000000
18568.822805,-0.008559,0.032743,1.483923,3.008559,1.516667,3.000000
18568.843956,-0.012010,0.033710,1.489623,3.012010,1.523333,3.000000
18568.863664,-0.011049,0.031285,1.495382,3.011049,1.526667,3.000000
18568.882768,-0.011272,0.032022,1.501311,3.011272,1.533333,3.000000
18568.903106,-0.011503,0.032869,1.510464,3.011503,1.543333,3.000000
18568.923010,-0.011052,0.038309,1.515025,3.011052,1.553333,3.000000
18568.943292,-0.011984,0.036535,1.526799,3.011984,1.563333,3.000000
18568.963021,-0.011961,0.036224,1.537109,3.011961,1.573333,3.000000
18568.983894,-0.011674,0.043096,1.546904,3.011674,1.590000,3.000000
18569.004101,-0.012002,0.044881,1.558453,3.012002,1.603333,3.000000
18569.023915,-0.012641,0.045748,1.570919,3.012641,1.616667,3.000000
18569.044115,-0.012703,0.045860,1.584140,3.012703,1.630000,3.000000
18569.063901,-0.013316,0.046042,1.600625,3.013316,1.646667,3.000000
18569.084717,-0.010528,0.054526,1.612141,3.010528,1.666667,3.000000
18569.106696,-0.009997,0.054262,1.629072,3.009997,1.683333,3.000000
18569.126370,-0.012167,0.053125,1.650208,3.012167,1.703333,3.000000
18569.146199,-0.009771,0.054488,1.668846,3.009771,1.723333,3.000000
18569.162400,-0.008909,0.058444,1.688222,3.008909,1.746667,3.000000
18569.185441,-0.004614,0.066689,1.703311,3.004614,1.770000,3.000000
18569.202678,-0.006589,0.059872,1.730128,3.006589,1.790000,3.000000
18569.223193,-0.004874,0.062227,1.751107,3.004874,1.813333,3.000000
18569.242410,-0.004698,0.069356,1.773978,3.004698,1.843333,3.000000
18569.262782,-0.000185,0.068568,1.798098,3.000185,1.866667,3.000000
18569.282384,0.000337,0.072974,1.820359,2.999663,1.893333,3.000000
18569.303240,0.001596,0.079157,1.844176,2.998404,1.923333,3.000000
18569.322430,0.001583,0.079122,1.870878,2.998417,1.950000,3.000000
18569.343292,0.002237,0.079006,1.897661,2.997763,1.976667,3.000000
18569.362960,0.006495,0.079476,1.927190,2.993505,2.006667,3.000000
18569.382536,0.001553,0.086917,1.953083,2.998447,2.040000,3.000000
18569.402521,0.001656,0.086061,1.983939,2.998344,2.070000,3.000000
18569.422496,0.002048,0.085678,2.014322,2.997952,2.100000,3.000000
18569.442893,0.007278,0.090539,2.046128,2.992722,2.136667,3.000000
18569.462507,0.001493,0.095629,2.074371,2.998507,2.170000,3.000000
18569.482802,0.002122,0.096279,2.107054,2.997878,2.203333,3.000000
18569.502566,0.002883,0.097142,2.139525,2.997117,2.236667,3.000000
18569.522798,0.007298,0.102955,2.167045,2.992702,2.270000,3.000000
18569.543118,0.005431,0.098071,2.205262,2.994569,2.303333,3.000000
18569.563112,0.004421,0.097089,2.242911,2.995579,2.340000,3.000000
18569.582821,0.003460,0.100601,2.279399,2.996540,2.380000,3.000000
18569.602934,0.003453,0.103661,2.316339,2.996547,2.420000,3.000000
18569.622868,0.002865,0.106536,2.353464,2.997135,2.460000,3.000000
18569.642645,0.002420,0.108905,2.391095,2.997580,2.500000,3.000000
18569.662910,0.003624,0.105804,2.430863,2.996376,2.536667,3.000000
18569.682529,0.004831,0.110351,2.469649,2.995169,2.580000,3.000000
18569.702724,0.005836,0.110330,2.509670,2.994164,2.620000,3.000000
18569.722664,0.006229,0.113176,2.550157,2.993771,2.663333,3.000000
18569.742705,0.007634,0.111767,2.591567,2.992366,2.703333,3.000000
18569.762463,0.008529,0.112776,2.633891,2.991471,2.746667,3.000000
18569.782451,0.009294,0.113906,2.676094,2.990706,2.790000,3.000000
18569.803113,0.010402,0.117988,2.718678,2.989598,2.836667,3.000000
18569.822331,0.011283,0.117928,2.762072,2.988717,2.880000,3.000000
18569.842714,0.011800,0.107592,2.815742,2.988200,2.923333,3.000000
18569.862713,0.011984,0.103374,2.869959,2.988016,2.973333,3.000000
18569.882538,0.012288,0.170200,2.859800,2.987712,3.030000,3.000000
18569.902761,0.016195,0.135126,2.921541,2.983805,3.056667,3.000000
18569.922742,0.018111,0.110400,2.972933,2.981889,3.083333,3.000000
18569.942764,0.019586,0.110825,3.025841,2.980414,3.136667,3.000000
18569.962470,0.017518,0.110928,3.075739,2.982482,3.186667,3.000000
18569.982539,0.013718,0.118022,3.121978,2.986282,3.240000,3.000000
18570.002488,0.009884,0.118987,3.171013,2.990116,3.290000,3.000000
18570.022546,0.004255,0.117871,3.218796,2.995745,3.336667,3.000000
18570.043110,-0.006291,0.125555,3.261112,3.006291,3.386667,3.000000
18570.062866,-0.012816,0.124665,3.308668,3.012816,3.433333,3.000000
18570.083024,-0.023127,0.122637,3.354030,3.023127,3.476667,3.000000
18570.102999,-0.027752,0.121576,3.401758,3.027752,3.523333,3.000000
18570.122656,-0.033009,0.119147,3.450853,3.033009,3.570000,3.000000
18570.142972,-0.037798,0.121515,3.498485,3.037798,3.620000,3.000000
18570.162996,-0.040568,0.122341,3.544325,3.040568,3.666667,3.000000
18570.182986,-0.042482,0.121067,3.592266,3.042482,3.713333,3.000000
18570.202320,-0.043294,0.122492,3.637508,3.043294,3.760000,3.000000
18570.222566,-0.045828,0.130765,3.675902,3.045828,3.806667,3.000000
18570.242574,-0.041557,0.118220,3.728447,3.041557,3.846667,3.000000
18570.263129,-0.037056,0.117412,3.772588,3.037056,3.890000,3.000000
18570.283224,-0.022337,0.121018,3.815649,3.022337,3.936667,3.000000
18570.303175,-0.008980,0.124617,3.855383,3.008980,3.980000,3.000000
18570.323177,0.015108,0.125512,3.894031,2.989535,4.020047,2.999598
18570.343342,0.039188,0.125675,3.930544,2.972565,4.060013,2.996385
18570.363949,0.065572,0.121251,3.973728,2.950266,4.106134,2.988606
18570.382913,0.097827,0.128921,4.001667,2.922328,4.154508,2.975528
18570.402833,0.128135,0.136422,4.030145,2.894951,4.207431,2.954942
18570.422846,0.152765,0.133606,4.062001,2.866849,4.254808,2.930201
18570.443138,0.177130,0.133633,4.090720,2.837450,4.304602,2.896507
18570.463156,0.198033,0.132793,4.118596,2.807820,4.352370,2.854733
18570.483266,0.214416,0.131944,4.144226,2.779582,4.394462,2.807245
18570.502489,0.221217,0.121902,4.176087,2.748140,4.428488,2.757678
18570.522769,0.221854,0.106033,4.211905,2.709056,4.457674,2.701331
18570.542871,0.224636,0.110926,4.232622,2.684436,4.479489,2.641741
18570.562913,0.217954,0.108813,4.258982,2.655944,4.492468,2.586458
18570.583415,0.207868,0.107052,4.282615,2.630115,4.498392,2.540062
18570.603422,0.196395,0.099815,4.303605,2.599815,4.500000,2.500000
18570.623376,0.174521,0.105551,4.325479,2.568884,4.500000,2.463333
18570.644131,0.150696,0.105990,4.349304,2.535990,4.500000,2.430000
18570.663940,0.135436,0.104574,4.364564,2.501241,4.500000,2.396667
18570.683752,0.115526,0.108061,4.384474,2.468061,4.500000,2.360000
18570.703646,0.098070,0.109550,4.401930,2.432883,4.500000,2.323333
18570.723604,0.083254,0.108955,4.416746,2.395621,4.500000,2.286667
18570.743529,0.070559,0.114209,4.429441,2.360876,4.500000,2.246667
18570.763667,0.063288,0.113654,4.436712,2.323654,4.500000,2.210000
18570.783360,0.054538,0.113758,4.445462,2.287092,4.500000,2.173333
18570.804048,0.049502,0.115972,4.450498,2.249306,4.500000,2.133333
18570.823433,0.044926,0.115873,4.455074,2.212540,4.500000,2.096667
18570.843640,0.040874,0.117062,4.459126,2.173729,4.500000,2.056667
18570.863126,0.038209,0.117135,4.461791,2.137135,4.500000,2.020000
18570.883235,0.036057,0.114621,4.463943,2.097955,4.500000,1.983333
18570.904121,0.031521,0.117746,4.468479,2.061079,4.500000,1.943333
18570.923206,0.025931,0.118759,4.474069,2.025426,4.500000,1.906667
18570.944264,0.017714,0.117714,4.482286,1.987714,4.500000,1.870000
18570.963479,0.010001,0.117070,4.489999,1.950403,4.500000,1.833333
18570.984150,0.003783,0.117982,4.496217,1.914648,4.500000,1.796667
18571.003461,-0.004572,0.119099,4.504572,1.879099,4.500000,1.760000
18571.024350,-0.006889,0.117748,4.506889,1.841082,4.500000,1.723333
18571.043710,-0.014831,0.117095,4.514831,1.803762,4.500000,1.686667
18571.064623,-0.016799,0.118671,4.516799,1.768671,4.500000,1.650000
18571.083604,-0.023686,0.120986,4.523686,1.734319,4.500000,1.613333
18571.104568,-0.025661,0.120051,4.525661,1.696718,4.500000,1.576667
18571.125903,-0.026925,0.118886,4.526925,1.662220,4.500000,1.543333
18571.144160,-0.031098,0.120188,4.531098,1.626855,4.500000,1.506667
18571.166027,-0.037128,0.122513,4.537128,1.592513,4.500000,1.470000
18571.184703,-0.040200,0.121393,4.540200,1.558059,4.500000,1.436667
18571.203646,-0.042604,0.124536,4.542604,1.524536,4.500000,1.400000
18571.223548,-0.054564,0.123175,4.554564,1.489842,4.500000,1.366667
18571.243803,-0.052084,0.121594,4.552084,1.458261,4.500000,1.336667
18571.264293,-0.055030,0.122272,4.555030,1.425605,4.500000,1.303333
18571.285848,-0.052645,0.124080,4.552645,1.394080,4.500000,1.270000
18571.305334,-0.050461,0.126324,4.550461,1.366324,4.500000,1.240000
18571.325236,-0.047143,0.124736,4.547143,1.334736,4.500000,1.210000
18571.344897,-0.044852,0.122696,4.544852,1.302696,4.500000,1.180000
18571.365240,-0.043905,0.122099,4.543905,1.272099,4.500000,1.150000
18571.385479,-0.042676,0.122845,4.542676,1.242845,4.500000,1.120000
18571.404385,-0.038859,0.123675,4.538859,1.213675,4.500000,1.090000
18571.423535,-0.033881,0.121241,4.533881,1.184575,4.500000,1.063333
18571.443764,-0.028735,0.122912,4.528735,1.156246,4.500000,1.033333
18571.464054,-0.024381,0.122654,4.524381,1.129321,4.500000,1.006667
18571.483519,-0.015441,0.122049,4.519912,1.101329,4.499600,0.979995
18571.503923,-0.002982,0.122801,4.512241,1.075365,4.497822,0.953377
18571.523571,0.005522,0.122031,4.507006,1.048419,4.494626,0.926893
18571.544027,0.013418,0.122260,4.501175,1.023103,4.490023,0.900616
18571.564011,0.023491,0.124883,4.492598,0.998119,4.483178,0.871396
18571.583530,0.030501,0.124127,4.484895,0.973292,4.475631,0.845809
18571.604371,0.038958,0.122797,4.474410,0.949260,4.466730,0.820660
18571.623446,0.050685,0.121387,4.459746,0.927527,4.456501,0.796023
18571.643849,0.062247,0.122964,4.445044,0.906815,4.443441,0.769002
18571.664052,0.072511,0.125165,4.430982,0.887450,4.428784,0.742815
18571.685415,0.084418,0.123108,4.413346,0.869579,4.414457,0.720311
18571.704338,0.095840,0.120788,4.394298,0.850119,4.396930,0.695950
18571.722671,0.107671,0.120976,4.374664,0.832117,4.375782,0.670170
18571.743122,0.118409,0.121734,4.355598,0.815661,4.352963,0.645858
18571.762397,0.128263,0.127745,4.340576,0.803746,4.328575,0.623120
18571.782069,0.138584,0.123404,4.318447,0.789189,4.305372,0.604086
18571.802898,0.148728,0.125545,4.301294,0.780057,4.281069,0.586478
18571.822607,0.157552,0.122689,4.279038,0.766632,4.252883,0.568664
18571.843072,0.166558,0.119954,4.258016,0.757101,4.226549,0.554270
18571.862653,0.177169,0.119947,4.235409,0.748624,4.193266,0.538862
18571.883357,0.184729,0.120262,4.215978,0.740747,4.162101,0.527006
18571.902948,0.193135,0.125980,4.199788,0.735194,4.126992,0.516396
18571.922527,0.199845,0.119626,4.175997,0.729024,4.097750,0.509648
18571.942741,0.204936,0.117968,4.155242,0.722729,4.064850,0.504223
18571.962881,0.210968,0.114935,4.133007,0.718826,4.031662,0.501003
18571.982676,0.216314,0.113598,4.112652,0.715937,3.998332,0.500003
18572.002592,0.221492,0.110602,4.090841,0.714435,3.965011,0.501226
18572.022328,0.224553,0.107710,4.069159,0.712442,3.931845,0.504667
18572.042926,0.226914,0.105049,4.047710,0.711322,3.898982,0.510311
18572.062720,0.229003,0.102681,4.026638,0.711429,3.866568,0.518133
18572.082009,0.230206,0.100323,4.005517,0.712210,3.834748,0.528098
18572.101998,0.230729,0.097482,3.983916,0.714079,3.803663,0.540161
18572.122071,0.230111,0.094934,3.962344,0.716391,3.773451,0.554270
18572.141884,0.229719,0.092778,3.941471,0.720296,3.744246,0.570361
18572.161796,0.229414,0.089812,3.922171,0.725727,3.718931,0.586478
18572.182171,0.228545,0.088835,3.902759,0.731442,3.691994,0.606132
18572.202554,0.226400,0.089329,3.885772,0.735825,3.668919,0.625320
18572.222297,0.223340,0.087068,3.866367,0.742582,3.647037,0.645858
18572.241668,0.222934,0.084878,3.849405,0.752430,3.626426,0.667671
18572.262317,0.219485,0.081773,3.830193,0.762216,3.607161,0.690682
18572.282560,0.216315,0.080575,3.812946,0.772008,3.589311,0.714808
18572.301912,0.212440,0.079241,3.795601,0.782764,3.572941,0.739960
18572.322492,0.209482,0.079176,3.780293,0.794092,3.558109,0.766050
18572.342174,0.204969,0.077781,3.764942,0.805474,3.546261,0.789951
18572.362776,0.200227,0.077688,3.749245,0.818283,3.534476,0.817551
18572.381868,0.195194,0.076923,3.734892,0.831057,3.525408,0.842640
18572.402405,0.190690,0.075796,3.721617,0.845337,3.517691,0.868176
18572.421852,0.185565,0.072653,3.709014,0.860447,3.512063,0.890831
18572.442078,0.178594,0.072141,3.695026,0.875513,3.506935,0.917010
18572.462031,0.173045,0.074527,3.683578,0.888957,3.503211,0.943426
18572.482031,0.170208,0.071418,3.675701,0.906760,3.501112,0.966674
18572.502482,0.161548,0.070219,3.663021,0.923023,3.500100,0.989996
18572.522408,0.152416,0.072651,3.652416,0.940683,3.500000,1.013333
18572.542047,0.144864,0.074736,3.644864,0.958598,3.500000,1.033333
18572.562689,0.133776,0.076463,3.633776,0.976871,3.500000,1.053333
18572.582400,0.124228,0.078035,3.624228,0.995298,3.500000,1.073333
18572.602286,0.116931,0.077584,3.616931,1.015750,3.500000,1.093333
18572.621713,0.107949,0.082127,3.607949,1.034540,3.500000,1.116667
18572.641974,0.096468,0.081215,3.596468,1.055451,3.500000,1.136667
18572.662747,0.090419,0.085117,3.590419,1.074883,3.500000,1.160000
18572.682392,0.083668,0.087155,3.583668,1.096178,3.500000,1.183333
18572.702060,0.078675,0.085389,3.578675,1.117944,3.500000,1.203333
18572.722022,0.071166,0.087174,3.571166,1.139492,3.500000,1.226667
18572.742741,0.063554,0.087900,3.563554,1.162100,3.500000,1.250000
18572.761721,0.057154,0.088126,3.557154,1.185207,3.500000,1.273333
18572.782389,0.053863,0.088102,3.553863,1.208565,3.500000,1.296667
18572.801730,0.051465,0.093098,3.551465,1.230235,3.500000,1.323333
18572.822295,0.046819,0.091060,3.546819,1.255606,3.500000,1.346667
18572.841683,0.045358,0.093086,3.545358,1.276914,3.500000,1.370000
18572.861604,0.038765,0.090002,3.538765,1.303331,3.500000,1.393333
18572.881834,0.033952,0.092980,3.533952,1.327020,3.500000,1.420000
18572.902515,0.027733,0.090588,3.527733,1.352745,3.500000,1.443333
18572.921667,0.022133,0.092410,3.522133,1.377590,3.500000,1.470000
18572.941991,0.016803,0.094953,3.516803,1.401713,3.500000,1.496667
18572.963054,0.005253,0.096135,3.509197,1.427603,3.499453,1.523386
18572.982812,-0.005453,0.097323,3.501805,1.452668,3.497489,1.550048
18573.002487,-0.016227,0.100206,3.493567,1.478356,3.493580,1.579867
18573.023259,-0.028997,0.097653,3.480998,1.504551,3.488606,1.606134
18573.042085,-0.039194,0.101902,3.470999,1.529761,3.480426,1.638532
18573.063243,-0.049388,0.101408,3.458586,1.555081,3.471228,1.667166
18573.083269,-0.061175,0.103085,3.443727,1.579375,3.459010,1.698267
18573.103262,-0.072283,0.103675,3.427823,1.603234,3.444742,1.728483
18573.123265,-0.081250,0.101859,3.411352,1.628515,3.428488,1.757678
18573.142780,-0.089531,0.104870,3.395773,1.651149,3.408401,1.788459
18573.162727,-0.094856,0.102966,3.379459,1.675369,3.388222,1.815093
18573.182599,-0.102763,0.102587,3.359535,1.697625,3.364026,1.842761
18573.202371,-0.108132,0.102302,3.340208,1.719738,3.337864,1.868576
18573.222308,-0.114076,0.103930,3.319139,1.740601,3.307245,1.894462
18573.242604,-0.118849,0.101244,3.295720,1.760915,3.277438,1.915967
18573.261981,-0.122601,0.100999,3.271824,1.780611,3.243216,1.936859
18573.281976,-0.125724,0.100680,3.246880,1.798779,3.207431,1.954942
18573.303196,-0.127242,0.099374,3.220402,1.816617,3.170312,1.970100
18573.322341,-0.127320,0.099209,3.194144,1.833228,3.132098,1.982235
18573.342338,-0.125076,0.095916,3.166342,1.849426,3.096316,1.990636
18573.363237,-0.122837,0.094454,3.136610,1.864021,3.056694,1.996775
18573.383262,-0.118701,0.090487,3.105703,1.877365,3.020047,1.999598
18573.402395,-0.109897,0.090857,3.074190,1.890103,2.983333,2.000000
18573.422208,-0.103730,0.099731,3.046398,1.896270,2.946667,2.000000
18573.442400,-0.092412,0.100307,3.013641,1.907588,2.913333,2.000000
18573.462267,-0.081294,0.099823,2.979823,1.918706,2.880000,2.000000
18573.483131,-0.071199,0.098397,2.945064,1.928801,2.846667,2.000000
18573.502213,-0.062400,0.101534,2.911534,1.937600,2.810000,2.000000
18573.522199,-0.053785,0.102455,2.875789,1.946215,2.773333,2.000000
18573.542470,-0.046705,0.100843,2.840843,1.953295,2.740000,2.000000
18573.563487,-0.041289,0.102209,2.805543,1.958711,2.703333,2.000000
18573.583386,-0.036810,0.103218,2.769885,1.963190,2.666667,2.000000
18573.603389,-0.034158,0.104158,2.734158,1.965842,2.630000,2.000000
18573.622342,-0.033432,0.105026,2.698359,1.966568,2.593333,2.000000
18573.642629,-0.031559,0.108178,2.664845,1.968441,2.556667,2.000000
18573.662649,-0.036051,0.107990,2.627990,1.963949,2.520000,2.000000
18573.683854,-0.045741,0.107419,2.592180,1.957595,2.483293,1.999721
18573.702719,-0.059697,0.104878,2.557279,1.948982,2.446628,1.997143
18573.723690,-0.074345,0.107138,2.523137,1.938321,2.403684,1.990636
18573.743934,-0.088211,0.106511,2.491092,1.925247,2.364682,1.981341
18573.762520,-0.101658,0.106262,2.458736,1.910202,2.323419,1.967781
18573.783196,-0.114591,0.105782,2.428459,1.893207,2.283488,1.950691
18573.803061,-0.127120,0.106649,2.399230,1.874512,2.242322,1.928488
18573.822971,-0.139283,0.106405,2.371694,1.853519,2.203410,1.902535
18573.842873,-0.150937,0.105251,2.346119,1.830520,2.167094,1.873060
18573.863308,-0.160723,0.103749,2.322055,1.806934,2.133691,1.840320
18573.882884,-0.169479,0.098875,2.296261,1.778408,2.101466,1.801944
18573.902039,-0.176181,0.097896,2.274628,1.752289,2.073244,1.760537
18573.922105,-0.179812,0.093987,2.252086,1.723367,2.049309,1.716512
18573.942949,-0.181077,0.091595,2.231348,1.694751,2.029900,1.670312
18573.962647,-0.179167,0.089380,2.211921,1.667131,2.016043,1.625639
18573.983249,-0.173262,0.086544,2.192208,1.639684,2.006965,1.583165
18574.003043,-0.164716,0.083132,2.173196,1.611916,2.001887,1.543393
18574.023462,-0.153944,0.080144,2.155046,1.584763,2.000045,1.506684
18574.043631,-0.132338,0.086799,2.135705,1.557128,1.999453,1.476614
18574.063460,-0.112388,0.092312,2.118553,1.530551,1.997489,1.449952
18574.082734,-0.092493,0.095582,2.100142,1.503725,1.994103,1.423434
18574.103367,-0.072216,0.100548,2.080519,1.476793,1.988606,1.393866
18574.122419,-0.053410,0.103325,2.060721,1.449696,1.981341,1.364682
18574.143397,-0.036860,0.105181,2.041657,1.423258,1.972335,1.335988
18574.163757,-0.021442,0.109332,2.022748,1.397091,1.960325,1.304805
18574.183713,-0.005451,0.110416,2.000923,1.370584,1.946259,1.274495
18574.203675,0.007234,0.111457,1.980777,1.344776,1.930201,1.245192
18574.223714,0.020929,0.111530,1.958086,1.320821,1.912221,1.217026
18574.242921,0.032236,0.113553,1.936123,1.296300,1.890320,1.187509
18574.263838,0.043325,0.115760,1.913360,1.273977,1.866309,1.159680
18574.284028,0.053140,0.115444,1.888727,1.251197,1.840320,1.133691
18574.302396,0.061310,0.110428,1.862197,1.228972,1.815093,1.111778
18574.323375,0.068622,0.111148,1.835773,1.207258,1.782974,1.087779
18574.342765,0.074923,0.111600,1.808490,1.186984,1.749035,1.066431
18574.363960,0.080527,0.111923,1.780317,1.168478,1.713494,1.047871
18574.383722,0.084081,0.107397,1.749705,1.150472,1.679704,1.033410
18574.402724,0.086533,0.106557,1.719396,1.133701,1.641741,1.020511
18574.423757,0.088303,0.104944,1.687398,1.118701,1.602866,1.010696
18574.443062,0.087855,0.104023,1.655387,1.104349,1.563330,1.004027
18574.463062,0.086004,0.101714,1.620967,1.091215,1.523386,1.000547
18574.482937,0.078676,0.100689,1.587356,1.078676,1.486667,1.000000
18574.502925,0.067883,0.100409,1.550409,1.067883,1.450000,1.000000
18574.522936,0.057984,0.101795,1.515129,1.057984,1.413333,1.000000
18574.543190,0.049306,0.104666,1.477999,1.049306,1.373333,1.000000
18574.563148,0.040688,0.105056,1.441722,1.040688,1.336667,1.000000
18574.582592,0.034583,0.106741,1.406741,1.034583,1.300000,1.000000
18574.602921,0.028863,0.109073,1.372407,1.028863,1.263333,1.000000
18574.622588,0.027557,0.114741,1.341408,1.027557,1.226667,1.000000
18574.642985,0.023267,0.110397,1.303731,1.023267,1.193333,1.000000
18574.662665,0.027340,0.108747,1.265414,1.027340,1.156667,1.000000
18574.682577,0.015083,0.116324,1.236324,1.015083,1.120000,1.000000
18574.703694,0.014856,0.111450,1.198116,1.014856,1.086667,1.000000
18574.722896,0.016615,0.110937,1.164270,1.016615,1.053333,1.000000
18574.743512,0.019756,0.111343,1.128009,1.019756,1.016667,1.000000
18574.763575,0.028692,0.111725,1.092739,1.024591,0.979953,1.000402
18574.782499,0.041445,0.111784,1.059068,1.031727,0.943306,1.003225
18574.802820,0.055713,0.114522,1.029855,1.042163,0.906966,1.008732
18574.823384,0.071044,0.112435,0.998076,1.056557,0.871129,1.016893
18574.843617,0.077925,0.112958,0.965345,1.064448,0.832834,1.028772
18574.865113,0.088749,0.108786,0.931175,1.080208,0.795614,1.043682
18574.883077,0.090903,0.105536,0.895945,1.090524,0.759709,1.061525
18574.902947,0.099856,0.107289,0.867227,1.107575,0.722562,1.084033
18574.923091,0.112375,0.109529,0.845728,1.127912,0.690125,1.107600
18574.944280,0.118705,0.110753,0.819249,1.146474,0.657239,1.135974
18574.964223,0.128542,0.109152,0.797725,1.169879,0.629174,1.164608
18574.985637,0.136690,0.106650,0.776862,1.194095,0.603493,1.195398
18575.003983,0.142556,0.102913,0.754088,1.220921,0.578554,1.230959
18575.026339,0.147173,0.101636,0.734298,1.246584,0.556795,1.268549
18575.044332,0.150766,0.100958,0.714851,1.274508,0.537107,1.310976
18575.064308,0.151436,0.096950,0.695810,1.304132,0.522449,1.351862
18575.085052,0.156305,0.095827,0.684478,1.333401,0.511394,1.393866
18575.102902,0.155260,0.092631,0.669769,1.364451,0.504027,1.436670
18575.123248,0.155011,0.088285,0.659518,1.395676,0.500547,1.476614
18575.144465,0.143770,0.090885,0.643770,1.425781,0.500000,1.516667
18575.163411,0.129226,0.093242,0.629226,1.456758,0.500000,1.550000
18575.184084,0.115111,0.095853,0.615111,1.487480,0.500000,1.583333
18575.203700,0.100801,0.097593,0.600801,1.519074,0.500000,1.616667
18575.223693,0.091227,0.099058,0.591227,1.550942,0.500000,1.650000
18575.244097,0.079810,0.100634,0.579810,1.582700,0.500000,1.683333
18575.264124,0.073917,0.101746,0.573917,1.614920,0.500000,1.716667
18575.283580,0.063990,0.103063,0.563990,1.646937,0.500000,1.750000
18575.303584,0.053400,0.104850,0.553400,1.678483,0.500000,1.783333
18575.323572,0.041805,0.101499,0.541805,1.711835,0.500000,1.813333
18575.343768,0.027884,0.105481,0.527884,1.744519,0.500000,1.850000
18575.363703,0.018446,0.106570,0.518446,1.776763,0.500000,1.883333
18575.383612,0.007065,0.108891,0.507065,1.807776,0.500000,1.916667
18575.403738,0.002658,0.108604,0.502658,1.841396,0.500000,1.950000
18575.422738,-0.004877,0.108213,0.495123,1.875120,0.500000,1.983333
18575.443250,-0.010343,0.108573,0.489657,1.908094,0.500000,2.016667
18575.463227,-0.018739,0.107257,0.481261,1.942743,0.500000,2.050000
18575.483213,-0.024845,0.108152,0.475155,1.978514,0.500000,2.086667
18575.503505,-0.031514,0.107647,0.468486,2.012353,0.500000,2.120000
18575.522783,-0.040837,0.108200,0.459163,2.048467,0.500000,2.156667
18575.542727,-0.040232,0.108898,0.459768,2.084435,0.500000,2.193333
18575.562974,-0.048767,0.112648,0.451233,2.117352,0.500000,2.230000
18575.583044,-0.051000,0.110436,0.449000,2.152897,0.500000,2.263333
18575.602974,-0.055235,0.108269,0.444765,2.188398,0.500000,2.296667
18575.624476,-0.054289,0.110419,0.445711,2.222914,0.500000,2.333333
18575.643608,-0.052701,0.108937,0.447299,2.257730,0.500000,2.366667
18575.664481,-0.052122,0.108560,0.447878,2.291440,0.500000,2.400000
18575.683371,-0.047742,0.109672,0.452258,2.326995,0.500000,2.436667
18575.703466,-0.041223,0.111819,0.458777,2.358181,0.500000,2.470000
18575.724453,-0.032224,0.112064,0.467039,2.391496,0.500011,2.503342
18575.743110,-0.021788,0.110881,0.471971,2.424218,0.501117,2.533396
18575.763416,-0.006816,0.107287,0.483676,2.457770,0.504027,2.563330
18575.783494,0.002951,0.110436,0.490914,2.490782,0.510019,2.599593
18575.803327,0.010882,0.108874,0.499496,2.524217,0.517765,2.632098
18575.823414,0.026593,0.109010,0.517390,2.555538,0.528772,2.667166
18575.843049,0.041654,0.109273,0.536453,2.584536,0.542326,2.701331
18575.862778,0.054717,0.109465,0.555364,2.612066,0.558352,2.734408
18575.882771,0.066882,0.110187,0.575639,2.640177,0.578554,2.769041
18575.903181,0.077851,0.112767,0.595419,2.665048,0.601466,2.801944
18575.922980,0.090683,0.111469,0.620383,2.689360,0.626940,2.832906
18575.942859,0.101024,0.109159,0.645586,2.713280,0.654814,2.861727
18575.962904,0.112067,0.108389,0.672936,2.735095,0.687509,2.890320
18575.982916,0.122269,0.109240,0.701228,2.755635,0.725349,2.917812
18576.002812,0.133135,0.106974,0.731694,2.772112,0.762645,2.940071
18576.023054,0.139897,0.108010,0.759980,2.789362,0.804805,2.960325
18576.043248,0.146008,0.100902,0.794647,2.805486,0.845492,2.975528
18576.062731,0.147245,0.099514,0.825716,2.822435,0.890602,2.987885
18576.083102,0.147786,0.096775,0.859393,2.837120,0.936670,2.995973
18576.103067,0.145276,0.095053,0.890801,2.850627,0.979953,2.999598
18576.123050,0.136301,0.086385,0.923615,2.863699,1.010000,3.000000
18576.143205,0.123739,0.094074,0.959260,2.876261,1.053333,3.000000
18576.163312,0.111339,0.098997,0.994336,2.888661,1.093333,3.000000
18576.183104,0.099687,0.098038,1.031962,2.900313,1.130000,3.000000
18576.203067,0.086116,0.105154,1.064846,2.913884,1.170000,3.000000
18576.222415,0.074869,0.105911,1.100756,2.925131,1.206667,3.000000
18576.242296,0.064511,0.107376,1.135958,2.935489,1.243333,3.000000
18576.262721,0.054696,0.108658,1.171342,2.945304,1.280000,3.000000
18576.282312,0.044006,0.107919,1.208748,2.955994,1.316667,3.000000
18576.302306,0.033619,0.106784,1.246549,2.966381,1.353333,3.000000
18576.322635,0.024766,0.110886,1.282448,2.975234,1.393333,3.000000
18576.342645,0.016966,0.108727,1.321273,2.983034,1.430000,3.000000
18576.362667,0.009055,0.113102,1.356898,2.990945,1.470000,3.000000
18576.382682,0.000933,0.112301,1.394365,2.999067,1.506667,3.000000
18576.402640,-0.005532,0.116757,1.429910,3.005532,1.546667,3.000000
18576.422642,-0.011860,0.112473,1.470860,3.011860,1.583333,3.000000
18576.442632,-0.016672,0.110292,1.513042,3.016672,1.623333,3.000000
18576.462694,-0.021982,0.116530,1.550137,3.021982,1.666667,3.000000
18576.482649,-0.026309,0.116082,1.590585,3.026309,1.706667,3.000000
18576.502594,-0.028154,0.116549,1.630118,3.028154,1.746667,3.000000
18576.522822,-0.031430,0.116553,1.670114,3.031430,1.786667,3.000000
18576.542782,-0.033411,0.114296,1.712371,3.033411,1.826667,3.000000
18576.562795,-0.036381,0.118494,1.751506,3.036381,1.870000,3.000000
18576.582815,-0.037568,0.117977,1.792023,3.037568,1.910000,3.000000
18576.602818,-0.039280,0.119679,1.833654,3.039280,1.953333,3.000000
18576.622821,-0.039162,0.119768,1.873565,3.039162,1.993333,3.000000
18576.643010,-0.040781,0.120322,1.916345,3.040781,2.036667,3.000000
18576.662898,-0.041600,0.119926,1.956740,3.041600,2.076667,3.000000
18576.682821,-0.041595,0.120273,1.999727,3.041595,2.120000,3.000000
18576.702823,-0.042537,0.120438,2.042895,3.042537,2.163333,3.000000
18576.722823,-0.042209,0.121867,2.084800,3.042209,2.206667,3.000000
18576.743334,-0.041931,0.122950,2.127050,3.041931,2.250000,3.000000
18576.763626,-0.042315,0.123647,2.169686,3.042315,2.293333,3.000000
18576.782882,-0.041160,0.124128,2.212539,3.041160,2.336667,3.000000
18576.803198,-0.039925,0.123783,2.256217,3.039925,2.380000,3.000000
18576.823046,-0.035434,0.130038,2.293295,3.035434,2.423333,3.000000
18576.843354,-0.035785,0.123386,2.339948,3.035785,2.463333,3.000000
18576.863030,-0.034850,0.121783,2.384884,3.034850,2.506667,3.000000
18576.883683,-0.033073,0.121769,2.428231,3.033073,2.550000,3.000000
18576.903146,-0.031116,0.124501,2.472166,3.031116,2.596667,3.000000
18576.922729,-0.028898,0.125531,2.514469,3.028898,2.640000,3.000000
18576.942919,-0.025397,0.125543,2.557790,3.025397,2.683333,3.000000
18576.962850,-0.023161,0.124923,2.601743,3.023161,2.726667,3.000000
18576.982628,-0.020681,0.124582,2.645418,3.020681,2.770000,3.000000
18577.002674,-0.018083,0.124832,2.688502,3.018083,2.813333,3.000000
18577.023332,-0.016990,0.127651,2.729016,3.016990,2.856667,3.000000
18577.043547,-0.013669,0.126830,2.773170,3.013669,2.900000,3.000000
18577.063103,-0.010713,0.126895,2.816439,3.010713,2.943333,3.000000
18577.083069,-0.008155,0.127824,2.858843,3.008155,2.986667,3.000000
18577.103024,-0.004617,0.125944,2.900723,3.004617,3.026667,3.000000
18577.123019,-0.002618,0.126748,2.943252,3.002618,3.070000,3.000000
18577.143236,-0.001230,0.125229,2.984771,3.001230,3.110000,3.000000
18577.163404,-0.000412,0.128195,3.025138,3.000412,3.153333,3.000000
18577.183299,0.000753,0.127401,3.065932,2.999247,3.193333,3.000000
18577.203648,0.000484,0.127650,3.105684,2.999516,3.233333,3.000000
18577.223647,0.000050,0.128465,3.144868,2.999950,3.273333,3.000000
18577.243571,-0.004321,0.132649,3.180684,3.004321,3.313333,3.000000
18577.263606,-0.004546,0.128775,3.221225,3.004546,3.350000,3.000000
18577.283297,-0.006241,0.125637,3.261029,3.006241,3.386667,3.000000
18577.303259,-0.008504,0.128413,3.298253,3.008504,3.426667,3.000000
18577.323270,-0.007492,0.133456,3.329877,3.007492,3.463333,3.000000
18577.343549,-0.010901,0.127610,3.369057,3.010901,3.496667,3.000000
18577.363393,-0.015436,0.123760,3.406240,3.015436,3.530000,3.000000
18577.382959,-0.018195,0.127821,3.442179,3.018195,3.570000,3.000000
18577.402880,-0.020871,0.130421,3.476246,3.020871,3.606667,3.000000
18577.423260,-0.023827,0.130573,3.509427,3.023827,3.640000,3.000000
18577.443415,-0.026548,0.131499,3.541835,3.026548,3.673333,3.000000
18577.463452,-0.027759,0.130665,3.572668,3.027759,3.703333,3.000000
18577.483299,-0.029071,0.129736,3.603597,3.029071,3.733333,3.000000
18577.502929,-0.029213,0.130196,3.633137,3.029213,3.763333,3.000000
18577.523243,-0.028076,0.131865,3.661469,3.028076,3.793333,3.000000
18577.543408,-0.027657,0.128800,3.691200,3.027657,3.820000,3.000000
18577.562974,-0.027778,0.134387,3.715613,3.027778,3.850000,3.000000
18577.583324,-0.023306,0.126807,3.746526,3.023306,3.873333,3.000000
18577.602879,-0.020557,0.123051,3.776949,3.020557,3.900000,3.000000
18577.622872,-0.016736,0.125548,3.804452,3.016736,3.930000,3.000000
18577.643221,-0.012112,0.128323,3.828343,3.012112,3.956667,3.000000
18577.663380,-0.007401,0.128402,3.854932,3.007401,3.983333,3.000000
18577.683283,0.001136,0.127137,3.879543,3.000519,4.006684,2.999955
18577.702720,0.014552,0.130278,3.902437,2.993066,4.033396,2.998883
18577.722514,0.021821,0.130227,3.924833,2.989861,4.056694,2.996775
18577.743390,0.035910,0.131261,3.947759,2.979458,4.083165,2.993035
18577.763125,0.048285,0.131168,3.967706,2.969264,4.106134,2.988606
18577.783329,0.059148,0.132658,3.988526,2.960236,4.132098,2.982235
18577.804391,0.066202,0.125650,4.014550,2.951395,4.154508,2.975528
18577.823623,0.079092,0.128749,4.034065,2.938839,4.182819,2.965379
18577.843070,0.089256,0.132630,4.049724,2.928753,4.207431,2.954942
18577.863389,0.098141,0.128296,4.072299,2.915600,4.231451,2.943205
18577.883276,0.107407,0.128197,4.089771,2.903119,4.254808,2.930201
18577.903574,0.116910,0.130165,4.106889,2.890225,4.280212,2.914103
18577.922384,0.124568,0.127346,4.125216,2.876148,4.301944,2.898534
18577.943049,0.130752,0.126625,4.144128,2.862774,4.325359,2.879660
18577.963898,0.138863,0.125519,4.160834,2.846853,4.347596,2.859412
18577.982263,0.143418,0.123508,4.179397,2.831997,4.368576,2.837864
18578.004473,0.147400,0.120550,4.197805,2.815804,4.388222,2.815093
18578.022148,0.152906,0.125526,4.211089,2.802775,4.408401,2.788459
18578.043459,0.154679,0.118168,4.229387,2.783887,4.423235,2.766218
18578.063670,0.157264,0.119719,4.244825,2.768069,4.440071,2.737355
18578.083472,0.161060,0.118436,4.257596,2.750104,4.453545,2.710467
18578.103631,0.161404,0.115419,4.272950,2.731230,4.465379,2.682819
18578.123244,0.157931,0.112119,4.290681,2.712336,4.475528,2.654508
18578.144430,0.154265,0.107684,4.307583,2.691105,4.483957,2.625639
18578.164716,0.154159,0.103738,4.319381,2.668415,4.490636,2.596316
18578.182942,0.149695,0.102581,4.334491,2.646125,4.495973,2.563330
18578.203036,0.145717,0.098155,4.346936,2.621599,4.498883,2.533396
18578.223026,0.140916,0.094978,4.358441,2.597376,4.499989,2.503342
18578.243533,0.128582,0.099761,4.371418,2.573094,4.500000,2.473333
18578.263775,0.117782,0.099477,4.382218,2.546144,4.500000,2.446667
18578.283481,0.105965,0.101666,4.394035,2.518332,4.500000,2.416667
18578.303283,0.096939,0.103340,4.403061,2.490007,4.500000,2.386667
18578.324494,0.092631,0.102677,4.407369,2.459343,4.500000,2.356667
18578.344090,0.082355,0.102887,4.417645,2.429554,4.500000,2.326667
18578.363853,0.068820,0.107948,4.431180,2.401281,4.500000,2.293333
18578.383419,0.063595,0.107542,4.436405,2.370875,4.500000,2.263333
18578.406266,0.054380,0.108642,4.445620,2.341976,4.500000,2.233333
18578.423314,0.047413,0.107739,4.452587,2.311072,4.500000,2.203333
18578.444243,0.039917,0.110589,4.460083,2.280589,4.500000,2.170000
18578.463497,0.033925,0.109897,4.466075,2.249897,4.500000,2.140000
18578.483501,0.032007,0.108789,4.467993,2.215455,4.500000,2.106667
18578.503351,0.024232,0.110833,4.475768,2.184166,4.500000,2.073333
18578.523194,0.019267,0.109420,4.480733,2.149420,4.500000,2.040000
18578.544117,0.020773,0.108341,4.479227,2.115008,4.500000,2.006667
18578.563731,0.015901,0.112207,4.484099,2.082207,4.500000,1.970000
18578.583101,0.011062,0.110954,4.488938,2.047620,4.500000,1.936667
18578.604961,0.004871,0.110255,4.495129,2.013588,4.500000,1.903333
18578.623376,-0.003741,0.112565,4.503741,1.979232,4.500000,1.866667
18578.643443,-0.028568,0.116205,4.528568,1.949539,4.500000,1.833333
18578.664142,-0.031324,0.111910,4.531324,1.911910,4.500000,1.800000
18578.683426,-0.032310,0.112589,4.532310,1.879256,4.500000,1.766667
18578.703549,-0.039610,0.114281,4.539610,1.844281,4.500000,1.730000
18578.723296,-0.051357,0.114498,4.551357,1.811165,4.500000,1.696667
18578.743544,-0.050109,0.112985,4.550109,1.772985,4.500000,1.660000
18578.764558,-0.044693,0.112369,4.544693,1.735703,4.500000,1.623333
18578.783758,-0.047551,0.113332,4.547551,1.699999,4.500000,1.586667
18578.804166,-0.049219,0.115341,4.549219,1.665341,4.500000,1.550000
18578.824985,-0.053913,0.116485,4.553913,1.629819,4.500000,1.513333
18578.844162,-0.056997,0.118650,4.556997,1.595316,4.500000,1.476667
18578.864098,-0.061007,0.118050,4.561007,1.561383,4.500000,1.443333
18578.883726,-0.063996,0.115965,4.563996,1.525965,4.500000,1.410000
18578.903868,-0.065288,0.117575,4.565288,1.490908,4.500000,1.373333
18578.924427,-0.071433,0.116697,4.571433,1.456697,4.500000,1.340000
18578.943654,-0.069360,0.120638,4.569360,1.423971,4.500000,1.303333
18578.963723,-0.071998,0.120471,4.571998,1.390471,4.500000,1.270000
18578.984745,-0.073252,0.121109,4.573252,1.357775,4.500000,1.236667
18579.004317,-0.077019,0.117706,4.577019,1.324372,4.500000,1.206667
18579.024197,-0.075426,0.118397,4.575426,1.291731,4.500000,1.173333
18579.044607,-0.074119,0.120216,4.574119,1.260216,4.500000,1.140000
18579.064571,-0.072632,0.116721,4.572632,1.226721,4.500000,1.110000
18579.085210,-0.066766,0.119606,4.566766,1.196273,4.500000,1.076667
18579.104290,-0.064274,0.117690,4.564274,1.164357,4.500000,1.046667
18579.123342,-0.054515,0.116902,4.554515,1.133569,4.500000,1.016667
18579.144572,-0.045367,0.118825,4.548342,1.104234,4.499822,0.986661
18579.163692,-0.027451,0.120938,4.535943,1.074805,4.498121,0.956699
18579.183687,-0.011960,0.117953,4.523414,1.045321,4.495103,0.930193
18579.203826,-0.002581,0.118772,4.516161,1.016504,4.490023,0.900616
18579.223312,0.009943,0.121707,4.504806,0.988198,4.482309,0.868176
18579.244215,0.027463,0.120466,4.486198,0.962384,4.473532,0.839478
18579.263691,0.044000,0.119464,4.467372,0.938594,4.463049,0.811358
18579.283701,0.054660,0.120434,4.453083,0.913122,4.449446,0.780914
18579.303930,0.065553,0.121677,4.437452,0.889610,4.433844,0.751445
18579.323835,0.082366,0.119483,4.413907,0.868184,4.416313,0.723082
18579.343482,0.094477,0.118833,4.394191,0.847738,4.396930,0.695950
18579.363344,0.106261,0.117501,4.372279,0.826089,4.373574,0.667671
18579.383376,0.115376,0.118830,4.353135,0.806734,4.348208,0.641181
18579.404472,0.121332,0.120649,4.335589,0.787102,4.320968,0.616621
18579.423390,0.128834,0.119015,4.314911,0.770306,4.294701,0.596080
18579.443457,0.135474,0.121056,4.297080,0.756530,4.267124,0.577336
18579.463957,0.140851,0.119793,4.276518,0.741396,4.238360,0.560472
18579.483338,0.143312,0.116781,4.256734,0.726227,4.211561,0.546964
18579.503108,0.147963,0.118213,4.237568,0.714578,4.180895,0.533870
18579.522921,0.151592,0.118807,4.219475,0.704477,4.152604,0.523857
18579.543263,0.154724,0.113225,4.197207,0.694804,4.126992,0.516396
18579.563863,0.157441,0.110910,4.175740,0.685734,4.097750,0.509648
18579.583040,0.160735,0.111444,4.154506,0.678055,4.064850,0.504223
18579.603159,0.165232,0.109518,4.132676,0.673716,4.034989,0.501226
18579.623048,0.169546,0.109933,4.113234,0.670663,4.005002,0.500025
18579.643446,0.173044,0.109672,4.093185,0.667969,3.974998,0.500626
18579.663266,0.176302,0.103961,4.069999,0.667302,3.948399,0.502670
18579.683268,0.179566,0.102488,4.048991,0.667161,3.918655,0.506661
18579.703419,0.182222,0.100547,4.027631,0.667841,3.889204,0.512430
18579.724243,0.185171,0.099776,4.007738,0.669829,3.860152,0.519956
18579.742792,0.187088,0.097358,3.986284,0.672579,3.831604,0.529210
18579.763062,0.176876,0.082815,3.949281,0.670310,3.803663,0.540161
18579.783242,0.198892,0.103131,3.953404,0.685150,3.770483,0.555791
18579.803187,0.196666,0.100508,3.931206,0.687941,3.744246,0.570361
18579.822976,0.193111,0.096394,3.911324,0.690793,3.724472,0.582766
18579.843168,0.192468,0.092358,3.891332,0.697846,3.702611,0.598055
18579.863041,0.191542,0.090798,3.871610,0.705200,3.679032,0.616621
18579.883666,0.195398,0.089030,3.857405,0.716494,3.659041,0.634285
18579.903146,0.192656,0.088364,3.838209,0.724152,3.637715,0.655400
18579.922938,0.190862,0.087657,3.820123,0.733740,3.617693,0.677755
18579.943410,0.190049,0.085230,3.804067,0.745159,3.601051,0.698604
18579.962933,0.187302,0.085717,3.787112,0.755446,3.583687,0.723082
18579.982719,0.183960,0.084101,3.770673,0.766840,3.569510,0.745680
18580.002084,0.181104,0.081522,3.754839,0.780371,3.556559,0.769002
18580.022895,0.177370,0.082005,3.738892,0.793511,3.543499,0.796023
18580.042076,0.173530,0.080655,3.724182,0.807613,3.533270,0.820660
18580.062125,0.169566,0.079390,3.710153,0.822579,3.524369,0.845809
18580.081989,0.166097,0.077783,3.697337,0.838951,3.516822,0.871396
18580.102073,0.166199,0.073249,3.688348,0.859781,3.510651,0.897349
18580.122094,0.160089,0.075709,3.674812,0.875404,3.505374,0.926893
18580.142537,0.153537,0.075513,3.662087,0.892510,3.502178,0.953377
18580.162373,0.147976,0.075155,3.651265,0.910821,3.500400,0.979995
18580.182201,0.141082,0.073137,3.641082,0.930196,3.500000,1.003333
18580.202282,0.130322,0.077392,3.630322,0.949274,3.500000,1.026667
18580.222465,0.120828,0.079846,3.620828,0.970154,3.500000,1.050000
18580.242668,0.112715,0.077802,3.612715,0.992198,3.500000,1.070000
18580.262892,0.106029,0.079091,3.606029,1.014242,3.500000,1.093333
18580.282789,0.092391,0.081508,3.592391,1.035158,3.500000,1.116667
18580.302802,0.087569,0.084948,3.587569,1.058385,3.500000,1.143333
18580.322478,0.082525,0.084004,3.582525,1.082662,3.500000,1.166667
18580.343300,0.075485,0.084150,3.575485,1.105850,3.500000,1.190000
18580.363630,0.068606,0.086458,3.568606,1.130208,3.500000,1.216667
18580.383044,0.061795,0.087925,3.561795,1.155409,3.500000,1.243333
18580.403542,0.056030,0.087757,3.556030,1.178910,3.500000,1.266667
18580.422595,0.057822,0.089248,3.557822,1.204085,3.500000,1.293333
18580.442624,0.048355,0.087954,3.548355,1.232046,3.500000,1.320000
18580.462822,0.045231,0.091652,3.545231,1.255014,3.500000,1.346667
18580.482596,0.040371,0.091281,3.540371,1.282052,3.500000,1.373333
18580.502617,0.035215,0.090631,3.535215,1.309369,3.500000,1.400000
18580.522619,0.031089,0.090329,3.531089,1.336338,3.500000,1.426667
18580.542929,0.026446,0.094152,3.526446,1.362515,3.500000,1.456667
18580.563236,0.019702,0.093145,3.519702,1.390188,3.500000,1.483333
18580.583215,0.012665,0.094052,3.514448,1.416246,3.499899,1.510026
18580.603735,0.001956,0.097312,3.508140,1.443220,3.498392,1.540062
18580.623549,-0.010811,0.097474,3.497816,1.468598,3.495539,1.566643
18580.643382,-0.023723,0.099243,3.486474,1.494362,3.490636,1.596316
18580.663803,-0.034953,0.097502,3.474627,1.522483,3.483957,1.625639
18580.684040,-0.047558,0.100413,3.461021,1.547397,3.474485,1.657684
18580.703612,-0.056528,0.102367,3.449260,1.572883,3.462893,1.689024
18580.723618,-0.065408,0.101969,3.435236,1.599187,3.449234,1.719519
18580.743639,-0.076892,0.100625,3.417011,1.623481,3.433569,1.749035
18580.763548,-0.085580,0.102170,3.400483,1.647633,3.414103,1.780212
18580.783209,-0.092466,0.102142,3.383135,1.672408,3.392400,1.809875
18580.803507,-0.098247,0.103125,3.365837,1.695456,3.368576,1.837864
18580.824273,-0.105442,0.102730,3.345270,1.716836,3.342761,1.864026
18580.845327,-0.111280,0.101130,3.323488,1.738088,3.315093,1.888222
18580.863116,-0.115496,0.101914,3.301631,1.759323,3.282974,1.912221
18580.882832,-0.121616,0.100767,3.275840,1.777922,3.249035,1.933569
18580.903463,-0.123496,0.101057,3.252144,1.797306,3.213494,1.952129
18580.923198,-0.125852,0.099717,3.225426,1.814822,3.176581,1.967781
18580.943261,-0.127523,0.097620,3.196999,1.830848,3.138532,1.980426
18580.963137,-0.125940,0.097248,3.169807,1.847194,3.099593,1.989981
18580.983213,-0.123515,0.092210,3.139152,1.861774,3.063330,1.995973
18581.003196,-0.120578,0.090649,3.108296,1.874767,3.023386,1.999453
18581.023152,-0.110814,0.086581,3.073248,1.889186,2.986667,2.000000
18581.043369,-0.097299,0.091365,3.038032,1.902701,2.946667,2.000000
18581.062836,-0.085497,0.093189,3.003189,1.914503,2.910000,2.000000
18581.082834,-0.074846,0.095446,2.968780,1.925154,2.873333,2.000000
18581.102792,-0.065404,0.098114,2.934780,1.934596,2.836667,2.000000
18581.122786,-0.058580,0.102075,2.902075,1.941420,2.800000,2.000000
18581.142990,-0.050778,0.102561,2.865894,1.949222,2.763333,2.000000
18581.162834,-0.044148,0.099734,2.829734,1.955852,2.730000,2.000000
18581.182787,-0.038909,0.104138,2.794138,1.961091,2.690000,2.000000
18581.202791,-0.034114,0.104771,2.758104,1.965886,2.653333,2.000000
18581.222795,-0.031299,0.101726,2.721726,1.968701,2.620000,2.000000
18581.242973,-0.030496,0.102275,2.685609,1.969504,2.583333,2.000000
18581.263338,-0.032011,0.106192,2.649526,1.967989,2.543333,2.000000
18581.283468,-0.035260,0.107341,2.614008,1.964740,2.506667,2.000000
18581.303164,-0.047135,0.105941,2.578522,1.958415,2.469939,1.999096
18581.323153,-0.060434,0.106256,2.543711,1.950108,2.430046,1.995082
18581.343415,-0.073326,0.105604,2.509690,1.939442,2.390602,1.987885
18581.363169,-0.086077,0.104209,2.476895,1.926213,2.351862,1.977551
18581.383154,-0.099057,0.105137,2.445759,1.910935,2.310976,1.962893
18581.403141,-0.111941,0.104625,2.415732,1.892982,2.271517,1.944742
18581.423141,-0.124035,0.102992,2.387002,1.873080,2.233782,1.923235
18581.443311,-0.136831,0.099625,2.357761,1.848690,2.195398,1.896507
18581.462830,-0.148392,0.102054,2.333266,1.825950,2.157239,1.864026
18581.482795,-0.158386,0.103596,2.310034,1.802233,2.122523,1.827889
18581.502803,-0.167189,0.098417,2.286763,1.773824,2.093536,1.791182
18581.522870,-0.173395,0.096098,2.264652,1.746002,2.066431,1.749035
18581.543050,-0.175712,0.094446,2.242650,1.718755,2.043682,1.704386
18581.563243,-0.175204,0.090933,2.221723,1.690587,2.026580,1.660852
18581.583545,-0.172393,0.089302,2.202019,1.662815,2.013621,1.615910
18581.603538,-0.166480,0.085743,2.183544,1.635805,2.005897,1.576566
18581.623659,-0.157431,0.084436,2.164559,1.609373,2.001351,1.536730
18581.643706,-0.145575,0.081253,2.146126,1.583620,2.000011,1.503342
18581.663541,-0.124288,0.085397,2.127599,1.556104,1.999453,1.476614
18581.683535,-0.101938,0.093657,2.108496,1.528869,1.997143,1.446628
18581.703617,-0.083324,0.097029,2.091333,1.502606,1.993580,1.420133
18581.723738,-0.062682,0.096799,2.070406,1.475153,1.988606,1.393866
18581.743588,-0.044020,0.099082,2.050533,1.448153,1.981341,1.364682
18581.763611,-0.026883,0.103910,2.031304,1.421777,1.971228,1.332834
18581.783268,-0.010691,0.103156,2.010439,1.395602,1.960325,1.304805
18581.803281,0.005056,0.107609,1.989418,1.369544,1.944742,1.271517
18581.823803,0.019047,0.107815,1.967729,1.344533,1.928488,1.242322
18581.843769,0.033750,0.110051,1.944324,1.320902,1.908401,1.211541
18581.863370,0.044691,0.109080,1.922263,1.297765,1.888222,1.184907
18581.883378,0.058059,0.111597,1.896768,1.275632,1.861727,1.154814
18581.903272,0.069208,0.111338,1.871543,1.255186,1.835392,1.129174
18581.923162,0.080691,0.110839,1.843341,1.235006,1.804602,1.103493
18581.943526,0.088888,0.110185,1.815999,1.214872,1.771852,1.080362
18581.963236,0.096750,0.109350,1.787670,1.196992,1.737355,1.059929
18581.983248,0.103341,0.111754,1.759881,1.180173,1.698267,1.040990
18582.003329,0.106967,0.108694,1.729356,1.162828,1.660852,1.026580
18582.023219,0.108231,0.102440,1.697597,1.146542,1.625639,1.016043
18582.042681,0.111984,0.106873,1.669922,1.135165,1.583165,1.006965
18582.062943,0.106481,0.101085,1.637415,1.117648,1.546721,1.002188
18582.082386,0.102081,0.099539,1.604850,1.103447,1.506684,1.000045
18582.102748,0.088670,0.095023,1.568356,1.088670,1.473333,1.000000
18582.121702,0.073874,0.097504,1.534171,1.073874,1.436667,1.000000
18582.142580,0.060223,0.098420,1.498420,1.060223,1.400000,1.000000
18582.162503,0.048162,0.098867,1.462200,1.048162,1.363333,1.000000
18582.182423,0.034938,0.100771,1.424104,1.034938,1.323333,1.000000
18582.201989,0.026093,0.105346,1.392013,1.026093,1.286667,1.000000
18582.222270,0.017303,0.103257,1.353257,1.017303,1.250000,1.000000
18582.242041,0.011184,0.110593,1.323926,1.011184,1.213333,1.000000
18582.266160,0.007152,0.109304,1.289304,1.007152,1.180000,1.000000
18582.282367,0.004160,0.103558,1.250224,1.004160,1.146667,1.000000
18582.302125,0.003487,0.105909,1.215909,1.003487,1.110000,1.000000
18582.322071,0.005218,0.108522,1.181855,1.005218,1.073333,1.000000
18582.342333,0.007358,0.108722,1.145388,1.007358,1.036667,1.000000
18582.362394,0.012866,0.110476,1.113809,1.012866,1.003333,1.000000
18582.382629,0.026619,0.108711,1.076850,1.020415,0.966604,1.001117
18582.402708,0.041655,0.108678,1.043483,1.030958,0.930046,1.004918
18582.422355,0.056336,0.111110,1.011346,1.042775,0.890602,1.012115
18582.444152,0.073366,0.109032,0.980676,1.060078,0.855058,1.021469
18582.462540,0.083803,0.111299,0.948555,1.072261,0.814075,1.035854
18582.482861,0.091298,0.105158,0.912284,1.087203,0.777483,1.052243
18582.502872,0.103545,0.107189,0.884905,1.105768,0.739463,1.073244
18582.522540,0.107802,0.105880,0.850070,1.122441,0.700726,1.099456
18582.543116,0.127378,0.107839,0.832365,1.150179,0.667094,1.126940
18582.566757,0.134913,0.107026,0.805377,1.173099,0.633691,1.159680
18582.583079,0.146717,0.106788,0.784897,1.200094,0.603493,1.195398
18582.602760,0.151246,0.104283,0.760314,1.226038,0.576765,1.233782
18582.622744,0.151605,0.102402,0.735235,1.251475,0.553741,1.274495
18582.645310,0.157101,0.103354,0.717160,1.280311,0.533410,1.320296
18582.663029,0.157232,0.097479,0.697659,1.311368,0.519574,1.361468
18582.683121,0.159533,0.092460,0.682683,1.345804,0.508732,1.406966
18582.702370,0.160037,0.090156,0.669949,1.378472,0.502188,1.453279
18582.722663,0.150087,0.087397,0.650679,1.410266,0.500011,1.496658
18582.742715,0.136766,0.094007,0.636766,1.442660,0.500000,1.536667
18582.762696,0.120808,0.098261,0.620808,1.475072,0.500000,1.573333
18582.781734,0.105880,0.097980,0.605880,1.508687,0.500000,1.606667
18582.802086,0.094241,0.095960,0.594241,1.544040,0.500000,1.640000
18582.822406,0.081608,0.098570,0.581608,1.578097,0.500000,1.676667
18582.842508,0.070785,0.100639,0.570785,1.612694,0.500000,1.713333
18582.862231,0.061116,0.101837,0.561116,1.648163,0.500000,1.750000
18582.882185,0.052858,0.102200,0.552858,1.684467,0.500000,1.786667
18582.902512,0.036743,0.105266,0.536743,1.718067,0.500000,1.823333
18582.922044,0.024823,0.107594,0.524823,1.752406,0.500000,1.860000
18582.942045,0.015232,0.105602,0.515232,1.787731,0.500000,1.893333
18582.961976,0.007864,0.108195,0.507864,1.821805,0.500000,1.930000
18582.982075,-0.002791,0.109491,0.497209,1.857176,0.500000,1.966667
18583.002450,-0.008196,0.107368,0.491804,1.892632,0.500000,2.000000
18583.022370,-0.019258,0.108896,0.480742,1.927771,0.500000,2.036667
18583.042729,-0.023886,0.110402,0.476114,1.962931,0.500000,2.073333
18583.062863,-0.030465,0.109548,0.469535,2.000452,0.500000,2.110000
18583.082549,-0.036816,0.108949,0.463184,2.037718,0.500000,2.146667
18583.102320,-0.044592,0.107886,0.455408,2.075448,0.500000,2.183333
18583.122533,-0.047779,0.106140,0.452221,2.113860,0.500000,2.220000
18583.142808,-0.049911,0.110327,0.450089,2.149673,0.500000,2.260000
18583.162600,-0.053341,0.109971,0.446659,2.186696,0.500000,2.296667
18583.182742,-0.053474,0.110774,0.446526,2.222559,0.500000,2.333333
18583.203178,-0.054723,0.111064,0.445277,2.258936,0.500000,2.370000
18583.224083,-0.049098,0.108248,0.450902,2.295086,0.500000,2.403333
18583.244263,-0.049207,0.109623,0.450793,2.330377,0.500000,2.440000
18583.265153,-0.038179,0.107799,0.461821,2.365534,0.500000,2.473333
18583.284071,-0.031976,0.108405,0.466622,2.398717,0.500045,2.506684
18583.303146,-0.019096,0.107926,0.473926,2.434013,0.501608,2.540062
18583.323262,-0.001299,0.110745,0.487655,2.467326,0.505897,2.576566
18583.343477,0.007465,0.110452,0.495232,2.499988,0.512115,2.609398
18583.362973,0.011589,0.110302,0.500586,2.536017,0.521469,2.644942
18583.383366,0.038829,0.107865,0.530453,2.561954,0.532219,2.676581
18583.403376,0.044028,0.112923,0.539467,2.592583,0.547871,2.713494
18583.423368,0.059415,0.111619,0.561548,2.619724,0.564776,2.746131
18583.443912,0.072183,0.108223,0.584035,2.647351,0.584033,2.777438
18583.463436,0.084822,0.112431,0.605628,2.671711,0.609680,2.812491
18583.483330,0.098604,0.109350,0.632801,2.695553,0.635974,2.842761
18583.503326,0.110497,0.109672,0.658835,2.717595,0.667094,2.873060
18583.523312,0.121787,0.109226,0.686122,2.737605,0.700726,2.900544
18583.543478,0.134486,0.106698,0.718472,2.756373,0.739463,2.926756
18583.563056,0.141422,0.105318,0.746107,2.774242,0.777483,2.947757
18583.583309,0.149921,0.101967,0.779026,2.790040,0.820296,2.966590
18583.603327,0.152762,0.101195,0.808607,2.806893,0.864682,2.981341
18583.623331,0.152907,0.098574,0.840725,2.823762,0.910252,2.991879
18583.643619,0.149980,0.096968,0.870749,2.839427,0.953279,2.997812
18583.663282,0.109172,-0.125773,0.902770,2.855932,0.986633,2.999821
18583.683307,0.129293,0.091141,0.932192,2.870707,1.023333,3.000000
18583.703331,0.113666,0.096429,0.963571,2.886334,1.060000,3.000000
18583.723299,0.099605,0.095554,0.997779,2.900395,1.093333,3.000000
18583.743356,0.085170,0.093990,1.032676,2.914830,1.126667,3.000000
18583.763374,0.070889,0.097131,1.066203,2.929111,1.163333,3.000000
18583.783368,0.056554,0.100039,1.099961,2.943446,1.200000,3.000000
18583.803314,0.043288,0.096508,1.136825,2.956712,1.233333,3.000000
18583.823358,0.030579,0.102317,1.171016,2.969421,1.273333,3.000000
18583.843529,0.019536,0.104826,1.205174,2.980464,1.310000,3.000000
18583.863390,0.007736,0.102343,1.240991,2.992264,1.343333,3.000000
18583.883316,-0.003447,0.100365,1.279635,3.003447,1.380000,3.000000
18583.903332,-0.012723,0.101716,1.318284,3.012723,1.420000,3.000000
18583.923314,-0.019654,0.103394,1.356606,3.019654,1.460000,3.000000
18583.943493,-0.025616,0.106187,1.393813,3.025616,1.500000,3.000000
18583.963240,-0.030032,0.105117,1.434883,3.030032,1.540000,3.000000
18583.983227,-0.033578,0.105712,1.474288,3.033578,1.580000,3.000000
18584.003336,-0.035189,0.107333,1.516001,3.035189,1.623333,3.000000
18584.023323,-0.035074,0.108631,1.554702,3.035074,1.663333,3.000000
18584.043258,-0.032795,0.111931,1.594735,3.032795,1.706667,3.000000
18584.063312,-0.034527,0.108094,1.638573,3.034527,1.746667,3.000000
18584.083325,-0.035516,0.109064,1.680936,3.035516,1.790000,3.000000
18584.103297,-0.034252,0.112043,1.721290,3.034252,1.833333,3.000000
18584.122409,-0.034674,0.113735,1.762932,3.034674,1.876667,3.000000
18584.142405,-0.033730,0.111236,1.805430,3.033730,1.916667,3.000000
18584.162686,-0.032582,0.112439,1.847561,3.032582,1.960000,3.000000
18584.182340,-0.032043,0.112717,1.890617,3.032043,2.003333,3.000000
18584.202303,-0.029146,0.116960,1.929706,3.029146,2.046667,3.000000
18584.222619,-0.029508,0.116027,1.973973,3.029508,2.090000,3.000000
18584.242672,-0.030932,0.117721,2.015612,3.030932,2.133333,3.000000
18584.262540,-0.030474,0.115630,2.061037,3.030474,2.176667,3.000000
18584.282633,-0.028615,0.115192,2.104808,3.028615,2.220000,3.000000
18584.302999,-0.028296,0.118337,2.148330,3.028296,2.266667,3.000000
18584.322920,-0.026707,0.116881,2.193119,3.026707,2.310000,3.000000
18584.343174,-0.024657,0.119969,2.236697,3.024657,2.356667,3.000000
18584.363232,-0.019700,0.121729,2.278271,3.019700,2.400000,3.000000
18584.383135,-0.018895,0.119914,2.323419,3.018895,2.443333,3.000000
18584.402863,-0.019897,0.120308,2.366359,3.019897,2.486667,3.000000
18584.423198,-0.017127,0.120903,2.412431,3.017127,2.533333,3.000000
18584.443466,-0.014119,0.119042,2.457624,3.014119,2.576667,3.000000
18584.462540,-0.011078,0.121394,2.501939,3.011078,2.623333,3.000000
18584.482238,-0.007517,0.123744,2.546256,3.007517,2.670000,3.000000
18584.502437,-0.004934,0.122737,2.590597,3.004934,2.713333,3.000000
18584.522424,-0.001941,0.122171,2.634496,3.001941,2.756667,3.000000
18584.542435,0.000535,0.124293,2.679040,2.999465,2.803333,3.000000
18584.562752,0.002100,0.123654,2.723012,2.997900,2.846667,3.000000
18584.583085,0.003433,0.123132,2.766868,2.996567,2.890000,3.000000
18584.602800,0.006049,0.122011,2.811322,2.993951,2.933333,3.000000
18584.622763,0.008070,0.125089,2.854911,2.991930,2.980000,3.000000
18584.642938,0.008901,0.125842,2.897491,2.991099,3.023333,3.000000
18584.662771,0.009700,0.122411,2.940922,2.990300,3.063333,3.000000
18584.682776,0.011005,0.121975,2.984692,2.988995,3.106667,3.000000
18584.702045,0.011179,0.122432,3.027568,2.988821,3.150000,3.000000
18584.723079,0.011033,0.124315,3.069018,2.988967,3.193333,3.000000
18584.743061,0.008157,0.129817,3.106850,2.991843,3.236667,3.000000
18584.762841,0.008198,0.124568,3.148765,2.991802,3.273333,3.000000
18584.782791,0.006432,0.122111,3.191222,2.993568,3.313333,3.000000
18584.802668,0.003845,0.124061,3.232605,2.996155,3.356667,3.000000
18584.822753,0.001635,0.125814,3.270853,2.998365,3.396667,3.000000
18584.842810,-0.001787,0.127395,3.309272,3.001787,3.436667,3.000000
18584.862662,-0.004604,0.126577,3.346756,3.004604,3.473333,3.000000
18584.882710,-0.009421,0.126066,3.383934,3.009421,3.510000,3.000000
18584.902665,-0.011215,0.125185,3.421482,3.011215,3.546667,3.000000
18584.922390,-0.013140,0.126339,3.456994,3.013140,3.583333,3.000000
18584.942677,-0.016763,0.127137,3.492863,3.016763,3.620000,3.000000
18584.963377,-0.018952,0.125420,3.527913,3.018952,3.653333,3.000000
18584.982374,-0.021433,0.126789,3.563211,3.021433,3.690000,3.000000
18585.003312,-0.022680,0.127296,3.596037,3.022680,3.723333,3.000000
18585.024713,-0.023942,0.129302,3.627365,3.023942,3.756667,3.000000
18585.043657,-0.024588,0.127628,3.659038,3.024588,3.786667,3.000000
18585.063091,-0.032421,0.139278,3.677389,3.032421,3.816667,3.000000
18585.083073,-0.032423,0.130189,3.713144,3.032423,3.843333,3.000000
18585.102347,-0.032844,0.125660,3.741007,3.032844,3.866667,3.000000
18585.122384,-0.027850,0.122038,3.774629,3.027850,3.896667,3.000000
18585.142830,-0.021202,0.119939,3.806728,3.021202,3.926667,3.000000
18585.163635,-0.015548,0.120650,3.836017,3.015548,3.956667,3.000000
18585.183268,-0.010890,0.127566,3.859101,3.010890,3.986667,3.000000
18585.202636,0.000503,0.128587,3.884812,3.002756,4.013367,2.999821
18585.222367,0.013737,0.127804,3.908262,2.994338,4.036730,2.998649
18585.242882,0.026731,0.125554,3.935402,2.985360,4.063330,2.995973
18585.262855,0.040555,0.126950,3.957581,2.974770,4.089748,2.991879
18585.282891,0.053544,0.128110,3.981979,2.964123,4.119159,2.985594
18585.303830,0.065220,0.128630,4.002929,2.953399,4.144942,2.978531
18585.323726,0.072350,0.136326,4.020492,2.948385,4.173450,2.968951
18585.343114,0.083717,0.129375,4.043404,2.933758,4.195195,2.960325
18585.362190,0.093981,0.131169,4.060407,2.922383,4.219519,2.949234
18585.383528,0.102138,0.131504,4.078636,2.911588,4.243216,2.936859
18585.402846,0.110489,0.128422,4.098684,2.898086,4.266218,2.923235
18585.422870,0.119781,0.124947,4.119853,2.881855,4.291182,2.906464
18585.442704,0.126881,0.125954,4.137338,2.869080,4.315093,2.888222
18585.464141,0.136704,0.128607,4.153053,2.853693,4.340320,2.866309
18585.482829,0.141065,0.123441,4.172196,2.838261,4.359412,2.847596
18585.502556,0.148717,0.124848,4.187653,2.822138,4.381826,2.822814
18585.523197,0.153029,0.120573,4.205786,2.804268,4.400544,2.799274
18585.543356,0.155732,0.119072,4.224196,2.787115,4.419638,2.771852
18585.564167,0.160361,0.117906,4.239396,2.768228,4.436859,2.743216
18585.583200,0.162112,0.113544,4.255399,2.748660,4.450691,2.716512
18585.603944,0.165338,0.113184,4.268577,2.729512,4.464146,2.685925
18585.624165,0.165872,0.109269,4.284008,2.707172,4.475528,2.654508
18585.644135,0.164640,0.106525,4.299079,2.685381,4.484786,2.622402
18585.664147,0.160250,0.103622,4.315632,2.662923,4.491879,2.589748
18585.683945,0.158453,0.101955,4.327784,2.640024,4.496775,2.556694
18585.703846,0.152824,0.098671,4.341406,2.617086,4.499285,2.526724
18585.724221,0.146502,0.098366,4.353498,2.595033,4.500000,2.496667
18585.743497,0.135013,0.098248,4.364987,2.568248,4.500000,2.470000
18585.764246,0.123790,0.097749,4.376210,2.541082,4.500000,2.443333
18585.784121,0.111766,0.099640,4.388234,2.512974,4.500000,2.413333
18585.804041,0.102712,0.097836,4.397288,2.484503,4.500000,2.386667
18585.824226,0.092572,0.099392,4.407428,2.456059,4.500000,2.356667
18585.843545,0.080456,0.104656,4.419544,2.427989,4.500000,2.323333
18585.862313,0.071067,0.102563,4.428933,2.399229,4.500000,2.296667
18585.882262,0.061304,0.103850,4.438696,2.370516,4.500000,2.266667
18585.902857,0.056671,0.104104,4.443329,2.340770,4.500000,2.236667
18585.923054,0.045931,0.105039,4.454069,2.311705,4.500000,2.206667
18585.943032,0.037436,0.105177,4.462564,2.281843,4.500000,2.176667
18585.962494,0.029927,0.105392,4.470073,2.252059,4.500000,2.146667
18585.982823,0.024958,0.107755,4.475042,2.221089,4.500000,2.113333
18586.003146,0.018364,0.105783,4.481636,2.189116,4.500000,2.083333
18586.022823,0.011465,0.105042,4.488535,2.155042,4.500000,2.050000
18586.043147,0.007301,0.105046,4.492699,2.121712,4.500000,2.016667
18586.063015,0.001042,0.107367,4.498958,2.087367,4.500000,1.980000
18586.082716,-0.001148,0.106908,4.501148,2.053574,4.500000,1.946667
18586.102753,-0.005897,0.107684,4.505897,2.017684,4.500000,1.910000
18586.122740,-0.012711,0.106084,4.512711,1.982751,4.500000,1.876667
18586.142996,-0.025627,0.107287,4.525627,1.947287,4.500000,1.840000
18586.162781,-0.035216,0.112114,4.535216,1.915448,4.500000,1.803333
18586.183110,-0.054586,0.113274,4.554586,1.883274,4.500000,1.770000
18586.202579,-0.053543,0.109684,4.553543,1.846351,4.500000,1.736667
18586.222155,-0.057535,0.112087,4.557535,1.812087,4.500000,1.700000
18586.242561,-0.056136,0.112842,4.556136,1.776175,4.500000,1.663333
18586.262687,-0.056180,0.110238,4.556180,1.740238,4.500000,1.630000
18586.282578,-0.057457,0.109536,4.557457,1.702869,4.500000,1.593333
18586.302906,-0.058104,0.109684,4.558104,1.666350,4.500000,1.556667
18586.322525,-0.059337,0.110501,4.559337,1.630501,4.500000,1.520000
18586.342628,-0.062219,0.112622,4.562219,1.595955,4.500000,1.483333
18586.362566,-0.063247,0.112779,4.563247,1.559446,4.500000,1.446667
18586.382296,-0.068382,0.115044,4.568382,1.525044,4.500000,1.410000
18586.402730,-0.069412,0.113599,4.569412,1.490266,4.500000,1.376667
18586.422726,-0.070242,0.114543,4.570242,1.454543,4.500000,1.340000
18586.442469,-0.072708,0.114757,4.572708,1.421424,4.500000,1.306667
18586.462621,-0.075259,0.112017,4.575259,1.385350,4.500000,1.273333
18586.482642,-0.078341,0.116057,4.578341,1.352724,4.500000,1.236667
18586.503030,-0.081427,0.113779,4.581427,1.317112,4.500000,1.203333
18586.522941,-0.078062,0.112455,4.578062,1.282455,4.500000,1.170000
18586.543562,-0.076451,0.112806,4.576451,1.249472,4.500000,1.136667
18586.562946,-0.076320,0.111013,4.576320,1.214347,4.500000,1.103333
18586.583469,-0.074230,0.110172,4.574230,1.180172,4.500000,1.070000
18586.604308,-0.071033,0.112003,4.571033,1.148669,4.500000,1.036667
18586.622824,-0.065778,0.109386,4.565778,1.116052,4.500000,1.006667
18586.643460,-0.051461,0.110406,4.556013,1.084547,4.499455,0.976663
18586.663180,-0.038152,0.111462,4.546963,1.053504,4.497155,0.946741
18586.682854,-0.025127,0.111710,4.536384,1.023001,4.493065,0.917010
18586.703385,-0.016170,0.112608,4.528272,0.993667,4.487198,0.887579
18586.722991,-0.007334,0.111467,4.518143,0.963391,4.479575,0.858552
18586.743128,0.011620,0.111311,4.497135,0.938668,4.470225,0.830035
18586.762971,0.018952,0.117478,4.487706,0.914262,4.457851,0.799072
18586.782765,0.028361,0.115181,4.472263,0.887405,4.444972,0.771965
18586.803040,0.039509,0.113160,4.454030,0.863205,4.430490,0.745680
18586.823662,0.053902,0.109324,4.430930,0.841083,4.414457,0.720311
18586.843265,0.065582,0.111786,4.410467,0.819081,4.392839,0.690682
18586.862810,0.073798,0.112893,4.392136,0.798450,4.371349,0.665187
18586.882813,0.085730,0.121899,4.375983,0.787597,4.348208,0.641181
18586.902719,0.094742,0.116512,4.352603,0.768741,4.326053,0.620936
18586.922412,0.102646,0.113883,4.329558,0.750499,4.300063,0.600048
18586.942635,0.111104,0.112360,4.306306,0.735346,4.272739,0.580937
18586.962938,0.118537,0.112764,4.282848,0.720309,4.241286,0.562072
18586.982924,0.127660,0.111926,4.257019,0.708270,4.208535,0.545563
18587.002930,0.136407,0.109988,4.230070,0.697734,4.174661,0.531499
18587.022601,0.144750,0.108112,4.203159,0.689167,4.139848,0.519956
18587.043175,0.153197,0.108559,4.176387,0.682282,4.101018,0.510311
18587.062852,0.159800,0.108035,4.151247,0.676685,4.064850,0.504223
18587.082938,0.164297,0.107458,4.126308,0.670925,4.028333,0.500803
18587.103176,0.172614,0.105952,4.098281,0.670230,3.988328,0.500136
18587.122797,0.178860,0.100273,4.068793,0.670678,3.951718,0.502337
18587.143428,0.184382,0.096903,4.039896,0.672261,3.912081,0.507790
18587.163109,0.189209,0.093336,4.011340,0.675695,3.873008,0.516396
18587.183156,0.192703,0.091993,3.983123,0.679673,3.831604,0.529210
18587.203127,0.194355,0.089982,3.956412,0.684381,3.794501,0.544182
18587.223108,0.197227,0.089908,3.930580,0.691883,3.755799,0.563691
18587.242995,0.198657,0.088168,3.905517,0.700577,3.721695,0.584613
18587.262895,0.199283,0.085977,3.882482,0.710151,3.691994,0.606132
18587.282838,0.196720,0.085566,3.857646,0.718867,3.661488,0.632019
18587.302811,0.195424,0.083522,3.835077,0.730662,3.635424,0.657824
18587.322770,0.193221,0.081264,3.812644,0.743846,3.611322,0.685469
18587.343018,0.190652,0.081158,3.792200,0.756891,3.589311,0.714808
18587.362685,0.189023,0.080602,3.773252,0.772428,3.569510,0.745680
18587.382666,0.184248,0.082255,3.755069,0.784421,3.553517,0.774938
18587.402839,0.180894,0.079875,3.737229,0.802111,3.539509,0.805197
18587.422295,0.175994,0.077105,3.720286,0.819209,3.528651,0.833175
18587.443176,0.171977,0.077470,3.705089,0.836817,3.518580,0.864962
18587.462903,0.161078,0.079073,3.685518,0.850929,3.511346,0.894088
18587.482733,0.163986,0.073321,3.679137,0.876194,3.505872,0.923595
18587.502642,0.159251,0.072041,3.667453,0.896500,3.502178,0.953377
18587.523733,0.152936,0.072266,3.655538,0.916201,3.500278,0.983328
18587.542881,0.147173,0.072482,3.647173,0.937518,3.500000,1.010000
18587.563672,0.137378,0.078358,3.637378,0.958309,3.500000,1.036667
18587.583556,0.127543,0.080098,3.627543,0.979902,3.500000,1.060000
18587.602805,0.116093,0.082415,3.616093,1.000919,3.500000,1.083333
18587.622784,0.105890,0.084090,3.605890,1.022577,3.500000,1.106667
18587.642981,0.095659,0.084241,3.595659,1.045759,3.500000,1.130000
18587.662841,0.090030,0.086065,3.590030,1.067268,3.500000,1.153333
18587.683155,0.082318,0.087286,3.582318,1.089381,3.500000,1.176667
18587.703037,0.078737,0.087565,3.578737,1.112435,3.500000,1.200000
18587.723108,0.069688,0.087845,3.569688,1.135489,3.500000,1.223333
18587.743393,0.061949,0.087489,3.561949,1.159178,3.500000,1.246667
18587.762915,0.057700,0.089889,3.557700,1.183444,3.500000,1.273333
18587.783055,0.057902,0.090324,3.557902,1.206343,3.500000,1.296667
18587.803062,0.050723,0.094365,3.550723,1.228968,3.500000,1.323333
18587.822871,0.049421,0.091547,3.549421,1.255120,3.500000,1.346667
18587.842730,0.043790,0.091435,3.543790,1.278565,3.500000,1.370000
18587.862772,0.040311,0.092829,3.540311,1.303837,3.500000,1.396667
18587.882807,0.034479,0.093695,3.534479,1.329638,3.500000,1.423333
18587.902794,0.030645,0.090458,3.530645,1.356209,3.500000,1.446667
18587.922759,0.024098,0.091951,3.524098,1.381383,3.500000,1.473333
18587.943236,0.014952,0.096919,3.515588,1.406525,3.499989,1.503342
18587.962732,0.004675,0.098543,3.509687,1.431977,3.499096,1.530061
18587.982840,-0.003463,0.099345,3.504599,1.457596,3.496775,1.556694
18588.003207,-0.017283,0.098819,3.492430,1.482848,3.493035,1.583165
18588.023291,-0.027648,0.098895,3.482488,1.510075,3.487143,1.612656
18588.043500,-0.039010,0.099119,3.470177,1.535629,3.479489,1.641741
18588.063234,-0.050113,0.101371,3.457116,1.560990,3.468951,1.673450
18588.083248,-0.061340,0.106011,3.443671,1.582562,3.456318,1.704386
18588.103263,-0.073394,0.102331,3.425517,1.606769,3.443205,1.731451
18588.123280,-0.081544,0.100861,3.409713,1.631960,3.426756,1.760537
18588.143579,-0.089846,0.102808,3.393298,1.655284,3.406464,1.791182
18588.163334,-0.096840,0.104783,3.376721,1.677759,3.383975,1.820255
18588.183302,-0.104463,0.105113,3.357395,1.699417,3.359412,1.847596
18588.202935,-0.111548,0.105001,3.336979,1.719920,3.332906,1.873060
18588.222984,-0.117146,0.103531,3.315338,1.740538,3.304602,1.896507
18588.242633,-0.122659,0.100901,3.291589,1.759890,3.274651,1.917812
18588.263261,-0.126494,0.101446,3.268463,1.778793,3.240291,1.938475
18588.282140,-0.129708,0.100855,3.243408,1.796716,3.204386,1.956318
18588.303435,-0.131540,0.100109,3.217536,1.813788,3.167166,1.971228
18588.322114,-0.132562,0.097966,3.189360,1.829773,3.128871,1.983107
18588.342011,-0.132290,0.097629,3.162046,1.844214,3.089748,1.991879
18588.361973,-0.133323,0.097744,3.136326,1.854149,3.053372,1.997143
18588.382015,-0.127706,0.092441,3.104830,1.868997,3.016707,1.999721
18588.402145,-0.117734,0.092994,3.072994,1.882266,2.980000,2.000000
18588.421893,-0.105627,0.093132,3.039799,1.894373,2.946667,2.000000
18588.441844,-0.093914,0.097929,3.007929,1.906086,2.910000,2.000000
18588.461829,-0.083118,0.098383,2.975050,1.916882,2.876667,2.000000
18588.481833,-0.069624,0.098730,2.938730,1.930376,2.840000,2.000000
18588.501808,-0.060550,0.099351,2.906017,1.939450,2.806667,2.000000
18588.521822,-0.050339,0.101100,2.871100,1.949661,2.770000,2.000000
18588.541786,-0.042055,0.102939,2.836272,1.957945,2.733333,2.000000
18588.561809,-0.034144,0.101173,2.801173,1.965856,2.700000,2.000000
18588.581787,-0.028507,0.102526,2.765860,1.971493,2.663333,2.000000
18588.601789,-0.025289,0.104312,2.730978,1.974711,2.626667,2.000000
18588.621841,-0.023949,0.102203,2.695537,1.976051,2.593333,2.000000
18588.641649,-0.024953,0.103708,2.660374,1.975047,2.556667,2.000000
18588.662202,-0.028015,0.105388,2.625388,1.971985,2.520000,2.000000
18588.682820,-0.036660,0.106471,2.590929,1.966639,2.483293,1.999721
18588.702462,-0.049684,0.106202,2.557527,1.959080,2.446628,1.997143
18588.722456,-0.063178,0.104487,2.524382,1.948483,2.410252,1.991879
18588.742738,-0.076167,0.105744,2.492931,1.936768,2.371129,1.983107
18588.762459,-0.089123,0.105885,2.462423,1.922634,2.332834,1.971228
18588.782215,-0.102811,0.107640,2.433161,1.906052,2.292569,1.954942
18588.802455,-0.115252,0.105509,2.405031,1.887484,2.256784,1.936859
18588.822465,-0.127919,0.104764,2.378243,1.866873,2.219788,1.914103
18588.842646,-0.140449,0.105691,2.353171,1.844802,2.182319,1.886107
18588.862380,-0.151861,0.105266,2.329335,1.821178,2.147630,1.854733
18588.882394,-0.161328,0.099451,2.303615,1.793296,2.116025,1.820255
18588.902324,-0.171334,0.101656,2.284767,1.768384,2.085897,1.780212
18588.921703,-0.175726,0.095453,2.261501,1.739548,2.061525,1.740291
18588.942592,-0.178787,0.093824,2.240903,1.711777,2.039675,1.695195
18588.962816,-0.178020,0.090814,2.220606,1.684003,2.023450,1.651327
18588.982722,-0.174958,0.089652,2.201396,1.656605,2.011394,1.606134
18589.002994,-0.169919,0.087953,2.184587,1.631164,2.004461,1.566643
18589.022813,-0.163285,0.086359,2.169086,1.606447,2.000904,1.530061
18589.043438,-0.149091,0.077742,2.149091,1.577742,2.000000,1.500000
18589.063255,-0.126172,0.087481,2.130299,1.549676,1.999096,1.469939
18589.082961,-0.106509,0.091607,2.112985,1.522246,1.996775,1.443306
18589.103519,-0.089701,0.102597,2.098559,1.499082,1.992468,1.413542
18589.122335,-0.069431,0.102257,2.077828,1.471327,1.987143,1.387344
18589.142828,-0.051994,0.100278,2.058168,1.443414,1.980426,1.361468
18589.162160,-0.034561,0.101158,2.037620,1.416616,1.971228,1.332834
18589.181984,-0.018265,0.104951,2.017395,1.390837,1.959010,1.301733
18589.202026,-0.003533,0.107287,1.996911,1.365333,1.944742,1.271517
18589.221983,0.009504,0.111893,1.976948,1.339918,1.926756,1.239463
18589.242503,0.020370,0.112421,1.956621,1.315118,1.908401,1.211541
18589.262463,0.032172,0.114314,1.933895,1.291035,1.886107,1.182319
18589.281963,0.041732,0.112801,1.910971,1.267972,1.864026,1.157239
18589.302505,0.049779,0.113715,1.888052,1.244960,1.837864,1.131424
18589.321853,0.057377,0.112056,1.862257,1.222077,1.809875,1.107600
18589.342868,0.064709,0.110712,1.835640,1.201535,1.780212,1.085897
18589.362307,0.071142,0.111403,1.808081,1.181541,1.746131,1.064776
18589.382178,0.075894,0.107871,1.778632,1.162559,1.713494,1.047871
18589.402197,0.079309,0.107788,1.749414,1.144484,1.676581,1.032219
18589.422191,0.080614,0.104268,1.718879,1.127376,1.641741,1.020511
18589.442138,0.081769,0.103477,1.687307,1.112004,1.602866,1.010696
18589.461826,0.081547,0.101476,1.653660,1.097770,1.563330,1.004027
18589.482410,0.078810,0.099524,1.621893,1.084732,1.526724,1.000715
18589.502631,0.073028,0.100208,1.586874,1.073028,1.486667,1.000000
18589.522113,0.062383,0.103133,1.553133,1.062383,1.450000,1.000000
18589.542138,0.053126,0.101720,1.515053,1.053126,1.413333,1.000000
18589.562273,0.043618,0.102520,1.479187,1.043618,1.376667,1.000000
18589.582143,0.037140,0.105965,1.442632,1.037140,1.336667,1.000000
18589.601821,0.031557,0.106140,1.406140,1.031557,1.300000,1.000000
18589.621675,0.027038,0.105704,1.369038,1.027038,1.263333,1.000000
18589.641698,0.022584,0.111986,1.335320,1.022584,1.223333,1.000000
18589.661908,0.018234,0.107041,1.297041,1.018234,1.190000,1.000000
18589.681932,0.015916,0.109211,1.262544,1.015916,1.153333,1.000000
18589.701927,0.015047,0.111203,1.227870,1.015047,1.116667,1.000000
18589.721913,0.017049,0.114362,1.194362,1.017049,1.080000,1.000000
18589.742049,0.020178,0.110157,1.156824,1.020178,1.046667,1.000000
18589.761897,0.024733,0.111310,1.121310,1.024733,1.010000,1.000000
18589.781918,0.035449,0.110131,1.085144,1.030226,0.973276,1.000715
18589.801980,0.048872,0.109070,1.047967,1.038359,0.933357,1.004461
18589.822142,0.064858,0.115746,1.020741,1.050205,0.893866,1.011394
18589.842628,0.072955,0.106135,0.980722,1.060386,0.858259,1.020511
18589.862079,0.082069,0.107049,0.946826,1.071867,0.817181,1.034621
18589.882323,0.089070,0.106579,0.912565,1.084575,0.777483,1.052243
18589.902311,0.101060,0.108935,0.885100,1.102737,0.739463,1.073244
18589.922585,0.107196,0.107096,0.853216,1.120238,0.703410,1.097465
18589.942188,0.124577,0.111271,0.835431,1.144696,0.669595,1.124724
18589.962501,0.124089,0.107479,0.802246,1.162726,0.638273,1.154814
18589.982588,0.131177,0.107598,0.779329,1.185497,0.609680,1.187509
18590.002618,0.138953,0.103657,0.757150,1.213428,0.584033,1.222562
18590.024380,0.139556,0.100033,0.731982,1.239053,0.561525,1.259709
18590.042371,0.142322,0.101188,0.711769,1.265276,0.540990,1.301733
18590.062652,0.142708,0.097791,0.691781,1.294522,0.525515,1.342316
18590.082325,0.143704,0.095093,0.675455,1.324901,0.513621,1.384090
18590.102383,0.146771,0.095117,0.664521,1.354153,0.505396,1.426738
18590.122654,0.149022,0.093800,0.655297,1.385269,0.500904,1.469939
18590.143073,0.147826,0.098033,0.647826,1.408634,0.500000,1.506667
18590.162867,0.131631,0.098050,0.631631,1.441950,0.500000,1.540000
18590.182833,0.117375,0.095718,0.617375,1.474282,0.500000,1.570000
18590.202231,0.101923,0.087633,0.601923,1.515701,0.500000,1.603333
18590.222534,0.092640,0.102675,0.592640,1.540658,0.500000,1.643333
18590.242506,0.081805,0.102032,0.581805,1.574635,0.500000,1.676667
18590.262523,0.073418,0.101957,0.573418,1.608043,0.500000,1.710000
18590.282394,0.062484,0.102738,0.562484,1.640595,0.500000,1.743333
18590.302717,0.053027,0.101687,0.553027,1.674979,0.500000,1.776667
18590.322204,0.040440,0.099565,0.540440,1.710435,0.500000,1.810000
18590.341813,0.033569,0.102840,0.533569,1.743827,0.500000,1.846667
18590.362188,0.019948,0.105582,0.519948,1.777751,0.500000,1.883333
18590.382188,0.010660,0.105548,0.510660,1.811118,0.500000,1.916667
18590.402248,0.002955,0.108664,0.502955,1.844670,0.500000,1.953333
18590.422481,-0.001655,0.107119,0.498345,1.879548,0.500000,1.986667
18590.442508,-0.010572,0.106093,0.489428,1.913907,0.500000,2.020000
18590.462431,-0.017350,0.107582,0.482650,1.949085,0.500000,2.056667
18590.482186,-0.023178,0.109530,0.476822,1.983803,0.500000,2.093333
18590.503474,-0.030937,0.111027,0.469063,2.018973,0.500000,2.130000
18590.522985,-0.038765,0.109655,0.461235,2.053678,0.500000,2.163333
18590.542471,-0.043342,0.109379,0.456658,2.090621,0.500000,2.200000
18590.562536,-0.047981,0.105739,0.452019,2.127594,0.500000,2.233333
18590.582508,-0.047752,0.105308,0.452248,2.164692,0.500000,2.270000
18590.602531,-0.049501,0.112162,0.450499,2.197838,0.500000,2.310000
18590.622524,-0.052530,0.110861,0.447470,2.232473,0.500000,2.343333
18590.642818,-0.050339,0.110343,0.449661,2.266324,0.500000,2.376667
18590.662810,-0.047190,0.111938,0.452810,2.301395,0.500000,2.413333
18590.682798,-0.040056,0.110602,0.459944,2.336065,0.500000,2.446667
18590.702817,-0.037057,0.110126,0.462943,2.369874,0.500000,2.480000
18590.722814,-0.025713,0.109958,0.471535,2.404136,0.500179,2.513367
18590.742823,-0.011080,0.113213,0.480577,2.435039,0.502188,2.546721
18590.762525,-0.002728,0.109866,0.486377,2.468414,0.505897,2.576566
18590.782519,-0.000378,0.108014,0.488112,2.504084,0.512115,2.609398
18590.802827,0.027806,0.108750,0.516557,2.532801,0.521469,2.644942
18590.822516,0.032766,0.111797,0.523805,2.563601,0.533410,2.679704
18590.843252,0.050506,0.110071,0.546542,2.592396,0.547871,2.713494
18590.863097,0.057236,0.108160,0.561355,2.623808,0.564776,2.746131
18590.883043,0.070708,0.113079,0.581085,2.646932,0.585897,2.780212
18590.903432,0.087128,0.110156,0.608851,2.672046,0.609680,2.812491
18590.923067,0.097780,0.108702,0.632645,2.696589,0.635974,2.842761
18590.943234,0.108963,0.108633,0.658590,2.719431,0.667094,2.873060
18590.963066,0.120049,0.109830,0.686200,2.740738,0.703410,2.902535
18590.983020,0.129646,0.107785,0.715023,2.759937,0.739463,2.926756
18591.003178,0.138420,0.106369,0.745683,2.778168,0.780481,2.949234
18591.023041,0.144520,0.105790,0.775484,2.795213,0.823419,2.967781
18591.042895,0.146911,0.102821,0.805458,2.812086,0.864682,2.981341
18591.062985,0.148839,0.102453,0.836178,2.827067,0.910252,2.991879
18591.083015,0.147421,0.097845,0.869637,2.841894,0.953279,2.997812
18591.102997,0.109995,-0.125464,0.901903,2.856082,0.986633,2.999821
18591.122984,0.132704,0.096060,0.930607,2.867296,1.026667,3.000000
18591.142976,0.118742,0.103498,0.963169,2.881258,1.066667,3.000000
18591.163055,0.106525,0.101309,0.998691,2.893475,1.100000,3.000000
18591.183025,0.094228,0.100946,1.035721,2.905772,1.136667,3.000000
18591.203223,0.082637,0.103490,1.069844,2.917363,1.173333,3.000000
18591.223314,0.071095,0.102897,1.107103,2.928905,1.210000,3.000000
18591.243450,0.060823,0.103622,1.143045,2.939177,1.246667,3.000000
18591.263291,0.050690,0.109437,1.177230,2.949310,1.286667,3.000000
18591.283205,0.040725,0.108573,1.214760,2.959275,1.323333,3.000000
18591.303219,0.031551,0.109337,1.250663,2.968449,1.360000,3.000000
18591.323317,0.022955,0.109486,1.287180,2.977045,1.396667,3.000000
18591.343503,0.018183,0.113396,1.323270,2.981817,1.436667,3.000000
18591.363215,0.008520,0.113138,1.360196,2.991480,1.473333,3.000000
18591.383232,0.002168,0.110776,1.399224,2.997832,1.510000,3.000000
18591.403285,-0.004986,0.112797,1.437203,3.004986,1.550000,3.000000
18591.423335,-0.010535,0.112115,1.477885,3.010535,1.590000,3.000000
18591.443440,-0.015994,0.114960,1.515040,3.015994,1.630000,3.000000
18591.463225,-0.020338,0.114406,1.555594,3.020338,1.670000,3.000000
18591.483242,-0.024610,0.114360,1.595640,3.024610,1.710000,3.000000
18591.503229,-0.028898,0.114412,1.635588,3.028898,1.750000,3.000000
18591.523363,-0.031122,0.117430,1.675903,3.031122,1.793333,3.000000
18591.543452,-0.033022,0.118669,1.714665,3.033022,1.833333,3.000000
18591.563219,-0.031886,0.121747,1.751587,3.031886,1.873333,3.000000
18591.583235,-0.034417,0.117826,1.795508,3.034417,1.913333,3.000000
18591.603225,-0.033886,0.118582,1.834751,3.033886,1.953333,3.000000
18591.622993,-0.036066,0.120956,1.875711,3.036066,1.996667,3.000000
18591.643444,-0.037872,0.118097,1.918569,3.037872,2.036667,3.000000
18591.663254,-0.039577,0.121337,1.958663,3.039577,2.080000,3.000000
18591.683241,-0.040470,0.117575,2.002425,3.040470,2.120000,3.000000
18591.703147,-0.040675,0.119107,2.044226,3.040675,2.163333,3.000000
18591.722812,-0.040571,0.123706,2.086294,3.040571,2.210000,3.000000
18591.743454,-0.039978,0.122317,2.127683,3.039978,2.250000,3.000000
18591.763723,-0.039950,0.122950,2.170383,3.039950,2.293333,3.000000
18591.783652,-0.039380,0.123367,2.213300,3.039380,2.336667,3.000000
18591.803656,-0.038667,0.124093,2.255907,3.038667,2.380000,3.000000
18591.823823,-0.037364,0.124173,2.299160,3.037364,2.423333,3.000000
18591.843794,-0.036029,0.124641,2.342026,3.036029,2.466667,3.000000
18591.863632,-0.034525,0.124499,2.385501,3.034525,2.510000,3.000000
18591.883574,-0.032957,0.125014,2.428319,3.032957,2.553333,3.000000
18591.903268,-0.032478,0.124890,2.471776,3.032478,2.596667,3.000000
18591.922579,-0.029489,0.125329,2.514671,3.029489,2.640000,3.000000
18591.943378,-0.027165,0.125540,2.557793,3.027165,2.683333,3.000000
18591.962826,-0.025011,0.125566,2.601101,3.025011,2.726667,3.000000
18591.982819,-0.022971,0.125401,2.644599,3.022971,2.770000,3.000000
18592.003160,-0.021348,0.126498,2.686836,3.021348,2.813333,3.000000
18592.023690,-0.019394,0.126800,2.729867,3.019394,2.856667,3.000000
18592.043726,-0.016999,0.127425,2.772575,3.016999,2.900000,3.000000
18592.063229,-0.014970,0.124818,2.815182,3.014970,2.940000,3.000000
18592.083179,-0.013048,0.126444,2.856890,3.013048,2.983333,3.000000
18592.103234,-0.011067,0.128215,2.898452,3.011067,3.026667,3.000000
18592.123332,-0.009064,0.126363,2.940304,3.009064,3.066667,3.000000
18592.143571,-0.006857,0.127920,2.982080,3.006857,3.110000,3.000000
18592.163148,-0.005026,0.127339,3.022661,3.005026,3.150000,3.000000
18592.183184,-0.003915,0.127175,3.062825,3.003915,3.190000,3.000000
18592.203507,-0.003521,0.127098,3.102902,3.003521,3.230000,3.000000
18592.224841,-0.003274,0.127692,3.142308,3.003274,3.270000,3.000000
18592.244490,0.004038,0.120415,3.189585,2.995962,3.310000,3.000000
18592.263966,-0.005406,0.133425,3.219908,3.005406,3.353333,3.000000
18592.283115,-0.004836,0.133355,3.256645,3.004836,3.390000,3.000000
18592.303233,-0.006113,0.129161,3.294172,3.006113,3.423333,3.000000
18592.323262,-0.007866,0.128660,3.331340,3.007866,3.460000,3.000000
18592.343421,-0.010716,0.129471,3.367196,3.010716,3.496667,3.000000
18592.363308,-0.011822,0.131740,3.401593,3.011822,3.533333,3.000000
18592.382479,-0.012958,0.131521,3.435146,3.012958,3.566667,3.000000
18592.402175,-0.016215,0.130569,3.469431,3.016215,3.600000,3.000000
18592.422349,-0.019483,0.130381,3.502953,3.019483,3.633333,3.000000
18592.442198,-0.021420,0.130298,3.536369,3.021420,3.666667,3.000000
18592.462260,-0.023006,0.129595,3.567071,3.023006,3.696667,3.000000
18592.482127,-0.024654,0.128918,3.597749,3.024654,3.726667,3.000000
18592.502116,-0.025179,0.130233,3.626433,3.025179,3.756667,3.000000
18592.522053,-0.014206,0.121942,3.664724,3.014206,3.786667,3.000000
18592.542628,-0.026709,0.137367,3.682633,3.026709,3.820000,3.000000
18592.562382,-0.014517,0.124689,3.721978,3.014517,3.846667,3.000000
18592.582009,-0.014128,0.124397,3.748936,3.014128,3.873333,3.000000
18592.601690,-0.021881,0.137588,3.765745,3.021881,3.903333,3.000000
18592.622015,-0.016851,0.134031,3.792635,3.016851,3.926667,3.000000
18592.642241,-0.000507,0.116083,3.830584,3.000507,3.946667,3.000000
18592.661866,-0.009484,0.134553,3.842113,3.009484,3.976667,3.000000
18592.682194,0.009702,0.125415,3.877865,2.991126,4.003342,2.999989
18592.701843,0.016172,0.132637,3.893412,2.990225,4.026724,2.999285
18592.722171,0.028824,0.133481,3.917576,2.982732,4.053372,2.997143
18592.742099,0.038950,0.129054,3.939894,2.974983,4.073262,2.994604
18592.761996,0.048796,0.127562,3.964868,2.967571,4.099593,2.989981
18592.781703,0.059521,0.130928,3.983956,2.959245,4.125639,2.983957
18592.802017,0.064519,0.137191,4.001042,2.956579,4.151327,2.976550
18592.822376,0.074187,0.130013,4.022804,2.944635,4.170312,2.970100
18592.842527,0.085302,0.129618,4.042561,2.932394,4.195195,2.960325
18592.863817,0.094529,0.128463,4.062597,2.920703,4.219519,2.949234
18592.882326,0.102820,0.127950,4.081409,2.909263,4.243216,2.936859
18592.902073,0.110723,0.127343,4.099473,2.897313,4.266218,2.923235
18592.922337,0.117397,0.147570,4.102851,2.896968,4.291182,2.906464
18592.942634,0.124012,0.136943,4.120456,2.881590,4.304602,2.896507
18592.962614,0.130369,0.110465,4.151920,2.854612,4.320255,2.883975
18592.981858,0.138793,0.116002,4.165445,2.841401,4.345186,2.861727
18593.002227,0.145494,0.122697,4.182811,2.827581,4.373060,2.832906
18593.022331,0.147917,0.121551,4.200983,2.813596,4.392400,2.809875
18593.042624,0.151247,0.120726,4.217213,2.798366,4.410320,2.785723
18593.062854,0.154643,0.118234,4.233158,2.780870,4.426756,2.760537
18593.082853,0.157874,0.116470,4.247595,2.763271,4.441648,2.734408
18593.102873,0.161537,0.115139,4.260195,2.745179,4.454942,2.707431
18593.122820,0.163814,0.112375,4.273334,2.725694,4.466590,2.679704
18593.142820,0.161824,0.111552,4.289943,2.706737,4.477551,2.648138
18593.162836,0.159039,0.108572,4.305262,2.686701,4.485594,2.619159
18593.183034,0.156746,0.106147,4.318626,2.666036,4.491879,2.589748
18593.203032,0.157224,0.102569,4.327987,2.642970,4.496385,2.560013
18593.222714,0.153676,0.099167,4.339736,2.619810,4.499096,2.530061
18593.243020,0.147205,0.095829,4.352795,2.595829,4.500000,2.500000
18593.262919,0.134972,0.101769,4.365028,2.571769,4.500000,2.470000
18593.282954,0.123141,0.103098,4.376859,2.546431,4.500000,2.443333
18593.303670,0.112576,0.103374,4.387424,2.520041,4.500000,2.416667
18593.322951,0.103105,0.103108,4.396895,2.493108,4.500000,2.390000
18593.343188,0.095262,0.105947,4.404738,2.465947,4.500000,2.360000
18593.363950,0.086955,0.110051,4.413045,2.440051,4.500000,2.330000
18593.383165,0.076209,0.107179,4.423791,2.410513,4.500000,2.303333
18593.404162,0.064706,0.106551,4.435294,2.379884,4.500000,2.273333
18593.424066,0.060191,0.110045,4.439809,2.350045,4.500000,2.240000
18593.443534,0.053502,0.111619,4.446498,2.321619,4.500000,2.210000
18593.463657,0.044974,0.111426,4.455026,2.291426,4.500000,2.180000
18593.482831,0.039298,0.111479,4.460702,2.261479,4.500000,2.150000
18593.503860,0.029841,0.114818,4.470159,2.231484,4.500000,2.116667
18593.523377,0.028295,0.114230,4.471705,2.200897,4.500000,2.086667
18593.543859,0.025973,0.110823,4.474027,2.167490,4.500000,2.056667
18593.563935,0.019478,0.113939,4.480522,2.137272,4.500000,2.023333
18593.583186,0.019332,0.114223,4.480668,2.104223,4.500000,1.990000
18593.602566,0.015629,0.112992,4.484371,2.069659,4.500000,1.956667
18593.624065,0.011827,0.115912,4.488173,2.039245,4.500000,1.923333
18593.644291,0.005595,0.114992,4.494405,2.004992,4.500000,1.890000
18593.663905,-0.004312,0.114325,4.504312,1.970992,4.500000,1.856667
18593.683104,-0.020017,0.113592,4.520017,1.936925,4.500000,1.823333
18593.703319,-0.026591,0.114975,4.526591,1.901642,4.500000,1.786667
18593.723407,-0.034757,0.115089,4.534757,1.868422,4.500000,1.753333
18593.743448,-0.039052,0.116201,4.539052,1.832867,4.500000,1.716667
18593.763227,-0.035299,0.114323,4.535299,1.797656,4.500000,1.683333
18593.783597,-0.042242,0.118507,4.542242,1.765174,4.500000,1.646667
18593.803606,-0.041176,0.112573,4.541176,1.725906,4.500000,1.613333
18593.823755,-0.052007,0.117574,4.552007,1.694240,4.500000,1.576667
18593.844198,-0.051091,0.115903,4.551091,1.655903,4.500000,1.540000
18593.863931,-0.060794,0.117543,4.560794,1.624209,4.500000,1.506667
18593.883903,-0.059129,0.115398,4.559129,1.585398,4.500000,1.470000
18593.903931,-0.058260,0.116666,4.558260,1.553333,4.500000,1.436667
18593.924339,-0.055422,0.119722,4.555422,1.519722,4.500000,1.400000
18593.944064,-0.055549,0.120176,4.555549,1.486843,4.500000,1.366667
18593.963566,-0.060613,0.122217,4.560613,1.455551,4.500000,1.333333
18593.983611,-0.061552,0.120712,4.561552,1.424045,4.500000,1.303333
18594.003795,-0.064244,0.122226,4.564244,1.392226,4.500000,1.270000
18594.024809,-0.066682,0.121324,4.566682,1.361324,4.500000,1.240000
18594.043662,-0.066776,0.118439,4.566776,1.328439,4.500000,1.210000
18594.063941,-0.068438,0.113729,4.568438,1.293729,4.500000,1.180000
18594.083931,-0.065921,0.114309,4.565921,1.260976,4.500000,1.146667
18594.103950,-0.066006,0.117206,4.566006,1.230539,4.500000,1.113333
18594.124767,-0.061859,0.122305,4.561859,1.202305,4.500000,1.080000
18594.144061,-0.057931,0.117765,4.557931,1.171098,4.500000,1.053333
18594.163594,-0.054915,0.111862,4.554915,1.138529,4.500000,1.026667
18594.183946,-0.048183,0.113280,4.548926,1.109621,4.499989,0.996665
18594.203922,-0.034714,0.116157,4.541267,1.080260,4.498888,0.966674
18594.223718,-0.023141,0.114702,4.533113,1.051218,4.496401,0.940114
18594.243717,-0.009794,0.117774,4.522645,1.024555,4.491914,0.910440
18594.263007,-0.002731,0.119207,4.516657,0.996227,4.485655,0.881090
18594.283325,0.005087,0.117450,4.507729,0.969256,4.478621,0.855356
18594.303352,0.024114,0.118016,4.487316,0.945969,4.469081,0.826902
18594.323472,0.035056,0.115690,4.472770,0.922249,4.459181,0.802130
18594.343565,0.042431,0.117208,4.460666,0.895625,4.444972,0.771965
18594.364217,0.051940,0.117001,4.445282,0.872835,4.430490,0.745680
18594.383986,0.062708,0.116124,4.427434,0.851646,4.414457,0.720311
18594.403319,0.076769,0.116877,4.405953,0.832706,4.394893,0.693309
18594.423359,0.087862,0.114245,4.385111,0.813992,4.375782,0.670170
18594.444368,0.097440,0.114282,4.365122,0.795548,4.352963,0.645858
18594.462823,0.104942,0.112064,4.344082,0.775864,4.328575,0.623120
18594.482272,0.115722,0.113525,4.321425,0.760743,4.300063,0.600048
18594.502613,0.125294,0.113330,4.297689,0.745777,4.269938,0.579128
18594.522663,0.132468,0.111861,4.275335,0.732076,4.241286,0.562072
18594.543127,0.139365,0.115416,4.255309,0.720364,4.208535,0.545563
18594.561674,0.145377,0.111218,4.230042,0.708096,4.177782,0.532674
18594.582156,0.152463,0.110242,4.205062,0.698529,4.143047,0.520899
18594.602659,0.158054,0.110223,4.181190,0.689764,4.107541,0.511702
18594.621955,0.161961,0.107575,4.156908,0.681845,4.074757,0.505620
18594.642408,0.167209,0.107010,4.132197,0.676388,4.038315,0.501470
18594.662104,0.171384,0.106112,4.107207,0.671740,4.001668,0.500003
18594.681980,0.174493,0.102968,4.082150,0.668626,3.968338,0.501003
18594.702244,0.178119,0.100596,4.055782,0.667411,3.931845,0.504667
18594.721671,0.181063,0.097169,4.030728,0.668009,3.898982,0.510311
18594.742415,0.185555,0.096773,4.007156,0.671078,3.863357,0.519034
18594.761991,0.187128,0.095395,3.982271,0.673389,3.828468,0.530344
18594.781970,0.186431,0.090771,3.956031,0.676531,3.797546,0.542821
18594.802018,0.190034,0.084904,3.928957,0.686566,3.764577,0.558892
18594.825655,0.186738,0.093308,3.909419,0.685938,3.730062,0.579128
18594.841786,0.187670,0.091221,3.887564,0.694665,3.702611,0.598055
18594.862265,0.187345,0.089194,3.865708,0.703901,3.676482,0.618770
18594.881697,0.185502,0.087068,3.843462,0.713669,3.651792,0.641181
18594.901724,0.184179,0.086026,3.823046,0.724626,3.628651,0.665187
18594.921683,0.183245,0.085032,3.803737,0.737236,3.607161,0.690682
18594.942106,0.180641,0.082605,3.784802,0.749993,3.589311,0.714808
18594.962299,0.178300,0.083338,3.766987,0.763059,3.571216,0.742815
18594.981842,0.176612,0.080455,3.750363,0.779242,3.556559,0.769002
18595.001934,0.174146,0.078748,3.734620,0.795169,3.543499,0.796023
18595.022021,0.169339,0.079860,3.717434,0.810605,3.530919,0.826902
18595.042633,0.168864,0.078953,3.705863,0.828629,3.521379,0.855356
18595.062236,0.164266,0.078131,3.691448,0.846321,3.513563,0.884332
18595.082426,0.160169,0.076406,3.678451,0.866102,3.507500,0.913723
18595.102082,0.156379,0.072928,3.667587,0.886440,3.503599,0.940114
18595.122073,0.151192,0.072321,3.656160,0.906883,3.500901,0.970003
18595.143178,0.138283,0.061021,3.638698,0.936568,3.500011,0.996665
18595.162152,0.138432,0.080221,3.638432,0.946445,3.500000,1.026667
18595.182341,0.128821,0.082324,3.628821,0.967676,3.500000,1.050000
18595.202297,0.119725,0.079673,3.619725,0.990327,3.500000,1.070000
18595.225812,0.111227,0.080544,3.611227,1.012790,3.500000,1.093333
18595.245692,0.099405,0.083671,3.599405,1.032995,3.500000,1.116667
18595.266261,0.093106,0.083168,3.593106,1.056832,3.500000,1.140000
18595.285749,0.086470,0.082871,3.586470,1.080463,3.500000,1.163333
18595.306267,0.079226,0.082440,3.579226,1.104227,3.500000,1.186667
18595.326185,0.070417,0.085530,3.570417,1.127803,3.500000,1.213333
18595.346304,0.062880,0.084654,3.562880,1.152012,3.500000,1.236667
18595.365797,0.057625,0.087617,3.557625,1.175716,3.500000,1.263333
18595.386752,0.056685,0.083943,3.556685,1.202724,3.500000,1.286667
18595.405296,0.048228,0.085478,3.548228,1.227855,3.500000,1.313333
18595.425838,0.046422,0.087717,3.546422,1.252283,3.500000,1.340000
18595.445572,0.040991,0.087301,3.540991,1.279366,3.500000,1.366667
18595.465746,0.035783,0.087251,3.535783,1.306082,3.500000,1.393333
18595.484496,0.030343,0.091239,3.530343,1.332095,3.500000,1.423333
18595.502767,0.024221,0.091041,3.524221,1.358959,3.500000,1.450000
18595.524752,0.019528,0.090990,3.519528,1.385677,3.500000,1.476667
18595.545257,0.010952,0.096008,3.512190,1.410831,3.499955,1.506684
18595.565832,-0.003776,0.095943,3.501524,1.437416,3.498883,1.533396
18595.586137,-0.013414,0.094810,3.494448,1.464278,3.496385,1.560013
18595.606125,-0.028404,0.096995,3.481347,1.489230,3.491879,1.589748
18595.626426,-0.038378,0.097553,3.471458,1.518422,3.484786,1.622402
18595.646373,-0.047082,0.098050,3.461351,1.543626,3.476550,1.651327
18595.666445,-0.056964,0.099789,3.448846,1.569111,3.465379,1.682819
18595.686429,-0.067923,0.099176,3.433056,1.594811,3.452129,1.713494
18595.706388,-0.077657,0.098862,3.417098,1.619064,3.436859,1.743216
18595.726421,-0.087334,0.100791,3.400198,1.642455,3.417812,1.774651
18595.746298,-0.096304,0.100634,3.381443,1.666129,3.396507,1.804602
18595.766535,-0.102942,0.101797,3.364030,1.688414,3.373060,1.832906
18595.785915,-0.110064,0.104285,3.344646,1.710106,3.345186,1.861727
18595.805953,-0.116261,0.102600,3.323042,1.731141,3.317681,1.886107
18595.826589,-0.119390,0.101251,3.302283,1.752470,3.288459,1.908401
18595.845659,-0.124309,0.100670,3.278074,1.771942,3.254808,1.930201
18595.865771,-0.127668,0.101427,3.254597,1.789999,3.219519,1.949234
18595.882145,-0.130212,0.099319,3.227651,1.807868,3.182819,1.965379
18595.906257,-0.130243,0.096677,3.201886,1.824513,3.148138,1.977551
18595.926310,-0.130207,0.093539,3.172182,1.840367,3.109398,1.987885
18595.946209,-0.128425,0.091618,3.142704,1.855102,3.069954,1.995082
18595.966257,-0.125533,0.092905,3.115250,1.868204,3.030061,1.999096
18595.986337,-0.118268,0.089279,3.082612,1.881732,2.993333,2.000000
18596.005742,-0.106539,0.093685,3.050352,1.893461,2.956667,2.000000
18596.026335,-0.095726,0.094414,3.017748,1.904274,2.923333,2.000000
18596.045759,-0.085229,0.097381,2.984047,1.914771,2.886667,2.000000
18596.065737,-0.073011,0.096933,2.946933,1.926989,2.850000,2.000000
18596.085737,-0.062763,0.097806,2.911139,1.937237,2.813333,2.000000
18596.105754,-0.054262,0.099695,2.876362,1.945738,2.776667,2.000000
18596.122143,-0.046815,0.100232,2.840232,1.953185,2.740000,2.000000
18596.142189,-0.041690,0.102172,2.805505,1.958310,2.703333,2.000000
18596.162680,-0.036563,0.102927,2.769594,1.963437,2.666667,2.000000
18596.182182,-0.033013,0.103237,2.733237,1.966987,2.630000,2.000000
18596.203641,-0.031455,0.103827,2.697160,1.968545,2.593333,2.000000
18596.226050,-0.031899,0.104320,2.660986,1.968101,2.556667,2.000000
18596.246978,-0.035614,0.106335,2.626335,1.964386,2.520000,2.000000
18596.266602,-0.039826,0.107885,2.592448,1.963522,2.483293,1.999721
18596.287100,-0.052348,0.107897,2.559496,1.956612,2.446628,1.997143
18596.306684,-0.066655,0.105009,2.522544,1.945316,2.406966,1.991268
18596.326587,-0.080012,0.102871,2.488257,1.932243,2.367902,1.982235
18596.346591,-0.093796,0.103120,2.455804,1.916752,2.326550,1.968951
18596.366692,-0.106973,0.102770,2.425112,1.899279,2.286506,1.952129
18596.386592,-0.119665,0.105322,2.396794,1.880915,2.245192,1.930201
18596.406572,-0.132202,0.104948,2.368718,1.859241,2.206107,1.904508
18596.426567,-0.143222,0.101831,2.342910,1.836129,2.172111,1.877477
18596.447565,-0.154112,0.101982,2.318086,1.811362,2.135974,1.842761
18596.466155,-0.163919,0.101780,2.295488,1.785455,2.103493,1.804602
18596.486052,-0.172198,0.103231,2.275743,1.760423,2.074995,1.763383
18596.505241,-0.176696,0.098405,2.254271,1.732004,2.052243,1.722517
18596.522480,-0.178875,0.095134,2.234524,1.704192,2.033410,1.679704
18596.542251,-0.176410,0.089604,2.212736,1.673836,2.018659,1.635318
18596.562077,-0.171309,0.084566,2.192784,1.644248,2.008732,1.593034
18596.582392,-0.165080,0.082137,2.174983,1.615248,2.002511,1.550048
18596.602209,-0.154103,0.077119,2.156288,1.586339,2.000179,1.513367
18596.621920,-0.135421,0.083751,2.138268,1.558206,1.999598,1.479953
18596.642550,-0.114508,0.092285,2.120659,1.530312,1.997489,1.449952
18596.662579,-0.096276,0.095382,2.103849,1.502948,1.994103,1.423434
18596.683118,-0.077620,0.101262,2.085952,1.476344,1.988606,1.393866
18596.702262,-0.060754,0.100269,2.067320,1.448558,1.982235,1.367902
18596.722245,-0.043479,0.101679,2.047299,1.421435,1.973420,1.339148
18596.742242,-0.026962,0.105931,2.027214,1.395327,1.961619,1.307887
18596.762246,-0.012634,0.108552,2.007380,1.369070,1.947757,1.277483
18596.782242,0.000568,0.109374,1.986512,1.342835,1.931894,1.248073
18596.802243,0.011938,0.109452,1.965556,1.317127,1.914103,1.219788
18596.822271,0.024205,0.111851,1.942724,1.292907,1.892400,1.190125
18596.842660,0.033744,0.110998,1.920255,1.269564,1.870826,1.164608
18596.862609,0.041667,0.112694,1.897949,1.246218,1.845186,1.138273
18596.882210,0.050678,0.111527,1.871605,1.223887,1.817681,1.113893
18596.906293,0.057732,0.110429,1.845351,1.202463,1.788459,1.091599
18596.926422,0.064881,0.108674,1.817372,1.183119,1.757678,1.071512
18596.946177,0.068690,0.109586,1.790084,1.162526,1.722517,1.052243
18596.966228,0.074504,0.109291,1.762038,1.147399,1.689024,1.037107
18596.984876,0.076282,0.108843,1.731978,1.129096,1.651327,1.023450
18597.005800,0.077814,0.104667,1.699687,1.113579,1.615910,1.013621
18597.021679,0.077347,0.100094,1.666321,1.098763,1.579867,1.006420
18597.042150,0.077930,0.102310,1.635799,1.087484,1.540062,1.001608
18597.062328,0.073128,0.097915,1.600766,1.073792,1.503342,1.000011
18597.082328,0.061836,0.099453,1.566119,1.061836,1.466667,1.000000
18597.102323,0.050539,0.101100,1.531100,1.050539,1.430000,1.000000
18597.122317,0.039405,0.101545,1.494879,1.039405,1.393333,1.000000
18597.142619,0.030589,0.100752,1.457419,1.030589,1.356667,1.000000
18597.162275,0.025392,0.105845,1.422512,1.025392,1.316667,1.000000
18597.182503,0.017978,0.104312,1.384312,1.017978,1.280000,1.000000
18597.202524,0.015224,0.112163,1.352163,1.015224,1.240000,1.000000
18597.222499,0.010643,0.109452,1.316119,1.010643,1.206667,1.000000
18597.242538,0.007039,0.107881,1.277881,1.007039,1.170000,1.000000
18597.262637,0.006753,0.109052,1.242385,1.006753,1.133333,1.000000
18597.282715,0.008406,0.111147,1.207813,1.008406,1.096667,1.000000
18597.303248,0.009454,0.110914,1.170914,1.009454,1.060000,1.000000
18597.322697,0.014527,0.109949,1.136616,1.014527,1.026667,1.000000
18597.342898,0.023454,0.111151,1.101573,1.021321,0.989974,1.000101
18597.362627,0.037083,0.110702,1.066962,1.028764,0.953279,1.002188
18597.383574,0.046243,0.105578,1.028634,1.035003,0.916835,1.006965
18597.402320,0.065629,0.115353,1.002504,1.050580,0.874361,1.016043
18597.422963,0.071396,0.107822,0.964207,1.059493,0.839148,1.026580
18597.446463,0.085167,0.112912,0.936317,1.074818,0.798669,1.042326
18597.462015,0.087288,0.104961,0.896462,1.086929,0.762645,1.059929
18597.482224,0.095879,0.104061,0.867614,1.104252,0.728148,1.080362
18597.502301,0.106131,0.109533,0.841861,1.123009,0.690125,1.107600
18597.522768,0.116964,0.105527,0.816601,1.147555,0.659680,1.133691
18597.543104,0.125016,0.106336,0.793220,1.169602,0.629174,1.164608
18597.564850,0.126395,0.103848,0.764924,1.191610,0.601466,1.198056
18597.582868,0.130058,0.101003,0.740633,1.217534,0.576765,1.233782
18597.602612,0.134182,0.101381,0.719224,1.244528,0.553741,1.274495
18597.622291,0.137150,0.097946,0.699591,1.274152,0.535854,1.314075
18597.645254,0.139192,0.094859,0.682183,1.304621,0.521469,1.355058
18597.662308,0.144563,0.095915,0.670791,1.335209,0.510019,1.400407
18597.683461,0.143118,0.093558,0.656028,1.366579,0.503225,1.443306
18597.702821,0.141549,0.090466,0.644772,1.397607,0.500279,1.483293
18597.722831,0.131078,0.090499,0.631078,1.432834,0.500000,1.523333
18597.743038,0.114609,0.095915,0.614609,1.464085,0.500000,1.560000
18597.762709,0.101777,0.094822,0.601777,1.498511,0.500000,1.593333
18597.782704,0.091074,0.094877,0.591074,1.535123,0.500000,1.630000
18597.802721,0.081374,0.097352,0.581374,1.569314,0.500000,1.666667
18597.822723,0.069717,0.099452,0.569717,1.603881,0.500000,1.703333
18597.842595,0.066792,0.096600,0.566792,1.640067,0.500000,1.736667
18597.862436,0.055805,0.102828,0.555805,1.673839,0.500000,1.776667
18597.882409,0.043929,0.101604,0.543929,1.708396,0.500000,1.810000
18597.902940,0.032490,0.103843,0.532490,1.742824,0.500000,1.846667
18597.922587,0.021440,0.103748,0.521440,1.776252,0.500000,1.880000
18597.942894,0.011680,0.105246,0.511680,1.811420,0.500000,1.916667
18597.962595,0.000970,0.105596,0.500970,1.844404,0.500000,1.950000
18597.982587,-0.005500,0.107706,0.494500,1.878961,0.500000,1.986667
18598.002923,-0.015058,0.106235,0.484942,1.913765,0.500000,2.020000
18598.022917,-0.019137,0.110065,0.480863,1.946602,0.500000,2.056667
18598.042770,-0.026554,0.106707,0.473446,1.983293,0.500000,2.090000
18598.063898,-0.031585,0.107333,0.468415,2.019334,0.500000,2.126667
18598.082583,-0.041176,0.106315,0.458824,2.057018,0.500000,2.163333
18598.104627,-0.043848,0.107332,0.456152,2.092668,0.500000,2.200000
18598.124538,-0.051179,0.109882,0.448821,2.126784,0.500000,2.236667
18598.145314,-0.053063,0.111895,0.446937,2.161439,0.500000,2.273333
18598.164158,-0.055292,0.109453,0.444708,2.197213,0.500000,2.306667
18598.184205,-0.055218,0.111263,0.444782,2.232070,0.500000,2.343333
18598.205055,-0.051343,0.108880,0.448657,2.267787,0.500000,2.376667
18598.225099,-0.049195,0.112521,0.450805,2.300812,0.500000,2.413333
18598.247133,-0.043998,0.109506,0.456002,2.337161,0.500000,2.446667
18598.263398,-0.036576,0.109113,0.463424,2.370887,0.500000,2.480000
18598.283982,-0.025101,0.108881,0.472176,2.405196,0.500179,2.513367
18598.304280,-0.015010,0.110044,0.476961,2.438561,0.502188,2.546721
18598.322471,-0.002355,0.106641,0.487061,2.474972,0.506420,2.579867
18598.345438,0.008814,0.109117,0.496899,2.507723,0.513621,2.615910
18598.366774,0.027401,0.110323,0.516176,2.537885,0.523450,2.651327
18598.382881,0.035556,0.110379,0.527816,2.570239,0.535854,2.685925
18598.406148,0.052111,0.109753,0.549400,2.598030,0.550766,2.719519
18598.423222,0.063815,0.111226,0.568023,2.626588,0.569799,2.754808
18598.445416,0.077499,0.110961,0.590885,2.653115,0.591599,2.788459
18598.462525,0.090435,0.111438,0.615287,2.679327,0.618174,2.822814
18598.482521,0.101622,0.108362,0.640997,2.703873,0.645267,2.852370
18598.505278,0.110557,0.111265,0.665112,2.727807,0.679745,2.883975
18598.522702,0.122293,0.109759,0.694088,2.747241,0.714277,2.910320
18598.543030,0.131463,0.110250,0.722617,2.766520,0.753869,2.935224
18598.563142,0.139707,0.105819,0.754245,2.783924,0.792569,2.954942
18598.582709,0.145550,0.104941,0.784597,2.800414,0.835988,2.972335
18598.603292,0.150043,0.102383,0.817166,2.815475,0.880841,2.985594
18598.622518,0.151106,0.103323,0.846670,2.829989,0.926738,2.994604
18598.642443,0.150035,0.098773,0.880365,2.843394,0.969939,2.999096
18598.662324,0.141764,0.085956,0.914044,2.858236,1.000000,3.000000
18598.682455,0.127894,0.096182,0.947152,2.872106,1.043333,3.000000
18598.702588,0.116108,0.101560,0.981774,2.883892,1.083333,3.000000
18598.722412,0.103176,0.101653,1.018347,2.896824,1.120000,3.000000
18598.742428,0.091862,0.102521,1.054145,2.908138,1.156667,3.000000
18598.762485,0.080154,0.105176,1.088158,2.919846,1.193333,3.000000
18598.782583,0.068711,0.106025,1.123975,2.931289,1.230000,3.000000
18598.802647,0.058197,0.106540,1.160127,2.941803,1.266667,3.000000
18598.822564,0.048368,0.106848,1.196485,2.951632,1.303333,3.000000
18598.842610,0.037076,0.110191,1.229809,2.962924,1.340000,3.000000
18598.862707,0.027508,0.108075,1.268592,2.972492,1.376667,3.000000
18598.882396,0.016023,0.110363,1.306304,2.983977,1.416667,3.000000
18598.902952,0.007447,0.111289,1.345378,2.992553,1.456667,3.000000
18598.923236,0.000294,0.112211,1.381122,2.999706,1.493333,3.000000
18598.943162,-0.008801,0.114943,1.418391,3.008801,1.533333,3.000000
18598.963063,-0.018099,0.114287,1.455713,3.018099,1.570000,3.000000
18598.983454,-0.022990,0.110905,1.499095,3.022990,1.610000,3.000000
18599.003565,-0.027950,0.113459,1.536541,3.027950,1.650000,3.000000
18599.024352,-0.031578,0.115728,1.577605,3.031578,1.693333,3.000000
18599.043049,-0.039189,0.119079,1.614254,3.039189,1.733333,3.000000
18599.063429,-0.041500,0.117002,1.656331,3.041500,1.773333,3.000000
18599.083815,-0.043209,0.115167,1.698166,3.043209,1.813333,3.000000
18599.102722,-0.045955,0.117726,1.738941,3.045955,1.856667,3.000000
18599.123378,-0.047595,0.117586,1.779081,3.047595,1.896667,3.000000
18599.143853,-0.049303,0.118182,1.821818,3.049303,1.940000,3.000000
18599.162964,-0.050465,0.119924,1.860076,3.050465,1.980000,3.000000
18599.183697,-0.051100,0.122027,1.901307,3.051100,2.023333,3.000000
18599.204420,-0.054561,0.121782,1.941552,3.054561,2.063333,3.000000
18599.224566,-0.053354,0.118291,1.985043,3.053354,2.103333,3.000000
18599.244544,-0.053043,0.119698,2.026969,3.053043,2.146667,3.000000
18599.264479,-0.052962,0.120457,2.069543,3.052962,2.190000,3.000000
18599.284474,-0.053694,0.121253,2.112080,3.053694,2.233333,3.000000
18599.303882,-0.053257,0.123320,2.153347,3.053257,2.276667,3.000000
18599.323387,-0.052283,0.123380,2.196620,3.052283,2.320000,3.000000
18599.343323,-0.050835,0.124182,2.239152,3.050835,2.363333,3.000000
18599.363353,-0.049680,0.124885,2.281781,3.049680,2.406667,3.000000
18599.383395,-0.047499,0.125670,2.324330,3.047499,2.450000,3.000000
18599.403585,-0.046846,0.125400,2.367934,3.046846,2.493333,3.000000
18599.425469,-0.045935,0.125386,2.411281,3.045935,2.536667,3.000000
18599.445294,-0.044943,0.126101,2.453899,3.044943,2.580000,3.000000
18599.464435,-0.043184,0.126228,2.497105,3.043184,2.623333,3.000000
18599.484104,-0.040528,0.127422,2.539245,3.040528,2.666667,3.000000
18599.502587,-0.038314,0.127525,2.582475,3.038314,2.710000,3.000000
18599.524317,-0.036390,0.127534,2.625800,3.036390,2.753333,3.000000
18599.542776,-0.034586,0.127562,2.669105,3.034586,2.796667,3.000000
18599.563910,-0.033932,0.128943,2.711057,3.033932,2.840000,3.000000
18599.583283,-0.032465,0.125842,2.754158,3.032465,2.880000,3.000000
18599.602702,-0.030721,0.126406,2.796927,3.030721,2.923333,3.000000
18599.624950,-0.028976,0.127625,2.839041,3.028976,2.966667,3.000000
18599.643758,-0.027144,0.129028,2.880972,3.027144,3.010000,3.000000
18599.663192,-0.024431,0.128920,2.921080,3.024431,3.050000,3.000000
18599.683910,-0.023344,0.126562,2.963438,3.023344,3.090000,3.000000
18599.702975,-0.021497,0.129281,3.004053,3.021497,3.133333,3.000000
18599.723130,-0.020253,0.128330,3.045003,3.020253,3.173333,3.000000
18599.743469,-0.018870,0.128708,3.084625,3.018870,3.213333,3.000000
18599.763193,-0.016463,0.132311,3.121022,3.016463,3.253333,3.000000
18599.783217,-0.015767,0.128228,3.161772,3.015767,3.290000,3.000000
18599.803013,-0.016757,0.128190,3.201810,3.016757,3.330000,3.000000
18599.824438,-0.017497,0.126816,3.239851,3.017497,3.366667,3.000000
18599.843116,-0.018942,0.131937,3.274730,3.018942,3.406667,3.000000
18599.863611,-0.022730,0.135077,3.308256,3.022730,3.443333,3.000000
18599.884022,-0.022429,0.129912,3.346754,3.022429,3.476667,3.000000
18599.903495,-0.022260,0.126635,3.383365,3.022260,3.510000,3.000000
18599.922900,-0.023216,0.127367,3.419299,3.023216,3.546667,3.000000
18599.942947,-0.024690,0.129481,3.453853,3.024690,3.583333,3.000000
18599.963655,-0.026708,0.129284,3.487382,3.026708,3.616667,3.000000
18599.983947,-0.028292,0.131220,3.518780,3.028292,3.650000,3.000000
18600.004425,-0.029298,0.132319,3.551015,3.029298,3.683333,3.000000
18600.023992,-0.029655,0.131145,3.582189,3.029655,3.713333,3.000000
18600.044214,-0.029472,0.129874,3.613459,3.029472,3.743333,3.000000
18600.063171,-0.036600,0.140812,3.632522,3.036600,3.773333,3.000000
18600.082762,-0.033246,0.133900,3.666100,3.033246,3.800000,3.000000
18600.103373,-0.033220,0.130366,3.692967,3.033220,3.823333,3.000000
18600.122662,-0.029840,0.129827,3.723506,3.029840,3.853333,3.000000
18600.144439,-0.024808,0.127628,3.752372,3.024808,3.880000,3.000000
18600.162815,-0.023548,0.130514,3.776153,3.023548,3.906667,3.000000
18600.182767,-0.020462,0.131800,3.801533,3.020462,3.933333,3.000000
18600.203986,-0.015910,0.130520,3.826146,3.015910,3.956667,3.000000
18600.222760,-0.010395,0.132971,3.847029,3.010395,3.980000,3.000000
18600.242923,-0.002920,0.134210,3.869154,3.003806,4.003342,2.999989
18600.262762,0.009023,0.135030,3.891405,2.997492,4.026724,2.999285
18600.282734,0.024264,0.134808,3.910236,2.986251,4.046721,2.997812
18600.303472,0.034143,0.133640,3.932852,2.979973,4.069954,2.995082
18600.322828,0.044140,0.131700,3.955421,2.972404,4.093034,2.991268
18600.342999,0.054468,0.130746,3.976099,2.963705,4.115910,2.986379
18600.362960,0.062980,0.131191,3.998078,2.956283,4.141741,2.979489
18600.382741,0.073841,0.133172,4.016970,2.946160,4.167166,2.971228
18600.404531,0.083333,0.130725,4.036496,2.935165,4.189024,2.962893
18600.422364,0.093492,0.133349,4.052992,2.924526,4.213494,2.952129
18600.443271,0.104271,0.132663,4.071094,2.911274,4.237355,2.940071
18600.463290,0.113348,0.131939,4.088862,2.898762,4.260537,2.926756
18600.483047,0.124066,0.128028,4.107207,2.882393,4.282974,2.912221
18600.502814,0.131727,0.129157,4.124405,2.869905,4.307245,2.894462
18600.522815,0.140642,0.131757,4.138577,2.856784,4.330405,2.875276
18600.542916,0.146956,0.129467,4.154664,2.842755,4.349991,2.857080
18600.563076,0.152250,0.127459,4.172412,2.827796,4.370826,2.835392
18600.582713,0.156627,0.125333,4.189720,2.812442,4.390320,2.812491
18600.605553,0.158967,0.121754,4.208315,2.796197,4.408401,2.788459
18600.623764,0.162547,0.119025,4.224140,2.778931,4.425005,2.763383
18600.643448,0.165926,0.118703,4.239436,2.761469,4.441648,2.734408
18600.662896,0.164760,0.115361,4.257170,2.744044,4.454942,2.707431
18600.683062,0.170390,0.114439,4.267955,2.723470,4.467781,2.676581
18600.702906,0.168078,0.110025,4.284422,2.703426,4.477551,2.648138
18600.722604,0.165996,0.107985,4.299872,2.682473,4.486379,2.615910
18600.743059,0.164312,0.105853,4.313405,2.660213,4.493035,2.583165
18600.762559,0.162090,0.102081,4.325083,2.637567,4.497143,2.553372
18600.782838,0.156052,0.098858,4.338947,2.614837,4.499453,2.523386
18600.802822,0.149024,0.097503,4.350976,2.590836,4.500000,2.493333
18600.822741,0.138936,0.098900,4.361064,2.565566,4.500000,2.466667
18600.842806,0.124372,0.104578,4.375628,2.541245,4.500000,2.436667
18600.862750,0.114782,0.104068,4.385218,2.514068,4.500000,2.410000
18600.882723,0.108342,0.102627,4.391658,2.485961,4.500000,2.383333
18600.902872,0.099803,0.104409,4.400197,2.457742,4.500000,2.353333
18600.922725,0.086545,0.105957,4.413455,2.429290,4.500000,2.323333
18600.943044,0.076813,0.109722,4.423187,2.403055,4.500000,2.293333
18600.962759,0.070604,0.108330,4.429396,2.371664,4.500000,2.263333
18600.982541,0.062927,0.109168,4.437073,2.342501,4.500000,2.233333
18601.003415,0.054052,0.112974,4.445948,2.312974,4.500000,2.200000
18601.022452,0.046993,0.112314,4.453007,2.282314,4.500000,2.170000
18601.042912,0.039904,0.110962,4.460096,2.250962,4.500000,2.140000
18601.063680,0.036485,0.113473,4.463515,2.220140,4.500000,2.106667
18601.082984,0.031514,0.110317,4.468486,2.186984,4.500000,2.076667
18601.103658,0.030705,0.111734,4.469295,2.155067,4.500000,2.043333
18601.123158,0.020525,0.116407,4.479475,2.123073,4.500000,2.006667
18601.143220,0.018150,0.116038,4.481850,2.089371,4.500000,1.973333
18601.163044,0.016695,0.114839,4.483305,2.054839,4.500000,1.940000
18601.182658,0.009411,0.114585,4.490589,2.021252,4.500000,1.906667
18601.202768,0.006178,0.114725,4.493822,1.988059,4.500000,1.873333
18601.222891,-0.007659,0.117335,4.507659,1.957335,4.500000,1.840000
18601.243164,-0.016530,0.117655,4.516530,1.924322,4.500000,1.806667
18601.263092,-0.024423,0.116007,4.524423,1.889341,4.500000,1.773333
18601.282862,-0.032409,0.115786,4.532409,1.855786,4.500000,1.740000
18601.303021,-0.034221,0.117966,4.534221,1.821300,4.500000,1.703333
18601.323553,-0.031800,0.115838,4.531800,1.785838,4.500000,1.670000
18601.343470,-0.045383,0.119872,4.545383,1.753205,4.500000,1.633333
18601.363293,-0.044088,0.116150,4.544088,1.716150,4.500000,1.600000
18601.383521,-0.053523,0.118555,4.553523,1.685222,4.500000,1.566667
18601.403672,-0.050946,0.113669,4.550946,1.647002,4.500000,1.533333
18601.423823,-0.061175,0.119134,4.561175,1.615800,4.500000,1.496667
18601.443719,-0.053984,0.114846,4.553984,1.578179,4.500000,1.463333
18601.463584,-0.053934,0.118425,4.553934,1.545092,4.500000,1.426667
18601.484063,-0.055569,0.116792,4.555569,1.510125,4.500000,1.393333
18601.503374,-0.057538,0.116628,4.557538,1.476628,4.500000,1.360000
18601.523520,-0.061170,0.122162,4.561170,1.445496,4.500000,1.323333
18601.543848,-0.065475,0.119238,4.565475,1.412571,4.500000,1.293333
18601.563640,-0.065008,0.120735,4.565008,1.380735,4.500000,1.260000
18601.583745,-0.068026,0.120933,4.568026,1.350933,4.500000,1.230000
18601.604187,-0.071104,0.118351,4.571104,1.318351,4.500000,1.200000
18601.623753,-0.071919,0.119619,4.571919,1.286286,4.500000,1.166667
18601.644393,-0.070200,0.116920,4.570200,1.253587,4.500000,1.136667
18601.663653,-0.067906,0.114915,4.567906,1.221582,4.500000,1.106667
18601.683545,-0.064933,0.117542,4.564933,1.190875,4.500000,1.073333
18601.704192,-0.063526,0.116556,4.563526,1.159890,4.500000,1.043333
18601.724243,-0.055893,0.112634,4.555893,1.129301,4.500000,1.016667
18601.744530,-0.044838,0.113479,4.547672,1.098904,4.499822,0.986661
18601.763694,-0.031550,0.118531,4.539818,1.072053,4.498121,0.956699
18601.783298,-0.019225,0.116080,4.530346,1.042452,4.495103,0.930193
18601.804369,-0.008049,0.114306,4.520547,1.014513,4.490675,0.903886
18601.823407,-0.000181,0.116195,4.513337,0.987059,4.484025,0.874622
18601.843242,0.010418,0.117939,4.502091,0.961213,4.475631,0.845809
18601.863375,0.025167,0.117189,4.484855,0.935843,4.465524,0.817551
18601.883317,0.030807,0.117220,4.475026,0.909267,4.453739,0.789951
18601.904301,0.041883,0.117003,4.458871,0.885989,4.440320,0.763108
18601.923131,0.052219,0.114286,4.440984,0.861787,4.425315,0.737118
18601.943062,0.066865,0.114446,4.418966,0.841347,4.406848,0.709354
18601.963355,0.078686,0.115380,4.398914,0.821994,4.386571,0.682884
18601.983382,0.086808,0.117960,4.382006,0.803242,4.364576,0.657824
18602.003174,0.095813,0.117697,4.361709,0.784626,4.340959,0.634285
18602.023067,0.105800,0.117075,4.339759,0.768346,4.315825,0.612373
18602.042868,0.111823,0.114931,4.318330,0.749888,4.289287,0.592185
18602.063080,0.122454,0.109729,4.290959,0.735568,4.261463,0.573811
18602.082919,0.130516,0.110151,4.267466,0.722307,4.229517,0.555791
18602.103128,0.139689,0.108676,4.241432,0.711304,4.196337,0.540161
18602.122722,0.148661,0.113578,4.219372,0.702990,4.158942,0.525935
18602.142890,0.155004,0.109681,4.193708,0.694174,4.126992,0.516396
18602.162682,0.161180,0.107855,4.167846,0.686536,4.091200,0.508388
18602.182611,0.166420,0.107863,4.143849,0.680285,4.054917,0.503025
18602.202804,0.172425,0.106747,4.118689,0.676561,4.018339,0.500336
18602.222704,0.176865,0.106982,4.095058,0.673158,3.981661,0.500336
18602.242828,0.180444,0.101840,4.066126,0.671192,3.945083,0.503025
18602.263049,0.183538,0.099106,4.039721,0.670770,3.908800,0.508388
18602.283145,0.186892,0.097273,4.014559,0.672453,3.873008,0.516396
18602.303546,0.190386,0.096609,3.988851,0.675855,3.834748,0.528098
18602.322953,0.191526,0.093920,3.963109,0.679662,3.800600,0.541481
18602.343152,0.191864,0.092051,3.938228,0.684397,3.767525,0.557332
18602.362625,0.191944,0.089915,3.913489,0.690971,3.735701,0.575564
18602.382617,0.192974,0.089433,3.891285,0.699260,3.705299,0.596080
18602.402623,0.192489,0.087567,3.869741,0.708001,3.679032,0.616621
18602.422642,0.191152,0.088572,3.848476,0.716676,3.651792,0.641181
18602.442914,0.190495,0.086116,3.827797,0.728789,3.628651,0.665187
18602.462741,0.187940,0.084131,3.806868,0.740849,3.607161,0.690682
18602.482595,0.185831,0.082659,3.787452,0.754321,3.587418,0.717553
18602.503216,0.183559,0.083012,3.769774,0.767574,3.569510,0.745680
18602.523575,0.179263,0.081465,3.751716,0.781223,3.555028,0.771965
18602.543675,0.176901,0.081194,3.735410,0.797571,3.540819,0.802130
18602.563549,0.174940,0.079620,3.721363,0.814623,3.529775,0.830035
18602.582988,0.172105,0.077643,3.707465,0.832768,3.520425,0.858552
18602.602949,0.169254,0.076572,3.694940,0.851023,3.512802,0.887579
18602.622914,0.165712,0.074762,3.682758,0.870791,3.506935,0.917010
18602.642630,0.161320,0.074268,3.671158,0.890079,3.502845,0.946741
18602.662604,0.155141,0.072697,3.659510,0.909013,3.500712,0.973332
18602.682583,0.147742,0.071207,3.647742,0.928793,3.500000,1.000000
18602.702799,0.136365,0.077620,3.636365,0.949047,3.500000,1.026667
18602.722663,0.126673,0.076753,3.626673,0.969914,3.500000,1.046667
18602.742991,0.118073,0.077555,3.618073,0.992445,3.500000,1.070000
18602.762651,0.108236,0.079534,3.608236,1.013800,3.500000,1.093333
18602.782681,0.098539,0.083319,3.598539,1.036681,3.500000,1.120000
18602.802764,0.091876,0.084054,3.591876,1.059280,3.500000,1.143333
18602.822362,0.086283,0.084911,3.586283,1.081756,3.500000,1.166667
18602.842128,0.080331,0.084779,3.580331,1.105221,3.500000,1.190000
18602.862458,0.073659,0.088415,3.573659,1.128252,3.500000,1.216667
18602.882283,0.066680,0.087812,3.566680,1.152188,3.500000,1.240000
18602.902490,0.056893,0.087799,3.556893,1.175535,3.500000,1.263333
18602.922169,0.053435,0.091382,3.553435,1.198618,3.500000,1.290000
18602.942075,0.050855,0.089483,3.550855,1.223851,3.500000,1.313333
18602.962068,0.041898,0.090981,3.541898,1.249019,3.500000,1.340000
18602.982009,0.038998,0.089392,3.538998,1.273941,3.500000,1.363333
18603.002588,0.033243,0.089773,3.533243,1.300227,3.500000,1.390000
18603.022093,0.029196,0.090296,3.529196,1.326371,3.500000,1.416667
18603.042378,0.023201,0.091609,3.523201,1.351724,3.500000,1.443333
18603.062199,0.017834,0.091708,3.517834,1.378292,3.500000,1.470000
18603.082602,0.011232,0.092656,3.511232,1.404010,3.500000,1.496667
18603.102990,-0.000714,0.097879,3.503804,1.428947,3.499285,1.526724
18603.122766,-0.013388,0.097768,3.494268,1.454734,3.497143,1.553372
18603.142504,-0.021982,0.099172,3.487854,1.481718,3.493035,1.583165
18603.162483,-0.037032,0.100896,3.473797,1.506011,3.487143,1.612656
18603.182882,-0.046635,0.100362,3.463218,1.532275,3.479489,1.641741
18603.203047,-0.057376,0.104808,3.451496,1.555247,3.468951,1.673450
18603.223190,-0.066901,0.103502,3.438113,1.579652,3.457674,1.701331
18603.243243,-0.078449,0.104506,3.422043,1.602502,3.443205,1.731451
18603.262961,-0.086230,0.103887,3.407290,1.626935,3.426756,1.760537
18603.282938,-0.094441,0.102505,3.390399,1.650248,3.408401,1.788459
18603.303630,-0.103603,0.103155,3.371644,1.672197,3.386107,1.817681
18603.323150,-0.110957,0.103524,3.352925,1.693690,3.361727,1.845186
18603.343110,-0.115847,0.108792,3.336946,1.714189,3.332906,1.873060
18603.362659,-0.121720,0.104376,3.314794,1.734297,3.307245,1.894462
18603.382553,-0.125948,0.103128,3.293347,1.753963,3.277438,1.915967
18603.403697,-0.130884,0.102471,3.269081,1.772658,3.243216,1.936859
18603.423029,-0.132316,0.100399,3.245842,1.791261,3.210467,1.953545
18603.443291,-0.134391,0.099274,3.219939,1.808468,3.173450,1.968951
18603.462901,-0.135643,0.097426,3.192399,1.824392,3.135318,1.981341
18603.482862,-0.135282,0.095837,3.164298,1.839426,3.096316,1.990636
18603.503612,-0.134997,0.098243,3.138996,1.851509,3.056694,1.996775
18603.522897,-0.130268,0.092036,3.106786,1.865745,3.020047,1.999598
18603.543118,-0.121445,0.088941,3.075608,1.878555,2.986667,2.000000
18603.563093,-0.109811,0.093354,3.043354,1.890189,2.950000,2.000000
18603.582894,-0.098831,0.097147,3.010480,1.901169,2.913333,2.000000
18603.602630,-0.088526,0.100269,2.980269,1.911474,2.880000,2.000000
18603.622557,-0.079010,0.098983,2.945650,1.920990,2.846667,2.000000
18603.642762,-0.067620,0.097695,2.907695,1.932380,2.810000,2.000000
18603.662775,-0.057942,0.098862,2.872195,1.942058,2.773333,2.000000
18603.682707,-0.049769,0.100231,2.836898,1.950231,2.736667,2.000000
18603.702731,-0.043334,0.101572,2.801572,1.956666,2.700000,2.000000
18603.722726,-0.037555,0.103804,2.767138,1.962445,2.663333,2.000000
18603.742823,-0.034945,0.105128,2.731795,1.965055,2.626667,2.000000
18603.762707,-0.033669,0.106374,2.696374,1.966331,2.590000,2.000000
18603.783039,-0.035617,0.104526,2.661193,1.964383,2.556667,2.000000
18603.803055,-0.038583,0.105511,2.625511,1.961417,2.520000,2.000000
18603.823282,-0.047617,0.105572,2.590397,1.955658,2.483293,1.999721
18603.843240,-0.062050,0.106600,2.556254,1.947212,2.443306,1.996775
18603.863280,-0.073891,0.109012,2.524888,1.939127,2.403684,1.990636
18603.883303,-0.087775,0.106691,2.491146,1.925716,2.364682,1.981341
18603.903278,-0.101193,0.103917,2.459118,1.910091,2.326550,1.968951
18603.923399,-0.117718,0.104613,2.431367,1.890350,2.286506,1.952129
18603.943496,-0.131421,0.105322,2.402785,1.870800,2.245192,1.930201
18603.963273,-0.143332,0.104506,2.374903,1.849978,2.206107,1.904508
18603.982937,-0.154190,0.103185,2.348930,1.827734,2.169595,1.875276
18604.003217,-0.164377,0.103275,2.324410,1.804099,2.133691,1.840320
18604.022998,-0.173597,0.103511,2.302344,1.779617,2.101466,1.801944
18604.043056,-0.179767,0.099457,2.280189,1.753227,2.074995,1.763383
18604.062860,-0.184344,0.097841,2.259349,1.726492,2.050766,1.719519
18604.082922,-0.185390,0.094254,2.238949,1.699289,2.032219,1.676581
18604.102843,-0.188721,0.100779,2.226407,1.679437,2.017765,1.632098
18604.123844,-0.183329,0.094004,2.206350,1.651285,2.008732,1.593034
18604.143757,-0.176139,0.087176,2.188112,1.623335,2.003225,1.556694
18604.163129,-0.165168,0.080151,2.169283,1.595724,2.000547,1.523386
18604.183455,-0.150370,0.081254,2.151868,1.568197,1.999899,1.489974
18604.203541,-0.130179,0.091387,2.135475,1.540600,1.998392,1.459938
18604.224285,-0.110111,0.095713,2.117424,1.513539,1.995539,1.433357
18604.245208,-0.090112,0.098342,2.098105,1.486824,1.991268,1.406966
18604.264977,-0.073071,0.099140,2.080186,1.459711,1.985594,1.380841
18604.284964,-0.056081,0.102319,2.061429,1.432972,1.977551,1.351862
18604.304994,-0.038944,0.106956,2.041373,1.406108,1.966590,1.320296
18604.325262,-0.023264,0.106959,2.020483,1.380238,1.954942,1.292569
18604.343267,-0.010314,0.110396,2.001556,1.354914,1.940071,1.262645
18604.363135,0.002619,0.111845,1.980569,1.329850,1.923235,1.233782
18604.382798,0.014915,0.113044,1.958888,1.306328,1.904508,1.206107
18604.405339,0.026639,0.111070,1.934659,1.282104,1.883975,1.179745
18604.425521,0.036850,0.113263,1.911662,1.259438,1.859412,1.152404
18604.445547,0.046435,0.113311,1.886533,1.237030,1.832906,1.126940
18604.462785,0.055216,0.112824,1.860435,1.216012,1.804602,1.103493
18604.483168,0.062234,0.112106,1.834145,1.195772,1.774651,1.082188
18604.503127,0.068217,0.110367,1.806463,1.176430,1.743216,1.063141
18604.524311,0.072739,0.110830,1.778096,1.157221,1.707431,1.045058
18604.543346,0.076607,0.106027,1.746318,1.139680,1.673450,1.031049
18604.564150,0.079879,0.104918,1.714702,1.123952,1.635318,1.018659
18604.582817,0.081142,0.103456,1.682204,1.108915,1.596316,1.009364
18604.603794,0.080307,0.102428,1.649355,1.094628,1.556694,1.003225
18604.623315,0.076692,0.098612,1.615506,1.080986,1.520047,1.000402
18604.644319,0.069202,0.099895,1.579895,1.069202,1.480000,1.000000
18604.664159,0.058195,0.101450,1.544784,1.058195,1.443333,1.000000
18604.683300,0.047082,0.099030,1.505696,1.047082,1.406667,1.000000
18604.703799,0.038216,0.101626,1.468293,1.038216,1.366667,1.000000
18604.722816,0.031095,0.109167,1.435834,1.031095,1.326667,1.000000
18604.744393,0.025870,0.106947,1.396947,1.025870,1.290000,1.000000
18604.762783,0.022732,0.109068,1.362401,1.022732,1.253333,1.000000
18604.784141,0.018326,0.110525,1.327192,1.018326,1.216667,1.000000
18604.802708,0.016309,0.109499,1.289499,1.016309,1.180000,1.000000
18604.822407,0.015536,0.112290,1.255623,1.015536,1.143333,1.000000
18604.842693,0.014991,0.111154,1.217820,1.014991,1.106667,1.000000
18604.864424,0.016895,0.108296,1.181629,1.016895,1.073333,1.000000
18604.883397,0.017232,0.112053,1.148719,1.017232,1.036667,1.000000
18604.903383,0.022926,0.111845,1.111845,1.022926,1.000000,1.000000
18604.921963,0.037489,0.110134,1.075860,1.030648,0.963270,1.001351
18604.942123,0.049140,0.108593,1.038271,1.037828,0.923434,1.005897
18604.961859,0.062769,0.110839,1.006460,1.048985,0.884090,1.013621
18604.982239,0.073103,0.106886,0.969737,1.060968,0.845492,1.024472
18605.001773,0.084289,0.111152,0.940043,1.073883,0.804805,1.039675
18605.022473,0.093907,0.107931,0.904952,1.090700,0.765592,1.058352
18605.042207,0.095966,0.104999,0.871099,1.102944,0.730959,1.078554
18605.062055,0.112579,0.111293,0.852238,1.124970,0.695398,1.103493
18605.082646,0.119882,0.109165,0.823615,1.146030,0.662136,1.131424
18605.103283,0.128521,0.104174,0.798752,1.170837,0.633691,1.159680
18605.124376,0.135531,0.105107,0.775002,1.194613,0.603493,1.195398
18605.144432,0.139715,0.103603,0.752066,1.218811,0.578554,1.230959
18605.164996,0.141198,0.101325,0.727153,1.245913,0.555258,1.271517
18605.184420,0.142672,0.098203,0.706316,1.273998,0.537107,1.310976
18605.204959,0.142298,0.098284,0.686148,1.302244,0.521469,1.355058
18605.222546,0.144718,0.097408,0.672358,1.331583,0.510696,1.397134
18605.242839,0.146103,0.095463,0.661045,1.360481,0.504027,1.436670
18605.263073,0.145803,0.092366,0.650511,1.391168,0.500547,1.476614
18605.282844,0.137795,0.091897,0.637795,1.421437,0.500000,1.513333
18605.303364,0.122396,0.092141,0.622396,1.454526,0.500000,1.546667
18605.323659,0.108482,0.095927,0.608482,1.487406,0.500000,1.583333
18605.342927,0.099450,0.096360,0.599450,1.520307,0.500000,1.616667
18605.362684,0.085928,0.095189,0.585928,1.554811,0.500000,1.650000
18605.382717,0.072956,0.097219,0.572956,1.589447,0.500000,1.686667
18605.402374,0.065736,0.103273,0.565736,1.620061,0.500000,1.723333
18605.422456,0.055860,0.103128,0.555860,1.653539,0.500000,1.756667
18605.442605,0.047167,0.102841,0.547167,1.687159,0.500000,1.790000
18605.462410,0.038715,0.102337,0.538715,1.720996,0.500000,1.823333
18605.482423,0.025830,0.102787,0.525830,1.753879,0.500000,1.856667
18605.502482,0.014690,0.105830,0.514690,1.787503,0.500000,1.893333
18605.522373,0.003352,0.104433,0.503352,1.822234,0.500000,1.926667
18605.542571,-0.005101,0.107385,0.494899,1.855948,0.500000,1.963333
18605.562656,-0.010917,0.105302,0.489083,1.891364,0.500000,1.996667
18605.582736,-0.020062,0.108365,0.479938,1.924968,0.500000,2.033333
18605.602756,-0.025596,0.108225,0.474404,1.958442,0.500000,2.066667
18605.622853,-0.031254,0.115896,0.468746,1.987437,0.500000,2.103333
18605.643263,-0.035943,0.103799,0.464057,2.029534,0.500000,2.133333
18605.662673,-0.043695,0.104195,0.456305,2.065805,0.500000,2.170000
18605.683039,-0.048143,0.110278,0.451857,2.099722,0.500000,2.210000
18605.703153,-0.054932,0.111921,0.445068,2.134745,0.500000,2.246667
18605.723406,-0.057138,0.111234,0.442862,2.168766,0.500000,2.280000
18605.744676,-0.058462,0.109208,0.441538,2.204125,0.500000,2.313333
18605.764376,-0.056400,0.111082,0.443600,2.238918,0.500000,2.350000
18605.783630,-0.056381,0.109056,0.443619,2.274278,0.500000,2.383333
18605.803687,-0.053677,0.107752,0.446323,2.308914,0.500000,2.416667
18605.823817,-0.048497,0.105993,0.451503,2.344007,0.500000,2.450000
18605.845107,-0.041742,0.109971,0.458258,2.376695,0.500000,2.486667
18605.863539,-0.032519,0.111130,0.463454,2.410310,0.500402,2.520047
18605.883581,-0.017174,0.112694,0.473752,2.443155,0.502857,2.553372
18605.905685,-0.004699,0.114664,0.483076,2.474335,0.507532,2.586458
18605.923816,0.003514,0.108848,0.491806,2.509213,0.513621,2.615910
18605.943608,0.015440,0.107497,0.505631,2.544198,0.523450,2.651327
18605.963358,0.032779,0.110415,0.525225,2.571239,0.535854,2.685925
18605.983798,0.046727,0.111534,0.543780,2.598794,0.550766,2.719519
18606.003747,0.058345,0.110424,0.562866,2.627147,0.568106,2.751927
18606.024238,0.073701,0.100500,0.592731,2.661132,0.589680,2.785723
18606.044904,0.085967,0.119856,0.606440,2.675782,0.618174,2.822814
18606.063937,0.099961,0.117820,0.633153,2.698334,0.645267,2.852370
18606.083428,0.108714,0.113517,0.657703,2.720960,0.672111,2.877477
18606.103547,0.121824,0.110993,0.687919,2.740711,0.706107,2.904508
18606.123798,0.132981,0.107693,0.718564,2.759026,0.742322,2.928488
18606.143636,0.142239,0.106602,0.748992,2.776318,0.783488,2.950691
18606.163410,0.149878,0.103738,0.781247,2.792393,0.826550,2.968951
18606.183378,0.153274,0.101482,0.812581,2.808856,0.871129,2.983107
18606.203549,0.154601,0.101517,0.842447,2.823702,0.916835,2.993035
18606.224749,0.150682,0.098579,0.873749,2.840296,0.959938,2.998392
18606.244648,0.108943,-0.126703,0.907923,2.856322,0.993316,2.999955
18606.264475,0.128698,0.088499,0.941501,2.871302,1.030000,3.000000
18606.284580,0.114175,0.098407,0.974926,2.885825,1.073333,3.000000
18606.303495,0.100496,0.098750,1.007917,2.899504,1.106667,3.000000
18606.323656,0.087003,0.100480,1.042854,2.912997,1.143333,3.000000
18606.343767,0.075074,0.101047,1.078953,2.924926,1.180000,3.000000
18606.363485,0.062768,0.104183,1.112484,2.937232,1.216667,3.000000
18606.383560,0.052999,0.105255,1.148078,2.947001,1.253333,3.000000
18606.403527,0.040959,0.105020,1.184980,2.959041,1.290000,3.000000
18606.424914,0.029036,0.105114,1.221552,2.970964,1.326667,3.000000
18606.443866,0.018467,0.104084,1.259249,2.981533,1.363333,3.000000
18606.464745,0.009842,0.107194,1.296140,2.990158,1.403333,3.000000
18606.483679,0.001493,0.107775,1.335558,2.998507,1.443333,3.000000
18606.503798,-0.005751,0.107570,1.372430,3.005751,1.480000,3.000000
18606.525130,-0.012101,0.113874,1.409460,3.012101,1.523333,3.000000
18606.544887,-0.018921,0.112002,1.447998,3.018921,1.560000,3.000000
18606.564547,-0.022365,0.110783,1.489217,3.022365,1.600000,3.000000
18606.585116,-0.033367,0.098216,1.541784,3.033367,1.640000,3.000000
18606.604941,-0.024058,0.117928,1.568738,3.024058,1.686667,3.000000
18606.624881,-0.025869,0.118651,1.611349,3.025869,1.730000,3.000000
18606.644790,-0.026032,0.115390,1.651276,3.026032,1.766667,3.000000
18606.664626,-0.028167,0.113472,1.693195,3.028167,1.806667,3.000000
18606.684593,-0.028521,0.113872,1.736128,3.028521,1.850000,3.000000
18606.704831,-0.030616,0.116762,1.776571,3.030616,1.893333,3.000000
18606.723939,-0.029194,0.117341,1.815992,3.029194,1.933333,3.000000
18606.743891,-0.030975,0.117744,1.858922,3.030975,1.976667,3.000000
18606.763883,-0.032734,0.114876,1.901791,3.032734,2.016667,3.000000
18606.783732,-0.033684,0.115460,1.944540,3.033684,2.060000,3.000000
18606.804796,-0.034020,0.120527,1.986140,3.034020,2.106667,3.000000
18606.823960,-0.035239,0.121008,2.028992,3.035239,2.150000,3.000000
18606.843835,-0.037219,0.119328,2.070672,3.037219,2.190000,3.000000
18606.863623,-0.037728,0.119322,2.114012,3.037728,2.233333,3.000000
18606.882829,-0.038877,0.120341,2.156326,3.038877,2.276667,3.000000
18606.903270,-0.038832,0.123433,2.199900,3.038832,2.323333,3.000000
18606.922957,-0.038917,0.123937,2.242729,3.038917,2.366667,3.000000
18606.942924,-0.039541,0.123410,2.286590,3.039541,2.410000,3.000000
18606.962874,-0.038018,0.123079,2.330255,3.038018,2.453333,3.000000
18606.983885,-0.038908,0.122342,2.374325,3.038908,2.496667,3.000000
18607.002931,-0.038666,0.122594,2.417406,3.038666,2.540000,3.000000
18607.022480,-0.038128,0.127222,2.459444,3.038128,2.586667,3.000000
18607.045659,-0.038221,0.126477,2.503523,3.038221,2.630000,3.000000
18607.062108,-0.036961,0.121966,2.548034,3.036961,2.670000,3.000000
18607.083164,-0.035692,0.125298,2.591368,3.035692,2.716667,3.000000
18607.102454,-0.038350,0.128555,2.631445,3.038350,2.760000,3.000000
18607.121741,-0.034826,0.126569,2.676765,3.034826,2.803333,3.000000
18607.142450,-0.033673,0.123711,2.719622,3.033673,2.843333,3.000000
18607.163146,-0.032517,0.127616,2.762384,3.032517,2.890000,3.000000
18607.182947,-0.030467,0.124152,2.805848,3.030467,2.930000,3.000000
18607.203513,-0.029268,0.124338,2.848995,3.029268,2.973333,3.000000
18607.222871,-0.030775,0.127988,2.888678,3.030775,3.016667,3.000000
18607.242783,-0.030126,0.129834,2.930166,3.030126,3.060000,3.000000
18607.263419,-0.028584,0.128021,2.971979,3.028584,3.100000,3.000000
18607.283512,-0.030563,0.128457,3.011543,3.030563,3.140000,3.000000
18607.302061,-0.031731,0.129177,3.050823,3.031731,3.180000,3.000000
18607.322970,-0.031651,0.128458,3.091542,3.031651,3.220000,3.000000
18607.343493,-0.027876,0.126723,3.133277,3.027876,3.260000,3.000000
18607.363682,-0.029470,0.130131,3.169869,3.029470,3.300000,3.000000
18607.381906,-0.030382,0.129734,3.206933,3.030382,3.336667,3.000000
18607.402700,-0.030521,0.128336,3.244998,3.030521,3.373333,3.000000
18607.422201,-0.027751,0.124150,3.285850,3.027751,3.410000,3.000000
18607.445264,-0.035239,0.134443,3.315557,3.035239,3.450000,3.000000
18607.464757,-0.031207,0.126966,3.356367,3.031207,3.483333,3.000000
18607.483449,-0.032079,0.128512,3.391488,3.032079,3.520000,3.000000
18607.503534,-0.029833,0.128461,3.428205,3.029833,3.556667,3.000000
18607.523078,-0.028621,0.126405,3.463595,3.028621,3.590000,3.000000
18607.543933,-0.028823,0.128825,3.497842,3.028823,3.626667,3.000000
18607.563205,-0.031511,0.133144,3.526856,3.031511,3.660000,3.000000
18607.583036,-0.029507,0.126341,3.563659,3.029507,3.690000,3.000000
18607.605146,-0.034224,0.132811,3.590522,3.034224,3.723333,3.000000
18607.623569,-0.030515,0.130914,3.622419,3.030515,3.753333,3.000000
18607.642930,-0.030580,0.129630,3.653704,3.030580,3.783333,3.000000
18607.668909,-0.027377,0.128544,3.684789,3.027377,3.813333,3.000000
18607.685162,-0.025742,0.127610,3.712390,3.025742,3.840000,3.000000
18607.705554,-0.027229,0.132550,3.737450,3.027229,3.870000,3.000000
18607.726398,-0.025822,0.133800,3.762866,3.025822,3.896667,3.000000
18607.745698,-0.025222,0.135909,3.784091,3.025222,3.920000,3.000000
18607.765916,-0.017632,0.126489,3.813511,3.017632,3.940000,3.000000
18607.787662,-0.013717,0.129145,3.837522,3.013717,3.966667,3.000000
18607.805587,-0.013495,0.131415,3.858585,3.013495,3.990000,3.000000
18607.823552,-0.002058,0.133874,3.879595,3.005458,4.013367,2.999821
18607.845609,0.009528,0.129201,3.903848,2.998006,4.033396,2.998883
18607.864958,0.020657,0.127402,3.927772,2.990698,4.056694,2.996775
18607.885415,0.032758,0.132020,3.947535,2.982693,4.083165,2.993035
18607.904967,0.042602,0.128948,3.971082,2.974346,4.106134,2.988606
18607.923773,0.052134,0.129764,3.990054,2.966180,4.128871,2.983107
18607.946883,0.051558,0.124746,4.019936,2.965043,4.154508,2.975528
18607.971050,0.073000,0.131229,4.031007,2.945633,4.179704,2.966590
18607.987100,0.081631,0.129315,4.052999,2.934679,4.204386,2.956318
18608.005419,0.079482,0.127527,4.078729,2.932319,4.228483,2.944742
18608.025777,0.099249,0.131546,4.088292,2.912444,4.251927,2.931894
18608.044839,0.097181,0.134371,4.106240,2.911135,4.271852,2.919638
18608.065913,0.115838,0.127007,4.120475,2.886260,4.291182,2.906464
18608.085964,0.121940,0.122744,4.140462,2.871841,4.312491,2.890320
18608.105295,0.128464,0.131196,4.151919,2.863555,4.335392,2.870826
18608.124521,0.135023,0.128145,4.168630,2.848128,4.354733,2.852370
18608.145298,0.138587,0.125189,4.186305,2.834039,4.373060,2.832906
18608.165023,0.141398,0.121474,4.204020,2.818947,4.390320,2.812491
18608.185544,0.146460,0.119404,4.219886,2.801493,4.408401,2.788459
18608.205183,0.150962,0.119700,4.233632,2.785608,4.425005,2.763383
18608.222405,0.153622,0.117133,4.249258,2.767523,4.440071,2.737355
18608.244616,0.156899,0.114311,4.263106,2.748114,4.453545,2.710467
18608.264753,0.161066,0.116145,4.274543,2.730200,4.466590,2.679704
18608.283712,0.160314,0.110551,4.290297,2.708173,4.476550,2.651327
18608.304063,0.158708,0.108677,4.305559,2.686881,4.485594,2.619159
18608.323947,0.156460,0.105072,4.319100,2.665030,4.491879,2.589748
18608.343914,0.150132,0.104689,4.335741,2.643685,4.496775,2.556694
18608.363796,0.145877,0.101515,4.348191,2.620298,4.499285,2.526724
18608.383711,0.142335,0.096000,4.357665,2.596000,4.500000,2.500000
18608.405115,0.130895,0.101284,4.369105,2.571284,4.500000,2.470000
18608.423921,0.119093,0.102123,4.380907,2.545456,4.500000,2.443333
18608.445101,0.104392,0.103177,4.395608,2.519843,4.500000,2.416667
18608.463496,0.093848,0.102421,4.406152,2.492421,4.500000,2.390000
18608.484881,0.085763,0.105114,4.414237,2.465114,4.500000,2.360000
18608.503486,0.076103,0.105657,4.423897,2.438990,4.500000,2.333333
18608.524151,0.066624,0.107294,4.433376,2.410627,4.500000,2.303333
18608.543591,0.056010,0.107804,4.443990,2.381137,4.500000,2.273333
18608.564458,0.046520,0.108549,4.453480,2.351883,4.500000,2.243333
18608.583161,0.035928,0.111332,4.464072,2.324665,4.500000,2.213333
18608.603224,0.027294,0.110402,4.472706,2.293735,4.500000,2.183333
18608.624368,0.019145,0.112138,4.480855,2.265471,4.500000,2.153333
18608.643605,0.016985,0.108945,4.483015,2.232278,4.500000,2.123333
18608.664806,0.015301,0.111222,4.484699,2.201222,4.500000,2.090000
18608.683650,0.011777,0.112694,4.488223,2.169361,4.500000,2.056667
18608.704593,0.003705,0.109909,4.496295,2.136575,4.500000,2.026667
18608.723940,-0.000641,0.110111,4.500641,2.103444,4.500000,1.993333
18608.746699,-0.005199,0.112669,4.505199,2.069336,4.500000,1.956667
18608.766512,-0.005841,0.124577,4.505841,2.047910,4.500000,1.923333
