vx,vy,omega,delta,T,eps_vx,eps_vy,eps_omega,pos_x,pos_y,theta
0.400000,0.020000,0.000000,-0.004076,0.510000,-0.011674,0.014166,-0.028903,1.444515,3.011647,0.472283
0.400000,0.020000,0.000000,-0.007524,0.520000,-0.243345,0.056471,1.389942,1.445153,3.016786,0.487404
0.202030,0.055651,1.369286,-0.018794,0.530000,-0.053358,-0.001533,-0.068384,1.446684,3.015588,0.489245
0.195328,0.000405,0.018762,-0.025493,0.540000,-0.031767,0.000254,0.006215,1.448872,3.014451,0.489245
0.211913,-0.002204,-0.058412,-0.030490,0.550000,-0.010868,0.000146,0.004328,1.452039,3.012843,0.489245
0.250491,-0.003025,-0.079561,-0.033690,0.560000,-0.020916,0.000289,0.008256,1.455156,3.011556,0.489245
0.279915,-0.003715,-0.098149,-0.035801,0.570000,-0.013323,0.000202,0.005907,1.459575,3.011107,0.491229
0.317905,-0.004455,-0.118351,-0.037078,0.580000,-0.021565,0.000306,0.008864,1.465069,3.010409,0.496566
0.348570,-0.005042,-0.134612,-0.038116,0.590000,-0.005785,0.000096,0.002978,1.472236,3.009409,0.503667
0.395953,-0.005826,-0.156749,-0.038262,0.600000,-0.008699,0.000115,0.003470,1.479972,3.009197,0.512173
0.441274,-0.006470,-0.175748,-0.038040,0.610000,-0.000407,-0.000003,-0.000140,1.488521,3.009130,0.522182
0.495729,-0.007137,-0.196193,-0.036904,0.620000,-0.001261,-0.000027,-0.001045,1.497525,3.010369,0.533739
0.550127,-0.007609,-0.212341,-0.035307,0.630000,-0.004078,-0.000023,-0.000904,1.509730,3.014048,0.546305
0.602470,-0.007876,-0.223300,-0.035148,0.640000,-0.014385,0.000130,0.004719,1.517072,3.010680,0.560124
0.645264,-0.008184,-0.233882,-0.032616,0.650000,-0.009864,-0.000040,-0.001182,1.527533,3.010021,0.573500
0.693348,-0.008182,-0.239155,-0.029631,0.660000,-0.003730,-0.000129,-0.004457,1.541163,3.009636,0.585822
0.748381,-0.007933,-0.237713,-0.026481,0.670000,-0.008309,-0.000127,-0.003979,1.552952,3.008634,0.600710
0.799497,-0.007471,-0.229417,-0.022598,0.680000,-0.004813,-0.000205,-0.006989,1.567929,3.007524,0.616702
0.854808,-0.006776,-0.215132,-0.018606,0.690000,-0.006047,-0.000227,-0.007596,1.582426,3.007337,0.633764
0.909528,-0.005888,-0.194133,-0.014457,0.700000,-0.004760,-0.000258,-0.008854,1.598539,3.008065,0.652257
0.966201,-0.004853,-0.167935,-0.010553,0.709308,-0.002733,-0.000253,-0.008977,1.616528,3.008021,0.671035
1.025333,-0.003753,-0.138147,-0.006465,0.717525,-0.007042,-0.000274,-0.009444,1.633860,3.007504,0.691384
1.080573,-0.002564,-0.103755,-0.002627,0.724927,-0.008899,-0.000247,-0.008592,1.651568,3.006436,0.712924
1.134105,-0.001337,-0.065544,0.000261,0.731589,-0.006018,-0.000211,-0.007519,1.671274,3.005917,0.734144
1.190785,-0.000326,-0.030278,0.003141,0.737367,-0.005050,-0.000210,-0.007807,1.692562,3.004126,0.756297
1.248521,0.000615,0.003992,0.006461,0.742015,-0.010700,-0.000239,-0.009143,1.711292,3.003970,0.780744
1.300428,0.001624,0.041677,0.009328,0.746220,-0.008614,-0.000203,-0.008194,1.732215,3.003090,0.804445
1.354399,0.002568,0.081244,0.011292,0.749713,-0.004101,-0.000142,-0.005888,1.757279,3.001559,0.827614
1.412698,0.003245,0.117314,0.013539,0.752058,-0.005718,-0.000154,-0.006859,1.782026,3.000621,0.853662
1.468877,0.003834,0.151713,0.015006,0.753690,-0.006877,-0.000102,-0.005113,1.807059,2.999358,0.882149
1.523384,0.004217,0.182943,0.016982,0.754738,-0.001446,-0.000132,-0.005977,1.836914,3.002601,0.910803
1.582853,0.004572,0.214633,0.015262,0.754818,0.000025,0.000128,0.005521,1.869180,3.001638,0.941358
1.643068,0.004139,0.230559,0.013622,0.753966,-0.042504,0.000625,0.008513,1.865618,3.000875,0.975649
1.659919,0.003794,0.230315,0.014349,0.757633,0.003799,0.000041,0.003171,1.902771,2.997893,0.995065
1.723238,0.003257,0.231026,0.014483,0.758284,-0.001598,-0.000005,-0.000617,1.936627,2.996158,1.014500
1.780385,0.002882,0.231187,0.015157,0.757119,-0.003542,-0.000028,-0.002532,1.969274,2.994308,1.050925
1.834707,0.002732,0.237177,0.015813,0.754923,-0.005428,-0.000009,-0.002529,2.000819,2.993904,1.087978
1.886151,0.002625,0.247998,0.015829,0.751870,-0.006323,0.000042,-0.000614,2.032045,2.992458,1.123946
1.935667,0.002329,0.257829,0.015805,0.748586,-0.006055,0.000045,-0.000447,2.064116,2.993028,1.158564
1.984390,0.001903,0.264707,0.014368,0.744791,-0.005838,0.000131,0.004052,2.097113,2.991630,1.192959
2.032258,0.001159,0.262423,0.013041,0.740235,-0.005783,0.000132,0.004110,2.130837,2.991480,1.228183
2.078994,0.000355,0.251171,0.011640,0.734024,-0.005801,0.000139,0.004467,2.164884,2.990896,1.264244
2.124355,-0.000354,0.234538,0.010166,0.726197,-0.006993,0.000151,0.004720,2.197796,2.989964,1.300891
2.167036,-0.000944,0.214153,0.009229,0.718134,-0.004876,0.000099,0.003129,2.234141,2.989998,1.337715
2.210345,-0.001325,0.194256,0.008248,0.708615,-0.009614,0.000124,0.007272,2.268515,2.994004,1.375253
2.247239,-0.001543,0.180066,0.004829,0.698872,-0.000400,0.000279,0.010078,2.307498,2.988615,1.412669
2.291781,-0.002235,0.146665,0.005037,0.688872,-0.004300,0.000022,-0.000818,2.345683,2.987724,1.451526
2.330649,-0.002269,0.119081,0.003613,0.678872,-0.004406,0.000107,0.005156,2.384198,2.988683,1.492547
2.367751,-0.002153,0.098276,0.001574,0.668872,-0.003767,0.000496,0.016472,2.423484,2.989526,1.533295
2.403851,-0.001912,0.081207,-0.000024,0.658872,-0.003955,0.000221,0.013702,2.462617,2.991366,1.574544
2.438117,-0.002211,0.055915,-0.002454,0.648872,-0.004105,0.000133,0.008786,2.502830,2.991213,1.615682
2.470634,-0.002556,0.015459,-0.002705,0.638872,-0.003066,0.000021,0.001024,2.545393,2.999891,1.657164
2.502594,-0.002059,-0.017929,-0.005807,0.628872,-0.005882,0.000152,0.011394,2.582502,2.992289,1.700190
2.530174,-0.001752,-0.052769,-0.003407,0.618872,-0.003395,-0.000118,-0.008746,2.624956,2.990382,1.741890
2.558715,-0.000531,-0.071679,0.000562,0.608872,-0.003414,-0.000174,-0.013943,2.667620,2.991657,1.783560
2.585711,0.001349,-0.051395,0.003397,0.598872,-0.003488,-0.000124,-0.009841,2.710205,2.992927,1.827379
2.611107,0.002465,-0.007864,0.006396,0.588872,-0.002456,-0.000127,-0.010626,2.755494,2.995489,1.871620
2.636091,0.002662,0.044773,0.010803,0.578872,-0.002933,-0.000187,-0.016227,2.799699,2.995942,1.916733
2.659075,0.002464,0.108822,0.015049,0.568872,-0.002125,-0.000180,-0.015934,2.846210,2.997461,1.962597
2.681384,0.001783,0.183696,0.021993,0.558872,-0.002658,-0.000292,-0.026487,2.891244,2.999547,2.009610
2.701626,0.001050,0.276960,0.027422,0.548872,-0.001888,-0.000239,-0.020758,2.938611,3.000955,2.056112
2.721107,-0.000422,0.384117,0.032011,0.538872,-0.002077,-0.000920,-0.037413,2.984509,3.003042,2.103094
2.738933,-0.003612,0.469201,0.036193,0.528872,-0.001396,-0.000315,-0.032739,3.031811,3.004307,2.151000
2.755912,-0.005912,0.555906,0.034481,0.518872,-0.002022,0.000127,0.006628,3.079558,3.005319,2.198378
2.770937,-0.009382,0.630133,0.031055,0.508872,-0.002257,0.000193,0.012374,3.125948,3.006847,2.246712
2.784453,-0.013867,0.646819,0.021200,0.498872,-0.002017,0.000406,0.035634,3.173248,3.008801,2.294446
2.797106,-0.018600,0.588818,0.006873,0.488872,-0.002029,0.000694,0.058727,3.220485,3.013686,2.341814
2.808643,-0.022350,0.444756,-0.009732,0.478872,-0.001494,0.000818,0.070520,3.268696,3.018058,2.390039
2.819541,-0.023916,0.217401,-0.029693,0.468872,-0.001891,0.000975,0.083868,3.314663,3.021880,2.438011
2.828625,-0.022802,-0.083244,-0.049687,0.458872,-0.000989,0.000649,0.073039,3.364077,3.026748,2.485465
2.836984,-0.018686,-0.445525,-0.070766,0.448872,-0.000139,0.003932,0.150044,3.413052,3.031265,2.534118
2.844083,-0.007882,-0.750155,-0.092935,0.438872,0.002089,0.007457,0.296512,3.461904,3.034979,2.583562
2.850733,0.005187,-0.932789,-0.113436,0.428872,0.001855,0.002661,0.226482,3.510866,3.038564,2.632185
2.854150,0.008744,-1.219285,-0.130811,0.418872,0.000260,0.002265,0.090729,3.561042,3.039002,2.680644
2.853315,0.015917,-1.627484,-0.154497,0.408872,0.000459,0.001000,0.095967,3.608410,3.043917,2.729875
2.849198,0.027568,-1.985828,-0.180614,0.398872,-0.000995,0.000425,0.045093,3.652348,3.046437,2.777962
2.839609,0.041903,-2.346432,-0.198806,0.388872,0.000726,0.000875,0.045653,3.699673,3.042173,2.822907
2.828173,0.060888,-2.616886,-0.213001,0.378872,0.003327,0.001736,0.065426,3.750683,3.038793,2.867508
2.815970,0.081660,-2.780279,-0.226474,0.368872,0.004549,0.001993,0.083859,3.796293,3.031582,2.914184
2.801573,0.100692,-2.860907,-0.227972,0.358872,0.000734,0.000136,0.039932,3.835596,3.019669,2.960600
2.781301,0.114404,-2.928989,-0.218598,0.354564,-0.003288,-0.000793,-0.007888,3.874376,3.009623,3.002731
2.756835,0.125145,-2.992592,-0.203926,0.354122,-0.003039,-0.000710,-0.011931,3.917512,2.995642,3.042644
2.733515,0.134741,-3.007506,-0.185537,0.354895,-0.005965,-0.001868,-0.035995,3.953278,2.974708,3.086459
2.708803,0.140796,-2.994054,-0.155508,0.356064,-0.006211,-0.001610,-0.053935,3.992063,2.952678,3.132949
2.686783,0.145479,-2.914798,-0.120044,0.358408,-0.005643,-0.001783,-0.069595,4.020981,2.924426,3.181981
2.669108,0.147626,-2.727011,-0.084034,0.361699,-0.004601,-0.001589,-0.081825,4.045494,2.892721,3.234422
2.656603,0.145558,-2.397953,-0.054368,0.364770,-0.002907,-0.001170,-0.082500,4.072738,2.861533,3.288577
2.649543,0.135814,-1.945013,-0.035688,0.368404,-0.001736,-0.000793,-0.057464,4.101795,2.831305,3.347062
2.646862,0.116106,-1.442189,-0.033469,0.372382,-0.001349,-0.000312,-0.007713,4.129855,2.799288,3.410377
2.646846,0.087907,-1.028911,-0.044300,0.376343,-0.001082,0.000307,0.035841,4.156831,2.766067,3.476535
2.648273,0.058265,-0.823515,-0.061143,0.378661,-0.000803,0.000556,0.054422,4.183587,2.733768,3.543347
2.650086,0.034385,-0.845801,-0.077528,0.379911,-0.000754,0.000565,0.050738,4.207837,2.700571,3.608140
2.651558,0.020083,-1.025272,-0.093285,0.380286,-0.000737,0.000455,0.043390,4.232428,2.669262,3.669091
2.652317,0.014640,-1.281211,-0.107789,0.379582,-0.000532,0.000397,0.038156,4.258465,2.637383,3.724578
2.652244,0.015867,-1.552401,-0.121058,0.378071,-0.000640,0.000356,0.032923,4.283167,2.606016,3.773196
2.650749,0.021301,-1.808023,-0.132034,0.376062,-0.000576,0.000292,0.026030,4.305244,2.571176,3.814445
2.647907,0.029199,-2.030831,-0.137013,0.372858,-0.000688,0.000020,0.012312,4.327567,2.537121,3.852475
2.643768,0.038578,-2.202723,-0.138344,0.369697,-0.000951,-0.000058,0.003424,4.345414,2.501314,3.889973
2.638420,0.048382,-2.316957,-0.135841,0.366113,-0.000753,-0.000424,-0.011057,4.369152,2.467247,3.927393
2.632625,0.057214,-2.380134,-0.132342,0.362455,-0.000785,-0.000884,-0.027991,4.386458,2.429799,3.965237
2.626316,0.064144,-2.408686,-0.127716,0.358961,-0.000842,-0.001437,-0.047636,4.401061,2.392056,4.002688
2.619723,0.068992,-2.413561,-0.121480,0.355208,0.000283,-0.002686,-0.080415,4.413244,2.364025,4.041362
2.614282,0.071387,-2.409259,-0.115760,0.352479,-0.002550,-0.000672,-0.048054,4.422314,2.318431,4.076274
2.606175,0.075281,-2.338201,-0.105518,0.347762,-0.001272,-0.001667,-0.055599,4.434453,2.281322,4.114298
2.599779,0.075526,-2.229810,-0.095563,0.343873,-0.001695,-0.003085,-0.107525,4.440727,2.244120,4.156326
2.593606,0.072097,-2.142018,-0.083054,0.339672,-0.001475,-0.001445,-0.094885,4.449894,2.205733,4.194697
2.588510,0.070874,-1.987969,-0.071811,0.335318,-0.001086,-0.000638,-0.038942,4.457270,2.168370,4.233190
2.584455,0.068152,-1.747193,-0.062191,0.331003,-0.000940,-0.000522,-0.032057,4.462584,2.129217,4.271645
2.581170,0.061371,-1.509893,-0.053535,0.326505,-0.000952,-0.000507,-0.030778,4.465150,2.091438,4.310174
2.578417,0.052730,-1.294688,-0.044050,0.321767,-0.000875,-0.000503,-0.033713,4.469367,2.052924,4.348996
2.576172,0.044480,-1.096217,-0.037496,0.316929,-0.000784,-0.000403,-0.023269,4.475498,2.016966,4.387751
2.574156,0.036805,-0.920327,-0.030228,0.311835,-0.000587,-0.000362,-0.026996,4.489334,1.979063,4.425053
2.572341,0.030422,-0.767479,-0.030095,0.306986,-0.000552,-0.000033,-0.000414,4.497621,1.941195,4.461975
2.570279,0.024083,-0.657833,-0.031793,0.302674,-0.000488,0.000061,0.006470,4.504925,1.902596,4.499735
2.567959,0.018254,-0.610127,-0.032740,0.297699,-0.000607,0.000028,0.003782,4.508509,1.865819,4.538050
2.565116,0.014211,-0.602025,-0.033245,0.293168,-0.000491,0.000020,0.002531,4.514240,1.827969,4.575655
2.562015,0.012035,-0.609275,-0.033684,0.288293,-0.000684,0.000004,0.001829,4.516643,1.792448,4.612557
2.558292,0.011060,-0.621299,-0.034181,0.283578,-0.000517,0.000088,0.004095,4.517492,1.757320,4.649105
2.554315,0.010811,-0.631580,-0.035263,0.279041,0.000081,0.000328,0.012451,4.520996,1.720427,4.684331
2.550512,0.010861,-0.638415,-0.036333,0.274427,0.000505,0.000563,0.020835,4.527224,1.684975,4.720276
2.546693,0.010966,-0.642582,-0.039492,0.270282,0.001079,0.001274,0.046298,4.529788,1.647384,4.756519
2.542987,0.011027,-0.645421,-0.043890,0.266383,0.000812,0.000905,0.051466,4.534551,1.611279,4.792445
2.538526,0.009680,-0.677841,-0.049040,0.262519,-0.000583,0.000438,0.025840,4.540599,1.577000,4.828625
2.532175,0.008094,-0.766521,-0.056221,0.259378,-0.000544,0.000623,0.035612,4.537475,1.540890,4.863360
2.525373,0.007830,-0.868903,-0.062159,0.255644,-0.000632,0.000471,0.028195,4.551730,1.509949,4.897937
2.517944,0.008404,-0.983486,-0.070864,0.253260,-0.000429,0.000779,0.042431,4.553551,1.470944,4.931900
2.510132,0.009494,-1.102689,-0.085138,0.252582,-0.000378,0.002694,0.098187,4.553633,1.439541,4.966484
2.501571,0.011422,-1.220555,-0.099224,0.252244,0.000558,0.005401,0.192451,4.551421,1.408517,5.000425
2.493060,0.014689,-1.289762,-0.109697,0.251662,0.001450,0.007262,0.257166,4.551110,1.376479,5.031194
2.484659,0.017488,-1.326294,-0.120385,0.251134,0.002263,0.009001,0.316358,4.556108,1.345666,5.062204
2.476240,0.019301,-1.345482,-0.132587,0.251266,0.003234,0.010843,0.378436,4.554730,1.314968,5.093455
2.467895,0.020253,-1.355736,-0.142179,0.250883,0.002411,0.005549,0.277691,4.555119,1.283520,5.123747
2.457998,0.013980,-1.506182,-0.150563,0.250455,-0.000400,0.001097,0.040385,4.551489,1.254673,5.153749
2.444903,0.008217,-1.894891,-0.154242,0.249387,-0.000552,0.000424,0.027695,4.547142,1.225462,5.183098
2.431668,0.012301,-2.189729,-0.154420,0.247781,-0.000934,-0.000048,0.001269,4.543109,1.195813,5.210754
2.417813,0.020228,-2.399681,-0.155315,0.245912,-0.000926,-0.000076,0.003052,4.538388,1.167894,5.238477
2.403458,0.028782,-2.522977,-0.156621,0.243744,-0.000929,-0.000057,0.003127,4.535050,1.138751,5.266614
2.388495,0.035752,-2.592998,-0.158714,0.241675,-0.000988,-0.000061,0.004716,4.527068,1.111518,5.293887
2.372924,0.040436,-2.632847,-0.161767,0.239304,-0.000897,-0.000050,0.006066,4.518514,1.085750,5.320630
2.356918,0.042921,-2.660569,-0.163170,0.236705,-0.000839,-0.000080,0.003080,4.510911,1.057879,5.347423
2.340723,0.043950,-2.680785,-0.165778,0.234300,-0.000853,-0.000041,0.005374,4.504309,1.031459,5.375341
2.324254,0.043814,-2.697987,-0.169716,0.232232,-0.000735,0.000002,0.007338,4.496534,1.004884,5.403479
2.307638,0.042718,-2.720553,-0.174961,0.230771,-0.000690,0.000066,0.010040,4.486159,0.979917,5.431676
2.290791,0.041043,-2.752601,-0.180984,0.229611,-0.000579,0.000079,0.010206,4.472989,0.954768,5.460150
2.273768,0.039112,-2.797216,-0.187306,0.228532,-0.000568,0.000120,0.011918,4.458262,0.932657,5.489320
2.256455,0.037336,-2.849996,-0.192022,0.227779,-0.000375,0.000385,0.015878,4.444740,0.909848,5.519303
2.239207,0.036234,-2.899823,-0.196709,0.227424,-0.000373,0.000174,0.014328,4.430973,0.887899,5.548880
2.221835,0.034982,-2.951141,-0.200624,0.227484,-0.000724,0.000008,0.006125,4.414671,0.869018,5.578605
2.204112,0.033777,-3.007648,-0.203555,0.227711,-0.000675,-0.000019,0.004634,4.397144,0.850425,5.608244
2.186542,0.032924,-3.057763,-0.205153,0.227979,-0.000727,-0.000038,0.003169,4.382421,0.830984,5.638262
2.169143,0.032260,-3.098194,-0.205775,0.228607,-0.000835,-0.000077,0.001753,4.365767,0.814290,5.668759
2.151974,0.031547,-3.128001,-0.205854,0.229153,-0.000680,-0.000072,0.001121,4.348016,0.796858,5.699119
2.135345,0.030643,-3.147529,-0.206548,0.229133,-0.000689,-0.000057,0.001993,4.330848,0.780557,5.729853
2.118996,0.029343,-3.160361,-0.207905,0.229037,-0.000649,-0.000044,0.002716,4.308237,0.767402,5.760356
2.102936,0.027576,-3.171343,-0.209572,0.228046,-0.000627,-0.000021,0.003628,4.289224,0.754382,5.791860
2.087045,0.025467,-3.182714,-0.210570,0.227001,-0.000516,0.000032,0.004042,4.269679,0.741118,5.824636
2.071492,0.023276,-3.193354,-0.211847,0.225808,-0.000518,0.000003,0.004222,4.249295,0.729531,5.856600
2.056122,0.020930,-3.204816,-0.214185,0.224314,-0.000572,-0.000002,0.004152,4.229398,0.719045,5.887952
2.040766,0.018431,-3.220932,-0.216140,0.223111,-0.000421,-0.000001,0.003413,4.206729,0.705963,5.919331
2.025703,0.015998,-3.240100,-0.218998,0.221808,-0.000427,0.000050,0.005663,4.183628,0.696640,5.952448
2.010661,0.013638,-3.261346,-0.223244,0.220255,-0.000342,0.000110,0.008062,4.159511,0.690521,5.986595
1.995583,0.011225,-3.288113,-0.228561,0.218571,-0.000382,0.000100,0.008129,4.136799,0.684148,6.021029
1.980229,0.008708,-3.324337,-0.234326,0.217630,-0.000400,0.000116,0.008797,4.115456,0.678764,6.055404
1.964660,0.006288,-3.367832,-0.240402,0.217863,-0.000366,0.000121,0.008590,4.091068,0.675725,6.088136
1.949030,0.004015,-3.417519,-0.247125,0.218102,-0.000016,0.000569,0.019050,4.066554,0.675383,6.120856
1.933581,0.002322,-3.461855,-0.253498,0.218808,0.000080,0.000552,0.022974,4.043337,0.675120,6.155160
1.918117,0.000449,-3.505884,-0.259859,0.220179,-0.000261,0.000236,0.011485,4.020184,0.675308,6.189971
1.902242,-0.001842,-3.565061,-0.265201,0.222107,-0.000364,0.000099,0.006853,3.995113,0.679122,6.224253
1.886435,-0.003862,-3.626234,-0.269624,0.223827,-0.000355,0.000124,0.006936,3.972183,0.683722,6.258996
1.870845,-0.005460,-3.681160,-0.274561,0.225184,-0.000290,0.000131,0.007176,3.949212,0.688586,6.294245
1.855407,-0.006989,-3.731351,-0.277677,0.226613,-0.000409,0.000088,0.005464,3.926825,0.693584,6.328902
1.840134,-0.008473,-3.775616,-0.279495,0.228421,-0.000375,0.000029,0.003606,3.905491,0.700754,6.363274
1.825290,-0.009961,-3.812782,-0.279945,0.230457,-0.000434,-0.000006,0.002289,3.883767,0.705481,6.397515
1.810977,-0.011419,-3.840982,-0.280272,0.232703,-0.000466,-0.000010,0.001953,3.861959,0.715035,6.430586
1.797231,-0.012947,-3.861269,-0.279695,0.235060,-0.000704,-0.000077,0.000514,3.842645,0.725383,6.463120
1.783946,-0.014598,-3.874809,-0.278073,0.237913,-0.000831,-0.000132,-0.001495,3.822480,0.736484,6.495645
1.771393,-0.016288,-3.881464,-0.275914,0.240942,-0.000732,-0.000122,-0.001065,3.804947,0.749759,6.528449
1.759850,-0.017926,-3.879099,-0.272056,0.244709,-0.000771,-0.000165,-0.003087,3.785362,0.761513,6.561422
1.749409,-0.019450,-3.867516,-0.268555,0.248915,-0.000875,-0.000170,-0.002768,3.768148,0.776100,6.593437
1.739981,-0.020931,-3.847373,-0.265144,0.253492,-0.000910,-0.000243,-0.005187,3.748350,0.790114,6.625113
1.731637,-0.022482,-3.823880,-0.260789,0.258367,-0.000914,-0.000231,-0.005116,3.730555,0.804567,6.656598
1.724509,-0.023793,-3.792301,-0.255527,0.263966,-0.001141,-0.000311,-0.006784,3.715834,0.819951,6.687628
1.718514,-0.024912,-3.752983,-0.249051,0.270495,-0.001296,-0.000416,-0.010440,3.701779,0.836888,6.717549
1.713875,-0.025751,-3.704646,-0.241274,0.277690,-0.001295,-0.000442,-0.012029,3.688957,0.855066,6.746290
1.710891,-0.026118,-3.641621,-0.231655,0.285354,-0.001514,-0.000547,-0.015903,3.676987,0.872403,6.775408
1.709477,-0.026032,-3.560743,-0.221640,0.293488,-0.001469,-0.000554,-0.016852,3.665184,0.892052,6.803582
1.709882,-0.025589,-3.461506,-0.211054,0.301153,-0.001323,-0.000588,-0.019170,3.651435,0.911017,6.830794
1.712104,-0.024931,-3.347427,-0.200040,0.308507,-0.001940,-0.001101,-0.034346,3.641725,0.930530,6.857596
1.715308,-0.024554,-3.232944,-0.188244,0.315561,-0.001624,-0.000699,-0.023349,3.632342,0.951386,6.881610
1.720425,-0.023058,-3.086974,-0.176991,0.322288,-0.001619,-0.000731,-0.025066,3.621797,0.971446,6.904299
1.726876,-0.021822,-2.935626,-0.166794,0.328363,-0.001381,-0.000679,-0.023632,3.611630,0.994099,6.927131
1.734691,-0.020755,-2.784766,-0.156429,0.333775,-0.001688,-0.000793,-0.028328,3.606736,1.016595,6.950502
1.743239,-0.019736,-2.639472,-0.144851,0.338823,-0.001323,-0.000725,-0.028274,3.592585,1.038163,6.975120
1.753210,-0.018095,-2.483938,-0.135862,0.342390,-0.001245,-0.000650,-0.024456,3.585041,1.061865,6.998974
1.763869,-0.016808,-2.335432,-0.125548,0.344965,-0.001323,-0.000711,-0.027722,3.578576,1.084120,7.022983
1.775039,-0.015332,-2.188855,-0.114816,0.347047,-0.001220,-0.001263,-0.045938,3.570747,1.107784,7.047875
1.786859,-0.014090,-2.053812,-0.102788,0.348006,-0.001162,-0.001435,-0.053432,3.567489,1.131724,7.072970
1.799185,-0.012039,-1.904107,-0.087687,0.348445,-0.001220,-0.001795,-0.068237,3.558684,1.156431,7.098357
1.811907,-0.009209,-1.727346,-0.074729,0.347566,-0.000955,-0.001585,-0.060886,3.552221,1.181795,7.123813
1.824975,-0.006356,-1.527931,-0.061530,0.345515,-0.000790,-0.001575,-0.061709,3.550633,1.206669,7.149900
1.838098,-0.003879,-1.322075,-0.045607,0.343770,-0.000932,-0.001894,-0.075461,3.547434,1.229746,7.175909
1.851038,-0.001205,-1.102994,-0.030741,0.341453,-0.000377,-0.001762,-0.071370,3.544685,1.258662,7.201363
1.864280,0.001553,-0.866776,-0.012602,0.339120,-0.000651,-0.002144,-0.087362,3.541075,1.283009,7.227948
1.876931,0.004501,-0.613931,0.002985,0.337209,-0.000262,-0.001862,-0.076110,3.536760,1.310658,7.255197
1.889562,0.007258,-0.345845,0.019963,0.335524,-0.000206,-0.001972,-0.081424,3.530914,1.336878,7.282598
1.901760,0.009692,-0.075334,0.037079,0.335156,-0.000177,-0.001985,-0.082210,3.525576,1.363524,7.309793
1.913504,0.012018,0.200904,0.054968,0.336289,-0.000158,-0.002073,-0.085258,3.519079,1.390126,7.336732
1.924791,0.014222,0.482818,0.072630,0.339223,-0.000162,-0.001955,-0.081048,3.513493,1.418083,7.364967
1.935663,0.016272,0.771337,0.091031,0.343825,-0.000070,-0.004149,-0.129954,3.507348,1.443970,7.393835
1.946215,0.015812,1.013132,0.108603,0.350241,0.000030,-0.004091,-0.165138,3.498341,1.471018,7.423245
1.956442,0.016715,1.229228,0.124571,0.357510,-0.000262,-0.001652,-0.066834,3.487219,1.499217,7.453353
1.966046,0.020133,1.553416,0.138779,0.364770,-0.000334,-0.001503,-0.059749,3.475743,1.526004,7.484326
1.975507,0.020263,1.839269,0.150132,0.372228,-0.000397,-0.001132,-0.045183,3.463061,1.553349,7.516634
1.984856,0.018872,2.086362,0.158841,0.379898,-0.000565,-0.000808,-0.033539,3.448027,1.580235,7.550186
1.994068,0.016461,2.290564,0.165215,0.387789,-0.000812,-0.000931,-0.032114,3.432696,1.607386,7.585391
2.003156,0.013019,2.445612,0.170691,0.395881,-0.000951,-0.001054,-0.043869,3.416449,1.632944,7.621958
2.012209,0.009412,2.552288,0.173373,0.404479,-0.000974,-0.000162,-0.009847,3.398277,1.658444,7.658892
2.021569,0.006827,2.661130,0.173834,0.412998,-0.001037,0.000071,-0.001649,3.381718,1.682611,7.696706
2.031444,0.003485,2.737920,0.172483,0.421485,-0.001147,0.000163,0.002457,3.364042,1.705686,7.734371
2.041834,-0.000255,2.780562,0.170010,0.429546,-0.001092,0.000202,0.004796,3.342621,1.728151,7.771104
2.052905,-0.003927,2.793980,0.166728,0.436756,-0.001015,0.000237,0.006688,3.319915,1.749472,7.808444
2.064678,-0.007250,2.784590,0.161593,0.443010,-0.001086,0.000329,0.010925,3.296621,1.770468,7.847512
2.077052,-0.010264,2.753773,0.155849,0.448523,-0.000982,0.000336,0.012173,3.271113,1.789934,7.887390
2.090192,-0.012924,2.702933,0.149009,0.453738,-0.001079,0.000404,0.015461,3.245487,1.808463,7.927396
2.103962,-0.015166,2.635066,0.142213,0.458058,-0.000967,0.000392,0.015797,3.218997,1.827248,7.967367
2.118492,-0.016942,2.553278,0.136390,0.460882,-0.000649,0.000330,0.014121,3.189599,1.842980,8.006845
2.133745,-0.018082,2.466466,0.127903,0.460925,-0.000781,0.000483,0.021962,3.161767,1.858273,8.047022
2.149241,-0.019113,2.369760,0.119868,0.458895,-0.000631,0.000456,0.021302,3.131652,1.872343,8.086899
2.164975,-0.019994,2.259927,0.113263,0.453958,-0.000349,0.000369,0.018130,3.098983,1.885509,8.124986
2.180673,-0.020305,2.147783,0.107151,0.443958,-0.000141,0.000342,0.017088,3.066630,1.897145,8.162326
2.195716,-0.020111,2.039815,0.102393,0.433958,-0.000147,0.000275,0.013579,3.034135,1.907782,8.198739
2.209824,-0.019487,1.941440,0.098963,0.423958,-0.000062,0.000196,0.009625,3.000386,1.918236,8.234034
2.223017,-0.018547,1.858086,0.097879,0.413958,-0.000074,0.000084,0.002876,2.966703,1.928686,8.269549
2.235065,-0.017255,1.797850,0.101518,0.403958,0.000100,-0.000174,-0.011345,2.931307,1.937598,8.304995
2.245865,-0.015367,1.777303,0.110145,0.393958,0.000247,-0.000374,-0.023497,2.895946,1.946115,8.340730
2.255086,-0.012898,1.816321,0.122033,0.383958,0.000230,-0.000506,-0.031145,2.861398,1.952880,8.376984
2.262300,-0.010681,1.914620,0.136971,0.373958,0.000595,-0.000761,-0.041684,2.825445,1.959675,8.413479
2.267622,-0.009438,2.058868,0.153134,0.363958,0.000256,-0.000552,-0.034354,2.792571,1.962133,8.450413
2.270166,-0.009134,2.247228,0.168155,0.353958,0.000663,-0.000508,-0.028652,2.754361,1.968648,8.485218
2.270712,-0.010751,2.447085,0.182121,0.343958,0.000601,-0.000436,-0.023851,2.717366,1.972568,8.520465
2.268771,-0.014003,2.639804,0.193092,0.333958,0.000520,-0.000297,-0.017011,2.680268,1.974220,8.558190
2.264507,-0.018519,2.810968,0.201002,0.323958,0.000652,-0.000226,-0.011606,2.638904,1.978734,8.596334
2.258352,-0.023862,2.951280,0.208901,0.313958,-0.000002,-0.000120,-0.010358,2.610102,1.966909,8.635798
2.249485,-0.029098,3.063699,0.209543,0.304298,0.000189,0.000028,-0.000662,2.573458,1.962986,8.673269
2.239503,-0.034268,3.143535,0.208926,0.298217,-0.000147,0.000067,0.001236,2.538841,1.957196,8.710276
2.228398,-0.038861,3.189462,0.206212,0.293541,-0.000269,0.000144,0.003797,2.504781,1.946944,8.750036
2.216802,-0.042370,3.206496,0.201334,0.290527,-0.000407,0.000205,0.006910,2.470736,1.933198,8.790559
2.205177,-0.044661,3.197909,0.194242,0.288621,-0.000589,0.000304,0.010931,2.438839,1.917456,8.832297
2.193906,-0.045717,3.165072,0.184179,0.288238,-0.000778,0.000412,0.016246,2.408581,1.899443,8.875961
2.183512,-0.045767,3.104652,0.171481,0.289581,-0.000928,0.000526,0.022516,2.380085,1.879346,8.920507
2.174521,-0.045000,3.011635,0.156827,0.292254,-0.001125,0.000735,0.031880,2.353943,1.857792,8.965917
2.167232,-0.043421,2.884272,0.139143,0.295674,-0.001177,0.000929,0.043237,2.328503,1.834125,9.012450
2.162111,-0.041486,2.712049,0.120063,0.299323,-0.001054,0.000870,0.045349,2.304238,1.809169,9.059429
2.159360,-0.039409,2.482332,0.101384,0.302373,-0.001058,0.001113,0.055991,2.282169,1.783277,9.107515
2.158589,-0.036253,2.218259,0.083272,0.304660,-0.001232,0.001031,0.053583,2.264351,1.759672,9.155540
2.159336,-0.032726,1.920429,0.068134,0.307076,-0.000721,0.000777,0.044107,2.241535,1.731461,9.200855
2.161925,-0.028537,1.617624,0.054954,0.308513,-0.000713,0.000716,0.040282,2.220506,1.703399,9.245047
2.165472,-0.023962,1.336645,0.043000,0.311059,-0.000676,0.000718,0.039202,2.200962,1.675197,9.289631
2.169901,-0.019809,1.084880,0.030355,0.314787,-0.000770,0.000826,0.045074,2.182254,1.647639,9.332107
2.175046,-0.016804,0.852323,0.017475,0.319381,-0.000680,0.000860,0.047276,2.162620,1.619865,9.371169
2.181001,-0.014970,0.624114,0.003179,0.324878,-0.000811,0.000935,0.051681,2.145449,1.594283,9.406836
2.187479,-0.014129,0.387286,-0.011308,0.331867,-0.000735,0.000950,0.053817,2.127619,1.565850,9.438116
2.194676,-0.013695,0.140890,-0.026792,0.338704,-0.000688,0.001032,0.057568,2.110599,1.537997,9.465739
2.202366,-0.013441,-0.116934,-0.043022,0.345382,-0.000529,0.003736,0.123047,2.089854,1.507014,9.493480
2.210466,-0.010544,-0.324345,-0.060594,0.351534,-0.000581,0.007895,0.260466,2.068920,1.477288,9.523926
2.218397,-0.006125,-0.434906,-0.079569,0.357634,-0.000699,0.003339,0.186758,2.053249,1.451412,9.556786
2.225715,-0.011412,-0.704278,-0.097034,0.364396,-0.000247,0.000979,0.053310,2.032407,1.422659,9.588664
2.233227,-0.015242,-1.124040,-0.111034,0.370669,-0.000212,0.002724,0.090038,2.012221,1.394090,9.621529
2.240700,-0.010879,-1.432248,-0.123604,0.376831,-0.000044,0.005034,0.166903,1.992443,1.366859,9.656976
2.247912,-0.003650,-1.606787,-0.135082,0.382984,0.000178,0.006976,0.231254,1.973318,1.340093,9.692335
2.254721,0.002798,-1.699158,-0.145623,0.388963,0.000453,0.008600,0.284922,1.951961,1.314277,9.727981
2.261179,0.007608,-1.744896,-0.155022,0.394449,-0.000043,0.002869,0.157885,1.928758,1.289848,9.763833
2.266585,0.003855,-1.935996,-0.160548,0.399400,-0.000660,0.000710,0.025011,1.904758,1.266495,9.800055
2.271485,0.002994,-2.227436,-0.161810,0.403799,-0.000941,0.000867,0.030404,1.880033,1.243999,9.837386
2.276404,0.008661,-2.419142,-0.159882,0.407544,-0.001498,0.000605,0.024031,1.853520,1.222032,9.875678
2.280919,0.015986,-2.530160,-0.156706,0.410930,-0.001956,0.000130,0.007833,1.827252,1.201227,9.914385
2.285086,0.022656,-2.590543,-0.151084,0.413932,-0.002930,-0.000718,-0.017613,1.801222,1.181796,9.952910
2.288601,0.027983,-2.616849,-0.145647,0.416644,-0.002379,-0.000560,-0.021349,1.774506,1.166405,9.991285
2.293037,0.032811,-2.601942,-0.139905,0.418974,-0.001200,-0.000907,-0.027176,1.744421,1.146962,10.028529
2.299036,0.035991,-2.560361,-0.134708,0.420346,-0.001795,-0.001731,-0.054078,1.713413,1.130434,10.066155
2.304760,0.037115,-2.527123,-0.128707,0.420814,-0.002179,-0.002546,-0.081332,1.680080,1.114679,10.105597
2.310500,0.037436,-2.497556,-0.123633,0.420025,-0.002476,-0.003354,-0.108585,1.646397,1.100279,10.145524
2.316165,0.037265,-2.476078,-0.118966,0.418133,-0.001759,-0.001317,-0.069829,1.615094,1.086711,10.185477
2.322642,0.039811,-2.396208,-0.115712,0.415463,-0.000559,-0.000224,-0.008839,1.580404,1.074052,10.222948
2.330107,0.041210,-2.259973,-0.117166,0.412050,-0.000386,0.000018,0.004390,1.546254,1.063417,10.259255
2.337190,0.038891,-2.164667,-0.120055,0.407364,-0.001483,0.000850,0.003708,1.516002,1.059219,10.296080
2.342518,0.035941,-2.124747,-0.122694,0.401047,0.001223,-0.000339,0.009834,1.475139,1.043509,10.330355
2.349758,0.031987,-2.113913,-0.128982,0.392888,0.000703,0.000945,0.032716,1.438483,1.035547,10.367123
2.355189,0.030164,-2.128502,-0.136185,0.384123,0.000771,0.000574,0.033778,1.399779,1.026816,10.406638
2.359174,0.028231,-2.181036,-0.150000,0.375058,0.001439,0.002059,0.069747,1.367648,1.020046,10.444851
2.361713,0.028002,-2.254648,-0.160132,0.366078,0.003270,0.003409,0.112572,1.330765,1.014313,10.481371
2.364196,0.029688,-2.308918,-0.170481,0.357423,0.004983,0.004728,0.155160,1.294753,1.010410,10.516946
2.366420,0.032044,-2.342799,-0.182362,0.348858,0.004061,0.002667,0.123449,1.262296,1.011845,10.553447
2.365589,0.030890,-2.436459,-0.190337,0.341582,0.000437,0.000299,0.015454,1.225906,1.009512,10.588216
2.359670,0.029280,-2.639389,-0.195404,0.335909,0.000240,0.000190,0.010382,1.188564,1.010476,10.622900
2.352542,0.032459,-2.807703,-0.200382,0.331850,0.000405,0.000437,0.014881,1.152116,1.012222,10.659234
2.344519,0.038028,-2.930928,-0.204817,0.329124,0.000154,0.000157,0.011933,1.118796,1.016271,10.696235
2.335255,0.043545,-3.023133,-0.208176,0.328054,0.000128,0.000240,0.009004,1.079565,1.022322,10.732669
2.325278,0.048744,-3.090423,-0.210919,0.327460,0.000367,0.000469,0.016604,1.044103,1.029949,10.770803
2.315014,0.053316,-3.128146,-0.213923,0.328241,0.000318,0.000639,0.022877,1.013863,1.042559,10.811397
2.304376,0.056621,-3.146884,-0.213126,0.329800,0.000052,0.000270,0.013938,0.981253,1.051963,10.851079
2.293657,0.058307,-3.159748,-0.213138,0.333074,-0.000371,-0.000014,0.000843,0.944346,1.063458,10.890274
2.282927,0.058764,-3.177364,-0.215538,0.337202,-0.000652,0.000069,0.005447,0.914095,1.079637,10.931532
2.272272,0.058717,-3.188976,-0.213991,0.341908,-0.000948,-0.000069,0.001496,0.883951,1.098397,10.974360
2.262134,0.058238,-3.196100,-0.210208,0.347395,-0.001264,-0.000335,-0.007042,0.859955,1.119057,11.017184
2.252795,0.057431,-3.199457,-0.199731,0.352474,-0.001251,-0.000518,-0.018517,0.832146,1.142456,11.059902
2.245168,0.057059,-3.183944,-0.191150,0.357542,-0.001671,-0.000932,-0.026152,0.806718,1.162977,11.104094
2.238626,0.056271,-3.151698,-0.182036,0.362093,-0.001473,-0.000633,-0.027685,0.776999,1.185730,11.148893
2.233806,0.055680,-3.096578,-0.175254,0.365923,-0.000838,-0.000316,-0.011884,0.754497,1.213180,11.193736
2.230838,0.054537,-3.013174,-0.167248,0.368947,-0.000806,-0.000344,-0.014192,0.731740,1.239424,11.240289
2.229175,0.052282,-2.921640,-0.159398,0.371572,-0.000846,-0.000408,-0.016618,0.710760,1.266659,11.286417
2.228727,0.049276,-2.825128,-0.150758,0.373661,-0.000850,-0.000433,-0.018806,0.691328,1.295091,11.330790
2.229546,0.046088,-2.720919,-0.142521,0.375607,-0.001313,-0.001354,-0.040966,0.674702,1.323289,11.374071
2.231085,0.041915,-2.632137,-0.132484,0.377713,-0.001414,-0.000915,-0.044402,0.663723,1.355451,11.415773
2.233865,0.039487,-2.525104,-0.120225,0.379872,-0.000965,-0.000617,-0.030541,0.649530,1.387316,11.456861
2.238453,0.038171,-2.369958,-0.110199,0.381849,-0.000879,-0.000646,-0.030581,0.637439,1.422073,11.497380
2.244180,0.035865,-2.206655,-0.100661,0.383349,-0.001190,-0.001815,-0.058460,0.620489,1.454739,11.535327
2.250536,0.031870,-2.069742,-0.095135,0.384366,-0.000981,-0.000813,-0.044094,0.607803,1.488805,11.571468
2.257719,0.029175,-1.937307,-0.088965,0.384703,-0.000942,-0.001361,-0.043292,0.598570,1.525084,11.607012
2.265418,0.025996,-1.815760,-0.084322,0.384616,-0.001022,-0.002149,-0.069966,0.584426,1.558758,11.643809
2.273336,0.022378,-1.740772,-0.080413,0.383990,-0.001060,-0.001297,-0.061708,0.577730,1.594274,11.680327
2.281417,0.021090,-1.665218,-0.076135,0.382899,-0.000671,-0.000404,-0.018129,0.570144,1.627651,11.716620
2.289941,0.021051,-1.547890,-0.073172,0.382100,-0.000581,-0.000290,-0.012685,0.560101,1.661481,11.752925
2.298523,0.019676,-1.451792,-0.072102,0.381565,-0.000357,-0.000247,-0.007835,0.541217,1.696565,11.787464
2.307251,0.017641,-1.385774,-0.075376,0.381748,-0.000293,0.000460,0.016553,0.535049,1.734212,11.822879
2.315815,0.015616,-1.352288,-0.076210,0.381829,-0.000258,0.000659,0.023226,0.520599,1.767816,11.860212
2.324300,0.014294,-1.337270,-0.079514,0.382188,-0.000106,0.001383,0.047694,0.511893,1.804802,11.896175
2.332698,0.013634,-1.332577,-0.082631,0.382538,-0.000051,0.001964,0.066845,0.500822,1.839558,11.932379
2.340868,0.013389,-1.336258,-0.088432,0.383097,0.000271,0.003257,0.111200,0.493008,1.875015,11.969554
2.348933,0.013647,-1.337883,-0.093352,0.383046,0.000573,0.004257,0.145033,0.482772,1.910367,12.005703
2.356832,0.014015,-1.340503,-0.101556,0.383126,0.000163,0.001270,0.082730,0.477622,1.946610,12.041829
2.363619,0.009843,-1.460394,-0.108369,0.382184,0.000018,0.001300,0.045299,0.470817,1.982139,12.078063
2.369701,0.009298,-1.625235,-0.115287,0.380440,0.000616,0.002522,0.086045,0.463966,2.017765,12.114439
2.375599,0.012622,-1.732022,-0.124205,0.378391,0.000390,0.001008,0.063453,0.456912,2.053735,12.150780
2.380122,0.013617,-1.869352,-0.134224,0.375742,0.000487,0.001668,0.057320,0.454359,2.090731,12.187159
2.383514,0.016269,-2.018429,-0.143723,0.372756,0.001647,0.003188,0.108336,0.450666,2.128682,12.223713
2.386743,0.021127,-2.108781,-0.154488,0.369405,0.000957,0.001093,0.068373,0.448909,2.164900,12.261065
2.387692,0.022251,-2.250867,-0.162977,0.365868,0.000059,0.000402,0.021710,0.449917,2.201407,12.298243
2.386496,0.024422,-2.428080,-0.170132,0.362394,0.000093,0.000374,0.020671,0.448781,2.236882,12.334799
2.384142,0.028964,-2.575651,-0.177239,0.359145,0.000086,0.000365,0.018999,0.452773,2.272893,12.370570
2.380507,0.034281,-2.697333,-0.184210,0.356416,0.000412,0.000730,0.025369,0.455835,2.309270,12.405208
2.375959,0.039959,-2.790477,-0.190049,0.354317,0.000599,0.000584,0.029074,0.463949,2.345267,12.440469
2.370511,0.044882,-2.860926,-0.194556,0.352786,0.000146,0.000373,0.014661,0.467551,2.381703,12.475782
2.363774,0.048888,-2.929902,-0.200796,0.352273,0.000350,0.000450,0.021645,0.471999,2.416942,12.511090
2.356435,0.052437,-2.982778,-0.206206,0.352401,-0.000153,0.000156,0.010352,0.488133,2.449576,12.546380
2.347962,0.055004,-3.039788,-0.210677,0.353294,-0.000258,0.000093,0.007502,0.490045,2.482705,12.581775
2.338995,0.057343,-3.090416,-0.212065,0.355759,-0.000373,-0.000008,0.002421,0.498653,2.518974,12.616695
2.329991,0.059547,-3.131375,-0.212739,0.358869,-0.000545,-0.000012,0.002268,0.516002,2.551221,12.651867
2.321040,0.061553,-3.158825,-0.213094,0.362343,-0.000959,-0.000100,0.001383,0.536085,2.578286,12.689636
2.312002,0.062978,-3.176329,-0.207897,0.366201,-0.000982,-0.000296,-0.008289,0.552131,2.608840,12.728269
2.303856,0.064030,-3.182685,-0.201316,0.371065,-0.001173,-0.000395,-0.011936,0.570799,2.638183,12.766988
2.296694,0.064806,-3.170558,-0.193258,0.376419,-0.001204,-0.000470,-0.015664,0.591772,2.666607,12.806343
2.290891,0.065124,-3.138863,-0.185586,0.382262,-0.001275,-0.000491,-0.016071,0.615689,2.692714,12.847186
2.286461,0.064732,-3.088751,-0.176497,0.388067,-0.001339,-0.000593,-0.020864,0.643214,2.716644,12.889785
2.283579,0.063567,-3.023023,-0.165752,0.393600,-0.001439,-0.000762,-0.028295,0.671760,2.738807,12.934114
2.282367,0.061797,-2.939896,-0.154480,0.399104,-0.001445,-0.000867,-0.032174,0.701894,2.758765,12.979626
2.282970,0.059580,-2.835518,-0.143869,0.404467,-0.001453,-0.000896,-0.033949,0.730627,2.777259,13.026217
2.285307,0.056779,-2.713098,-0.132233,0.409780,-0.001417,-0.001001,-0.040321,0.763396,2.794902,13.072784
2.289486,0.053554,-2.574770,-0.122472,0.414703,-0.001285,-0.000916,-0.036532,0.794541,2.811977,13.119471
2.295351,0.049912,-2.423854,-0.113353,0.419228,-0.001202,-0.000878,-0.036003,0.829230,2.826159,13.166218
2.302714,0.045885,-2.270864,-0.105155,0.423372,-0.001198,-0.000844,-0.034559,0.860948,2.840910,13.212277
2.311314,0.041756,-2.121949,-0.098894,0.427317,-0.001064,-0.000670,-0.027094,0.894766,2.855031,13.255895
2.321047,0.037717,-1.983134,-0.095247,0.430597,-0.000877,-0.000410,-0.016021,0.929982,2.867676,13.296080
2.331647,0.033750,-1.866085,-0.092882,0.433690,-0.000852,-0.000286,-0.010493,0.964471,2.879965,13.338365
2.342785,0.030083,-1.778537,-0.091870,0.436321,-0.000690,-0.000136,-0.004274,1.001978,2.891117,13.380091
2.354414,0.027075,-1.718725,-0.091474,0.438584,-0.000790,-0.000087,-0.001381,1.034661,2.901859,13.418741
2.366129,0.024838,-1.683375,-0.091585,0.440989,-0.000683,-0.000018,0.001011,1.070408,2.914994,13.455437
2.378081,0.023449,-1.666161,-0.093276,0.443080,-0.000626,0.000128,0.008206,1.105522,2.925677,13.491702
2.390039,0.022638,-1.665042,-0.094378,0.445127,-0.000629,0.000078,0.005550,1.140866,2.938456,13.529103
2.401948,0.022391,-1.678582,-0.096274,0.447084,-0.000590,0.000146,0.009038,1.177373,2.946235,13.565848
2.413761,0.022713,-1.699478,-0.095299,0.448836,-0.000627,-0.000122,-0.004038,1.215993,2.956180,13.602609
2.425552,0.023725,-1.720807,-0.093989,0.450279,-0.000736,-0.000160,-0.005536,1.252378,2.965810,13.641162
2.437207,0.025395,-1.727333,-0.093151,0.451680,-0.000653,-0.000111,-0.003399,1.290794,2.975232,13.679861
2.448873,0.027042,-1.723092,-0.092203,0.452904,-0.000685,-0.000127,-0.003972,1.328552,2.982479,13.718378
2.460423,0.028385,-1.714079,-0.090091,0.454064,-0.000703,-0.000234,-0.009395,1.365906,2.991311,13.757975
2.471956,0.029598,-1.699256,-0.086871,0.455220,-0.000814,-0.000343,-0.014637,1.402987,2.998383,13.796830
2.483462,0.030824,-1.672825,-0.083286,0.456480,-0.000792,-0.000378,-0.016610,1.441943,3.005241,13.835482
2.495104,0.031915,-1.632885,-0.080630,0.457680,-0.000709,-0.000279,-0.012282,1.482123,3.012861,13.874500
2.506889,0.032547,-1.584756,-0.078824,0.458723,-0.000763,-0.000167,-0.006845,1.519278,3.016576,13.914694
2.518646,0.032574,-1.537077,-0.074850,0.459849,-0.000765,-0.000816,-0.027818,1.560969,3.020948,13.954892
2.530561,0.031983,-1.501033,-0.069400,0.460442,-0.000819,-0.000451,-0.030499,1.602483,3.025731,13.995553
2.542587,0.032704,-1.443461,-0.065720,0.460766,-0.000703,-0.000197,-0.012012,1.640964,3.030100,14.037994
2.554768,0.033046,-1.361900,-0.062086,0.461176,-0.000451,-0.000175,-0.011681,1.685684,3.033230,14.079099
2.567245,0.032348,-1.284354,-0.058571,0.460843,-0.000846,-0.000192,-0.011594,1.721532,3.032724,14.121167
2.579307,0.031171,-1.211859,-0.054788,0.461006,-0.000656,-0.000804,-0.028505,1.763441,3.036899,14.162816
2.591610,0.029333,-1.157821,-0.051567,0.460841,-0.000609,-0.000590,-0.033213,1.806912,3.040155,14.202965
2.603924,0.028345,-1.108272,-0.049061,0.460286,-0.000563,-0.000125,-0.008539,1.848109,3.042339,14.245741
2.616159,0.027961,-1.036248,-0.047101,0.459622,-0.000510,-0.000106,-0.006779,1.889476,3.043961,14.288630
2.628288,0.026716,-0.976760,-0.043918,0.458842,-0.000537,-0.000258,-0.014749,1.931912,3.045918,14.330617
2.640262,0.025459,-0.925933,-0.042359,0.457885,-0.000450,-0.000141,-0.007365,1.974056,3.045301,14.373580
2.652105,0.024308,-0.878216,-0.038306,0.456764,-0.000586,-0.000377,-0.021063,2.015036,3.045762,14.416954
2.663684,0.023467,-0.832365,-0.034607,0.455691,-0.000520,-0.000165,-0.013249,2.057869,3.045771,14.459111
2.675145,0.023176,-0.768369,-0.032576,0.454290,-0.000496,-0.000463,-0.016563,2.098712,3.047105,14.501271
2.686372,0.021778,-0.717414,-0.031681,0.452059,-0.000301,-0.000107,-0.009880,2.143822,3.047183,14.543478
2.697431,0.020570,-0.675602,-0.031156,0.448496,-0.000609,-0.000067,-0.005294,2.186454,3.045628,14.587405
2.708096,0.019209,-0.643113,-0.028005,0.444381,0.000274,-0.000219,-0.012804,2.230107,3.045082,14.631912
2.718292,0.018557,-0.609752,-0.026075,0.439239,-0.000262,-0.000087,-0.007185,2.273733,3.044562,14.675469
2.727719,0.018057,-0.567819,-0.024113,0.433741,-0.000352,-0.000090,-0.007381,2.315317,3.041452,14.719941
2.736387,0.017299,-0.527325,-0.021212,0.427980,-0.000190,-0.000114,-0.010500,2.360544,3.041117,14.763496
2.744551,0.016628,-0.482785,-0.019486,0.421345,-0.000201,-0.000077,-0.006585,2.404134,3.040261,14.807096
2.751931,0.015671,-0.438662,-0.017331,0.414611,-0.000242,-0.000096,-0.008370,2.446948,3.039452,14.851203
2.758505,0.014613,-0.397110,-0.015938,0.407710,-0.000194,-0.000058,-0.005229,2.490702,3.038047,14.894857
2.764346,0.013442,-0.358859,-0.013399,0.399432,-0.000213,-0.000103,-0.009553,2.532775,3.037162,14.938763
2.769265,0.012469,-0.320187,-0.010956,0.389747,0.000460,-0.000521,-0.020239,2.578218,3.033785,14.982242
2.773827,0.011167,-0.287992,-0.006208,0.379747,0.000476,-0.000382,-0.030574,2.621772,3.030999,15.026161
2.777356,0.010955,-0.239562,-0.001880,0.369747,-0.000026,-0.000203,-0.017469,2.665879,3.028034,15.070687
2.779332,0.010756,-0.159722,0.001851,0.359747,-0.000040,-0.000188,-0.015413,2.709232,3.025185,15.114364
2.780262,0.009427,-0.077344,0.005115,0.349747,-0.000015,-0.000179,-0.014205,2.752488,3.022812,15.157704
2.780191,0.007388,-0.000198,0.009016,0.339747,0.000432,-0.000873,-0.033617,2.795345,3.019492,15.201056
2.779540,0.004603,0.057594,0.013078,0.329747,0.001211,-0.001540,-0.059194,2.838774,3.018205,15.244059
2.778627,0.002046,0.097710,0.016520,0.319747,0.001066,-0.000607,-0.048366,2.881730,3.015323,15.286802
2.776518,0.001521,0.158482,0.021336,0.309747,0.000285,-0.000941,-0.036169,2.923171,3.013819,15.329978
2.772573,0.000443,0.248120,0.024929,0.299747,0.000415,-0.000324,-0.031634,2.965340,3.011674,15.372454
2.767737,-0.000959,0.335567,0.027834,0.289747,-0.000083,-0.000156,-0.012531,3.006359,3.009884,15.413653
2.761398,-0.003039,0.429625,0.028787,0.279747,-0.000144,-0.000030,-0.003545,3.047958,3.008616,15.454845
2.754049,-0.006060,0.499456,0.027869,0.270056,-0.000209,0.000043,0.003348,3.089032,3.007048,15.495673
2.745761,-0.009335,0.534975,0.026662,0.261521,-0.000717,0.000070,0.004350,3.120151,3.004007,15.536049
2.736233,-0.011927,0.541037,0.025896,0.253917,-0.000086,0.000043,0.002949,3.165153,3.004869,15.572169
2.726721,-0.013369,0.531851,0.022279,0.246739,-0.000224,0.000841,0.031133,3.201456,3.009019,15.609629
2.716578,-0.013700,0.520382,0.015987,0.240689,0.000323,0.002042,0.077267,3.240088,3.010712,15.649475
2.706636,-0.013668,0.503745,0.008739,0.235049,0.000109,0.000746,0.065074,3.280359,3.011578,15.686734
2.696207,-0.016080,0.418148,0.001872,0.229095,-0.000411,0.000307,0.025953,3.319673,3.011788,15.724895
2.684874,-0.016955,0.263470,-0.005480,0.223323,-0.000478,0.000329,0.027713,3.357403,3.012508,15.763587
2.673133,-0.015103,0.107337,-0.013130,0.217283,-0.000656,0.000352,0.028917,3.390569,3.015627,15.801478
2.660805,-0.012137,-0.047637,-0.022178,0.211502,-0.000368,0.000582,0.041373,3.427147,3.016702,15.836649
2.648275,-0.008900,-0.200337,-0.030713,0.205030,-0.000458,0.000414,0.031836,3.463351,3.018198,15.871113
2.635108,-0.005993,-0.366441,-0.040317,0.198568,-0.000692,0.000397,0.034005,3.493536,3.021573,15.905970
2.620971,-0.003038,-0.537943,-0.051666,0.192924,-0.000403,0.000520,0.041176,3.528879,3.025691,15.938340
2.606363,-0.000249,-0.719454,-0.063972,0.187522,-0.000317,0.000881,0.053962,3.561979,3.025623,15.970646
2.590952,0.002720,-0.906186,-0.073266,0.182618,-0.000267,0.001757,0.065809,3.590691,3.029530,16.003891
2.574757,0.007075,-1.070870,-0.083684,0.178596,-0.000258,0.000912,0.066027,3.620130,3.029371,16.033658
2.557824,0.009565,-1.235358,-0.091604,0.175292,-0.000686,0.000285,0.024052,3.651420,3.029604,16.061605
2.539773,0.011969,-1.427139,-0.099604,0.172584,-0.000866,0.000277,0.023634,3.679646,3.030225,16.090527
2.520931,0.015555,-1.593026,-0.107296,0.170662,-0.000796,0.000256,0.022032,3.709356,3.028735,16.118597
2.501577,0.019166,-1.738470,-0.114293,0.169460,-0.000808,0.000212,0.020273,3.738681,3.025909,16.146307
2.481658,0.022455,-1.866070,-0.121392,0.168994,-0.000836,0.000223,0.018502,3.769339,3.020806,16.174730
2.461413,0.025173,-1.981347,-0.127256,0.169513,-0.001117,0.000128,0.015324,3.795386,3.017795,16.203323
2.440597,0.027464,-2.084162,-0.134176,0.171415,-0.001129,0.000167,0.017407,3.820848,3.015445,16.230854
2.419619,0.029173,-2.178957,-0.141339,0.174297,-0.001082,0.000160,0.016744,3.846750,3.010110,16.256066
2.398634,0.030311,-2.272297,-0.146737,0.178386,-0.001234,0.000082,0.013209,3.869983,3.004799,16.280348
2.377652,0.031317,-2.359075,-0.151478,0.183738,-0.001292,0.000075,0.010787,3.895823,2.997934,16.304482
2.357150,0.032235,-2.436141,-0.156235,0.189719,-0.001279,0.000057,0.010978,3.919244,2.990166,16.329735
2.337074,0.032883,-2.504623,-0.160038,0.196698,-0.001390,0.000013,0.008565,3.942200,2.981926,16.355921
2.317575,0.033282,-2.565465,-0.163808,0.204418,-0.001487,0.000109,0.011847,3.964351,2.973387,16.381647
2.298709,0.033515,-2.615691,-0.167454,0.212745,-0.001313,0.000022,0.008641,3.987687,2.964221,16.407242
2.280824,0.033246,-2.664665,-0.170577,0.221527,-0.001527,-0.000032,0.006924,4.006497,2.955291,16.433932
2.263681,0.032800,-2.709926,-0.172743,0.231116,-0.001756,0.000131,0.009481,4.028198,2.942863,16.459901
2.247395,0.032534,-2.744812,-0.172928,0.241116,-0.002187,-0.000050,0.006822,4.046350,2.930708,16.486132
2.231972,0.032067,-2.769180,-0.173783,0.251116,-0.001973,-0.000031,0.004643,4.066333,2.918784,16.513898
2.218019,0.031381,-2.788956,-0.174106,0.261116,-0.002797,-0.000044,0.005634,4.084064,2.905266,16.541310
2.204534,0.030577,-2.800846,-0.173260,0.271116,-0.002852,-0.000186,0.002108,4.102013,2.891906,16.569305
2.192379,0.029566,-2.807021,-0.171766,0.281116,-0.001501,-0.000190,-0.001827,4.120493,2.877794,16.597393
2.183022,0.028612,-2.807342,-0.169697,0.291116,-0.002195,-0.000438,-0.008131,4.137918,2.861363,16.626815
2.174423,0.027575,-2.803837,-0.167324,0.301116,-0.003066,-0.000707,-0.015829,4.156336,2.846590,16.658243
2.166414,0.026481,-2.797695,-0.166179,0.311116,-0.004454,-0.001012,-0.023984,4.173705,2.829872,16.689713
2.158369,0.025129,-2.795937,-0.163998,0.321116,-0.005403,-0.001297,-0.032058,4.190122,2.812651,16.721743
2.150830,0.023919,-2.792428,-0.161203,0.331116,-0.006884,-0.001839,-0.047556,4.207679,2.795623,16.754541
2.143301,0.022638,-2.791696,-0.158694,0.341116,-0.007949,-0.002235,-0.058640,4.222904,2.776693,16.787099
2.136177,0.021501,-2.789478,-0.155346,0.351116,-0.009494,-0.002909,-0.078684,4.238233,2.758228,16.820392
2.129030,0.020316,-2.790290,-0.150577,0.361116,-0.005414,-0.001156,-0.043632,4.256078,2.739937,16.853989
2.127606,0.021872,-2.729650,-0.147768,0.371101,-0.002158,-0.000620,-0.014216,4.271079,2.719640,16.886928
2.130661,0.022344,-2.641615,-0.145766,0.380385,-0.002020,-0.000363,-0.010327,4.284029,2.697528,16.919629
2.134932,0.021470,-2.568656,-0.143151,0.389351,-0.001300,-0.000225,-0.005516,4.299985,2.675414,16.952534
2.141055,0.020290,-2.504162,-0.140697,0.397648,-0.001806,-0.000497,-0.011283,4.313349,2.653115,16.986298
2.147708,0.018812,-2.457906,-0.137904,0.405127,-0.001768,-0.000366,-0.012224,4.327324,2.630223,17.019433
2.155371,0.018078,-2.417431,-0.134702,0.411571,-0.000975,-0.000601,-0.018060,4.349438,2.594757,17.050157
2.164657,0.017616,-2.382119,-0.131557,0.415771,-0.002323,-0.000498,-0.015095,4.353645,2.583893,17.085300
2.173154,0.017810,-2.341344,-0.128182,0.421214,-0.001090,-0.000236,-0.008153,4.367337,2.557052,17.113458
2.183558,0.018390,-2.290172,-0.125293,0.425461,-0.001084,-0.000225,-0.007191,4.378557,2.530252,17.135010
2.194419,0.018687,-2.241099,-0.121814,0.428671,-0.001023,-0.000237,-0.008369,4.387035,2.501747,17.162737
2.205747,0.018990,-2.192150,-0.116814,0.430689,-0.000982,-0.000297,-0.012569,4.399033,2.473687,17.192426
2.217505,0.019564,-2.136306,-0.112940,0.431615,-0.000855,-0.000254,-0.010162,4.410571,2.444252,17.223214
2.229516,0.020022,-2.076162,-0.110020,0.431392,-0.000882,-0.000636,-0.018665,4.422875,2.415395,17.253354
2.241515,0.019713,-2.030185,-0.107117,0.430586,-0.001013,-0.001222,-0.037922,4.430932,2.385173,17.284100
2.253308,0.019111,-2.005200,-0.102268,0.428999,-0.000944,-0.000590,-0.030465,4.439784,2.356305,17.315827
2.265164,0.020416,-1.953339,-0.097225,0.427315,-0.000822,-0.000307,-0.014517,4.448142,2.326209,17.347107
2.277062,0.021772,-1.871248,-0.093013,0.425568,-0.000806,-0.000894,-0.027529,4.457335,2.296168,17.378154
2.288830,0.021450,-1.804837,-0.089135,0.423433,-0.000733,-0.000432,-0.023389,4.463200,2.264173,17.409341
2.300524,0.021622,-1.735589,-0.084092,0.420544,-0.000816,-0.000308,-0.014979,4.463307,2.233164,17.441446
2.311954,0.021874,-1.650730,-0.076882,0.416796,-0.000607,-0.000398,-0.022496,4.471202,2.199382,17.474337
2.323459,0.022086,-1.555219,-0.071265,0.412616,-0.000647,-0.000335,-0.017795,4.469346,2.165409,17.507707
2.334599,0.021862,-1.452688,-0.063174,0.408114,-0.000515,-0.000459,-0.026893,4.479619,2.132156,17.542474
2.345669,0.021655,-1.340285,-0.058096,0.403429,-0.000542,-0.000302,-0.017245,4.481967,2.096969,17.577382
2.356318,0.020847,-1.226307,-0.053691,0.398217,-0.000446,-0.000261,-0.014725,4.486731,2.062911,17.612240
2.366589,0.019451,-1.124643,-0.049871,0.392778,-0.000451,-0.000200,-0.012366,4.491079,2.028487,17.647650
2.376365,0.017919,-1.035673,-0.046319,0.386920,-0.000390,-0.000209,-0.012035,4.496022,1.994249,17.683030
2.385577,0.016463,-0.958939,-0.043939,0.380757,-0.000228,-0.000127,-0.007853,4.513036,1.959325,17.717586
2.394317,0.015074,-0.894267,-0.047075,0.374887,0.000129,0.000720,0.025446,4.516691,1.924618,17.752699
2.402594,0.013411,-0.852660,-0.046210,0.368515,0.000045,0.000110,0.008021,4.523781,1.889736,17.788128
2.410063,0.011576,-0.842807,-0.046055,0.361582,0.000061,-0.000050,-0.001136,4.526509,1.855644,17.823491
2.416758,0.010580,-0.849010,-0.043649,0.354995,0.000718,-0.000594,-0.020529,4.532052,1.819668,17.858553
2.423416,0.010414,-0.854656,-0.042078,0.347844,0.000395,-0.000204,-0.014172,4.531013,1.781246,17.893946
2.428963,0.011336,-0.839572,-0.040385,0.340964,-0.000362,-0.000101,-0.005929,4.547005,1.749181,17.931251
2.432994,0.012023,-0.807633,-0.044584,0.335681,-0.000207,0.000285,0.017756,4.546366,1.711292,17.967246
2.436424,0.011116,-0.799423,-0.047109,0.330453,-0.000433,0.000111,0.009210,4.546413,1.678174,18.002680
2.438959,0.009837,-0.825799,-0.047006,0.324216,-0.000020,-0.000026,-0.000575,4.558344,1.643125,18.038100
2.441249,0.009755,-0.852487,-0.051982,0.319804,0.000013,0.000215,0.016426,4.552128,1.605613,18.072471
2.442888,0.009401,-0.891802,-0.050881,0.313266,-0.000407,-0.000092,-0.004310,4.554631,1.571919,18.108614
2.443457,0.010048,-0.927252,-0.053553,0.307604,-0.000321,0.000101,0.008783,4.552141,1.534942,18.143935
2.443396,0.010665,-0.955318,-0.056177,0.301705,-0.000030,0.000540,0.019705,4.556568,1.500413,18.179020
2.442896,0.011364,-0.980703,-0.061699,0.296440,-0.000180,0.000421,0.029305,4.556823,1.468501,18.214770
2.441444,0.010828,-1.028368,-0.069828,0.291944,-0.000331,0.000537,0.032715,4.561957,1.435181,18.248162
2.439006,0.009875,-1.116653,-0.080829,0.288353,0.000197,0.002339,0.082197,4.558701,1.400028,18.280761
2.436172,0.010696,-1.203146,-0.091984,0.284666,0.000961,0.004043,0.140579,4.560999,1.366148,18.314242
2.433045,0.012246,-1.273923,-0.105859,0.281798,0.002453,0.007179,0.247119,4.565031,1.331030,18.348221
2.430157,0.014834,-1.298827,-0.122870,0.280095,0.003999,0.010354,0.356237,4.564129,1.296963,18.382458
2.427298,0.016670,-1.300806,-0.140362,0.278549,0.001949,0.003000,0.188547,4.563720,1.264661,18.416484
2.420772,0.007427,-1.555903,-0.153942,0.277133,0.000382,0.001694,0.058418,4.560641,1.231816,18.449284
2.411823,0.004850,-1.936676,-0.162228,0.275546,0.000169,0.000744,0.047014,4.562143,1.200315,18.480970
2.402017,0.009378,-2.237446,-0.168418,0.274544,-0.000481,0.000139,0.012519,4.556769,1.167952,18.511921
2.390800,0.016697,-2.484709,-0.172771,0.273251,-0.000534,0.000067,0.008861,4.553709,1.136562,18.542039
2.378737,0.025373,-2.654573,-0.175765,0.272054,-0.000718,-0.000007,0.005583,4.545595,1.107236,18.571463
2.365739,0.033427,-2.766145,-0.178113,0.270565,-0.000358,0.000174,0.009656,4.534452,1.075829,18.600452
2.352416,0.040194,-2.830816,-0.181218,0.268428,0.000070,0.000476,0.019125,4.526274,1.044693,18.630480
2.338818,0.045119,-2.863074,-0.185621,0.266115,-0.000045,0.000193,0.015960,4.518523,1.013728,18.662011
2.324398,0.047389,-2.892569,-0.192458,0.264089,-0.000448,0.000077,0.010637,4.514145,0.986435,18.693144
2.308849,0.047847,-2.934249,-0.198307,0.263310,-0.000436,0.000035,0.008101,4.492726,0.959682,18.722517
2.292935,0.047630,-2.981101,-0.203287,0.261489,-0.000349,0.000108,0.009904,4.479174,0.936091,18.752699
2.276695,0.047299,-3.025622,-0.207709,0.260153,-0.000324,0.000074,0.007812,4.471162,0.909251,18.784059
2.260200,0.046745,-3.070392,-0.208139,0.260441,-0.000577,-0.000087,0.001047,4.452483,0.885399,18.813664
2.243766,0.046250,-3.109374,-0.208607,0.259952,-0.000457,-0.000070,0.001285,4.432847,0.861525,18.844737
2.227632,0.045797,-3.137031,-0.209427,0.258908,-0.000505,-0.000065,0.001769,4.415692,0.839684,18.878469
2.211566,0.045025,-3.156715,-0.209071,0.258254,-0.000512,-0.000114,-0.000432,4.394067,0.818452,18.912219
2.195787,0.043881,-3.170321,-0.208265,0.256986,-0.000515,-0.000137,-0.001163,4.374117,0.799157,18.946881
2.180299,0.042418,-3.177171,-0.207093,0.255571,-0.000498,-0.000134,-0.001532,4.352783,0.780654,18.981923
2.165177,0.040655,-3.177924,-0.206703,0.253254,-0.000282,-0.000106,-0.000552,4.332437,0.762212,19.016074
2.150434,0.038517,-3.175519,-0.207326,0.250624,-0.000048,-0.000052,0.001290,4.311252,0.746428,19.050533
2.136069,0.036035,-3.173734,-0.208440,0.247684,0.000088,0.000009,0.003147,4.289249,0.730908,19.085211
2.121839,0.033333,-3.174679,-0.210111,0.244545,-0.000168,0.000017,0.003803,4.263452,0.717115,19.119272
2.107329,0.030483,-3.181082,-0.212961,0.240590,-0.000198,0.000065,0.006392,4.242697,0.706133,19.154777
2.092561,0.027576,-3.193491,-0.215621,0.237338,-0.000174,0.000056,0.005605,4.217719,0.696884,19.190122
2.077690,0.024736,-3.213168,-0.218603,0.234073,-0.000113,0.000081,0.006124,4.190613,0.687636,19.224542
2.062728,0.022104,-3.237636,-0.222648,0.230752,-0.000103,0.000120,0.008088,4.166825,0.679584,19.260733
2.047486,0.019605,-3.266827,-0.226787,0.228379,-0.000150,0.000125,0.008276,4.142038,0.673496,19.297291
2.032013,0.017233,-3.300923,-0.231704,0.227031,0.000001,0.000187,0.009410,4.112727,0.666925,19.333384
2.016525,0.015007,-3.339322,-0.238698,0.225560,0.000093,0.000273,0.012727,4.085301,0.662448,19.370695
2.000737,0.012786,-3.383564,-0.246200,0.224570,0.000038,0.000279,0.013149,4.059051,0.661177,19.409387
1.984520,0.010555,-3.435290,-0.253717,0.224036,0.000038,0.000258,0.012106,4.031189,0.663388,19.446926
1.967984,0.008418,-3.493018,-0.260331,0.223403,0.000268,0.000462,0.015837,4.005540,0.662305,19.484608
1.951437,0.006732,-3.547283,-0.265304,0.223201,0.000772,0.000496,0.016987,3.966787,0.659425,19.522516
1.935312,0.005192,-3.596537,-0.271912,0.221607,-0.000132,0.000376,0.016759,3.959168,0.676537,19.563138
1.917931,0.003379,-3.646034,-0.274164,0.222730,0.000269,0.000300,0.012230,3.931398,0.677414,19.600308
1.901282,0.001648,-3.691625,-0.276039,0.223400,-0.000199,0.000051,0.003708,3.905444,0.682542,19.632340
1.884495,-0.000221,-3.737330,-0.277431,0.224245,-0.000253,-0.000011,0.002067,3.879136,0.692492,19.666734
1.868047,-0.001980,-3.775452,-0.277294,0.224891,-0.000368,-0.000046,0.001218,3.856672,0.704106,19.703181
1.852007,-0.003666,-3.803504,-0.275804,0.226272,-0.000435,-0.000076,0.000055,3.835203,0.715131,19.740851
1.836657,-0.005352,-3.820923,-0.273233,0.228558,-0.000518,-0.000106,-0.000976,3.814121,0.727600,19.776543
1.822115,-0.007084,-3.827453,-0.270033,0.231624,-0.000631,-0.000136,-0.001744,3.795374,0.741612,19.811064
1.808536,-0.008893,-3.823657,-0.265687,0.235445,-0.000662,-0.000169,-0.003521,3.774685,0.755387,19.845402
1.796122,-0.010715,-3.809690,-0.261034,0.239841,-0.000864,-0.000241,-0.005190,3.756626,0.770912,19.879084
1.784838,-0.012568,-3.786673,-0.255808,0.244864,-0.000954,-0.000276,-0.006445,3.739575,0.786593,19.912064
1.774851,-0.014344,-3.754115,-0.249719,0.250517,-0.001077,-0.000319,-0.007526,3.724470,0.804691,19.943861
1.766271,-0.015946,-3.710801,-0.242703,0.256615,-0.001204,-0.000348,-0.008709,3.711681,0.823054,19.975572
1.759176,-0.017288,-3.655334,-0.235274,0.263559,-0.001167,-0.000441,-0.012818,3.696181,0.841801,20.007031
1.753795,-0.018466,-3.591308,-0.226019,0.270763,-0.001293,-0.000508,-0.015383,3.682044,0.860818,20.037957
1.750113,-0.019139,-3.510825,-0.216061,0.278428,-0.001513,-0.000629,-0.019689,3.668930,0.879884,20.068693
1.748043,-0.019485,-3.415240,-0.206172,0.286502,-0.001970,-0.000735,-0.021331,3.661483,0.896405,20.097964
1.747292,-0.019637,-3.306098,-0.196009,0.294318,-0.001203,-0.000695,-0.024559,3.646361,0.918173,20.123591
1.749005,-0.019485,-3.186737,-0.184560,0.301671,-0.001745,-0.000853,-0.028509,3.638107,0.940435,20.148006
1.751830,-0.019000,-3.053805,-0.172836,0.308849,-0.001639,-0.000881,-0.030838,3.627537,0.962895,20.173850
1.756322,-0.018164,-2.907546,-0.161876,0.315544,-0.001762,-0.000861,-0.029785,3.618678,0.984449,20.199019
1.762038,-0.017262,-2.753406,-0.152002,0.321523,-0.001477,-0.000695,-0.025227,3.609752,1.007626,20.222551
1.769146,-0.016368,-2.598181,-0.142237,0.326731,-0.001278,-0.000689,-0.026284,3.599894,1.029232,20.246149
1.777424,-0.015529,-2.448808,-0.131914,0.331119,-0.001339,-0.000744,-0.028884,3.592801,1.053017,20.270668
1.786527,-0.014441,-2.300430,-0.120864,0.334599,-0.001377,-0.000832,-0.032789,3.587784,1.077864,20.295924
1.796372,-0.013004,-2.147759,-0.109193,0.337220,-0.001157,-0.000720,-0.030871,3.579988,1.101657,20.321951
1.807091,-0.011046,-1.980908,-0.097833,0.339131,-0.001000,-0.000704,-0.030868,3.572768,1.125999,20.347440
1.818444,-0.009164,-1.808979,-0.085964,0.339867,-0.001063,-0.000781,-0.034472,3.565719,1.149425,20.372448
1.830055,-0.007282,-1.633437,-0.074842,0.339571,-0.000791,-0.000721,-0.032911,3.557679,1.173539,20.397406
1.842073,-0.005466,-1.455560,-0.063333,0.338064,-0.001050,-0.000706,-0.033701,3.558257,1.196904,20.422436
1.853881,-0.003624,-1.274235,-0.050082,0.336629,-0.000504,-0.000865,-0.040428,3.551428,1.224444,20.447541
1.866084,-0.001513,-1.084570,-0.035987,0.334441,-0.000650,-0.000884,-0.043140,3.548618,1.249493,20.473950
1.878045,0.000966,-0.875651,-0.020974,0.332379,-0.000393,-0.000941,-0.046696,3.543808,1.277066,20.500779
1.890031,0.003548,-0.649581,-0.004365,0.330347,-0.000640,-0.001017,-0.051026,3.539917,1.300643,20.527583
1.901436,0.006352,-0.401707,0.009556,0.328828,-0.000196,-0.000915,-0.045451,3.532102,1.329099,20.554178
1.912927,0.008387,-0.154194,0.025711,0.327644,-0.000288,-0.001023,-0.051055,3.527254,1.355227,20.581288
1.923868,0.010478,0.098721,0.042910,0.328325,-0.000293,-0.001062,-0.053786,3.522672,1.382380,20.609429
1.934408,0.012755,0.365443,0.060699,0.331140,-0.000272,-0.001112,-0.055648,3.515071,1.409994,20.637031
1.944635,0.014922,0.643579,0.079080,0.335570,-0.000160,-0.004374,-0.135902,3.509553,1.436146,20.665580
1.954653,0.013638,0.851737,0.097659,0.341921,-0.000195,-0.002843,-0.131625,3.501540,1.462636,20.694542
1.964183,0.016471,1.097775,0.114709,0.349269,-0.000548,-0.001001,-0.049389,3.490003,1.488351,20.723398
1.973128,0.020037,1.436382,0.130958,0.356628,-0.000295,-0.000909,-0.044703,3.479139,1.515338,20.753222
1.982186,0.020532,1.742463,0.142720,0.364176,-0.000623,-0.000631,-0.031967,3.467445,1.540558,20.784683
1.990899,0.019135,2.002685,0.151985,0.372231,-0.000640,-0.000759,-0.033338,3.453326,1.567704,20.817412
1.999671,0.016316,2.205058,0.159874,0.380332,-0.000699,-0.000373,-0.020393,3.438945,1.593968,20.851287
2.008410,0.013615,2.378162,0.165713,0.388663,-0.000805,-0.000242,-0.014661,3.422741,1.618365,20.886147
2.017198,0.010486,2.516678,0.168664,0.397580,-0.001020,-0.000076,-0.007667,3.406043,1.642539,20.921703
2.026177,0.006992,2.620596,0.170209,0.406914,-0.001090,-0.000031,-0.005148,3.387891,1.666152,20.957869
2.035595,0.003346,2.691819,0.169103,0.415964,-0.001228,0.000152,0.002018,3.371368,1.689622,20.994557
2.045538,-0.000266,2.734162,0.167350,0.424910,-0.001238,0.000195,0.003635,3.352761,1.712723,21.031627
2.056202,-0.003711,2.750211,0.164695,0.432777,-0.001114,0.000219,0.005940,3.331373,1.734055,21.068728
2.067546,-0.006805,2.746211,0.160470,0.439656,-0.001171,0.000294,0.009373,3.308593,1.754928,21.106239
2.079567,-0.009642,2.722889,0.155824,0.445462,-0.001062,0.000314,0.010820,3.284830,1.774437,21.144658
2.092309,-0.012124,2.683180,0.149411,0.450928,-0.001171,0.000388,0.014626,3.259872,1.792282,21.184048
2.105675,-0.014391,2.625663,0.142691,0.455776,-0.001124,0.000421,0.016596,3.233793,1.809265,21.223591
2.119781,-0.016311,2.552596,0.135920,0.459283,-0.000886,0.000411,0.017613,3.207042,1.827053,21.263273
2.134686,-0.017814,2.468032,0.128634,0.460478,-0.000778,0.000432,0.019401,3.177903,1.843056,21.303094
2.150078,-0.018965,2.373484,0.121673,0.459324,-0.000606,0.000412,0.018980,3.148203,1.857746,21.343055
2.165733,-0.019720,2.272148,0.114976,0.455659,-0.000665,0.000412,0.018863,3.118869,1.869759,21.382503
2.181147,-0.020070,2.168306,0.109441,0.448391,-0.000271,0.000325,0.015710,3.088571,1.882532,21.420329
2.196349,-0.019993,2.067304,0.104048,0.438391,0.000098,0.000536,0.023480,3.054583,1.895457,21.455816
2.211045,-0.019423,1.980046,0.100207,0.428391,-0.000083,0.000188,0.009822,3.019707,1.905981,21.490814
2.224568,-0.019109,1.891045,0.098887,0.418391,-0.000106,0.000076,0.003325,2.985852,1.916199,21.527147
2.236924,-0.018055,1.824918,0.100669,0.408391,-0.000185,-0.000047,-0.004997,2.952131,1.924715,21.563688
2.247892,-0.016421,1.793415,0.107758,0.398391,0.000173,-0.000279,-0.018252,2.916684,1.933579,21.599634
2.257578,-0.014190,1.814233,0.118383,0.388391,0.000285,-0.000416,-0.026191,2.881262,1.942228,21.636129
2.265487,-0.011962,1.893816,0.131171,0.378391,0.000322,-0.000498,-0.030473,2.845289,1.949616,21.673320
2.271353,-0.010530,2.022132,0.147049,0.368391,0.000439,-0.000582,-0.034796,2.810175,1.956941,21.709636
2.274940,-0.010085,2.190431,0.163399,0.358391,0.000621,-0.000657,-0.036251,2.774632,1.961085,21.745927
2.276197,-0.011111,2.379597,0.177904,0.348391,0.000678,-0.000523,-0.028061,2.737956,1.964526,21.782451
2.275070,-0.013647,2.573585,0.189300,0.338391,0.000499,-0.000326,-0.018373,2.701088,1.965762,21.819136
2.271518,-0.017660,2.752564,0.197846,0.328391,0.000604,-0.000241,-0.012690,2.661549,1.967903,21.856188
2.266012,-0.022784,2.902204,0.203869,0.318391,0.000408,-0.000164,-0.009316,2.625004,1.968814,21.894575
2.258431,-0.028300,3.018269,0.208687,0.308479,0.000298,-0.000092,-0.006293,2.589823,1.967073,21.933797
2.248989,-0.033450,3.105922,0.209902,0.300917,0.000076,0.000012,-0.001139,2.553508,1.958881,21.972299
2.238206,-0.038006,3.165955,0.207737,0.294331,-0.000192,0.000110,0.003115,2.519609,1.951230,22.011805
2.226522,-0.041790,3.196829,0.204498,0.290421,-0.000255,0.000347,0.009149,2.485713,1.937792,22.052421
2.214616,-0.044267,3.206259,0.198896,0.287188,-0.000378,0.000304,0.012319,2.452838,1.922885,22.094445
2.202816,-0.045861,3.191427,0.191012,0.286041,-0.000739,0.000327,0.011747,2.423798,1.908246,22.137887
2.191397,-0.046474,3.147182,0.181108,0.287113,-0.001269,0.001147,0.033841,2.393487,1.887835,22.180807
2.180687,-0.045231,3.095193,0.167787,0.288707,-0.002608,0.002895,0.088269,2.364869,1.865877,22.224966
2.170365,-0.042370,3.054151,0.151105,0.291062,-0.002339,0.001753,0.082179,2.338711,1.842316,22.271686
2.162442,-0.042559,2.937458,0.131654,0.294395,-0.001247,0.001066,0.050943,2.313823,1.817377,22.319535
2.157823,-0.043265,2.712325,0.111466,0.297906,-0.001156,0.001037,0.053322,2.291344,1.792539,22.367852
2.155438,-0.041735,2.431742,0.091806,0.300976,-0.001046,0.001132,0.059423,2.270544,1.765964,22.416051
2.155145,-0.038173,2.117614,0.072976,0.303616,-0.000935,0.001182,0.061331,2.249187,1.737759,22.463848
2.156673,-0.033593,1.785517,0.056263,0.305690,-0.000897,0.001067,0.056596,2.228398,1.709769,22.511139
2.159548,-0.028687,1.454135,0.042908,0.308058,-0.000840,0.000892,0.047061,2.208840,1.682088,22.556931
2.163442,-0.023684,1.150936,0.031398,0.311914,-0.000792,0.000724,0.039827,2.189814,1.654588,22.600240
2.168254,-0.019251,0.885480,0.020236,0.316707,-0.000961,0.001073,0.051050,2.174074,1.629313,22.640409
2.173676,-0.015473,0.664540,0.007796,0.323087,-0.000740,0.000809,0.044958,2.155637,1.601913,22.676020
2.180120,-0.013833,0.440063,-0.006641,0.330269,-0.000708,0.000901,0.051394,2.137011,1.573864,22.707680
2.187309,-0.013224,0.206440,-0.022276,0.337257,-0.000689,0.001294,0.066115,2.119290,1.545451,22.736172
2.195022,-0.012874,-0.034670,-0.039098,0.343957,-0.000628,0.001169,0.064095,2.102734,1.517878,22.764277
2.203066,-0.013248,-0.305387,-0.056150,0.350530,-0.000384,0.001101,0.061806,2.082579,1.487435,22.793057
2.211435,-0.013277,-0.593253,-0.072552,0.356643,-0.000496,0.000928,0.054475,2.063668,1.460886,22.823253
2.219575,-0.012628,-0.886830,-0.087444,0.362911,-0.000352,0.000905,0.049808,2.043639,1.431033,22.854918
2.227669,-0.010845,-1.165343,-0.102326,0.369214,-0.000436,0.000834,0.047493,2.023536,1.402995,22.888092
2.235341,-0.008540,-1.428945,-0.116358,0.375412,-0.000266,0.002666,0.088801,2.004433,1.375107,22.922888
2.242730,-0.003805,-1.630537,-0.129054,0.381628,-0.000082,0.005063,0.169505,1.985253,1.347885,22.957718
2.249754,0.002167,-1.740237,-0.142220,0.387821,-0.000132,0.002019,0.111369,1.963984,1.321426,22.993140
2.255896,0.001859,-1.925753,-0.151892,0.393375,-0.000700,0.001384,0.048075,1.945692,1.299952,23.028675
2.261173,0.003327,-2.158495,-0.157402,0.398851,-0.000435,0.000723,0.040350,1.919951,1.274088,23.062956
2.266654,0.007422,-2.339977,-0.159811,0.403191,-0.000835,0.000250,0.011326,1.896215,1.249890,23.098576
2.271646,0.012749,-2.490564,-0.159816,0.407100,-0.001202,0.000242,0.011719,1.869153,1.227716,23.136137
2.276282,0.019153,-2.579804,-0.157755,0.410304,-0.001192,-0.000078,0.001387,1.842666,1.206566,23.174331
2.280930,0.024895,-2.628039,-0.154463,0.413465,-0.000970,-0.000224,-0.006996,1.816540,1.186077,23.213423
2.285996,0.029867,-2.643644,-0.150451,0.416365,-0.001283,-0.000675,-0.018374,1.788582,1.167327,23.252189
2.291011,0.033510,-2.638333,-0.145650,0.418941,-0.001948,-0.001451,-0.043697,1.759539,1.148836,23.290456
2.295744,0.035715,-2.630786,-0.140412,0.420856,-0.002841,-0.002318,-0.070681,1.732634,1.135452,23.328642
2.300014,0.037030,-2.622818,-0.134611,0.422283,-0.003059,-0.003128,-0.098715,1.700920,1.118951,23.365582
2.304560,0.037981,-2.612677,-0.128753,0.422352,-0.003316,-0.004037,-0.129830,1.665466,1.101379,23.402673
2.309205,0.038618,-2.603312,-0.123385,0.421332,-0.002195,-0.001394,-0.074207,1.633370,1.088916,23.442863
2.315174,0.042592,-2.510048,-0.118609,0.419094,-0.000562,-0.000265,-0.011424,1.599898,1.075462,23.482171
2.322681,0.044723,-2.351619,-0.117060,0.416366,-0.000476,-0.000130,-0.003533,1.565272,1.063785,23.519331
2.330012,0.042637,-2.226445,-0.118237,0.412565,-0.000157,0.000131,0.006653,1.530990,1.053091,23.556000
2.337261,0.038745,-2.144316,-0.121311,0.407212,0.000099,0.000162,0.011762,1.494201,1.042657,23.592260
2.344075,0.034460,-2.110868,-0.127300,0.400758,0.000694,0.001005,0.034668,1.456568,1.033930,23.629188
2.350437,0.031493,-2.109312,-0.133758,0.392756,0.000584,0.000477,0.030221,1.420907,1.026056,23.667682
2.355360,0.028568,-2.155348,-0.141214,0.384343,0.000098,0.000245,0.017303,1.384240,1.019670,23.705512
2.358342,0.026909,-2.245261,-0.150815,0.375255,0.000279,0.000314,0.020220,1.348677,1.016321,23.742494
2.359712,0.026910,-2.353578,-0.156904,0.365989,0.000952,0.000833,0.028459,1.314117,1.012889,23.779696
2.360188,0.029233,-2.447683,-0.160935,0.358128,0.002202,0.001417,0.047045,1.275644,1.012016,23.815247
2.360559,0.032891,-2.507088,-0.167736,0.350732,0.001259,0.000551,0.032423,1.241058,1.010475,23.851871
2.358380,0.034711,-2.584229,-0.173855,0.344261,0.000660,0.000691,0.024391,1.205240,1.010588,23.888418
2.354263,0.036989,-2.666608,-0.182014,0.338955,0.001929,0.001639,0.054995,1.170480,1.014734,23.923923
2.350010,0.040230,-2.719179,-0.190432,0.334489,0.003274,0.002540,0.082962,1.133299,1.017869,23.960231
2.345726,0.043312,-2.749568,-0.201131,0.330820,0.004573,0.003515,0.113913,1.097528,1.023922,23.996659
2.341267,0.045705,-2.764936,-0.212064,0.327541,0.002681,0.001315,0.066804,1.060706,1.028225,24.034955
2.333525,0.044220,-2.844946,-0.221877,0.325081,0.000794,0.000664,0.022260,1.023005,1.035048,24.074447
2.322895,0.043553,-2.973441,-0.230247,0.323674,0.000241,0.000236,0.016337,0.994021,1.046429,24.115011
2.310899,0.044893,-3.092969,-0.232585,0.324271,-0.000283,-0.000018,0.002059,0.959160,1.057694,24.154890
2.298224,0.047801,-3.197613,-0.232182,0.326251,-0.000394,-0.000048,0.000362,0.924395,1.070481,24.194525
2.285579,0.051743,-3.270469,-0.233161,0.330038,-0.000570,-0.000063,0.000420,0.889267,1.083374,24.236184
2.272942,0.055480,-3.318285,-0.231368,0.334580,-0.001144,-0.000232,-0.003436,0.863825,1.103655,24.278823
2.260280,0.058433,-3.346308,-0.224815,0.339984,-0.002367,-0.000708,-0.016833,0.839977,1.123857,24.320808
2.247535,0.060311,-3.360390,-0.212460,0.345834,-0.001996,-0.000562,-0.020547,0.814564,1.149779,24.361641
2.236974,0.062157,-3.340444,-0.198919,0.351316,-0.001133,-0.000431,-0.016740,0.787424,1.169907,24.404897
2.229186,0.063396,-3.278231,-0.186430,0.356261,-0.000966,-0.000448,-0.018671,0.759986,1.193792,24.449409
2.223380,0.063103,-3.187869,-0.176827,0.360308,-0.001493,-0.001084,-0.032844,0.737012,1.221712,24.493508
2.218604,0.060302,-3.096316,-0.166454,0.363649,-0.001644,-0.000827,-0.033969,0.718067,1.246293,24.539200
2.215385,0.057106,-2.989600,-0.156689,0.367160,-0.000842,-0.000428,-0.018684,0.697171,1.275684,24.583049
2.214601,0.053605,-2.854368,-0.147681,0.369819,-0.001330,-0.001363,-0.040962,0.678457,1.305904,24.625485
2.214780,0.048145,-2.739252,-0.138231,0.372191,-0.001842,-0.001545,-0.061189,0.663042,1.336642,24.669619
2.215936,0.043219,-2.635161,-0.129203,0.374409,-0.001038,-0.000728,-0.029549,0.651580,1.369802,24.712699
2.219217,0.040200,-2.487129,-0.119687,0.376686,-0.001026,-0.000791,-0.033402,0.637443,1.400011,24.753524
2.223714,0.036765,-2.338720,-0.110567,0.378735,-0.000981,-0.000836,-0.035111,0.626136,1.432905,24.791755
2.229341,0.033364,-2.190556,-0.100842,0.380246,-0.000917,-0.000892,-0.039057,0.610255,1.466459,24.827431
2.236023,0.030395,-2.040212,-0.095008,0.381338,-0.000723,-0.000571,-0.024377,0.597761,1.499762,24.862998
2.243487,0.027410,-1.896222,-0.089369,0.381876,-0.000801,-0.001241,-0.039905,0.585425,1.535091,24.898381
2.251355,0.023692,-1.788592,-0.084339,0.381773,-0.001187,-0.002334,-0.075407,0.577332,1.569569,24.933974
2.259161,0.019973,-1.729594,-0.078460,0.381210,-0.001497,-0.003645,-0.119186,0.569926,1.603979,24.970304
2.266956,0.017303,-1.701515,-0.072551,0.380171,-0.001656,-0.004970,-0.163946,0.559457,1.638622,25.006319
2.274768,0.015795,-1.690120,-0.068326,0.379262,-0.001083,-0.001296,-0.079525,0.549300,1.672722,25.042588
2.283190,0.019795,-1.569971,-0.067231,0.378962,-0.000529,-0.000084,-0.003049,0.539931,1.708077,25.078365
2.291948,0.020900,-1.409856,-0.068528,0.379080,-0.000436,0.000268,0.010283,0.532519,1.744239,25.113261
2.300610,0.018469,-1.312146,-0.069852,0.379221,-0.000465,0.000100,0.008366,0.520151,1.778385,25.149572
2.309134,0.015200,-1.272515,-0.074182,0.379902,-0.000427,0.000942,0.033030,0.509714,1.810328,25.186331
2.317493,0.013058,-1.264760,-0.079176,0.380868,-0.000203,0.002027,0.069328,0.503468,1.846048,25.220767
2.325827,0.012155,-1.266660,-0.084130,0.381249,-0.000158,0.000584,0.040324,0.496901,1.883470,25.254701
2.333828,0.009501,-1.336129,-0.086896,0.380282,-0.000323,0.000092,0.007758,0.485965,1.919907,25.291336
2.341359,0.008835,-1.436509,-0.092499,0.379234,-0.000318,0.000240,0.016972,0.478759,1.955150,25.329309
2.348306,0.009746,-1.529551,-0.098461,0.377793,-0.000227,0.000307,0.019677,0.471097,1.992721,25.365721
2.354660,0.011139,-1.624138,-0.107121,0.375379,-0.000233,0.000294,0.022306,0.463089,2.028352,25.402858
2.359987,0.012250,-1.735910,-0.117143,0.373034,-0.000177,0.000371,0.025839,0.455940,2.065077,25.440277
2.364229,0.013530,-1.864081,-0.129342,0.370199,-0.000024,0.000780,0.042370,0.454059,2.099574,25.476627
2.367230,0.015357,-1.999335,-0.141515,0.367183,0.000182,0.000774,0.040338,0.450662,2.136317,25.512452
2.368958,0.017407,-2.151696,-0.154206,0.364369,0.000310,0.000749,0.038409,0.447028,2.172604,25.548349
2.369258,0.020090,-2.312615,-0.164331,0.361514,0.000186,0.000520,0.027803,0.446252,2.209543,25.585137
2.368041,0.023694,-2.470988,-0.172900,0.358558,0.000181,0.000408,0.023299,0.443843,2.246221,25.621540
2.365484,0.028282,-2.611863,-0.181282,0.356017,0.000126,0.000435,0.020911,0.448078,2.283102,25.657520
2.361583,0.033280,-2.732970,-0.188880,0.353842,0.000075,0.000325,0.017613,0.450148,2.318543,25.693194
2.356388,0.038221,-2.837982,-0.195625,0.352519,0.000210,0.000537,0.020725,0.457114,2.354321,25.728974
2.350286,0.043234,-2.921090,-0.201385,0.351750,0.000455,0.000507,0.025348,0.464101,2.390373,25.763907
2.343546,0.047677,-2.983054,-0.206813,0.351687,-0.000146,0.000148,0.009831,0.472344,2.424741,25.798658
2.335491,0.050963,-3.049141,-0.210825,0.352615,-0.000253,0.000122,0.008742,0.479872,2.456727,25.833505
2.326921,0.054076,-3.102242,-0.213319,0.354618,-0.000355,0.000025,0.004620,0.488616,2.490504,25.866538
2.318122,0.056776,-3.145164,-0.216016,0.356917,-0.000396,0.000016,0.004353,0.497493,2.523183,25.900481
2.309208,0.059001,-3.177811,-0.216471,0.360101,-0.000620,-0.000088,0.000609,0.519222,2.553673,25.935809
2.300334,0.060691,-3.201904,-0.212773,0.363054,-0.000738,-0.000211,-0.005504,0.528455,2.587487,25.972263
2.291998,0.062066,-3.213264,-0.209187,0.367807,-0.000844,-0.000229,-0.005344,0.552358,2.615934,26.010464
2.284423,0.063009,-3.209010,-0.204700,0.372702,-0.001027,-0.000294,-0.007966,0.570970,2.645302,26.050363
2.277665,0.063291,-3.193471,-0.197562,0.377997,-0.001199,-0.000422,-0.013002,0.588028,2.672729,26.090923
2.272065,0.063050,-3.164557,-0.189771,0.384057,-0.001256,-0.000488,-0.016172,0.615224,2.698958,26.130088
2.267911,0.062334,-3.120608,-0.179892,0.389525,-0.001391,-0.000662,-0.023075,0.642119,2.723163,26.171224
2.265280,0.061165,-3.060352,-0.168576,0.394828,-0.001472,-0.000779,-0.028679,0.669374,2.744463,26.215983
2.264353,0.059707,-2.978134,-0.156168,0.400170,-0.001482,-0.000965,-0.036061,0.700880,2.764236,26.261122
2.265300,0.057822,-2.872622,-0.144539,0.405345,-0.001499,-0.000986,-0.037680,0.731642,2.780944,26.306268
2.268015,0.055421,-2.743929,-0.131796,0.410549,-0.001458,-0.001075,-0.043505,0.763580,2.797335,26.353011
2.272629,0.052547,-2.593947,-0.119498,0.415505,-0.001395,-0.001064,-0.046608,0.796840,2.812938,26.400288
2.279089,0.049237,-2.424796,-0.107990,0.420285,-0.001263,-0.001131,-0.045234,0.829704,2.828940,26.447508
2.287180,0.045464,-2.243962,-0.099901,0.424558,-0.001180,-0.000862,-0.035019,0.862383,2.843666,26.493823
2.296611,0.041115,-2.066282,-0.095180,0.428369,-0.000981,-0.000533,-0.020899,0.896353,2.856639,26.537137
2.307117,0.036261,-1.912816,-0.092135,0.431924,-0.000935,-0.000367,-0.013539,0.928897,2.870110,26.577136
2.318348,0.031461,-1.796174,-0.091121,0.435550,-0.000786,-0.000156,-0.004590,0.964084,2.882324,26.618053
2.330217,0.027318,-1.717012,-0.090379,0.438574,-0.000821,-0.000127,-0.003098,0.997392,2.894245,26.658757
2.342389,0.024187,-1.670588,-0.090858,0.441359,-0.000590,0.000012,0.002605,1.035491,2.905758,26.696095
2.354967,0.022153,-1.647571,-0.091800,0.443535,-0.000616,0.000054,0.004756,1.071266,2.917059,26.733815
2.367541,0.020983,-1.644091,-0.092971,0.445369,-0.000588,0.000079,0.005818,1.108077,2.927715,26.772020
2.380075,0.020587,-1.653802,-0.094092,0.447010,-0.000694,0.000066,0.005686,1.142372,2.937165,26.809981
2.392390,0.020830,-1.671073,-0.095125,0.448702,-0.000523,0.000171,0.007276,1.179929,2.948360,26.847040
2.404743,0.021687,-1.689478,-0.094767,0.450047,-0.000806,0.000019,0.003631,1.215377,2.957541,26.884166
2.416718,0.022905,-1.703164,-0.095272,0.451643,-0.000658,0.000007,0.002763,1.251366,2.967847,26.922084
2.428707,0.024157,-1.716445,-0.095391,0.453213,-0.000599,-0.000027,0.000894,1.289425,2.976515,26.959015
2.440641,0.025487,-1.727779,-0.093567,0.454520,-0.000818,-0.000231,-0.008127,1.326079,2.983593,26.996703
2.452337,0.027034,-1.731574,-0.091899,0.455965,-0.000571,-0.000194,-0.007543,1.366725,2.994823,27.035592
2.464259,0.028719,-1.721665,-0.090789,0.457066,-0.000667,-0.000147,-0.004869,1.405500,3.005372,27.075618
2.476007,0.030053,-1.704656,-0.090683,0.458219,-0.000697,-0.000060,-0.000111,1.442426,3.010351,27.116317
2.487591,0.030870,-1.688570,-0.087933,0.459495,-0.000740,-0.000312,-0.012852,1.481352,3.017117,27.155886
2.499212,0.031623,-1.672893,-0.083932,0.460638,-0.000718,-0.000423,-0.018830,1.524447,3.023560,27.194854
2.511003,0.032745,-1.641652,-0.082370,0.461326,-0.000647,-0.000202,-0.007533,1.561626,3.028885,27.235983
2.522788,0.033504,-1.599915,-0.076553,0.462042,-0.000737,-0.000617,-0.028675,1.605180,3.032843,27.276997
2.534698,0.034034,-1.553400,-0.072662,0.462217,-0.000819,-0.000442,-0.019640,1.643176,3.037956,27.318376
2.546565,0.034523,-1.487567,-0.069704,0.462617,-0.000746,-0.000565,-0.019519,1.682058,3.038160,27.359990
2.558517,0.033995,-1.425283,-0.063007,0.462843,-0.000839,-0.000815,-0.044596,1.724690,3.044236,27.399666
2.570616,0.033705,-1.362886,-0.059540,0.462766,-0.000634,-0.000335,-0.016754,1.765847,3.045521,27.441075
2.582879,0.033583,-1.271850,-0.055368,0.462448,-0.000543,-0.000384,-0.019919,1.808553,3.047529,27.484104
2.595239,0.032424,-1.187769,-0.051507,0.461774,-0.000672,-0.000353,-0.018568,1.847218,3.051126,27.527239
2.607440,0.030943,-1.107247,-0.048206,0.461323,-0.000518,-0.000292,-0.015904,1.890414,3.051407,27.568893
2.619745,0.029295,-1.032495,-0.044833,0.460484,-0.000566,-0.000723,-0.026068,1.931585,3.051620,27.610974
2.631918,0.027228,-0.973537,-0.039383,0.459493,-0.000485,-0.000393,-0.031144,1.975733,3.051233,27.653945
2.644103,0.026579,-0.902489,-0.035409,0.458104,-0.000609,-0.000176,-0.013382,2.015266,3.048170,27.696994
2.655975,0.025843,-0.810797,-0.030613,0.456882,-0.000570,-0.000185,-0.015623,2.056400,3.047596,27.739599
2.667744,0.024480,-0.719487,-0.027632,0.455562,-0.000358,-0.000116,-0.009900,2.101375,3.048611,27.780544
2.679517,0.022479,-0.636604,-0.025473,0.452939,-0.000418,-0.000086,-0.007435,2.143931,3.048118,27.823770
2.690876,0.020145,-0.569909,-0.023087,0.449368,-0.000315,-0.000108,-0.008373,2.187231,3.047201,27.867881
2.701836,0.018055,-0.515058,-0.021581,0.445319,-0.000299,-0.000066,-0.005335,2.230756,3.046500,27.911201
2.712287,0.016208,-0.470167,-0.020599,0.439994,-0.000379,-0.000044,-0.003435,2.271259,3.047105,27.955413
2.721975,0.014570,-0.436482,-0.020402,0.434020,-0.000115,-0.000015,-0.000745,2.315941,3.044843,27.998622
2.731160,0.013124,-0.415099,-0.018868,0.428196,0.000061,-0.000332,-0.012481,2.360073,3.042672,28.041824
2.739806,0.012025,-0.403528,-0.017571,0.421568,0.000498,-0.000600,-0.022995,2.400631,3.044394,28.086484
2.748090,0.011321,-0.398008,-0.018047,0.414629,0.000488,-0.000096,-0.008973,2.445528,3.041407,28.129321
2.755499,0.011323,-0.386339,-0.016037,0.407156,-0.000121,-0.000105,-0.008423,2.489438,3.038986,28.172410
2.761435,0.011529,-0.361596,-0.013563,0.398262,-0.000138,-0.000124,-0.010245,2.531412,3.035982,28.217327
2.766378,0.011565,-0.326877,-0.008917,0.388666,-0.000036,-0.000221,-0.019142,2.575461,3.032625,28.260391
2.770411,0.011660,-0.274355,-0.005002,0.378666,0.000002,-0.000187,-0.016190,2.619680,3.030080,28.303531
2.773429,0.011272,-0.205488,-0.001711,0.368666,-0.000113,-0.000104,-0.011184,2.663114,3.027884,28.347999
2.775288,0.010123,-0.130968,0.000892,0.358666,-0.000143,-0.000074,-0.008500,2.706180,3.026264,28.391706
2.776085,0.008257,-0.062619,0.002568,0.348666,-0.000051,-0.000073,-0.006632,2.749396,3.024503,28.434798
2.775953,0.005979,-0.008112,0.004106,0.338666,-0.000053,-0.000075,-0.006319,2.792248,3.022142,28.477891
2.774807,0.003843,0.034612,0.007342,0.328666,-0.000130,-0.000120,-0.012232,2.834117,3.018799,28.520675
2.772571,0.002418,0.079349,0.010988,0.318666,-0.000139,-0.000118,-0.012821,2.876464,3.017405,28.562530
2.769323,0.001424,0.135140,0.014827,0.308666,-0.000188,-0.000131,-0.013716,2.917411,3.014153,28.604511
2.765025,0.000376,0.199536,0.018977,0.298666,-0.000128,-0.000135,-0.014606,2.959544,3.012039,28.645890
2.759784,-0.000833,0.271532,0.022587,0.288666,-0.000187,-0.000115,-0.012692,3.000219,3.008904,28.686817
2.753484,-0.002397,0.345750,0.025501,0.278666,-0.000266,-0.000086,-0.010036,3.039541,3.012315,28.728360
2.746134,-0.004306,0.415090,0.024513,0.269538,-0.000325,0.000050,0.003771,3.078254,3.013392,28.768133
2.737934,-0.006997,0.458303,0.022128,0.262244,-0.000341,0.000092,0.008138,3.119321,3.014916,28.806825
2.729131,-0.009773,0.463063,0.019040,0.255321,-0.000437,0.000146,0.011787,3.157743,3.014777,28.845788
2.719717,-0.011733,0.437774,0.015465,0.249245,-0.000557,0.000171,0.013669,3.194568,3.013447,28.884157
2.709774,-0.012686,0.389790,0.012944,0.243081,-0.000420,0.000102,0.008723,3.234024,3.015461,28.921336
2.699558,-0.012459,0.332278,0.008121,0.237300,-0.000457,0.000213,0.017935,3.272984,3.017093,28.959239
2.688964,-0.011825,0.265162,0.002679,0.231614,-0.000497,0.000242,0.020174,3.311103,3.019063,28.997718
2.677986,-0.011025,0.180687,-0.004211,0.226229,-0.000320,0.001621,0.060348,3.346386,3.018902,29.035324
2.666855,-0.008752,0.111721,-0.011008,0.220907,0.000389,0.003205,0.119560,3.383997,3.021453,29.071520
2.656059,-0.006011,0.074486,-0.021030,0.215458,-0.000086,0.001104,0.090914,3.417172,3.020167,29.107103
2.644288,-0.008297,-0.058488,-0.028717,0.209599,-0.000458,0.000340,0.028014,3.453264,3.023371,29.141521
2.631642,-0.008704,-0.269131,-0.038106,0.203636,-0.000477,0.000367,0.032387,3.488088,3.025944,29.175186
2.618379,-0.006091,-0.468460,-0.048513,0.197723,-0.000455,0.000677,0.044821,3.520798,3.028936,29.209696
2.604421,-0.002417,-0.654346,-0.058878,0.192265,-0.000068,0.001985,0.073381,3.553927,3.030738,29.243156
2.590033,0.002412,-0.812095,-0.069372,0.187405,0.000487,0.003991,0.144639,3.581291,3.028321,29.275295
2.575395,0.007758,-0.905610,-0.076888,0.182952,0.001574,0.005270,0.189448,3.615659,3.029967,29.305079
2.561069,0.011811,-0.961699,-0.087235,0.178602,0.000773,0.001837,0.132002,3.645540,3.030484,29.335018
2.545006,0.009157,-1.117185,-0.096725,0.175104,-0.000576,0.000545,0.034975,3.674073,3.028468,29.365497
2.526948,0.007959,-1.377480,-0.102463,0.172462,-0.000477,0.000925,0.034117,3.704173,3.027311,29.393786
2.508680,0.012152,-1.576528,-0.107562,0.170625,-0.000008,0.001834,0.066935,3.733770,3.024256,29.421884
2.490422,0.018196,-1.689715,-0.114315,0.169597,-0.000448,0.000631,0.048688,3.760690,3.023653,29.450038
2.471198,0.020761,-1.806089,-0.121937,0.169615,-0.000521,0.001233,0.046052,3.789261,3.018209,29.477202
2.451507,0.023349,-1.919901,-0.128570,0.170850,-0.000951,0.000378,0.033118,3.814938,3.016010,29.504043
2.431196,0.024610,-2.035050,-0.136068,0.173287,-0.000752,0.001051,0.039341,3.843066,3.011045,29.530165
2.410949,0.026609,-2.138464,-0.142925,0.176731,-0.000736,0.002079,0.074925,3.867074,3.004291,29.556001
2.390715,0.029194,-2.198490,-0.148778,0.181411,-0.000618,0.002956,0.104199,3.892189,2.996455,29.581512
2.370795,0.031065,-2.228370,-0.154395,0.186943,-0.000728,0.003726,0.129787,3.916758,2.989482,29.607245
2.351100,0.031782,-2.240848,-0.160913,0.193047,-0.000744,0.004604,0.158261,3.940421,2.981906,29.633774
2.331755,0.031466,-2.243810,-0.166496,0.199972,-0.001004,0.005438,0.186227,3.961329,2.971983,29.659982
2.312717,0.030480,-2.237879,-0.169983,0.208076,-0.001507,0.005908,0.201087,3.983167,2.962796,29.685764
2.294095,0.028857,-2.231265,-0.173543,0.216681,-0.001805,0.001429,0.091809,4.001612,2.953149,29.711351
2.276158,0.021949,-2.349996,-0.175159,0.226277,-0.001846,0.000063,0.006927,4.024155,2.942113,29.736600
2.259637,0.018344,-2.535168,-0.174220,0.236277,-0.003077,-0.000102,0.003787,4.042450,2.926823,29.763387
2.243422,0.019599,-2.665070,-0.170646,0.246277,-0.002984,-0.000335,-0.004397,4.056576,2.917064,29.791784
2.228787,0.022622,-2.739945,-0.166740,0.256277,-0.001649,-0.000276,-0.006719,4.076288,2.902913,29.817965
2.216986,0.025824,-2.765930,-0.162983,0.266277,-0.002373,-0.000701,-0.015972,4.095095,2.888958,29.844564
2.205807,0.027707,-2.766387,-0.160212,0.276277,-0.003425,-0.001069,-0.026744,4.113686,2.874414,29.874067
2.194956,0.028194,-2.757774,-0.157029,0.286277,-0.004512,-0.001499,-0.039037,4.132144,2.859545,29.904864
2.184497,0.027713,-2.744481,-0.155541,0.296277,-0.003773,-0.000802,-0.025512,4.147492,2.841126,29.936365
2.176166,0.027473,-2.712121,-0.153411,0.306277,-0.001713,-0.000276,-0.004504,4.164494,2.825462,29.968770
2.171294,0.026999,-2.656150,-0.152376,0.316277,-0.001898,-0.000294,-0.003756,4.182874,2.808783,30.001529
2.167501,0.025352,-2.611635,-0.151386,0.326277,-0.002968,-0.000472,-0.008059,4.199734,2.791102,30.034832
2.163936,0.023250,-2.582665,-0.150837,0.336277,-0.003877,-0.000569,-0.010480,4.216739,2.773946,30.068812
2.160735,0.021294,-2.565539,-0.150869,0.346277,-0.005145,-0.000637,-0.011276,4.231465,2.754835,30.102502
2.157467,0.019654,-2.557789,-0.149931,0.356277,-0.006243,-0.000816,-0.016164,4.245971,2.736232,30.136072
2.154365,0.018446,-2.554636,-0.147851,0.366077,-0.004144,-0.000499,-0.011726,4.261799,2.716551,30.169049
2.154670,0.018275,-2.538198,-0.147006,0.375364,-0.001879,-0.000266,-0.003297,4.275277,2.696678,30.201507
2.158283,0.018257,-2.514895,-0.144889,0.384522,-0.002792,-0.000611,-0.014015,4.292287,2.674673,30.233802
2.162044,0.017994,-2.499964,-0.143567,0.392815,-0.003984,-0.000909,-0.022101,4.306389,2.653028,30.266048
2.165544,0.017696,-2.492637,-0.141683,0.400273,-0.004894,-0.001270,-0.032743,4.319003,2.630256,30.298204
2.168984,0.017564,-2.489670,-0.138462,0.406887,-0.005304,-0.001659,-0.044985,4.331615,2.607580,30.329263
2.172924,0.017824,-2.482761,-0.134934,0.412950,-0.003876,-0.000844,-0.031866,4.344029,2.584773,30.358171
2.179120,0.019498,-2.445273,-0.133154,0.418486,-0.001369,-0.000394,-0.009177,4.359061,2.560155,30.384163
2.188348,0.020667,-2.387037,-0.130379,0.423014,-0.002257,-0.000941,-0.025791,4.369528,2.534293,30.410153
2.197192,0.020460,-2.350279,-0.126300,0.426643,-0.001909,-0.000724,-0.028307,4.386120,2.508404,30.438316
2.206884,0.020997,-2.307613,-0.123989,0.429285,-0.001176,-0.000488,-0.012411,4.395016,2.479082,30.466501
2.217608,0.021505,-2.251968,-0.119776,0.430680,-0.001238,-0.000456,-0.018749,4.405387,2.450246,30.495943
2.228532,0.021921,-2.198684,-0.115827,0.430924,-0.001059,-0.000776,-0.022485,4.419767,2.423263,30.526469
2.239760,0.021941,-2.145773,-0.113785,0.430285,-0.001148,-0.001146,-0.034744,4.429644,2.395173,30.556105
2.250815,0.021350,-2.114373,-0.110098,0.429152,-0.000998,-0.000597,-0.028617,4.438423,2.366302,30.585705
2.261984,0.022154,-2.068365,-0.104741,0.427457,-0.000927,-0.001052,-0.032095,4.445426,2.337399,30.615928
2.273223,0.022670,-2.008713,-0.097851,0.425760,-0.001033,-0.000944,-0.044527,4.454060,2.307889,30.646443
2.284459,0.023637,-1.938534,-0.092198,0.423910,-0.000844,-0.001130,-0.035505,4.461264,2.276666,30.677158
2.295841,0.024047,-1.847484,-0.086044,0.421386,-0.001088,-0.002310,-0.075404,4.465260,2.245139,30.709411
2.306943,0.022847,-1.788802,-0.079582,0.418054,-0.000875,-0.001098,-0.060708,4.468467,2.214379,30.742269
2.318132,0.024047,-1.695088,-0.071626,0.413921,-0.000614,-0.000510,-0.027449,4.475349,2.180161,30.774293
2.329402,0.025352,-1.545199,-0.066110,0.409638,-0.000631,-0.000375,-0.019471,4.475821,2.146327,30.807270
2.340324,0.024490,-1.404713,-0.059584,0.405077,-0.000481,-0.001427,-0.047368,4.482492,2.113861,30.841881
2.351134,0.021875,-1.300962,-0.053779,0.400153,-0.000273,-0.002665,-0.090542,4.484737,2.078246,30.876332
2.361829,0.018912,-1.242340,-0.048437,0.394733,0.000082,-0.003747,-0.127640,4.487219,2.043601,30.911481
2.372404,0.016817,-1.208481,-0.042677,0.388809,-0.000029,-0.001358,-0.085373,4.491124,2.009433,30.947314
2.382355,0.019197,-1.103690,-0.037996,0.382791,-0.000144,-0.001146,-0.038489,4.496555,1.975028,30.982408
2.391532,0.019629,-0.954811,-0.035615,0.376425,-0.000135,-0.000325,-0.022414,4.511465,1.941790,31.016934
2.400027,0.018295,-0.833088,-0.038769,0.370585,-0.000240,0.000132,0.010438,4.520431,1.907551,31.051307
2.407636,0.015048,-0.759391,-0.040391,0.364335,-0.000007,0.000314,0.011714,4.523580,1.872904,31.086097
2.414730,0.012040,-0.735339,-0.040302,0.357622,0.000725,0.000355,0.012537,4.528866,1.838972,31.120775
2.421803,0.010415,-0.725812,-0.039676,0.350945,0.001435,0.000211,0.007405,4.531192,1.803670,31.155414
2.428829,0.009627,-0.723754,-0.037471,0.343602,0.000678,-0.000059,-0.004260,4.532919,1.766543,31.190894
2.434306,0.009604,-0.717901,-0.035939,0.336369,-0.000409,-0.000092,-0.005156,4.536705,1.734349,31.227226
2.437910,0.009884,-0.703176,-0.035290,0.329504,-0.000152,-0.000038,-0.002006,4.537945,1.694592,31.261992
2.441023,0.009958,-0.685976,-0.037034,0.323230,-0.000410,0.000076,0.006377,4.554777,1.663809,31.297970
2.443130,0.009371,-0.682425,-0.044194,0.319002,-0.000262,0.000326,0.024353,4.553862,1.625513,31.333441
2.444696,0.007627,-0.722906,-0.049972,0.314813,-0.000378,0.000274,0.020316,4.549210,1.590604,31.368064
2.445501,0.006332,-0.800636,-0.050952,0.308606,-0.000411,0.000037,0.003668,4.560040,1.557683,31.404191
2.445607,0.006933,-0.872574,-0.058041,0.304730,-0.000086,0.001408,0.050157,4.557104,1.522914,31.438500
2.445328,0.008450,-0.923750,-0.062055,0.299794,-0.000137,0.000576,0.039800,4.557770,1.489090,31.472565
2.444276,0.008450,-0.992862,-0.069585,0.295577,-0.000302,0.000347,0.025300,4.561075,1.453185,31.507028
2.442265,0.007985,-1.106161,-0.079004,0.291854,-0.000500,0.000422,0.030675,4.558543,1.420998,31.541617
2.439198,0.008170,-1.239168,-0.087944,0.287943,-0.000402,0.000392,0.028753,4.563019,1.387130,31.575276
2.435324,0.009119,-1.384866,-0.100886,0.285319,-0.000406,0.000562,0.039304,4.563549,1.354161,31.608218
2.430356,0.010162,-1.549055,-0.114663,0.283214,-0.000159,0.000600,0.040266,4.562790,1.319777,31.640989
2.424449,0.011533,-1.735083,-0.124220,0.280432,0.000147,0.001496,0.053620,4.565350,1.286621,31.673658
2.417844,0.015323,-1.892082,-0.133717,0.278225,0.001114,0.003244,0.112588,4.564656,1.255309,31.706246
2.411138,0.020670,-1.977657,-0.142563,0.276107,0.000579,0.001162,0.072687,4.562557,1.221808,31.738016
2.402794,0.021635,-2.106617,-0.152048,0.274096,-0.000468,0.000278,0.022128,4.558579,1.191596,31.769535
2.392435,0.022512,-2.284936,-0.159916,0.272292,-0.000036,0.000974,0.035373,4.553840,1.159974,31.800056
2.381695,0.026344,-2.423489,-0.167255,0.270500,-0.000071,0.000433,0.030644,4.548712,1.128959,31.829838
2.370003,0.029785,-2.543790,-0.174348,0.268940,-0.000400,0.000161,0.014163,4.542704,1.098117,31.859593
2.357130,0.032951,-2.662466,-0.179549,0.267424,-0.000415,0.000078,0.010969,4.533765,1.067830,31.888838
2.343552,0.036387,-2.759829,-0.185142,0.265968,-0.000437,0.000149,0.011651,4.521959,1.038613,31.918305
2.329347,0.039558,-2.838292,-0.189232,0.264140,-0.000162,0.000297,0.013377,4.513329,1.008519,31.948103
2.314814,0.042375,-2.897959,-0.193897,0.262593,0.000332,0.000737,0.027741,4.505283,0.980981,31.978570
2.300232,0.044721,-2.933487,-0.198391,0.261641,0.000805,0.001144,0.040372,4.491453,0.955185,32.009160
2.285709,0.046139,-2.952879,-0.200983,0.260641,0.001243,0.001398,0.047945,4.473931,0.928665,32.039328
2.271440,0.046581,-2.961183,-0.205487,0.258717,0.000561,0.000510,0.029844,4.464906,0.902036,32.071415
2.256135,0.044808,-2.993939,-0.208138,0.258134,-0.000525,-0.000042,0.003893,4.450321,0.878163,32.103461
2.239791,0.042708,-3.051892,-0.209530,0.257930,-0.000582,-0.000082,0.002008,4.429871,0.856691,32.134124
2.223609,0.041600,-3.101593,-0.209549,0.257357,-0.000568,-0.000112,0.000198,4.411141,0.835095,32.165874
2.207696,0.041028,-3.139112,-0.208503,0.256807,-0.000576,-0.000186,-0.002479,4.388282,0.814340,32.198804
2.192098,0.040540,-3.164149,-0.207414,0.255421,-0.000552,-0.000160,-0.002412,4.369750,0.794500,32.233667
2.176798,0.039897,-3.176568,-0.206668,0.253828,-0.000521,-0.000127,-0.000887,4.349094,0.775877,32.269225
2.161740,0.038817,-3.179260,-0.205239,0.251984,-0.000484,-0.000132,-0.001364,4.327196,0.759050,32.303667
2.147011,0.037258,-3.175230,-0.205139,0.249172,-0.000435,-0.000104,0.000189,4.304850,0.744151,32.338388
2.132434,0.035151,-3.169127,-0.205426,0.246230,-0.000485,-0.000092,0.001292,4.284394,0.733718,32.373260
2.117859,0.032611,-3.164189,-0.206080,0.243024,-0.000358,-0.000070,0.001362,4.258959,0.720871,32.406717
2.103536,0.029836,-3.163183,-0.207742,0.239218,-0.000330,-0.000041,0.002789,4.236607,0.708794,32.440934
2.089110,0.026923,-3.167577,-0.208965,0.235745,-0.000385,-0.000054,0.002452,4.213414,0.699475,32.476206
2.074612,0.024077,-3.176545,-0.211390,0.232597,-0.000255,0.000004,0.004149,4.187669,0.690203,32.511202
2.060158,0.021328,-3.190640,-0.215604,0.229166,0.000161,0.000373,0.014107,4.162509,0.683851,32.546889
2.045786,0.018871,-3.205852,-0.219946,0.226744,0.000870,0.000877,0.028572,4.135626,0.678617,32.583441
2.031923,0.016764,-3.216876,-0.226203,0.224594,0.000432,0.000419,0.021704,4.110337,0.674465,32.621083
2.017211,0.013658,-3.251104,-0.232161,0.223023,-0.000132,0.000161,0.010136,4.083912,0.671110,32.658384
2.001650,0.010629,-3.307448,-0.239219,0.222200,-0.000645,0.000124,0.011041,4.068168,0.679673,32.695198
1.985325,0.008176,-3.369203,-0.243407,0.223361,-0.000153,0.000368,0.012147,4.039555,0.678947,32.729118
1.969694,0.006658,-3.425010,-0.248946,0.223938,0.000231,0.000769,0.023922,4.012820,0.680703,32.763435
1.954340,0.005638,-3.467254,-0.255256,0.223819,0.000871,0.001413,0.042148,3.984922,0.682609,32.801533
1.939393,0.004833,-3.493242,-0.261423,0.223236,0.001439,0.001899,0.055787,3.959136,0.686112,32.840127
1.924673,0.003708,-3.510672,-0.267106,0.222213,0.002144,0.002500,0.072885,3.934400,0.692276,32.878873
1.910387,0.002403,-3.517281,-0.271556,0.221307,0.002650,0.002893,0.083762,3.910273,0.698845,32.916822
1.896453,0.000700,-3.519776,-0.274673,0.220853,0.000998,0.000935,0.038754,3.885552,0.709932,32.954124
1.880915,-0.003539,-3.573372,-0.276110,0.220296,-0.000316,0.000030,0.002556,3.861474,0.720612,32.992278
1.864459,-0.007302,-3.658514,-0.277057,0.220629,-0.000354,0.000004,0.001702,3.838163,0.732344,33.031283
1.848513,-0.009361,-3.728341,-0.275975,0.221618,-0.000448,-0.000026,0.000537,3.817424,0.745013,33.069541
1.833149,-0.010497,-3.778069,-0.273463,0.223426,-0.000503,-0.000069,-0.000846,3.796842,0.757958,33.106336
1.818545,-0.011286,-3.807130,-0.269911,0.225995,-0.000574,-0.000117,-0.002345,3.776061,0.770920,33.141692
1.804837,-0.012071,-3.817084,-0.265810,0.229809,-0.000792,-0.000174,-0.003361,3.759834,0.785942,33.176095
1.792048,-0.013049,-3.810427,-0.259348,0.234407,-0.001608,-0.000736,-0.016627,3.745563,0.797942,33.209247
1.779885,-0.014563,-3.796351,-0.252661,0.240614,-0.001423,-0.000499,-0.015648,3.728113,0.816407,33.238978
1.769581,-0.015544,-3.761164,-0.245056,0.247115,-0.001079,-0.000350,-0.009966,3.712174,0.835243,33.268165
1.761323,-0.016314,-3.700702,-0.236365,0.253851,-0.001219,-0.000436,-0.012806,3.697849,0.853483,33.299887
1.754682,-0.017210,-3.625405,-0.226653,0.261173,-0.001424,-0.000537,-0.016117,3.683996,0.871475,33.331728
1.749715,-0.018015,-3.534878,-0.217221,0.269326,-0.001445,-0.000551,-0.016921,3.671462,0.891629,33.361835
1.746593,-0.018694,-3.431403,-0.207136,0.277766,-0.001449,-0.000586,-0.018964,3.659189,0.911107,33.390451
1.745345,-0.019134,-3.316474,-0.196339,0.285877,-0.001649,-0.000661,-0.021341,3.650257,0.931662,33.417633
1.745713,-0.019254,-3.189618,-0.185021,0.293787,-0.001612,-0.000716,-0.024359,3.639521,0.952465,33.442484
1.747858,-0.019010,-3.051595,-0.174173,0.301243,-0.002821,-0.002295,-0.060636,3.631580,0.969141,33.466203
1.750340,-0.020127,-2.941616,-0.163838,0.308476,-0.002137,-0.001266,-0.049596,3.620170,0.992594,33.487319
1.755054,-0.018789,-2.805053,-0.153692,0.314864,-0.001495,-0.000685,-0.024994,3.612719,1.015560,33.508988
1.761588,-0.017022,-2.636871,-0.142942,0.320683,-0.001049,-0.000689,-0.027712,3.602128,1.039656,33.533610
1.769616,-0.015788,-2.473635,-0.130683,0.325665,-0.001698,-0.000831,-0.031832,3.593187,1.061048,33.559518
1.778041,-0.014344,-2.304850,-0.121479,0.329610,-0.001371,-0.000619,-0.024230,3.587593,1.082302,33.584551
1.787471,-0.013173,-2.141788,-0.111257,0.332732,-0.001211,-0.000767,-0.030894,3.582251,1.104616,33.607257
1.797689,-0.012061,-1.989306,-0.099395,0.334947,-0.001098,-0.000895,-0.037568,3.573753,1.128202,33.630607
1.808614,-0.010338,-1.829685,-0.087826,0.335820,-0.000994,-0.000869,-0.037293,3.567696,1.152367,33.655041
1.819985,-0.008327,-1.659567,-0.075312,0.336055,-0.000885,-0.000911,-0.040424,3.562222,1.177158,33.679870
1.831721,-0.006120,-1.478468,-0.061819,0.335435,-0.000844,-0.000942,-0.042974,3.556480,1.201279,33.705348
1.843617,-0.003672,-1.281932,-0.048454,0.334221,-0.000863,-0.000938,-0.043267,3.553335,1.224179,33.730887
1.855466,-0.001300,-1.074733,-0.035011,0.332627,-0.000442,-0.000937,-0.044370,3.550056,1.251685,33.755339
1.867602,0.000945,-0.861451,-0.018336,0.330811,-0.000807,-0.001144,-0.054251,3.547855,1.272904,33.781151
1.879170,0.003730,-0.626802,-0.003866,0.329933,-0.000265,-0.001000,-0.048603,3.538082,1.301617,33.806387
1.891055,0.006185,-0.382345,0.011194,0.328584,-0.000508,-0.001035,-0.050283,3.535143,1.325582,33.832272
1.902328,0.008353,-0.135843,0.026361,0.328248,-0.000321,-0.001037,-0.050397,3.531040,1.352252,33.858883
1.913436,0.010382,0.113800,0.043598,0.329787,-0.000379,-0.001146,-0.056353,3.524506,1.377625,33.885256
1.924168,0.012656,0.375246,0.061424,0.333229,-0.000419,-0.001225,-0.059473,3.518859,1.403377,33.912380
1.934581,0.014900,0.649179,0.079932,0.338411,-0.000400,-0.001241,-0.060353,3.512343,1.429234,33.938980
1.944752,0.017009,0.934966,0.095835,0.344825,-0.002175,-0.001309,-0.107820,3.508469,1.454933,33.966495
1.953034,0.018001,1.158796,0.109717,0.352927,0.001144,-0.001570,-0.013459,3.495534,1.479479,33.994535
1.964673,0.018436,1.473224,0.120348,0.361301,-0.000529,-0.000684,-0.033523,3.483330,1.507658,34.023152
1.974871,0.017635,1.699456,0.130127,0.369651,-0.000757,-0.000629,-0.030939,3.471454,1.533464,34.053921
1.984961,0.016192,1.892259,0.139481,0.378043,-0.000715,-0.000562,-0.028476,3.456780,1.558957,34.087113
1.995157,0.014587,2.062707,0.147147,0.386555,-0.000753,-0.000429,-0.022648,3.441201,1.584499,34.121156
2.005444,0.012699,2.213144,0.153163,0.395349,-0.000785,-0.000295,-0.016898,3.422714,1.609766,34.155779
2.015932,0.010437,2.342090,0.157406,0.404426,-0.001045,-0.000158,-0.011704,3.408761,1.634151,34.192134
2.026509,0.007806,2.447559,0.160927,0.413546,-0.000977,-0.000113,-0.009392,3.392641,1.658433,34.228634
2.037488,0.004997,2.531764,0.162914,0.422750,-0.001000,0.000000,-0.004914,3.374970,1.681723,34.264692
2.048920,0.002088,2.597379,0.162776,0.431423,-0.001159,0.000104,-0.000376,3.356376,1.704069,34.301732
2.060747,-0.001047,2.640491,0.161840,0.439503,-0.001186,0.000143,0.001296,3.335901,1.725018,34.338590
2.073071,-0.004184,2.662473,0.160117,0.446529,-0.001090,0.000167,0.003035,3.315845,1.746551,34.375575
2.085962,-0.007153,2.667331,0.157580,0.452290,-0.000964,0.000208,0.005402,3.293081,1.766979,34.412983
2.099384,-0.009886,2.658057,0.152890,0.457683,-0.001123,0.000293,0.009458,3.268676,1.785678,34.451318
2.113204,-0.012594,2.630085,0.147934,0.462621,-0.001044,0.000301,0.010359,3.244176,1.803989,34.490467
2.127627,-0.015061,2.585098,0.142658,0.466434,-0.000931,0.000303,0.011437,3.216304,1.821165,34.529649
2.142602,-0.017140,2.527477,0.137371,0.468230,-0.000737,0.000308,0.012446,3.189015,1.839360,34.569197
2.158009,-0.018763,2.461753,0.131968,0.467840,-0.000797,0.000319,0.012919,3.161303,1.855243,34.608912
2.173424,-0.019998,2.389663,0.127613,0.465360,-0.000424,0.000258,0.011077,3.130535,1.871238,34.647158
2.188956,-0.020750,2.317788,0.122956,0.459241,-0.000459,0.000837,0.024592,3.101145,1.882578,34.685121
2.203891,-0.020658,2.259790,0.117981,0.449241,-0.000056,0.000481,0.025086,3.069702,1.894723,34.721896
2.218326,-0.021387,2.196185,0.113214,0.439241,-0.000150,0.000238,0.012367,3.035210,1.908953,34.756023
2.231723,-0.022225,2.115111,0.112628,0.429241,-0.000006,0.000061,0.001585,3.001564,1.920862,34.791449
2.244038,-0.021776,2.051654,0.113282,0.419241,-0.000044,0.000008,-0.001936,2.967778,1.931706,34.827945
2.255025,-0.020642,2.016514,0.117257,0.409241,-0.000005,-0.000143,-0.010759,2.934107,1.941514,34.863504
2.264605,-0.019166,2.015606,0.125666,0.399241,0.000237,-0.000338,-0.021436,2.899034,1.950222,34.899340
2.272655,-0.017434,2.060959,0.136050,0.389241,0.000369,-0.000444,-0.026270,2.863088,1.957813,34.935620
2.278887,-0.016143,2.150126,0.148619,0.379241,0.000401,-0.000480,-0.029195,2.827977,1.963527,34.972215
2.283004,-0.015644,2.276142,0.160798,0.369241,0.000398,-0.000439,-0.025505,2.792651,1.969992,35.008935
2.284938,-0.016424,2.423458,0.173870,0.359241,0.000543,-0.000429,-0.024646,2.756365,1.974638,35.045102
2.284700,-0.018400,2.579312,0.184886,0.349241,0.000495,-0.000312,-0.018634,2.719470,1.976089,35.081077
2.282218,-0.021530,2.730703,0.192860,0.339241,0.000362,-0.000224,-0.013109,2.683406,1.976814,35.117561
2.277633,-0.025710,2.862748,0.200021,0.329241,0.000319,-0.000157,-0.011096,2.648570,1.971426,35.154343
2.271068,-0.030244,2.972025,0.203170,0.319241,0.000382,-0.000088,-0.004023,2.608712,1.971332,35.190908
2.263004,-0.034885,3.056590,0.205640,0.310831,0.000224,-0.000029,-0.003184,2.571592,1.966909,35.229518
2.253463,-0.039074,3.115370,0.205569,0.303943,-0.000047,0.000050,0.000131,2.537148,1.960069,35.270698
2.242812,-0.042504,3.151349,0.203987,0.299133,-0.000242,0.000119,0.002552,2.503393,1.950564,35.311235
2.231556,-0.044975,3.166785,0.199821,0.295825,-0.000396,0.000192,0.006245,2.469508,1.936653,35.351166
2.220224,-0.046509,3.161912,0.193579,0.293702,-0.000578,0.000273,0.009599,2.438205,1.921008,35.392984
2.209178,-0.047122,3.135581,0.184435,0.293055,-0.000811,0.000416,0.015422,2.409551,1.900804,35.436414
2.198879,-0.046917,3.085204,0.171495,0.293940,-0.000956,0.000558,0.024006,2.380316,1.881341,35.480521
2.189968,-0.046226,3.002123,0.157104,0.295942,-0.001029,0.000661,0.029664,2.352997,1.858963,35.525775
2.182773,-0.044969,2.880070,0.140060,0.298471,-0.001151,0.000839,0.039620,2.328271,1.835453,35.572411
2.177514,-0.043183,2.714121,0.121703,0.301549,-0.001109,0.000901,0.045787,2.304370,1.810230,35.619715
2.174439,-0.040953,2.498142,0.103343,0.303986,-0.001055,0.001013,0.051891,2.282521,1.784103,35.667064
2.173353,-0.037921,2.241553,0.085490,0.306059,-0.000582,0.000939,0.053382,2.254427,1.748895,35.714699
2.174430,-0.034364,1.954428,0.069397,0.306553,-0.001423,0.000939,0.048215,2.243113,1.732344,35.766531
2.175880,-0.030159,1.654285,0.056385,0.309151,-0.000711,0.000632,0.036495,2.221654,1.704396,35.812675
2.179155,-0.025612,1.366941,0.044100,0.312153,-0.000717,0.000723,0.040767,2.202248,1.676117,35.851152
2.183358,-0.021180,1.113141,0.030860,0.316128,-0.001148,0.003071,0.100062,2.182461,1.648217,35.891810
2.188013,-0.015801,0.927345,0.018074,0.320773,-0.001062,0.001548,0.089491,2.164242,1.619857,35.930844
2.193518,-0.015234,0.715699,0.002998,0.326514,-0.001053,0.003587,0.117633,2.145966,1.591924,35.966862
2.199702,-0.013331,0.502125,-0.012846,0.333197,-0.001607,0.007099,0.232725,2.128035,1.564428,35.999037
2.205917,-0.009628,0.371099,-0.030101,0.339865,-0.001251,0.002929,0.170410,2.109883,1.536374,36.027610
2.212811,-0.014578,0.100368,-0.047489,0.346263,-0.000608,0.001134,0.063487,2.094717,1.508881,36.055547
2.220510,-0.018221,-0.304072,-0.064003,0.352954,-0.000483,0.000935,0.054338,2.075563,1.481320,36.083817
2.228495,-0.017224,-0.672699,-0.078418,0.359417,-0.000358,0.000868,0.049168,2.053912,1.451504,36.113089
2.236609,-0.014127,-0.990597,-0.092274,0.365608,-0.000729,0.000742,0.043592,2.038546,1.426073,36.145664
2.244138,-0.010634,-1.271070,-0.106688,0.372759,-0.000546,0.000734,0.043883,2.018435,1.399990,36.178692
2.251532,-0.007224,-1.525772,-0.117933,0.379724,-0.000459,0.000584,0.033584,1.996661,1.370863,36.210537
2.258767,-0.003380,-1.753466,-0.127657,0.386014,-0.000594,0.000406,0.026266,1.974170,1.343727,36.245286
2.265549,0.000820,-1.951286,-0.136161,0.391872,-0.000651,0.000313,0.021012,1.950872,1.317934,36.282735
2.271926,0.005286,-2.120962,-0.143172,0.397576,-0.000688,0.000233,0.017415,1.927509,1.292579,36.320969
2.277952,0.009912,-2.262617,-0.148238,0.402635,-0.000739,0.000130,0.011430,1.904172,1.268068,36.359144
2.283663,0.014608,-2.378511,-0.151530,0.406974,-0.001066,0.000038,0.007716,1.882931,1.246847,36.397448
2.288837,0.019293,-2.466978,-0.155223,0.410963,-0.000564,0.000076,0.008122,1.855471,1.223835,36.434003
2.294229,0.023577,-2.535966,-0.154439,0.414125,-0.000846,-0.000101,-0.000929,1.829286,1.202735,36.471498
2.299364,0.027794,-2.580784,-0.152209,0.417214,-0.000819,-0.000156,-0.004256,1.800235,1.181921,36.511112
2.304683,0.031808,-2.597211,-0.149090,0.419959,-0.000911,-0.000211,-0.006766,1.771139,1.162001,36.550205
2.310130,0.035208,-2.589789,-0.146723,0.422500,-0.001079,-0.000188,-0.004486,1.745068,1.146755,36.590249
2.315590,0.037658,-2.566180,-0.143557,0.424674,-0.000882,-0.000183,-0.005825,1.716228,1.129563,36.628506
2.321526,0.039266,-2.532477,-0.140629,0.426022,-0.000678,-0.000186,-0.006289,1.685095,1.113178,36.665076
2.327880,0.040115,-2.493503,-0.135511,0.425967,-0.000573,-0.000238,-0.011465,1.648812,1.098569,36.702621
2.334634,0.040718,-2.444962,-0.129358,0.423914,-0.000637,-0.000266,-0.012963,1.613893,1.086120,36.742220
2.341503,0.041165,-2.380099,-0.125040,0.420705,-0.000406,-0.000191,-0.009408,1.575946,1.074233,36.782401
2.348531,0.040919,-2.308899,-0.122959,0.416243,-0.000314,-0.000112,-0.004471,1.538360,1.063625,36.821909
2.355296,0.039761,-2.246007,-0.123114,0.410011,-0.000259,-0.000039,0.000626,1.503663,1.052759,36.861622
2.361444,0.037911,-2.203037,-0.125578,0.402480,0.000010,0.000061,0.005740,1.465363,1.042718,36.899758
2.366901,0.035796,-2.187812,-0.130277,0.393475,-0.000084,0.000107,0.010514,1.432873,1.036110,36.937878
2.370966,0.033781,-2.204081,-0.133316,0.383475,0.000149,0.000094,0.006705,1.391163,1.029047,36.975552
2.373998,0.032760,-2.239876,-0.142941,0.373475,0.000184,0.000299,0.021393,1.357685,1.024839,37.014001
2.375198,0.031915,-2.302025,-0.150758,0.363484,-0.000119,0.000176,0.015210,1.327388,1.022562,37.052130
2.374374,0.031755,-2.390357,-0.158018,0.355056,0.000221,0.000212,0.013693,1.287937,1.020231,37.085531
2.372351,0.032833,-2.485845,-0.167507,0.346295,0.000446,0.000299,0.018165,1.248418,1.017606,37.120209
2.368719,0.034579,-2.585478,-0.177599,0.338132,0.000271,0.000246,0.016612,1.212714,1.016923,37.158796
2.363060,0.036662,-2.691950,-0.185789,0.331721,0.000238,0.000239,0.014811,1.177426,1.014830,37.196614
2.355857,0.039419,-2.793318,-0.194472,0.327041,0.000118,0.000177,0.012185,1.140777,1.018619,37.232574
2.347152,0.042386,-2.890101,-0.202346,0.323284,0.000128,0.000174,0.011938,1.105646,1.022677,37.269045
2.337214,0.045556,-2.976885,-0.208980,0.321031,-0.000013,0.000077,0.007447,1.069197,1.029966,37.306361
2.326203,0.048623,-3.055219,-0.213323,0.319888,-0.000081,0.000042,0.004918,1.032627,1.038178,37.345225
2.314535,0.051658,-3.119234,-0.218225,0.320196,-0.000156,0.000040,0.004850,0.996789,1.047716,37.386252
2.302320,0.054279,-3.171230,-0.221044,0.321378,-0.000158,0.000028,0.003846,0.962479,1.058852,37.428051
2.289964,0.056431,-3.210895,-0.225215,0.324363,-0.000428,-0.000016,0.004217,0.933415,1.071941,37.470077
2.277300,0.057809,-3.243470,-0.225154,0.328594,-0.000245,-0.000017,0.001259,0.898567,1.087439,37.510702
2.265369,0.058773,-3.266520,-0.227479,0.332844,-0.000300,-0.000004,0.001896,0.862705,1.101429,37.551862
2.253737,0.059086,-3.284412,-0.227114,0.336790,-0.000981,-0.000216,-0.001356,0.844089,1.125291,37.595516
2.242029,0.058771,-3.298012,-0.216291,0.340294,-0.000792,-0.000253,-0.009625,0.812892,1.146027,37.637873
2.232068,0.058822,-3.291037,-0.206777,0.345006,-0.000872,-0.000291,-0.009523,0.790550,1.169115,37.681006
2.223580,0.058680,-3.258636,-0.197410,0.349524,-0.001051,-0.000396,-0.013759,0.766750,1.194208,37.725342
2.216453,0.057807,-3.208546,-0.185791,0.353121,-0.000938,-0.000434,-0.017875,0.740713,1.218791,37.768864
2.211143,0.056475,-3.135177,-0.174667,0.356133,-0.001521,-0.001313,-0.038485,0.720905,1.244872,37.813392
2.206864,0.053605,-3.058802,-0.165075,0.359262,-0.001552,-0.000843,-0.037212,0.701718,1.271561,37.857190
2.204109,0.051098,-2.963046,-0.154161,0.361943,-0.000974,-0.000759,-0.030867,0.679328,1.301607,37.899264
2.203498,0.048421,-2.838635,-0.144975,0.364183,-0.000929,-0.000489,-0.020743,0.667596,1.333123,37.942137
2.204267,0.045183,-2.696387,-0.134182,0.366781,-0.000939,-0.000554,-0.025058,0.652058,1.362050,37.985171
2.206505,0.041453,-2.547113,-0.124289,0.369203,-0.000909,-0.000526,-0.024738,0.638875,1.392463,38.025211
2.210108,0.037595,-2.392692,-0.114516,0.371760,-0.000872,-0.000556,-0.027129,0.625712,1.423879,38.062558
2.215002,0.033853,-2.237999,-0.104767,0.373807,-0.000886,-0.000626,-0.029927,0.615270,1.457857,38.097952
2.220982,0.030477,-2.083096,-0.095729,0.375444,-0.000816,-0.000590,-0.028623,0.601753,1.490985,38.133138
2.227934,0.027542,-1.927975,-0.089875,0.376715,-0.000590,-0.000390,-0.019184,0.586518,1.525289,38.168464
2.235684,0.024532,-1.786847,-0.086269,0.377413,-0.000572,-0.000232,-0.011163,0.576332,1.559916,38.203397
2.243784,0.021402,-1.673094,-0.082485,0.377535,-0.000645,-0.000268,-0.012465,0.568469,1.593125,38.239420
2.252042,0.018728,-1.585177,-0.078586,0.377260,-0.000637,-0.000233,-0.011388,0.563230,1.627839,38.274915
2.260468,0.016935,-1.508965,-0.074807,0.376996,-0.000723,-0.000845,-0.026932,0.555159,1.660597,38.309920
2.268930,0.015130,-1.455658,-0.071914,0.376918,-0.000796,-0.001534,-0.050220,0.545104,1.693820,38.345203
2.277397,0.013505,-1.430232,-0.069174,0.376822,-0.000596,-0.000436,-0.026861,0.533786,1.729438,38.379244
2.286092,0.014268,-1.375325,-0.068724,0.376896,-0.000510,-0.000057,-0.001187,0.523801,1.763088,38.414057
2.294729,0.014264,-1.314677,-0.070293,0.377419,-0.000485,0.000334,0.012282,0.513979,1.797605,38.449616
2.303258,0.013340,-1.279499,-0.073421,0.377979,-0.000465,0.000192,0.014310,0.506057,1.832161,38.485006
2.311573,0.011624,-1.284035,-0.076906,0.378348,-0.000453,0.000123,0.010089,0.496369,1.866540,38.520695
2.319662,0.010331,-1.321804,-0.081847,0.378478,-0.000461,0.000181,0.014065,0.491544,1.901053,38.555655
2.327374,0.009693,-1.380602,-0.085970,0.378264,-0.000434,0.000155,0.012177,0.484024,1.937527,38.591090
2.334740,0.009885,-1.450081,-0.093502,0.377754,-0.000637,0.000292,0.021701,0.478163,1.966467,38.627286
2.341239,0.010139,-1.536817,-0.101439,0.376838,-0.000241,0.000323,0.022194,0.469765,2.003489,38.660486
2.347383,0.010649,-1.644115,-0.110757,0.374702,-0.000206,0.000361,0.024793,0.460442,2.039337,38.694195
2.352548,0.011541,-1.768807,-0.121865,0.372335,-0.000174,0.000418,0.028361,0.458916,2.077470,38.730849
2.356521,0.012796,-1.911100,-0.133763,0.369545,-0.000176,0.000392,0.027454,0.456355,2.113428,38.767848
2.359106,0.014564,-2.069176,-0.145722,0.366385,-0.000015,0.000387,0.026575,0.452315,2.149592,38.804978
2.360364,0.017161,-2.232808,-0.156377,0.363385,-0.000048,0.000328,0.021705,0.451135,2.185405,38.841447
2.360157,0.020675,-2.392101,-0.164505,0.360299,0.000140,0.000240,0.015450,0.447639,2.227068,38.877493
2.358855,0.025124,-2.534771,-0.173971,0.357241,-0.000280,0.000239,0.018988,0.450859,2.256742,38.915118
2.355672,0.029818,-2.658882,-0.180503,0.355151,-0.000201,0.000144,0.011181,0.452718,2.292068,38.950665
2.351473,0.034606,-2.768034,-0.186851,0.353763,-0.000201,0.000117,0.010648,0.457188,2.327184,38.983337
2.346255,0.039313,-2.858348,-0.192762,0.352823,-0.000177,0.000108,0.009135,0.464391,2.363104,39.017519
2.340172,0.043639,-2.934022,-0.197969,0.352399,-0.000269,0.000061,0.007547,0.471078,2.396685,39.051892
2.333240,0.047470,-2.997490,-0.201731,0.353010,-0.000134,0.000112,0.007232,0.473470,2.433960,39.085929
2.325982,0.050926,-3.047029,-0.207176,0.353960,-0.000280,0.000054,0.006954,0.482203,2.466756,39.120898
2.318045,0.053547,-3.091157,-0.210067,0.356012,-0.000298,0.000012,0.003770,0.490479,2.501600,39.155969
2.309962,0.055709,-3.128655,-0.212832,0.358536,-0.000268,0.000010,0.003414,0.499538,2.537471,39.191153
2.301882,0.057445,-3.158788,-0.214812,0.361401,-0.000647,-0.000081,0.001671,0.520206,2.564838,39.227961
2.293544,0.058672,-3.183544,-0.209766,0.364054,-0.000669,-0.000183,-0.005377,0.534610,2.596517,39.264989
2.285936,0.059918,-3.193565,-0.205288,0.368485,-0.000730,-0.000181,-0.004967,0.551722,2.626524,39.302212
2.279185,0.060887,-3.185481,-0.200633,0.373748,-0.001081,-0.000275,-0.006582,0.576585,2.649173,39.340525
2.273128,0.061145,-3.164896,-0.189630,0.378145,-0.000963,-0.000370,-0.015327,0.596940,2.679298,39.379561
2.268775,0.061249,-3.122577,-0.180695,0.383581,-0.001004,-0.000352,-0.013448,0.622911,2.704179,39.420039
2.265897,0.060762,-3.056758,-0.171175,0.388952,-0.001005,-0.000383,-0.015771,0.648338,2.728974,39.462929
2.264619,0.059434,-2.973486,-0.161952,0.394485,-0.001016,-0.000405,-0.017023,0.680234,2.749356,39.506967
2.264953,0.057278,-2.875955,-0.150991,0.399389,-0.001151,-0.000516,-0.022379,0.708223,2.768318,39.553196
2.266879,0.054635,-2.763050,-0.141336,0.404658,-0.001025,-0.000460,-0.020930,0.742418,2.784169,39.599273
2.270565,0.051561,-2.636290,-0.130839,0.409546,-0.001104,-0.000549,-0.025258,0.772733,2.800522,39.645643
2.275798,0.048194,-2.499860,-0.121065,0.414612,-0.001001,-0.000498,-0.024360,0.805806,2.816268,39.693208
2.282664,0.044764,-2.354159,-0.112465,0.419222,-0.001463,-0.001479,-0.046335,0.838559,2.831679,39.739431
2.290378,0.040153,-2.231599,-0.105967,0.423381,-0.001465,-0.000788,-0.041390,0.870796,2.845499,39.784373
2.299171,0.036993,-2.112231,-0.100618,0.427244,-0.000289,-0.000267,-0.015796,0.913082,2.868138,39.826741
2.309989,0.034486,-1.980363,-0.097477,0.429991,-0.001540,-0.000468,-0.013761,0.935908,2.870834,39.874316
2.320023,0.031048,-1.879370,-0.095845,0.434238,-0.000841,-0.000206,-0.007455,0.971899,2.884635,39.915691
2.331353,0.028026,-1.805632,-0.095328,0.437761,-0.000795,-0.000126,-0.002698,1.009821,2.896581,39.947765
2.343062,0.025525,-1.758763,-0.095912,0.440463,-0.000873,-0.000048,0.000568,1.043718,2.905107,39.985442
2.354834,0.023677,-1.737186,-0.093910,0.443008,-0.000693,-0.000126,-0.005615,1.078459,2.920477,40.023209
2.367056,0.023083,-1.721900,-0.095490,0.445336,-0.000596,0.000047,0.005272,1.114457,2.930878,40.059060
2.379320,0.022773,-1.716185,-0.096226,0.447464,-0.000590,0.000008,0.002678,1.151133,2.941273,40.096243
2.391551,0.022776,-1.723497,-0.096395,0.449458,-0.000738,-0.000029,0.001006,1.186115,2.947422,40.134288
2.403583,0.023341,-1.733498,-0.094915,0.451358,-0.000582,-0.000093,-0.004110,1.224823,2.959130,40.171531
2.415872,0.024548,-1.736299,-0.093809,0.452851,-0.000687,-0.000080,-0.002787,1.260938,2.968777,40.209829
2.427992,0.025916,-1.729648,-0.092959,0.454452,-0.000672,-0.000066,-0.001936,1.298084,2.976778,40.248496
2.440079,0.027091,-1.718991,-0.091326,0.455854,-0.000540,-0.000089,-0.004188,1.337658,2.984880,40.286217
2.452283,0.028191,-1.703768,-0.088587,0.456794,-0.000647,-0.000150,-0.007975,1.375777,2.994362,40.325623
2.464422,0.029332,-1.679436,-0.086086,0.457681,-0.000628,-0.000125,-0.006769,1.414836,3.002246,40.365966
2.476580,0.030302,-1.645808,-0.083782,0.458467,-0.000656,-0.000121,-0.006136,1.452388,3.008684,40.405851
2.488684,0.030891,-1.608457,-0.080356,0.459310,-0.000528,-0.000137,-0.009264,1.496781,3.014542,40.445429
2.500997,0.031395,-1.564791,-0.079035,0.459511,-0.000715,-0.000106,-0.003703,1.530203,3.017701,40.487071
2.513016,0.031312,-1.523707,-0.071849,0.460155,-0.000683,-0.000341,-0.023110,1.573582,3.022226,40.527377
2.525357,0.031931,-1.466508,-0.068391,0.460298,-0.000591,-0.000191,-0.011403,1.613132,3.026904,40.566545
2.537769,0.032112,-1.394317,-0.063731,0.460371,-0.000703,-0.000243,-0.015638,1.651437,3.031642,40.608347
2.550153,0.031744,-1.319713,-0.059382,0.460554,-0.000469,-0.000187,-0.013419,1.694662,3.034215,40.649136
2.562825,0.031082,-1.240146,-0.053719,0.460158,-0.000690,-0.000235,-0.017741,1.734130,3.038003,40.690789
2.575335,0.030335,-1.153635,-0.050526,0.459823,-0.000559,-0.000168,-0.011035,1.775445,3.038234,40.732813
2.587924,0.028935,-1.071280,-0.047123,0.459304,-0.000527,-0.000173,-0.012116,1.817200,3.038882,40.774014
2.600473,0.027293,-0.998508,-0.042805,0.458536,-0.000531,-0.000210,-0.015424,1.859521,3.039714,40.816437
2.612954,0.025932,-0.926388,-0.040290,0.457524,-0.000538,-0.000127,-0.008831,1.899666,3.041143,40.859273
2.625243,0.024425,-0.859008,-0.037086,0.456591,-0.000490,-0.000149,-0.011278,1.941667,3.041933,40.901024
2.637423,0.022997,-0.797865,-0.033968,0.455512,-0.000491,-0.000146,-0.011179,1.983834,3.041276,40.943220
2.649424,0.021748,-0.738262,-0.030824,0.454301,-0.000432,-0.000132,-0.011157,2.027920,3.041469,40.986381
2.661272,0.020619,-0.678982,-0.030124,0.452797,-0.000437,-0.000043,-0.002574,2.070006,3.041611,41.030029
2.672802,0.019054,-0.631733,-0.028404,0.450970,-0.000441,-0.000079,-0.006272,2.112713,3.040679,41.073720
2.684012,0.017672,-0.595900,-0.027272,0.448435,-0.000390,-0.000051,-0.004167,2.155766,3.041253,41.117107
2.694867,0.016571,-0.565722,-0.027835,0.445040,-0.000361,0.000016,0.002205,2.197984,3.039710,41.160094
2.705217,0.015382,-0.548615,-0.025787,0.440565,-0.000295,-0.000086,-0.007593,2.241550,3.040491,41.202977
2.715048,0.014889,-0.533235,-0.025648,0.435694,-0.000494,-0.000016,-0.000426,2.279613,3.038314,41.247032
2.724019,0.014490,-0.517063,-0.024126,0.430712,-0.000028,-0.000075,-0.005995,2.328271,3.032848,41.288451
2.732822,0.014281,-0.501029,-0.018719,0.424782,-0.000354,-0.000260,-0.021759,2.370024,3.040614,41.331329
2.740646,0.014908,-0.461219,-0.021282,0.417790,0.000038,0.000122,0.010740,2.416960,3.033610,41.376851
2.747962,0.014052,-0.426466,-0.017527,0.410535,-0.000265,-0.000178,-0.014738,2.458748,3.035303,41.422201
2.754185,0.013368,-0.400232,-0.015277,0.403226,-0.000202,-0.000108,-0.008768,2.501711,3.035958,41.467096
2.759652,0.013001,-0.360339,-0.014211,0.394955,-0.000248,-0.000052,-0.004396,2.542193,3.040219,41.510095
2.764168,0.012125,-0.323456,-0.015720,0.385077,0.000042,0.000054,0.005620,2.587975,3.035442,41.552111
2.767871,0.010549,-0.306089,-0.013014,0.375077,0.000050,-0.000107,-0.010096,2.634326,3.026490,41.594862
2.770545,0.009834,-0.290414,-0.005996,0.365077,-0.000162,-0.000212,-0.023346,2.677423,3.027238,41.640375
2.772010,0.010590,-0.233917,-0.001934,0.355077,-0.000174,-0.000135,-0.014120,2.719570,3.027936,41.685334
2.772446,0.010460,-0.153896,-0.000006,0.345077,-0.000174,-0.000069,-0.006852,2.761328,3.029801,41.728473
2.771876,0.008806,-0.082050,-0.000084,0.335077,0.000444,0.000006,0.000228,2.816739,3.028472,41.770448
2.770928,0.006205,-0.035261,0.002203,0.325077,-0.000707,-0.000081,-0.008007,2.846899,3.018912,41.817807
2.767838,0.004211,0.000373,0.009043,0.315077,-0.000208,-0.000229,-0.023938,2.887868,3.022406,41.860830
2.764258,0.003766,0.062622,0.012144,0.305077,-0.000146,-0.000107,-0.010825,2.930196,3.023080,41.896745
2.759764,0.002772,0.139377,0.014490,0.295077,-0.000123,-0.000082,-0.008291,2.972782,3.021291,41.937453
2.754332,0.000892,0.206554,0.017168,0.285077,-0.000111,-0.000085,-0.008895,3.016151,3.019543,41.979858
2.747951,-0.001082,0.266210,0.019682,0.275077,-0.000180,-0.000095,-0.009192,3.056711,3.018098,42.022491
2.740547,-0.002931,0.319931,0.019737,0.266316,-0.000247,-0.000003,-0.000292,3.097651,3.015319,42.063874
2.732301,-0.005006,0.358034,0.020551,0.258562,-0.000310,-0.000026,-0.003060,3.137610,3.015488,42.104254
2.723316,-0.006708,0.381290,0.019787,0.251243,-0.000551,0.000040,0.002858,3.172922,3.015923,42.144407
2.713501,-0.008113,0.391227,0.016464,0.245319,-0.000327,0.000142,0.012442,3.214763,3.016011,42.181707
2.703527,-0.009579,0.375089,0.012260,0.239408,-0.000420,0.000175,0.015402,3.254433,3.016712,42.219376
2.693080,-0.010691,0.328977,0.006557,0.233758,-0.000492,0.000235,0.020930,3.292712,3.016596,42.258781
2.682224,-0.011224,0.255103,0.001470,0.228009,-0.000490,0.000192,0.017508,3.331214,3.016536,42.297206
2.671014,-0.010793,0.162277,-0.004388,0.222117,-0.000391,0.000255,0.022080,3.370008,3.016607,42.334986
2.659517,-0.009576,0.061304,-0.011514,0.215814,-0.000599,0.000266,0.024317,3.404665,3.018010,42.372724
2.647349,-0.008208,-0.056172,-0.019523,0.209602,-0.000446,0.000358,0.029973,3.441082,3.018338,42.409130
2.634849,-0.006565,-0.186507,-0.028801,0.203090,-0.000541,0.000388,0.033037,3.475160,3.017831,42.443846
2.621622,-0.004900,-0.336774,-0.037647,0.196365,-0.000474,0.000318,0.029178,3.509902,3.021469,42.478167
2.607774,-0.002817,-0.500375,-0.048665,0.189962,-0.000527,0.000350,0.033621,3.542647,3.023219,42.512054
2.593076,-0.000680,-0.679013,-0.057291,0.183933,-0.000613,0.000289,0.026748,3.574660,3.023908,42.544588
2.577560,0.002234,-0.856054,-0.066843,0.178573,-0.000665,0.000318,0.029292,3.605436,3.023444,42.575695
2.561195,0.005323,-1.027030,-0.076463,0.173757,-0.000690,0.000351,0.030521,3.634652,3.024047,42.606361
2.543998,0.008332,-1.193617,-0.085193,0.169530,-0.000606,0.000284,0.026023,3.666119,3.024857,42.635478
2.526135,0.011293,-1.354743,-0.094496,0.166074,-0.000650,0.000282,0.025614,3.697642,3.023745,42.664374
2.507473,0.014070,-1.510636,-0.103637,0.163442,-0.000898,0.000235,0.023711,3.724792,3.023442,42.694051
2.487861,0.016650,-1.661876,-0.111907,0.162368,-0.000810,0.000182,0.020526,3.753922,3.019562,42.721794
2.467803,0.019204,-1.804453,-0.118989,0.162151,-0.000951,0.000146,0.016739,3.783473,3.017220,42.748431
2.447311,0.021775,-1.932972,-0.127491,0.163021,-0.001018,0.000158,0.019255,3.809931,3.013541,42.776280
2.426336,0.023866,-2.053776,-0.134830,0.165105,-0.001151,0.000099,0.016215,3.834682,3.008148,42.803649
2.405073,0.025664,-2.167689,-0.141327,0.168663,-0.001262,0.000075,0.014211,3.859236,3.003488,42.829193
2.383762,0.027325,-2.271086,-0.147512,0.173338,-0.001231,0.000053,0.013368,3.882997,2.997556,42.853285
2.362682,0.028721,-2.364234,-0.152234,0.179179,-0.001368,-0.000004,0.009813,3.906699,2.992344,42.877432
2.341913,0.029924,-2.446077,-0.156659,0.186007,-0.001533,-0.000038,0.009273,3.926363,2.985149,42.902574
2.321559,0.030823,-2.515994,-0.159210,0.194072,-0.001317,-0.000063,0.005653,3.951921,2.975594,42.926357
2.302293,0.031548,-2.572770,-0.162894,0.202245,-0.001286,-0.000023,0.007953,3.977087,2.966589,42.951098
2.283861,0.031804,-2.620146,-0.167797,0.210596,-0.001465,-0.000038,0.009428,3.995354,2.958008,42.979337
2.265951,0.031380,-2.667989,-0.169294,0.220353,-0.001325,-0.000099,0.003541,4.020442,2.948139,43.006326
2.249374,0.031011,-2.710004,-0.172444,0.229866,-0.001648,-0.000086,0.007257,4.036209,2.938831,43.033307
2.233445,0.030447,-2.745578,-0.172855,0.239866,-0.001448,-0.000145,0.001664,4.057701,2.928218,43.059509
2.219045,0.029932,-2.774722,-0.174202,0.249866,-0.001923,-0.000007,0.006524,4.077126,2.915726,43.085127
2.205340,0.029443,-2.793206,-0.175259,0.259866,-0.002032,-0.000109,0.005997,4.094368,2.903402,43.113091
2.192724,0.028546,-2.808437,-0.175653,0.269866,-0.002149,-0.000157,0.002614,4.108325,2.890414,43.140344
2.181267,0.027541,-2.822449,-0.174021,0.279866,-0.003151,-0.000368,-0.003654,4.125007,2.875598,43.166313
2.170254,0.026629,-2.830242,-0.173301,0.289866,-0.002566,-0.000301,-0.002946,4.143134,2.863342,43.193696
2.161163,0.025809,-2.830411,-0.171572,0.299866,-0.001480,-0.000226,-0.002690,4.161980,2.847532,43.222328
2.154568,0.025139,-2.821493,-0.170330,0.309866,-0.001447,-0.000209,-0.001885,4.180910,2.832492,43.251728
2.149316,0.024381,-2.808249,-0.169012,0.319866,-0.001560,-0.000219,-0.001505,4.196326,2.815906,43.283004
2.145248,0.023549,-2.792586,-0.168014,0.329866,-0.001495,-0.000203,-0.001397,4.212983,2.800182,43.314696
2.142498,0.022679,-2.777475,-0.166503,0.339866,-0.001519,-0.000218,-0.002089,4.227801,2.782254,43.346113
2.140999,0.021937,-2.761581,-0.164802,0.349866,-0.001446,-0.000219,-0.002758,4.242843,2.763907,43.377314
2.140835,0.021374,-2.744283,-0.161730,0.359786,-0.001483,-0.000285,-0.006313,4.258636,2.745108,43.408924
2.141972,0.021118,-2.722141,-0.157872,0.369536,-0.001475,-0.000306,-0.007524,4.272955,2.725414,43.441169
2.144460,0.021186,-2.689947,-0.153265,0.378909,-0.001429,-0.000333,-0.009763,4.289049,2.704981,43.473882
2.148332,0.021418,-2.647346,-0.149116,0.387222,-0.001396,-0.000313,-0.008721,4.302859,2.683768,43.506599
2.153376,0.021572,-2.596700,-0.144646,0.395335,-0.001452,-0.000334,-0.009660,4.315607,2.662594,43.538266
2.159494,0.021602,-2.540988,-0.140258,0.402570,-0.001399,-0.000328,-0.009797,4.326133,2.639572,43.569249
2.166683,0.021538,-2.481692,-0.134830,0.409130,-0.001335,-0.000363,-0.012614,4.338696,2.615669,43.600148
2.174947,0.021566,-2.416737,-0.130154,0.414722,-0.001140,-0.000301,-0.010705,4.352719,2.590194,43.630067
2.184229,0.021547,-2.347406,-0.126287,0.419334,-0.001130,-0.000286,-0.009672,4.365089,2.565213,43.659236
2.194159,0.021268,-2.281124,-0.122181,0.423031,-0.001051,-0.000283,-0.010202,4.377436,2.539248,43.687658
2.204717,0.020993,-2.217294,-0.118097,0.425776,-0.001122,-0.000302,-0.010682,4.388302,2.514773,43.714929
2.215644,0.020777,-2.154934,-0.114334,0.427938,-0.000988,-0.000267,-0.009934,4.398529,2.486965,43.742089
2.227042,0.020632,-2.094068,-0.110571,0.429099,-0.001001,-0.000271,-0.010024,4.405821,2.458750,43.770663
2.238635,0.020532,-2.034765,-0.106290,0.429270,-0.000809,-0.000278,-0.011929,4.417902,2.430239,43.800556
2.250571,0.020594,-1.974342,-0.102532,0.428627,-0.000839,-0.000254,-0.010455,4.429160,2.402276,43.830543
2.262466,0.020645,-1.912952,-0.099954,0.426998,-0.000831,-0.000211,-0.007621,4.439954,2.374720,43.860310
2.274190,0.020432,-1.857395,-0.098842,0.425539,-0.000675,-0.000133,-0.003401,4.445328,2.344548,43.889380
2.285790,0.019930,-1.814596,-0.094753,0.423634,-0.000774,-0.000248,-0.011374,4.454518,2.315891,43.919581
2.297226,0.019973,-1.771297,-0.090510,0.421738,-0.000731,-0.000233,-0.011310,4.462899,2.284573,43.950895
2.308591,0.020421,-1.717223,-0.086979,0.419019,-0.000855,-0.000212,-0.009490,4.468354,2.255150,43.982493
2.319549,0.020677,-1.658955,-0.084624,0.415694,-0.000625,-0.000151,-0.006492,4.470633,2.221884,44.013823
2.330397,0.020509,-1.605248,-0.079527,0.411657,-0.000612,-0.000265,-0.014103,4.475327,2.192091,44.046106
2.340924,0.020655,-1.545567,-0.071684,0.407300,-0.000714,-0.000389,-0.022990,4.478580,2.157681,44.079078
2.351181,0.021410,-1.461095,-0.066205,0.402649,-0.000702,-0.000288,-0.016685,4.478446,2.124497,44.111898
2.361100,0.021608,-1.362572,-0.060451,0.397733,-0.000501,-0.000336,-0.019441,4.482737,2.091832,44.146113
2.370832,0.021157,-1.263217,-0.053304,0.392568,-0.000528,-0.000345,-0.021769,4.488200,2.057523,44.179488
2.380194,0.020757,-1.152169,-0.048619,0.386903,-0.000441,-0.000223,-0.014059,4.491080,2.022842,44.213435
2.389132,0.019685,-1.043447,-0.043727,0.381069,-0.000329,-0.000255,-0.016165,4.497493,1.987607,44.248715
2.397668,0.018252,-0.945077,-0.039294,0.374619,-0.000322,-0.000207,-0.013742,4.511070,1.954817,44.284425
2.405605,0.016846,-0.852400,-0.037556,0.368154,-0.000270,-0.000088,-0.005211,4.521205,1.918629,44.319350
2.412897,0.014986,-0.779140,-0.039389,0.362035,-0.000311,0.000066,0.006024,4.525447,1.883855,44.354419
2.419390,0.012500,-0.744775,-0.039904,0.355729,-0.000384,0.000005,0.001765,4.531029,1.850662,44.390259
2.425081,0.010629,-0.738400,-0.040398,0.349334,-0.000241,0.000015,0.001848,4.533049,1.813725,44.424625
2.430187,0.009663,-0.742504,-0.039911,0.342987,-0.000417,-0.000037,-0.001423,4.533510,1.780383,44.459777
2.434408,0.009469,-0.746233,-0.037020,0.335688,-0.000276,-0.000134,-0.009144,4.541486,1.743602,44.494761
2.438039,0.010115,-0.732728,-0.040161,0.330300,-0.000370,0.000152,0.011532,4.545345,1.710905,44.530000
2.440859,0.009708,-0.729678,-0.040084,0.324165,-0.000265,-0.000009,0.000027,4.557179,1.673325,44.565127
2.443117,0.009363,-0.739736,-0.047422,0.320309,-0.000452,0.000388,0.027226,4.556952,1.641172,44.600451
2.444506,0.008128,-0.779540,-0.049602,0.315339,-0.000294,0.000091,0.007462,4.556884,1.602532,44.635537
2.445455,0.007635,-0.842365,-0.053913,0.310815,-0.000438,0.000190,0.014674,4.555840,1.568545,44.670866
2.445615,0.007854,-0.907402,-0.056314,0.305673,-0.000454,0.000099,0.008329,4.556532,1.533617,44.707181
2.445119,0.008678,-0.970469,-0.061792,0.301278,-0.000477,0.000238,0.018401,4.553568,1.499615,44.741952
2.443887,0.009261,-1.039174,-0.066942,0.296439,-0.000424,0.000221,0.017135,4.559356,1.465958,44.775827
2.441963,0.009783,-1.119712,-0.075304,0.292554,-0.000470,0.000349,0.026397,4.559835,1.431590,44.809020
2.439163,0.009989,-1.220557,-0.086363,0.289325,-0.000450,0.000467,0.034140,4.562745,1.398647,44.842598
2.435433,0.009953,-1.353239,-0.099060,0.286820,-0.000418,0.000520,0.037134,4.565928,1.366132,44.875793
2.430706,0.010186,-1.517976,-0.111841,0.284880,-0.000287,0.000516,0.036705,4.567316,1.332983,44.908677
2.425042,0.011314,-1.702024,-0.121631,0.282741,-0.000336,0.000376,0.026608,4.567275,1.298636,44.941445
2.418399,0.013832,-1.883515,-0.130640,0.280633,-0.000451,0.000317,0.023500,4.563287,1.265824,44.974145
2.410685,0.017326,-2.047533,-0.138731,0.278271,-0.000497,0.000240,0.019353,4.564128,1.234779,45.006416
2.401945,0.021189,-2.193217,-0.146002,0.276250,-0.000490,0.000209,0.017302,4.561656,1.202119,45.037705
2.392305,0.025120,-2.318960,-0.154425,0.274451,-0.000424,0.000211,0.018052,4.556954,1.169903,45.068236
2.381732,0.028593,-2.433147,-0.162209,0.272594,-0.000499,0.000183,0.015959,4.556631,1.138631,45.098590
2.370161,0.031696,-2.538702,-0.171722,0.271623,-0.000413,0.000231,0.018424,4.547924,1.108221,45.128683
2.357684,0.034326,-2.640214,-0.179422,0.270517,-0.000443,0.000148,0.013871,4.538837,1.078461,45.157678
2.344370,0.036739,-2.737604,-0.185826,0.269350,-0.000464,0.000099,0.010783,4.529336,1.049470,45.186773
2.330368,0.039135,-2.825168,-0.190567,0.268262,-0.000469,0.000046,0.007811,4.519582,1.020580,45.216159
2.315851,0.041457,-2.899516,-0.194539,0.267211,-0.000409,0.000032,0.006612,4.515026,0.990701,45.245671
2.300979,0.043509,-2.959967,-0.199415,0.266991,-0.000352,0.000064,0.007605,4.503706,0.961303,45.275638
2.285783,0.044985,-3.011163,-0.205640,0.266760,-0.000466,0.000072,0.008978,4.487217,0.937464,45.306379
2.270021,0.045704,-3.059527,-0.208855,0.266460,-0.000545,-0.000028,0.004215,4.472060,0.913172,45.337592
2.254053,0.045995,-3.104433,-0.208819,0.266477,-0.000560,-0.000081,0.000558,4.459632,0.887269,45.367971
2.238291,0.046224,-3.137662,-0.208801,0.266721,-0.000622,-0.000097,0.000456,4.441433,0.865457,45.398563
2.222744,0.046137,-3.158671,-0.207956,0.266427,-0.000687,-0.000138,-0.001054,4.421720,0.845108,45.430343
2.207442,0.045569,-3.170095,-0.205156,0.265806,-0.000680,-0.000155,-0.003074,4.402423,0.825249,45.462534
2.192654,0.044652,-3.169807,-0.203198,0.264425,-0.000579,-0.000140,-0.002365,4.381757,0.805370,45.494982
2.178350,0.043196,-3.160736,-0.201609,0.262432,-0.000469,-0.000111,-0.001769,4.360393,0.785643,45.528878
2.164465,0.041186,-3.147089,-0.201351,0.259588,-0.000432,-0.000082,0.000042,4.338008,0.769272,45.563758
2.150761,0.038615,-3.134020,-0.201437,0.256183,-0.000393,-0.000066,0.000621,4.315351,0.752434,45.599255
2.137170,0.035691,-3.124820,-0.202423,0.252181,-0.000322,-0.000026,0.002035,4.291597,0.738445,45.635329
2.123606,0.032605,-3.121388,-0.204960,0.247700,-0.000312,0.000007,0.004109,4.268856,0.725561,45.671189
2.109805,0.029408,-3.127100,-0.207322,0.243233,-0.000274,0.000005,0.003572,4.244902,0.713425,45.706563
2.095823,0.026351,-3.141789,-0.209338,0.239059,-0.000308,0.000013,0.003607,4.221027,0.702880,45.742442
2.081641,0.023636,-3.161034,-0.212793,0.234970,-0.000245,0.000043,0.005076,4.194875,0.694924,45.778754
2.067210,0.021092,-3.186055,-0.217048,0.230795,-0.000248,0.000079,0.006418,4.170636,0.687994,45.814986
2.052374,0.018682,-3.217359,-0.222291,0.227487,0.000149,0.000456,0.015894,4.147639,0.680685,45.851334
2.037521,0.016704,-3.247466,-0.227856,0.225015,0.000142,0.000261,0.013896,4.120615,0.677399,45.886399
2.022276,0.014354,-3.287739,-0.233733,0.222927,-0.000204,0.000110,0.007374,4.093290,0.674629,45.922237
2.006348,0.011987,-3.340970,-0.240113,0.221882,-0.000288,0.000149,0.008811,4.070279,0.674510,45.960387
1.990071,0.009976,-3.396359,-0.247219,0.221905,-0.000196,0.000135,0.008005,4.042388,0.675129,45.997285
1.973644,0.008077,-3.455880,-0.253171,0.221528,-0.000074,0.000161,0.007929,4.013664,0.676659,46.034359
1.957155,0.006448,-3.513928,-0.259902,0.220597,0.000437,0.000488,0.015294,3.982118,0.674998,46.074017
1.940868,0.005170,-3.564020,-0.264999,0.219350,0.000208,0.000277,0.012944,3.954704,0.683065,46.115201
1.924129,0.003537,-3.613051,-0.270663,0.218187,0.000284,0.000398,0.012960,3.928787,0.687561,46.157328
1.907233,0.001904,-3.660544,-0.274135,0.217432,0.000695,0.000673,0.020451,3.903387,0.693944,46.198012
1.890774,0.000527,-3.694586,-0.277102,0.217111,0.001035,0.000921,0.027302,3.879073,0.701441,46.236482
1.874753,-0.000932,-3.717612,-0.278978,0.217286,0.000043,0.000239,0.013205,3.861411,0.706595,46.273030
1.858010,-0.003481,-3.751372,-0.277012,0.219022,-0.000733,-0.000202,-0.003137,3.839005,0.718483,46.305707
1.841351,-0.006021,-3.789647,-0.273737,0.221477,-0.001173,-0.000452,-0.010117,3.817264,0.730848,46.337816
1.825315,-0.008140,-3.817855,-0.270641,0.224430,-0.001812,-0.000754,-0.017601,3.797006,0.744233,46.372227
1.809755,-0.010168,-3.837431,-0.266546,0.227905,-0.002539,-0.001207,-0.029776,3.777083,0.757868,46.406010
1.794698,-0.012280,-3.851360,-0.261468,0.232066,-0.003541,-0.001768,-0.044409,3.761279,0.770789,46.438973
1.780052,-0.014446,-3.859395,-0.255830,0.237629,-0.004309,-0.002441,-0.063118,3.738107,0.796096,46.470554
1.766255,-0.016675,-3.863582,-0.250220,0.242092,-0.005768,-0.003299,-0.083389,3.728665,0.803404,46.505938
1.752491,-0.019044,-3.864728,-0.241183,0.249470,-0.007259,-0.004662,-0.122092,3.712521,0.821344,46.538065
1.739399,-0.021437,-3.866171,-0.231535,0.257455,-0.009279,-0.006361,-0.168233,3.699334,0.837851,46.564635
1.726567,-0.023828,-3.867822,-0.221927,0.266711,-0.010931,-0.008062,-0.214551,3.686858,0.857335,46.593314
1.714478,-0.025989,-3.864569,-0.210360,0.276405,-0.013260,-0.010461,-0.280724,3.674895,0.875844,46.621696
1.702636,-0.028176,-3.861858,-0.199034,0.286050,-0.015073,-0.012812,-0.345827,3.663036,0.895431,46.649806
1.691489,-0.030106,-3.853461,-0.186800,0.295643,-0.016529,-0.015383,-0.419279,3.646333,0.925131,46.677150
1.681372,-0.031752,-3.838201,-0.173815,0.304656,-0.020201,-0.019346,-0.526343,3.644744,0.934576,46.707520
1.669937,-0.034313,-3.842133,-0.161098,0.314511,-0.020904,-0.021744,-0.596059,3.634656,0.955993,46.730485
1.660241,-0.035349,-3.815961,-0.149751,0.323638,-0.023161,-0.025323,-0.696927,3.624619,0.976338,46.747747
1.650262,-0.037450,-3.810070,-0.139787,0.332530,-0.024636,-0.028187,-0.777443,3.616152,0.999308,46.769473
1.640684,-0.039263,-3.804257,-0.129311,0.341271,-0.026718,-0.032193,-0.892222,3.607675,1.022155,46.792248
1.630795,-0.041847,-3.827360,-0.117651,0.350013,-0.028341,-0.035814,-0.992981,3.599264,1.041939,46.816346
1.621078,-0.043564,-3.842870,-0.108028,0.358579,-0.029178,-0.038326,-1.061825,3.592363,1.063580,46.838357
1.612043,-0.044427,-3.837698,-0.098027,0.366924,-0.014338,-0.011442,-0.459642,3.581472,1.084413,46.859291
1.619175,-0.015708,-3.147805,-0.094683,0.374095,-0.002197,-0.001046,-0.023716,3.573347,1.107686,46.881266
1.636960,-0.002184,-2.301049,-0.094303,0.379179,-0.001809,-0.000422,-0.010866,3.562009,1.131321,46.903803
1.654193,-0.006462,-1.839734,-0.094573,0.382120,-0.000952,-0.000024,0.001562,3.555694,1.157383,46.927665
1.672178,-0.012078,-1.610960,-0.090978,0.382707,-0.001294,-0.000959,-0.025817,3.554320,1.181462,46.954031
1.689848,-0.015719,-1.515367,-0.084908,0.381779,-0.000871,-0.002429,-0.070498,3.545457,1.208446,46.980112
1.707928,-0.017312,-1.480301,-0.075554,0.379376,-0.001202,-0.004745,-0.138679,3.540145,1.234397,47.006783
1.725602,-0.017651,-1.468085,-0.063640,0.376157,-0.001319,-0.007930,-0.233857,3.531936,1.259802,47.034833
1.743006,-0.017536,-1.469591,-0.050644,0.372830,-0.000806,-0.003283,-0.146547,3.524346,1.286771,47.061652
1.760639,-0.008997,-1.284390,-0.036480,0.369176,-0.000402,-0.003816,-0.114063,3.519455,1.314263,47.089106
1.778081,-0.004376,-1.037596,-0.019550,0.365494,-0.000177,-0.001999,-0.095213,3.512620,1.342197,47.118065
1.795131,0.001334,-0.758093,-0.000318,0.362083,0.000193,-0.005150,-0.155129,3.501309,1.369206,47.147634
1.811891,0.002655,-0.519177,0.021691,0.360227,0.000379,-0.010984,-0.331687,3.496446,1.397127,47.177033
1.828148,0.000874,-0.401998,0.045337,0.360691,0.000220,-0.004514,-0.211588,3.485614,1.423635,47.207073
1.843395,0.011778,-0.044788,0.067096,0.362941,0.000094,-0.001993,-0.082654,3.474582,1.451732,47.237962
1.857896,0.019904,0.447737,0.084765,0.366273,0.000124,-0.004235,-0.129224,3.467989,1.478974,47.269673
1.872283,0.019761,0.800067,0.100141,0.371282,0.000085,-0.002527,-0.113120,3.455512,1.507494,47.302183
1.886301,0.021295,1.106504,0.116211,0.377278,-0.000181,-0.000977,-0.045970,3.444984,1.534848,47.336439
1.899766,0.023564,1.450449,0.130376,0.384466,-0.000013,-0.003082,-0.093955,3.431449,1.563366,47.372695
1.913339,0.021271,1.687929,0.143187,0.392578,0.000014,-0.001662,-0.077036,3.414269,1.594265,47.410049
1.926690,0.021289,1.913080,0.154137,0.400456,-0.000678,-0.002118,-0.065949,3.401239,1.616227,47.450042
1.939270,0.019756,2.120021,0.162936,0.409486,-0.000538,-0.000982,-0.048665,3.386205,1.642943,47.488976
1.952063,0.018699,2.306643,0.169534,0.418497,-0.000588,-0.000306,-0.016241,3.369228,1.669234,47.526154
1.965044,0.016948,2.486969,0.173262,0.427295,-0.001071,-0.000603,-0.020522,3.352437,1.695807,47.565098
1.977920,0.013222,2.611534,0.176030,0.435811,-0.001665,-0.001020,-0.034234,3.333162,1.721379,47.604655
1.990464,0.008911,2.684964,0.177455,0.443575,-0.002359,-0.001236,-0.041803,3.312846,1.745331,47.644437
2.002536,0.004959,2.725583,0.176925,0.450618,-0.001798,-0.000260,-0.018201,3.288787,1.766910,47.684078
2.015497,0.002519,2.768137,0.173447,0.456602,-0.000848,0.000242,0.008090,3.264574,1.788707,47.724642
2.029970,-0.000285,2.803719,0.167281,0.462548,-0.001568,0.001081,0.030515,3.239117,1.809275,47.765798
2.044452,-0.003415,2.816746,0.159698,0.467839,-0.002681,0.002368,0.069998,3.212070,1.828920,47.806713
2.058574,-0.006154,2.823183,0.151148,0.471679,-0.003324,0.003824,0.116709,3.178073,1.852410,47.847936
2.072752,-0.008616,2.826128,0.142338,0.472277,-0.005224,0.005607,0.167948,3.154959,1.862684,47.891871
2.085412,-0.010652,2.828168,0.132806,0.471937,-0.004987,0.006905,0.211882,3.124430,1.878783,47.931900
2.098669,-0.013062,2.815542,0.122689,0.468378,-0.005824,0.009290,0.289097,3.093008,1.891946,47.967117
2.111106,-0.014482,2.819863,0.112267,0.459004,-0.005503,0.011378,0.358411,3.059082,1.904950,48.004138
2.123327,-0.016143,2.822668,0.102618,0.449004,-0.005191,0.013374,0.424750,3.024060,1.916474,48.040983
2.135136,-0.017874,2.824064,0.095088,0.439004,-0.004673,0.014922,0.477149,2.989817,1.927166,48.078287
2.146578,-0.019607,2.824113,0.089653,0.429004,-0.004001,0.015780,0.506499,2.954944,1.937070,48.115326
2.157674,-0.021519,2.814992,0.088659,0.419004,-0.003132,0.015921,0.513731,2.919255,1.946086,48.151424
2.168365,-0.022965,2.811807,0.093799,0.409004,-0.001836,0.014500,0.469197,2.884437,1.954183,48.187983
2.178764,-0.024426,2.807469,0.102730,0.399004,-0.000267,0.012389,0.402989,2.847361,1.961426,48.224520
2.188883,-0.025736,2.807322,0.116820,0.389004,0.001605,0.009238,0.301915,2.810897,1.968111,48.261607
2.198620,-0.027116,2.806996,0.134879,0.379004,0.004021,0.005807,0.193114,2.773755,1.973864,48.299531
2.208083,-0.028290,2.814872,0.156154,0.369004,0.006994,0.002238,0.080784,2.736340,1.978779,48.337532
2.217446,-0.029600,2.826422,0.176987,0.359004,0.009692,-0.000768,-0.013706,2.698578,1.982536,48.375162
2.226352,-0.031179,2.836040,0.197759,0.349004,0.012500,-0.003156,-0.087482,2.662215,1.982734,48.413015
2.234866,-0.032824,2.844754,0.216082,0.339004,0.014983,-0.004734,-0.134935,2.623776,1.983176,48.450756
2.242890,-0.034411,2.854826,0.231043,0.329004,0.017930,-0.005977,-0.172016,2.585821,1.980207,48.489333
2.251231,-0.036253,2.856933,0.242175,0.319004,0.019107,-0.006363,-0.181917,2.546771,1.977825,48.530120
2.258476,-0.037681,2.865645,0.249881,0.309004,0.021557,-0.006953,-0.199075,2.508663,1.971135,48.572017
2.266240,-0.039438,2.864372,0.254028,0.299004,0.010244,-0.002233,-0.089482,2.473147,1.960946,48.614569
2.261057,-0.036102,2.975122,0.251171,0.289004,-0.000088,0.000141,0.003183,2.440311,1.947324,48.656720
2.244929,-0.034127,3.155890,0.240605,0.282431,-0.000791,0.000731,0.020114,2.407596,1.930919,48.698000
2.228565,-0.036304,3.294596,0.223354,0.278494,-0.001976,0.001958,0.057971,2.377553,1.911593,48.740212
2.212186,-0.040156,3.392148,0.200978,0.277796,-0.003937,0.003941,0.119410,2.350135,1.889834,48.783975
2.195767,-0.044224,3.451893,0.173888,0.279539,-0.006601,0.007325,0.225022,2.324471,1.865720,48.827762
2.179312,-0.047308,3.487664,0.142698,0.283214,-0.009622,0.012245,0.380316,2.301090,1.839627,48.872464
2.163005,-0.049215,3.502936,0.108326,0.288465,-0.005968,0.004931,0.262303,2.279213,1.812822,48.918276
2.153686,-0.063900,3.168387,0.078448,0.293320,-0.002522,0.006461,0.205022,2.259321,1.785962,48.964500
2.149891,-0.067819,2.654594,0.057071,0.297220,-0.004196,0.011286,0.358842,2.239339,1.757493,49.010117
2.146505,-0.055810,2.288176,0.039907,0.300459,-0.005345,0.015511,0.493012,2.221063,1.729344,49.055158
2.143940,-0.039820,2.044929,0.025567,0.303509,-0.002864,0.003793,0.229375,2.204090,1.702391,49.099108
2.145287,-0.041563,1.519001,0.014601,0.307717,-0.001037,0.002807,0.089084,2.184969,1.673461,49.140660
2.149420,-0.035499,0.976142,0.005684,0.312410,-0.001645,0.005153,0.166508,2.167883,1.645793,49.180462
2.153909,-0.022979,0.680186,-0.004287,0.318063,-0.002134,0.007732,0.250871,2.150769,1.617168,49.217413
2.158684,-0.012993,0.538230,-0.017138,0.324729,-0.001444,0.002438,0.141857,2.134527,1.589177,49.251724
2.164730,-0.015423,0.261769,-0.031288,0.332062,-0.000903,0.003518,0.114073,2.118717,1.562050,49.282710
2.171824,-0.014563,-0.036121,-0.045302,0.339336,-0.001262,0.007058,0.229898,2.102226,1.534222,49.309736
2.178917,-0.009548,-0.193007,-0.060053,0.346323,-0.001357,0.010056,0.332213,2.084425,1.506245,49.337010
2.185959,-0.005702,-0.282954,-0.077402,0.353465,-0.001100,0.006643,0.299529,2.066962,1.478565,49.366910
2.192974,-0.010151,-0.487122,-0.094005,0.360646,-0.000300,0.001641,0.072916,2.049282,1.451108,49.397327
2.200614,-0.017313,-0.955121,-0.107138,0.367609,-0.000357,0.002776,0.091187,2.029938,1.424327,49.428264
2.208412,-0.014351,-1.308654,-0.118704,0.374723,-0.000340,0.005104,0.167345,2.012302,1.397368,49.460646
2.216096,-0.007159,-1.505305,-0.129732,0.382004,-0.000338,0.007013,0.229648,1.993379,1.371943,49.493296
2.223368,-0.000645,-1.610789,-0.140453,0.389237,-0.000133,0.008916,0.292331,1.974119,1.345800,49.526802
2.230367,0.004414,-1.658060,-0.150399,0.396061,-0.000014,0.010322,0.337938,1.953241,1.320849,49.560908
2.237028,0.007676,-1.681635,-0.159456,0.402355,0.000279,0.011780,0.386167,1.930992,1.296640,49.595661
2.243578,0.010039,-1.682798,-0.165967,0.407695,-0.000065,0.003228,0.177390,1.905906,1.269875,49.631678
2.249557,0.002022,-1.915825,-0.168315,0.411743,-0.000515,0.000038,0.004379,1.879404,1.245707,49.669752
2.255568,-0.000770,-2.271823,-0.165613,0.415403,-0.000750,-0.000147,-0.005008,1.852509,1.222882,49.710519
2.262023,0.005357,-2.507132,-0.160165,0.418403,-0.000875,-0.000258,-0.010642,1.826280,1.200768,49.751565
2.268682,0.014560,-2.627876,-0.153762,0.421170,-0.000970,-0.000305,-0.012809,1.798899,1.181156,49.791977
2.275415,0.023536,-2.661347,-0.147177,0.423583,-0.001062,-0.000335,-0.013534,1.771870,1.163722,49.831996
2.282220,0.030678,-2.636219,-0.140766,0.425516,-0.000918,-0.000339,-0.014425,1.742333,1.144938,49.870262
2.289398,0.035484,-2.575988,-0.135350,0.426786,-0.001429,-0.001008,-0.028846,1.714056,1.131642,49.908344
2.296298,0.037319,-2.514202,-0.130115,0.427366,-0.001096,-0.000536,-0.025464,1.682276,1.118892,49.945976
2.303841,0.038540,-2.438470,-0.123155,0.426123,-0.001047,-0.001298,-0.040310,1.650632,1.105919,49.983422
2.311714,0.038182,-2.361821,-0.116899,0.423525,-0.001298,-0.002334,-0.074428,1.618740,1.095178,50.021959
2.319488,0.036576,-2.309291,-0.111821,0.419877,-0.000882,-0.000946,-0.050996,1.584648,1.083546,50.059438
2.327661,0.037128,-2.223407,-0.109870,0.414905,-0.000135,-0.000111,-0.004861,1.546473,1.069077,50.095815
2.336091,0.036906,-2.109766,-0.112219,0.408773,-0.000035,0.000079,0.006441,1.508254,1.056546,50.133621
2.343764,0.034155,-2.041197,-0.118176,0.401422,0.000057,0.000216,0.015584,1.470761,1.045920,50.172994
2.350342,0.030462,-2.030126,-0.126826,0.392599,0.000108,0.000334,0.022157,1.437369,1.033494,50.211967
2.355431,0.027163,-2.074956,-0.138101,0.383969,0.000246,0.000421,0.026761,1.399880,1.025880,50.248600
2.358879,0.024937,-2.168972,-0.151604,0.374706,0.000397,0.000460,0.029381,1.364198,1.019314,50.285020
2.360372,0.024105,-2.301916,-0.162983,0.365904,0.000069,0.000373,0.023011,1.333140,1.009410,50.322573
2.359579,0.025196,-2.451291,-0.178380,0.357723,0.000655,0.000487,0.028186,1.294759,1.005118,50.356513
2.357019,0.027566,-2.608576,-0.188266,0.349176,0.000409,0.000245,0.015069,1.256325,1.001670,50.391360
2.352248,0.031326,-2.761366,-0.195488,0.342574,0.000095,0.000148,0.010919,1.221658,1.001411,50.430040
2.345578,0.036323,-2.888894,-0.200101,0.338007,-0.000071,0.000066,0.006568,1.186170,1.002736,50.466517
2.337559,0.041780,-2.987855,-0.203984,0.334874,-0.000137,0.000052,0.005620,1.150901,1.006068,50.501031
2.328508,0.046990,-3.060115,-0.207820,0.332873,-0.000108,0.000039,0.005382,1.114882,1.010775,50.536625
2.318693,0.051383,-3.112582,-0.210372,0.331846,-0.000292,-0.000002,0.003267,1.080642,1.017537,50.573362
2.308195,0.054808,-3.150459,-0.211862,0.332069,-0.000253,0.000052,0.003848,1.045937,1.025070,50.610347
2.297556,0.057361,-3.173863,-0.213386,0.333511,-0.000393,-0.000005,0.003647,1.012631,1.036800,50.648261
2.286790,0.058813,-3.188782,-0.212055,0.335286,-0.000383,-0.000066,-0.000880,0.977179,1.047751,50.687312
2.276424,0.059492,-3.196647,-0.212234,0.338177,-0.000351,-0.000034,0.000966,0.942938,1.059184,50.727833
2.266517,0.059450,-3.197843,-0.213679,0.342256,-0.000295,0.000040,0.003106,0.910584,1.073083,50.769740
2.257139,0.058703,-3.198027,-0.217040,0.346415,-0.000590,-0.000030,0.003902,0.884823,1.092036,50.811280
2.247820,0.057199,-3.204617,-0.214657,0.351189,-0.000437,-0.000082,-0.002259,0.848442,1.107296,50.851928
2.239619,0.055829,-3.210986,-0.213184,0.355155,-0.000922,-0.000184,-0.002045,0.829882,1.132907,50.894299
2.231721,0.054515,-3.212721,-0.204137,0.358975,-0.001227,-0.000776,-0.023118,0.796742,1.153010,50.937406
2.224964,0.053311,-3.211292,-0.199553,0.362832,-0.002167,-0.001122,-0.032629,0.775694,1.178645,50.980769
2.218298,0.052083,-3.206497,-0.191433,0.366127,-0.002096,-0.000943,-0.036208,0.751239,1.204140,51.025301
2.213001,0.051686,-3.180442,-0.181933,0.369006,-0.000875,-0.000411,-0.016517,0.728809,1.231432,51.069520
2.210253,0.051951,-3.106141,-0.171986,0.371495,-0.001346,-0.001251,-0.037925,0.704089,1.258638,51.114305
2.208324,0.050286,-3.031595,-0.162478,0.373523,-0.001461,-0.000866,-0.038316,0.686622,1.288607,51.159486
2.207577,0.048756,-2.937389,-0.150378,0.375244,-0.000952,-0.000610,-0.027450,0.670325,1.319977,51.203921
2.208797,0.047303,-2.802158,-0.137742,0.377244,-0.001584,-0.001929,-0.059242,0.657998,1.350380,51.247752
2.210869,0.043707,-2.673713,-0.123259,0.379450,-0.001526,-0.001142,-0.060501,0.645264,1.381914,51.290016
2.214685,0.041851,-2.506861,-0.108841,0.381659,-0.001655,-0.002711,-0.085949,0.633067,1.415648,51.329947
2.219853,0.038132,-2.331864,-0.096868,0.383296,-0.001503,-0.001383,-0.074289,0.623246,1.451128,51.368512
2.226385,0.036026,-2.129984,-0.086844,0.384707,-0.000756,-0.000618,-0.032373,0.606279,1.483788,51.405965
2.234563,0.033532,-1.892127,-0.081899,0.385534,-0.000676,-0.000336,-0.016229,0.594688,1.516805,51.441869
2.243286,0.028773,-1.697412,-0.078560,0.385844,-0.000509,-0.000197,-0.009130,0.582451,1.551370,51.476310
2.252498,0.023614,-1.556110,-0.076731,0.385611,-0.000481,-0.000115,-0.005167,0.572769,1.586633,51.511308
2.261892,0.019150,-1.463865,-0.074955,0.384812,-0.000537,-0.000109,-0.005020,0.564134,1.621304,51.547430
2.271260,0.015996,-1.405041,-0.074154,0.384265,-0.000467,-0.000065,-0.002206,0.557269,1.656934,51.583206
2.280623,0.013939,-1.368879,-0.072513,0.383713,-0.000512,-0.000116,-0.005281,0.548525,1.691568,51.619733
2.289885,0.012913,-1.343666,-0.071847,0.383394,-0.000424,-0.000054,-0.001838,0.536797,1.726266,51.655794
2.299102,0.012443,-1.323974,-0.072918,0.383442,-0.000452,0.000034,0.003624,0.525231,1.760930,51.691357
2.308113,0.011951,-1.317758,-0.075667,0.383811,-0.000427,0.000107,0.008469,0.513383,1.795605,51.727775
2.316901,0.011315,-1.332690,-0.080334,0.384559,-0.000429,0.000192,0.014116,0.504017,1.830686,51.763470
2.325379,0.010625,-1.373543,-0.084986,0.385079,-0.000403,0.000388,0.020750,0.495979,1.865068,51.798859
2.333533,0.010560,-1.428082,-0.089279,0.385155,-0.000322,0.000361,0.019190,0.490648,1.902087,51.834376
2.341380,0.010934,-1.494825,-0.092766,0.384526,-0.000406,0.000424,0.019475,0.481539,1.935877,51.870886
2.348709,0.012050,-1.560187,-0.099239,0.383855,-0.000311,0.000268,0.018966,0.475839,1.974065,51.907335
2.355455,0.012680,-1.644440,-0.107429,0.382296,-0.000377,0.000333,0.023252,0.467859,2.008864,51.944004
2.361249,0.013433,-1.746584,-0.118961,0.380482,-0.000106,0.000488,0.031961,0.463404,2.046561,51.980961
2.366122,0.014189,-1.873926,-0.130062,0.377695,-0.000057,0.000408,0.027561,0.456655,2.084231,52.017886
2.369739,0.015505,-2.023655,-0.142451,0.374708,0.000096,0.000457,0.029917,0.451213,2.122639,52.055601
2.372015,0.017702,-2.183161,-0.154650,0.371686,0.000333,0.000653,0.034524,0.444684,2.161627,52.093156
2.372968,0.020988,-2.339619,-0.167208,0.368591,0.000702,0.001429,0.049051,0.443963,2.198094,52.131484
2.372609,0.025585,-2.479203,-0.176336,0.365438,0.001770,0.002414,0.081512,0.442892,2.236316,52.169250
2.371857,0.031405,-2.568975,-0.186036,0.362250,0.001234,0.001068,0.060692,0.443759,2.271677,52.206090
2.368997,0.034551,-2.674302,-0.195360,0.359275,0.000464,0.000739,0.026630,0.446372,2.306577,52.242272
2.363999,0.037705,-2.806064,-0.201541,0.357057,0.001229,0.001258,0.042689,0.454175,2.342973,52.277108
2.358766,0.042746,-2.895908,-0.205610,0.355654,0.001023,0.000710,0.035145,0.462616,2.379405,52.311787
2.352510,0.047099,-2.968999,-0.209782,0.355039,-0.000029,0.000230,0.010460,0.469646,2.413687,52.346948
2.344521,0.050676,-3.048721,-0.211336,0.355488,-0.000223,0.000074,0.007657,0.476540,2.445986,52.381626
2.336075,0.054440,-3.106829,-0.211470,0.357522,-0.000407,-0.000047,0.000904,0.485411,2.481638,52.415330
2.327482,0.057892,-3.149264,-0.212897,0.360158,-0.000480,-0.000045,0.001867,0.494655,2.514179,52.450721
2.318837,0.060741,-3.176156,-0.212116,0.363738,-0.000702,-0.000134,-0.001140,0.516229,2.544417,52.486638
2.310350,0.062826,-3.191162,-0.207689,0.367094,-0.000716,-0.000208,-0.005859,0.526281,2.578085,52.523333
2.302600,0.064357,-3.191262,-0.204428,0.372064,-0.000747,-0.000176,-0.003720,0.551350,2.605833,52.561513
2.295671,0.065157,-3.176537,-0.199838,0.376907,-0.000896,-0.000227,-0.006340,0.566799,2.636333,52.600620
2.289624,0.065114,-3.152488,-0.193147,0.382445,-0.001430,-0.000651,-0.017796,0.588470,2.665141,52.641128
2.284369,0.064132,-3.124505,-0.185129,0.388065,-0.001613,-0.000550,-0.021674,0.612339,2.691168,52.682392
2.280450,0.063183,-3.081627,-0.176116,0.393805,-0.001077,-0.000404,-0.015463,0.640199,2.714592,52.724636
2.278681,0.062165,-3.011491,-0.166022,0.399239,-0.001815,-0.001273,-0.037680,0.665190,2.737478,52.768372
2.277848,0.059696,-2.942447,-0.156345,0.404980,-0.002969,-0.002335,-0.071955,0.695205,2.758603,52.812875
2.277579,0.056309,-2.886883,-0.144971,0.410339,-0.002939,-0.001763,-0.076211,0.726265,2.778650,52.858374
2.279174,0.054837,-2.800212,-0.134727,0.415484,-0.001778,-0.001669,-0.051911,0.756621,2.795641,52.905341
2.283488,0.053358,-2.662369,-0.124033,0.420392,-0.003201,-0.003544,-0.112083,0.789461,2.810181,52.951883
2.287921,0.048922,-2.568043,-0.114078,0.424919,-0.002437,-0.001597,-0.082505,0.821957,2.825612,52.997912
2.294617,0.047855,-2.419093,-0.105549,0.429008,-0.000902,-0.000585,-0.027593,0.857747,2.843155,53.043158
2.303990,0.046384,-2.211690,-0.102032,0.432351,-0.001023,-0.000688,-0.021550,0.891238,2.857593,53.087952
2.313929,0.041397,-2.049117,-0.098912,0.435398,-0.001600,-0.001267,-0.038662,0.923419,2.870161,53.130724
2.323942,0.035331,-1.949295,-0.097331,0.438618,-0.001555,-0.000909,-0.036903,0.958791,2.883295,53.172811
2.334610,0.030965,-1.883956,-0.095966,0.441150,-0.001034,-0.000318,-0.008551,0.990528,2.894247,53.213863
2.346190,0.028574,-1.814165,-0.096128,0.443900,-0.001056,-0.000258,-0.006518,1.026840,2.904381,53.249792
2.357930,0.026300,-1.776006,-0.096407,0.446175,-0.000752,-0.000081,-0.002309,1.065728,2.916585,53.285525
2.370081,0.024904,-1.756296,-0.096439,0.447929,-0.000595,-0.000038,0.000482,1.100582,2.928807,53.323946
2.382413,0.024286,-1.746488,-0.096671,0.449636,-0.000544,0.000013,0.001808,1.140075,2.940454,53.362230
2.394759,0.024245,-1.744391,-0.097531,0.450823,-0.000862,0.000163,0.007803,1.173608,2.949443,53.401026
2.406636,0.024635,-1.745689,-0.097164,0.452291,-0.000641,0.000000,0.002627,1.212869,2.960680,53.439034
2.418679,0.025232,-1.751057,-0.097613,0.453466,-0.000560,-0.000018,0.001671,1.248496,2.970740,53.477148
2.430625,0.026017,-1.759947,-0.096583,0.454826,-0.000604,-0.000080,-0.002553,1.287611,2.980617,53.515910
2.442534,0.027234,-1.763986,-0.095950,0.456027,-0.000594,-0.000065,-0.001447,1.325445,2.989824,53.554619
2.454332,0.028549,-1.761566,-0.094666,0.457044,-0.000657,-0.000128,-0.004489,1.363602,2.996593,53.594027
2.465986,0.029808,-1.754571,-0.091862,0.457947,-0.000577,-0.000160,-0.008246,1.403372,3.005086,53.632858
2.477754,0.031255,-1.734923,-0.088572,0.458599,-0.000736,-0.000189,-0.009687,1.440388,3.014275,53.673318
2.489387,0.032585,-1.701023,-0.086882,0.459558,-0.000643,-0.000139,-0.005796,1.479654,3.021121,53.713184
2.501081,0.033252,-1.663933,-0.084533,0.460441,-0.000703,-0.000446,-0.014191,1.522047,3.023897,53.752373
2.512738,0.033269,-1.633408,-0.081572,0.460879,-0.000712,-0.000280,-0.016715,1.561154,3.028292,53.794164
2.524419,0.033706,-1.597628,-0.075327,0.461139,-0.000737,-0.000413,-0.023298,1.601821,3.033181,53.835705
2.536269,0.034592,-1.537541,-0.070770,0.461239,-0.000601,-0.000240,-0.014767,1.642745,3.036517,53.876720
2.548323,0.035048,-1.457976,-0.065550,0.461104,-0.000590,-0.000264,-0.017219,1.684286,3.039234,53.918496
2.560478,0.034734,-1.372313,-0.059987,0.460662,-0.000610,-0.000282,-0.018639,1.725126,3.042391,53.960228
2.572688,0.033963,-1.279832,-0.055345,0.460095,-0.000551,-0.000237,-0.016165,1.767249,3.044647,54.002094
2.584989,0.032657,-1.186518,-0.051086,0.459348,-0.000517,-0.000211,-0.014587,1.810448,3.046943,54.044512
2.597288,0.030974,-1.097346,-0.049310,0.458635,-0.000545,-0.000107,-0.006170,1.850617,3.047759,54.088005
2.609435,0.028736,-1.024214,-0.045976,0.457911,-0.000529,-0.000172,-0.012003,1.893237,3.048190,54.130560
2.621529,0.026801,-0.963416,-0.043868,0.456962,-0.000499,-0.000119,-0.007576,1.934523,3.050332,54.172960
2.633479,0.025158,-0.909303,-0.042082,0.455979,-0.000477,-0.000106,-0.006610,1.975921,3.049481,54.216063
2.645256,0.023693,-0.864777,-0.037355,0.454920,-0.000563,-0.000232,-0.017506,2.018050,3.049406,54.258133
2.656834,0.023054,-0.813022,-0.035580,0.453823,-0.000627,-0.000096,-0.006467,2.057012,3.053475,54.299910
2.668112,0.022207,-0.758032,-0.036565,0.452555,-0.000328,0.000035,0.003895,2.101606,3.053256,54.341330
2.679357,0.020535,-0.725171,-0.035596,0.450654,-0.000415,-0.000052,-0.003520,2.144890,3.053265,54.383872
2.690188,0.019241,-0.708328,-0.034656,0.447664,-0.000417,-0.000059,-0.003584,2.186403,3.051835,54.427860
2.700561,0.018589,-0.693350,-0.032072,0.443873,-0.000180,-0.000525,-0.019453,2.230393,3.051292,54.471106
2.710685,0.018179,-0.680231,-0.029947,0.438641,-0.000145,-0.000235,-0.018759,2.272876,3.049968,54.514456
2.720188,0.018572,-0.655020,-0.027668,0.433072,-0.000400,-0.000118,-0.008969,2.312831,3.052473,54.558383
2.728763,0.018873,-0.610604,-0.027654,0.427331,0.000085,-0.000004,0.000070,2.357916,3.050273,54.600686
2.737087,0.018098,-0.574806,-0.027308,0.420815,0.000019,-0.000019,-0.001273,2.399065,3.052463,54.643709
2.744555,0.016974,-0.553380,-0.028269,0.413644,-0.000049,0.000038,0.003808,2.444883,3.049866,54.686959
2.751082,0.015824,-0.545876,-0.026432,0.405712,-0.000332,-0.000082,-0.006885,2.484504,3.051334,54.730805
2.756458,0.015456,-0.538554,-0.025476,0.397898,-0.000220,-0.000046,-0.003606,2.526509,3.049668,54.774132
2.761081,0.015403,-0.523536,-0.022704,0.388214,-0.000211,-0.000109,-0.010221,2.567791,3.051060,54.814771
2.764704,0.015590,-0.497521,-0.022111,0.378214,-0.000011,-0.000020,-0.002087,2.612644,3.050741,54.856224
2.767460,0.015248,-0.468442,-0.021232,0.368214,-0.000075,-0.000036,-0.003136,2.656216,3.047916,54.899588
2.769112,0.014524,-0.445017,-0.017341,0.358214,-0.000107,-0.000135,-0.013759,2.700040,3.046543,54.943899
2.769766,0.014351,-0.408940,-0.013550,0.348214,-0.000144,-0.000149,-0.014287,2.742436,3.045527,54.987252
2.769421,0.014158,-0.354963,-0.010646,0.338214,-0.000004,-0.000180,-0.013395,2.785612,3.044337,55.029973
2.768254,0.013262,-0.296504,-0.008206,0.328214,-0.000122,-0.000105,-0.009348,2.827897,3.042066,55.073183
2.766017,0.011921,-0.237374,-0.005120,0.318214,0.000049,-0.000196,-0.014548,2.871591,3.036341,55.116127
2.763013,0.010337,-0.182069,0.000753,0.308214,0.000223,-0.001210,-0.046706,2.912003,3.035923,55.158752
2.759253,0.008467,-0.131971,0.005118,0.298214,0.000339,-0.000395,-0.038416,2.953873,3.035407,55.200497
2.754669,0.008097,-0.058399,0.008736,0.288214,0.000275,-0.000728,-0.028217,2.994756,3.034342,55.241503
2.749079,0.006505,0.026921,0.011417,0.278214,0.000475,-0.000399,-0.028779,3.034951,3.032309,55.282159
2.742758,0.004514,0.098106,0.014425,0.268789,-0.000188,-0.000126,-0.011599,3.075433,3.030459,55.321863
2.734902,0.002746,0.180610,0.016020,0.260515,-0.000306,-0.000052,-0.005568,3.115374,3.027649,55.361528
2.726201,0.000294,0.246595,0.017239,0.253273,-0.000366,-0.000038,-0.004301,3.154970,3.025266,55.401641
2.716833,-0.002166,0.293394,0.018181,0.246203,-0.000346,-0.000027,-0.003512,3.194433,3.024761,55.441634
2.706903,-0.004188,0.325798,0.016846,0.239873,-0.000430,0.000059,0.004598,3.233551,3.024349,55.480492
2.696408,-0.006079,0.337825,0.013650,0.233970,-0.000635,0.000123,0.010730,3.269309,3.024455,55.518884
2.685333,-0.007834,0.319723,0.010386,0.228377,-0.000578,0.000129,0.011084,3.305578,3.024613,55.555221
2.673968,-0.008852,0.277592,0.005532,0.222898,-0.000595,0.000193,0.016750,3.341896,3.024313,55.590495
2.662265,-0.009268,0.213927,-0.000227,0.217547,-0.000610,0.000223,0.019669,3.377546,3.023658,55.626067
2.650229,-0.009159,0.127968,-0.006995,0.211934,-0.000543,0.000275,0.024193,3.413093,3.022670,55.661171
2.637894,-0.008529,0.022807,-0.014297,0.205826,-0.000615,0.000295,0.024915,3.447532,3.023675,55.695982
2.625059,-0.007423,-0.100488,-0.022990,0.199417,-0.000490,0.000338,0.030023,3.482345,3.023421,55.730297
2.611795,-0.006033,-0.240771,-0.031942,0.192826,-0.000523,0.000337,0.029233,3.516919,3.024414,55.764482
2.597869,-0.004288,-0.397335,-0.041989,0.186371,-0.000575,0.000390,0.033370,3.549168,3.024040,55.798366
2.583179,-0.002264,-0.565557,-0.051772,0.179975,-0.000537,0.000379,0.032679,3.581298,3.024420,55.830530
2.567724,0.000107,-0.741103,-0.063079,0.174478,-0.000706,0.000482,0.037144,3.610683,3.025078,55.861355
2.551353,0.002509,-0.923857,-0.073689,0.170013,-0.000660,0.000475,0.036949,3.639193,3.024811,55.891187
2.534175,0.005173,-1.108921,-0.082339,0.166053,-0.000884,0.000318,0.026829,3.665868,3.023157,55.919204
2.516126,0.008231,-1.286630,-0.090045,0.163142,-0.000692,0.000293,0.023769,3.697541,3.022302,55.946055
2.497698,0.011634,-1.444165,-0.099436,0.160878,-0.000774,0.000308,0.027053,3.726109,3.020595,55.973751
2.478490,0.014473,-1.592714,-0.108276,0.159519,-0.000957,0.000294,0.024378,3.753350,3.018565,56.002315
2.458587,0.016925,-1.736330,-0.116426,0.159204,-0.001035,0.000243,0.021873,3.779600,3.016056,56.029138
2.438155,0.019202,-1.871799,-0.124402,0.160230,-0.000979,0.000219,0.020798,3.806629,3.012592,56.054307
2.417480,0.021275,-1.998271,-0.132256,0.162298,-0.000941,0.001110,0.041673,3.832098,3.008026,56.079863
2.396655,0.023997,-2.095187,-0.139818,0.165638,-0.001011,0.000410,0.033894,3.857702,3.003060,56.105444
2.375703,0.024847,-2.196860,-0.146775,0.170066,-0.001236,0.000202,0.018658,3.881276,2.998390,56.130132
2.354636,0.025437,-2.308840,-0.153017,0.175581,-0.001223,0.000100,0.013553,3.906227,2.992631,56.154873
2.333916,0.026339,-2.413392,-0.158572,0.182053,-0.001414,0.000223,0.017152,3.929001,2.986355,56.179819
2.313488,0.027576,-2.499818,-0.163385,0.189422,-0.001496,0.000125,0.013665,3.949655,2.977534,56.205301
2.293531,0.028469,-2.576894,-0.165884,0.198078,-0.001563,0.000026,0.008273,3.973443,2.970181,56.230060
2.274427,0.029279,-2.639810,-0.169156,0.207048,-0.001620,-0.000031,0.007993,3.992176,2.959483,56.255362
2.256203,0.029671,-2.691405,-0.171092,0.216743,-0.001710,-0.000039,0.006465,4.012192,2.949933,56.281109
2.238945,0.029821,-2.731882,-0.172330,0.226743,-0.002219,-0.000008,0.006425,4.029794,2.940422,56.305686
2.222420,0.029738,-2.760618,-0.172409,0.236743,-0.002167,-0.000131,0.003966,4.048295,2.929208,56.330129
2.207241,0.029273,-2.779343,-0.171906,0.246743,-0.002239,-0.000244,-0.000963,4.064804,2.916081,56.355256
2.193336,0.028510,-2.791982,-0.170496,0.256743,-0.002937,-0.000369,-0.004821,4.081640,2.904970,56.381229
2.180219,0.027626,-2.796018,-0.170037,0.266743,-0.002095,-0.000222,-0.000825,4.099851,2.892259,56.406925
2.169281,0.026656,-2.790692,-0.169916,0.276743,-0.002119,-0.000205,0.000018,4.117041,2.878751,56.433301
2.159641,0.025383,-2.784310,-0.169429,0.286743,-0.002056,-0.000225,-0.001116,4.134070,2.863841,56.461229
2.151380,0.024014,-2.778397,-0.167965,0.296743,-0.002230,-0.000267,-0.003271,4.151485,2.849282,56.490865
2.144353,0.022821,-2.769859,-0.167493,0.306743,-0.001552,-0.000165,0.000264,4.167827,2.836324,56.521511
2.139282,0.021750,-2.758450,-0.167110,0.316743,-0.002012,-0.000205,-0.000822,4.183916,2.819647,56.550774
2.134971,0.020649,-2.750487,-0.165533,0.326743,-0.002093,-0.000244,-0.002746,4.199738,2.804511,56.580346
2.131903,0.019850,-2.740300,-0.164534,0.336743,-0.001995,-0.000287,-0.003896,4.218706,2.787449,56.611072
2.130159,0.019153,-2.730353,-0.164262,0.346743,-0.002340,-0.000260,-0.002909,4.234403,2.768579,56.642563
2.129202,0.018557,-2.722236,-0.162489,0.356741,-0.001834,-0.000298,-0.005030,4.247016,2.748056,56.675361
2.129995,0.018276,-2.711075,-0.159161,0.366467,-0.002111,-0.000604,-0.014214,4.261865,2.729215,56.708677
2.131811,0.018192,-2.696846,-0.155714,0.376059,-0.002865,-0.000753,-0.022204,4.275881,2.712256,56.742011
2.134140,0.018396,-2.678320,-0.153057,0.385198,-0.001549,-0.000349,-0.008869,4.291163,2.689881,56.773484
2.138907,0.019116,-2.639134,-0.148605,0.393616,-0.001925,-0.000537,-0.015192,4.303777,2.670785,56.805318
2.144431,0.019522,-2.595823,-0.145212,0.401731,-0.001558,-0.000423,-0.012100,4.318088,2.648329,56.836557
2.151333,0.019837,-2.546638,-0.140527,0.409025,-0.001900,-0.000947,-0.025902,4.331357,2.623939,56.866470
2.158912,0.019647,-2.503399,-0.135002,0.414977,-0.001902,-0.000627,-0.025409,4.343455,2.598535,56.897310
2.167436,0.020368,-2.445267,-0.130509,0.419980,-0.001182,-0.000332,-0.011847,4.358043,2.574641,56.927094
2.177370,0.021081,-2.368805,-0.126677,0.424025,-0.001148,-0.000320,-0.010946,4.368824,2.548978,56.955146
2.187880,0.021054,-2.297221,-0.121477,0.427181,-0.001078,-0.000315,-0.012468,4.380882,2.522655,56.982914
2.199010,0.021043,-2.223900,-0.117109,0.429459,-0.001112,-0.000317,-0.011839,4.388919,2.496193,57.011524
2.210492,0.020867,-2.152257,-0.111800,0.430906,-0.001001,-0.000385,-0.016016,4.398150,2.467150,57.040193
2.222454,0.020785,-2.080286,-0.106519,0.431191,-0.000887,-0.000300,-0.013586,4.413218,2.439049,57.069496
2.234749,0.020917,-2.001087,-0.105214,0.430457,-0.000733,-0.000121,-0.003091,4.422466,2.410302,57.099664
2.247016,0.020283,-1.935699,-0.102358,0.429613,-0.000751,-0.000200,-0.007887,4.430772,2.379471,57.130067
2.259206,0.019623,-1.884884,-0.098863,0.428282,-0.000785,-0.000215,-0.009100,4.438489,2.349718,57.161412
2.271281,0.019443,-1.834937,-0.095019,0.426745,-0.000857,-0.000237,-0.010377,4.444541,2.320730,57.192898
2.283196,0.019569,-1.781956,-0.090598,0.424992,-0.000773,-0.000241,-0.011627,4.452115,2.290413,57.223918
2.295094,0.019905,-1.722082,-0.086542,0.422910,-0.000757,-0.000252,-0.011949,4.460558,2.260635,57.255588
2.306842,0.020103,-1.658910,-0.083108,0.420275,-0.000721,-0.000223,-0.010253,4.464716,2.229564,57.287003
2.318366,0.020056,-1.596141,-0.078352,0.416419,-0.000597,-0.000325,-0.016313,4.470161,2.196255,57.318435
2.329712,0.020044,-1.531590,-0.073614,0.412437,-0.000651,-0.001042,-0.033452,4.468894,2.164473,57.351364
2.340680,0.019382,-1.476579,-0.065878,0.408038,-0.000501,-0.000583,-0.037248,4.479187,2.131479,57.384665
2.351591,0.020467,-1.391070,-0.061408,0.403072,-0.000528,-0.000234,-0.013362,4.479630,2.095891,57.418092
2.361985,0.020852,-1.281644,-0.056160,0.397905,-0.000536,-0.000284,-0.016701,4.485099,2.062379,57.453215
2.371919,0.020168,-1.179881,-0.052535,0.392311,-0.000474,-0.000182,-0.010661,4.492722,2.029486,57.488565
2.381368,0.018923,-1.087680,-0.050580,0.386565,-0.000342,-0.000100,-0.005727,4.500526,1.993769,57.522615
2.390337,0.017201,-1.016448,-0.049850,0.380439,-0.000356,-0.000052,-0.002080,4.506898,1.959473,57.557573
2.398595,0.015371,-0.969500,-0.049020,0.374201,-0.000382,-0.000061,-0.002625,4.519027,1.927967,57.592992
2.406126,0.013945,-0.940181,-0.050183,0.367911,-0.000314,0.000043,0.004184,4.527436,1.894125,57.626526
2.412945,0.012689,-0.929151,-0.051811,0.361942,-0.000262,0.000080,0.006275,4.531302,1.858910,57.659515
2.419048,0.011697,-0.936814,-0.051078,0.355414,-0.000326,-0.000056,-0.002522,4.540035,1.824651,57.694108
2.424364,0.011571,-0.946578,-0.053279,0.349651,-0.000234,0.000120,0.008732,4.541431,1.788674,57.729365
2.429002,0.011488,-0.959645,-0.051851,0.343346,-0.000474,-0.000089,-0.004630,4.548144,1.755584,57.764795
2.432734,0.011938,-0.969793,-0.053761,0.337989,-0.000305,0.000067,0.006332,4.548191,1.718382,57.799317
2.435934,0.012138,-0.979840,-0.053020,0.332110,-0.000504,-0.000056,-0.002153,4.556293,1.686034,57.834401
2.438302,0.012550,-0.988258,-0.055290,0.327181,-0.000388,0.000079,0.007534,4.549548,1.649058,57.869933
2.440134,0.012570,-1.001310,-0.053357,0.321025,-0.000644,-0.000523,-0.012270,4.552753,1.624687,57.904879
2.441130,0.012734,-1.013381,-0.054856,0.315925,0.000379,-0.000108,-0.003236,4.554807,1.590294,57.935551
2.442540,0.013151,-1.023302,-0.057820,0.311368,0.001015,0.000571,0.020393,4.557617,1.555544,57.965106
2.443953,0.013578,-1.028632,-0.062214,0.307000,0.001650,0.001573,0.054935,4.559167,1.520005,57.999464
2.445315,0.013920,-1.031171,-0.069222,0.303284,0.002370,0.003124,0.109019,4.561441,1.485248,58.034511
2.446629,0.014154,-1.032291,-0.078129,0.299832,0.003028,0.005036,0.175703,4.567523,1.454761,58.069474
2.447717,0.014310,-1.032643,-0.090465,0.297679,0.004237,0.007558,0.262457,4.572350,1.421655,58.102341
2.449002,0.014409,-1.032894,-0.103817,0.296104,0.005138,0.010090,0.348688,4.570897,1.390055,58.134262
2.450069,0.014464,-1.034667,-0.116805,0.294406,0.005266,0.007896,0.331310,4.571225,1.343690,58.166649
2.450095,0.010066,-1.130797,-0.134000,0.293049,0.001448,0.002795,0.143299,4.572662,1.317392,58.204215
2.444918,0.002141,-1.483232,-0.144692,0.291528,0.000486,0.001374,0.067334,4.576111,1.286726,58.239980
2.438120,0.002600,-1.855904,-0.152567,0.290449,-0.001648,0.002914,-0.002127,4.575112,1.250538,58.269126
2.428492,0.011125,-2.200522,-0.157160,0.288593,0.002232,-0.000177,0.086218,4.571045,1.224149,58.301033
2.421866,0.019300,-2.337351,-0.160383,0.286730,-0.000020,0.000137,0.018786,4.569237,1.191935,58.330791
2.412166,0.026571,-2.491616,-0.164821,0.284685,-0.001842,0.002036,0.016214,4.561781,1.149795,58.358929
2.399746,0.035307,-2.601681,-0.170317,0.281530,-0.000397,0.000821,0.023615,4.555559,1.108804,58.393494
2.385809,0.041340,-2.684083,-0.176406,0.278417,0.003312,0.000223,0.044711,4.547117,1.095796,58.431854
2.378326,0.043793,-2.708945,-0.180500,0.275765,0.001055,0.001562,0.051958,4.538296,1.068471,58.459417
2.365980,0.046838,-2.737741,-0.185328,0.272844,0.000149,0.002517,0.076549,4.525824,1.027915,58.480542
2.352014,0.049155,-2.741609,-0.191702,0.268958,0.005497,0.002674,0.090304,4.520588,1.002022,58.512500
2.342545,0.049321,-2.742911,-0.201092,0.265902,0.001616,0.003514,0.113356,4.507330,0.969089,58.546206
2.328212,0.048835,-2.745174,-0.208229,0.262868,0.005234,0.004221,0.136990,4.487409,0.942562,58.577865
2.316840,0.047771,-2.739682,-0.216070,0.258828,0.004323,0.002717,0.111805,4.475559,0.916403,58.612607
2.303691,0.044101,-2.779531,-0.222921,0.255677,0.000252,0.000359,0.014371,4.462231,0.890373,58.645341
2.285919,0.039119,-2.928138,-0.223780,0.254997,-0.000076,0.000085,0.008429,4.445778,0.864878,58.676698
2.268143,0.038303,-3.055766,-0.224571,0.254909,-0.000598,-0.000088,0.000815,4.423890,0.843340,58.709062
2.250004,0.039653,-3.159319,-0.223676,0.254739,-0.000671,-0.000163,-0.001947,4.402073,0.822174,58.742688
2.231989,0.041959,-3.231483,-0.221357,0.254525,-0.000630,-0.000181,-0.003034,4.383033,0.802814,58.777735
2.214299,0.044245,-3.273093,-0.218482,0.254228,-0.000721,-0.000176,-0.003142,4.363758,0.782955,58.812117
2.196896,0.045808,-3.289148,-0.214760,0.253763,-0.000648,-0.000200,-0.003781,4.342371,0.767785,58.845693
2.180051,0.046279,-3.285105,-0.211523,0.252283,-0.000581,-0.000191,-0.003817,4.320939,0.750856,58.879351
2.163712,0.045528,-3.267918,-0.208697,0.250371,-0.000545,-0.000178,-0.003316,4.297792,0.735796,58.913198
2.147856,0.043645,-3.243092,-0.206914,0.247721,-0.000477,-0.000148,-0.001995,4.271746,0.724249,58.948420
2.132405,0.040802,-3.216475,-0.206288,0.244207,-0.000467,-0.000130,-0.000594,4.248858,0.713108,58.984978
2.117170,0.037240,-3.193746,-0.205265,0.240929,-0.000418,-0.000120,-0.001035,4.223936,0.704015,59.021209
2.102289,0.033427,-3.175965,-0.205857,0.237339,-0.000402,-0.000083,0.001270,4.198670,0.696418,59.057054
2.087547,0.029518,-3.165069,-0.207482,0.234174,-0.000276,-0.000020,0.002910,4.171892,0.689585,59.093640
2.072993,0.025687,-3.163817,-0.210642,0.231029,-0.000433,0.000007,0.005605,4.149287,0.687456,59.131439
2.058188,0.021976,-3.173776,-0.213904,0.229135,-0.000254,0.000032,0.005164,4.121715,0.683623,59.168656
2.043578,0.018594,-3.195157,-0.217195,0.227883,-0.000357,0.000036,0.005744,4.095317,0.681542,59.206326
2.028915,0.015665,-3.223266,-0.222164,0.227156,-0.000522,0.000088,0.008879,4.074457,0.686447,59.245708
2.014013,0.013022,-3.257897,-0.226624,0.227497,-0.000147,0.000155,0.008638,4.044666,0.685523,59.282938
1.999533,0.010737,-3.298110,-0.231053,0.227067,-0.000020,0.000363,0.013021,4.015975,0.686461,59.321535
1.985152,0.008947,-3.336588,-0.236792,0.226104,0.000076,0.000323,0.016097,3.988438,0.689852,59.363645
1.970592,0.007028,-3.377613,-0.243936,0.224424,-0.000106,0.000177,0.010419,3.962639,0.694114,59.405540
1.955405,0.004829,-3.432637,-0.249716,0.222802,0.000043,0.000454,0.016297,3.940774,0.703151,59.446466
1.940094,0.003247,-3.482375,-0.254596,0.221865,0.000774,0.000773,0.025036,3.914658,0.708281,59.485577
1.925274,0.002024,-3.521543,-0.258785,0.221029,0.000378,0.000455,0.019956,3.889194,0.713914,59.523192
1.910019,0.000267,-3.563582,-0.262584,0.220401,-0.000178,0.000115,0.006792,3.865701,0.721652,59.560310
1.894170,-0.001798,-3.616195,-0.264849,0.220647,-0.000211,0.000116,0.005863,3.843036,0.730708,59.596167
1.878541,-0.003433,-3.661025,-0.266190,0.221516,-0.000205,0.000246,0.009347,3.820951,0.740761,59.630997
1.863311,-0.004746,-3.692376,-0.266303,0.223540,-0.000419,0.000253,0.010107,3.800892,0.753294,59.664822
1.848451,-0.006114,-3.712833,-0.265148,0.226496,-0.000652,0.000150,0.006934,3.778381,0.768971,59.697876
1.834175,-0.007684,-3.725992,-0.262504,0.229393,-0.001348,-0.000106,0.001441,3.761397,0.788733,59.732338
1.820160,-0.009461,-3.732308,-0.258531,0.232915,-0.001946,-0.000433,-0.007493,3.746853,0.800723,59.768266
1.806712,-0.011362,-3.732924,-0.253925,0.238455,-0.002808,-0.000975,-0.022657,3.727174,0.818978,59.801222
1.793852,-0.013474,-3.732894,-0.247688,0.244274,-0.004400,-0.001914,-0.047245,3.712179,0.838520,59.832065
1.781046,-0.015794,-3.735145,-0.239383,0.250642,-0.005380,-0.002768,-0.070473,3.697160,0.857259,59.864682
1.769200,-0.017703,-3.727358,-0.230556,0.258097,-0.004776,-0.002144,-0.067166,3.683952,0.875507,59.896527
1.760004,-0.017770,-3.679532,-0.220493,0.266563,-0.002375,-0.001592,-0.040032,3.674173,0.895648,59.925956
1.755243,-0.017060,-3.570100,-0.209247,0.275173,-0.004586,-0.003701,-0.098882,3.664010,0.915836,59.954338
1.750206,-0.018996,-3.498101,-0.197157,0.283674,-0.003557,-0.002029,-0.072625,3.652745,0.936842,59.981553
1.748425,-0.017535,-3.361313,-0.185746,0.291573,-0.002063,-0.000949,-0.030359,3.645592,0.954838,60.006403
1.749809,-0.015771,-3.165380,-0.175367,0.299263,-0.002645,-0.002258,-0.059724,3.636439,0.974969,60.028404
1.751995,-0.017063,-3.012143,-0.164799,0.306566,-0.002493,-0.001444,-0.053531,3.627476,0.995692,60.049837
1.755902,-0.016732,-2.852526,-0.154205,0.313323,-0.002078,-0.002159,-0.059476,3.613672,1.018937,60.072278
1.761546,-0.017030,-2.699240,-0.144901,0.318842,-0.003220,-0.003996,-0.113123,3.605164,1.043105,60.095803
1.767123,-0.018719,-2.607225,-0.133018,0.323896,-0.005197,-0.007192,-0.206303,3.598719,1.065503,60.121585
1.772037,-0.020799,-2.572137,-0.120320,0.328313,-0.003448,-0.003031,-0.127745,3.589889,1.087274,60.147123
1.779998,-0.014624,-2.387684,-0.108970,0.332095,-0.001653,-0.001292,-0.047235,3.584251,1.110546,60.170858
1.790214,-0.009709,-2.118665,-0.098511,0.334608,-0.001760,-0.002690,-0.076988,3.578567,1.134260,60.194697
1.800585,-0.009651,-1.923791,-0.087784,0.335889,-0.001374,-0.001639,-0.070767,3.569883,1.157996,60.219128
1.811740,-0.007927,-1.737358,-0.076297,0.336203,-0.001166,-0.001172,-0.049456,3.562820,1.181711,60.244182
1.823451,-0.005789,-1.529664,-0.064641,0.335430,-0.000684,-0.000849,-0.035038,3.557419,1.206092,60.269292
1.835368,-0.003793,-1.321851,-0.052447,0.334046,-0.001023,-0.003171,-0.095150,3.554951,1.230108,60.294356
1.847078,-0.004346,-1.176759,-0.038742,0.332223,-0.001099,-0.006587,-0.198197,3.549213,1.252995,60.319478
1.858642,-0.005748,-1.099929,-0.024914,0.330856,-0.001145,-0.010398,-0.315824,3.547293,1.278036,60.344158
1.870057,-0.007020,-1.070896,-0.008500,0.329795,-0.001072,-0.014799,-0.451620,3.541079,1.302797,60.369035
1.881323,-0.007616,-1.061918,0.008133,0.328783,-0.000693,-0.019234,-0.588826,3.535636,1.329684,60.394786
1.892520,-0.007786,-1.062940,0.026578,0.328236,-0.000187,-0.023884,-0.730808,3.529269,1.355222,60.421472
1.903502,-0.007594,-1.064521,0.046567,0.329160,-0.000128,-0.010536,-0.455127,3.524116,1.380744,60.448405
1.913699,0.010904,-0.641939,0.065635,0.331976,-0.000061,-0.004544,-0.137265,3.516797,1.405985,60.475363
1.923523,0.023457,0.073887,0.079875,0.336436,0.000131,-0.008239,-0.252944,3.509853,1.431996,60.501617
1.933890,0.019637,0.462282,0.092061,0.342355,-0.000269,-0.003024,-0.145363,3.498433,1.456207,60.528429
1.943880,0.021929,0.850884,0.102457,0.349690,-0.000517,-0.000653,-0.031451,3.488882,1.481311,60.556983
1.953994,0.022986,1.248446,0.109226,0.358159,-0.000863,-0.000584,-0.025963,3.471288,1.504319,60.585888
1.964438,0.020082,1.517050,0.116832,0.367736,-0.000862,-0.001503,-0.047813,3.459616,1.530620,60.615877
1.975327,0.016118,1.689191,0.123846,0.377477,-0.001040,-0.000917,-0.046416,3.445616,1.553692,60.648375
1.986339,0.014065,1.826997,0.127827,0.387477,-0.001000,-0.000208,-0.012429,3.431190,1.577855,60.682088
1.997949,0.012506,1.963265,0.132093,0.397477,-0.000872,-0.000224,-0.012772,3.414084,1.602002,60.716306
2.010234,0.010325,2.068673,0.135495,0.407477,-0.000959,-0.000153,-0.010494,3.395803,1.625427,60.752246
2.022961,0.008076,2.153110,0.137590,0.417477,-0.001273,-0.000084,-0.007500,3.381289,1.648369,60.789818
2.035943,0.005718,2.218363,0.140206,0.427477,-0.001415,-0.000395,-0.015210,3.361330,1.670793,60.827274
2.049305,0.003226,2.265263,0.141936,0.436833,-0.001541,-0.000161,-0.012971,3.342956,1.693262,60.865237
2.063030,0.001254,2.305738,0.142967,0.445248,-0.001142,0.000021,-0.003455,3.323914,1.714968,60.904304
2.077598,-0.000632,2.346694,0.143375,0.452463,-0.001092,0.000062,-0.001705,3.302064,1.735437,60.942762
2.092588,-0.002837,2.377160,0.142455,0.458608,-0.001036,0.000130,0.002131,3.279425,1.755322,60.981784
2.107969,-0.005293,2.395101,0.140211,0.464121,-0.000991,0.000188,0.005441,3.256154,1.774812,61.021825
2.123743,-0.007951,2.396684,0.137193,0.468585,-0.001031,0.000238,0.007648,3.231830,1.793816,61.061763
2.139759,-0.010590,2.382061,0.134632,0.471599,-0.000803,0.000198,0.006500,3.205628,1.811848,61.101178
2.156077,-0.012920,2.356682,0.131554,0.472427,-0.001010,0.000596,0.016387,3.178612,1.827580,61.140386
2.172139,-0.014555,2.332769,0.128492,0.471352,-0.000734,0.000373,0.016591,3.148867,1.843263,61.179814
2.188222,-0.016465,2.301131,0.124669,0.467477,-0.000487,0.000251,0.010430,3.120270,1.858327,61.219265
2.204073,-0.018383,2.252683,0.120787,0.459107,-0.000249,0.000240,0.010787,3.088878,1.872018,61.257329
2.219230,-0.019816,2.199213,0.117428,0.449107,-0.000125,0.000210,0.009511,3.057588,1.884700,61.292992
2.233411,-0.020762,2.144508,0.113881,0.439107,-0.000275,0.000216,0.009648,3.025972,1.894878,61.328062
2.246395,-0.021379,2.089457,0.111845,0.429107,0.000068,0.000163,0.007070,2.992861,1.905116,61.362678
2.258595,-0.021515,2.041348,0.109726,0.419107,-0.000074,0.000133,0.005754,2.959568,1.917922,61.397320
2.269574,-0.021509,1.998773,0.112871,0.409107,0.000099,-0.000124,-0.008878,2.925703,1.928670,61.432670
2.279290,-0.020674,1.980609,0.120611,0.399107,0.000388,-0.000460,-0.024851,2.890590,1.933427,61.468566
2.287546,-0.019129,2.005565,0.128442,0.389107,0.000439,-0.000358,-0.020865,2.853448,1.938889,61.505124
2.294122,-0.017711,2.076958,0.137577,0.379107,0.000303,-0.000390,-0.023648,2.817112,1.943848,61.542453
2.298722,-0.017272,2.176002,0.150328,0.369107,0.000467,-0.000531,-0.030361,2.781459,1.948481,61.579758
2.301289,-0.017505,2.302343,0.164216,0.359107,0.000566,-0.000565,-0.031418,2.745073,1.950771,61.616204
2.301611,-0.018553,2.450601,0.178088,0.349107,0.000633,-0.000510,-0.027848,2.708691,1.951751,61.653022
2.299608,-0.020618,2.610221,0.189866,0.339107,0.000635,-0.000476,-0.023550,2.673701,1.950237,61.690429
2.295350,-0.023950,2.763356,0.198211,0.329107,0.000498,-0.000247,-0.013360,2.636708,1.947455,61.727513
2.288955,-0.028161,2.900872,0.203508,0.319107,0.000470,-0.000147,-0.008241,2.599417,1.945734,61.765558
2.280783,-0.033027,3.010324,0.206226,0.310531,0.000169,-0.000036,-0.004326,2.564707,1.937330,61.806313
2.270935,-0.037879,3.089825,0.207172,0.303927,0.000260,-0.000039,-0.002198,2.530172,1.927027,61.848274
2.260212,-0.042234,3.141217,0.205275,0.298470,0.000180,0.000060,0.001773,2.495836,1.914920,61.890908
2.248888,-0.045702,3.167010,0.200958,0.295014,-0.000436,0.000205,0.006709,2.463148,1.901127,61.935117
2.236950,-0.048096,3.169211,0.194041,0.293701,-0.000610,0.000295,0.011167,2.429681,1.886343,61.981076
2.225404,-0.049467,3.146052,0.182677,0.293479,-0.000929,0.000508,0.020455,2.399787,1.869432,62.028320
2.214713,-0.049959,3.092497,0.168740,0.295119,-0.001187,0.000666,0.027566,2.372442,1.851297,62.076013
2.205436,-0.049685,2.999972,0.152190,0.298022,-0.001929,0.002256,0.069774,2.344640,1.828184,62.122946
2.197486,-0.047216,2.895525,0.132562,0.300758,-0.001904,0.001418,0.074490,2.319462,1.803144,62.170903
2.191907,-0.046575,2.719941,0.112140,0.303431,-0.001144,0.000986,0.052653,2.296777,1.776845,62.220942
2.189259,-0.045660,2.449917,0.091731,0.305723,-0.000973,0.001003,0.054796,2.275141,1.750217,62.271287
2.188748,-0.042585,2.132585,0.071754,0.307577,-0.000798,0.000943,0.056516,2.253368,1.722803,62.321007
2.190146,-0.038135,1.786148,0.052696,0.310176,-0.001044,0.001021,0.056831,2.233297,1.695994,62.369766
2.192794,-0.033003,1.430038,0.038551,0.314148,-0.000839,0.000732,0.042781,2.213601,1.668600,62.415817
2.196836,-0.027394,1.098481,0.025769,0.318971,-0.000808,0.000693,0.040687,2.193434,1.640790,62.457824
2.201920,-0.022137,0.810300,0.014275,0.324461,-0.000715,0.000657,0.038449,2.174161,1.613248,62.496751
2.207945,-0.017912,0.560057,0.001051,0.331078,-0.000772,0.000764,0.045086,2.155725,1.585823,62.532136
2.214697,-0.015289,0.325286,-0.012770,0.338039,-0.000703,0.000791,0.046733,2.137457,1.558111,62.562683
2.222157,-0.013874,0.087113,-0.027697,0.344784,-0.000644,0.000778,0.048208,2.118919,1.530614,62.590827
2.230108,-0.013187,-0.163362,-0.042798,0.351340,-0.000611,0.000774,0.048154,2.100790,1.503445,62.618882
2.238337,-0.012527,-0.423247,-0.058096,0.358038,-0.000689,0.003657,0.122023,2.082109,1.477693,62.646932
2.246585,-0.008726,-0.614143,-0.073203,0.364953,-0.000595,0.001533,0.094800,2.062511,1.449950,62.675187
2.254799,-0.009553,-0.857320,-0.087347,0.371670,-0.000538,0.000698,0.041781,2.043411,1.422914,62.705471
2.262957,-0.009624,-1.154557,-0.101034,0.378499,-0.000512,0.000632,0.039474,2.022709,1.396087,62.737928
2.270964,-0.007297,-1.425155,-0.112548,0.385149,-0.001228,0.000482,0.032675,2.008788,1.378551,62.771250
2.278023,-0.003686,-1.663971,-0.122890,0.392820,-0.000007,0.000445,0.027002,1.978762,1.342081,62.801503
2.286121,0.000609,-1.871898,-0.132620,0.397969,-0.000725,0.000366,0.025771,1.959594,1.318069,62.836803
2.292976,0.005135,-2.051614,-0.139529,0.403192,-0.000772,0.000251,0.017407,1.937046,1.294053,62.877076
2.299423,0.009980,-2.203715,-0.145305,0.407707,-0.000771,0.000157,0.014191,1.914285,1.270525,62.913660
2.305491,0.014922,-2.327295,-0.149073,0.411507,-0.001390,0.000046,0.010600,1.898097,1.256528,62.950446
2.310613,0.019828,-2.422572,-0.149446,0.415474,-0.000746,-0.000048,0.001492,1.870357,1.232354,62.982506
2.316374,0.024773,-2.488415,-0.148967,0.418047,-0.000785,-0.000080,-0.000319,1.842050,1.210090,63.015363
2.321999,0.029400,-2.524142,-0.148393,0.420763,-0.000820,-0.000082,-0.000631,1.814391,1.188960,63.054535
2.327537,0.033246,-2.538866,-0.147353,0.423149,-0.000821,-0.000108,-0.001594,1.785363,1.168768,63.094310
2.333092,0.036232,-2.539350,-0.146423,0.425494,-0.000068,-0.000029,-0.002021,1.746295,1.140144,63.133814
2.339439,0.038474,-2.531783,-0.145337,0.426681,-0.000978,-0.000160,-0.001683,1.718221,1.125813,63.178286
2.344867,0.039959,-2.518589,-0.144480,0.428400,-0.000808,-0.000132,-0.001444,1.688256,1.111394,63.222084
2.350543,0.040939,-2.503824,-0.141808,0.428680,-0.000682,-0.000179,-0.005514,1.655655,1.096955,63.259828
2.356458,0.041796,-2.483941,-0.138504,0.427729,-0.000711,-0.000202,-0.006787,1.623871,1.084411,63.297474
2.362386,0.042583,-2.454478,-0.134896,0.425779,-0.000594,-0.000207,-0.007929,1.589681,1.072030,63.334834
2.368408,0.043146,-2.416435,-0.132809,0.422531,-0.000538,-0.000165,-0.004973,1.555439,1.062088,63.371401
2.374223,0.043161,-2.376648,-0.132285,0.417530,-0.000219,-0.000069,-0.000914,1.518408,1.050782,63.407833
2.379811,0.042605,-2.343830,-0.133510,0.411124,-0.000373,-0.000034,0.003283,1.485400,1.047768,63.445362
2.384440,0.041554,-2.325920,-0.132661,0.402457,0.000432,-0.000012,-0.002169,1.441060,1.029712,63.481819
2.389036,0.040875,-2.317352,-0.138162,0.392457,-0.000146,0.000136,0.013074,1.408207,1.033110,63.521388
2.391523,0.039775,-2.327298,-0.140848,0.382457,0.000069,0.000048,0.005642,1.371783,1.028031,63.561397
2.392970,0.039023,-2.357640,-0.144017,0.372457,0.000112,0.000079,0.006808,1.335256,1.022324,63.597552
2.393149,0.038996,-2.394706,-0.149026,0.362457,0.000197,0.000138,0.010406,1.298350,1.019097,63.634661
2.391922,0.039262,-2.440832,-0.154725,0.352991,0.000108,0.000141,0.011267,1.263833,1.017864,63.671749
2.389107,0.039738,-2.497406,-0.159441,0.345138,0.000581,0.000525,0.019026,1.228763,1.015615,63.707965
2.385515,0.041079,-2.548497,-0.166298,0.339008,0.000592,0.000317,0.021007,1.192676,1.017786,63.742929
2.380645,0.041917,-2.607728,-0.174259,0.333706,0.000069,0.000190,0.013087,1.155735,1.022274,63.778328
2.373979,0.042623,-2.686045,-0.183209,0.329393,0.000087,0.000199,0.014061,1.119803,1.028635,63.815059
2.366086,0.043766,-2.770572,-0.191925,0.326211,0.000134,0.000215,0.013565,1.083088,1.035500,63.853311
2.357115,0.045395,-2.857041,-0.201012,0.324326,0.000182,0.000250,0.014512,1.047013,1.043377,63.893339
2.347144,0.047401,-2.941474,-0.210383,0.323554,-0.000251,0.000112,0.011802,1.020375,1.054367,63.934553
2.335790,0.049435,-3.025682,-0.212369,0.324679,0.000155,0.000122,0.004040,0.976022,1.065068,63.973874
2.324725,0.052206,-3.095753,-0.221561,0.325802,-0.000078,0.000172,0.011257,0.945878,1.076819,64.016233
2.312692,0.054623,-3.154992,-0.226591,0.327893,0.000248,0.000140,0.006420,0.906831,1.090367,64.060975
2.300678,0.056731,-3.208926,-0.235903,0.329666,0.000084,0.000159,0.009551,0.875106,1.104536,64.105179
2.287936,0.058299,-3.258200,-0.241137,0.330880,-0.000535,-0.000087,0.003016,0.851734,1.123623,64.149293
2.274264,0.059337,-3.306687,-0.237272,0.333540,-0.000730,-0.000153,-0.003003,0.823450,1.141182,64.189949
2.261145,0.060591,-3.340047,-0.230674,0.337396,-0.000676,-0.000179,-0.004503,0.797149,1.164251,64.230442
2.249132,0.061829,-3.351125,-0.222346,0.340815,-0.000894,-0.000262,-0.008013,0.770676,1.186224,64.272859
2.238144,0.062586,-3.341616,-0.211082,0.343931,-0.001059,-0.000406,-0.014127,0.744957,1.210865,64.316341
2.228516,0.062726,-3.309871,-0.197901,0.346649,-0.001765,-0.001215,-0.034996,0.725141,1.238673,64.360327
2.219878,0.061542,-3.266416,-0.182327,0.349593,-0.001809,-0.000942,-0.041322,0.702262,1.265996,64.404922
2.213243,0.060765,-3.186557,-0.167224,0.352392,-0.001136,-0.000654,-0.028057,0.684167,1.295498,64.449501
2.209240,0.059635,-3.052091,-0.151312,0.355364,-0.002046,-0.002267,-0.069011,0.670657,1.326475,64.493074
2.206382,0.055465,-2.920384,-0.133442,0.358472,-0.002052,-0.001480,-0.073784,0.658343,1.357411,64.536057
2.205839,0.052733,-2.738544,-0.116759,0.361827,-0.001121,-0.000747,-0.040131,0.644266,1.385756,64.578522
2.208272,0.050004,-2.480424,-0.103257,0.365089,-0.001253,-0.000818,-0.036813,0.637982,1.417750,64.616937
2.212255,0.044605,-2.217907,-0.093298,0.368101,-0.000747,-0.000537,-0.027963,0.622553,1.450998,64.651588
2.218133,0.037946,-1.975781,-0.086076,0.370389,-0.000771,-0.000497,-0.023652,0.608168,1.484158,64.686352
2.225006,0.030964,-1.776835,-0.082313,0.372244,-0.000706,-0.000253,-0.012183,0.599023,1.517823,64.721176
2.232622,0.024675,-1.626787,-0.078640,0.373645,-0.000583,-0.000187,-0.010116,0.585977,1.551943,64.755584
2.240848,0.019853,-1.518831,-0.077399,0.374393,-0.000552,-0.000097,-0.003203,0.576572,1.585148,64.790566
2.249304,0.016164,-1.448222,-0.076312,0.374858,-0.000619,-0.000083,-0.002862,0.571794,1.617793,64.826006
2.257785,0.013665,-1.406235,-0.073352,0.374882,-0.000593,-0.000204,-0.009908,0.563199,1.650364,64.860363
2.266387,0.012557,-1.372313,-0.071073,0.375080,-0.000508,-0.000142,-0.007119,0.552567,1.684443,64.893898
2.275122,0.012249,-1.335877,-0.069810,0.375256,-0.000431,-0.000072,-0.003449,0.538102,1.719747,64.928578
2.283872,0.012020,-1.303572,-0.072041,0.376081,-0.000554,0.000080,0.007033,0.529688,1.752885,64.964015
2.292337,0.011177,-1.293547,-0.074344,0.377090,-0.000481,0.000081,0.006939,0.517496,1.786347,64.998553
2.300739,0.010322,-1.308432,-0.078359,0.378279,-0.000564,0.000190,0.013460,0.509110,1.819614,65.032931
2.308855,0.009675,-1.344011,-0.082854,0.379553,-0.000578,0.000174,0.013268,0.503725,1.852605,65.067639
2.316701,0.009305,-1.401084,-0.086259,0.380092,-0.000514,0.000128,0.010175,0.493911,1.886973,65.101435
2.324345,0.009715,-1.464994,-0.092138,0.380392,-0.000428,0.000232,0.016749,0.486351,1.921712,65.135805
2.331599,0.010269,-1.539427,-0.098412,0.380586,-0.000488,0.000252,0.018218,0.479524,1.956373,65.171440
2.338250,0.010992,-1.626858,-0.106474,0.380255,-0.000373,0.000431,0.026536,0.472765,1.990281,65.206823
2.344269,0.011926,-1.725911,-0.115006,0.379022,-0.000335,0.000369,0.024868,0.466483,2.025785,65.241376
2.349436,0.012978,-1.843261,-0.125402,0.377439,-0.000240,0.000391,0.027229,0.460867,2.062452,65.276571
2.353573,0.014332,-1.976487,-0.137235,0.375030,-0.000086,0.000409,0.027231,0.453960,2.098054,65.312744
2.356498,0.016107,-2.126593,-0.148257,0.372544,0.000155,0.000375,0.024145,0.447011,2.138156,65.348712
2.358299,0.018752,-2.281631,-0.158646,0.369886,-0.000389,0.000308,0.022250,0.446058,2.168350,65.386918
2.358157,0.022238,-2.430755,-0.168454,0.367876,0.000047,0.000329,0.019992,0.445185,2.205448,65.422700
2.357122,0.026411,-2.569780,-0.174767,0.365476,-0.000120,0.000161,0.012634,0.444559,2.241836,65.456304
2.354811,0.031177,-2.689703,-0.181151,0.363495,-0.000150,0.000175,0.011686,0.446987,2.278327,65.491831
2.351374,0.036134,-2.788856,-0.187798,0.361563,-0.000135,0.000147,0.011485,0.451656,2.313678,65.527599
2.346832,0.040740,-2.872648,-0.193728,0.360119,-0.000080,0.000147,0.010290,0.455060,2.349739,65.563019
2.341387,0.044928,-2.943828,-0.199202,0.359530,-0.000151,0.000090,0.008204,0.459744,2.384949,65.597785
2.335081,0.048584,-3.005511,-0.203479,0.359849,-0.000391,0.000040,0.006019,0.466325,2.416260,65.631814
2.327996,0.051800,-3.057436,-0.205464,0.361592,-0.000290,0.000035,0.003960,0.475515,2.451577,65.663908
2.320877,0.054713,-3.096418,-0.210315,0.363185,-0.000300,0.000038,0.005906,0.483773,2.484812,65.698107
2.313370,0.056873,-3.129632,-0.211872,0.365546,-0.000442,0.000049,0.003915,0.493004,2.519335,65.733792
2.305782,0.058642,-3.155335,-0.211933,0.368875,-0.000541,-0.000012,0.002999,0.511374,2.547931,65.768882
2.298421,0.059983,-3.171416,-0.211703,0.372624,-0.000579,-0.000082,-0.000273,0.525713,2.580547,65.804551
2.291458,0.060789,-3.182616,-0.209150,0.377057,-0.000787,-0.000164,-0.002890,0.546935,2.606820,65.842055
2.285039,0.061292,-3.184736,-0.203430,0.382013,-0.000955,-0.000257,-0.007586,0.564564,2.636691,65.880581
2.279567,0.061629,-3.173886,-0.195686,0.387401,-0.000857,-0.000252,-0.009323,0.585893,2.666276,65.918965
2.275552,0.061863,-3.143355,-0.188178,0.392949,-0.000962,-0.000288,-0.010169,0.611384,2.691152,65.959874
2.272796,0.061557,-3.095891,-0.178768,0.398417,-0.000746,-0.000343,-0.015626,0.640015,2.724767,66.002514
2.271820,0.060752,-3.032563,-0.172163,0.403097,-0.001269,-0.000365,-0.010718,0.660143,2.737037,66.048996
2.271567,0.059081,-2.955803,-0.161240,0.408892,-0.001176,-0.000479,-0.020772,0.688516,2.757376,66.092251
2.273199,0.057086,-2.866214,-0.150651,0.414311,-0.000993,-0.000472,-0.020854,0.721053,2.777639,66.132167
2.276716,0.054915,-2.755581,-0.139540,0.419053,-0.001234,-0.000621,-0.027547,0.749880,2.795261,66.177579
2.281634,0.052302,-2.631038,-0.130195,0.423626,-0.000967,-0.000495,-0.023405,0.783776,2.811510,66.223441
2.288267,0.049341,-2.493238,-0.120072,0.427837,-0.001041,-0.000504,-0.025617,0.817967,2.825519,66.269660
2.296250,0.046144,-2.347341,-0.111472,0.431705,-0.000944,-0.000456,-0.022531,0.852174,2.839894,66.316959
2.305533,0.042690,-2.199242,-0.105410,0.435061,-0.000885,-0.000337,-0.016399,0.884951,2.853699,66.362775
2.315785,0.038886,-2.063288,-0.101247,0.438156,-0.000772,-0.000230,-0.011291,0.919366,2.867913,66.404533
2.326844,0.035011,-1.950394,-0.099241,0.441206,-0.000767,-0.000137,-0.005763,0.952959,2.880925,66.446951
2.338398,0.031347,-1.867633,-0.098110,0.443876,-0.000684,-0.000101,-0.002687,0.986751,2.892623,66.487971
2.350374,0.028341,-1.813004,-0.097373,0.446225,-0.000581,-0.000066,-0.001900,1.024307,2.903971,66.524178
2.362675,0.026273,-1.780532,-0.096538,0.448142,-0.000680,-0.000069,-0.002110,1.059787,2.915491,66.561836
2.375006,0.025170,-1.760953,-0.096876,0.449962,0.000008,0.000025,0.001149,1.106509,2.934394,66.599579
2.388017,0.024694,-1.752374,-0.096538,0.450757,-0.001163,-0.000093,-0.000221,1.134288,2.934176,66.641823
2.399751,0.024721,-1.749715,-0.096383,0.452889,-0.000627,-0.000036,-0.000012,1.170119,2.945413,66.680911
2.412034,0.025220,-1.749282,-0.096235,0.454918,-0.000587,-0.000033,-0.000031,1.207827,2.957509,66.714635
2.424331,0.025972,-1.749806,-0.096698,0.456792,-0.000668,-0.000009,0.001982,1.244799,2.966000,66.752532
2.436484,0.026776,-1.752617,-0.095740,0.458411,-0.000581,-0.000069,-0.002413,1.283711,2.975352,66.791456
2.448686,0.027851,-1.753446,-0.094389,0.459726,-0.000603,-0.000090,-0.003609,1.321640,2.984402,66.830687
2.460827,0.029136,-1.746669,-0.091987,0.460887,-0.000682,-0.000154,-0.007317,1.359728,2.992387,66.869998
2.472897,0.030505,-1.729929,-0.089484,0.462000,-0.000648,-0.000141,-0.007299,1.399167,2.999872,66.909200
2.485030,0.031767,-1.702106,-0.086927,0.462935,-0.000616,-0.000139,-0.007359,1.438882,3.006916,66.949439
2.497199,0.032695,-1.666992,-0.083954,0.463676,-0.000801,-0.000165,-0.008656,1.474799,3.015528,66.990735
2.509215,0.033322,-1.625850,-0.082563,0.464842,-0.000403,-0.000086,-0.004189,1.518623,3.022928,67.029847
2.521614,0.033414,-1.586729,-0.079155,0.465209,-0.000572,-0.000204,-0.011481,1.559934,3.026103,67.070347
2.533895,0.033499,-1.546860,-0.073684,0.465202,-0.000661,-0.000301,-0.018633,1.600946,3.030434,67.113598
2.546195,0.033995,-1.490816,-0.069287,0.464989,-0.000572,-0.000228,-0.014410,1.642502,3.033350,67.155907
2.558613,0.034231,-1.419793,-0.064029,0.464424,-0.000614,-0.000276,-0.018234,1.684060,3.035383,67.198254
2.571021,0.034011,-1.340810,-0.058866,0.463640,-0.000558,-0.000259,-0.017481,1.725922,3.037341,67.240636
2.583495,0.033403,-1.253101,-0.054203,0.462727,-0.000598,-0.000245,-0.016360,1.766911,3.039381,67.283417
2.595893,0.032269,-1.163696,-0.050964,0.461893,-0.000543,-0.000665,-0.023164,1.808409,3.041624,67.325937
2.608245,0.030085,-1.093130,-0.048043,0.461007,-0.000670,-0.000295,-0.021793,1.848257,3.043104,67.367464
2.620390,0.028578,-1.029825,-0.046507,0.460325,-0.000369,-0.000090,-0.005302,1.892293,3.044690,67.409192
2.632648,0.027102,-0.966169,-0.043650,0.459184,-0.000518,-0.000237,-0.013678,1.934345,3.046684,67.452046
2.644637,0.025550,-0.915995,-0.041335,0.457982,-0.000553,-0.000131,-0.008819,1.975307,3.045478,67.495486
2.656355,0.024430,-0.865479,-0.038013,0.456805,-0.000422,-0.000729,-0.026480,2.019019,3.046608,67.538152
2.668024,0.023003,-0.827939,-0.035273,0.455382,-0.000483,-0.000330,-0.024335,2.061416,3.047911,67.580992
2.679403,0.022614,-0.783520,-0.034019,0.453724,-0.000326,-0.000269,-0.009464,2.105591,3.048461,67.624283
2.690628,0.021849,-0.732910,-0.032627,0.451490,-0.000391,-0.000139,-0.010253,2.147555,3.048551,67.668055
2.701424,0.020830,-0.693594,-0.031658,0.448383,-0.000250,-0.000216,-0.007587,2.190230,3.048758,67.712191
2.711904,0.019656,-0.661498,-0.030238,0.444183,0.000089,-0.000510,-0.019053,2.232625,3.047104,67.755803
2.722167,0.018464,-0.644233,-0.028016,0.439154,0.000568,-0.000978,-0.037194,2.276013,3.047164,67.799104
2.732285,0.017640,-0.635670,-0.025993,0.432929,0.001149,-0.001390,-0.053385,2.320420,3.046111,67.842617
2.742226,0.017216,-0.631372,-0.022966,0.427069,0.001484,-0.002013,-0.077625,2.361741,3.049295,67.886861
2.751793,0.017101,-0.628292,-0.022445,0.420023,0.002319,-0.002150,-0.083447,2.405866,3.048159,67.929882
2.761303,0.017078,-0.628660,-0.021149,0.412934,0.001586,-0.000788,-0.056598,2.447173,3.048378,67.973035
2.769222,0.018862,-0.591313,-0.020422,0.405514,0.000053,-0.000079,-0.003972,2.492661,3.045880,68.016660
2.774701,0.019686,-0.507651,-0.018310,0.396210,0.000137,-0.000340,-0.015442,2.534199,3.046306,68.060278
2.779280,0.018112,-0.449122,-0.016901,0.386210,0.000320,-0.000289,-0.011237,2.576717,3.046111,68.103471
2.783000,0.016216,-0.399960,-0.016001,0.376210,0.000810,-0.000200,-0.012676,2.620855,3.045285,68.145323
2.786166,0.014336,-0.367078,-0.014311,0.366210,-0.000133,-0.000092,-0.007335,2.661855,3.042094,68.189100
2.787358,0.013088,-0.330300,-0.011369,0.356210,0.000055,-0.000214,-0.014772,2.705672,3.040984,68.231995
2.787754,0.012065,-0.291823,-0.009287,0.346210,0.000044,-0.000182,-0.011250,2.748101,3.038848,68.274139
2.787150,0.011063,-0.248537,-0.006307,0.336210,0.000093,-0.000252,-0.016206,2.791608,3.038435,68.317343
2.785626,0.010040,-0.202868,-0.004107,0.326210,0.000027,-0.000153,-0.010918,2.834581,3.036964,68.360007
2.783072,0.008938,-0.152406,-0.002301,0.316210,-0.000044,-0.000145,-0.009436,2.875324,3.036883,68.402588
2.779495,0.007495,-0.106484,-0.000203,0.306210,0.000043,-0.000169,-0.011037,2.917786,3.036367,68.444436
2.775065,0.006054,-0.064381,0.002291,0.296210,0.000042,-0.000197,-0.013004,2.960249,3.035025,68.485787
2.769706,0.004811,-0.021519,0.005229,0.286210,0.000019,-0.000232,-0.015369,3.001971,3.033747,68.527850
2.763399,0.003743,0.025595,0.008475,0.276210,-0.000203,-0.000251,-0.016859,3.038759,3.036074,68.569698
2.755951,0.002746,0.079005,0.008678,0.266998,-0.000028,-0.000024,-0.001141,3.080430,3.032820,68.608824
2.747877,0.001188,0.126634,0.010896,0.259062,-0.000117,-0.000176,-0.011585,3.121599,3.031197,68.647263
2.739025,-0.000382,0.161376,0.012136,0.251249,-0.000154,-0.000115,-0.006984,3.161184,3.030236,68.687786
2.729478,-0.001618,0.194768,0.012325,0.244681,-0.000431,-0.000005,-0.000643,3.200336,3.028190,68.727721
2.719154,-0.002839,0.220343,0.010865,0.238342,-0.000553,0.000056,0.005252,3.236815,3.028746,68.766546
2.708259,-0.004268,0.226369,0.008769,0.232499,-0.000513,0.000077,0.007390,3.273974,3.026666,68.803768
2.697019,-0.005479,0.211108,0.006607,0.226642,-0.000598,0.000099,0.008350,3.310015,3.029266,68.839586
2.685296,-0.006074,0.181827,0.001606,0.221094,-0.000436,0.000184,0.017400,3.349420,3.027820,68.875392
2.673405,-0.006646,0.128590,-0.003927,0.215111,-0.000596,0.000206,0.019089,3.384887,3.027175,68.912209
2.660967,-0.006833,0.049429,-0.010441,0.209046,-0.000547,0.000255,0.023136,3.420270,3.027173,68.949245
2.648130,-0.006449,-0.050508,-0.018545,0.202704,-0.000562,0.000335,0.029227,3.454384,3.026582,68.984389
2.634792,-0.005703,-0.172616,-0.027048,0.196237,-0.000508,0.000320,0.028889,3.489390,3.026809,69.017941
2.620926,-0.004504,-0.316324,-0.036489,0.189898,-0.000480,0.000350,0.031517,3.524152,3.027494,69.050796
2.606462,-0.002832,-0.475409,-0.045654,0.183490,-0.000629,0.000365,0.031354,3.555537,3.027718,69.085158
2.591134,-0.000590,-0.641722,-0.056549,0.177613,-0.000564,0.000399,0.034995,3.587529,3.027580,69.117594
2.575077,0.001656,-0.819480,-0.067005,0.172357,-0.000698,0.000437,0.035671,3.615743,3.028120,69.147681
2.558094,0.004248,-1.000833,-0.075586,0.168141,-0.000773,0.000361,0.029205,3.644377,3.026780,69.176977
2.540375,0.007347,-1.174211,-0.084034,0.164632,-0.000665,0.000296,0.026484,3.675051,3.026457,69.204401
2.522109,0.010529,-1.335558,-0.093159,0.161715,-0.000878,0.000330,0.027983,3.702194,3.024815,69.232393
2.502966,0.013439,-1.488020,-0.101481,0.159789,-0.000905,0.000254,0.023673,3.729537,3.023306,69.260482
2.483236,0.016079,-1.634037,-0.109104,0.158760,-0.000467,0.000265,0.021027,3.767748,3.031834,69.287103
2.463496,0.018673,-1.768804,-0.124024,0.158231,-0.001281,0.000412,0.037173,3.784312,3.017062,69.317508
2.441959,0.019889,-1.919522,-0.128894,0.159534,-0.001077,0.000068,0.011892,3.811667,3.013716,69.343907
2.420642,0.022009,-2.063031,-0.134435,0.162301,-0.001242,0.000075,0.013308,3.836904,3.008967,69.365231
2.399216,0.024679,-2.177088,-0.140560,0.166184,-0.000827,0.000137,0.014061,3.870905,3.015940,69.389612
2.378315,0.026908,-2.274116,-0.152301,0.170415,-0.001462,0.000212,0.025228,3.884890,2.997953,69.417382
2.356391,0.027741,-2.377211,-0.153920,0.176188,-0.001449,-0.000092,0.004048,3.908884,2.991449,69.442297
2.335248,0.029023,-2.469122,-0.156877,0.183578,-0.001550,-0.000073,0.006780,3.929241,2.983975,69.464154
2.314756,0.030443,-2.535458,-0.158855,0.191963,-0.001529,-0.000080,0.004983,3.952365,2.976034,69.488348
2.295252,0.031450,-2.584159,-0.162277,0.200510,-0.001453,-0.000054,0.007472,3.973539,2.967935,69.512226
2.276628,0.031668,-2.624179,-0.164775,0.209768,-0.001666,-0.000107,0.005663,3.991287,2.959743,69.537455
2.258851,0.031312,-2.659734,-0.165038,0.219768,-0.001289,-0.000105,0.001619,4.021128,2.958525,69.561712
2.242743,0.030921,-2.685827,-0.170471,0.229768,-0.001710,-0.000018,0.011475,4.032991,2.937239,69.587533
2.227102,0.029742,-2.714397,-0.170365,0.239768,-0.002070,-0.000177,0.000777,4.054599,2.927934,69.614505
2.212455,0.028696,-2.742792,-0.172534,0.249768,-0.003024,0.000054,0.009869,4.072043,2.917172,69.640897
2.198003,0.027853,-2.760961,-0.173972,0.259768,-0.002358,-0.000072,0.008135,4.090690,2.905887,69.667779
2.185419,0.026629,-2.779265,-0.175648,0.269768,-0.001360,-0.000078,0.004262,4.113963,2.901751,69.693991
2.175003,0.025387,-2.802005,-0.178532,0.279768,-0.001799,-0.000122,0.006340,4.120189,2.881417,69.720189
2.165174,0.024163,-2.827554,-0.176212,0.289768,-0.002208,-0.000448,-0.007261,4.136027,2.870516,69.745416
2.156418,0.023470,-2.848692,-0.174569,0.299768,-0.001975,-0.000300,-0.006117,4.156940,2.857029,69.770565
2.149269,0.023434,-2.853835,-0.174767,0.309768,-0.001350,-0.000134,0.001278,4.175595,2.841265,69.797929
2.143889,0.023261,-2.848952,-0.174333,0.319768,-0.002033,-0.000231,-0.000758,4.191309,2.825822,69.828357
2.139012,0.022720,-2.844535,-0.173280,0.329768,-0.002422,-0.000298,-0.003047,4.206749,2.810583,69.858989
2.134995,0.022132,-2.838698,-0.171276,0.339768,-0.001752,-0.000298,-0.004868,4.223666,2.793670,69.888392
2.132972,0.021753,-2.827296,-0.170108,0.349768,-0.001430,-0.000197,-0.001399,4.239939,2.777278,69.919136
2.132472,0.021471,-2.810822,-0.168144,0.359623,-0.001543,-0.000233,-0.003026,4.253536,2.758478,69.950423
2.133085,0.021209,-2.792447,-0.165681,0.369455,-0.001371,-0.000233,-0.004151,4.270705,2.739566,69.981018
2.135114,0.021104,-2.770069,-0.163276,0.378483,-0.001402,-0.000236,-0.004114,4.284968,2.720623,70.012519
2.138236,0.021070,-2.744062,-0.159546,0.387190,-0.001408,-0.000287,-0.006982,4.298584,2.699335,70.043879
2.142534,0.021232,-2.711872,-0.155099,0.395253,-0.001335,-0.000303,-0.008591,4.312666,2.677777,70.075025
2.148046,0.021593,-2.670174,-0.150012,0.403095,-0.001283,-0.000328,-0.010635,4.328572,2.656036,70.106958
2.154748,0.022036,-2.618588,-0.145089,0.409804,-0.001245,-0.000366,-0.012314,4.345266,2.632426,70.138755
2.162458,0.022342,-2.560598,-0.141234,0.415537,-0.001380,-0.000324,-0.009099,4.352275,2.607458,70.169369
2.170830,0.022386,-2.499367,-0.135036,0.420350,-0.001213,-0.000380,-0.014472,4.366186,2.583141,70.199582
2.180233,0.022591,-2.431448,-0.130136,0.424403,-0.001111,-0.000324,-0.011700,4.377668,2.557917,70.228633
2.190390,0.022676,-2.357985,-0.124549,0.427539,-0.001118,-0.000367,-0.014176,4.386917,2.531363,70.255537
2.201136,0.022656,-2.281912,-0.118162,0.429858,-0.001140,-0.000469,-0.018935,4.396283,2.504473,70.283320
2.212412,0.022668,-2.201054,-0.112057,0.431232,-0.001060,-0.000430,-0.018425,4.404171,2.476294,70.312082
2.224210,0.022717,-2.112736,-0.105264,0.431579,-0.000910,-0.000415,-0.019039,4.415948,2.448555,70.341620
2.236486,0.022783,-2.015744,-0.100241,0.431128,-0.000928,-0.000327,-0.014262,4.425851,2.420257,70.371763
2.248847,0.022410,-1.919450,-0.097239,0.430507,-0.000822,-0.000233,-0.009268,4.434055,2.389751,70.401479
2.261281,0.021422,-1.837936,-0.094763,0.428900,-0.000300,-0.000520,-0.016153,4.446079,2.351027,70.432164
2.274066,0.019963,-1.782182,-0.092651,0.426361,-0.000915,-0.000353,-0.015262,4.455352,2.327995,70.467382
2.285990,0.019201,-1.737656,-0.091205,0.424258,-0.000815,-0.000371,-0.009655,4.458888,2.302299,70.500213
2.297708,0.018642,-1.698767,-0.087218,0.422415,-0.000704,-0.000312,-0.015929,4.465205,2.271778,70.526667
2.309426,0.018904,-1.656317,-0.083455,0.419907,-0.000741,-0.000244,-0.011717,4.468111,2.238797,70.555052
2.320873,0.019433,-1.601107,-0.079420,0.416245,-0.000567,-0.000898,-0.028599,4.473291,2.209342,70.587378
2.332136,0.019135,-1.556444,-0.073077,0.411784,-0.000478,-0.002258,-0.075588,4.476171,2.175006,70.619944
2.343232,0.018471,-1.531350,-0.067432,0.407054,-0.000465,-0.000912,-0.054434,4.479698,2.143179,70.653412
2.353969,0.020610,-1.454926,-0.060886,0.402235,-0.000587,-0.000393,-0.022522,4.485690,2.110022,70.687377
2.364178,0.022312,-1.324774,-0.056619,0.397128,-0.000454,-0.000957,-0.031549,4.486130,2.076073,70.720260
2.374003,0.021027,-1.221975,-0.052939,0.391741,-0.000320,-0.000409,-0.025838,4.492089,2.043097,70.754409
2.383465,0.019929,-1.129772,-0.049893,0.386068,-0.000389,-0.000179,-0.010337,4.496863,2.008195,70.788770
2.392293,0.018665,-1.038772,-0.047259,0.379962,-0.000329,-0.000167,-0.009268,4.506658,1.974792,70.823485
2.400545,0.017028,-0.966569,-0.046200,0.373736,-0.000204,-0.000062,-0.003621,4.522337,1.938120,70.858269
2.408257,0.015316,-0.913932,-0.050457,0.367857,-0.000174,0.000324,0.019245,4.529791,1.905169,70.893738
2.415136,0.013009,-0.898993,-0.051592,0.361823,-0.000298,0.000053,0.004430,4.535134,1.870161,70.928924
2.421160,0.011277,-0.919101,-0.052740,0.355411,-0.000321,0.000045,0.004219,4.542702,1.837621,70.963502
2.426384,0.010774,-0.943946,-0.052573,0.349453,-0.000261,-0.000018,-0.000293,4.545962,1.799527,70.997924
2.430991,0.011147,-0.963099,-0.053464,0.343547,-0.000448,0.000031,0.003415,4.550016,1.767244,71.033180
2.434677,0.011648,-0.977640,-0.053577,0.337829,-0.000371,-0.000011,0.000661,4.551075,1.732111,71.068203
2.437774,0.012181,-0.989374,-0.052746,0.331905,-0.000334,-0.000061,-0.002849,4.553636,1.695612,71.102189
2.440269,0.012869,-0.992488,-0.052992,0.326451,-0.000482,-0.000006,0.001211,4.549544,1.661168,71.137856
2.441988,0.013288,-0.991351,-0.051913,0.320537,-0.000375,-0.000108,-0.004806,4.551834,1.626490,71.173311
2.443215,0.013628,-0.987453,-0.053444,0.315318,-0.000421,0.000076,0.006196,4.554191,1.592306,71.208076
2.443769,0.013547,-0.986064,-0.056214,0.310502,-0.000119,0.000580,0.021096,4.556623,1.556794,71.242825
2.444006,0.013357,-0.992714,-0.061142,0.306281,0.000458,0.001634,0.057884,4.560331,1.522359,71.277559
2.444162,0.013352,-0.999145,-0.068255,0.302653,0.000284,0.000896,0.056560,4.563350,1.487270,71.312340
2.443413,0.011168,-1.059330,-0.077871,0.299712,-0.000065,0.001980,0.069941,4.567773,1.454929,71.346988
2.441547,0.010453,-1.157783,-0.088993,0.297471,0.000856,0.004267,0.149563,4.573074,1.422007,71.380444
2.439739,0.012156,-1.218195,-0.102308,0.296283,0.000537,0.001984,0.120118,4.573474,1.389107,71.412942
2.436562,0.009290,-1.370361,-0.114480,0.295074,0.000097,0.002089,0.071709,4.577571,1.357072,71.445457
2.432082,0.008969,-1.594191,-0.124269,0.293825,0.000257,0.001001,0.064979,4.577349,1.322193,71.477823
2.426934,0.010752,-1.799677,-0.130913,0.291963,-0.000192,0.001023,0.036317,4.575337,1.290420,71.510734
2.420615,0.014911,-1.991098,-0.135742,0.289643,-0.000168,0.000523,0.033154,4.575694,1.257698,71.543176
2.413562,0.019864,-2.134082,-0.142787,0.287499,-0.000460,0.000193,0.016610,4.569944,1.225240,71.575059
2.405252,0.024064,-2.269587,-0.147883,0.284600,-0.000554,0.000134,0.011837,4.569428,1.193461,71.606297
2.396001,0.028366,-2.379791,-0.154336,0.282242,-0.000437,0.000143,0.014016,4.564969,1.160897,71.636422
2.385947,0.032069,-2.472439,-0.161583,0.279951,-0.000487,0.000171,0.015159,4.560434,1.130733,71.667230
2.374901,0.034994,-2.557888,-0.168502,0.277998,-0.000424,0.000164,0.013798,4.553641,1.099141,71.697033
2.363076,0.037353,-2.639612,-0.176337,0.276155,-0.000426,0.000174,0.014725,4.541476,1.070485,71.725697
2.350377,0.039237,-2.719687,-0.182374,0.273915,-0.000358,0.000113,0.010842,4.532810,1.040567,71.754624
2.337023,0.040947,-2.796294,-0.188991,0.271981,-0.000393,0.000115,0.010787,4.522875,1.012320,71.783799
2.322907,0.042473,-2.868033,-0.193872,0.270271,-0.000416,0.000054,0.007759,4.513664,0.984548,71.813756
2.308244,0.043861,-2.933071,-0.197017,0.269075,-0.000385,0.000046,0.005771,4.499476,0.956753,71.843512
2.293323,0.045189,-2.986729,-0.203266,0.267538,-0.000329,0.000099,0.009505,4.484190,0.931949,71.873711
2.277869,0.045935,-3.035306,-0.206338,0.266109,-0.000388,0.000007,0.004569,4.474871,0.904924,71.904214
2.262113,0.046289,-3.080285,-0.208158,0.265887,-0.000071,0.000016,0.002368,4.448368,0.871139,71.934352
2.246699,0.046482,-3.117078,-0.211490,0.263512,-0.000485,0.000133,0.010016,4.442044,0.858856,71.971308
2.230560,0.046330,-3.142236,-0.212895,0.263823,-0.000236,0.000062,0.006838,4.420698,0.837934,72.004171
2.214859,0.045564,-3.164711,-0.212248,0.263477,-0.000572,-0.000125,-0.001161,4.399262,0.817209,72.031002
2.199156,0.044406,-3.185760,-0.211469,0.262435,-0.000488,-0.000093,-0.001164,4.378190,0.797767,72.063431
2.183851,0.043179,-3.197899,-0.211168,0.260854,-0.000464,-0.000068,0.000189,4.356985,0.778469,72.097471
2.168789,0.041643,-3.203296,-0.210961,0.258663,-0.000454,-0.000071,0.000233,4.337049,0.760761,72.132642
2.153904,0.039711,-3.205669,-0.210394,0.256503,-0.000339,-0.000050,0.000059,4.314871,0.744016,72.167214
2.139372,0.037526,-3.205601,-0.211255,0.253555,-0.000403,-0.000022,0.002134,4.292239,0.730475,72.201298
2.124810,0.035018,-3.206171,-0.212987,0.250156,-0.000276,0.000033,0.003488,4.269918,0.717416,72.235545
2.110300,0.032270,-3.211168,-0.215878,0.246418,-0.000196,0.000037,0.004244,4.244516,0.705536,72.269332
2.095666,0.029327,-3.224017,-0.218225,0.242504,-0.000307,0.000042,0.004255,4.221902,0.697031,72.304405
2.080763,0.026508,-3.242183,-0.220923,0.239268,-0.000153,0.000060,0.004399,4.193912,0.687178,72.339418
2.065881,0.023855,-3.264858,-0.224912,0.235473,-0.000046,0.000126,0.006677,4.167951,0.678964,72.375540
2.050782,0.021330,-3.292032,-0.230258,0.232482,-0.000141,0.000152,0.008181,4.143899,0.672859,72.413576
2.035222,0.018805,-3.326524,-0.235630,0.230050,-0.000097,0.000141,0.007559,4.116476,0.669065,72.450275
2.019388,0.016368,-3.368108,-0.241386,0.228181,-0.000100,0.000145,0.007832,4.089882,0.666532,72.486822
2.003271,0.014101,-3.414279,-0.247152,0.227416,0.000020,0.000165,0.007865,4.059691,0.662078,72.524279
1.987092,0.012028,-3.463223,-0.254005,0.226709,-0.000030,0.000209,0.009533,4.032752,0.664476,72.562973
1.970577,0.010052,-3.514157,-0.260546,0.225926,-0.000069,0.000176,0.008257,4.006110,0.667337,72.602502
1.953756,0.008093,-3.567842,-0.265775,0.225190,-0.000051,0.000116,0.006075,3.977477,0.670042,72.641485
1.936830,0.006238,-3.621070,-0.269389,0.224552,-0.000064,0.000101,0.005050,3.950001,0.674284,72.680587
1.919930,0.004573,-3.668961,-0.272951,0.224077,-0.000007,0.000105,0.005017,3.922936,0.679142,72.720157
1.903127,0.002916,-3.711220,-0.276187,0.223864,-0.000128,0.000080,0.004386,3.896918,0.686216,72.758949
1.886308,0.001134,-3.749070,-0.278147,0.223908,-0.000219,0.000038,0.003328,3.873617,0.694519,72.797037
1.869668,-0.000759,-3.781668,-0.278355,0.224561,-0.000293,-0.000003,0.001762,3.850983,0.704587,72.833626
1.853461,-0.002692,-3.807426,-0.277348,0.225951,-0.000349,-0.000039,0.000494,3.829021,0.715911,72.868696
1.837890,-0.004648,-3.825090,-0.275229,0.227959,-0.000535,-0.000094,-0.000833,3.808139,0.727290,72.903189
1.823002,-0.006638,-3.833985,-0.271886,0.231021,-0.000623,-0.000143,-0.002645,3.788645,0.741578,72.936841
1.809117,-0.008613,-3.833430,-0.267410,0.234731,-0.000708,-0.000189,-0.004230,3.767757,0.755360,72.970128
1.796407,-0.010513,-3.821940,-0.262534,0.238976,-0.001151,-0.000506,-0.011728,3.748265,0.774965,73.003210
1.784566,-0.012638,-3.806164,-0.256279,0.243047,-0.002231,-0.001194,-0.029274,3.732726,0.789813,73.037891
1.773095,-0.015033,-3.792256,-0.249004,0.248448,-0.003272,-0.002025,-0.052583,3.714989,0.810365,73.071983
1.762293,-0.017415,-3.780241,-0.240910,0.254145,-0.004879,-0.003342,-0.088449,3.696756,0.829064,73.104889
1.751694,-0.019934,-3.776041,-0.232145,0.260457,-0.006423,-0.004680,-0.124763,3.684128,0.849381,73.138187
1.741514,-0.022131,-3.771316,-0.221251,0.267591,-0.005165,-0.003081,-0.101349,3.671746,0.869566,73.170127
1.734810,-0.020649,-3.691325,-0.210086,0.275782,-0.002389,-0.001961,-0.051631,3.658381,0.889395,73.200959
1.732760,-0.018523,-3.526582,-0.199945,0.284164,-0.002444,-0.001339,-0.046949,3.647126,0.910515,73.229878
1.732208,-0.017748,-3.358088,-0.189677,0.292156,-0.001630,-0.000791,-0.025545,3.637759,0.931798,73.257424
1.734042,-0.017499,-3.172667,-0.178706,0.299863,-0.001664,-0.000761,-0.025863,3.628167,0.952710,73.283683
1.737396,-0.017809,-2.996556,-0.168258,0.307193,-0.002490,-0.002255,-0.060877,3.617388,0.974171,73.307379
1.741382,-0.019589,-2.865525,-0.158519,0.313918,-0.002384,-0.001402,-0.052709,3.609393,0.996085,73.330351
1.746900,-0.018981,-2.724394,-0.148492,0.320115,-0.001739,-0.000717,-0.024769,3.601367,1.016143,73.354013
1.754212,-0.017394,-2.552540,-0.140225,0.325365,-0.001300,-0.000596,-0.021926,3.591424,1.038289,73.377228
1.762740,-0.016621,-2.399502,-0.131771,0.329467,-0.001061,-0.000561,-0.022059,3.582832,1.063317,73.400237
1.772215,-0.015877,-2.260370,-0.121607,0.332571,-0.001258,-0.000670,-0.026837,3.575896,1.087115,73.425022
1.782190,-0.014620,-2.121317,-0.111133,0.335082,-0.001181,-0.000680,-0.028290,3.568517,1.110666,73.450468
1.792820,-0.012926,-1.975117,-0.100553,0.336619,-0.001041,-0.000726,-0.030842,3.561219,1.134734,73.475106
1.804013,-0.011110,-1.823744,-0.089380,0.336713,-0.000955,-0.000793,-0.034168,3.557493,1.159934,73.500149
1.815536,-0.009139,-1.664881,-0.076164,0.336066,-0.001234,-0.003089,-0.091668,3.549789,1.184319,73.525982
1.827005,-0.008871,-1.538663,-0.063590,0.334579,-0.001234,-0.001666,-0.077215,3.550610,1.207497,73.551757
1.838519,-0.005259,-1.364127,-0.049334,0.333233,-0.000602,-0.000926,-0.044130,3.541291,1.233806,73.576965
1.850633,-0.001233,-1.125393,-0.035694,0.331171,-0.000671,-0.000955,-0.044983,3.537774,1.257940,73.602639
1.862456,0.001265,-0.891694,-0.020884,0.329032,-0.000558,-0.001049,-0.049371,3.533883,1.283494,73.628603
1.874126,0.003522,-0.656628,-0.005662,0.327059,-0.000615,-0.001014,-0.049585,3.530322,1.308294,73.654882
1.885430,0.005901,-0.412685,0.008541,0.325472,-0.000164,-0.000915,-0.044515,3.522671,1.335794,73.681239
1.896824,0.007968,-0.166955,0.025515,0.324160,-0.000261,-0.001123,-0.055138,3.516917,1.362216,73.708023
1.907633,0.010274,0.085763,0.043636,0.324467,-0.000261,-0.001272,-0.061695,3.512729,1.389372,73.735796
1.918004,0.012824,0.355886,0.063439,0.327124,-0.000246,-0.001370,-0.066426,3.504093,1.416145,73.763668
1.927946,0.015576,0.647598,0.081464,0.330917,-0.000357,-0.001214,-0.058175,3.497014,1.440502,73.792727
1.937409,0.017743,0.948046,0.097391,0.336627,-0.000346,-0.001087,-0.051803,3.490696,1.468620,73.821709
1.946717,0.018826,1.232999,0.113281,0.344020,-0.000425,-0.001024,-0.049010,3.476414,1.494260,73.850855
1.955802,0.019336,1.502011,0.126443,0.352230,-0.000490,-0.000800,-0.039609,3.466953,1.520585,73.882171
1.964854,0.019064,1.748938,0.136705,0.360948,-0.000631,-0.001966,-0.061772,3.454316,1.547163,73.914421
1.973931,0.016467,1.931362,0.145702,0.369824,-0.000692,-0.001207,-0.057708,3.440751,1.572814,73.947546
1.983017,0.015160,2.090852,0.152018,0.379003,-0.000609,-0.000329,-0.017412,3.424955,1.598076,73.981904
1.992514,0.014069,2.260897,0.154677,0.388690,-0.001007,-0.000088,-0.007680,3.406582,1.622252,74.017486
2.002293,0.011375,2.387326,0.156607,0.398690,-0.001040,-0.000037,-0.005598,3.392923,1.646566,74.054705
2.012662,0.008119,2.473908,0.157341,0.408690,-0.001500,-0.000038,-0.004444,3.374817,1.669768,74.091737
2.023230,0.004796,2.528912,0.156516,0.418620,-0.001791,0.000122,-0.000581,3.355959,1.691756,74.128786
2.034232,0.001742,2.559080,0.155527,0.428037,-0.001234,0.000157,0.002057,3.337741,1.713362,74.166609
2.046499,-0.000998,2.572938,0.153214,0.436242,-0.001119,0.000217,0.005647,3.315106,1.734635,74.204229
2.059547,-0.003604,2.571282,0.150079,0.443352,-0.001049,0.000252,0.007680,3.290954,1.755088,74.242679
2.073281,-0.006095,2.554146,0.145860,0.449490,-0.001573,0.000821,0.022298,3.268055,1.774944,74.283258
2.087088,-0.007946,2.533793,0.141078,0.455070,-0.001450,0.000601,0.024310,3.242082,1.793876,74.323447
2.101630,-0.010319,2.496206,0.135288,0.459447,-0.001136,0.000430,0.016240,3.218469,1.811853,74.363688
2.117022,-0.012795,2.430240,0.130136,0.462212,-0.000894,0.000389,0.014881,3.192061,1.829338,74.403468
2.132925,-0.014525,2.356572,0.125969,0.462825,-0.000723,0.000315,0.012024,3.165014,1.845284,74.441688
2.149027,-0.015570,2.283488,0.121674,0.461283,-0.000464,0.000267,0.011644,3.134375,1.860486,74.479414
2.165236,-0.016268,2.213195,0.116899,0.456747,-0.000521,0.000283,0.012364,3.105532,1.874568,74.517328
2.180976,-0.016865,2.142749,0.113066,0.446762,-0.000104,0.000221,0.010132,3.073939,1.887363,74.554711
2.196066,-0.017246,2.075098,0.109635,0.436762,-0.000220,0.000234,0.010490,3.042196,1.899432,74.589496
2.210018,-0.017375,2.014109,0.108512,0.426762,0.000010,0.000091,0.003141,3.009018,1.910322,74.623575
2.222998,-0.017136,1.965151,0.107852,0.416762,-0.000154,0.000077,0.001744,2.977616,1.918854,74.658473
2.234618,-0.016690,1.932919,0.108603,0.406762,0.000020,-0.000015,-0.002562,2.942804,1.929202,74.693044
2.245151,-0.016209,1.917452,0.114690,0.396762,0.000210,-0.000268,-0.016999,2.908348,1.938412,74.727980
2.254246,-0.015109,1.936674,0.123481,0.386762,0.000209,-0.000386,-0.023734,2.873711,1.946609,74.763979
2.261527,-0.013765,2.001053,0.135704,0.376762,0.000219,-0.000513,-0.031389,2.840328,1.951357,74.799472
2.266739,-0.012658,2.109898,0.149016,0.366762,0.000464,-0.000559,-0.031955,2.805212,1.959956,74.835202
2.269985,-0.012419,2.253652,0.163897,0.356762,0.000644,-0.000574,-0.032012,2.769048,1.964344,74.870918
2.271016,-0.013256,2.420985,0.176040,0.346762,0.000560,-0.000418,-0.024188,2.732957,1.967070,74.906522
2.269744,-0.015546,2.591116,0.185569,0.336762,0.000434,-0.000319,-0.017007,2.696903,1.967924,74.942554
2.266290,-0.019223,2.746141,0.193220,0.326762,0.000322,-0.000189,-0.011995,2.661115,1.966890,74.978834
2.260770,-0.023649,2.877493,0.198687,0.316762,0.000265,-0.000139,-0.009376,2.627223,1.961843,75.015407
2.253420,-0.028363,2.980472,0.201369,0.307591,0.000203,-0.000029,-0.004089,2.591758,1.957935,75.052412
2.244590,-0.032842,3.056613,0.202253,0.300722,0.000011,0.000034,-0.000914,2.556265,1.950393,75.090817
2.234597,-0.036754,3.106721,0.200525,0.295020,-0.000246,0.000123,0.002577,2.523491,1.942268,75.131074
2.223804,-0.039872,3.131413,0.197261,0.291480,-0.000366,0.000182,0.005662,2.489334,1.929996,75.171749
2.212811,-0.042002,3.133534,0.191829,0.289329,-0.000522,0.000261,0.008927,2.457066,1.915349,75.213652
2.202008,-0.043143,3.113117,0.183791,0.288859,-0.000731,0.000358,0.013372,2.426899,1.898334,75.257580
2.191834,-0.043414,3.068055,0.173939,0.289735,-0.000890,0.000459,0.017937,2.399706,1.877394,75.301914
2.182712,-0.042863,2.996573,0.159755,0.292320,-0.001047,0.000653,0.029043,2.371150,1.857818,75.347355
2.175247,-0.041895,2.890083,0.144167,0.296032,-0.001124,0.000773,0.035865,2.344693,1.836598,75.394391
2.169733,-0.040514,2.740698,0.128022,0.299847,-0.001109,0.000867,0.041455,2.320239,1.813773,75.441866
2.166259,-0.038473,2.550611,0.110715,0.303147,-0.001035,0.001035,0.050977,2.296844,1.789253,75.489420
2.164822,-0.035830,2.324422,0.092322,0.305904,-0.000940,0.000986,0.053565,2.275126,1.763274,75.536816
2.165301,-0.033164,2.055898,0.074525,0.308209,-0.001089,0.001221,0.061780,2.254944,1.737442,75.584315
2.167139,-0.029853,1.767755,0.059279,0.310129,-0.000972,0.001120,0.056668,2.235018,1.710536,75.630780
2.170232,-0.026215,1.475144,0.046620,0.312531,-0.001139,0.002958,0.094249,2.214779,1.683964,75.675215
2.174057,-0.020330,1.246123,0.034489,0.316508,-0.001842,0.005833,0.190416,2.194627,1.656455,75.717408
2.178093,-0.013904,1.121763,0.021356,0.321341,-0.002559,0.009042,0.295247,2.176614,1.628920,75.757282
2.182241,-0.009288,1.057649,0.005539,0.327438,-0.002263,0.005393,0.255187,2.157374,1.601721,75.794222
2.187420,-0.014103,0.856226,-0.009964,0.334393,-0.000840,0.001086,0.059060,2.141485,1.575527,75.827332
2.194592,-0.020998,0.412124,-0.024800,0.341480,-0.000707,0.001013,0.056032,2.122890,1.548525,75.855551
2.202494,-0.020269,0.031844,-0.038876,0.348273,-0.000651,0.000918,0.051982,2.105124,1.520995,75.881528
2.210892,-0.017430,-0.293654,-0.053985,0.354938,-0.000580,0.001046,0.057043,2.085396,1.494475,75.909219
2.219542,-0.014611,-0.583015,-0.068207,0.361404,-0.000593,0.000990,0.053573,2.067612,1.467247,75.937964
2.228183,-0.012161,-0.852226,-0.082555,0.367968,-0.000612,0.000911,0.050219,2.050080,1.440065,75.967984
2.236667,-0.009970,-1.110169,-0.097435,0.374759,-0.000560,0.003168,0.105515,2.031078,1.415622,75.999613
2.244904,-0.005532,-1.304842,-0.111524,0.381862,-0.000424,0.002731,0.127120,2.010849,1.388365,76.031203
2.252848,-0.003367,-1.483381,-0.124845,0.388788,-0.000550,0.000713,0.039084,1.990727,1.361733,76.063559
2.260202,-0.003561,-1.756855,-0.135909,0.395421,-0.000613,0.001874,0.064816,1.971128,1.336253,76.098229
2.267256,0.000849,-1.964481,-0.145490,0.401786,-0.000646,0.001015,0.057795,1.950828,1.311231,76.133783
2.273850,0.004765,-2.144911,-0.152836,0.407459,-0.000658,0.000487,0.024687,1.926783,1.286412,76.168784
2.280089,0.008951,-2.323682,-0.157556,0.411929,-0.000785,0.000158,0.012016,1.903880,1.263084,76.204538
2.285903,0.014145,-2.468134,-0.159886,0.415637,-0.000758,0.000057,0.006058,1.878360,1.240289,76.241389
2.291501,0.019971,-2.571450,-0.159912,0.418692,-0.000838,-0.000084,0.000679,1.852673,1.218686,76.278998
2.296863,0.025722,-2.636202,-0.157486,0.421491,-0.000639,-0.000142,-0.005022,1.823331,1.193916,76.317811
2.302469,0.031108,-2.665017,-0.153898,0.423866,-0.001116,-0.000560,-0.015185,1.795580,1.171714,76.358216
2.307726,0.035331,-2.669592,-0.150977,0.426334,-0.001541,-0.000940,-0.027964,1.765728,1.150531,76.399481
2.312723,0.038248,-2.665539,-0.148920,0.428646,-0.001583,-0.000477,-0.018666,1.738143,1.136130,76.440204
2.317837,0.040905,-2.639877,-0.146042,0.430678,-0.000829,-0.000213,-0.006506,1.706434,1.121321,76.478079
2.323942,0.042787,-2.592570,-0.141014,0.431164,-0.000869,-0.000302,-0.011812,1.675451,1.106458,76.515350
2.330312,0.043680,-2.537898,-0.136314,0.430709,-0.000760,-0.000287,-0.011130,1.643088,1.093791,76.553561
2.337022,0.043880,-2.474858,-0.131173,0.428748,-0.000622,-0.000289,-0.012694,1.608469,1.080831,76.591130
2.344019,0.043548,-2.406431,-0.127847,0.425879,-0.000477,-0.000210,-0.008552,1.573344,1.068798,76.629390
2.351090,0.042585,-2.339145,-0.125848,0.421515,-0.000449,-0.000151,-0.005014,1.539465,1.058400,76.666851
2.357877,0.041069,-2.281771,-0.125860,0.415529,-0.000138,-0.000028,0.000393,1.501020,1.047830,76.703307
2.364355,0.039222,-2.241676,-0.130148,0.408266,0.000053,0.000174,0.011803,1.464417,1.039445,76.741044
2.369931,0.036992,-2.231769,-0.134825,0.399259,0.000741,0.000673,0.023117,1.427717,1.027155,76.780178
2.374894,0.035525,-2.244225,-0.143528,0.389523,0.002335,0.001920,0.064075,1.389192,1.018199,76.818473
2.379688,0.035166,-2.260213,-0.155266,0.379832,0.002036,0.001111,0.060478,1.352068,1.010268,76.856401
2.382087,0.033117,-2.331577,-0.168497,0.370453,0.000530,0.000461,0.027034,1.314864,1.006008,76.894743
2.380850,0.031512,-2.474854,-0.181383,0.361421,0.001632,0.001463,0.048619,1.277375,1.001328,76.932926
2.378624,0.033634,-2.605225,-0.192793,0.352753,0.001509,0.000873,0.045413,1.243660,1.001831,76.970410
2.374173,0.036304,-2.733455,-0.201624,0.345580,0.000374,0.000221,0.012658,1.205837,0.999349,77.006171
2.366857,0.039521,-2.878163,-0.209243,0.339708,0.000855,0.000610,0.019637,1.167685,1.000073,77.041644
2.358534,0.044664,-2.989381,-0.215584,0.335019,0.001812,0.001052,0.035124,1.133423,1.002931,77.079100
2.349816,0.050402,-3.059847,-0.220043,0.332122,0.002500,0.001379,0.043731,1.097422,1.007479,77.115735
2.340806,0.055540,-3.100754,-0.222889,0.330445,0.002964,0.001532,0.048496,1.060757,1.013775,77.151604
2.331624,0.059461,-3.120864,-0.224663,0.329818,0.003234,0.001665,0.052188,1.024937,1.023776,77.189729
2.322403,0.062049,-3.126340,-0.225917,0.330024,0.003412,0.001743,0.054046,0.988124,1.032834,77.229899
2.313274,0.063302,-3.124048,-0.228016,0.331245,0.003514,0.001878,0.058019,0.952063,1.044584,77.270816
2.304281,0.063436,-3.117820,-0.230971,0.333547,0.001254,0.000526,0.028692,0.921491,1.059208,77.312671
2.293189,0.061170,-3.145422,-0.228622,0.336490,-0.000766,-0.000182,-0.002917,0.891299,1.075978,77.354104
2.280866,0.059044,-3.197140,-0.221773,0.340217,-0.000815,-0.000233,-0.006523,0.859427,1.094037,77.394813
2.269791,0.058594,-3.229355,-0.212441,0.344228,-0.001433,-0.000488,-0.014009,0.834816,1.117550,77.437408
2.259533,0.058858,-3.239041,-0.196040,0.347109,-0.002086,-0.001389,-0.040274,0.810509,1.140959,77.480884
2.250576,0.059125,-3.224545,-0.178816,0.351197,-0.003763,-0.003101,-0.095326,0.785906,1.167600,77.524048
2.242112,0.058390,-3.206981,-0.162399,0.355668,-0.005320,-0.004829,-0.149739,0.762778,1.194920,77.568607
2.234268,0.057185,-3.179107,-0.147426,0.359889,-0.007610,-0.007730,-0.241439,0.740216,1.223607,77.615353
2.226157,0.054383,-3.177049,-0.133691,0.363885,-0.009081,-0.010048,-0.315606,0.718840,1.252170,77.662716
2.218487,0.051988,-3.174202,-0.120294,0.367807,-0.004573,-0.002891,-0.162236,0.699919,1.283167,77.709535
2.217098,0.059554,-2.935924,-0.112674,0.371156,-0.000729,-0.000462,-0.019738,0.681665,1.313840,77.755453
2.220352,0.061243,-2.571823,-0.111098,0.374065,-0.000981,-0.000381,-0.009117,0.669511,1.346619,77.799841
2.224066,0.052918,-2.297280,-0.111127,0.376432,-0.000865,-0.000176,-0.002894,0.653218,1.377406,77.842536
2.228775,0.041647,-2.114528,-0.113456,0.378669,-0.000566,0.000363,0.014713,0.641783,1.411108,77.882921
2.234413,0.031658,-2.008093,-0.112714,0.380255,-0.000760,0.000278,0.010345,0.623842,1.442168,77.921035
2.240484,0.024502,-1.957109,-0.113820,0.381506,-0.000732,0.000483,0.017602,0.606881,1.474520,77.955975
2.246846,0.020121,-1.938698,-0.114687,0.382325,-0.000764,0.000572,0.020467,0.594472,1.508228,77.989166
2.253280,0.017783,-1.939372,-0.113298,0.382718,-0.000915,0.000397,0.014647,0.575703,1.539940,78.024158
2.259689,0.017028,-1.942586,-0.113996,0.382761,-0.000939,0.000511,0.018811,0.565514,1.573998,78.058603
2.265951,0.016974,-1.947913,-0.112223,0.382467,-0.000911,0.000028,0.004470,0.556694,1.607089,78.092903
2.272232,0.017185,-1.955758,-0.108866,0.381964,-0.000677,-0.000678,-0.021125,0.543790,1.642641,78.128190
2.278819,0.017675,-1.965379,-0.107142,0.382087,-0.000764,-0.001013,-0.032215,0.531447,1.677632,78.163331
2.285316,0.018406,-1.971776,-0.104461,0.382555,-0.001111,-0.001517,-0.048226,0.525567,1.713179,78.199787
2.291552,0.019212,-1.974134,-0.099817,0.383046,-0.001437,-0.002471,-0.080367,0.511630,1.746717,78.236179
2.297688,0.019921,-1.976119,-0.097858,0.384137,-0.001672,-0.002842,-0.092527,0.501494,1.781671,78.271929
2.303697,0.020608,-1.976288,-0.096121,0.385427,-0.001952,-0.003212,-0.104965,0.490607,1.815684,78.308098
2.309536,0.021194,-1.977120,-0.095589,0.386675,-0.002129,-0.003317,-0.108358,0.484926,1.850995,78.343366
2.315237,0.021755,-1.977843,-0.093991,0.387142,-0.002282,-0.003652,-0.120016,0.477097,1.886972,78.378198
2.320810,0.022287,-1.979271,-0.094726,0.387151,-0.002210,-0.003474,-0.113973,0.469668,1.921796,78.414684
2.326287,0.022838,-1.979945,-0.095903,0.386922,-0.001525,-0.001194,-0.059203,0.464172,1.957866,78.451417
2.332232,0.025390,-1.934401,-0.099701,0.386141,-0.000301,0.000728,0.026570,0.458042,1.994505,78.487620
2.338869,0.027011,-1.843906,-0.108126,0.385033,0.000503,0.002374,0.081333,0.450653,2.031150,78.524666
2.345456,0.026034,-1.786695,-0.118100,0.383244,0.001393,0.004160,0.140783,0.446995,2.068221,78.561742
2.351935,0.024477,-1.756091,-0.128818,0.380826,0.002421,0.005922,0.198818,0.443390,2.104955,78.598969
2.358300,0.023194,-1.744737,-0.141410,0.378201,0.003779,0.007947,0.266207,0.441501,2.142289,78.635706
2.364648,0.022586,-1.740300,-0.155344,0.375174,0.005356,0.010015,0.334992,0.441317,2.180928,78.672454
2.370973,0.022526,-1.736396,-0.172672,0.371322,0.006664,0.011082,0.369413,0.436472,2.218618,78.710618
2.376567,0.021611,-1.769964,-0.190935,0.366381,0.005276,0.005673,0.267320,0.439272,2.255689,78.748931
2.378561,0.014820,-1.957280,-0.204813,0.360979,0.001023,0.001042,0.034094,0.440657,2.289600,78.785866
2.374689,0.009479,-2.378937,-0.210913,0.357443,0.002326,0.001806,0.060073,0.444247,2.326833,78.820440
2.371383,0.016022,-2.675467,-0.212385,0.355357,0.002516,0.001938,0.063640,0.450486,2.361727,78.855279
2.367470,0.026615,-2.865861,-0.211073,0.354431,0.001527,0.000886,0.039070,0.458375,2.397320,78.890878
2.361911,0.036584,-2.996688,-0.210066,0.354651,-0.000511,-0.000082,-0.001536,0.465715,2.432581,78.924989
2.353798,0.045048,-3.107212,-0.208830,0.356033,-0.000562,-0.000128,-0.001814,0.480377,2.467222,78.959268
2.345377,0.053105,-3.168117,-0.206465,0.357840,-0.000679,-0.000191,-0.003803,0.491196,2.500290,78.995441
2.336802,0.059740,-3.193226,-0.202851,0.360739,-0.000829,-0.000221,-0.005891,0.502599,2.533230,79.031772
2.328401,0.064618,-3.191467,-0.198783,0.364616,-0.000801,-0.000233,-0.006665,0.515318,2.567555,79.067651
2.320645,0.067627,-3.169752,-0.196033,0.369488,-0.000839,-0.000214,-0.004730,0.542478,2.596809,79.105203
2.313600,0.068736,-3.136631,-0.191284,0.373550,-0.001007,-0.000311,-0.008702,0.558475,2.624771,79.146182
2.307358,0.068326,-3.097579,-0.186004,0.379022,-0.001079,-0.000350,-0.010602,0.579264,2.653983,79.186781
2.302299,0.066909,-3.052010,-0.178889,0.384572,-0.001150,-0.000454,-0.015497,0.604474,2.680956,79.226698
2.298649,0.064890,-2.999020,-0.171504,0.390065,-0.001171,-0.000500,-0.017635,0.627791,2.708803,79.269883
2.296491,0.062538,-2.936027,-0.163672,0.395659,-0.001252,-0.000566,-0.019907,0.656426,2.730471,79.314157
2.295812,0.059935,-2.862798,-0.155360,0.401166,-0.001636,-0.001147,-0.034384,0.686942,2.751259,79.358496
2.296328,0.056667,-2.790727,-0.146625,0.406453,-0.002091,-0.001218,-0.049552,0.717478,2.772024,79.404676
2.297974,0.053826,-2.717030,-0.137850,0.411437,-0.001230,-0.000724,-0.028584,0.749323,2.789886,79.452206
2.301964,0.052021,-2.603040,-0.129107,0.416126,-0.001564,-0.001424,-0.045041,0.780872,2.807680,79.499598
2.306994,0.048832,-2.495055,-0.121138,0.420389,-0.002555,-0.002666,-0.085467,0.814325,2.822932,79.546208
2.312291,0.044561,-2.420586,-0.113756,0.424292,-0.003638,-0.004230,-0.136606,0.847935,2.839010,79.592549
2.317668,0.040298,-2.383044,-0.107464,0.427964,-0.002291,-0.001325,-0.075678,0.883174,2.853570,79.638006
2.325377,0.041387,-2.263599,-0.103612,0.431017,-0.001169,-0.000824,-0.024402,0.913028,2.868171,79.680853
2.334711,0.040610,-2.108706,-0.101848,0.434624,-0.001592,-0.001149,-0.035857,0.948644,2.881815,79.723040
2.344098,0.036841,-2.010708,-0.101972,0.437553,-0.001921,-0.001126,-0.034932,0.982564,2.894502,79.763202
2.353508,0.032934,-1.955004,-0.101842,0.440369,-0.002192,-0.001142,-0.035757,1.019086,2.907293,79.799854
2.362980,0.030031,-1.927552,-0.103185,0.442821,-0.002337,-0.000894,-0.027167,1.054447,2.918644,79.836423
2.372420,0.028308,-1.917301,-0.102891,0.445140,-0.002589,-0.000946,-0.028967,1.090893,2.930597,79.873914
2.381778,0.027607,-1.915689,-0.103212,0.447285,-0.002756,-0.000887,-0.026892,1.127356,2.942574,79.911517
2.391021,0.027613,-1.918076,-0.103009,0.449364,-0.003030,-0.000929,-0.028128,1.164927,2.953146,79.949640
2.400052,0.028067,-1.921623,-0.103382,0.451479,-0.003280,-0.000869,-0.025691,1.200800,2.963217,79.987764
2.408841,0.028760,-1.925245,-0.102866,0.453664,-0.003480,-0.000960,-0.028958,1.237864,2.973962,80.025790
2.417498,0.029590,-1.928299,-0.102533,0.455946,-0.003718,-0.001027,-0.031044,1.276272,2.982241,80.063510
2.425981,0.030463,-1.930761,-0.100475,0.458121,-0.002120,-0.000364,-0.018450,1.315741,2.990986,80.102075
2.436235,0.032400,-1.906605,-0.098807,0.460092,-0.000862,-0.000361,-0.010454,1.352897,2.999388,80.142219
2.447800,0.033567,-1.871170,-0.096566,0.462067,-0.001008,-0.000401,-0.016818,1.390841,3.006343,80.181926
2.459356,0.034173,-1.840329,-0.093062,0.463913,-0.000867,-0.000363,-0.015313,1.428581,3.013592,80.220966
2.471266,0.034921,-1.796718,-0.089751,0.465721,-0.000755,-0.000330,-0.014656,1.469269,3.021242,80.259685
2.483474,0.035384,-1.746619,-0.086825,0.467114,-0.000606,-0.000287,-0.012880,1.513058,3.027351,80.299892
2.495958,0.035471,-1.694159,-0.084778,0.467839,-0.000546,-0.000209,-0.009119,1.553661,3.032524,80.342632
2.508527,0.035163,-1.644819,-0.078859,0.468092,-0.000726,-0.000282,-0.017757,1.592943,3.035962,80.385607
2.521106,0.035359,-1.582585,-0.072797,0.468208,-0.000725,-0.000296,-0.018858,1.632301,3.038314,80.426952
2.533857,0.035575,-1.501757,-0.066876,0.468221,-0.000622,-0.000271,-0.018610,1.674811,3.042511,80.467593
2.546854,0.035347,-1.408018,-0.063849,0.467841,-0.000515,-0.000153,-0.009614,1.716048,3.045663,80.509629
2.559912,0.034049,-1.319835,-0.059680,0.467220,-0.000623,-0.000198,-0.013495,1.756595,3.047881,80.552074
2.572862,0.032441,-1.240692,-0.056432,0.466536,-0.000493,-0.000157,-0.010485,1.799434,3.049464,80.593878
2.585879,0.030790,-1.167746,-0.054200,0.465675,-0.000598,-0.000466,-0.016155,1.839441,3.050469,80.636756
2.598651,0.028697,-1.115302,-0.051411,0.464914,-0.000470,-0.000355,-0.021638,1.882394,3.051532,80.679381
2.611444,0.027430,-1.071375,-0.048404,0.463874,-0.000532,-0.000150,-0.010391,1.923604,3.052922,80.721248
2.624006,0.026909,-1.012682,-0.045736,0.462819,-0.000541,-0.000584,-0.020785,1.964529,3.053730,80.763621
2.636370,0.025636,-0.967940,-0.042691,0.461767,-0.000459,-0.001171,-0.043168,2.008801,3.054546,80.806120
2.648650,0.024269,-0.941520,-0.041692,0.460409,-0.000528,-0.000428,-0.028535,2.049607,3.055404,80.849543
2.660562,0.024185,-0.906155,-0.041249,0.459215,-0.000300,-0.000095,-0.003179,2.094832,3.056946,80.892837
2.672402,0.023928,-0.857055,-0.040839,0.457031,-0.000336,-0.000043,-0.002890,2.138146,3.057834,80.936664
2.683812,0.022933,-0.825171,-0.040040,0.453732,-0.000351,-0.000188,-0.006428,2.177158,3.059850,80.980912
2.694703,0.021897,-0.805466,-0.038907,0.449852,-0.000159,-0.000078,-0.006752,2.220818,3.061621,81.022692
2.705251,0.021463,-0.787096,-0.038395,0.444613,-0.000114,-0.000111,-0.004006,2.262438,3.061944,81.064844
2.715164,0.021053,-0.770556,-0.036897,0.439175,0.000185,-0.000086,-0.007387,2.309446,3.059094,81.108170
2.724690,0.020959,-0.752904,-0.032137,0.432694,-0.000347,-0.000187,-0.017021,2.351343,3.059558,81.152809
2.732999,0.021569,-0.712601,-0.029509,0.425938,-0.000256,-0.000114,-0.009952,2.394352,3.058700,81.197474
2.740639,0.021589,-0.658425,-0.028210,0.419306,-0.000070,-0.000059,-0.004848,2.440831,3.055171,81.240555
2.747701,0.020630,-0.609927,-0.025381,0.411464,-0.000266,-0.000123,-0.010840,2.482251,3.055509,81.285456
2.753742,0.019561,-0.564301,-0.023748,0.402968,-0.000170,-0.000071,-0.006030,2.524796,3.053595,81.329608
2.758967,0.018345,-0.519917,-0.020047,0.392968,0.000410,-0.000827,-0.031746,2.568412,3.051179,81.372236
2.763760,0.016733,-0.489069,-0.015304,0.382968,0.001268,-0.001867,-0.072435,2.611168,3.049051,81.415828
2.768409,0.015236,-0.472698,-0.013051,0.372968,0.002295,-0.002360,-0.091825,2.655026,3.047278,81.459299
2.773032,0.014161,-0.464975,-0.009742,0.362968,0.001203,-0.000509,-0.052113,2.697209,3.046768,81.502674
2.775500,0.016096,-0.393785,-0.007993,0.352968,-0.000078,-0.000065,-0.006299,2.740915,3.044054,81.545921
2.775652,0.015970,-0.286659,-0.005772,0.342968,-0.000083,-0.000089,-0.008425,2.784070,3.042395,81.588839
2.774828,0.013550,-0.205109,-0.002889,0.332968,-0.000105,-0.000106,-0.010625,2.827028,3.039375,81.632160
2.773025,0.010900,-0.136876,0.000386,0.322968,-0.000120,-0.000118,-0.012246,2.869337,3.037111,81.675105
2.770250,0.008598,-0.073023,0.004052,0.312968,-0.000107,-0.000137,-0.013807,2.911797,3.035732,81.717257
2.766532,0.006667,-0.007849,0.007234,0.302968,-0.000142,-0.000115,-0.011721,2.953612,3.033888,81.758980
2.761824,0.004817,0.058044,0.009860,0.292968,0.000373,-0.000562,-0.021630,2.995995,3.032021,81.800763
2.756684,0.002405,0.107486,0.012689,0.282968,0.001396,-0.001240,-0.047834,3.036187,3.029558,81.842401
2.751611,-0.000010,0.131564,0.014817,0.272968,0.002285,-0.001617,-0.062408,3.076978,3.027932,81.883331
2.746467,-0.001620,0.145911,0.016124,0.263925,0.001099,-0.000331,-0.032694,3.114965,3.029164,81.924098
2.739288,-0.001126,0.192786,0.014873,0.256389,-0.000235,0.000055,0.004569,3.156991,3.027397,81.963480
2.730153,-0.001965,0.247696,0.013931,0.249434,-0.000335,0.000052,0.003601,3.197002,3.026633,82.002265
2.720381,-0.003919,0.269506,0.010776,0.243017,-0.000482,0.000150,0.012348,3.234655,3.025298,82.041649
2.710002,-0.005935,0.260122,0.008370,0.237053,-0.000213,0.000500,0.018484,3.273379,3.025207,82.080775
2.699481,-0.006764,0.236030,0.004279,0.230810,0.000294,0.001340,0.049950,3.311434,3.025192,82.118886
2.689041,-0.006589,0.215749,-0.002359,0.225170,0.000782,0.002698,0.101283,3.348020,3.026231,82.156278
2.678707,-0.006140,0.196945,-0.009684,0.219424,0.001229,0.004244,0.158574,3.383735,3.025725,82.192792
2.668388,-0.005592,0.179698,-0.017972,0.213520,0.001917,0.005878,0.219459,3.419552,3.025779,82.228361
2.658231,-0.005181,0.159084,-0.028090,0.207642,0.002573,0.008005,0.297385,3.455313,3.026853,82.263705
2.648110,-0.004680,0.138728,-0.039156,0.201243,0.003307,0.010108,0.373335,3.488817,3.028141,82.298325
2.637923,-0.004363,0.110697,-0.051580,0.195184,0.004383,0.012787,0.470575,3.524043,3.029418,82.332121
2.627895,-0.003625,0.091185,-0.066507,0.189445,0.006327,0.017542,0.643453,3.556973,3.030521,82.365864
2.618669,-0.001258,0.139059,-0.081004,0.183910,0.007641,0.020250,0.736622,3.588468,3.031234,82.399386
2.609440,-0.001481,0.162390,-0.095783,0.179102,0.009069,0.022980,0.830884,3.619679,3.031190,82.431024
2.600304,-0.002132,0.173866,-0.109567,0.174459,0.010261,0.025063,0.897849,3.648936,3.030232,82.461619
2.591034,-0.002961,0.165064,-0.122183,0.170483,0.011760,0.027271,0.976402,3.678339,3.028148,82.491393
2.582025,-0.002928,0.167910,-0.133186,0.166812,0.012870,0.028674,1.017291,3.708006,3.025586,82.520219
2.573004,-0.003154,0.157835,-0.143952,0.163606,0.006144,0.007599,0.496499,3.737035,3.022151,82.548780
2.556196,-0.025536,-0.416344,-0.148041,0.161858,-0.001070,0.000109,0.006302,3.762334,3.017286,82.577079
2.532799,-0.032119,-1.354869,-0.141943,0.162330,-0.001407,-0.000274,-0.011386,3.787938,3.008858,82.602984
2.510804,-0.015171,-1.942930,-0.134331,0.164890,-0.002135,-0.001201,-0.041536,3.815328,3.004060,82.627440
2.488849,0.005683,-2.252662,-0.129885,0.168744,-0.002697,-0.001870,-0.059298,3.841507,2.997626,82.652962
2.466423,0.022883,-2.395881,-0.127570,0.173769,-0.003759,-0.002352,-0.074777,3.865794,2.989653,82.679455
2.443158,0.034526,-2.456674,-0.127584,0.179855,-0.004199,-0.002313,-0.070466,3.890532,2.982182,82.706281
2.419838,0.041428,-2.469233,-0.130315,0.186382,-0.004877,-0.002033,-0.059615,3.912380,2.972977,82.732401
2.396382,0.044246,-2.466192,-0.132309,0.193958,-0.003079,-0.000514,-0.018032,3.934506,2.963933,82.757874
2.375601,0.045699,-2.423242,-0.135511,0.202084,-0.001932,0.000312,0.017344,3.955868,2.954306,82.783935
2.356922,0.044581,-2.367945,-0.139966,0.210498,-0.002486,0.000977,0.040343,3.976307,2.944900,82.810953
2.338594,0.041475,-2.327040,-0.145839,0.219188,-0.002677,0.001877,0.069628,3.999614,2.936002,82.837684
2.320996,0.037741,-2.299975,-0.153244,0.227942,-0.002952,0.002974,0.105748,4.019403,2.924363,82.865459
2.303899,0.034103,-2.283524,-0.159587,0.236963,-0.003353,0.003778,0.131878,4.037775,2.912564,82.893749
2.287273,0.030741,-2.278398,-0.164902,0.246497,-0.003841,0.004583,0.158182,4.055634,2.901262,82.921638
2.271147,0.028020,-2.275186,-0.169222,0.256497,-0.004351,0.005097,0.174025,4.073220,2.888660,82.949218
2.255577,0.025591,-2.277957,-0.172313,0.266497,-0.005029,0.005538,0.188273,4.090363,2.876071,82.976642
2.240477,0.023588,-2.280612,-0.174370,0.276497,-0.005886,0.005895,0.200272,4.107631,2.863026,83.004954
2.225739,0.021896,-2.280188,-0.175677,0.286497,-0.006775,0.006110,0.207293,4.124578,2.850254,83.033677
2.211371,0.020285,-2.279065,-0.176697,0.296497,-0.007494,0.006260,0.211581,4.143365,2.836024,83.062680
2.197560,0.018701,-2.278959,-0.177218,0.306497,-0.008444,0.006375,0.215630,4.159341,2.819731,83.092487
2.184107,0.017218,-2.277872,-0.176308,0.316497,-0.009376,0.006316,0.213568,4.179599,2.803591,83.123329
2.171150,0.015808,-2.276255,-0.176988,0.326497,-0.010412,0.006487,0.219859,4.198131,2.788818,83.155864
2.158428,0.014483,-2.272255,-0.177354,0.336497,-0.011564,0.006555,0.222802,4.211499,2.772119,83.188665
2.145845,0.013115,-2.268507,-0.175484,0.346497,-0.012842,0.006530,0.223286,4.228971,2.754601,83.219836
2.133478,0.011949,-2.258632,-0.173689,0.356497,-0.013939,0.006281,0.215490,4.246571,2.738033,83.250953
2.121485,0.010574,-2.252147,-0.172194,0.366497,-0.015212,0.006152,0.212429,4.260335,2.717930,83.282191
2.109668,0.009271,-2.244990,-0.168550,0.376497,-0.015462,0.005290,0.185049,4.275667,2.696742,83.313445
2.099233,0.007605,-2.251582,-0.163984,0.386255,-0.017952,0.005008,0.178104,4.289545,2.676419,83.345610
2.087993,0.006837,-2.242499,-0.158180,0.395973,-0.009570,0.000837,0.065890,4.303447,2.655599,83.377847
2.086884,0.002550,-2.318810,-0.151236,0.404761,-0.001503,-0.000413,-0.015471,4.317744,2.632985,83.408945
2.095609,0.001766,-2.420249,-0.144326,0.412622,-0.001499,-0.000439,-0.016564,4.329967,2.609226,83.439488
2.105632,0.004945,-2.449559,-0.137233,0.419232,-0.001369,-0.000429,-0.017101,4.342835,2.585446,83.470117
2.116704,0.008929,-2.423343,-0.130381,0.424592,-0.001278,-0.000445,-0.018122,4.356749,2.559523,83.498801
2.128547,0.012253,-2.362384,-0.124835,0.428737,-0.001619,-0.001158,-0.033318,4.369755,2.535020,83.526531
2.140527,0.013649,-2.302716,-0.119336,0.431891,-0.001532,-0.000653,-0.029186,4.376434,2.506909,83.554950
2.153058,0.015329,-2.227342,-0.111509,0.433815,-0.001187,-0.000484,-0.021545,4.390596,2.480623,83.583802
2.166396,0.016998,-2.122161,-0.107667,0.434957,-0.000986,-0.000270,-0.010410,4.401306,2.450974,83.612781
2.180041,0.017295,-2.021505,-0.105118,0.434946,-0.001032,-0.000557,-0.015268,4.412889,2.422641,83.642434
2.193573,0.016248,-1.950750,-0.104232,0.434727,-0.001017,-0.000778,-0.022754,4.422310,2.393270,83.672961
2.206977,0.014862,-1.914471,-0.102585,0.433908,-0.001067,-0.001110,-0.033708,4.430896,2.364818,83.703823
2.220199,0.014037,-1.897904,-0.099718,0.432740,-0.001176,-0.001721,-0.054067,4.440959,2.336590,83.734668
2.233187,0.013838,-1.893103,-0.097710,0.431191,-0.001074,-0.002123,-0.067825,4.449625,2.306466,83.764834
2.246037,0.014182,-1.893476,-0.094949,0.429457,-0.000892,-0.000699,-0.037598,4.458048,2.275490,83.795578
2.258833,0.016870,-1.846537,-0.092290,0.427189,-0.000789,-0.000611,-0.017871,4.466138,2.246038,83.827392
2.271343,0.018321,-1.778171,-0.089978,0.424222,-0.000564,-0.001111,-0.035056,4.467685,2.212292,83.858222
2.283666,0.018052,-1.737892,-0.084816,0.420548,-0.000587,-0.000539,-0.030303,4.474470,2.179812,83.890357
2.295701,0.019233,-1.674455,-0.080096,0.416791,-0.000679,-0.000330,-0.016202,4.480683,2.145861,83.924779
2.307308,0.020133,-1.587879,-0.076702,0.412336,-0.000506,-0.000766,-0.024029,4.481851,2.110939,83.959409
2.318603,0.019449,-1.519404,-0.072158,0.407617,-0.000446,-0.000610,-0.031076,4.487829,2.078756,83.994409
2.329571,0.019240,-1.454388,-0.067639,0.402468,-0.000549,-0.000286,-0.015203,4.492344,2.044426,84.029132
2.339974,0.019472,-1.367508,-0.063554,0.397042,-0.000465,-0.000248,-0.013409,4.499564,2.010684,84.063365
2.349928,0.019043,-1.284078,-0.060229,0.391266,-0.000407,-0.000231,-0.012504,4.508290,1.975874,84.097755
2.359393,0.018164,-1.210074,-0.058794,0.385389,-0.000405,-0.000101,-0.004537,4.527692,1.946444,84.132963
2.368176,0.016945,-1.150452,-0.061626,0.379618,-0.000206,0.000142,0.010069,4.533880,1.908863,84.166055
2.376345,0.014971,-1.126600,-0.063318,0.373894,-0.000456,0.000061,0.005968,4.534407,1.875618,84.200153
2.383520,0.013325,-1.134625,-0.061389,0.367490,-0.000386,-0.000113,-0.006305,4.547224,1.841476,84.235879
2.390099,0.013193,-1.140357,-0.064327,0.362225,-0.000263,0.000138,0.010365,4.550436,1.805891,84.269898
2.396021,0.012989,-1.151307,-0.062625,0.356390,-0.000435,-0.000111,-0.005693,4.549909,1.769464,84.305144
2.401156,0.013403,-1.161685,-0.060630,0.350215,-0.000312,-0.000135,-0.007073,4.549707,1.732006,84.341536
2.405775,0.014359,-1.153474,-0.057076,0.343738,-0.000398,-0.000216,-0.012450,4.548780,1.694837,84.378396
2.409699,0.015455,-1.124817,-0.054547,0.337413,-0.000450,-0.000174,-0.009134,4.550301,1.659866,84.415936
2.412945,0.016052,-1.083114,-0.054043,0.331722,-0.000150,-0.000125,-0.003493,4.553948,1.623940,84.452596
2.415868,0.015668,-1.048418,-0.056178,0.326790,0.000374,0.000340,0.012559,4.556072,1.589114,84.488405
2.418684,0.014796,-1.030151,-0.059387,0.322146,0.000879,0.001017,0.035739,4.562841,1.555493,84.523811
2.421361,0.014022,-1.023583,-0.066053,0.318690,0.001747,0.002601,0.090440,4.566678,1.520406,84.558158
2.424204,0.013677,-1.018762,-0.073809,0.315584,0.002045,0.003770,0.130395,4.571294,1.485444,84.592757
2.426572,0.012953,-1.035720,-0.084259,0.313289,0.000997,0.001441,0.096018,4.577501,1.452713,84.627850
2.427017,0.008498,-1.157932,-0.096318,0.311815,-0.000270,0.000528,0.035942,4.577347,1.416039,84.661828
2.425379,0.005692,-1.384332,-0.106836,0.310035,-0.000018,0.001974,0.068857,4.580026,1.383564,84.696618
2.423197,0.008554,-1.564402,-0.118625,0.308871,0.001203,0.004195,0.145172,4.582317,1.347839,84.731042
2.421165,0.013783,-1.666568,-0.130546,0.307873,0.000596,0.001500,0.094870,4.583817,1.313742,84.764408
2.417293,0.013779,-1.837923,-0.139824,0.306465,-0.000363,0.000304,0.022638,4.583785,1.280718,84.798404
2.411585,0.014792,-2.069015,-0.145867,0.304610,-0.000202,0.000748,0.028379,4.584367,1.247859,84.831481
2.405330,0.019897,-2.241416,-0.152593,0.302993,0.000830,0.001667,0.056945,4.585164,1.207440,84.863370
2.399159,0.026335,-2.347826,-0.162071,0.301629,0.000873,0.002699,0.095165,4.577522,1.183220,84.898179
2.391789,0.031880,-2.409424,-0.169118,0.300216,0.000703,0.001003,0.061724,4.574482,1.150814,84.929787
2.383289,0.033557,-2.500749,-0.175287,0.298558,-0.000006,0.000645,0.024438,4.565445,1.117599,84.956266
2.373349,0.035276,-2.620462,-0.180848,0.296242,-0.000030,0.000283,0.020952,4.557062,1.085803,84.985870
2.362637,0.037800,-2.723344,-0.186088,0.293748,0.000052,0.000488,0.018632,4.545481,1.053919,85.016779
2.351239,0.040996,-2.810115,-0.190369,0.290671,0.000805,0.000930,0.032791,4.534771,1.022142,85.047757
2.339827,0.044539,-2.864063,-0.196561,0.287484,0.001728,0.001537,0.051992,4.525502,0.991382,85.079282
2.328388,0.047456,-2.893944,-0.202746,0.284505,0.002482,0.002082,0.069118,4.507112,0.964364,85.111475
2.316855,0.049326,-2.908050,-0.208504,0.280801,0.003437,0.002580,0.083890,4.494358,0.936551,85.143663
2.305462,0.050128,-2.912528,-0.215377,0.277143,0.004401,0.003118,0.099659,4.478466,0.908878,85.175333
2.294212,0.049981,-2.912445,-0.221624,0.273367,0.005426,0.003619,0.114529,4.461235,0.882935,85.208004
2.283222,0.049145,-2.909501,-0.227106,0.269725,0.006192,0.004034,0.127016,4.445004,0.859257,85.241971
2.272412,0.047807,-2.905506,-0.229952,0.267280,0.002805,0.001214,0.060107,4.425563,0.835301,85.275011
2.258001,0.043082,-2.975858,-0.231629,0.265291,-0.000233,0.000002,0.003256,4.405992,0.812483,85.308642
2.240651,0.039553,-3.097951,-0.230295,0.264640,-0.000289,-0.000064,0.000498,4.382100,0.791554,85.343398
2.223704,0.039253,-3.195324,-0.228310,0.263444,-0.000426,-0.000136,-0.001534,4.360455,0.772059,85.379281
2.206882,0.040451,-3.264141,-0.224863,0.262478,-0.000689,-0.000177,-0.003673,4.339477,0.753642,85.416135
2.190176,0.042034,-3.304398,-0.220757,0.261466,-0.000664,-0.000403,-0.009477,4.314962,0.736467,85.451706
2.173927,0.043010,-3.323673,-0.217694,0.259144,-0.000630,-0.000336,-0.009971,4.292517,0.721321,85.487249
2.157970,0.043277,-3.324945,-0.215566,0.256527,-0.000409,-0.000270,-0.005233,4.266198,0.708972,85.522726
2.142444,0.042543,-3.310687,-0.214630,0.253135,-0.000121,-0.000337,-0.007887,4.240046,0.697851,85.559211
2.127294,0.040537,-3.296923,-0.214482,0.249532,0.000199,-0.000347,-0.008491,4.212431,0.688517,85.597083
2.112556,0.037744,-3.286067,-0.215424,0.245894,0.000600,-0.000263,-0.006176,4.186263,0.681975,85.635202
2.098218,0.034557,-3.279215,-0.216915,0.243250,0.001022,-0.000105,-0.001912,4.158876,0.676330,85.673849
2.084397,0.031304,-3.276055,-0.220101,0.241070,0.001508,0.000199,0.007054,4.132917,0.673159,85.712747
2.071017,0.028144,-3.276317,-0.222550,0.239910,0.002012,0.000500,0.014784,4.104999,0.670591,85.751530
2.058259,0.025253,-3.278307,-0.226967,0.238797,0.001216,0.000378,0.015875,4.078510,0.670768,85.790756
2.044612,0.022023,-3.293470,-0.231041,0.237567,0.000078,0.000322,0.011783,4.048960,0.672360,85.830392
2.029785,0.018932,-3.322956,-0.235482,0.235971,0.000748,0.000783,0.024452,4.018331,0.674569,85.871289
2.015521,0.016650,-3.346457,-0.241770,0.233230,0.001512,0.001354,0.041214,3.990283,0.679766,85.914115
2.001540,0.014710,-3.364324,-0.247623,0.230616,0.002300,0.001901,0.056731,3.964440,0.686551,85.957426
1.987956,0.012915,-3.376651,-0.252592,0.228436,0.001520,0.001003,0.039060,3.936840,0.693595,86.000043
1.973257,0.009750,-3.415503,-0.257092,0.226324,0.000202,0.000312,0.010967,3.910694,0.702198,86.041554
1.957076,0.006463,-3.486035,-0.260722,0.224277,0.000777,0.000640,0.020062,3.887225,0.711675,86.082683
1.941442,0.004706,-3.540499,-0.262895,0.223116,0.000284,0.000258,0.011883,3.862442,0.722171,86.122576
1.925394,0.002981,-3.593483,-0.263981,0.222830,-0.000080,0.000048,0.002880,3.834059,0.740966,86.161246
1.909267,0.001455,-3.643458,-0.266304,0.221959,-0.000401,0.000013,0.004244,3.818345,0.743459,86.203228
1.892916,0.000036,-3.682998,-0.264244,0.224264,-0.000782,-0.000211,-0.003468,3.798028,0.757729,86.240401
1.877032,-0.001365,-3.713189,-0.260915,0.227216,-0.001406,-0.000522,-0.011750,3.778315,0.773516,86.270977
1.861574,-0.002860,-3.733107,-0.256760,0.230735,-0.001101,-0.000355,-0.010316,3.757104,0.793353,86.304269
1.847597,-0.003989,-3.732661,-0.251201,0.234233,-0.001260,-0.000604,-0.014108,3.739981,0.807819,86.340430
1.834716,-0.005396,-3.716709,-0.246217,0.239274,-0.002330,-0.001231,-0.030683,3.722437,0.824634,86.375344
1.822140,-0.007547,-3.703577,-0.240174,0.245205,-0.001949,-0.000737,-0.023606,3.706618,0.840911,86.406568
1.811576,-0.008716,-3.665084,-0.232735,0.252248,-0.001171,-0.000386,-0.011355,3.691723,0.858386,86.436833
1.803540,-0.009491,-3.595378,-0.224430,0.260048,-0.001133,-0.000433,-0.013341,3.677530,0.881862,86.465890
1.797358,-0.010577,-3.513333,-0.213609,0.267663,-0.001426,-0.000615,-0.019924,3.664491,0.903382,86.495866
1.792897,-0.011504,-3.415614,-0.202514,0.275373,-0.001484,-0.000656,-0.021565,3.652391,0.925390,86.526618
1.790339,-0.012110,-3.298337,-0.191275,0.282658,-0.001452,-0.000675,-0.023227,3.641694,0.947967,86.554581
1.789641,-0.012497,-3.165864,-0.179272,0.289804,-0.001448,-0.000744,-0.026760,3.629614,0.970474,86.580235
1.790724,-0.012612,-3.019699,-0.167576,0.296586,-0.001699,-0.000812,-0.028523,3.620581,0.992783,86.606088
1.793158,-0.012569,-2.863626,-0.156641,0.302767,-0.001421,-0.000713,-0.026347,3.613868,1.016934,86.631633
1.797255,-0.012348,-2.701600,-0.143905,0.308532,-0.002391,-0.002759,-0.077150,3.605650,1.041247,86.656286
1.801776,-0.013634,-2.576779,-0.131641,0.313414,-0.003873,-0.005663,-0.162791,3.595777,1.063217,86.681694
1.806109,-0.015812,-2.512068,-0.120152,0.317392,-0.002751,-0.002280,-0.098882,3.590094,1.085683,86.706672
1.812770,-0.011278,-2.334601,-0.108191,0.320776,-0.001268,-0.000855,-0.035775,3.582940,1.109372,86.730726
1.821529,-0.007234,-2.082837,-0.096437,0.323149,-0.001234,-0.000865,-0.036273,3.575562,1.133365,86.754675
1.830736,-0.005750,-1.857429,-0.085496,0.324109,-0.000992,-0.000811,-0.035295,3.567428,1.156228,86.779469
1.840515,-0.004961,-1.654700,-0.074328,0.324075,-0.000972,-0.000832,-0.036303,3.559818,1.180966,86.804250
1.850544,-0.004071,-1.465260,-0.063819,0.323113,-0.000924,-0.000741,-0.033164,3.557671,1.205324,86.829100
1.860680,-0.002978,-1.283255,-0.051772,0.321910,-0.000591,-0.000808,-0.038127,3.554015,1.232371,86.854458
1.871180,-0.001442,-1.099983,-0.036870,0.320198,-0.000875,-0.000999,-0.047817,3.551835,1.255785,86.880759
1.881353,0.000900,-0.896020,-0.022936,0.318900,-0.000414,-0.000942,-0.045610,3.544575,1.282592,86.907074
1.891857,0.003274,-0.675307,-0.007715,0.317591,-0.000618,-0.001045,-0.050780,3.540771,1.307215,86.932847
1.901938,0.005642,-0.442424,0.006369,0.316640,-0.000324,-0.000965,-0.046626,3.531887,1.333214,86.958894
1.912020,0.007713,-0.203685,0.020599,0.316058,-0.000413,-0.001139,-0.053948,3.528118,1.358465,86.985508
1.921747,0.009341,0.028772,0.036816,0.317657,-0.000388,-0.001268,-0.060233,3.523910,1.384874,87.012016
1.931256,0.011380,0.272960,0.055038,0.321282,-0.000388,-0.001226,-0.059991,3.515415,1.410167,87.038248
1.940541,0.013983,0.545060,0.073266,0.326340,-0.000411,-0.001274,-0.061664,3.509590,1.435653,87.065913
1.949614,0.016183,0.828876,0.089231,0.333044,-0.000529,-0.001109,-0.053421,3.499235,1.460276,87.093903
1.958539,0.017543,1.108902,0.103841,0.341365,-0.000593,-0.000951,-0.046355,3.489464,1.485961,87.121588
1.967490,0.018071,1.372890,0.117316,0.349881,-0.000624,-0.000935,-0.044657,3.475233,1.509140,87.150658
1.976478,0.017806,1.612703,0.126941,0.358833,-0.000905,-0.001843,-0.059220,3.461830,1.533300,87.181224
1.985458,0.015501,1.795713,0.135920,0.368031,-0.000959,-0.001144,-0.056638,3.450263,1.557693,87.212557
1.994541,0.014348,1.955666,0.143342,0.377408,-0.000845,-0.000417,-0.021670,3.437915,1.582962,87.244729
2.004013,0.013476,2.127916,0.149575,0.386825,-0.000880,-0.000319,-0.017921,3.422488,1.606679,87.277188
2.013848,0.011459,2.270885,0.153241,0.396549,-0.001013,-0.000156,-0.010665,3.406200,1.631302,87.310916
2.024052,0.008759,2.383309,0.156077,0.406248,-0.001185,-0.000155,-0.010507,3.389788,1.653934,87.346578
2.034575,0.005732,2.465363,0.156669,0.415874,-0.001209,0.000040,-0.002147,3.371260,1.675674,87.383013
2.045682,0.002693,2.524727,0.156028,0.425310,-0.001706,0.000209,0.002653,3.351890,1.697479,87.419557
2.056990,-0.000343,2.560656,0.154151,0.433869,-0.001790,0.000258,0.006154,3.333031,1.718550,87.457218
2.068891,-0.003374,2.574201,0.151031,0.441355,-0.001688,0.000619,0.015910,3.312163,1.738916,87.494628
2.081556,-0.005973,2.573281,0.147158,0.447650,-0.001579,0.000407,0.015180,3.289391,1.758480,87.531794
2.094919,-0.008853,2.549398,0.143098,0.453420,-0.000996,0.000252,0.008802,3.265952,1.777210,87.570350
2.109391,-0.011448,2.503703,0.137370,0.458369,-0.001080,0.000363,0.014114,3.240389,1.795120,87.609317
2.124358,-0.013567,2.446323,0.132064,0.461960,-0.000932,0.000334,0.013683,3.213400,1.811904,87.649068
2.139885,-0.015280,2.378632,0.126144,0.463413,-0.000837,0.000377,0.015830,3.186821,1.827741,87.689804
2.155762,-0.016639,2.303280,0.120388,0.462936,-0.000790,0.000364,0.015942,3.159219,1.843214,87.729728
2.171739,-0.017686,2.221991,0.115990,0.460327,-0.000513,0.000280,0.012305,3.128987,1.857398,87.768308
2.187731,-0.018236,2.142000,0.112214,0.454506,-0.000387,0.000242,0.010995,3.097834,1.870286,87.806301
2.203230,-0.018371,2.069663,0.108564,0.444506,-0.000113,0.000227,0.010526,3.066225,1.882086,87.843506
2.217973,-0.018365,2.003957,0.105590,0.434506,-0.000175,0.000184,0.008643,3.033805,1.893797,87.878930
2.231583,-0.018269,1.945326,0.104970,0.424506,0.000013,0.000057,0.001817,3.000928,1.904249,87.913506
2.244178,-0.017810,1.901809,0.104586,0.414506,-0.000199,0.000047,0.000855,2.968579,1.914337,87.948728
2.255368,-0.017272,1.875376,0.108633,0.404506,0.000084,-0.000214,-0.013127,2.934690,1.923475,87.983243
2.265354,-0.016335,1.875814,0.117038,0.394506,0.000207,-0.000333,-0.021371,2.900461,1.932098,88.017650
2.273682,-0.014746,1.926048,0.128129,0.384506,0.000244,-0.000434,-0.027420,2.866145,1.939767,88.052902
2.280072,-0.013383,2.023816,0.140932,0.374506,0.000366,-0.000479,-0.028406,2.830359,1.946540,88.088677
2.284439,-0.012838,2.161035,0.155164,0.364506,0.000394,-0.000470,-0.029189,2.795296,1.952101,88.125345
2.286522,-0.013398,2.324463,0.168743,0.354506,0.000421,-0.000413,-0.025256,2.759833,1.956173,88.161779
2.286297,-0.015310,2.497727,0.180636,0.344506,0.000432,-0.000341,-0.019896,2.724081,1.958133,88.197672
2.283827,-0.018562,2.664714,0.189358,0.334506,0.000308,-0.000212,-0.013301,2.688340,1.958482,88.233591
2.279198,-0.022903,2.811123,0.195914,0.324506,0.000242,-0.000137,-0.009408,2.652869,1.956271,88.269879
2.272620,-0.027803,2.929917,0.200133,0.314506,0.000148,-0.000081,-0.005676,2.617957,1.951548,88.306808
2.264270,-0.032714,3.020337,0.201862,0.305650,0.000106,-0.000006,-0.002089,2.582537,1.945152,88.344856
2.254583,-0.037185,3.082828,0.200567,0.298612,-0.000123,0.000080,0.001869,2.547565,1.937164,88.384463
2.243901,-0.040959,3.117413,0.198151,0.293964,-0.000280,0.000125,0.003668,2.513481,1.926549,88.425912
2.232733,-0.043702,3.127325,0.193984,0.290839,-0.000417,0.000176,0.005887,2.480550,1.913840,88.468566
2.221507,-0.045308,3.115350,0.188228,0.289635,-0.000585,0.000241,0.008591,2.449231,1.898508,88.512441
2.210641,-0.045792,3.083379,0.179830,0.289726,-0.000756,0.000358,0.014067,2.419504,1.881500,88.557751
2.200594,-0.045373,3.029895,0.167599,0.291504,-0.000918,0.000477,0.021074,2.390458,1.862186,88.603890
2.191945,-0.044511,2.944448,0.153417,0.294409,-0.001006,0.000588,0.027682,2.363167,1.841507,88.650828
2.185069,-0.043184,2.821387,0.137350,0.297856,-0.001060,0.000696,0.034283,2.337786,1.819298,88.698822
2.180183,-0.041392,2.655499,0.119766,0.301554,-0.001074,0.000770,0.039663,2.314355,1.794810,88.747097
2.177393,-0.039159,2.442998,0.102600,0.304409,-0.000897,0.000782,0.043626,2.291475,1.770330,88.795691
2.176638,-0.036204,2.194930,0.084873,0.306866,-0.000851,0.000829,0.047685,2.269123,1.744585,88.844326
2.177613,-0.032859,1.917625,0.068558,0.308833,-0.001429,0.003693,0.117096,2.247561,1.718871,88.892409
2.179355,-0.026252,1.697088,0.053399,0.311436,-0.002429,0.007198,0.231144,2.227783,1.692763,88.938960
2.181305,-0.018976,1.568432,0.038936,0.315581,-0.003156,0.010647,0.343473,2.208215,1.665834,88.982121
2.183630,-0.013511,1.497210,0.022813,0.320780,-0.003702,0.013282,0.432153,2.189039,1.638862,89.022821
2.186346,-0.011383,1.417746,0.005841,0.327071,-0.004792,0.019157,0.623761,2.171149,1.611749,89.060702
2.188709,-0.007589,1.424662,-0.012752,0.334229,-0.005199,0.023861,0.777799,2.151996,1.584456,89.095372
2.191185,-0.006202,1.433674,-0.032454,0.341106,-0.005334,0.028527,0.928464,2.134046,1.556720,89.125653
2.193635,-0.006016,1.434967,-0.053804,0.348089,-0.005200,0.033449,1.086933,2.116841,1.528969,89.152862
2.195957,-0.006043,1.435848,-0.076283,0.355176,-0.002825,0.010118,0.550529,2.098922,1.502090,89.180167
2.200037,-0.034203,0.749779,-0.092330,0.361915,-0.000513,0.000815,0.045978,2.078438,1.475311,89.207728
2.206908,-0.047386,-0.325927,-0.097632,0.368351,-0.000877,0.001183,0.035854,2.060623,1.449961,89.236348
2.215086,-0.036110,-1.015458,-0.099995,0.375705,-0.001487,0.001710,0.056132,2.041884,1.424461,89.265439
2.223460,-0.020377,-1.373110,-0.103660,0.383300,-0.002017,0.002418,0.082270,2.020380,1.399166,89.295487
2.231410,-0.007803,-1.542714,-0.107842,0.390716,-0.001846,0.001110,0.058976,2.001450,1.374334,89.327856
2.239489,-0.001367,-1.668456,-0.113066,0.397965,-0.001054,0.001008,0.035302,1.978775,1.349070,89.361442
2.248378,0.002905,-1.789952,-0.119197,0.404456,-0.001252,0.002178,0.074358,1.955865,1.324759,89.396029
2.256966,0.007458,-1.856960,-0.124843,0.410170,-0.001582,0.003178,0.108798,1.934194,1.300832,89.431958
2.265060,0.011188,-1.891559,-0.132013,0.415309,-0.001123,0.001164,0.069326,1.910231,1.276198,89.468347
2.273253,0.010695,-1.988828,-0.139554,0.419545,-0.000582,0.001181,0.041189,1.888051,1.253740,89.505898
2.281670,0.011520,-2.123624,-0.143884,0.423034,-0.000669,0.000482,0.031155,1.861682,1.232345,89.543590
2.289801,0.013733,-2.243651,-0.146753,0.426094,-0.000747,0.000383,0.015622,1.835027,1.211219,89.581359
2.297638,0.017295,-2.349379,-0.147292,0.428932,-0.000826,0.000064,0.008555,1.808108,1.190860,89.620010
2.305287,0.021530,-2.423428,-0.146119,0.431312,-0.000845,-0.000118,-0.002161,1.779684,1.171291,89.658515
2.312861,0.025919,-2.470929,-0.145287,0.433529,-0.001076,-0.000214,-0.003141,1.750640,1.154559,89.697849
2.320112,0.029896,-2.493348,-0.144946,0.435459,-0.000788,-0.000121,-0.002213,1.718965,1.135374,89.737085
2.327516,0.033192,-2.500657,-0.144205,0.436662,-0.000787,-0.000188,-0.003254,1.688560,1.117680,89.776700
2.334788,0.035676,-2.499053,-0.143132,0.437145,-0.000650,-0.000138,-0.003790,1.654277,1.100919,89.816313
2.342073,0.037658,-2.490592,-0.142568,0.436585,-0.000553,-0.000095,-0.001019,1.621264,1.085767,89.855438
2.349204,0.039098,-2.477628,-0.142176,0.435007,-0.000424,-0.000122,-0.001570,1.586519,1.071936,89.894329
2.356142,0.040007,-2.466595,-0.143304,0.432772,-0.000061,0.000056,0.003894,1.551009,1.059156,89.931923
2.362942,0.040625,-2.459415,-0.145111,0.428930,-0.000003,0.000060,0.006222,1.514822,1.047191,89.969812
2.369102,0.040894,-2.461691,-0.148543,0.423455,0.000469,0.000458,0.016438,1.475061,1.036174,90.007534
2.374742,0.041334,-2.470673,-0.153752,0.416285,0.001451,0.001160,0.039724,1.440392,1.027486,90.046941
2.380036,0.042093,-2.478362,-0.157441,0.408454,0.001019,0.000448,0.026511,1.404989,1.019757,90.086189
2.383624,0.041808,-2.513129,-0.161439,0.400093,0.000696,0.000468,0.016981,1.368758,1.014427,90.122481
2.385589,0.042246,-2.565582,-0.164578,0.391279,0.001944,0.000912,0.030554,1.330879,1.009420,90.158888
2.387506,0.044044,-2.601784,-0.170978,0.382812,0.001707,0.000646,0.031762,1.295047,1.007829,90.196733
2.387571,0.045148,-2.648585,-0.177965,0.374541,0.000326,0.000249,0.015165,1.260002,1.007141,90.234334
2.384664,0.045888,-2.722407,-0.184689,0.367346,0.000522,0.000259,0.013051,1.219180,1.004363,90.270262
2.380535,0.047474,-2.799160,-0.191209,0.361079,0.000223,0.000190,0.011710,1.183056,1.006649,90.307894
2.374769,0.049605,-2.873634,-0.199160,0.355966,0.000186,0.000177,0.010976,1.146907,1.005773,90.346244
2.367615,0.051923,-2.947459,-0.208370,0.351620,0.000950,0.000658,0.022066,1.105743,1.009526,90.382746
2.359833,0.054757,-3.010045,-0.216013,0.347832,0.001825,0.001157,0.038015,1.067424,1.016032,90.421571
2.351729,0.057812,-3.052297,-0.221357,0.345243,0.001473,0.000676,0.030749,1.030668,1.025966,90.463276
2.342464,0.059652,-3.095264,-0.225602,0.344041,0.000159,0.000205,0.008434,0.995992,1.037647,90.504950
2.331363,0.060753,-3.153819,-0.227882,0.344133,0.000489,0.000375,0.012999,0.959176,1.048528,90.546474
2.320442,0.062461,-3.195057,-0.230330,0.345797,0.000362,0.000484,0.017115,0.925966,1.062893,90.588839
2.309380,0.064029,-3.222359,-0.229753,0.348446,0.000147,0.000413,0.015257,0.892811,1.079541,90.631571
2.298489,0.065081,-3.239557,-0.227635,0.352273,-0.000562,0.000280,0.011740,0.861230,1.098235,90.674431
2.287581,0.065520,-3.248659,-0.222294,0.356131,-0.001592,-0.000131,0.000181,0.832188,1.118294,90.718165
2.276677,0.065222,-3.253939,-0.209603,0.359255,-0.002893,-0.000993,-0.026312,0.807153,1.143685,90.762356
2.266153,0.064431,-3.254066,-0.194365,0.362919,-0.002434,-0.000796,-0.032201,0.781844,1.169670,90.807517
2.258110,0.064664,-3.216764,-0.178018,0.366548,-0.002203,-0.001770,-0.053164,0.761540,1.199518,90.854038
2.252349,0.063893,-3.151209,-0.160675,0.369929,-0.003641,-0.003610,-0.113755,0.735032,1.226244,90.901500
2.247331,0.061379,-3.091216,-0.145766,0.372803,-0.003345,-0.002424,-0.108457,0.713718,1.258291,90.949417
2.244562,0.061009,-2.971501,-0.131647,0.375733,-0.001169,-0.000968,-0.043204,0.694851,1.289463,90.997459
2.245709,0.060903,-2.742993,-0.119236,0.378522,-0.001510,-0.002045,-0.063555,0.680734,1.323458,91.045462
2.248089,0.055613,-2.528586,-0.107468,0.381115,-0.002892,-0.004469,-0.143283,0.668553,1.357380,91.092809
2.250739,0.046698,-2.391823,-0.097355,0.383686,-0.003777,-0.006195,-0.199366,0.657724,1.390964,91.138754
2.254010,0.038695,-2.298063,-0.089972,0.386052,-0.004123,-0.007348,-0.239494,0.641801,1.425073,91.181179
2.258050,0.032710,-2.234071,-0.085330,0.387563,-0.004465,-0.008298,-0.271530,0.624059,1.458565,91.219166
2.262417,0.028360,-2.199083,-0.083001,0.388404,-0.002693,-0.002578,-0.145506,0.608576,1.493994,91.255000
2.268932,0.031781,-2.039072,-0.083242,0.388561,-0.000504,0.000009,0.001985,0.595489,1.527071,91.291020
2.277465,0.032654,-1.791457,-0.084902,0.388446,-0.000368,0.000315,0.012501,0.579203,1.561638,91.326515
2.285967,0.027872,-1.640618,-0.089616,0.388011,-0.000140,0.001334,0.045566,0.570120,1.596023,91.362061
2.294440,0.022681,-1.558183,-0.091901,0.387363,-0.000182,0.000414,0.027127,0.559953,1.631618,91.397926
2.302721,0.017416,-1.553363,-0.092422,0.386804,-0.000390,0.000085,0.004055,0.548020,1.667658,91.433483
2.310747,0.014708,-1.588452,-0.094007,0.386938,-0.000319,0.000118,0.007761,0.535331,1.704238,91.469745
2.318709,0.014145,-1.623700,-0.095737,0.387526,-0.000397,0.000321,0.011890,0.520556,1.739247,91.506951
2.326419,0.014730,-1.655753,-0.099012,0.388818,-0.000391,0.000326,0.018982,0.510360,1.775500,91.544244
2.333889,0.015281,-1.691411,-0.101287,0.390196,-0.000568,0.000129,0.008997,0.495036,1.808807,91.581301
2.341010,0.015911,-1.739340,-0.107375,0.392626,-0.000403,0.000391,0.022632,0.486157,1.845374,91.617549
2.347958,0.016564,-1.796249,-0.111332,0.394470,-0.000514,0.000235,0.014823,0.478847,1.882195,91.653405
2.354537,0.017471,-1.865437,-0.115589,0.395746,-0.000417,0.000650,0.023970,0.469500,1.918489,91.690430
2.360854,0.019322,-1.926400,-0.121823,0.396975,-0.000375,0.000411,0.028538,0.462407,1.955166,91.727834
2.366649,0.020504,-1.996541,-0.129197,0.397617,-0.000225,0.000438,0.025019,0.454110,1.992449,91.765121
2.371892,0.021700,-2.087149,-0.136721,0.397480,0.000094,0.001088,0.038065,0.445111,2.029958,91.802942
2.376635,0.024061,-2.173516,-0.144634,0.396714,0.000149,0.000609,0.038379,0.436485,2.066278,91.841024
2.380451,0.025863,-2.267797,-0.151973,0.395670,0.000158,0.000887,0.031809,0.432513,2.103825,91.878605
2.383325,0.028498,-2.370545,-0.157861,0.393933,0.000754,0.001628,0.056368,0.428720,2.140209,91.915664
2.385851,0.032559,-2.438282,-0.163925,0.392295,0.000563,0.000681,0.041878,0.428758,2.179036,91.952378
2.387175,0.034956,-2.518117,-0.170148,0.390148,-0.000074,0.000179,0.012692,0.429290,2.216777,91.989946
2.386867,0.037183,-2.623398,-0.175913,0.387659,0.000043,0.000304,0.016072,0.432666,2.253174,92.027844
2.385685,0.040714,-2.712643,-0.180988,0.385407,0.000182,0.000452,0.017232,0.435550,2.289907,92.064839
2.383691,0.044737,-2.786293,-0.186341,0.383621,0.000881,0.000970,0.034067,0.441938,2.328091,92.101197
2.381450,0.049076,-2.832920,-0.191927,0.381879,0.001561,0.001560,0.053215,0.450678,2.363903,92.137332
2.378933,0.053006,-2.856660,-0.198244,0.380353,0.000961,0.000574,0.033074,0.458956,2.401515,92.172784
2.374876,0.054465,-2.904246,-0.203509,0.379418,0.000188,0.000342,0.013092,0.468354,2.438771,92.208781
2.369403,0.055831,-2.970356,-0.208109,0.379255,0.000531,0.000645,0.022746,0.480724,2.474536,92.245486
2.363763,0.058216,-3.018751,-0.211344,0.379927,0.000774,0.000890,0.030776,0.487035,2.509528,92.282652
2.358037,0.060828,-3.049610,-0.213029,0.381575,0.000861,0.001009,0.034342,0.500840,2.545561,92.320116
2.352315,0.063094,-3.067428,-0.214815,0.383321,0.000910,0.001161,0.039572,0.521772,2.579567,92.358330
2.346604,0.064784,-3.074401,-0.215899,0.385276,0.000521,0.001067,0.037120,0.548487,2.608316,92.399330
2.340604,0.065570,-3.080165,-0.211673,0.386446,0.000130,0.000829,0.029155,0.563729,2.640949,92.441828
2.334766,0.065907,-3.080637,-0.205865,0.389416,-0.000566,0.000485,0.018850,0.587971,2.669552,92.484082
2.329148,0.065832,-3.075767,-0.198501,0.392916,-0.000968,-0.000100,0.000328,0.613545,2.696635,92.527055
2.324271,0.065261,-3.070349,-0.189348,0.396828,-0.001487,-0.000833,-0.024066,0.637872,2.723163,92.571551
2.320245,0.064478,-3.063899,-0.178546,0.401281,-0.001610,-0.000661,-0.029580,0.668238,2.747646,92.615856
2.317670,0.064770,-3.029190,-0.166389,0.405335,-0.001067,-0.000488,-0.021749,0.698988,2.770101,92.661666
2.317237,0.065335,-2.948375,-0.153609,0.409235,-0.001037,-0.000523,-0.024624,0.732426,2.789698,92.709472
2.318472,0.064896,-2.835683,-0.140673,0.412945,-0.001226,-0.000630,-0.028900,0.761811,2.805189,92.757766
2.321198,0.063135,-2.696296,-0.127331,0.417088,-0.001058,-0.000634,-0.032067,0.797950,2.820462,92.804762
2.325883,0.060301,-2.531159,-0.114167,0.420739,-0.001069,-0.000688,-0.036225,0.832530,2.836123,92.851594
2.332263,0.056463,-2.346931,-0.103628,0.424360,-0.000882,-0.000584,-0.029542,0.870056,2.850885,92.899207
2.340281,0.051659,-2.153795,-0.096570,0.427559,-0.000922,-0.000434,-0.020723,0.902463,2.864451,92.945319
2.349358,0.045888,-1.977104,-0.092372,0.430832,-0.000774,-0.000264,-0.013177,0.939955,2.877153,92.991241
2.359449,0.039814,-1.835241,-0.090756,0.433613,-0.000665,-0.000149,-0.004645,0.975479,2.890457,93.034342
2.370197,0.034145,-1.735810,-0.091179,0.435978,-0.000660,0.000033,0.002948,1.011534,2.902929,93.073218
2.381246,0.029496,-1.679531,-0.091976,0.437906,-0.000840,0.000179,0.008107,1.047637,2.915177,93.110884
2.392266,0.026314,-1.654686,-0.094421,0.439786,-0.000647,0.000156,0.012282,1.084821,2.926233,93.148574
2.403435,0.024088,-1.659635,-0.095486,0.441261,-0.000496,0.000022,0.003773,1.122286,2.937335,93.186431
2.414702,0.023185,-1.684732,-0.096711,0.442648,-0.000418,0.000034,0.004248,1.162489,2.948069,93.225005
2.425953,0.023515,-1.712281,-0.097070,0.443756,-0.000642,-0.000026,0.001603,1.197548,2.958094,93.264968
2.436834,0.024616,-1.736357,-0.097514,0.445177,-0.000572,-0.000015,0.001940,1.235907,2.968282,93.303945
2.447652,0.026076,-1.754524,-0.098144,0.446401,-0.000559,-0.000005,0.002471,1.273591,2.977753,93.342785
2.458299,0.027553,-1.769436,-0.098167,0.447640,-0.000531,-0.000035,0.000478,1.312931,2.987306,93.382215
2.468842,0.029048,-1.780720,-0.097433,0.448730,-0.000654,-0.000083,-0.001889,1.350452,2.997457,93.421420
2.479170,0.030601,-1.784990,-0.097034,0.450049,-0.000631,-0.000066,-0.000887,1.388692,3.004836,93.460892
2.489447,0.032012,-1.783549,-0.094984,0.451241,-0.000832,-0.000411,-0.012338,1.426774,3.013433,93.499957
2.499510,0.033161,-1.780040,-0.093550,0.452546,-0.000971,-0.000664,-0.021498,1.465536,3.020625,93.538713
2.509458,0.034097,-1.777364,-0.090518,0.453807,-0.000935,-0.000369,-0.020797,1.506940,3.026647,93.578123
2.519554,0.035795,-1.754669,-0.088535,0.454851,-0.000682,-0.000149,-0.006283,1.545894,3.031215,93.619105
2.529906,0.037099,-1.711176,-0.084719,0.455856,-0.000597,-0.000223,-0.012437,1.588643,3.036601,93.659814
2.540487,0.037727,-1.662662,-0.080608,0.456379,-0.000795,-0.000781,-0.026456,1.630136,3.044154,93.701463
2.551004,0.037453,-1.617372,-0.079019,0.456839,-0.001046,-0.001097,-0.037561,1.666655,3.050612,93.744410
2.561259,0.036529,-1.590499,-0.075270,0.457708,-0.001151,-0.001743,-0.061823,1.710561,3.056252,93.784454
2.571588,0.035848,-1.573581,-0.073236,0.458184,-0.001622,-0.002300,-0.081049,1.746417,3.061455,93.825513
2.581444,0.035291,-1.569960,-0.069542,0.459194,-0.001675,-0.002801,-0.100573,1.787932,3.063742,93.866348
2.591408,0.035528,-1.562003,-0.065358,0.460001,-0.001866,-0.003658,-0.132543,1.832046,3.065753,93.905678
2.601294,0.035809,-1.558473,-0.060165,0.460244,-0.001470,-0.001225,-0.086873,1.873421,3.067715,93.948560
2.611661,0.039735,-1.471674,-0.055740,0.460337,-0.000892,-0.000967,-0.034645,1.912432,3.068875,93.992179
2.622627,0.040947,-1.325676,-0.051279,0.460557,-0.000739,-0.000388,-0.029311,1.954842,3.068117,94.033680
2.633848,0.039537,-1.193194,-0.047714,0.460421,-0.000668,-0.000790,-0.028335,1.997702,3.068851,94.075329
2.645188,0.036030,-1.084749,-0.045679,0.460009,-0.000686,-0.001205,-0.043332,2.040121,3.070187,94.118446
2.656508,0.031792,-1.022709,-0.044301,0.459446,-0.000668,-0.001518,-0.055682,2.082574,3.069909,94.161647
2.667757,0.028389,-0.993514,-0.041205,0.457804,-0.000565,-0.000416,-0.034957,2.124950,3.068928,94.204933
2.678933,0.028037,-0.935953,-0.037505,0.455038,-0.000466,-0.000172,-0.013220,2.167298,3.067450,94.248065
2.689885,0.027679,-0.850024,-0.036087,0.451315,-0.000196,-0.000303,-0.010747,2.209426,3.065843,94.290964
2.700620,0.025676,-0.784980,-0.031669,0.446411,-0.000132,-0.000251,-0.021495,2.253460,3.064657,94.333616
2.710919,0.024264,-0.723103,-0.029179,0.441126,-0.000036,-0.000563,-0.020992,2.296570,3.063058,94.376837
2.720709,0.022403,-0.666996,-0.026656,0.434596,0.000558,-0.001116,-0.042536,2.339922,3.062273,94.420723
2.730347,0.020230,-0.636803,-0.024708,0.428354,0.000433,-0.000346,-0.028845,2.384989,3.056108,94.464830
2.739149,0.019762,-0.592147,-0.020290,0.421541,-0.000249,-0.000194,-0.016620,2.427476,3.054971,94.510020
2.746517,0.019641,-0.516231,-0.017863,0.414766,-0.000254,-0.000100,-0.008959,2.470254,3.054092,94.554413
2.753127,0.018322,-0.442401,-0.018191,0.407036,0.000250,0.000071,0.002815,2.513158,3.052084,94.597360
2.759361,0.015933,-0.391453,-0.016038,0.397036,0.001001,-0.000350,-0.013647,2.556510,3.049704,94.640418
2.765282,0.013599,-0.362664,-0.012836,0.387036,0.002202,-0.001113,-0.043135,2.600400,3.047494,94.683639
2.771345,0.011761,-0.350863,-0.010018,0.377036,0.001664,-0.000494,-0.037412,2.643686,3.045171,94.727462
2.775784,0.011896,-0.316528,-0.006657,0.367036,-0.000057,-0.000133,-0.012754,2.687328,3.042681,94.771542
2.777437,0.012205,-0.241709,-0.004349,0.357036,-0.000053,-0.000096,-0.009236,2.730457,3.040179,94.815134
2.778077,0.010940,-0.172517,-0.001817,0.347036,-0.000217,-0.000131,-0.010811,2.769252,3.040740,94.858568
2.777550,0.009067,-0.112392,-0.000272,0.337036,0.000458,-0.000319,-0.012333,2.814342,3.037442,94.899783
2.776708,0.006773,-0.067298,0.003023,0.327036,0.001265,-0.000969,-0.037721,2.857762,3.033937,94.941311
2.775675,0.004619,-0.040344,0.007076,0.317036,0.002315,-0.001887,-0.073298,2.900856,3.031518,94.985239
2.774682,0.002915,-0.027642,0.011439,0.307036,0.003433,-0.002921,-0.113316,2.943553,3.028870,95.028631
2.773775,0.001750,-0.024617,0.016917,0.297036,0.004341,-0.004028,-0.156606,2.985099,3.026853,95.071472
2.772693,0.001262,-0.019874,0.021656,0.287036,0.002888,-0.001506,-0.111736,3.022742,3.022540,95.113127
2.769086,0.004501,0.067979,0.026050,0.277036,0.000412,-0.000874,-0.033179,3.066114,3.021679,95.152787
2.761985,0.005337,0.242538,0.025429,0.267036,0.000654,-0.000244,-0.018296,3.107807,3.021070,95.192865
2.754281,0.001717,0.357603,0.023343,0.258464,0.000225,0.000481,0.018111,3.149282,3.020588,95.234595
2.745442,-0.002619,0.438358,0.018362,0.251168,0.000696,0.001555,0.059751,3.187909,3.019333,95.275413
2.736504,-0.006697,0.477418,0.012257,0.245019,0.000189,0.000620,0.052967,3.224666,3.022095,95.314570
2.726652,-0.011822,0.433679,0.004982,0.239361,-0.000455,0.001537,0.058159,3.259145,3.016362,95.352641
2.715769,-0.013726,0.340185,0.001889,0.234102,0.000241,0.002204,0.083343,3.297879,3.017352,95.388158
2.705283,-0.012179,0.279221,-0.005250,0.228511,0.000680,0.003715,0.140410,3.334749,3.017406,95.423428
2.694882,-0.010005,0.239794,-0.012989,0.223128,0.001329,0.005378,0.203255,3.373089,3.018773,95.460315
2.684694,-0.008099,0.214495,-0.023665,0.217349,0.001892,0.007645,0.287348,3.409021,3.020613,95.497284
2.674510,-0.006762,0.194429,-0.035194,0.211680,0.002763,0.010006,0.374978,3.446023,3.022306,95.533646
2.664503,-0.005895,0.174547,-0.048856,0.205909,0.003549,0.012756,0.474714,3.479751,3.023475,95.569138
2.654383,-0.005282,0.152148,-0.061898,0.200217,0.004689,0.015383,0.569114,3.514641,3.025560,95.603915
2.644410,-0.004620,0.132811,-0.076883,0.194733,0.006092,0.018402,0.679060,3.549348,3.027842,95.637955
2.634573,-0.003886,0.121057,-0.092354,0.189523,0.007192,0.021051,0.770168,3.579538,3.029035,95.671457
2.624485,-0.003559,0.103280,-0.106255,0.184738,0.008642,0.023226,0.844514,3.612758,3.031219,95.702855
2.614532,-0.003264,0.082622,-0.121951,0.180389,0.010206,0.025931,0.937189,3.642668,3.030737,95.733733
2.604653,-0.002457,0.077577,-0.135353,0.176437,0.011427,0.027462,0.984880,3.672849,3.029231,95.764782
2.594672,-0.002354,0.061064,-0.147173,0.172865,0.012762,0.029001,1.035939,3.703667,3.026402,95.794717
2.584803,-0.001950,0.050263,-0.157538,0.169756,0.013359,0.030069,1.068347,3.724759,3.028722,95.824272
2.574501,-0.001687,0.038458,-0.165114,0.168399,0.014601,0.030823,1.090903,3.757052,3.023039,95.850059
2.564827,-0.001406,0.028682,-0.174427,0.166927,0.015557,0.031888,1.123216,3.789506,3.016377,95.876129
2.555300,-0.000949,0.026509,-0.183713,0.165491,0.016625,0.033240,1.166681,3.817073,3.009184,95.906501
2.546050,-0.000184,0.045175,-0.190891,0.165032,0.017253,0.033832,1.182919,3.843651,3.001690,95.936139
2.536885,-0.000217,0.058700,-0.198032,0.165661,0.016501,0.032654,1.129734,3.868641,2.991963,95.964029
2.526582,-0.002239,-0.000756,-0.201600,0.167155,0.011112,0.015520,0.783110,3.891830,2.981007,95.991598
2.510949,-0.019507,-0.402441,-0.197629,0.170436,-0.001800,-0.000333,-0.010824,3.917483,2.969799,96.019375
2.483945,-0.035776,-1.514760,-0.181144,0.176142,-0.004062,-0.002202,-0.067612,3.934409,2.955589,96.047791
2.458379,-0.022304,-2.288246,-0.155338,0.185821,-0.006663,-0.005253,-0.176072,3.956888,2.942148,96.075045
2.433604,0.000472,-2.731512,-0.129541,0.195821,-0.005760,-0.002712,-0.155208,3.976389,2.928913,96.102807
2.412041,0.028775,-2.800125,-0.110816,0.205821,-0.002467,-0.001092,-0.054736,3.996910,2.915272,96.132973
2.394991,0.050216,-2.582017,-0.100566,0.215821,-0.002348,-0.000692,-0.027851,4.015368,2.901685,96.163817
2.379237,0.057813,-2.312406,-0.096749,0.225821,-0.002959,-0.000983,-0.023001,4.033117,2.886914,96.194913
2.364409,0.054301,-2.086885,-0.100307,0.235821,-0.002981,-0.000306,0.000453,4.050590,2.872363,96.226408
2.350996,0.045672,-1.935953,-0.107480,0.245821,-0.002316,0.001036,0.043070,4.065522,2.859064,96.258498
2.339474,0.036696,-1.848934,-0.116792,0.255821,-0.002090,0.000719,0.050311,4.081821,2.846026,96.289719
2.329125,0.027510,-1.854876,-0.127882,0.265821,-0.001429,0.000561,0.035676,4.100699,2.832312,96.320210
2.320148,0.020461,-1.953190,-0.137525,0.275821,-0.001449,0.001464,0.052945,4.120152,2.818567,96.351369
2.311823,0.017975,-2.065197,-0.145958,0.285821,-0.001622,0.000586,0.042909,4.136438,2.805414,96.383705
2.303874,0.016570,-2.195627,-0.153087,0.295821,-0.001636,0.000922,0.035202,4.153335,2.790289,96.415894
2.296502,0.017596,-2.325752,-0.158402,0.305821,-0.002105,0.001661,0.060307,4.171207,2.775017,96.447633
2.289266,0.020643,-2.408520,-0.162900,0.315821,-0.002819,0.002321,0.083828,4.187959,2.760984,96.480017
2.281888,0.023819,-2.453059,-0.166382,0.325821,-0.002337,0.000672,0.047280,4.205839,2.744877,96.511715
2.275661,0.024072,-2.526622,-0.168815,0.335821,-0.001994,0.000163,0.011680,4.222131,2.728326,96.542961
2.270645,0.024773,-2.621335,-0.169916,0.345631,-0.002764,0.000273,0.016393,4.238784,2.711163,96.574816
2.265773,0.027105,-2.683916,-0.169784,0.354954,-0.002432,-0.000084,0.007554,4.252404,2.693869,96.605883
2.262126,0.029332,-2.729687,-0.168238,0.364102,-0.001534,-0.000214,-0.002260,4.267257,2.673653,96.635684
2.260366,0.031620,-2.759583,-0.165163,0.372396,-0.001508,-0.000284,-0.006169,4.283907,2.653223,96.666094
2.259637,0.033956,-2.766184,-0.161579,0.380008,-0.001491,-0.000299,-0.006962,4.299293,2.632347,96.697269
2.259902,0.035956,-2.751070,-0.157953,0.386935,-0.001497,-0.000300,-0.006698,4.312266,2.611539,96.727181
2.261081,0.037301,-2.720098,-0.153866,0.393502,-0.001345,-0.000292,-0.007793,4.327781,2.589150,96.754358
2.263372,0.038005,-2.678130,-0.150344,0.399361,-0.001772,-0.000639,-0.015147,4.342303,2.568375,96.780071
2.266098,0.037692,-2.638473,-0.146662,0.404936,-0.002677,-0.001259,-0.035043,4.354875,2.545201,96.804960
2.268801,0.036643,-2.613680,-0.141146,0.409848,-0.003352,-0.001970,-0.058367,4.367156,2.520459,96.829240
2.271842,0.035769,-2.593364,-0.134099,0.413934,-0.002594,-0.000993,-0.045796,4.378049,2.493798,96.855490
2.276653,0.037115,-2.530298,-0.126845,0.417050,-0.001265,-0.000450,-0.018023,4.381911,2.464001,96.883686
2.283588,0.038383,-2.417380,-0.116751,0.418820,-0.001663,-0.001844,-0.057511,4.396620,2.438194,96.913762
2.290987,0.037105,-2.320196,-0.109928,0.419578,-0.002316,-0.003225,-0.103150,4.409363,2.411212,96.943569
2.298311,0.034333,-2.262098,-0.104255,0.419320,-0.002664,-0.003976,-0.129079,4.416523,2.382976,96.971763
2.305725,0.032179,-2.218108,-0.097790,0.418642,-0.002875,-0.005023,-0.164057,4.422320,2.353716,97.000526
2.313291,0.030619,-2.185393,-0.090164,0.417840,-0.003255,-0.006315,-0.208629,4.428444,2.324020,97.031272
2.320849,0.029693,-2.158823,-0.082984,0.416820,-0.003681,-0.008049,-0.268457,4.437691,2.295994,97.062068
2.328222,0.028748,-2.152322,-0.077597,0.415363,-0.003939,-0.009559,-0.320442,4.445893,2.267293,97.091785
2.335406,0.028126,-2.162487,-0.072849,0.413634,-0.003889,-0.010168,-0.342814,4.452328,2.237553,97.121593
2.342604,0.028833,-2.157208,-0.067808,0.411240,-0.003870,-0.011058,-0.374565,4.461264,2.206930,97.151764
2.349675,0.029640,-2.147120,-0.064540,0.407546,-0.003641,-0.011543,-0.392439,4.464216,2.174646,97.182601
2.356602,0.030374,-2.133643,-0.059756,0.403821,-0.003743,-0.013477,-0.458812,4.469201,2.143336,97.214932
2.363109,0.029887,-2.154371,-0.055368,0.399490,-0.003319,-0.014645,-0.501040,4.481490,2.111541,97.247823
2.369653,0.030290,-2.176151,-0.052799,0.394596,-0.003050,-0.014496,-0.498781,4.480305,2.078678,97.279991
2.375929,0.032073,-2.167013,-0.047850,0.389544,-0.002488,-0.014237,-0.490066,4.488522,2.045263,97.312183
2.382247,0.034450,-2.111940,-0.045807,0.384261,-0.001526,-0.003938,-0.258135,4.490913,2.011858,97.345682
2.388913,0.045317,-1.827836,-0.045091,0.379103,-0.000344,-0.000230,-0.004922,4.500277,1.979574,97.379472
2.396058,0.047842,-1.382828,-0.050609,0.374143,0.000414,0.001067,0.038586,4.509950,1.946726,97.412286
2.403414,0.038659,-1.107791,-0.058848,0.369895,0.001249,0.002791,0.098127,4.524420,1.916383,97.445189
2.411067,0.028140,-0.960723,-0.067399,0.365257,0.001933,0.004398,0.152022,4.533523,1.885242,97.477287
2.418651,0.020046,-0.903241,-0.073649,0.360898,0.001326,0.001870,0.109556,4.536752,1.852632,97.509003
2.424901,0.011470,-0.974117,-0.075038,0.355625,-0.000061,0.000253,0.009710,4.546639,1.818789,97.541212
2.429243,0.007310,-1.143674,-0.076991,0.350823,0.000594,0.000709,0.024709,4.549860,1.784583,97.574539
2.433675,0.009143,-1.252423,-0.074345,0.345199,0.000795,0.000127,0.005200,4.553341,1.749867,97.609350
2.437742,0.012405,-1.313908,-0.074024,0.340211,0.001444,0.000082,0.002900,4.551748,1.714119,97.644310
2.441787,0.015371,-1.345316,-0.071277,0.334781,0.000977,-0.000209,-0.010876,4.551536,1.678392,97.679822
2.444798,0.017862,-1.352546,-0.067880,0.328819,-0.000305,-0.000764,-0.025307,4.553090,1.644911,97.715488
2.445962,0.019449,-1.341516,-0.064441,0.322704,0.000136,-0.001344,-0.047888,4.556664,1.610107,97.750172
2.447052,0.020150,-1.328216,-0.062961,0.317005,0.000261,-0.000934,-0.043897,4.563154,1.578104,97.784621
2.447721,0.020940,-1.303660,-0.063548,0.311885,-0.000173,0.000097,0.004759,4.564560,1.544000,97.818313
2.447379,0.021664,-1.243562,-0.065162,0.306906,0.000377,0.000459,0.017213,4.567629,1.510691,97.851535
2.447001,0.020638,-1.206319,-0.069160,0.302476,0.000082,0.000267,0.020457,4.568261,1.477682,97.885080
2.445713,0.018248,-1.213002,-0.072943,0.297732,-0.000268,0.000319,0.018240,4.570579,1.443302,97.918067
2.443466,0.016476,-1.251881,-0.079355,0.293485,-0.000490,0.000273,0.021312,4.569042,1.412547,97.951570
2.440278,0.015028,-1.322562,-0.084735,0.288856,0.000055,0.001097,0.039089,4.571410,1.378792,97.984232
2.436927,0.015505,-1.388577,-0.092369,0.284578,0.000341,0.001227,0.061751,4.570993,1.346879,98.015715
2.432958,0.015649,-1.458657,-0.100841,0.280488,0.000273,0.001590,0.056170,4.570863,1.313169,98.047752
2.427984,0.015824,-1.563489,-0.108341,0.276179,0.001221,0.003071,0.107593,4.570774,1.280748,98.080073
2.423019,0.018126,-1.624991,-0.116614,0.272163,0.002084,0.004526,0.156047,4.567696,1.249155,98.111965
2.417895,0.020379,-1.660054,-0.127083,0.268500,0.003426,0.006296,0.215087,4.566223,1.214893,98.143349
2.412897,0.022058,-1.678126,-0.140104,0.265307,0.004701,0.008311,0.282234,4.559511,1.182924,98.175267
2.407789,0.023074,-1.686078,-0.154030,0.262103,0.005334,0.009139,0.308771,4.557729,1.152980,98.207116
2.401816,0.022421,-1.726644,-0.169192,0.259669,0.003552,0.003652,0.201910,4.549809,1.122365,98.237405
2.392595,0.015364,-1.922413,-0.179904,0.257136,0.000351,0.001067,0.037199,4.542063,1.091321,98.266190
2.379385,0.011779,-2.275035,-0.186548,0.255368,0.000045,0.000448,0.029752,4.534501,1.063814,98.295325
2.365374,0.015799,-2.552303,-0.189085,0.254336,-0.000492,0.000166,0.008023,4.523305,1.034957,98.323870
2.350423,0.023212,-2.760693,-0.190210,0.253190,-0.000147,0.000283,0.013228,4.514324,1.005607,98.352747
2.335318,0.031739,-2.885470,-0.192183,0.252044,-0.000296,0.000150,0.011893,4.506706,0.978366,98.383364
2.319447,0.038747,-2.961236,-0.194394,0.251421,-0.000518,0.000094,0.007643,4.491154,0.953706,98.412531
2.302882,0.043748,-3.010187,-0.195410,0.250446,-0.000409,0.000009,0.006558,4.474779,0.928089,98.441796
2.286183,0.046908,-3.037096,-0.197658,0.248902,-0.000540,-0.000056,0.003606,4.463218,0.902237,98.473209
2.269080,0.048217,-3.057133,-0.199428,0.247961,-0.000399,0.000051,0.005776,4.448111,0.878039,98.504586
2.252075,0.048351,-3.068798,-0.200846,0.247181,-0.000467,-0.000026,0.005077,4.430109,0.855934,98.535692
2.235086,0.047351,-3.078126,-0.202157,0.246124,-0.000461,-0.000004,0.004065,4.409467,0.836393,98.567738
2.218245,0.045658,-3.087726,-0.202135,0.244928,-0.000294,0.000013,0.004138,4.389090,0.817014,98.600528
2.201865,0.043659,-3.093727,-0.201671,0.243432,-0.000406,-0.000077,0.001760,4.370712,0.798264,98.633944
2.185685,0.041340,-3.098682,-0.201725,0.241650,-0.000470,-0.000110,0.000464,4.352533,0.780802,98.667422
2.169719,0.038824,-3.103884,-0.200868,0.240115,-0.000325,-0.000164,-0.001558,4.331056,0.765266,98.699749
2.154233,0.036282,-3.107403,-0.201905,0.237410,0.000024,-0.000059,0.001156,4.310295,0.750066,98.731860
2.139200,0.033694,-3.111142,-0.202987,0.234582,0.000411,0.000072,0.004861,4.288363,0.736885,98.764551
2.124598,0.031141,-3.114429,-0.205310,0.231561,0.000325,0.000102,0.007203,4.265305,0.723351,98.797562
2.109818,0.028405,-3.122918,-0.207876,0.228136,-0.000313,-0.000006,0.004349,4.242717,0.710913,98.831438
2.094264,0.025514,-3.141502,-0.211239,0.225009,-0.000007,0.000259,0.011029,4.220266,0.700469,98.866131
2.078839,0.023001,-3.160567,-0.214663,0.222118,0.000687,0.000666,0.022533,4.194326,0.691934,98.900512
2.063931,0.020877,-3.174500,-0.220053,0.218886,0.001333,0.001205,0.038597,4.172832,0.684683,98.935640
2.049243,0.018834,-3.185366,-0.224954,0.216476,0.000693,0.000498,0.024975,4.148221,0.677864,98.970183
2.033609,0.015605,-3.221660,-0.230591,0.214592,0.000090,0.000468,0.017339,4.124233,0.673106,99.003714
2.017143,0.012763,-3.274527,-0.237035,0.213438,0.000787,0.001092,0.035120,4.101047,0.669941,99.037929
2.001123,0.011016,-3.314671,-0.242336,0.213274,0.000376,0.000470,0.023339,4.075332,0.667114,99.071799
1.984575,0.008544,-3.369140,-0.249140,0.214056,-0.000313,0.000103,0.008879,4.050848,0.666428,99.106020
1.967252,0.006013,-3.441574,-0.255555,0.214958,-0.000261,0.000096,0.007923,4.024906,0.667277,99.140401
1.949947,0.004129,-3.512117,-0.261081,0.215889,-0.000181,0.000355,0.013918,4.003264,0.671560,99.175518
1.932748,0.002918,-3.570227,-0.264860,0.217366,-0.000028,0.000209,0.011207,3.975859,0.673128,99.210455
1.915893,0.001585,-3.622196,-0.269561,0.218402,-0.000292,0.000044,0.005621,3.952185,0.677495,99.245442
1.898846,-0.000032,-3.674740,-0.272018,0.219712,-0.000270,0.000133,0.006637,3.927529,0.682548,99.281703
1.882162,-0.001420,-3.716756,-0.274276,0.221027,-0.000211,0.000304,0.011845,3.905981,0.689888,99.317288
1.865867,-0.002772,-3.745824,-0.275283,0.222702,-0.000269,0.000352,0.013284,3.884470,0.697603,99.351506
1.850020,-0.004357,-3.766201,-0.275828,0.224664,-0.000489,0.000426,0.015644,3.863143,0.706691,99.384622
1.834520,-0.006164,-3.778793,-0.275027,0.227047,-0.000684,0.000340,0.013180,3.841943,0.716208,99.417361
1.819589,-0.008267,-3.787771,-0.273446,0.229962,-0.001253,0.000232,0.011125,3.823481,0.727286,99.450097
1.804999,-0.010507,-3.792301,-0.270526,0.233449,-0.001802,-0.000010,0.004507,3.803289,0.738766,99.482259
1.790973,-0.012857,-3.794534,-0.268030,0.237415,-0.002569,-0.000301,-0.002404,3.785644,0.752047,99.513646
1.777314,-0.015311,-3.796168,-0.264152,0.242057,-0.003370,-0.000673,-0.011921,3.774819,0.772767,99.544800
1.764170,-0.017696,-3.795377,-0.258311,0.247205,-0.004306,-0.001407,-0.033190,3.750545,0.779548,99.577049
1.751674,-0.020091,-3.796845,-0.252860,0.253327,-0.005738,-0.002197,-0.052685,3.734019,0.795104,99.607812
1.739379,-0.022407,-3.797450,-0.246946,0.260145,-0.007002,-0.003054,-0.075373,3.719649,0.811177,99.636320
1.727579,-0.024578,-3.796651,-0.239937,0.267877,-0.008569,-0.004231,-0.107210,3.704331,0.828930,99.665607
1.716147,-0.026703,-3.796758,-0.231670,0.276290,-0.010123,-0.005548,-0.142287,3.691712,0.846531,99.695123
1.705290,-0.028562,-3.792005,-0.222503,0.285009,-0.012011,-0.007311,-0.190917,3.678607,0.864897,99.724078
1.694747,-0.030441,-3.788173,-0.212521,0.293785,-0.014033,-0.009395,-0.248065,3.668432,0.883606,99.752310
1.684449,-0.032292,-3.785412,-0.200917,0.302684,-0.016140,-0.011984,-0.320123,3.657306,0.902915,99.779488
1.674438,-0.034070,-3.783364,-0.189108,0.311515,-0.018118,-0.014761,-0.398063,3.647362,0.922059,99.805355
1.664789,-0.035708,-3.780410,-0.176416,0.320282,-0.009066,-0.005063,-0.193772,3.636291,0.944919,99.829363
1.666510,-0.024384,-3.483040,-0.164339,0.328437,-0.003208,-0.002980,-0.076286,3.629005,0.963887,99.853000
1.674599,-0.018770,-3.101492,-0.157906,0.335423,-0.004300,-0.004346,-0.117224,3.621758,0.984725,99.875836
1.681852,-0.021311,-2.879227,-0.151130,0.341852,-0.002446,-0.001693,-0.066253,3.608949,1.009103,99.898005
1.691951,-0.020768,-2.665313,-0.143415,0.347306,-0.001611,-0.000624,-0.020713,3.597109,1.032685,99.922666
1.703579,-0.019876,-2.454718,-0.138305,0.351349,-0.001008,-0.000397,-0.013685,3.588918,1.056206,99.948151
1.716116,-0.020109,-2.303963,-0.130099,0.354586,-0.001335,-0.000567,-0.020893,3.579062,1.078725,99.973015
1.728891,-0.019654,-2.180398,-0.122884,0.356657,-0.001320,-0.000489,-0.018280,3.570613,1.100530,99.998095
1.742021,-0.018592,-2.066884,-0.116108,0.357764,-0.000904,-0.000470,-0.018507,3.564747,1.124772,100.022222
1.755746,-0.017347,-1.963113,-0.106018,0.357665,-0.000997,-0.000666,-0.028153,3.556537,1.148684,100.046305
1.769610,-0.015306,-1.848551,-0.095459,0.356503,-0.000798,-0.000685,-0.029765,3.550255,1.173963,100.071830
1.783721,-0.012791,-1.714161,-0.082743,0.354754,-0.001236,-0.000867,-0.037552,3.552256,1.196436,100.097760
1.797463,-0.009922,-1.556466,-0.068419,0.352573,-0.000511,-0.000855,-0.040321,3.541961,1.223216,100.122807
1.811877,-0.006579,-1.367227,-0.053728,0.349730,-0.000856,-0.000878,-0.041430,3.539041,1.246216,100.148808
1.825740,-0.003342,-1.154911,-0.038830,0.347089,-0.000558,-0.000916,-0.044250,3.534654,1.273529,100.175209
1.839647,-0.000379,-0.929635,-0.022656,0.343970,-0.000481,-0.001035,-0.049915,3.527515,1.299958,100.201356
1.853265,0.002590,-0.689508,-0.007095,0.341051,-0.000388,-0.000975,-0.047932,3.520843,1.325216,100.229056
1.866527,0.005376,-0.438455,0.009144,0.338785,-0.000293,-0.001008,-0.049788,3.515826,1.352161,100.255631
1.879409,0.008007,-0.179940,0.027065,0.338027,-0.000238,-0.001099,-0.054763,3.508843,1.379197,100.282204
1.891887,0.010806,0.092666,0.046244,0.338877,-0.000259,-0.001207,-0.059705,3.500971,1.405586,100.311001
1.903882,0.013682,0.382053,0.064899,0.341873,-0.000197,-0.001103,-0.055256,3.490512,1.433457,100.340480
1.915563,0.016292,0.683623,0.081634,0.345784,-0.000295,-0.001015,-0.050371,3.482426,1.459678,100.370492
1.926842,0.017956,0.975552,0.095288,0.351088,-0.000362,-0.000743,-0.037655,3.471853,1.487728,100.401604
1.937944,0.018593,1.245105,0.110509,0.358128,-0.000394,-0.000914,-0.045079,3.459154,1.513972,100.433902
1.948856,0.018761,1.491432,0.123718,0.366468,-0.000491,-0.000731,-0.036793,3.445586,1.541046,100.467664
1.959651,0.018624,1.725058,0.135812,0.375076,-0.000531,-0.000666,-0.033566,3.434512,1.567343,100.502971
1.970401,0.017860,1.938231,0.145585,0.384017,-0.000811,-0.000484,-0.026043,3.421385,1.590882,100.538460
1.980981,0.016447,2.128332,0.153162,0.393451,-0.000530,-0.000376,-0.019832,3.406380,1.621623,100.573184
1.992088,0.014299,2.289827,0.160988,0.402627,-0.000719,-0.000339,-0.019350,3.388415,1.643090,100.610489
2.003087,0.011939,2.429312,0.163101,0.412253,-0.000967,-0.000035,-0.005522,3.372481,1.667610,100.649182
2.014415,0.008818,2.537777,0.163784,0.422074,-0.001142,0.000051,-0.002299,3.355437,1.690999,100.686936
2.026199,0.005180,2.608724,0.163469,0.431271,-0.001012,0.000089,0.000372,3.335630,1.713650,100.725107
2.038690,0.001552,2.650614,0.161313,0.439519,-0.001108,0.000204,0.004440,3.313401,1.736045,100.763325
2.051703,-0.001938,2.666645,0.158231,0.446479,-0.001024,0.000241,0.006966,3.290395,1.757262,100.802985
2.065341,-0.005204,2.660454,0.153710,0.452633,-0.001004,0.000295,0.010125,3.266691,1.777726,100.843659
2.079565,-0.008237,2.633379,0.148511,0.458272,-0.001016,0.000331,0.012090,3.241590,1.797234,100.883849
2.094409,-0.010938,2.588008,0.142842,0.462918,-0.000962,0.000346,0.013186,3.216359,1.815798,100.924374
2.109781,-0.013231,2.527821,0.137243,0.465925,-0.000824,0.000321,0.012887,3.188733,1.833405,100.964581
2.125701,-0.015066,2.456994,0.131969,0.466490,-0.000670,0.000306,0.012708,3.160428,1.849355,101.003950
2.141861,-0.016381,2.381956,0.126244,0.464821,-0.000529,0.000315,0.014043,3.130194,1.864594,101.043430
2.158093,-0.017401,2.303133,0.120929,0.460104,-0.000394,0.000287,0.013250,3.099904,1.878076,101.082360
2.174055,-0.018133,2.222173,0.114699,0.450104,-0.000197,0.000315,0.015887,3.068228,1.891651,101.119626
2.189332,-0.018769,2.137045,0.110456,0.440104,-0.000131,0.000294,0.013390,3.034901,1.903196,101.155141
2.203679,-0.018875,2.056610,0.108431,0.430104,0.000067,0.000152,0.006219,3.001850,1.914360,101.190152
2.217097,-0.018427,1.989766,0.107038,0.420104,-0.000023,0.000110,0.004376,2.968174,1.924548,101.225470
2.229297,-0.017710,1.941516,0.108502,0.410104,-0.000137,-0.000027,-0.004473,2.936226,1.931163,101.261236
2.240074,-0.016696,1.917056,0.113229,0.400104,0.000185,-0.000177,-0.011955,2.900046,1.940527,101.296039
2.249662,-0.015331,1.929926,0.122064,0.390104,0.000837,-0.001613,-0.054071,2.868616,1.946785,101.331405
2.258094,-0.015042,1.956308,0.134735,0.380104,0.001184,-0.000867,-0.050606,2.830466,1.954736,101.366901
2.264695,-0.012746,2.053256,0.150315,0.370104,0.000606,-0.000638,-0.036195,2.793812,1.960982,101.402585
2.268358,-0.011079,2.219072,0.165820,0.360104,0.000654,-0.000586,-0.033081,2.757172,1.965531,101.440195
2.269674,-0.011494,2.408612,0.179663,0.350104,0.000608,-0.000478,-0.025890,2.720298,1.968188,101.477735
2.268586,-0.013870,2.599980,0.191320,0.340104,0.000451,-0.000290,-0.018116,2.684123,1.968953,101.515439
2.265075,-0.017742,2.776329,0.200025,0.330104,0.000366,-0.000192,-0.011619,2.647699,1.967598,101.552058
2.259410,-0.022716,2.925628,0.204645,0.320104,0.000229,-0.000060,-0.005923,2.611436,1.964118,101.588566
2.251868,-0.028225,3.039579,0.206809,0.311105,0.000104,-0.000008,-0.002685,2.575716,1.958298,101.626812
2.242786,-0.033601,3.118177,0.207036,0.304359,-0.000076,0.000059,0.000102,2.540486,1.950244,101.667178
2.232566,-0.038219,3.166088,0.204798,0.299131,-0.000280,0.000140,0.003358,2.506412,1.939099,101.708394
2.221651,-0.041798,3.186593,0.199921,0.295323,-0.000481,0.000237,0.006855,2.475493,1.923417,101.750185
2.210544,-0.044236,3.180733,0.192409,0.293350,-0.000586,0.000326,0.012021,2.442379,1.909378,101.792979
2.199877,-0.045560,3.149200,0.182465,0.293054,-0.000773,0.000398,0.015691,2.411556,1.892797,101.836988
2.190058,-0.045898,3.087783,0.170660,0.294057,-0.000886,0.000511,0.021719,2.382809,1.873989,101.882209
2.181531,-0.045220,2.996847,0.155956,0.296638,-0.001065,0.000691,0.031063,2.355483,1.853102,101.928054
2.174699,-0.043818,2.870613,0.139524,0.299698,-0.001086,0.000784,0.037408,2.330055,1.830319,101.974634
2.169902,-0.041918,2.700906,0.121559,0.302973,-0.001032,0.000833,0.042271,2.305892,1.805778,102.021721
2.167282,-0.039578,2.483516,0.103151,0.305606,-0.001006,0.000975,0.049809,2.283703,1.779982,102.069667
2.166629,-0.036553,2.227702,0.085137,0.307512,-0.000950,0.000889,0.049178,2.261126,1.753417,102.117590
2.167691,-0.033181,1.938092,0.070134,0.308815,-0.000820,0.000754,0.043453,2.240708,1.726596,102.165088
2.170104,-0.028995,1.644793,0.056543,0.310004,-0.000709,0.000732,0.040579,2.220737,1.699134,102.211180
2.173592,-0.024566,1.366905,0.043003,0.312767,-0.000788,0.000796,0.045257,2.201434,1.671953,102.255180
2.177936,-0.020769,1.108847,0.029810,0.316685,-0.000718,0.000778,0.043375,2.183572,1.644421,102.296646
2.183191,-0.017993,0.859300,0.014840,0.321868,-0.000727,0.000850,0.050422,2.164266,1.616574,102.334769
2.189247,-0.016400,0.607924,-0.000283,0.327818,-0.000700,0.000870,0.050443,2.145777,1.589012,102.369831
2.196010,-0.015493,0.346316,-0.015682,0.334596,-0.000741,0.000919,0.054120,2.129264,1.561442,102.401023
2.203319,-0.014782,0.080257,-0.032433,0.341344,-0.000697,0.000929,0.055313,2.112819,1.535003,102.429122
2.211047,-0.014432,-0.200860,-0.048613,0.347967,-0.000517,0.000917,0.053681,2.094036,1.506242,102.455852
2.219151,-0.013751,-0.486820,-0.065135,0.354269,-0.000484,0.000909,0.053648,2.074184,1.479157,102.483895
2.227255,-0.012755,-0.773547,-0.079559,0.360498,-0.000607,0.000741,0.044073,2.056985,1.451517,102.514226
2.235125,-0.011044,-1.050778,-0.095618,0.367337,-0.000527,0.000802,0.048343,2.038507,1.424047,102.545654
2.242791,-0.009012,-1.317647,-0.109877,0.374234,-0.000606,0.000675,0.041214,2.018843,1.397803,102.577966
2.250036,-0.006455,-1.572961,-0.122257,0.381209,-0.000629,0.000579,0.034831,1.999243,1.370836,102.610851
2.256937,-0.003063,-1.805670,-0.133153,0.387972,-0.000698,0.000508,0.030066,1.978743,1.344505,102.644988
2.263413,0.000996,-2.011242,-0.143031,0.394337,-0.000735,0.000381,0.025254,1.959617,1.318908,102.680380
2.269435,0.005371,-2.192366,-0.150435,0.400165,-0.000691,0.000272,0.017826,1.936500,1.293875,102.715355
2.275136,0.010173,-2.345897,-0.155445,0.404955,-0.000793,0.000681,0.024963,1.913139,1.270789,102.750826
2.280432,0.015836,-2.455230,-0.157695,0.409151,-0.000872,0.000217,0.016910,1.887525,1.247970,102.787326
2.285461,0.020756,-2.536321,-0.158861,0.412669,-0.000841,-0.000030,0.003310,1.861935,1.226279,102.824408
2.290383,0.025170,-2.601465,-0.158016,0.415922,-0.000828,-0.000097,-0.001208,1.835280,1.205113,102.862902
2.295350,0.029518,-2.639091,-0.155036,0.418826,-0.001090,-0.000193,-0.005312,1.810091,1.186800,102.901521
2.300250,0.033533,-2.648115,-0.152042,0.421763,-0.000965,-0.000180,-0.005467,1.781504,1.168703,102.939242
2.305532,0.036812,-2.634238,-0.148712,0.424355,-0.000721,-0.000170,-0.006351,1.749150,1.150057,102.977151
2.311326,0.039165,-2.605028,-0.144190,0.426015,-0.000856,-0.000247,-0.009823,1.717939,1.133189,103.017092
2.317339,0.040727,-2.563062,-0.139520,0.426945,-0.000692,-0.000231,-0.009959,1.683971,1.117310,103.057833
2.323841,0.041636,-2.509060,-0.134522,0.426643,-0.000740,-0.000243,-0.010607,1.652550,1.101712,103.098830
2.330562,0.041917,-2.446003,-0.130782,0.425372,-0.000569,-0.000195,-0.008411,1.617430,1.088203,103.138866
2.337546,0.041481,-2.381369,-0.128322,0.422763,-0.000485,-0.000143,-0.005594,1.582409,1.075927,103.177282
2.344497,0.040410,-2.323216,-0.127552,0.419363,-0.000398,-0.000076,-0.001585,1.547142,1.065690,103.215815
2.351218,0.038892,-2.278929,-0.127643,0.414349,-0.000219,-0.000019,0.000624,1.508929,1.055057,103.253450
2.357581,0.037314,-2.251482,-0.131624,0.407620,-0.000038,0.000125,0.009745,1.472657,1.045714,103.291692
2.363088,0.035553,-2.250180,-0.136450,0.399376,0.000087,0.000165,0.011604,1.435750,1.038076,103.330374
2.367458,0.034080,-2.277774,-0.141865,0.389853,0.000146,0.000190,0.012558,1.398384,1.030445,103.368532
2.370423,0.033340,-2.327170,-0.150989,0.379853,0.000218,0.000295,0.019162,1.362441,1.024098,103.406738
2.371596,0.033052,-2.400903,-0.162671,0.370053,0.000565,0.000398,0.023386,1.323258,1.018079,103.444175
2.371022,0.033294,-2.500567,-0.173840,0.360112,0.000443,0.000334,0.020148,1.286618,1.014288,103.482471
2.368225,0.034459,-2.617835,-0.183895,0.351413,0.000330,0.000275,0.016685,1.250901,1.011465,103.520845
2.363404,0.036784,-2.737895,-0.193584,0.343953,0.000254,0.000224,0.014417,1.216469,1.009819,103.557455
2.356706,0.039976,-2.852424,-0.200488,0.338341,0.000274,0.000152,0.009170,1.176421,1.008747,103.592807
2.348643,0.043851,-2.953849,-0.207764,0.333730,0.000214,0.000131,0.008708,1.137428,1.009019,103.629278
2.339189,0.047879,-3.039707,-0.212400,0.330207,-0.000108,0.000038,0.005234,1.103232,1.012502,103.667982
2.328452,0.051759,-3.109317,-0.214868,0.328836,-0.000238,-0.000027,0.002547,1.068244,1.018832,103.705950
2.317087,0.055282,-3.161000,-0.214511,0.328679,-0.000265,-0.000045,0.000224,1.032068,1.026471,103.743369
2.305629,0.058322,-3.193053,-0.215398,0.329816,-0.000140,-0.000004,0.001280,0.992315,1.036105,103.782789
2.294306,0.060458,-3.210797,-0.217378,0.331394,-0.000174,0.000012,0.002694,0.956426,1.047218,103.824588
2.282980,0.061480,-3.221381,-0.219675,0.334196,-0.000554,-0.000069,0.002421,0.928569,1.063325,103.867724
2.271495,0.061417,-3.230730,-0.217033,0.337776,-0.000341,-0.000062,-0.001707,0.892865,1.078378,103.909113
2.261035,0.061005,-3.233970,-0.216957,0.342763,-0.000524,-0.000073,0.000013,0.860777,1.095714,103.950237
2.251134,0.060052,-3.233092,-0.214596,0.347372,-0.000843,-0.000189,-0.002659,0.836935,1.113860,103.993681
2.241851,0.058718,-3.229039,-0.207847,0.352295,-0.001038,-0.000305,-0.009521,0.808766,1.136539,104.035318
2.233752,0.057459,-3.215817,-0.195805,0.356515,-0.001832,-0.001129,-0.032110,0.786113,1.161519,104.077039
2.226671,0.055954,-3.193533,-0.181060,0.360936,-0.003333,-0.002595,-0.078579,0.760395,1.188277,104.121325
2.220150,0.053966,-3.172710,-0.166455,0.364546,-0.002840,-0.001593,-0.071531,0.738340,1.216582,104.166512
2.216103,0.054499,-3.091458,-0.153074,0.367831,-0.001302,-0.000975,-0.038367,0.720413,1.246574,104.212793
2.215267,0.054838,-2.934515,-0.139934,0.370796,-0.000924,-0.000678,-0.031857,0.698578,1.276384,104.259330
2.216436,0.053039,-2.746152,-0.129631,0.373490,-0.001069,-0.000851,-0.034361,0.684256,1.308579,104.305915
2.218890,0.048565,-2.560333,-0.118973,0.376326,-0.000963,-0.000617,-0.029313,0.670641,1.340230,104.351914
2.222970,0.043522,-2.369783,-0.108912,0.378885,-0.000991,-0.000624,-0.028821,0.656791,1.372019,104.395694
2.228387,0.038212,-2.185274,-0.102402,0.381460,-0.001206,-0.001200,-0.037666,0.643448,1.403932,104.437457
2.234597,0.032096,-2.039469,-0.098866,0.383699,-0.001618,-0.001956,-0.061727,0.629135,1.436179,104.475960
2.241106,0.025984,-1.957157,-0.096804,0.385080,-0.001302,-0.001062,-0.047254,0.612402,1.469187,104.511100
2.248388,0.022797,-1.887894,-0.096203,0.385920,-0.000573,-0.000157,-0.003549,0.596664,1.502020,104.545292
2.256553,0.021120,-1.804155,-0.097231,0.386228,-0.000487,-0.000012,0.001670,0.583553,1.535996,104.579627
2.264714,0.018822,-1.759614,-0.097283,0.386017,-0.000442,-0.000026,0.000534,0.569104,1.569014,104.614811
2.272857,0.017101,-1.739830,-0.097463,0.385349,-0.000529,-0.000029,0.000982,0.563935,1.604472,104.649483
2.280755,0.016148,-1.733520,-0.094750,0.384538,-0.000588,-0.000548,-0.016869,0.550751,1.638012,104.684965
2.288597,0.015913,-1.732030,-0.093584,0.384090,-0.000612,-0.000254,-0.012242,0.541360,1.673356,104.721122
2.296317,0.016601,-1.720476,-0.092602,0.384287,-0.000475,-0.000109,-0.003586,0.528860,1.707644,104.756455
2.304094,0.017320,-1.698462,-0.091414,0.384502,-0.000542,-0.000098,-0.003461,0.518078,1.744320,104.791640
2.311747,0.017745,-1.677057,-0.092092,0.385381,-0.000547,-0.000005,0.002212,0.507329,1.779095,104.828217
2.319307,0.017722,-1.664199,-0.092955,0.386366,-0.000479,0.000007,0.002769,0.495947,1.815606,104.865411
2.326848,0.017544,-1.663652,-0.095475,0.387574,-0.000565,0.000076,0.007639,0.488139,1.850279,104.902069
2.334144,0.017267,-1.678100,-0.097733,0.388425,-0.000525,0.000071,0.007075,0.481540,1.886878,104.938934
2.341291,0.017240,-1.705213,-0.100892,0.388755,-0.000505,0.000118,0.009924,0.473098,1.920668,104.975275
2.348147,0.017480,-1.742200,-0.104339,0.389003,-0.000481,0.000106,0.009439,0.464581,1.955454,105.010664
2.354675,0.017957,-1.789736,-0.109587,0.388507,-0.000471,0.000176,0.014403,0.461362,1.991957,105.046138
2.360638,0.018533,-1.849286,-0.116293,0.387308,-0.000283,0.000223,0.017272,0.453021,2.029241,105.082543
2.366020,0.019161,-1.926469,-0.125421,0.385441,-0.000155,0.000328,0.022959,0.445957,2.067301,105.119587
2.370484,0.019904,-2.024837,-0.136712,0.383187,-0.000179,0.000355,0.025790,0.443422,2.102850,105.157817
2.373618,0.020851,-2.148187,-0.147048,0.380650,-0.000084,0.000329,0.022675,0.440470,2.140622,105.194778
2.375566,0.022724,-2.284763,-0.158655,0.378084,0.000047,0.000334,0.023665,0.435800,2.177595,105.231458
2.376177,0.025411,-2.426680,-0.169240,0.375535,-0.000001,0.000287,0.019697,0.434665,2.215104,105.269301
2.375306,0.028963,-2.567445,-0.179831,0.373043,0.000007,0.000275,0.018331,0.433686,2.250873,105.306079
2.372957,0.033211,-2.700175,-0.188795,0.370606,-0.000002,0.000196,0.014231,0.436707,2.287436,105.341590
2.369230,0.037969,-2.820309,-0.195924,0.368631,-0.000043,0.000132,0.010276,0.440382,2.324246,105.377238
2.364286,0.043068,-2.923081,-0.200976,0.367274,-0.000094,0.000094,0.007705,0.448307,2.361251,105.412880
2.358368,0.048254,-3.004601,-0.205365,0.366608,-0.000173,0.000034,0.005924,0.454662,2.396659,105.448468
2.351595,0.053045,-3.067790,-0.208962,0.366946,-0.000253,0.000027,0.004529,0.460738,2.431850,105.483390
2.344194,0.057242,-3.115602,-0.211601,0.368084,-0.000279,0.000003,0.003452,0.471826,2.466613,105.517506
2.336457,0.060694,-3.150245,-0.213667,0.369802,-0.000390,-0.000035,0.002157,0.481571,2.500629,105.552229
2.328471,0.063319,-3.175170,-0.212882,0.372586,-0.000428,-0.000079,-0.000462,0.496716,2.535075,105.587215
2.320747,0.065302,-3.188991,-0.211254,0.376042,-0.000579,-0.000101,-0.001263,0.515107,2.566040,105.624291
2.313373,0.066628,-3.191700,-0.208212,0.380163,-0.000528,-0.000106,-0.002691,0.529559,2.600194,105.662770
2.306800,0.067323,-3.184114,-0.205868,0.384289,-0.000756,-0.000161,-0.002846,0.549847,2.628260,105.702090
2.300733,0.067234,-3.169913,-0.199479,0.388780,-0.000838,-0.000233,-0.007540,0.570565,2.657707,105.742170
2.295769,0.066775,-3.145477,-0.191554,0.393695,-0.000866,-0.000265,-0.009783,0.595641,2.684175,105.782416
2.292167,0.066074,-3.105360,-0.183283,0.398675,-0.000924,-0.000300,-0.011636,0.621449,2.709642,105.823898
2.289953,0.064952,-3.049995,-0.173967,0.403723,-0.001008,-0.000377,-0.014872,0.649234,2.733735,105.867283
2.289221,0.063373,-2.979065,-0.163122,0.408624,-0.001022,-0.000436,-0.019355,0.678835,2.756130,105.911799
2.290175,0.061489,-2.889345,-0.153084,0.413378,-0.001005,-0.000429,-0.019158,0.708733,2.776469,105.957407
2.292754,0.059118,-2.781412,-0.142750,0.418074,-0.000979,-0.000452,-0.021426,0.739249,2.796815,106.004174
2.296976,0.056240,-2.659260,-0.134011,0.422352,-0.000898,-0.000403,-0.019720,0.772256,2.814638,106.050726
2.302693,0.052800,-2.529835,-0.125452,0.426272,-0.000880,-0.000438,-0.020815,0.806864,2.830353,106.097096
2.309762,0.049015,-2.398883,-0.117197,0.429906,-0.000868,-0.000429,-0.020946,0.841619,2.845715,106.143658
2.318066,0.045279,-2.267653,-0.110746,0.433094,-0.000811,-0.000346,-0.017186,0.876998,2.859406,106.189561
2.327393,0.041572,-2.143216,-0.105404,0.436012,-0.000829,-0.000298,-0.014791,0.910904,2.873032,106.233586
2.337498,0.038011,-2.032205,-0.101819,0.439021,-0.000716,-0.000225,-0.009870,0.946554,2.885508,106.278723
2.348330,0.034695,-1.939446,-0.099116,0.441507,-0.000735,-0.000170,-0.007780,0.981880,2.898305,106.321483
2.359593,0.031851,-1.867481,-0.098251,0.443603,-0.000584,-0.000083,-0.002163,1.018403,2.909901,106.359443
2.371234,0.029461,-1.817439,-0.097480,0.445414,-0.000661,-0.000070,-0.001936,1.054231,2.920369,106.397018
2.382944,0.027747,-1.786935,-0.096857,0.446936,-0.000655,-0.000142,-0.003354,1.090756,2.932025,106.434690
2.394737,0.026709,-1.770376,-0.096449,0.448258,-0.000801,-0.000213,-0.005817,1.129044,2.941456,106.472269
2.406381,0.026289,-1.763983,-0.095370,0.449377,-0.000795,-0.000145,-0.006195,1.165401,2.951242,106.510736
2.418018,0.026674,-1.756206,-0.094650,0.450426,-0.000570,-0.000065,-0.001824,1.203213,2.962268,106.549719
2.429825,0.027364,-1.743833,-0.094268,0.451339,-0.000501,-0.000094,-0.001937,1.242844,2.972535,106.588846
2.441579,0.027923,-1.734874,-0.093390,0.452085,-0.000661,-0.000096,-0.003489,1.279852,2.983018,106.628948
2.453087,0.028621,-1.726240,-0.092442,0.452987,-0.000576,-0.000193,-0.005399,1.320902,2.990566,106.668480
2.464601,0.029300,-1.717381,-0.090759,0.453524,-0.000772,-0.000497,-0.015847,1.360276,2.997769,106.708516
2.475855,0.029901,-1.711783,-0.087834,0.453889,-0.001050,-0.001016,-0.033939,1.398131,3.005949,106.749602
2.486839,0.030566,-1.707136,-0.085556,0.454332,-0.001023,-0.000408,-0.024212,1.434461,3.011512,106.789215
2.497816,0.032273,-1.679474,-0.082713,0.455085,-0.000536,-0.000158,-0.008799,1.476249,3.017878,106.827658
2.509288,0.033685,-1.625704,-0.079410,0.455416,-0.000472,-0.000180,-0.010471,1.519902,3.023301,106.867640
2.520837,0.034122,-1.569494,-0.075443,0.455354,-0.000782,-0.000758,-0.025616,1.558054,3.028855,106.910751
2.532116,0.033578,-1.521601,-0.071019,0.455400,-0.000558,-0.000363,-0.025208,1.601751,3.031901,106.953337
2.543700,0.033808,-1.461120,-0.066127,0.455252,-0.000670,-0.000254,-0.016505,1.642416,3.035900,106.995245
2.555282,0.033920,-1.378881,-0.062394,0.455005,-0.000543,-0.000181,-0.012061,1.683812,3.039775,107.037911
2.566984,0.033137,-1.296308,-0.057955,0.454545,-0.000438,-0.000215,-0.014322,1.727221,3.040821,107.079707
2.578813,0.031950,-1.215852,-0.052270,0.453884,-0.000723,-0.000269,-0.019338,1.766782,3.042147,107.122560
2.590412,0.030873,-1.129729,-0.048795,0.453402,-0.000447,-0.000159,-0.011009,1.809680,3.043983,107.165129
2.602251,0.029378,-1.043901,-0.045157,0.452632,-0.000462,-0.000172,-0.012042,1.852471,3.045437,107.207363
2.614006,0.027603,-0.966835,-0.042281,0.451684,-0.000487,-0.000137,-0.009653,1.894660,3.046311,107.250430
2.625610,0.025782,-0.898214,-0.039670,0.450712,-0.000517,-0.000134,-0.009555,1.936572,3.047127,107.294006
2.637038,0.024046,-0.839127,-0.037488,0.449807,-0.000496,-0.000117,-0.007935,1.978316,3.047457,107.337224
2.648306,0.022492,-0.787670,-0.035366,0.448935,-0.000457,-0.000114,-0.007732,2.021161,3.046658,107.379399
2.659440,0.021169,-0.742254,-0.033513,0.447942,-0.000425,-0.000084,-0.006117,2.064479,3.047947,107.422559
2.670393,0.020057,-0.700883,-0.031628,0.446557,-0.000457,-0.000082,-0.006299,2.107291,3.047150,107.466470
2.681058,0.019107,-0.662981,-0.029279,0.444561,-0.000325,-0.000514,-0.018702,2.150626,3.047528,107.510496
2.691532,0.017975,-0.635097,-0.028109,0.441472,-0.000291,-0.000337,-0.019214,2.192058,3.045738,107.553900
2.701615,0.017334,-0.611412,-0.026134,0.437509,-0.000077,-0.000453,-0.016763,2.236761,3.046474,107.596298
2.711375,0.016907,-0.579629,-0.024726,0.432720,-0.000115,-0.000145,-0.012245,2.279765,3.046087,107.640206
2.720462,0.016653,-0.545337,-0.022717,0.427827,-0.000171,-0.000204,-0.011392,2.323832,3.045953,107.684681
2.728905,0.016160,-0.507487,-0.021729,0.421480,-0.000232,-0.000050,-0.003588,2.366924,3.043765,107.728714
2.736510,0.015431,-0.469767,-0.019504,0.415658,-0.000222,-0.000103,-0.008375,2.410947,3.042770,107.772918
2.743453,0.014646,-0.434230,-0.017880,0.408700,-0.000216,-0.000075,-0.006097,2.454081,3.041045,107.817043
2.749607,0.013823,-0.398147,-0.016809,0.401502,-0.000173,-0.000046,-0.003777,2.498176,3.039991,107.860825
2.754993,0.012828,-0.366453,-0.015093,0.393325,-0.000117,-0.000084,-0.006803,2.541725,3.037593,107.904418
2.759542,0.011932,-0.337339,-0.011914,0.383923,-0.000075,-0.000138,-0.012272,2.585461,3.035655,107.948563
2.763144,0.011454,-0.299177,-0.008806,0.373923,-0.000007,-0.000141,-0.012327,2.629752,3.033058,107.992419
2.765772,0.010958,-0.250007,-0.005150,0.363923,-0.000117,-0.000164,-0.014533,2.671639,3.031693,108.036463
2.767263,0.010261,-0.191510,-0.001402,0.353923,-0.000041,-0.000133,-0.013310,2.716240,3.029513,108.079416
2.767813,0.009294,-0.123459,0.001657,0.343923,0.000002,-0.000158,-0.013007,2.759893,3.027873,108.122557
2.767395,0.007740,-0.057144,0.004674,0.333923,-0.000108,-0.000148,-0.012427,2.801490,3.027448,108.166971
2.765861,0.005982,0.007151,0.007560,0.323923,-0.000029,-0.000126,-0.011492,2.844898,3.024195,108.209303
2.763410,0.004174,0.068983,0.010870,0.313923,-0.000159,-0.000152,-0.013039,2.885731,3.022899,108.251559
2.759838,0.002464,0.130363,0.014561,0.303923,0.000149,-0.000348,-0.020994,2.928569,3.021376,108.293874
2.755575,0.000732,0.188598,0.017761,0.293923,0.000148,-0.000296,-0.018107,2.971288,3.018452,108.334728
2.750322,-0.000777,0.251230,0.022169,0.283923,0.000129,-0.000409,-0.024817,3.013119,3.015942,108.376595
2.744041,-0.002174,0.317580,0.025787,0.273923,0.000153,-0.000333,-0.020259,3.055110,3.013847,108.418385
2.736795,-0.003586,0.390458,0.026757,0.265100,-0.000252,-0.000089,-0.005474,3.091020,3.009813,108.459825
2.728339,-0.005580,0.454433,0.027054,0.257489,-0.000220,-0.000024,-0.001740,3.129325,3.007108,108.499296
2.719259,-0.007919,0.495183,0.025983,0.250465,-0.000192,0.000052,0.004155,3.172326,3.005882,108.536120
2.709645,-0.010103,0.511820,0.022920,0.243915,-0.000588,0.000140,0.011499,3.207837,3.003669,108.575335
2.699176,-0.012027,0.498506,0.020216,0.237748,-0.000125,0.000597,0.022222,3.247234,3.004031,108.613768
2.688769,-0.012616,0.474152,0.013871,0.231792,-0.000102,0.000447,0.036304,3.287462,3.007503,108.650686
2.678065,-0.013769,0.417112,0.006561,0.225969,-0.000518,0.000386,0.030089,3.324201,3.007176,108.689712
2.666610,-0.014530,0.310801,-0.001051,0.220320,-0.000357,0.000412,0.031833,3.363328,3.010896,108.727709
2.655005,-0.013923,0.181577,-0.011629,0.214887,-0.000748,0.000598,0.044312,3.394727,3.009432,108.765217
2.642651,-0.012742,0.026248,-0.019881,0.209647,0.000197,0.001855,0.068901,3.438567,3.021548,108.800061
2.630860,-0.009139,-0.110144,-0.036082,0.204283,-0.000669,0.001109,0.090545,3.462736,3.013289,108.836264
2.617518,-0.008818,-0.300593,-0.044054,0.199317,-0.000380,0.000408,0.030930,3.499581,3.019265,108.869685
2.603974,-0.006812,-0.537653,-0.056129,0.193916,-0.000445,0.000525,0.042395,3.533588,3.020906,108.899508
2.589600,-0.003145,-0.759835,-0.067617,0.189122,-0.000588,0.000510,0.040856,3.563652,3.021723,108.933567
2.574265,0.000904,-0.975539,-0.076624,0.184428,-0.000496,0.000334,0.028525,3.597593,3.021730,108.965457
2.558226,0.005360,-1.176142,-0.085295,0.179916,-0.000223,0.000329,0.026716,3.636278,3.036338,108.996397
2.541647,0.009908,-1.352044,-0.100991,0.176623,-0.001099,0.000489,0.042681,3.656079,3.023936,109.030610
2.522962,0.012799,-1.540778,-0.104085,0.174583,-0.000734,0.000056,0.009395,3.689541,3.022502,109.058987
2.504357,0.017043,-1.703591,-0.109905,0.172817,-0.000924,0.000140,0.015721,3.717931,3.021340,109.084396
2.485109,0.021358,-1.825430,-0.114996,0.171820,-0.000976,0.000088,0.013325,3.746574,3.020244,109.113756
2.465451,0.024754,-1.925205,-0.121203,0.171749,-0.001091,0.000103,0.015788,3.772280,3.015976,109.141182
2.445350,0.027039,-2.013894,-0.126917,0.172663,-0.001113,0.000092,0.013966,3.800081,3.012488,109.166717
2.425086,0.028539,-2.097891,-0.134335,0.174371,-0.000998,0.000158,0.017986,3.827672,3.008845,109.192617
2.404752,0.029317,-2.182846,-0.142543,0.176849,-0.000782,0.001083,0.041355,3.854498,3.003123,109.219554
2.384479,0.030490,-2.252850,-0.150992,0.180248,-0.000822,0.000438,0.035860,3.878984,2.998545,109.246319
2.364063,0.029941,-2.339839,-0.157305,0.185112,-0.001170,0.000121,0.014705,3.903762,2.992413,109.272414
2.343584,0.029504,-2.445982,-0.162038,0.191293,-0.001365,-0.000009,0.009614,3.925442,2.985978,109.297833
2.323457,0.029982,-2.541227,-0.165583,0.198703,-0.001374,-0.000035,0.007255,3.948633,2.977879,109.322313
2.304039,0.030976,-2.619180,-0.169034,0.206658,-0.001167,-0.000014,0.007411,3.974624,2.970186,109.347243
2.285593,0.031923,-2.681298,-0.173783,0.214632,-0.001480,-0.000035,0.009124,3.991952,2.959785,109.374675
2.267489,0.032295,-2.736328,-0.174266,0.224345,-0.001204,-0.000104,0.002088,4.018972,2.950749,109.401085
2.250837,0.032672,-2.779024,-0.178164,0.233871,-0.001838,0.000286,0.016374,4.036405,2.940309,109.428328
2.234457,0.032844,-2.805652,-0.177436,0.243871,-0.001850,-0.000047,0.007614,4.057638,2.928599,109.456047
2.219452,0.032369,-2.825811,-0.179515,0.253871,-0.001895,0.000075,0.009187,4.076468,2.918516,109.482738
2.205496,0.031530,-2.843943,-0.179951,0.263871,-0.002680,0.000116,0.011027,4.096392,2.905896,109.510107
2.192061,0.030616,-2.854607,-0.180878,0.273871,-0.002340,-0.000081,0.007631,4.115118,2.893562,109.537613
2.180216,0.029205,-2.867424,-0.180908,0.283871,-0.001500,-0.000172,0.000991,4.131501,2.879862,109.566246
2.170514,0.027871,-2.882786,-0.179331,0.293871,-0.001426,-0.000205,-0.002049,4.151535,2.865890,109.594499
2.162324,0.027055,-2.890014,-0.178103,0.303871,-0.001432,-0.000194,-0.001388,4.170204,2.851004,109.623750
2.155467,0.026445,-2.888525,-0.177094,0.313871,-0.001465,-0.000195,-0.000983,4.186567,2.835554,109.654586
2.149864,0.025797,-2.881993,-0.175234,0.323871,-0.001438,-0.000224,-0.002630,4.202444,2.819821,109.685326
2.145636,0.025187,-2.870623,-0.171798,0.333871,-0.001507,-0.000284,-0.006041,4.219042,2.801802,109.715469
2.142804,0.024780,-2.850693,-0.168901,0.343871,-0.001488,-0.000276,-0.005142,4.235890,2.785525,109.746340
2.141369,0.024387,-2.822623,-0.165995,0.353760,-0.001528,-0.000272,-0.004952,4.249312,2.766714,109.778048
2.141237,0.023913,-2.789785,-0.162365,0.363614,-0.001391,-0.000296,-0.007380,4.265213,2.747325,109.809556
2.142627,0.023468,-2.753045,-0.156925,0.372980,-0.001532,-0.000386,-0.011497,4.278314,2.725932,109.841724
2.145338,0.023288,-2.706159,-0.150837,0.382133,-0.001421,-0.000406,-0.013637,4.294538,2.704430,109.874426
2.149603,0.023319,-2.646114,-0.145561,0.390793,-0.001514,-0.000427,-0.013592,4.309066,2.682995,109.907885
2.155068,0.023153,-2.578601,-0.140904,0.398613,-0.001515,-0.000366,-0.011374,4.319990,2.659406,109.941161
2.161666,0.022779,-2.507663,-0.136478,0.405900,-0.001264,-0.000316,-0.009913,4.333975,2.636647,109.973159
2.169551,0.022252,-2.437012,-0.132373,0.412266,-0.001138,-0.000284,-0.009626,4.347922,2.612913,110.004173
2.178460,0.021659,-2.369974,-0.127454,0.417547,-0.001162,-0.000340,-0.012509,4.361394,2.587588,110.034252
2.188172,0.021243,-2.303656,-0.123186,0.421875,-0.001271,-0.000322,-0.010909,4.370172,2.562315,110.062924
2.198418,0.020936,-2.236877,-0.118883,0.425417,-0.001097,-0.000288,-0.010520,4.383256,2.537710,110.090770
2.209382,0.020729,-2.170443,-0.116028,0.428360,-0.000918,-0.000209,-0.007081,4.394163,2.509933,110.117781
2.220875,0.020374,-2.110281,-0.112169,0.430126,-0.000926,-0.000252,-0.009734,4.404740,2.481086,110.145504
2.232657,0.020175,-2.053859,-0.108909,0.430769,-0.000888,-0.000221,-0.008167,4.414394,2.452163,110.175308
2.244589,0.020092,-1.999065,-0.106219,0.430380,-0.000709,-0.000184,-0.006953,4.425026,2.422203,110.205907
2.256663,0.019988,-1.949064,-0.103015,0.428932,-0.000693,-0.000203,-0.008392,4.435940,2.392317,110.237233
2.268632,0.020020,-1.901104,-0.099981,0.427595,-0.000806,-0.000205,-0.008092,4.443140,2.362252,110.269311
2.280359,0.020131,-1.853349,-0.096959,0.425733,-0.000844,-0.000199,-0.008275,4.451989,2.333498,110.301176
2.291864,0.020271,-1.805848,-0.094847,0.423644,-0.000614,-0.000146,-0.005462,4.461679,2.302926,110.331284
2.303328,0.020267,-1.761610,-0.092351,0.421123,-0.000615,-0.000166,-0.006921,4.468553,2.271580,110.361912
2.314504,0.020259,-1.721028,-0.087926,0.417948,-0.000748,-0.000255,-0.012446,4.473875,2.240268,110.394562
2.325316,0.020649,-1.672633,-0.083772,0.414282,-0.000676,-0.000256,-0.012631,4.477462,2.209786,110.427050
2.335889,0.021075,-1.614863,-0.077033,0.410197,-0.000708,-0.000374,-0.020934,4.481029,2.175023,110.458748
2.346238,0.021752,-1.539520,-0.072044,0.405491,-0.000605,-0.000294,-0.015567,4.484656,2.143588,110.492329
2.356268,0.021978,-1.452211,-0.065985,0.400671,-0.000533,-0.000352,-0.019981,4.489049,2.109626,110.526260
2.366050,0.021823,-1.359055,-0.059977,0.395296,-0.000622,-0.000382,-0.021102,4.489774,2.076303,110.559538
2.375335,0.021387,-1.259652,-0.054634,0.389938,-0.000286,-0.001219,-0.041255,4.493846,2.040872,110.593900
2.384524,0.019721,-1.180708,-0.049528,0.383993,-0.000253,-0.000487,-0.033063,4.499422,2.005629,110.629040
2.393273,0.019448,-1.088698,-0.045180,0.377696,-0.000425,-0.000223,-0.013877,4.506210,1.972497,110.664941
2.401236,0.018879,-0.982062,-0.042312,0.371424,-0.000246,-0.000144,-0.008758,4.522136,1.937006,110.699796
2.408741,0.017312,-0.893252,-0.044797,0.365386,-0.000415,0.000090,0.008016,4.527551,1.905100,110.734873
2.415298,0.014556,-0.848856,-0.045584,0.359377,-0.000254,0.000019,0.002680,4.531952,1.868035,110.769291
2.421320,0.012285,-0.840333,-0.046020,0.352977,-0.000274,0.000003,0.001468,4.538574,1.833130,110.803775
2.426593,0.011099,-0.844728,-0.045224,0.346692,-0.000320,-0.000045,-0.002262,4.541807,1.796334,110.840081
2.431134,0.010901,-0.847083,-0.045922,0.340660,-0.000427,0.000015,0.002422,4.547224,1.763326,110.876363
2.434854,0.010837,-0.850317,-0.046933,0.335046,-0.000292,0.000032,0.003430,4.546246,1.725107,110.911361
2.438034,0.010720,-0.859968,-0.047188,0.329217,-0.000288,-0.000002,0.000970,4.552431,1.688965,110.947212
2.440557,0.010831,-0.870645,-0.048055,0.323653,-0.000312,0.000025,0.003068,4.551440,1.651182,110.984832
2.442408,0.010972,-0.881895,-0.048972,0.318075,-0.000503,0.000029,0.003395,4.553874,1.618169,111.021805
2.443427,0.011093,-0.895528,-0.051768,0.313154,-0.000416,0.000114,0.009638,4.555379,1.584096,111.056979
2.443897,0.010886,-0.919771,-0.053805,0.307887,-0.000455,0.000082,0.007127,4.557877,1.550135,111.090692
2.443696,0.010810,-0.953224,-0.058015,0.303217,-0.000397,0.000199,0.014949,4.558736,1.515450,111.124632
2.442894,0.010632,-0.998681,-0.062837,0.298567,-0.000406,0.000207,0.015938,4.559962,1.480401,111.159029
2.441396,0.010416,-1.062536,-0.069491,0.294204,-0.000534,0.000286,0.021990,4.566042,1.449097,111.193641
2.439013,0.010243,-1.145793,-0.079351,0.290989,-0.000545,0.000508,0.034571,4.565116,1.418215,111.226683
2.435783,0.009973,-1.256645,-0.089066,0.287861,-0.000353,0.000412,0.029748,4.566675,1.383175,111.257603
2.431887,0.010016,-1.398032,-0.100197,0.285175,-0.000369,0.000450,0.032499,4.569356,1.348892,111.289776
2.427013,0.010789,-1.557061,-0.113017,0.283207,-0.000159,0.000559,0.037743,4.570929,1.312840,111.323722
2.421262,0.012154,-1.730457,-0.125296,0.281452,-0.000285,0.000508,0.033708,4.573371,1.279055,111.358057
2.414279,0.014230,-1.913332,-0.137062,0.280211,-0.000356,0.000443,0.030407,4.572210,1.246314,111.392362
2.406134,0.017117,-2.093459,-0.147526,0.279175,-0.000525,0.000358,0.025481,4.570048,1.215250,111.425222
2.396788,0.020724,-2.262042,-0.158615,0.278666,-0.000318,0.000392,0.026203,4.564903,1.183428,111.455810
2.386549,0.024659,-2.416473,-0.166082,0.277823,-0.000443,0.000217,0.016544,4.561242,1.151266,111.485689
2.375346,0.028892,-2.553030,-0.173323,0.277145,-0.000408,0.000195,0.015707,4.555107,1.120017,111.515840
2.363342,0.033168,-2.666662,-0.179306,0.276419,-0.000533,0.000113,0.011132,4.549436,1.089552,111.545332
2.350497,0.037085,-2.762598,-0.185197,0.275847,-0.000505,0.000096,0.010673,4.538260,1.060464,111.574297
2.337021,0.040478,-2.841957,-0.189802,0.274904,-0.000401,0.000060,0.007887,4.528647,1.029306,111.603402
2.323097,0.043284,-2.908087,-0.195012,0.273815,0.000083,0.000119,0.008063,4.513747,0.990238,111.633787
2.309094,0.045431,-2.964403,-0.200829,0.272005,-0.000995,-0.000043,0.010142,4.515841,0.978104,111.669123
2.293372,0.046659,-3.014129,-0.204046,0.272883,-0.000546,0.000008,0.004786,4.498200,0.950979,111.696879
2.278052,0.047486,-3.059950,-0.206900,0.272749,-0.000499,-0.000002,0.004520,4.484601,0.925816,111.719637
2.262684,0.047944,-3.097543,-0.208933,0.272582,-0.000389,-0.000014,0.002971,4.472564,0.897036,111.749432
2.247438,0.047997,-3.128626,-0.210560,0.272718,-0.000503,-0.000045,0.002503,4.450291,0.874469,111.780736
2.232185,0.047623,-3.153407,-0.211293,0.271884,-0.000380,-0.000048,0.001535,4.433180,0.850249,111.813742
2.217188,0.046889,-3.172268,-0.211853,0.270965,-0.000447,-0.000041,0.001630,4.414828,0.829340,111.847255
2.202277,0.045791,-3.185797,-0.212901,0.269839,-0.000476,-0.000054,0.001611,4.392451,0.810181,111.880238
2.187464,0.044247,-3.197339,-0.212597,0.268345,-0.000457,-0.000083,-0.000163,4.370272,0.789600,111.913428
2.172910,0.042467,-3.206244,-0.212003,0.266446,-0.000436,-0.000076,-0.000128,4.349871,0.770409,111.948853
2.158616,0.040546,-3.210890,-0.211824,0.264095,-0.000349,-0.000060,0.000315,4.326536,0.753444,111.984757
2.144580,0.038418,-3.213268,-0.212372,0.260964,-0.000285,-0.000022,0.001672,4.303682,0.737229,112.020037
2.130623,0.036073,-3.215519,-0.214485,0.257149,-0.000202,0.000015,0.003517,4.279914,0.722358,112.056024
2.116592,0.033453,-3.222178,-0.217150,0.253008,-0.000162,0.000035,0.004204,4.255719,0.708974,112.092284
2.102349,0.030692,-3.235433,-0.220158,0.248902,-0.000125,0.000057,0.004702,4.230641,0.696829,112.128418
2.087879,0.027967,-3.254973,-0.224327,0.244879,-0.000054,0.000094,0.006190,4.204388,0.687318,112.164670
2.073116,0.025307,-3.281245,-0.228868,0.240823,-0.000113,0.000095,0.006479,4.178327,0.679604,112.201360
2.057895,0.022755,-3.314287,-0.233759,0.237411,-0.000050,0.000109,0.006660,4.152497,0.671883,112.238377
2.042363,0.020371,-3.352785,-0.239036,0.234923,-0.000122,0.000124,0.007203,4.128032,0.667420,112.275296
2.026441,0.018158,-3.395178,-0.244672,0.233310,-0.000127,0.000106,0.006691,4.100750,0.664136,112.311256
2.010247,0.016038,-3.441529,-0.249477,0.232667,-0.000162,0.000102,0.006046,4.073341,0.661988,112.347467
1.993926,0.014118,-3.488346,-0.254677,0.232594,-0.000102,0.000113,0.006184,4.044263,0.661907,112.385239
1.977601,0.012294,-3.534809,-0.259795,0.232209,-0.000089,0.000113,0.006272,4.017641,0.663162,112.424377
1.961180,0.010499,-3.580361,-0.264315,0.231982,-0.000064,0.000117,0.005641,3.988635,0.666185,112.463524
1.944756,0.008729,-3.624294,-0.269022,0.231357,-0.000079,0.000108,0.005539,3.961509,0.672058,112.503066
1.928244,0.006894,-3.666536,-0.272608,0.230577,-0.000104,0.000083,0.004481,3.935367,0.678911,112.543362
1.911719,0.005021,-3.706187,-0.275092,0.230248,-0.000168,0.000063,0.003666,3.910612,0.687219,112.582900
1.895305,0.003136,-3.741426,-0.276386,0.230369,-0.000234,0.000032,0.002612,3.885918,0.696775,112.621510
1.879180,0.001224,-3.771132,-0.276740,0.230703,-0.000254,-0.000001,0.001521,3.862039,0.706723,112.659735
1.863443,-0.000743,-3.794870,-0.275498,0.231395,-0.000324,-0.000026,0.000373,3.838782,0.718264,112.697524
1.848303,-0.002691,-3.810633,-0.273719,0.232974,-0.000462,-0.000051,-0.000155,3.818264,0.732062,112.734247
1.833793,-0.004682,-3.818296,-0.271066,0.235168,-0.000572,-0.000124,-0.002208,3.796562,0.745491,112.770436
1.820097,-0.006748,-3.819050,-0.267045,0.238277,-0.000682,-0.000168,-0.003766,3.776920,0.760609,112.806047
1.807438,-0.008726,-3.810267,-0.262032,0.241933,-0.000822,-0.000281,-0.007403,3.756432,0.776368,112.841453
1.795916,-0.010650,-3.792747,-0.256709,0.246271,-0.000855,-0.000263,-0.006788,3.737194,0.793126,112.876333
1.785715,-0.012365,-3.762578,-0.250700,0.251225,-0.000904,-0.000295,-0.008051,3.719680,0.810619,112.910416
1.776909,-0.013963,-3.721680,-0.243365,0.256649,-0.001088,-0.000385,-0.010772,3.704355,0.828828,112.943777
1.769499,-0.015358,-3.668649,-0.234954,0.262687,-0.001196,-0.000477,-0.014359,3.689156,0.848884,112.975987
1.763678,-0.016465,-3.602070,-0.225635,0.269160,-0.001305,-0.000575,-0.017801,3.675983,0.868231,113.008040
1.759504,-0.017252,-3.520120,-0.214613,0.276526,-0.002307,-0.001780,-0.046896,3.663001,0.888114,113.039030
1.756256,-0.018671,-3.443351,-0.202922,0.284573,-0.002349,-0.001315,-0.047180,3.650483,0.908527,113.068223
1.755040,-0.018274,-3.335752,-0.190909,0.292470,-0.001577,-0.000800,-0.027366,3.640800,0.929159,113.096432
1.756438,-0.017035,-3.181514,-0.178213,0.300099,-0.001716,-0.000968,-0.033344,3.631706,0.951287,113.122243
1.759371,-0.016346,-3.018422,-0.165677,0.307490,-0.001643,-0.000916,-0.032784,3.620673,0.973060,113.145997
1.763975,-0.015601,-2.844109,-0.154643,0.314146,-0.001699,-0.000832,-0.029951,3.613591,0.996661,113.169834
1.769833,-0.015043,-2.670347,-0.143972,0.320141,-0.001545,-0.000809,-0.029639,3.604677,1.019372,113.194872
1.776998,-0.014503,-2.502571,-0.134114,0.325194,-0.001524,-0.000758,-0.028001,3.598932,1.037320,113.219926
1.785142,-0.013881,-2.342495,-0.123370,0.329850,-0.001017,-0.000837,-0.034126,3.583541,1.068392,113.242190
1.794714,-0.012913,-2.188234,-0.114605,0.332025,-0.001604,-0.000748,-0.027876,3.582711,1.084384,113.267426
1.804172,-0.011929,-2.038218,-0.104117,0.335147,-0.001067,-0.000797,-0.033087,3.573446,1.109433,113.292410
1.814811,-0.010558,-1.888814,-0.093645,0.336550,-0.000897,-0.002438,-0.072483,3.563506,1.142039,113.314920
1.826022,-0.010553,-1.772706,-0.080318,0.336317,-0.001766,-0.001798,-0.078411,3.562965,1.159611,113.343948
1.836744,-0.007593,-1.619511,-0.067606,0.336289,-0.001094,-0.001043,-0.045081,3.559366,1.184303,113.371202
1.848305,-0.004013,-1.406061,-0.055631,0.335382,-0.000750,-0.000908,-0.041382,3.555977,1.210971,113.393838
1.860169,-0.001721,-1.195279,-0.041926,0.333595,-0.000570,-0.000935,-0.044219,3.547569,1.236170,113.419304
1.872111,0.000449,-0.979811,-0.028633,0.331629,-0.000552,-0.000966,-0.045804,3.544459,1.262737,113.445789
1.883865,0.002415,-0.763508,-0.013455,0.329817,-0.000497,-0.001113,-0.052814,3.540388,1.289436,113.472349
1.895437,0.004672,-0.536210,0.001692,0.328023,0.000003,-0.003668,-0.112558,3.530778,1.320300,113.499807
1.907165,0.004455,-0.355389,0.019922,0.325949,-0.000238,-0.008040,-0.247043,3.532938,1.343025,113.529505
1.918090,0.002855,-0.252055,0.038553,0.326502,0.000447,-0.012304,-0.378383,3.527758,1.371250,113.557796
1.929162,0.001737,-0.185881,0.058775,0.328597,0.000903,-0.016927,-0.521054,3.518715,1.397851,113.584375
1.939964,0.001031,-0.142660,0.079807,0.332360,0.001609,-0.022093,-0.681044,3.513575,1.425260,113.612424
1.950590,0.000031,-0.132466,0.101151,0.337700,0.002302,-0.026004,-0.799555,3.506605,1.451590,113.640915
1.960892,0.000148,-0.111499,0.122213,0.344166,0.003387,-0.029793,-0.914564,3.492312,1.481333,113.669907
1.971232,0.000093,-0.096675,0.145136,0.349657,0.003914,-0.032330,-0.987738,3.485454,1.503335,113.700901
1.980644,0.000990,-0.053698,0.160416,0.355933,0.004762,-0.034849,-1.066648,3.476058,1.528850,113.731983
1.990163,0.000416,-0.043429,0.174156,0.362697,0.005377,-0.036816,-1.128014,3.462494,1.554199,113.761247
1.999656,-0.000345,-0.054123,0.184925,0.369244,0.005665,-0.037937,-1.163538,3.447249,1.578669,113.792313
2.009008,-0.000651,-0.067482,0.192634,0.376031,0.002601,-0.014429,-0.622170,3.428074,1.601269,113.825033
2.015171,0.023490,0.484437,0.190416,0.382327,-0.000917,0.000145,0.004146,3.411228,1.625937,113.859489
2.019662,0.042403,1.539927,0.179195,0.388857,-0.001212,0.000550,0.023050,3.391203,1.649022,113.896013
2.027376,0.037143,2.208264,0.163077,0.396256,-0.002615,0.002886,0.086965,3.369431,1.670591,113.934257
2.036207,0.025318,2.565232,0.146804,0.405731,-0.005011,0.006086,0.185291,3.348751,1.691769,113.974183
2.044443,0.014123,2.752522,0.131147,0.415655,-0.006837,0.008618,0.262542,3.325654,1.710832,114.014733
2.052380,0.004402,2.822742,0.116064,0.424180,-0.009139,0.012262,0.377119,3.301638,1.730006,114.055642
2.059257,-0.001776,2.864264,0.102139,0.430883,-0.005154,0.003626,0.188314,3.278345,1.748716,114.097263
2.071189,-0.017919,2.594580,0.093567,0.436319,-0.001472,0.000574,0.024976,3.252052,1.766094,114.139079
2.086865,-0.025923,2.191441,0.091776,0.441167,-0.001619,0.000509,0.011908,3.226493,1.783382,114.180662
2.102475,-0.022771,1.915922,0.094680,0.445063,-0.001675,-0.000133,-0.008780,3.200588,1.800822,114.221893
2.118200,-0.016588,1.759315,0.100277,0.447489,-0.001436,-0.001353,-0.046073,3.173271,1.818093,114.262103
2.134033,-0.011482,1.682920,0.107404,0.448080,-0.000984,-0.002878,-0.094416,3.145547,1.834252,114.301312
2.149840,-0.008400,1.651566,0.114768,0.446779,-0.000278,-0.004333,-0.140616,3.115876,1.850569,114.339368
2.165533,-0.006963,1.645167,0.123305,0.443109,-0.000008,-0.001695,-0.090454,3.087411,1.866938,114.376032
2.180266,-0.002432,1.751767,0.129962,0.436284,-0.000017,-0.000311,-0.017444,3.058105,1.883084,114.410712
2.193740,-0.000143,1.942808,0.135148,0.426284,0.000176,-0.000242,-0.013224,3.025460,1.896989,114.443469
2.205859,-0.002045,2.102174,0.138737,0.416284,0.000769,-0.000619,-0.020951,2.993985,1.910312,114.477074
2.216980,-0.006200,2.212814,0.140290,0.406284,0.001996,-0.000949,-0.029757,2.961134,1.922608,114.511745
2.227767,-0.010953,2.276483,0.142400,0.396284,0.003209,-0.001295,-0.040464,2.927983,1.933301,114.546284
2.238126,-0.015105,2.311401,0.143428,0.386284,0.004392,-0.001491,-0.045661,2.894070,1.942039,114.581549
2.248147,-0.018467,2.328807,0.144324,0.376284,0.005373,-0.001638,-0.049529,2.858849,1.949286,114.617298
2.257688,-0.021059,2.337080,0.147832,0.366284,0.006634,-0.002215,-0.067245,2.823631,1.954605,114.653192
2.266852,-0.023065,2.340562,0.154088,0.356284,0.007497,-0.002899,-0.089326,2.788054,1.958415,114.689479
2.275039,-0.024367,2.350351,0.161901,0.346284,0.010001,-0.004337,-0.134116,2.752076,1.960778,114.726095
2.283792,-0.025993,2.347846,0.171242,0.336284,0.010697,-0.005060,-0.157476,2.716732,1.960923,114.763310
2.291138,-0.026738,2.360937,0.181366,0.326284,0.013850,-0.006785,-0.210655,2.680251,1.959691,114.800749
2.299512,-0.028322,2.355574,0.191468,0.316284,0.007357,-0.002372,-0.112367,2.644311,1.956931,114.838418
2.299217,-0.024017,2.482249,0.198725,0.306284,0.000372,-0.000168,-0.009877,2.609001,1.951076,114.876192
2.290407,-0.021530,2.707209,0.200944,0.296284,0.000152,-0.000028,-0.003031,2.573960,1.943884,114.915198
2.280312,-0.024474,2.884160,0.200730,0.289970,-0.000201,0.000051,0.000939,2.540351,1.933572,114.956258
2.269135,-0.029793,3.004616,0.197427,0.285696,-0.000373,0.000161,0.005346,2.506670,1.922468,114.997948
2.257431,-0.035525,3.071344,0.192660,0.283566,-0.000590,0.000294,0.009945,2.474345,1.908935,115.040509
2.245530,-0.040373,3.094378,0.185120,0.282866,-0.001017,0.000849,0.024650,2.443542,1.893523,115.084630
2.233706,-0.043499,3.087083,0.174113,0.283984,-0.001263,0.000759,0.033631,2.413393,1.876013,115.130049
2.222788,-0.045914,3.039028,0.161707,0.286369,-0.001719,0.001722,0.052238,2.385231,1.856565,115.176368
2.212872,-0.046139,2.961420,0.146970,0.289745,-0.002066,0.001543,0.067983,2.359346,1.836446,115.223514
2.204506,-0.046009,2.845462,0.129988,0.294033,-0.002052,0.002726,0.084515,2.333908,1.813190,115.271186
2.198290,-0.044115,2.683353,0.111723,0.297742,-0.003688,0.005939,0.189098,2.309719,1.788895,115.319314
2.192597,-0.038812,2.562843,0.092975,0.301048,-0.005634,0.010527,0.336799,2.287737,1.763803,115.368224
2.187052,-0.032003,2.503368,0.073063,0.304105,-0.006798,0.014339,0.463241,2.267150,1.738803,115.416823
2.182229,-0.027503,2.443339,0.054682,0.307119,-0.008186,0.019852,0.641252,2.245577,1.712746,115.463882
2.177397,-0.022584,2.436686,0.038136,0.311190,-0.009034,0.024304,0.787306,2.225975,1.687386,115.508810
2.172836,-0.019518,2.441744,0.021856,0.317052,-0.009769,0.028634,0.928223,2.206821,1.661111,115.550620
2.168492,-0.017790,2.449188,0.005597,0.324001,-0.010030,0.031324,1.018209,2.187526,1.634140,115.589754
2.164656,-0.018409,2.407666,-0.010719,0.331810,-0.010305,0.033724,1.094384,2.168343,1.607736,115.626040
2.161150,-0.019348,2.324371,-0.027076,0.339593,-0.010597,0.036636,1.184915,2.149314,1.581214,115.658589
2.157793,-0.018948,2.234281,-0.043313,0.347137,-0.010941,0.040924,1.320385,2.129967,1.554719,115.687051
2.154363,-0.016239,2.193841,-0.060178,0.354905,-0.010882,0.044483,1.431273,2.110935,1.528608,115.712729
2.151051,-0.014122,2.166521,-0.076375,0.362897,-0.010732,0.048038,1.540259,2.092106,1.503013,115.738441
2.147813,-0.012146,2.160818,-0.092902,0.370610,-0.010742,0.053973,1.721724,2.072667,1.476694,115.765260
2.144277,-0.008022,2.251098,-0.108338,0.378000,-0.009971,0.055460,1.763111,2.054395,1.451035,115.793555
2.141072,-0.008527,2.285856,-0.123985,0.385358,-0.005596,0.019538,0.927885,2.031676,1.425948,115.822660
2.141757,-0.047416,1.406140,-0.131483,0.392239,-0.000793,0.001145,0.037291,2.010725,1.400865,115.853118
2.148609,-0.070389,-0.192031,-0.123167,0.397722,-0.001576,-0.000078,-0.007961,1.988761,1.377006,115.885985
2.158713,-0.054401,-1.206790,-0.113191,0.405450,-0.002102,-0.000969,-0.040061,1.966863,1.353321,115.920212
2.170424,-0.031277,-1.702480,-0.105389,0.413724,-0.001204,-0.000441,-0.023190,1.945312,1.333531,115.955244
2.183701,-0.011450,-1.859221,-0.099134,0.421083,-0.001607,-0.001412,-0.044930,1.919752,1.310937,115.989955
2.196784,0.000633,-1.890875,-0.095490,0.427025,-0.002666,-0.002233,-0.069734,1.895221,1.289444,116.026816
2.208915,0.007049,-1.890210,-0.094430,0.431815,-0.003319,-0.002448,-0.076337,1.869590,1.268541,116.066600
2.220483,0.010434,-1.881414,-0.096152,0.435501,-0.002085,-0.000643,-0.029892,1.841201,1.246761,116.106368
2.233211,0.013692,-1.839788,-0.100093,0.438445,-0.000705,0.000158,0.012671,1.813504,1.226857,116.147673
2.247043,0.014826,-1.797790,-0.104859,0.440804,-0.000651,0.000931,0.032882,1.785520,1.207350,116.190275
2.260555,0.014826,-1.786257,-0.110262,0.442615,-0.000427,0.001996,0.068218,1.756896,1.187758,116.232815
2.273858,0.015092,-1.782995,-0.117241,0.444138,-0.000353,0.000832,0.050461,1.726398,1.168262,116.274810
2.286631,0.013154,-1.845845,-0.125295,0.445353,-0.000142,0.001363,0.046917,1.695410,1.148635,116.316169
2.298953,0.013063,-1.944340,-0.133777,0.446226,-0.000139,0.000742,0.045109,1.664025,1.128379,116.357727
2.310484,0.013483,-2.060645,-0.143912,0.447022,0.000196,0.001635,0.054914,1.631668,1.110213,116.397912
2.321323,0.015909,-2.182022,-0.153720,0.447295,0.000845,0.003062,0.104022,1.599449,1.092929,116.436834
2.331663,0.020272,-2.258829,-0.165709,0.447759,0.000677,0.001299,0.073685,1.564807,1.075808,116.473654
2.340386,0.021415,-2.387197,-0.177783,0.446938,0.000064,0.000408,0.024546,1.530513,1.060833,116.509198
2.347040,0.023103,-2.571715,-0.185665,0.444457,0.000488,0.000842,0.029510,1.496206,1.042627,116.545549
2.352831,0.028429,-2.721651,-0.194981,0.440623,0.001811,0.001773,0.058472,1.458548,1.030751,116.582262
2.358177,0.035617,-2.819252,-0.197229,0.435275,0.002624,0.002024,0.065829,1.418924,1.020291,116.621126
2.362972,0.042879,-2.874399,-0.200368,0.429380,0.003364,0.002231,0.072368,1.382328,1.011604,116.662117
2.367036,0.049110,-2.902865,-0.201343,0.422926,0.001660,0.000612,0.034172,1.345816,1.006020,116.702178
2.368162,0.052411,-2.952590,-0.202320,0.416507,0.000398,0.000045,0.002200,1.306135,1.000744,116.740108
2.366994,0.055367,-3.018075,-0.202219,0.410292,0.000908,0.000039,0.001991,1.268783,0.999121,116.779101
2.365446,0.059125,-3.061912,-0.201117,0.405383,0.001238,-0.000056,-0.001015,1.233629,0.999464,116.818204
2.363553,0.062791,-3.088155,-0.198315,0.401433,0.001550,-0.000245,-0.008420,1.195592,1.000935,116.854526
2.361581,0.065946,-3.101224,-0.196318,0.398458,0.001617,-0.000427,-0.014336,1.157549,1.006155,116.891549
2.359378,0.068312,-3.105928,-0.192798,0.396122,0.001529,-0.000719,-0.024204,1.119839,1.013463,116.930165
2.357045,0.069921,-3.105077,-0.187535,0.394008,0.000470,-0.000308,-0.017697,1.081085,1.022054,116.969196
2.353857,0.071710,-3.079213,-0.183480,0.392864,-0.000467,-0.000176,-0.005833,1.045265,1.034311,117.010586
2.349979,0.072414,-3.031161,-0.180875,0.392558,-0.000499,-0.000154,-0.004099,1.010643,1.047749,117.053749
2.346394,0.071406,-2.981853,-0.177818,0.392650,-0.000492,-0.000158,-0.004949,0.976452,1.062930,117.097479
2.343322,0.069272,-2.935196,-0.175040,0.393361,-0.000328,-0.000109,-0.003847,0.939406,1.077234,117.142351
2.341006,0.066570,-2.891321,-0.176895,0.395559,-0.000336,-0.000015,0.002660,0.905611,1.095752,117.189118
2.339021,0.063231,-2.861576,-0.177078,0.397692,-0.000471,-0.000072,0.000204,0.875509,1.117660,117.237705
2.337386,0.059979,-2.847197,-0.174918,0.399360,-0.000654,-0.000178,-0.004160,0.849619,1.143177,117.286835
2.336178,0.057498,-2.838216,-0.167142,0.400389,-0.000628,-0.000291,-0.013601,0.820086,1.169417,117.336201
2.335983,0.056373,-2.815381,-0.162450,0.401281,-0.000599,-0.000223,-0.008311,0.794121,1.194976,117.387261
2.336429,0.055654,-2.775976,-0.156738,0.401942,-0.000451,-0.000206,-0.009969,0.764723,1.222279,117.438980
2.337683,0.054878,-2.725587,-0.153512,0.402153,-0.000371,-0.000126,-0.005828,0.736766,1.249890,117.490442
2.339411,0.053574,-2.671905,-0.152139,0.401972,-0.000480,-0.000237,-0.005488,0.715419,1.279333,117.540860
2.341237,0.051470,-2.629094,-0.149185,0.401703,-0.000470,-0.000199,-0.008783,0.693498,1.311234,117.589158
2.343436,0.049583,-2.591757,-0.145502,0.401360,-0.000568,-0.000204,-0.007881,0.678319,1.344902,117.636477
2.345923,0.048101,-2.550239,-0.138490,0.400907,-0.000690,-0.000326,-0.015328,0.661408,1.376678,117.682929
2.348919,0.047188,-2.496145,-0.131665,0.400410,-0.000614,-0.000333,-0.015996,0.645297,1.411532,117.726175
2.352557,0.046458,-2.425014,-0.124614,0.399156,-0.000637,-0.000529,-0.023562,0.627984,1.445874,117.765755
2.356664,0.045328,-2.346033,-0.117960,0.397408,-0.000470,-0.000328,-0.017488,0.610286,1.481434,117.803465
2.361340,0.044193,-2.249837,-0.111681,0.395211,-0.000410,-0.000306,-0.016352,0.596576,1.519573,117.840832
2.366385,0.042468,-2.148526,-0.103806,0.392007,-0.000470,-0.000421,-0.023224,0.579568,1.553654,117.880042
2.371690,0.040558,-2.041824,-0.097226,0.388437,-0.000467,-0.000337,-0.018676,0.572207,1.592542,117.918798
2.377172,0.038476,-1.927791,-0.089075,0.384986,-0.000465,-0.000419,-0.024496,0.560385,1.630830,117.956722
2.382916,0.036391,-1.808277,-0.083127,0.381700,-0.000494,-0.000316,-0.018042,0.551377,1.668356,117.996262
2.388728,0.034023,-1.687882,-0.079080,0.379478,-0.000321,-0.000227,-0.012504,0.539804,1.708435,118.035559
2.394773,0.031176,-1.582415,-0.077048,0.377294,-0.000423,-0.000132,-0.006733,0.531057,1.745927,118.075202
2.400668,0.028081,-1.501797,-0.076407,0.375702,-0.000335,-0.000045,-0.001694,0.519471,1.784598,118.114856
2.406552,0.025185,-1.448646,-0.078692,0.374230,-0.000303,0.000076,0.007169,0.508100,1.821168,118.153719
2.412201,0.022431,-1.430059,-0.082117,0.372994,-0.000288,0.000134,0.010674,0.497383,1.858222,118.192104
2.417521,0.020227,-1.445980,-0.087023,0.371516,-0.000262,0.000186,0.014490,0.489144,1.896181,118.229903
2.422387,0.018738,-1.492011,-0.093050,0.369849,-0.000224,0.000261,0.018724,0.479657,1.933068,118.268469
2.426682,0.018063,-1.561885,-0.100445,0.367898,-0.000131,0.000319,0.022272,0.476787,1.973671,118.306549
2.430295,0.018051,-1.653798,-0.107947,0.364817,-0.000093,0.000303,0.021695,0.467173,2.012281,118.345690
2.433006,0.018816,-1.761537,-0.118886,0.361228,0.000071,0.000469,0.030974,0.460494,2.051138,118.385893
2.434574,0.019961,-1.887164,-0.130523,0.357102,0.000101,0.000433,0.028898,0.455595,2.091390,118.424894
2.434699,0.021537,-2.034883,-0.144591,0.353294,0.000177,0.000507,0.033474,0.452310,2.130056,118.464304
2.433198,0.023783,-2.197648,-0.158574,0.349139,0.000295,0.000480,0.030933,0.445839,2.167468,118.503325
2.430011,0.026913,-2.369470,-0.171097,0.345365,0.000847,0.001371,0.047535,0.446654,2.205448,118.541300
2.425667,0.032126,-2.515027,-0.180757,0.341606,0.000842,0.000720,0.042368,0.445595,2.242643,118.578462
2.419760,0.036906,-2.645269,-0.189689,0.338306,0.000126,0.000182,0.014210,0.450418,2.281185,118.614986
2.411714,0.041424,-2.784625,-0.195716,0.335278,-0.000023,0.000110,0.009071,0.451952,2.318339,118.651977
2.402410,0.046872,-2.898309,-0.201671,0.333438,-0.000059,0.000090,0.008600,0.460752,2.355152,118.688602
2.392056,0.052371,-2.986666,-0.205289,0.332219,-0.000163,0.000033,0.004999,0.466140,2.391504,118.724702
2.380895,0.057432,-3.053129,-0.208040,0.332268,-0.000311,0.000005,0.003688,0.471507,2.426017,118.760448
2.369144,0.061727,-3.099950,-0.209983,0.333855,-0.000277,-0.000014,0.002683,0.482646,2.462947,118.795048
2.357301,0.065029,-3.131253,-0.211468,0.336031,-0.000415,-0.000051,0.001988,0.492399,2.496005,118.831034
2.345360,0.067242,-3.151300,-0.210946,0.339458,-0.000727,-0.000115,-0.000922,0.503770,2.528916,118.867653
2.333604,0.068488,-3.162262,-0.207861,0.343818,-0.000638,-0.000140,-0.003316,0.518020,2.563592,118.903472
2.322754,0.069046,-3.161421,-0.204723,0.348916,-0.000978,-0.000297,-0.006774,0.542586,2.594905,118.941878
2.312555,0.068717,-3.153275,-0.200591,0.353753,-0.001488,-0.000391,-0.011461,0.562041,2.623694,118.983429
2.302950,0.067760,-3.139206,-0.192494,0.358738,-0.001093,-0.000361,-0.011716,0.581284,2.649233,119.025103
2.295256,0.066753,-3.104983,-0.185049,0.365079,-0.001016,-0.000318,-0.011426,0.605061,2.676861,119.064725
2.289234,0.065287,-3.054628,-0.176424,0.371191,-0.001275,-0.000537,-0.018939,0.631233,2.702843,119.106003
2.284655,0.063120,-2.994534,-0.166423,0.377116,-0.001813,-0.001212,-0.035998,0.658265,2.724514,119.150540
2.281363,0.060153,-2.929571,-0.156360,0.383268,-0.001885,-0.000890,-0.039814,0.687909,2.747302,119.195204
2.279869,0.057831,-2.845444,-0.144967,0.389069,-0.001820,-0.001616,-0.049900,0.717931,2.768002,119.241237
2.280313,0.054836,-2.742523,-0.135269,0.394802,-0.001876,-0.001031,-0.049719,0.748096,2.787504,119.288807
2.282407,0.052315,-2.622060,-0.126497,0.400325,-0.001017,-0.000503,-0.023814,0.781265,2.805177,119.335811
2.286890,0.049704,-2.466278,-0.119363,0.405365,-0.001044,-0.000604,-0.023985,0.812523,2.822259,119.383234
2.292641,0.045541,-2.321991,-0.112660,0.409926,-0.000976,-0.000421,-0.019094,0.845611,2.837862,119.429388
2.299684,0.041283,-2.185700,-0.109124,0.414052,-0.000916,-0.000261,-0.010681,0.875784,2.852927,119.473081
2.307652,0.036826,-2.072665,-0.106739,0.417762,-0.000985,-0.000480,-0.013710,0.910688,2.867415,119.513533
2.316237,0.032412,-1.995539,-0.106004,0.421222,-0.001469,-0.000657,-0.019215,0.942454,2.881586,119.555366
2.324830,0.028704,-1.955813,-0.105201,0.424589,-0.001333,-0.000360,-0.014321,0.977092,2.894844,119.596116
2.333984,0.026750,-1.928550,-0.104701,0.427592,-0.000680,-0.000066,-0.001105,1.011898,2.908087,119.631660
2.344073,0.025936,-1.900239,-0.105011,0.430405,-0.000673,-0.000036,0.001324,1.046113,2.916665,119.668092
2.354294,0.025286,-1.885767,-0.102338,0.432916,-0.000741,-0.000181,-0.007909,1.081404,2.931454,119.705003
2.364745,0.025442,-1.871642,-0.103072,0.435259,-0.000572,0.000106,0.005037,1.120995,2.942717,119.741567
2.375365,0.025777,-1.856856,-0.103710,0.437230,-0.000749,0.000030,0.004927,1.156474,2.952781,119.780096
2.385771,0.025845,-1.853704,-0.103169,0.439248,-0.000699,-0.000067,-0.001206,1.192203,2.963396,119.819023
2.396281,0.026246,-1.856510,-0.102602,0.441195,-0.000662,-0.000066,-0.001294,1.229045,2.973355,119.856209
2.406860,0.027063,-1.856301,-0.101849,0.443096,-0.000741,-0.000080,-0.001855,1.263325,2.984123,119.893499
2.417386,0.028042,-1.852712,-0.101335,0.445232,-0.000709,-0.000126,-0.002782,1.301805,2.992205,119.930523
2.427963,0.028944,-1.848618,-0.098565,0.447040,-0.000874,-0.000318,-0.013543,1.341894,2.999933,119.968405
2.438521,0.030087,-1.839096,-0.095461,0.448497,-0.000641,-0.000176,-0.008878,1.379972,3.007269,120.008382
2.449452,0.031623,-1.807741,-0.090855,0.449644,-0.000822,-0.000235,-0.012954,1.416983,3.013540,120.048552
2.460404,0.032934,-1.759912,-0.086862,0.450871,-0.000732,-0.000210,-0.011386,1.454432,3.019136,120.087710
2.471602,0.033680,-1.700218,-0.082261,0.452088,-0.000760,-0.000278,-0.015538,1.494390,3.024262,120.126017
2.483009,0.033878,-1.634760,-0.078600,0.453099,-0.000740,-0.000220,-0.011546,1.530330,3.026159,120.165424
2.494550,0.033598,-1.565075,-0.070749,0.453971,-0.000735,-0.000377,-0.025137,1.572997,3.030455,120.204565
2.506504,0.033633,-1.479129,-0.066734,0.454377,-0.000629,-0.000214,-0.013050,1.613014,3.034467,120.244401
2.518653,0.032952,-1.385139,-0.063006,0.454583,-0.000704,-0.000196,-0.012061,1.651471,3.040316,120.286441
2.530804,0.031514,-1.300325,-0.061999,0.454979,-0.000452,-0.000073,-0.003250,1.693199,3.040452,120.327123
2.543172,0.029444,-1.235614,-0.056700,0.454869,-0.000633,-0.000267,-0.017750,1.733770,3.043556,120.367922
2.555453,0.028185,-1.174136,-0.054473,0.454717,-0.000632,-0.000126,-0.007739,1.772709,3.044707,120.409370
2.567671,0.027045,-1.112628,-0.050897,0.454625,-0.000437,-0.000189,-0.012659,1.816372,3.045595,120.449722
2.580065,0.026044,-1.054970,-0.046948,0.454002,-0.000623,-0.000218,-0.014738,1.856162,3.047015,120.491915
2.592194,0.025313,-0.993271,-0.043745,0.453471,-0.000575,-0.000189,-0.012361,1.896796,3.047162,120.534545
2.604268,0.024483,-0.929980,-0.040633,0.452895,-0.000645,-0.000236,-0.013278,1.935759,3.043643,120.576172
2.616145,0.023455,-0.869748,-0.036458,0.452438,-0.000475,-0.000206,-0.015253,1.978467,3.044043,120.617070
2.628119,0.022706,-0.803559,-0.032237,0.451696,-0.000487,-0.000196,-0.015663,2.022037,3.045360,120.658282
2.639952,0.021920,-0.731118,-0.030534,0.450637,-0.000451,-0.000090,-0.006243,2.064087,3.045953,120.701615
2.651586,0.020463,-0.666205,-0.028634,0.449436,-0.000513,-0.000093,-0.007096,2.105528,3.045775,120.745194
2.662921,0.018793,-0.615362,-0.027147,0.447990,-0.000398,-0.000078,-0.005575,2.148740,3.044063,120.788063
2.674090,0.017279,-0.574346,-0.024353,0.445367,-0.000322,-0.000144,-0.010935,2.192491,3.043424,120.830757
2.684964,0.016277,-0.534492,-0.022562,0.441521,-0.000356,-0.000094,-0.007056,2.234342,3.041772,120.874471
2.695271,0.015412,-0.493747,-0.020174,0.436744,-0.000306,-0.000117,-0.009408,2.276670,3.041710,120.918136
2.705019,0.014628,-0.453169,-0.018910,0.431325,-0.000185,-0.000067,-0.005191,2.320537,3.040755,120.961045
2.714198,0.013682,-0.415576,-0.016946,0.425746,0.000022,-0.000416,-0.015845,2.364480,3.038570,121.004341
2.722897,0.012478,-0.388734,-0.013732,0.419961,0.000064,-0.000255,-0.021301,2.407791,3.036941,121.048703
2.730949,0.012210,-0.352506,-0.011676,0.413477,0.000100,-0.000439,-0.016769,2.451416,3.034796,121.093056
2.738263,0.011510,-0.309149,-0.008378,0.406818,0.000095,-0.000240,-0.021347,2.494105,3.032278,121.136545
2.744805,0.011075,-0.260359,-0.005304,0.399467,-0.000308,-0.000145,-0.012512,2.534100,3.031729,121.179831
2.750109,0.010452,-0.196315,-0.003246,0.391192,-0.000031,-0.000095,-0.008336,2.579039,3.028442,121.221849
2.754774,0.009054,-0.136962,0.000347,0.381251,-0.000028,-0.000171,-0.014730,2.622101,3.022924,121.264739
2.758364,0.007631,-0.078668,0.005879,0.371667,0.000446,-0.001186,-0.045997,2.666598,3.020047,121.308984
2.761388,0.005716,-0.028797,0.011151,0.361667,0.000461,-0.000466,-0.042973,2.709734,3.017307,121.352811
2.763322,0.005460,0.047133,0.014552,0.351667,0.000285,-0.000698,-0.026911,2.750384,3.010871,121.396139
2.763999,0.003910,0.137922,0.020393,0.341667,0.001417,-0.002037,-0.078748,2.790778,3.004592,121.437612
2.764696,0.000814,0.188793,0.027086,0.331667,0.002418,-0.003225,-0.124496,2.833992,3.001535,121.478355
2.765212,-0.001626,0.226165,0.032449,0.321667,0.003429,-0.004307,-0.166012,2.876364,2.998322,121.520402
2.765555,-0.003620,0.248880,0.036870,0.311667,0.002695,-0.001780,-0.121788,2.918762,2.995652,121.562955
2.763988,-0.001637,0.340625,0.039355,0.301667,0.000367,-0.000510,-0.019876,2.959693,2.994726,121.605413
2.759047,-0.001271,0.522005,0.039529,0.291667,0.001443,-0.000548,-0.021155,3.002673,2.993058,121.647381
2.754253,-0.005765,0.631721,0.037217,0.281668,0.001956,-0.000061,-0.002760,3.039734,2.990606,121.688399
2.749021,-0.010698,0.688942,0.034776,0.272870,0.002591,0.000326,0.014246,3.083174,2.989601,121.727832
2.743648,-0.014566,0.711168,0.030650,0.264769,0.002280,0.000479,0.031742,3.124367,2.991005,121.768275
2.737278,-0.017650,0.700263,0.024882,0.257606,-0.000030,0.001217,0.046015,3.166354,2.993070,121.809989
2.728085,-0.019264,0.653021,0.016754,0.251374,0.000292,0.003153,0.119661,3.204711,2.993604,121.851002
2.718900,-0.018550,0.624527,0.009264,0.245478,0.000734,0.004553,0.173238,3.243207,2.996421,121.890282
2.709833,-0.017660,0.596050,-0.000597,0.240007,0.001143,0.006482,0.245921,3.281373,3.000417,121.927735
2.700840,-0.016738,0.565946,-0.012534,0.235211,0.001733,0.009114,0.345303,3.320687,3.003505,121.965745
2.692062,-0.015562,0.543790,-0.025660,0.230969,0.001260,0.004424,0.282330,3.359173,3.006983,122.003656
2.682328,-0.022068,0.355774,-0.036634,0.226000,-0.000123,0.002369,0.088411,3.394496,3.010418,122.041796
2.670712,-0.024841,-0.054618,-0.044953,0.220811,0.000593,0.004153,0.155088,3.429972,3.012451,122.078866
2.659475,-0.016121,-0.306222,-0.052241,0.215060,0.001422,0.005651,0.210393,3.466069,3.015805,122.113809
2.648404,-0.006274,-0.444127,-0.061632,0.209156,0.001882,0.006062,0.239004,3.500870,3.018914,122.148191
2.636850,-0.000239,-0.553665,-0.071862,0.203253,0.001770,0.003681,0.215777,3.534782,3.022253,122.182902
2.624190,0.000439,-0.707626,-0.082944,0.197741,0.000118,0.001972,0.073196,3.567129,3.024614,122.217096
2.608859,0.000247,-1.022325,-0.091487,0.192695,0.000091,0.000920,0.067049,3.599747,3.026492,122.249552
2.592749,0.004544,-1.278838,-0.099961,0.188320,-0.000461,0.000492,0.031927,3.632126,3.026970,122.280727
2.575213,0.010240,-1.518537,-0.107785,0.184620,-0.000234,0.001373,0.050309,3.662362,3.027470,122.311788
2.557045,0.017712,-1.686654,-0.114015,0.181506,0.000007,0.000813,0.051302,3.694474,3.027262,122.342085
2.538325,0.023279,-1.813139,-0.121217,0.179130,-0.000867,0.000172,0.017371,3.724152,3.024113,122.372037
2.517999,0.026693,-1.956848,-0.126687,0.177858,-0.000842,0.000226,0.018317,3.752807,3.021967,122.401518
2.497273,0.030419,-2.070533,-0.132461,0.177856,-0.000663,0.000786,0.030519,3.783379,3.018276,122.429394
2.476398,0.034027,-2.153829,-0.139490,0.178476,-0.000154,0.001812,0.066306,3.811952,3.015213,122.457635
2.455666,0.037102,-2.199040,-0.147348,0.180154,0.000320,0.002992,0.106890,3.839158,3.011441,122.485727
2.435080,0.038995,-2.216902,-0.155512,0.182746,0.000508,0.003758,0.131063,3.863217,3.003913,122.512726
2.414540,0.039127,-2.233227,-0.161234,0.186830,0.000801,0.004666,0.160799,3.889604,2.997168,122.538844
2.394559,0.038729,-2.234357,-0.167266,0.191714,0.000879,0.005404,0.184373,3.914331,2.990257,122.564729
2.375007,0.037491,-2.232381,-0.172573,0.197438,0.000706,0.006037,0.204647,3.938835,2.981560,122.591238
2.355809,0.035731,-2.229808,-0.177150,0.204028,0.000656,0.006695,0.225246,3.965348,2.973835,122.618075
2.337263,0.033815,-2.224446,-0.182469,0.210913,-0.000740,0.001651,0.104918,3.984447,2.963885,122.646497
2.317978,0.026023,-2.360720,-0.183346,0.219622,-0.001666,-0.000010,0.003384,4.011262,2.954765,122.673785
2.299243,0.022055,-2.575850,-0.183987,0.228874,-0.002631,0.000000,0.006455,4.031964,2.941776,122.701460
2.280869,0.023757,-2.730107,-0.181153,0.238874,-0.003946,-0.000356,-0.003575,4.050423,2.928185,122.731037
2.262623,0.027329,-2.828975,-0.177217,0.248874,-0.005160,-0.000868,-0.018659,4.070381,2.914212,122.759940
2.244613,0.030707,-2.886013,-0.173228,0.258874,-0.006566,-0.001430,-0.034463,4.088459,2.901436,122.789324
2.226675,0.032970,-2.914406,-0.169292,0.268874,-0.007842,-0.001992,-0.051399,4.108950,2.885397,122.818657
2.209024,0.033889,-2.925461,-0.165776,0.278874,-0.009115,-0.002533,-0.066471,4.126269,2.869229,122.848862
2.191706,0.033580,-2.925876,-0.161029,0.288874,-0.010320,-0.003217,-0.086788,4.145154,2.853888,122.880368
2.174977,0.032367,-2.919333,-0.156121,0.298874,-0.011723,-0.004044,-0.111865,4.164649,2.838440,122.912110
2.158698,0.030424,-2.912010,-0.152570,0.308874,-0.013107,-0.004676,-0.129343,4.179527,2.822772,122.944591
2.142800,0.028099,-2.903344,-0.148914,0.318874,-0.014303,-0.005393,-0.150831,4.196002,2.803348,122.976282
2.127495,0.025535,-2.897088,-0.144485,0.328874,-0.016059,-0.006405,-0.181288,4.213652,2.785718,123.008423
2.112282,0.022834,-2.896287,-0.141441,0.338874,-0.016633,-0.006841,-0.193415,4.230745,2.766918,123.041881
2.098223,0.020576,-2.888028,-0.138200,0.348874,-0.016894,-0.007014,-0.199722,4.245167,2.746051,123.075108
2.085597,0.018809,-2.866903,-0.134994,0.358874,-0.019429,-0.008365,-0.237738,4.261254,2.726766,123.108549
2.072070,0.015965,-2.868543,-0.132529,0.368874,-0.021023,-0.009170,-0.261464,4.277311,2.707348,123.141690
2.058594,0.013444,-2.875650,-0.131041,0.378874,-0.022471,-0.009779,-0.278705,4.291641,2.685739,123.173411
2.045206,0.011244,-2.885562,-0.128952,0.388874,-0.023718,-0.010406,-0.296648,4.308607,2.665111,123.204434
2.032138,0.009412,-2.893061,-0.128587,0.398874,-0.024628,-0.010558,-0.299294,4.323964,2.643862,123.235234
2.019568,0.007859,-2.894635,-0.128671,0.408874,-0.025570,-0.010635,-0.299664,4.338502,2.621548,123.264362
2.007400,0.006342,-2.893179,-0.129184,0.418874,-0.014780,-0.004053,-0.148067,4.354924,2.598148,123.292172
2.007322,0.011376,-2.740840,-0.132264,0.428874,-0.001341,0.000061,0.009956,4.367573,2.574226,123.319061
2.021191,0.014326,-2.501957,-0.135963,0.437688,-0.001256,0.000166,0.013109,4.379945,2.549901,123.345004
2.035362,0.011240,-2.373773,-0.138213,0.445151,-0.001401,0.000302,0.013109,4.396525,2.525977,123.371103
2.049910,0.007744,-2.317839,-0.141345,0.451073,-0.001269,0.000191,0.014973,4.407576,2.498962,123.397483
2.064849,0.005041,-2.311389,-0.141710,0.455582,-0.001081,-0.000054,0.001846,4.417649,2.469388,123.425062
2.080293,0.004031,-2.332772,-0.141468,0.458585,-0.000825,-0.000074,-0.000140,4.433286,2.442752,123.455339
2.096099,0.004698,-2.353477,-0.140836,0.460185,-0.000776,-0.000093,-0.001082,4.443668,2.413684,123.486332
2.111878,0.006263,-2.367330,-0.137927,0.460268,-0.000946,-0.000226,-0.007113,4.452450,2.385845,123.516328
2.127362,0.008462,-2.366680,-0.134181,0.459142,-0.000732,-0.000256,-0.009685,4.463427,2.356007,123.546244
2.142858,0.010957,-2.347015,-0.129329,0.457490,-0.000838,-0.000870,-0.025504,4.476418,2.325844,123.577173
2.158038,0.012859,-2.321058,-0.125763,0.455272,-0.000892,-0.000774,-0.030677,4.480178,2.294241,123.609146
2.172839,0.014788,-2.289043,-0.118853,0.452462,-0.000938,-0.001391,-0.042477,4.488386,2.262901,123.641862
2.187511,0.016540,-2.237525,-0.111986,0.448911,-0.000902,-0.001074,-0.048533,4.491816,2.230787,123.674743
2.202004,0.018722,-2.167572,-0.103028,0.444493,-0.000705,-0.000486,-0.024239,4.489844,2.196269,123.707754
2.216497,0.021433,-2.039561,-0.090979,0.440158,-0.000605,-0.000640,-0.035009,4.497950,2.162257,123.742218
2.231104,0.023123,-1.885583,-0.080602,0.435238,-0.000615,-0.000540,-0.031212,4.500604,2.127254,123.778447
2.245560,0.023695,-1.712496,-0.069663,0.429898,-0.000495,-0.000610,-0.034024,4.504941,2.093667,123.814910
2.259934,0.023345,-1.530774,-0.059274,0.424078,-0.000344,-0.000573,-0.033636,4.507266,2.056553,123.850407
2.274172,0.022426,-1.344914,-0.048986,0.417769,-0.000339,-0.000523,-0.032068,4.510969,2.019734,123.886505
2.288033,0.021215,-1.156096,-0.041121,0.411072,-0.000241,-0.000396,-0.024968,4.517011,1.982733,123.923988
2.301432,0.019346,-0.979872,-0.036301,0.404069,-0.000180,-0.000242,-0.015454,4.532675,1.949117,123.961899
2.314183,0.016735,-0.834738,-0.036113,0.396986,-0.000024,-0.000015,-0.000421,4.534542,1.908809,123.998013
2.326237,0.013342,-0.741711,-0.035388,0.389845,-0.000262,-0.000042,-0.002147,4.547841,1.876373,124.035451
2.337212,0.010476,-0.691890,-0.038976,0.382881,0.000004,0.000195,0.012897,4.544466,1.837354,124.072675
2.347491,0.007845,-0.684515,-0.037628,0.375790,-0.000261,-0.000071,-0.004218,4.548927,1.802912,124.108853
2.356717,0.006799,-0.691883,-0.037120,0.367980,-0.000102,-0.000027,-0.001477,4.549989,1.765138,124.145977
2.365162,0.006797,-0.691757,-0.036940,0.360944,-0.000152,-0.000016,-0.000507,4.553063,1.728204,124.182891
2.372708,0.006965,-0.690030,-0.036023,0.353323,-0.000140,-0.000053,-0.002980,4.549894,1.690640,124.220623
2.379377,0.007292,-0.684289,-0.034932,0.345662,-0.000084,-0.000068,-0.003844,4.548110,1.652752,124.258288
2.385237,0.007658,-0.672820,-0.032339,0.336984,-0.000125,-0.000146,-0.009110,4.549448,1.616328,124.296111
2.390127,0.008216,-0.649728,-0.031902,0.328712,-0.000121,-0.000035,-0.001517,4.548522,1.579926,124.333489
2.394100,0.008273,-0.624815,-0.032660,0.320593,-0.000173,0.000035,0.002934,4.550916,1.544465,124.370494
2.397101,0.007736,-0.612831,-0.037269,0.313764,-0.000084,0.000255,0.017190,4.552180,1.507131,124.406638
2.399323,0.006410,-0.631448,-0.042866,0.307153,-0.000249,0.000302,0.020453,4.554658,1.472971,124.443013
2.400508,0.004949,-0.687604,-0.051135,0.301313,-0.000177,0.000419,0.028770,4.557041,1.437463,124.478908
2.400868,0.003622,-0.781461,-0.060661,0.295844,-0.000172,0.000478,0.032572,4.555725,1.401806,124.513324
2.400289,0.002783,-0.909994,-0.070659,0.290255,-0.000149,0.000507,0.034256,4.557565,1.366631,124.548547
2.398708,0.002757,-1.061752,-0.082638,0.285316,0.000039,0.000588,0.038854,4.558221,1.328608,124.583628
2.396181,0.003241,-1.235271,-0.094694,0.280476,-0.000164,0.000578,0.037549,4.558113,1.293274,124.619466
2.392242,0.004401,-1.423980,-0.109450,0.276570,-0.000092,0.000659,0.043366,4.557811,1.258629,124.655806
2.386988,0.005883,-1.627702,-0.124198,0.273181,-0.000059,0.000616,0.039815,4.555543,1.223799,124.689986
2.380344,0.007929,-1.843443,-0.137389,0.270125,-0.000167,0.000505,0.033646,4.553829,1.190279,124.723443
2.372224,0.010950,-2.054516,-0.150183,0.267848,0.000461,0.001776,0.061887,4.550606,1.156182,124.756397
2.363389,0.016039,-2.220161,-0.162573,0.266036,0.000442,0.000938,0.056788,4.544324,1.122271,124.789491
2.353136,0.019420,-2.378900,-0.174350,0.264559,-0.000200,0.000339,0.023880,4.535147,1.090330,124.822604
2.340987,0.022292,-2.558482,-0.183878,0.263108,-0.000291,0.000213,0.017212,4.527253,1.059257,124.854143
2.327702,0.026262,-2.716264,-0.191508,0.262179,-0.000389,0.000182,0.013294,4.520472,1.028371,124.885064
2.313451,0.030774,-2.846133,-0.197837,0.261917,-0.000316,0.000104,0.011185,4.514574,0.997259,124.916377
2.298560,0.035122,-2.948962,-0.204473,0.262442,-0.000446,0.000108,0.009913,4.502992,0.968081,124.948000
2.282914,0.038835,-3.032652,-0.208771,0.263251,-0.000349,0.000044,0.006806,4.486350,0.937708,124.979218
2.267028,0.041854,-3.098609,-0.215092,0.263373,-0.000337,0.000070,0.008461,4.477680,0.909345,125.012489
2.250633,0.043920,-3.153321,-0.218462,0.264861,-0.000471,-0.000013,0.004704,4.455495,0.884640,125.045720
2.234055,0.045212,-3.199046,-0.221600,0.265341,-0.000445,-0.000025,0.004077,4.440311,0.859447,125.078948
2.217436,0.045835,-3.235752,-0.223321,0.266475,-0.000588,-0.000061,0.002725,4.425210,0.837499,125.113111
2.200862,0.045853,-3.264253,-0.223830,0.268025,-0.000464,-0.000082,0.000818,4.402971,0.813945,125.144855
2.184800,0.045352,-3.285374,-0.224065,0.268843,-0.000655,-0.000103,0.000872,4.384617,0.795085,125.178316
2.168926,0.044353,-3.299275,-0.222780,0.269580,-0.000517,-0.000124,-0.001245,4.361105,0.774561,125.212477
2.153724,0.042961,-3.306992,-0.221632,0.269225,-0.000472,-0.000105,-0.000582,4.340140,0.756183,125.246981
2.139009,0.041224,-3.308151,-0.221198,0.268250,-0.000442,-0.000104,-0.000439,4.316858,0.738309,125.282501
2.124648,0.039049,-3.307219,-0.220353,0.266477,-0.000361,-0.000099,-0.000507,4.292121,0.722616,125.317835
2.110689,0.036614,-3.304601,-0.220800,0.264057,-0.000348,-0.000077,0.000908,4.269625,0.707765,125.354252
2.096880,0.033908,-3.303236,-0.221291,0.261379,-0.000322,-0.000071,0.000931,4.244387,0.695712,125.390234
2.083227,0.031071,-3.304906,-0.222111,0.258577,-0.000243,-0.000047,0.001538,4.216658,0.685844,125.426521
2.069730,0.028236,-3.309529,-0.224351,0.255214,-0.000176,-0.000003,0.003385,4.189965,0.676271,125.464464
2.056208,0.025389,-3.319189,-0.227895,0.251920,0.000044,0.000146,0.007986,4.164038,0.669236,125.502691
2.042659,0.022634,-3.333574,-0.231697,0.249643,0.000022,0.000171,0.008758,4.137397,0.663978,125.540317
2.028923,0.019912,-3.355749,-0.236534,0.248128,0.000154,0.000362,0.013112,4.109464,0.660020,125.577433
2.015172,0.017456,-3.382520,-0.241869,0.247011,0.000175,0.000267,0.013985,4.082249,0.657989,125.614772
2.001220,0.014933,-3.416681,-0.247112,0.246343,-0.000016,0.000170,0.008905,4.053547,0.656719,125.653011
1.986946,0.012526,-3.461693,-0.252830,0.245270,0.000077,0.000255,0.011151,4.026097,0.658340,125.692241
1.972532,0.010535,-3.507839,-0.257810,0.244127,0.000021,0.000164,0.008200,3.997118,0.661700,125.731581
1.957874,0.008688,-3.556928,-0.262293,0.243074,0.000234,0.000302,0.010814,3.969017,0.666465,125.771229
1.943273,0.007224,-3.600945,-0.266455,0.241675,0.000093,0.000152,0.008641,3.941137,0.672549,125.811539
1.928382,0.005621,-3.644053,-0.269695,0.240561,0.000115,0.000205,0.007653,3.913727,0.679148,125.851812
1.913503,0.004145,-3.683471,-0.272609,0.239324,0.000503,0.000437,0.014295,3.889429,0.687633,125.891887
1.898950,0.002855,-3.711582,-0.274598,0.238831,0.000153,0.000171,0.008840,3.866454,0.695874,125.930102
1.884195,0.001042,-3.740858,-0.275126,0.239072,-0.000286,-0.000022,0.001413,3.840993,0.706840,125.965919
1.869391,-0.000918,-3.771077,-0.274534,0.239688,-0.000377,-0.000059,0.000510,3.818798,0.720472,126.001914
1.855046,-0.002713,-3.793153,-0.272094,0.241064,-0.000423,-0.000101,-0.001335,3.796259,0.735912,126.038545
1.841446,-0.004371,-3.805208,-0.268408,0.242812,-0.000512,-0.000138,-0.002721,3.775003,0.751087,126.075432
1.828685,-0.005940,-3.805424,-0.263636,0.245647,-0.000642,-0.000170,-0.003705,3.755440,0.765989,126.112495
1.816932,-0.007454,-3.792600,-0.258780,0.249480,-0.000724,-0.000219,-0.005257,3.735688,0.782973,126.147349
1.806312,-0.009048,-3.769502,-0.251685,0.253771,-0.000893,-0.000299,-0.008048,3.718506,0.801428,126.180993
1.797011,-0.010486,-3.732359,-0.243901,0.258729,-0.000986,-0.000364,-0.010483,3.702914,0.821356,126.214697
1.789188,-0.011774,-3.680442,-0.234512,0.264139,-0.001067,-0.000441,-0.013904,3.687568,0.842245,126.247849
1.783011,-0.012786,-3.610905,-0.224339,0.270120,-0.001258,-0.000543,-0.016989,3.674673,0.862420,126.281029
1.778437,-0.013574,-3.522946,-0.212710,0.276883,-0.001362,-0.000642,-0.021459,3.662232,0.883837,126.313158
1.775694,-0.014016,-3.414586,-0.200429,0.284333,-0.001551,-0.000902,-0.029405,3.648912,0.905824,126.343749
1.774723,-0.014329,-3.290226,-0.188271,0.291895,-0.001569,-0.000814,-0.028467,3.639286,0.928473,126.373537
1.775604,-0.014191,-3.144358,-0.175383,0.299268,-0.001619,-0.000876,-0.031257,3.629239,0.951380,126.400914
1.778205,-0.013857,-2.983337,-0.163142,0.306265,-0.001597,-0.000865,-0.031708,3.618439,0.974364,126.426068
1.782400,-0.013434,-2.813019,-0.152242,0.312520,-0.001527,-0.000791,-0.028413,3.609758,0.998475,126.451685
1.787954,-0.013085,-2.641837,-0.141785,0.318052,-0.001557,-0.001379,-0.046501,3.602556,1.025347,126.477674
1.794609,-0.013336,-2.494616,-0.129112,0.322927,-0.002169,-0.002657,-0.077534,3.592937,1.047829,126.504576
1.801863,-0.013502,-2.359281,-0.118264,0.326817,-0.003105,-0.004863,-0.145196,3.586652,1.072749,126.531150
1.809092,-0.014693,-2.278622,-0.106066,0.329862,-0.004015,-0.007536,-0.227929,3.578597,1.097365,126.556528
1.816353,-0.015613,-2.232368,-0.092808,0.332338,-0.005185,-0.010739,-0.325164,3.569626,1.120282,126.582308
1.823288,-0.016143,-2.207872,-0.080767,0.333816,-0.005620,-0.013662,-0.415757,3.566226,1.147587,126.607063
1.830365,-0.016210,-2.194253,-0.064592,0.334450,-0.006347,-0.017446,-0.533788,3.561335,1.173048,126.633215
1.837201,-0.015662,-2.177830,-0.047699,0.334733,-0.004130,-0.006914,-0.314610,3.560782,1.197649,126.660754
1.846488,-0.000379,-1.814479,-0.032744,0.334542,-0.000833,-0.003612,-0.109664,3.553297,1.224843,126.686789
1.858596,0.008166,-1.281354,-0.020164,0.333857,-0.001209,-0.006408,-0.199873,3.547916,1.248321,126.712956
1.870051,0.005373,-0.985147,-0.009113,0.332819,-0.000586,-0.005289,-0.206669,3.541867,1.278560,126.738762
1.881978,0.005090,-0.758223,0.005772,0.331325,-0.000362,-0.001927,-0.076008,3.539402,1.306539,126.766985
1.893778,0.009847,-0.394151,0.020640,0.330173,-0.000130,-0.003429,-0.109138,3.530781,1.333960,126.796441
1.905409,0.009885,-0.117183,0.035371,0.329896,-0.000013,-0.003746,-0.150852,3.526618,1.361178,126.824628
1.916759,0.010359,0.098232,0.051765,0.331329,-0.000088,-0.002147,-0.084680,3.520472,1.389917,126.853162
1.927592,0.013908,0.403228,0.068965,0.334305,-0.000122,-0.002240,-0.088027,3.512931,1.417583,126.882317
1.938066,0.015864,0.695455,0.086278,0.338934,-0.000078,-0.004038,-0.126419,3.507007,1.444804,126.912366
1.948277,0.015504,0.942225,0.103613,0.345261,0.000037,-0.004565,-0.176130,3.498743,1.472161,126.942270
1.958229,0.015819,1.145971,0.119985,0.352646,-0.000196,-0.003235,-0.102368,3.484507,1.498532,126.972769
1.967607,0.018213,1.441315,0.134547,0.360056,0.000250,-0.006689,-0.206289,3.475133,1.527263,127.003822
1.977289,0.014839,1.599590,0.148565,0.367302,0.000466,-0.008972,-0.280621,3.462787,1.553322,127.036411
1.986634,0.011588,1.690450,0.161028,0.374565,0.000345,-0.006538,-0.249840,3.450042,1.578480,127.070025
1.995326,0.013356,1.834224,0.170327,0.381952,-0.000384,-0.001367,-0.044471,3.433771,1.603580,127.103455
2.003271,0.018570,2.177731,0.174165,0.390005,-0.000793,-0.001209,-0.047907,3.417247,1.629380,127.137135
2.011684,0.016489,2.416384,0.175575,0.398592,-0.001281,-0.000165,-0.007557,3.400296,1.653887,127.172658
2.020280,0.012785,2.606875,0.174475,0.407567,-0.001751,0.000074,-0.001745,3.380987,1.677766,127.210045
2.029165,0.007520,2.719464,0.172049,0.416429,-0.001347,0.000304,0.008107,3.363894,1.702644,127.247968
2.039168,0.002297,2.779634,0.168875,0.425035,-0.001448,0.000402,0.011056,3.343989,1.725694,127.286011
2.049725,-0.002440,2.797608,0.164825,0.432561,-0.001329,0.000442,0.013532,3.321646,1.747337,127.324119
2.061069,-0.006483,2.785216,0.159487,0.439174,-0.001375,0.000607,0.019511,3.297971,1.767763,127.362860
2.073057,-0.009752,2.751303,0.152842,0.444826,-0.001334,0.000671,0.023288,3.272965,1.786836,127.402651
2.085826,-0.012574,2.694978,0.145236,0.450044,-0.001444,0.000802,0.028125,3.248456,1.803995,127.442961
2.099273,-0.014866,2.619649,0.137352,0.454434,-0.001177,0.000876,0.032131,3.221264,1.821542,127.482188
2.113713,-0.016640,2.529384,0.128339,0.456802,-0.001238,0.000954,0.036428,3.193387,1.836651,127.521406
2.128714,-0.018110,2.422376,0.120262,0.457147,-0.000763,0.000885,0.034729,3.162719,1.852388,127.561104
2.144502,-0.019072,2.303904,0.112517,0.454895,-0.000660,0.001496,0.047949,3.130525,1.866359,127.600981
2.160430,-0.018835,2.195033,0.105613,0.449405,-0.000588,0.001562,0.065144,3.098760,1.878894,127.641322
2.176108,-0.018585,2.102664,0.099289,0.439405,0.000082,0.000746,0.030392,3.066290,1.890035,127.680754
2.191601,-0.019417,1.971763,0.093934,0.429405,-0.000061,0.000598,0.025125,3.032971,1.900916,127.717634
2.206009,-0.019089,1.851417,0.092491,0.419405,0.000191,0.000162,0.006427,2.998751,1.911746,127.752970
2.219501,-0.017814,1.753956,0.094056,0.409405,0.000530,-0.000319,-0.011375,2.964661,1.921691,127.789150
2.232040,-0.015909,1.694017,0.101083,0.399405,0.001004,-0.000629,-0.031574,2.929353,1.931090,127.825281
2.243428,-0.013103,1.692899,0.111829,0.389405,0.000506,-0.000768,-0.038764,2.894993,1.939408,127.861052
2.252445,-0.010132,1.764295,0.124955,0.379405,0.000586,-0.000871,-0.043988,2.861669,1.949767,127.896951
2.259483,-0.008050,1.892575,0.140015,0.369405,0.000795,-0.000981,-0.047324,2.824956,1.956057,127.931776
2.264446,-0.007293,2.061207,0.156225,0.359405,0.000885,-0.000947,-0.046342,2.788537,1.961529,127.967696
2.267039,-0.007875,2.256205,0.171770,0.349405,0.001655,-0.001948,-0.063359,2.752164,1.965627,128.005535
2.267904,-0.011066,2.436491,0.185724,0.339405,0.001693,-0.001092,-0.057121,2.716480,1.966733,128.042293
2.266295,-0.013993,2.611736,0.195791,0.329405,0.001421,-0.001029,-0.033141,2.679510,1.967225,128.078123
2.262271,-0.018151,2.784196,0.202936,0.319405,0.002777,-0.001691,-0.053812,2.645008,1.968930,128.115377
2.257674,-0.024124,2.896612,0.208642,0.309405,0.004553,-0.002399,-0.073573,2.608812,1.963164,128.152460
2.252955,-0.030153,2.959249,0.211881,0.299405,0.003029,-0.000984,-0.041997,2.571499,1.956218,128.190072
2.245069,-0.033285,3.030311,0.211656,0.290177,0.000147,0.000040,0.000627,2.535771,1.946769,128.230448
2.233239,-0.035447,3.115855,0.208583,0.284107,-0.000168,0.000164,0.004843,2.502390,1.934956,128.272696
2.220766,-0.038317,3.167252,0.203487,0.280312,-0.000468,0.000500,0.014390,2.468879,1.921657,128.315850
2.208076,-0.040745,3.190918,0.195537,0.278689,-0.000980,0.001279,0.038642,2.436951,1.905564,128.359281
2.195471,-0.042072,3.199053,0.184186,0.278758,-0.001409,0.001071,0.044360,2.409557,1.889452,128.404134
2.183648,-0.043777,3.163720,0.170713,0.281134,-0.001724,0.001694,0.050941,2.380722,1.870348,128.448525
2.173126,-0.044249,3.082421,0.154226,0.284798,-0.003604,0.004321,0.133382,2.352507,1.847570,128.492800
2.162822,-0.041531,3.023821,0.135718,0.288786,-0.002921,0.002266,0.108940,2.327113,1.823907,128.539649
2.155600,-0.042945,2.855410,0.115775,0.293321,-0.001245,0.001087,0.054689,2.303704,1.798174,128.588165
2.152275,-0.044068,2.557747,0.096170,0.297187,-0.001983,0.004099,0.129751,2.281127,1.772391,128.637135
2.150218,-0.038294,2.297874,0.076340,0.300422,-0.003692,0.008667,0.277052,2.259872,1.745980,128.686130
2.148448,-0.029105,2.136729,0.059075,0.303223,-0.004433,0.011497,0.367948,2.239453,1.718966,128.733865
2.147517,-0.022348,1.999607,0.044291,0.305807,-0.005379,0.015761,0.508041,2.218860,1.692314,128.779653
2.146711,-0.015776,1.943089,0.030434,0.309760,-0.003879,0.007407,0.358222,2.199726,1.665760,128.823201
2.148326,-0.023562,1.650897,0.017550,0.314921,-0.000987,0.001258,0.058921,2.180436,1.639011,128.863354
2.153447,-0.030936,1.067189,0.008838,0.320184,-0.001117,0.002152,0.069390,2.161836,1.612716,128.899575
2.159193,-0.024948,0.666919,-0.000203,0.326458,-0.001667,0.004168,0.134785,2.143767,1.586132,128.932224
2.165227,-0.016151,0.446789,-0.011425,0.333949,-0.002308,0.006941,0.225921,2.125923,1.559349,128.961526
2.171371,-0.009298,0.339542,-0.025654,0.341306,-0.002783,0.010125,0.330931,2.108158,1.532638,128.988903
2.177511,-0.005411,0.280456,-0.042093,0.348443,-0.003026,0.013971,0.457009,2.090618,1.505487,129.015997
2.183584,-0.003235,0.248263,-0.060296,0.355722,-0.003068,0.018010,0.588333,2.072977,1.480083,129.044110
2.189481,-0.002180,0.226347,-0.078824,0.363271,-0.002732,0.021721,0.708356,2.053160,1.452622,129.073104
2.195374,-0.001835,0.203934,-0.098149,0.370650,-0.002338,0.025972,0.846217,2.034280,1.425421,129.103335
2.201059,-0.001023,0.204759,-0.118831,0.377572,-0.001553,0.029067,0.943851,2.013486,1.399049,129.136056
2.206584,-0.001308,0.188018,-0.137746,0.383867,-0.000790,0.031969,1.035086,1.994337,1.372974,129.169831
2.211897,-0.001177,0.178595,-0.155471,0.389872,-0.000415,0.011431,0.566511,1.971877,1.346548,129.203268
2.216633,-0.023859,-0.369510,-0.165463,0.395173,-0.000187,0.001295,0.039609,1.949735,1.321777,129.238126
2.222162,-0.037141,-1.347898,-0.162873,0.400275,-0.000712,0.000265,0.016540,1.925990,1.298339,129.274990
2.229179,-0.028573,-1.993985,-0.154726,0.405839,-0.001206,-0.000436,-0.020848,1.902814,1.276568,129.312414
2.236938,-0.013041,-2.355782,-0.144638,0.410701,-0.001943,-0.001815,-0.056519,1.878014,1.256250,129.350449
2.244529,0.001871,-2.523252,-0.133679,0.414439,-0.003425,-0.003733,-0.117462,1.853799,1.238700,129.388189
2.250974,0.013259,-2.597830,-0.123641,0.417317,-0.004155,-0.005543,-0.178280,1.825649,1.216765,129.425612
2.256997,0.021268,-2.627641,-0.114153,0.419084,-0.004758,-0.006567,-0.212330,1.796548,1.197937,129.464918
2.262774,0.027415,-2.609657,-0.105064,0.419831,-0.006088,-0.009081,-0.293769,1.767353,1.180688,129.506323
2.267508,0.029925,-2.612324,-0.097562,0.419554,-0.006532,-0.010103,-0.328881,1.740089,1.163959,129.547685
2.272033,0.032157,-2.595538,-0.094212,0.419083,-0.006281,-0.010601,-0.347962,1.705939,1.148797,129.587136
2.276804,0.033404,-2.578598,-0.089922,0.417008,-0.003420,-0.002741,-0.162529,1.673584,1.134522,129.626996
2.284354,0.042690,-2.351002,-0.090840,0.414843,-0.000656,-0.000040,0.003220,1.640880,1.119237,129.668244
2.294020,0.044815,-2.036907,-0.099411,0.413114,-0.000396,0.000372,0.027240,1.607317,1.105045,129.707906
2.303163,0.037384,-1.868355,-0.110624,0.411011,0.000161,0.002018,0.069905,1.575722,1.087659,129.746113
2.312084,0.029535,-1.803073,-0.126649,0.409497,0.000595,0.001449,0.081440,1.540465,1.074561,129.781406
2.320226,0.021067,-1.861253,-0.140955,0.406465,0.000125,0.000591,0.035323,1.504975,1.060414,129.815803
2.326607,0.015199,-2.041943,-0.155258,0.402231,0.000214,0.000475,0.030089,1.466996,1.049128,129.852653
2.331520,0.014130,-2.250144,-0.169019,0.396816,0.000258,0.000420,0.026696,1.431309,1.036011,129.890296
2.334610,0.016468,-2.456641,-0.183274,0.390529,0.000308,0.000371,0.022751,1.396718,1.027980,129.927938
2.335557,0.020834,-2.652348,-0.189008,0.384196,0.000171,0.000141,0.010276,1.358768,1.017322,129.965329
2.334828,0.027159,-2.811386,-0.198153,0.378400,0.000094,0.000253,0.015491,1.327724,1.011531,130.002331
2.332121,0.033977,-2.935175,-0.200914,0.373170,0.000043,0.000048,0.004699,1.289906,1.005042,130.037563
2.328103,0.040707,-3.028869,-0.205140,0.368680,0.000049,0.000063,0.006345,1.253103,1.001423,130.073363
2.322804,0.046826,-3.093982,-0.207183,0.364985,-0.000212,-0.000012,0.002631,1.218189,1.000359,130.110990
2.316315,0.051958,-3.138890,-0.206478,0.362385,-0.000365,-0.000103,-0.001010,1.183271,1.001187,130.147308
2.309204,0.056115,-3.163597,-0.204621,0.361331,-0.000405,-0.000135,-0.002648,1.146550,1.004487,130.182332
2.301948,0.059214,-3.170050,-0.202089,0.360838,-0.000621,-0.000186,-0.004131,1.112482,1.010781,130.217667
2.294586,0.061125,-3.162516,-0.196343,0.360938,-0.000772,-0.000284,-0.008707,1.079356,1.019480,130.254313
2.287637,0.062077,-3.139935,-0.189978,0.362403,-0.000739,-0.000236,-0.007535,1.047951,1.027697,130.291033
2.281558,0.062216,-3.098655,-0.187176,0.365362,-0.000658,-0.000171,-0.004346,1.013207,1.039889,130.327591
2.276295,0.061021,-3.053058,-0.182259,0.367647,-0.000559,-0.000201,-0.007519,0.976656,1.053445,130.366858
2.272059,0.059034,-3.005414,-0.179183,0.370249,-0.000607,-0.000166,-0.004487,0.945365,1.068691,130.410394
2.268599,0.056463,-2.957481,-0.178372,0.373954,-0.000434,-0.000072,-0.001123,0.910875,1.085956,130.454546
2.266057,0.053416,-2.918391,-0.179496,0.378063,-0.000476,-0.000030,0.002533,0.879981,1.101257,130.499357
2.264081,0.050151,-2.894122,-0.182669,0.381755,-0.000248,0.000063,0.005380,0.846273,1.119912,130.544585
2.262689,0.047050,-2.889898,-0.185397,0.384468,-0.000703,-0.000064,0.003637,0.830000,1.149254,130.589794
2.261093,0.044487,-2.903419,-0.177204,0.386275,-0.000615,-0.000267,-0.012018,0.800476,1.173844,130.635608
2.260686,0.043901,-2.903090,-0.175217,0.388349,-0.000598,-0.000144,-0.003237,0.777465,1.198704,130.682159
2.260732,0.043880,-2.887240,-0.171995,0.390307,-0.000417,-0.000142,-0.005339,0.750048,1.227293,130.729425
2.261470,0.043862,-2.864944,-0.168909,0.391501,-0.000447,-0.000143,-0.005146,0.723611,1.252438,130.777280
2.262589,0.043711,-2.836071,-0.166207,0.392523,-0.000501,-0.000148,-0.004415,0.699543,1.276910,130.825144
2.264018,0.043284,-2.803626,-0.163300,0.393450,-0.000492,-0.000154,-0.005168,0.679382,1.307138,130.868899
2.265841,0.042655,-2.769554,-0.157662,0.393682,-0.000940,-0.000796,-0.023068,0.664219,1.337608,130.911484
2.267780,0.041651,-2.739119,-0.149116,0.393844,-0.001041,-0.000597,-0.028578,0.651762,1.368465,130.954090
2.270432,0.041854,-2.683943,-0.136342,0.394183,-0.000864,-0.000564,-0.028395,0.634735,1.399335,130.994080
2.274363,0.042794,-2.578658,-0.125125,0.394310,-0.000837,-0.000601,-0.029531,0.622792,1.433511,131.031940
2.279221,0.042755,-2.443117,-0.112853,0.393929,-0.000660,-0.000557,-0.030918,0.608298,1.469327,131.068742
2.285198,0.041873,-2.279052,-0.100990,0.393061,-0.000737,-0.000578,-0.032864,0.599205,1.505245,131.106189
2.291942,0.039929,-2.097378,-0.088560,0.391521,-0.000646,-0.000606,-0.035568,0.587143,1.542487,131.143855
2.299532,0.037396,-1.900902,-0.079340,0.389417,-0.000627,-0.000506,-0.027907,0.575601,1.576883,131.182211
2.307580,0.033942,-1.707372,-0.073690,0.387152,-0.000513,-0.000347,-0.018021,0.569707,1.613954,131.219979
2.315932,0.029606,-1.542121,-0.068234,0.384913,-0.000485,-0.000277,-0.016385,0.560877,1.649993,131.256894
2.324448,0.025532,-1.406775,-0.064585,0.382842,-0.000367,-0.000201,-0.010962,0.551146,1.688352,131.294617
2.333090,0.021945,-1.300088,-0.063832,0.381323,-0.000339,-0.000052,-0.002137,0.540300,1.724923,131.333145
2.341611,0.018673,-1.229719,-0.064653,0.380096,-0.000224,0.000023,0.002699,0.530570,1.763595,131.371589
2.350060,0.015869,-1.196729,-0.065155,0.378524,-0.000501,0.000004,0.001973,0.518903,1.796901,131.409625
2.357976,0.014032,-1.188232,-0.071247,0.378074,-0.000309,0.000275,0.019398,0.509729,1.832140,131.446382
2.365644,0.012139,-1.217221,-0.076276,0.377313,-0.000327,0.000251,0.017113,0.503277,1.868378,131.481723
2.372862,0.010946,-1.279247,-0.080572,0.375756,-0.000224,0.000174,0.012883,0.491063,1.904811,131.517899
2.379687,0.010868,-1.355560,-0.086620,0.374218,-0.000330,0.000246,0.017993,0.486349,1.942275,131.554725
2.385766,0.011397,-1.441427,-0.094648,0.372029,0.000414,0.001584,0.054583,0.477291,1.983010,131.592441
2.391720,0.013311,-1.513448,-0.103566,0.368755,-0.000039,0.000754,0.050716,0.473768,2.016563,131.632171
2.396091,0.013335,-1.618876,-0.114834,0.365441,0.000598,0.002030,0.069707,0.466399,2.055158,131.670315
2.399842,0.014939,-1.738050,-0.128773,0.361437,0.000525,0.000999,0.065052,0.461830,2.091225,131.706822
2.401862,0.015014,-1.897213,-0.142024,0.357612,0.000359,0.000496,0.031026,0.454901,2.132831,131.744148
2.402150,0.016079,-2.105118,-0.154333,0.353490,-0.000079,0.000398,0.026803,0.450934,2.166158,131.783067
2.400401,0.019516,-2.303696,-0.166430,0.350335,0.000119,0.000365,0.023537,0.448639,2.203796,131.820687
2.397232,0.024355,-2.486076,-0.176493,0.347128,0.000055,0.000300,0.019449,0.449081,2.240355,131.856111
2.392462,0.030104,-2.644454,-0.184646,0.344075,0.000683,0.000754,0.026889,0.450487,2.281907,131.892446
2.386921,0.036767,-2.764451,-0.191120,0.341248,0.000229,0.000404,0.025271,0.453464,2.313496,131.929938
2.379669,0.042591,-2.858199,-0.197898,0.339877,0.001856,-0.000811,0.026870,0.458733,2.345575,131.965942
2.372979,0.046445,-2.932192,-0.202397,0.339489,-0.002203,0.001029,-0.003460,0.463962,2.385263,131.998074
2.361590,0.051962,-3.020952,-0.207280,0.339611,-0.000037,0.000308,0.012366,0.469299,2.419854,132.031594
2.351696,0.056177,-3.071559,-0.209733,0.340853,0.000074,0.000112,0.008901,0.483081,2.459710,132.067259
2.341668,0.059365,-3.109538,-0.211087,0.341996,-0.000540,0.000009,0.003723,0.487179,2.489269,132.105251
2.330958,0.061705,-3.139096,-0.211902,0.345485,-0.000251,0.000056,0.003636,0.497075,2.527752,132.141085
2.320843,0.063394,-3.157476,-0.215242,0.348412,-0.000706,0.000048,0.006177,0.520274,2.554005,132.176463
2.310320,0.064120,-3.171721,-0.207161,0.349620,-0.001046,-0.000382,-0.010268,0.533764,2.588345,132.214871
2.300445,0.064456,-3.176630,-0.202578,0.353157,-0.001353,-0.000428,-0.013958,0.555539,2.617477,132.253057
2.291198,0.064455,-3.169522,-0.195859,0.356795,-0.001051,-0.000605,-0.017978,0.580123,2.653876,132.292887
2.283425,0.064001,-3.147058,-0.190230,0.359954,-0.002424,-0.001252,-0.034040,0.596939,2.670820,132.337669
2.275331,0.062368,-3.127454,-0.181016,0.365643,-0.003465,-0.002115,-0.063214,0.622410,2.695320,132.379301
2.267914,0.060244,-3.111260,-0.169662,0.371353,-0.005188,-0.003605,-0.109755,0.645771,2.720706,132.417238
2.260692,0.057720,-3.103445,-0.158472,0.377712,-0.006675,-0.005048,-0.156314,0.675351,2.741738,132.459527
2.253951,0.055425,-3.097050,-0.146384,0.384020,-0.008404,-0.006877,-0.214353,0.701612,2.760915,132.503593
2.247472,0.053311,-3.092258,-0.134691,0.390862,-0.005067,-0.002801,-0.138344,0.738443,2.787774,132.547172
2.246287,0.057445,-2.949371,-0.125055,0.396368,-0.002044,-0.001816,-0.054488,0.763482,2.794438,132.594310
2.249432,0.058550,-2.703701,-0.115793,0.402307,-0.003081,-0.003319,-0.105366,0.794968,2.811677,132.640852
2.253066,0.052789,-2.525384,-0.110932,0.407549,-0.003782,-0.003963,-0.125850,0.826686,2.828074,132.682974
2.257348,0.045191,-2.398958,-0.107869,0.412352,-0.004427,-0.004558,-0.145363,0.860663,2.844228,132.726014
2.262130,0.037979,-2.323191,-0.106610,0.416879,-0.005183,-0.005126,-0.164254,0.894576,2.859238,132.768480
2.267037,0.032168,-2.293897,-0.105188,0.420954,-0.003810,-0.002310,-0.105410,0.927564,2.874204,132.809540
2.274044,0.031761,-2.215403,-0.105410,0.425161,-0.000921,-0.000008,0.002185,0.961229,2.887462,132.851099
2.284299,0.032312,-2.061302,-0.107063,0.428892,-0.000990,0.000103,0.007737,0.994955,2.901018,132.890940
2.294624,0.029305,-1.969967,-0.109280,0.432270,-0.000567,0.000078,0.007369,1.030490,2.912904,132.927393
2.305535,0.025728,-1.934094,-0.110057,0.435255,-0.000670,-0.000001,0.002612,1.064455,2.924491,132.964193
2.316574,0.023382,-1.929956,-0.110263,0.438017,-0.000640,-0.000018,0.001109,1.100241,2.935879,133.000777
2.327821,0.022539,-1.937003,-0.110252,0.440406,-0.000562,-0.000028,0.000427,1.137327,2.947009,133.037451
2.339223,0.022753,-1.946271,-0.109124,0.442415,-0.000765,-0.000087,-0.002443,1.171427,2.958012,133.075316
2.350488,0.023715,-1.950066,-0.108741,0.444512,-0.000553,-0.000042,-0.000549,1.208504,2.968740,133.112289
2.361970,0.024890,-1.949117,-0.107489,0.446394,-0.000638,-0.000096,-0.003289,1.245435,2.979049,133.149119
2.373397,0.026142,-1.943818,-0.105441,0.447988,-0.000682,-0.000133,-0.005591,1.283100,2.987826,133.187260
2.384827,0.027501,-1.929922,-0.102712,0.449606,-0.000608,-0.000177,-0.008226,1.322357,2.996320,133.226214
2.396425,0.028838,-1.906097,-0.098993,0.451197,-0.000797,-0.000255,-0.012019,1.358556,3.004943,133.266210
2.408014,0.030093,-1.870263,-0.095568,0.452902,-0.000670,-0.000180,-0.009383,1.397426,3.011623,133.305496
2.419906,0.031110,-1.822119,-0.091150,0.454289,-0.000744,-0.000277,-0.014046,1.434197,3.017942,133.344161
0.400000,0.020000,0.000000,-0.007888,0.520000,-0.027499,0.533231,3.504733,2.982770,3.025674,0.519539
0.418021,0.532347,3.482404,-0.038840,0.530000,-0.244151,-0.313919,-3.045851,2.982718,3.017129,0.525602
0.248797,0.021241,0.638426,-0.046295,0.540000,-0.052959,-0.000043,-0.013636,2.982664,3.015268,0.529667
0.242577,-0.004740,-0.128654,-0.047514,0.550000,-0.065935,0.001212,0.033146,2.983324,3.015132,0.529667
0.225933,-0.004291,-0.113122,-0.048699,0.560000,-0.024082,0.000454,0.012435,2.985365,3.014529,0.529667
0.252291,-0.004892,-0.129270,-0.048876,0.570000,-0.023226,0.000430,0.011862,2.988846,3.014211,0.529667
0.280503,-0.005437,-0.144185,-0.048709,0.580000,-0.020475,0.000368,0.010266,2.992818,3.013684,0.529667
0.312296,-0.006001,-0.159811,-0.048129,0.590000,-0.022225,0.000383,0.010769,2.997048,3.013196,0.531937
0.343454,-0.006488,-0.173567,-0.047253,0.600000,-0.010130,0.000155,0.004353,3.003558,3.013177,0.536762
0.387573,-0.007130,-0.192139,-0.046040,0.610000,-0.008879,0.000114,0.003200,3.010454,3.013078,0.544200
0.433811,-0.007705,-0.209500,-0.044361,0.620000,-0.011592,0.000128,0.003662,3.017763,3.013622,0.553644
0.478195,-0.008113,-0.222789,-0.042635,0.630000,-0.005012,0.000011,0.000087,3.027123,3.014082,0.563398
0.530017,-0.008535,-0.237261,-0.040601,0.640000,-0.006543,-0.000020,-0.000800,3.037478,3.013276,0.574867
0.581071,-0.008823,-0.248809,-0.037977,0.650000,-0.004906,-0.000091,-0.003120,3.049233,3.013484,0.587874
0.634503,-0.008920,-0.256033,-0.035235,0.660000,-0.006368,-0.000086,-0.002798,3.060748,3.013409,0.602374
0.687288,-0.008817,-0.257752,-0.032123,0.669892,-0.005473,-0.000087,-0.003002,3.074091,3.013212,0.617420
0.741617,-0.008506,-0.254170,-0.028865,0.678229,-0.008096,-0.000094,-0.002954,3.086630,3.014236,0.633421
0.793902,-0.008046,-0.246086,-0.025846,0.685576,-0.006193,-0.000133,-0.004328,3.100447,3.015049,0.650450
0.848458,-0.007549,-0.236872,-0.022709,0.691498,-0.001196,-0.000157,-0.005720,3.117753,3.014978,0.666729
0.908243,-0.006929,-0.224773,-0.019120,0.695585,-0.002812,-0.000209,-0.007364,3.134972,3.014706,0.685145
0.966262,-0.006139,-0.207521,-0.014907,0.698637,-0.000215,-0.000258,-0.009553,3.154900,3.014597,0.706034
1.026867,-0.005079,-0.182130,-0.010348,0.700562,-0.017696,-0.000276,-0.008114,3.165782,3.011740,0.728746
1.069588,-0.003790,-0.145541,-0.004992,0.701916,-0.000444,-0.000319,-0.012160,3.187531,3.012752,0.748551
1.129360,-0.002227,-0.100969,-0.000412,0.701239,-0.004465,-0.000276,-0.010349,3.207764,3.013904,0.767548
1.184464,-0.000703,-0.051408,0.003360,0.699260,-0.004854,-0.000269,-0.010000,3.228394,3.013783,0.791333
1.238378,0.000568,-0.004752,0.007342,0.695512,-0.005755,-0.000249,-0.009808,3.249523,3.013788,0.815304
1.290535,0.001858,0.044164,0.010801,0.690044,-0.004778,-0.000220,-0.008905,3.272044,3.012385,0.839561
1.342397,0.002994,0.092555,0.014768,0.682857,-0.004361,-0.000245,-0.010440,3.295768,3.012425,0.865266
1.393492,0.004150,0.143819,0.017399,0.675213,-0.005888,-0.000157,-0.007288,3.319257,3.012743,0.891614
1.441668,0.005013,0.192228,0.019715,0.667493,-0.003192,-0.000163,-0.007340,3.345816,3.011699,0.918278
1.491164,0.005587,0.234473,0.021737,0.659214,-0.003431,-0.000134,-0.006512,3.372823,3.010970,0.946386
1.538989,0.006018,0.273410,0.022281,0.650960,-0.004252,-0.000019,-0.002232,3.399914,3.011061,0.975843
1.584534,0.006060,0.303249,0.020918,0.642991,-0.005172,0.000124,0.003386,3.427032,3.010601,1.005388
1.627842,0.005516,0.315022,0.018213,0.634983,-0.005136,0.000199,0.006814,3.454653,3.010589,1.035011
1.669845,0.004461,0.304658,0.013494,0.626922,-0.006328,0.000368,0.013762,3.481346,3.012146,1.064868
1.709297,0.002952,0.270219,0.006110,0.619072,-0.004523,0.000507,0.021624,3.510417,3.014323,1.094780
1.749257,0.000762,0.202235,-0.003983,0.611265,-0.003381,0.000686,0.030936,3.541358,3.015015,1.125231
1.788992,-0.002005,0.095555,-0.015596,0.603059,-0.002954,0.000871,0.039669,3.573112,3.015365,1.156875
1.827696,-0.004912,-0.045241,-0.029178,0.593566,-0.004733,0.000877,0.042276,3.603344,3.016526,1.190289
1.862924,-0.008089,-0.226565,-0.043667,0.583566,-0.003841,0.000904,0.045406,3.635371,3.017485,1.223717
1.897246,-0.010956,-0.436480,-0.060087,0.573566,-0.003386,0.000983,0.050809,3.668676,3.019519,1.256835
1.930068,-0.013589,-0.673981,-0.077365,0.563566,-0.001697,0.001084,0.055544,3.704166,3.016371,1.291091
1.962473,-0.015679,-0.932163,-0.092405,0.553566,0.000795,0.000926,0.045990,3.743772,3.016428,1.327215
1.995302,-0.016633,-1.197683,-0.109177,0.543566,-0.027415,0.002858,0.128486,3.746860,3.031671,1.366356
1.997490,-0.014886,-1.383992,-0.126835,0.539917,0.001547,0.001813,0.090197,3.790672,3.032040,1.390819
2.026988,-0.016489,-1.636886,-0.147722,0.533036,-0.000541,0.001044,0.053920,3.832202,3.029988,1.414647
2.051821,-0.017664,-1.952835,-0.168233,0.525237,-0.003846,0.000831,0.055017,3.869604,3.027442,1.455240
2.070639,-0.016486,-2.256601,-0.187619,0.518090,-0.001331,0.000722,0.042387,3.909438,3.023278,1.495739
2.089280,-0.013499,-2.547640,-0.204851,0.511464,-0.004045,0.000236,0.034467,3.943673,3.016716,1.535124
2.102543,-0.009016,-2.807167,-0.217250,0.506567,-0.003497,0.000113,0.026778,3.978820,3.007883,1.573027
2.114240,-0.002797,-3.021515,-0.227413,0.502791,-0.001874,0.000017,0.015249,4.015762,2.998135,1.609937
2.125604,0.004406,-3.197916,-0.235266,0.499650,-0.001239,-0.000010,0.010241,4.053351,2.985475,1.649301
2.135819,0.012321,-3.333880,-0.242586,0.496618,-0.001226,-0.000095,0.008234,4.089708,2.972511,1.690176
2.144266,0.020250,-3.436021,-0.245363,0.494517,-0.001254,-0.000187,0.002388,4.124803,2.957867,1.731792
2.151413,0.028028,-3.507768,-0.246192,0.493623,-0.002367,-0.000467,0.000295,4.157807,2.938506,1.773564
2.156530,0.035135,-3.550969,-0.242000,0.493209,-0.001873,-0.000435,-0.003874,4.191018,2.918398,1.815718
2.161826,0.041754,-3.566642,-0.235427,0.493810,-0.003188,-0.000770,-0.007874,4.220458,2.893083,1.859089
2.165863,0.047245,-3.557619,-0.224690,0.494234,-0.001339,-0.000417,-0.010598,4.252007,2.867867,1.903368
2.172321,0.052282,-3.519614,-0.213904,0.495090,-0.002850,-0.000786,-0.013164,4.277133,2.838526,1.948610
2.177891,0.055730,-3.458086,-0.200211,0.495882,-0.002797,-0.000895,-0.020673,4.303259,2.810210,1.995002
2.184630,0.057971,-3.373122,-0.184981,0.496991,-0.002565,-0.000966,-0.026993,4.326117,2.776635,2.041359
2.192937,0.059138,-3.260650,-0.168226,0.497573,-0.002192,-0.000941,-0.031862,4.350271,2.743173,2.088156
2.203121,0.059401,-3.114157,-0.150935,0.497811,-0.002289,-0.001024,-0.036442,4.365810,2.706933,2.136388
2.214761,0.058479,-2.932512,-0.133100,0.498155,-0.001406,-0.000860,-0.040296,4.383640,2.669287,2.183919
2.228928,0.056602,-2.714618,-0.117156,0.497209,-0.001032,-0.000757,-0.038014,4.398851,2.629014,2.231191
2.244732,0.053340,-2.471087,-0.104008,0.495157,-0.001498,-0.000789,-0.035109,4.411878,2.590841,2.278890
2.260995,0.048434,-2.225270,-0.094187,0.492697,-0.001162,-0.000579,-0.026542,4.423653,2.550726,2.324170
2.278196,0.042597,-1.997091,-0.086491,0.489693,-0.001070,-0.000568,-0.025007,4.429136,2.508548,2.366905
2.295793,0.036504,-1.806249,-0.077225,0.485914,-0.000837,-0.000544,-0.029203,4.443500,2.467156,2.410068
2.313839,0.031833,-1.635632,-0.073358,0.481180,0.000014,-0.000179,-0.011304,4.454450,2.422544,2.453629
2.332406,0.027671,-1.494702,-0.068768,0.475118,-0.001019,-0.000292,-0.013657,4.465423,2.379766,2.498480
2.349428,0.024184,-1.387038,-0.070239,0.468089,-0.000888,-0.000008,0.004706,4.473226,2.339346,2.543564
2.365632,0.020737,-1.324090,-0.070755,0.460923,-0.000915,-0.000043,0.001895,4.479455,2.298277,2.586942
2.380887,0.018135,-1.301878,-0.070568,0.452885,-0.000831,-0.000076,-0.000386,4.479295,2.256702,2.629466
2.395234,0.016906,-1.296556,-0.065184,0.443933,-0.000558,-0.000236,-0.014810,4.485452,2.212943,2.671548
2.408983,0.017667,-1.270752,-0.060876,0.434529,-0.000532,-0.000243,-0.013865,4.491623,2.169419,2.714369
2.421752,0.018792,-1.221633,-0.057790,0.424698,-0.000487,-0.000203,-0.010776,4.495962,2.125818,2.758565
2.433468,0.019307,-1.165045,-0.054363,0.414698,-0.000518,-0.000239,-0.012659,4.499925,2.083205,2.803510
2.444073,0.019340,-1.106911,-0.050038,0.404698,-0.000442,-0.000246,-0.014813,4.506194,2.039687,2.847388
2.453743,0.019315,-1.041175,-0.047002,0.394698,-0.000293,-0.000148,-0.009406,4.515485,1.996010,2.890763
2.462503,0.018872,-0.973608,-0.045477,0.384698,-0.000523,-0.000089,-0.004595,4.535806,1.957068,2.934926
2.469944,0.017780,-0.918334,-0.049112,0.374698,-0.000064,0.000143,0.011741,4.541697,1.910462,2.977311
2.476578,0.015613,-0.901799,-0.052726,0.365098,-0.000731,0.000109,0.011830,4.545315,1.871623,3.019974
2.481360,0.013539,-0.925594,-0.052036,0.355098,-0.000090,-0.000107,-0.003842,4.546914,1.828856,3.062642
2.485742,0.013158,-0.953801,-0.048382,0.345098,-0.000165,-0.000464,-0.020799,4.546973,1.785123,3.104517
2.489094,0.014169,-0.958787,-0.044755,0.335098,-0.000243,-0.000373,-0.018626,4.550969,1.742549,3.147978
2.491408,0.015725,-0.928288,-0.042863,0.325592,-0.000057,-0.000425,-0.013938,4.550791,1.699770,3.191322
2.492928,0.016170,-0.887901,-0.041705,0.316753,0.000134,-0.000195,-0.011893,4.551324,1.656225,3.234201
2.493751,0.015991,-0.851872,-0.042513,0.308840,-0.000546,0.000016,0.003305,4.553874,1.614967,3.277217
2.493054,0.015141,-0.822560,-0.046002,0.302083,-0.000435,0.000184,0.013913,4.557916,1.572942,3.319431
2.491683,0.013451,-0.824735,-0.052490,0.296591,-0.000510,0.000352,0.025263,4.561762,1.532103,3.361177
2.489471,0.011395,-0.869974,-0.060638,0.291738,-0.000475,0.000454,0.031515,4.565015,1.491029,3.402255
2.486507,0.009687,-0.958437,-0.070941,0.287573,-0.000692,0.000557,0.038345,4.570535,1.452956,3.442661
2.482460,0.008633,-1.086181,-0.083315,0.284282,-0.000606,0.000612,0.042814,4.571976,1.414242,3.482345
2.477541,0.008300,-1.250953,-0.095392,0.281193,-0.000501,0.000578,0.040206,4.575176,1.374706,3.520272
2.471717,0.009182,-1.438163,-0.108903,0.278748,-0.000069,0.002323,0.083319,4.577067,1.336508,3.558417
2.465184,0.012762,-1.596311,-0.123797,0.277026,0.000216,0.001309,0.084615,4.580226,1.296154,3.596500
2.457575,0.014213,-1.775477,-0.140987,0.276218,-0.000487,0.000686,0.045675,4.578832,1.259205,3.634980
2.447808,0.015399,-2.017666,-0.155241,0.275309,-0.000551,0.000466,0.033923,4.579184,1.223849,3.672606
2.436710,0.019001,-2.252462,-0.166147,0.274881,-0.000503,0.000323,0.023368,4.576201,1.186517,3.707686
2.424574,0.024501,-2.457931,-0.174743,0.274576,-0.000725,0.000173,0.017287,4.571520,1.151598,3.742256
2.411238,0.030873,-2.624638,-0.182032,0.274308,-0.000667,0.000126,0.013644,4.563125,1.116156,3.775941
2.397055,0.037252,-2.755580,-0.188504,0.273739,-0.000307,0.000508,0.021506,4.554746,1.081225,3.808741
2.382366,0.043422,-2.847274,-0.195094,0.273055,-0.000275,0.000262,0.021406,4.543608,1.048017,3.841488
2.366856,0.047926,-2.919163,-0.200229,0.272090,-0.000338,0.000297,0.014632,4.536563,1.015461,3.874161
2.350649,0.051329,-2.981787,-0.205271,0.271718,0.000156,0.000694,0.027190,4.523504,0.984271,3.906156
2.334469,0.054159,-3.019712,-0.209856,0.271169,-0.000140,0.000253,0.020481,4.506507,0.956661,3.938458
2.317608,0.055155,-3.057749,-0.213077,0.270236,-0.000591,-0.000062,0.003972,4.492334,0.927561,3.971280
2.300109,0.055144,-3.105616,-0.214967,0.269580,-0.000450,-0.000053,0.002779,4.477059,0.898111,4.004027
2.282768,0.055117,-3.144435,-0.217846,0.268859,-0.000567,-0.000074,0.003345,4.460758,0.871634,4.037698
2.265227,0.054711,-3.176871,-0.218677,0.268731,-0.000691,-0.000096,0.001534,4.438639,0.847657,4.071884
2.247832,0.053995,-3.202585,-0.217828,0.268170,-0.000675,-0.000142,-0.000045,4.419879,0.824378,4.106887
2.230780,0.052975,-3.219609,-0.216011,0.267981,-0.000734,-0.000177,-0.002243,4.397648,0.801505,4.141737
2.214200,0.051620,-3.228542,-0.213834,0.267237,-0.000481,-0.000133,-0.001994,4.375108,0.779627,4.177276
2.198346,0.049957,-3.228195,-0.212875,0.265329,-0.000771,-0.000184,-0.001410,4.353782,0.760683,4.214472
2.182533,0.047704,-3.223918,-0.210343,0.263689,-0.000529,-0.000161,-0.002895,4.328254,0.743005,4.250926
2.167455,0.045184,-3.215212,-0.209005,0.260831,-0.000472,-0.000131,-0.001263,4.304594,0.726871,4.287585
2.152746,0.042357,-3.203693,-0.208993,0.257330,-0.000178,-0.000090,0.000248,4.278786,0.713361,4.324087
2.138417,0.039187,-3.194570,-0.209913,0.253130,-0.000261,-0.000078,0.001212,4.252705,0.700413,4.360795
2.124006,0.035807,-3.191430,-0.211524,0.248658,-0.000306,-0.000050,0.002230,4.225623,0.690009,4.398426
2.109440,0.032407,-3.195291,-0.213945,0.244116,-0.000285,-0.000032,0.003101,4.197119,0.681738,4.436491
2.094693,0.029085,-3.207078,-0.217593,0.240082,-0.000254,0.000004,0.004702,4.170983,0.673484,4.475950
2.079668,0.025896,-3.227593,-0.221832,0.237008,-0.000231,0.000011,0.004754,4.141283,0.666840,4.515028
2.064464,0.022912,-3.257309,-0.225526,0.234352,-0.000195,0.000035,0.005178,4.113043,0.662094,4.554252
2.049136,0.020320,-3.291311,-0.231761,0.232764,-0.000114,0.000100,0.007701,4.083835,0.658531,4.594330
2.033589,0.017855,-3.332325,-0.239011,0.231104,0.000016,0.000203,0.010647,4.056365,0.654564,4.634333
2.017764,0.015559,-3.379697,-0.246846,0.229557,0.000421,0.000588,0.019621,4.025930,0.658427,4.673364
2.001877,0.013722,-3.425825,-0.252123,0.227537,0.000317,0.000261,0.013389,3.994414,0.662627,4.713273
1.985589,0.011627,-3.478384,-0.258322,0.225503,-0.000087,0.000076,0.006664,3.966732,0.668185,4.756292
1.968536,0.009537,-3.538369,-0.262830,0.223870,-0.000229,0.000022,0.004930,3.942645,0.675751,4.799072
1.951206,0.007791,-3.594672,-0.265356,0.223252,-0.000154,0.000022,0.003345,3.913930,0.683412,4.838926
1.934073,0.006340,-3.642936,-0.268019,0.222384,-0.000243,0.000008,0.003601,3.890046,0.692829,4.877885
1.916932,0.004870,-3.682850,-0.268856,0.222306,-0.000227,0.000019,0.002973,3.865712,0.703202,4.917131
1.900139,0.003362,-3.713489,-0.268787,0.222809,-0.000280,-0.000022,0.001927,3.842371,0.714209,4.955004
1.883786,0.001679,-3.735597,-0.267699,0.224141,-0.000470,-0.000082,0.000106,3.820678,0.726435,4.991856
1.867932,-0.000186,-3.750021,-0.265306,0.226401,-0.000453,-0.000098,-0.001192,3.797789,0.739779,5.027758
1.852954,-0.002111,-3.755146,-0.262854,0.229225,-0.000614,-0.000135,-0.001665,3.778773,0.755345,5.063228
1.838821,-0.004162,-3.752103,-0.258538,0.232594,-0.000501,-0.000158,-0.004035,3.753925,0.779591,5.098477
1.826001,-0.006143,-3.739587,-0.254663,0.235009,-0.000914,-0.000214,-0.002695,3.742968,0.786554,5.137452
1.813801,-0.008179,-3.716915,-0.249106,0.240584,-0.001511,-0.000695,-0.016160,3.725642,0.802941,5.171339
1.802531,-0.010536,-3.695742,-0.241537,0.246701,0.000092,-0.000357,-0.028082,3.714480,0.817542,5.198622
1.794651,-0.011799,-3.666098,-0.233463,0.254359,-0.002772,-0.000874,-0.005289,3.693524,0.841355,5.226545
1.785749,-0.012990,-3.590628,-0.223997,0.261191,-0.001356,-0.000535,-0.016053,3.681361,0.862020,5.256920
1.780134,-0.013824,-3.508374,-0.213346,0.268644,-0.001564,-0.000658,-0.020399,3.670719,0.882602,5.290667
1.776249,-0.014439,-3.408052,-0.202038,0.277013,-0.001669,-0.000849,-0.027384,3.659079,0.904511,5.321739
1.774266,-0.014885,-3.292899,-0.190146,0.285032,-0.001637,-0.000785,-0.026377,3.649479,0.926862,5.351187
1.774242,-0.014801,-3.155068,-0.177765,0.292812,-0.001835,-0.001021,-0.034227,3.640118,0.949435,5.378649
1.775825,-0.014707,-3.006923,-0.165783,0.300289,-0.002010,-0.000874,-0.029516,3.632435,0.968622,5.403836
1.778888,-0.014183,-2.841076,-0.155677,0.307302,-0.001241,-0.000615,-0.023439,3.620225,0.992155,5.427522
1.784051,-0.013776,-2.674453,-0.145608,0.313379,-0.001542,-0.000732,-0.026673,3.611294,1.014671,5.451398
1.790081,-0.013585,-2.517952,-0.135907,0.318669,-0.001113,-0.000593,-0.024005,3.600767,1.039105,5.476175
1.797570,-0.013018,-2.364181,-0.125422,0.322938,-0.001393,-0.000797,-0.030242,3.593077,1.061946,5.501334
1.805681,-0.012267,-2.214940,-0.114988,0.326232,-0.003309,-0.000928,-0.058845,3.588143,1.078015,5.526335
1.812611,-0.011222,-2.090108,-0.106201,0.329585,0.000848,-0.000764,-0.006200,3.580326,1.109643,5.547872
1.824357,-0.009844,-1.906965,-0.093931,0.330869,-0.001650,-0.003095,-0.090773,3.574841,1.133113,5.572758
1.834045,-0.010503,-1.805042,-0.081328,0.331669,-0.002168,-0.006265,-0.187560,3.565998,1.157893,5.600771
1.843738,-0.011681,-1.755923,-0.068048,0.331515,-0.001574,-0.002149,-0.104706,3.560887,1.182764,5.626356
1.854402,-0.004876,-1.547848,-0.055261,0.330399,-0.000947,-0.000921,-0.041385,3.558540,1.206746,5.652685
1.865522,-0.000079,-1.268035,-0.042359,0.329286,-0.000628,-0.001355,-0.057233,3.553141,1.233933,5.678398
1.876872,0.001476,-1.031244,-0.027762,0.327728,-0.000990,-0.003881,-0.117126,3.549904,1.256183,5.704175
1.887716,0.000778,-0.852617,-0.014976,0.326568,-0.000545,-0.007300,-0.224060,3.546080,1.283994,5.729256
1.898858,-0.001405,-0.767830,0.002227,0.325351,-0.000627,-0.011782,-0.361310,3.541335,1.308833,5.755249
1.909616,-0.002908,-0.726733,0.018906,0.324399,-0.000188,-0.016248,-0.500675,3.535295,1.335303,5.782830
1.920312,-0.003876,-0.714376,0.035992,0.323278,-0.000172,-0.004821,-0.242805,3.529843,1.361316,5.809751
1.930253,0.011531,-0.319522,0.051892,0.321837,0.000165,-0.004031,-0.123733,3.524646,1.387363,5.836227
1.939929,0.017284,0.155079,0.065894,0.320339,0.000881,-0.007623,-0.235472,3.515557,1.412667,5.862528
1.949824,0.013727,0.405866,0.078757,0.317945,0.001703,-0.010776,-0.333415,3.509195,1.437979,5.889794
1.959612,0.009462,0.526038,0.092158,0.315480,0.000699,-0.003103,-0.158371,3.496600,1.462357,5.917469
1.967210,0.017200,0.850853,0.104247,0.312665,-0.000060,-0.000574,-0.029620,3.486827,1.489550,5.945867
1.973341,0.021399,1.254986,0.115229,0.309072,-0.000157,-0.000507,-0.027114,3.472520,1.512411,5.975811
1.978654,0.020461,1.560683,0.122550,0.305810,-0.000246,-0.000330,-0.018012,3.460607,1.538390,6.006368
1.983158,0.017845,1.784903,0.130247,0.302653,0.000315,-0.001626,-0.051246,3.450483,1.563190,6.037324
1.987323,0.014004,1.922462,0.136869,0.300000,-0.000113,-0.000711,-0.037301,3.437005,1.586070,6.069132
1.990127,0.012640,2.049165,0.143539,0.298078,-0.000234,-0.000327,-0.017572,3.421089,1.609642,6.100519
1.992053,0.011848,2.181020,0.148108,0.296576,-0.000445,-0.000182,-0.011467,3.404187,1.631973,6.133233
1.993250,0.010503,2.290629,0.151452,0.295595,-0.000610,-0.000111,-0.008535,3.387439,1.653697,6.167802
1.993877,0.008883,2.375868,0.154509,0.295322,-0.000657,-0.000075,-0.007444,3.370771,1.674708,6.202007
1.994120,0.007388,2.442728,0.156845,0.295891,-0.000685,-0.000364,-0.013717,3.352745,1.694926,6.236412
1.994141,0.005753,2.487374,0.158843,0.297206,-0.000832,-0.000109,-0.010132,3.335363,1.714778,6.270649
1.993908,0.004873,2.526251,0.160961,0.299432,-0.000882,-0.000307,-0.012493,3.316814,1.733613,6.304435
1.993642,0.004002,2.557816,0.162049,0.302377,-0.001045,-0.000103,-0.009521,3.296972,1.750929,6.338488
1.993392,0.003458,2.584560,0.162149,0.305407,-0.001154,0.000073,-0.001257,3.275544,1.767020,6.372675
1.993319,0.002939,2.608857,0.160759,0.308600,-0.001167,0.000154,0.002176,3.254213,1.782797,6.407388
1.993665,0.002089,2.618721,0.158055,0.311682,-0.001074,0.000215,0.005436,3.231995,1.797465,6.441881
1.994602,0.001042,2.611445,0.154150,0.314660,-0.001086,0.000271,0.008334,3.208209,1.810979,6.476028
1.996088,-0.000071,2.585831,0.149008,0.317334,-0.001230,0.000345,0.011417,3.185086,1.823287,6.510687
1.998040,-0.001155,2.541323,0.143373,0.319791,-0.001051,0.000344,0.012600,3.160773,1.836112,6.544918
2.000773,-0.002103,2.479860,0.136775,0.321850,-0.001154,0.000397,0.015042,3.136389,1.847502,6.578367
2.004028,-0.002891,2.402955,0.129747,0.323581,-0.001533,0.001541,0.044562,3.111622,1.856494,6.611071
2.007507,-0.002388,2.340613,0.120537,0.325258,-0.001270,0.000901,0.041962,3.084811,1.866128,6.642063
2.012053,-0.003858,2.241177,0.109620,0.326745,-0.001177,0.000675,0.030329,3.058802,1.873934,6.671460
2.017423,-0.005671,2.094154,0.098557,0.327828,-0.000967,0.000675,0.032125,3.031267,1.881811,6.699736
2.023626,-0.006736,1.929380,0.086593,0.328679,-0.000944,0.000638,0.031608,3.003196,1.889114,6.728366
2.030436,-0.007551,1.746022,0.074830,0.329039,-0.000884,0.000729,0.035872,2.975484,1.895226,6.757698
2.037789,-0.007894,1.557144,0.062356,0.329155,-0.000915,0.000653,0.034595,2.947790,1.901295,6.786605
2.045532,-0.008418,1.354177,0.050798,0.328690,-0.000859,0.000758,0.037933,2.919250,1.906462,6.815738
2.053558,-0.008487,1.154664,0.039991,0.327633,-0.000794,0.000621,0.032988,2.891770,1.911503,6.844969
2.061732,-0.008557,0.955345,0.029522,0.326141,-0.000637,0.000585,0.032081,2.863424,1.917587,6.873449
2.070027,-0.008496,0.762787,0.018802,0.324213,-0.000580,0.000568,0.031571,2.834689,1.922607,6.902342
2.078235,-0.008565,0.572247,0.007723,0.321900,-0.000545,0.000629,0.035309,2.806713,1.927500,6.931736
2.086231,-0.008736,0.383510,-0.004574,0.319469,-0.000531,0.000667,0.037587,2.779329,1.931321,6.960289
2.093895,-0.009305,0.183898,-0.017896,0.317091,-0.000213,0.000862,0.046780,2.746840,1.939453,6.988827
2.101442,-0.009940,-0.023693,-0.031931,0.314282,-0.000449,0.000756,0.043632,2.719253,1.943633,7.018970
2.108151,-0.010910,-0.253249,-0.046589,0.311515,-0.000185,0.000833,0.046875,2.687857,1.950943,7.049343
2.114414,-0.011573,-0.492697,-0.062028,0.308745,-0.000196,0.001065,0.055675,2.658456,1.958242,7.079569
2.119811,-0.011885,-0.735848,-0.078029,0.305936,-0.000238,0.000854,0.048328,2.628991,1.964449,7.110426
2.124143,-0.012418,-0.998027,-0.094718,0.303479,-0.000309,0.000814,0.046585,2.600465,1.969934,7.139812
2.127276,-0.012524,-1.267297,-0.111658,0.301608,-0.000249,0.000818,0.046466,2.570726,1.976493,7.168830
2.129257,-0.012090,-1.535777,-0.129018,0.300301,-0.000255,0.000790,0.044869,2.541788,1.983819,7.198947
2.129911,-0.011236,-1.802038,-0.145154,0.299369,-0.000303,0.000715,0.039690,2.513130,1.991645,7.229141
2.129216,-0.009684,-2.057459,-0.160179,0.298923,-0.000395,0.000598,0.034532,2.484978,2.000352,7.259569
2.127158,-0.007476,-2.294643,-0.174462,0.298916,-0.000406,0.000516,0.030063,2.457299,2.010100,7.289924
2.123832,-0.004754,-2.511230,-0.187499,0.299432,-0.000440,0.000438,0.026091,2.430032,2.020447,7.320421
2.119303,-0.001610,-2.704478,-0.199323,0.300384,-0.000574,0.000335,0.021924,2.405233,2.033785,7.351394
2.113565,0.001771,-2.874618,-0.209693,0.301440,-0.000387,0.000264,0.017175,2.378600,2.046529,7.382311
2.107053,0.005295,-3.022243,-0.217900,0.303080,-0.000505,0.000160,0.012914,2.352977,2.060663,7.413406
2.099698,0.008878,-3.145681,-0.225355,0.305032,-0.000565,0.000119,0.011125,2.329620,2.076309,7.445192
2.091656,0.012282,-3.246955,-0.231549,0.307044,-0.000459,0.000075,0.008298,2.305359,2.093629,7.477268
2.083231,0.015336,-3.330078,-0.236810,0.309015,-0.000475,0.000041,0.006763,2.282870,2.112214,7.510085
2.074412,0.017959,-3.397009,-0.240547,0.310585,-0.000461,-0.000004,0.004774,2.261735,2.132076,7.543610
2.065361,0.020113,-3.449670,-0.243569,0.311497,-0.000426,-0.000015,0.003803,2.242091,2.153415,7.577153
2.056150,0.021758,-3.490070,-0.245928,0.311304,-0.000367,-0.000027,0.002918,2.223738,2.175929,7.611405
2.046786,0.022853,-3.520845,-0.248009,0.310707,-0.000320,-0.000028,0.002693,2.207370,2.199447,7.645474
2.037289,0.023395,-3.544236,-0.249964,0.309504,-0.000275,-0.000023,0.002600,2.191962,2.223732,7.679702
2.027648,0.023410,-3.562745,-0.251547,0.307896,-0.000220,-0.000030,0.001916,2.177627,2.249186,7.715095
2.017922,0.022967,-3.578331,-0.252996,0.305859,-0.000122,-0.000003,0.002268,2.164494,2.275682,7.750947
2.008153,0.022188,-3.591275,-0.255553,0.303402,0.000230,0.000168,0.006559,2.152575,2.300663,7.787182
1.998481,0.021180,-3.601258,-0.258849,0.301112,0.000061,0.000057,0.004942,2.143770,2.329305,7.822942
1.988344,0.019625,-3.616837,-0.261093,0.298947,-0.000095,0.000002,0.002473,2.135720,2.357107,7.859435
1.977916,0.017938,-3.636357,-0.263710,0.297770,-0.000041,0.000044,0.003650,2.130951,2.383745,7.896361
1.967493,0.016303,-3.656163,-0.267371,0.297400,-0.000204,-0.000004,0.002756,2.126653,2.412763,7.932276
1.956832,0.014545,-3.680136,-0.268980,0.297316,-0.000111,0.000007,0.002241,2.123429,2.441676,7.969099
1.946427,0.012980,-3.703083,-0.271445,0.298520,-0.000083,0.000031,0.003073,2.122772,2.471175,8.006933
1.936250,0.011489,-3.725163,-0.274593,0.300249,-0.000104,0.000037,0.003478,2.122797,2.500002,8.044542
1.926228,0.009979,-3.748149,-0.277392,0.302717,-0.000209,0.000009,0.002836,2.126575,2.528668,8.081871
1.916397,0.008478,-3.772212,-0.278787,0.305778,-0.000256,-0.000008,0.002046,2.130846,2.556631,8.119634
1.906998,0.007121,-3.794680,-0.279234,0.309772,-0.000318,-0.000024,0.001547,2.136979,2.583531,8.157494
1.898185,0.005923,-3.813642,-0.278849,0.314798,-0.000513,-0.000079,-0.000130,2.144310,2.611071,8.194323
1.889986,0.004820,-3.829276,-0.275883,0.320093,-0.000663,-0.000140,-0.001952,2.155108,2.634882,8.230739
1.882702,0.003944,-3.837152,-0.271036,0.326281,-0.000900,-0.000236,-0.005377,2.168899,2.660760,8.267071
1.876485,0.003262,-3.835816,-0.261205,0.331366,-0.001667,-0.000881,-0.022225,2.183064,2.685263,8.304865
1.871145,0.002529,-3.827239,-0.250181,0.337009,-0.002226,-0.001712,-0.052737,2.196681,2.701776,8.343893
1.867063,0.001758,-3.819990,-0.239363,0.344867,-0.003430,-0.001360,-0.038988,2.218937,2.733074,8.379516
1.863795,0.002425,-3.765914,-0.227439,0.350101,-0.001311,-0.000766,-0.024569,2.235020,2.753472,8.418313
1.864365,0.003579,-3.666577,-0.216886,0.357409,-0.001221,-0.000592,-0.019783,2.254078,2.773045,8.459508
1.866702,0.003910,-3.547353,-0.206444,0.365334,-0.002125,-0.001543,-0.041194,2.273991,2.792241,8.496623
1.869882,0.002469,-3.440786,-0.197316,0.374063,-0.002171,-0.001134,-0.041357,2.296484,2.809801,8.532528
1.874825,0.001640,-3.329026,-0.186942,0.382882,-0.002426,-0.001854,-0.050083,2.317586,2.824671,8.568231
1.881335,0.000402,-3.214659,-0.176757,0.392074,-0.004130,-0.003550,-0.099893,2.341952,2.840771,8.602846
1.887965,-0.001860,-3.139894,-0.167194,0.401191,-0.005998,-0.005418,-0.154506,2.366514,2.855587,8.637017
1.894531,-0.004043,-3.098486,-0.157517,0.409908,-0.007765,-0.007364,-0.212075,2.391761,2.869785,8.671253
1.901072,-0.005501,-3.077650,-0.148280,0.418099,-0.008946,-0.008764,-0.254719,2.417537,2.882540,8.703915
1.908004,-0.005660,-3.053488,-0.139496,0.425771,-0.005328,-0.003248,-0.140657,2.443749,2.895016,8.735340
1.919910,0.001670,-2.869513,-0.131806,0.432831,-0.001950,-0.001759,-0.049585,2.471307,2.907748,8.765727
1.935763,0.005682,-2.611482,-0.127549,0.438825,-0.002935,-0.002645,-0.076345,2.499241,2.919204,8.795598
1.950992,0.003801,-2.455044,-0.124071,0.443402,-0.003673,-0.003377,-0.098534,2.527396,2.929754,8.825508
1.966020,0.000967,-2.368812,-0.120656,0.446656,-0.004185,-0.004031,-0.119299,2.555943,2.939284,8.855912
1.980979,-0.000999,-2.325331,-0.116820,0.449100,-0.004469,-0.004626,-0.138562,2.585668,2.949142,8.886494
1.996010,-0.001688,-2.301106,-0.112936,0.450245,-0.002887,-0.001872,-0.083076,2.616525,2.958823,8.917600
2.012778,0.001877,-2.210673,-0.109611,0.451126,-0.000863,-0.000780,-0.022489,2.648348,2.968258,8.949396
2.031365,0.004476,-2.074500,-0.106825,0.451404,-0.000834,-0.000375,-0.016707,2.679866,2.976818,8.981622
2.049793,0.005096,-1.971339,-0.104092,0.450880,-0.000593,-0.000212,-0.008130,2.712428,2.984936,9.015125
2.068213,0.005106,-1.888268,-0.101153,0.449739,-0.000540,-0.000174,-0.007396,2.744764,2.991767,9.049040
2.086437,0.005083,-1.823906,-0.096699,0.447937,-0.000652,-0.000293,-0.013062,2.777140,2.997886,9.083078
2.104320,0.005518,-1.765569,-0.092677,0.445394,-0.000395,-0.000929,-0.028730,2.811602,3.004241,9.117310
2.122127,0.005605,-1.722411,-0.086877,0.442495,-0.000522,-0.000503,-0.027116,2.845934,3.009452,9.152357
2.139549,0.007257,-1.657536,-0.081343,0.438874,-0.000424,-0.000353,-0.017751,2.880698,3.014666,9.188178
2.156647,0.008839,-1.570927,-0.075426,0.435044,-0.000418,-0.001393,-0.044210,2.915231,3.020323,9.223691
2.173332,0.008872,-1.504032,-0.069853,0.430849,-0.000298,-0.000596,-0.034346,2.951533,3.024709,9.259523
2.189700,0.010308,-1.416508,-0.063716,0.426180,-0.000352,-0.000331,-0.018674,2.988115,3.027765,9.296182
2.205515,0.011549,-1.303842,-0.057641,0.420936,-0.000206,-0.001474,-0.047887,3.024279,3.031303,9.333226
2.220906,0.010784,-1.221874,-0.052381,0.415356,0.000114,-0.002740,-0.090314,3.059085,3.035298,9.370248
2.236020,0.009368,-1.179661,-0.047877,0.409426,0.000099,-0.000754,-0.048111,3.096764,3.037460,9.407182
2.250472,0.011444,-1.081755,-0.042603,0.403397,-0.000253,-0.000264,-0.016165,3.133672,3.039759,9.444807
2.263846,0.012631,-0.950349,-0.038439,0.398112,-0.000018,-0.001033,-0.034291,3.170799,3.040780,9.483132
2.276822,0.011238,-0.860173,-0.034098,0.393487,-0.000039,-0.000407,-0.026549,3.208770,3.042888,9.520896
2.289242,0.010933,-0.769807,-0.030459,0.389329,-0.000263,-0.000180,-0.011510,3.245906,3.043714,9.558918
2.300916,0.010474,-0.675769,-0.026959,0.385441,-0.000254,-0.000180,-0.011383,3.283532,3.045460,9.596902
2.312109,0.009586,-0.595696,-0.025204,0.381640,-0.000222,-0.000094,-0.005733,3.321400,3.045384,9.635230
2.322818,0.008401,-0.533149,-0.023841,0.377637,-0.000195,-0.000073,-0.004438,3.359717,3.045703,9.673806
2.333016,0.007230,-0.488364,-0.023777,0.372942,-0.000215,-0.000008,-0.000145,3.397124,3.044988,9.712325
2.342565,0.006095,-0.461319,-0.025227,0.367860,-0.000193,0.000065,0.004851,3.434216,3.046479,9.751023
2.351444,0.004924,-0.456109,-0.029250,0.362373,-0.000219,0.000158,0.011961,3.471075,3.047040,9.788520
2.359517,0.003525,-0.482650,-0.035497,0.356419,-0.000105,0.000247,0.018404,3.509602,3.047757,9.825623
2.366814,0.002089,-0.546373,-0.043779,0.349424,-0.000091,0.000321,0.024197,3.547038,3.047573,9.863944
2.373065,0.000864,-0.648208,-0.052357,0.341494,-0.000051,0.000332,0.024791,3.585246,3.045787,9.902044
2.378152,0.000364,-0.777835,-0.064381,0.334033,-0.000061,0.000458,0.034062,3.622260,3.046877,9.939803
2.381876,0.000090,-0.939385,-0.078937,0.326607,0.000653,0.003126,0.107294,3.655693,3.047911,9.977838
2.384756,0.002637,-1.071290,-0.097430,0.320331,0.002862,0.007054,0.239992,3.694960,3.048740,10.013756
2.387944,0.006505,-1.142433,-0.115382,0.313991,0.001453,0.002247,0.144515,3.730322,3.050703,10.049818
2.387606,0.001542,-1.386932,-0.135788,0.308717,0.000419,0.000625,0.042324,3.768419,3.048004,10.086547
2.384282,-0.000959,-1.767558,-0.148195,0.304001,0.001144,0.001949,0.066413,3.807553,3.042360,10.122465
2.380354,0.004943,-2.053018,-0.157527,0.301019,0.000350,0.000722,0.046741,3.839570,3.039583,10.159337
2.374310,0.011271,-2.286489,-0.164618,0.300040,-0.000121,0.000240,0.014641,3.876373,3.030366,10.194308
2.366820,0.018094,-2.488679,-0.168090,0.299637,-0.000374,0.000373,0.015336,3.906657,3.019722,10.228327
2.358414,0.025889,-2.622963,-0.167315,0.300866,-0.000525,0.000002,0.005297,3.940373,3.007836,10.262311
2.349705,0.032867,-2.703896,-0.167612,0.303091,-0.000814,-0.000079,0.001069,3.971784,2.995807,10.296379
2.340613,0.038363,-2.750410,-0.169149,0.306611,-0.000797,-0.000065,0.002876,4.000949,2.981051,10.331951
2.331579,0.042115,-2.775602,-0.168602,0.310919,-0.000667,-0.000087,-0.000441,4.036086,2.966337,10.367494
2.323092,0.044542,-2.785756,-0.171524,0.316039,-0.000961,-0.000049,0.005619,4.060828,2.949655,10.405901
2.314582,0.045445,-2.792441,-0.172815,0.322481,-0.000843,-0.000057,0.002832,4.090609,2.933099,10.444704
2.306837,0.045492,-2.801504,-0.174597,0.328890,-0.000830,-0.000041,0.003848,4.118172,2.913368,10.482766
2.299735,0.045095,-2.812058,-0.176134,0.335302,-0.000843,-0.000051,0.003242,4.144465,2.892943,10.522838
2.293288,0.044510,-2.825257,-0.176295,0.341892,-0.000855,-0.000094,0.000631,4.170862,2.872274,10.563932
2.287632,0.044050,-2.837624,-0.175204,0.348576,-0.000901,-0.000135,-0.001634,4.196548,2.851132,10.605439
2.282837,0.043847,-2.844160,-0.173342,0.355046,-0.000866,-0.000151,-0.002921,4.222444,2.828669,10.647477
2.279007,0.043824,-2.842079,-0.172391,0.361035,-0.000960,-0.000148,-0.001395,4.241844,2.803355,10.689843
2.275861,0.043651,-2.834378,-0.168803,0.367217,-0.000979,-0.000229,-0.006466,4.263159,2.777717,10.732187
2.273732,0.043538,-2.818733,-0.165198,0.373121,-0.001337,-0.000524,-0.013441,4.282804,2.750097,10.774397
2.272238,0.043121,-2.798832,-0.159960,0.378825,-0.001259,-0.000350,-0.014283,4.302975,2.722219,10.816929
2.271948,0.043163,-2.762563,-0.154862,0.384297,-0.000955,-0.000293,-0.010866,4.322521,2.694045,10.859596
2.273015,0.043023,-2.709567,-0.149771,0.389151,-0.000965,-0.000292,-0.010429,4.336656,2.663506,10.900856
2.275050,0.042399,-2.647736,-0.142260,0.393354,-0.000918,-0.000367,-0.016191,4.354804,2.633505,10.941563
2.278265,0.041663,-2.573626,-0.135542,0.396877,-0.000920,-0.000361,-0.015234,4.366984,2.601347,10.981197
2.282451,0.040645,-2.487478,-0.126719,0.399584,-0.000926,-0.000503,-0.023513,4.383820,2.571152,11.019092
2.287679,0.039508,-2.389740,-0.118933,0.401224,-0.000855,-0.000471,-0.022022,4.395403,2.537474,11.054628
2.293799,0.038165,-2.279136,-0.110627,0.402028,-0.000816,-0.000504,-0.024365,4.407190,2.504190,11.089102
2.300704,0.036575,-2.159811,-0.102765,0.402310,-0.000761,-0.000359,-0.019012,4.414994,2.470409,11.124965
2.308290,0.034885,-2.029316,-0.094163,0.401829,-0.000748,-0.000389,-0.021794,4.423726,2.435874,11.160907
2.316450,0.033000,-1.894100,-0.087187,0.401385,-0.000709,-0.000328,-0.018167,4.434458,2.402234,11.196382
2.325061,0.030798,-1.760611,-0.083022,0.400181,-0.000621,-0.000217,-0.011013,4.441870,2.367939,11.231313
2.333892,0.028038,-1.645630,-0.079105,0.398898,-0.000622,-0.000208,-0.010477,4.450459,2.333935,11.266583
2.342801,0.025345,-1.552025,-0.076830,0.397295,-0.000629,-0.000141,-0.006487,4.458785,2.301676,11.301905
2.351672,0.022888,-1.480102,-0.074920,0.395392,-0.000492,-0.000107,-0.004920,4.469574,2.267833,11.336191
2.360521,0.020934,-1.426692,-0.073944,0.392682,-0.000504,-0.000073,-0.002351,4.472983,2.232502,11.369996
2.369067,0.019405,-1.389574,-0.070989,0.389432,-0.000477,-0.000145,-0.007922,4.477694,2.196127,11.404999
2.377361,0.018749,-1.354674,-0.067850,0.385854,-0.000489,-0.000216,-0.011043,4.479078,2.161192,11.441649
2.385337,0.018572,-1.315389,-0.061923,0.381929,-0.000510,-0.000251,-0.016357,4.485263,2.125355,11.478062
2.393055,0.019182,-1.252776,-0.057829,0.377772,-0.000478,-0.000183,-0.011352,4.489782,2.089216,11.514150
2.400433,0.019330,-1.178577,-0.054636,0.373360,-0.000277,-0.000759,-0.025257,4.492849,2.052708,11.550994
2.407586,0.018156,-1.124123,-0.051508,0.368573,0.000159,-0.001474,-0.050570,4.498483,2.016328,11.588355
2.414737,0.016647,-1.095159,-0.047632,0.363460,0.000545,-0.002369,-0.082185,4.505028,1.979578,11.625106
2.421818,0.015527,-1.081720,-0.043955,0.357871,0.000117,-0.000533,-0.040582,4.515790,1.942049,11.662053
2.427931,0.017599,-1.004856,-0.045079,0.352644,-0.000012,0.000247,0.009246,4.524445,1.907991,11.699527
2.433219,0.017522,-0.916800,-0.045369,0.347402,0.000506,0.000320,0.011750,4.534282,1.873625,11.735727
2.438410,0.015717,-0.866069,-0.047586,0.342133,0.001127,0.000841,0.029736,4.536500,1.838374,11.770732
2.443558,0.013938,-0.840250,-0.047121,0.336857,0.001637,0.000738,0.025915,4.546709,1.803650,11.806104
2.448642,0.012701,-0.828875,-0.050235,0.331970,0.002347,0.001467,0.051198,4.543520,1.765494,11.841619
2.453751,0.012011,-0.824938,-0.048740,0.326381,0.002648,0.001121,0.039139,4.546626,1.733044,11.878007
2.458577,0.011709,-0.824362,-0.047776,0.320528,0.001098,0.000156,0.011609,4.552262,1.695486,11.913217
2.461212,0.010905,-0.844731,-0.049315,0.315634,-0.000399,0.000042,0.004812,4.556192,1.660482,11.948499
2.461758,0.010559,-0.877577,-0.050095,0.310415,-0.000344,0.000018,0.002746,4.556475,1.623318,11.984714
2.461787,0.010910,-0.905768,-0.051261,0.305259,-0.000407,0.000026,0.003802,4.555183,1.587226,12.021053
2.461168,0.011407,-0.930002,-0.052373,0.299835,-0.000444,0.000020,0.003525,4.555127,1.552186,12.057762
2.459907,0.011870,-0.952473,-0.054459,0.294410,-0.000495,0.000057,0.006511,4.559515,1.518282,12.092900
2.457961,0.012088,-0.978456,-0.060796,0.290228,-0.000029,0.000359,0.032411,4.560860,1.493594,12.127373
2.455794,0.011566,-1.017510,-0.067622,0.286722,-0.000253,0.000506,0.029931,4.563976,1.457754,12.157410
2.452751,0.010750,-1.096722,-0.075947,0.283168,-0.001354,0.000646,0.012659,4.569745,1.419983,12.187479
2.447865,0.010344,-1.224904,-0.090059,0.281503,-0.000003,0.000486,0.037864,4.568087,1.378994,12.222858
2.443379,0.009703,-1.379037,-0.100060,0.278480,-0.000974,0.000299,0.026511,4.572017,1.354539,12.260906
2.437031,0.010449,-1.553124,-0.114119,0.277858,-0.000366,0.000495,0.035893,4.574008,1.319744,12.293775
2.430285,0.011974,-1.739012,-0.128151,0.277178,-0.000299,0.000471,0.034538,4.574011,1.286322,12.323633
2.422458,0.014162,-1.936567,-0.138486,0.276438,-0.000505,0.000278,0.022548,4.570185,1.253669,12.356171
2.413501,0.017579,-2.125863,-0.146987,0.275444,-0.000502,0.000211,0.017536,4.568459,1.220746,12.388363
2.403675,0.022007,-2.289167,-0.154978,0.274530,-0.000220,0.001030,0.037640,4.567392,1.191213,12.420192
2.393225,0.027500,-2.405239,-0.162505,0.274136,-0.000238,0.000361,0.028085,4.562107,1.159107,12.449972
2.381897,0.031166,-2.513663,-0.169675,0.273581,-0.000614,0.000112,0.012300,4.557404,1.129502,12.479346
2.369439,0.034197,-2.624340,-0.175108,0.273085,0.002406,-0.000539,0.026406,4.548674,1.098890,12.508062
2.359439,0.036778,-2.700476,-0.179047,0.272072,-0.003543,0.000657,-0.003331,4.538771,1.069130,12.536376
2.342998,0.040436,-2.791785,-0.184421,0.271009,-0.000488,0.000061,0.008615,4.530059,1.040040,12.565297
2.329025,0.042847,-2.853836,-0.188828,0.269946,-0.000514,0.000034,0.006890,4.522608,1.011609,12.594328
2.314573,0.044600,-2.907820,-0.192651,0.269244,-0.000350,0.000253,0.011290,4.513329,0.984182,12.623519
2.299967,0.046028,-2.948848,-0.195996,0.268723,-0.000305,0.000111,0.010765,4.499819,0.958191,12.652892
2.285163,0.046588,-2.984147,-0.198931,0.267957,-0.000551,-0.000010,0.004285,4.485198,0.932944,12.682720
2.270026,0.046488,-3.021165,-0.200741,0.266956,-0.000442,-0.000019,0.002969,4.473510,0.905850,12.713044
2.254955,0.046202,-3.052256,-0.202219,0.266245,-0.000427,-0.000014,0.002746,4.457863,0.880372,12.743931
2.239926,0.045674,-3.077160,-0.204611,0.265343,-0.000596,-0.000050,0.003035,4.437405,0.860769,12.775120
2.224725,0.044689,-3.099906,-0.204196,0.264215,-0.000626,-0.000104,-0.000232,4.418307,0.840476,12.807027
2.209733,0.043575,-3.117179,-0.202376,0.262969,-0.000555,-0.000107,-0.001597,4.394770,0.820988,12.839247
2.195185,0.042432,-3.124275,-0.201509,0.260449,-0.000003,-0.000038,-0.001414,4.364817,0.789926,12.872980
2.181350,0.041011,-3.124973,-0.204563,0.255948,-0.000350,0.000167,0.010759,4.357159,0.783267,12.914736
2.166771,0.039028,-3.121745,-0.202971,0.254258,0.000152,0.000102,0.005164,4.335819,0.767063,12.950425
2.153074,0.036760,-3.119742,-0.201964,0.251629,0.000364,0.000018,0.002016,4.311919,0.752653,12.977576
2.139821,0.034344,-3.118593,-0.202409,0.247756,-0.000026,-0.000008,0.001665,4.290264,0.738156,13.010622
2.126127,0.031800,-3.120340,-0.203553,0.243899,0.000115,0.000016,0.001120,4.256803,0.714425,13.044898
2.112496,0.029210,-3.126869,-0.208456,0.237977,-0.000642,0.000002,0.007538,4.243270,0.713508,13.084969
2.097461,0.026265,-3.142402,-0.209808,0.235001,-0.000481,-0.000026,0.002273,4.219837,0.704201,13.122446
2.082627,0.023609,-3.164907,-0.211206,0.232128,-0.000146,0.000119,0.005402,4.193973,0.696838,13.152878
2.068128,0.021468,-3.183684,-0.214240,0.228966,0.000488,0.000485,0.015685,4.168483,0.689679,13.187424
2.054060,0.019618,-3.196890,-0.219691,0.225882,0.001772,0.001094,0.031653,4.133112,0.674068,13.223778
2.040830,0.017835,-3.207371,-0.228134,0.221314,0.001850,0.001800,0.057074,4.118646,0.679151,13.264777
2.026804,0.015906,-3.214449,-0.233847,0.220060,0.003193,0.002569,0.076015,4.092993,0.677694,13.303067
2.013770,0.014117,-3.217196,-0.240971,0.219234,0.001179,0.000807,0.036730,4.067406,0.676509,13.336115
1.998356,0.009777,-3.277521,-0.247456,0.218729,-0.000276,0.000134,0.007454,4.042026,0.676729,13.372182
1.981381,0.006081,-3.373169,-0.253501,0.218629,-0.000186,0.000140,0.006919,4.014292,0.679108,13.408967
1.964480,0.004068,-3.462204,-0.259216,0.218217,-0.000132,0.000133,0.006540,3.986550,0.682777,13.446832
1.947488,0.002915,-3.541126,-0.264317,0.217785,-0.000205,0.000112,0.005795,3.962022,0.687511,13.486709
1.930277,0.002084,-3.609266,-0.267984,0.217686,-0.000195,0.000106,0.004816,3.936748,0.693607,13.526420
1.913110,0.001322,-3.665541,-0.271221,0.217883,-0.000052,0.000257,0.008387,3.912165,0.701130,13.564854
1.896146,0.000536,-3.707480,-0.273195,0.218155,0.003363,0.000392,0.011548,3.886447,0.698543,13.602855
1.882823,-0.000473,-3.736447,-0.274655,0.218860,-0.003818,-0.000313,-0.000858,3.867955,0.718116,13.637501
1.862589,-0.002400,-3.771816,-0.273361,0.220343,-0.000653,-0.000107,-0.001071,3.847506,0.727706,13.672284
1.846345,-0.004195,-3.793457,-0.271137,0.222562,-0.000596,-0.000081,-0.001676,3.826088,0.740292,13.708643
1.831008,-0.005951,-3.803473,-0.268530,0.225198,-0.000545,-0.000078,-0.001276,3.804958,0.753510,13.743621
1.816700,-0.007790,-3.802361,-0.264999,0.228321,-0.000646,-0.000115,-0.002352,3.785164,0.766891,13.778983
1.803396,-0.009719,-3.791834,-0.260841,0.232069,-0.001227,-0.000473,-0.010394,3.767292,0.779596,13.813445
1.790723,-0.011995,-3.779192,-0.255954,0.236605,-0.002198,-0.001063,-0.026445,3.749670,0.795806,13.846002
1.778462,-0.014540,-3.770490,-0.250187,0.241903,-0.003365,-0.001836,-0.046933,3.733282,0.811960,13.878156
1.766607,-0.017115,-3.765039,-0.243292,0.248165,-0.004755,-0.002837,-0.073820,3.718093,0.828722,13.910004
1.755155,-0.019578,-3.761938,-0.235459,0.255402,-0.006192,-0.004018,-0.105555,3.705047,0.846789,13.940831
1.744239,-0.021810,-3.758224,-0.225383,0.263392,-0.007966,-0.005719,-0.152344,3.691357,0.865503,13.971256
1.733794,-0.023881,-3.754779,-0.213826,0.272133,-0.010269,-0.008038,-0.216824,3.678933,0.883987,14.001127
1.723479,-0.025966,-3.755930,-0.201715,0.281708,-0.012464,-0.010585,-0.287890,3.667040,0.902199,14.029367
1.713512,-0.027837,-3.756703,-0.189310,0.291074,-0.014665,-0.013412,-0.367041,3.657017,0.921590,14.055527
1.703817,-0.029558,-3.756687,-0.176534,0.300386,-0.007120,-0.004125,-0.164581,3.646415,0.941765,14.079701
1.704076,-0.018771,-3.465394,-0.165813,0.308825,-0.002819,-0.002590,-0.068534,3.635480,0.960962,14.102281
1.709235,-0.014413,-3.114588,-0.158511,0.316312,-0.004148,-0.004143,-0.113269,3.626251,0.981095,14.123752
1.713698,-0.017462,-2.902772,-0.150618,0.323390,-0.005648,-0.005912,-0.163633,3.617340,1.001889,14.145266
1.717931,-0.021531,-2.785481,-0.142794,0.329870,-0.006741,-0.007715,-0.217282,3.608019,1.023306,14.168274
1.722401,-0.024548,-2.727715,-0.134048,0.335672,-0.003926,-0.002530,-0.104770,3.600875,1.044750,14.191756
1.730946,-0.019001,-2.528175,-0.125355,0.340642,-0.001352,-0.000550,-0.020803,3.592434,1.066432,14.214472
1.742491,-0.014852,-2.270768,-0.117470,0.344317,-0.001834,-0.001995,-0.055726,3.583648,1.087945,14.236625
1.753801,-0.015457,-2.110723,-0.109816,0.347054,-0.002572,-0.003726,-0.106348,3.579958,1.109589,14.259785
1.764824,-0.017015,-2.027306,-0.099909,0.349201,-0.001681,-0.001373,-0.062755,3.570182,1.132902,14.283571
1.777356,-0.013353,-1.873365,-0.090859,0.349985,-0.000773,-0.000515,-0.023141,3.562134,1.157497,14.307288
1.790889,-0.010236,-1.684558,-0.080140,0.349448,-0.000955,-0.002773,-0.081951,3.556219,1.185268,14.332466
1.804240,-0.010390,-1.563981,-0.066570,0.347820,-0.001956,-0.006313,-0.187771,3.554868,1.204803,14.359892
1.816702,-0.011473,-1.506611,-0.053593,0.346033,-0.001543,-0.009605,-0.288603,3.545582,1.229728,14.384433
1.829617,-0.012066,-1.479930,-0.038698,0.343519,-0.001749,-0.013679,-0.413484,3.546220,1.255785,14.407342
1.842177,-0.012376,-1.474928,-0.018736,0.341529,-0.001958,-0.019015,-0.576519,3.543549,1.279182,14.433529
1.854263,-0.012246,-1.476394,0.000214,0.340247,-0.001299,-0.023692,-0.718395,3.540716,1.311320,14.459473
1.866510,-0.011588,-1.469637,0.022354,0.338857,-0.001031,-0.029523,-0.897088,3.530896,1.329605,14.487895
1.878113,-0.011356,-1.476308,0.040611,0.338391,-0.000483,-0.007205,-0.361093,3.524382,1.355064,14.514620
1.889310,0.015783,-0.813304,0.056719,0.337588,0.000109,-0.003992,-0.119670,3.519079,1.380685,14.537983
1.900554,0.025383,-0.050572,0.069631,0.336202,0.000840,-0.007351,-0.224776,3.512847,1.407645,14.564406
1.912381,0.020102,0.354438,0.081992,0.334064,0.001603,-0.010439,-0.320258,3.504985,1.432533,14.591621
1.924192,0.013657,0.546825,0.092869,0.331680,0.002645,-0.012972,-0.398712,3.495118,1.459732,14.619373
1.935998,0.009142,0.631961,0.104613,0.328392,0.001236,-0.003881,-0.188421,3.482271,1.484169,14.649335
1.945061,0.018107,0.956835,0.113745,0.324636,0.000669,-0.002001,-0.061226,3.471836,1.511460,14.679549
1.952962,0.021494,1.342335,0.121427,0.320773,0.001589,-0.003731,-0.114349,3.457083,1.538289,14.710365
1.961184,0.017994,1.557815,0.128411,0.316716,0.002334,-0.005287,-0.162508,3.445823,1.562206,14.744272
1.969129,0.013669,1.666915,0.135005,0.313249,0.001798,-0.006068,-0.211973,3.435115,1.585870,14.777715
1.975459,0.010861,1.712163,0.143897,0.310236,0.005811,-0.008753,-0.252581,3.411477,1.611631,14.809110
1.984569,0.007969,1.744675,0.150082,0.306156,0.005306,-0.009475,-0.290048,3.396895,1.635528,14.844920
1.991987,0.006444,1.756310,0.156676,0.303749,0.006034,-0.010593,-0.324182,3.379992,1.658566,14.883412
1.999134,0.005424,1.762019,0.163558,0.301947,0.006683,-0.011545,-0.351749,3.362266,1.681355,14.919968
2.005985,0.004850,1.771648,0.170743,0.300714,0.007497,-0.012794,-0.391188,3.346906,1.700945,14.956619
2.012750,0.004095,1.771782,0.176120,0.300515,0.002778,-0.003151,-0.153017,3.328852,1.724483,14.991750
2.014148,0.013947,2.033457,0.180253,0.300996,-0.000197,-0.000105,-0.006441,3.305307,1.743672,15.026604
2.012872,0.018313,2.387757,0.177435,0.301565,-0.000856,0.000509,0.013674,3.283000,1.763004,15.063920
2.011753,0.015265,2.622899,0.172644,0.303005,-0.000920,0.000358,0.014322,3.260228,1.781253,15.102608
2.011136,0.009148,2.736399,0.166636,0.305332,-0.000920,0.000314,0.011795,3.236825,1.797873,15.140859
2.010985,0.003166,2.759315,0.159626,0.308503,-0.001097,0.000386,0.014246,3.214537,1.813041,15.178112
2.011239,-0.001400,2.725671,0.151889,0.311653,-0.001683,0.001547,0.044058,3.189126,1.826597,15.214155
2.011598,-0.003359,2.681668,0.143193,0.314625,-0.002691,0.003245,0.095782,3.164390,1.838924,15.249255
2.011835,-0.003538,2.650470,0.132659,0.317589,-0.001923,0.001230,0.058771,3.137940,1.849993,15.284207
2.013966,-0.007251,2.526388,0.121792,0.320212,-0.000988,0.000598,0.026910,3.111384,1.858713,15.318236
2.017847,-0.009794,2.341659,0.108774,0.322925,-0.002434,0.000777,0.073692,3.091436,1.862999,15.351612
2.021247,-0.010500,2.184584,0.097342,0.325072,0.000079,0.001531,0.015826,3.059349,1.876442,15.379747
2.028001,-0.010043,1.951539,0.085036,0.326788,-0.001180,0.000726,0.034537,3.030648,1.884313,15.407290
2.034274,-0.009795,1.746102,0.075445,0.327258,-0.000974,0.000563,0.027589,3.003918,1.890816,15.438422
2.041186,-0.008977,1.551427,0.065780,0.327503,-0.000941,0.000576,0.028365,2.976591,1.897922,15.467595
2.048504,-0.008086,1.371271,0.057143,0.326932,-0.000885,0.000506,0.025474,2.949441,1.903896,15.496112
2.056066,-0.007331,1.203934,0.048762,0.325834,-0.000780,0.000503,0.026280,2.921728,1.910176,15.524764
2.063821,-0.006765,1.048978,0.040126,0.324202,-0.000620,0.000523,0.027435,2.890246,1.911846,15.552925
2.071696,-0.006558,0.898959,0.028757,0.322762,-0.000766,0.000685,0.036765,2.866614,1.922466,15.582935
2.079417,-0.007155,0.735957,0.019448,0.320762,-0.002126,0.000618,0.064507,2.842051,1.921713,15.611366
2.085589,-0.007571,0.599907,0.008435,0.318869,-0.000529,0.001330,0.057518,2.813100,1.926544,15.636246
2.093178,-0.007960,0.428659,-0.003389,0.316521,0.000940,0.001211,0.020516,2.780917,1.937757,15.663524
2.101918,-0.008869,0.201908,-0.015541,0.313318,-0.000364,0.000746,0.041119,2.750157,1.940979,15.694222
2.108835,-0.009575,0.000622,-0.029583,0.310195,-0.000371,0.000847,0.047197,2.720643,1.944882,15.726268
2.115137,-0.010434,-0.217063,-0.044597,0.307386,-0.000349,0.000900,0.050120,2.691545,1.949603,15.756525
2.120753,-0.011324,-0.453715,-0.060544,0.304752,-0.000308,0.000962,0.052469,2.662449,1.954519,15.785785
2.125569,-0.012051,-0.706557,-0.077063,0.302496,-0.000313,0.000948,0.052417,2.633610,1.959856,15.814905
2.129424,-0.012519,-0.971944,-0.093825,0.300676,-0.000244,0.000992,0.053164,2.604659,1.966010,15.844123
2.132295,-0.012481,-1.241001,-0.109627,0.299128,-0.000337,0.000893,0.048666,2.575889,1.972585,15.873526
2.133977,-0.011854,-1.505940,-0.125946,0.298009,-0.000286,0.000927,0.048574,2.547375,1.979466,15.902344
2.134497,-0.010728,-1.762420,-0.141460,0.297326,-0.000358,0.000674,0.037099,2.519290,1.987285,15.931427
2.133721,-0.009322,-2.014690,-0.155099,0.297082,-0.000481,0.000585,0.033053,2.491119,1.996297,15.961433
2.131716,-0.007015,-2.243248,-0.168966,0.297216,-0.000168,0.000990,0.045789,2.463347,2.006218,15.992128
2.128817,-0.003901,-2.437337,-0.181700,0.297536,-0.000253,0.000818,0.037145,2.436054,2.017127,16.022426
2.124657,-0.001097,-2.619583,-0.193575,0.298285,-0.000293,0.000720,0.033374,2.410304,2.029425,16.053196
2.119385,0.001821,-2.784196,-0.204021,0.299234,-0.000352,0.000594,0.027081,2.385133,2.041835,16.084444
2.113111,0.004849,-2.931770,-0.212948,0.300626,-0.000230,0.000574,0.024332,2.359745,2.057069,16.114872
2.106176,0.008078,-3.057699,-0.220223,0.302199,-0.000211,0.000680,0.024068,2.335331,2.073347,16.146173
2.098636,0.011434,-3.159640,-0.226446,0.303874,-0.000000,0.000756,0.031478,2.311597,2.090870,16.179262
2.090781,0.014544,-3.233321,-0.232192,0.305141,-0.000354,0.000185,0.011214,2.289071,2.109546,16.212676
2.082065,0.016381,-3.313428,-0.236801,0.306192,-0.000455,0.000033,0.005699,2.267744,2.129328,16.246273
2.072941,0.018117,-3.382941,-0.240692,0.306692,-0.000389,0.000014,0.004904,2.247845,2.150699,16.280178
2.063567,0.019768,-3.438620,-0.242883,0.306716,-0.000402,-0.000026,0.002820,2.229492,2.173170,16.313710
2.054011,0.021169,-3.481353,-0.244834,0.306042,-0.000313,-0.000026,0.002389,2.211231,2.196497,16.347746
2.044345,0.022170,-3.512880,-0.246600,0.304635,-0.000225,-0.000011,0.002527,2.195396,2.221324,16.383323
2.034547,0.022676,-3.535875,-0.249192,0.302721,-0.000161,0.000013,0.003429,2.181049,2.247043,16.419410
2.024508,0.022597,-3.554506,-0.251813,0.300240,-0.000163,-0.000003,0.002680,2.167293,2.272679,16.455642
2.014150,0.021971,-3.572601,-0.253945,0.297660,-0.000088,0.000011,0.002866,2.155989,2.299482,16.492064
2.003629,0.021014,-3.589289,-0.256341,0.295185,-0.000106,0.000004,0.002631,2.145579,2.326215,16.528495
1.992867,0.019753,-3.606475,-0.259072,0.293304,-0.000076,0.000025,0.003198,2.137550,2.353981,16.564788
1.981973,0.018287,-3.624467,-0.261925,0.291880,-0.000140,0.000013,0.003007,2.131663,2.381657,16.601383
1.970910,0.016655,-3.644399,-0.264156,0.291296,-0.000169,0.000007,0.002624,2.127429,2.409161,16.638511
1.959865,0.014993,-3.665031,-0.266093,0.291938,-0.000139,0.000019,0.002637,2.125480,2.438044,16.675206
1.949059,0.013368,-3.685255,-0.268772,0.293169,-0.000203,0.000010,0.002771,2.123995,2.466167,16.712102
1.938386,0.011702,-3.706465,-0.270760,0.295253,-0.000164,0.000033,0.002876,2.124616,2.494642,16.748876
1.928097,0.010121,-3.727202,-0.273092,0.298102,-0.000267,0.000024,0.003258,2.127475,2.521783,16.785685
1.918092,0.008557,-3.747851,-0.274459,0.301970,-0.000299,-0.000004,0.001859,2.130230,2.550715,16.822903
1.908627,0.007073,-3.768365,-0.275113,0.306659,-0.000400,-0.000015,0.001707,2.136544,2.578648,16.859583
1.899773,0.005749,-3.786073,-0.275023,0.311980,-0.000539,-0.000081,0.000067,2.143905,2.605813,16.896287
1.891606,0.004518,-3.801411,-0.272181,0.317539,-0.000712,-0.000156,-0.002547,2.154094,2.631650,16.933463
1.884357,0.003554,-3.809997,-0.267084,0.323555,-0.000802,-0.000198,-0.004499,2.166574,2.655561,16.970839
1.878339,0.002934,-3.806737,-0.260667,0.330230,-0.000884,-0.000249,-0.006627,2.180675,2.680082,17.007910
1.873716,0.002541,-3.789895,-0.253190,0.337225,-0.000919,-0.000287,-0.008152,2.195379,2.703655,17.045268
1.870625,0.002298,-3.757719,-0.244988,0.344835,-0.000955,-0.000313,-0.009369,2.212404,2.726288,17.083128
1.869166,0.002123,-3.710019,-0.236340,0.352835,-0.001953,-0.001059,-0.027150,2.229885,2.748160,17.120875
1.868426,0.001218,-3.664482,-0.227496,0.361353,-0.001913,-0.000783,-0.026559,2.248953,2.768585,17.158276
1.869558,0.001125,-3.600583,-0.216831,0.370086,-0.001232,-0.000529,-0.017975,2.269202,2.788008,17.195358
1.873293,0.001620,-3.505275,-0.205789,0.379031,-0.001381,-0.000611,-0.020856,2.290516,2.805645,17.232096
1.878744,0.001860,-3.395147,-0.195253,0.388261,-0.001313,-0.000609,-0.021488,2.313680,2.822647,17.268375
1.886075,0.001911,-3.273637,-0.184357,0.397259,-0.001385,-0.000650,-0.023785,2.336501,2.838604,17.304393
1.895129,0.001902,-3.143205,-0.173564,0.406183,-0.001824,-0.001825,-0.052514,2.368453,2.861051,17.339336
1.905407,0.000781,-3.033471,-0.164896,0.413767,-0.002983,-0.001359,-0.048288,2.383979,2.864531,17.376767
1.915974,0.000890,-2.915715,-0.155250,0.422108,-0.001311,-0.000693,-0.026722,2.411373,2.878925,17.409965
1.929638,0.001975,-2.767700,-0.146570,0.429145,-0.001161,-0.000562,-0.022050,2.439269,2.892553,17.438716
1.944542,0.002490,-2.622138,-0.139105,0.435089,-0.001872,-0.001507,-0.042486,2.465692,2.903008,17.470690
1.959605,0.001546,-2.511798,-0.132697,0.440354,-0.001474,-0.000859,-0.037224,2.494315,2.915196,17.500927
1.975865,0.001935,-2.405862,-0.125815,0.444236,-0.001061,-0.000528,-0.021164,2.522571,2.926379,17.530570
1.993126,0.002873,-2.286467,-0.120138,0.447048,-0.000842,-0.000377,-0.015665,2.552581,2.937183,17.561547
2.010921,0.003424,-2.176752,-0.115165,0.448829,-0.000796,-0.000344,-0.014346,2.583336,2.947427,17.593329
2.028952,0.003695,-2.082058,-0.110896,0.449389,-0.000749,-0.000308,-0.012716,2.614539,2.955943,17.625513
2.047040,0.003930,-2.000964,-0.106913,0.449752,-0.000618,-0.000279,-0.011898,2.646553,2.965294,17.657817
2.065232,0.004288,-1.930325,-0.102773,0.449296,-0.000623,-0.000273,-0.012006,2.677989,2.973188,17.690894
2.083307,0.004867,-1.864998,-0.098148,0.448529,-0.000712,-0.001048,-0.031967,2.711017,2.980760,17.724631
2.101165,0.004935,-1.818232,-0.093589,0.447139,-0.004458,-0.001930,-0.064716,2.735590,2.985383,17.758923
2.115116,0.004950,-1.795627,-0.089378,0.446233,0.002790,-0.000674,-0.038535,2.777235,2.993350,17.789931
2.136250,0.007276,-1.729009,-0.083719,0.443254,-0.000569,-0.000349,-0.017463,2.810559,2.999300,17.823898
2.153585,0.009470,-1.628944,-0.078952,0.440173,-0.000519,-0.000279,-0.014343,2.844347,3.004080,17.862450
2.170541,0.010382,-1.532809,-0.073824,0.436732,-0.000361,-0.000329,-0.016879,2.880623,3.008672,17.897833
2.187255,0.010728,-1.443335,-0.068346,0.432550,-0.000440,-0.000333,-0.017858,2.915559,3.012757,17.933802
2.203452,0.011044,-1.353667,-0.062923,0.428069,-0.000218,-0.001224,-0.039581,2.950953,3.016956,17.970903
2.219388,0.010404,-1.284446,-0.056625,0.422906,-0.000374,-0.000699,-0.039374,2.984247,3.018051,18.007637
2.234629,0.011329,-1.198982,-0.051151,0.417595,-0.000272,-0.000306,-0.018164,3.021117,3.021692,18.043361
2.249432,0.012251,-1.085988,-0.045671,0.411628,-0.000361,-0.000317,-0.018020,3.055758,3.023045,18.078839
2.263435,0.012229,-0.978531,-0.041339,0.405393,-0.000069,-0.000242,-0.014899,3.095408,3.026391,18.114948
2.277043,0.011663,-0.881226,-0.036572,0.399201,-0.000062,-0.001185,-0.039282,3.129754,3.026407,18.152641
2.289945,0.010119,-0.814352,-0.031671,0.393616,-0.001817,-0.002088,-0.084886,3.163101,3.033230,18.190705
2.300444,0.008769,-0.785874,-0.029464,0.389071,0.002561,-0.000675,-0.033378,3.205783,3.031301,18.226123
2.314825,0.009801,-0.702821,-0.023870,0.383978,0.000021,-0.001398,-0.047176,3.243643,3.034920,18.264278
2.325979,0.009561,-0.622997,-0.020846,0.379060,-0.000014,-0.000408,-0.027521,3.281786,3.037247,18.304635
2.336483,0.009850,-0.534470,-0.019685,0.374974,-0.000295,-0.000073,-0.003843,3.318010,3.039662,18.343460
2.346143,0.009045,-0.451831,-0.020600,0.370759,0.000085,0.000219,0.007798,3.357090,3.040224,18.381377
2.355599,0.007307,-0.403839,-0.022324,0.366048,-0.000024,0.000128,0.009227,3.393885,3.040678,18.419727
2.364295,0.005239,-0.393794,-0.025021,0.361074,0.000081,0.000656,0.022906,3.430772,3.041796,18.458210
2.372415,0.004123,-0.401424,-0.029936,0.355498,0.000097,0.000385,0.026470,3.468181,3.042270,18.495658
2.379753,0.002397,-0.446046,-0.036361,0.349115,0.000311,0.001544,0.053450,3.505309,3.040204,18.533303
2.386376,0.002200,-0.501377,-0.043814,0.341636,0.000199,0.000626,0.044237,3.541996,3.036784,18.570882
2.391786,0.000554,-0.604310,-0.054042,0.333560,0.000966,0.002412,0.083138,3.584265,3.042738,18.607919
2.396696,0.001309,-0.710341,-0.067337,0.325430,0.001550,0.005368,0.184472,3.612802,3.034287,18.647138
2.400661,0.003709,-0.773132,-0.081354,0.318196,0.001164,0.001553,0.109231,3.650000,3.036535,18.683196
2.402608,-0.000806,-0.984580,-0.095480,0.310778,0.000954,0.002904,0.098701,3.688318,3.036217,18.716148
2.402817,-0.000120,-1.229091,-0.115670,0.304186,0.003312,0.006817,0.231878,3.728880,3.036498,18.753141
2.403288,0.005155,-1.372063,-0.135504,0.297250,0.005706,0.010241,0.347349,3.770635,3.042407,18.792327
2.403686,0.010596,-1.444689,-0.158237,0.290810,0.002329,0.002621,0.169413,3.797437,3.031856,18.832676
2.397893,0.003847,-1.761485,-0.168207,0.286053,0.000877,0.001257,0.042865,3.835797,3.028289,18.867159
2.389641,0.004255,-2.153443,-0.177329,0.283579,0.001657,0.002437,0.082573,3.867584,3.022626,18.899161
2.381197,0.012670,-2.405764,-0.182938,0.282714,0.002384,0.003072,0.103543,3.901323,3.016227,18.933076
2.372532,0.022537,-2.553246,-0.187124,0.283358,0.002613,0.003473,0.116527,3.932359,3.008102,18.966020
2.363338,0.031094,-2.631334,-0.188288,0.285255,0.002524,0.003540,0.119643,3.962078,2.996819,18.999559
2.353787,0.037432,-2.665315,-0.187829,0.288259,0.000548,0.000667,0.044540,3.994302,2.982649,19.032836
2.342406,0.038671,-2.746845,-0.186470,0.291874,-0.000782,-0.000152,-0.001873,4.025596,2.968656,19.068025
2.330254,0.040181,-2.842521,-0.182616,0.295999,0.001412,-0.000830,0.002343,4.053555,2.961037,19.105892
2.321109,0.042628,-2.888561,-0.183050,0.302803,-0.003135,0.000354,-0.002621,4.086223,2.934782,19.141796
2.308058,0.045941,-2.921941,-0.181117,0.307946,-0.001048,-0.000195,-0.002670,4.110816,2.919369,19.181169
2.297807,0.047739,-2.930345,-0.177759,0.314999,0.000785,-0.000338,-0.008111,4.135363,2.908071,19.222877
2.290512,0.048681,-2.923965,-0.175700,0.322893,-0.002618,-0.000281,0.000279,4.164478,2.877703,19.258743
2.280869,0.048940,-2.899626,-0.170183,0.328614,0.000217,-0.000151,-0.016779,4.185380,2.864848,19.299313
2.275356,0.048629,-2.874177,-0.166151,0.336575,-0.002786,-0.000989,-0.010326,4.215578,2.835465,19.340441
2.268177,0.047097,-2.831612,-0.161738,0.343495,-0.000922,-0.000179,-0.025584,4.231020,2.816157,19.381920
2.264238,0.045979,-2.797424,-0.157236,0.351004,-0.002423,-0.001244,-0.012295,4.251009,2.782055,19.424377
2.260147,0.043740,-2.739978,-0.147962,0.356960,-0.001714,-0.000629,-0.027485,4.268994,2.755150,19.466887
2.258451,0.042670,-2.671913,-0.139275,0.363756,-0.001130,-0.000408,-0.017759,4.287411,2.728218,19.513716
2.258934,0.041820,-2.570477,-0.132015,0.370497,-0.001088,-0.000408,-0.017344,4.305954,2.700396,19.557486
2.260881,0.040032,-2.461534,-0.125984,0.376443,-0.000987,-0.000301,-0.013976,4.323644,2.672462,19.599279
2.264184,0.037607,-2.352429,-0.120831,0.381765,-0.000986,-0.000337,-0.012728,4.336450,2.642217,19.640162
2.268558,0.034740,-2.252573,-0.114405,0.386511,-0.001004,-0.000329,-0.014817,4.349512,2.610668,19.679933
2.274022,0.032286,-2.154666,-0.110047,0.390476,-0.000818,-0.000243,-0.010405,4.364339,2.579753,19.718251
2.280486,0.029928,-2.064057,-0.106562,0.393179,-0.000797,-0.000192,-0.008030,4.379478,2.548836,19.753779
2.287543,0.027697,-1.986309,-0.105463,0.394914,-0.000789,-0.000122,-0.002750,4.390117,2.517630,19.786720
2.294865,0.025436,-1.929962,-0.104155,0.395695,-0.000622,-0.000101,-0.002854,4.402532,2.485732,19.819131
2.302514,0.023661,-1.891491,-0.102259,0.395645,-0.000628,-0.000137,-0.004803,4.413964,2.453432,19.852718
2.310230,0.022606,-1.861518,-0.100227,0.395065,-0.000631,-0.000132,-0.005019,4.426425,2.420855,19.886693
2.317950,0.022162,-1.832887,-0.099479,0.394472,-0.000639,-0.000079,-0.001583,4.435645,2.387242,19.920197
2.325547,0.021831,-1.809125,-0.098495,0.392944,-0.000562,-0.000088,-0.002286,4.444548,2.354561,19.954356
2.333014,0.021638,-1.790673,-0.095635,0.391389,-0.000685,-0.000158,-0.007068,4.457622,2.323016,19.989069
2.340269,0.021944,-1.766304,-0.095423,0.389868,-0.000611,-0.000057,-0.000119,4.467791,2.291248,20.022367
2.347327,0.021977,-1.743917,-0.094644,0.387900,-0.000583,-0.000087,-0.002142,4.474221,2.257806,20.054511
2.354140,0.021894,-1.728188,-0.091576,0.385145,-0.000710,-0.000174,-0.007837,4.474873,2.223970,20.088184
2.360636,0.022306,-1.704264,-0.085644,0.382323,-0.000738,-0.000283,-0.015930,4.480451,2.191017,20.123176
2.367066,0.023347,-1.655859,-0.079983,0.379405,-0.000631,-0.000335,-0.018134,4.485610,2.156618,20.157508
2.373511,0.024159,-1.586535,-0.073547,0.375898,-0.000610,-0.000324,-0.019154,4.490016,2.120974,20.191756
2.379869,0.024639,-1.497026,-0.067326,0.372132,-0.000680,-0.000354,-0.020092,4.496903,2.087606,20.226992
2.386000,0.024440,-1.396723,-0.063739,0.368333,-0.000514,-0.000170,-0.010094,4.500775,2.051798,20.262307
2.392029,0.023314,-1.299907,-0.059255,0.364235,-0.000484,-0.000213,-0.013161,4.503544,2.015748,20.297640
2.397840,0.021830,-1.212774,-0.053563,0.359692,-0.000500,-0.000261,-0.016958,4.509628,1.981057,20.333539
2.403387,0.020683,-1.122823,-0.048952,0.354973,-0.000384,-0.000228,-0.014468,4.525072,1.947218,20.369819
2.408715,0.019476,-1.032719,-0.048096,0.350310,-0.000334,-0.000055,-0.002434,4.532503,1.910985,20.405036
2.413607,0.017510,-0.963692,-0.047199,0.345568,-0.000336,-0.000058,-0.002734,4.535787,1.872938,20.439950
2.418019,0.015487,-0.920298,-0.047099,0.340788,-0.000503,-0.000027,-0.000156,4.540145,1.840837,20.477248
2.421753,0.013818,-0.895578,-0.045516,0.335937,-0.000394,-0.000079,-0.004644,4.546902,1.804791,20.513168
2.425130,0.012953,-0.876030,-0.046305,0.331433,-0.000514,0.000017,0.002754,4.549206,1.772364,20.547568
2.427860,0.012135,-0.865599,-0.045352,0.326681,-0.000342,-0.000057,-0.002897,4.545651,1.734561,20.581750
2.430284,0.011752,-0.859079,-0.041432,0.320860,-0.000426,-0.000205,-0.013227,4.553789,1.700598,20.616641
2.432122,0.012266,-0.834219,-0.041340,0.315990,-0.000314,-0.000020,-0.000187,4.556303,1.663756,20.652426
2.433541,0.012205,-0.805346,-0.042198,0.311407,-0.000522,0.000025,0.003170,4.554485,1.630477,20.688052
2.434235,0.011435,-0.792633,-0.042621,0.306442,-0.000381,0.000008,0.001713,4.552628,1.594226,20.723280
2.434552,0.010723,-0.791589,-0.044019,0.301468,-0.000391,0.000054,0.004956,4.553469,1.559705,20.758062
2.434307,0.010106,-0.800487,-0.045243,0.295945,-0.000438,0.000050,0.004600,4.557045,1.526070,20.793365
2.433419,0.009721,-0.817036,-0.050382,0.291499,-0.000371,0.000234,0.017568,4.557963,1.491584,20.827561
2.431969,0.008860,-0.856085,-0.055019,0.286594,-0.000488,0.000206,0.015792,4.561559,1.460001,20.861668
2.429749,0.008164,-0.919173,-0.061154,0.282020,-0.000445,0.000296,0.021310,4.560545,1.426591,20.894345
2.426878,0.007813,-1.000013,-0.069344,0.277771,-0.000502,0.000377,0.027212,4.557515,1.394879,20.926831
2.423165,0.007527,-1.105227,-0.077899,0.273424,-0.000442,0.000381,0.027600,4.555469,1.362522,20.959612
2.418668,0.007646,-1.231448,-0.087338,0.269177,-0.000329,0.000430,0.029935,4.558329,1.329108,20.990889
2.413356,0.008283,-1.372059,-0.098567,0.265605,-0.000411,0.000467,0.033159,4.558470,1.296439,21.022793
2.406926,0.009152,-1.529717,-0.111761,0.262929,-0.000323,0.000576,0.039026,4.559157,1.263854,21.054831
2.399444,0.010290,-1.703837,-0.125952,0.261031,-0.000387,0.000639,0.040710,4.557022,1.233812,21.086889
2.390678,0.011856,-1.892999,-0.137894,0.259573,0.001531,-0.000112,0.068696,4.555751,1.211003,21.117440
2.382771,0.013705,-2.046770,-0.147944,0.259210,-0.002378,0.001439,0.001155,4.553126,1.170637,21.142868
2.370087,0.017742,-2.260347,-0.158225,0.258444,-0.000498,0.000307,0.022974,4.549228,1.140169,21.172363
2.358276,0.021547,-2.417336,-0.168646,0.258384,-0.000487,0.000311,0.021779,4.543416,1.110003,21.205330
2.345491,0.025330,-2.559635,-0.177771,0.258462,-0.000460,0.000248,0.018230,4.533974,1.080725,21.234769
2.331873,0.029006,-2.686922,-0.183818,0.258546,-0.000572,0.000100,0.010982,4.527967,1.051423,21.263970
2.317548,0.032646,-2.795288,-0.189310,0.259059,-0.000440,0.000497,0.020237,4.519886,1.024942,21.292973
2.302884,0.036463,-2.871753,-0.193532,0.259777,-0.000362,0.000342,0.020535,4.513306,0.997352,21.321643
2.287973,0.039213,-2.929543,-0.198295,0.260951,-0.000503,0.000073,0.008470,4.505101,0.968479,21.349270
2.272643,0.040695,-2.990022,-0.204157,0.262357,-0.000650,0.000041,0.008813,4.483093,0.947604,21.377750
2.256911,0.041594,-3.045381,-0.206787,0.262640,-0.000669,-0.000038,0.003665,4.473201,0.922297,21.407635
2.241148,0.042223,-3.093786,-0.206552,0.263608,-0.000593,-0.000087,0.000638,4.462454,0.896562,21.437214
2.225727,0.042785,-3.127506,-0.207254,0.264664,-0.000768,-0.000075,0.001678,4.446577,0.875712,21.466722
2.210454,0.042900,-3.148858,-0.207622,0.265331,-0.000627,-0.000084,0.000954,4.427924,0.854106,21.496018
2.195589,0.042413,-3.162715,-0.206996,0.265422,-0.000672,-0.000111,-0.000340,4.407474,0.834422,21.526393
2.181047,0.041437,-3.169717,-0.206120,0.264697,-0.000600,-0.000110,-0.000651,4.385624,0.816755,21.558970
2.166905,0.040039,-3.170666,-0.205269,0.263214,-0.000573,-0.000105,-0.000585,4.367655,0.797378,21.592734
2.153072,0.038250,-3.167470,-0.204228,0.261608,-0.000553,-0.000092,-0.000472,4.348822,0.779627,21.626553
2.139575,0.036167,-3.161175,-0.204305,0.259334,-0.000563,-0.000085,0.000624,4.330407,0.763209,21.659730
2.126216,0.033734,-3.155702,-0.203935,0.257220,-0.000513,-0.000078,0.000219,4.307572,0.749038,21.692007
2.113144,0.031185,-3.151557,-0.204601,0.253901,-0.000383,-0.000032,0.001719,4.284524,0.735000,21.724621
2.100216,0.028557,-3.150203,-0.206946,0.249944,-0.000365,-0.000005,0.003539,4.262312,0.722534,21.758907
2.087094,0.025767,-3.156435,-0.209111,0.246189,-0.000377,-0.000001,0.003522,4.240391,0.710814,21.794010
2.073791,0.023053,-3.169745,-0.211654,0.242827,0.000036,0.000240,0.009139,4.214330,0.701053,21.828195
2.060740,0.020743,-3.183618,-0.215720,0.238929,0.000704,0.000693,0.022525,4.190724,0.694075,21.863220
2.047959,0.018752,-3.194270,-0.220164,0.235339,0.000303,0.000293,0.015344,4.165914,0.686594,21.899176
2.034357,0.016016,-3.223506,-0.225657,0.232083,-0.000263,0.000095,0.007262,4.141247,0.681020,21.935033
2.019765,0.013282,-3.271293,-0.231310,0.229783,-0.000282,0.000095,0.007196,4.116063,0.677737,21.971152
2.004820,0.011059,-3.324238,-0.236854,0.228228,-0.000249,0.000109,0.007218,4.090369,0.674661,22.006974
1.989639,0.009243,-3.378812,-0.243078,0.227460,-0.000279,0.000118,0.007770,4.066048,0.673093,22.043318
1.974160,0.007610,-3.434413,-0.249319,0.227527,-0.000174,0.000133,0.007572,4.038322,0.673133,22.079594
1.958583,0.006085,-3.490523,-0.256119,0.227046,-0.000211,0.000142,0.007991,4.013242,0.674951,22.116830
1.942691,0.004567,-3.546732,-0.261959,0.226896,-0.000168,0.000130,0.006957,3.987580,0.678479,22.154397
1.926644,0.003079,-3.601731,-0.267249,0.226571,-0.000177,0.000109,0.006014,3.962045,0.683474,22.191518
1.910468,0.001596,-3.653871,-0.271180,0.226403,-0.000223,0.000073,0.004638,3.937274,0.689890,22.229483
1.894259,0.000119,-3.701168,-0.273721,0.226626,-0.000231,0.000064,0.003849,3.912888,0.696714,22.267779
1.878241,-0.001338,-3.741163,-0.275620,0.227054,-0.000266,0.000036,0.003128,3.889362,0.703694,22.305219
1.862461,-0.002900,-3.774220,-0.276345,0.227887,-0.000341,0.000009,0.002145,3.866727,0.713137,22.341487
1.847046,-0.004563,-3.800025,-0.276098,0.228885,-0.000407,-0.000040,0.000763,3.844680,0.723177,22.377555
1.832117,-0.006348,-3.818814,-0.273866,0.230699,-0.000452,-0.000051,-0.000175,3.823727,0.734532,22.413095
1.817975,-0.008087,-3.827357,-0.271760,0.233306,-0.000585,-0.000090,-0.000749,3.804060,0.747288,22.447301
1.804589,-0.009942,-3.827805,-0.268200,0.236589,0.001632,0.000234,-0.004686,3.790951,0.758274,22.480723
1.794535,-0.011415,-3.821687,-0.264028,0.241402,-0.001010,-0.000259,-0.005812,3.773358,0.771746,22.512185
1.783052,-0.013223,-3.805727,-0.258815,0.246722,-0.002854,-0.000656,-0.002408,3.748774,0.790963,22.542012
1.771155,-0.015242,-3.773938,-0.253203,0.251246,-0.000907,-0.000259,-0.006540,3.731775,0.807672,22.575561
1.762631,-0.016759,-3.736002,-0.246514,0.256308,-0.001031,-0.000322,-0.008580,3.715943,0.824856,22.610615
1.755453,-0.018062,-3.686817,-0.239067,0.262245,-0.001145,-0.000380,-0.010528,3.702189,0.843213,22.643343
1.749742,-0.019114,-3.625388,-0.229959,0.268766,-0.001221,-0.000463,-0.014106,3.686549,0.861645,22.674656
1.745693,-0.019778,-3.548541,-0.221003,0.275952,-0.001612,-0.000580,-0.016419,3.677765,0.872319,22.704750
1.742953,-0.020284,-3.458793,-0.209743,0.284846,-0.001409,-0.000681,-0.045373,3.664109,0.896767,22.730370
1.742451,-0.020259,-3.374585,-0.200768,0.292254,-0.001581,-0.000919,-0.002665,3.655515,0.914677,22.755658
1.743329,-0.020153,-3.231627,-0.187616,0.300457,-0.002126,-0.000925,-0.057520,3.642668,0.939245,22.782324
1.745577,-0.019647,-3.125376,-0.177585,0.307246,-0.000791,-0.000968,-0.005484,3.630181,0.965117,22.807718
1.750575,-0.018833,-2.950892,-0.166346,0.313881,-0.003275,-0.001030,-0.058752,3.623449,0.977716,22.835196
1.754418,-0.018373,-2.833864,-0.158568,0.320269,-0.001549,-0.000892,-0.029094,3.611506,1.000214,22.857557
1.761074,-0.017760,-2.688644,-0.150481,0.325228,0.000043,-0.000894,-0.006763,3.604615,1.021968,22.877204
1.770190,-0.017346,-2.533423,-0.137862,0.330294,-0.003073,-0.001135,-0.063200,3.593113,1.047308,22.900439
1.777356,-0.016162,-2.421862,-0.128313,0.333706,-0.000005,-0.000912,-0.009774,3.592245,1.067576,22.925745
1.788322,-0.014355,-2.242300,-0.116042,0.336945,-0.003045,-0.001196,-0.068006,3.579468,1.091803,22.950359
1.796969,-0.012828,-2.117514,-0.106115,0.338953,0.000225,-0.002566,-0.049718,3.579006,1.114158,22.974126
1.809394,-0.012415,-1.960822,-0.092003,0.340831,-0.002477,-0.005987,-0.177453,3.574056,1.139402,22.999146
1.819747,-0.013657,-1.903855,-0.076573,0.341632,-0.002277,-0.004125,-0.166710,3.567850,1.163381,23.024317
1.830932,-0.008651,-1.748784,-0.062280,0.341644,-0.001295,-0.003791,-0.113892,3.563215,1.187987,23.050109
1.843217,-0.004298,-1.497882,-0.048138,0.341266,-0.000503,-0.001608,-0.080592,3.552835,1.219441,23.075707
1.856242,0.000465,-1.219653,-0.032701,0.339169,-0.001327,-0.004090,-0.122084,3.557595,1.236840,23.103888
1.868180,0.000757,-0.990364,-0.018613,0.338230,-0.000737,-0.007759,-0.236024,3.556665,1.264010,23.129444
1.880586,-0.001519,-0.875491,-0.001438,0.337301,-0.000732,-0.012347,-0.377254,3.549895,1.288298,23.153436
1.892730,-0.003461,-0.824700,0.014386,0.336530,-0.002622,-0.006242,-0.278692,3.541998,1.310855,23.180192
1.902553,0.005714,-0.577244,0.030376,0.336203,-0.000299,-0.001760,-0.073723,3.534799,1.336855,23.204736
1.914225,0.014825,-0.103528,0.043397,0.335189,-0.000189,-0.001320,-0.056451,3.529788,1.363375,23.229676
1.925618,0.016457,0.272551,0.056918,0.333573,-0.000089,-0.001379,-0.059049,3.521736,1.389273,23.256234
1.936566,0.016118,0.570439,0.070152,0.330885,-0.000042,-0.001323,-0.057432,3.515457,1.414956,23.283550
1.946750,0.015869,0.826542,0.083275,0.328343,0.000011,-0.001292,-0.055649,3.507495,1.440770,23.310672
1.956091,0.015896,1.060468,0.095365,0.325456,0.001410,-0.001208,-0.008116,3.500998,1.470206,23.337801
1.965871,0.015898,1.320843,0.108655,0.321721,-0.000097,-0.000681,-0.035404,3.488657,1.495485,23.367931
1.972967,0.016038,1.528919,0.119883,0.317892,-0.000194,-0.000554,-0.029097,3.476848,1.520972,23.399170
1.978849,0.015847,1.727220,0.130353,0.314112,-0.000771,-0.000463,-0.065436,3.463011,1.543906,23.430005
1.983042,0.015280,1.870958,0.139209,0.310690,0.000002,-0.000782,-0.033468,3.450738,1.568496,23.461180
1.986974,0.014436,2.039856,0.146796,0.307893,0.000050,-0.000906,-0.000733,3.436783,1.594046,23.492211
1.990068,0.012919,2.215222,0.153366,0.305440,-0.000329,0.000011,-0.039129,3.420901,1.617564,23.524906
1.991971,0.011723,2.315998,0.159391,0.303349,-0.000532,-0.000709,-0.000740,3.406044,1.638913,23.559048
1.992911,0.009964,2.447067,0.162593,0.302358,-0.000129,0.000241,-0.022503,3.388785,1.662762,23.591875
1.993831,0.008582,2.518690,0.165577,0.301734,-0.001150,-0.000448,0.001644,3.374525,1.683706,23.625652
1.993345,0.006573,2.600435,0.168191,0.302258,-0.000758,-0.000044,-0.006277,3.356127,1.704239,23.659662
1.993005,0.005138,2.652872,0.170241,0.303460,-0.000816,-0.000018,-0.004965,3.337743,1.724164,23.692480
1.992490,0.003947,2.694801,0.171558,0.305495,-0.000863,0.000015,-0.003591,3.319095,1.743588,23.726408
1.991975,0.002917,2.726914,0.171988,0.307988,-0.000896,0.000059,-0.001536,3.297860,1.760930,23.760459
1.991602,0.001982,2.749346,0.170696,0.310739,-0.000979,0.000133,0.001915,3.276289,1.777632,23.794955
1.991504,0.000980,2.758359,0.168206,0.313493,-0.000452,0.000335,0.007755,3.251979,1.797307,23.829404
1.992381,0.000081,2.754804,0.165352,0.315858,-0.001082,0.000331,0.008692,3.230111,1.813170,23.865100
1.993053,-0.000869,2.736762,0.161338,0.318118,-0.001174,0.000427,0.012440,3.205687,1.826972,23.901049
1.994142,-0.001689,2.705497,0.156462,0.320174,-0.001385,0.000431,0.004540,3.184272,1.835310,23.935694
1.995574,-0.002489,2.649281,0.148412,0.322529,-0.001063,0.000587,0.034558,3.156789,1.851983,23.968787
1.998164,-0.003329,2.596029,0.141257,0.324126,-0.001065,0.000670,0.006499,3.134125,1.858319,24.001775
2.001389,-0.004247,2.490890,0.130491,0.326172,-0.001407,0.000767,0.052762,3.106083,1.873400,24.034211
2.005194,-0.005084,2.403836,0.120976,0.327189,-0.000744,0.001042,0.012528,3.081029,1.876321,24.065413
2.010350,-0.005876,2.247507,0.107447,0.328944,-0.001106,0.000777,0.036696,3.053666,1.883883,24.095752
2.016093,-0.007018,2.085223,0.093959,0.330175,-0.001039,0.000934,0.042594,3.024998,1.890641,24.124211
2.022691,-0.007958,1.898495,0.080465,0.331081,-0.001846,0.000807,0.082013,2.996116,1.903071,24.153415
2.029139,-0.008851,1.729758,0.068432,0.331083,-0.000999,0.001569,0.061422,2.968537,1.908565,24.183624
2.036853,-0.008886,1.521087,0.055565,0.330979,-0.001130,0.001897,0.072166,2.940729,1.913267,24.213253
2.044804,-0.008706,1.315700,0.044106,0.330196,0.000274,0.001341,0.012610,2.913226,1.912957,24.241973
2.054321,-0.009127,1.053303,0.033624,0.328948,-0.001908,0.000592,0.075134,2.884881,1.924443,24.270738
2.061639,-0.008974,0.889997,0.024006,0.326889,0.000678,0.001412,0.017092,2.856668,1.924417,24.299384
2.071424,-0.008293,0.666430,0.013011,0.324734,-0.001783,0.000736,0.075938,2.827626,1.935271,24.327996
2.078535,-0.008439,0.517766,0.002447,0.321770,0.000795,0.001400,0.021767,2.799462,1.932275,24.357382
2.087859,-0.008511,0.297587,-0.011571,0.319550,-0.000418,0.000899,0.049143,2.769974,1.937521,24.386562
2.095593,-0.009578,0.092212,-0.025279,0.317080,-0.001461,0.001088,0.095505,2.741606,1.948306,24.415253
2.101772,-0.010403,-0.084972,-0.038628,0.313878,0.001168,0.003939,0.080766,2.711045,1.947621,24.445054
2.109898,-0.008722,-0.304004,-0.055109,0.311521,-0.000742,0.003204,0.173680,2.683396,1.959283,24.475218
2.115255,-0.009737,-0.456672,-0.069608,0.308451,0.001056,0.003815,0.068984,2.652791,1.958410,24.503812
2.121435,-0.010769,-0.757096,-0.088416,0.306625,-0.000095,0.002936,0.178939,2.624336,1.969691,24.533003
2.125356,-0.011942,-0.953523,-0.105325,0.304512,0.000490,0.003409,0.111182,2.594961,1.975676,24.563364
2.128636,-0.012676,-1.250322,-0.122297,0.302610,0.001018,0.003493,0.099001,2.564827,1.976672,24.593237
2.131177,-0.011871,-1.542550,-0.139347,0.301861,0.000377,0.001230,0.119801,2.536773,1.989164,24.623300
2.131761,-0.012477,-1.792409,-0.154864,0.300902,-0.000561,0.001961,0.006084,2.507367,1.991945,24.653484
2.130163,-0.010770,-2.141257,-0.169130,0.301001,-0.000250,0.000818,0.039298,2.479056,2.001214,24.683585
2.127748,-0.007728,-2.389570,-0.182421,0.301547,-0.000270,0.000670,0.033397,2.451128,2.011425,24.713934
2.124135,-0.004155,-2.605574,-0.194222,0.302379,0.001130,-0.000118,0.064413,2.424501,2.027749,24.745171
2.120829,-0.000962,-2.754477,-0.205802,0.302619,0.000187,0.001294,0.043429,2.397908,2.040334,24.777176
2.115412,0.003362,-2.909489,-0.215757,0.303093,0.001127,0.002375,0.076457,2.371858,2.054223,24.809567
2.109878,0.008448,-3.003716,-0.224397,0.303921,0.000308,0.004005,0.097164,2.347471,2.065888,24.842289
2.102586,0.013664,-3.060444,-0.230263,0.305742,0.000909,0.001444,0.064550,2.323372,2.082825,24.873776
2.095295,0.014327,-3.134899,-0.235467,0.307362,0.001407,-0.000015,0.030625,2.304669,2.099192,24.905421
2.088248,0.013923,-3.232483,-0.238541,0.309193,-0.002107,0.000472,-0.011973,2.274318,2.125207,24.936792
2.077701,0.015559,-3.353094,-0.242083,0.309545,-0.000361,0.000030,0.004231,2.252871,2.147002,24.972762
2.068643,0.017758,-3.427572,-0.245201,0.308896,-0.000330,-0.000009,0.003400,2.234022,2.169839,25.012500
2.059225,0.019869,-3.483800,-0.247566,0.308101,-0.000151,0.000113,0.005801,2.216163,2.193271,25.049522
2.049677,0.021732,-3.521831,-0.248894,0.306650,0.000173,0.000241,0.008973,2.199981,2.218347,25.086220
2.040193,0.023104,-3.543804,-0.250531,0.304678,0.000563,0.000378,0.012621,2.184888,2.243347,25.122857
2.030808,0.023776,-3.554947,-0.252384,0.302196,0.001024,0.000543,0.016812,2.171655,2.268972,25.159598
2.021584,0.023756,-3.559241,-0.254951,0.299348,0.001531,0.000730,0.021903,2.160672,2.296743,25.196086
2.012504,0.023104,-3.560342,-0.257592,0.296199,0.002065,0.000925,0.027132,2.150160,2.323889,25.232977
2.003603,0.021979,-3.560282,-0.259863,0.293915,0.002566,0.001131,0.032384,2.141578,2.351186,25.270702
1.994995,0.020576,-3.559615,-0.262380,0.292327,0.000978,0.000340,0.014777,2.135432,2.379783,25.308003
1.984683,0.017999,-3.582417,-0.264780,0.291277,-0.000149,0.000032,0.002930,2.131340,2.407076,25.345413
1.973276,0.015553,-3.619410,-0.267589,0.291005,-0.000187,0.000011,0.002632,2.129097,2.435904,25.383007
1.961935,0.013679,-3.655766,-0.269779,0.291487,-0.000189,0.000002,0.002135,2.127697,2.465247,25.420389
1.950743,0.012205,-3.689458,-0.271207,0.293072,-0.000231,0.000002,0.001934,2.128756,2.494244,25.458394
1.939873,0.011004,-3.718300,-0.272449,0.295725,-0.000182,0.000033,0.002569,2.130261,2.522287,25.496505
1.929481,0.009934,-3.741798,-0.274421,0.299742,-0.000265,0.000032,0.002948,2.135074,2.550409,25.534345
1.919508,0.008788,-3.762669,-0.275865,0.304409,-0.000387,-0.000022,0.001698,2.141517,2.578244,25.572037
1.910028,0.007550,-3.782426,-0.275157,0.309404,-0.000532,-0.000086,-0.000341,2.150496,2.605630,25.609270
1.901247,0.006407,-3.798268,-0.271966,0.314611,-0.000678,-0.000151,-0.002563,2.161172,2.631511,25.646988
1.893417,0.005487,-3.805949,-0.266269,0.320199,-0.000744,-0.000195,-0.004695,2.173327,2.656486,25.686007
1.886858,0.004863,-3.800781,-0.259194,0.326328,0.000216,-0.000085,-0.010825,2.176347,2.677146,25.724686
1.882748,0.004592,-3.784774,-0.255470,0.335684,-0.001834,-0.000450,-0.000030,2.201925,2.702719,25.757920
1.878019,0.003785,-3.751420,-0.245135,0.340781,-0.000964,-0.000389,-0.012469,2.218751,2.725400,25.793735
1.875852,0.003367,-3.708979,-0.235429,0.347746,-0.001959,-0.001189,-0.031264,2.236214,2.747662,25.835503
1.874435,0.002411,-3.665095,-0.225352,0.355277,-0.001889,-0.000835,-0.029358,2.254817,2.768301,25.874475
1.874956,0.002495,-3.596076,-0.214866,0.363405,-0.001192,-0.000512,-0.017590,2.274609,2.787483,25.911900
1.878016,0.002984,-3.493525,-0.203901,0.371893,-0.001383,-0.000623,-0.021236,2.295148,2.804949,25.948734
1.882706,0.002978,-3.378800,-0.193454,0.380962,-0.001253,-0.000558,-0.020545,2.317732,2.822420,25.984287
1.889371,0.002787,-3.252528,-0.182627,0.389956,-0.001415,-0.000768,-0.026758,2.342334,2.838924,26.019129
1.897634,0.002338,-3.123671,-0.172118,0.398711,-0.001424,-0.000656,-0.023993,2.366067,2.853731,26.054751
1.907602,0.002201,-2.984432,-0.162698,0.407318,-0.001364,-0.000593,-0.021948,2.390598,2.867687,26.089155
1.919139,0.002003,-2.844462,-0.154192,0.415321,-0.001349,-0.000560,-0.020844,2.416139,2.880347,26.121187
1.932002,0.001733,-2.710483,-0.146562,0.422750,-0.001160,-0.000493,-0.019026,2.443147,2.893415,26.153265
1.946197,0.001535,-2.585062,-0.139453,0.429286,-0.001155,-0.000482,-0.018969,2.470449,2.904837,26.184487
1.961366,0.001467,-2.469962,-0.132348,0.434619,-0.001119,-0.000485,-0.019299,2.497409,2.915936,26.214632
1.977374,0.001696,-2.361221,-0.125942,0.438820,-0.004523,-0.000536,-0.037931,2.519329,2.922195,26.244478
1.990578,0.002020,-2.278358,-0.120296,0.442751,0.002510,-0.000531,-0.004480,2.554893,2.938654,26.271253
2.011345,0.002591,-2.162248,-0.116319,0.444644,-0.000785,-0.000396,-0.014521,2.585931,2.947903,26.301542
2.028898,0.002778,-2.083116,-0.111708,0.445438,-0.000791,-0.000385,-0.015734,2.617312,2.956776,26.336728
2.046575,0.003272,-2.011515,-0.107284,0.445710,-0.000615,-0.000364,-0.014950,2.649104,2.965537,26.369749
2.064304,0.003982,-1.943234,-0.102745,0.445618,-0.000621,-0.000253,-0.011722,2.680452,2.972702,26.403240
2.082027,0.004937,-1.872201,-0.097289,0.445176,-0.000778,-0.000375,-0.017128,2.711636,2.978841,26.436991
2.099573,0.005905,-1.800687,-0.092210,0.444309,-0.000573,-0.000256,-0.012857,2.744911,2.985406,26.469529
2.117175,0.006997,-1.721424,-0.087222,0.442517,-0.000550,-0.000271,-0.013668,2.778079,2.991174,26.503008
2.134571,0.007829,-1.642518,-0.081929,0.440241,-0.000523,-0.000271,-0.014548,2.812525,2.997322,26.537875
2.151757,0.008606,-1.561283,-0.077041,0.437547,-0.000511,-0.000252,-0.013492,2.846220,3.002249,26.573667
2.168612,0.009210,-1.479451,-0.071937,0.434363,-0.000419,-0.000286,-0.015437,2.881085,3.007010,26.609037
2.185187,0.009692,-1.398223,-0.066401,0.430503,-0.000393,-0.000281,-0.016055,2.916222,3.010884,26.644288
2.201379,0.010239,-1.312123,-0.060304,0.426242,-0.000428,-0.000314,-0.018394,2.951609,3.014443,26.680368
2.217092,0.010790,-1.219715,-0.054704,0.421435,-0.000346,-0.000285,-0.016985,2.987687,3.018175,26.716479
2.232351,0.011133,-1.123219,-0.049943,0.416269,-0.000358,-0.000227,-0.013816,3.022608,3.022484,26.753371
2.247000,0.011101,-1.029142,-0.046535,0.410788,-0.000291,-0.000167,-0.010128,3.058133,3.023409,26.790427
2.261033,0.010585,-0.947169,-0.041586,0.404627,-0.000198,-0.000235,-0.015025,3.095645,3.025949,26.826734
2.274490,0.010296,-0.868223,-0.037017,0.398625,-0.000185,-0.000225,-0.014224,3.132841,3.028951,26.863832
2.287269,0.010110,-0.787631,-0.033291,0.393312,-0.000208,-0.000216,-0.012988,3.169684,3.030760,26.901350
2.299382,0.009694,-0.712097,-0.029507,0.388580,-0.000244,-0.000221,-0.013395,3.206427,3.032695,26.939002
2.310884,0.009241,-0.640595,-0.026272,0.384211,-0.000323,-0.000183,-0.011299,3.241768,3.035574,26.976995
2.321754,0.008726,-0.573239,-0.024816,0.380424,-0.000207,-0.000084,-0.005140,3.280028,3.036582,27.013560
2.332221,0.007850,-0.519018,-0.023322,0.376451,-0.000273,-0.000085,-0.005219,3.317128,3.037364,27.050422
2.342084,0.006959,-0.478529,-0.023563,0.372354,-0.000217,0.000007,0.000844,3.355157,3.038081,27.088867
2.351429,0.005959,-0.454153,-0.024485,0.367680,-0.000276,0.000042,0.003109,3.391672,3.039709,27.127545
2.360080,0.004979,-0.448412,-0.027760,0.362752,-0.000177,0.000155,0.010861,3.429740,3.041242,27.165641
2.368128,0.003849,-0.467393,-0.032745,0.357480,-0.000267,0.000237,0.016622,3.465487,3.041270,27.203366
2.375307,0.002681,-0.516709,-0.038836,0.351444,-0.000162,0.000309,0.020834,3.502474,3.044338,27.240334
2.381699,0.001812,-0.593624,-0.047831,0.344574,-0.000007,0.000441,0.030229,3.540860,3.043208,27.276845
2.387155,0.000998,-0.703807,-0.056509,0.337157,-0.000269,0.000414,0.027943,3.575081,3.045719,27.314765
2.391176,0.000820,-0.840792,-0.070662,0.330323,0.000104,0.000705,0.046943,3.613917,3.044658,27.351477
2.394152,0.000586,-1.011922,-0.085519,0.323577,0.000292,0.000966,0.055253,3.652536,3.044795,27.387788
2.395762,0.000988,-1.214601,-0.100244,0.316914,0.000066,0.000693,0.044832,3.689979,3.044830,27.425824
2.395496,0.002004,-1.447494,-0.117649,0.310987,0.000075,0.000736,0.047582,3.727138,3.041653,27.463957
2.393362,0.003971,-1.695683,-0.136002,0.305248,0.001504,0.000043,0.098143,3.758139,3.035064,27.500874
2.390570,0.006196,-1.901401,-0.144688,0.300616,-0.001432,0.001873,-0.007615,3.794798,3.041411,27.534413
2.383598,0.012054,-2.177687,-0.157320,0.298345,0.000145,0.000598,0.033281,3.834294,3.037277,27.567905
2.376663,0.017821,-2.364452,-0.171845,0.295997,0.000896,0.001850,0.063271,3.870107,3.032751,27.604081
2.368711,0.024266,-2.508524,-0.183469,0.294631,0.000720,0.001107,0.058642,3.901910,3.024772,27.640123
2.359118,0.028818,-2.640118,-0.190883,0.294865,0.001852,-0.000638,0.042396,3.923559,3.017390,27.674389
2.349840,0.031650,-2.762071,-0.193151,0.297824,-0.003065,0.001072,-0.014060,3.962296,3.004795,27.703099
2.335664,0.037376,-2.904951,-0.193943,0.300682,-0.000810,0.000008,0.002966,3.994516,2.991625,27.734605
2.323741,0.042603,-2.979239,-0.193988,0.304668,-0.001362,0.000005,0.003925,4.021806,2.980883,27.772270
2.311523,0.047091,-3.020067,-0.195356,0.310461,0.000818,-0.000475,0.009184,4.045809,2.962821,27.807312
2.301821,0.049660,-3.038328,-0.191268,0.316454,-0.004909,-0.000062,-0.004426,4.079797,2.953304,27.840498
2.287406,0.051988,-3.045696,-0.190697,0.323220,-0.003450,-0.000435,-0.007131,4.105531,2.936421,27.875604
2.275305,0.052409,-3.044560,-0.187819,0.330553,-0.001643,-0.000524,-0.017390,4.131362,2.914660,27.912270
2.266247,0.052050,-3.040812,-0.182763,0.338118,-0.008033,-0.001675,-0.032809,4.158967,2.897541,27.950146
2.252239,0.050520,-3.034225,-0.176357,0.346145,-0.002833,-0.000957,-0.044061,4.185040,2.873476,27.989612
2.245197,0.049900,-3.015229,-0.170476,0.353803,-0.002280,-0.000711,-0.000158,4.206175,2.852047,28.031065
2.240233,0.049527,-2.932897,-0.163753,0.361462,-0.001115,-0.000347,-0.012747,4.229425,2.827392,28.072680
2.238037,0.048010,-2.855694,-0.157373,0.368706,-0.001195,-0.000374,-0.013278,4.247043,2.800019,28.113745
2.237291,0.045776,-2.773285,-0.148790,0.375896,-0.001230,-0.000521,-0.021101,4.269028,2.773427,28.156216
2.238231,0.043388,-2.683911,-0.142158,0.382418,-0.001499,0.000060,-0.038477,4.287120,2.743735,28.199074
2.240348,0.041402,-2.608174,-0.135243,0.388591,-0.000817,-0.001264,-0.005341,4.303512,2.717623,28.243251
2.244493,0.038333,-2.488878,-0.128085,0.394318,-0.001108,-0.000476,-0.020258,4.320610,2.688731,28.286278
2.249700,0.035962,-2.387628,-0.121735,0.399166,-0.000896,-0.000380,-0.016949,4.337383,2.656349,28.327761
2.256222,0.033774,-2.283825,-0.116638,0.403006,-0.001018,-0.000369,-0.015298,4.353141,2.626873,28.369469
2.263456,0.031474,-2.187709,-0.114276,0.406529,-0.002150,0.000301,-0.022114,4.366590,2.594551,28.408816
2.270136,0.029531,-2.122760,-0.110913,0.408754,0.000573,-0.000789,-0.001832,4.381730,2.562279,28.445233
2.279997,0.026943,-2.044246,-0.110278,0.409868,-0.000640,-0.000072,-0.001495,4.395526,2.530574,28.480287
2.288818,0.025149,-1.996352,-0.109402,0.410166,-0.002065,0.000158,-0.007810,4.406397,2.497242,28.514570
2.296248,0.023977,-1.971938,-0.106578,0.409457,0.000771,-0.000403,-0.006391,4.416921,2.464321,28.549366
2.306537,0.023172,-1.940516,-0.104880,0.408183,-0.001967,-0.000134,-0.011483,4.428761,2.431598,28.584050
2.313972,0.023117,-1.918382,-0.101775,0.406849,0.000814,-0.000312,-0.006562,4.438074,2.396815,28.618513
2.324115,0.023353,-1.880710,-0.099389,0.405458,-0.000581,-0.000185,-0.007730,4.446584,2.362385,28.653479
2.332735,0.023655,-1.844033,-0.095827,0.403708,-0.000718,-0.000214,-0.010130,4.458908,2.331505,28.689309
2.341102,0.024030,-1.800642,-0.094869,0.401758,-0.000571,-0.000088,-0.002532,4.466241,2.298228,28.723905
2.349354,0.023894,-1.760619,-0.091828,0.399225,-0.000614,-0.000147,-0.007321,4.475171,2.265405,28.757105
2.357376,0.023818,-1.721365,-0.088364,0.395959,-0.000525,-0.000164,-0.008579,4.475576,2.227538,28.791364
2.365261,0.023908,-1.675570,-0.081535,0.391991,-0.000607,-0.000316,-0.018807,4.478148,2.191657,28.827026
2.372932,0.024512,-1.609681,-0.073835,0.387974,-0.000288,-0.000378,-0.024030,4.486651,2.150430,28.864014
2.380817,0.025210,-1.517761,-0.066701,0.383574,-0.000792,-0.000360,-0.021195,4.488293,2.119045,28.903556
2.388012,0.025353,-1.404792,-0.060615,0.379189,-0.000512,-0.000291,-0.018253,4.491982,2.083315,28.941219
2.395243,0.024585,-1.287473,-0.054549,0.374474,-0.000473,-0.000256,-0.016980,4.495719,2.046985,28.975664
2.402242,0.023290,-1.170413,-0.049134,0.369435,-0.000401,-0.000253,-0.016526,4.500884,2.010528,29.012035
2.408969,0.021602,-1.060163,-0.044791,0.364184,-0.000335,-0.000185,-0.012944,4.512257,1.974098,29.049179
2.415349,0.019716,-0.959986,-0.044175,0.358932,-0.000372,-0.000042,-0.001852,4.521270,1.940932,29.086234
2.421136,0.017167,-0.889224,-0.042835,0.353413,-0.000259,-0.000076,-0.004324,4.530797,1.904728,29.121289
2.426485,0.014938,-0.844446,-0.042887,0.347680,-0.000308,-0.000011,0.000378,4.530330,1.868050,29.156212
2.431153,0.013164,-0.818547,-0.040997,0.342054,-0.000342,-0.000083,-0.005608,4.540243,1.832814,29.192994
2.435233,0.012296,-0.797422,-0.041424,0.336333,-0.000238,0.000004,0.001406,4.537581,1.794350,29.229343
2.438764,0.011526,-0.783620,-0.037773,0.330137,-0.000460,-0.000158,-0.011026,4.546470,1.761423,29.266195
2.441505,0.011659,-0.759420,-0.038070,0.324515,-0.000178,0.000006,0.001045,4.544784,1.721501,29.301739
2.443903,0.011342,-0.735864,-0.036057,0.318408,-0.000441,-0.000102,-0.006424,4.551520,1.688522,29.338075
2.445439,0.011113,-0.713688,-0.036558,0.312691,0.000087,0.000024,0.001788,4.552434,1.643115,29.375331
2.446885,0.010573,-0.697379,-0.037259,0.307014,-0.000735,0.000009,0.002569,4.548671,1.614843,29.414486
2.446890,0.009832,-0.694098,-0.038803,0.301343,-0.000087,0.000204,0.008507,4.552136,1.582607,29.450846
2.446926,0.009264,-0.700349,-0.043740,0.296833,-0.000667,0.000236,0.015740,4.549985,1.544857,29.482128
2.445764,0.008010,-0.738566,-0.047516,0.291546,-0.000287,0.000179,0.013348,4.551884,1.508516,29.516966
2.444344,0.007299,-0.795995,-0.053191,0.286483,-0.000447,0.000262,0.019407,4.552211,1.475073,29.553319
2.442057,0.006925,-0.870221,-0.061193,0.281904,-0.000422,0.000408,0.028547,4.556025,1.442998,29.588028
2.439015,0.006590,-0.968328,-0.070477,0.277799,-0.000400,0.000392,0.029399,4.555452,1.409420,29.620842
2.435173,0.006348,-1.097037,-0.080078,0.273812,-0.000394,0.000456,0.031865,4.556139,1.376134,29.653166
2.430466,0.006842,-1.242453,-0.091582,0.270369,-0.000312,0.000469,0.033779,4.559246,1.341978,29.686006
2.424844,0.007639,-1.408413,-0.103865,0.267570,0.001275,0.000273,0.075486,4.560763,1.311519,29.719329
2.419745,0.008762,-1.548563,-0.117383,0.265616,-0.001949,0.001449,0.014325,4.558694,1.275197,29.751140
2.410287,0.010799,-1.778102,-0.130372,0.263808,-0.000366,0.000468,0.033552,4.558351,1.243946,29.783827
2.401249,0.013253,-1.973444,-0.141286,0.262498,-0.000323,0.000562,0.033022,4.557250,1.211759,29.815997
2.391230,0.016832,-2.151516,-0.152200,0.261700,-0.000399,0.000483,0.029657,4.555110,1.181379,29.846175
2.380080,0.020612,-2.316375,-0.161541,0.261328,-0.000065,0.001124,0.041194,4.552013,1.149660,29.876591
2.368345,0.025321,-2.447734,-0.170337,0.261197,-0.000122,0.000557,0.037342,4.546611,1.119526,29.906225
2.355655,0.028775,-2.565780,-0.178167,0.261297,-0.000447,0.000250,0.017026,4.537834,1.088365,29.935014
2.341920,0.031695,-2.688561,-0.185587,0.261264,0.002596,-0.000441,0.033649,4.534390,1.060992,29.964172
2.330554,0.034157,-2.776425,-0.194124,0.261914,-0.003425,0.000913,0.002977,4.519136,1.029401,29.992766
2.312429,0.037649,-2.891157,-0.198607,0.261925,-0.000587,0.000035,0.006721,4.514384,1.000631,30.022794
2.296788,0.040279,-2.973341,-0.202559,0.262875,-0.000585,0.000013,0.006898,4.503502,0.974623,30.054031
2.280887,0.042669,-3.036836,-0.203840,0.264073,-0.000417,-0.000000,0.002939,4.493045,0.942314,30.083171
2.265275,0.044661,-3.083223,-0.209846,0.264834,-0.000693,-0.000020,0.007628,4.479048,0.923541,30.114254
2.249014,0.045548,-3.122619,-0.209793,0.266163,-0.000770,-0.000115,0.000308,4.463936,0.900037,30.143831
2.233051,0.045948,-3.153984,-0.208384,0.267148,-0.000719,-0.000158,-0.001856,4.445509,0.876824,30.171991
2.217584,0.046003,-3.171462,-0.207068,0.267182,-0.000713,-0.000178,-0.002153,4.427071,0.855738,30.203251
2.202491,0.045500,-3.177327,-0.204592,0.266783,-0.000530,-0.000123,-0.002195,4.411677,0.830849,30.235810
2.188094,0.044537,-3.171570,-0.203760,0.266063,-0.000764,-0.000220,-0.002484,4.391006,0.815441,30.268817
2.173808,0.042713,-3.162932,-0.200372,0.264878,-0.000610,-0.000187,-0.004572,4.372088,0.795479,30.301234
2.160270,0.040676,-3.147235,-0.198223,0.262982,-0.000582,-0.000144,-0.002092,4.351243,0.778337,30.333517
2.147163,0.038288,-3.125732,-0.197415,0.260097,-0.000419,-0.000187,-0.002392,4.331907,0.762326,30.366655
2.134419,0.035363,-3.107818,-0.196471,0.257056,0.000047,-0.000240,-0.005809,4.307508,0.742809,30.399812
2.122354,0.032264,-3.096274,-0.198304,0.252775,0.000583,-0.000023,0.000641,4.282279,0.727094,30.434914
2.110655,0.029244,-3.089958,-0.202176,0.247607,0.001299,0.000399,0.013768,4.258907,0.716308,30.472604
2.099202,0.026418,-3.087985,-0.204399,0.243078,0.002007,0.000695,0.021982,4.234252,0.706678,30.509893
2.088174,0.023913,-3.088138,-0.207205,0.238515,0.002811,0.001056,0.031798,4.208478,0.696551,30.546415
2.077584,0.021694,-3.089742,-0.211233,0.233621,0.003649,0.001540,0.045694,4.182380,0.688775,30.583525
2.067295,0.019710,-3.091841,-0.217150,0.228971,0.004632,0.002217,0.065538,4.157800,0.682219,30.621374
2.057276,0.017906,-3.093632,-0.224392,0.224974,0.005718,0.002997,0.087949,4.132927,0.676925,30.658600
2.047566,0.016227,-3.095327,-0.231496,0.221807,0.006716,0.003740,0.109385,4.107819,0.673671,30.695130
2.038113,0.014655,-3.096358,-0.239962,0.219237,0.007776,0.004547,0.132148,4.082356,0.671180,30.731494
2.028964,0.013155,-3.097140,-0.249077,0.216795,0.008860,0.005330,0.154024,4.055493,0.670194,30.768327
2.020063,0.011698,-3.098297,-0.258458,0.213855,0.004112,0.001901,0.078119,4.030138,0.671816,30.806210
2.005521,0.006131,-3.195777,-0.266119,0.211658,-0.000040,0.000157,0.009110,4.003704,0.674480,30.843544
1.986475,0.001430,-3.362776,-0.271038,0.210361,-0.000177,0.000085,0.005956,3.977532,0.677749,30.880961
1.967335,0.000074,-3.505751,-0.273709,0.209810,-0.000136,0.000134,0.006263,3.952762,0.683021,30.919300
1.948349,0.000484,-3.614416,-0.275128,0.210158,0.000046,0.000238,0.009230,3.927911,0.689122,30.956958
1.929741,0.001439,-3.688545,-0.275389,0.210908,-0.000022,0.000269,0.010272,3.905090,0.696915,30.994067
1.911385,0.002073,-3.735680,-0.274528,0.212276,-0.000268,0.000196,0.008692,3.884615,0.706133,31.030549
1.893283,0.001955,-3.763959,-0.271801,0.214191,-0.000719,-0.000013,0.002914,3.863567,0.716560,31.066169
1.875534,0.001009,-3.779872,-0.267830,0.217065,-0.000788,-0.000143,-0.001534,3.842594,0.728366,31.101161
1.858793,-0.000474,-3.783495,-0.263266,0.220495,-0.000747,-0.000182,-0.003570,3.822578,0.740283,31.136127
1.843351,-0.002261,-3.774308,-0.258897,0.224426,-0.001190,-0.000477,-0.010358,3.802866,0.753154,31.170765
1.828720,-0.004603,-3.760636,-0.254782,0.228934,-0.001146,-0.000315,-0.007913,3.785433,0.767938,31.204410
1.815462,-0.006798,-3.735393,-0.249344,0.233937,-0.001529,-0.000698,-0.016063,3.767912,0.781995,31.237695
1.803314,-0.009323,-3.707299,-0.243598,0.239636,-0.001578,-0.000442,-0.012185,3.754811,0.794434,31.270053
1.792719,-0.011219,-3.663637,-0.238022,0.246784,-0.001762,-0.000835,-0.020056,3.737981,0.811992,31.299870
1.783576,-0.013475,-3.619494,-0.230650,0.253822,-0.003373,-0.001938,-0.049395,3.723570,0.830363,31.329638
1.774614,-0.016174,-3.589126,-0.222188,0.261324,-0.002800,-0.001188,-0.039033,3.711171,0.849089,31.361370
1.768228,-0.016675,-3.522159,-0.213219,0.269429,-0.000744,-0.000451,-0.017472,3.685474,0.873331,31.392707
1.765728,-0.016235,-3.411892,-0.205658,0.276291,-0.002153,-0.000592,-0.012981,3.684546,0.890894,31.426150
1.763185,-0.016777,-3.296838,-0.198233,0.284454,-0.001468,-0.000450,-0.012741,3.675746,0.908511,31.457616
1.762872,-0.017515,-3.184929,-0.188879,0.292355,-0.001581,-0.000553,-0.017594,3.664872,0.926146,31.483186
1.764095,-0.017915,-3.070683,-0.179788,0.299704,-0.001525,-0.000535,-0.017315,3.653035,0.944855,31.505962
1.766861,-0.017899,-2.950445,-0.171653,0.306517,-0.001594,-0.000546,-0.017622,3.645286,0.966291,31.527062
1.770813,-0.017812,-2.832318,-0.162840,0.313026,-0.001443,-0.000522,-0.018227,3.634990,0.987708,31.549450
1.776150,-0.017339,-2.711539,-0.154409,0.318896,-0.001356,-0.000515,-0.018323,3.625514,1.009254,31.573079
1.782637,-0.016692,-2.590456,-0.145498,0.324096,-0.002139,-0.001999,-0.054567,3.616014,1.030206,31.595782
1.789310,-0.017246,-2.501949,-0.136816,0.328455,-0.001654,-0.000935,-0.039208,3.605677,1.050805,31.618790
1.797427,-0.015305,-2.382375,-0.127736,0.331876,-0.001389,-0.000598,-0.023668,3.598071,1.072719,31.641929
1.806453,-0.013288,-2.238507,-0.118477,0.334614,-0.001312,-0.000579,-0.023184,3.593625,1.096014,31.664776
1.816095,-0.011772,-2.094481,-0.107809,0.336434,-0.001124,-0.000665,-0.028404,3.586324,1.118890,31.688691
1.826447,-0.010166,-1.946045,-0.096539,0.337335,-0.001056,-0.000796,-0.034147,3.576940,1.140762,31.712525
1.837270,-0.008415,-1.790236,-0.085725,0.337134,-0.001001,-0.000670,-0.030098,3.569923,1.164195,31.736264
1.848361,-0.006514,-1.622820,-0.074747,0.335989,-0.000829,-0.000781,-0.035117,3.562843,1.188636,31.760382
1.859678,-0.004867,-1.456119,-0.062842,0.333857,-0.000945,-0.002899,-0.086727,3.558229,1.212758,31.785251
1.870815,-0.005046,-1.328703,-0.049453,0.331639,-0.000829,-0.002874,-0.117543,3.554318,1.237400,31.810783
1.882075,-0.002862,-1.189779,-0.033428,0.329424,-0.000992,-0.001830,-0.075136,3.559029,1.262009,31.836243
1.893039,0.001774,-0.945182,-0.016625,0.328205,-0.000324,-0.001911,-0.079972,3.544241,1.287047,31.861741
1.904476,0.005074,-0.682900,-0.001357,0.326453,-0.000631,-0.001626,-0.069365,3.544467,1.311102,31.887090
1.915269,0.007632,-0.410782,0.014110,0.325473,-0.000313,-0.001748,-0.073755,3.537254,1.337602,31.912699
1.926048,0.009416,-0.148206,0.029176,0.324188,-0.000258,-0.001669,-0.070768,3.530330,1.362465,31.939164
1.936420,0.011071,0.112047,0.043954,0.322371,-0.000045,-0.003608,-0.111562,3.527588,1.386375,31.965444
1.946397,0.010518,0.324403,0.060121,0.320210,0.000322,-0.003413,-0.144554,3.519622,1.411913,31.990650
1.955884,0.012096,0.525826,0.075589,0.317931,0.000049,-0.001663,-0.070142,3.511494,1.437018,32.016280
1.964154,0.015769,0.825620,0.088689,0.315012,0.000380,-0.003087,-0.096128,3.502735,1.461194,32.043491
1.971927,0.015134,1.061972,0.100610,0.312097,0.001337,-0.005971,-0.185131,3.491281,1.486322,32.071256
1.979670,0.011762,1.183360,0.114608,0.308998,0.000668,-0.001934,-0.100368,3.482001,1.511991,32.099140
1.985335,0.015933,1.422666,0.126214,0.305478,0.000567,-0.002455,-0.076344,3.470713,1.536270,32.128717
1.989945,0.016316,1.665147,0.135573,0.302246,0.001600,-0.004448,-0.137785,3.457080,1.560450,32.159326
1.994669,0.013070,1.800425,0.144083,0.299500,0.002470,-0.006113,-0.188436,3.443812,1.584031,32.190245
1.999171,0.009736,1.871356,0.152460,0.296917,0.003519,-0.007645,-0.234959,3.429418,1.607043,32.221484
2.003573,0.007197,1.906752,0.159716,0.294957,0.001277,-0.002106,-0.104650,3.412697,1.629518,32.253397
2.004736,0.012243,2.091585,0.165256,0.293699,-0.000009,-0.000923,-0.029180,3.397186,1.652054,32.286672
2.004351,0.013890,2.319724,0.167950,0.292998,0.000161,-0.001369,-0.044003,3.381731,1.672633,32.320267
2.004069,0.011230,2.461203,0.168669,0.293621,0.000041,-0.001491,-0.048070,3.364112,1.692378,32.353492
2.003606,0.007778,2.541103,0.169152,0.295028,-0.000009,-0.001577,-0.050660,3.347243,1.712167,32.386403
2.003045,0.004850,2.582619,0.168940,0.297257,-0.000370,-0.001556,-0.050990,3.328810,1.729990,32.419293
2.002227,0.002746,2.600637,0.168473,0.300274,-0.000954,-0.000570,-0.028594,3.311049,1.745756,32.451865
2.001075,0.002353,2.627204,0.167009,0.303576,-0.001125,0.000320,0.006990,3.288263,1.763489,32.483615
2.000230,0.002385,2.670631,0.163909,0.306917,-0.001883,0.000879,0.022942,3.266121,1.779397,32.517155
1.999278,0.001678,2.697001,0.159924,0.310196,-0.002509,0.001620,0.045476,3.242211,1.793500,32.552442
1.998367,0.000914,2.712326,0.153885,0.313649,-0.003442,0.002740,0.079000,3.218953,1.806924,32.588096
1.997373,0.000280,2.718946,0.146896,0.316930,-0.004356,0.004122,0.121003,3.194958,1.819728,32.623888
1.996364,-0.000099,2.721660,0.139064,0.320063,-0.005292,0.005695,0.169119,3.172345,1.831508,32.658895
1.995369,-0.000320,2.721107,0.129639,0.323246,-0.006319,0.007658,0.229550,3.147786,1.842028,32.692355
1.994397,-0.000429,2.718194,0.119177,0.326314,-0.004721,0.004147,0.171568,3.122874,1.851749,32.724473
1.996096,-0.006240,2.585135,0.108532,0.329012,-0.001291,0.000758,0.032980,3.097188,1.860420,32.755855
2.001855,-0.012430,2.283412,0.098890,0.331060,-0.001496,0.002304,0.069055,3.070303,1.869409,32.785704
2.007791,-0.010740,2.064860,0.089014,0.332629,-0.002033,0.004601,0.141478,3.041190,1.878682,32.814644
2.013901,-0.006444,1.940584,0.077716,0.333964,-0.001655,0.001474,0.078376,3.012990,1.886289,32.844526
2.021170,-0.008610,1.727921,0.068534,0.334303,-0.001183,0.002323,0.071252,2.985003,1.893751,32.875054
2.029160,-0.007724,1.528817,0.060061,0.333974,-0.001267,0.000935,0.048757,2.958995,1.899840,32.904541
2.037269,-0.007960,1.332605,0.053912,0.332519,-0.000662,0.000343,0.017442,2.930774,1.907304,32.932448
2.045913,-0.007389,1.146694,0.046987,0.330650,-0.000757,0.001752,0.054034,2.903427,1.914784,32.960358
2.054370,-0.004914,1.029805,0.040140,0.327954,-0.000519,0.001538,0.066834,2.874861,1.920834,32.988755
2.062908,-0.004355,0.929737,0.030265,0.325380,-0.000607,0.001128,0.049025,2.846762,1.926878,33.017005
2.071193,-0.005783,0.779459,0.019890,0.322281,-0.000515,0.001178,0.051658,2.818364,1.932658,33.046358
2.079271,-0.006897,0.614860,0.008787,0.318905,-0.000558,0.001281,0.056296,2.791673,1.936843,33.075605
2.086930,-0.007809,0.438787,-0.002756,0.315287,-0.000288,0.001314,0.058136,2.762045,1.942946,33.103293
2.094394,-0.008642,0.250335,-0.015899,0.311677,-0.000262,0.001549,0.068424,2.733053,1.948770,33.131632
2.101338,-0.009450,0.050504,-0.030498,0.308024,0.000044,0.003761,0.120991,2.704115,1.954465,33.161128
2.107907,-0.008426,-0.124430,-0.046323,0.304576,-0.000016,0.001777,0.099279,2.675423,1.960055,33.190565
2.113548,-0.011487,-0.365006,-0.063245,0.301419,-0.000212,0.000998,0.054332,2.646700,1.965688,33.219762
2.118057,-0.014082,-0.677661,-0.079988,0.298539,-0.000242,0.000945,0.052211,2.618302,1.971711,33.248998
2.121562,-0.014525,-0.981433,-0.097161,0.296304,-0.000244,0.000838,0.047907,2.589648,1.977923,33.278490
2.123959,-0.014188,-1.278319,-0.113265,0.294298,-0.000259,0.000800,0.044266,2.560954,1.984240,33.307440
2.125179,-0.013060,-1.557785,-0.128897,0.292907,-0.000413,0.000697,0.039839,2.532382,1.991400,33.336587
2.125041,-0.011512,-1.820533,-0.145499,0.292095,-0.000366,0.000664,0.038502,2.504339,1.999542,33.366421
2.123607,-0.009814,-2.071070,-0.160746,0.291665,-0.000456,0.000632,0.035864,2.477869,2.008041,33.396839
2.120798,-0.007621,-2.303529,-0.174493,0.291945,-0.000460,0.000493,0.028921,2.449687,2.018025,33.427148
2.116819,-0.005022,-2.516714,-0.188389,0.292721,-0.000375,0.000449,0.026284,2.422578,2.029238,33.457984
2.111723,-0.002150,-2.710291,-0.199870,0.293917,-0.000508,0.000326,0.020781,2.396786,2.041710,33.489662
2.105503,0.001059,-2.880963,-0.209714,0.295440,-0.000487,0.000252,0.016850,2.371199,2.055186,33.521092
2.098460,0.004496,-3.026548,-0.218171,0.297377,-0.000608,0.000176,0.013335,2.348119,2.070562,33.552710
2.090607,0.007909,-3.148561,-0.224871,0.299479,-0.000491,0.000108,0.010047,2.323655,2.086461,33.584258
2.082339,0.011169,-3.248506,-0.230219,0.301731,-0.000520,0.000053,0.007368,2.300426,2.104183,33.616227
2.073678,0.014118,-3.328459,-0.234307,0.303789,-0.000513,0.000029,0.005771,2.278050,2.123190,33.649111
2.064780,0.016661,-3.390386,-0.238502,0.304980,-0.000481,0.000011,0.005435,2.258225,2.142865,33.682388
2.055600,0.018593,-3.439195,-0.241397,0.305543,-0.000443,-0.000010,0.003969,2.239485,2.163723,33.716078
2.046259,0.019967,-3.477432,-0.243801,0.305332,-0.000359,-0.000013,0.003290,2.221706,2.186135,33.749944
2.036801,0.020810,-3.507076,-0.246464,0.304589,-0.000281,0.000001,0.003317,2.204426,2.209581,33.784476
2.027203,0.021104,-3.531217,-0.248986,0.303099,-0.000261,-0.000013,0.002891,2.189097,2.233849,33.819037
2.017375,0.020890,-3.552411,-0.250756,0.301413,-0.000179,0.000007,0.002844,2.175589,2.258964,33.854075
2.007479,0.020352,-3.570231,-0.253296,0.299457,-0.000137,0.000036,0.003684,2.163893,2.283459,33.889638
1.997410,0.019467,-3.586917,-0.256248,0.297183,-0.000160,-0.000010,0.002603,2.152660,2.310686,33.924784
1.987025,0.018202,-3.606210,-0.257867,0.295207,-0.000238,-0.000037,0.001568,2.143561,2.337612,33.960369
1.976515,0.016850,-3.625141,-0.258538,0.294162,-0.000199,-0.000020,0.001389,2.135989,2.365351,33.996626
1.966151,0.015532,-3.641120,-0.260174,0.293804,-0.000173,0.000000,0.002189,2.130575,2.393395,34.033691
1.955906,0.014111,-3.655879,-0.262195,0.293862,-0.000177,0.000015,0.002839,2.128305,2.422110,34.070637
1.945769,0.012572,-3.670907,-0.264920,0.294846,-0.000156,0.000031,0.003334,2.125636,2.449991,34.107584
1.935802,0.010919,-3.688061,-0.267907,0.296711,-0.000199,0.000039,0.003823,2.125822,2.478047,34.145050
1.926013,0.009229,-3.707614,-0.270511,0.299171,-0.000212,0.000034,0.003415,2.126866,2.505810,34.182294
1.916526,0.007595,-3.729179,-0.272781,0.302358,-0.000235,0.000031,0.003091,2.127919,2.533611,34.219286
1.907429,0.006090,-3.751431,-0.274690,0.306599,-0.000344,-0.000003,0.002490,2.134226,2.561218,34.255626
1.898774,0.004710,-3.773517,-0.275382,0.311470,-0.000363,-0.000016,0.001694,2.140672,2.588894,34.291888
1.890800,0.003548,-3.793085,-0.275499,0.317105,-0.000535,-0.000058,0.000654,2.148640,2.615435,34.328737
1.883464,0.002541,-3.809466,-0.273357,0.323198,-0.000707,-0.000141,-0.001935,2.161195,2.640959,34.365798
1.877006,0.001753,-3.819938,-0.268191,0.329309,-0.000810,-0.000213,-0.004832,2.172908,2.665446,34.403554
1.871755,0.001328,-3.818660,-0.260568,0.335853,-0.000800,-0.000249,-0.006909,2.188278,2.689782,34.441846
1.868060,0.001293,-3.799813,-0.253527,0.342899,-0.000870,-0.000262,-0.007151,2.202897,2.712525,34.479741
1.865784,0.001301,-3.765445,-0.245616,0.350665,-0.001007,-0.000330,-0.009543,2.217664,2.734440,34.517095
1.864991,0.001237,-3.717898,-0.237090,0.359200,-0.001144,-0.000411,-0.012529,2.235206,2.755808,34.553249
1.865800,0.001114,-3.658152,-0.228107,0.368007,-0.001142,-0.000426,-0.013438,2.254566,2.775768,34.588744
1.868392,0.001045,-3.584527,-0.218049,0.376865,-0.001254,-0.000533,-0.017535,2.275373,2.794861,34.624584
1.872717,0.001015,-3.498455,-0.207290,0.385796,-0.001357,-0.000607,-0.020554,2.296988,2.811945,34.661074
1.878805,0.001140,-3.397789,-0.196059,0.394949,-0.001553,-0.000803,-0.027097,2.319130,2.828388,34.697247
1.886565,0.001267,-3.286215,-0.184761,0.404124,-0.001491,-0.000809,-0.028707,2.342787,2.843661,34.732261
1.896210,0.001625,-3.160091,-0.172800,0.412830,-0.001445,-0.000720,-0.027011,2.367240,2.858286,34.767133
1.907649,0.002288,-3.015499,-0.162283,0.420951,-0.001338,-0.000664,-0.024810,2.393293,2.872518,34.800981
1.920658,0.002678,-2.864933,-0.153364,0.428206,-0.002019,-0.001658,-0.046438,2.418905,2.885289,34.833327
1.934195,0.001625,-2.743829,-0.145438,0.434794,-0.002009,-0.001239,-0.049073,2.446203,2.897948,34.865720
1.948858,0.001706,-2.629977,-0.137757,0.440553,-0.001192,-0.000615,-0.023409,2.473151,2.909467,34.897309
1.965244,0.002718,-2.491885,-0.130578,0.445179,-0.001018,-0.000502,-0.020385,2.501035,2.920190,34.927587
1.982465,0.003227,-2.363552,-0.123296,0.448658,-0.001127,-0.000504,-0.020401,2.530257,2.931122,34.957686
2.000099,0.003621,-2.244188,-0.119019,0.450988,-0.000903,-0.000340,-0.012823,2.558499,2.939766,34.987850
2.018164,0.003634,-2.142638,-0.114274,0.452459,-0.000956,-0.001060,-0.031388,2.589708,2.949322,35.018159
2.036327,0.003000,-2.075139,-0.109050,0.452902,-0.004986,-0.002083,-0.071384,2.614236,2.955495,35.049961
2.050572,0.002444,-2.046277,-0.103878,0.453098,0.002505,-0.000919,-0.044298,2.653279,2.965678,35.080125
2.072445,0.004598,-1.971113,-0.097326,0.451808,-0.000847,-0.001523,-0.046780,2.685292,2.972661,35.113968
2.090768,0.005977,-1.885833,-0.091698,0.450387,-0.001036,-0.002681,-0.084065,2.717551,2.978755,35.151039
2.108722,0.005910,-1.835489,-0.085887,0.448558,-0.000844,-0.001373,-0.065687,2.750611,2.985854,35.185028
2.126724,0.008299,-1.749665,-0.080985,0.446153,-0.000543,-0.001153,-0.036085,2.784174,2.991749,35.219042
2.144653,0.009807,-1.634569,-0.076140,0.443340,-0.000522,-0.000806,-0.038118,2.817878,2.996045,35.253678
2.162211,0.010485,-1.535564,-0.071339,0.440157,-0.000401,-0.001144,-0.036516,2.853197,3.001602,35.288719
2.179496,0.010348,-1.443220,-0.066897,0.436163,-0.000373,-0.000855,-0.039890,2.886460,3.007924,35.324257
2.196340,0.010484,-1.363225,-0.063536,0.431976,-0.000145,-0.000815,-0.026239,2.922858,3.012198,35.359724
2.212865,0.010411,-1.280849,-0.059222,0.427260,-0.000068,-0.001782,-0.057902,2.956179,3.013938,35.396021
2.228867,0.009392,-1.235001,-0.054597,0.422189,-0.000048,-0.000575,-0.036104,2.991967,3.015642,35.431824
2.244333,0.010848,-1.154658,-0.048779,0.416431,-0.000222,-0.000345,-0.019667,3.029759,3.021010,35.467114
2.258995,0.012001,-1.045674,-0.044828,0.410330,-0.000202,-0.000214,-0.012961,3.066985,3.025172,35.505122
2.272921,0.011894,-0.945638,-0.041559,0.403879,0.000177,-0.000798,-0.026504,3.104869,3.028621,35.543790
2.286468,0.010492,-0.878069,-0.037860,0.397866,-0.000043,-0.000289,-0.019863,3.141419,3.031739,35.582146
2.299092,0.010318,-0.806994,-0.035307,0.392791,0.000056,-0.000633,-0.021116,3.178817,3.034009,35.619665
2.311167,0.009421,-0.748945,-0.031987,0.388116,0.000365,-0.001431,-0.048416,3.215802,3.036019,35.657272
2.322985,0.008170,-0.718758,-0.029641,0.383886,0.000783,-0.002006,-0.068223,3.252949,3.038252,35.695509
2.334668,0.007259,-0.705266,-0.027772,0.379950,0.001111,-0.002451,-0.083662,3.290036,3.040278,35.733271
2.346139,0.006806,-0.700058,-0.027141,0.376021,0.001567,-0.002603,-0.089400,3.328660,3.042419,35.771326
2.357498,0.006682,-0.699385,-0.027545,0.371804,0.001897,-0.002483,-0.085417,3.365837,3.043306,35.809804
2.368561,0.006795,-0.699752,-0.029505,0.367154,0.002471,-0.002019,-0.070173,3.403623,3.045370,35.848134
2.379500,0.006987,-0.702133,-0.032891,0.362199,0.000967,-0.000191,-0.014932,3.441487,3.045609,35.886367
2.388159,0.008270,-0.677539,-0.037829,0.356566,-0.000189,0.000235,0.016841,3.479014,3.045799,35.924612
2.394791,0.007681,-0.671732,-0.044661,0.350047,-0.000129,0.000274,0.020736,3.517340,3.046055,35.963148
2.400490,0.005813,-0.722580,-0.053428,0.342826,-0.000133,0.000386,0.027953,3.553017,3.046784,36.001279
2.405048,0.004163,-0.819478,-0.062390,0.335234,-0.000026,0.000359,0.026461,3.592562,3.047275,36.038532
2.408499,0.003383,-0.951384,-0.076090,0.328068,-0.000096,0.000589,0.041827,3.628189,3.047710,36.076446
2.410409,0.002960,-1.119627,-0.092100,0.321586,0.000199,0.000631,0.044322,3.668706,3.048079,36.113919
2.410975,0.002912,-1.333337,-0.109073,0.315074,0.000013,0.000624,0.044343,3.704070,3.048023,36.151668
2.409526,0.003980,-1.575966,-0.125357,0.309381,0.000211,0.000568,0.039055,3.743356,3.046832,36.188724
2.406446,0.006550,-1.827869,-0.140952,0.304389,0.000055,0.000480,0.034007,3.776645,3.044860,36.225268
2.401362,0.010482,-2.071965,-0.149466,0.300789,-0.000229,0.000213,0.016494,3.811166,3.040890,36.261321
2.394766,0.016177,-2.281058,-0.155327,0.299025,-0.000455,0.000125,0.011949,3.845992,3.035388,36.294474
2.387027,0.022810,-2.438284,-0.163323,0.298587,-0.000273,0.000174,0.014508,3.880889,3.028850,36.327668
2.378443,0.028809,-2.562644,-0.168284,0.298831,-0.000595,0.000039,0.008537,3.910547,3.018828,36.361577
2.368872,0.034081,-2.661309,-0.168359,0.300465,-0.000745,-0.000095,0.000322,3.941472,3.005669,36.394805
2.359119,0.039000,-2.726397,-0.166573,0.303166,-0.000949,-0.000174,-0.003104,3.970576,2.993513,36.427494
2.349442,0.043208,-2.757069,-0.164463,0.307190,-0.000860,-0.000146,-0.003084,4.002684,2.978989,36.461015
2.340368,0.046275,-2.760300,-0.165170,0.312063,-0.000789,-0.000057,0.001972,4.034393,2.962388,36.496992
2.331792,0.047670,-2.753047,-0.166873,0.317391,-0.000753,-0.000038,0.003526,4.065045,2.946809,36.535721
2.323739,0.047605,-2.748794,-0.169891,0.323414,-0.000931,0.000271,0.012676,4.093769,2.928502,36.575581
2.316014,0.046900,-2.746905,-0.172587,0.329580,-0.000998,0.000052,0.010256,4.119526,2.910383,36.615950
2.308802,0.045407,-2.757972,-0.173652,0.336080,-0.000863,-0.000063,0.002315,4.145425,2.890759,36.656105
2.302510,0.044119,-2.779103,-0.173999,0.342617,-0.000864,-0.000089,0.000871,4.170225,2.868639,36.696289
2.297027,0.043455,-2.798092,-0.172183,0.349428,-0.000820,-0.000125,-0.002282,4.196431,2.845691,36.737578
2.292572,0.043418,-2.807747,-0.171253,0.355756,-0.000822,-0.000112,-0.001145,4.221033,2.822712,36.780169
2.288927,0.043518,-2.808866,-0.169806,0.361796,-0.000829,-0.000132,-0.002128,4.243855,2.797483,36.823654
2.286087,0.043561,-2.803732,-0.167311,0.367714,-0.000982,-0.000183,-0.004047,4.263335,2.772819,36.867412
2.283985,0.043562,-2.790860,-0.163662,0.373472,-0.001001,-0.000233,-0.006695,4.280295,2.744715,36.909960
2.282833,0.043542,-2.768131,-0.157418,0.379209,-0.000921,-0.000261,-0.010382,4.302040,2.718675,36.951666
2.282951,0.043714,-2.727409,-0.152503,0.384646,-0.000973,-0.000248,-0.008542,4.318988,2.691292,36.993305
2.284034,0.043495,-2.673416,-0.146865,0.389630,-0.000951,-0.000304,-0.012030,4.335911,2.661475,37.033333
2.286188,0.042825,-2.611816,-0.140235,0.393958,-0.000949,-0.000304,-0.012657,4.348291,2.629831,37.073005
2.289407,0.042022,-2.537044,-0.131660,0.397524,-0.001523,-0.001469,-0.045345,4.365824,2.600543,37.112950
2.293182,0.040094,-2.473618,-0.124118,0.400012,-0.001256,-0.000606,-0.033127,4.378716,2.568261,37.149774
2.298176,0.039797,-2.378468,-0.116062,0.401361,-0.000767,-0.000348,-0.017815,4.390847,2.535071,37.184358
2.304416,0.039250,-2.252349,-0.108066,0.402167,-0.000812,-0.000393,-0.020178,4.403814,2.503724,37.219343
2.311305,0.037635,-2.122950,-0.101376,0.402043,-0.000661,-0.000329,-0.016932,4.413289,2.469443,37.254168
2.318850,0.035362,-1.995476,-0.093890,0.401875,-0.000755,-0.000394,-0.021317,4.425473,2.436025,37.288580
2.326847,0.032962,-1.872144,-0.089302,0.401097,-0.000630,-0.000216,-0.011291,4.435569,2.401407,37.323714
2.335203,0.030370,-1.757642,-0.086328,0.400040,-0.000699,-0.000179,-0.008167,4.441958,2.367842,37.359395
2.343589,0.027482,-1.667718,-0.083503,0.398960,-0.000673,-0.000158,-0.007260,4.450241,2.335235,37.394286
2.352049,0.025014,-1.597410,-0.081495,0.397575,-0.000533,-0.000110,-0.004960,4.459841,2.300692,37.428746
2.360593,0.023062,-1.543204,-0.079974,0.395436,-0.000480,-0.000090,-0.003797,4.468377,2.265877,37.463688
2.368997,0.021590,-1.502813,-0.077845,0.392367,-0.000547,-0.000118,-0.005412,4.470748,2.231678,37.499118
2.377056,0.020725,-1.468273,-0.072626,0.388993,-0.000514,-0.000221,-0.013752,4.477718,2.195907,37.534219
2.384990,0.020866,-1.419471,-0.068455,0.385211,-0.000517,-0.000229,-0.012999,4.477056,2.158918,37.570266
2.392625,0.021029,-1.358702,-0.062091,0.381110,-0.000525,-0.000294,-0.018650,4.484605,2.124691,37.607509
2.400027,0.021374,-1.279548,-0.057387,0.376823,-0.000534,-0.000218,-0.013609,4.486535,2.089114,37.643756
2.407088,0.021165,-1.190839,-0.052653,0.372305,-0.000336,-0.001116,-0.037663,4.488312,2.052641,37.679624
2.414000,0.019524,-1.125884,-0.047797,0.367460,-0.000298,-0.000392,-0.028148,4.494496,2.016623,37.716248
2.420581,0.019405,-1.042384,-0.044042,0.362314,-0.000345,-0.000167,-0.011201,4.500768,1.979861,37.752778
2.426642,0.018811,-0.946812,-0.041239,0.356864,-0.000323,-0.000122,-0.008275,4.518722,1.945360,37.789083
2.432196,0.017334,-0.866729,-0.044353,0.351907,-0.000223,0.000107,0.009476,4.525759,1.907985,37.825159
2.437188,0.014579,-0.831092,-0.045536,0.346702,-0.000375,0.000030,0.003732,4.529459,1.872674,37.861626
2.441424,0.012344,-0.831025,-0.045447,0.341021,-0.000330,-0.000018,-0.000116,4.532783,1.836488,37.898401
2.445098,0.011402,-0.838376,-0.044157,0.335467,-0.000420,-0.000070,-0.003828,4.536436,1.801992,37.934674
2.448111,0.011455,-0.837741,-0.042744,0.329517,-0.000331,-0.000067,-0.004150,4.543410,1.765054,37.970077
2.450599,0.011849,-0.826252,-0.045086,0.324836,-0.000432,0.000075,0.007386,4.547907,1.731418,38.005741
2.452377,0.011412,-0.826918,-0.045617,0.319691,-0.000449,0.000011,0.001981,4.552055,1.696601,38.040994
2.453570,0.011072,-0.837994,-0.048235,0.315346,-0.000412,0.000091,0.008508,4.549097,1.661009,38.075530
2.454241,0.010645,-0.859997,-0.047170,0.309792,-0.000356,-0.000090,-0.004252,4.553527,1.625667,38.110876
2.454434,0.010999,-0.877637,-0.049317,0.305057,-0.000180,0.000144,0.009442,4.552591,1.586766,38.146465
2.454224,0.011266,-0.891113,-0.050537,0.299786,-0.000296,0.000067,0.005280,4.552294,1.549937,38.183560
2.453305,0.011303,-0.912514,-0.053512,0.294559,-0.000341,0.000127,0.010372,4.554073,1.514487,38.221261
2.451697,0.011127,-0.943735,-0.057483,0.289391,-0.000368,0.000172,0.013710,4.556618,1.479386,38.257588
2.449388,0.010817,-0.990515,-0.064191,0.284740,-0.000404,0.000302,0.022705,4.560458,1.445459,38.292523
2.446294,0.010243,-1.061965,-0.073981,0.280973,-0.000403,0.000455,0.032786,4.563158,1.412495,38.326790
2.442364,0.009441,-1.169616,-0.084867,0.277757,-0.000397,0.000490,0.035017,4.561903,1.379583,38.359883
2.437558,0.009007,-1.312473,-0.094994,0.274435,-0.000399,0.000425,0.030886,4.564154,1.346842,38.391890
2.431845,0.009618,-1.474192,-0.106177,0.271741,-0.000277,0.000494,0.033844,4.564287,1.312829,38.424570
2.425271,0.011128,-1.642605,-0.116481,0.269123,-0.000276,0.000523,0.033029,4.563544,1.279173,38.457516
2.417703,0.013455,-1.808834,-0.126970,0.266791,-0.000262,0.000511,0.032056,4.563216,1.245901,38.489926
2.409102,0.016184,-1.970749,-0.137189,0.264798,-0.000287,0.000493,0.030377,4.559918,1.213190,38.522636
2.399427,0.019199,-2.125806,-0.146674,0.262915,-0.000456,0.000293,0.023046,4.558019,1.182433,38.554780
2.388559,0.022281,-2.275439,-0.156076,0.261700,-0.000400,0.000283,0.021026,4.554118,1.150165,38.584762
2.376800,0.025588,-2.413431,-0.164992,0.260710,-0.000430,0.000304,0.021077,4.547350,1.119860,38.614731
2.364095,0.028968,-2.537188,-0.172844,0.259909,-0.000402,0.000228,0.017470,4.538748,1.089740,38.644659
2.350581,0.032191,-2.649006,-0.178949,0.258966,-0.000206,0.000571,0.022650,4.531048,1.060197,38.673452
2.336611,0.035715,-2.736087,-0.184440,0.258236,-0.000214,0.000284,0.021079,4.521851,1.031115,38.702223
2.322053,0.038286,-2.809147,-0.190588,0.257580,-0.000439,0.000087,0.010578,4.514844,1.002286,38.731742
2.306685,0.039976,-2.884844,-0.196107,0.257462,-0.000433,0.000091,0.009875,4.505960,0.973886,38.761561
2.290924,0.041455,-2.951582,-0.201266,0.257931,-0.000537,0.000051,0.008851,4.489039,0.949658,38.791053
2.274773,0.042561,-3.010901,-0.204548,0.258003,-0.000510,-0.000000,0.005731,4.474927,0.924356,38.820894
2.258518,0.043383,-3.061772,-0.207342,0.258020,-0.000546,-0.000036,0.004128,4.464550,0.899036,38.851530
2.242175,0.043849,-3.103921,-0.208201,0.258904,-0.000668,-0.000096,0.001559,4.452551,0.875637,38.882303
2.225945,0.043992,-3.135815,-0.207708,0.260242,-0.000681,-0.000131,-0.000235,4.430282,0.854646,38.912067
2.210150,0.043799,-3.156032,-0.207518,0.260195,0.002313,0.000039,0.001629,4.416565,0.840655,38.943048
2.197652,0.043274,-3.165285,-0.205877,0.260504,-0.000734,-0.000201,-0.003060,4.396194,0.821447,38.972286
2.182534,0.042204,-3.169901,-0.202962,0.259860,-0.003442,-0.000553,-0.003110,4.371761,0.796088,39.001169
2.165268,0.040497,-3.162431,-0.201647,0.258046,-0.000559,-0.000143,-0.001434,4.353237,0.777843,39.037008
2.151262,0.038531,-3.149314,-0.200492,0.256106,-0.000520,-0.000131,-0.001066,4.332835,0.761278,39.073664
2.137601,0.036094,-3.134994,-0.200456,0.253475,-0.000496,-0.000103,0.000468,4.308989,0.748196,39.107597
2.124159,0.033287,-3.123282,-0.201360,0.249967,-0.000185,0.000005,0.003546,4.288997,0.733978,39.142137
2.110989,0.030313,-3.115918,-0.202293,0.246731,0.000258,0.000135,0.006896,4.266208,0.722067,39.175814
2.098287,0.027419,-3.112120,-0.204206,0.243061,-0.000025,0.000023,0.005188,4.242502,0.710950,39.208940
2.085183,0.024362,-3.119435,-0.206066,0.239517,-0.000091,0.000131,0.007071,4.220067,0.700121,39.243529
2.071929,0.021679,-3.131293,-0.209308,0.236132,0.000604,0.000512,0.017649,4.193683,0.691646,39.278399
2.059119,0.019433,-3.141711,-0.213821,0.232543,0.001393,0.001056,0.033629,4.168819,0.684692,39.313771
2.046681,0.017478,-3.149024,-0.218817,0.229600,0.002126,0.001632,0.050502,4.144254,0.679470,39.350088
2.034564,0.015646,-3.153898,-0.225029,0.227079,0.002911,0.002290,0.069322,4.119908,0.675455,39.386467
2.022731,0.013835,-3.158074,-0.231597,0.225359,0.001095,0.000710,0.034938,4.094719,0.672574,39.422692
2.008622,0.009799,-3.215182,-0.238686,0.224431,-0.000750,0.000057,0.009268,4.078042,0.676749,39.458613
1.992430,0.006280,-3.306964,-0.243922,0.225241,-0.000195,0.000063,0.005946,4.047749,0.675013,39.491462
1.976890,0.004433,-3.394346,-0.248765,0.225311,-0.000264,0.000061,0.005811,4.020063,0.674133,39.525564
1.961239,0.003530,-3.470120,-0.253795,0.225309,-0.000193,0.000070,0.006428,3.992706,0.677166,39.564073
1.945530,0.002923,-3.534750,-0.259789,0.224770,-0.000220,0.000065,0.006340,3.966754,0.681170,39.603329
1.929495,0.002155,-3.593316,-0.264102,0.224343,-0.000173,0.000067,0.005917,3.941340,0.686205,39.642416
1.913393,0.001279,-3.643858,-0.268099,0.224169,-0.000216,0.000049,0.005387,3.917651,0.693820,39.680300
1.897224,0.000161,-3.687907,-0.271577,0.224040,-0.000277,0.000022,0.004202,3.894229,0.700462,39.717447
1.881034,-0.001228,-3.727116,-0.273415,0.224519,-0.000347,0.000080,0.005586,3.874887,0.710521,39.753293
1.865060,-0.002679,-3.757111,-0.272983,0.225755,-0.000387,0.000072,0.004753,3.852740,0.718993,39.787889
1.849625,-0.004225,-3.777494,-0.272213,0.227440,-0.000688,-0.000011,0.002908,3.831489,0.729735,39.821549
1.834564,-0.006016,-3.791033,-0.270385,0.229876,-0.000695,-0.000097,0.000087,3.810824,0.741050,39.854644
1.820350,-0.007955,-3.798198,-0.267704,0.233198,-0.000683,-0.000122,-0.001027,3.792719,0.752515,39.887847
1.807190,-0.009865,-3.796768,-0.265285,0.237390,-0.000718,-0.000143,-0.001697,3.773663,0.767028,39.919722
1.795076,-0.011817,-3.788982,-0.261798,0.241874,-0.000818,-0.000196,-0.003483,3.756048,0.781916,39.951147
1.784065,-0.013703,-3.774443,-0.256651,0.246931,-0.000906,-0.000246,-0.005430,3.738059,0.797067,39.983076
1.774370,-0.015332,-3.749338,-0.251202,0.252593,-0.001040,-0.000266,-0.005483,3.724199,0.814172,40.014487
1.765993,-0.016749,-3.712545,-0.244403,0.259052,-0.001077,-0.000343,-0.009014,3.707671,0.831408,40.045079
1.759183,-0.017941,-3.664846,-0.237114,0.266091,-0.001207,-0.000369,-0.009603,3.693759,0.849041,40.075169
1.753902,-0.018848,-3.603385,-0.229072,0.273966,-0.001412,-0.000473,-0.012976,3.681830,0.867176,40.104728
1.750168,-0.019571,-3.530808,-0.219687,0.281835,-0.001406,-0.000530,-0.016167,3.669292,0.886833,40.133602
1.748256,-0.019883,-3.442979,-0.209585,0.289533,-0.002580,-0.001867,-0.048134,3.658979,0.906445,40.161971
1.746936,-0.021123,-3.368751,-0.198431,0.297086,-0.002134,-0.001028,-0.037510,3.647428,0.926738,40.189100
1.747961,-0.020048,-3.254068,-0.187418,0.304116,-0.001592,-0.000711,-0.023862,3.637996,0.947107,40.213993
1.751065,-0.018735,-3.106909,-0.176260,0.310993,-0.001648,-0.000742,-0.024910,3.628995,0.967778,40.237265
1.755516,-0.017880,-2.953375,-0.165518,0.317412,-0.001658,-0.000642,-0.022087,3.620714,0.987844,40.260333
1.761262,-0.017094,-2.794782,-0.155610,0.323238,-0.001448,-0.000587,-0.021050,3.612267,1.010554,40.282833
1.768330,-0.016458,-2.640657,-0.145731,0.328241,-0.001058,-0.000552,-0.022227,3.601540,1.034328,40.305718
1.776789,-0.015695,-2.491762,-0.134706,0.332350,-0.001451,-0.000687,-0.026303,3.597917,1.058011,40.330705
1.785754,-0.014569,-2.341102,-0.122471,0.335875,-0.001249,-0.000698,-0.029339,3.588520,1.080342,40.356409
1.795814,-0.012813,-2.177652,-0.111339,0.338688,-0.001189,-0.000639,-0.027150,3.581080,1.103335,40.381346
1.806543,-0.011060,-2.008516,-0.100386,0.340245,-0.001069,-0.000630,-0.027668,3.576785,1.127288,40.405496
1.817827,-0.009409,-1.839428,-0.087791,0.341021,-0.000947,-0.000699,-0.031990,3.569605,1.151208,40.430258
1.829624,-0.007403,-1.661040,-0.075499,0.340589,-0.001155,-0.003177,-0.094548,3.562733,1.175037,40.455557
1.841378,-0.007813,-1.536667,-0.062279,0.339451,-0.001592,-0.006487,-0.194471,3.559400,1.199652,40.480498
1.852869,-0.009017,-1.472317,-0.047016,0.337696,-0.001873,-0.010521,-0.318238,3.558767,1.225963,40.505761
1.864160,-0.009938,-1.445212,-0.028904,0.336446,-0.001936,-0.015163,-0.459587,3.550488,1.249767,40.532406
1.875371,-0.010134,-1.429047,-0.011562,0.335104,-0.002052,-0.019731,-0.599909,3.551498,1.275783,40.559225
1.886175,-0.010095,-1.422501,0.007884,0.334305,-0.001658,-0.024643,-0.749825,3.542853,1.299377,40.585098
1.896841,-0.009752,-1.416294,0.025362,0.333618,-0.001077,-0.029060,-0.886144,3.539191,1.325816,40.610290
1.907359,-0.009478,-1.416665,0.044985,0.333041,-0.000778,-0.007843,-0.389482,3.535470,1.351655,40.635267
1.917131,0.016760,-0.780094,0.059790,0.332255,-0.000034,-0.003624,-0.109273,3.526988,1.376416,40.661897
1.927190,0.026839,-0.000550,0.068382,0.331001,0.000562,-0.005919,-0.182213,3.516657,1.401325,40.688550
1.937967,0.021253,0.417618,0.075434,0.329217,0.001128,-0.007712,-0.238135,3.510221,1.427383,40.714714
1.948869,0.014372,0.618327,0.084151,0.326373,0.001882,-0.009807,-0.303080,3.499156,1.452670,40.742233
1.959593,0.009476,0.707630,0.096025,0.323169,0.002828,-0.012052,-0.374322,3.491189,1.477425,40.770620
1.970017,0.006995,0.758362,0.106861,0.319527,0.001084,-0.003165,-0.162715,3.477857,1.502113,40.798980
1.977401,0.016572,1.064993,0.118620,0.315447,0.000484,-0.001111,-0.045990,3.466077,1.530013,40.828722
1.983367,0.020972,1.449688,0.127106,0.311425,0.000036,-0.000388,-0.020326,3.449265,1.554295,40.860727
1.988252,0.020259,1.753684,0.131350,0.308012,-0.000226,-0.000179,-0.010393,3.435683,1.579928,40.894396
1.992348,0.016921,1.959876,0.135983,0.305495,-0.000275,-0.000187,-0.011484,3.418977,1.604657,40.929189
1.995717,0.013474,2.099095,0.140528,0.303215,-0.000329,-0.000177,-0.010919,3.402052,1.628753,40.964977
1.998302,0.010784,2.201888,0.145071,0.301568,-0.000532,-0.000155,-0.010957,3.385311,1.650909,41.001499
2.000030,0.008871,2.285100,0.149602,0.300890,-0.000597,-0.000134,-0.010574,3.368896,1.672545,41.037579
2.001167,0.007543,2.358578,0.153691,0.300976,-0.000664,-0.000111,-0.009485,3.350185,1.692738,41.072715
2.001848,0.006514,2.425290,0.156889,0.301922,-0.001055,-0.000043,-0.007748,3.335387,1.710716,41.107640
2.001929,0.005579,2.483956,0.160028,0.304228,-0.000649,-0.000073,-0.007347,3.316082,1.731302,41.141202
2.002355,0.004702,2.536066,0.161597,0.306747,-0.000983,-0.000192,-0.009118,3.296366,1.748372,41.174456
2.002536,0.003543,2.573586,0.161413,0.309565,-0.001253,-0.000155,-0.008374,3.273692,1.765037,41.209025
2.002699,0.002330,2.594387,0.160356,0.312225,-0.001079,0.000077,-0.001336,3.251371,1.782016,41.244369
2.003336,0.001406,2.606235,0.158124,0.314816,-0.001000,0.000190,0.004267,3.227574,1.797200,41.280433
2.004453,0.000412,2.605212,0.154952,0.317167,-0.000997,0.000232,0.006492,3.204811,1.811586,41.316452
2.006005,-0.000664,2.587331,0.150249,0.319390,-0.001095,0.000303,0.009851,3.181612,1.826019,41.351624
2.007992,-0.001776,2.550777,0.145460,0.321076,-0.001139,0.000315,0.010276,3.158948,1.838320,41.385709
2.010398,-0.002681,2.498747,0.139786,0.322549,-0.001027,0.000366,0.013492,3.133559,1.850117,41.418548
2.013421,-0.003384,2.434494,0.132858,0.323790,-0.001015,0.000437,0.017438,3.107129,1.861244,41.450823
2.017021,-0.004066,2.355405,0.124828,0.324526,-0.000992,0.000510,0.021480,3.080728,1.871063,41.482602
2.021214,-0.004773,2.259310,0.115179,0.325174,-0.000973,0.000593,0.026384,3.053537,1.879654,41.512505
2.026054,-0.005620,2.141846,0.103894,0.325641,-0.001054,0.000693,0.032076,3.026358,1.887292,41.541340
2.031474,-0.006615,1.999034,0.092017,0.325861,-0.000845,0.000783,0.036414,3.000039,1.894740,41.569829
2.037669,-0.007513,1.834299,0.077963,0.326249,-0.001056,0.000940,0.046014,2.972487,1.900547,41.598394
2.044328,-0.008583,1.642881,0.064006,0.326254,-0.001122,0.001008,0.047773,2.944864,1.905756,41.627187
2.051365,-0.009505,1.428845,0.052212,0.325531,-0.000899,0.000828,0.041230,2.916481,1.911600,41.655630
2.058873,-0.009809,1.209445,0.041316,0.324213,-0.000755,0.000727,0.036687,2.885744,1.913349,41.684372
2.066583,-0.009585,0.998431,0.029288,0.322815,-0.000753,0.000818,0.042212,2.861008,1.923623,41.714654
2.074338,-0.009454,0.792783,0.019650,0.320767,-0.000566,0.000664,0.034205,2.832323,1.928487,41.743489
2.082115,-0.009121,0.596762,0.008141,0.318078,-0.002085,0.000854,0.081752,2.808341,1.927476,41.771172
2.088109,-0.009013,0.445724,-0.003280,0.315791,0.000991,0.001304,0.019104,2.775872,1.938283,41.797552
2.096880,-0.009355,0.208536,-0.016145,0.312911,-0.000418,0.000847,0.045002,2.747217,1.943411,41.825907
2.103761,-0.009889,0.002071,-0.029761,0.309699,-0.001591,0.001047,0.094726,2.723008,1.941774,41.856433
2.108870,-0.010416,-0.170936,-0.043059,0.307243,-0.000177,0.001670,0.071447,2.693664,1.947322,41.883754
2.114768,-0.010853,-0.395227,-0.058517,0.305110,-0.000106,0.001911,0.081320,2.664668,1.952955,41.911355
2.119960,-0.011328,-0.628976,-0.074396,0.302995,-0.000045,0.001890,0.080527,2.635687,1.958626,41.939967
2.124299,-0.011884,-0.879253,-0.090887,0.301244,0.000691,0.001861,0.026709,2.598783,1.966380,41.969264
2.128350,-0.012176,-1.192940,-0.109076,0.299705,-0.000337,0.002665,0.148063,2.579030,1.971762,42.002275
2.130159,-0.010660,-1.374818,-0.125471,0.299210,0.000946,0.003920,0.160887,2.549995,1.978293,42.031262
2.132010,-0.009289,-1.567144,-0.142421,0.298841,0.000096,0.001659,0.068199,2.521416,1.986091,42.056475
2.131638,-0.011074,-1.868991,-0.157690,0.298713,0.000014,0.001358,0.057150,2.493262,1.994574,42.085552
2.130121,-0.009975,-2.148033,-0.171379,0.299080,-0.000658,0.001721,0.000161,2.457587,2.007020,42.115466
2.126861,-0.006688,-2.441592,-0.185130,0.299429,0.000533,0.000555,0.086458,2.441798,2.015136,42.149480
2.123558,-0.003250,-2.594718,-0.195510,0.300746,0.000644,0.001871,0.075089,2.413684,2.027230,42.180005
2.119439,0.001081,-2.738989,-0.205137,0.301874,-0.000335,0.000567,0.025713,2.387416,2.040570,42.206644
2.113388,0.003417,-2.908545,-0.213890,0.303110,-0.000117,0.000809,0.028416,2.361422,2.055094,42.237842
2.106819,0.006965,-3.044382,-0.221219,0.304662,-0.000993,0.002449,0.041211,2.334354,2.079398,42.270292
2.098740,0.012223,-3.138799,-0.229237,0.304743,0.001934,0.000443,0.054074,2.313687,2.088399,42.306768
2.092579,0.013998,-3.201926,-0.234781,0.306261,-0.002238,0.000481,-0.008158,2.288391,2.115527,42.340528
2.081889,0.015551,-3.318283,-0.238939,0.306207,-0.000407,0.000026,0.005018,2.267171,2.135857,42.373718
2.072672,0.017516,-3.394464,-0.243135,0.305962,-0.000348,0.000031,0.004824,2.247218,2.157097,42.411347
2.063100,0.019446,-3.454290,-0.246240,0.305348,-0.000095,0.000192,0.008129,2.228951,2.179456,42.447060
2.053404,0.021243,-3.496258,-0.249199,0.304064,-0.000135,0.000071,0.006169,2.212005,2.202442,42.482035
2.043301,0.022271,-3.529888,-0.251499,0.302474,-0.000267,-0.000013,0.002465,2.195885,2.226165,42.517231
2.032780,0.022677,-3.559171,-0.252972,0.300751,0.001840,-0.000005,0.005764,2.183675,2.243494,42.552630
2.024211,0.022698,-3.577614,-0.253682,0.299832,-0.002245,-0.000099,-0.001100,2.167244,2.277614,42.584827
2.011529,0.022319,-3.597740,-0.256010,0.296984,-0.000071,0.000015,0.002695,2.155263,2.304236,42.620083
2.000767,0.021470,-3.611563,-0.258607,0.294526,-0.000167,-0.000014,0.002317,2.145454,2.330899,42.659993
1.989675,0.020153,-3.626733,-0.260170,0.292988,-0.000174,0.000002,0.002686,2.139879,2.355822,42.697667
1.978573,0.018656,-3.640947,-0.262487,0.292560,-0.000262,-0.000032,0.001695,2.133853,2.385181,42.733516
1.967433,0.016915,-3.657697,-0.263405,0.292358,-0.000195,-0.000016,0.001464,2.129166,2.413077,42.769602
1.956575,0.015217,-3.673302,-0.264943,0.293632,-0.000234,-0.000006,0.001972,2.126303,2.442117,42.806824
1.945996,0.013498,-3.688506,-0.266751,0.295581,-0.000232,-0.000003,0.002085,2.126659,2.472344,42.844568
1.935776,0.011752,-3.704467,-0.268345,0.297699,-0.000140,0.000042,0.003213,2.126785,2.499202,42.883376
1.926036,0.010091,-3.719699,-0.271244,0.301131,-0.000318,0.000017,0.003156,2.130874,2.526814,42.921196
1.916512,0.008347,-3.738139,-0.272269,0.305056,-0.000306,0.000009,0.002034,2.133982,2.555053,42.957839
1.907612,0.006787,-3.756553,-0.273314,0.310108,-0.000404,-0.000009,0.001735,2.140797,2.582450,42.994753
1.899324,0.005386,-3.773903,-0.272860,0.315697,-0.000423,-0.000048,0.000214,2.152168,2.613271,43.031807
1.891901,0.004205,-3.788357,-0.271965,0.320851,-0.000572,-0.000092,-0.000299,2.161114,2.637886,43.071400
1.885178,0.003202,-3.798302,-0.268331,0.326894,0.000246,-0.000055,-0.003275,2.171377,2.654391,43.111232
1.880448,0.002588,-3.800766,-0.262704,0.335000,-0.001963,-0.000399,-0.004892,2.183794,2.681873,43.145299
1.875029,0.002053,-3.790467,-0.254238,0.342515,-0.000949,-0.000296,-0.008822,2.198582,2.705640,43.178752
1.872368,0.002020,-3.763341,-0.245647,0.350740,-0.001029,-0.000338,-0.010110,2.216273,2.728050,43.215817
1.871371,0.002131,-3.718256,-0.236302,0.359048,-0.001133,-0.000410,-0.012988,2.232816,2.749994,43.253830
1.872055,0.002238,-3.657133,-0.227093,0.367951,-0.001204,-0.000440,-0.014008,2.251644,2.770084,43.291335
1.874464,0.002269,-3.581285,-0.217429,0.377115,-0.001275,-0.000493,-0.016146,2.271953,2.789229,43.327763
1.878639,0.002221,-3.492922,-0.207584,0.386313,-0.001292,-0.000533,-0.018008,2.293919,2.807340,43.363874
1.884608,0.002152,-3.393529,-0.197382,0.395378,-0.001322,-0.000575,-0.019977,2.315952,2.824390,43.400247
1.892333,0.002140,-3.283688,-0.186821,0.404288,-0.003118,-0.000636,-0.048107,2.340540,2.843528,43.436256
1.900006,0.002228,-3.189790,-0.179120,0.412571,-0.001508,-0.000801,-0.025401,2.365701,2.859015,43.471223
1.910666,0.002166,-3.068680,-0.170790,0.420344,0.000614,-0.000903,-0.004225,2.389085,2.870299,43.505995
1.924805,0.001924,-2.928273,-0.160590,0.427622,-0.001321,-0.000630,-0.024489,2.415256,2.883931,43.539074
1.938357,0.002238,-2.807631,-0.151415,0.434014,-0.001236,-0.000587,-0.023130,2.443213,2.894079,43.571015
1.953132,0.002804,-2.681325,-0.141774,0.439435,-0.000765,-0.000596,-0.025943,2.476963,2.915160,43.602756
1.969376,0.003547,-2.551709,-0.136283,0.443422,-0.001417,-0.000433,-0.014605,2.497304,2.917749,43.636344
1.985480,0.003718,-2.431423,-0.127755,0.447161,-0.001015,-0.000553,-0.023646,2.526999,2.928728,43.666427
2.002685,0.004146,-2.318196,-0.120574,0.449335,-0.000953,-0.000471,-0.019951,2.556642,2.938701,43.694128
2.020358,0.004787,-2.204328,-0.115108,0.451122,-0.000874,-0.000307,-0.013445,2.587388,2.948385,43.725492
2.038333,0.005235,-2.098107,-0.111288,0.451495,-0.000618,-0.000216,-0.009256,2.618672,2.957538,43.757924
2.056510,0.005282,-2.010234,-0.107044,0.450959,-0.000609,-0.000230,-0.010462,2.650254,2.966381,43.790821
2.074612,0.005436,-1.935947,-0.102662,0.450283,-0.000590,-0.000226,-0.010667,2.682742,2.974475,43.823607
2.092628,0.005897,-1.867037,-0.098288,0.449262,-0.000530,-0.000223,-0.010882,2.715314,2.982146,43.857557
2.110552,0.006557,-1.800269,-0.093140,0.447658,-0.000570,-0.000271,-0.013645,2.749057,2.988547,43.891528
2.128250,0.007441,-1.730788,-0.088280,0.445104,-0.003713,-0.000398,-0.028303,2.780121,2.999368,43.926062
2.142497,0.008198,-1.672646,-0.084945,0.442087,0.002678,-0.000275,-0.000738,2.817449,2.998987,43.960532
2.162755,0.008859,-1.589002,-0.078562,0.438213,-0.003493,-0.000472,-0.033685,2.848751,3.008818,43.995593
2.176426,0.009585,-1.529416,-0.073902,0.434443,0.002646,-0.000400,-0.005158,2.887421,3.008560,44.030787
2.195845,0.010408,-1.432869,-0.066433,0.430179,-0.000397,-0.000372,-0.021804,2.922746,3.012208,44.066931
2.211799,0.011377,-1.338985,-0.058448,0.425403,-0.003273,-0.000545,-0.047646,2.954680,3.020836,44.105161
2.224449,0.012261,-1.249628,-0.054318,0.420475,-0.000288,-0.000388,-0.018444,2.990103,3.024033,44.140098
2.239526,0.012478,-1.137437,-0.050264,0.415175,0.002716,-0.000542,-0.001437,3.035599,3.027782,44.174336
2.256976,0.011701,-1.026398,-0.045079,0.408701,-0.002978,-0.000172,-0.033051,3.063176,3.028794,44.215430
2.267989,0.011348,-0.957113,-0.040065,0.402382,-0.000137,-0.000477,-0.023650,3.099952,3.031592,44.253810
2.281194,0.011066,-0.869542,-0.036145,0.396529,0.001653,-0.001010,-0.021655,3.142420,3.033890,44.286905
2.295497,0.010006,-0.788102,-0.031109,0.390685,0.000728,-0.000552,-0.027417,3.177747,3.030017,44.326156
2.308203,0.009996,-0.709584,-0.023768,0.385142,-0.000263,-0.000357,-0.023428,3.214255,3.031537,44.366495
2.319297,0.010741,-0.601196,-0.018966,0.379920,-0.000237,-0.000240,-0.015421,3.251015,3.033051,44.403649
2.329790,0.010483,-0.491695,-0.016111,0.375456,-0.000041,-0.000625,-0.020791,3.288915,3.034693,44.441107
2.339900,0.008768,-0.413031,-0.015284,0.370870,0.000544,-0.000783,-0.026862,3.331753,3.040894,44.478616
2.350027,0.006715,-0.371591,-0.019749,0.366880,-0.001464,0.000345,0.002337,3.361903,3.038437,44.518694
2.357512,0.005186,-0.361508,-0.021425,0.363015,0.001457,0.000219,0.011835,3.403518,3.034965,44.556795
2.367382,0.003878,-0.363660,-0.021299,0.356705,0.000061,0.000081,0.005534,3.441785,3.035670,44.593236
2.375064,0.003343,-0.372878,-0.026369,0.350302,-0.000119,0.000252,0.017627,3.479224,3.036379,44.633106
2.381691,0.002280,-0.410266,-0.032877,0.342844,-0.000069,0.000317,0.022281,3.515929,3.036586,44.671922
2.387348,0.001087,-0.483548,-0.039337,0.334499,-0.000742,0.000400,0.044491,3.548413,3.042478,44.709149
2.391234,0.000587,-0.559217,-0.051666,0.327031,0.000246,0.001170,0.060814,3.586213,3.041756,44.744267
2.394853,-0.000261,-0.687766,-0.065579,0.319397,0.000351,0.001285,0.066045,3.623868,3.042847,44.779483
2.397147,-0.001136,-0.867861,-0.081152,0.312214,0.000359,0.001384,0.071367,3.660050,3.041211,44.816361
2.397887,-0.001250,-1.086135,-0.096699,0.305460,0.000444,0.001426,0.070011,3.696416,3.040277,44.852910
2.397075,-0.000123,-1.326668,-0.112381,0.299207,0.001073,0.002499,0.089954,3.737415,3.040067,44.889203
2.395160,0.003256,-1.551764,-0.130063,0.293460,0.000485,0.002628,0.074018,3.775183,3.031452,44.927089
2.390624,0.006412,-1.803861,-0.137185,0.288129,-0.000108,0.000236,0.016779,3.811806,3.026613,44.965717
2.384317,0.009562,-2.050759,-0.145715,0.285243,0.001423,-0.000837,0.055396,3.843393,3.028936,45.002389
2.378464,0.013908,-2.207527,-0.159464,0.284127,-0.002012,0.001727,0.007843,3.878124,3.014575,45.035847
2.367720,0.020022,-2.413951,-0.165171,0.282606,0.001825,-0.000661,0.043459,3.907661,3.015218,45.069444
2.359945,0.024484,-2.526738,-0.175729,0.284205,0.000232,0.000868,0.043899,3.941241,3.006369,45.102326
2.349639,0.029500,-2.635952,-0.185451,0.285944,-0.000169,0.000479,0.024050,3.974609,2.994716,45.134657
2.338068,0.033020,-2.755105,-0.192586,0.288790,-0.000405,0.000539,0.021614,4.005064,2.982436,45.170346
2.325824,0.036761,-2.856592,-0.197521,0.293061,-0.000170,0.001048,0.038098,4.037967,2.968831,45.206556
2.313709,0.040940,-2.918775,-0.202075,0.297753,-0.000302,0.000756,0.036420,4.070137,2.954674,45.243565
2.301441,0.043682,-2.968243,-0.205744,0.302839,-0.000749,0.000173,0.009526,4.098704,2.938179,45.281782
2.288935,0.045018,-3.033815,-0.206653,0.308889,-0.003548,0.000281,-0.000360,4.126351,2.910032,45.320408
2.274231,0.046844,-3.090013,-0.199484,0.312890,-0.001457,-0.000715,-0.019286,4.155307,2.891123,45.362136
2.262795,0.048208,-3.123592,-0.192807,0.318700,-0.001585,-0.000509,-0.018685,4.178848,2.868210,45.405791
2.252524,0.050114,-3.122007,-0.185080,0.325153,0.000042,-0.000932,-0.030582,4.199847,2.855013,45.448329
2.245306,0.051024,-3.100304,-0.179463,0.333363,-0.002223,-0.000831,-0.029316,4.222815,2.831038,45.486047
2.237299,0.051286,-3.058882,-0.172066,0.341494,-0.002908,-0.001332,-0.014587,4.251066,2.799482,45.522940
2.230302,0.050200,-2.981649,-0.163273,0.348327,-0.002090,-0.001270,-0.066130,4.264399,2.778869,45.567795
2.225911,0.048195,-2.938469,-0.153425,0.356209,-0.006134,-0.004411,-0.107711,4.287964,2.744388,45.611645
2.219414,0.043828,-2.904282,-0.142456,0.363074,-0.005253,-0.004167,-0.154162,4.299130,2.722380,45.655259
2.215874,0.041891,-2.873050,-0.132150,0.370741,-0.007445,-0.006152,-0.199357,4.316454,2.694380,45.698127
2.211998,0.039548,-2.839295,-0.121936,0.377888,-0.008828,-0.007805,-0.254725,4.330005,2.663501,45.736293
2.208524,0.037361,-2.810121,-0.110055,0.384262,-0.010067,-0.009746,-0.321904,4.346782,2.632782,45.776601
2.205566,0.035623,-2.780175,-0.100775,0.390078,-0.007158,-0.004181,-0.197477,4.360703,2.595386,45.816506
2.206907,0.041268,-2.572178,-0.094660,0.394802,-0.002693,-0.000071,-0.085494,4.374196,2.572369,45.856209
2.213492,0.044660,-2.274252,-0.095004,0.399364,-0.000928,-0.000054,0.002268,4.389534,2.542530,45.889522
2.222230,0.039561,-1.994635,-0.098717,0.402771,-0.000696,0.000564,0.022518,4.400172,2.510321,45.918083
2.231553,0.030801,-1.829959,-0.100800,0.404849,-0.000757,0.000941,0.034876,4.411507,2.477891,45.950722
2.241159,0.023276,-1.744546,-0.102514,0.405659,0.001281,-0.000350,0.027992,4.421345,2.437591,45.984246
2.252912,0.016645,-1.725669,-0.102493,0.405092,-0.000375,-0.000028,0.000223,4.436231,2.402734,46.021442
2.263010,0.013903,-1.756575,-0.103826,0.404046,-0.002476,0.000019,0.010662,4.440746,2.377881,46.060151
2.270764,0.013388,-1.781429,-0.102495,0.403258,0.001252,0.000121,-0.007181,4.456445,2.341294,46.092014
2.282117,0.014315,-1.808040,-0.102926,0.401662,-0.000568,-0.000018,0.001727,4.465657,2.309153,46.124217
2.291227,0.015503,-1.819329,-0.102576,0.400004,-0.000572,-0.000050,-0.000451,4.473707,2.276457,46.159714
2.299972,0.016690,-1.826071,-0.100737,0.397911,-0.000667,-0.000177,-0.006463,4.474800,2.240055,46.193388
2.308340,0.017987,-1.823608,-0.097485,0.394691,-0.000557,-0.000289,-0.012381,4.479520,2.206915,46.228204
2.316508,0.019435,-1.805234,-0.091114,0.391857,-0.000700,-0.000528,-0.024912,4.488397,2.172704,46.264201
2.324460,0.021142,-1.760964,-0.086844,0.388697,-0.000587,-0.000466,-0.019733,4.494600,2.137454,46.299465
2.332276,0.022266,-1.696930,-0.082774,0.385079,-0.000549,-0.000397,-0.017545,4.498772,2.101868,46.334684
2.339848,0.022637,-1.625811,-0.078006,0.381430,-0.000550,-0.000456,-0.020965,4.502682,2.067663,46.370867
2.347204,0.022510,-1.551617,-0.071338,0.377277,-0.000524,-0.001507,-0.050137,4.508854,2.032977,46.406862
2.354424,0.021517,-1.487206,-0.064842,0.372962,-0.000414,-0.001125,-0.057805,4.515938,1.998210,46.442081
2.361568,0.021746,-1.408867,-0.058394,0.368141,-0.000301,-0.000578,-0.029318,4.531042,1.963659,46.477131
2.368521,0.022412,-1.283816,-0.054702,0.363257,-0.000372,-0.000338,-0.016882,4.531889,1.926335,46.512222
2.374973,0.021335,-1.167985,-0.050714,0.358130,-0.000206,-0.000367,-0.018361,4.549501,1.889690,46.548562
2.381183,0.019468,-1.071983,-0.052639,0.353592,-0.000209,0.000156,0.009024,4.549955,1.852970,46.585961
2.386816,0.016841,-1.007883,-0.050520,0.348655,-0.000431,-0.000106,-0.006133,4.551287,1.818074,46.623256
2.391777,0.014706,-0.973836,-0.047072,0.343069,-0.000458,-0.000166,-0.010420,4.552361,1.784653,46.659666
2.396236,0.013915,-0.934565,-0.042532,0.337412,-0.000347,-0.000208,-0.013849,4.553363,1.747591,46.694335
2.400333,0.013878,-0.879858,-0.039260,0.331579,-0.000394,-0.000163,-0.010598,4.549383,1.711338,46.729640
2.403832,0.013636,-0.818477,-0.036382,0.325871,-0.000150,-0.000688,-0.023177,4.546556,1.676507,46.766416
2.407031,0.012494,-0.772622,-0.033264,0.319582,-0.000129,-0.000255,-0.018324,4.545797,1.641362,46.802279
2.409666,0.012291,-0.717537,-0.029729,0.312658,-0.000329,-0.000169,-0.011466,4.547429,1.606708,46.837426
2.411448,0.012055,-0.649987,-0.028602,0.305907,-0.000298,-0.000058,-0.003621,4.549527,1.571417,46.872451
2.412579,0.010981,-0.594607,-0.030563,0.299841,-0.000245,0.000086,0.006866,4.550751,1.535358,46.907399
2.413097,0.009076,-0.570984,-0.033999,0.293822,-0.000308,0.000154,0.011578,4.551581,1.500553,46.942871
2.412862,0.007024,-0.584929,-0.039282,0.288006,-0.000394,0.000254,0.018266,4.554883,1.468151,46.978390
2.411821,0.005253,-0.633719,-0.047056,0.282853,-0.000349,0.000347,0.025276,4.554820,1.434408,47.011765
2.410075,0.003707,-0.721492,-0.055603,0.277755,-0.000372,0.000388,0.027755,4.554047,1.401401,47.044689
2.407506,0.002824,-0.840908,-0.065257,0.272842,-0.000339,0.000433,0.030759,4.552403,1.368638,47.078104
2.404093,0.002637,-0.984238,-0.074260,0.267798,-0.000255,0.000407,0.028720,4.552767,1.334292,47.110768
2.399856,0.003348,-1.138506,-0.084842,0.263134,-0.000321,0.000449,0.031651,4.551840,1.300945,47.143715
2.394531,0.004456,-1.302581,-0.096744,0.258994,-0.000336,0.000522,0.035229,4.551730,1.267583,47.176692
2.388074,0.005787,-1.477779,-0.111387,0.255895,-0.000253,0.000702,0.044449,4.551207,1.235452,47.208950
2.380426,0.007153,-1.667720,-0.126069,0.253677,-0.000268,0.000675,0.041990,4.547534,1.203879,47.241143
2.371474,0.008843,-1.873148,-0.139045,0.251779,0.000248,0.000492,0.031148,4.540870,1.162982,47.272264
2.361867,0.011352,-2.080685,-0.150074,0.249513,-0.000978,0.000305,0.025001,4.540499,1.142096,47.306177
2.349888,0.014843,-2.270108,-0.159770,0.249100,-0.000506,0.000299,0.021138,4.535355,1.111488,47.336356
2.337486,0.018945,-2.434835,-0.169241,0.248985,-0.000397,0.000487,0.026573,4.528204,1.082582,47.361419
2.324285,0.023240,-2.570363,-0.177200,0.249132,-0.000491,0.000220,0.016531,4.521907,1.053444,47.389924
2.310240,0.026850,-2.693486,-0.183417,0.249587,-0.000043,0.000149,0.009948,4.509688,1.014022,47.419525
2.296088,0.030290,-2.798989,-0.190210,0.249469,-0.001152,0.000014,0.011466,4.509269,0.996761,47.454163
2.280183,0.033166,-2.886120,-0.195944,0.251481,-0.000097,0.000103,0.008199,4.493548,0.959481,47.483436
2.265056,0.035568,-2.961727,-0.201825,0.252393,-0.001113,-0.000022,0.009667,4.481006,0.945575,47.512153
2.248534,0.037261,-3.025442,-0.206882,0.253698,-0.000522,0.000051,0.007184,4.471770,0.918251,47.542713
2.232423,0.038430,-3.082535,-0.210078,0.255612,-0.000143,0.000040,0.003946,4.451289,0.882848,47.568309
2.216762,0.039232,-3.131153,-0.214400,0.256449,-0.001041,-0.000067,0.006575,4.443041,0.872454,47.603170
2.200085,0.039411,-3.171431,-0.214957,0.259066,-0.000719,-0.000068,0.001312,4.425248,0.850664,47.634424
2.184212,0.039341,-3.204090,-0.214613,0.260980,-0.000709,-0.000088,0.000282,4.405078,0.831134,47.659995
2.168841,0.039018,-3.224983,-0.213954,0.262050,-0.000742,-0.000111,-0.000247,4.387469,0.812752,47.690760
2.153890,0.038280,-3.236105,-0.211836,0.262965,-0.000665,-0.000109,-0.001657,4.370091,0.793230,47.722261
2.139631,0.037214,-3.237218,-0.210539,0.263085,-0.000636,-0.000099,-0.000762,4.347993,0.777018,47.753899
2.125868,0.035668,-3.231379,-0.210141,0.261921,-0.000515,-0.000068,0.000230,4.328535,0.759683,47.786651
2.112512,0.033615,-3.223824,-0.210260,0.260321,-0.000511,-0.000046,0.001156,4.308235,0.744229,47.820151
2.099379,0.031179,-3.217678,-0.211641,0.258094,0.002563,0.000565,0.002029,4.281381,0.725168,47.853154
2.089375,0.029027,-3.217410,-0.215629,0.254258,-0.003172,-0.000524,0.005655,4.263370,0.718471,47.889033
2.073198,0.025454,-3.227189,-0.216987,0.251971,-0.000425,-0.000003,0.002556,4.240823,0.707021,47.923775
2.059945,0.022699,-3.244096,-0.219106,0.249424,-0.000407,0.000010,0.003397,4.216957,0.698483,47.955195
2.046670,0.020240,-3.263833,-0.221726,0.246891,-0.000333,0.000045,0.004231,4.192140,0.690481,47.988332
2.033371,0.017996,-3.286524,-0.225527,0.244355,-0.000335,0.000067,0.005588,4.168576,0.683128,48.022921
2.019839,0.015808,-3.313887,-0.229594,0.242282,-0.000342,0.000075,0.005916,4.144596,0.678221,48.058096
2.006123,0.013701,-3.346021,-0.233887,0.240905,-0.000293,0.000103,0.006357,4.120074,0.673209,48.092681
1.992251,0.011718,-3.381907,-0.239475,0.240149,-0.000259,0.000141,0.008033,4.095349,0.670603,48.127235
1.978212,0.009769,-3.422107,-0.245117,0.239902,-0.000254,0.000137,0.007615,4.070101,0.669371,48.162800
1.964013,0.007870,-3.467110,-0.250628,0.240137,0.002969,0.000480,0.015823,4.039668,0.661964,48.198717
1.952948,0.006444,-3.506005,-0.257386,0.239567,-0.003227,-0.000111,0.002058,4.016140,0.672172,48.236186
1.935264,0.004368,-3.564838,-0.262177,0.239554,-0.000233,0.000121,0.006079,3.991047,0.675172,48.274887
1.920612,0.002781,-3.614921,-0.266364,0.239816,-0.000160,0.000120,0.005571,3.964845,0.678880,48.312659
1.906020,0.001344,-3.661379,-0.270051,0.239666,-0.000127,0.000110,0.004918,3.938028,0.685246,48.350277
1.891497,-0.000054,-3.703534,-0.273222,0.239307,0.002870,0.000342,0.010055,3.911124,0.682133,48.389021
1.880022,-0.001244,-3.735420,-0.275717,0.239061,-0.003189,-0.000206,0.000194,3.890335,0.700042,48.425697
1.862495,-0.003011,-3.773700,-0.276694,0.239093,-0.000293,-0.000010,0.001564,3.865652,0.707208,48.461944
1.848266,-0.004635,-3.801483,-0.275701,0.239779,-0.000393,-0.000040,0.000410,3.843215,0.716115,48.499697
1.834496,-0.006186,-3.820141,-0.273779,0.241313,-0.000402,-0.000055,-0.000344,3.820184,0.726584,48.535115
1.821456,-0.007723,-3.828979,-0.271947,0.243390,-0.000498,-0.000075,-0.000423,3.799070,0.737910,48.569375
1.809089,-0.009372,-3.829823,-0.269510,0.246081,-0.000607,-0.000111,-0.001385,3.780499,0.751958,48.603131
1.797487,-0.011123,-3.824104,-0.265363,0.249482,-0.000740,-0.000180,-0.003694,3.762072,0.766301,48.635837
1.786913,-0.012803,-3.810049,-0.259902,0.253599,-0.000816,-0.000236,-0.005791,3.743357,0.781479,48.668022
1.777560,-0.014300,-3.784829,-0.253838,0.258506,-0.000879,-0.000280,-0.007633,3.725843,0.802161,48.700005
1.769557,-0.015623,-3.748074,-0.246002,0.263309,-0.001028,-0.000367,-0.010603,3.709141,0.821952,48.733614
1.762942,-0.016666,-3.696558,-0.238200,0.268531,-0.001141,-0.000404,-0.011560,3.695840,0.842518,48.768335
1.757711,-0.017539,-3.630669,-0.228948,0.274355,-0.001234,-0.000495,-0.015093,3.682944,0.862733,48.802067
1.754045,-0.018167,-3.550046,-0.218353,0.280890,-0.001422,-0.000620,-0.019673,3.669567,0.881738,48.834609
1.751975,-0.018463,-3.452357,-0.207903,0.288302,-0.001463,-0.000674,-0.021877,3.655017,0.901542,48.864732
1.751629,-0.018541,-3.339647,-0.198073,0.295482,-0.001363,-0.000628,-0.021043,3.642591,0.922335,48.892808
1.752973,-0.018503,-3.216097,-0.187358,0.302344,-0.002393,-0.002050,-0.054738,3.632356,0.943483,48.919488
1.754854,-0.019633,-3.114576,-0.176095,0.309126,-0.002574,-0.001341,-0.048937,3.627254,0.961585,48.943900
1.758207,-0.018549,-2.984272,-0.164254,0.315976,-0.001542,-0.000797,-0.028999,3.617307,0.984103,48.966018
1.764054,-0.016696,-2.814106,-0.153238,0.321981,-0.001501,-0.000787,-0.028939,3.606791,1.006882,48.988114
1.771074,-0.015558,-2.644858,-0.143311,0.326983,-0.001318,-0.000708,-0.026747,3.594874,1.029168,49.011896
1.779219,-0.014744,-2.482413,-0.134289,0.330827,-0.001338,-0.000672,-0.025185,3.589323,1.053354,49.036588
1.788079,-0.014096,-2.331398,-0.123588,0.333977,-0.001256,-0.000774,-0.030975,3.582023,1.077396,49.061482
1.797792,-0.013010,-2.182276,-0.112325,0.336352,-0.001237,-0.000814,-0.033280,3.575606,1.099728,49.086726
1.808154,-0.011430,-2.025439,-0.100654,0.337864,-0.001037,-0.000872,-0.036768,3.572272,1.124575,49.111503
1.819215,-0.009600,-1.860610,-0.086329,0.338574,-0.001022,-0.001066,-0.046523,3.564063,1.148457,49.136564
1.830754,-0.007168,-1.676053,-0.073150,0.338357,-0.000900,-0.000939,-0.041959,3.558303,1.172418,49.162072
1.842607,-0.004669,-1.473322,-0.059754,0.337610,-0.000782,-0.000898,-0.041399,3.554253,1.197926,49.187478
1.854651,-0.002359,-1.262247,-0.045608,0.336067,-0.000881,-0.000965,-0.044970,3.555616,1.220915,49.213454
1.866555,-0.000103,-1.044055,-0.029929,0.335067,-0.000356,-0.001105,-0.052783,3.548162,1.249646,49.238346
1.878936,0.002396,-0.813173,-0.013062,0.333412,-0.000805,-0.001322,-0.061106,3.547052,1.271955,49.265150
1.890632,0.005076,-0.565505,0.001400,0.332457,-0.000270,-0.000954,-0.047248,3.538807,1.300214,49.291510
1.902613,0.007524,-0.305826,0.016758,0.330924,-0.000405,-0.001031,-0.050820,3.536417,1.325831,49.317560
1.914025,0.009499,-0.050922,0.032472,0.329720,-0.000234,-0.001102,-0.053593,3.529805,1.352579,49.344862
1.925120,0.011377,0.204717,0.047901,0.328064,-0.000259,-0.001126,-0.054026,3.525586,1.377565,49.371431
1.935549,0.013068,0.460053,0.062858,0.326303,-0.000223,-0.000810,-0.042301,3.518582,1.403477,49.398596
1.945288,0.014772,0.722812,0.077443,0.324000,0.000429,-0.003628,-0.112017,3.510290,1.429800,49.425715
1.954806,0.013003,0.903697,0.091108,0.321209,0.000247,-0.001747,-0.086574,3.502752,1.455213,49.453536
1.963055,0.015214,1.122295,0.103992,0.318374,-0.000196,-0.000656,-0.034140,3.492355,1.480222,49.481556
1.969883,0.017294,1.388891,0.115671,0.315241,-0.000085,-0.000571,-0.030154,3.481467,1.507478,49.510227
1.975885,0.017297,1.623139,0.126614,0.311688,-0.000161,-0.000527,-0.027795,3.469583,1.533289,49.540620
1.980746,0.016505,1.828670,0.136621,0.308312,-0.000137,-0.000461,-0.024491,3.457024,1.559117,49.572545
1.984554,0.015415,2.010489,0.145185,0.305111,0.000435,-0.001699,-0.053329,3.440415,1.583640,49.604933
1.987950,0.012746,2.137624,0.152030,0.302379,0.001145,-0.003026,-0.094316,3.426099,1.607782,49.638000
1.991100,0.009614,2.206055,0.158944,0.300090,0.002082,-0.004310,-0.132901,3.412116,1.632192,49.672158
1.994185,0.007069,2.240874,0.165389,0.298670,0.002762,-0.005429,-0.166806,3.396571,1.655405,49.706312
1.997071,0.005271,2.257398,0.171079,0.297753,0.003333,-0.006241,-0.190267,3.379735,1.678017,49.739832
1.999791,0.004203,2.269306,0.175499,0.297339,0.003765,-0.006925,-0.210857,3.362055,1.699565,49.773911
2.002403,0.003423,2.275598,0.178621,0.297566,0.003843,-0.007371,-0.224843,3.344800,1.720483,49.809046
2.004750,0.002874,2.278895,0.182047,0.298622,0.004264,-0.007941,-0.242198,3.325736,1.739573,49.843391
2.007246,0.002395,2.278337,0.183297,0.300250,0.001260,-0.001876,-0.092993,3.305016,1.757997,49.877266
2.006724,0.008299,2.432019,0.181446,0.302634,-0.001030,0.000364,0.008352,3.282332,1.774656,49.912167
2.004738,0.010666,2.637156,0.175871,0.305438,-0.001135,0.000355,0.012908,3.259429,1.790650,49.947482
2.003722,0.007609,2.748086,0.168744,0.308983,-0.001114,0.000369,0.013420,3.236126,1.806066,49.983515
2.003612,0.003023,2.774133,0.161505,0.312129,-0.001638,0.001396,0.039381,3.211960,1.819440,50.019679
2.003664,0.000005,2.767871,0.152432,0.315403,-0.001618,0.000973,0.040571,3.188649,1.832362,50.054616
2.004661,-0.003529,2.707348,0.141716,0.318614,-0.001194,0.000621,0.025738,3.163084,1.843213,50.088904
2.007050,-0.006679,2.584083,0.130341,0.321567,-0.001220,0.000797,0.032955,3.138030,1.853337,50.123096
2.010365,-0.008218,2.438369,0.118082,0.324356,-0.001176,0.000649,0.029297,3.112610,1.862574,50.156586
2.014749,-0.009230,2.262787,0.106105,0.326691,-0.001089,0.000637,0.029756,3.086438,1.870845,50.188302
2.020132,-0.009442,2.074479,0.094216,0.328552,-0.000980,0.000818,0.037526,3.058370,1.877949,50.217864
2.026433,-0.009054,1.887077,0.081494,0.330235,-0.001052,0.000677,0.033789,3.031081,1.884470,50.246882
2.033437,-0.009139,1.682539,0.069909,0.331261,-0.001142,0.000839,0.039140,3.003877,1.890917,50.276091
2.040884,-0.008737,1.484993,0.060571,0.331351,-0.000909,0.000506,0.025846,2.976165,1.897326,50.305006
2.048851,-0.008310,1.291142,0.052467,0.330691,-0.000840,0.000514,0.025573,2.947960,1.903562,50.333475
2.057000,-0.007374,1.122583,0.045219,0.329228,-0.000680,0.000484,0.024070,2.920029,1.909358,50.361777
2.065281,-0.006502,0.974580,0.036824,0.327474,-0.000678,0.000472,0.025230,2.892543,1.914993,50.390870
2.073500,-0.006274,0.830613,0.027608,0.325345,-0.000641,0.000507,0.027858,2.864330,1.920293,50.419470
2.081616,-0.006536,0.681987,0.018029,0.322781,-0.000561,0.000495,0.028082,2.836399,1.926491,50.448111
2.089568,-0.007059,0.524269,0.007543,0.319868,-0.000586,0.000569,0.032328,2.808572,1.931101,50.476995
2.097164,-0.007690,0.357380,-0.003226,0.316622,-0.000378,0.000793,0.040957,2.778926,1.936946,50.504746
2.104546,-0.008129,0.187205,-0.015566,0.313266,-0.000425,0.000656,0.037902,2.750204,1.942349,50.533514
2.111359,-0.009187,-0.009135,-0.028848,0.309777,-0.000351,0.000958,0.050292,2.721764,1.947504,50.563095
2.117620,-0.009847,-0.212431,-0.043507,0.306536,-0.000360,0.000764,0.044450,2.692932,1.952744,50.591782
2.123129,-0.011022,-0.447140,-0.058903,0.303404,-0.000319,0.000797,0.045893,2.663899,1.958420,50.621262
2.127818,-0.011778,-0.696219,-0.075106,0.300621,-0.000320,0.000802,0.046217,2.635102,1.964059,50.651302
2.131524,-0.012228,-0.957146,-0.091489,0.298200,-0.000366,0.000776,0.045597,2.606416,1.970196,50.680531
2.134114,-0.012242,-1.223526,-0.108636,0.296359,-0.000287,0.000838,0.047293,2.577786,1.976630,50.709189
2.135582,-0.011830,-1.490539,-0.124509,0.294871,-0.000410,0.000685,0.039808,2.548940,1.983970,50.737729
2.135729,-0.010875,-1.753489,-0.140908,0.293925,-0.000581,0.000647,0.038582,2.524840,1.988045,50.767461
2.134405,-0.009413,-2.005776,-0.153629,0.293746,-0.000503,0.000479,0.028051,2.496026,1.998071,50.795807
2.132147,-0.007039,-2.235465,-0.166863,0.293961,-0.000485,0.000467,0.027650,2.467734,2.008226,50.824213
2.128781,-0.004244,-2.439922,-0.179771,0.294224,-0.000451,0.000441,0.026077,2.441213,2.019554,50.855492
2.124278,-0.001332,-2.624587,-0.190632,0.294856,-0.000553,0.000300,0.019784,2.414841,2.032060,50.886280
2.118686,0.001729,-2.789665,-0.200984,0.295638,-0.000495,0.000281,0.018029,2.389443,2.045537,50.917013
2.112196,0.004909,-2.933467,-0.209562,0.296615,0.000004,0.000262,0.013637,2.356620,2.068199,50.949044
2.105408,0.008142,-3.057715,-0.220416,0.296258,-0.000836,0.000207,0.017772,2.341547,2.074232,50.986013
2.096623,0.010904,-3.166066,-0.224475,0.298713,-0.000582,0.000051,0.006399,2.317355,2.091798,51.018493
2.087908,0.013699,-3.257944,-0.228872,0.300798,-0.000512,0.000054,0.006478,2.294382,2.110114,51.046141
2.079009,0.016368,-3.328031,-0.232440,0.302426,-0.000520,0.000033,0.005381,2.273610,2.129574,51.078890
2.069878,0.018590,-3.381827,-0.235814,0.303133,-0.000433,0.000011,0.004279,2.253302,2.150351,51.112483
2.060582,0.020203,-3.424190,-0.238609,0.302956,-0.000376,0.000009,0.003671,2.234635,2.172180,51.146563
2.051097,0.021256,-3.457429,-0.241643,0.302171,-0.000274,0.000034,0.004105,2.216603,2.194622,51.180780
2.041433,0.021744,-3.484511,-0.244726,0.300539,-0.000192,0.000041,0.004073,2.200107,2.218274,51.215225
2.031521,0.021695,-3.508579,-0.248081,0.298548,0.000273,0.000125,0.004064,2.177543,2.251702,51.249905
2.021739,0.021268,-3.531858,-0.255432,0.293546,-0.000316,0.000034,0.007118,2.172547,2.267759,51.289507
2.010365,0.020105,-3.560618,-0.256396,0.291589,-0.000253,-0.000033,0.001290,2.160409,2.293231,51.326339
1.999040,0.018977,-3.589840,-0.257217,0.290280,-0.000314,-0.000059,0.000780,2.150479,2.319928,51.357989
1.987722,0.017933,-3.613671,-0.256898,0.289480,-0.000336,-0.000062,0.000031,2.142344,2.347707,51.393301
1.976603,0.016923,-3.630965,-0.256988,0.289286,0.000071,0.000030,0.000584,2.128419,2.383759,51.429717
1.966132,0.015865,-3.642751,-0.261435,0.288346,-0.000122,0.000252,0.010761,2.132223,2.402034,51.469930
1.955233,0.014494,-3.650398,-0.261410,0.289693,-0.000090,0.000089,0.005249,2.129372,2.429915,51.507109
1.944811,0.012758,-3.661559,-0.262692,0.292219,-0.000332,0.000002,0.002097,2.127022,2.457277,51.540253
1.934612,0.010886,-3.676742,-0.264107,0.295459,-0.000330,0.000014,0.002441,2.128417,2.485345,51.576022
1.924949,0.009124,-3.692113,-0.265622,0.299246,-0.000086,0.000069,0.002539,2.124863,2.520836,51.612362
1.916088,0.007516,-3.708003,-0.270287,0.303069,0.001451,0.000438,0.010429,2.129481,2.540576,51.650995
1.909006,0.006152,-3.723077,-0.273062,0.308600,-0.002256,-0.000269,-0.000384,2.140435,2.568253,51.686989
1.898773,0.004146,-3.752079,-0.271434,0.313395,-0.000574,-0.000087,-0.000839,2.148256,2.594745,51.722028
1.891205,0.002979,-3.772565,-0.268795,0.319091,-0.000707,-0.000138,-0.002196,2.157771,2.620028,51.760316
1.884578,0.002244,-3.783769,-0.264116,0.325124,-0.000826,-0.000209,-0.004736,2.169084,2.644793,51.798209
1.879088,0.001837,-3.783103,-0.257468,0.331457,-0.000131,-0.000233,-0.011776,2.173320,2.666830,51.836347
1.875726,0.001750,-3.771491,-0.252202,0.340388,-0.001247,-0.000338,-0.008512,2.187461,2.689908,51.870231
1.872757,0.001651,-3.744016,-0.246097,0.349612,-0.001378,-0.000426,-0.011248,2.202727,2.712112,51.902250
1.871273,0.001394,-3.707514,-0.238867,0.359075,-0.001538,-0.000557,-0.015322,2.219480,2.733408,51.937491
1.871365,0.001112,-3.661784,-0.230449,0.368683,-0.001022,-0.000669,-0.005934,2.245956,2.756231,51.973403
1.873803,0.000984,-3.590796,-0.219304,0.375808,-0.002358,-0.000747,-0.039122,2.256859,2.772318,52.013585
1.876701,0.001097,-3.531860,-0.209446,0.385743,-0.002353,-0.001426,-0.038479,2.276876,2.790892,52.050896
1.881504,0.000980,-3.449910,-0.199997,0.395471,-0.003099,-0.001711,-0.055429,2.298805,2.808340,52.083294
1.887373,0.000838,-3.370136,-0.189444,0.404778,-0.001819,-0.001048,-0.033927,2.321349,2.824636,52.118149
1.896364,0.002028,-3.246158,-0.178816,0.413605,-0.001854,-0.001114,-0.036579,2.345510,2.840077,52.153075
1.906931,0.002663,-3.113646,-0.168951,0.421817,-0.001776,-0.001084,-0.035588,2.369769,2.854288,52.188170
1.919014,0.002980,-2.976268,-0.159668,0.429515,-0.001700,-0.001032,-0.034490,2.394870,2.868150,52.222243
1.932504,0.003117,-2.838714,-0.151428,0.436490,-0.001554,-0.000968,-0.032712,2.421383,2.881062,52.254760
1.947284,0.003112,-2.706604,-0.143412,0.442489,-0.001486,-0.000959,-0.032846,2.448389,2.894013,52.287039
1.963093,0.003156,-2.581638,-0.136527,0.447755,-0.004545,-0.001225,-0.059750,2.476439,2.909468,52.318096
1.976682,0.002922,-2.494277,-0.131230,0.451591,0.000506,-0.002572,-0.057664,2.503605,2.915440,52.348732
1.995788,0.001715,-2.411135,-0.123920,0.454510,-0.001508,-0.001648,-0.049269,2.532779,2.926754,52.378869
2.013467,0.003092,-2.313086,-0.118651,0.456047,-0.000932,-0.000560,-0.023286,2.562786,2.936305,52.408746
2.031818,0.005041,-2.197398,-0.113920,0.456719,-0.000698,-0.000495,-0.018934,2.593892,2.945919,52.440602
2.050420,0.005803,-2.094944,-0.108656,0.456755,-0.000888,-0.001115,-0.034249,2.626093,2.954190,52.473014
2.068825,0.005670,-2.018085,-0.103395,0.456098,-0.000951,-0.001180,-0.047275,2.657905,2.962118,52.506607
2.087128,0.006108,-1.954821,-0.098013,0.455236,0.002875,-0.001183,-0.024983,2.697248,2.971587,52.540703
2.109217,0.007107,-1.861482,-0.091862,0.452883,-0.000780,-0.001150,-0.049545,2.729667,2.979003,52.577470
2.127327,0.008146,-1.791619,-0.086876,0.450099,-0.004155,-0.001039,-0.047024,2.755211,2.983752,52.615699
2.141704,0.009257,-1.714878,-0.082582,0.447831,-0.000131,-0.001971,-0.065194,2.795258,2.996143,52.647624
2.159863,0.008920,-1.658163,-0.078216,0.444338,-0.000834,-0.003172,-0.101343,2.823462,2.993236,52.681353
2.176887,0.008164,-1.633537,-0.071883,0.440671,-0.000353,-0.004472,-0.147210,2.858424,2.998435,52.715954
2.194084,0.008129,-1.621473,-0.065439,0.436417,-0.000134,-0.005770,-0.192582,2.894883,3.002481,52.749014
2.211034,0.008676,-1.613502,-0.058373,0.431790,0.002931,-0.001522,-0.103088,2.936014,3.013126,52.785494
2.230600,0.015260,-1.465391,-0.055536,0.426468,-0.000259,-0.000194,-0.010307,2.971842,3.017866,52.824816
2.246054,0.017910,-1.259078,-0.052307,0.420636,0.000096,-0.000781,-0.025973,3.011447,3.016688,52.864814
2.261144,0.015732,-1.128915,-0.045992,0.414096,0.000455,-0.002315,-0.077067,3.047370,3.021046,52.903843
2.275951,0.012704,-1.060696,-0.040540,0.406968,0.000982,-0.003602,-0.120998,3.084411,3.023842,52.942600
2.290564,0.010501,-1.028170,-0.035986,0.400246,0.001416,-0.004732,-0.160223,3.117932,3.031082,52.980503
2.304851,0.009247,-1.016770,-0.034764,0.394648,0.002115,-0.004973,-0.169110,3.155196,3.033605,53.016786
2.319086,0.008846,-1.012979,-0.031821,0.389562,0.001318,-0.001043,-0.073852,3.201555,3.036774,53.053180
2.331834,0.013541,-0.893547,-0.026810,0.383601,-0.000628,-0.000287,-0.017148,3.230788,3.032189,53.094681
2.341897,0.015450,-0.720705,-0.022431,0.378993,-0.000191,-0.001088,-0.036745,3.265837,3.039559,53.133056
2.351848,0.013345,-0.603731,-0.024912,0.375393,0.000571,-0.000471,-0.016095,3.307681,3.036867,53.167233
2.362029,0.010332,-0.542621,-0.023111,0.370808,0.000741,-0.000911,-0.030891,3.344389,3.038659,53.205461
2.371813,0.008011,-0.513723,-0.024352,0.365718,0.000305,-0.000108,-0.007550,3.382044,3.040680,53.244715
2.380499,0.007078,-0.489253,-0.026276,0.360333,0.000185,0.000461,0.016151,3.421055,3.040614,53.283082
2.388337,0.006396,-0.470301,-0.029829,0.354245,0.000855,0.001335,0.046349,3.459450,3.041009,53.321869
2.396019,0.005823,-0.461117,-0.036264,0.347764,0.001622,0.002869,0.099227,3.496865,3.041945,53.361062
2.403511,0.005454,-0.458407,-0.045023,0.340548,0.002553,0.004975,0.172349,3.531904,3.043320,53.399522
2.410785,0.005340,-0.457002,-0.056276,0.333182,0.003874,0.007584,0.262541,3.569853,3.042046,53.436437
2.418048,0.005341,-0.456861,-0.070219,0.325601,0.005459,0.010679,0.369194,3.610825,3.040976,53.473508
2.425298,0.005415,-0.457188,-0.089721,0.317971,0.007076,0.014686,0.507069,3.643037,3.047794,53.512294
2.432072,0.005510,-0.457853,-0.110603,0.311343,0.009498,0.018290,0.626033,3.685008,3.042000,53.548976
2.438976,0.005385,-0.470562,-0.130049,0.303789,0.011792,0.021656,0.743290,3.721749,3.042176,53.586359
2.445747,0.005900,-0.466577,-0.150389,0.296548,0.014186,0.024374,0.834301,3.756321,3.042063,53.625609
2.452320,0.006096,-0.463999,-0.169207,0.289736,0.006179,0.005559,0.352263,3.787344,3.042413,53.661647
2.448430,-0.014695,-1.013320,-0.171957,0.284861,-0.000339,0.000024,0.003008,3.821763,3.035485,53.693959
2.438167,-0.019874,-1.791763,-0.169343,0.282972,-0.000284,-0.000104,-0.004791,3.862852,3.021076,53.725558
2.428654,-0.006738,-2.299885,-0.164377,0.281274,-0.000931,-0.000199,-0.008970,3.892440,3.009664,53.762116
2.418350,0.011240,-2.574868,-0.158615,0.282094,-0.000853,-0.000262,-0.010374,3.925379,2.998226,53.798251
2.407852,0.027758,-2.690825,-0.154222,0.284222,-0.001590,-0.000313,-0.008007,3.946173,2.994692,53.832636
2.396426,0.040076,-2.713243,-0.150339,0.289857,0.000839,-0.001752,-0.023018,3.972547,2.976107,53.863494
2.387847,0.046350,-2.701768,-0.145599,0.295305,-0.003515,0.000042,-0.010270,4.013915,2.955943,53.893132
2.375715,0.051747,-2.645988,-0.145449,0.299613,0.000700,-0.000057,-0.011172,4.035094,2.943680,53.933604
2.368242,0.052631,-2.595247,-0.146920,0.306609,-0.002525,-0.000542,0.011443,4.072174,2.920417,53.975034
2.358283,0.050631,-2.540301,-0.150788,0.312622,-0.001619,-0.000097,0.008411,4.088186,2.911021,54.016974
2.349872,0.047270,-2.523147,-0.155289,0.320632,-0.001127,0.000519,0.021076,4.115231,2.891562,54.056524
2.342737,0.044359,-2.522548,-0.160414,0.327782,-0.000454,0.000222,0.016818,4.149552,2.862829,54.091940
2.336844,0.041262,-2.552482,-0.164703,0.333688,-0.000633,0.000041,0.007772,4.177582,2.841131,54.137520
2.331253,0.039165,-2.605358,-0.169117,0.339487,-0.001213,0.000034,0.010187,4.194038,2.828603,54.187321
2.325445,0.038424,-2.661460,-0.173025,0.347058,-0.000514,0.000451,0.015895,4.226306,2.796589,54.227891
2.320872,0.039050,-2.711288,-0.176216,0.352410,-0.000042,-0.000003,0.023959,4.246095,2.781949,54.269300
2.317026,0.039623,-2.749105,-0.179184,0.358725,-0.001603,0.000276,-0.003002,4.268881,2.747684,54.312350
2.312008,0.040669,-2.812377,-0.177345,0.363806,-0.000869,-0.000155,-0.002453,4.289377,2.722699,54.354036
2.308379,0.042459,-2.847513,-0.174464,0.368975,-0.001269,-0.000213,-0.003250,4.302668,2.706147,54.398877
2.305069,0.044563,-2.858527,-0.170965,0.375562,-0.000915,-0.000167,-0.004675,4.321268,2.678403,54.435059
2.303032,0.046433,-2.849589,-0.166189,0.381125,-0.000553,-0.000172,-0.007652,4.342920,2.640277,54.468017
2.302295,0.047827,-2.822790,-0.158994,0.384681,-0.001382,-0.000357,-0.010877,4.353653,2.622951,54.509260
2.301696,0.048690,-2.772997,-0.151434,0.388883,-0.000586,-0.000261,-0.013463,4.371512,2.582741,54.546103
2.303009,0.048998,-2.703349,-0.141750,0.391100,-0.001314,-0.000442,-0.017978,4.381078,2.561204,54.580243
2.304690,0.048664,-2.610341,-0.131357,0.393491,-0.000554,-0.000418,-0.023103,4.400401,2.521181,54.614592
2.308331,0.047785,-2.495591,-0.121626,0.394161,-0.001390,-0.000537,-0.022740,4.403197,2.498018,54.647835
2.312088,0.046015,-2.362356,-0.110424,0.394996,-0.000502,-0.000477,-0.028316,4.420646,2.457654,54.680949
2.317825,0.043895,-2.212385,-0.101326,0.394488,-0.001198,-0.000570,-0.026245,4.424316,2.432343,54.714934
2.323598,0.040916,-2.056012,-0.091491,0.394910,-0.000896,-0.001998,-0.066827,4.436863,2.390853,54.749951
2.330536,0.036346,-1.933299,-0.083212,0.394233,-0.002819,-0.000576,-0.083144,4.439776,2.366582,54.784951
2.336144,0.034557,-1.820313,-0.077141,0.393578,0.000597,-0.001175,0.005972,4.447514,2.332656,54.819082
2.345497,0.031979,-1.619493,-0.072936,0.392376,-0.002052,0.000585,-0.035257,4.457668,2.300858,54.849992
2.352366,0.029192,-1.510953,-0.070382,0.390938,0.001165,-0.000955,0.006209,4.464107,2.257122,54.883563
2.362434,0.024739,-1.390077,-0.067283,0.388073,-0.002356,0.000325,-0.022257,4.464879,2.233302,54.921432
2.368867,0.022316,-1.330904,-0.063755,0.385784,0.001209,-0.000664,-0.004364,4.472043,2.191127,54.956553
2.378787,0.019928,-1.255423,-0.057603,0.382125,-0.000601,-0.000344,-0.020435,4.474339,2.156612,54.990118
2.386716,0.019236,-1.183899,-0.053085,0.378600,-0.000539,-0.000253,-0.015321,4.477389,2.121161,55.028001
2.394446,0.018749,-1.102829,-0.049969,0.374932,-0.000559,-0.000192,-0.010517,4.478683,2.089534,55.064330
2.401802,0.017791,-1.027324,-0.044490,0.370909,-0.000401,-0.000263,-0.017632,4.484724,2.052599,55.099131
2.409026,0.017158,-0.948185,-0.041024,0.366506,-0.000406,-0.000176,-0.011054,4.490757,2.018032,55.134022
2.415822,0.016272,-0.869012,-0.037993,0.361731,-0.001389,0.000102,-0.023601,4.493466,1.984191,55.170048
2.421175,0.015349,-0.812710,-0.033890,0.356580,0.000662,-0.000573,-0.005699,4.510358,1.948510,55.204526
2.428081,0.014175,-0.730394,-0.035518,0.351509,-0.000226,0.000057,0.005406,4.519416,1.912094,55.239606
2.433464,0.012296,-0.688046,-0.036747,0.346323,-0.001287,0.000375,0.004107,4.524786,1.886036,55.275989
2.437165,0.010701,-0.678916,-0.037403,0.341073,0.000679,-0.000113,0.001470,4.530088,1.840548,55.308624
2.442234,0.009227,-0.684813,-0.036079,0.335342,-0.000828,-0.000080,-0.004039,4.527218,1.815083,55.344712
2.445186,0.009129,-0.685630,-0.033714,0.329203,-0.000361,-0.000234,-0.012609,4.530375,1.775938,55.379573
2.447993,0.009554,-0.675232,-0.030946,0.322815,-0.000322,-0.000608,-0.021427,4.535098,1.745997,55.411833
2.450205,0.009846,-0.654245,-0.032474,0.317589,0.000527,-0.000146,-0.003205,4.540891,1.702394,55.447054
2.452652,0.009656,-0.636555,-0.033746,0.312245,0.000042,0.000288,0.010537,4.536739,1.663350,55.484046
2.453992,0.009363,-0.623861,-0.034889,0.306294,-0.000471,0.000096,0.008132,4.551167,1.637662,55.524637
2.454164,0.008518,-0.629165,-0.041461,0.302625,0.000047,0.000263,0.020313,4.550950,1.591639,55.558217
2.454284,0.006872,-0.676144,-0.047040,0.298393,-0.000465,0.000344,0.035247,4.557305,1.570449,55.593743
2.453285,0.005910,-0.736927,-0.054247,0.295377,-0.000497,0.000608,0.012983,4.560819,1.525225,55.627610
2.451690,0.005347,-0.854585,-0.062247,0.292082,-0.000343,0.000373,0.026970,4.567521,1.489062,55.660340
2.449595,0.005485,-0.973162,-0.074028,0.289984,-0.001012,0.000467,0.036592,4.560951,1.465909,55.699417
2.446045,0.005501,-1.123218,-0.082021,0.288067,0.000507,-0.000039,0.055535,4.567913,1.434029,55.730436
2.443424,0.006393,-1.251941,-0.092494,0.286313,-0.001536,0.001240,0.013156,4.560826,1.399898,55.757723
2.437943,0.008605,-1.444243,-0.097740,0.283196,-0.000054,0.000268,0.016974,4.564641,1.357715,55.789434
2.433289,0.011623,-1.588062,-0.106507,0.279885,-0.000411,0.000325,0.025458,4.559839,1.325981,55.826733
2.427276,0.014440,-1.719875,-0.110984,0.275740,-0.000603,0.000138,0.012011,4.559533,1.294117,55.863130
2.420301,0.017515,-1.837452,-0.117387,0.271776,-0.000563,0.000152,0.015622,4.555293,1.263444,55.894879
2.412430,0.020303,-1.940800,-0.122639,0.267500,0.001121,-0.000298,0.033566,4.550160,1.241355,55.925749
2.405367,0.022403,-2.013562,-0.128168,0.263280,0.000416,0.000690,0.027103,4.543655,1.199953,55.952426
2.396749,0.024908,-2.093292,-0.134185,0.257712,0.000738,0.001448,0.057533,4.538539,1.169699,55.982331
2.387397,0.027464,-2.141534,-0.141956,0.252677,0.003438,0.002479,0.098716,4.536026,1.150098,56.015919
2.379607,0.029323,-2.165813,-0.150281,0.248918,0.000916,0.003541,0.122798,4.529654,1.111574,56.041624
2.368233,0.030343,-2.193084,-0.161622,0.244836,0.006101,0.005729,0.196296,4.523362,1.094699,56.069445
2.360760,0.031610,-2.184119,-0.171988,0.241593,0.005961,0.007165,0.235513,4.515361,1.063238,56.096608
2.351989,0.031861,-2.175393,-0.185329,0.238290,0.007357,0.008596,0.278404,4.509116,1.033474,56.121923
2.343226,0.031306,-2.170875,-0.198872,0.235151,0.008995,0.009968,0.322699,4.502957,1.004946,56.152369
2.334748,0.030515,-2.163782,-0.211000,0.232707,0.010365,0.011056,0.357644,4.496634,0.976764,56.182394
2.326488,0.029553,-2.155662,-0.224456,0.230401,0.008228,0.009207,0.324152,4.476532,0.942610,56.212372
2.314841,0.025598,-2.214006,-0.237246,0.226186,0.008804,0.009297,0.306949,4.471144,0.930159,56.247143
2.302518,0.023318,-2.307294,-0.241377,0.227349,0.011937,0.011948,0.383258,4.458360,0.902463,56.277194
2.293405,0.025794,-2.308937,-0.245609,0.228079,0.014145,0.013930,0.443801,4.442762,0.878369,56.303280
2.286249,0.028493,-2.246328,-0.250095,0.227550,0.007533,0.008191,0.273148,4.420613,0.853512,56.335078
2.272085,0.022341,-2.367970,-0.250547,0.227238,0.005627,0.001399,0.108288,4.408332,0.845209,56.369723
2.256429,0.013773,-2.639206,-0.243720,0.230643,-0.009964,0.001088,-0.118606,4.371241,0.816901,56.400076
2.226783,0.013772,-3.074212,-0.231863,0.231808,-0.001717,-0.000506,-0.016270,4.354141,0.798796,56.435608
2.206745,0.020936,-3.257869,-0.220850,0.233766,-0.001106,-0.000325,-0.010857,4.334649,0.780642,56.477722
2.188339,0.029478,-3.337019,-0.212175,0.234376,-0.001047,-0.000297,-0.008844,4.314763,0.767154,56.513814
2.170544,0.036389,-3.346408,-0.204547,0.233905,0.002150,-0.001180,-0.023738,4.297458,0.761899,56.548651
2.156449,0.039652,-3.326899,-0.197275,0.232283,-0.002170,-0.001614,-0.045522,4.278087,0.751643,56.579454
2.138669,0.040564,-3.300160,-0.190698,0.230249,-0.002009,-0.002085,-0.061647,4.254131,0.741471,56.608545
2.121675,0.039459,-3.265056,-0.186263,0.226278,-0.002012,-0.002418,-0.072787,4.229973,0.733002,56.641053
2.105157,0.036853,-3.229300,-0.184542,0.221423,-0.001540,-0.003014,-0.087841,4.207988,0.725449,56.676542
2.089278,0.032767,-3.209240,-0.184699,0.216686,-0.001645,-0.003043,-0.092848,4.183205,0.718621,56.712551
2.073341,0.028579,-3.200543,-0.186944,0.211995,0.002456,-0.001860,-0.078146,4.169563,0.717313,56.748914
2.061492,0.025614,-3.190298,-0.189565,0.209556,-0.002813,-0.003278,-0.076017,4.138612,0.710086,56.781673
2.044238,0.020988,-3.191997,-0.196292,0.205452,-0.002269,0.000094,0.028588,4.110545,0.703891,56.815583
2.027109,0.019558,-3.117852,-0.205491,0.201816,0.000952,0.000926,0.027672,4.086215,0.702735,56.855968
2.012479,0.015596,-3.098379,-0.217575,0.198371,0.003697,0.002179,0.046891,4.069896,0.704012,56.896223
1.999574,0.011708,-3.110828,-0.228958,0.196867,0.001794,0.002581,0.076498,4.046760,0.703578,56.931398
1.984040,0.008028,-3.130356,-0.240582,0.195393,0.002923,0.003705,0.105792,4.022883,0.703265,56.963539
1.968896,0.005219,-3.151993,-0.251976,0.193164,0.004010,0.004718,0.131884,3.996754,0.704745,56.997321
1.954017,0.002983,-3.172570,-0.264250,0.188367,0.006022,0.005714,0.153397,3.962078,0.695452,57.032659
1.939897,0.001056,-3.194785,-0.275657,0.182021,0.007145,0.006935,0.203221,3.952210,0.712058,57.070451
1.925646,-0.000217,-3.183591,-0.282489,0.179051,0.007676,0.007065,0.191533,3.930774,0.717141,57.105699
1.911271,-0.002474,-3.199462,-0.286956,0.176988,0.007333,0.006873,0.182012,3.907883,0.722803,57.138368
1.896343,-0.004993,-3.231080,-0.290213,0.175279,0.008367,0.007818,0.207593,3.886759,0.729693,57.172546
1.882463,-0.006228,-3.237337,-0.292748,0.174371,0.003344,0.005147,0.155045,3.859928,0.737840,57.206558
1.863543,-0.010656,-3.299104,-0.294375,0.173971,0.009110,0.007572,0.228933,3.839222,0.746218,57.241648
1.850831,-0.011259,-3.282150,-0.295686,0.174471,-0.000673,-0.000046,0.001537,3.820016,0.756941,57.277153
1.828503,-0.020478,-3.498622,-0.292777,0.176322,-0.000872,-0.000161,-0.001867,3.802492,0.768984,57.310718
1.807538,-0.023957,-3.675219,-0.287870,0.179772,-0.001331,-0.000415,-0.008657,3.786706,0.781567,57.343157
1.787685,-0.024625,-3.800979,-0.280500,0.184858,-0.002208,-0.000962,-0.023340,3.771156,0.794635,57.374534
1.768727,-0.024374,-3.881479,-0.271860,0.190934,-0.003050,-0.001345,-0.036945,3.757100,0.806619,57.404641
1.750825,-0.023819,-3.919217,-0.262676,0.198632,-0.002013,-0.001041,-0.025389,3.741949,0.820821,57.433086
1.736015,-0.022811,-3.895150,-0.254063,0.206819,-0.003188,-0.001602,-0.043810,3.728926,0.835106,57.460466
1.721952,-0.023158,-3.856769,-0.244505,0.215921,-0.002174,-0.001038,-0.026856,3.716248,0.850330,57.487819
1.711100,-0.023040,-3.768996,-0.235848,0.225714,-0.002266,-0.001020,-0.025737,3.704699,0.865864,57.514521
1.702183,-0.023779,-3.665913,-0.227131,0.235714,-0.002928,-0.001615,-0.038582,3.693791,0.879331,57.540309
1.694647,-0.025519,-3.567196,-0.218664,0.245714,-0.003831,-0.002089,-0.058730,3.683764,0.896302,57.563977
1.688277,-0.027333,-3.481325,-0.209094,0.255714,-0.002564,-0.001302,-0.035029,3.674228,0.912214,57.587040
1.685317,-0.027255,-3.353152,-0.199736,0.265714,-0.002583,-0.001317,-0.035697,3.663356,0.927947,57.609597
1.684157,-0.027354,-3.222309,-0.191630,0.275432,-0.002510,-0.001205,-0.032407,3.655576,0.945124,57.629505
1.684693,-0.027457,-3.094115,-0.182977,0.284872,-0.002597,-0.001325,-0.036493,3.646740,0.961394,57.648179
1.686732,-0.027433,-2.972607,-0.175063,0.293616,-0.002999,-0.001819,-0.045445,3.639616,0.975586,57.667364
1.689763,-0.027627,-2.864863,-0.167704,0.302127,-0.002459,-0.001068,-0.037698,3.629605,0.995161,57.685233
1.694672,-0.026493,-2.752016,-0.160640,0.309736,-0.001786,-0.000572,-0.017772,3.621035,1.014036,57.703786
1.701305,-0.025066,-2.625027,-0.153830,0.316723,-0.001573,-0.000531,-0.017216,3.613614,1.032779,57.724517
1.709084,-0.024101,-2.511105,-0.145589,0.323157,-0.002190,-0.001979,-0.051123,3.605019,1.050926,57.745149
1.717217,-0.024252,-2.430600,-0.137442,0.328753,-0.005510,-0.003776,-0.114964,3.601456,1.064544,57.765240
1.722962,-0.024781,-2.400001,-0.129402,0.334663,-0.004172,-0.005306,-0.144732,3.596725,1.084793,57.782469
1.731118,-0.024694,-2.360456,-0.118721,0.339647,-0.005918,-0.008373,-0.239380,3.591117,1.104081,57.800542
1.738559,-0.025231,-2.360219,-0.107073,0.343987,-0.005722,-0.009843,-0.263003,3.582330,1.123235,57.821175
1.747244,-0.023657,-2.299893,-0.096333,0.347431,-0.007156,-0.013247,-0.367608,3.575366,1.144119,57.841681
1.755064,-0.024114,-2.293391,-0.084652,0.349957,-0.007638,-0.015979,-0.441952,3.569160,1.164748,57.863377
1.763107,-0.023719,-2.275435,-0.070920,0.351609,-0.008657,-0.019711,-0.556806,3.563407,1.186633,57.885468
1.770532,-0.023602,-2.275896,-0.056984,0.352245,-0.008714,-0.022627,-0.633732,3.559254,1.208749,57.907705
1.778161,-0.022461,-2.243543,-0.041924,0.352225,-0.010188,-0.028493,-0.843911,3.556061,1.229406,57.930683
1.784350,-0.023981,-2.315955,-0.025336,0.352264,-0.008988,-0.030953,-0.874201,3.552129,1.254304,57.953091
1.791636,-0.021495,-2.257790,-0.007250,0.352534,-0.009828,-0.037533,-1.116769,3.549206,1.275259,57.976267
1.797636,-0.022944,-2.330332,0.010470,0.353023,0.001497,-0.002161,-0.025278,3.538813,1.307145,57.999457
1.814404,0.017369,-1.153433,0.024585,0.352210,-0.004551,-0.002937,-0.240639,3.539227,1.320442,58.025899
1.824527,0.021603,-0.575198,0.031583,0.353539,-0.000357,-0.005413,-0.154335,3.531403,1.344500,58.050015
1.838913,0.016205,-0.140708,0.038837,0.353750,0.002040,-0.008052,-0.192233,3.525012,1.373742,58.070336
1.855614,0.009158,0.084355,0.050745,0.351988,0.000970,-0.007072,-0.233188,3.518038,1.399496,58.096786
1.870489,0.008531,0.234298,0.065214,0.349914,-0.001401,-0.003724,-0.140765,3.511851,1.420274,58.125288
1.882063,0.013707,0.512134,0.077563,0.347672,-0.001587,-0.006307,-0.232189,3.507093,1.438302,58.151217
1.892710,0.012958,0.664851,0.087863,0.345267,0.004440,-0.007233,-0.187140,3.495876,1.471466,58.173533
1.908504,0.012498,0.862547,0.101158,0.341197,-0.000387,-0.010781,-0.347788,3.486965,1.489176,58.201230
1.918235,0.009497,0.902011,0.114421,0.337854,0.003966,-0.013876,-0.408224,3.478339,1.515182,58.230766
1.930826,0.007603,0.943997,0.128377,0.333851,0.005448,-0.017310,-0.509509,3.464783,1.540181,58.257572
1.943193,0.005582,0.946873,0.142350,0.329370,0.005988,-0.018608,-0.547689,3.453770,1.563153,58.287955
1.954261,0.005814,0.984271,0.155772,0.325163,0.007455,-0.020072,-0.581681,3.441505,1.589109,58.319058
1.965096,0.006052,1.041108,0.168109,0.320962,0.011375,-0.019970,-0.631898,3.421633,1.620289,58.350986
1.978228,0.007260,1.082354,0.181369,0.316056,0.008484,-0.024390,-0.734371,3.411403,1.635670,58.387749
1.986646,0.004352,1.061743,0.190161,0.313478,0.012622,-0.021215,-0.653857,3.391190,1.666976,58.422060
1.997892,0.007354,1.150895,0.199751,0.309912,0.011419,-0.022869,-0.709283,3.373189,1.689582,58.456472
2.006697,0.006782,1.194201,0.206780,0.307040,0.010978,-0.026206,-0.780401,3.360813,1.703154,58.495673
2.013997,0.003181,1.169946,0.209142,0.306311,0.013497,-0.026418,-0.715695,3.336743,1.729911,58.528299
2.023263,0.001653,1.212737,0.211756,0.304701,0.011876,-0.026966,-0.778825,3.321965,1.742813,58.562197
2.030340,-0.000136,1.176765,0.209887,0.304948,0.014678,-0.026442,-0.748347,3.292954,1.767153,58.597599
2.040214,-0.000369,1.174451,0.207906,0.303806,0.016097,-0.028259,-0.848868,3.268443,1.785896,58.634404
2.051415,-0.002772,1.065712,0.203250,0.302725,0.015617,-0.027721,-0.846270,3.245216,1.799997,58.676198
2.062117,-0.002742,0.980975,0.195075,0.302089,0.014621,-0.026788,-0.822510,3.222666,1.811952,58.715199
2.072278,-0.001826,0.931418,0.184608,0.302339,0.014101,-0.025270,-0.776783,3.197170,1.823692,58.751784
2.082735,-0.000668,0.917734,0.170764,0.302807,0.013091,-0.023758,-0.739953,3.170493,1.834137,58.787923
2.093335,-0.000382,0.902358,0.154063,0.303665,0.010316,-0.020857,-0.635700,3.151127,1.835115,58.824627
2.102552,0.000288,0.929533,0.128297,0.306766,0.009121,-0.017137,-0.541120,3.121662,1.843806,58.858492
2.112939,-0.000522,0.913635,0.102754,0.310060,0.006619,-0.008518,-0.277500,3.085851,1.854616,58.891787
2.122894,0.002801,1.013369,0.078157,0.312482,-0.002916,0.005017,0.116269,3.064617,1.856740,58.929226
2.125055,0.010499,1.296963,0.052383,0.317003,-0.003775,0.010926,0.364665,3.036038,1.860621,58.960993
2.128184,0.008640,1.510776,0.029251,0.320808,-0.003321,0.012426,0.468569,2.998182,1.874653,58.987760
2.132551,-0.000144,1.535318,0.010689,0.323714,-0.006207,0.022880,0.717676,2.979622,1.875919,59.021378
2.134146,0.001379,1.629310,-0.004478,0.326741,-0.005142,0.024972,0.764056,2.952425,1.879628,59.051109
2.136898,-0.001441,1.605908,-0.018491,0.329015,-0.005002,0.026802,0.914828,2.917506,1.876970,59.075121
2.139600,-0.003945,1.629860,-0.034203,0.332068,-0.003208,0.006932,0.405143,2.890223,1.881174,59.104889
2.143816,-0.029207,1.006044,-0.040815,0.333284,-0.001062,0.000347,0.019177,2.862356,1.886703,59.135674
2.150425,-0.037447,0.172213,-0.039810,0.332272,-0.000692,-0.000239,-0.008241,2.833883,1.891820,59.163826
2.157942,-0.027615,-0.316079,-0.039611,0.330064,-0.000626,-0.000091,-0.004859,2.806063,1.897396,59.192148
2.165409,-0.015986,-0.555347,-0.041039,0.326996,-0.000527,0.000355,0.011773,2.778745,1.902467,59.220268
2.172439,-0.007666,-0.657509,-0.045371,0.323622,-0.000088,0.001421,0.046976,2.750260,1.908309,59.247797
2.179224,-0.002770,-0.698417,-0.053827,0.320494,0.000537,0.003444,0.113149,2.722030,1.914324,59.276510
2.185833,-0.000177,-0.714639,-0.064141,0.317201,0.001359,0.006011,0.197137,2.693326,1.920397,59.305073
2.192336,0.001286,-0.716690,-0.076958,0.314188,0.000691,0.002730,0.141791,2.665659,1.926536,59.333049
2.197060,-0.004251,-0.867398,-0.090410,0.311300,-0.000115,0.001801,0.072899,2.637347,1.933604,59.361105
2.200022,-0.007926,-1.131160,-0.103438,0.308439,-0.000343,0.001088,0.052094,2.609708,1.939384,59.389020
2.201787,-0.008592,-1.400270,-0.116413,0.305991,-0.000077,0.001673,0.065679,2.581218,1.948692,59.415909
2.202762,-0.006416,-1.629883,-0.129317,0.303685,-0.000269,0.001007,0.049637,2.552726,1.956396,59.442521
2.202314,-0.004661,-1.857098,-0.142059,0.301573,-0.000342,0.000727,0.038215,2.524063,1.965913,59.470669
2.200556,-0.002459,-2.075540,-0.154096,0.299779,-0.000899,0.000470,0.029571,2.500547,1.976174,59.500286
2.197019,0.000214,-2.279039,-0.166321,0.298634,-0.000337,0.000385,0.025387,2.470156,1.986747,59.528528
2.192806,0.003232,-2.466496,-0.177533,0.297393,-0.000518,0.000335,0.021885,2.442677,1.998236,59.556835
2.187207,0.006566,-2.634490,-0.187745,0.296695,-0.000502,0.000253,0.017690,2.414612,2.009668,59.587634
2.180518,0.010015,-2.784009,-0.197476,0.296526,-0.000503,0.000217,0.016157,2.388158,2.023031,59.618751
2.172797,0.013450,-2.914843,-0.205912,0.296752,-0.000678,0.000145,0.013524,2.365879,2.038317,59.650108
2.164028,0.016753,-3.028052,-0.212376,0.297327,0.001275,-0.000552,0.027569,2.348082,2.050175,59.680091
2.156547,0.019288,-3.105615,-0.217677,0.298595,0.000174,0.000518,0.016712,2.315987,2.076492,59.706848
2.147554,0.022620,-3.180538,-0.226253,0.297621,-0.000115,0.001087,0.038810,2.303198,2.084712,59.740367
2.137293,0.025550,-3.227089,-0.228082,0.299466,0.000999,0.001247,0.040738,2.272817,2.113737,59.772232
2.128132,0.027750,-3.255175,-0.234069,0.298458,0.001961,0.000274,0.025134,2.261582,2.126535,59.804175
2.119263,0.027671,-3.299339,-0.236490,0.298130,0.000421,0.000618,0.020549,2.240400,2.149700,59.837947
2.108747,0.028184,-3.340651,-0.239004,0.296773,-0.001383,0.000733,0.018823,2.216613,2.180269,59.867434
2.096198,0.028642,-3.375444,-0.242241,0.293954,0.000944,0.001029,0.035176,2.209359,2.195531,59.905780
2.085546,0.028872,-3.388524,-0.241846,0.293230,0.003762,0.001259,0.035001,2.190535,2.223372,59.940944
2.077846,0.028785,-3.394539,-0.245545,0.290018,0.000021,0.000957,0.035972,2.173335,2.256167,59.973144
2.065841,0.027691,-3.404482,-0.249551,0.285220,0.002359,0.001634,0.051662,2.167958,2.273325,60.013413
2.055668,0.026681,-3.403782,-0.250151,0.282884,0.000574,0.000108,0.002357,2.150448,2.309600,60.049596
2.043663,0.023654,-3.453502,-0.254789,0.278960,0.002579,0.000537,0.017140,2.144372,2.330488,60.085824
2.033198,0.022021,-3.489785,-0.257676,0.277002,0.001318,0.000535,0.016732,2.138240,2.357865,60.123764
2.021328,0.020790,-3.524401,-0.258525,0.275865,0.001401,0.000607,0.018457,2.133947,2.385074,60.157976
2.009588,0.019869,-3.550586,-0.258432,0.276117,0.001480,0.000657,0.019155,2.131120,2.412126,60.193952
1.998247,0.019010,-3.568577,-0.259398,0.277800,0.001108,0.000703,0.021371,2.128641,2.440633,60.230013
1.986893,0.017957,-3.580900,-0.260790,0.280100,0.000947,0.000783,0.023612,2.129342,2.469158,60.267066
1.975761,0.016647,-3.590207,-0.262491,0.283213,0.001195,0.000977,0.028639,2.132767,2.496715,60.304633
1.965341,0.015218,-3.595656,-0.263806,0.287120,-0.001022,0.000618,0.028534,2.136603,2.531507,60.342286
1.953287,0.013160,-3.603000,-0.266226,0.290662,0.002607,0.001610,0.039415,2.139720,2.550383,60.383213
1.945366,0.011883,-3.604050,-0.268060,0.296770,-0.001836,0.001008,0.042504,2.152576,2.577190,60.420681
1.933698,0.009759,-3.606347,-0.265782,0.301852,-0.000758,0.001202,0.039240,2.161830,2.603852,60.455905
1.924259,0.007936,-3.608315,-0.263325,0.308087,0.000810,0.000316,0.004310,2.163696,2.626976,60.494899
1.917559,0.005419,-3.641096,-0.261599,0.316734,-0.002348,-0.000450,-0.008535,2.173556,2.649271,60.530044
1.909051,0.003416,-3.678347,-0.257277,0.326087,-0.005382,-0.001094,-0.025275,2.196979,2.674053,60.561924
1.899224,0.002057,-3.713876,-0.246428,0.332349,-0.004005,-0.001891,-0.047783,2.204787,2.696333,60.600262
1.892744,0.001491,-3.731716,-0.237710,0.341895,-0.006821,-0.003005,-0.077681,2.220310,2.716337,60.639470
1.885457,0.000924,-3.745464,-0.228113,0.351895,-0.010292,-0.004398,-0.112710,2.246012,2.740719,60.673706
1.876859,0.000161,-3.754385,-0.217346,0.360898,-0.002298,-0.001575,-0.042661,2.264781,2.760945,60.712928
1.878475,0.003616,-3.644625,-0.207140,0.370271,-0.002967,-0.001573,-0.064001,2.276314,2.776700,60.754341
1.881061,0.005025,-3.540247,-0.197913,0.380271,-0.004276,-0.003078,-0.084592,2.297189,2.794360,60.788557
1.884082,0.003842,-3.445057,-0.187766,0.390271,-0.005346,-0.004960,-0.116898,2.325175,2.814125,60.820446
1.888007,0.001295,-3.365717,-0.175680,0.399344,-0.003488,-0.002514,-0.079542,2.352869,2.833151,60.857859
1.895973,0.003230,-3.214728,-0.164507,0.407883,-0.001238,-0.000613,-0.023671,2.378073,2.849191,60.898804
1.907721,0.005853,-2.997943,-0.155634,0.416324,-0.001399,-0.000501,-0.018613,2.401853,2.863763,60.936927
1.920541,0.005626,-2.802925,-0.149435,0.424117,-0.004542,-0.000491,-0.052177,2.420099,2.873108,60.970120
1.931304,0.003889,-2.682162,-0.143877,0.432256,-0.005153,-0.001095,-0.064520,2.439216,2.880654,60.997585
1.942585,0.002013,-2.593083,-0.137138,0.439862,-0.000773,-0.001620,-0.035336,2.467512,2.892703,61.020487
1.959440,0.001034,-2.474427,-0.131081,0.445614,-0.001952,-0.002835,-0.078179,2.497527,2.905132,61.046567
1.975913,-0.000567,-2.414587,-0.124818,0.449437,-0.005576,-0.003996,-0.121097,2.520517,2.914697,61.077664
1.989391,-0.001355,-2.388928,-0.119861,0.452686,0.000816,-0.001130,-0.033490,2.553578,2.930219,61.106718
2.009784,0.002426,-2.258297,-0.118061,0.453844,-0.002919,-0.001496,-0.050091,2.581291,2.936365,61.136807
2.026091,0.002814,-2.187118,-0.112257,0.454451,-0.000134,-0.002209,-0.070317,2.614807,2.947202,61.168993
2.045277,0.003027,-2.130523,-0.105561,0.454399,-0.004983,-0.004232,-0.132579,2.639482,2.954560,61.201837
2.059824,0.002417,-2.117651,-0.100176,0.454715,-0.000563,-0.005389,-0.169861,2.674021,2.967152,61.233564
2.078841,0.002577,-2.114760,-0.097328,0.454097,-0.002954,-0.006077,-0.191052,2.705254,2.974587,61.265172
2.095334,0.003337,-2.118626,-0.092840,0.453151,-0.000837,-0.001081,-0.033311,2.737694,2.981543,61.298927
2.113760,0.010446,-1.934155,-0.089157,0.451440,-0.002922,-0.001813,-0.070664,2.767788,2.982708,61.331839
2.129544,0.011081,-1.831067,-0.082127,0.449121,-0.002589,-0.003401,-0.114265,2.794842,2.985015,61.364723
2.145515,0.010100,-1.765172,-0.075893,0.446436,-0.000673,-0.004880,-0.151747,2.828320,2.989446,61.395450
2.163232,0.009008,-1.722255,-0.069475,0.442963,-0.000956,-0.006370,-0.203081,2.861854,2.992961,61.427135
2.180354,0.008381,-1.704860,-0.062206,0.439027,-0.000790,-0.008161,-0.266434,2.897339,2.996093,61.461542
2.197283,0.008317,-1.705436,-0.054052,0.434700,-0.000792,-0.010033,-0.324936,2.932710,2.999771,61.497234
2.213815,0.008987,-1.701762,-0.046367,0.429732,0.003531,-0.009904,-0.358219,2.978984,3.004058,61.533340
2.234122,0.011784,-1.672075,-0.037582,0.423382,-0.004807,-0.012680,-0.405995,2.999564,3.008872,61.574788
2.245209,0.012493,-1.631189,-0.034311,0.417652,0.002936,-0.014810,-0.501397,3.045424,3.014044,61.610570
2.263384,0.011030,-1.675774,-0.027826,0.410994,0.000801,-0.015705,-0.538805,3.080322,3.015142,61.644711
2.278543,0.012571,-1.690272,-0.022347,0.403478,-0.001106,-0.017935,-0.594716,3.113105,3.023565,61.685032
2.290785,0.013172,-1.709493,-0.017642,0.397137,0.002773,-0.001102,-0.069435,3.154124,3.019619,61.720794
2.306058,0.032236,-1.157279,-0.016113,0.391322,0.001761,-0.002423,-0.021821,3.191063,3.029147,61.758255
2.319470,0.028813,-0.754444,-0.022358,0.388010,-0.001115,0.002448,0.032001,3.226742,3.026863,61.797754
2.329631,0.022862,-0.529536,-0.022201,0.384259,0.000354,0.001478,0.051817,3.262783,3.029692,61.835595
2.340826,0.015244,-0.392398,-0.024273,0.380293,0.000866,0.002025,0.068943,3.300931,3.032280,61.872262
2.352016,0.009606,-0.329571,-0.026564,0.376718,0.001291,0.002530,0.088875,3.334467,3.036587,61.909682
2.363087,0.006112,-0.304271,-0.031667,0.373215,-0.000294,0.004120,0.130500,3.371327,3.038805,61.946025
2.371921,0.004610,-0.297829,-0.036660,0.369232,0.002753,0.001202,0.057271,3.413903,3.035990,61.982040
2.383121,-0.000202,-0.411975,-0.039331,0.363542,0.000485,0.001837,0.064822,3.446757,3.043038,62.022030
2.391287,0.000063,-0.500452,-0.047009,0.358312,0.000123,0.003033,0.121235,3.481662,3.038675,62.059963
2.398176,0.001347,-0.557385,-0.052489,0.351772,0.002291,0.004876,0.158418,3.520208,3.039707,62.094276
2.406219,0.003645,-0.595034,-0.060004,0.344112,0.003278,0.006599,0.220753,3.558405,3.040269,62.131226
2.413967,0.005472,-0.610307,-0.072712,0.336622,0.004797,0.009358,0.308245,3.596836,3.041032,62.170240
2.421641,0.006619,-0.624945,-0.086571,0.328876,0.005259,0.011976,0.401723,3.633109,3.047781,62.208755
2.428003,0.007245,-0.638059,-0.105294,0.321994,0.004149,0.005489,0.265307,3.672450,3.046235,62.246420
2.431131,-0.002194,-0.903398,-0.123564,0.315038,0.001982,0.003896,0.067204,3.719392,3.046508,62.284145
2.430269,-0.005922,-1.392767,-0.138334,0.307918,0.002955,0.005772,0.200476,3.746129,3.039078,62.325864
2.428709,0.001750,-1.653127,-0.147966,0.303302,0.004720,0.007352,0.249256,3.782758,3.035344,62.363133
2.427382,0.010995,-1.797010,-0.158526,0.299484,0.005895,0.008675,0.296348,3.817221,3.032802,62.395120
2.425539,0.018570,-1.867380,-0.171840,0.296299,0.008096,0.009340,0.348647,3.849296,3.035028,62.429768
2.424101,0.023012,-1.893817,-0.187216,0.293612,-0.001435,0.002321,0.006514,3.889155,3.022925,62.462690
2.411271,0.017288,-2.294145,-0.188550,0.290125,0.001527,0.001794,0.061625,3.922574,3.012883,62.497373
2.401249,0.022209,-2.531821,-0.189379,0.290189,0.006089,-0.001381,0.115905,3.950552,3.005929,62.534221
2.395518,0.026992,-2.631383,-0.192994,0.292844,-0.002758,0.001891,0.007046,3.979738,2.985676,62.567809
2.380644,0.034895,-2.810084,-0.186649,0.294564,0.000805,-0.001398,0.003068,4.010207,2.975095,62.601086
2.369759,0.040780,-2.900868,-0.183141,0.299131,-0.004095,0.000049,-0.027373,4.044053,2.955262,62.636874
2.354531,0.048018,-2.971212,-0.179157,0.303356,-0.002792,-0.001224,-0.034826,4.075092,2.939094,62.676306
2.341165,0.052718,-2.999682,-0.175831,0.308929,-0.003747,-0.001639,-0.046580,4.102016,2.920709,62.718186
2.327641,0.055616,-3.009387,-0.171609,0.315668,-0.004646,-0.002116,-0.056972,4.123430,2.903421,62.759154
2.314361,0.056885,-3.003133,-0.165046,0.323799,-0.006127,-0.002984,-0.088775,4.151126,2.881269,62.797403
2.301211,0.056593,-2.998657,-0.157565,0.332038,-0.007703,-0.004043,-0.121211,4.173767,2.857539,62.836700
2.288272,0.055361,-2.992207,-0.149900,0.340747,-0.009346,-0.005238,-0.158419,4.193803,2.834067,62.879569
2.275590,0.053473,-2.986586,-0.139898,0.349704,-0.010697,-0.006801,-0.208685,4.219775,2.810529,62.922069
2.263700,0.051332,-2.979643,-0.132802,0.358083,-0.012396,-0.008176,-0.251605,4.239938,2.784791,62.965265
2.251931,0.048898,-2.977597,-0.126311,0.366040,-0.014882,-0.009685,-0.293067,4.252879,2.764281,63.009291
2.239396,0.046289,-2.977093,-0.118906,0.374996,-0.001725,-0.001445,-0.062936,4.276116,2.731634,63.049294
2.241908,0.053590,-2.698632,-0.114463,0.381850,-0.003262,-0.002760,-0.058814,4.291042,2.710203,63.090734
2.243777,0.050036,-2.468312,-0.115575,0.389297,-0.002143,0.001988,-0.040112,4.310462,2.683495,63.132271
2.247807,0.046708,-2.304074,-0.117134,0.395266,0.000866,-0.003152,0.047583,4.329871,2.649100,63.169487
2.255604,0.035571,-2.120406,-0.121629,0.399602,-0.000745,0.000321,0.017964,4.343263,2.619674,63.209777
2.262394,0.028380,-2.075426,-0.123578,0.402919,-0.000656,0.000048,0.005584,4.361707,2.590790,63.249861
2.269692,0.023368,-2.084731,-0.126156,0.405201,-0.000603,0.000085,0.007643,4.375145,2.559032,63.284886
2.277201,0.020931,-2.115170,-0.126370,0.406446,-0.001754,-0.000044,0.007172,4.392525,2.528805,63.317960
2.283597,0.020547,-2.142707,-0.125990,0.406789,-0.000736,-0.000088,-0.000499,4.406216,2.496849,63.351271
2.290991,0.021285,-2.168192,-0.124985,0.406480,-0.002201,-0.000546,-0.003807,4.417161,2.472218,63.384638
2.296766,0.022296,-2.182377,-0.122954,0.405980,0.000833,-0.000141,-0.013782,4.432841,2.429782,63.415273
2.305556,0.024189,-2.188896,-0.120212,0.404293,-0.000093,-0.000704,-0.025410,4.449372,2.386449,63.449825
2.313193,0.025666,-2.186942,-0.114614,0.401375,-0.001545,-0.002038,-0.063033,4.454644,2.363779,63.492860
2.319301,0.026457,-2.187682,-0.113214,0.399892,-0.001060,-0.002240,-0.072203,4.460425,2.333986,63.528268
2.325696,0.027233,-2.188728,-0.109408,0.398164,-0.000942,-0.002939,-0.096813,4.473206,2.302920,63.556518
2.332153,0.027993,-2.189844,-0.105051,0.396063,-0.000135,-0.003660,-0.125417,4.479970,2.268668,63.587668
2.339368,0.028849,-2.190737,-0.099508,0.393018,-0.002486,-0.005011,-0.162710,4.478972,2.243194,63.620789
2.344146,0.029411,-2.191299,-0.092374,0.389958,-0.000545,-0.001521,-0.053035,4.487739,2.202321,63.651645
2.350897,0.034893,-2.032543,-0.084269,0.386215,0.000153,-0.003688,-0.089747,4.491483,2.162593,63.685924
2.358234,0.033699,-1.903924,-0.076148,0.382261,-0.002108,-0.004308,-0.175707,4.495474,2.130538,63.726585
2.363361,0.031463,-1.852346,-0.068384,0.378462,-0.001034,-0.006632,-0.225690,4.497138,2.094691,63.763495
2.369620,0.028733,-1.814539,-0.059235,0.374217,-0.000861,-0.008723,-0.297893,4.502000,2.057940,63.798681
2.376034,0.026750,-1.796610,-0.049538,0.369640,-0.000950,-0.010986,-0.379056,4.505661,2.022643,63.835724
2.382276,0.025618,-1.790120,-0.039936,0.364561,-0.000624,-0.013272,-0.458366,4.511312,1.987124,63.872546
2.388531,0.025156,-1.789380,-0.030574,0.359108,-0.000267,-0.015526,-0.539230,4.524428,1.952749,63.908751
2.394729,0.025159,-1.791126,-0.023741,0.353211,0.000162,-0.017162,-0.597358,4.529035,1.913574,63.944079
2.400756,0.025451,-1.793262,-0.019364,0.347518,0.000806,-0.018181,-0.633486,4.541084,1.876952,63.980679
2.406766,0.025893,-1.795500,-0.018724,0.341747,0.000703,-0.017509,-0.558599,4.541767,1.841066,64.018718
2.411994,0.027197,-1.714952,-0.017728,0.336239,0.001574,-0.017070,-0.619201,4.557501,1.806223,64.055829
2.417479,0.026752,-1.718884,-0.022033,0.331210,0.002096,-0.015485,-0.572399,4.554918,1.766720,64.091298
2.422830,0.027336,-1.713531,-0.025139,0.326501,0.002501,-0.016579,-0.581883,4.554873,1.733209,64.128125
2.427961,0.025810,-1.746065,-0.027376,0.321259,0.003184,-0.016042,-0.564468,4.550855,1.697419,64.165627
2.433120,0.026014,-1.770555,-0.028156,0.315752,0.003831,-0.015818,-0.558425,4.552441,1.662373,64.201206
2.438233,0.026907,-1.786955,-0.029387,0.309975,0.004430,-0.015482,-0.547807,4.554118,1.627459,64.236254
2.443204,0.027945,-1.796894,-0.030876,0.304100,0.005025,-0.015071,-0.534223,4.557497,1.592837,64.270874
2.448017,0.028911,-1.802427,-0.034717,0.298701,0.005630,-0.014111,-0.502160,4.559438,1.558966,64.305934
2.452677,0.029722,-1.805381,-0.038796,0.293190,0.006365,-0.013084,-0.466739,4.563028,1.523694,64.340491
2.457294,0.030402,-1.806883,-0.044768,0.287955,0.007008,-0.011640,-0.417256,4.564212,1.488211,64.375229
2.461722,0.030970,-1.807524,-0.053601,0.283327,0.007499,-0.008955,-0.330992,4.568637,1.455188,64.411207
2.465762,0.032048,-1.796696,-0.064832,0.279298,0.008460,-0.006606,-0.245330,4.573015,1.420380,64.445698
2.469737,0.032273,-1.792952,-0.080189,0.276615,0.009883,-0.003653,-0.135901,4.570837,1.385811,64.479464
2.473936,0.032085,-1.798248,-0.093576,0.273207,0.009162,-0.000834,-0.021033,4.575680,1.353501,64.514311
2.476145,0.032393,-1.783018,-0.112267,0.271610,0.008641,0.001229,0.049631,4.574822,1.315970,64.547860
2.476313,0.030859,-1.822719,-0.129082,0.269490,-0.000055,0.000664,0.045134,4.574333,1.282838,64.581860
2.466226,0.027689,-1.952623,-0.142807,0.267737,-0.000250,0.000473,0.033283,4.572331,1.252151,64.616305
2.454867,0.026508,-2.125650,-0.153652,0.266485,-0.000208,0.000344,0.024703,4.572752,1.219481,64.647903
2.442634,0.027987,-2.302129,-0.162806,0.265686,0.002838,0.000040,0.062386,4.573869,1.190121,64.678484
2.432582,0.031141,-2.419288,-0.172755,0.265914,0.000929,0.002329,0.081190,4.570964,1.160026,64.707477
2.419713,0.036483,-2.512381,-0.182142,0.266422,0.001769,0.003324,0.113623,4.565398,1.129646,64.735155
2.406793,0.041256,-2.564576,-0.189996,0.266972,0.002423,0.004076,0.138902,4.558859,1.100280,64.763475
2.393793,0.044694,-2.588712,-0.197207,0.267306,0.003028,0.004701,0.158824,4.550332,1.072648,64.790590
2.380811,0.046603,-2.596741,-0.202653,0.267498,0.003477,0.005162,0.172713,4.541484,1.044787,64.816948
2.367953,0.047187,-2.596014,-0.207256,0.267411,0.003929,0.005547,0.183820,4.529876,1.017412,64.844316
2.355341,0.046748,-2.591862,-0.211170,0.266806,0.004423,0.005902,0.194270,4.521337,0.989812,64.872734
2.343076,0.045636,-2.586218,-0.214018,0.266257,0.004667,0.006168,0.202336,4.512786,0.963140,64.901173
2.331029,0.044093,-2.581033,-0.215819,0.265857,0.004894,0.006385,0.208467,4.492711,0.939749,64.929749
2.319307,0.042344,-2.576939,-0.217838,0.263867,0.005263,0.006605,0.214593,4.474495,0.919083,64.959557
2.307887,0.040513,-2.574537,-0.215096,0.261443,0.005288,0.006517,0.210870,4.461557,0.894680,64.989829
2.296812,0.038734,-2.572913,-0.212038,0.259001,0.005100,0.006018,0.199045,4.444110,0.872930,65.020377
2.285863,0.036659,-2.578970,-0.209264,0.255646,0.005372,0.006271,0.201792,4.424291,0.854397,65.051389
2.275392,0.035353,-2.577000,-0.205768,0.251637,0.005503,0.006048,0.192438,4.403071,0.835510,65.083085
2.265206,0.033945,-2.577048,-0.201239,0.246515,0.005528,0.005713,0.180602,4.379266,0.818822,65.116180
2.255220,0.032559,-2.577245,-0.198290,0.239673,0.006059,0.005535,0.174745,4.357657,0.802191,65.150981
2.245567,0.031226,-2.575852,-0.194883,0.232389,0.006507,0.005293,0.166909,4.336022,0.785931,65.186809
2.236158,0.029911,-2.573204,-0.193163,0.224161,0.007165,0.005186,0.162236,4.313367,0.771424,65.222976
2.226989,0.028582,-2.571062,-0.193459,0.214740,0.007219,0.004863,0.157759,4.284934,0.760090,65.259693
2.217142,0.026845,-2.575773,-0.192214,0.204740,0.008826,0.004814,0.152605,4.265508,0.751859,65.298843
2.208218,0.025423,-2.582123,-0.193508,0.195202,0.010417,0.005517,0.167514,4.239916,0.742215,65.337093
2.200007,0.024757,-2.577378,-0.196551,0.185488,0.011502,0.005901,0.178687,4.215446,0.732863,65.374326
2.191775,0.023808,-2.572760,-0.201177,0.176473,0.012734,0.006449,0.194154,4.190662,0.726201,65.413520
2.183688,0.022726,-2.568836,-0.207730,0.168035,0.013981,0.007142,0.212510,4.165842,0.721798,65.453132
2.175511,0.021550,-2.569156,-0.215047,0.160888,0.014012,0.007570,0.216949,4.141019,0.716455,65.493173
2.166209,0.020137,-2.586474,-0.223617,0.154678,0.017040,0.008825,0.262981,4.115856,0.713969,65.533261
2.158725,0.019631,-2.576779,-0.234271,0.148065,0.018587,0.009690,0.287500,4.092499,0.712855,65.573574
2.151348,0.018731,-2.568982,-0.245139,0.141877,0.018431,0.009064,0.282407,4.066353,0.713371,65.613431
2.142344,0.016237,-2.591335,-0.257241,0.134536,0.018955,0.010710,0.297502,4.044292,0.714447,65.653394
2.132276,0.015620,-2.618909,-0.267008,0.128449,0.023604,0.012078,0.353237,4.021367,0.716354,65.692689
2.125657,0.016056,-2.595813,-0.276010,0.122171,0.025047,0.012466,0.362944,3.994849,0.719987,65.730962
2.119132,0.015440,-2.577507,-0.284735,0.113773,0.026060,0.012372,0.363091,3.972757,0.726316,65.770430
2.112094,0.013887,-2.574340,-0.291366,0.105467,0.029004,0.013364,0.379158,3.960798,0.733167,65.810126
2.106871,0.013276,-2.565054,-0.295376,0.099895,0.028239,0.013250,0.381361,3.935763,0.740513,65.845673
2.100046,0.012177,-2.560987,-0.298145,0.093853,0.029252,0.013489,0.383407,3.917003,0.748491,65.880698
2.093569,0.011198,-2.560809,-0.299438,0.089003,0.030187,0.013722,0.390460,3.896214,0.757509,65.917799
2.087595,0.010418,-2.557027,-0.300000,0.084713,0.029095,0.013550,0.379700,3.878431,0.767294,65.954527
2.080181,0.009334,-2.567533,-0.300000,0.081574,0.029504,0.013846,0.395574,3.865389,0.767096,65.990845
2.073003,0.008715,-2.562543,-0.298333,0.082224,0.032874,0.014353,0.400580,3.833465,0.776243,66.021491
2.069533,0.008379,-2.554443,-0.299836,0.081106,0.028775,0.013841,0.404116,3.836853,0.792727,66.051452
2.061861,0.007296,-2.546279,-0.293223,0.083069,0.030379,0.014107,0.401690,3.822011,0.802429,66.083430
2.056775,0.006546,-2.540688,-0.288757,0.086930,0.029858,0.013427,0.385919,3.803887,0.826909,66.112359
2.051831,0.005143,-2.553430,-0.287533,0.089379,0.026906,0.013634,0.381320,3.792358,0.837266,66.145902
2.044710,0.004590,-2.567636,-0.282910,0.093202,0.028716,0.014141,0.404502,3.783851,0.849460,66.180579
2.040083,0.004711,-2.553662,-0.277627,0.098139,0.027432,0.013871,0.397434,3.774188,0.861675,66.209243
2.035332,0.004265,-2.542422,-0.271428,0.104204,0.025857,0.013514,0.385595,3.765057,0.873856,66.235473
2.030271,0.003501,-2.539495,-0.263826,0.111439,0.023199,0.012932,0.364657,3.757466,0.886211,66.259606
2.024130,0.002586,-2.548906,-0.254459,0.119866,0.022485,0.012434,0.350219,3.756038,0.892076,66.281982
2.019116,0.001974,-2.556319,-0.243852,0.129866,0.019996,0.011925,0.348128,3.743471,0.909549,66.300187
2.013698,0.001744,-2.543625,-0.234266,0.139866,0.019007,0.011245,0.326573,3.736660,0.920078,66.318123
2.009331,0.001254,-2.533359,-0.224461,0.149866,0.016213,0.010155,0.292244,3.730941,0.931744,66.335953
2.004208,0.000441,-2.535084,-0.214238,0.159866,0.011720,0.007608,0.245134,3.738908,0.925160,66.349949
1.996742,-0.001663,-2.552829,-0.199297,0.169866,0.012632,0.007543,0.221532,3.732300,0.935023,66.356774
1.992893,-0.001047,-2.538039,-0.186272,0.179866,0.011826,0.005803,0.164992,3.712443,0.963887,66.361582
1.990483,-0.001063,-2.528096,-0.179157,0.188660,0.008903,0.004551,0.133734,3.708022,0.971417,66.379816
1.986758,-0.001490,-2.519645,-0.172263,0.198323,0.005233,0.003142,0.101023,3.716120,0.966841,66.399211
1.981072,-0.002284,-2.513210,-0.159866,0.208323,0.006649,0.001383,0.034075,3.698394,0.993305,66.405179
1.979078,-0.002606,-2.510252,-0.152660,0.216743,0.001704,-0.000391,-0.004380,3.710620,0.985797,66.416994
1.973679,-0.003297,-2.505798,-0.141174,0.226743,0.003128,-0.002337,-0.076513,3.692507,1.011156,66.428809
1.971793,-0.003576,-2.504503,-0.134988,0.235560,-0.001565,-0.004033,-0.113914,3.702075,1.007177,66.438914
1.966682,-0.004190,-2.501755,-0.123676,0.245560,-0.001660,-0.002564,-0.104708,3.698282,1.018071,66.449427
1.963451,-0.000769,-2.413421,-0.114008,0.255560,-0.003324,-0.002199,-0.061123,3.695103,1.029055,66.454490
1.960091,0.001738,-2.243347,-0.106341,0.265560,-0.004859,-0.004082,-0.118112,3.689500,1.041165,66.465068
1.956607,-0.000188,-2.142243,-0.100294,0.275560,-0.004527,-0.002435,-0.093630,3.684305,1.051306,66.477063
1.954979,0.000322,-2.017118,-0.095394,0.285321,-0.002066,-0.000860,-0.060622,3.666971,1.075077,66.489208
1.957083,0.001294,-1.875757,-0.092788,0.291828,-0.003371,-0.001849,-0.050293,3.659985,1.087651,66.506354
1.958567,-0.000717,-1.767213,-0.089643,0.298208,-0.004309,-0.002640,-0.074676,3.652851,1.099783,66.525214
1.959968,-0.003112,-1.711980,-0.086859,0.303825,-0.005010,-0.003329,-0.096128,3.650153,1.112765,66.539599
1.961453,-0.004829,-1.686655,-0.081257,0.308672,-0.006096,-0.004252,-0.126508,3.658512,1.114917,66.553074
1.962657,-0.005359,-1.663887,-0.072821,0.315519,-0.006388,-0.006703,-0.207015,3.641741,1.137727,66.562293
1.964674,-0.006171,-1.667121,-0.066088,0.318960,-0.006650,-0.006009,-0.205844,3.644713,1.144437,66.575092
1.967040,-0.003965,-1.616181,-0.057142,0.323757,-0.003837,-0.002778,-0.110330,3.640922,1.152820,66.589675
1.972932,0.001787,-1.417899,-0.051470,0.328260,-0.000387,-0.002920,-0.063237,3.630437,1.177185,66.598517
1.982591,0.002662,-1.213166,-0.044322,0.330072,-0.001632,-0.001896,-0.058622,3.625431,1.193535,66.614589
1.991232,0.003224,-1.042646,-0.037168,0.331254,-0.003452,-0.003401,-0.127077,3.619903,1.203503,66.634990
1.998200,0.001612,-0.963921,-0.031760,0.332401,-0.000121,-0.003778,-0.113035,3.610729,1.226656,66.650437
2.008649,0.001095,-0.868186,-0.024109,0.331605,-0.003330,-0.002074,-0.091044,3.609822,1.237223,66.667355
2.015786,0.003474,-0.735402,-0.016603,0.331760,0.001302,-0.003004,-0.076246,3.600568,1.263970,66.684849
2.027500,0.003686,-0.586477,-0.006357,0.330523,-0.003338,-0.002572,-0.113672,3.599257,1.274188,66.704523
2.034354,0.004993,-0.461873,0.001868,0.330143,-0.000889,-0.004776,-0.147391,3.592427,1.292206,66.723508
2.043516,0.003793,-0.360703,0.011017,0.328842,0.002068,-0.005058,-0.155409,3.582263,1.322305,66.738366
2.055306,0.004146,-0.243069,0.023750,0.325521,-0.002998,-0.003443,-0.153222,3.578486,1.331475,66.761496
2.061372,0.007641,-0.073580,0.032529,0.323117,0.000213,-0.005503,-0.166662,3.570377,1.352457,66.782116
2.070159,0.006809,0.079008,0.042249,0.319739,0.000137,-0.007762,-0.243313,3.566651,1.370935,66.798663
2.078171,0.004595,0.159711,0.052832,0.316215,0.002985,-0.007754,-0.247098,3.555143,1.399993,66.818320
2.088167,0.005265,0.278258,0.066063,0.311726,-0.001700,-0.003520,-0.165428,3.555626,1.411295,66.841245
2.092337,0.011250,0.526543,0.074325,0.308560,0.001926,-0.004595,-0.106191,3.540023,1.439525,66.862197
2.099561,0.010909,0.793478,0.084311,0.304321,0.000227,-0.006785,-0.256053,3.538282,1.451763,66.882816
2.104170,0.007013,0.863920,0.091261,0.300911,0.002279,-0.008957,-0.279656,3.529346,1.472584,66.904251
2.109918,0.003800,0.920513,0.099582,0.297423,0.002927,-0.010440,-0.313956,3.520062,1.493832,66.922979
2.115265,0.001927,0.968684,0.107519,0.293772,0.004271,-0.010090,-0.309915,3.509872,1.523362,66.945545
2.120912,0.002368,1.048143,0.117729,0.289314,0.004126,-0.014310,-0.461488,3.500852,1.535986,66.973101
2.125177,-0.000912,1.008232,0.127092,0.286104,0.006055,-0.015853,-0.486132,3.488654,1.555781,66.998316
2.130116,-0.001559,1.008806,0.134974,0.283076,0.006572,-0.016945,-0.507163,3.474394,1.574492,67.020219
2.134522,-0.001656,1.030153,0.141358,0.280512,0.007837,-0.018316,-0.566673,3.460638,1.592257,67.045871
2.139339,-0.002423,1.016068,0.145849,0.278642,0.007916,-0.018584,-0.560771,3.444847,1.611066,67.071575
2.143550,-0.002208,1.034639,0.150265,0.277148,0.008679,-0.019494,-0.598365,3.427659,1.628106,67.098490
2.147944,-0.002720,1.030350,0.154343,0.276378,0.009803,-0.020304,-0.608638,3.407001,1.650340,67.126930
2.152944,-0.003204,1.034567,0.159086,0.275477,0.009644,-0.018218,-0.616089,3.389220,1.668056,67.158581
2.157191,-0.000857,1.048799,0.161804,0.275373,0.010220,-0.021028,-0.668349,3.373139,1.684050,67.192846
2.161786,-0.002569,1.024901,0.163728,0.276441,0.005223,-0.007663,-0.357382,3.354429,1.699405,67.224431
2.161163,0.010546,1.326178,0.161085,0.278234,-0.001373,0.000426,0.011934,3.336714,1.714562,67.255350
2.155030,0.019595,1.908083,0.152686,0.281329,-0.002466,0.001787,0.053762,3.318382,1.728717,67.287121
2.149694,0.014600,2.283689,0.142574,0.285516,-0.003759,0.002577,0.108799,3.295260,1.742191,67.318475
2.144367,0.004948,2.494319,0.131717,0.289655,-0.003987,0.007840,0.161706,3.284375,1.746754,67.351654
2.139736,-0.000241,2.588053,0.120698,0.294344,-0.006455,0.005283,0.213709,3.256003,1.764010,67.380527
2.133750,-0.009266,2.615021,0.111434,0.297878,-0.006633,0.010615,0.311520,3.242749,1.770140,67.410456
2.128212,-0.010681,2.650961,0.102482,0.301880,-0.007845,0.011599,0.339614,3.220701,1.780119,67.442132
2.122470,-0.012910,2.633429,0.094106,0.305395,-0.008541,0.009477,0.315732,3.189774,1.795801,67.470287
2.116879,-0.017421,2.532498,0.086282,0.308310,-0.002712,0.002606,0.145379,3.177050,1.799011,67.505292
2.117780,-0.025951,2.231496,0.080885,0.310926,-0.002662,0.003205,0.094991,3.154060,1.807608,67.537333
2.118984,-0.024507,1.949942,0.077865,0.312627,-0.002914,0.003751,0.112819,3.132223,1.816414,67.563904
2.120426,-0.018386,1.776578,0.075539,0.313642,-0.003011,0.004300,0.128825,3.108393,1.824727,67.591629
2.122216,-0.012421,1.682616,0.073643,0.314030,-0.003018,0.004622,0.137591,3.085576,1.833239,67.618228
2.124338,-0.008284,1.631303,0.071671,0.313908,-0.003119,0.005159,0.156872,3.061748,1.840679,67.643379
2.126541,-0.005610,1.613080,0.069156,0.313447,-0.003132,0.005747,0.175467,3.037822,1.848606,67.667852
2.128852,-0.004246,1.606243,0.066186,0.312500,-0.002093,0.005419,0.176542,3.005351,1.859541,67.692891
2.132233,-0.004675,1.582816,0.059864,0.311617,-0.004161,0.008100,0.258529,2.989224,1.863918,67.721485
2.133652,-0.003438,1.600731,0.055070,0.311125,-0.003567,0.009224,0.288306,2.965306,1.870401,67.747086
2.135799,-0.003350,1.603678,0.049700,0.309920,-0.002674,0.008833,0.303607,2.931705,1.880588,67.768075
2.138851,-0.005177,1.577169,0.042426,0.307699,-0.003345,0.009885,0.351728,2.907178,1.888139,67.796251
2.141101,-0.006366,1.548323,0.035120,0.305336,-0.003198,0.010696,0.390673,2.881807,1.895254,67.825569
2.143353,-0.007484,1.508779,0.027036,0.302746,-0.004096,0.016061,0.522423,2.864770,1.899618,67.851148
2.144502,-0.004033,1.550155,0.020184,0.300956,-0.003111,0.017499,0.535898,2.839560,1.906491,67.874162
2.146579,-0.003701,1.531784,0.011249,0.298898,-0.002999,0.020059,0.631184,2.814054,1.913302,67.896028
2.148532,-0.003033,1.543962,0.000645,0.296847,-0.002013,0.018932,0.654635,2.780193,1.922390,67.920780
2.151137,-0.006846,1.489773,-0.013025,0.293928,-0.002244,0.019181,0.716957,2.754519,1.928770,67.950517
2.152956,-0.010820,1.398622,-0.026441,0.291295,-0.002488,0.029156,0.954935,2.737181,1.933151,67.980362
2.153881,-0.004292,1.474550,-0.038593,0.289632,-0.001275,0.031651,0.976365,2.712324,1.940983,68.002966
2.155377,-0.003292,1.456999,-0.051633,0.287575,-0.000499,0.034343,1.055880,2.685671,1.946833,68.024539
2.156832,-0.002918,1.431906,-0.066884,0.285891,0.000419,0.037943,1.178492,2.659813,1.953557,68.049711
2.158185,-0.002069,1.437360,-0.083336,0.284624,0.001669,0.041578,1.309073,2.633642,1.960290,68.075811
2.159575,-0.001483,1.469656,-0.101561,0.283717,0.003108,0.038958,1.285049,2.599426,1.970050,68.101798
2.160946,-0.007582,1.372774,-0.124321,0.282644,0.004325,0.042043,1.444325,2.573395,1.977604,68.131526
2.161723,-0.009375,1.338267,-0.146927,0.281936,0.005994,0.045484,1.542078,2.547781,1.985664,68.162578
2.162255,-0.009132,1.324151,-0.168683,0.281462,0.008922,0.053984,1.720939,2.520519,2.002588,68.190611
2.163831,-0.002519,1.431460,-0.196618,0.278552,0.009548,0.045669,1.593455,2.498730,2.002288,68.219640
2.163175,-0.011380,1.333584,-0.212770,0.278102,0.011946,0.056941,1.816124,2.481743,2.011340,68.246838
2.163646,-0.003857,1.432165,-0.226587,0.278416,0.010917,0.048337,1.520479,2.449104,2.026596,68.269682
2.161880,-0.010702,1.219162,-0.242919,0.275695,0.013091,0.048472,1.660927,2.426136,2.040746,68.298475
2.160938,-0.011393,1.176879,-0.256038,0.272064,0.015819,0.058580,1.863076,2.413386,2.051687,68.331772
2.161270,-0.001449,1.329146,-0.262093,0.271086,0.014146,0.045206,1.542848,2.383846,2.072754,68.358362
2.159276,-0.011964,1.159862,-0.270897,0.266114,0.015837,0.049277,1.685862,2.364038,2.091494,68.388523
2.157959,-0.010923,1.138668,-0.277207,0.260664,0.018611,0.058858,1.863298,2.352447,2.106010,68.425267
2.158404,-0.000581,1.304615,-0.278176,0.257894,0.015584,0.042455,1.495444,2.328753,2.132126,68.456651
2.155311,-0.014054,1.095017,-0.279606,0.252484,0.019865,0.059361,1.883550,2.315186,2.151616,68.490474
2.156056,-0.001053,1.279459,-0.282905,0.244247,0.019025,0.056842,1.706590,2.300776,2.173947,68.527824
2.154719,0.000493,1.288636,-0.283234,0.236732,0.019332,0.056419,1.684914,2.289953,2.195894,68.563573
2.152878,0.000716,1.278228,-0.281730,0.229817,0.020196,0.056700,1.694359,2.276352,2.222263,68.600466
2.151364,0.001322,1.284011,-0.283796,0.219817,0.021217,0.050581,1.651534,2.262772,2.252975,68.640002
2.149695,-0.004557,1.247019,-0.289275,0.209817,0.021928,0.046973,1.625038,2.254361,2.278711,68.685105
2.147324,-0.010622,1.166120,-0.292687,0.199817,0.026090,0.059352,1.874912,2.251055,2.298348,68.731648
2.147905,-0.000215,1.330877,-0.293968,0.189817,0.024460,0.049053,1.638961,2.243221,2.329863,68.774068
2.145665,-0.007375,1.259582,-0.297247,0.179817,0.024673,0.047113,1.630419,2.242872,2.353515,68.818012
2.142370,-0.012006,1.164468,-0.297693,0.169817,0.029161,0.058934,1.865775,2.246862,2.370484,68.864773
2.142673,-0.001187,1.316271,-0.295977,0.159820,0.028553,0.052137,1.705585,2.241553,2.406043,68.907817
2.141359,-0.004484,1.310779,-0.299012,0.149820,0.026030,0.042574,1.523146,2.241760,2.431242,68.954207
2.136249,-0.015632,1.106933,-0.299742,0.139820,0.029267,0.050932,1.721655,2.245178,2.455844,69.004925
2.133504,-0.010201,1.112859,-0.300000,0.129820,0.031755,0.053799,1.772984,2.250703,2.479938,69.054077
2.132250,-0.004626,1.195421,-0.300000,0.119820,0.032899,0.053139,1.746036,2.256523,2.503363,69.103033
2.131200,-0.003405,1.257674,-0.300000,0.109820,0.030450,0.044710,1.573094,2.262309,2.525184,69.151476
2.126360,-0.012166,1.119202,-0.300000,0.102306,0.032293,0.049341,1.681687,2.271456,2.546701,69.198751
2.122877,-0.010043,1.097111,-0.300000,0.096547,0.034894,0.054162,1.776435,2.279849,2.566408,69.245212
2.121526,-0.003805,1.189744,-0.300000,0.092907,0.030028,0.041642,1.494889,2.290294,2.585346,69.290420
2.114945,-0.014275,1.003671,-0.299956,0.093158,-0.001663,0.000006,-0.000381,2.302057,2.602551,69.334360
2.076788,-0.058889,-0.675368,-0.278715,0.103158,-0.003774,-0.000673,-0.018253,2.313230,2.618544,69.379381
2.042082,-0.062140,-2.007051,-0.249969,0.113158,-0.007424,-0.003022,-0.085559,2.322523,2.632324,69.425364
2.009614,-0.050873,-2.879741,-0.217190,0.123158,-0.011517,-0.007296,-0.207258,2.332047,2.645127,69.468514
1.978073,-0.036360,-3.389357,-0.184528,0.133158,-0.014052,-0.010523,-0.334057,2.344607,2.656906,69.506813
1.948238,-0.020701,-3.624656,-0.154420,0.143158,-0.017678,-0.015854,-0.500239,2.355976,2.667549,69.541341
1.917875,-0.009109,-3.714654,-0.129543,0.153158,-0.023032,-0.026177,-0.756146,2.365280,2.677485,69.572158
1.884690,-0.007459,-3.826479,-0.112017,0.163158,-0.014739,-0.026681,-0.723399,2.367498,2.679819,69.597710
1.862341,-0.002202,-3.710259,-0.102286,0.173158,-0.027094,-0.026115,-0.735913,2.382493,2.695011,69.613954
1.829208,-0.000273,-3.560082,-0.094782,0.183158,-0.023151,-0.034007,-0.997191,2.388805,2.700040,69.628505
1.801856,-0.010369,-3.647145,-0.089613,0.193158,-0.027314,-0.029586,-0.856834,2.402312,2.712992,69.644246
1.772666,-0.009398,-3.498517,-0.086642,0.203158,-0.026468,-0.032245,-0.980582,2.411808,2.721425,69.658567
1.745892,-0.015314,-3.490705,-0.085487,0.213158,-0.027964,-0.039998,-1.144190,2.417966,2.726123,69.673056
1.719491,-0.027106,-3.621584,-0.084397,0.223158,-0.027363,-0.032977,-0.953398,2.430844,2.737031,69.683948
1.695925,-0.024288,-3.483867,-0.084121,0.233158,-0.027715,-0.041554,-1.183770,2.437342,2.741968,69.694941
1.673228,-0.035030,-3.615905,-0.084445,0.243158,-0.031489,-0.034137,-1.024566,2.449711,2.754297,69.704536
1.648847,-0.031394,-3.520837,-0.082436,0.253158,-0.029893,-0.036068,-1.080231,2.461046,2.763550,69.714337
1.627257,-0.033870,-3.489965,-0.084256,0.263158,-0.028196,-0.030486,-0.958301,2.471516,2.771205,69.726185
1.608863,-0.031282,-3.348762,-0.086514,0.273158,-0.033863,-0.043123,-1.202019,2.476410,2.772665,69.736692
1.585856,-0.046308,-3.519400,-0.088346,0.283158,-0.032273,-0.035494,-0.974331,2.491685,2.784954,69.744614
1.566798,-0.043925,-3.390060,-0.090718,0.293158,-0.033927,-0.043922,-1.210514,2.498376,2.789526,69.754105
1.547159,-0.054497,-3.559289,-0.092142,0.303158,-0.035829,-0.035841,-1.017982,2.514906,2.802082,69.764451
1.527690,-0.049630,-3.461603,-0.093585,0.313158,-0.037984,-0.045623,-1.241690,2.523377,2.807469,69.776307
1.507029,-0.059867,-3.625026,-0.095169,0.323158,-0.041141,-0.046281,-1.222228,2.538467,2.819032,69.788800
1.485337,-0.063749,-3.694594,-0.096629,0.333158,-0.023795,-0.022953,-0.627889,2.551177,2.828730,69.799930
1.482720,-0.042312,-3.130770,-0.102604,0.343158,-0.037100,-0.030880,-0.908630,2.564072,2.839354,69.813819
1.465766,-0.050187,-3.154599,-0.109596,0.353158,-0.037574,-0.030570,-0.897801,2.578084,2.848408,69.826460
1.450014,-0.054809,-3.201410,-0.114597,0.363158,-0.042935,-0.040410,-1.076251,2.587066,2.852588,69.839459
1.430369,-0.067648,-3.433639,-0.118280,0.373158,-0.040996,-0.039304,-1.008826,2.602033,2.863201,69.851395
1.415079,-0.070375,-3.503283,-0.122059,0.383158,-0.038489,-0.030601,-0.822424,2.621078,2.875855,69.863568
1.403865,-0.063434,-3.366120,-0.126318,0.393158,-0.045645,-0.039730,-1.046948,2.632803,2.882890,69.879731
1.385889,-0.072972,-3.540448,-0.130360,0.403158,-0.046028,-0.035492,-0.963013,2.651934,2.894604,69.894732
1.369654,-0.072050,-3.564646,-0.132524,0.413158,-0.046953,-0.040126,-1.049925,2.664531,2.902218,69.910455
1.353831,-0.077223,-3.660190,-0.135985,0.423158,-0.050861,-0.039779,-1.021051,2.686185,2.914562,69.926384
1.335774,-0.079229,-3.694474,-0.136779,0.433158,-0.035950,-0.024682,-0.667174,2.702764,2.922247,69.943346
1.334227,-0.065229,-3.345484,-0.139472,0.443158,-0.050594,-0.037063,-0.967075,2.716673,2.927221,69.962323
1.317377,-0.076570,-3.486673,-0.140821,0.453158,-0.041265,-0.027455,-0.720520,2.741494,2.940141,69.978325
1.312150,-0.070238,-3.312629,-0.140678,0.463158,-0.050989,-0.033977,-0.909464,2.762849,2.950008,69.997602
1.297646,-0.076062,-3.407952,-0.139687,0.473158,-0.051602,-0.035684,-0.934601,2.784367,2.960121,70.020287
1.284292,-0.079001,-3.464173,-0.138529,0.483158,-0.056080,-0.040258,-1.038784,2.806127,2.968770,70.042199
1.268216,-0.084043,-3.573394,-0.135901,0.493158,-0.054223,-0.039411,-1.015251,2.828952,2.976817,70.063630
1.255979,-0.083693,-3.569921,-0.132071,0.503158,-0.042661,-0.024760,-0.728924,2.852110,2.984716,70.085514
1.256696,-0.068198,-3.240272,-0.129363,0.513158,-0.003289,-0.000664,-0.011176,2.877232,2.992867,70.108641
1.296165,-0.040775,-2.338398,-0.130721,0.521500,-0.001322,-0.000384,0.003792,2.905220,3.000654,70.133620
1.334144,-0.037314,-1.955064,-0.131229,0.526682,-0.013180,-0.000187,-0.026195,2.925004,3.004926,70.162100
1.359221,-0.037395,-1.851166,-0.130382,0.531364,0.007979,-0.000360,-0.006080,2.961475,3.014717,70.188773
1.405405,-0.037419,-1.797263,-0.125987,0.532270,-0.010702,-0.001699,-0.039129,2.985434,3.020274,70.219485
1.432505,-0.037159,-1.802346,-0.120064,0.534126,-0.003360,-0.002708,-0.075309,3.014259,3.026168,70.252067
1.467082,-0.036095,-1.812024,-0.111509,0.535683,0.002374,-0.004491,-0.139049,3.050531,3.030371,70.281133
1.507496,-0.034689,-1.833080,-0.099458,0.534897,-0.011989,-0.008654,-0.232331,3.076118,3.033769,70.315785
1.533456,-0.034370,-1.862658,-0.087411,0.535455,-0.005479,-0.011309,-0.315285,3.107065,3.037046,70.349004
1.566043,-0.032990,-1.878719,-0.073783,0.535356,0.000909,-0.014364,-0.399222,3.146220,3.039637,70.379933
1.605023,-0.031128,-1.875925,-0.057779,0.532671,-0.012890,-0.019786,-0.556210,3.172730,3.040931,70.416535
1.629625,-0.030802,-1.919558,-0.042722,0.531543,0.000084,-0.022331,-0.625811,3.211407,3.040350,70.450999
1.666883,-0.028226,-1.900622,-0.025497,0.528009,-0.012774,-0.028330,-0.811646,3.239256,3.041084,70.485720
1.690375,-0.028040,-1.951319,-0.011680,0.524402,-0.003834,-0.029892,-0.837830,3.274129,3.040206,70.520977
1.721817,-0.024884,-1.906339,0.001409,0.520429,-0.007534,-0.027478,-0.789400,3.304781,3.039714,70.554784
1.748544,-0.017621,-1.738071,0.010380,0.516800,-0.002583,-0.030829,-0.928708,3.343727,3.038610,70.589668
1.778915,-0.017311,-1.724294,0.019847,0.512392,-0.006462,-0.038987,-1.158624,3.377925,3.037972,70.625672
1.804348,-0.022393,-1.882424,0.027251,0.507660,-0.001718,-0.034383,-1.004562,3.416807,3.037003,70.663364
1.833377,-0.015521,-1.776773,0.031262,0.502388,-0.006656,-0.041452,-1.239105,3.449071,3.035536,70.701348
1.856375,-0.019507,-1.918009,0.031814,0.497168,0.000250,-0.036078,-1.121317,3.491221,3.034696,70.738393
1.885340,-0.013252,-1.887643,0.029899,0.489880,-0.003063,-0.040925,-1.246282,3.528216,3.034465,70.777023
1.909868,-0.015688,-2.003450,0.023426,0.482527,-0.004513,-0.037011,-1.058682,3.559391,3.032215,70.817834
1.932090,-0.012023,-1.936118,0.009868,0.475917,-0.001000,-0.025528,-0.733052,3.601977,3.033459,70.853631
1.957235,-0.002707,-1.674273,-0.008851,0.467633,-0.002936,-0.030224,-0.936392,3.639411,3.034428,70.891865
1.979560,-0.011626,-1.875115,-0.028378,0.459478,-0.001335,-0.023366,-0.666745,3.678620,3.037116,70.933175
2.002538,-0.009801,-1.892365,-0.055277,0.452296,0.005008,-0.016752,-0.481572,3.730549,3.039851,70.973104
2.030322,-0.008589,-1.943849,-0.086415,0.443344,-0.002221,-0.010677,-0.302247,3.759835,3.041929,71.019144
2.048230,-0.008228,-2.050669,-0.115203,0.437025,0.004356,-0.002901,-0.074907,3.798264,3.043886,71.061566
2.070059,-0.004651,-2.101680,-0.144781,0.431374,0.007259,0.002836,0.092731,3.843460,3.045819,71.097557
2.091433,-0.001658,-2.153136,-0.175166,0.424931,0.009322,0.007385,0.221684,3.876917,3.048018,71.138438
2.111064,0.001026,-2.211158,-0.204857,0.418903,0.012681,0.010774,0.310784,3.918648,3.048326,71.177191
2.130223,0.003889,-2.270204,-0.235480,0.411207,0.017164,0.013476,0.397076,3.954940,3.042122,71.213896
2.149790,0.007316,-2.299103,-0.256310,0.401337,0.022608,0.015085,0.403555,4.003345,3.036026,71.251435
2.171419,0.011023,-2.340641,-0.276335,0.391337,0.020154,0.014931,0.464608,4.032657,3.027783,71.292698
2.187283,0.014003,-2.322004,-0.289539,0.381337,0.020943,0.013572,0.378433,4.073539,3.019136,71.331557
2.201410,0.014478,-2.395576,-0.297355,0.371337,0.028582,0.015856,0.476782,4.110556,3.005241,71.367695
2.221183,0.019038,-2.355797,-0.300000,0.361337,0.024151,0.014202,0.393700,4.143522,2.989497,71.408048
2.234805,0.020352,-2.393814,-0.300000,0.351337,0.025871,0.014272,0.403840,4.171852,2.973338,71.447146
2.248741,0.022701,-2.409820,-0.296800,0.341793,0.027596,0.014195,0.403939,4.208665,2.954065,71.483949
2.263386,0.025215,-2.410447,-0.291191,0.333026,0.025942,0.012708,0.371778,4.237947,2.928235,71.522668
2.275526,0.026175,-2.433595,-0.281008,0.324290,0.031337,0.014243,0.430721,4.261048,2.901142,71.564904
2.292693,0.029704,-2.384008,-0.262868,0.316250,0.025488,0.012400,0.345827,4.286197,2.873217,71.606461
2.304249,0.030411,-2.407339,-0.241680,0.308276,0.024074,0.011403,0.313752,4.308329,2.842940,71.648329
2.315138,0.031928,-2.428490,-0.215795,0.299435,0.024329,0.010003,0.283799,4.327989,2.813898,71.691368
2.327359,0.034124,-2.421948,-0.188838,0.292808,0.021017,0.006289,0.174244,4.347903,2.775830,71.734054
2.337718,0.034570,-2.448616,-0.157818,0.285376,0.021287,0.004051,0.117163,4.355461,2.748260,71.779699
2.350099,0.037497,-2.406449,-0.124483,0.281830,0.017589,-0.001118,-0.065364,4.367603,2.714651,71.824029
2.360916,0.038782,-2.385088,-0.094226,0.279891,0.015583,-0.006588,-0.234188,4.375050,2.678409,71.864825
2.371488,0.039808,-2.344471,-0.065581,0.278775,0.014544,-0.012392,-0.414624,4.384051,2.641974,71.907890
2.382354,0.040269,-2.285438,-0.040682,0.278875,0.014464,-0.017848,-0.594611,4.391196,2.602575,71.951761
2.393954,0.039887,-2.225916,-0.022094,0.279456,0.013938,-0.021971,-0.720297,4.398515,2.564228,71.994375
2.405361,0.039054,-2.159957,-0.009854,0.280747,0.014093,-0.024808,-0.823940,4.403569,2.526795,72.035061
2.417056,0.037562,-2.118489,-0.001676,0.283040,0.012799,-0.026338,-0.839222,4.407479,2.492714,72.074506
2.427571,0.036684,-2.039186,0.003055,0.285979,0.012569,-0.027275,-0.863864,4.410368,2.457637,72.111741
2.438079,0.034823,-1.978929,0.008136,0.288582,0.012817,-0.028380,-0.906505,4.415233,2.415200,72.147236
2.448984,0.032872,-1.943985,0.014319,0.290650,0.014041,-0.031125,-1.080900,4.423598,2.393638,72.186667
2.461125,0.030156,-2.047616,0.011383,0.293516,0.011691,-0.025522,-0.857919,4.426458,2.349784,72.220310
2.470974,0.036804,-1.920369,0.012981,0.295090,0.012617,-0.030642,-1.087355,4.432424,2.333335,72.254037
2.481753,0.032506,-2.051434,0.005660,0.297791,0.014110,-0.027992,-0.972722,4.441120,2.295523,72.285688
2.494127,0.035063,-2.087386,0.001566,0.298897,0.010746,-0.026809,-0.885766,4.445348,2.268690,72.313625
2.502974,0.038009,-2.061790,-0.004931,0.299852,0.014626,-0.015587,-0.738184,4.455854,2.220946,72.346330
2.515628,0.048866,-1.950806,-0.009442,0.298892,0.013522,-0.024563,-0.893571,4.459110,2.189932,72.383254
2.526735,0.041924,-2.070596,-0.012151,0.298486,0.006458,-0.005127,-0.404119,4.465869,2.159781,72.422629
2.530525,0.060839,-1.687229,-0.019528,0.298018,-0.000864,0.000273,0.029010,4.468497,2.128138,72.455016
2.526832,0.063903,-1.059296,-0.029856,0.297684,-0.000268,0.005788,0.026891,4.472847,2.107668,72.486074
2.524149,0.051783,-0.750091,-0.041038,0.297517,-0.000182,0.004874,0.176891,4.473544,2.076811,72.512624
2.521639,0.035103,-0.521169,-0.048752,0.296966,-0.000167,0.004702,0.226014,4.480382,2.037505,72.537853
2.519155,0.020157,-0.424273,-0.054888,0.295995,0.000726,0.009246,0.284646,4.481519,2.017678,72.571102
2.517458,0.014409,-0.384518,-0.058928,0.295406,0.000646,0.008721,0.286954,4.488571,1.984942,72.600708
2.515546,0.009561,-0.400739,-0.061895,0.294333,0.000679,0.009435,0.305909,4.497463,1.959199,72.627979
2.513521,0.007803,-0.423591,-0.064990,0.293423,0.001000,0.009840,0.320772,4.512632,1.938378,72.657509
2.511633,0.007229,-0.449022,-0.069312,0.292634,0.001230,0.011221,0.388455,4.521400,1.901957,72.680960
2.509715,0.007958,-0.429025,-0.071923,0.291451,0.001192,0.010640,0.336985,4.522889,1.872739,72.708974
2.507489,0.006691,-0.488291,-0.070265,0.289798,0.001802,0.011580,0.410835,4.526724,1.843878,72.741269
2.505891,0.008663,-0.437413,-0.066841,0.287851,0.001049,0.008440,0.267587,4.532270,1.812260,72.770409
2.503494,0.006011,-0.522477,-0.062482,0.285568,0.001893,0.009926,0.353041,4.531112,1.781490,72.800823
2.502036,0.009055,-0.458585,-0.056333,0.282653,0.001526,0.008266,0.271805,4.533148,1.751831,72.832127
2.500182,0.008709,-0.448051,-0.052396,0.279926,0.001954,0.007676,0.273420,4.529454,1.722046,72.862624
2.498677,0.008593,-0.410444,-0.045280,0.275995,0.001562,0.005283,0.169982,4.538074,1.691598,72.892560
2.496699,0.006944,-0.434569,-0.043845,0.272988,0.002092,0.005700,0.208140,4.534516,1.654096,72.922574
2.495066,0.007466,-0.401031,-0.037657,0.268071,0.002712,0.004429,0.151119,4.539568,1.634415,72.956021
2.493755,0.007119,-0.387489,-0.037753,0.264669,0.002440,0.004162,0.134021,4.538797,1.604749,72.984998
2.491854,0.006378,-0.397828,-0.033770,0.260015,0.001933,0.002050,0.079262,4.542459,1.563476,73.010329
2.489132,0.005081,-0.426460,-0.034757,0.254916,-0.000457,0.000215,0.008350,4.544118,1.536205,73.044101
2.483525,0.003029,-0.524281,-0.034726,0.249978,0.000178,0.000220,0.008134,4.542556,1.504811,73.077582
2.478180,0.004161,-0.583516,-0.037949,0.245129,0.001277,0.000695,0.039257,4.545959,1.488036,73.107458
2.473406,0.005557,-0.611166,-0.041790,0.241255,-0.000212,0.000862,0.033219,4.543124,1.457970,73.132262
2.466694,0.005943,-0.662116,-0.048156,0.237365,-0.000111,0.002338,0.080767,4.541041,1.432341,73.155710
2.459555,0.007079,-0.695021,-0.057004,0.234196,0.000627,0.004315,0.143500,4.542324,1.402994,73.182371
2.452559,0.008105,-0.719715,-0.067519,0.231483,0.001474,0.006756,0.237061,4.539625,1.377228,73.208758
2.445720,0.009052,-0.719380,-0.078453,0.228978,0.001843,0.008429,0.279315,4.537867,1.351419,73.235438
2.438480,0.008674,-0.755092,-0.089795,0.227149,0.003252,0.011471,0.398020,4.539399,1.322916,73.260673
2.431880,0.009827,-0.737149,-0.103903,0.226034,0.003693,0.013659,0.430414,4.542996,1.297122,73.287384
2.424697,0.009341,-0.782570,-0.120162,0.226360,0.004923,0.016638,0.545140,4.542918,1.272307,73.314050
2.417686,0.010020,-0.791063,-0.136887,0.227336,0.004705,0.017461,0.505857,4.540798,1.244553,73.338797
2.409285,0.008569,-0.919589,-0.150684,0.228217,0.006317,0.020950,0.643765,4.538695,1.220998,73.364045
2.401637,0.011768,-0.927518,-0.162505,0.229339,0.007223,0.022293,0.684903,4.532536,1.196646,73.388817
2.394014,0.013127,-0.927925,-0.173458,0.230100,0.007966,0.023429,0.716868,4.529523,1.172679,73.412626
2.386304,0.013507,-0.930791,-0.183808,0.230650,0.009155,0.024631,0.775204,4.526574,1.150850,73.436322
2.379060,0.013737,-0.903572,-0.192038,0.231173,0.009109,0.025029,0.752682,4.521758,1.126909,73.458432
2.371257,0.012856,-0.927453,-0.199434,0.231576,0.007953,0.024969,0.748144,4.514657,1.093289,73.480540
2.361812,0.011978,-0.970010,-0.209349,0.230763,0.012250,0.026964,0.891605,4.505610,1.070413,73.508479
2.355889,0.013320,-0.879433,-0.218869,0.228839,0.006627,0.009372,0.471047,4.498356,1.046088,73.538208
2.343361,-0.005977,-1.253123,-0.221676,0.228905,-0.000967,-0.000029,0.002576,4.492055,1.025262,73.564718
2.323830,-0.018899,-2.050229,-0.208825,0.231431,0.001047,-0.003455,0.060137,4.483820,1.010347,73.589607
2.308833,-0.013874,-2.528115,-0.192504,0.232647,-0.007886,0.000007,-0.155306,4.471233,0.981694,73.611931
2.286692,0.002721,-2.984566,-0.175119,0.231422,-0.001937,-0.008449,-0.138610,4.462237,0.970995,73.637339
2.271236,0.014655,-3.159118,-0.158606,0.229075,-0.006667,-0.007967,-0.249872,4.448645,0.949337,73.662447
2.251751,0.027813,-3.284545,-0.144410,0.224272,-0.010491,-0.008171,-0.285740,4.426295,0.923217,73.686076
2.228597,0.039819,-3.308973,-0.135913,0.216295,-0.007416,-0.011394,-0.358450,4.410723,0.904796,73.717763
2.208012,0.044554,-3.332275,-0.128133,0.208064,-0.007018,-0.012829,-0.404679,4.393442,0.887737,73.752015
2.187559,0.046791,-3.335663,-0.123050,0.200190,-0.002843,-0.013743,-0.436943,4.385495,0.881365,73.783753
2.171125,0.046946,-3.330227,-0.119962,0.195166,-0.005234,-0.012656,-0.365948,4.372338,0.866238,73.808992
2.152304,0.047478,-3.228216,-0.120491,0.190266,-0.005363,-0.013877,-0.425042,4.356237,0.848762,73.830801
2.133302,0.042350,-3.212347,-0.123097,0.185337,-0.004170,-0.013020,-0.372824,4.339701,0.832562,73.857035
2.115426,0.037882,-3.158134,-0.130339,0.180338,-0.004191,-0.009942,-0.278670,4.322538,0.814755,73.885907
2.097252,0.034265,-3.070305,-0.139975,0.176121,-0.001801,-0.009341,-0.281673,4.309052,0.799185,73.916407
2.080780,0.027485,-3.064512,-0.151359,0.172649,-0.001200,-0.008034,-0.232324,4.293206,0.785621,73.946346
2.064322,0.021598,-3.076879,-0.163455,0.169701,0.001517,-0.007245,-0.227429,4.279207,0.774553,73.974079
2.049973,0.016162,-3.147586,-0.175358,0.167523,-0.000512,-0.004540,-0.128119,4.262057,0.758955,73.999812
2.032863,0.014472,-3.159033,-0.187975,0.165659,0.002271,-0.003347,-0.102921,4.247608,0.747231,74.026130
2.017593,0.011879,-3.197268,-0.199424,0.164800,0.004640,-0.002084,-0.060676,4.236134,0.738125,74.052922
2.004089,0.009838,-3.229892,-0.209007,0.165022,0.001537,-0.001303,-0.038764,4.216859,0.723705,74.076313
1.986975,0.007951,-3.267671,-0.217347,0.165360,0.007297,-0.000010,-0.003215,4.209699,0.718737,74.100680
1.975150,0.006714,-3.287309,-0.223556,0.167511,0.000596,-0.000041,0.007525,4.186969,0.704766,74.123269
1.956685,0.004830,-3.310497,-0.230646,0.168640,0.008947,0.001465,0.033476,4.175568,0.700886,74.146404
1.946422,0.003612,-3.322321,-0.237327,0.170212,0.003665,0.001523,0.047206,4.153410,0.689234,74.170737
1.930705,0.001765,-3.337027,-0.244562,0.171074,0.009467,0.002937,0.074525,4.143640,0.686569,74.194746
1.920672,0.000552,-3.340294,-0.249859,0.173382,0.005492,0.002764,0.074291,4.129246,0.681790,74.218740
1.906589,-0.001492,-3.357526,-0.254371,0.176383,0.005183,0.003032,0.079486,4.111171,0.676894,74.238751
1.892493,-0.003506,-3.377293,-0.259042,0.179158,0.004769,0.003316,0.087701,4.092999,0.672961,74.260446
1.878223,-0.005455,-3.395984,-0.263080,0.182439,0.006456,0.004133,0.120346,4.074108,0.668701,74.284567
1.866064,-0.006794,-3.387085,-0.268285,0.185126,0.007689,0.004944,0.134937,4.057227,0.668110,74.310037
1.855196,-0.008225,-3.378709,-0.272419,0.188368,0.006202,0.004882,0.133531,4.038349,0.667355,74.335408
1.843090,-0.010352,-3.384292,-0.276808,0.191437,0.009096,0.006215,0.169050,4.029317,0.669887,74.361004
1.834121,-0.011355,-3.365163,-0.280364,0.196058,0.004988,0.005548,0.169235,3.996596,0.667717,74.383589
1.821464,-0.013779,-3.358926,-0.284849,0.197492,0.009649,0.007076,0.190730,3.984388,0.671017,74.410581
1.813568,-0.014951,-3.346074,-0.287909,0.199862,0.007299,0.006614,0.176177,3.966632,0.674066,74.440651
1.803491,-0.017036,-3.359109,-0.289706,0.202440,-0.001170,0.000029,0.009018,3.948827,0.676940,74.466019
1.785412,-0.025416,-3.542374,-0.289535,0.206758,0.001981,0.000405,0.035727,3.940841,0.681216,74.492061
1.771943,-0.028309,-3.665006,-0.288516,0.213739,-0.005381,-0.000148,-0.019971,3.915837,0.685576,74.514715
1.752503,-0.029542,-3.808076,-0.286809,0.219661,-0.002569,-0.000231,0.000072,3.900030,0.690956,74.538963
1.737308,-0.029449,-3.879712,-0.284315,0.225942,-0.003738,-0.000506,-0.006748,3.883737,0.695931,74.566523
1.722136,-0.029453,-3.923954,-0.281383,0.232309,-0.002873,-0.000799,-0.012577,3.872553,0.703711,74.591941
1.709146,-0.029884,-3.945908,-0.278161,0.238788,-0.007529,-0.001403,-0.024192,3.850112,0.710329,74.615450
1.692829,-0.030985,-3.958260,-0.275226,0.244481,-0.004300,-0.001373,-0.031470,3.838827,0.718717,74.640698
1.681055,-0.032232,-3.959315,-0.272182,0.250931,-0.009569,-0.002458,-0.045955,3.818548,0.728899,74.666593
1.665357,-0.034449,-3.961046,-0.268108,0.257050,-0.007327,-0.002452,-0.059832,3.807048,0.737446,74.692343
1.653498,-0.036190,-3.957795,-0.264064,0.264122,-0.008330,-0.002800,-0.066651,3.791690,0.747580,74.718426
1.642174,-0.037753,-3.943350,-0.260230,0.271264,-0.009705,-0.003218,-0.078587,3.778904,0.755173,74.743197
1.630998,-0.039386,-3.927009,-0.257197,0.278603,-0.009834,-0.003621,-0.088380,3.765198,0.768071,74.766327
1.621134,-0.041118,-3.909423,-0.251808,0.286149,-0.011434,-0.004533,-0.112337,3.750099,0.777937,74.789535
1.611357,-0.042890,-3.895179,-0.247179,0.294236,-0.012414,-0.005824,-0.145231,3.739972,0.789914,74.814034
1.602289,-0.045043,-3.893068,-0.241752,0.302785,-0.002586,-0.000980,-0.014150,3.724822,0.805568,74.837125
1.604878,-0.040821,-3.731363,-0.237381,0.310527,-0.004341,-0.001945,-0.042957,3.716823,0.815681,74.861947
1.606253,-0.040945,-3.633729,-0.233978,0.318416,-0.004179,-0.002180,-0.056471,3.701688,0.832315,74.886043
1.608776,-0.041750,-3.571982,-0.228538,0.325918,-0.005728,-0.003072,-0.077777,3.688061,0.848674,74.909991
1.610973,-0.042583,-3.531473,-0.223745,0.332851,-0.007292,-0.004396,-0.109164,3.676860,0.865292,74.936231
1.612782,-0.043703,-3.516078,-0.218023,0.339753,-0.007436,-0.004284,-0.116575,3.665281,0.881362,74.962261
1.615755,-0.043013,-3.486108,-0.212057,0.346148,-0.009800,-0.006345,-0.163340,3.656092,0.895142,74.987070
1.617436,-0.043740,-3.482293,-0.206799,0.352119,-0.007647,-0.005367,-0.145601,3.642320,0.916910,75.008679
1.622408,-0.041911,-3.433794,-0.199732,0.357539,-0.010744,-0.007837,-0.205426,3.634654,0.932740,75.031772
1.625168,-0.042403,-3.423728,-0.191746,0.362964,-0.012913,-0.010472,-0.275488,3.628217,0.951285,75.054759
1.627016,-0.043445,-3.440574,-0.182011,0.368566,-0.013506,-0.012464,-0.325416,3.618499,0.970917,75.074278
1.629780,-0.043300,-3.438526,-0.171870,0.374009,-0.011038,-0.012149,-0.301746,3.607515,0.995930,75.094744
1.636221,-0.040411,-3.348150,-0.160518,0.378948,-0.017290,-0.017617,-0.485661,3.598591,1.017428,75.118775
1.637423,-0.042714,-3.401626,-0.147425,0.384004,-0.010267,-0.007497,-0.282894,3.586784,1.038094,75.143727
1.647269,-0.029433,-3.135566,-0.136576,0.387990,-0.002272,-0.002513,-0.066530,3.578416,1.059183,75.166920
1.664845,-0.019345,-2.688026,-0.128822,0.390689,-0.002902,-0.004027,-0.110363,3.571214,1.081777,75.189844
1.681052,-0.019855,-2.436718,-0.120744,0.392299,-0.003580,-0.005663,-0.164937,3.563450,1.103951,75.213083
1.696806,-0.022011,-2.309000,-0.111992,0.392576,-0.007477,-0.008378,-0.255294,3.559493,1.121598,75.237236
1.709021,-0.024191,-2.278592,-0.101564,0.392776,-0.003638,-0.011162,-0.317794,3.556056,1.147561,75.259356
1.725398,-0.025023,-2.256852,-0.087532,0.391462,-0.005820,-0.014297,-0.402324,3.544592,1.170512,75.281857
1.739939,-0.024456,-2.228312,-0.075363,0.389041,-0.004955,-0.015586,-0.422342,3.547674,1.193673,75.307326
1.755134,-0.022192,-2.145057,-0.060987,0.386760,-0.004231,-0.016859,-0.460808,3.539233,1.218924,75.332001
1.770908,-0.019262,-2.027691,-0.046252,0.383117,-0.003900,-0.025693,-0.771679,3.534443,1.248644,75.357343
1.786481,-0.023995,-2.162674,-0.026166,0.379326,-0.006567,-0.028393,-0.818118,3.532021,1.270606,75.385728
1.798968,-0.020959,-2.130084,-0.006306,0.376370,-0.004250,-0.033722,-1.023791,3.525847,1.299282,75.412505
1.812948,-0.019986,-2.163328,0.015131,0.373279,-0.004407,-0.039988,-1.176464,3.521508,1.324940,75.439227
1.825595,-0.019695,-2.178088,0.037296,0.370770,-0.000475,-0.044395,-1.248263,3.518102,1.357791,75.467177
1.840711,-0.018306,-2.112461,0.062370,0.367650,-0.003020,-0.051566,-1.531036,3.511217,1.379815,75.497088
1.851327,-0.020022,-2.207351,0.086101,0.364730,0.002334,-0.053752,-1.537828,3.503656,1.413176,75.526023
1.865131,-0.017295,-2.159062,0.113519,0.360848,0.001018,-0.059804,-1.771107,3.492676,1.433175,75.555109
1.874976,-0.018201,-2.240501,0.136210,0.356882,0.005128,-0.056453,-1.536441,3.484169,1.467061,75.585073
1.886507,-0.011352,-1.985439,0.159888,0.352189,0.005157,-0.064685,-1.922032,3.477313,1.488870,75.615341
1.895611,-0.016745,-2.127317,0.180037,0.347560,0.007745,-0.063599,-1.845861,3.468335,1.514087,75.645977
1.904956,-0.015064,-2.129206,0.197891,0.342887,0.008058,-0.059341,-1.654835,3.455752,1.540608,75.674437
1.912528,-0.008774,-1.908074,0.211395,0.338005,0.007799,-0.048109,-1.356625,3.439375,1.570790,75.705792
1.918255,0.003910,-1.425131,0.219931,0.332536,0.010629,-0.060114,-1.850019,3.425881,1.596731,75.741184
1.925820,-0.006220,-1.528337,0.227747,0.328161,0.010329,-0.047118,-1.565444,3.406674,1.620697,75.778377
1.931822,0.003373,-1.351804,0.230490,0.324071,0.011214,-0.053059,-1.711489,3.387232,1.643946,75.815274
1.938107,0.000545,-1.333651,0.229098,0.320129,0.013791,-0.068100,-2.003868,3.366819,1.666677,75.853710
1.946606,-0.015980,-1.631899,0.229744,0.317427,0.012043,-0.054623,-1.653422,3.347012,1.686604,75.892981
1.952746,-0.007361,-1.557791,0.225031,0.315049,0.013194,-0.064798,-1.878784,3.323302,1.707158,75.931899
1.960082,-0.014055,-1.692582,0.220845,0.313848,0.010023,-0.051677,-1.531117,3.300337,1.723913,75.971761
1.964307,-0.002827,-1.473635,0.209131,0.312158,0.009596,-0.057674,-1.629161,3.275176,1.740033,76.013092
1.968951,-0.006055,-1.387806,0.193544,0.311925,0.008303,-0.057949,-1.567757,3.246394,1.754647,76.055335
1.973582,-0.009481,-1.309422,0.175244,0.312544,0.011176,-0.064687,-1.882485,3.212271,1.770149,76.099715
1.982686,-0.019781,-1.624921,0.159534,0.312741,0.009473,-0.064719,-1.914474,3.188985,1.776457,76.147966
1.991065,-0.022161,-1.934651,0.140816,0.315638,0.008846,-0.057607,-1.775567,3.156966,1.786865,76.194399
2.000344,-0.014072,-2.052510,0.122227,0.318382,0.007084,-0.057343,-1.797200,3.125776,1.795744,76.238766
2.009395,-0.010319,-2.179205,0.101836,0.321393,0.003089,-0.050275,-1.514094,3.095452,1.801182,76.284718
2.016108,-0.002161,-2.044143,0.078409,0.325661,-0.002156,-0.030979,-0.759134,3.066763,1.805297,76.326956
2.019728,0.015171,-1.298016,0.050141,0.331762,0.000146,-0.043236,-1.290111,3.027915,1.812371,76.363191
2.028481,-0.006912,-1.549646,0.032277,0.336270,-0.000917,-0.013304,-0.644049,2.996058,1.815948,76.398778
2.037275,0.013791,-1.213034,0.013479,0.342001,-0.001365,0.001256,0.066891,2.966656,1.818522,76.434911
2.046666,0.027049,-0.432187,-0.012319,0.349799,-0.001497,0.006446,0.207570,2.938438,1.823378,76.468617
2.056908,0.019228,-0.071716,-0.036257,0.357445,-0.003666,0.013561,0.371342,2.915378,1.824604,76.500058
2.065195,0.012264,0.070669,-0.054588,0.363940,-0.001496,0.016240,0.503626,2.885964,1.827982,76.526714
2.075453,0.005966,0.123221,-0.069937,0.370061,0.001846,0.002829,0.117161,2.846966,1.833659,76.553269
2.088795,-0.014096,-0.360920,-0.079884,0.374305,-0.002818,0.004924,0.230622,2.824916,1.836623,76.586963
2.097803,-0.015278,-0.628256,-0.085343,0.377367,-0.000482,0.006009,0.195312,2.794966,1.841675,76.617722
2.109171,-0.012069,-0.850471,-0.089556,0.379348,-0.000571,0.008341,0.269978,2.764951,1.847201,76.644832
2.120368,-0.006058,-0.924078,-0.093867,0.380551,0.000309,0.007231,0.184431,2.732200,1.854323,76.674836
2.131951,-0.004457,-1.068238,-0.098776,0.380948,0.001283,0.010491,0.311867,2.696574,1.862707,76.705700
2.144085,0.000805,-1.054146,-0.105596,0.380736,-0.001728,0.011453,0.370845,2.674267,1.868073,76.739463
2.152340,0.002557,-1.022629,-0.112213,0.380281,0.002569,0.009979,0.287522,2.637092,1.879207,76.768349
2.164180,0.000179,-1.127621,-0.120838,0.378802,0.001768,0.014672,0.475118,2.605843,1.887664,76.797155
2.174347,0.004132,-1.061485,-0.131999,0.377135,0.001864,0.016474,0.529515,2.579962,1.895505,76.829091
2.183223,0.004837,-1.022804,-0.144050,0.375389,0.004912,0.018207,0.578202,2.546064,1.906538,76.855134
2.193780,0.004525,-1.012007,-0.158898,0.373281,0.003694,0.020475,0.657022,2.522684,1.915682,76.882536
2.201467,0.004581,-0.997670,-0.172989,0.371158,0.006853,0.020491,0.678512,2.491168,1.926151,76.910030
2.210694,0.002860,-1.019687,-0.189488,0.368586,0.008523,0.022143,0.736747,2.460549,1.939603,76.937038
2.219781,0.002476,-1.041171,-0.206171,0.364957,0.010039,0.022636,0.762571,2.430839,1.954266,76.967561
2.228386,0.001903,-1.074417,-0.222670,0.360119,0.012468,0.025536,0.834062,2.402210,1.970992,76.998933
2.237352,0.004100,-1.062618,-0.238819,0.353359,0.014034,0.024589,0.822510,2.374442,1.988951,77.030826
2.245564,0.003390,-1.085050,-0.252799,0.345336,0.016841,0.027997,0.896035,2.350906,2.008559,77.063501
2.254468,0.006440,-1.046667,-0.264612,0.335918,0.018716,0.027888,0.880212,2.324410,2.030489,77.096485
2.263039,0.007105,-1.036784,-0.274013,0.325918,0.020903,0.028078,0.897074,2.300522,2.053994,77.130539
2.271861,0.007506,-1.015966,-0.281976,0.315918,0.022687,0.028076,0.897310,2.277823,2.079186,77.166539
2.280640,0.007479,-1.005020,-0.287714,0.305918,0.024062,0.028044,0.896366,2.257803,2.106487,77.203581
2.289191,0.007446,-1.000154,-0.293056,0.295918,0.025580,0.028031,0.896685,2.240316,2.135867,77.242204
2.297676,0.007519,-0.998827,-0.296924,0.285918,0.026928,0.028018,0.898606,2.225660,2.165476,77.282271
2.305995,0.007697,-0.999283,-0.298992,0.275918,0.021106,0.021519,0.695498,2.212510,2.196277,77.323069
2.307194,0.001535,-1.201196,-0.299487,0.265918,0.029019,0.029042,0.935332,2.202376,2.227664,77.365066
2.315392,0.009197,-1.126322,-0.300000,0.255918,0.030180,0.028151,0.904458,2.194370,2.260297,77.409063
2.323338,0.011250,-1.071857,-0.300000,0.245918,0.030020,0.026037,0.858440,2.189428,2.293119,77.455032
2.329936,0.009545,-1.071037,-0.300000,0.235918,0.032349,0.027876,0.898678,2.186865,2.326033,77.502558
2.337666,0.010650,-1.041880,-0.300000,0.225918,0.033249,0.027585,0.887389,2.187032,2.358765,77.551862
2.345240,0.010726,-1.024381,-0.300000,0.215918,0.034235,0.027469,0.885023,2.192065,2.390727,77.603300
2.352632,0.010573,-1.015365,-0.300000,0.205918,0.035333,0.027410,0.884124,2.196413,2.423751,77.656386
2.359965,0.010496,-1.011458,-0.300000,0.195918,0.036204,0.027332,0.882516,2.206078,2.454406,77.711862
2.367047,0.010536,-1.010367,-0.300000,0.185918,0.037299,0.027310,0.884316,2.214392,2.484773,77.769656
2.373983,0.010688,-1.010618,-0.299911,0.176139,0.038273,0.027227,0.881330,2.226291,2.514803,77.828341
2.380840,0.010912,-1.011533,-0.299264,0.170878,0.028907,0.021001,0.683288,2.239928,2.542798,77.887967
2.377760,0.005042,-1.208335,-0.292814,0.170950,0.038008,0.028120,0.916068,2.252947,2.568554,77.948657
2.384404,0.012541,-1.136283,-0.285762,0.172479,0.035657,0.025269,0.847477,2.272219,2.592857,78.008379
2.389140,0.012619,-1.119278,-0.277127,0.175386,0.036339,0.026958,0.879456,2.289978,2.615166,78.067663
2.395418,0.014334,-1.073039,-0.265627,0.179754,0.034783,0.026388,0.861835,2.308840,2.635501,78.126481
2.401392,0.014277,-1.044748,-0.251586,0.183509,0.033879,0.025692,0.848780,2.320433,2.646183,78.183041
2.407919,0.013633,-1.027352,-0.219296,0.189040,0.022403,0.020201,0.651338,2.348515,2.670230,78.235013
2.406167,0.009121,-1.173700,-0.198086,0.195708,0.027045,0.023443,0.779002,2.368320,2.683994,78.285893
2.411798,0.014297,-1.113737,-0.176058,0.202368,0.024341,0.021043,0.702212,2.387745,2.694372,78.335070
2.417076,0.015476,-1.070731,-0.151843,0.209416,0.021389,0.017957,0.605315,2.400505,2.695353,78.376765
2.422126,0.015068,-1.046435,-0.120762,0.219412,0.012155,0.009937,0.318303,2.431058,2.717296,78.408669
2.421486,0.011106,-1.168226,-0.102898,0.228834,0.014431,0.009346,0.333137,2.450860,2.726437,78.437399
2.425594,0.014375,-1.129515,-0.088336,0.238834,0.012888,0.007007,0.244815,2.471578,2.735534,78.465900
2.430012,0.015720,-1.090266,-0.076585,0.248834,0.011242,0.004751,0.164603,2.491729,2.744131,78.490223
2.434413,0.015825,-1.060920,-0.067343,0.258669,0.009954,0.002945,0.099414,2.511794,2.752907,78.512791
2.438964,0.015568,-1.039814,-0.061338,0.267619,0.008650,0.001583,0.051941,2.532046,2.761481,78.534771
2.443363,0.015096,-1.029458,-0.056074,0.275706,-0.002720,-0.001281,-0.040299,2.547313,2.765006,78.556963
2.437407,0.013103,-1.075461,-0.051170,0.284462,-0.003329,-0.002053,-0.073701,2.569356,2.775399,78.576193
2.432071,0.013433,-1.098890,-0.049450,0.292544,-0.006753,-0.002818,-0.097275,2.579611,2.769515,78.595588
2.424288,0.013607,-1.121046,-0.043159,0.302528,-0.002556,-0.003275,-0.110115,2.609325,2.792432,78.612750
2.422069,0.015020,-1.093412,-0.046355,0.310010,-0.006489,-0.003591,-0.119654,2.628868,2.800679,78.632556
2.416589,0.013942,-1.111016,-0.049155,0.317324,-0.006829,-0.002686,-0.090847,2.649291,2.809018,78.657033
2.411531,0.013965,-1.116295,-0.051637,0.324356,-0.007689,-0.002382,-0.076621,2.669196,2.817132,78.678037
2.406319,0.013700,-1.124752,-0.053096,0.331068,-0.007472,-0.001933,-0.052792,2.686420,2.821838,78.698818
2.402051,0.013754,-1.117338,-0.053879,0.337813,-0.010396,-0.001846,-0.055660,2.701702,2.817774,78.718227
2.395573,0.013431,-1.121727,-0.051650,0.345174,-0.005300,-0.000610,-0.031419,2.722777,2.826394,78.734744
2.395167,0.014993,-1.081455,-0.051516,0.351491,-0.001737,-0.000073,-0.000027,2.744553,2.834455,78.752602
2.398955,0.015411,-1.022940,-0.052500,0.356488,-0.001789,0.000143,0.007802,2.766845,2.843343,78.773835
2.403113,0.014451,-0.988796,-0.054388,0.360238,-0.002093,0.000833,0.020770,2.796096,2.864558,78.796895
2.407250,0.013659,-0.973406,-0.061051,0.362415,-0.002070,0.002126,0.076355,2.818410,2.872447,78.823345
2.411261,0.012852,-0.963585,-0.065085,0.364142,-0.002036,0.003030,0.107747,2.841277,2.880149,78.849946
2.415232,0.012376,-0.959760,-0.068046,0.365475,-0.001999,0.003686,0.130617,2.864635,2.887625,78.873571
2.419176,0.012170,-0.958894,-0.070032,0.365896,-0.001898,0.004119,0.145412,2.888492,2.895264,78.896889
2.423080,0.012145,-0.959258,-0.071612,0.365568,-0.001774,0.004464,0.157966,2.912779,2.903297,78.921334
2.426952,0.012225,-0.960044,-0.072779,0.364703,-0.001656,0.004711,0.166446,2.936707,2.911262,78.946079
2.430708,0.012357,-0.960824,-0.074485,0.363129,-0.001333,0.005076,0.179046,2.961392,2.918763,78.970695
2.434462,0.012511,-0.961621,-0.075016,0.361200,-0.001108,0.004797,0.175366,2.987023,2.926348,78.995905
2.438138,0.012286,-0.969675,-0.076092,0.359103,-0.000775,0.005418,0.191018,3.013026,2.933991,79.021455
2.441819,0.012826,-0.967884,-0.076467,0.356639,-0.000450,0.005492,0.193663,3.040464,2.940357,79.047276
2.445476,0.013106,-0.966424,-0.075700,0.354087,-0.000286,0.005318,0.186597,3.066738,2.947414,79.074187
2.449007,0.013270,-0.966821,-0.074796,0.351870,0.000001,0.005132,0.180781,3.094121,2.954708,79.101621
2.452579,0.013436,-0.966042,-0.072561,0.349701,-0.000418,0.004423,0.140519,3.117093,2.956405,79.129479
2.455581,0.013340,-0.989856,-0.067994,0.347558,0.000158,0.003667,0.130041,3.146480,2.963567,79.155257
2.459131,0.014108,-0.980331,-0.063794,0.345137,-0.001222,-0.000962,-0.029388,3.172433,2.966669,79.181617
2.461184,0.010622,-1.100742,-0.058471,0.342768,-0.000584,-0.000194,-0.038062,3.207983,2.973147,79.210064
2.463905,0.013670,-1.145124,-0.053087,0.339470,-0.001147,-0.000350,-0.019584,3.235635,2.975977,79.240790
2.465836,0.017173,-1.104826,-0.048745,0.336552,-0.001077,-0.000249,-0.014150,3.264465,2.979994,79.272595
2.467605,0.019015,-1.034854,-0.046410,0.333583,-0.001020,-0.000163,-0.007226,3.293660,2.983981,79.301905
2.469166,0.018960,-0.964782,-0.045858,0.330887,-0.001429,0.000206,-0.011365,3.312386,2.985889,79.331477
2.470071,0.017903,-0.923140,-0.044909,0.329332,-0.000065,-0.000697,-0.007920,3.353572,2.992966,79.356517
2.472221,0.015853,-0.889477,-0.046344,0.325505,-0.000861,0.000162,-0.001926,3.372514,2.992795,79.385763
2.473142,0.014760,-0.879143,-0.047634,0.323067,-0.000920,0.000235,0.010364,3.399528,2.995300,79.416373
2.473710,0.013837,-0.873276,-0.050222,0.319455,0.000020,0.000799,0.031867,3.438531,3.000589,79.440914
2.474753,0.013274,-0.870903,-0.056407,0.313745,0.000133,0.002300,0.081707,3.457398,3.002435,79.472277
2.475060,0.013075,-0.870655,-0.061713,0.308777,-0.000114,0.001167,0.039001,3.495956,3.005531,79.501391
2.474362,0.010663,-0.955051,-0.069164,0.301706,0.000753,0.002552,0.108165,3.516497,3.007227,79.529898
2.473488,0.011134,-0.997618,-0.076113,0.295294,0.000091,0.001395,0.057710,3.546861,3.009586,79.559511
2.470923,0.009594,-1.123834,-0.084067,0.288382,0.001028,0.002969,0.107861,3.576323,3.011663,79.586009
2.468181,0.011487,-1.210518,-0.092605,0.281314,0.002008,0.005400,0.166518,3.615110,3.014719,79.614581
2.465115,0.014893,-1.260750,-0.105127,0.274405,0.004015,0.006899,0.256376,3.630484,3.014078,79.647666
2.462436,0.016596,-1.275995,-0.115289,0.269120,0.004517,0.008812,0.287935,3.658922,3.015750,79.675806
2.458945,0.017754,-1.311658,-0.127911,0.263780,0.005162,0.010162,0.316202,3.687130,3.020288,79.697896
2.454560,0.018240,-1.373531,-0.142003,0.259236,0.001724,0.002908,0.126693,3.716916,3.018111,79.724754
2.445197,0.010319,-1.669835,-0.150739,0.255163,-0.001722,0.002263,-0.005887,3.759821,3.017018,79.753064
2.431616,0.010659,-2.055372,-0.159542,0.251672,0.000031,0.000551,0.038568,3.788904,3.014890,79.787105
2.418787,0.016096,-2.300964,-0.165066,0.250228,-0.000911,0.000093,0.010744,3.816053,3.011711,79.821897
2.404288,0.022992,-2.501616,-0.168926,0.250976,-0.000863,0.000117,0.011253,3.845390,3.008525,79.851123
2.389327,0.030561,-2.636660,-0.173598,0.252986,-0.000894,0.000331,0.017203,3.872417,3.004308,79.878923
2.373884,0.037164,-2.724658,-0.177050,0.256361,-0.001167,0.000840,0.030369,3.900794,2.996214,79.906861
2.358049,0.042574,-2.770462,-0.179495,0.260807,0.002033,0.000412,0.044145,3.914488,2.992084,79.935419
2.345604,0.045395,-2.784420,-0.181994,0.267234,-0.001367,0.001133,0.040872,3.942264,2.980575,79.958638
2.330253,0.047179,-2.798401,-0.182985,0.273212,-0.001950,0.001426,0.053932,3.969576,2.973914,79.981922
2.315029,0.047879,-2.791994,-0.186744,0.279657,-0.001320,0.000281,0.016932,3.995268,2.960859,80.011772
2.301017,0.045638,-2.832089,-0.187972,0.286414,-0.002771,0.000217,0.012614,4.024155,2.945489,80.043161
2.286425,0.044237,-2.871462,-0.188808,0.293630,-0.001402,0.000464,0.022658,4.042964,2.931281,80.077677
2.274225,0.043647,-2.892365,-0.187228,0.302147,-0.001825,-0.000311,-0.004062,4.067442,2.918400,80.111537
2.262863,0.042456,-2.927331,-0.185469,0.310790,-0.003743,-0.000393,-0.008953,4.097660,2.899394,80.143813
2.250887,0.042034,-2.951191,-0.183564,0.319256,-0.001031,-0.000527,-0.010219,4.111123,2.888257,80.181369
2.242887,0.041722,-2.960811,-0.180785,0.328930,-0.003808,-0.000887,-0.020812,4.130913,2.870743,80.216578
2.233506,0.041255,-2.966535,-0.176229,0.338229,-0.005447,-0.001562,-0.040557,4.150834,2.853739,80.247925
2.224067,0.040419,-2.970933,-0.171550,0.347469,-0.006157,-0.002107,-0.054061,4.174949,2.834220,80.282266
2.215522,0.039501,-2.967079,-0.167130,0.356067,-0.008577,-0.002977,-0.073088,4.200644,2.808765,80.319244
2.206062,0.038052,-2.963063,-0.162238,0.364326,-0.007752,-0.003370,-0.102189,4.212092,2.794281,80.361636
2.198985,0.036804,-2.966233,-0.156382,0.373884,-0.002982,-0.001190,-0.021429,4.237350,2.766711,80.401081
2.198391,0.038794,-2.858785,-0.151679,0.381423,-0.003517,-0.001363,-0.063404,4.248974,2.751481,80.439438
2.198428,0.037789,-2.798729,-0.145942,0.389799,-0.004282,-0.002606,-0.072148,4.265168,2.728189,80.477959
2.199157,0.035422,-2.737380,-0.140536,0.397679,-0.005289,-0.003456,-0.097251,4.282358,2.703689,80.512545
2.200330,0.032681,-2.694090,-0.135619,0.405192,-0.006212,-0.004273,-0.119606,4.298751,2.678910,80.549709
2.201911,0.030231,-2.663523,-0.131007,0.411906,-0.002342,-0.001140,-0.037736,4.310886,2.652062,80.587042
2.208572,0.032223,-2.537470,-0.125608,0.417783,-0.001719,-0.001121,-0.033532,4.327645,2.626009,80.623307
2.216726,0.031723,-2.416416,-0.122109,0.422345,-0.001528,-0.000803,-0.023042,4.340777,2.599607,80.658901
2.225748,0.030049,-2.308048,-0.118812,0.425921,-0.001411,-0.000738,-0.021772,4.354925,2.571672,80.691879
2.235511,0.027840,-2.220596,-0.117150,0.428377,-0.001095,-0.000431,-0.011368,4.366615,2.542703,80.722319
2.245904,0.025845,-2.149782,-0.114850,0.429734,-0.001302,-0.000813,-0.022822,4.379350,2.513643,80.752945
2.256379,0.023806,-2.107228,-0.112534,0.430026,-0.000907,-0.000546,-0.016673,4.390134,2.483076,80.784263
2.267360,0.023043,-2.065366,-0.109365,0.429281,-0.001006,-0.001133,-0.035097,4.404117,2.453586,80.815877
2.278244,0.022273,-2.040806,-0.107727,0.428212,-0.000934,-0.001441,-0.045678,4.417571,2.421982,80.847935
2.289068,0.021845,-2.029141,-0.106069,0.426227,-0.000899,-0.001770,-0.056902,4.430220,2.391274,80.880388
2.299658,0.021844,-2.025500,-0.104567,0.424100,-0.000808,-0.002067,-0.067238,4.435802,2.358579,80.912854
2.310063,0.022224,-2.026019,-0.098564,0.421952,-0.001028,-0.003277,-0.108127,4.447611,2.329149,80.946096
2.320220,0.022885,-2.028168,-0.093233,0.419852,-0.001182,-0.003833,-0.134766,4.454115,2.298378,80.979024
2.330125,0.024250,-2.020353,-0.087342,0.417426,-0.001280,-0.005590,-0.187783,4.464471,2.265817,81.011327
2.339866,0.024671,-2.025877,-0.081937,0.413936,-0.001198,-0.006058,-0.210683,4.472727,2.233357,81.044424
2.349427,0.026119,-2.014472,-0.076568,0.409898,-0.000707,-0.007316,-0.257024,4.471053,2.195407,81.077846
2.359138,0.026893,-2.013746,-0.066947,0.405222,-0.001621,-0.010027,-0.340936,4.477682,2.164112,81.113682
2.367761,0.027124,-2.023472,-0.058801,0.400420,-0.001067,-0.011199,-0.394354,4.483737,2.129182,81.149377
2.376644,0.028535,-2.019458,-0.052952,0.395266,-0.000831,-0.013154,-0.453145,4.485407,2.093468,81.183419
2.385261,0.028914,-2.028754,-0.045466,0.389724,-0.000479,-0.014881,-0.515489,4.488858,2.056862,81.218946
2.393755,0.029729,-2.036122,-0.038058,0.383571,-0.000159,-0.016609,-0.578113,4.496021,2.022932,81.255981
2.401982,0.030711,-2.041434,-0.032094,0.377117,0.000458,-0.017964,-0.626930,4.500657,1.986103,81.292179
2.410102,0.031741,-2.045070,-0.026869,0.370350,0.000944,-0.019164,-0.671228,4.507971,1.951227,81.327854
2.417941,0.032739,-2.047447,-0.023930,0.363343,0.001418,-0.016105,-0.622844,4.524409,1.919723,81.364141
2.425406,0.037376,-1.976912,-0.025484,0.356742,0.001171,-0.019011,-0.673400,4.533048,1.889991,81.398236
2.431747,0.034916,-1.993654,-0.028686,0.350739,0.001235,0.000335,-0.041993,4.539824,1.848809,81.429334
2.437409,0.052908,-1.404626,-0.035578,0.345382,0.000591,0.002001,0.079007,4.546890,1.812779,81.464336
2.441722,0.047361,-0.959772,-0.047060,0.341657,0.001553,0.005060,0.175353,4.546444,1.777366,81.502951
2.446568,0.034769,-0.694078,-0.054808,0.337776,0.002196,0.006349,0.229507,4.550218,1.743552,81.539653
2.451572,0.022805,-0.564106,-0.063628,0.334520,0.003214,0.008751,0.305891,4.548084,1.705956,81.574701
2.456968,0.015254,-0.501150,-0.068040,0.330586,0.003755,0.009752,0.341172,4.550870,1.671125,81.609957
2.462315,0.010712,-0.477978,-0.072262,0.326732,0.004147,0.009647,0.350402,4.552047,1.634336,81.646128
2.467413,0.007302,-0.495450,-0.075688,0.322692,0.004910,0.011416,0.400167,4.553477,1.600008,81.682752
2.472644,0.007267,-0.488926,-0.078537,0.318350,0.005310,0.011124,0.403471,4.558451,1.565923,81.719045
2.477571,0.006306,-0.502021,-0.084210,0.314848,0.006148,0.013146,0.461249,4.564839,1.534152,81.753411
2.482564,0.007084,-0.495084,-0.090317,0.311485,0.007008,0.014324,0.503008,4.567943,1.499446,81.786611
2.487564,0.007329,-0.490169,-0.096020,0.307788,0.007536,0.014683,0.525435,4.569716,1.465551,81.820272
2.492237,0.006690,-0.500308,-0.103142,0.303962,0.007942,0.014388,0.540094,4.570257,1.431667,81.854876
2.496346,0.005078,-0.539015,-0.110508,0.299693,0.007267,0.015499,0.505339,4.571332,1.398125,81.888892
2.498772,0.005031,-0.645763,-0.117711,0.294853,0.008207,0.011181,0.499205,4.576745,1.363612,81.922287
2.501094,0.001754,-0.756785,-0.126490,0.290334,-0.000018,0.000357,0.022437,4.573377,1.328146,81.956241
2.494093,-0.009633,-1.360033,-0.127073,0.283751,-0.000343,-0.000027,0.002107,4.568957,1.294372,81.990719
2.486659,-0.002719,-1.787396,-0.123791,0.275068,-0.000542,-0.000180,-0.007930,4.568529,1.262892,82.024444
2.478289,0.010337,-2.027352,-0.123529,0.267525,-0.000389,-0.000038,-0.000424,4.563093,1.228461,82.056100
2.468880,0.022370,-2.142324,-0.125070,0.259563,0.002523,-0.001275,0.015015,4.554370,1.196336,82.087588
2.460999,0.029561,-2.186150,-0.127512,0.250922,0.000915,0.000589,0.021435,4.550382,1.164515,82.119634
2.450227,0.035576,-2.207797,-0.133453,0.243253,0.002366,0.001561,0.055232,4.543028,1.133759,82.150239
2.439518,0.038886,-2.207657,-0.141958,0.236109,0.003854,0.002854,0.097008,4.533915,1.101935,82.180095
2.428899,0.040164,-2.200410,-0.151723,0.229178,0.004648,0.004126,0.134738,4.522949,1.073172,82.210755
2.417658,0.040036,-2.198377,-0.162604,0.222583,0.007130,0.005667,0.189372,4.511273,1.043264,82.241808
2.407461,0.039461,-2.186348,-0.174833,0.215996,0.008784,0.007105,0.235376,4.504121,1.013281,82.273316
2.397416,0.038324,-2.176675,-0.189984,0.210053,0.009508,0.008331,0.257809,4.495779,0.984472,82.305043
2.386347,0.036603,-2.197425,-0.205350,0.204673,0.011095,0.009058,0.292332,4.487064,0.957059,82.336060
2.375215,0.034945,-2.221379,-0.218036,0.200718,0.013863,0.010612,0.351110,4.470945,0.930822,82.366711
2.365595,0.034588,-2.210816,-0.232086,0.195465,0.016122,0.012100,0.389299,4.455236,0.906234,82.398246
2.356596,0.034222,-2.191352,-0.244917,0.189322,0.014573,0.011988,0.344558,4.440039,0.882723,82.430991
2.344495,0.032303,-2.240861,-0.253690,0.185216,0.018621,0.013387,0.427476,4.422879,0.860262,82.463535
2.335571,0.032659,-2.208666,-0.261685,0.180639,0.018568,0.013062,0.395916,4.405329,0.842600,82.496515
2.325627,0.031017,-2.222575,-0.266658,0.177794,0.018218,0.013373,0.395040,4.385849,0.823209,82.528856
2.314884,0.029949,-2.242234,-0.269276,0.175741,0.020472,0.013372,0.431000,4.365302,0.805003,82.560742
2.306182,0.029057,-2.225196,-0.271668,0.173097,0.019823,0.012399,0.411983,4.345879,0.788354,82.594413
2.296559,0.026620,-2.235962,-0.271917,0.171430,0.021559,0.014236,0.451355,4.327288,0.774061,82.628891
2.288666,0.026696,-2.213300,-0.271704,0.169984,0.022199,0.014756,0.459316,4.303885,0.761586,82.662575
2.281479,0.026346,-2.186860,-0.271878,0.166978,0.018951,0.014004,0.403411,4.284182,0.753782,82.696881
2.270880,0.024428,-2.224185,-0.269198,0.165405,0.021865,0.014432,0.454136,4.259919,0.743809,82.730707
2.263545,0.024011,-2.203011,-0.266816,0.162832,0.021787,0.014261,0.449842,4.237683,0.736020,82.765131
2.256184,0.022820,-2.191043,-0.264976,0.159925,0.022673,0.015015,0.463725,4.216055,0.729773,82.801789
2.249730,0.022297,-2.170506,-0.262180,0.157428,0.014491,0.010134,0.315297,4.193565,0.725609,82.838357
2.235228,0.016452,-2.302322,-0.258488,0.156874,0.015617,0.012417,0.357105,4.169902,0.722862,82.875223
2.222539,0.017379,-2.369367,-0.255170,0.156748,0.022724,0.015204,0.467285,4.156323,0.724395,82.912948
2.217462,0.021445,-2.296121,-0.252119,0.158756,0.019364,0.014785,0.471602,4.140743,0.736759,82.947806
2.209313,0.021704,-2.222065,-0.245836,0.162810,0.018672,0.011690,0.388713,4.102143,0.723460,82.979930
2.201656,0.017195,-2.240524,-0.250592,0.160172,0.021949,0.015242,0.461220,4.093531,0.729720,83.020570
2.196881,0.017913,-2.203534,-0.251797,0.160713,0.019517,0.014810,0.440587,4.069303,0.733747,83.061844
2.189789,0.016890,-2.195079,-0.253752,0.159840,0.019436,0.015111,0.469655,4.057326,0.753218,83.099393
2.182449,0.015963,-2.166691,-0.250898,0.160838,-0.001666,-0.000319,-0.008098,4.037500,0.759396,83.139983
2.154535,-0.000748,-2.622881,-0.243683,0.165002,-0.001212,-0.000636,-0.003130,4.019380,0.766327,83.181488
2.129438,-0.002931,-2.975907,-0.234885,0.171298,0.002957,-0.001972,0.019692,3.993779,0.758875,83.224188
2.110409,0.000526,-3.181600,-0.229496,0.176801,-0.003338,-0.001408,-0.036052,3.974218,0.766912,83.265062
2.086335,0.006509,-3.353089,-0.224417,0.182970,-0.012028,0.001113,-0.043433,3.956730,0.792390,83.304462
2.054741,0.015087,-3.447023,-0.217081,0.188378,-0.001447,-0.000403,-0.010265,3.939926,0.802171,83.349283
2.034856,0.019436,-3.431032,-0.212461,0.195557,-0.002092,-0.000681,-0.013835,3.924492,0.811659,83.396981
2.015553,0.020568,-3.392631,-0.210404,0.202511,0.001402,-0.000061,-0.018515,3.915426,0.818875,83.440274
2.000932,0.019868,-3.353554,-0.208900,0.210878,-0.001135,-0.000187,-0.002591,3.890023,0.813555,83.477156
1.985109,0.017601,-3.300134,-0.209027,0.219396,0.000812,0.000550,-0.005241,3.883581,0.823045,83.506149
1.972660,0.014731,-3.263853,-0.207633,0.229037,-0.002967,-0.000366,-0.003240,3.870271,0.834869,83.531081
1.957943,0.010690,-3.231700,-0.207461,0.238592,-0.004062,-0.000446,-0.003339,3.856498,0.845326,83.557104
1.943730,0.006686,-3.211116,-0.207475,0.248125,-0.004995,-0.000482,-0.003144,3.841782,0.856567,83.584741
1.930104,0.003056,-3.199393,-0.207674,0.257234,-0.007815,-0.000974,-0.001587,3.823370,0.871376,83.612468
1.915094,-0.000570,-3.192859,-0.207807,0.265285,-0.004446,-0.000014,-0.001888,3.815602,0.880650,83.641849
1.904800,-0.002681,-3.190960,-0.207563,0.273686,-0.007769,-0.000566,-0.002477,3.802313,0.890538,83.669166
1.892445,-0.004995,-3.189682,-0.207502,0.281275,-0.008410,-0.000586,-0.002831,3.791698,0.902703,83.691139
1.880615,-0.007031,-3.188843,-0.205385,0.288982,-0.009369,-0.000935,-0.012086,3.778169,0.915042,83.711745
1.869194,-0.008866,-3.187663,-0.203196,0.295739,-0.010307,-0.001295,-0.021932,3.765953,0.926620,83.731718
1.858090,-0.010549,-3.185752,-0.200570,0.302174,-0.011566,-0.001800,-0.034119,3.753991,0.940349,83.749045
1.846970,-0.012187,-3.182924,-0.197627,0.308060,-0.014015,-0.002523,-0.048091,3.742472,0.962361,83.764993
1.834615,-0.013952,-3.178961,-0.195115,0.313177,-0.010902,-0.002481,-0.063706,3.732071,0.966696,83.784192
1.826496,-0.015147,-3.177056,-0.190168,0.319504,-0.014070,-0.003693,-0.088449,3.720785,0.981131,83.800059
1.816560,-0.016549,-3.173127,-0.184302,0.325391,-0.016161,-0.004691,-0.109573,3.710142,1.004170,83.812666
1.805972,-0.017743,-3.157040,-0.179475,0.330448,-0.014260,-0.005559,-0.151103,3.700230,1.012517,83.832151
1.798516,-0.019076,-3.157534,-0.172402,0.336401,-0.018529,-0.007454,-0.185542,3.686630,1.035906,83.849632
1.788267,-0.020539,-3.148013,-0.165654,0.341029,-0.016580,-0.008633,-0.238427,3.677209,1.046424,83.867320
1.781299,-0.021646,-3.149455,-0.156528,0.346670,-0.018937,-0.010701,-0.286335,3.668243,1.064798,83.886537
1.773521,-0.022502,-3.135389,-0.146607,0.352035,-0.021082,-0.013222,-0.356544,3.659085,1.083951,83.903261
1.765091,-0.023696,-3.125665,-0.135888,0.357378,-0.021690,-0.015986,-0.446810,3.648079,1.102847,83.922602
1.757584,-0.024933,-3.129321,-0.123703,0.362865,-0.025897,-0.019486,-0.536630,3.636434,1.127321,83.942640
1.747426,-0.026183,-3.126284,-0.112714,0.367601,-0.024862,-0.022297,-0.629901,3.625560,1.148074,83.964852
1.739637,-0.027182,-3.127744,-0.100620,0.372154,-0.024140,-0.025465,-0.728292,3.619686,1.164300,83.988145
1.733777,-0.027884,-3.127566,-0.085958,0.377179,-0.026927,-0.029618,-0.841148,3.610531,1.184995,84.008186
1.726313,-0.028622,-3.119301,-0.072184,0.381573,-0.027635,-0.033336,-0.944824,3.601595,1.206501,84.028104
1.718971,-0.029405,-3.107516,-0.058345,0.385332,-0.029561,-0.037217,-1.042353,3.587288,1.231444,84.049341
1.710445,-0.030336,-3.083193,-0.048475,0.387625,-0.027083,-0.039863,-1.144043,3.585703,1.248653,84.071922
1.704814,-0.031446,-3.090383,-0.034239,0.390752,-0.028305,-0.043497,-1.233781,3.578197,1.271130,84.093972
1.698286,-0.031944,-3.073999,-0.019039,0.393274,-0.027008,-0.046002,-1.271250,3.570639,1.292958,84.114674
1.693082,-0.031335,-2.990651,-0.004330,0.395490,-0.029427,-0.051184,-1.450670,3.559081,1.316034,84.136058
1.685336,-0.033987,-3.016419,0.007447,0.397319,-0.002264,-0.003625,-0.122748,3.553292,1.336213,84.158074
1.704615,0.015162,-1.629034,0.011476,0.398763,0.003450,-0.003978,0.022462,3.538968,1.369261,84.180009
1.728980,0.019210,-0.639232,0.017527,0.397290,-0.005122,-0.000479,-0.115222,3.538140,1.384503,84.207070
1.744670,0.016064,-0.240170,0.020654,0.396419,0.004533,-0.002628,-0.020472,3.523511,1.419662,84.232714
1.769868,0.010195,0.063149,0.030026,0.392825,-0.004264,-0.002017,-0.099355,3.518189,1.436282,84.259382
1.785453,0.008748,0.192216,0.040141,0.389519,0.000720,-0.005070,-0.149682,3.507937,1.462079,84.287726
1.805321,0.006689,0.282651,0.053125,0.385335,0.001463,-0.007713,-0.216327,3.491245,1.489659,84.312649
1.824786,0.005825,0.358514,0.069123,0.379745,0.002638,-0.012163,-0.355077,3.480771,1.516536,84.343827
1.843957,0.004285,0.379027,0.088675,0.373591,0.003540,-0.015137,-0.416037,3.468944,1.543313,84.377101
1.862025,0.005107,0.466571,0.109484,0.367054,0.006108,-0.020893,-0.603517,3.453254,1.570185,84.410488
1.880399,0.003181,0.463654,0.129042,0.360410,0.005468,-0.023830,-0.689379,3.441554,1.592912,84.445200
1.895674,0.003225,0.487699,0.147071,0.354853,0.012893,-0.028350,-0.847494,3.428426,1.624929,84.478668
1.916116,0.001418,0.435948,0.170427,0.348347,0.014424,-0.022116,-0.755033,3.407589,1.655719,84.513314
1.934984,0.010494,0.590796,0.188691,0.341137,0.001038,-0.004395,-0.218703,3.394750,1.673855,84.553611
1.938222,0.032416,1.318430,0.195011,0.337100,0.002689,-0.003379,-0.093457,3.375809,1.697395,84.590932
1.943633,0.036170,1.979905,0.195392,0.334366,0.002350,-0.003299,-0.088033,3.356462,1.721201,84.624902
1.949261,0.030492,2.393508,0.193520,0.332870,0.002928,-0.003683,-0.103884,3.335209,1.743070,84.661852
1.955502,0.021948,2.600021,0.189845,0.331925,0.002780,-0.003230,-0.081989,3.310897,1.764650,84.699175
1.961401,0.014700,2.709872,0.184941,0.331454,0.002449,-0.002357,-0.076364,3.290161,1.782772,84.737558
1.966897,0.009346,2.744431,0.178495,0.332178,0.001946,-0.001340,-0.038185,3.264917,1.801310,84.775644
1.972135,0.005836,2.761993,0.170351,0.333091,0.000467,0.000253,0.009442,3.239799,1.816145,84.813024
1.976426,0.003706,2.772788,0.160517,0.334692,-0.000093,0.001833,0.054895,3.213023,1.831672,84.851590
1.980960,0.002019,2.768157,0.149172,0.336667,-0.001075,0.003828,0.116638,3.185258,1.845251,84.889693
1.985503,0.000810,2.758298,0.136524,0.339104,-0.001343,0.006430,0.195313,3.150013,1.860913,84.927925
1.990873,0.000143,2.750621,0.120998,0.340569,-0.004715,0.010121,0.306393,3.129543,1.868078,84.969555
1.994027,-0.000055,2.751977,0.106124,0.343345,-0.004397,0.011940,0.339662,3.102272,1.876421,85.006556
1.998683,-0.002009,2.678380,0.090526,0.345452,-0.005363,0.015971,0.457708,3.071463,1.884502,85.036470
2.003268,-0.001536,2.632853,0.073813,0.347712,-0.006804,0.020154,0.592603,3.041385,1.891725,85.067894
2.007327,-0.000715,2.610075,0.059381,0.349127,-0.003849,0.011351,0.414591,3.004716,1.900584,85.100178
2.014879,-0.012618,2.305091,0.045446,0.350095,-0.001270,0.003471,0.106656,2.974685,1.907464,85.134280
2.024992,-0.024122,1.696304,0.037350,0.349183,-0.001178,0.001693,0.082182,2.943882,1.914100,85.167930
2.035018,-0.022509,1.250631,0.032146,0.346998,-0.000702,0.000407,0.018591,2.917787,1.923372,85.200040
2.045465,-0.017434,0.902741,0.028148,0.343827,-0.000369,0.000303,0.013930,2.886738,1.928060,85.230157
2.055998,-0.011496,0.688339,0.020728,0.340375,-0.002407,0.001013,0.077113,2.863544,1.930170,85.259302
2.064198,-0.007484,0.588100,0.011429,0.337207,-0.000053,0.004335,0.137638,2.832466,1.935181,85.287130
2.074458,-0.003735,0.525938,0.000043,0.333762,0.000175,0.007065,0.213579,2.802107,1.940857,85.314788
2.084501,-0.001789,0.480986,-0.011885,0.329779,0.000672,0.010000,0.302694,2.771006,1.946196,85.345719
2.094380,-0.000665,0.451370,-0.026377,0.325899,0.001233,0.013527,0.408562,2.740013,1.951315,85.377019
2.103991,-0.000071,0.425289,-0.042511,0.321965,0.002049,0.017348,0.524364,2.709087,1.956816,85.408869
2.113363,0.000274,0.400159,-0.061337,0.318401,0.003050,0.021603,0.652446,2.678197,1.962615,85.440416
2.122398,0.000506,0.373170,-0.082306,0.315124,0.003895,0.024589,0.722109,2.648279,1.967475,85.471764
2.130606,-0.000679,0.282992,-0.104054,0.312268,0.005858,0.030154,0.905145,2.616832,1.974123,85.502584
2.138935,0.001362,0.277970,-0.129244,0.310030,0.007618,0.034052,1.011396,2.585960,1.980735,85.533435
2.146668,0.001892,0.255582,-0.154855,0.307586,0.009617,0.037331,1.102476,2.555209,1.988196,85.565540
2.153880,0.002203,0.228940,-0.180744,0.304776,0.011739,0.039927,1.176791,2.524829,1.996439,85.597973
2.160581,0.002576,0.206587,-0.207200,0.300734,0.012273,0.038811,1.099217,2.495502,2.005633,85.630592
2.165003,-0.000097,0.055874,-0.230414,0.295413,0.016432,0.044013,1.320182,2.469190,2.012383,85.663023
2.171096,0.004489,0.128970,-0.252758,0.287433,0.018288,0.043607,1.270806,2.438433,2.026092,85.693645
2.176243,0.004676,0.133061,-0.271586,0.277433,0.020506,0.044002,1.283075,2.404262,2.033352,85.726116
2.180977,0.004706,0.136034,-0.289441,0.267433,0.028336,0.046124,1.496156,2.376686,2.061720,85.761694
2.191018,0.006580,0.343058,-0.298444,0.257433,0.026811,0.045653,1.428799,2.361555,2.070267,85.800697
2.197606,0.004511,0.423012,-0.295606,0.255921,0.028224,0.045318,1.430481,2.332261,2.098176,85.835581
2.205578,0.002242,0.469671,-0.300000,0.245921,0.019641,0.039224,1.074119,2.311959,2.117719,85.870744
2.203441,-0.005591,0.130138,-0.300000,0.235921,0.024895,0.044837,1.310144,2.291294,2.140733,85.911011
2.205815,0.000542,0.103679,-0.300000,0.225921,0.025718,0.044338,1.289965,2.272818,2.164474,85.949252
2.207891,0.003349,0.096804,-0.300000,0.215921,0.026351,0.043199,1.269766,2.258319,2.188528,85.988642
2.209477,0.003635,0.084445,-0.300000,0.205921,0.032964,0.046142,1.450386,2.240535,2.217346,86.027768
2.216631,0.006886,0.258742,-0.300000,0.195921,0.033173,0.044999,1.399503,2.227116,2.246416,86.069639
2.222704,0.005099,0.336930,-0.300000,0.185921,0.004671,0.003304,0.188001,2.217189,2.274149,86.115000
2.199328,-0.038293,-0.822579,-0.291891,0.185049,-0.000444,-0.000260,-0.007229,2.210100,2.301760,86.160251
2.172970,-0.048208,-2.001428,-0.276604,0.187789,-0.002006,-0.000994,-0.028195,2.205373,2.329458,86.205148
2.148289,-0.038398,-2.825015,-0.257606,0.194477,-0.004427,-0.002272,-0.065534,2.203733,2.355643,86.250269
2.124062,-0.022237,-3.334381,-0.237140,0.203699,-0.003154,-0.007055,-0.086618,2.206098,2.379904,86.295483
2.103486,-0.008551,-3.597080,-0.219350,0.213699,-0.014847,-0.003217,-0.198832,2.202564,2.411408,86.339654
2.073349,0.009342,-3.797197,-0.203226,0.223699,-0.013114,-0.008438,-0.239794,2.212907,2.427354,86.385410
2.046632,0.019677,-3.879519,-0.185675,0.233699,-0.009227,-0.011940,-0.310657,2.212139,2.459757,86.429856
2.026126,0.025456,-3.909995,-0.176772,0.243699,-0.007847,-0.001201,-0.038682,2.218920,2.475912,86.474018
2.008778,0.040656,-3.604262,-0.174807,0.253699,-0.006428,-0.003038,-0.003025,2.223771,2.508876,86.517251
1.993463,0.039513,-3.318643,-0.182504,0.263699,-0.002376,-0.000192,-0.008188,2.228027,2.531049,86.560059
1.983110,0.032116,-3.144326,-0.194222,0.273699,-0.001253,0.000185,0.021183,2.234926,2.553853,86.604139
1.974654,0.021609,-3.045009,-0.207171,0.283699,-0.001115,0.000274,0.021552,2.241049,2.576110,86.644378
1.967051,0.011208,-3.039694,-0.220223,0.293227,-0.000886,0.000299,0.019709,2.247435,2.597936,86.682431
1.960236,0.003166,-3.103683,-0.230866,0.302940,0.000110,0.001568,0.050443,2.254552,2.610622,86.718441
1.955109,-0.000430,-3.168378,-0.238132,0.312940,-0.001048,0.001845,0.058703,2.264622,2.632700,86.750670
1.949496,-0.002044,-3.235080,-0.242904,0.322940,-0.001614,0.002335,0.074024,2.274331,2.654285,86.782450
1.944122,-0.002057,-3.282705,-0.244353,0.332940,-0.001316,0.000072,0.006597,2.279655,2.680335,86.816944
1.940050,-0.003923,-3.386240,-0.245932,0.342940,-0.002315,0.000150,0.009586,2.293512,2.699453,86.850361
1.936080,-0.003376,-3.464586,-0.244746,0.352940,-0.003462,-0.000010,0.006818,2.306201,2.718627,86.882910
1.932152,-0.001844,-3.517264,-0.241436,0.362940,-0.005031,-0.000386,-0.002412,2.325940,2.732348,86.915626
1.927970,-0.000197,-3.549479,-0.235312,0.372940,-0.006530,-0.001099,-0.021838,2.340834,2.750456,86.949344
1.923876,0.001118,-3.567735,-0.227875,0.382940,-0.008386,-0.001982,-0.047651,2.354805,2.773009,86.983149
1.919657,0.002002,-3.577117,-0.219993,0.392570,-0.002873,-0.001480,-0.039534,2.376379,2.791522,87.013998
1.922721,0.003958,-3.543232,-0.212667,0.401330,-0.002113,-0.001148,-0.022079,2.394512,2.800169,87.044620
1.927940,0.005982,-3.470803,-0.202208,0.410146,-0.004150,-0.002630,-0.072022,2.412194,2.817105,87.074946
1.932813,0.006078,-3.424138,-0.190715,0.418488,-0.006048,-0.004436,-0.123132,2.435998,2.829373,87.101693
1.937582,0.005508,-3.392230,-0.177624,0.426049,-0.002434,-0.002324,-0.063495,2.458999,2.843558,87.129438
1.947961,0.009222,-3.245995,-0.165669,0.432807,-0.002796,-0.002271,-0.067494,2.480721,2.854911,87.158165
1.959244,0.011111,-3.086965,-0.154059,0.438942,-0.001673,-0.002385,-0.059091,2.506755,2.868560,87.184164
1.972947,0.011642,-2.909147,-0.143609,0.443669,-0.003054,-0.002060,-0.070615,2.529204,2.878008,87.210971
1.986363,0.011519,-2.747067,-0.134010,0.447653,-0.002863,-0.004165,-0.116647,2.555730,2.890800,87.238346
2.000862,0.008871,-2.635737,-0.126833,0.450315,-0.002125,-0.001579,-0.051040,2.580975,2.898856,87.265708
2.016844,0.010276,-2.462515,-0.119267,0.452728,-0.002212,-0.003221,-0.094950,2.608359,2.910165,87.293540
2.033184,0.008462,-2.353464,-0.113609,0.454018,-0.002431,-0.004440,-0.132782,2.637058,2.920229,87.322275
2.049619,0.006367,-2.295057,-0.108108,0.454716,-0.001844,-0.001297,-0.043060,2.665332,2.925748,87.352510
2.066895,0.009427,-2.140459,-0.101652,0.455240,-0.001539,-0.002709,-0.082961,2.695255,2.934192,87.382919
2.084482,0.008786,-2.043835,-0.096037,0.454990,-0.002160,-0.003954,-0.123668,2.722586,2.944626,87.414263
2.101582,0.007483,-1.992715,-0.092822,0.454622,-0.001380,-0.004689,-0.145869,2.751172,2.952128,87.444678
2.119336,0.006641,-1.968768,-0.089570,0.453769,-0.002796,-0.004963,-0.163066,2.784164,2.956400,87.474172
2.135505,0.006984,-1.954321,-0.083143,0.451824,0.000913,-0.006728,-0.220147,2.822364,2.970604,87.506158
2.155261,0.007221,-1.958329,-0.080002,0.448629,-0.005395,-0.007744,-0.241743,2.849273,2.970861,87.542771
2.168194,0.007867,-1.963485,-0.073441,0.445706,-0.002272,-0.009071,-0.294291,2.882184,2.976932,87.577685
2.184047,0.008985,-1.970223,-0.067325,0.441814,-0.002199,-0.010489,-0.342396,2.914959,2.982810,87.609539
2.199535,0.010275,-1.976509,-0.062023,0.437520,-0.002137,-0.011706,-0.384137,2.944160,2.993553,87.643193
2.214541,0.011639,-1.981915,-0.061102,0.432899,-0.001558,-0.011848,-0.392433,2.978514,3.000089,87.675403
2.229456,0.013029,-1.986981,-0.058814,0.427654,-0.000867,-0.011289,-0.387412,3.015896,2.999533,87.708193
2.244123,0.015410,-1.972454,-0.050672,0.421241,-0.001022,-0.014240,-0.475044,3.047040,3.008706,87.744140
2.258094,0.015841,-1.981894,-0.047046,0.414647,-0.000234,-0.015019,-0.503583,3.080483,3.016800,87.779067
2.271972,0.016867,-1.990516,-0.046969,0.409155,-0.000152,-0.000080,-0.004641,3.118066,3.015291,87.812934
2.285116,0.033015,-1.498005,-0.044346,0.403670,0.002659,-0.001805,0.028987,3.159830,3.027119,87.849353
0.400000,0.020000,0.000000,0.002656,0.520000,-0.008403,0.729471,4.235977,1.028592,3.024701,0.066391
0.437222,0.730299,4.258821,-0.030996,0.530000,-0.262687,-0.386814,-2.121375,1.029432,3.019721,0.073267
0.273408,0.141091,2.310879,-0.045922,0.540000,0.009210,-0.043085,-1.225713,1.033736,3.014403,0.077547
0.331029,0.000739,0.046562,-0.045362,0.550000,-0.079379,0.006396,0.166724,1.034130,3.013705,0.077547
0.300244,-0.000056,-0.002759,-0.044363,0.560000,-0.026685,0.005899,0.154297,1.038322,3.011961,0.077547
0.323372,-0.000048,-0.002802,-0.041571,0.570000,-0.033671,0.005791,0.151082,1.041738,3.011371,0.078794
0.340570,-0.000099,-0.004527,-0.039071,0.580000,-0.043891,0.005703,0.149142,1.043565,3.011110,0.081613
0.348679,-0.000054,-0.003004,-0.037072,0.590000,-0.006360,0.005522,0.145004,1.051140,3.011274,0.084779
0.395181,-0.000033,-0.001739,-0.034247,0.600000,-0.013388,0.005802,0.153142,1.058728,3.011392,0.091263
0.435552,0.000211,0.005508,-0.031910,0.610000,-0.024899,0.002799,0.086537,1.064257,3.011741,0.101678
0.465356,-0.002739,-0.059333,-0.029874,0.620000,-0.005036,-0.000263,-0.006889,1.073032,3.012376,0.110396
0.516119,-0.005876,-0.157944,-0.027179,0.630000,-0.005215,-0.000830,-0.021534,1.083408,3.012915,0.119843
0.567522,-0.006620,-0.184174,-0.024826,0.640000,-0.016925,-0.001028,-0.026275,1.094148,3.014130,0.133170
0.608037,-0.006798,-0.192561,-0.024295,0.650000,-0.001119,-0.001618,-0.042864,1.107206,3.013994,0.146423
0.665239,-0.007559,-0.216524,-0.023258,0.660000,-0.011219,-0.001783,-0.046189,1.118336,3.014746,0.160793
0.712830,-0.007917,-0.230768,-0.022179,0.670000,-0.023238,-0.002014,-0.051075,1.130922,3.015070,0.176967
0.749485,-0.008191,-0.241792,-0.023239,0.680000,-0.015177,-0.000737,-0.023111,1.144568,3.014680,0.192517
0.794761,-0.007365,-0.230100,-0.025367,0.690000,-0.004439,0.000509,0.013998,1.159905,3.015066,0.208106
0.851450,-0.006700,-0.211005,-0.028408,0.699052,-0.005243,0.000563,0.018919,1.175614,3.015568,0.225458
0.907886,-0.007479,-0.230070,-0.032220,0.706274,-0.009018,0.000966,0.027035,1.191722,3.017045,0.244285
0.960835,-0.008322,-0.263200,-0.038172,0.711787,-0.009602,0.002467,0.067640,1.209227,3.017474,0.264067
1.013263,-0.008625,-0.283204,-0.046190,0.715500,-0.008096,0.004424,0.120392,1.228360,3.018804,0.284900
1.066815,-0.008907,-0.302026,-0.056719,0.717535,-0.008567,0.004350,0.136980,1.246691,3.018083,0.306176
1.119488,-0.011865,-0.376211,-0.067108,0.717782,-0.006001,0.001144,0.040654,1.266903,3.018327,0.327577
1.174006,-0.018360,-0.587405,-0.077649,0.716222,-0.009537,0.002647,0.076186,1.287300,3.019112,0.350396
1.224172,-0.020728,-0.727717,-0.089244,0.713857,-0.007530,0.004899,0.142513,1.308744,3.018986,0.374428
1.275472,-0.021745,-0.816187,-0.101258,0.710947,-0.007076,0.008844,0.250086,1.331397,3.018231,0.398012
1.325642,-0.020785,-0.845815,-0.114739,0.708085,-0.007163,0.012159,0.345054,1.353410,3.017128,0.422627
1.374193,-0.020294,-0.870493,-0.129147,0.705096,-0.004917,0.014529,0.412999,1.376245,3.016378,0.448359
1.422927,-0.020801,-0.920557,-0.144743,0.701909,-0.000964,0.018395,0.520272,1.400845,3.015223,0.473924
1.473587,-0.019954,-0.947616,-0.161984,0.698373,-0.004585,0.008344,0.313742,1.424944,3.013973,0.500162
1.518220,-0.032577,-1.275215,-0.178441,0.695112,-0.003300,0.002920,0.086973,1.450784,3.012338,0.527288
1.562864,-0.043249,-1.804744,-0.191316,0.692155,-0.007611,0.001926,0.088192,1.478703,3.009227,0.555119
1.602469,-0.046776,-2.188981,-0.203758,0.689660,-0.006907,0.000813,0.046174,1.507134,3.002933,0.584028
1.641659,-0.048004,-2.524046,-0.214032,0.687365,-0.011478,0.000985,0.059415,1.534331,2.996506,0.614667
1.675142,-0.046266,-2.765697,-0.222688,0.685332,-0.011170,0.002188,0.100907,1.561041,2.989091,0.646478
1.707505,-0.042329,-2.911770,-0.230001,0.683416,-0.004078,0.003624,0.126718,1.588755,2.978053,0.677834
1.745393,-0.037387,-3.007291,-0.235041,0.681022,-0.007403,0.003704,0.146645,1.614338,2.966538,0.709580
1.778285,-0.032780,-3.067819,-0.238374,0.678344,-0.002366,0.004441,0.153490,1.642884,2.954488,0.742647
1.814652,-0.027754,-3.110944,-0.241287,0.674981,0.004053,0.005310,0.156982,1.671770,2.937379,0.777158
1.855845,-0.022070,-3.144682,-0.241699,0.670156,-0.001983,0.002993,0.127428,1.696280,2.920785,0.813796
1.889289,-0.018526,-3.195603,-0.239440,0.664490,-0.004010,-0.000801,-0.004318,1.722578,2.901635,0.850860
1.919482,-0.017281,-3.355135,-0.234234,0.658060,-0.004725,-0.001315,-0.015364,1.746684,2.879853,0.888140
1.948263,-0.011794,-3.463665,-0.226524,0.650810,-0.002858,-0.001916,-0.042993,1.770587,2.855048,0.926114
1.977892,-0.004447,-3.535495,-0.215879,0.642344,-0.003396,-0.003296,-0.082551,1.792141,2.828993,0.965836
2.005979,0.003261,-3.580440,-0.202375,0.634172,-0.002749,-0.003634,-0.110875,1.814870,2.801798,1.007127
2.034008,0.012284,-3.581922,-0.188749,0.625763,-0.003315,-0.001965,-0.048812,1.833254,2.771944,1.048946
2.060633,0.023398,-3.457818,-0.173778,0.616600,-0.002757,-0.002708,-0.070029,1.851525,2.739900,1.091602
2.086955,0.030537,-3.315591,-0.157937,0.606600,-0.002855,-0.004948,-0.144001,1.867813,2.706055,1.135259
2.112606,0.033431,-3.209151,-0.139907,0.596600,-0.004030,-0.007954,-0.237764,1.881745,2.672194,1.180136
2.136976,0.034339,-3.132416,-0.120957,0.586600,-0.003710,-0.011115,-0.348941,1.895289,2.636563,1.224733
2.161661,0.034977,-3.079064,-0.100763,0.576600,-0.004412,-0.015076,-0.481241,1.905557,2.600263,1.268543
2.185542,0.035797,-3.043245,-0.080014,0.566600,-0.004273,-0.019287,-0.630240,1.914895,2.563101,1.311056
2.209313,0.037268,-3.018716,-0.061524,0.556600,-0.003392,-0.021750,-0.725907,1.924047,2.525644,1.352231
2.233203,0.040772,-2.959383,-0.045304,0.546600,-0.002667,-0.026490,-0.890556,1.932218,2.487247,1.392492
2.256814,0.041726,-2.957560,-0.030521,0.536600,-0.001203,-0.028877,-0.984850,1.939622,2.448112,1.432685
2.280676,0.044816,-2.934261,-0.019737,0.526600,-0.000152,-0.020579,-0.863039,1.947991,2.410722,1.472932
2.304157,0.058205,-2.713063,-0.014509,0.516600,0.000800,-0.000793,-0.034713,1.959104,2.365736,1.512676
2.327057,0.081829,-1.699850,-0.011723,0.506600,-0.003583,-0.003284,0.023793,1.962631,2.341869,1.555453
2.345212,0.066297,-0.956074,-0.031767,0.496600,0.000056,0.005605,0.112264,1.974963,2.300527,1.592123
2.366342,0.045410,-0.593561,-0.049015,0.490091,0.002962,0.007978,0.275129,1.984660,2.256084,1.625292
2.389242,0.027024,-0.388178,-0.065600,0.482596,0.003420,0.007875,0.325981,1.990461,2.212602,1.667558
2.410889,0.011446,-0.379222,-0.082069,0.477991,0.000578,0.003384,0.118017,2.002214,2.170407,1.712745
2.428237,-0.003226,-0.736130,-0.094360,0.472253,0.002097,0.005817,0.201443,2.011632,2.126490,1.757035
2.445719,-0.002362,-0.979535,-0.104067,0.466099,0.002881,0.007341,0.262016,2.022082,2.084502,1.801068
2.462488,0.003010,-1.130404,-0.112828,0.459137,0.002985,0.004999,0.233624,2.031064,2.041180,1.845607
2.477562,0.005113,-1.295180,-0.122743,0.450808,0.000064,0.001510,0.055905,2.036312,2.000542,1.890383
2.487768,0.004900,-1.630704,-0.130056,0.441326,0.002284,0.002774,0.100285,2.046112,1.956973,1.933392
2.498467,0.012767,-1.841814,-0.138362,0.431379,0.003284,0.003874,0.138780,2.049777,1.914059,1.975742
2.507849,0.021868,-1.966270,-0.150608,0.423959,0.005002,0.005407,0.194439,2.053128,1.871581,2.019867
2.516532,0.029929,-2.033790,-0.166303,0.416836,0.007361,0.007243,0.256461,2.054558,1.828478,2.063353
2.524895,0.036352,-2.065117,-0.182977,0.409650,0.009716,0.008814,0.308706,2.054871,1.785149,2.105818
2.532916,0.041065,-2.076292,-0.199916,0.401872,0.011911,0.009977,0.347797,2.053925,1.742296,2.149079
2.540454,0.044260,-2.079102,-0.217016,0.392837,0.014487,0.011152,0.384257,2.049964,1.700276,2.192470
2.547854,0.046678,-2.071977,-0.233161,0.382837,0.012538,0.006960,0.300148,2.041084,1.656823,2.234781
2.550662,0.043323,-2.169355,-0.246102,0.372837,0.001016,0.000336,0.014047,2.033893,1.615782,2.276444
2.539808,0.036948,-2.553462,-0.247128,0.365835,0.001939,0.000505,0.018338,2.021289,1.575022,2.317864
2.529097,0.043159,-2.854071,-0.247752,0.363350,0.000910,0.000196,0.012972,2.007043,1.535830,2.358905
2.516505,0.054847,-3.069016,-0.240321,0.362952,-0.001802,-0.000490,-0.011264,1.986753,1.494992,2.400881
2.501006,0.068018,-3.219352,-0.227914,0.364240,-0.002864,-0.000771,-0.022767,1.967290,1.456262,2.446199
2.484859,0.081225,-3.300607,-0.210973,0.366518,-0.003469,-0.001199,-0.031498,1.944966,1.421993,2.494221
2.469118,0.092777,-3.317267,-0.189249,0.369582,-0.005525,-0.002673,-0.079842,1.921661,1.389663,2.542341
2.453089,0.100684,-3.308785,-0.165130,0.374500,-0.008095,-0.004626,-0.144772,1.896475,1.361114,2.590555
2.436967,0.105260,-3.281401,-0.138225,0.380241,-0.009125,-0.005400,-0.202275,1.866755,1.334066,2.639563
2.422861,0.108849,-3.202272,-0.110547,0.382714,-0.003443,-0.004182,-0.138321,1.836530,1.310089,2.690241
2.417257,0.112885,-2.929768,-0.089045,0.383295,-0.004595,-0.006973,-0.243225,1.805968,1.286588,2.742522
2.412787,0.106488,-2.691317,-0.074883,0.381962,-0.004797,-0.006762,-0.277006,1.774823,1.264894,2.795288
2.409966,0.096546,-2.448775,-0.066457,0.378898,-0.000943,-0.001821,-0.058491,1.742147,1.244313,2.848093
2.412266,0.088703,-1.993269,-0.066916,0.375271,-0.000861,-0.001189,-0.043548,1.710184,1.224275,2.900585
2.415366,0.070846,-1.667806,-0.075647,0.371501,-0.000686,0.001006,0.048863,1.679811,1.208901,2.950810
2.418739,0.052572,-1.438351,-0.088417,0.367483,-0.000156,0.001557,0.069019,1.648455,1.191930,2.996982
2.422142,0.035512,-1.384861,-0.103259,0.363149,0.000411,0.001405,0.066561,1.613576,1.171125,3.039792
2.425145,0.022936,-1.481542,-0.119031,0.358317,0.000907,0.002776,0.095944,1.579813,1.153113,3.081259
2.427295,0.017624,-1.634616,-0.135819,0.353461,0.002043,0.003646,0.151661,1.544774,1.136672,3.120031
2.428852,0.016623,-1.781473,-0.154659,0.347421,0.001492,0.002617,0.090050,1.511097,1.116742,3.156271
2.427605,0.015728,-2.031983,-0.173402,0.340287,0.004052,0.004999,0.169997,1.473448,1.096574,3.192010
2.426509,0.020990,-2.198200,-0.193750,0.331501,0.006607,0.007043,0.237702,1.436980,1.079727,3.228251
2.424929,0.027644,-2.298439,-0.211609,0.321501,0.008599,0.008059,0.274035,1.402279,1.067737,3.266283
2.422349,0.033283,-2.360560,-0.229662,0.311501,0.011901,0.009473,0.313327,1.365997,1.052418,3.303185
2.420172,0.038208,-2.384942,-0.242965,0.301501,0.013895,0.009938,0.326667,1.329237,1.040477,3.340349
2.417598,0.041419,-2.393914,-0.254515,0.291501,0.015687,0.010264,0.335162,1.294668,1.033154,3.378733
2.414703,0.043288,-2.394957,-0.261296,0.281501,0.017891,0.010851,0.347965,1.254992,1.024762,3.415798
2.412382,0.044620,-2.382959,-0.271673,0.271501,0.019260,0.011012,0.352853,1.226434,1.022015,3.454171
2.409546,0.044848,-2.372312,-0.274834,0.261501,0.020526,0.010681,0.341542,1.184763,1.019967,3.489794
2.406766,0.044113,-2.376163,-0.277688,0.252244,0.017474,0.007797,0.285514,1.152643,1.020460,3.525744
2.399824,0.040611,-2.438838,-0.275469,0.246289,-0.000416,-0.000217,-0.003325,1.121126,1.025626,3.563438
2.374774,0.031611,-2.783964,-0.261344,0.246965,-0.001692,-0.000586,-0.015079,1.086877,1.031316,3.597451
2.350194,0.033233,-3.067849,-0.241222,0.251194,-0.003540,-0.001211,-0.031232,1.061105,1.044060,3.632692
2.325969,0.040392,-3.262346,-0.215668,0.257765,-0.005527,-0.002741,-0.082373,1.023956,1.052545,3.668027
2.302496,0.048939,-3.386765,-0.193690,0.265930,-0.007459,-0.003483,-0.117913,0.998660,1.068576,3.705484
2.279643,0.057838,-3.433157,-0.170504,0.275093,-0.003778,-0.002852,-0.086357,0.972888,1.084538,3.744925
2.263278,0.066923,-3.333225,-0.148041,0.285093,-0.006449,-0.005868,-0.182507,0.944743,1.101885,3.783642
2.247117,0.068957,-3.238159,-0.132176,0.295093,-0.008660,-0.008076,-0.254521,0.920992,1.120496,3.824710
2.231450,0.066630,-3.148307,-0.121839,0.305093,-0.010231,-0.009902,-0.312860,0.891761,1.139422,3.866682
2.216686,0.061377,-3.076450,-0.120145,0.315093,-0.011239,-0.009994,-0.317265,0.866415,1.158623,3.909986
2.202790,0.055206,-3.014791,-0.121850,0.324622,-0.012139,-0.009954,-0.313224,0.844345,1.178714,3.954907
2.189567,0.048488,-2.975292,-0.124394,0.333833,-0.013083,-0.010115,-0.313637,0.821287,1.199668,3.998903
2.176854,0.041898,-2.963123,-0.128300,0.341930,-0.013538,-0.009701,-0.298733,0.796526,1.219745,4.041706
2.164864,0.036584,-2.964013,-0.134819,0.349127,-0.013741,-0.008769,-0.266852,0.774265,1.241925,4.083631
2.153437,0.032500,-2.972764,-0.142330,0.355362,-0.013848,-0.007685,-0.229830,0.752027,1.262933,4.124875
2.142387,0.029384,-2.985889,-0.149394,0.360851,-0.013760,-0.006576,-0.193725,0.730012,1.283505,4.164526
2.131792,0.027106,-2.998063,-0.156647,0.365803,-0.011303,-0.003921,-0.126411,0.709082,1.306585,4.201365
2.123867,0.026862,-2.977899,-0.164032,0.369826,-0.000271,0.001151,0.038923,0.688399,1.329331,4.237012
2.126930,0.029623,-2.833604,-0.172209,0.372871,-0.000238,0.001500,0.060238,0.673072,1.353205,4.271468
2.129430,0.027176,-2.747807,-0.177687,0.375740,-0.000544,0.000669,0.024715,0.656194,1.377983,4.304277
2.131578,0.022397,-2.752991,-0.181400,0.378241,-0.000434,0.001184,0.040656,0.642697,1.404266,4.336127
2.134000,0.019971,-2.766510,-0.180382,0.380263,-0.000563,0.001076,0.036777,0.625889,1.432030,4.367346
2.136691,0.019095,-2.781141,-0.177252,0.381590,-0.000975,0.000614,0.022647,0.607960,1.458341,4.398542
2.139395,0.019068,-2.794424,-0.173324,0.383081,-0.001462,0.000058,0.005546,0.594811,1.486868,4.428557
2.142066,0.019522,-2.803862,-0.165204,0.384383,-0.002205,-0.001132,-0.032187,0.580305,1.517920,4.458634
2.144776,0.020185,-2.809614,-0.154760,0.385451,-0.003256,-0.002714,-0.081512,0.569017,1.547264,4.490838
2.147377,0.020961,-2.809079,-0.142379,0.386446,-0.002503,-0.001621,-0.074050,0.559021,1.578783,4.523365
2.151767,0.024795,-2.732229,-0.129096,0.387006,-0.001638,-0.002428,-0.075363,0.549366,1.608988,4.555774
2.157906,0.027065,-2.598368,-0.115785,0.387302,-0.002552,-0.004946,-0.156562,0.540815,1.642099,4.588449
2.163989,0.025691,-2.505673,-0.101323,0.386868,-0.003567,-0.007787,-0.248136,0.535508,1.674005,4.622431
2.170008,0.023425,-2.441801,-0.085807,0.386336,-0.004586,-0.011692,-0.376183,0.526503,1.706287,4.656900
2.175961,0.020742,-2.418309,-0.072201,0.385685,-0.004872,-0.014105,-0.457530,0.515294,1.738999,4.690316
2.182240,0.019980,-2.384599,-0.060823,0.385079,-0.005706,-0.017689,-0.574786,0.512218,1.773567,4.723967
2.188071,0.018355,-2.390586,-0.050247,0.384035,-0.005714,-0.019299,-0.631440,0.506482,1.807316,4.758599
2.194076,0.018990,-2.367129,-0.042699,0.382808,-0.005834,-0.020970,-0.688625,0.501264,1.841060,4.793655
2.199935,0.019284,-2.347282,-0.038049,0.381406,-0.005636,-0.022016,-0.722820,0.494519,1.875664,4.828323
2.205799,0.019357,-2.334397,-0.034476,0.379261,-0.003713,-0.009080,-0.448368,0.488918,1.911577,4.862942
2.213366,0.033208,-2.022025,-0.037063,0.377078,-0.000540,0.000190,0.013016,0.485275,1.946377,4.898488
2.223513,0.041867,-1.384559,-0.047394,0.375303,-0.000388,0.000903,0.047592,0.481304,1.981878,4.934164
2.233338,0.030979,-1.049046,-0.062060,0.373763,-0.000060,0.001493,0.071160,0.479859,2.016474,4.969693
2.242917,0.017039,-0.963776,-0.075023,0.371101,0.000083,0.001243,0.059212,0.471800,2.049726,5.005983
2.251869,0.006493,-1.051021,-0.088417,0.368077,0.000554,0.002853,0.095115,0.471914,2.084864,5.041031
2.260364,0.002394,-1.185309,-0.100076,0.364488,0.000950,0.002423,0.112226,0.462204,2.119644,5.075369
2.268116,0.000346,-1.336482,-0.115769,0.361432,0.000421,0.001402,0.064626,0.463307,2.156142,5.110551
2.273884,-0.001752,-1.581553,-0.130230,0.357924,0.000321,0.001247,0.057288,0.456683,2.187552,5.146237
2.278117,-0.000824,-1.830048,-0.144772,0.355724,0.000338,0.001162,0.053410,0.459320,2.221689,5.180889
2.280881,0.001921,-2.066799,-0.156400,0.354349,0.000536,0.001652,0.057177,0.459687,2.257732,5.214453
2.282555,0.006743,-2.267051,-0.168613,0.354426,0.000700,0.001403,0.068369,0.460779,2.292456,5.249058
2.283039,0.011384,-2.431026,-0.180647,0.355988,0.000344,0.001483,0.050455,0.462522,2.326747,5.283585
2.281953,0.015937,-2.598067,-0.190578,0.358277,0.000992,0.002645,0.087794,0.467715,2.360559,5.317352
2.280558,0.022129,-2.700698,-0.198884,0.361001,0.001462,0.003451,0.115050,0.473238,2.393731,5.350949
2.278766,0.027911,-2.758413,-0.206642,0.363789,0.001957,0.004200,0.137541,0.474411,2.426477,5.384113
2.276718,0.032583,-2.785726,-0.213094,0.367120,0.001273,0.002350,0.102319,0.487847,2.460933,5.416994
2.273475,0.033533,-2.846794,-0.220111,0.370390,-0.000282,0.000395,0.015813,0.487742,2.491991,5.451532
2.268339,0.032916,-2.992140,-0.222661,0.374637,-0.000304,0.000661,0.023618,0.494849,2.525948,5.485212
2.263371,0.035961,-3.098791,-0.223208,0.379495,-0.000642,0.000339,0.017870,0.509392,2.558340,5.517729
2.258311,0.039965,-3.177598,-0.221205,0.384360,-0.001137,-0.000258,-0.004769,0.527336,2.587695,5.553318
2.253184,0.043869,-3.245434,-0.214954,0.390153,-0.002241,-0.000776,-0.020119,0.548228,2.616596,5.590770
2.247879,0.047916,-3.287894,-0.205389,0.396453,-0.003786,-0.001632,-0.045898,0.569357,2.643676,5.629632
2.242326,0.051412,-3.311266,-0.192507,0.403480,-0.005343,-0.002769,-0.081591,0.588479,2.671823,5.669585
2.236961,0.054172,-3.317606,-0.180388,0.410461,-0.007063,-0.004053,-0.121182,0.611594,2.697230,5.709805
2.231611,0.055936,-3.312838,-0.167095,0.416517,-0.008996,-0.005812,-0.175718,0.636727,2.721034,5.750574
2.226137,0.056542,-3.306242,-0.152241,0.421403,-0.006052,-0.002874,-0.128700,0.664864,2.742824,5.791875
2.225525,0.061483,-3.181508,-0.138043,0.424995,-0.001805,-0.002215,-0.068833,0.693784,2.763897,5.834887
2.230589,0.063911,-2.952297,-0.126190,0.427707,-0.002225,-0.001976,-0.083849,0.721346,2.782738,5.879881
2.236581,0.061399,-2.733287,-0.117345,0.429465,-0.001262,-0.001614,-0.049270,0.750959,2.800912,5.923956
2.244749,0.056042,-2.493773,-0.110751,0.430118,-0.001853,-0.002790,-0.088171,0.784157,2.818474,5.967043
2.253311,0.047044,-2.333379,-0.108010,0.429887,-0.001376,-0.001101,-0.053301,0.813515,2.835843,6.011668
2.262960,0.040648,-2.185690,-0.108471,0.429040,-0.000475,-0.000027,0.001734,0.845820,2.851953,6.055390
2.273651,0.035108,-2.047268,-0.112370,0.427629,-0.000334,0.000170,0.012470,0.876725,2.868054,6.096708
2.284175,0.028975,-1.983031,-0.118774,0.425600,0.000240,0.001105,0.038030,0.911489,2.884409,6.135854
2.294697,0.024608,-1.968933,-0.127598,0.422591,0.001074,0.002616,0.088062,0.942643,2.900293,6.175188
2.305058,0.022478,-1.972741,-0.138601,0.419563,0.001323,0.001941,0.092698,0.977143,2.914042,6.212913
2.314362,0.019412,-2.038026,-0.149971,0.414778,0.000386,0.000740,0.036185,1.012734,2.928339,6.248816
2.321233,0.016714,-2.203963,-0.164698,0.409012,0.001322,0.001974,0.065755,1.048353,2.941179,6.285567
2.327099,0.018438,-2.359642,-0.178948,0.401627,0.003197,0.003702,0.122465,1.082726,2.953653,6.321636
2.332548,0.023116,-2.463385,-0.194655,0.393304,0.002719,0.001861,0.093596,1.116072,2.965828,6.358391
2.334837,0.024882,-2.607922,-0.208247,0.384366,0.001633,0.001166,0.038920,1.151668,2.976736,6.393938
2.333645,0.027551,-2.801035,-0.219510,0.376042,0.003570,0.002164,0.068373,1.187880,2.985485,6.429279
2.332248,0.033918,-2.931857,-0.228491,0.368074,0.005208,0.002815,0.088330,1.223286,2.993173,6.466055
2.330377,0.041153,-3.012323,-0.237020,0.360321,0.006491,0.003133,0.096851,1.262189,2.997128,6.502530
2.327749,0.047568,-3.062237,-0.243147,0.352921,0.007795,0.003437,0.105520,1.300101,2.998907,6.539884
2.324716,0.052917,-3.085754,-0.248344,0.346530,0.008820,0.003639,0.110404,1.336075,2.997910,6.578842
2.321326,0.056865,-3.092887,-0.249746,0.341076,0.009849,0.003797,0.114220,1.371611,2.994979,6.616837
2.318069,0.059573,-3.086650,-0.250075,0.337699,0.009853,0.003638,0.109168,1.406568,2.987750,6.653485
2.314349,0.060815,-3.080180,-0.247096,0.334987,0.006671,0.001926,0.071158,1.441339,2.980814,6.690458
2.307484,0.059615,-3.105292,-0.242347,0.334054,-0.000663,-0.000209,-0.004802,1.475178,2.969202,6.728536
2.293730,0.057089,-3.196143,-0.232999,0.334056,-0.000767,-0.000261,-0.008265,1.510428,2.955250,6.767678
2.280946,0.057419,-3.258868,-0.222862,0.335398,-0.001409,-0.000708,-0.018954,1.540209,2.939463,6.808675
2.268666,0.058725,-3.295679,-0.211399,0.337979,-0.001659,-0.000642,-0.025012,1.572805,2.920989,6.850415
2.257551,0.060716,-3.298808,-0.199186,0.340707,-0.001863,-0.001151,-0.033061,1.600423,2.899315,6.893463
2.247688,0.061917,-3.269901,-0.184750,0.343344,-0.003347,-0.002555,-0.077403,1.628510,2.877865,6.938352
2.238082,0.061231,-3.240939,-0.168783,0.346373,-0.005031,-0.004530,-0.139342,1.654560,2.853109,6.984060
2.228836,0.059182,-3.217763,-0.152961,0.350347,-0.003849,-0.002358,-0.108897,1.677026,2.827232,7.031692
2.222932,0.060912,-3.096849,-0.138034,0.355233,-0.001259,-0.000853,-0.037832,1.699100,2.801546,7.079950
2.221583,0.062009,-2.857363,-0.128136,0.360991,-0.001127,-0.000600,-0.026110,1.719485,2.774857,7.128643
2.222062,0.057774,-2.615628,-0.121732,0.366104,-0.000962,-0.000460,-0.016783,1.740557,2.748508,7.177087
2.224262,0.050054,-2.403303,-0.119060,0.370549,-0.000891,-0.000204,-0.007568,1.758759,2.719567,7.224530
2.227788,0.041107,-2.241898,-0.118413,0.374329,-0.000758,-0.000108,-0.001485,1.776180,2.689579,7.271264
2.232373,0.032820,-2.138197,-0.118773,0.377444,-0.000649,-0.000034,0.001511,1.794299,2.658956,7.317168
2.237726,0.026374,-2.084249,-0.119931,0.380067,-0.000640,0.000014,0.003884,1.810674,2.628870,7.361884
2.243496,0.021995,-2.066840,-0.121098,0.382703,-0.000550,0.000023,0.003855,1.829065,2.599095,7.404165
2.249638,0.019484,-2.072335,-0.121948,0.384831,-0.000609,0.000113,0.005462,1.845886,2.567899,7.443152
2.255882,0.018560,-2.085642,-0.121797,0.386482,-0.000862,0.000078,0.004771,1.860350,2.536036,7.478685
2.261991,0.018663,-2.097167,-0.121016,0.387573,-0.000975,-0.000066,-0.000027,1.874719,2.503695,7.512168
2.268029,0.019241,-2.105830,-0.118521,0.388285,-0.001219,-0.000529,-0.015248,1.889421,2.471245,7.546186
2.273958,0.020004,-2.111492,-0.114799,0.388413,-0.001566,-0.001187,-0.036764,1.903056,2.438939,7.580967
2.279684,0.020837,-2.113158,-0.111809,0.388180,-0.001755,-0.001763,-0.055969,1.915494,2.406243,7.615153
2.285285,0.021560,-2.114082,-0.107534,0.387498,-0.002070,-0.002691,-0.086741,1.926199,2.373303,7.649138
2.290679,0.022117,-2.117430,-0.101909,0.386882,-0.002286,-0.003656,-0.119605,1.937702,2.339675,7.683827
2.296060,0.022893,-2.114752,-0.095746,0.386245,-0.002724,-0.004819,-0.158536,1.948529,2.307337,7.718457
2.301219,0.023583,-2.109130,-0.091368,0.386092,-0.002853,-0.005643,-0.186956,1.956851,2.272053,7.752904
2.306393,0.024138,-2.103032,-0.085752,0.385495,-0.003237,-0.006958,-0.231469,1.965156,2.237215,7.787667
2.311355,0.024407,-2.103120,-0.080633,0.384706,-0.003431,-0.008024,-0.268408,1.975703,2.203161,7.823457
2.316249,0.024828,-2.102348,-0.077203,0.383757,-0.003641,-0.008778,-0.293524,1.981735,2.167862,7.859599
2.320899,0.025241,-2.102216,-0.076177,0.382675,-0.003748,-0.009093,-0.304414,1.987671,2.134565,7.895166
2.325302,0.025562,-2.105447,-0.078225,0.381606,-0.003225,-0.008458,-0.284120,1.998328,2.099357,7.929787
2.329898,0.026156,-2.104206,-0.081745,0.380216,-0.002169,-0.003497,-0.166924,2.006125,2.064847,7.964539
2.335116,0.030799,-2.013170,-0.086360,0.378302,-0.000278,0.000916,0.033789,2.012839,2.030231,8.000411
2.341528,0.034615,-1.784788,-0.096678,0.376414,0.000150,0.001103,0.059790,2.022139,1.995016,8.035957
2.347365,0.029547,-1.683088,-0.109480,0.373754,0.000466,0.002319,0.079618,2.028258,1.959944,8.071210
2.352469,0.023712,-1.692583,-0.122350,0.371275,0.001776,0.004659,0.157925,2.032588,1.923474,8.106948
2.357761,0.021266,-1.710146,-0.135660,0.367776,0.003313,0.006891,0.232086,2.037621,1.886388,8.143352
2.363155,0.020654,-1.727367,-0.148579,0.364117,0.004617,0.008828,0.296751,2.041581,1.850901,8.180368
2.368305,0.020923,-1.740484,-0.164726,0.360977,0.006423,0.010821,0.360995,2.044691,1.815002,8.216921
2.373420,0.021409,-1.753904,-0.178983,0.357781,0.004725,0.005382,0.255669,2.047248,1.779175,8.252761
2.375112,0.015088,-1.921752,-0.193356,0.355705,0.001037,0.001428,0.047093,2.048223,1.743639,8.288519
2.371811,0.010067,-2.307822,-0.201147,0.354928,0.001830,0.002288,0.075897,2.047318,1.708006,8.323384
2.368691,0.015889,-2.580560,-0.206384,0.356096,0.001378,0.001545,0.064964,2.042307,1.672930,8.358115
2.364390,0.024160,-2.780060,-0.209877,0.358969,-0.000449,0.000201,0.009683,2.035614,1.637925,8.393454
2.357706,0.032099,-2.965847,-0.210942,0.362751,-0.000614,0.000044,0.006826,2.027863,1.603506,8.427837
2.350627,0.041187,-3.087547,-0.209439,0.367533,-0.000750,-0.000120,-0.001620,2.018587,1.568690,8.461597
2.343476,0.049811,-3.161930,-0.207310,0.372981,-0.001219,-0.000277,-0.005413,2.007846,1.536001,8.496689
2.336095,0.057131,-3.198242,-0.202351,0.379391,-0.002240,-0.000699,-0.017837,1.993802,1.503718,8.532321
2.328412,0.062595,-3.210499,-0.195491,0.386862,-0.003597,-0.001292,-0.035893,1.980294,1.472484,8.568498
2.320547,0.066147,-3.207963,-0.186734,0.395224,-0.005394,-0.002205,-0.063145,1.965107,1.444532,8.606124
2.312460,0.067881,-3.199124,-0.177198,0.404319,-0.006933,-0.003145,-0.092925,1.944839,1.415926,8.643210
2.304692,0.068307,-3.185330,-0.166971,0.413219,-0.008741,-0.004331,-0.129968,1.924721,1.388840,8.681525
2.297102,0.067658,-3.170401,-0.155456,0.421325,-0.010812,-0.006026,-0.183333,1.901279,1.363182,8.722194
2.289515,0.066064,-3.162086,-0.142170,0.428280,-0.012095,-0.007651,-0.237182,1.876045,1.338594,8.764308
2.282780,0.064574,-3.145026,-0.128782,0.433650,-0.013975,-0.010054,-0.315355,1.850969,1.315638,8.808379
2.276102,0.062432,-3.136437,-0.116483,0.437419,-0.014865,-0.011966,-0.379469,1.825143,1.293539,8.853051
2.270163,0.060668,-3.119633,-0.106587,0.439848,-0.016012,-0.014078,-0.450169,1.796307,1.272471,8.898233
2.264349,0.058474,-3.111055,-0.097260,0.440523,-0.010917,-0.007092,-0.319471,1.770527,1.250930,8.944644
2.264539,0.065369,-2.910873,-0.093535,0.440436,-0.000287,-0.000759,-0.023642,1.739332,1.227187,8.990796
2.275537,0.070789,-2.444745,-0.099247,0.440341,-0.000225,0.000301,0.013413,1.709903,1.204176,9.037279
2.286385,0.061306,-2.121094,-0.111603,0.440509,0.000197,0.002473,0.087007,1.682599,1.187038,9.083715
2.297381,0.047824,-1.916264,-0.127743,0.440950,0.001677,0.005261,0.176442,1.651726,1.167537,9.125563
2.309172,0.036132,-1.805878,-0.143802,0.440792,0.001552,0.003205,0.155598,1.620632,1.148227,9.165292
2.319846,0.023485,-1.862744,-0.160914,0.440332,0.000996,0.002309,0.076842,1.589361,1.128745,9.204717
2.328749,0.015385,-2.089060,-0.176143,0.439424,0.002526,0.004311,0.142123,1.555574,1.109263,9.241390
2.337878,0.016556,-2.258817,-0.192363,0.437269,0.004248,0.006277,0.206761,1.523536,1.091459,9.277090
2.346756,0.021589,-2.364942,-0.208146,0.432982,0.006279,0.007459,0.243560,1.484293,1.070832,9.312165
2.355321,0.027020,-2.435017,-0.221672,0.426111,0.007969,0.008387,0.274019,1.448904,1.056826,9.350195
2.363178,0.032183,-2.472200,-0.231534,0.417789,0.009776,0.008884,0.288273,1.411495,1.046043,9.390512
2.370677,0.036448,-2.489615,-0.237536,0.409165,0.010980,0.008905,0.288064,1.373038,1.036594,9.430055
2.377599,0.039565,-2.500925,-0.241970,0.400132,0.012520,0.009103,0.292044,1.337012,1.024203,9.470756
2.384461,0.042126,-2.503035,-0.239851,0.391891,0.012949,0.008882,0.286195,1.302045,1.018037,9.510412
2.390810,0.044020,-2.501648,-0.235808,0.386151,0.008293,0.004017,0.174498,1.264349,1.017573,9.548111
2.392085,0.040859,-2.600461,-0.229056,0.380878,-0.000416,-0.000449,-0.012578,1.230028,1.017171,9.586146
2.384705,0.037442,-2.859567,-0.213514,0.379300,-0.001789,-0.001542,-0.047376,1.193945,1.020617,9.623470
2.377206,0.041715,-3.062186,-0.194519,0.379734,-0.003519,-0.003149,-0.100719,1.157470,1.026311,9.659385
2.369371,0.049654,-3.203765,-0.177920,0.381276,-0.005275,-0.004896,-0.156728,1.122563,1.035765,9.696594
2.360904,0.058424,-3.294039,-0.161032,0.383079,-0.006762,-0.006733,-0.218601,1.086594,1.045058,9.735112
2.352084,0.066696,-3.342165,-0.145719,0.385929,-0.008077,-0.008355,-0.271981,1.055956,1.061867,9.775600
2.343117,0.073691,-3.351569,-0.131697,0.389959,-0.005346,-0.003512,-0.180657,1.021441,1.075970,9.818186
2.338168,0.085158,-3.187722,-0.125152,0.394722,-0.000821,-0.000426,-0.016689,0.993142,1.091563,9.862498
2.338454,0.091351,-2.857962,-0.129140,0.399398,-0.000273,0.000096,0.011258,0.957085,1.107289,9.908165
2.339743,0.084715,-2.597056,-0.143058,0.402149,0.000425,0.001730,0.060709,0.923019,1.125068,9.956084
2.341670,0.072043,-2.424038,-0.161692,0.403247,0.001668,0.003958,0.135028,0.894297,1.145664,10.006555
2.344225,0.059081,-2.317585,-0.179467,0.403244,0.001708,0.002068,0.107487,0.860511,1.164677,10.056766
2.345974,0.044675,-2.356124,-0.195466,0.402051,0.001100,0.001407,0.046551,0.828796,1.183650,10.106724
2.346197,0.035022,-2.527797,-0.206741,0.400114,0.002235,0.002426,0.079505,0.800847,1.205758,10.156362
2.346674,0.033664,-2.674027,-0.213583,0.397562,0.001593,0.001081,0.053768,0.773194,1.230193,10.204432
2.345563,0.034677,-2.826452,-0.215896,0.395262,0.000160,0.000138,0.006016,0.744820,1.254417,10.251825
2.342384,0.038053,-2.989180,-0.215175,0.393154,0.000171,0.000081,0.003642,0.721730,1.281543,10.298459
2.338739,0.044322,-3.102514,-0.209061,0.391059,-0.000100,-0.000176,-0.006850,0.695224,1.308454,10.344221
2.334703,0.051487,-3.168791,-0.200708,0.389485,-0.001013,-0.000763,-0.022289,0.677258,1.340043,10.388868
2.329875,0.057959,-3.197275,-0.186300,0.388119,-0.002051,-0.002054,-0.064255,0.660149,1.372106,10.432946
2.324816,0.062861,-3.204517,-0.169900,0.387274,-0.003430,-0.003797,-0.120929,0.643158,1.402510,10.476570
2.319539,0.066099,-3.198873,-0.151446,0.386666,-0.005060,-0.006225,-0.200375,0.629355,1.436105,10.516796
2.314112,0.067709,-3.189417,-0.129427,0.386055,-0.006698,-0.009519,-0.310453,0.614805,1.471125,10.554127
2.308876,0.068226,-3.175837,-0.107317,0.384906,-0.008083,-0.013002,-0.428840,0.603886,1.507323,10.591269
2.303954,0.068299,-3.147496,-0.084370,0.383209,-0.009386,-0.017730,-0.588802,0.593403,1.545650,10.629613
2.299238,0.067104,-3.125431,-0.063240,0.380606,-0.005517,-0.006495,-0.375798,0.585631,1.584386,10.668908
2.299462,0.081343,-2.730860,-0.047152,0.377822,-0.000551,-0.003553,-0.118362,0.576363,1.621558,10.708489
2.305091,0.084616,-2.072004,-0.041566,0.375738,-0.000941,-0.004830,-0.160162,0.567804,1.658103,10.747421
2.311296,0.067733,-1.621233,-0.041732,0.374520,-0.000918,-0.004765,-0.158830,0.561468,1.695129,10.785252
2.318422,0.047383,-1.342492,-0.043773,0.373455,-0.000622,-0.004343,-0.145438,0.550435,1.731475,10.822367
2.326296,0.031247,-1.199188,-0.048858,0.372842,-0.000273,-0.003210,-0.107922,0.538939,1.767005,10.859584
2.334592,0.020916,-1.141666,-0.055285,0.372372,0.000038,-0.001756,-0.059642,0.529689,1.803043,10.896881
2.343009,0.015275,-1.128924,-0.061796,0.371775,0.000350,-0.000325,-0.010645,0.522185,1.838345,10.933742
2.351385,0.012648,-1.134842,-0.068904,0.370927,0.000810,0.001233,0.042306,0.511769,1.874281,10.970319
2.359704,0.011748,-1.146411,-0.078771,0.370062,0.001415,0.003320,0.113563,0.499962,1.909901,11.006709
2.367895,0.011691,-1.159258,-0.090526,0.369397,0.002138,0.005744,0.196431,0.493003,1.946751,11.043184
2.375884,0.012077,-1.169745,-0.103398,0.368400,0.003016,0.008159,0.278564,0.482978,1.982197,11.080159
2.383615,0.012537,-1.180497,-0.119810,0.366896,0.004301,0.010826,0.368715,0.476163,2.018677,11.116809
2.391095,0.012866,-1.197135,-0.136515,0.365074,0.005918,0.013771,0.467960,0.469276,2.054509,11.152903
2.398507,0.013815,-1.198534,-0.154951,0.362795,0.007637,0.015945,0.539339,0.466080,2.091827,11.189123
2.405662,0.014128,-1.210205,-0.171294,0.358989,0.009530,0.018025,0.608536,0.456020,2.126981,11.226199
2.412745,0.014885,-1.211630,-0.189596,0.354631,0.011755,0.019989,0.672713,0.453431,2.162413,11.263265
2.419827,0.015696,-1.203986,-0.205576,0.349699,0.013511,0.020867,0.700950,0.453211,2.199445,11.298996
2.426592,0.015807,-1.208470,-0.221077,0.344014,0.009559,0.009746,0.457141,0.457247,2.235743,11.335061
2.427353,0.004087,-1.485198,-0.229772,0.338898,0.000886,0.000467,0.015839,0.459619,2.270969,11.371793
2.418501,-0.006161,-2.173883,-0.225619,0.337085,0.000602,0.000268,0.009314,0.462384,2.306115,11.407656
2.410057,0.002556,-2.676704,-0.216135,0.338780,-0.000389,-0.000416,-0.012825,0.468417,2.342441,11.442269
2.401201,0.018568,-2.997549,-0.204778,0.341813,-0.001262,-0.000629,-0.026892,0.472516,2.377201,11.476514
2.391828,0.036475,-3.167186,-0.193618,0.347538,-0.001422,-0.000544,-0.021052,0.482497,2.412916,11.511279
2.382783,0.052944,-3.212777,-0.185138,0.354634,-0.001456,-0.000491,-0.017069,0.495828,2.445197,11.546934
2.374237,0.065374,-3.185230,-0.175533,0.362428,-0.002125,-0.001122,-0.032824,0.506146,2.478722,11.583078
2.366098,0.072660,-3.126415,-0.167481,0.371713,-0.003741,-0.001992,-0.060237,0.520110,2.511489,11.619794
2.357826,0.075224,-3.067615,-0.159045,0.381342,-0.003588,-0.001378,-0.054921,0.548493,2.539445,11.658368
2.351561,0.076176,-2.978815,-0.149554,0.390507,-0.001504,-0.000632,-0.023666,0.570816,2.569667,11.699844
2.349385,0.075597,-2.836683,-0.144189,0.400113,-0.001451,-0.000438,-0.014078,0.589130,2.596658,11.744402
2.349048,0.071631,-2.695549,-0.141010,0.409075,-0.001244,-0.000302,-0.008195,0.611447,2.622961,11.788980
2.350577,0.065450,-2.574809,-0.139042,0.416587,-0.001438,-0.000394,-0.009097,0.633659,2.650447,11.833004
2.353343,0.058417,-2.486809,-0.139511,0.422871,-0.002106,-0.000358,-0.006773,0.653590,2.676435,11.879038
2.356475,0.051866,-2.434816,-0.140849,0.428016,-0.001746,-0.000137,0.000158,0.675582,2.702235,11.924701
2.360718,0.046811,-2.408961,-0.143783,0.432345,-0.000674,0.000351,0.014699,0.703093,2.725961,11.968255
2.366440,0.043496,-2.400354,-0.146617,0.435577,-0.000778,0.000755,0.028590,0.730522,2.748749,12.012998
2.372214,0.041686,-2.401479,-0.149923,0.437811,-0.000655,0.001238,0.044579,0.760230,2.771666,12.059562
2.378038,0.041019,-2.406658,-0.152986,0.438917,-0.000574,0.001652,0.059062,0.787655,2.794527,12.106297
2.383714,0.041089,-2.412577,-0.158852,0.439769,-0.000306,0.000915,0.049856,0.815462,2.816143,12.151519
2.389099,0.040088,-2.452799,-0.164638,0.439915,-0.000241,0.000217,0.014621,0.844944,2.835815,12.193825
2.393978,0.039443,-2.543968,-0.169584,0.439247,0.000015,0.000529,0.020018,0.874184,2.856509,12.234213
2.398450,0.041474,-2.625196,-0.175348,0.438135,0.000663,0.001158,0.040930,0.906673,2.874861,12.272108
2.402659,0.045110,-2.681161,-0.181944,0.436157,0.001451,0.001831,0.063114,0.939121,2.893126,12.310398
2.406509,0.049077,-2.716118,-0.190316,0.433110,0.002513,0.002652,0.089670,0.971337,2.909409,12.348488
2.410014,0.052751,-2.734368,-0.197782,0.428303,0.003638,0.003254,0.109450,1.004102,2.923887,12.384074
2.413181,0.055750,-2.742377,-0.205497,0.421611,0.005056,0.003825,0.126252,1.039295,2.937652,12.419030
2.416151,0.058042,-2.744786,-0.211865,0.413428,0.003789,0.001778,0.082906,1.078038,2.949102,12.455346
2.416263,0.057263,-2.799538,-0.218913,0.403703,0.000517,0.000142,0.008675,1.112621,2.958033,12.494507
2.411438,0.056232,-2.931749,-0.221794,0.394681,0.000819,0.000147,0.005356,1.152807,2.965247,12.533037
2.405668,0.058910,-3.043834,-0.223686,0.386176,0.001694,0.000269,0.009016,1.187119,2.970516,12.571506
2.399502,0.063632,-3.123709,-0.223939,0.379409,0.002552,0.000332,0.008949,1.227847,2.974078,12.609418
2.393162,0.068883,-3.175912,-0.223483,0.373045,0.001740,0.000145,0.004955,1.263872,2.975858,12.647567
2.385105,0.073508,-3.208802,-0.222713,0.368448,0.000070,-0.000100,-0.001307,1.301393,2.973573,12.686937
2.374753,0.077002,-3.229728,-0.221692,0.365148,0.000249,-0.000138,-0.003047,1.337896,2.969623,12.724940
2.364294,0.079387,-3.238101,-0.219971,0.362744,0.000426,-0.000227,-0.006538,1.375587,2.964774,12.762235
2.353924,0.080586,-3.238930,-0.217863,0.361366,0.000282,-0.000349,-0.010049,1.410900,2.956468,12.800898
2.343603,0.080693,-3.235018,-0.214698,0.361151,-0.000112,-0.000277,-0.010413,1.445748,2.946031,12.841533
2.333325,0.080135,-3.223616,-0.209955,0.361776,-0.000768,-0.000378,-0.009498,1.480311,2.931483,12.883519
2.323146,0.078822,-3.202230,-0.205571,0.362969,-0.001294,-0.000705,-0.020199,1.515814,2.916630,12.927811
2.313269,0.076440,-3.185599,-0.200509,0.364551,-0.001749,-0.001073,-0.030900,1.545045,2.902470,12.974333
2.303953,0.073547,-3.172139,-0.198811,0.368478,-0.002634,-0.001299,-0.037776,1.578010,2.883137,13.020480
2.294700,0.070354,-3.166263,-0.189014,0.370324,-0.001942,-0.000795,-0.033226,1.604908,2.865224,13.067177
2.287603,0.068695,-3.131372,-0.183536,0.375277,-0.000884,-0.000263,-0.008492,1.631008,2.845426,13.114964
2.282876,0.067099,-3.062611,-0.178373,0.379828,-0.001238,-0.000621,-0.017968,1.662642,2.817738,13.161224
2.279042,0.063853,-3.002663,-0.168849,0.381692,-0.001554,-0.000777,-0.031963,1.689190,2.788877,13.212059
2.276311,0.060638,-2.938971,-0.156079,0.383111,-0.001739,-0.001736,-0.052644,1.708464,2.764498,13.268525
2.275024,0.057267,-2.861922,-0.144854,0.386694,-0.002815,-0.003287,-0.104833,1.732585,2.733813,13.322296
2.274343,0.052979,-2.807993,-0.134849,0.390060,-0.003015,-0.002453,-0.103352,1.749519,2.706622,13.374253
2.274989,0.051261,-2.720013,-0.126404,0.393443,-0.001388,-0.001430,-0.043779,1.767549,2.677350,13.425070
2.278482,0.050358,-2.553144,-0.119553,0.396785,-0.002262,-0.002547,-0.081457,1.785150,2.647575,13.472782
2.282157,0.045703,-2.436542,-0.113763,0.399655,-0.001815,-0.001225,-0.060666,1.802911,2.616510,13.518308
2.287307,0.042669,-2.307498,-0.109091,0.401664,-0.001052,-0.000929,-0.028782,1.817291,2.584243,13.561011
2.293934,0.039237,-2.165278,-0.104882,0.403180,-0.001474,-0.001738,-0.054723,1.832597,2.552030,13.599910
2.300735,0.034298,-2.077248,-0.101706,0.403860,-0.001762,-0.002328,-0.075369,1.846834,2.517874,13.635762
2.307708,0.030006,-2.028712,-0.099033,0.404027,-0.001882,-0.002862,-0.093812,1.862850,2.485163,13.671359
2.314846,0.027016,-2.006242,-0.095626,0.403245,-0.002159,-0.003645,-0.120244,1.874391,2.449213,13.706585
2.321876,0.025225,-2.001020,-0.092001,0.401765,-0.001506,-0.001654,-0.082477,1.889462,2.416004,13.742707
2.329589,0.027261,-1.938763,-0.090608,0.400139,-0.000387,-0.000315,-0.009234,1.903219,2.381289,13.779193
2.338149,0.028799,-1.815613,-0.089992,0.398813,-0.000408,-0.000437,-0.013177,1.914900,2.346805,13.814865
2.346440,0.027107,-1.738005,-0.090525,0.397793,-0.000240,-0.000325,-0.009659,1.926890,2.312026,13.850511
2.354710,0.024854,-1.694592,-0.091564,0.397187,-0.000157,-0.000116,-0.002609,1.935434,2.277030,13.885932
2.362889,0.023097,-1.673522,-0.091613,0.396380,0.000052,-0.000094,-0.002347,1.946934,2.241024,13.922452
2.371119,0.022094,-1.665329,-0.091455,0.395245,0.000198,-0.000123,-0.003511,1.960107,2.205195,13.959781
2.379275,0.021732,-1.663792,-0.092403,0.393979,0.000248,0.000061,0.003066,1.969446,2.168862,13.996476
2.387175,0.021808,-1.665252,-0.095360,0.392610,0.000071,0.000238,0.013942,1.978130,2.133614,14.033343
2.394399,0.021741,-1.677259,-0.102052,0.391533,-0.000236,0.000354,0.022853,1.987066,2.097240,14.070314
2.400637,0.021039,-1.722753,-0.108371,0.390062,-0.000132,0.000333,0.021054,1.999264,2.060361,14.107212
2.406265,0.020734,-1.796755,-0.115806,0.387574,0.000310,0.001297,0.045723,2.007648,2.023835,14.144959
2.411410,0.022092,-1.867247,-0.121770,0.383929,0.000331,0.000668,0.040782,2.013687,1.986805,14.182955
2.415562,0.022934,-1.951388,-0.127271,0.379153,0.000355,0.000864,0.030662,2.018903,1.950470,14.220329
2.418657,0.024773,-2.046662,-0.132507,0.373642,0.000433,0.000489,0.030139,2.023771,1.914235,14.257249
2.420659,0.026914,-2.135738,-0.138502,0.367953,0.000512,0.000885,0.031397,2.028057,1.877931,14.294077
2.421473,0.029759,-2.221434,-0.145528,0.362516,0.001505,0.001868,0.065239,2.028050,1.840450,14.330832
2.421920,0.033405,-2.275337,-0.157310,0.358026,0.001465,0.001086,0.062561,2.033613,1.803861,14.367806
2.420601,0.034407,-2.362284,-0.169501,0.354527,0.000150,0.000454,0.025553,2.032910,1.765856,14.404789
2.416473,0.034960,-2.505769,-0.184095,0.352090,0.001066,0.001534,0.052706,2.032977,1.730050,14.441815
2.411599,0.038282,-2.631337,-0.193520,0.350917,0.001908,0.002358,0.081029,2.030851,1.694474,14.478286
2.406371,0.043234,-2.714899,-0.204757,0.350692,0.002921,0.003204,0.107556,2.024891,1.657998,14.513469
2.400861,0.048099,-2.768040,-0.212263,0.350769,0.003521,0.003651,0.121326,2.020666,1.621289,14.548357
2.395065,0.052152,-2.799253,-0.217343,0.352225,0.001934,0.001371,0.072513,2.010948,1.585555,14.584349
2.387181,0.052625,-2.872504,-0.221990,0.354273,-0.000229,0.000223,0.009134,1.997590,1.550454,14.621212
2.376990,0.053038,-2.997982,-0.223336,0.357384,-0.000446,0.000286,0.011869,1.988658,1.516791,14.659127
2.366759,0.056212,-3.091519,-0.220797,0.362437,-0.001123,0.000102,0.007140,1.976004,1.484221,14.697285
2.356426,0.060360,-3.155008,-0.215527,0.369077,-0.002230,-0.000258,-0.003605,1.960811,1.452527,14.735273
2.345988,0.064339,-3.193666,-0.208016,0.376919,-0.002137,-0.000379,-0.010420,1.945068,1.422327,14.774639
2.336995,0.067941,-3.203944,-0.199514,0.385347,-0.001991,-0.000758,-0.020522,1.925187,1.393663,14.814547
2.329707,0.070420,-3.192355,-0.188575,0.393691,-0.003808,-0.001739,-0.050883,1.903394,1.366084,14.855418
2.322453,0.071273,-3.176683,-0.174431,0.401611,-0.005791,-0.003153,-0.095541,1.879850,1.340649,14.897968
2.315423,0.070927,-3.158867,-0.157852,0.408436,-0.007865,-0.005109,-0.158051,1.854681,1.316840,14.941860
2.308696,0.069723,-3.140665,-0.140088,0.413416,-0.009839,-0.007546,-0.238400,1.828742,1.295272,14.987020
2.302303,0.068007,-3.121931,-0.121020,0.416415,-0.011531,-0.010613,-0.340055,1.800840,1.275508,15.032540
2.296360,0.065983,-3.103276,-0.104062,0.417396,-0.012834,-0.013688,-0.443522,1.773147,1.256275,15.078486
2.290767,0.063834,-3.084497,-0.088670,0.416416,-0.013796,-0.017012,-0.555531,1.744469,1.237617,15.124941
2.285417,0.061392,-3.073588,-0.076605,0.413649,-0.014089,-0.019708,-0.647117,1.715889,1.219936,15.171324
2.280457,0.059161,-3.065074,-0.071038,0.410433,-0.013795,-0.020851,-0.686694,1.686000,1.201993,15.216446
2.275979,0.057349,-3.053336,-0.072566,0.407374,-0.013157,-0.020143,-0.663532,1.655696,1.183787,15.259397
2.271947,0.055967,-3.032206,-0.077737,0.404204,-0.007068,-0.006126,-0.332020,1.626215,1.164975,15.300675
2.273599,0.067082,-2.723974,-0.090417,0.402038,0.000421,0.000820,0.049097,1.595747,1.146798,15.338990
2.281593,0.069025,-2.220425,-0.112727,0.400787,0.001248,0.004143,0.140656,1.564671,1.128198,15.373319
2.289096,0.055831,-1.924775,-0.139120,0.399333,0.001497,0.002657,0.141262,1.531956,1.111067,15.405586
2.295283,0.035787,-1.885234,-0.164412,0.396379,0.001972,0.003437,0.111997,1.496622,1.092335,15.438791
2.300234,0.021745,-2.045668,-0.188713,0.391402,0.004677,0.006469,0.208810,1.464030,1.075125,15.473739
2.305672,0.018236,-2.182510,-0.211450,0.385111,0.007471,0.008684,0.280152,1.428949,1.058285,15.509017
2.311221,0.019645,-2.282763,-0.230985,0.376925,0.005013,0.003353,0.162057,1.390818,1.046365,15.544718
2.311513,0.016150,-2.509638,-0.239858,0.367988,0.000518,0.000151,0.008410,1.358121,1.035431,15.583229
2.305646,0.015445,-2.852399,-0.240573,0.362179,-0.000105,-0.000041,0.000203,1.324960,1.027567,15.621058
2.298425,0.022378,-3.110666,-0.236884,0.359233,-0.000426,-0.000139,-0.004197,1.289687,1.021982,15.656165
2.290434,0.032663,-3.278244,-0.231059,0.357800,-0.000538,-0.000196,-0.006783,1.251942,1.017545,15.692099
2.282009,0.043468,-3.369404,-0.224209,0.356674,-0.000811,-0.000271,-0.008878,1.218810,1.015202,15.729320
2.273135,0.052972,-3.402198,-0.213698,0.356799,-0.001005,-0.000388,-0.013746,1.185011,1.016892,15.765655
2.264509,0.060417,-3.387875,-0.201713,0.357695,-0.000931,-0.000434,-0.016814,1.148680,1.019121,15.800042
2.256830,0.065458,-3.333306,-0.193273,0.359297,-0.001327,-0.000859,-0.023858,1.116357,1.024613,15.835559
2.249581,0.067102,-3.263076,-0.186077,0.361607,-0.002238,-0.001608,-0.046835,1.085055,1.032129,15.871904
2.242470,0.065571,-3.203909,-0.179624,0.364464,-0.002908,-0.002227,-0.066742,1.050818,1.041949,15.907793
2.235915,0.062356,-3.155687,-0.174615,0.367444,-0.002540,-0.001407,-0.055287,1.018405,1.053192,15.945938
2.230895,0.059737,-3.090563,-0.170544,0.370802,-0.000752,-0.000279,-0.008587,0.987189,1.069113,15.986137
2.228744,0.057448,-2.980699,-0.170366,0.374753,-0.000629,-0.000064,0.000438,0.956366,1.085624,16.027319
2.227474,0.052987,-2.891267,-0.175401,0.379665,-0.000231,0.000545,0.019272,0.920205,1.096309,16.070885
2.227063,0.047666,-2.832717,-0.182430,0.383472,-0.000156,0.001399,0.047101,0.890194,1.115010,16.116003
2.226875,0.042827,-2.797314,-0.189244,0.386222,0.000097,0.002059,0.069059,0.863447,1.133273,16.161506
2.226929,0.038863,-2.782784,-0.192096,0.388736,0.000105,0.001028,0.048192,0.831077,1.152799,16.206358
2.227234,0.034772,-2.811084,-0.193011,0.390272,-0.000502,0.000016,0.002993,0.807365,1.173979,16.252230
2.227218,0.031931,-2.888417,-0.189673,0.391826,-0.000645,-0.000185,-0.005276,0.780648,1.196954,16.298156
2.227636,0.032313,-2.946869,-0.184908,0.392929,-0.000761,-0.000582,-0.016959,0.753744,1.222961,16.342688
2.228407,0.034195,-2.982257,-0.179982,0.393560,-0.000997,-0.000575,-0.022040,0.731582,1.248843,16.389179
2.229296,0.036901,-2.990372,-0.173608,0.394226,-0.000643,-0.000320,-0.012745,0.708317,1.274091,16.435570
2.230992,0.039892,-2.956364,-0.167995,0.394768,-0.000545,-0.000296,-0.011849,0.686227,1.303759,16.479234
2.233159,0.041714,-2.902589,-0.161487,0.394926,-0.000696,-0.000363,-0.014442,0.666073,1.328878,16.522840
2.235674,0.042397,-2.835088,-0.153873,0.395290,-0.001104,-0.001128,-0.033656,0.652370,1.359773,16.564351
2.238465,0.041566,-2.769895,-0.143333,0.395892,-0.002060,-0.002712,-0.084744,0.641557,1.391824,16.602850
2.241326,0.039643,-2.723434,-0.129708,0.396399,-0.003204,-0.005030,-0.161007,0.629609,1.424570,16.641633
2.244327,0.037538,-2.694313,-0.115073,0.396607,-0.004274,-0.007858,-0.254057,0.614288,1.457463,16.678762
2.247489,0.035711,-2.680336,-0.100636,0.396490,-0.003270,-0.004172,-0.201795,0.600703,1.490317,16.714316
2.252725,0.041161,-2.522957,-0.086819,0.395638,-0.001185,-0.002942,-0.096400,0.595710,1.528397,16.749568
2.260612,0.044635,-2.211154,-0.073764,0.394286,-0.001767,-0.005473,-0.180512,0.583567,1.562906,16.786849
2.268488,0.039535,-1.995896,-0.064755,0.392269,-0.001372,-0.002325,-0.127202,0.577766,1.599499,16.824528
2.277254,0.037396,-1.744119,-0.057530,0.390125,-0.000577,-0.000532,-0.027608,0.569771,1.634996,16.861132
2.287024,0.034489,-1.437433,-0.054316,0.388189,-0.000449,-0.000255,-0.012113,0.562334,1.671104,16.898567
2.296956,0.027892,-1.218256,-0.053462,0.386792,-0.000393,-0.000079,-0.003136,0.553827,1.706181,16.935807
2.306936,0.021065,-1.085128,-0.053984,0.385367,-0.000333,0.000020,0.002262,0.545563,1.742467,16.972529
2.316834,0.015634,-1.019354,-0.056395,0.384211,-0.000193,0.000161,0.009451,0.536630,1.780870,17.009164
2.326664,0.011773,-1.004186,-0.058112,0.382372,-0.000313,0.000374,0.013583,0.523175,1.811231,17.047416
2.335973,0.009843,-1.013077,-0.066199,0.381958,-0.000095,0.000623,0.037204,0.513336,1.845562,17.083062
2.344998,0.007761,-1.062807,-0.073319,0.381072,-0.000253,0.000433,0.026357,0.503609,1.880629,17.116549
2.353317,0.006233,-1.162262,-0.081987,0.380157,-0.000192,0.000517,0.031245,0.494610,1.915476,17.151478
2.361012,0.005905,-1.284216,-0.090238,0.379062,0.000048,0.001663,0.057453,0.487942,1.951261,17.187085
2.368219,0.007799,-1.391669,-0.099822,0.377149,0.000810,0.003553,0.122061,0.482568,1.987847,17.223353
2.375175,0.010991,-1.455399,-0.111477,0.374458,0.001812,0.005600,0.191516,0.476986,2.024127,17.259580
2.381785,0.013809,-1.495235,-0.125456,0.371576,0.003238,0.008051,0.274140,0.469285,2.062442,17.296059
2.388222,0.016168,-1.515575,-0.143624,0.368003,0.004923,0.010574,0.358663,0.461442,2.097406,17.333408
2.394266,0.017627,-1.534535,-0.161267,0.364060,0.006921,0.012992,0.438762,0.455231,2.133312,17.370952
2.400204,0.019011,-1.541860,-0.179180,0.359953,0.008916,0.014868,0.499833,0.448547,2.169217,17.407224
2.405963,0.019948,-1.547788,-0.197071,0.355742,0.011080,0.016672,0.558149,0.447566,2.205621,17.442967
2.411719,0.020944,-1.543448,-0.213407,0.350995,0.012623,0.017317,0.578738,0.447207,2.241310,17.479034
2.416935,0.021041,-1.556110,-0.227880,0.346206,0.008911,0.008111,0.381024,0.448582,2.276176,17.515569
2.416590,0.011515,-1.788575,-0.236655,0.342750,0.000591,0.000411,0.012016,0.453203,2.311358,17.551290
2.407097,0.003142,-2.366791,-0.233519,0.341788,0.000360,0.000235,0.011417,0.458644,2.344702,17.585041
2.397897,0.010803,-2.792292,-0.224233,0.343692,-0.000333,-0.000278,-0.008087,0.469552,2.385870,17.617487
2.388562,0.024989,-3.070377,-0.215466,0.346508,-0.002152,-0.001064,-0.030484,0.473233,2.409602,17.654031
2.377581,0.040219,-3.237165,-0.200472,0.353061,-0.003492,-0.002155,-0.067041,0.483614,2.445151,17.687264
2.366342,0.054168,-3.323316,-0.187141,0.361087,-0.005670,-0.003480,-0.108089,0.494824,2.479523,17.717757
2.354126,0.065248,-3.362486,-0.173889,0.370562,-0.007780,-0.004811,-0.149802,0.509320,2.512682,17.754291
2.341392,0.073297,-3.370190,-0.161051,0.380561,-0.010002,-0.006284,-0.195259,0.537321,2.538845,17.792452
2.328301,0.078305,-3.359441,-0.146453,0.390557,-0.007183,-0.003351,-0.149421,0.560518,2.576967,17.831702
2.320277,0.085431,-3.232604,-0.135790,0.399666,-0.002203,-0.001687,-0.050465,0.579780,2.601733,17.876837
2.319035,0.088860,-2.977058,-0.130699,0.408585,-0.002688,-0.001126,-0.041329,0.596624,2.618404,17.923123
2.318990,0.084173,-2.744998,-0.127956,0.417738,-0.001576,-0.000544,-0.012699,0.618745,2.647349,17.961729
2.321951,0.074844,-2.530881,-0.129581,0.424807,-0.001490,-0.000180,-0.002237,0.640956,2.673445,18.000928
2.326394,0.062940,-2.382155,-0.133264,0.430392,-0.000812,0.000472,0.018390,0.665759,2.698335,18.044144
2.332535,0.051953,-2.291056,-0.137137,0.434851,-0.000906,0.001038,0.037860,0.690633,2.723261,18.088480
2.339217,0.043543,-2.246894,-0.142218,0.438689,-0.000693,0.000505,0.032149,0.718207,2.746589,18.134286
2.346406,0.036745,-2.264342,-0.146685,0.441579,-0.000392,0.000590,0.021445,0.747510,2.768696,18.180425
2.354003,0.033208,-2.323687,-0.150947,0.443479,-0.000320,0.001170,0.041462,0.771240,2.791840,18.226494
2.361491,0.033085,-2.373390,-0.156325,0.445095,0.000111,0.001911,0.065779,0.802528,2.813532,18.270233
2.368934,0.034650,-2.410005,-0.163762,0.446196,0.000519,0.002822,0.096902,0.830298,2.834265,18.312256
2.375990,0.036801,-2.435009,-0.171611,0.446884,0.001142,0.003707,0.126411,0.859821,2.854648,18.353252
2.382772,0.039003,-2.451330,-0.181192,0.447272,0.001972,0.004680,0.158754,0.890717,2.873899,18.391673
2.389303,0.041014,-2.461557,-0.190107,0.446977,0.002781,0.005458,0.184393,0.922093,2.892781,18.428532
2.395571,0.042747,-2.468435,-0.198932,0.445534,0.003739,0.006158,0.207075,0.956881,2.908730,18.466449
2.401640,0.044254,-2.472738,-0.206374,0.442108,0.004736,0.006669,0.223260,0.992361,2.924586,18.505234
2.407490,0.045556,-2.475614,-0.213951,0.436265,0.006054,0.007233,0.241057,1.029561,2.937039,18.543101
2.413204,0.046788,-2.474638,-0.220104,0.428194,0.007214,0.007449,0.247533,1.064668,2.948787,18.582252
2.418539,0.047666,-2.477274,-0.224718,0.419016,0.008438,0.007678,0.254365,1.100084,2.956233,18.621342
2.423604,0.048535,-2.479267,-0.227962,0.409016,0.009940,0.007953,0.261843,1.136467,2.964771,18.658754
2.428721,0.049503,-2.477087,-0.229968,0.399016,0.011132,0.008042,0.263587,1.175017,2.969281,18.696905
2.433691,0.050314,-2.474905,-0.231508,0.389016,0.012058,0.007957,0.260023,1.213720,2.972814,18.736171
2.438295,0.050871,-2.477698,-0.233222,0.379931,0.013415,0.008267,0.269281,1.250899,2.973420,18.775775
2.443059,0.051778,-2.472130,-0.234080,0.371407,0.014496,0.008335,0.270263,1.289625,2.971918,18.814947
2.447831,0.052489,-2.466293,-0.235350,0.363808,0.014939,0.008156,0.264255,1.327580,2.966742,18.854483
2.452041,0.052807,-2.468354,-0.236841,0.356478,0.016100,0.008342,0.269333,1.365654,2.961615,18.894873
2.456440,0.053421,-2.466452,-0.237142,0.350176,0.016745,0.008344,0.269175,1.402147,2.953400,18.935609
2.460695,0.053995,-2.464566,-0.235882,0.345636,0.017345,0.008414,0.270975,1.436672,2.942044,18.978462
2.465088,0.054678,-2.458592,-0.233148,0.341699,0.017559,0.008200,0.262103,1.480840,2.936042,19.022657
2.469414,0.055109,-2.457911,-0.237434,0.338615,0.010415,0.003483,0.159589,1.504250,2.909410,19.070428
2.465771,0.050709,-2.565921,-0.224849,0.335890,-0.001039,-0.000403,-0.013428,1.538008,2.893820,19.119358
2.451705,0.047440,-2.811267,-0.210166,0.336977,-0.002010,-0.001102,-0.032290,1.567643,2.869213,19.167148
2.438131,0.051702,-2.991829,-0.188135,0.338369,-0.004053,-0.002880,-0.091272,1.592229,2.846033,19.218346
2.424395,0.058945,-3.115595,-0.168454,0.342761,-0.006201,-0.004853,-0.156854,1.618724,2.821973,19.271320
2.410352,0.066702,-3.190940,-0.149116,0.347728,-0.008272,-0.007152,-0.234027,1.643873,2.794392,19.324987
2.396107,0.073475,-3.230065,-0.129959,0.353459,-0.010283,-0.009801,-0.322510,1.667700,2.768711,19.380435
2.381837,0.078540,-3.242605,-0.114009,0.360433,-0.012083,-0.012273,-0.405742,1.690945,2.741551,19.436369
2.367693,0.081622,-3.237747,-0.102796,0.367044,-0.013489,-0.014211,-0.469833,1.711033,2.712782,19.491153
2.353756,0.082708,-3.222941,-0.094929,0.373257,-0.014674,-0.015753,-0.518931,1.728965,2.687667,19.544266
2.340064,0.081997,-3.205030,-0.089661,0.379846,-0.015689,-0.017068,-0.563266,1.748388,2.658271,19.593361
2.326746,0.079776,-3.193223,-0.086287,0.385823,-0.016554,-0.018283,-0.597816,1.768303,2.627778,19.638786
2.313794,0.076540,-3.193433,-0.085071,0.391060,-0.016665,-0.018201,-0.596701,1.785496,2.597575,19.682073
2.301795,0.073934,-3.177159,-0.085393,0.395524,-0.010299,-0.007034,-0.347358,1.804129,2.567789,19.721142
2.297015,0.082047,-2.913819,-0.090880,0.398905,-0.000016,0.000418,0.025594,1.822708,2.538332,19.754732
2.302644,0.084910,-2.387212,-0.101968,0.400853,-0.000185,0.000784,0.042301,1.838682,2.509815,19.785524
2.308203,0.069413,-2.064218,-0.112963,0.401950,-0.000036,0.000642,0.038542,1.858520,2.477321,19.815920
2.314187,0.049893,-1.927706,-0.123503,0.402278,-0.000116,0.000659,0.035085,1.875681,2.446041,19.847828
2.320174,0.034260,-1.931381,-0.132263,0.402410,0.000162,0.001406,0.047959,1.892145,2.414223,19.881084
2.326301,0.025685,-2.000252,-0.138490,0.402267,0.000251,0.000949,0.048450,1.908708,2.382411,19.914248
2.332234,0.021611,-2.097264,-0.141295,0.402616,-0.000379,0.000143,0.009492,1.924805,2.350441,19.948046
2.337389,0.020718,-2.224557,-0.143375,0.403554,-0.000392,0.000105,0.006495,1.940232,2.318499,19.981766
2.342319,0.023044,-2.324663,-0.142297,0.404867,-0.000650,-0.000213,-0.005187,1.954361,2.284650,20.015363
2.346986,0.026764,-2.394061,-0.138382,0.405886,-0.001149,-0.000859,-0.026164,1.964544,2.250567,20.050405
2.351271,0.030689,-2.434721,-0.131304,0.406484,-0.001156,-0.000797,-0.037302,1.976780,2.214692,20.086465
2.355887,0.035318,-2.428245,-0.123610,0.406286,-0.001233,-0.001386,-0.043653,1.983104,2.181555,20.122914
2.360723,0.038698,-2.379289,-0.116065,0.405714,-0.001530,-0.002650,-0.087267,1.992292,2.144968,20.159080
2.365538,0.039636,-2.341235,-0.109110,0.403814,-0.001918,-0.003893,-0.129965,1.999378,2.109497,20.195300
2.370211,0.039460,-2.314213,-0.101790,0.401223,-0.002026,-0.005325,-0.180086,2.012001,2.071394,20.232589
2.374983,0.038873,-2.299685,-0.097527,0.397297,-0.001494,-0.002290,-0.118367,2.015499,2.035393,20.270821
2.380131,0.042288,-2.201297,-0.095535,0.392515,-0.000286,-0.000183,-0.008088,2.021065,1.998964,20.308897
2.385992,0.044321,-2.009192,-0.096870,0.386513,-0.000076,0.000048,0.005492,2.022960,1.961703,20.345883
2.391292,0.040755,-1.878350,-0.099897,0.379353,0.000457,0.000550,0.020247,2.026748,1.924889,20.383125
2.396327,0.035783,-1.805069,-0.105629,0.371704,0.001558,0.001667,0.057212,2.028802,1.889166,20.420853
2.401424,0.031680,-1.767101,-0.114358,0.364205,0.001588,0.001231,0.063963,2.029665,1.852184,20.457590
2.405216,0.026864,-1.798398,-0.126350,0.357530,0.000443,0.000768,0.040892,2.031453,1.814633,20.493809
2.406347,0.022761,-1.922031,-0.141451,0.352320,0.000431,0.000895,0.046289,2.030549,1.779160,20.530684
2.405785,0.021296,-2.085560,-0.158104,0.348814,0.001243,0.002369,0.080748,2.034268,1.743354,20.566890
2.404241,0.023443,-2.242231,-0.176687,0.346047,0.001838,0.002103,0.099054,2.029744,1.706774,20.602636
2.401196,0.025726,-2.400052,-0.193399,0.343266,0.000602,0.000678,0.034037,2.030247,1.670207,20.638578
2.394962,0.027548,-2.624956,-0.207362,0.341225,0.000394,0.000532,0.025050,2.024786,1.635434,20.674102
2.386903,0.032527,-2.828082,-0.215688,0.341137,0.000336,0.000570,0.020295,2.019072,1.598687,20.709048
2.377691,0.039765,-2.988395,-0.220231,0.342893,0.000047,0.000219,0.015988,2.010183,1.564797,20.744165
2.367505,0.047440,-3.104155,-0.220721,0.346601,-0.000605,-0.000072,0.000951,1.999206,1.531388,20.779646
2.356588,0.054701,-3.189298,-0.218699,0.351753,-0.001096,-0.000218,-0.003688,1.988471,1.499065,20.816055
2.345512,0.061292,-3.238412,-0.214795,0.358045,-0.001693,-0.000437,-0.011667,1.967996,1.458864,20.853206
2.334541,0.066547,-3.261500,-0.211589,0.363816,-0.002141,-0.000431,-0.009841,1.961086,1.438321,20.894519
2.323836,0.070343,-3.259080,-0.203426,0.372302,-0.001275,-0.000328,-0.010018,1.941855,1.409270,20.932503
2.315563,0.072890,-3.228878,-0.193178,0.380745,-0.002131,-0.000948,-0.026355,1.921286,1.381402,20.966972
2.308283,0.073404,-3.187685,-0.181222,0.389192,-0.003997,-0.002079,-0.061361,1.899130,1.354902,21.007042
2.301275,0.072008,-3.150657,-0.167478,0.397263,-0.003522,-0.001356,-0.058229,1.875023,1.330216,21.048828
2.297104,0.071699,-3.068893,-0.152284,0.404163,-0.002375,-0.001939,-0.060115,1.850860,1.306735,21.092471
2.296390,0.070088,-2.943256,-0.139313,0.409579,-0.002395,-0.001324,-0.062130,1.824238,1.285056,21.137143
2.297651,0.067720,-2.791004,-0.128322,0.413679,-0.001138,-0.000630,-0.028633,1.797119,1.263576,21.182059
2.301869,0.064258,-2.590357,-0.118915,0.416136,-0.001045,-0.000573,-0.025924,1.769625,1.244230,21.227954
2.307586,0.058347,-2.395624,-0.112188,0.417241,-0.000863,-0.000425,-0.019785,1.740422,1.225966,21.273630
2.314561,0.051252,-2.221850,-0.108185,0.416862,-0.000778,-0.000759,-0.022745,1.709130,1.207557,21.319201
2.322265,0.043539,-2.093169,-0.109143,0.415726,-0.000645,-0.000571,-0.017361,1.680201,1.188739,21.364782
2.330237,0.036554,-2.021346,-0.113825,0.414062,-0.000077,0.000263,0.009869,1.647626,1.171386,21.408481
2.338461,0.031493,-1.989360,-0.120669,0.411584,0.000099,0.000458,0.026419,1.617615,1.153820,21.450492
2.346170,0.027446,-2.004095,-0.129430,0.408782,0.000429,0.001417,0.048582,1.585042,1.137767,21.490204
2.353256,0.025485,-2.051410,-0.139130,0.405250,0.001565,0.002934,0.098922,1.552070,1.119833,21.526513
2.360250,0.025815,-2.090040,-0.151990,0.400743,0.003059,0.004759,0.159499,1.518073,1.104253,21.561696
2.367011,0.027110,-2.119298,-0.165298,0.394739,0.004585,0.006348,0.211672,1.482012,1.092347,21.597803
2.373309,0.028624,-2.143268,-0.181611,0.386614,0.007003,0.008233,0.272594,1.444823,1.076905,21.634757
2.379530,0.030327,-2.156763,-0.201333,0.376614,0.010148,0.010426,0.342817,1.411615,1.061516,21.672531
2.385890,0.032245,-2.151420,-0.219591,0.366614,0.006526,0.003981,0.197783,1.381266,1.049616,21.709197
2.385774,0.025749,-2.329652,-0.226707,0.356614,0.001288,0.000452,0.013956,1.341866,1.040522,21.742923
2.378937,0.022221,-2.674925,-0.232935,0.347895,0.002223,0.000766,0.025344,1.312044,1.039366,21.778873
2.371632,0.028071,-2.934226,-0.226682,0.343011,0.002859,0.000604,0.016118,1.267224,1.037656,21.815277
2.364583,0.038086,-3.104676,-0.227513,0.338663,0.003245,0.000579,0.018646,1.231435,1.034107,21.853145
2.356700,0.048567,-3.206842,-0.233905,0.333088,0.004097,0.000986,0.028211,1.199119,1.032177,21.893161
2.347932,0.057826,-3.263036,-0.237466,0.328021,0.004900,0.001117,0.031827,1.163291,1.032449,21.929139
2.338591,0.065110,-3.288480,-0.237060,0.324447,0.005140,0.001058,0.029991,1.129916,1.034522,21.964126
2.328828,0.070221,-3.293415,-0.232817,0.323210,0.004957,0.000843,0.022982,1.097014,1.039348,22.000129
2.318976,0.073257,-3.285799,-0.226997,0.323796,0.004451,0.000533,0.012754,1.061252,1.045758,22.036671
2.309215,0.074451,-3.272345,-0.221035,0.325404,0.003513,0.000097,0.001957,1.034652,1.057177,22.075634
2.299321,0.074072,-3.256997,-0.211971,0.328469,0.002933,-0.000395,-0.016207,1.000861,1.067263,22.114233
2.290223,0.072714,-3.242241,-0.204910,0.332235,0.001869,-0.000912,-0.031347,0.968976,1.082236,22.153390
2.281371,0.070656,-3.228860,-0.200141,0.336358,0.000926,-0.001359,-0.044246,0.937989,1.095500,22.195930
2.272777,0.068123,-3.219861,-0.194646,0.340947,0.000204,-0.001813,-0.059168,0.906232,1.112056,22.239148
2.264754,0.065520,-3.213665,-0.190671,0.346176,-0.000627,-0.002230,-0.071960,0.873452,1.128120,22.283799
2.257148,0.062959,-3.211345,-0.187857,0.351950,-0.001761,-0.002659,-0.082239,0.850165,1.148173,22.330170
2.249583,0.060483,-3.212486,-0.180609,0.357711,-0.001840,-0.001530,-0.065635,0.824208,1.170613,22.375339
2.243497,0.060258,-3.172876,-0.172550,0.362651,-0.001490,-0.000988,-0.028899,0.800288,1.191459,22.419801
2.239191,0.060043,-3.073818,-0.165578,0.367316,-0.002507,-0.001824,-0.054650,0.776432,1.214775,22.464840
2.235216,0.056816,-2.995368,-0.158864,0.371583,-0.003524,-0.002754,-0.083933,0.754211,1.241917,22.509633
2.231651,0.052270,-2.939985,-0.152319,0.375420,-0.003169,-0.001888,-0.075588,0.731782,1.265342,22.555082
2.229831,0.049501,-2.865012,-0.147428,0.379172,-0.001171,-0.000803,-0.022962,0.713629,1.292635,22.599722
2.231109,0.047517,-2.737012,-0.142713,0.382337,-0.001875,-0.001555,-0.047055,0.694807,1.321145,22.642441
2.232636,0.043054,-2.649218,-0.137104,0.384747,-0.002687,-0.002471,-0.075988,0.680711,1.350839,22.684172
2.234376,0.038326,-2.593423,-0.130568,0.386987,-0.003497,-0.003594,-0.112419,0.669503,1.378848,22.725109
2.236349,0.034377,-2.561614,-0.121335,0.389380,-0.004414,-0.005344,-0.169720,0.654155,1.406738,22.763532
2.238580,0.031483,-2.547609,-0.112779,0.391415,-0.005342,-0.007143,-0.228799,0.641313,1.436292,22.797751
2.240859,0.029572,-2.546506,-0.103802,0.392742,-0.006019,-0.009008,-0.290857,0.625405,1.467981,22.829713
2.243289,0.028629,-2.549667,-0.096956,0.393556,-0.006544,-0.010490,-0.340257,0.610067,1.500550,22.862634
2.245731,0.028317,-2.554179,-0.091288,0.393695,-0.006860,-0.011284,-0.367890,0.602735,1.532947,22.896712
2.248197,0.028842,-2.544132,-0.083610,0.393427,-0.007285,-0.013176,-0.430923,0.590766,1.567662,22.930482
2.250584,0.028834,-2.543552,-0.077957,0.392638,-0.007554,-0.014359,-0.471229,0.580095,1.600996,22.965167
2.252892,0.029057,-2.540268,-0.073442,0.391684,-0.007766,-0.015401,-0.506085,0.570327,1.633458,23.000696
2.255059,0.029217,-2.538493,-0.070361,0.390897,-0.007703,-0.015771,-0.520011,0.559944,1.665876,23.034506
2.257313,0.029723,-2.527261,-0.068128,0.390471,-0.007768,-0.016275,-0.537263,0.547130,1.698095,23.067266
2.259507,0.029846,-2.519917,-0.068051,0.390409,-0.007797,-0.016402,-0.541556,0.536029,1.731618,23.099972
2.261633,0.029730,-2.519419,-0.068301,0.390612,-0.007768,-0.016273,-0.537825,0.519869,1.763900,23.133548
2.263766,0.029832,-2.518192,-0.071905,0.391531,-0.007934,-0.015999,-0.526605,0.507942,1.798512,23.167429
2.265616,0.029384,-2.535628,-0.077291,0.393175,-0.007768,-0.014417,-0.474317,0.498413,1.831794,23.201187
2.267504,0.030002,-2.537981,-0.083950,0.395220,-0.007562,-0.012819,-0.421198,0.489692,1.866558,23.235646
2.269397,0.030565,-2.537393,-0.091723,0.397390,-0.007448,-0.011475,-0.374476,0.482897,1.901043,23.270061
2.271096,0.030560,-2.549168,-0.096622,0.399090,-0.007374,-0.010413,-0.338897,0.473341,1.935876,23.304915
2.272704,0.030944,-2.557246,-0.105921,0.401124,-0.006958,-0.008457,-0.273199,0.465106,1.969918,23.340162
2.274252,0.031440,-2.562650,-0.116223,0.402932,-0.006321,-0.006264,-0.200787,0.455978,2.002568,23.374821
2.275838,0.032070,-2.561972,-0.127052,0.404265,-0.005711,-0.004343,-0.136138,0.446925,2.035820,23.408786
2.277243,0.032365,-2.564681,-0.140158,0.405580,-0.003075,-0.000879,-0.034536,0.440163,2.070619,23.442532
2.280315,0.033866,-2.539729,-0.154281,0.406659,0.000561,0.002151,0.072756,0.434128,2.105940,23.476465
2.285801,0.035088,-2.485873,-0.168401,0.407481,0.000796,0.001648,0.079403,0.425754,2.139510,23.511129
2.290222,0.032340,-2.503743,-0.182296,0.408639,0.000155,0.000647,0.032095,0.424816,2.174698,23.546188
2.292922,0.028787,-2.624307,-0.192805,0.409892,0.000111,0.000459,0.022619,0.421008,2.210521,23.580806
2.294807,0.028485,-2.763960,-0.201064,0.411929,-0.000093,0.000323,0.016537,0.421147,2.245229,23.616089
2.295820,0.030905,-2.897330,-0.207518,0.414574,-0.000171,0.000212,0.011898,0.421533,2.280536,23.651160
2.296159,0.035103,-3.012472,-0.212394,0.417389,-0.000217,0.000157,0.008316,0.427614,2.317245,23.685667
2.295920,0.040258,-3.104969,-0.215368,0.420121,-0.000344,0.000060,0.005210,0.430535,2.351900,23.721102
2.295138,0.045708,-3.174254,-0.216405,0.423204,-0.000399,0.000003,0.002368,0.435058,2.387940,23.755532
2.294101,0.051003,-3.221021,-0.217208,0.426289,-0.000461,-0.000019,0.001959,0.443652,2.422252,23.788934
2.292856,0.055721,-3.248835,-0.216693,0.429358,-0.000592,-0.000093,-0.000493,0.457146,2.454816,23.822370
2.291516,0.059600,-3.262564,-0.212941,0.433103,-0.000799,-0.000201,-0.005555,0.467158,2.488902,23.855422
2.290442,0.062748,-3.262216,-0.207221,0.437710,-0.000792,-0.000229,-0.007743,0.479211,2.523980,23.889579
2.290179,0.065269,-3.244276,-0.202737,0.442463,-0.000634,-0.000173,-0.005974,0.494392,2.559914,23.925605
2.290838,0.066894,-3.212546,-0.200605,0.447249,-0.000527,-0.000119,-0.003599,0.516130,2.598227,23.964223
2.292230,0.067355,-3.177070,-0.196646,0.451127,-0.001034,-0.000282,-0.006247,0.531423,2.620062,24.007190
2.293877,0.066902,-3.140542,-0.188303,0.456069,-0.000988,-0.000388,-0.014544,0.558704,2.648773,24.046660
2.296895,0.066309,-3.096476,-0.180696,0.460125,-0.000966,-0.000384,-0.014714,0.579900,2.678453,24.084795
2.301107,0.065598,-3.039081,-0.172728,0.463361,-0.001408,-0.000973,-0.028353,0.605370,2.704462,24.127140
2.305965,0.064018,-2.982632,-0.161040,0.465027,-0.001653,-0.000991,-0.043285,0.630701,2.731609,24.169813
2.311902,0.063051,-2.911703,-0.148920,0.465274,-0.001001,-0.000763,-0.032832,0.661609,2.754172,24.213516
2.319639,0.062608,-2.797159,-0.137140,0.464339,-0.000913,-0.000811,-0.035480,0.690329,2.776925,24.259085
2.328422,0.061189,-2.660526,-0.126264,0.461738,-0.000739,-0.000776,-0.035200,0.722726,2.797766,24.305509
2.338131,0.058706,-2.507454,-0.119200,0.458374,-0.000474,-0.000519,-0.023181,0.755703,2.817059,24.351680
2.348449,0.054959,-2.353030,-0.114307,0.453870,-0.000292,-0.000365,-0.016679,0.792418,2.834228,24.398968
2.359053,0.050153,-2.217934,-0.112302,0.448359,0.000084,-0.000202,-0.008397,0.830849,2.853960,24.446733
2.369794,0.044950,-2.114886,-0.113739,0.442246,-0.000064,0.000073,0.005545,0.864772,2.868610,24.495233
2.379779,0.039996,-2.050976,-0.119103,0.436147,0.000686,0.000883,0.030277,0.901032,2.888219,24.541426
2.389571,0.036055,-2.026149,-0.127257,0.429296,0.002010,0.002166,0.073852,0.941061,2.904032,24.584736
2.399319,0.033701,-2.021684,-0.137872,0.421719,0.003387,0.003740,0.127373,0.975175,2.920649,24.627910
2.408720,0.032674,-2.028241,-0.150956,0.413362,0.003930,0.003315,0.140473,1.014577,2.934139,24.667772
2.416564,0.030403,-2.086807,-0.167151,0.403362,0.001927,0.001921,0.064258,1.052317,2.947979,24.706534
2.419866,0.027504,-2.277048,-0.183447,0.393362,0.004258,0.003755,0.125724,1.088436,2.960220,24.746329
2.422966,0.030764,-2.414932,-0.201063,0.383362,0.006690,0.005258,0.172664,1.126114,2.972685,24.784783
2.425569,0.036102,-2.509354,-0.219004,0.373362,0.005032,0.002326,0.116772,1.166146,2.982956,24.823052
2.423450,0.037600,-2.663033,-0.234664,0.363362,0.000841,0.000275,0.015077,1.201984,2.990348,24.862417
2.414545,0.039456,-2.902128,-0.242635,0.353362,0.001347,0.000379,0.011921,1.242250,2.996188,24.900861
2.404185,0.046275,-3.091563,-0.247716,0.344289,0.002671,0.000602,0.019151,1.281698,2.999033,24.939374
2.393284,0.055408,-3.218411,-0.249969,0.337194,0.003421,0.000707,0.020535,1.320150,2.999589,24.978858
2.381692,0.064560,-3.295992,-0.248815,0.332530,0.003767,0.000640,0.018229,1.358413,2.996782,25.017349
2.369552,0.072466,-3.337043,-0.244759,0.330166,0.004141,0.000587,0.013803,1.403915,3.000123,25.055879
2.357531,0.078610,-3.351523,-0.244621,0.328811,0.003178,0.000305,0.011169,1.428399,2.978642,25.097637
2.344228,0.082337,-3.352026,-0.233593,0.329024,0.002991,0.000011,-0.001809,1.462388,2.967102,25.136384
2.331710,0.084262,-3.341029,-0.224091,0.331213,0.002027,-0.000486,-0.017150,1.497761,2.953191,25.172235
2.319445,0.084363,-3.326196,-0.215115,0.333484,0.000956,-0.001088,-0.034549,1.530182,2.938351,25.213233
2.307387,0.082966,-3.311707,-0.205269,0.336495,-0.000279,-0.001794,-0.056750,1.564884,2.919300,25.256314
2.295642,0.080560,-3.299810,-0.192755,0.338427,-0.001665,-0.002942,-0.091997,1.593836,2.896726,25.301673
2.284250,0.077463,-3.293146,-0.177795,0.340831,-0.001943,-0.001842,-0.081858,1.621802,2.874000,25.349439
2.274607,0.076809,-3.230589,-0.163586,0.344341,-0.002050,-0.001774,-0.053516,1.648215,2.848563,25.397285
2.266875,0.075444,-3.098178,-0.149258,0.348231,-0.002306,-0.001527,-0.066119,1.672002,2.823089,25.446800
2.261027,0.072055,-2.945358,-0.136703,0.353035,-0.001854,-0.001908,-0.059144,1.693643,2.794536,25.497565
2.257786,0.066368,-2.763271,-0.128077,0.358318,-0.002116,-0.001623,-0.067104,1.718247,2.767440,25.548279
2.256212,0.059038,-2.596267,-0.121561,0.362961,-0.001002,-0.000574,-0.023001,1.740161,2.739390,25.599721
2.257408,0.052123,-2.403236,-0.119144,0.366970,-0.001022,-0.000509,-0.013145,1.759186,2.709642,25.650799
2.259717,0.043736,-2.255206,-0.118444,0.370347,-0.001449,-0.000625,-0.017447,1.779255,2.681291,25.699953
2.262500,0.035605,-2.167979,-0.119932,0.373624,-0.001516,-0.000307,-0.007751,1.797737,2.650863,25.746595
2.265833,0.029423,-2.123260,-0.121708,0.376055,-0.001427,-0.000070,0.001183,1.814988,2.621268,25.790461
2.269608,0.025281,-2.107370,-0.123058,0.378442,-0.000587,0.000175,0.007826,1.832493,2.590913,25.831825
2.274498,0.022986,-2.106944,-0.123545,0.380495,-0.000729,0.000088,0.007151,1.848105,2.559588,25.869118
2.279443,0.021864,-2.115717,-0.124017,0.381921,-0.000538,-0.000005,0.002137,1.864469,2.527428,25.902846
2.284646,0.021541,-2.132518,-0.123893,0.382832,-0.000561,-0.000066,-0.000356,1.880228,2.496397,25.936447
2.289847,0.021954,-2.146969,-0.121489,0.383199,-0.000744,-0.000470,-0.013966,1.896199,2.462925,25.970480
2.294974,0.022770,-2.155791,-0.118738,0.383147,-0.001031,-0.000950,-0.029682,1.909038,2.429715,26.004890
2.299888,0.023658,-2.160035,-0.115069,0.382706,-0.001318,-0.001576,-0.050500,1.920897,2.397469,26.039611
2.304600,0.024504,-2.160307,-0.111610,0.382301,-0.001528,-0.002376,-0.077062,1.933678,2.363730,26.074037
2.309205,0.025032,-2.164528,-0.108104,0.382212,-0.001301,-0.001425,-0.063515,1.946930,2.330275,26.108942
2.314175,0.027252,-2.131032,-0.104194,0.382279,-0.000909,-0.000820,-0.025047,1.953646,2.296939,26.143869
2.319647,0.029220,-2.043039,-0.098600,0.382271,-0.000830,-0.000596,-0.030698,1.963431,2.260498,26.178031
2.325445,0.029776,-1.953130,-0.094075,0.382172,-0.000741,-0.000331,-0.015067,1.973883,2.226705,26.213795
2.331535,0.029429,-1.850108,-0.092155,0.382551,-0.000652,-0.000159,-0.006077,1.982125,2.190882,26.250202
2.337859,0.027720,-1.764780,-0.091649,0.382704,-0.000714,-0.000082,-0.001187,1.989998,2.156757,26.285995
2.344148,0.025398,-1.707511,-0.094178,0.383040,-0.000646,0.000092,0.008833,1.997200,2.123656,26.321681
2.350369,0.022891,-1.684851,-0.098348,0.383244,-0.000320,0.000216,0.014285,2.007657,2.087014,26.356890
2.356641,0.020693,-1.699618,-0.103694,0.383053,-0.000129,0.000958,0.034474,2.016504,2.051036,26.392728
2.362697,0.019870,-1.729818,-0.109630,0.382137,0.000152,0.001973,0.070488,2.023027,2.016559,26.429088
2.368419,0.020235,-1.753947,-0.119483,0.380882,0.001186,0.003934,0.134997,2.029919,1.981096,26.464777
2.374187,0.021320,-1.766249,-0.129781,0.378651,0.002225,0.005663,0.192819,2.037521,1.946006,26.500597
2.379786,0.022323,-1.774143,-0.141402,0.376315,0.003138,0.006909,0.234165,2.042438,1.910332,26.536970
2.384942,0.022646,-1.797339,-0.153264,0.373431,0.004466,0.008595,0.290510,2.049681,1.875123,26.572977
2.389997,0.023529,-1.812687,-0.166177,0.370885,0.005749,0.010070,0.339220,2.050623,1.837948,26.608362
2.394802,0.024373,-1.826614,-0.179753,0.368248,0.007328,0.011624,0.390318,2.053017,1.801002,26.644897
2.399573,0.025379,-1.832709,-0.193439,0.365923,0.008716,0.012850,0.429895,2.053754,1.764400,26.682500
2.404138,0.026191,-1.836566,-0.207299,0.363610,0.006473,0.006458,0.297830,2.050370,1.727687,26.719334
2.404864,0.019422,-2.004975,-0.215723,0.361952,-0.000013,0.000124,0.008996,2.046157,1.692446,26.755628
2.398382,0.012585,-2.451606,-0.215139,0.362188,-0.000527,-0.000071,-0.000668,2.042584,1.657093,26.791066
2.391681,0.018622,-2.792962,-0.212423,0.364963,-0.000862,-0.000152,-0.004270,2.033120,1.623598,26.825215
2.384748,0.030342,-3.015557,-0.205347,0.368952,-0.001429,-0.000654,-0.018014,2.023568,1.588785,26.858546
2.377524,0.043116,-3.143651,-0.199077,0.374953,-0.001927,-0.000639,-0.023224,2.011238,1.555372,26.892986
2.370168,0.055020,-3.199161,-0.191263,0.381801,-0.001835,-0.000804,-0.022168,1.998131,1.523383,26.928728
2.363616,0.064598,-3.194220,-0.183594,0.389921,-0.003283,-0.001513,-0.044360,1.983252,1.491910,26.964807
2.356660,0.070511,-3.171862,-0.174894,0.398775,-0.004955,-0.002405,-0.071865,1.968125,1.462259,27.002079
2.349521,0.073390,-3.142568,-0.165620,0.407973,-0.006675,-0.003403,-0.103392,1.951828,1.434455,27.040651
2.342449,0.074008,-3.111587,-0.157198,0.417161,-0.005665,-0.002223,-0.088452,1.929595,1.406679,27.079078
2.338242,0.075203,-3.035933,-0.148090,0.425366,-0.002032,-0.001260,-0.036994,1.907458,1.380649,27.118829
2.339452,0.075539,-2.884770,-0.139736,0.432315,-0.002371,-0.001143,-0.046745,1.883826,1.354391,27.161390
2.341990,0.072472,-2.741145,-0.133938,0.437561,-0.001506,-0.000913,-0.026626,1.860170,1.330195,27.206109
2.346798,0.067429,-2.589600,-0.130150,0.441418,-0.002256,-0.001561,-0.047772,1.834271,1.306492,27.251533
2.351986,0.060094,-2.488091,-0.127257,0.443868,-0.002695,-0.001978,-0.061938,1.806651,1.283892,27.297507
2.357646,0.053166,-2.425146,-0.126244,0.444974,-0.002949,-0.002180,-0.069432,1.779528,1.262220,27.344928
2.363575,0.047667,-2.393859,-0.126299,0.444817,-0.002010,-0.001015,-0.043331,1.751759,1.240224,27.392031
2.370606,0.045157,-2.355973,-0.127846,0.443500,-0.000332,0.000069,0.005835,1.722758,1.219126,27.438096
2.379099,0.043933,-2.294921,-0.131304,0.441258,0.000044,0.000528,0.019415,1.691816,1.197577,27.484048
2.387410,0.041990,-2.262581,-0.138537,0.438654,0.000301,0.000617,0.033126,1.660996,1.177260,27.529305
2.395093,0.039454,-2.270025,-0.147001,0.435467,0.000499,0.001084,0.038321,1.628350,1.157345,27.572699
2.401869,0.037852,-2.317784,-0.156979,0.431877,0.001701,0.002544,0.086696,1.598244,1.138503,27.614488
2.408529,0.038631,-2.352533,-0.169100,0.428364,0.002891,0.003470,0.121717,1.562071,1.121058,27.652626
2.414744,0.039766,-2.390899,-0.182513,0.423243,0.004469,0.004764,0.165460,1.526771,1.103771,27.688820
2.420597,0.041611,-2.420354,-0.196516,0.415984,0.007067,0.006730,0.223739,1.490773,1.084016,27.726798
2.426811,0.044473,-2.421957,-0.211768,0.405985,0.006813,0.004669,0.189063,1.454723,1.068677,27.765000
2.430123,0.043357,-2.488310,-0.224405,0.395985,0.000950,0.000328,0.015096,1.417179,1.055572,27.803191
2.425348,0.039480,-2.739879,-0.232996,0.385985,0.001135,0.000397,0.013655,1.382010,1.046704,27.841885
2.418963,0.043142,-2.953864,-0.233901,0.376368,0.002329,0.000547,0.016150,1.343064,1.037571,27.879973
2.412342,0.051129,-3.104299,-0.235508,0.368688,0.002899,0.000553,0.018045,1.314268,1.033019,27.918841
2.404781,0.060258,-3.201125,-0.228159,0.365027,0.003032,0.000278,0.006336,1.273684,1.030523,27.954754
2.397033,0.069005,-3.255208,-0.223111,0.361765,0.003705,0.000155,0.000025,1.228194,1.027846,27.990322
2.389555,0.076408,-3.276903,-0.229845,0.356253,0.004002,0.000364,0.009231,1.194831,1.026843,28.032682
2.380854,0.081640,-3.281953,-0.235345,0.349524,0.004860,0.000562,0.015141,1.162150,1.026600,28.073262
2.371647,0.084842,-3.277364,-0.234868,0.345155,0.004996,0.000521,0.013158,1.127102,1.030223,28.108210
2.362174,0.086289,-3.267416,-0.230017,0.343362,0.004943,0.000311,0.006581,1.093875,1.036753,28.143762
2.353004,0.086313,-3.254374,-0.220668,0.343304,0.004769,-0.000061,-0.007446,1.055809,1.045114,28.181278
2.344679,0.085330,-3.240384,-0.212851,0.344577,0.003705,-0.000631,-0.022705,1.026596,1.058135,28.221792
2.336351,0.083440,-3.229112,-0.202877,0.346955,0.002635,-0.001149,-0.041102,0.991999,1.072562,28.263247
2.328408,0.081280,-3.217433,-0.194877,0.349772,0.001257,-0.001287,-0.051523,0.962590,1.087332,28.305777
2.320399,0.079283,-3.199336,-0.185991,0.353109,-0.001350,-0.000865,-0.025382,0.929059,1.104598,28.350611
2.311257,0.077944,-3.134051,-0.179287,0.357133,-0.002718,-0.001637,-0.046813,0.904933,1.116728,28.396308
2.302175,0.074211,-3.082449,-0.170596,0.363622,-0.003665,-0.002444,-0.075439,0.872401,1.139449,28.440115
2.294089,0.069569,-3.042578,-0.164514,0.368871,-0.004646,-0.003266,-0.101803,0.838216,1.171568,28.484843
2.286627,0.064611,-3.018416,-0.160864,0.372329,-0.005083,-0.003049,-0.098343,0.822236,1.185895,28.538755
2.279902,0.060816,-2.985372,-0.153956,0.377243,-0.006711,-0.004920,-0.152494,0.795234,1.211284,28.588887
2.273082,0.056047,-2.987156,-0.148478,0.381547,-0.006902,-0.005130,-0.163442,0.770068,1.237447,28.633625
2.267417,0.053227,-2.976303,-0.145230,0.385486,-0.005404,-0.002960,-0.124068,0.746105,1.264532,28.681328
2.264232,0.053471,-2.914216,-0.143838,0.388529,-0.000740,-0.000265,-0.005974,0.725275,1.292691,28.728515
2.266266,0.054599,-2.742911,-0.143028,0.390890,-0.000980,-0.000288,-0.007569,0.706315,1.320348,28.774732
2.268470,0.050823,-2.616986,-0.140807,0.392616,-0.000857,-0.000415,-0.010954,0.690381,1.349529,28.818676
2.271482,0.045569,-2.525434,-0.136924,0.393914,-0.001119,-0.000823,-0.025761,0.674328,1.379892,28.860679
2.274997,0.040571,-2.464831,-0.131126,0.395229,-0.001073,-0.001031,-0.031498,0.659988,1.412339,28.901483
2.279430,0.037186,-2.405619,-0.124887,0.396104,-0.001578,-0.002027,-0.065251,0.643640,1.444659,28.939538
2.284106,0.034193,-2.369477,-0.118685,0.396356,-0.002067,-0.003257,-0.105334,0.626245,1.478200,28.975330
2.288861,0.031852,-2.354044,-0.113710,0.396127,-0.002412,-0.003917,-0.129368,0.610389,1.509725,29.010781
2.293690,0.030752,-2.340696,-0.109003,0.395415,-0.001642,-0.001569,-0.082944,0.594434,1.541134,29.045134
2.299527,0.033358,-2.257817,-0.104933,0.394145,-0.000708,-0.000810,-0.025220,0.582512,1.574910,29.078701
2.306279,0.034587,-2.117357,-0.102675,0.392569,-0.000595,-0.000417,-0.020158,0.576229,1.609257,29.112839
2.313057,0.033038,-2.006552,-0.095768,0.390827,-0.000314,-0.000422,-0.022840,0.562415,1.651447,29.148428
2.320416,0.031351,-1.895533,-0.089781,0.388761,-0.000885,-0.000436,-0.020068,0.551234,1.678013,29.188254
2.327375,0.029492,-1.785189,-0.087958,0.388481,-0.000585,-0.000394,-0.011827,0.542002,1.714124,29.224295
2.334732,0.026785,-1.699578,-0.086658,0.387875,-0.000559,-0.000639,-0.020734,0.530270,1.750383,29.257396
2.342150,0.023876,-1.652184,-0.086925,0.387691,-0.000584,-0.000620,-0.019731,0.519839,1.785024,29.294243
2.349482,0.021679,-1.630469,-0.088282,0.387604,-0.000501,-0.000323,-0.009765,0.509036,1.819445,29.330489
2.356771,0.020429,-1.622158,-0.091213,0.387702,-0.000364,0.000254,0.009942,0.501419,1.854216,29.366027
2.363938,0.019877,-1.621857,-0.094122,0.387267,-0.000095,0.000819,0.029057,0.493637,1.890359,29.401159
2.371033,0.019828,-1.625381,-0.098048,0.386376,0.000126,0.001558,0.054540,0.487295,1.924702,29.437622
2.377878,0.020080,-1.630629,-0.103357,0.385175,0.000684,0.002396,0.083968,0.477966,1.962021,29.474144
2.384642,0.020355,-1.640713,-0.111595,0.383207,0.001479,0.004074,0.139829,0.471110,1.999421,29.510486
2.391271,0.021076,-1.644821,-0.122136,0.380752,0.002532,0.005985,0.204405,0.460660,2.036197,29.548143
2.397740,0.021803,-1.645857,-0.137179,0.378007,0.002322,0.003714,0.180013,0.459622,2.072712,29.585766
2.402345,0.017722,-1.752401,-0.150075,0.374700,0.000822,0.001800,0.061308,0.451035,2.109754,29.622572
2.404068,0.014398,-2.013670,-0.164876,0.371438,0.002415,0.003814,0.129065,0.450474,2.146239,29.659210
2.405795,0.018672,-2.192404,-0.176331,0.368157,0.003714,0.005046,0.171397,0.447208,2.182932,29.696230
2.407155,0.025047,-2.305186,-0.187946,0.365910,0.004990,0.006335,0.212901,0.448305,2.217908,29.733034
2.408111,0.031414,-2.365466,-0.197634,0.364596,0.003516,0.003048,0.146717,0.448646,2.253446,29.768744
2.406200,0.032407,-2.486725,-0.206317,0.364437,-0.000029,0.000283,0.015403,0.452314,2.288320,29.804055
2.399841,0.032458,-2.724642,-0.210607,0.365840,-0.000388,0.000076,0.006990,0.457529,2.322789,29.838821
2.392753,0.037787,-2.916161,-0.212512,0.368711,-0.000562,0.000013,0.003074,0.464086,2.358256,29.872643
2.385243,0.045632,-3.052230,-0.211594,0.372666,-0.000819,-0.000152,-0.001212,0.470528,2.391992,29.907087
2.377440,0.053963,-3.138417,-0.208818,0.377824,-0.001211,-0.000298,-0.006257,0.479063,2.425290,29.940736
2.369530,0.061543,-3.184406,-0.205011,0.383702,-0.001429,-0.000320,-0.009782,0.481580,2.461621,29.974054
2.361952,0.067788,-3.198594,-0.202801,0.390036,-0.000833,-0.000146,-0.002984,0.490350,2.497500,30.009062
2.355544,0.072341,-3.185144,-0.201653,0.396389,-0.000860,-0.000150,-0.001336,0.518488,2.527343,30.045746
2.349717,0.074727,-3.161202,-0.198069,0.402224,-0.001294,-0.000368,-0.008585,0.524928,2.560530,30.085240
2.344383,0.075302,-3.135214,-0.192625,0.409168,-0.002498,-0.000874,-0.023501,0.546320,2.589396,30.124944
2.339175,0.074478,-3.112848,-0.185712,0.416293,-0.003699,-0.001468,-0.041980,0.566262,2.618805,30.164128
2.334316,0.072899,-3.093524,-0.177065,0.423272,-0.003072,-0.000935,-0.037738,0.586407,2.647543,30.205218
2.331812,0.072297,-3.047031,-0.166712,0.429156,-0.001895,-0.001210,-0.035758,0.611300,2.672677,30.247018
2.332191,0.071180,-2.971809,-0.154926,0.433598,-0.003309,-0.002576,-0.080806,0.635937,2.696782,30.290192
2.332859,0.068265,-2.912770,-0.143014,0.436557,-0.002643,-0.001389,-0.068136,0.660737,2.720412,30.334226
2.335797,0.067472,-2.804638,-0.132558,0.438371,-0.001421,-0.001566,-0.049914,0.689676,2.742204,30.378401
2.341193,0.065338,-2.655523,-0.124072,0.438608,-0.001432,-0.001277,-0.057976,0.720325,2.764933,30.423933
2.347538,0.061642,-2.513447,-0.117829,0.437438,-0.000812,-0.001075,-0.033659,0.750008,2.784433,30.471325
2.355155,0.057000,-2.358429,-0.113338,0.434851,-0.000942,-0.001885,-0.061761,0.781166,2.803445,30.518943
2.363001,0.050422,-2.259841,-0.112255,0.431393,-0.000657,-0.001971,-0.065232,0.812116,2.822768,30.565343
2.371135,0.044585,-2.200079,-0.114487,0.427353,-0.000040,-0.001580,-0.052854,0.847573,2.840300,30.609861
2.379480,0.040202,-2.171372,-0.120404,0.422776,0.000735,-0.000591,-0.019740,0.879070,2.857566,30.653232
2.387741,0.037430,-2.163139,-0.128907,0.418149,0.001301,0.000415,0.018354,0.913973,2.873991,30.695144
2.395382,0.035691,-2.174472,-0.138660,0.412455,0.000095,0.000441,0.026921,0.945601,2.887984,30.735751
2.400378,0.033878,-2.230527,-0.150201,0.406296,0.001108,0.001626,0.055453,0.977819,2.906909,30.773586
2.404698,0.034026,-2.300686,-0.164300,0.399330,0.001282,0.001049,0.058690,1.012230,2.921274,30.807831
2.407103,0.033666,-2.408046,-0.179211,0.390755,0.000993,0.000795,0.036238,1.048557,2.936036,30.842800
2.406890,0.034337,-2.563245,-0.195588,0.381011,0.000873,0.000536,0.028285,1.084332,2.947767,30.879038
2.403903,0.036855,-2.733389,-0.210345,0.371011,0.001809,0.001126,0.037756,1.120194,2.958766,30.915763
2.399230,0.042068,-2.881076,-0.220642,0.361086,0.003832,0.001987,0.063033,1.155216,2.968618,30.952687
2.394285,0.049166,-2.975310,-0.229382,0.352079,0.002834,0.000905,0.041960,1.192184,2.976125,30.989270
2.386174,0.054463,-3.067619,-0.235124,0.343810,0.000420,0.000109,0.005618,1.230339,2.981223,31.026328
2.373991,0.058972,-3.171526,-0.239949,0.336594,0.000170,0.000024,0.003370,1.266774,2.985172,31.064302
2.360177,0.063910,-3.250710,-0.240075,0.331631,0.000129,-0.000016,0.001256,1.299566,2.981817,31.101398
2.345593,0.068671,-3.303099,-0.239463,0.328820,0.000009,-0.000112,-0.001977,1.338059,2.982207,31.136341
2.330564,0.072471,-3.335239,-0.234599,0.326974,-0.000457,-0.000272,-0.007042,1.376364,2.980394,31.172429
2.315239,0.075129,-3.348841,-0.230319,0.327127,-0.000769,-0.000262,-0.008042,1.411668,2.974903,31.211284
2.300106,0.076528,-3.346099,-0.224047,0.328481,-0.000729,-0.000208,-0.005837,1.445286,2.965801,31.250203
2.285903,0.076707,-3.324963,-0.217091,0.330923,-0.001195,-0.000525,-0.013544,1.480542,2.952630,31.288827
2.272433,0.075224,-3.298459,-0.209381,0.333515,-0.002100,-0.001054,-0.029584,1.511795,2.939378,31.329108
2.259409,0.072347,-3.275153,-0.201501,0.337227,-0.003132,-0.001718,-0.050071,1.545425,2.923134,31.370833
2.246920,0.068607,-3.258234,-0.192339,0.340470,-0.003054,-0.001314,-0.048652,1.573830,2.905060,31.414100
2.236207,0.065834,-3.219203,-0.180074,0.344075,-0.001843,-0.001365,-0.040185,1.601366,2.884911,31.458913
2.228652,0.063266,-3.140128,-0.167850,0.348546,-0.003312,-0.002806,-0.085168,1.627751,2.861554,31.503757
2.221630,0.058761,-3.078322,-0.155554,0.353267,-0.004884,-0.004549,-0.140023,1.652332,2.839157,31.550359
2.215134,0.053554,-3.035545,-0.144906,0.359236,-0.006503,-0.006439,-0.199699,1.675933,2.813330,31.597667
2.209069,0.048409,-3.014220,-0.135254,0.365608,-0.007115,-0.006943,-0.225677,1.698225,2.788367,31.645554
2.204324,0.045420,-2.974464,-0.129098,0.371505,-0.008804,-0.009101,-0.285618,1.721095,2.763255,31.694791
2.199314,0.041220,-2.971195,-0.125882,0.377256,-0.009859,-0.010165,-0.318176,1.742570,2.735857,31.742756
2.194444,0.037898,-2.983630,-0.123862,0.382615,-0.010207,-0.010196,-0.320641,1.761051,2.707917,31.789933
2.190228,0.036364,-2.982321,-0.123582,0.387706,-0.010696,-0.010309,-0.323357,1.780634,2.680465,31.836247
2.186241,0.035140,-2.982184,-0.124346,0.392065,-0.011031,-0.010157,-0.317079,1.797928,2.652671,31.880245
2.182439,0.034198,-2.981008,-0.125617,0.396180,-0.006153,-0.003211,-0.155215,1.816038,2.623243,31.921451
2.183997,0.040110,-2.824895,-0.127007,0.399328,-0.000643,0.000104,0.007825,1.834648,2.594004,31.960349
2.191015,0.042662,-2.559692,-0.130513,0.401202,-0.000539,0.000300,0.015561,1.850918,2.563697,31.997250
2.197989,0.037501,-2.391865,-0.133727,0.402364,-0.000345,0.000194,0.011178,1.871070,2.532275,32.030788
2.205267,0.030426,-2.311548,-0.136452,0.402856,-0.000419,0.000174,0.009942,1.886055,2.501524,32.064290
2.212584,0.024709,-2.288762,-0.136105,0.403250,-0.000541,-0.000090,-0.001361,1.901252,2.468774,32.098141
2.220009,0.021387,-2.295504,-0.134645,0.403225,-0.000657,-0.000211,-0.006669,1.916115,2.437082,32.131636
2.227471,0.020324,-2.304941,-0.132915,0.403068,-0.000614,-0.000330,-0.009174,1.927915,2.403565,32.165908
2.235007,0.020541,-2.307505,-0.129316,0.402216,-0.000663,-0.000533,-0.020618,1.942089,2.370429,32.200566
2.242543,0.021530,-2.301073,-0.124872,0.401782,-0.000711,-0.000418,-0.016556,1.952847,2.336846,32.235739
2.250173,0.023208,-2.266306,-0.119189,0.401629,-0.000918,-0.001073,-0.033696,1.966331,2.303353,32.270493
2.257804,0.024087,-2.225159,-0.115056,0.402028,-0.001355,-0.001461,-0.049407,1.973760,2.269348,32.305451
2.265186,0.024392,-2.188908,-0.112181,0.403275,-0.000670,-0.000279,-0.010720,1.982832,2.233339,32.341252
2.273453,0.025829,-2.110107,-0.108327,0.404142,-0.000958,-0.000770,-0.023712,1.989839,2.199182,32.377936
2.281637,0.025442,-2.047567,-0.104400,0.404817,-0.001156,-0.001504,-0.048514,2.000103,2.164260,32.414241
2.289864,0.024271,-2.009467,-0.101254,0.405030,-0.001039,-0.000973,-0.043804,2.009449,2.128068,32.450023
2.298365,0.024370,-1.963433,-0.099442,0.404683,-0.000587,-0.000197,-0.007162,2.015471,2.092785,32.486722
2.307269,0.024905,-1.887560,-0.099017,0.404026,-0.000446,-0.000113,-0.002393,2.022307,2.056995,32.523511
2.316128,0.024025,-1.833818,-0.100079,0.402327,-0.000226,0.000098,0.004402,2.027639,2.020806,32.560101
2.324855,0.022760,-1.804338,-0.102398,0.399688,0.000213,0.000546,0.019268,2.034250,1.983783,32.597310
2.333498,0.021819,-1.790926,-0.107587,0.396121,0.000439,0.000690,0.033762,2.039787,1.947710,32.634252
2.341519,0.020525,-1.805885,-0.113894,0.391686,0.000138,0.000518,0.025479,2.043221,1.910220,32.670867
2.348220,0.019156,-1.867900,-0.121042,0.386754,0.000464,0.001259,0.043396,2.043555,1.873154,32.708042
2.354118,0.019543,-1.937158,-0.130471,0.382048,0.001717,0.002871,0.096967,2.042954,1.835317,32.745800
2.359890,0.021490,-1.983096,-0.142235,0.378145,0.002930,0.004709,0.158501,2.044331,1.798492,32.783823
2.365291,0.023707,-2.011550,-0.160042,0.375403,0.004871,0.007150,0.238762,2.045487,1.760835,32.821091
2.370595,0.025659,-2.029432,-0.178476,0.372540,0.006897,0.009370,0.311123,2.043532,1.722198,32.858102
2.375793,0.027374,-2.036836,-0.196617,0.369177,0.008607,0.010795,0.357266,2.042487,1.685393,32.896244
2.380545,0.028384,-2.048683,-0.213768,0.365153,0.010706,0.012253,0.403432,2.038847,1.649057,32.933836
2.385318,0.029569,-2.050431,-0.228408,0.360688,0.006431,0.004532,0.225442,2.033099,1.612112,32.970370
2.383924,0.021876,-2.255240,-0.238507,0.357165,0.000762,0.000467,0.016341,2.024737,1.576114,33.006628
2.375852,0.017505,-2.652162,-0.240706,0.356290,0.001071,0.000662,0.021913,2.012255,1.540317,33.042492
2.367895,0.023987,-2.948852,-0.239091,0.357938,0.000579,0.000589,0.018898,2.000155,1.508274,33.079271
2.359275,0.034959,-3.147773,-0.229875,0.360983,-0.000390,-0.000034,0.002155,1.985881,1.475154,33.116486
2.350102,0.046669,-3.267385,-0.216960,0.365706,-0.001903,-0.000818,-0.024047,1.969130,1.442796,33.153697
2.340335,0.057302,-3.330056,-0.202385,0.372128,-0.002281,-0.000776,-0.031276,1.951512,1.413145,33.193103
2.331537,0.066951,-3.327385,-0.186865,0.380180,-0.002645,-0.001500,-0.044568,1.931639,1.384769,33.233697
2.324141,0.073624,-3.275641,-0.169766,0.388705,-0.004975,-0.003231,-0.099091,1.909739,1.358736,33.274726
2.316648,0.076204,-3.220116,-0.150991,0.396615,-0.007243,-0.005434,-0.170661,1.886267,1.335375,33.316484
2.309448,0.075888,-3.165093,-0.133306,0.402950,-0.008947,-0.007661,-0.244429,1.859257,1.311425,33.358156
2.302980,0.073845,-3.107862,-0.117581,0.407688,-0.010838,-0.010397,-0.334259,1.833602,1.289410,33.402001
2.296749,0.070188,-3.064679,-0.104845,0.410834,-0.012018,-0.012762,-0.414721,1.807336,1.267801,33.447206
2.291057,0.066089,-3.031490,-0.095910,0.412997,-0.012735,-0.014589,-0.474913,1.779933,1.247819,33.492130
2.285884,0.062086,-3.007217,-0.090807,0.414146,-0.013167,-0.015663,-0.512091,1.755271,1.231773,33.536767
2.281123,0.058535,-2.988571,-0.089544,0.414879,-0.013087,-0.016114,-0.526821,1.725832,1.210225,33.578500
2.276900,0.055333,-2.980707,-0.091634,0.415010,-0.012832,-0.015787,-0.516800,1.696158,1.188902,33.619388
2.273097,0.052783,-2.978872,-0.099242,0.415602,-0.012551,-0.014558,-0.473517,1.665289,1.169489,33.661136
2.269360,0.050582,-2.987794,-0.108100,0.416038,-0.011960,-0.012935,-0.418848,1.636648,1.149186,33.702257
2.265828,0.049095,-2.999822,-0.119883,0.416854,-0.011137,-0.010853,-0.348880,1.604339,1.130303,33.740458
2.262467,0.048108,-3.014512,-0.133549,0.417762,-0.010282,-0.008639,-0.274153,1.572857,1.111755,33.775930
2.259069,0.047444,-3.032181,-0.147130,0.418826,-0.009269,-0.006556,-0.205323,1.541213,1.093665,33.810565
2.255736,0.047139,-3.049764,-0.163242,0.419596,-0.008145,-0.004432,-0.135574,1.508135,1.075584,33.843147
2.252253,0.046946,-3.070210,-0.180385,0.419040,-0.006582,-0.002341,-0.068212,1.472455,1.058327,33.876526
2.248783,0.047027,-3.088330,-0.196762,0.416906,-0.005116,-0.000690,-0.014874,1.438356,1.043926,33.911915
2.245101,0.047182,-3.104404,-0.208039,0.414099,-0.003903,0.000333,0.016881,1.402991,1.029903,33.947932
2.241354,0.047409,-3.116860,-0.215860,0.411217,-0.003079,0.000870,0.034541,1.370084,1.018113,33.984891
2.237464,0.047495,-3.127778,-0.213942,0.408428,-0.002856,0.000843,0.032355,1.336635,1.008324,34.021684
2.233738,0.047688,-3.132331,-0.214725,0.406562,-0.002764,0.000890,0.034389,1.301210,1.006095,34.057181
2.229894,0.047644,-3.134501,-0.213335,0.404331,-0.002349,0.000828,0.030982,1.262639,0.998667,34.092572
2.226437,0.047443,-3.135115,-0.216499,0.401656,-0.001524,0.000334,0.022468,1.233682,0.989578,34.129759
2.223318,0.046313,-3.151716,-0.214792,0.400639,-0.000312,-0.000179,-0.004273,1.196496,0.989208,34.164156
2.221575,0.045422,-3.188258,-0.212523,0.399963,-0.000536,-0.000399,-0.010570,1.161146,0.991521,34.197398
2.219788,0.045673,-3.217767,-0.208207,0.399641,-0.000867,-0.000752,-0.021689,1.126049,0.995281,34.233514
2.218013,0.046544,-3.238498,-0.202962,0.400353,-0.001377,-0.001209,-0.035830,1.091930,1.003262,34.269466
2.216232,0.047601,-3.250946,-0.197412,0.401265,-0.002051,-0.001851,-0.055568,1.057963,1.014162,34.305506
2.214329,0.048432,-3.260399,-0.191094,0.402502,-0.001931,-0.001375,-0.052242,1.023520,1.024954,34.342907
2.213224,0.050267,-3.241012,-0.186341,0.404171,-0.000802,-0.000562,-0.016207,0.988723,1.036158,34.381882
2.213775,0.052200,-3.170634,-0.185288,0.406529,-0.001110,-0.000677,-0.019600,0.953155,1.048254,34.422195
2.214312,0.051548,-3.114376,-0.186524,0.409472,-0.001400,-0.000563,-0.014963,0.921565,1.064165,34.464537
2.214853,0.049591,-3.073060,-0.188323,0.413100,-0.001653,-0.000385,-0.009154,0.891278,1.082614,34.507798
2.215526,0.047225,-3.045821,-0.188861,0.416053,-0.001675,-0.000307,-0.007202,0.854906,1.098653,34.550625
2.216591,0.045070,-3.029746,-0.189920,0.417851,-0.002114,-0.000275,-0.003860,0.833139,1.122701,34.594902
2.217445,0.043270,-3.022163,-0.184599,0.419614,-0.002600,-0.000826,-0.022291,0.805835,1.145919,34.639863
2.218587,0.042062,-3.019274,-0.179721,0.421189,-0.003176,-0.001413,-0.040790,0.778827,1.170069,34.684191
2.219814,0.041320,-3.019431,-0.174892,0.422401,-0.003614,-0.001954,-0.058299,0.752427,1.196412,34.729695
2.221200,0.041026,-3.019048,-0.170870,0.423302,-0.002677,-0.001165,-0.046370,0.727809,1.225060,34.776034
2.223962,0.042253,-2.990845,-0.166732,0.423718,-0.000629,-0.000578,-0.017406,0.703079,1.254041,34.822744
2.229098,0.043597,-2.922211,-0.163162,0.423423,-0.000985,-0.001041,-0.031485,0.683658,1.284396,34.869544
2.234041,0.042975,-2.870519,-0.157431,0.422493,-0.001432,-0.001914,-0.059765,0.666094,1.316968,34.914950
2.238959,0.041507,-2.837394,-0.148972,0.421505,-0.002054,-0.003134,-0.099293,0.649290,1.349046,34.959719
2.243903,0.040145,-2.815451,-0.139522,0.420647,-0.002729,-0.004614,-0.147956,0.633891,1.382478,35.003674
2.248905,0.039137,-2.801613,-0.128672,0.419606,-0.002180,-0.002543,-0.120942,0.616604,1.415379,35.045470
2.255227,0.042468,-2.704987,-0.119157,0.417985,-0.000528,-0.000712,-0.032997,0.601475,1.452681,35.084196
2.263541,0.045819,-2.491600,-0.108905,0.415877,-0.000858,-0.001986,-0.064489,0.588371,1.488835,35.122540
2.271966,0.043358,-2.311837,-0.098626,0.413099,-0.000815,-0.001236,-0.065577,0.575485,1.525647,35.161815
2.280988,0.040757,-2.130564,-0.089399,0.409706,-0.000553,-0.000619,-0.031535,0.565950,1.562773,35.200209
2.290630,0.037963,-1.920216,-0.082279,0.405797,-0.000470,-0.001462,-0.047529,0.561320,1.602589,35.239188
2.300469,0.032735,-1.757858,-0.074941,0.402095,-0.000458,-0.000928,-0.051507,0.550339,1.639437,35.279425
2.310495,0.029036,-1.615965,-0.070960,0.398908,-0.000273,-0.000278,-0.014453,0.540006,1.678619,35.318923
2.320593,0.026077,-1.470159,-0.069373,0.396561,-0.000225,-0.000352,-0.011102,0.529759,1.716040,35.357879
2.330563,0.022197,-1.373542,-0.069265,0.394581,-0.000052,-0.000376,-0.011938,0.520125,1.752864,35.397042
2.340476,0.018698,-1.324174,-0.070343,0.393085,-0.000087,-0.000045,-0.002106,0.509211,1.790332,35.435214
2.350113,0.016453,-1.300935,-0.073862,0.391838,-0.000233,0.000213,0.013391,0.499160,1.827446,35.473727
2.359181,0.014705,-1.304023,-0.078680,0.390811,-0.000257,0.000277,0.017593,0.492341,1.864900,35.512117
2.367748,0.013237,-1.342427,-0.084219,0.389419,-0.000165,0.000320,0.019791,0.478919,1.901311,35.549909
2.375826,0.012462,-1.407935,-0.092668,0.388117,-0.000100,0.000502,0.030254,0.475720,1.941313,35.587887
2.383189,0.012136,-1.499998,-0.100844,0.386339,0.000207,0.001532,0.053290,0.470611,1.979219,35.626737
2.389996,0.013552,-1.590919,-0.109550,0.383798,0.000307,0.000914,0.054889,0.462411,2.016655,35.666040
2.395837,0.014114,-1.700777,-0.120422,0.380723,0.000567,0.001875,0.064950,0.455053,2.054760,35.704664
2.400655,0.015979,-1.826578,-0.133532,0.377243,0.000758,0.001256,0.072040,0.446986,2.092563,35.742971
2.404064,0.017061,-1.971352,-0.149394,0.374057,0.001015,0.002252,0.077846,0.442399,2.130113,35.781125
2.405911,0.019627,-2.139214,-0.164757,0.371168,0.002645,0.004297,0.146103,0.440379,2.167704,35.818662
2.407524,0.024955,-2.246047,-0.178874,0.368764,0.002372,0.002443,0.121022,0.437089,2.204731,35.856069
2.407010,0.026995,-2.385615,-0.191155,0.367450,0.000699,0.001181,0.040693,0.440139,2.242367,35.893393
2.403390,0.029040,-2.599303,-0.200466,0.367299,0.001514,0.001945,0.066007,0.440810,2.279854,35.929994
2.399518,0.035364,-2.748054,-0.208235,0.368019,0.000973,0.000864,0.047132,0.443976,2.316602,35.966888
2.394054,0.041146,-2.879793,-0.213384,0.369519,-0.000125,0.000300,0.012199,0.449652,2.353531,36.003544
2.386802,0.047059,-3.010476,-0.216724,0.371673,-0.000213,0.000130,0.010639,0.456751,2.389480,36.038913
2.378993,0.053683,-3.103922,-0.217045,0.374759,-0.000605,-0.000055,0.001238,0.466032,2.425416,36.073218
2.370688,0.060054,-3.170306,-0.216560,0.378524,-0.001050,-0.000108,0.000110,0.478422,2.459397,36.108218
2.362014,0.065764,-3.207893,-0.214256,0.383036,-0.001060,-0.000147,-0.002503,0.484253,2.495350,36.144051
2.353735,0.070357,-3.222736,-0.211050,0.388275,-0.000779,-0.000168,-0.003618,0.495328,2.529685,36.180139
2.346401,0.073634,-3.218752,-0.206215,0.394164,-0.000691,-0.000169,-0.004712,0.518084,2.562751,36.217033
2.340140,0.075638,-3.198516,-0.202715,0.400058,-0.000928,-0.000211,-0.004406,0.541518,2.591278,36.256508
2.334593,0.076194,-3.169081,-0.195013,0.406074,-0.001019,-0.000301,-0.010254,0.558906,2.622378,36.298361
2.330389,0.075808,-3.129338,-0.186926,0.412698,-0.001177,-0.000360,-0.012336,0.578214,2.650840,36.339766
2.327628,0.074681,-3.076501,-0.176880,0.418766,-0.001818,-0.001043,-0.030185,0.603712,2.677374,36.381159
2.325981,0.072404,-3.021613,-0.164784,0.423698,-0.003341,-0.002352,-0.072532,0.626474,2.703965,36.423897
2.324678,0.069133,-2.979929,-0.152188,0.427206,-0.004587,-0.003777,-0.119225,0.652258,2.728603,36.467517
2.323904,0.065812,-2.945591,-0.139294,0.429445,-0.005873,-0.005579,-0.179152,0.680092,2.750850,36.511728
2.323469,0.062645,-2.921200,-0.127612,0.430448,-0.007327,-0.007979,-0.257866,0.710107,2.771856,36.556222
2.322891,0.059361,-2.922080,-0.117019,0.430004,-0.004353,-0.003015,-0.159578,0.739902,2.792657,36.601360
2.326291,0.064124,-2.764123,-0.109688,0.428576,-0.000500,-0.000437,-0.022003,0.771925,2.812834,36.647174
2.333857,0.066518,-2.465980,-0.108439,0.426835,-0.000381,-0.000106,-0.003868,0.804649,2.831040,36.692532
2.341617,0.060391,-2.230260,-0.110932,0.424551,-0.000188,0.000058,0.008094,0.839483,2.848915,36.737669
2.349569,0.050572,-2.080074,-0.117068,0.421836,-0.000208,0.000264,0.018325,0.872347,2.864236,36.782024
2.357200,0.040754,-2.020658,-0.126457,0.418771,0.000094,0.000455,0.026881,0.906986,2.880411,36.823601
2.364420,0.032939,-2.044448,-0.136448,0.414676,0.000206,0.000476,0.027391,0.941764,2.897051,36.864666
2.370700,0.028096,-2.129952,-0.148775,0.410321,0.000361,0.000556,0.031406,0.976724,2.912340,36.904886
2.375707,0.026061,-2.256218,-0.160656,0.404602,0.001047,0.001509,0.051506,1.011396,2.927636,36.942409
2.379709,0.027535,-2.381219,-0.175289,0.397458,0.003052,0.003319,0.110066,1.046693,2.941085,36.978956
2.383448,0.031598,-2.465252,-0.191249,0.388985,0.002717,0.001755,0.089481,1.081035,2.954110,37.015158
2.384196,0.032966,-2.590959,-0.206460,0.379490,0.000875,0.000438,0.022393,1.117601,2.967342,37.051132
2.380553,0.034333,-2.788429,-0.218029,0.370059,0.000744,0.000271,0.014893,1.155739,2.977564,37.087466
2.374551,0.039048,-2.964863,-0.226408,0.361485,0.001101,0.000494,0.017313,1.189714,2.985194,37.125618
2.366925,0.046024,-3.099303,-0.230734,0.354682,0.001032,0.000309,0.013927,1.223873,2.992814,37.162585
2.357696,0.053348,-3.195898,-0.234070,0.349635,0.000069,0.000019,0.003588,1.259905,2.993716,37.197427
2.346243,0.059929,-3.269578,-0.235615,0.345784,0.000074,0.000005,0.001328,1.300955,2.996070,37.232376
2.333945,0.065703,-3.316714,-0.236527,0.342782,-0.000167,-0.000051,0.000234,1.339019,2.995302,37.270496
2.320801,0.070153,-3.343197,-0.234201,0.340628,-0.000366,-0.000107,-0.002004,1.374118,2.992493,37.310342
2.307360,0.073193,-3.352093,-0.230343,0.340456,-0.000554,-0.000158,-0.003696,1.409781,2.987154,37.347544
2.294085,0.074778,-3.346380,-0.224861,0.341560,-0.000924,-0.000382,-0.009313,1.444032,2.976924,37.384462
2.281195,0.074817,-3.332019,-0.218400,0.343539,-0.001196,-0.000438,-0.014364,1.479379,2.964972,37.422823
2.269093,0.073773,-3.309824,-0.210984,0.345835,-0.000992,-0.000488,-0.013870,1.513169,2.953414,37.462685
2.258443,0.071909,-3.273974,-0.205913,0.349352,-0.001476,-0.000559,-0.018794,1.547984,2.936387,37.503910
2.248515,0.069028,-3.238228,-0.197738,0.351419,-0.001358,-0.000739,-0.020577,1.576507,2.916143,37.547130
2.240113,0.065745,-3.191549,-0.186460,0.353521,-0.002519,-0.001894,-0.056374,1.604384,2.896138,37.591859
2.232247,0.061470,-3.158405,-0.175346,0.356519,-0.003738,-0.003134,-0.095284,1.632061,2.874319,37.636105
2.224967,0.057118,-3.135488,-0.164198,0.360120,-0.005000,-0.004541,-0.139741,1.658385,2.849810,37.681372
2.218257,0.053155,-3.119867,-0.151777,0.364417,-0.006599,-0.006506,-0.202080,1.681902,2.824646,37.728783
2.211896,0.049587,-3.114475,-0.139512,0.369685,-0.007878,-0.008329,-0.261202,1.704276,2.796330,37.777120
2.206207,0.046983,-3.106029,-0.128764,0.375004,-0.009262,-0.010314,-0.325198,1.725602,2.770410,37.826666
2.200846,0.044740,-3.101097,-0.121889,0.380355,-0.006796,-0.005387,-0.230558,1.745154,2.742180,37.875824
2.199285,0.049160,-2.959881,-0.117871,0.385253,-0.000765,-0.000306,-0.011500,1.764428,2.713482,37.923185
2.204479,0.053729,-2.613437,-0.118797,0.389272,-0.000798,0.000085,0.005968,1.785002,2.685159,37.969667
2.210009,0.047777,-2.359946,-0.122630,0.392569,-0.000835,0.000205,0.014648,1.802845,2.655254,38.014864
2.215976,0.037873,-2.211181,-0.127643,0.395007,-0.000411,0.000337,0.018295,1.821593,2.624617,38.058479
2.222696,0.028630,-2.154901,-0.131845,0.396427,-0.000439,0.000321,0.016069,1.838705,2.594789,38.099601
2.229539,0.022147,-2.162579,-0.135079,0.397669,-0.000334,0.000518,0.018440,1.854552,2.562785,38.137425
2.236536,0.018953,-2.197547,-0.136067,0.398146,-0.000245,0.000700,0.024218,1.872218,2.530093,38.172927
2.243621,0.018417,-2.227965,-0.136274,0.398274,-0.000213,0.000730,0.025311,1.889777,2.497689,38.207591
2.250621,0.019133,-2.250518,-0.134564,0.398198,-0.000508,0.000199,0.010903,1.904363,2.466178,38.242349
2.257283,0.020096,-2.270227,-0.132750,0.397815,-0.000558,-0.000215,-0.006827,1.919967,2.433165,38.276440
2.263845,0.021261,-2.290290,-0.130546,0.397149,-0.000618,-0.000269,-0.008719,1.932080,2.399929,38.310471
2.270266,0.022970,-2.291988,-0.126670,0.396179,-0.000671,-0.000698,-0.021389,1.945733,2.366005,38.345453
2.276633,0.024481,-2.281530,-0.122188,0.395547,-0.001029,-0.001562,-0.049676,1.956001,2.331736,38.380785
2.282760,0.025305,-2.274890,-0.115797,0.395155,-0.001393,-0.002565,-0.083279,1.966279,2.297010,38.415976
2.288804,0.026086,-2.264582,-0.109014,0.394976,-0.001530,-0.001626,-0.076935,1.972381,2.263261,38.451990
2.295068,0.028814,-2.207585,-0.102963,0.395120,-0.000866,-0.001144,-0.036504,1.980477,2.226836,38.488215
2.302221,0.030883,-2.087884,-0.096842,0.394828,-0.001255,-0.002318,-0.075942,1.989252,2.191289,38.524292
2.309218,0.029557,-2.007961,-0.091348,0.394076,-0.001654,-0.003409,-0.112793,1.996431,2.155734,38.561259
2.316078,0.027405,-1.959233,-0.088557,0.393156,-0.001472,-0.003885,-0.129782,2.006486,2.119246,38.598100
2.323185,0.025626,-1.930557,-0.085626,0.391161,-0.001092,-0.001403,-0.078227,2.011510,2.083568,38.635376
2.330610,0.027497,-1.844044,-0.083695,0.388754,-0.000466,-0.000154,-0.006515,2.018673,2.048421,38.672817
2.338366,0.028414,-1.703665,-0.086009,0.385597,-0.000083,0.000428,0.016169,2.023288,2.012635,38.708990
2.345933,0.026092,-1.611378,-0.090195,0.381341,0.000578,0.001275,0.043853,2.028299,1.975859,38.744719
2.353448,0.023179,-1.561977,-0.097330,0.376653,0.001462,0.002688,0.091751,2.031856,1.940194,38.781816
2.360874,0.020933,-1.539474,-0.106807,0.371621,0.001170,0.001368,0.077801,2.035082,1.903253,38.819218
2.366777,0.016459,-1.607557,-0.118267,0.365910,0.000810,0.001988,0.067772,2.037700,1.867065,38.855629
2.370926,0.014469,-1.741468,-0.130848,0.360666,0.002321,0.004087,0.138470,2.040687,1.829645,38.891790
2.375032,0.016450,-1.833019,-0.145355,0.356491,0.003727,0.006269,0.211704,2.046134,1.794860,38.929036
2.378729,0.019487,-1.890893,-0.164056,0.353767,0.005533,0.008668,0.290937,2.044077,1.757142,38.965317
2.382105,0.022310,-1.927187,-0.186435,0.350107,0.007817,0.011003,0.366874,2.044711,1.721939,39.001018
2.385188,0.024583,-1.949453,-0.208130,0.345348,0.010196,0.012708,0.421197,2.044012,1.686317,39.037297
2.388046,0.026274,-1.963951,-0.227417,0.339858,0.012441,0.013862,0.456712,2.040523,1.648514,39.072138
2.390752,0.027552,-1.972713,-0.245599,0.333528,0.007867,0.005317,0.262281,2.036864,1.613094,39.107650
2.386557,0.019153,-2.196301,-0.254612,0.327802,0.000288,0.000076,0.005342,2.030555,1.577589,39.143089
2.373726,0.013549,-2.652562,-0.254954,0.325933,-0.000269,-0.000050,0.000170,2.017240,1.543619,39.178030
2.360320,0.019994,-3.004511,-0.249501,0.326673,-0.000879,-0.000308,-0.008015,2.004615,1.511566,39.213424
2.346452,0.031808,-3.243056,-0.239392,0.330041,-0.001958,-0.000837,-0.023290,1.992765,1.479696,39.248343
2.332004,0.044842,-3.388914,-0.226762,0.336060,-0.003740,-0.001608,-0.046532,1.978011,1.450378,39.284081
2.316748,0.056710,-3.468946,-0.210400,0.343599,-0.005568,-0.002603,-0.076974,1.962717,1.422379,39.320370
2.301267,0.066418,-3.499370,-0.192441,0.353126,-0.008503,-0.004300,-0.129003,1.941321,1.394750,39.356366
2.285035,0.072964,-3.506932,-0.171879,0.363027,-0.010981,-0.006311,-0.192172,1.918212,1.365879,39.394104
2.269051,0.076885,-3.492821,-0.150439,0.372659,-0.013793,-0.009095,-0.280197,1.894460,1.340188,39.435080
2.253214,0.078110,-3.469530,-0.130467,0.381585,-0.008908,-0.004143,-0.195085,1.869082,1.317493,39.477876
2.245154,0.085191,-3.257262,-0.114257,0.389074,-0.002140,-0.002774,-0.087218,1.843685,1.295487,39.521380
2.246041,0.086811,-2.890104,-0.106081,0.395485,-0.003691,-0.004242,-0.131867,1.817956,1.275375,39.565520
2.247269,0.076427,-2.610648,-0.103291,0.400984,-0.004546,-0.004740,-0.148837,1.792845,1.254110,39.609303
2.249440,0.061775,-2.412773,-0.104212,0.405700,-0.005001,-0.004692,-0.146073,1.767592,1.232695,39.652294
2.252541,0.047754,-2.290158,-0.108777,0.409945,-0.003464,-0.001743,-0.074424,1.739787,1.214437,39.694340
2.258028,0.039077,-2.181418,-0.112992,0.413241,-0.000677,0.000715,0.026442,1.712666,1.195468,39.736122
2.266711,0.033775,-2.049228,-0.120813,0.416287,-0.000632,0.001782,0.064725,1.687741,1.180853,39.777139
2.275313,0.028023,-1.983923,-0.129721,0.419018,-0.000200,0.001665,0.078914,1.657514,1.164054,39.814745
2.284046,0.022345,-1.992077,-0.139408,0.420944,-0.000046,0.001479,0.050511,1.628962,1.146701,39.851958
2.292432,0.018227,-2.092524,-0.149231,0.422243,0.000642,0.002996,0.100632,1.598630,1.129574,39.889323
2.300822,0.018648,-2.169197,-0.160985,0.423461,0.001727,0.004713,0.156545,1.565985,1.108336,39.924005
2.309199,0.020953,-2.220332,-0.175314,0.423531,0.002715,0.006426,0.213465,1.534650,1.093872,39.957874
2.317005,0.023595,-2.253745,-0.189768,0.422044,0.004489,0.008011,0.263505,1.499038,1.075540,39.991811
2.324836,0.026168,-2.272531,-0.203599,0.418150,0.005999,0.009193,0.301526,1.464914,1.059431,40.027057
2.332244,0.028322,-2.282985,-0.217007,0.412547,0.005166,0.005077,0.219884,1.427666,1.045554,40.064096
2.336791,0.025009,-2.399865,-0.226553,0.405658,0.000694,0.000288,0.012745,1.393336,1.033934,40.102343
2.335310,0.020608,-2.720668,-0.226947,0.399544,0.000224,-0.000047,-0.000778,1.358589,1.024474,40.140125
2.332723,0.025212,-2.979124,-0.219514,0.395274,-0.000189,-0.000463,-0.013994,1.328857,1.018121,40.177100
2.329519,0.034482,-3.151648,-0.212554,0.393047,-0.000435,-0.001061,-0.032680,1.294228,1.014906,40.211915
2.325767,0.044718,-3.259505,-0.205071,0.390957,-0.000635,-0.001333,-0.044741,1.257704,1.011335,40.245321
2.321560,0.054522,-3.311903,-0.201084,0.388862,-0.001133,-0.001675,-0.054199,1.227627,1.014365,40.281179
2.316343,0.062367,-3.332644,-0.194302,0.387416,-0.001346,-0.002461,-0.078721,1.192442,1.014269,40.315337
2.310925,0.067809,-3.340156,-0.189777,0.386896,-0.001548,-0.002417,-0.079942,1.158267,1.020744,40.348270
2.305383,0.071894,-3.324512,-0.187118,0.386579,-0.001820,-0.002987,-0.095709,1.122563,1.025562,40.383243
2.299638,0.073531,-3.312984,-0.185795,0.386630,-0.001365,-0.001771,-0.070235,1.086780,1.030951,40.419765
2.294497,0.075234,-3.270733,-0.187255,0.387517,-0.000148,0.000065,0.004396,1.051443,1.039960,40.459043
2.290604,0.076405,-3.164084,-0.192196,0.388904,-0.000093,0.000395,0.015625,1.021754,1.049324,40.500164
2.286671,0.073478,-3.081070,-0.196998,0.390866,0.000300,0.000752,0.026224,0.984703,1.062242,40.539404
2.283315,0.068572,-3.022179,-0.202641,0.392710,0.000421,0.000774,0.031597,0.949553,1.073149,40.580902
2.280237,0.062799,-2.993343,-0.210203,0.393887,0.000183,0.000480,0.017510,0.918130,1.089702,40.625587
2.276818,0.056976,-3.013941,-0.214701,0.395086,0.000586,0.000851,0.028667,0.884420,1.105312,40.669543
2.273912,0.053485,-3.040131,-0.218739,0.395807,0.000449,0.000684,0.028714,0.854058,1.122299,40.714639
2.270815,0.051244,-3.075959,-0.218132,0.396345,-0.000386,-0.000070,-0.000520,0.826733,1.145247,40.759608
2.267129,0.049828,-3.135555,-0.214580,0.396741,-0.000799,-0.000343,-0.008141,0.803210,1.168433,40.804700
2.263475,0.050289,-3.182395,-0.206049,0.397434,-0.001274,-0.000898,-0.027692,0.774302,1.192362,40.849950
2.260163,0.051814,-3.213711,-0.198015,0.397872,-0.002202,-0.001737,-0.053008,0.750084,1.219209,40.895918
2.256625,0.053385,-3.235948,-0.188217,0.397999,-0.002642,-0.001987,-0.069609,0.727034,1.245638,40.943154
2.253488,0.055571,-3.234152,-0.176706,0.398508,-0.001330,-0.001344,-0.041183,0.705974,1.275488,40.989384
2.252682,0.058719,-3.157924,-0.164573,0.399140,-0.002460,-0.002823,-0.088234,0.683307,1.303813,41.035111
2.251822,0.058575,-3.093993,-0.152092,0.399800,-0.003650,-0.004392,-0.138611,0.669751,1.336011,41.079831
2.251070,0.056757,-3.039139,-0.134900,0.400583,-0.004963,-0.006851,-0.219073,0.655660,1.368929,41.123497
2.250755,0.054255,-2.991765,-0.118180,0.401523,-0.006395,-0.009761,-0.315514,0.643633,1.402205,41.166682
2.250677,0.051430,-2.956193,-0.100433,0.402169,-0.007560,-0.013107,-0.427569,0.628982,1.436832,41.207685
2.250993,0.048914,-2.926929,-0.084619,0.402311,-0.008492,-0.016314,-0.535562,0.614713,1.470751,41.245838
2.251552,0.046850,-2.901060,-0.072594,0.401891,-0.006558,-0.009715,-0.434715,0.602795,1.506960,41.282291
2.254786,0.054316,-2.690125,-0.064493,0.400982,-0.000437,-0.000553,-0.029777,0.588581,1.542399,41.318842
2.264308,0.063978,-2.078211,-0.063806,0.399749,-0.000475,-0.000091,-0.002576,0.578220,1.578768,41.355889
2.273874,0.054309,-1.642206,-0.066986,0.398354,-0.000357,0.000108,0.012383,0.569527,1.614355,41.393232
2.283826,0.038835,-1.387130,-0.070150,0.397207,-0.000387,0.000189,0.011853,0.560398,1.651272,41.429610
2.293944,0.025559,-1.279237,-0.074312,0.396462,-0.000187,0.000903,0.031422,0.549114,1.685217,41.466522
2.304183,0.017376,-1.250361,-0.079315,0.396487,0.000168,0.002001,0.067825,0.538676,1.721553,41.502995
2.314596,0.013396,-1.250571,-0.083437,0.396584,0.000313,0.002719,0.092371,0.528158,1.756033,41.539287
2.324828,0.011738,-1.265282,-0.088316,0.397119,0.000249,0.001825,0.086539,0.518240,1.792499,41.575725
2.334656,0.009630,-1.320117,-0.093332,0.397731,-0.000230,0.000964,0.033370,0.506162,1.826780,41.612220
2.343636,0.008141,-1.446991,-0.099480,0.398640,0.000119,0.002150,0.073542,0.495972,1.863700,41.648698
2.352545,0.010223,-1.529897,-0.106219,0.399302,0.000512,0.003635,0.124308,0.483042,1.899909,41.685095
2.361222,0.013334,-1.572115,-0.115997,0.400329,0.001088,0.005442,0.185479,0.476997,1.936322,41.722832
2.369571,0.015948,-1.593860,-0.124441,0.400752,0.001673,0.006896,0.234672,0.467448,1.972101,41.759630
2.377639,0.017929,-1.604068,-0.135687,0.400537,0.001525,0.003916,0.186970,0.459578,2.008483,41.796364
2.384409,0.014591,-1.717094,-0.144919,0.399255,0.000568,0.001367,0.046254,0.453493,2.048142,41.833595
2.389301,0.011676,-1.986107,-0.150255,0.396835,0.001141,0.002134,0.073250,0.448000,2.086797,41.872143
2.394049,0.016335,-2.167959,-0.155890,0.394405,0.001882,0.002916,0.098741,0.441981,2.125652,41.911732
2.398434,0.023147,-2.279194,-0.162685,0.392212,0.002634,0.003808,0.129365,0.440355,2.163615,41.951034
2.402279,0.029689,-2.339278,-0.170846,0.390845,0.003404,0.004621,0.156641,0.440877,2.201759,41.989982
2.405585,0.034819,-2.372251,-0.180443,0.390322,0.004490,0.005833,0.196272,0.440890,2.238723,42.028287
2.408711,0.038910,-2.379362,-0.190523,0.390049,0.005270,0.006532,0.219386,0.445228,2.276383,42.065821
2.411410,0.041361,-2.383988,-0.200608,0.389455,0.006183,0.007290,0.244009,0.450916,2.312794,42.102432
2.413878,0.042975,-2.384838,-0.209619,0.388668,0.007245,0.008050,0.267696,0.460166,2.350395,42.138354
2.416399,0.044187,-2.379355,-0.217566,0.387808,0.008001,0.008526,0.283461,0.467897,2.385860,42.175513
2.418769,0.044865,-2.374133,-0.224102,0.387218,0.005466,0.004170,0.188850,0.474424,2.422406,42.212032
2.417912,0.040538,-2.475009,-0.228698,0.387347,-0.000182,0.000120,0.007164,0.488818,2.455488,42.248193
2.411130,0.036179,-2.751628,-0.226574,0.388895,-0.000493,0.000040,0.003561,0.491859,2.488706,42.285089
2.404421,0.040481,-2.967576,-0.219634,0.394020,-0.001456,-0.000360,-0.009332,0.499696,2.524457,42.320395
2.397515,0.048810,-3.116292,-0.211294,0.400473,-0.001538,-0.000376,-0.014105,0.523067,2.559006,42.356728
2.391341,0.058723,-3.195960,-0.203103,0.406883,-0.001170,-0.000329,-0.011028,0.546119,2.589347,42.397635
2.386298,0.068063,-3.213871,-0.191899,0.413226,-0.002004,-0.001005,-0.029392,0.567098,2.619638,42.441497
2.381541,0.074978,-3.198742,-0.179169,0.419454,-0.003666,-0.002115,-0.064868,0.593083,2.646759,42.484967
2.376591,0.079050,-3.171982,-0.164770,0.424681,-0.005670,-0.003716,-0.116453,0.614416,2.674517,42.529341
2.371355,0.080614,-3.145533,-0.148797,0.428221,-0.004083,-0.001955,-0.094791,0.643519,2.700100,42.574543
2.369543,0.084223,-3.033700,-0.134781,0.430061,-0.001716,-0.001892,-0.060422,0.667318,2.724401,42.621207
2.371534,0.084927,-2.844018,-0.124242,0.430787,-0.002532,-0.003319,-0.109077,0.697815,2.747492,42.667606
2.373972,0.079574,-2.694712,-0.117355,0.430240,-0.003039,-0.004377,-0.144074,0.729919,2.768143,42.713941
2.376934,0.071645,-2.586074,-0.110848,0.427786,-0.001966,-0.001769,-0.095915,0.763346,2.788273,42.762987
2.381765,0.067316,-2.429128,-0.107655,0.424148,-0.000413,-0.000615,-0.018288,0.792064,2.807289,42.812554
2.388393,0.062100,-2.226151,-0.110090,0.420493,0.000280,-0.000161,-0.004109,0.827410,2.826704,42.858938
2.395538,0.053752,-2.093639,-0.116561,0.416315,0.001103,0.000945,0.032929,0.861054,2.844345,42.903590
2.402971,0.045837,-2.017831,-0.125189,0.411572,0.000939,0.000706,0.041335,0.893598,2.861731,42.948179
2.409338,0.038225,-2.021832,-0.136075,0.406297,0.000269,0.000485,0.029189,0.926475,2.880183,42.990686
2.413804,0.032566,-2.109922,-0.149101,0.400994,0.001057,0.001744,0.060221,0.959814,2.896322,43.029425
2.417525,0.031242,-2.214781,-0.162196,0.394715,0.001519,0.001416,0.072650,0.991603,2.911589,43.064985
2.419837,0.031243,-2.335227,-0.174780,0.387343,0.001386,0.001386,0.047055,1.029712,2.926460,43.099303
2.420005,0.032870,-2.493862,-0.190454,0.378333,0.002135,0.001276,0.061156,1.066404,2.940247,43.135048
2.418373,0.036145,-2.640676,-0.204587,0.368333,0.001792,0.001184,0.039320,1.101777,2.953192,43.173540
2.413798,0.040545,-2.801061,-0.216804,0.358333,0.001793,0.000679,0.035491,1.136158,2.962945,43.210793
2.406753,0.045910,-2.941237,-0.225682,0.349022,0.000708,0.000231,0.010998,1.173716,2.971867,43.246654
2.396538,0.051755,-3.075440,-0.230909,0.341000,0.000871,0.000248,0.009411,1.210772,2.978656,43.283805
2.384819,0.058504,-3.174832,-0.234722,0.334505,0.001813,0.000485,0.015103,1.248261,2.983454,43.321627
2.372711,0.065208,-3.236357,-0.237531,0.329279,0.002456,0.000579,0.018016,1.285669,2.985906,43.359058
2.360155,0.070795,-3.270612,-0.238221,0.325336,0.003024,0.000662,0.019639,1.321954,2.986371,43.396938
2.347503,0.074912,-3.284116,-0.238143,0.323055,0.001479,0.000219,0.009474,1.359058,2.982914,43.434250
2.333073,0.076869,-3.294779,-0.235393,0.321777,-0.000591,-0.000231,-0.004431,1.392944,2.977282,43.471609
2.316784,0.077193,-3.306938,-0.229417,0.322426,-0.001012,-0.000500,-0.013319,1.429244,2.969239,43.508486
2.300929,0.076605,-3.312406,-0.222880,0.324230,-0.001836,-0.000914,-0.025255,1.461644,2.957647,43.546409
2.285325,0.075109,-3.314788,-0.214434,0.327228,-0.001732,-0.000592,-0.022392,1.493247,2.947901,43.586151
2.271296,0.073814,-3.295627,-0.205102,0.331498,-0.000975,-0.000329,-0.011353,1.526378,2.929938,43.625617
2.259700,0.072230,-3.245931,-0.196421,0.335417,-0.001077,-0.000380,-0.013202,1.559280,2.911134,43.667119
2.249611,0.069443,-3.184394,-0.186292,0.338308,-0.001660,-0.001094,-0.031250,1.588259,2.890280,43.712442
2.240643,0.065216,-3.124467,-0.174950,0.341720,-0.003012,-0.002400,-0.071854,1.613477,2.865921,43.759796
2.232253,0.059936,-3.082187,-0.162505,0.346023,-0.002527,-0.001382,-0.062026,1.639546,2.843892,43.807986
2.226466,0.057289,-2.993569,-0.151371,0.351170,-0.001763,-0.001568,-0.047459,1.664622,2.820429,43.856738
2.223357,0.054151,-2.863672,-0.142282,0.357086,-0.001855,-0.001019,-0.046668,1.687695,2.795880,43.905565
2.221959,0.050425,-2.725530,-0.136692,0.362556,-0.001338,-0.000934,-0.026637,1.709852,2.769913,43.954233
2.222501,0.045485,-2.582243,-0.132666,0.367381,-0.001363,-0.000562,-0.024576,1.731104,2.742744,44.003130
2.224254,0.040068,-2.464777,-0.130441,0.371571,-0.000729,-0.000170,-0.005755,1.752961,2.714954,44.052209
2.227608,0.035049,-2.361639,-0.130103,0.375169,-0.000731,-0.000088,-0.000411,1.771442,2.687036,44.100783
2.231611,0.030234,-2.294388,-0.130562,0.378194,-0.000640,-0.000038,0.001801,1.789709,2.657638,44.147613
2.236179,0.026320,-2.259603,-0.131173,0.380987,-0.000677,-0.000017,0.002228,1.806431,2.627228,44.191576
2.241101,0.023633,-2.248031,-0.131744,0.383485,-0.000620,-0.000021,0.002110,1.823658,2.597483,44.233653
2.246308,0.022136,-2.250103,-0.131908,0.385789,-0.000614,-0.000033,0.001063,1.841754,2.567160,44.272707
2.251750,0.021626,-2.257626,-0.131521,0.387635,-0.001130,-0.000137,-0.001114,1.851151,2.540766,44.307730
2.256811,0.021766,-2.264827,-0.131334,0.389155,-0.000577,-0.000127,-0.003032,1.871703,2.507591,44.337938
2.262492,0.022294,-2.271465,-0.128012,0.389743,-0.001149,-0.000709,-0.021064,1.887571,2.475179,44.369685
2.267802,0.023012,-2.274829,-0.124325,0.389903,-0.001531,-0.001315,-0.040650,1.901423,2.443729,44.404774
2.272912,0.023791,-2.274545,-0.120717,0.389866,-0.001180,-0.000681,-0.032720,1.915186,2.410543,44.438421
2.278506,0.025745,-2.244387,-0.116687,0.389192,-0.000617,-0.000276,-0.011940,1.928217,2.377575,44.472751
2.284729,0.027506,-2.177136,-0.111836,0.388741,-0.000691,-0.000330,-0.014720,1.939420,2.343043,44.507631
2.291025,0.028047,-2.104564,-0.107026,0.388527,-0.000787,-0.000335,-0.014958,1.950758,2.311421,44.543029
2.297457,0.027892,-2.027690,-0.102744,0.388832,-0.000717,-0.000293,-0.013080,1.959678,2.276656,44.577485
2.304206,0.027257,-1.950483,-0.098365,0.388976,-0.000684,-0.000294,-0.013702,1.968244,2.241295,44.611836
2.311257,0.026379,-1.875279,-0.094283,0.388996,-0.000672,-0.000276,-0.013029,1.977630,2.206540,44.647838
2.318539,0.025419,-1.802417,-0.091712,0.388953,-0.000706,-0.000200,-0.008347,1.982334,2.171434,44.683877
2.325889,0.024240,-1.737720,-0.089783,0.388412,-0.000685,-0.000157,-0.005899,1.989229,2.136867,44.720410
2.333255,0.022983,-1.685368,-0.091610,0.387781,-0.000408,0.000074,0.006439,1.998288,2.100960,44.756635
2.340660,0.021357,-1.657458,-0.095115,0.387037,-0.000136,0.000635,0.022604,2.008951,2.065484,44.792714
2.347978,0.020079,-1.653043,-0.098742,0.385608,-0.000111,0.001316,0.046497,2.014555,2.031786,44.829528
2.354833,0.019583,-1.655048,-0.107401,0.383931,0.000204,0.000902,0.052869,2.021212,1.995620,44.865425
2.361123,0.017523,-1.709606,-0.116516,0.380978,0.000343,0.001581,0.054926,2.028092,1.960018,44.900658
2.366528,0.016913,-1.804338,-0.126585,0.377619,0.001308,0.003227,0.110374,2.034369,1.925364,44.936844
2.371675,0.018755,-1.870910,-0.139003,0.374373,0.002564,0.005050,0.171478,2.039761,1.889385,44.972834
2.376538,0.021146,-1.917621,-0.153197,0.370515,0.004183,0.007135,0.240788,2.045875,1.854476,45.008382
2.381196,0.023611,-1.943317,-0.168488,0.367200,0.005860,0.009029,0.302833,2.048627,1.818716,45.043646
2.385640,0.025615,-1.957195,-0.183850,0.364083,0.007998,0.011145,0.371552,2.052867,1.782760,45.079236
2.390344,0.027637,-1.948298,-0.199332,0.361311,0.009359,0.011959,0.397483,2.051560,1.745095,45.115362
2.394562,0.028157,-1.956418,-0.212602,0.358709,0.010590,0.012831,0.425819,2.051380,1.710892,45.151585
2.398457,0.028700,-1.964528,-0.223929,0.356639,0.011641,0.013432,0.444530,2.044114,1.676729,45.187038
2.402105,0.029263,-1.972077,-0.233597,0.354670,0.008102,0.006276,0.289531,2.036468,1.639111,45.221361
2.401071,0.022251,-2.147451,-0.237557,0.353105,0.000048,0.000130,0.005935,2.028946,1.605375,45.257071
2.391690,0.015883,-2.585251,-0.231654,0.353675,-0.000571,-0.000175,-0.004242,2.020146,1.571331,45.292440
2.382462,0.022067,-2.917294,-0.222197,0.356935,-0.001738,-0.000798,-0.023935,2.006909,1.538345,45.326378
2.372806,0.033639,-3.139825,-0.208189,0.361394,-0.002512,-0.001057,-0.039757,1.991181,1.507002,45.361574
2.363346,0.047182,-3.256631,-0.192909,0.367860,-0.002615,-0.001478,-0.044988,1.975985,1.476486,45.398434
2.354988,0.059751,-3.277210,-0.176143,0.375821,-0.003235,-0.001427,-0.059707,1.956644,1.448458,45.436412
2.347651,0.070039,-3.229110,-0.158425,0.385017,-0.002970,-0.002213,-0.068381,1.936321,1.421343,45.475337
2.342661,0.076359,-3.116300,-0.143189,0.394920,-0.003423,-0.001680,-0.074177,1.916188,1.398061,45.515658
2.339472,0.079327,-2.959870,-0.128860,0.403882,-0.002603,-0.002226,-0.069937,1.892765,1.373199,45.556169
2.339415,0.077766,-2.761616,-0.115877,0.410920,-0.004449,-0.004339,-0.138234,1.868639,1.350077,45.597800
2.339736,0.070664,-2.612371,-0.108121,0.416494,-0.005410,-0.005489,-0.177339,1.842842,1.326510,45.642045
2.340889,0.062056,-2.502939,-0.105900,0.420782,-0.006087,-0.006060,-0.196453,1.817904,1.303504,45.687874
2.342548,0.053696,-2.438925,-0.107742,0.423985,-0.006213,-0.005842,-0.190052,1.790709,1.280544,45.734575
2.344739,0.047065,-2.408912,-0.111741,0.426056,-0.006103,-0.005230,-0.169281,1.763616,1.257953,45.781315
2.347273,0.042498,-2.401147,-0.116821,0.427039,-0.005899,-0.004415,-0.141956,1.736607,1.236266,45.827669
2.349911,0.039760,-2.406551,-0.124347,0.427659,-0.005350,-0.003133,-0.098749,1.709195,1.215163,45.872581
2.352652,0.038464,-2.416555,-0.132940,0.427790,-0.004709,-0.001724,-0.051358,1.681443,1.194871,45.915713
2.355359,0.038105,-2.427348,-0.143337,0.427875,-0.003795,-0.000118,0.002051,1.651015,1.173383,45.957234
2.358074,0.038295,-2.437413,-0.156306,0.427992,-0.002832,0.001727,0.063792,1.623725,1.152364,45.997267
2.360562,0.038796,-2.444632,-0.171138,0.428459,-0.001508,0.003498,0.122247,1.593255,1.132564,46.033847
2.363025,0.039309,-2.452415,-0.188061,0.428185,0.000067,0.005296,0.180681,1.561800,1.113374,46.067485
2.365432,0.039930,-2.457970,-0.203861,0.426287,0.001790,0.006799,0.228268,1.527785,1.094465,46.101094
2.367859,0.040675,-2.458242,-0.218815,0.422317,0.003600,0.007868,0.261426,1.491588,1.077982,46.136076
2.370270,0.041243,-2.458052,-0.230435,0.415861,0.005190,0.008400,0.277421,1.454462,1.063355,46.173203
2.372514,0.041542,-2.462312,-0.240458,0.407919,0.006958,0.009061,0.297295,1.417904,1.051035,46.212637
2.374776,0.042095,-2.460760,-0.247786,0.398878,0.008254,0.009085,0.296655,1.383862,1.042788,46.252806
2.376717,0.042211,-2.468183,-0.245682,0.391138,0.005366,0.003960,0.180646,1.348730,1.031961,46.291310
2.375100,0.037523,-2.587164,-0.242127,0.386051,-0.000398,-0.000162,-0.004323,1.315736,1.027678,46.328184
2.367637,0.033591,-2.869393,-0.231356,0.383492,-0.000952,-0.000346,-0.011883,1.279215,1.029937,46.363838
2.360346,0.038421,-3.079020,-0.218057,0.382093,-0.001669,-0.000996,-0.030147,1.242598,1.028409,46.400036
2.352982,0.046983,-3.213819,-0.200982,0.381604,-0.003168,-0.002312,-0.071129,1.209602,1.031291,46.437509
2.345037,0.056021,-3.293602,-0.181130,0.382210,-0.004554,-0.003979,-0.127613,1.171156,1.033316,46.473137
2.337005,0.064221,-3.330375,-0.164884,0.383398,-0.003675,-0.002112,-0.101399,1.136315,1.038219,46.509542
2.330977,0.074144,-3.257346,-0.151893,0.385325,-0.001608,-0.001663,-0.052302,1.102353,1.048023,46.548039
2.327956,0.080304,-3.084862,-0.145994,0.387655,-0.002434,-0.002373,-0.073955,1.071523,1.058998,46.587197
2.324861,0.078854,-2.941508,-0.142320,0.390786,-0.002781,-0.002818,-0.089973,1.032530,1.069665,46.627737
2.322482,0.073242,-2.831595,-0.150395,0.393327,-0.002547,-0.001814,-0.055819,0.998474,1.081852,46.672208
2.320469,0.065964,-2.757255,-0.160144,0.395712,-0.001372,-0.000296,-0.008408,0.967321,1.095653,46.719759
2.319594,0.059259,-2.705314,-0.172649,0.397649,0.000521,0.001391,0.047244,0.933455,1.112245,46.765458
2.320166,0.053705,-2.670284,-0.188030,0.398231,0.001806,0.003109,0.102900,0.902783,1.128680,46.812120
2.321043,0.049425,-2.651555,-0.203803,0.398156,0.003263,0.004341,0.141203,0.866136,1.144180,46.859689
2.322190,0.046151,-2.653755,-0.219315,0.396924,0.004546,0.005491,0.178551,0.837052,1.165831,46.907107
2.323250,0.044234,-2.662927,-0.229142,0.394775,0.005493,0.006092,0.196948,0.810016,1.185947,46.954961
2.324259,0.043333,-2.674843,-0.234175,0.392351,0.003221,0.002268,0.110892,0.781734,1.208793,47.001383
2.322298,0.039011,-2.782248,-0.234510,0.389432,-0.000015,-0.000028,0.000367,0.753801,1.233037,47.047559
2.316929,0.036624,-2.984765,-0.229603,0.387001,-0.000229,-0.000326,-0.008736,0.728369,1.258773,47.094395
2.311534,0.040068,-3.142031,-0.219860,0.384917,-0.000884,-0.000986,-0.030288,0.705830,1.286803,47.140830
2.305853,0.046192,-3.252171,-0.206395,0.383887,-0.002006,-0.002111,-0.065602,0.684245,1.316482,47.186414
2.299723,0.052914,-3.323422,-0.189096,0.383376,-0.003561,-0.003703,-0.116236,0.667661,1.346576,47.231746
2.293134,0.059130,-3.362523,-0.167865,0.383659,-0.005386,-0.006004,-0.190522,0.656578,1.380944,47.275528
2.286320,0.064222,-3.376442,-0.143181,0.383999,-0.004585,-0.003816,-0.176633,0.642411,1.414503,47.318030
2.282273,0.073326,-3.250879,-0.119287,0.384726,-0.002259,-0.003997,-0.130431,0.627040,1.448214,47.358550
2.282288,0.079006,-2.970917,-0.098883,0.384962,-0.002410,-0.002995,-0.145136,0.613034,1.482789,47.396292
2.283876,0.078761,-2.648913,-0.081654,0.384523,-0.001351,-0.003339,-0.110407,0.599619,1.519556,47.433394
2.288192,0.072114,-2.264907,-0.070946,0.383692,-0.002088,-0.005633,-0.183941,0.591260,1.557048,47.470924
2.293125,0.057643,-2.001761,-0.063270,0.382381,-0.002401,-0.007387,-0.244664,0.581443,1.593766,47.509724
2.298829,0.043123,-1.843193,-0.058669,0.380752,-0.002397,-0.008332,-0.279550,0.571116,1.629686,47.548324
2.305159,0.032258,-1.757211,-0.056549,0.379386,-0.002279,-0.008980,-0.300809,0.563598,1.666092,47.585291
2.311834,0.025120,-1.723618,-0.055193,0.378143,-0.002149,-0.009411,-0.317358,0.554544,1.702060,47.621963
2.318708,0.021115,-1.718837,-0.054989,0.377008,-0.001969,-0.009583,-0.324072,0.544137,1.738799,47.659122
2.325660,0.019250,-1.727772,-0.056132,0.375895,-0.001849,-0.009400,-0.318619,0.529216,1.773708,47.696598
2.332517,0.018726,-1.740752,-0.061288,0.375526,-0.001690,-0.008306,-0.281156,0.519847,1.808635,47.733404
2.339171,0.018878,-1.755131,-0.066768,0.375243,-0.000951,-0.001984,-0.115182,0.510233,1.844141,47.769154
2.346166,0.024548,-1.642746,-0.074624,0.375081,-0.000166,0.001660,0.058529,0.499908,1.879122,47.804814
2.353260,0.026860,-1.455305,-0.086035,0.375333,0.000452,0.003936,0.135721,0.489551,1.914393,47.840303
2.360189,0.023935,-1.345396,-0.100080,0.375903,0.001398,0.006807,0.232503,0.480440,1.950178,47.876279
2.367187,0.020491,-1.283827,-0.114575,0.376117,0.002377,0.009480,0.322398,0.473316,1.986733,47.912582
2.374117,0.017793,-1.254988,-0.131294,0.376312,0.003574,0.011816,0.400517,0.465788,2.022458,47.949313
2.380896,0.015683,-1.259212,-0.147955,0.375454,0.002460,0.004727,0.256220,0.457300,2.059114,47.986002
2.385025,0.005419,-1.494148,-0.164604,0.373934,0.000291,0.000625,0.035555,0.455572,2.094805,48.022526
2.385692,-0.000987,-1.967449,-0.172358,0.372118,0.000409,0.000938,0.032161,0.451362,2.131462,48.059021
2.385870,0.005053,-2.328098,-0.176929,0.370798,0.000911,0.001485,0.050909,0.448531,2.166897,48.095424
2.385649,0.016228,-2.551440,-0.178404,0.370776,0.001027,0.001612,0.056162,0.446336,2.202741,48.131737
2.384724,0.027643,-2.677324,-0.181038,0.372150,0.001103,0.001852,0.063495,0.446870,2.238588,48.167303
2.383073,0.037291,-2.742422,-0.183309,0.374323,0.001044,0.001984,0.069712,0.449573,2.274441,48.202915
2.380808,0.044554,-2.769993,-0.187377,0.377268,0.001178,0.002368,0.082400,0.451193,2.310979,48.238401
2.378204,0.049595,-2.775617,-0.193351,0.379819,0.001428,0.002820,0.097797,0.459826,2.346736,48.273352
2.375326,0.052624,-2.771796,-0.197713,0.382285,0.001634,0.003238,0.110629,0.466596,2.383409,48.308744
2.372401,0.054284,-2.761493,-0.203731,0.384865,0.001849,0.003624,0.123853,0.476889,2.418195,48.344659
2.369391,0.054763,-2.752145,-0.208963,0.387369,0.002089,0.004068,0.137566,0.486031,2.452044,48.380385
2.366453,0.054664,-2.742374,-0.213398,0.390279,0.002215,0.004391,0.147605,0.490788,2.486110,48.416179
2.363622,0.054154,-2.734576,-0.217723,0.393918,0.002344,0.004670,0.156343,0.497050,2.523293,48.452277
2.361001,0.053426,-2.729836,-0.223208,0.397153,0.002400,0.004954,0.166658,0.526946,2.554359,48.489325
2.358378,0.052606,-2.728079,-0.224255,0.399598,0.002156,0.004848,0.164574,0.535075,2.587292,48.529655
2.355758,0.051696,-2.732707,-0.221490,0.403950,0.000566,0.001617,0.086720,0.555995,2.615880,48.570639
2.352344,0.048026,-2.810177,-0.214504,0.409020,-0.001477,-0.000549,-0.014805,0.579037,2.645828,48.610262
2.348193,0.045901,-2.963818,-0.202410,0.414180,-0.003281,-0.001604,-0.047448,0.601156,2.672654,48.652469
2.343860,0.048455,-3.085566,-0.184833,0.419348,-0.005449,-0.003336,-0.103155,0.624370,2.698030,48.695665
2.339248,0.053267,-3.172227,-0.163676,0.422564,-0.004711,-0.002461,-0.108511,0.653853,2.721475,48.738308
2.337272,0.062051,-3.151900,-0.142686,0.424167,-0.001999,-0.002022,-0.077282,0.681998,2.744191,48.783275
2.339513,0.070434,-2.997071,-0.124434,0.423982,-0.001456,-0.001934,-0.075491,0.718074,2.763859,48.830585
2.343500,0.074226,-2.776470,-0.110623,0.422181,-0.001297,-0.002373,-0.078421,0.748447,2.783416,48.880213
2.348634,0.072059,-2.535701,-0.099787,0.418650,-0.001807,-0.004395,-0.145547,0.780734,2.801628,48.930200
2.354108,0.063825,-2.365920,-0.094183,0.414190,-0.001544,-0.003511,-0.142165,0.810262,2.819548,48.978519
2.360323,0.056398,-2.215877,-0.092559,0.409050,-0.000145,-0.000263,-0.007986,0.844425,2.837018,49.023602
2.367921,0.052004,-1.978108,-0.097765,0.404029,0.000091,0.000598,0.027272,0.876154,2.853764,49.066578
2.375167,0.043651,-1.827144,-0.108188,0.399072,0.000417,0.001203,0.051633,0.909311,2.869789,49.107456
2.381795,0.034499,-1.784870,-0.121891,0.393833,0.000821,0.001551,0.064353,0.944829,2.885655,49.146390
2.387499,0.026988,-1.844090,-0.136207,0.387775,0.000751,0.001256,0.056263,0.978345,2.900233,49.185203
2.391526,0.022105,-1.985525,-0.150886,0.380816,0.000854,0.001162,0.051991,1.010442,2.914944,49.222035
2.393773,0.020722,-2.166951,-0.164984,0.373144,0.001494,0.001804,0.061766,1.046428,2.929295,49.256876
2.394577,0.023085,-2.345423,-0.181243,0.364321,0.001793,0.001264,0.067050,1.079550,2.942862,49.291177
2.393089,0.026227,-2.519180,-0.198141,0.354831,0.000866,0.000519,0.028146,1.116299,2.952875,49.326005
2.387915,0.029782,-2.726817,-0.210558,0.345417,0.000646,0.000323,0.017894,1.150491,2.964885,49.362427
2.380151,0.035629,-2.910874,-0.220301,0.337178,0.000522,0.000235,0.012372,1.186357,2.974929,49.398526
2.370172,0.042799,-3.059490,-0.228511,0.329820,0.000509,0.000178,0.009450,1.224340,2.982821,49.434149
2.358249,0.050234,-3.173314,-0.234954,0.323228,0.000674,0.000285,0.011153,1.258272,2.984088,49.471761
2.344841,0.057297,-3.252399,-0.236103,0.318512,0.001430,0.000392,0.013126,1.294410,2.987899,49.508017
2.331265,0.063503,-3.296925,-0.237672,0.315899,0.001830,0.000506,0.015436,1.330543,2.989814,49.542849
2.317513,0.068161,-3.317339,-0.238167,0.314106,0.002021,0.000508,0.015540,1.366327,2.988379,49.578804
2.303624,0.071007,-3.322728,-0.237043,0.313396,0.001959,0.000481,0.014679,1.395181,2.988471,49.615498
2.289770,0.072163,-3.318104,-0.235158,0.315087,0.001604,0.000320,0.010288,1.430375,2.977109,49.648763
2.276086,0.071722,-3.310897,-0.230006,0.316628,0.001100,0.000073,0.002425,1.464885,2.967818,49.682890
2.262828,0.070179,-3.302227,-0.224425,0.319206,0.000275,-0.000307,-0.008508,1.497806,2.955629,49.721674
2.249874,0.067774,-3.295666,-0.216293,0.321925,-0.000574,-0.000853,-0.025159,1.530303,2.940260,49.761234
2.237511,0.064926,-3.291103,-0.208708,0.325277,-0.001286,-0.000737,-0.027410,1.560078,2.922293,49.802420
2.225878,0.062593,-3.273034,-0.198177,0.328232,-0.001355,-0.000673,-0.021601,1.585709,2.906301,49.844814
2.215848,0.060614,-3.224363,-0.187905,0.333190,-0.001393,-0.000581,-0.020430,1.613100,2.885225,49.886161
2.207630,0.058295,-3.152777,-0.175275,0.337425,-0.001389,-0.000760,-0.028197,1.638827,2.861083,49.928453
2.201433,0.055458,-3.060756,-0.162552,0.341843,-0.001460,-0.000927,-0.034936,1.662865,2.835781,49.974238
2.197180,0.052165,-2.946835,-0.150065,0.346442,-0.001339,-0.000849,-0.034885,1.685548,2.811515,50.022056
2.195045,0.048677,-2.807003,-0.139398,0.352174,-0.001401,-0.000797,-0.031062,1.703992,2.785639,50.070313
2.194746,0.044582,-2.651831,-0.131571,0.358116,-0.001621,-0.001419,-0.042625,1.725588,2.757571,50.118018
2.195868,0.039012,-2.516821,-0.126608,0.363405,-0.002767,-0.002370,-0.072082,1.744288,2.731364,50.166206
2.197174,0.032647,-2.433365,-0.124598,0.368410,-0.003317,-0.002762,-0.084968,1.764029,2.702387,50.213649
2.198964,0.027329,-2.388084,-0.123475,0.372579,-0.003815,-0.003004,-0.092705,1.783561,2.672726,50.259790
2.201038,0.023575,-2.367693,-0.122941,0.376008,-0.004481,-0.003153,-0.096375,1.797137,2.644765,50.305753
2.203002,0.021244,-2.361206,-0.122781,0.379722,-0.004718,-0.003192,-0.098001,1.814174,2.616374,50.348857
2.205207,0.020005,-2.361895,-0.122790,0.382805,-0.003361,-0.001498,-0.060781,1.831910,2.585861,50.387383
2.209112,0.021197,-2.327786,-0.122335,0.385223,-0.000719,-0.000095,-0.001368,1.846825,2.553732,50.423450
2.215818,0.022749,-2.243104,-0.121687,0.387363,-0.000750,-0.000118,-0.002042,1.861788,2.521804,50.458233
2.222592,0.022128,-2.185131,-0.121460,0.389087,-0.000623,-0.000067,-0.000571,1.876748,2.490604,50.492222
2.229636,0.020979,-2.148210,-0.119084,0.390242,-0.000734,-0.000236,-0.008086,1.891532,2.459248,50.525547
2.236777,0.020231,-2.121455,-0.117294,0.390934,-0.000817,-0.000371,-0.010028,1.903886,2.427241,50.558380
2.243987,0.019823,-2.098290,-0.115111,0.391420,-0.000944,-0.000777,-0.023428,1.915972,2.395561,50.591727
2.251167,0.019472,-2.085816,-0.111257,0.391228,-0.001141,-0.001486,-0.047069,1.928608,2.362126,50.625343
2.258299,0.019404,-2.079061,-0.106866,0.391210,-0.001052,-0.000788,-0.039075,1.940510,2.329764,50.660014
2.265723,0.021126,-2.039503,-0.102123,0.391318,-0.000785,-0.000326,-0.014924,1.949698,2.296057,50.695059
2.273570,0.022875,-1.957521,-0.098214,0.391786,-0.000840,-0.000808,-0.024821,1.959300,2.262288,50.729659
2.281475,0.022615,-1.888870,-0.094419,0.392112,-0.000801,-0.000518,-0.025897,1.969616,2.227155,50.764762
2.289599,0.022415,-1.823313,-0.091635,0.392444,-0.000839,-0.000228,-0.009302,1.974568,2.193640,50.800187
2.297788,0.022111,-1.748951,-0.090183,0.392674,-0.000705,-0.000338,-0.009344,1.982465,2.159035,50.834889
2.306109,0.020889,-1.695598,-0.090943,0.392623,-0.000593,-0.000178,-0.004509,1.990193,2.123670,50.870108
2.314423,0.019478,-1.667489,-0.092334,0.391883,-0.000450,0.000111,0.005232,1.999604,2.088693,50.906265
2.322620,0.018512,-1.654748,-0.096732,0.391225,-0.000290,0.000383,0.021190,2.006774,2.053911,50.942171
2.330507,0.017439,-1.665158,-0.102114,0.389811,-0.000122,0.000995,0.035151,2.014292,2.019044,50.978406
2.337967,0.016955,-1.697930,-0.109613,0.387585,0.000066,0.000714,0.042247,2.021500,1.983764,51.014447
2.344725,0.015944,-1.762761,-0.118296,0.384818,0.000263,0.001497,0.052048,2.029190,1.948818,51.050080
2.350651,0.016255,-1.851232,-0.128825,0.381500,0.001383,0.003434,0.116736,2.033186,1.913210,51.085501
2.356393,0.018633,-1.905288,-0.142312,0.377595,0.001740,0.002416,0.116734,2.039073,1.877258,51.121245
2.360754,0.018042,-2.008814,-0.154388,0.373769,0.000704,0.001653,0.056275,2.041790,1.841377,51.157763
2.362564,0.017683,-2.197904,-0.167166,0.370641,0.002265,0.003480,0.117280,2.044735,1.805976,51.193922
2.364405,0.021979,-2.320587,-0.180124,0.368594,0.003740,0.005079,0.168747,2.049617,1.771425,51.229383
2.366040,0.027318,-2.393057,-0.191590,0.367840,0.003225,0.003360,0.144294,2.049195,1.735393,51.263667
2.365698,0.029219,-2.493487,-0.202979,0.367558,0.000191,0.000394,0.020246,2.044853,1.697865,51.298161
2.361095,0.028744,-2.717242,-0.210225,0.368080,-0.000087,0.000247,0.013478,2.044086,1.663683,51.334762
2.355536,0.033068,-2.905098,-0.213147,0.370637,-0.000421,0.000151,0.007598,2.036143,1.628007,51.370474
2.349309,0.039959,-3.044812,-0.213788,0.374265,-0.000710,0.000185,0.009376,2.029727,1.593505,51.404350
2.342654,0.047701,-3.132173,-0.213013,0.378623,-0.001171,0.000134,0.007955,2.018216,1.558916,51.438504
2.335576,0.054786,-3.180642,-0.212958,0.383106,-0.001629,0.000078,0.007306,2.007612,1.525012,51.473569
2.328123,0.060378,-3.203234,-0.211615,0.387942,-0.001555,-0.000083,0.002322,1.990796,1.492311,51.509906
2.321108,0.064263,-3.210714,-0.207445,0.393776,-0.001046,-0.000254,-0.006303,1.976903,1.460918,51.547588
2.315452,0.066809,-3.206720,-0.200262,0.400848,-0.001305,-0.000368,-0.011323,1.961619,1.430580,51.585657
2.310867,0.068526,-3.184505,-0.191344,0.408588,-0.001411,-0.000456,-0.015256,1.942257,1.401702,51.624155
2.307792,0.069436,-3.141793,-0.180221,0.416267,-0.001562,-0.000603,-0.021550,1.921398,1.374281,51.663916
2.306443,0.069522,-3.077141,-0.167585,0.423498,-0.001571,-0.000693,-0.026868,1.898974,1.348016,51.705266
2.307101,0.068878,-2.986127,-0.154186,0.429542,-0.001539,-0.000819,-0.033259,1.874261,1.323117,51.748151
2.309786,0.067351,-2.868731,-0.141338,0.433900,-0.001388,-0.000869,-0.036334,1.847671,1.299492,51.792435
2.314414,0.064842,-2.726703,-0.129893,0.436667,-0.001191,-0.000790,-0.033502,1.821021,1.277870,51.838103
2.320755,0.061298,-2.565125,-0.120461,0.437929,-0.000971,-0.000666,-0.030045,1.791835,1.256959,51.884594
2.328506,0.056667,-2.399477,-0.113207,0.437484,-0.001005,-0.001360,-0.042324,1.763417,1.235888,51.931909
2.337031,0.050462,-2.261206,-0.110485,0.436135,-0.001190,-0.001847,-0.059216,1.734864,1.216636,51.978631
2.345728,0.043777,-2.177445,-0.112069,0.434179,-0.000704,-0.000619,-0.028572,1.705656,1.197008,52.023859
2.354816,0.039350,-2.112170,-0.116443,0.431531,-0.000122,0.000265,0.016077,1.672579,1.179694,52.067919
2.363964,0.035875,-2.060080,-0.122396,0.428012,0.000004,0.000371,0.020831,1.639750,1.162327,52.111811
2.372431,0.032243,-2.064195,-0.129462,0.423659,0.000137,0.000428,0.023632,1.606516,1.144948,52.155098
2.380015,0.029673,-2.112645,-0.138707,0.418977,0.000225,0.000545,0.029593,1.573504,1.128504,52.195277
2.386404,0.028464,-2.195209,-0.149431,0.413666,0.000429,0.000620,0.032125,1.539649,1.112149,52.232574
2.391418,0.028593,-2.305099,-0.160098,0.407297,0.000551,0.000579,0.029735,1.502601,1.097182,52.268895
2.394799,0.030109,-2.431712,-0.172292,0.399217,0.001458,0.001498,0.051070,1.467881,1.081806,52.306158
2.396941,0.033710,-2.545478,-0.185416,0.389842,0.002068,0.001230,0.058968,1.430563,1.067243,52.343073
2.397219,0.037115,-2.657429,-0.201419,0.379842,0.001099,0.000598,0.029401,1.394318,1.054157,52.379701
2.393755,0.039966,-2.808362,-0.214937,0.369842,0.000861,0.000402,0.020237,1.360498,1.044241,52.417437
2.387546,0.044303,-2.955342,-0.222631,0.359842,0.000883,0.000281,0.012766,1.324477,1.035033,52.454341
2.379322,0.050067,-3.078767,-0.229703,0.351021,0.000619,0.000176,0.009094,1.288997,1.029041,52.490725
2.368933,0.056252,-3.176126,-0.230750,0.343869,0.000611,0.000067,0.002655,1.249104,1.022633,52.527369
2.357366,0.062362,-3.244956,-0.235564,0.338146,0.000655,0.000090,0.005943,1.215482,1.020902,52.565168
2.344542,0.067550,-3.289496,-0.236739,0.333486,0.000090,-0.000008,0.001989,1.181290,1.017267,52.601549
2.330417,0.071425,-3.318196,-0.238350,0.330983,-0.000028,-0.000004,0.002414,1.146762,1.019271,52.635961
2.315757,0.073916,-3.333295,-0.239541,0.329436,-0.000249,-0.000059,0.000763,1.111731,1.022417,52.671112
2.300681,0.074934,-3.341531,-0.237417,0.329164,-0.000295,-0.000103,-0.001797,1.074602,1.027228,52.707067
2.285900,0.074816,-3.342861,-0.235209,0.330064,-0.000634,-0.000199,-0.003672,1.039442,1.034431,52.745000
2.271374,0.073645,-3.339689,-0.231207,0.331804,-0.000835,-0.000240,-0.006533,1.003537,1.043148,52.784288
2.257537,0.071761,-3.332441,-0.225575,0.333983,-0.000626,-0.000215,-0.005999,0.968720,1.055552,52.824796
2.245058,0.069498,-3.316108,-0.221126,0.336897,-0.000903,-0.000269,-0.006384,0.939182,1.068067,52.867105
2.233398,0.066685,-3.295467,-0.214237,0.340508,-0.000806,-0.000315,-0.009950,0.904975,1.084929,52.908596
2.223273,0.063678,-3.269189,-0.208882,0.344404,-0.001098,-0.000347,-0.009997,0.876235,1.101350,52.950960
2.214168,0.060472,-3.237640,-0.199540,0.348275,-0.001374,-0.000844,-0.024743,0.843152,1.117524,52.994631
2.206487,0.057064,-3.204599,-0.191635,0.353325,-0.003020,-0.001720,-0.049213,0.826988,1.145083,53.038052
2.198825,0.053227,-3.181887,-0.176653,0.357562,-0.004249,-0.003251,-0.100256,0.803171,1.172478,53.081149
2.192170,0.049758,-3.164015,-0.163895,0.362780,-0.003928,-0.002382,-0.096850,0.777178,1.192397,53.125449
2.187907,0.049202,-3.095311,-0.153813,0.368074,-0.000993,-0.000575,-0.023610,0.756551,1.221122,53.170898
2.188211,0.050026,-2.922740,-0.146615,0.372581,-0.001304,-0.001136,-0.034020,0.733243,1.246375,53.215886
2.189427,0.046519,-2.771515,-0.142019,0.376646,-0.001743,-0.001046,-0.038930,0.715410,1.273437,53.261527
2.191357,0.041436,-2.649844,-0.138747,0.380367,-0.000689,-0.000289,-0.010326,0.692904,1.301949,53.305511
2.195352,0.036918,-2.526762,-0.136496,0.383079,-0.000823,-0.000429,-0.011506,0.674885,1.331774,53.347995
2.199940,0.031929,-2.439699,-0.133296,0.384941,-0.001434,-0.000996,-0.028634,0.665834,1.364250,53.390535
2.204602,0.027452,-2.389646,-0.126831,0.386912,-0.002075,-0.002122,-0.065838,0.652722,1.394052,53.432630
2.209530,0.024246,-2.364096,-0.119561,0.388887,-0.002594,-0.003398,-0.107820,0.634108,1.425004,53.471676
2.214770,0.022384,-2.350897,-0.113357,0.390445,-0.003355,-0.004588,-0.146493,0.619556,1.456643,53.506916
2.219895,0.021446,-2.344725,-0.108420,0.391482,-0.003684,-0.005538,-0.178360,0.602572,1.490232,53.540741
2.225099,0.021148,-2.342419,-0.104943,0.391881,-0.002435,-0.002106,-0.105831,0.589759,1.522630,53.575183
2.231754,0.025358,-2.246465,-0.100744,0.391924,-0.000706,-0.000300,-0.013057,0.577940,1.556728,53.609896
2.240152,0.028345,-2.060296,-0.099617,0.391754,-0.000618,-0.000279,-0.006862,0.570904,1.590394,53.644647
2.248489,0.026357,-1.927638,-0.095909,0.390962,-0.000922,-0.001023,-0.031676,0.561836,1.621358,53.679788
2.256691,0.022893,-1.849195,-0.093094,0.390492,-0.000925,-0.001577,-0.050636,0.553604,1.655055,53.713686
2.265041,0.019936,-1.807624,-0.089630,0.390147,-0.000929,-0.002243,-0.073591,0.538227,1.688808,53.747334
2.273551,0.018062,-1.787191,-0.087687,0.390019,-0.000821,-0.000847,-0.044681,0.527736,1.723018,53.781919
2.282207,0.018894,-1.736799,-0.086157,0.390376,-0.000677,-0.000347,-0.009880,0.516705,1.757490,53.817293
2.290965,0.019388,-1.661112,-0.087984,0.391201,-0.000664,-0.000015,0.001374,0.507759,1.790679,53.852558
2.299579,0.018292,-1.618549,-0.089902,0.392439,-0.000544,0.000084,0.007007,0.496137,1.823752,53.887356
2.308186,0.016894,-1.604833,-0.093367,0.393670,-0.000479,0.000674,0.024153,0.492296,1.859491,53.921562
2.316685,0.016116,-1.608282,-0.095395,0.394094,-0.000177,0.001058,0.036736,0.483524,1.897611,53.956566
2.325287,0.016081,-1.615257,-0.097487,0.393504,-0.000293,0.001468,0.051272,0.475861,1.930280,53.994319
2.333406,0.016489,-1.621226,-0.102789,0.393557,0.000160,0.002485,0.085305,0.469240,1.966665,54.031187
2.341469,0.017043,-1.627732,-0.110342,0.392428,0.000805,0.003950,0.134685,0.462732,2.002280,54.066668
2.349356,0.017731,-1.632147,-0.119231,0.390991,0.001583,0.005567,0.189050,0.458301,2.037356,54.102716
2.357030,0.018422,-1.635325,-0.128710,0.388366,0.002520,0.007028,0.238180,0.454246,2.073582,54.138420
2.364458,0.018931,-1.642851,-0.141020,0.385232,0.004138,0.008895,0.299649,0.447657,2.114595,54.174902
2.372006,0.019531,-1.651110,-0.155139,0.381857,0.005079,0.010798,0.364306,0.445600,2.146150,54.214142
2.378771,0.020192,-1.657723,-0.173039,0.379587,0.007203,0.012862,0.430742,0.440559,2.182375,54.251259
2.385694,0.020822,-1.665648,-0.190910,0.376553,0.009422,0.015121,0.504331,0.437669,2.217685,54.285630
2.392773,0.022058,-1.654638,-0.207190,0.373359,0.011183,0.016337,0.543557,0.437384,2.252092,54.321145
2.399658,0.022661,-1.647225,-0.221867,0.369954,0.013091,0.017224,0.570690,0.443346,2.293333,54.355952
2.406672,0.023052,-1.643155,-0.236744,0.364897,0.014369,0.017719,0.587672,0.443378,2.322440,54.393289
2.413017,0.023195,-1.646829,-0.246029,0.360685,0.015380,0.017584,0.582168,0.449812,2.357666,54.428445
2.419042,0.023102,-1.666303,-0.252389,0.357881,0.016467,0.018043,0.598290,0.458062,2.392775,54.459971
2.425198,0.023945,-1.672842,-0.254921,0.355998,0.016454,0.017587,0.581767,0.465133,2.429028,54.494394
2.430828,0.024296,-1.691953,-0.254855,0.355318,0.016538,0.017703,0.589236,0.477494,2.459931,54.530016
2.436318,0.025257,-1.698943,-0.248031,0.355784,0.008674,0.006162,0.313396,0.487070,2.496500,54.565239
2.434438,0.014888,-1.968921,-0.238738,0.358451,-0.001330,-0.000463,-0.011751,0.500663,2.533261,54.601183
2.423912,0.008838,-2.509457,-0.225474,0.362983,-0.002836,-0.001262,-0.040001,0.539640,2.566100,54.640292
2.413741,0.017428,-2.912217,-0.206450,0.365140,-0.005310,-0.002811,-0.087881,0.556296,2.590385,54.686148
2.402456,0.032079,-3.176581,-0.179782,0.370528,-0.008543,-0.005536,-0.175562,0.575575,2.607172,54.731416
2.389966,0.047783,-3.334950,-0.149626,0.379078,-0.011402,-0.008971,-0.292771,0.598769,2.633338,54.768503
2.377173,0.062398,-3.411293,-0.120649,0.385615,-0.014268,-0.013237,-0.437082,0.621036,2.660483,54.806391
2.363723,0.074094,-3.438446,-0.097727,0.390103,-0.016087,-0.016887,-0.561520,0.651089,2.683475,54.849033
2.350034,0.082607,-3.429998,-0.080931,0.393227,-0.017055,-0.019450,-0.650758,0.685815,2.715573,54.894956
2.336518,0.088061,-3.391572,-0.068138,0.393662,-0.018215,-0.022523,-0.746805,0.705039,2.725477,54.947825
2.322629,0.089228,-3.360511,-0.064102,0.395155,-0.018018,-0.023024,-0.765945,0.734834,2.746178,54.995739
2.309554,0.088410,-3.323656,-0.065852,0.395861,-0.017916,-0.022717,-0.753208,0.763085,2.766084,55.036591
2.296961,0.085627,-3.290953,-0.071228,0.396426,-0.017581,-0.021756,-0.717586,0.789250,2.786339,55.079451
2.284960,0.081566,-3.266121,-0.079260,0.397034,-0.017463,-0.020610,-0.672503,0.828982,2.815419,55.120593
2.273210,0.076614,-3.256786,-0.083310,0.395835,-0.016176,-0.019918,-0.647696,0.843617,2.823798,55.166374
2.262930,0.072076,-3.248243,-0.098219,0.398849,-0.015716,-0.017160,-0.555469,0.872433,2.845120,55.204688
2.252951,0.067767,-3.251242,-0.114909,0.401308,-0.014743,-0.014351,-0.459090,0.901835,2.865137,55.232700
2.243451,0.063889,-3.263958,-0.132806,0.404433,-0.013745,-0.011507,-0.363058,0.930550,2.885601,55.265739
2.234270,0.060701,-3.282531,-0.150677,0.407386,-0.013053,-0.009285,-0.287243,0.961044,2.905123,55.298738
2.224928,0.057848,-3.314591,-0.167637,0.409872,-0.012178,-0.007227,-0.219014,0.992567,2.922546,55.329096
2.215542,0.055870,-3.348945,-0.182383,0.411494,-0.011271,-0.005547,-0.164111,1.022240,2.938548,55.360527
2.206158,0.054685,-3.379458,-0.193732,0.412430,-0.010317,-0.004358,-0.126267,1.054240,2.954544,55.392401
2.197004,0.053986,-3.404456,-0.203923,0.412566,-0.009531,-0.003409,-0.095916,1.087563,2.968073,55.424664
2.187902,0.053450,-3.424576,-0.212220,0.412114,-0.008604,-0.002620,-0.071485,1.121959,2.980634,55.458785
2.179102,0.052981,-3.438139,-0.218284,0.411569,-0.008303,-0.002228,-0.058797,1.155689,2.991733,55.494024
2.170174,0.052234,-3.450604,-0.223091,0.411104,-0.007803,-0.001888,-0.049113,1.197150,3.008988,55.529378
2.161466,0.051327,-3.461684,-0.227694,0.410155,-0.004663,-0.000825,-0.020926,1.224959,3.007602,55.567325
2.155596,0.051036,-3.452438,-0.228977,0.409947,0.000078,0.000095,0.003740,1.261660,3.012592,55.602933
2.154476,0.050940,-3.422466,-0.230629,0.409145,0.000267,0.000180,0.006599,1.299469,3.016581,55.636709
2.153386,0.049916,-3.399595,-0.232921,0.408180,0.000246,0.000144,0.006981,1.336823,3.018959,55.674144
2.152092,0.048293,-3.387786,-0.234066,0.407479,-0.000032,0.000060,0.003122,1.371073,3.016262,55.711558
2.150495,0.046595,-3.387561,-0.234747,0.407462,0.000016,0.000078,0.003509,1.409817,3.010047,55.747690
2.149032,0.045284,-3.391316,-0.233099,0.406807,-0.000031,-0.000014,0.000861,1.443950,3.007714,55.784447
2.147716,0.044410,-3.395528,-0.231824,0.407582,-0.000102,-0.000031,-0.000467,1.479688,3.000465,55.821751
2.146604,0.043913,-3.398683,-0.232271,0.409030,-0.000178,-0.000030,0.000697,1.517751,2.991825,55.858517
2.145577,0.043551,-3.401672,-0.232378,0.410596,-0.000332,-0.000024,0.000829,1.549067,2.976476,55.896846
2.144588,0.043313,-3.404568,-0.230893,0.412649,-0.000203,-0.000062,-0.001174,1.586519,2.966061,55.936195
2.144107,0.043237,-3.405695,-0.231704,0.415563,-0.000384,-0.000039,0.001363,1.616775,2.949171,55.976703
2.143684,0.043153,-3.405951,-0.229555,0.418887,-0.000581,-0.000148,-0.003327,1.647750,2.927072,56.016971
2.143616,0.043142,-3.405990,-0.224041,0.421624,-0.000666,-0.000261,-0.007732,1.677259,2.909081,56.058141
2.144252,0.043475,-3.397043,-0.218367,0.423901,-0.000695,-0.000299,-0.009304,1.706152,2.885858,56.100300
2.145593,0.043969,-3.376436,-0.210131,0.425379,-0.000797,-0.000414,-0.014131,1.731074,2.859774,56.142615
2.147709,0.044509,-3.341468,-0.200312,0.426160,-0.000778,-0.000508,-0.018633,1.757107,2.833206,56.186296
2.150795,0.045005,-3.287991,-0.190240,0.426195,-0.000797,-0.000584,-0.022024,1.780206,2.803036,56.230877
2.154768,0.045186,-3.215710,-0.177958,0.425936,-0.000854,-0.000749,-0.029597,1.803010,2.772192,56.276622
2.159776,0.045028,-3.122203,-0.165803,0.425723,-0.000882,-0.000809,-0.032213,1.821871,2.739185,56.323077
2.165849,0.044420,-3.004804,-0.153754,0.425598,-0.000919,-0.000839,-0.034185,1.838168,2.706701,56.369999
2.172978,0.043177,-2.866755,-0.141802,0.425782,-0.000824,-0.000827,-0.035818,1.858213,2.675363,56.416111
2.181329,0.041316,-2.711592,-0.131369,0.425848,-0.000780,-0.000794,-0.033911,1.870346,2.637410,56.460555
2.190666,0.038732,-2.548517,-0.120005,0.425224,-0.000801,-0.000997,-0.041968,1.883356,2.601791,56.505363
2.200907,0.035775,-2.383918,-0.108937,0.424082,-0.000673,-0.000918,-0.041514,1.896949,2.565025,56.549099
2.212047,0.033118,-2.210828,-0.098881,0.422664,-0.000712,-0.000877,-0.039404,1.909015,2.529228,56.589727
2.223735,0.030455,-2.035904,-0.091243,0.420774,-0.000512,-0.000680,-0.030926,1.920170,2.492759,56.628540
2.235926,0.027608,-1.870519,-0.084469,0.418321,-0.000491,-0.000573,-0.026808,1.931624,2.456796,56.666522
2.248273,0.024769,-1.722622,-0.080123,0.415235,-0.000301,-0.000395,-0.018454,1.942039,2.419750,56.704606
2.260697,0.021942,-1.599653,-0.075902,0.411730,-0.000304,-0.000380,-0.017761,1.951003,2.382064,56.742194
2.272907,0.019511,-1.500945,-0.072827,0.408541,-0.000200,-0.000276,-0.013057,1.959855,2.343012,56.780458
2.284955,0.017607,-1.420860,-0.069845,0.405640,-0.000397,-0.000274,-0.012571,1.967926,2.307444,56.820122
2.296533,0.016196,-1.355903,-0.068873,0.403469,-0.000158,-0.000093,-0.004148,1.977364,2.267478,56.858729
2.308034,0.015009,-1.306486,-0.068397,0.401477,-0.000431,-0.000061,-0.001658,1.984231,2.231502,56.897968
2.318922,0.013959,-1.275564,-0.071467,0.400413,-0.000345,0.000246,0.013823,1.991811,2.194789,56.937329
2.329496,0.012781,-1.269350,-0.075850,0.399492,-0.000110,0.000963,0.033474,1.997287,2.157078,56.974459
2.339818,0.012154,-1.283201,-0.080038,0.398083,0.000441,0.001897,0.064646,2.007286,2.117641,57.011947
2.350158,0.012447,-1.294385,-0.085267,0.396012,0.000396,0.001098,0.057993,2.016756,2.079416,57.051321
2.359745,0.011169,-1.347107,-0.090477,0.393593,-0.000045,0.000412,0.021883,2.023455,2.041021,57.091319
2.368189,0.010158,-1.456012,-0.096255,0.390207,0.000291,0.001187,0.040916,2.031198,2.002386,57.130718
2.376122,0.011792,-1.546346,-0.104917,0.386307,0.000452,0.000828,0.048677,2.036788,1.964362,57.170070
2.383018,0.012639,-1.650358,-0.112942,0.381654,0.000512,0.001417,0.049649,2.040206,1.925880,57.209166
2.388751,0.014583,-1.765114,-0.121772,0.376523,0.000713,0.000958,0.053531,2.046555,1.887913,57.248156
2.393273,0.016192,-1.884126,-0.132931,0.371833,0.000211,0.000570,0.032900,2.051183,1.848424,57.286547
2.395737,0.017552,-2.041953,-0.147580,0.368017,0.000281,0.000675,0.039291,2.052359,1.810650,57.325140
2.396495,0.019804,-2.212596,-0.162159,0.365324,0.000264,0.000606,0.034919,2.051176,1.773007,57.363696
2.395493,0.022949,-2.393308,-0.175391,0.364030,0.000805,0.001543,0.052840,2.051048,1.734747,57.400806
2.393478,0.028311,-2.545318,-0.187437,0.363649,0.001922,0.002848,0.096530,2.046253,1.696388,57.438057
2.391095,0.035074,-2.638348,-0.199329,0.363310,0.003032,0.003951,0.131624,2.041638,1.659201,57.475866
2.388315,0.041311,-2.689692,-0.209573,0.362918,0.003944,0.004554,0.151487,2.038739,1.620988,57.513093
2.385124,0.046081,-2.718929,-0.219189,0.362606,0.002592,0.001802,0.091334,2.026221,1.578301,57.549826
2.379457,0.046208,-2.809792,-0.228051,0.361546,-0.000242,0.000052,0.009441,2.024018,1.549765,57.589415
2.370038,0.046105,-2.976190,-0.230103,0.363036,-0.000440,-0.000055,0.001169,2.008050,1.514096,57.625249
2.360372,0.049806,-3.113164,-0.226475,0.365003,-0.000685,-0.000145,-0.003463,1.994038,1.480584,57.659265
2.350727,0.055640,-3.206292,-0.220770,0.369411,-0.000899,-0.000218,-0.006113,1.979018,1.447384,57.698122
2.341500,0.061936,-3.255785,-0.213281,0.375857,-0.001067,-0.000277,-0.008465,1.962828,1.414578,57.737282
2.333127,0.067565,-3.266739,-0.203911,0.382869,-0.001293,-0.000374,-0.012069,1.941146,1.384780,57.777212
2.325865,0.071841,-3.244806,-0.190947,0.390213,-0.001539,-0.000523,-0.019320,1.919735,1.355965,57.818675
2.320188,0.074601,-3.190632,-0.175635,0.397293,-0.002511,-0.001600,-0.047858,1.895490,1.329505,57.861226
2.315685,0.074891,-3.121818,-0.158145,0.403624,-0.004515,-0.003538,-0.110689,1.869552,1.305243,57.904773
2.311596,0.072771,-3.062142,-0.142530,0.408432,-0.003687,-0.001993,-0.095758,1.842736,1.282286,57.949466
2.310519,0.072940,-2.931232,-0.129227,0.412021,-0.001829,-0.002013,-0.064422,1.815139,1.260015,57.994586
2.313028,0.071020,-2.733160,-0.118993,0.414363,-0.002905,-0.003717,-0.119306,1.786416,1.238916,58.039815
2.315910,0.064070,-2.588698,-0.110180,0.415140,-0.003767,-0.005322,-0.173952,1.756968,1.220007,58.085763
2.319241,0.055808,-2.493919,-0.103545,0.414595,-0.002460,-0.002094,-0.110661,1.725046,1.201613,58.131826
2.324788,0.053023,-2.331330,-0.102619,0.413484,-0.000475,-0.000214,-0.005801,1.693305,1.183177,58.177136
2.332487,0.049456,-2.114516,-0.106565,0.411977,-0.000069,0.000488,0.018631,1.662905,1.163461,58.221984
2.340376,0.042277,-1.977166,-0.114964,0.410393,0.000726,0.001972,0.067284,1.628706,1.146280,58.265012
2.348541,0.035398,-1.902669,-0.125585,0.408139,0.001739,0.003736,0.126200,1.594812,1.130375,58.306285
2.356827,0.030344,-1.870756,-0.137577,0.405405,0.003117,0.005752,0.193017,1.559979,1.110848,58.346072
2.365319,0.027428,-1.859769,-0.153132,0.401713,0.004640,0.007896,0.264415,1.525369,1.095527,58.383328
2.373594,0.025925,-1.863924,-0.169535,0.396445,0.003349,0.003293,0.173523,1.486837,1.081918,58.419617
2.378500,0.018923,-2.030528,-0.186169,0.389039,0.000739,0.000611,0.030493,1.451239,1.065488,58.457799
2.378701,0.014641,-2.364927,-0.203191,0.380241,0.001898,0.001561,0.051108,1.417931,1.053005,58.496182
2.377679,0.019271,-2.638857,-0.208873,0.372327,0.003757,0.002181,0.069103,1.372783,1.032993,58.532821
2.376796,0.028577,-2.817280,-0.217075,0.364403,0.004064,0.002584,0.086694,1.349075,1.035892,58.573838
2.373991,0.038396,-2.925960,-0.215840,0.359212,0.002667,0.000939,0.044873,1.312613,1.028338,58.610769
2.368747,0.045654,-3.020577,-0.215338,0.354505,0.000205,-0.000060,-0.001324,1.271591,1.022241,58.642262
2.360141,0.051628,-3.119620,-0.215041,0.349833,-0.000144,-0.000101,-0.001910,1.238140,1.022284,58.680305
2.350400,0.057775,-3.181017,-0.209262,0.346930,-0.000747,-0.000517,-0.013655,1.205657,1.020973,58.718521
2.339956,0.063048,-3.212634,-0.201149,0.346084,-0.000599,-0.000359,-0.017080,1.163341,1.026458,58.752503
2.330122,0.067647,-3.208175,-0.197314,0.345176,-0.000616,-0.000369,-0.009760,1.127803,1.033151,58.789798
2.320429,0.070263,-3.177206,-0.194890,0.345206,-0.000887,-0.000580,-0.016082,1.093682,1.040899,58.830143
2.310774,0.070404,-3.146181,-0.191422,0.345910,-0.000981,-0.000816,-0.025509,1.054325,1.050152,58.869583
2.301625,0.068929,-3.118628,-0.190641,0.347238,-0.000962,-0.000408,-0.015301,1.021957,1.062213,58.912124
2.293034,0.066915,-3.084740,-0.189308,0.349180,-0.000882,-0.000255,-0.004055,0.994493,1.076526,58.956223
2.285203,0.064216,-3.044250,-0.184367,0.352066,-0.001004,-0.000564,-0.018300,0.953941,1.089842,58.997762
2.278372,0.060863,-3.013762,-0.186010,0.355438,-0.001755,-0.000592,-0.014654,0.927357,1.105468,59.042515
2.271375,0.057108,-2.995963,-0.182755,0.359292,-0.001481,-0.000436,-0.015305,0.896050,1.122869,59.089474
2.265731,0.054188,-2.976463,-0.180522,0.364427,-0.001020,-0.000323,-0.007548,0.866652,1.142488,59.134832
2.261598,0.051764,-2.949568,-0.177162,0.369190,-0.001238,-0.000383,-0.012918,0.836095,1.164162,59.181521
2.258306,0.049551,-2.925458,-0.172911,0.372885,-0.001077,-0.000575,-0.015966,0.807708,1.181431,59.229946
2.256167,0.047625,-2.897011,-0.167488,0.376365,-0.001931,-0.001240,-0.036703,0.786985,1.210284,59.277490
2.254211,0.045564,-2.877202,-0.161637,0.379320,-0.002534,-0.001864,-0.059106,0.762357,1.237236,59.324193
2.252661,0.043828,-2.862333,-0.156963,0.381791,-0.003350,-0.002720,-0.084545,0.738051,1.262926,59.372758
2.251114,0.042105,-2.857698,-0.153174,0.384126,-0.003836,-0.003181,-0.100214,0.715685,1.290092,59.420638
2.249790,0.040964,-2.853831,-0.149165,0.386143,-0.003987,-0.003119,-0.107268,0.695918,1.319019,59.466180
2.248969,0.040790,-2.839238,-0.142780,0.387857,-0.001096,-0.001058,-0.032158,0.678573,1.348548,59.510184
2.251800,0.043349,-2.720410,-0.136969,0.389235,-0.001786,-0.001989,-0.062190,0.665553,1.379708,59.552509
2.254481,0.041960,-2.633528,-0.128696,0.390826,-0.002448,-0.003075,-0.101488,0.650533,1.410887,59.592988
2.257448,0.039437,-2.568567,-0.119640,0.392277,-0.003179,-0.004446,-0.149856,0.635256,1.442913,59.630646
2.260684,0.036833,-2.522266,-0.110002,0.392873,-0.003869,-0.005950,-0.203942,0.619772,1.475403,59.665876
2.264126,0.034781,-2.487519,-0.101345,0.393045,-0.003990,-0.005696,-0.222336,0.607301,1.509149,59.700477
2.268141,0.035011,-2.427552,-0.093923,0.392666,-0.000867,-0.001511,-0.049727,0.593268,1.541141,59.735216
2.275704,0.039614,-2.164041,-0.088282,0.391707,-0.001203,-0.002718,-0.088823,0.579903,1.576532,59.770440
2.283019,0.036025,-1.990808,-0.086539,0.390519,-0.001210,-0.002435,-0.088437,0.574088,1.611566,59.805528
2.290460,0.031124,-1.874174,-0.082577,0.389255,-0.000647,-0.000685,-0.023709,0.565536,1.646283,59.841170
2.298699,0.028975,-1.716357,-0.080015,0.388213,-0.000554,-0.000457,-0.015681,0.557303,1.681969,59.877190
2.307083,0.025572,-1.597556,-0.078181,0.387581,-0.000452,-0.000334,-0.011396,0.543128,1.716127,59.913825
2.315627,0.022239,-1.514656,-0.078440,0.387111,-0.000362,0.000036,0.002226,0.527728,1.751615,59.950318
2.324190,0.019538,-1.460238,-0.082617,0.387746,-0.000312,0.000707,0.028287,0.517007,1.786270,59.986322
2.332576,0.017194,-1.438641,-0.087800,0.388683,-0.000318,0.001005,0.035894,0.508762,1.821109,60.022288
2.340674,0.015124,-1.461328,-0.092467,0.389453,-0.000078,0.001925,0.067613,0.498625,1.855603,60.057813
2.348719,0.014839,-1.481685,-0.097353,0.389836,0.000069,0.002828,0.099477,0.491142,1.887949,60.093135
2.356499,0.015294,-1.498062,-0.102188,0.390346,0.000395,0.003060,0.118045,0.482027,1.925035,60.127673
2.364164,0.015376,-1.522530,-0.109564,0.390410,-0.000106,0.001043,0.041118,0.475357,1.961108,60.163418
2.370666,0.012753,-1.663677,-0.117327,0.389444,0.000110,0.001377,0.048197,0.467724,1.997455,60.200557
2.376671,0.013634,-1.799342,-0.126605,0.387797,0.000685,0.001988,0.082730,0.460796,2.033788,60.237657
2.382193,0.016215,-1.904773,-0.136828,0.385668,0.000496,0.001637,0.056700,0.455928,2.072318,60.274438
2.386237,0.018027,-2.050666,-0.148497,0.382703,0.001697,0.003385,0.116215,0.449246,2.107745,60.311715
2.389987,0.022420,-2.142915,-0.161460,0.380194,0.003115,0.005122,0.174240,0.445363,2.144078,60.349040
2.393451,0.027021,-2.196469,-0.174304,0.377610,0.003833,0.005110,0.193460,0.443807,2.179502,60.385585
2.395907,0.029400,-2.254573,-0.185683,0.375695,0.000671,0.001161,0.039923,0.443074,2.215813,60.421878
2.393781,0.027097,-2.482287,-0.194781,0.374981,0.000173,0.000550,0.023652,0.442201,2.250818,60.457494
2.390253,0.029807,-2.693185,-0.201794,0.375909,-0.000146,0.000242,0.013514,0.444792,2.286635,60.492039
2.385608,0.035665,-2.867805,-0.207267,0.377619,-0.000277,0.000111,0.008452,0.448687,2.322159,60.526229
2.380085,0.043036,-3.001078,-0.211077,0.379872,-0.000253,0.000226,0.009984,0.453483,2.358677,60.561160
2.373968,0.050885,-3.091660,-0.213830,0.382460,-0.000411,0.000394,0.015589,0.461111,2.391192,60.596728
2.367232,0.058165,-3.143918,-0.213837,0.385969,-0.000644,0.000365,0.015199,0.465777,2.426403,60.630600
2.360198,0.064120,-3.169116,-0.212254,0.390255,-0.001255,0.000243,0.011984,0.478708,2.459770,60.663209
2.352857,0.068443,-3.175832,-0.208607,0.395317,-0.001027,-0.000019,0.002819,0.486381,2.498133,60.697776
2.346451,0.071118,-3.172645,-0.208729,0.400647,-0.000478,-0.000022,0.001060,0.501821,2.533273,60.735123
2.341090,0.072416,-3.166270,-0.209364,0.405719,-0.000706,-0.000042,0.000882,0.531497,2.568785,60.774915
2.336003,0.072682,-3.159569,-0.203921,0.408064,-0.001268,-0.000242,-0.005047,0.535528,2.590979,60.819038
2.331174,0.072502,-3.145718,-0.197269,0.415092,-0.001761,-0.000655,-0.017295,0.555667,2.619785,60.857401
2.327305,0.071749,-3.129140,-0.187342,0.421567,-0.003015,-0.001450,-0.042786,0.580194,2.649083,60.890831
2.323899,0.070563,-3.113316,-0.176153,0.427217,-0.004588,-0.002564,-0.078146,0.602202,2.677028,60.931615
2.320684,0.069072,-3.100098,-0.163939,0.431869,-0.005874,-0.003964,-0.124746,0.634871,2.710137,60.975346
2.317937,0.067475,-3.091398,-0.152209,0.434689,-0.007826,-0.005671,-0.175758,0.655715,2.723828,61.024071
2.314732,0.065803,-3.086291,-0.137534,0.436913,-0.008711,-0.007536,-0.241992,0.686495,2.746426,61.069879
2.312329,0.064656,-3.076497,-0.123675,0.437043,-0.009695,-0.009609,-0.311583,0.716184,2.768013,61.111716
2.310224,0.063687,-3.062036,-0.111188,0.435719,-0.010419,-0.011716,-0.383637,0.746476,2.789645,61.158046
2.308360,0.062655,-3.046281,-0.101303,0.432945,-0.006116,-0.004409,-0.236012,0.778965,2.807804,61.204820
2.311325,0.070626,-2.822937,-0.097121,0.429880,-0.000159,-0.000258,-0.014222,0.813713,2.830001,61.250984
2.320131,0.073953,-2.409573,-0.101422,0.427093,-0.000013,0.000157,0.015127,0.849783,2.849426,61.297551
2.328732,0.064072,-2.118962,-0.111482,0.424344,0.000538,0.001688,0.057889,0.885465,2.867437,61.343892
2.337544,0.050606,-1.949569,-0.124563,0.421042,0.000732,0.001207,0.067410,0.919392,2.885084,61.387982
2.345766,0.036658,-1.923597,-0.139531,0.417164,0.000215,0.000712,0.039768,0.949302,2.900924,61.430257
2.352296,0.026134,-2.041370,-0.155421,0.413201,0.000568,0.000694,0.037415,0.986641,2.917531,61.467282
2.357692,0.021267,-2.222176,-0.171466,0.407849,0.000688,0.000678,0.035615,1.024160,2.932146,61.502915
2.361298,0.020994,-2.427053,-0.187499,0.400671,0.000845,0.000580,0.030040,1.061809,2.947714,61.541155
2.362712,0.023934,-2.633881,-0.201660,0.392496,0.000748,0.000442,0.023089,1.096875,2.961101,61.579838
2.361578,0.029221,-2.824534,-0.211085,0.384898,0.000489,0.000231,0.013361,1.132632,2.972154,61.618348
2.358102,0.036157,-2.985097,-0.216482,0.378161,0.000254,0.000116,0.006747,1.169586,2.980032,61.655548
2.352705,0.043968,-3.106805,-0.218810,0.372270,0.000160,0.000030,0.003019,1.208213,2.986925,61.693090
2.345856,0.051765,-3.189779,-0.220660,0.367122,0.000080,0.000000,0.002276,1.246466,2.991789,61.731449
2.337753,0.058676,-3.240940,-0.222305,0.363061,-0.000064,-0.000006,0.002705,1.280535,2.991879,61.770551
2.328565,0.064177,-3.268778,-0.224136,0.359858,-0.000064,-0.000023,0.001304,1.320359,2.992849,61.807549
