vx,vy,omega,delta,T,eps_vx,eps_vy,eps_omega,pos_x,pos_y,theta
0.400000,0.020000,0.000000,-0.003681,0.510000,-0.012418,0.014579,-0.029418,1.484111,3.010485,0.512048
0.400000,0.020000,0.000000,-0.006795,0.520000,0.029646,0.372156,0.869639,1.491527,3.018029,0.527281
0.475158,0.371449,0.852003,-0.019934,0.530000,-0.207333,-0.126426,-0.199038,1.492212,3.018004,0.534858
0.317783,0.063204,0.803506,-0.028379,0.540000,-0.116080,-0.002146,-0.115619,1.491153,3.011879,0.540386
0.248529,-0.002776,-0.095231,-0.029902,0.550000,-0.070191,0.002876,0.076373,1.491080,3.012341,0.540386
0.227569,-0.000657,-0.017662,-0.031066,0.560000,-0.043509,0.002797,0.074235,1.491692,3.011450,0.540386
0.234513,-0.000608,-0.015716,-0.031485,0.570000,-0.018280,0.002812,0.074228,1.495118,3.011275,0.540386
0.267608,-0.000725,-0.019209,-0.031429,0.580000,-0.035039,0.003029,0.079185,1.496509,3.011183,0.540386
0.284888,-0.000878,-0.024193,-0.031162,0.590000,-0.002711,0.003168,0.083642,1.503287,3.010260,0.540386
0.335541,-0.000902,-0.024183,-0.030057,0.600000,-0.003657,0.003405,0.089899,1.511381,3.011878,0.542917
0.386155,-0.001025,-0.027625,-0.029488,0.610000,-0.008103,0.001058,0.036112,1.519197,3.012343,0.550635
0.433092,-0.003747,-0.091608,-0.028940,0.620000,-0.012423,0.000013,0.000596,1.525753,3.012874,0.561395
0.476560,-0.005253,-0.142259,-0.028102,0.630000,-0.005406,-0.000027,-0.001092,1.535075,3.012296,0.571314
0.527996,-0.005634,-0.156552,-0.026739,0.640000,-0.013965,0.000033,0.001044,1.542831,3.012401,0.582542
0.571662,-0.005751,-0.161857,-0.025307,0.650000,-0.002733,-0.000076,-0.002558,1.553950,3.011905,0.594931
0.627365,-0.005885,-0.168399,-0.023231,0.660000,-0.013910,-0.000341,-0.007977,1.562835,3.008629,0.607462
0.672698,-0.006059,-0.174659,-0.019813,0.670000,-0.007184,-0.001139,-0.029520,1.575300,3.008761,0.620506
0.725478,-0.006351,-0.185832,-0.016735,0.680000,-0.003579,-0.001962,-0.051775,1.589994,3.008085,0.634361
0.782507,-0.006721,-0.200514,-0.013297,0.690000,-0.003259,-0.002778,-0.073910,1.606465,3.008236,0.651107
0.840608,-0.006958,-0.212956,-0.009920,0.700000,-0.011859,-0.003643,-0.096243,1.621532,3.008671,0.670304
0.890765,-0.007169,-0.224129,-0.007135,0.710000,-0.010314,-0.004433,-0.117457,1.637942,3.008982,0.689733
0.942980,-0.007380,-0.235924,-0.004328,0.719295,-0.012333,-0.005222,-0.138849,1.654518,3.008335,0.708883
0.993882,-0.007534,-0.247132,-0.000897,0.727719,-0.011909,-0.002455,-0.082341,1.671754,3.007915,0.728751
1.045567,-0.003929,-0.175362,0.002013,0.735274,-0.006217,-0.000275,-0.008788,1.689175,3.006601,0.749013
1.103276,-0.000381,-0.056592,0.005346,0.741989,-0.007953,-0.000884,-0.023524,1.707825,3.005796,0.770083
1.159392,0.000498,-0.004534,0.007639,0.747831,-0.006420,-0.001410,-0.038436,1.728431,3.005660,0.791843
1.217172,0.000729,0.016695,0.009231,0.752607,-0.006033,-0.000803,-0.028291,1.750197,3.004510,0.814722
1.275205,0.001795,0.047477,0.010584,0.756594,-0.007350,-0.000356,-0.010111,1.771637,3.003869,0.839442
1.331733,0.002774,0.090584,0.011367,0.759731,-0.004672,-0.000555,-0.015808,1.796156,3.002510,0.864698
1.390701,0.002875,0.111148,0.012562,0.762096,-0.008724,-0.000896,-0.026080,1.818820,3.002840,0.891206
1.445174,0.002775,0.120810,0.012590,0.763841,-0.007988,-0.000371,-0.014707,1.842757,3.001091,0.919135
1.499990,0.003193,0.138564,0.013073,0.765143,-0.000164,-0.000124,-0.003584,1.873339,3.000211,0.946284
1.562081,0.003526,0.164143,0.012986,0.765223,-0.031228,-0.000020,-0.005384,1.878822,2.995653,0.976442
1.592385,0.003451,0.176265,0.014624,0.767655,0.001326,-0.000234,-0.008788,1.912661,2.996151,0.998604
1.655115,0.003523,0.192585,0.014432,0.767516,-0.002855,0.000035,0.000670,1.943772,2.995734,1.020978
1.712795,0.003501,0.211166,0.013896,0.766467,-0.004910,0.000163,0.003731,1.973972,2.996417,1.055186
1.767687,0.003173,0.221409,0.012693,0.764841,-0.006420,0.000507,0.013625,2.003009,2.996477,1.089684
1.820106,0.002832,0.228507,0.010697,0.762711,-0.007202,0.001028,0.029315,2.032072,2.999286,1.123841
1.870842,0.002463,0.233164,0.007740,0.760340,-0.004641,0.001775,0.053296,2.064303,2.998674,1.156158
1.923188,0.002070,0.236694,0.005571,0.757107,-0.004711,0.001041,0.042639,2.097140,2.997849,1.189640
1.974390,0.000395,0.211284,0.003781,0.753071,-0.006090,0.000518,0.014564,2.129621,2.996870,1.225452
2.023027,-0.001060,0.154344,0.003384,0.747263,-0.005541,0.000252,0.009715,2.162880,2.996338,1.261012
2.071010,-0.001353,0.115689,0.002486,0.740217,-0.005911,0.000123,0.003993,2.196452,2.995720,1.296775
2.116984,-0.001403,0.082956,0.002121,0.731590,-0.005771,0.000064,0.001584,2.230536,2.995835,1.332509
2.161605,-0.001179,0.060828,0.000816,0.722139,-0.004584,0.000349,0.010830,2.266385,2.996349,1.369046
2.205706,-0.000865,0.048156,0.000168,0.712206,-0.004236,0.000496,0.015876,2.301661,2.996973,1.407287
2.248410,-0.000604,0.041779,-0.001924,0.702206,-0.002465,0.001004,0.033446,2.338721,2.996362,1.445403
2.291229,-0.000450,0.038715,-0.002696,0.692206,-0.003353,0.000482,0.024102,2.375334,2.996708,1.484200
2.331413,-0.001079,0.021519,-0.004193,0.682206,-0.004120,0.000359,0.012062,2.413722,2.996421,1.523927
2.369141,-0.001535,-0.013871,-0.004388,0.672206,-0.004311,0.000150,0.008171,2.451665,2.995436,1.563609
2.405009,-0.001308,-0.039978,-0.002923,0.662206,-0.006290,-0.000091,-0.005857,2.487556,2.998423,1.603725
2.437280,-0.000561,-0.055808,-0.002839,0.652206,-0.002973,-0.000025,-0.000681,2.528993,2.997254,1.642804
2.471229,0.000188,-0.057771,0.000047,0.642206,-0.002223,-0.000716,-0.025248,2.570299,2.995740,1.683384
2.504369,0.000598,-0.057426,0.004254,0.632206,-0.001409,-0.001708,-0.061190,2.611477,2.993630,1.725910
2.536716,0.000823,-0.056163,0.009613,0.622206,-0.001828,-0.002906,-0.105309,2.649890,2.996459,1.768531
2.567018,0.001006,-0.052755,0.013692,0.612206,0.000221,-0.003882,-0.142143,2.690565,2.998234,1.810287
2.597791,0.001016,-0.051866,0.018023,0.602206,0.003046,-0.004775,-0.176543,2.735726,2.994702,1.851842
2.629736,0.001131,-0.048272,0.027124,0.592206,0.002299,-0.006586,-0.245336,2.776898,2.995699,1.896165
2.659100,0.001389,-0.036904,0.035562,0.582206,0.001009,-0.002760,-0.185196,2.819732,2.996379,1.941250
2.685438,0.006947,0.102375,0.042462,0.572206,-0.003070,-0.000465,-0.032751,2.863554,2.997161,1.985191
2.706058,0.009829,0.405609,0.044822,0.562206,-0.002556,-0.000462,-0.019013,2.907957,2.997711,2.029704
2.725788,0.003989,0.625585,0.044841,0.552206,-0.001728,-0.000123,-0.011294,2.953839,2.998756,2.075211
2.744840,-0.004163,0.756177,0.041696,0.542206,-0.002799,0.000304,0.014726,2.998587,3.000909,2.121044
2.761443,-0.011937,0.822587,0.034212,0.532206,-0.002118,0.001706,0.062012,3.044887,3.002199,2.166775
2.777484,-0.017912,0.835621,0.024456,0.522206,-0.001258,0.003613,0.137567,3.091811,3.005475,2.213041
2.793197,-0.021653,0.827418,0.011335,0.512206,-0.001511,0.002084,0.147740,3.137643,3.009227,2.260139
2.807509,-0.027958,0.713689,-0.004840,0.502206,-0.001792,0.003646,0.140440,3.183997,3.015541,2.306965
2.820353,-0.030117,0.485610,-0.023398,0.492206,-0.000290,0.007510,0.294499,3.231596,3.020214,2.353782
2.833386,-0.025232,0.335084,-0.044440,0.482206,0.000930,0.011845,0.467434,3.278309,3.026412,2.401464
2.845901,-0.019048,0.244399,-0.066947,0.472206,0.001250,0.004979,0.374479,3.326967,3.031681,2.449717
2.856468,-0.025088,-0.072235,-0.086912,0.462206,-0.001464,0.001842,0.102607,3.371740,3.033653,2.497767
2.862211,-0.026169,-0.699570,-0.096821,0.452206,-0.001087,0.000602,0.044084,3.419982,3.039487,2.544971
2.866879,-0.012319,-1.221791,-0.106689,0.442206,-0.000756,0.001594,0.065628,3.468107,3.044449,2.592305
2.869731,0.008568,-1.565681,-0.120863,0.432206,0.001156,0.003600,0.146765,3.516093,3.048121,2.639678
2.871505,0.029288,-1.749147,-0.139154,0.422206,0.003679,0.005712,0.231103,3.562376,3.049380,2.686730
2.872306,0.045934,-1.836567,-0.159393,0.412206,0.006881,0.007515,0.297779,3.612534,3.050803,2.733628
2.872760,0.057903,-1.873935,-0.189529,0.402206,0.010035,0.009273,0.363524,3.658837,3.050193,2.781592
2.872162,0.065687,-1.891497,-0.216996,0.392206,0.013707,0.010491,0.404805,3.705180,3.047159,2.829146
2.871542,0.070827,-1.891240,-0.237576,0.382206,0.016688,0.011139,0.424404,3.753464,3.043359,2.874970
2.870993,0.073950,-1.879547,-0.258045,0.372206,0.012075,0.004815,0.284189,3.798447,3.033711,2.921606
2.863125,0.068725,-2.014554,-0.263174,0.362206,-0.001206,-0.000293,0.000175,3.842360,3.021307,2.967201
2.840601,0.064331,-2.419633,-0.256395,0.352560,-0.003411,-0.000609,-0.007959,3.884176,3.003789,3.010758
2.815328,0.073882,-2.744272,-0.235360,0.348191,-0.005670,-0.001025,-0.018776,3.921201,2.982307,3.054621
2.788388,0.090502,-2.963070,-0.202985,0.348708,-0.003556,-0.000868,-0.032678,3.962848,2.961900,3.099673
2.765452,0.110133,-3.065044,-0.171885,0.352700,-0.007307,-0.002528,-0.072600,3.995444,2.934818,3.148810
2.740946,0.127137,-3.081648,-0.136135,0.355575,-0.009994,-0.005536,-0.185932,4.024771,2.905999,3.202080
2.716637,0.138930,-3.067370,-0.099363,0.360055,-0.010881,-0.009478,-0.344968,4.059007,2.875772,3.256705
2.694816,0.146129,-3.031817,-0.073746,0.364670,-0.008295,-0.004708,-0.288389,4.085508,2.844138,3.316137
2.678119,0.157332,-2.789441,-0.061598,0.369888,-0.001573,-0.000887,-0.048492,4.115202,2.812313,3.379545
2.670120,0.160284,-2.275144,-0.062570,0.374761,-0.001464,-0.000242,0.004158,4.140734,2.780572,3.444798
2.664506,0.141508,-1.822668,-0.071111,0.378595,-0.000756,0.001175,0.055501,4.171677,2.748283,3.510852
2.661589,0.111525,-1.487770,-0.088768,0.380746,-0.000716,0.001365,0.096511,4.196873,2.715236,3.575880
2.659440,0.078636,-1.340428,-0.108873,0.381702,0.000234,0.002902,0.109546,4.225017,2.684386,3.638166
2.658067,0.053685,-1.391306,-0.129132,0.381673,0.001765,0.005918,0.218064,4.250085,2.652981,3.695250
2.657340,0.041546,-1.471976,-0.145527,0.380857,0.003510,0.008309,0.303408,4.277431,2.620412,3.746588
2.657248,0.037485,-1.543439,-0.159622,0.379065,0.002929,0.005006,0.252118,4.298558,2.584840,3.792677
2.655259,0.032329,-1.709266,-0.166529,0.375930,-0.000379,0.000204,0.014391,4.323160,2.550836,3.834353
2.649145,0.028387,-2.099302,-0.167061,0.371826,-0.000714,-0.000063,0.001141,4.344374,2.515915,3.872727
2.642204,0.036402,-2.394251,-0.162844,0.367356,-0.000899,-0.000274,-0.009201,4.363380,2.480154,3.909968
2.634450,0.049536,-2.577003,-0.155482,0.363325,-0.001022,-0.000462,-0.019176,4.383868,2.444264,3.947642
2.626050,0.063305,-2.661570,-0.145649,0.359392,-0.001129,-0.000772,-0.031185,4.402732,2.406947,3.986603
2.617302,0.075005,-2.668900,-0.134879,0.355411,-0.001565,-0.001514,-0.048683,4.413176,2.369025,4.026235
2.608159,0.082834,-2.624190,-0.120260,0.351100,-0.001878,-0.001307,-0.068065,4.424278,2.333282,4.065752
2.599376,0.088020,-2.526539,-0.105382,0.347391,-0.001358,-0.000942,-0.047997,4.434027,2.294398,4.104020
2.592010,0.090127,-2.344076,-0.088849,0.343238,-0.001474,-0.001119,-0.057096,4.438956,2.255290,4.142837
2.585767,0.087494,-2.115833,-0.072285,0.339372,-0.001227,-0.001193,-0.065110,4.446641,2.215355,4.183329
2.581154,0.081073,-1.850194,-0.057838,0.335509,-0.001147,-0.001123,-0.060093,4.450321,2.175276,4.223132
2.577848,0.071820,-1.561580,-0.045042,0.331467,-0.001046,-0.002610,-0.093178,4.454595,2.134628,4.263484
2.575613,0.059291,-1.310947,-0.035541,0.327324,-0.000982,-0.001178,-0.080142,4.456927,2.095323,4.304069
2.574044,0.049391,-1.075427,-0.027770,0.323043,-0.000624,-0.001730,-0.062973,4.464413,2.056879,4.343799
2.573088,0.039490,-0.859016,-0.023877,0.318517,-0.000446,-0.000676,-0.045850,4.470329,2.017221,4.382952
2.572284,0.031333,-0.691868,-0.021758,0.313902,-0.000573,-0.000150,-0.008765,4.472160,1.977998,4.422741
2.571142,0.024534,-0.549216,-0.020472,0.309081,-0.000757,-0.000115,-0.005264,4.474340,1.943099,4.462741
2.569505,0.018413,-0.461250,-0.017749,0.304046,-0.000224,-0.000604,-0.021970,4.488026,1.904674,4.499931
2.568047,0.013755,-0.412783,-0.020414,0.299266,0.000064,-0.000030,-0.000418,4.495970,1.868979,4.536554
2.566418,0.010498,-0.393448,-0.023315,0.294834,0.000807,0.000631,0.023178,4.501573,1.828834,4.573520
2.565082,0.008570,-0.388779,-0.024260,0.289411,0.001154,0.000847,0.030960,4.505600,1.791688,4.611307
2.563559,0.007587,-0.389525,-0.026437,0.284397,0.001753,0.001382,0.050344,4.507952,1.754907,4.649413
2.562105,0.007174,-0.390785,-0.028246,0.279105,0.001214,0.000664,0.039022,4.512364,1.717926,4.686378
2.559567,0.005861,-0.418719,-0.030166,0.273679,-0.000265,0.000413,0.015494,4.516303,1.681175,4.723252
2.554997,0.005182,-0.476963,-0.032420,0.268220,0.000302,0.000944,0.034363,4.522413,1.645183,4.759818
2.550467,0.006143,-0.511842,-0.037112,0.263406,0.000910,0.001979,0.071988,4.526428,1.609314,4.796074
2.545979,0.007240,-0.532046,-0.042231,0.258654,0.001439,0.003146,0.113811,4.531515,1.574993,4.831649
2.541427,0.008106,-0.542300,-0.050780,0.254750,0.002092,0.004959,0.178917,4.531019,1.540827,4.866676
2.536866,0.008528,-0.550994,-0.058555,0.250576,0.002890,0.006685,0.239926,4.539441,1.507018,4.900403
2.532404,0.008844,-0.555473,-0.070349,0.247724,0.003708,0.009046,0.323630,4.537478,1.472280,4.933280
2.527928,0.008844,-0.563456,-0.082060,0.244755,0.004580,0.011342,0.404358,4.535779,1.439748,4.967485
2.523400,0.008843,-0.571765,-0.092312,0.241475,0.002551,0.004275,0.257816,4.537929,1.410337,5.001417
2.515916,-0.000113,-0.792497,-0.101996,0.238556,-0.000101,0.001721,0.061167,4.536732,1.377624,5.032182
2.505205,-0.003954,-1.205738,-0.107740,0.234826,-0.000096,0.000813,0.052296,4.535722,1.344814,5.062624
2.494070,0.001041,-1.510879,-0.112072,0.230824,-0.000346,0.000716,0.026989,4.534731,1.312625,5.094443
2.482007,0.008965,-1.738807,-0.115892,0.226506,0.000382,0.001405,0.051416,4.533857,1.280128,5.125559
2.469821,0.017628,-1.862313,-0.121606,0.222464,0.001026,0.002353,0.084374,4.533794,1.249568,5.156900
2.457259,0.024342,-1.922631,-0.130643,0.219248,0.002201,0.003756,0.132267,4.527634,1.217251,5.188039
2.444708,0.028614,-1.949103,-0.140268,0.215733,0.003382,0.005370,0.185785,4.527093,1.187145,5.218028
2.432233,0.031056,-1.951249,-0.151318,0.212973,0.002845,0.003628,0.164748,4.522728,1.158350,5.247618
2.418089,0.028526,-2.018096,-0.161745,0.210692,-0.000025,0.001227,0.044347,4.520000,1.128700,5.276825
2.400270,0.024335,-2.231603,-0.169743,0.209357,0.000681,0.002244,0.079467,4.512840,1.102717,5.305527
2.382707,0.026299,-2.380994,-0.177344,0.208827,0.001555,0.003172,0.108960,4.506551,1.075863,5.332739
2.365422,0.030104,-2.475258,-0.182997,0.208804,0.000861,0.001576,0.079710,4.499531,1.049747,5.359587
2.346974,0.031387,-2.578141,-0.188096,0.209389,-0.000859,0.000093,0.010497,4.494528,1.023527,5.387431
2.326620,0.031582,-2.730482,-0.190911,0.210890,-0.000883,0.000152,0.010091,4.485529,0.998128,5.415249
2.306345,0.034064,-2.844512,-0.192683,0.212803,-0.000921,0.000344,0.016432,4.478077,0.973913,5.442664
2.286218,0.037193,-2.916250,-0.194174,0.215194,-0.000958,0.000475,0.021024,4.464329,0.950765,5.470150
2.266282,0.039630,-2.957590,-0.196527,0.216920,-0.000898,0.000700,0.028210,4.448016,0.928444,5.498448
2.246553,0.040871,-2.978625,-0.198924,0.218120,-0.000845,0.000321,0.022018,4.435183,0.906776,5.528073
2.227062,0.040241,-3.000573,-0.201244,0.219447,-0.000870,-0.000054,0.004965,4.422651,0.887200,5.557826
2.207790,0.038482,-3.037612,-0.201840,0.221321,-0.001086,-0.000129,0.001913,4.408727,0.869531,5.586519
2.188954,0.036889,-3.068404,-0.201583,0.223152,-0.000887,-0.000139,0.000310,4.389935,0.851201,5.614529
2.170918,0.035399,-3.090212,-0.202288,0.224071,-0.000790,-0.000054,0.002975,4.373124,0.833376,5.643619
2.153399,0.033785,-3.103968,-0.202652,0.224764,-0.001098,-0.000018,0.005139,4.363234,0.820720,5.674094
2.136078,0.031919,-3.111386,-0.203403,0.226180,-0.000841,0.000060,0.006160,4.343047,0.803421,5.701170
2.119508,0.029751,-3.117069,-0.202837,0.226765,-0.000975,0.000012,0.005014,4.324782,0.787995,5.728862
2.103325,0.027428,-3.119916,-0.202770,0.226683,-0.000913,-0.000081,0.002930,4.306267,0.774382,5.760427
2.087679,0.024893,-3.123548,-0.202974,0.226203,-0.000712,-0.000093,0.001444,4.286749,0.761743,5.791401
2.072618,0.022343,-3.128575,-0.203878,0.225199,-0.000514,0.000023,0.004765,4.266893,0.749705,5.822770
2.058010,0.019915,-3.132427,-0.205852,0.223525,-0.000183,0.000255,0.011511,4.247903,0.737674,5.854492
2.043808,0.017561,-3.135731,-0.208362,0.221676,0.000162,0.000548,0.020257,4.230566,0.726516,5.886139
2.029944,0.015275,-3.138539,-0.210517,0.220463,0.000441,0.000804,0.027741,4.211038,0.717210,5.916550
2.016454,0.013062,-3.140956,-0.213397,0.218979,0.000248,0.000493,0.023657,4.190740,0.708485,5.946460
2.002725,0.010258,-3.157236,-0.217870,0.217373,-0.000463,0.000126,0.009863,4.170491,0.699819,5.976944
1.988143,0.007155,-3.199529,-0.222402,0.216085,-0.000240,0.000409,0.015989,4.149130,0.693592,6.007281
1.973674,0.004987,-3.240674,-0.227486,0.214996,0.000188,0.000931,0.031538,4.129603,0.689831,6.038283
1.959467,0.003514,-3.270903,-0.232528,0.214519,0.000045,0.000510,0.025382,4.109218,0.684343,6.068992
1.944953,0.001299,-3.313133,-0.238070,0.214689,-0.000485,0.000113,0.009362,4.086704,0.681244,6.098867
1.929817,-0.001162,-3.376474,-0.243589,0.215585,-0.000623,0.000100,0.009466,4.066660,0.680550,6.129356
1.914573,-0.003030,-3.438495,-0.248603,0.217687,-0.000855,0.000082,0.009099,4.049346,0.684422,6.160471
1.899271,-0.004554,-3.496795,-0.253655,0.220798,-0.000344,0.000128,0.008160,4.021939,0.682166,6.190292
1.884694,-0.005909,-3.552166,-0.259234,0.222980,-0.000410,0.000116,0.008549,3.998359,0.681497,6.221863
1.870139,-0.007290,-3.604855,-0.264762,0.224979,-0.000464,0.000108,0.008583,3.976759,0.684423,6.255868
1.855587,-0.008737,-3.655582,-0.269595,0.227321,-0.000414,0.000110,0.007678,3.954562,0.685022,6.289037
1.841254,-0.010196,-3.703913,-0.274163,0.229330,-0.000406,0.000079,0.006619,3.931597,0.689621,6.321077
1.827114,-0.011712,-3.749787,-0.276843,0.231047,-0.000384,0.000181,0.008063,3.908963,0.694372,6.353268
1.813306,-0.013011,-3.786983,-0.279720,0.232756,-0.000469,0.000119,0.008483,3.889440,0.701564,6.386086
1.799700,-0.014507,-3.818818,-0.281234,0.234647,-0.000510,0.000080,0.005261,3.868296,0.709393,6.417839
1.786481,-0.016070,-3.847665,-0.282010,0.236908,-0.000695,0.000137,0.007240,3.848899,0.717212,6.449184
1.773635,-0.017537,-3.867486,-0.281447,0.239613,-0.000733,0.000001,0.003864,3.829138,0.724799,6.480538
1.761447,-0.019148,-3.882549,-0.279874,0.242935,-0.000977,-0.000198,-0.001953,3.810738,0.736626,6.510406
1.749913,-0.020822,-3.894177,-0.278013,0.246696,-0.001550,-0.000405,-0.007105,3.793412,0.748091,6.540254
1.738752,-0.022502,-3.901810,-0.275198,0.250961,-0.002201,-0.000723,-0.015661,3.773402,0.758049,6.570413
1.728058,-0.024200,-3.906817,-0.271831,0.255791,-0.002948,-0.001140,-0.026635,3.753266,0.774035,6.599628
1.717796,-0.025921,-3.910004,-0.267110,0.260565,-0.002499,-0.000730,-0.018925,3.739750,0.786630,6.630244
1.709328,-0.026608,-3.887940,-0.262573,0.266602,-0.001175,-0.000296,-0.005978,3.725052,0.800278,6.660038
1.703492,-0.026931,-3.841353,-0.256812,0.273299,-0.001894,-0.000844,-0.018976,3.711383,0.818144,6.687200
1.698316,-0.028015,-3.799070,-0.249663,0.280337,-0.001973,-0.000892,-0.026687,3.693167,0.836647,6.715263
1.694683,-0.028613,-3.749743,-0.241403,0.287330,-0.002232,-0.001355,-0.032898,3.680037,0.855721,6.745672
1.692432,-0.029104,-3.687646,-0.232239,0.294844,-0.003775,-0.002692,-0.069523,3.668507,0.876519,6.776746
1.690364,-0.030256,-3.641841,-0.221723,0.302601,-0.005509,-0.004413,-0.117005,3.655524,0.894495,6.806674
1.688500,-0.031494,-3.609324,-0.210767,0.310193,-0.004138,-0.002355,-0.082580,3.644284,0.913578,6.834662
1.689971,-0.028541,-3.496933,-0.199785,0.317321,-0.001763,-0.001038,-0.032962,3.634259,0.935021,6.860486
1.695183,-0.025186,-3.313241,-0.188282,0.324100,-0.001918,-0.001113,-0.035011,3.624646,0.955751,6.884942
1.701408,-0.023687,-3.135831,-0.177350,0.330504,-0.003019,-0.002383,-0.061604,3.619141,0.974520,6.908649
1.707739,-0.024102,-2.992762,-0.167415,0.336504,-0.003803,-0.004364,-0.121225,3.609066,0.998323,6.930969
1.714497,-0.025690,-2.911706,-0.156578,0.341789,-0.005050,-0.006574,-0.185523,3.598780,1.021744,6.954039
1.721326,-0.026847,-2.865181,-0.144614,0.346548,-0.006361,-0.009082,-0.258957,3.590018,1.044806,6.979520
1.728143,-0.027292,-2.835808,-0.131222,0.350747,-0.005133,-0.005219,-0.198839,3.581785,1.067448,7.004759
1.737417,-0.020395,-2.667401,-0.119337,0.353854,-0.001570,-0.001156,-0.042803,3.576648,1.091084,7.029282
1.750598,-0.012411,-2.328610,-0.108018,0.356198,-0.001676,-0.002779,-0.079315,3.569101,1.115338,7.053700
1.763647,-0.011897,-2.095774,-0.096425,0.357296,-0.002496,-0.005750,-0.167974,3.562458,1.139826,7.078869
1.776236,-0.014142,-1.979228,-0.083792,0.357377,-0.002975,-0.008441,-0.249581,3.557284,1.165004,7.104739
1.788774,-0.015395,-1.911356,-0.069464,0.356820,-0.003630,-0.011813,-0.351373,3.555426,1.188858,7.130708
1.800969,-0.015877,-1.871442,-0.053921,0.355896,-0.003836,-0.016060,-0.480784,3.554368,1.215912,7.156298
1.813089,-0.016271,-1.860399,-0.035521,0.354504,-0.003977,-0.020065,-0.603276,3.549883,1.239902,7.182873
1.825002,-0.015266,-1.832405,-0.017164,0.353294,-0.003689,-0.024541,-0.740373,3.543786,1.266618,7.209955
1.836849,-0.014497,-1.809738,0.002938,0.351876,-0.003667,-0.029298,-0.884742,3.539656,1.292393,7.236658
1.848065,-0.013693,-1.787011,0.022751,0.350805,-0.003021,-0.036624,-1.106561,3.535114,1.319263,7.263269
1.859039,-0.015752,-1.850426,0.043980,0.349926,-0.001874,-0.039215,-1.185173,3.528106,1.345065,7.289736
1.869944,-0.013132,-1.823605,0.066207,0.350104,-0.000992,-0.046209,-1.393865,3.524303,1.371679,7.316692
1.880305,-0.014420,-1.876036,0.089142,0.352145,0.000445,-0.050318,-1.514594,3.518680,1.398729,7.343977
1.890558,-0.013938,-1.910632,0.112097,0.355757,0.001682,-0.053814,-1.617417,3.513777,1.425768,7.372085
1.900511,-0.012976,-1.931957,0.135127,0.361016,0.002677,-0.056362,-1.690324,3.500215,1.450272,7.400170
1.909980,-0.011698,-1.935430,0.153675,0.366883,0.003319,-0.055581,-1.665923,3.490134,1.477857,7.428259
1.919012,-0.008202,-1.860345,0.172267,0.372430,0.004001,-0.060404,-1.812150,3.478930,1.502840,7.458077
1.927683,-0.010418,-1.901876,0.187156,0.377931,0.004245,-0.057263,-1.716975,3.463265,1.527878,7.488993
1.935792,-0.006655,-1.816421,0.198645,0.383642,0.001923,-0.029238,-1.123534,3.450670,1.553232,7.520796
1.941159,0.023081,-1.135499,0.198312,0.388743,-0.001878,0.000040,0.003120,3.433364,1.576163,7.553956
1.943934,0.059295,0.560524,0.176139,0.392504,-0.001862,0.001218,0.049908,3.411076,1.599794,7.588213
1.952189,0.056338,1.703298,0.148761,0.396317,-0.001552,0.002013,0.085416,3.387286,1.623635,7.625588
1.964971,0.038458,2.218620,0.122597,0.401098,-0.001403,0.002250,0.098539,3.364646,1.645298,7.667172
1.979814,0.018842,2.298656,0.101516,0.407561,-0.002010,0.004633,0.143983,3.340732,1.665571,7.711049
1.994856,0.006380,2.203933,0.085798,0.415867,-0.003736,0.008077,0.250994,3.317171,1.685154,7.756023
2.008998,0.001622,2.124413,0.073728,0.425173,-0.003755,0.004354,0.194041,3.291996,1.703875,7.801471
2.024211,-0.006393,1.925706,0.068501,0.434452,-0.002065,0.001299,0.037097,3.269420,1.724034,7.846937
2.041700,-0.011386,1.610774,0.073282,0.441685,-0.002533,0.000181,0.002599,3.244464,1.743942,7.891475
2.058813,-0.008790,1.435374,0.083414,0.448224,-0.002594,-0.002163,-0.071612,3.219877,1.763460,7.935046
2.075822,-0.005334,1.348778,0.095718,0.453446,-0.002170,-0.004669,-0.151246,3.194114,1.782946,7.978269
2.092846,-0.002730,1.320011,0.108963,0.457386,-0.001739,-0.007713,-0.248311,3.167676,1.802521,8.019771
2.109646,-0.001857,1.306215,0.122783,0.459465,-0.000871,-0.010431,-0.335070,3.141105,1.822081,8.059944
2.126273,-0.001691,1.304390,0.135837,0.459594,0.000176,-0.012483,-0.400538,3.114635,1.840858,8.098263
2.142637,-0.001725,1.316346,0.147065,0.457476,0.001526,-0.014793,-0.474051,3.085446,1.858590,8.133867
2.158929,-0.002834,1.311678,0.155640,0.452142,0.002549,-0.014888,-0.477077,3.055754,1.875116,8.168068
2.174635,-0.002521,1.346170,0.162228,0.442142,0.004446,-0.016929,-0.543100,3.024929,1.890302,8.201667
2.190385,-0.004501,1.333776,0.167469,0.432142,0.003311,-0.006872,-0.312746,2.993099,1.904542,8.235519
2.203169,0.005065,1.574766,0.167158,0.422142,0.000238,0.000031,0.001012,2.960449,1.916265,8.270384
2.212144,0.011966,2.069328,0.161454,0.412142,0.000187,0.000859,0.027309,2.925983,1.927727,8.306024
2.220884,0.006157,2.398006,0.155734,0.402142,0.000255,0.000666,0.032476,2.891846,1.935687,8.342187
2.228787,-0.004520,2.569352,0.149116,0.392142,0.000099,0.001048,0.034235,2.856069,1.942631,8.378635
2.235331,-0.014641,2.625625,0.145101,0.382142,0.000259,0.000630,0.030897,2.819866,1.948059,8.415679
2.240636,-0.022650,2.620603,0.146079,0.372142,0.000283,-0.000038,-0.002853,2.783802,1.951313,8.453633
2.244313,-0.027632,2.576808,0.149083,0.362142,0.000761,-0.000417,-0.014848,2.746710,1.952923,8.490896
2.246862,-0.029394,2.543653,0.155093,0.352142,0.001659,-0.000790,-0.031687,2.710564,1.952592,8.527981
2.248626,-0.029134,2.531880,0.161474,0.342142,0.001150,-0.000853,-0.028529,2.674097,1.950289,8.565959
2.248279,-0.027903,2.558054,0.167362,0.332142,0.002508,-0.001618,-0.052857,2.638031,1.945509,8.603571
2.247796,-0.027717,2.580278,0.173599,0.322142,0.004215,-0.002544,-0.080578,2.601837,1.939195,8.642133
2.247438,-0.028168,2.594456,0.179525,0.313521,0.005530,-0.003239,-0.102281,2.566176,1.931041,8.683244
2.246942,-0.028652,2.605136,0.184912,0.306485,0.006477,-0.003717,-0.117927,2.530794,1.921125,8.726211
2.246160,-0.028962,2.615853,0.190032,0.300736,0.005252,-0.002379,-0.094676,2.496475,1.909658,8.770937
2.243074,-0.027405,2.663997,0.193015,0.296083,0.001882,-0.000379,-0.033749,2.473331,1.897423,8.816901
2.236001,-0.025106,2.771670,0.192856,0.294966,-0.001056,-0.000680,0.007213,2.431415,1.879614,8.859348
2.226076,-0.026182,2.891975,0.187238,0.292020,0.000206,0.000303,0.009438,2.399609,1.862635,8.905512
2.217653,-0.028730,2.954288,0.178209,0.291194,-0.000505,0.001271,0.040893,2.370797,1.845057,8.957633
2.209239,-0.031382,2.986815,0.166058,0.291964,-0.001187,0.001605,0.065860,2.341990,1.823641,9.007479
2.201279,-0.034590,2.974149,0.150128,0.293151,-0.001768,0.002363,0.073822,2.315127,1.800985,9.056631
2.194214,-0.037390,2.886559,0.132251,0.294492,-0.001875,0.001797,0.087887,2.289143,1.777589,9.105910
2.188704,-0.040053,2.733284,0.112043,0.295403,-0.001159,0.001212,0.060422,2.265778,1.752475,9.154709
2.185628,-0.041903,2.469913,0.092184,0.296081,-0.000984,0.001244,0.063692,2.244082,1.726254,9.202726
2.184313,-0.040497,2.159316,0.071608,0.296798,-0.000992,0.001606,0.077663,2.224896,1.697494,9.249510
2.184548,-0.036845,1.823682,0.050135,0.299128,-0.001543,0.005035,0.163107,2.204157,1.670047,9.294735
2.185760,-0.029562,1.537802,0.030618,0.302646,-0.002570,0.009742,0.317906,2.185978,1.642406,9.337911
2.187213,-0.020717,1.372276,0.011320,0.307554,-0.002234,0.005780,0.280241,2.166874,1.614069,9.377516
2.189991,-0.022682,1.088507,-0.006397,0.313282,-0.000842,0.001300,0.070135,2.149414,1.587422,9.413038
2.194793,-0.027463,0.568073,-0.020963,0.320301,-0.000980,0.003626,0.118337,2.131197,1.559123,9.443478
2.200221,-0.021873,0.200165,-0.035083,0.327530,-0.000997,0.002062,0.112433,2.113754,1.530766,9.471130
2.206191,-0.018708,-0.113527,-0.049956,0.334631,-0.000605,0.001051,0.057179,2.095252,1.503571,9.499039
2.212870,-0.017065,-0.454652,-0.063945,0.341544,-0.000656,0.000965,0.053197,2.078302,1.477348,9.527356
2.219692,-0.014326,-0.753108,-0.076653,0.348529,-0.000585,0.000817,0.045149,2.059974,1.449795,9.555852
2.226662,-0.011399,-1.018770,-0.089224,0.355459,-0.000593,0.000771,0.043456,2.040427,1.422566,9.585963
2.233565,-0.008530,-1.257698,-0.101753,0.362333,-0.000596,0.000742,0.041512,2.020504,1.396598,9.618269
2.240260,-0.005811,-1.479706,-0.112741,0.369332,-0.000729,0.000644,0.037097,2.000640,1.371044,9.650940
2.246668,-0.002858,-1.683652,-0.123048,0.376360,-0.000658,0.000537,0.031308,1.980077,1.345069,9.684259
2.252918,0.000284,-1.871484,-0.131479,0.382973,-0.000870,0.000407,0.025841,1.960028,1.321008,9.719097
2.258782,0.003869,-2.037547,-0.138887,0.389285,-0.000817,0.001176,0.041744,1.938652,1.297193,9.754143
2.264487,0.008577,-2.161387,-0.144330,0.395021,-0.000945,0.002032,0.070681,1.915291,1.274113,9.788824
2.269868,0.013651,-2.232466,-0.148661,0.399840,-0.001278,0.002684,0.093284,1.892921,1.254456,9.824259
2.274682,0.017955,-2.269219,-0.152311,0.404552,-0.000862,0.000975,0.056451,1.867502,1.231204,9.859855
2.279772,0.018963,-2.340733,-0.152686,0.408101,-0.000795,-0.000051,0.001204,1.840185,1.209365,9.896309
2.285085,0.020271,-2.444208,-0.151086,0.411530,-0.000944,-0.000168,-0.003458,1.812720,1.190078,9.935004
2.290548,0.023766,-2.508678,-0.147451,0.414548,-0.000996,-0.000254,-0.008367,1.784481,1.171051,9.974372
2.296254,0.027968,-2.532987,-0.144056,0.417302,-0.000911,-0.000242,-0.008109,1.756097,1.152387,10.012839
2.302271,0.031744,-2.525464,-0.139900,0.419400,-0.000903,-0.000279,-0.010107,1.724685,1.135260,10.051482
2.308553,0.034630,-2.495455,-0.136754,0.420976,-0.000726,-0.000215,-0.007606,1.692035,1.118940,10.090891
2.315186,0.036421,-2.452543,-0.132891,0.421438,-0.000842,-0.000263,-0.009600,1.661517,1.104293,10.131273
2.321887,0.037300,-2.403028,-0.129451,0.420951,-0.000674,-0.000236,-0.008634,1.628900,1.091050,10.170518
2.328841,0.037514,-2.349716,-0.125940,0.419042,-0.000666,-0.000296,-0.010869,1.597826,1.076336,10.207478
2.335806,0.037201,-2.297311,-0.125099,0.416818,-0.000324,-0.000195,-0.004699,1.561796,1.066753,10.242674
2.342883,0.036322,-2.253400,-0.122579,0.412115,-0.000320,-0.000216,-0.009049,1.526630,1.056396,10.278919
2.349617,0.035523,-2.216936,-0.123006,0.406263,0.000027,0.000021,0.002648,1.491293,1.047135,10.316802
2.356007,0.034675,-2.186427,-0.125986,0.398677,0.000373,0.000143,0.009566,1.452974,1.038925,10.353417
2.361665,0.033373,-2.179436,-0.131349,0.389487,-0.000210,0.000181,0.014930,1.421549,1.041254,10.391129
2.365323,0.031896,-2.203097,-0.134236,0.379487,0.000550,0.000153,0.007635,1.378525,1.024155,10.427832
2.368464,0.031334,-2.245375,-0.145126,0.369487,0.000320,0.000433,0.027230,1.344187,1.018653,10.465833
2.369372,0.030782,-2.312310,-0.156183,0.359799,0.000843,0.001428,0.050646,1.316084,1.023624,10.504672
2.368816,0.031557,-2.388079,-0.163356,0.351355,0.001656,0.000820,0.041943,1.273510,1.010542,10.537495
2.367495,0.032249,-2.478216,-0.175186,0.342879,0.000393,0.000426,0.024475,1.239323,1.010332,10.573030
2.362898,0.032966,-2.604235,-0.184352,0.335459,0.000011,0.000258,0.017986,1.209586,1.017531,10.610995
2.356272,0.035110,-2.730484,-0.190900,0.330301,0.000648,0.000611,0.021149,1.172767,1.017847,10.643596
2.349050,0.038919,-2.833758,-0.197317,0.326375,0.001566,0.001188,0.040196,1.136950,1.020777,10.677062
2.341554,0.043474,-2.900332,-0.203238,0.323563,0.002465,0.001734,0.055986,1.099458,1.014601,10.713471
2.333947,0.047623,-2.939255,-0.212935,0.321779,0.001459,0.000811,0.042111,1.067338,1.030710,10.750919
2.324120,0.049105,-2.996719,-0.217175,0.319951,0.000163,0.000239,0.009660,1.032225,1.038371,10.789457
2.312432,0.050090,-3.077519,-0.219862,0.320133,0.000009,0.000124,0.008451,0.998656,1.046612,10.828482
2.300447,0.051865,-3.141885,-0.221872,0.322086,-0.000204,0.000021,0.002677,0.961666,1.058434,10.868077
2.288275,0.053769,-3.195599,-0.223751,0.324678,-0.000308,0.000001,0.002412,0.926919,1.071397,10.909639
2.276127,0.055552,-3.235200,-0.224358,0.328314,-0.000611,-0.000033,0.001339,0.893292,1.079542,10.953059
2.264050,0.056939,-3.262414,-0.223170,0.333603,-0.001004,-0.000154,-0.000636,0.867547,1.103815,10.994886
2.252329,0.057752,-3.277970,-0.217382,0.338780,-0.001313,-0.000388,-0.009474,0.842745,1.125442,11.036584
2.241495,0.058090,-3.281898,-0.205226,0.343438,-0.001544,-0.000616,-0.020004,0.818669,1.148252,11.079179
2.232195,0.058424,-3.261151,-0.189995,0.348358,-0.002219,-0.001523,-0.044740,0.792764,1.170767,11.122005
2.224305,0.057971,-3.220143,-0.173850,0.353868,-0.002701,-0.001579,-0.063531,0.768463,1.196752,11.166483
2.218219,0.057763,-3.146652,-0.159156,0.358509,-0.001462,-0.000977,-0.038842,0.747491,1.223635,11.212521
2.215400,0.057694,-3.001820,-0.145787,0.362581,-0.001812,-0.001975,-0.059997,0.725968,1.250385,11.258978
2.214070,0.054414,-2.851042,-0.133698,0.366197,-0.003293,-0.004046,-0.126645,0.707498,1.279583,11.304622
2.213064,0.048107,-2.747123,-0.122880,0.369890,-0.004159,-0.004910,-0.167065,0.695309,1.311062,11.349784
2.212933,0.042664,-2.657750,-0.110729,0.373473,-0.001747,-0.002444,-0.076728,0.680548,1.342227,11.394536
2.216896,0.042098,-2.434123,-0.102999,0.377046,-0.001817,-0.001652,-0.073246,0.664108,1.372000,11.437857
2.221842,0.038854,-2.232537,-0.099091,0.380195,-0.000985,-0.000439,-0.016942,0.652228,1.403961,11.477841
2.228440,0.034636,-2.023506,-0.096571,0.382830,-0.000999,-0.000566,-0.016271,0.640342,1.434246,11.514872
2.235635,0.028505,-1.880655,-0.093933,0.384766,-0.000912,-0.000488,-0.020079,0.623744,1.465724,11.549496
2.243470,0.023361,-1.788254,-0.092969,0.386061,-0.000652,-0.000151,-0.004448,0.611199,1.499488,11.582449
2.251867,0.019820,-1.719277,-0.092711,0.386845,-0.000568,-0.000059,-0.000810,0.597605,1.529053,11.616479
2.260464,0.017204,-1.679858,-0.091172,0.386887,-0.000550,-0.000122,-0.004768,0.585742,1.562894,11.649991
2.269128,0.015770,-1.655613,-0.090272,0.386641,-0.000527,-0.000080,-0.002662,0.575183,1.597679,11.683631
2.277762,0.015159,-1.636934,-0.089459,0.386011,-0.000535,-0.000081,-0.002399,0.568087,1.631779,11.719292
2.286229,0.014975,-1.622655,-0.086696,0.385470,-0.000617,-0.000205,-0.009473,0.555580,1.664353,11.754790
2.294623,0.015367,-1.603282,-0.085608,0.385191,-0.000401,-0.000088,-0.003433,0.543282,1.700246,11.788662
2.303105,0.015792,-1.578901,-0.084393,0.385164,-0.000651,-0.000107,-0.003680,0.533034,1.732796,11.823512
2.311234,0.016021,-1.556798,-0.084929,0.385510,-0.000554,0.000080,0.004069,0.523790,1.766548,11.858956
2.319336,0.016014,-1.541056,-0.085017,0.385838,-0.000559,0.000006,0.002471,0.515449,1.802141,11.893944
2.327315,0.015860,-1.535575,-0.086352,0.385996,-0.000492,0.000048,0.004792,0.505048,1.836734,11.929785
2.335187,0.015694,-1.541616,-0.088197,0.385930,-0.000439,0.000345,0.013000,0.496857,1.871924,11.965454
2.342834,0.015907,-1.552221,-0.091589,0.385507,-0.000236,0.001016,0.035901,0.490264,1.906267,12.001605
2.350297,0.016441,-1.561110,-0.095233,0.384916,0.000084,0.001677,0.058055,0.484498,1.941877,12.037890
2.357620,0.017039,-1.570291,-0.099564,0.383307,0.000542,0.002643,0.091069,0.476876,1.977416,12.073729
2.364811,0.017858,-1.572995,-0.106238,0.380835,0.001215,0.003849,0.131847,0.468525,2.012400,12.109478
2.371785,0.018452,-1.577703,-0.115353,0.377727,0.002315,0.005691,0.193626,0.462882,2.049208,12.144980
2.378715,0.019226,-1.576139,-0.126488,0.374547,0.001431,0.002217,0.126196,0.459754,2.085491,12.181620
2.383407,0.014405,-1.707028,-0.137899,0.370575,0.000064,0.000516,0.030500,0.456793,2.121062,12.218891
2.385474,0.011479,-1.959865,-0.147957,0.366804,0.000055,0.000439,0.025984,0.452840,2.157403,12.255189
2.386338,0.014039,-2.186028,-0.158325,0.363021,0.000780,0.001476,0.050557,0.450598,2.194793,12.291033
2.386438,0.020106,-2.353999,-0.168563,0.359220,0.001862,0.002646,0.090033,0.450467,2.230564,12.327318
2.385938,0.027195,-2.458694,-0.178397,0.355520,0.001401,0.001260,0.068385,0.451050,2.265058,12.363720
2.383288,0.031151,-2.574544,-0.186827,0.352172,0.000027,0.000259,0.015678,0.454450,2.300869,12.398536
2.377913,0.034302,-2.728693,-0.193960,0.349671,0.000025,0.000252,0.014604,0.457540,2.335452,12.432789
2.371406,0.039168,-2.855608,-0.198863,0.348383,0.000098,0.000394,0.015143,0.464926,2.370951,12.467361
2.364100,0.044841,-2.950663,-0.203350,0.347929,0.000480,0.000751,0.026588,0.469561,2.404516,12.501236
2.356422,0.050521,-3.008948,-0.206774,0.348848,0.000422,0.000442,0.022155,0.479412,2.441162,12.534404
2.348181,0.054737,-3.053296,-0.211347,0.349842,-0.000154,0.000261,0.010866,0.486475,2.475160,12.569386
2.338901,0.057677,-3.099571,-0.212651,0.351998,-0.000248,0.000357,0.014179,0.498825,2.508020,12.605729
2.329548,0.060343,-3.127381,-0.211483,0.355142,-0.000617,0.000081,0.007801,0.514471,2.538823,12.641627
2.320235,0.062110,-3.145537,-0.207709,0.359104,-0.000538,-0.000162,-0.005647,0.527543,2.580073,12.678862
2.311751,0.063240,-3.158785,-0.206496,0.363453,-0.001204,-0.000251,-0.002494,0.544725,2.600954,12.719873
2.303256,0.063809,-3.159097,-0.201526,0.369207,-0.001684,-0.000566,-0.015723,0.571749,2.636401,12.758493
2.295439,0.063708,-3.156709,-0.196110,0.373690,-0.002948,-0.001130,-0.030844,0.594520,2.662134,12.798679
2.287472,0.062936,-3.153124,-0.188144,0.378874,-0.003142,-0.001056,-0.035714,0.613464,2.681260,12.843664
2.280776,0.062600,-3.130020,-0.177049,0.385371,-0.001480,-0.000658,-0.024100,0.639734,2.704744,12.883801
2.277607,0.062837,-3.061169,-0.165870,0.391639,-0.002013,-0.001374,-0.041016,0.664503,2.727200,12.923584
2.275711,0.061403,-2.981260,-0.154408,0.397991,-0.003496,-0.002826,-0.087423,0.694105,2.748918,12.966450
2.274244,0.058132,-2.919683,-0.143436,0.404016,-0.005146,-0.004466,-0.140479,0.722311,2.768084,13.011304
2.273024,0.054198,-2.877420,-0.132745,0.409762,-0.003331,-0.002042,-0.102019,0.760683,2.794645,13.057109
2.275422,0.054681,-2.755278,-0.123715,0.414200,-0.002016,-0.001612,-0.047621,0.783837,2.800483,13.106885
2.280399,0.053736,-2.562912,-0.114485,0.419445,-0.001780,-0.001042,-0.051117,0.813613,2.816092,13.153584
2.287054,0.050523,-2.379402,-0.107532,0.424292,-0.001051,-0.000468,-0.020641,0.846551,2.830539,13.193640
2.295671,0.046180,-2.186171,-0.103668,0.428405,-0.001215,-0.000762,-0.023252,0.880125,2.845153,13.235210
2.305075,0.039845,-2.042756,-0.102234,0.431904,-0.001135,-0.000359,-0.016386,0.912931,2.859300,13.276713
2.315221,0.034194,-1.944585,-0.101386,0.435319,-0.000759,-0.000091,-0.002331,0.946676,2.872075,13.319259
2.326274,0.029899,-1.873177,-0.101042,0.438163,-0.000684,-0.000056,-0.000673,0.980088,2.885713,13.360000
2.337730,0.026687,-1.833627,-0.101315,0.440793,-0.000624,-0.000011,0.001368,1.016874,2.896891,13.396055
2.349439,0.024666,-1.816618,-0.101529,0.442839,-0.000713,0.000010,0.001797,1.051598,2.908629,13.433164
2.361138,0.023739,-1.813124,-0.101221,0.444770,-0.000761,-0.000037,0.000207,1.086822,2.920593,13.470850
2.372829,0.023690,-1.814734,-0.101383,0.446495,-0.000597,-0.000019,0.000967,1.123073,2.930494,13.507415
2.384645,0.024160,-1.818794,-0.100292,0.448079,-0.000719,-0.000228,-0.006379,1.160119,2.940430,13.545071
2.396344,0.024970,-1.823200,-0.098430,0.449471,-0.000858,-0.000200,-0.009262,1.195472,2.950646,13.583538
2.407933,0.026344,-1.817487,-0.097141,0.450855,-0.000718,-0.000106,-0.003733,1.230576,2.959669,13.621020
2.419619,0.027714,-1.799858,-0.095358,0.452354,-0.000774,-0.000377,-0.011562,1.268750,2.968666,13.657482
2.431294,0.028537,-1.784601,-0.092740,0.453615,-0.000865,-0.000278,-0.014276,1.306347,2.976731,13.695518
2.442929,0.029671,-1.760824,-0.090402,0.454702,-0.000610,-0.000156,-0.007479,1.345477,2.984567,13.734506
2.454852,0.030718,-1.723327,-0.086984,0.455439,-0.000697,-0.000218,-0.011225,1.382938,2.992319,13.773613
2.466747,0.031422,-1.680142,-0.083401,0.456180,-0.000814,-0.000719,-0.023812,1.421699,2.998826,13.813364
2.478605,0.031401,-1.641257,-0.079733,0.456840,-0.001119,-0.001384,-0.047366,1.460013,3.006130,13.853460
2.490263,0.030966,-1.616152,-0.077130,0.457592,-0.000882,-0.000557,-0.034036,1.500815,3.011796,13.893282
2.502196,0.031924,-1.570956,-0.073910,0.458061,-0.000662,-0.000210,-0.011477,1.539715,3.014855,13.933682
2.514383,0.032726,-1.496862,-0.068350,0.458387,-0.000646,-0.000326,-0.019900,1.581009,3.018786,13.974269
2.526722,0.032761,-1.418124,-0.063621,0.458412,-0.000640,-0.000284,-0.017146,1.621305,3.023073,14.015160
2.539131,0.032282,-1.332323,-0.059986,0.458334,-0.000633,-0.000224,-0.013332,1.660891,3.026336,14.057146
2.551563,0.031150,-1.249944,-0.056470,0.458225,-0.000602,-0.000211,-0.012874,1.701396,3.028788,14.098394
2.564033,0.029708,-1.174834,-0.053136,0.457993,-0.000638,-0.000206,-0.012347,1.740433,3.030457,14.139207
2.576431,0.028244,-1.105943,-0.049871,0.457855,-0.000530,-0.000191,-0.012492,1.782693,3.033594,14.179973
2.588938,0.026901,-1.041720,-0.046640,0.457372,-0.000119,-0.000682,-0.024812,1.833115,3.043076,14.221230
2.601756,0.025215,-0.992604,-0.045441,0.456252,-0.001006,-0.000962,-0.033710,1.865081,3.034599,14.267723
2.613445,0.023491,-0.966185,-0.040834,0.456066,-0.000576,-0.000486,-0.035072,1.906570,3.036056,14.310491
2.625550,0.023793,-0.917665,-0.037536,0.455708,-0.000138,-0.000172,-0.012926,1.957078,3.045503,14.348655
2.637964,0.024043,-0.839614,-0.037926,0.454523,-0.000883,-0.000016,0.001822,1.988821,3.037663,14.394556
2.649292,0.022530,-0.781999,-0.033441,0.454497,-0.000662,-0.000246,-0.017714,2.028793,3.041193,14.436796
2.660832,0.021371,-0.732686,-0.031255,0.453817,-0.000516,-0.000130,-0.008720,2.070406,3.043206,14.474196
2.672333,0.020404,-0.678466,-0.028797,0.452359,-0.000497,-0.000141,-0.009897,2.112201,3.045568,14.515240
2.683614,0.019318,-0.628620,-0.027006,0.450028,-0.000471,-0.000107,-0.007093,2.153312,3.048277,14.556884
2.694520,0.018168,-0.583357,-0.027273,0.446897,-0.000334,-0.000003,0.001210,2.195685,3.047666,14.599144
2.705079,0.016679,-0.552772,-0.025494,0.442622,-0.000275,-0.000106,-0.007346,2.239148,3.046700,14.641697
2.715128,0.015646,-0.530874,-0.023584,0.437943,-0.000300,-0.000112,-0.008042,2.281975,3.044967,14.684510
2.724567,0.015154,-0.504275,-0.020793,0.431818,0.000014,-0.000613,-0.023042,2.324943,3.043479,14.727932
2.733574,0.014482,-0.480615,-0.018344,0.425574,0.000562,-0.001126,-0.043000,2.367932,3.041977,14.771402
2.742395,0.013699,-0.466666,-0.014767,0.419310,0.001105,-0.001893,-0.072798,2.410627,3.040621,14.815013
2.751017,0.013110,-0.458666,-0.011517,0.413125,0.001700,-0.002612,-0.101008,2.453962,3.038701,14.858537
2.759495,0.012732,-0.454968,-0.008123,0.405824,0.001025,-0.000747,-0.064462,2.496721,3.037352,14.902013
2.766426,0.015177,-0.387484,-0.004778,0.397479,-0.000125,-0.000168,-0.013954,2.539997,3.034093,14.945433
2.771260,0.015939,-0.263460,-0.001857,0.387479,-0.000044,-0.000140,-0.011959,2.583278,3.030729,14.988766
2.775115,0.013747,-0.160304,0.001838,0.377479,0.000211,-0.000156,-0.014550,2.632616,3.034932,15.032173
2.778176,0.010847,-0.072074,0.002205,0.367479,-0.000314,-0.000032,-0.001610,2.669218,3.024158,15.078183
2.779656,0.007394,-0.007797,0.007906,0.357479,-0.000046,-0.000278,-0.023985,2.712021,3.022031,15.121666
2.780350,0.005149,0.052928,0.011296,0.347479,-0.000012,-0.000179,-0.014763,2.755220,3.019160,15.162156
2.780023,0.003377,0.124624,0.015298,0.337479,0.000409,-0.000857,-0.033148,2.798077,3.016415,15.204529
2.779059,0.000899,0.181359,0.019930,0.327479,0.000490,-0.000429,-0.036613,2.839889,3.014332,15.246611
2.777098,-0.000266,0.248232,0.023715,0.317479,0.000457,-0.000815,-0.031355,2.883050,3.010770,15.288786
2.774047,-0.002085,0.324373,0.027650,0.307479,0.000562,-0.000382,-0.032375,2.926000,3.007632,15.331137
2.770035,-0.003594,0.399945,0.031275,0.297479,-0.000063,-0.000177,-0.015303,2.967618,3.004921,15.373478
2.764345,-0.005230,0.490782,0.034451,0.287479,0.000354,-0.000662,-0.025433,3.008572,3.003040,15.415633
2.758043,-0.008090,0.559314,0.035317,0.277479,0.001323,-0.000844,-0.032528,3.049041,3.001224,15.456803
2.751730,-0.011135,0.595711,0.036068,0.267655,0.002332,-0.001007,-0.038409,3.089400,2.999903,15.497199
2.745483,-0.013416,0.612543,0.033318,0.259114,0.003118,-0.000443,-0.016506,3.129596,2.999291,15.537486
2.739300,-0.014879,0.617122,0.028811,0.251820,0.002085,0.000161,0.012088,3.169204,3.000048,15.577409
2.731591,-0.015988,0.607257,0.022242,0.245202,-0.000408,0.000462,0.031542,3.208856,3.000839,15.616686
2.720967,-0.017317,0.561846,0.015867,0.238899,-0.000240,0.001469,0.055455,3.246183,3.002335,15.655014
2.710162,-0.017060,0.500265,0.007177,0.233127,-0.000249,0.000804,0.063273,3.284332,3.003690,15.692701
2.699091,-0.017899,0.395282,-0.001418,0.227530,-0.000484,0.000470,0.036408,3.321596,3.005953,15.730275
2.687474,-0.017841,0.228656,-0.011859,0.222433,-0.000256,0.002295,0.086306,3.358818,3.008405,15.766895
2.675790,-0.014178,0.088106,-0.021629,0.217181,0.000372,0.004712,0.176415,3.394333,3.010975,15.802806
2.664332,-0.008873,0.016290,-0.032903,0.212043,0.001215,0.007202,0.268940,3.431561,3.013639,15.838770
2.653132,-0.004824,-0.021143,-0.045429,0.206754,0.001853,0.009513,0.353944,3.465069,3.016490,15.874667
2.641792,-0.002619,-0.055105,-0.058048,0.201603,0.001192,0.003147,0.229760,3.499941,3.019845,15.909101
2.628912,-0.009965,-0.295571,-0.068702,0.196109,0.000008,0.002249,0.082587,3.529670,3.023223,15.942366
2.614157,-0.010908,-0.682276,-0.072572,0.190871,0.001322,0.003039,0.111398,3.572778,3.034642,15.974023
2.600357,-0.002541,-0.914592,-0.085953,0.186419,0.001819,0.005686,0.207259,3.602219,3.032828,16.008825
2.585906,0.006362,-1.038868,-0.095756,0.182554,0.002733,0.007263,0.263235,3.631497,3.030721,16.044147
2.571354,0.012779,-1.105921,-0.103992,0.179115,0.003862,0.009224,0.331263,3.659398,3.029031,16.073752
2.557051,0.017473,-1.117031,-0.112347,0.176318,0.004950,0.010655,0.379316,3.689774,3.027678,16.101286
2.543043,0.019576,-1.113947,-0.121996,0.173951,0.005625,0.011492,0.407109,3.719933,3.024952,16.128938
2.528864,0.019388,-1.132280,-0.130554,0.171772,0.006775,0.013447,0.472642,3.749650,3.021610,16.158276
2.515186,0.019945,-1.121583,-0.140760,0.170380,0.007475,0.014355,0.501268,3.779060,3.017262,16.187415
2.501433,0.019025,-1.132198,-0.150768,0.169671,0.004824,0.006531,0.339321,3.806054,3.012860,16.216232
2.484363,0.009254,-1.346049,-0.158306,0.170414,-0.000765,0.000322,0.018859,3.832579,3.007261,16.244087
2.461754,0.001364,-1.862548,-0.158975,0.172879,-0.001395,-0.000010,0.003424,3.856681,3.000477,16.270234
2.439388,0.007555,-2.235120,-0.156222,0.177567,-0.002037,-0.000386,-0.008851,3.881505,2.991692,16.295107
2.417145,0.018403,-2.460303,-0.152662,0.183866,-0.002564,-0.000600,-0.017861,3.905034,2.983018,16.319979
2.395103,0.028935,-2.574997,-0.150986,0.191779,-0.002092,-0.000391,-0.007192,3.930838,2.975282,16.346476
2.374257,0.037017,-2.609370,-0.151643,0.200041,-0.003047,-0.000369,-0.003712,3.949341,2.964755,16.374495
2.353163,0.041310,-2.613566,-0.149409,0.209841,-0.003946,-0.000691,-0.014258,3.976811,2.956608,16.400955
2.332509,0.042716,-2.603762,-0.151619,0.219426,-0.003683,-0.000348,-0.001519,3.996165,2.945603,16.427976
2.313252,0.042117,-2.587215,-0.153291,0.229222,-0.002048,0.000044,0.008733,4.017570,2.934685,16.456846
2.296864,0.040386,-2.569368,-0.155798,0.239125,-0.002236,0.000032,0.012545,4.037131,2.921421,16.485027
2.281505,0.037632,-2.563662,-0.157416,0.249125,-0.002470,-0.000030,0.008145,4.045721,2.901795,16.513687
2.267274,0.034762,-2.572619,-0.152811,0.259125,-0.002497,-0.000372,-0.007287,4.064831,2.889273,16.541239
2.254795,0.032882,-2.573958,-0.149576,0.269125,-0.001657,-0.000331,-0.008453,4.091547,2.881913,16.569256
2.244829,0.031719,-2.559974,-0.153383,0.279125,-0.001632,0.000067,0.012126,4.107943,2.867386,16.600041
2.235838,0.030007,-2.548253,-0.156019,0.289125,-0.002113,0.000180,0.013258,4.119016,2.849153,16.631452
2.227436,0.028013,-2.552768,-0.155663,0.299125,-0.002157,-0.000019,0.007785,4.138734,2.834961,16.661516
2.220298,0.026424,-2.561146,-0.156214,0.309125,-0.001820,-0.000052,0.003444,4.162576,2.823628,16.692347
2.214704,0.025257,-2.574949,-0.159739,0.319125,-0.002827,0.000408,0.020725,4.175289,2.804539,16.725180
2.208974,0.024569,-2.584988,-0.160129,0.329125,-0.002734,0.000088,0.014187,4.192085,2.788827,16.758088
2.204476,0.023747,-2.600028,-0.160774,0.339125,-0.001943,-0.000068,0.003725,4.207546,2.771795,16.790612
2.201864,0.023160,-2.624213,-0.160289,0.349125,-0.002344,-0.000153,0.001599,4.226181,2.753821,16.822784
2.199993,0.023259,-2.640951,-0.160845,0.358329,-0.001413,-0.000110,0.002237,4.243451,2.735441,16.855825
2.199973,0.023574,-2.653769,-0.161530,0.367076,-0.001558,-0.000083,0.003269,4.259657,2.715876,16.889511
2.200626,0.023989,-2.664307,-0.161953,0.375346,-0.001512,-0.000108,0.002248,4.274701,2.695467,16.922479
2.202097,0.024437,-2.674085,-0.160985,0.383444,-0.001799,-0.000281,-0.003640,4.290198,2.675739,16.955498
2.204142,0.024995,-2.681715,-0.159088,0.390912,-0.002508,-0.000552,-0.012437,4.309464,2.654468,16.987719
2.206343,0.025644,-2.686194,-0.157423,0.397440,-0.003872,-0.000878,-0.019750,4.318513,2.636577,17.018944
2.207924,0.026192,-2.687938,-0.156152,0.404457,-0.004067,-0.000999,-0.025431,4.333986,2.614686,17.046239
2.210073,0.026727,-2.688132,-0.152773,0.410651,-0.003442,-0.000804,-0.026567,4.350987,2.589880,17.071421
2.213705,0.027905,-2.672113,-0.148529,0.415923,-0.001425,-0.000444,-0.013060,4.360954,2.564447,17.098707
2.220144,0.029458,-2.624798,-0.142600,0.420291,-0.001714,-0.001096,-0.031256,4.373100,2.538241,17.126410
2.227069,0.029913,-2.578599,-0.136045,0.423789,-0.002602,-0.002193,-0.066635,4.384878,2.511967,17.155173
2.233879,0.029497,-2.547706,-0.129158,0.426298,-0.003321,-0.003387,-0.106075,4.397669,2.484371,17.184148
2.240705,0.028959,-2.528891,-0.122109,0.427754,-0.004145,-0.004677,-0.148127,4.405150,2.456619,17.212966
2.247325,0.028619,-2.518105,-0.113694,0.428342,-0.004651,-0.006243,-0.201297,4.416526,2.427980,17.242343
2.254036,0.028610,-2.512498,-0.104623,0.427910,-0.005269,-0.008091,-0.262848,4.427660,2.398180,17.272202
2.260615,0.028824,-2.510990,-0.096085,0.427131,-0.004565,-0.006369,-0.251003,4.437610,2.365626,17.303236
2.268245,0.032772,-2.439726,-0.086552,0.425933,-0.001386,-0.001659,-0.058159,4.439388,2.339843,17.336277
2.279246,0.040289,-2.129464,-0.079006,0.424752,-0.000844,-0.001616,-0.052717,4.447455,2.305705,17.367607
2.290821,0.038920,-1.865204,-0.072735,0.422799,-0.001491,-0.002919,-0.095890,4.452956,2.279819,17.398854
2.301933,0.032652,-1.700031,-0.069187,0.421054,-0.001251,-0.003640,-0.122560,4.457734,2.248846,17.429968
2.313422,0.026402,-1.608797,-0.065262,0.418401,-0.001121,-0.004537,-0.153730,4.463545,2.217992,17.459537
2.325006,0.021862,-1.565757,-0.061083,0.414873,-0.000895,-0.003907,-0.155844,4.465959,2.184570,17.491271
2.336610,0.020807,-1.518048,-0.056908,0.410981,-0.000480,-0.000656,-0.025750,4.471401,2.152705,17.524268
2.348260,0.023896,-1.330070,-0.053319,0.406476,-0.000502,-0.000548,-0.022214,4.476286,2.119620,17.557495
2.359392,0.022594,-1.183795,-0.052530,0.401781,-0.000229,-0.000204,-0.005719,4.479005,2.086854,17.590658
2.370202,0.019766,-1.079253,-0.050347,0.396479,0.000297,-0.000700,-0.023320,4.483178,2.053121,17.624232
2.380990,0.016608,-1.024384,-0.047259,0.390858,0.000731,-0.001386,-0.048057,4.486362,2.018225,17.658440
2.391672,0.014354,-0.998749,-0.044381,0.384642,0.001286,-0.002051,-0.071629,4.498159,1.986245,17.693612
2.402241,0.013075,-0.989017,-0.042740,0.378123,0.001990,-0.002395,-0.084544,4.513083,1.950752,17.727998
2.412750,0.012573,-0.986218,-0.045086,0.371497,0.002617,-0.001865,-0.066240,4.519403,1.915505,17.762595
2.422973,0.012479,-0.987763,-0.045624,0.364846,0.003325,-0.001745,-0.062001,4.527898,1.881753,17.798268
2.433012,0.012669,-0.990459,-0.045785,0.357407,0.004068,-0.001667,-0.060392,4.530352,1.845511,17.833456
2.442867,0.013056,-0.992579,-0.044209,0.350103,0.004807,-0.002072,-0.074492,4.532300,1.809879,17.869219
2.452576,0.013437,-0.995673,-0.041556,0.341921,0.005325,-0.002603,-0.094668,4.534702,1.776244,17.905199
2.461893,0.013967,-0.996046,-0.039723,0.334021,0.005969,-0.002945,-0.106697,4.533585,1.739106,17.940976
2.470927,0.014490,-0.993436,-0.038382,0.326088,0.006677,-0.003165,-0.117257,4.547258,1.705987,17.977281
2.479730,0.014945,-0.991656,-0.041581,0.319608,0.007664,-0.002515,-0.093779,4.548918,1.666939,18.012594
2.488601,0.015187,-0.994036,-0.046424,0.313747,0.008368,-0.001449,-0.055535,4.559642,1.632357,18.048787
2.497250,0.015471,-0.997917,-0.054753,0.309234,0.007431,0.000296,0.008608,4.557721,1.597477,18.085815
2.504009,0.015713,-1.004274,-0.058688,0.303319,-0.000125,0.000543,0.024920,4.567429,1.563282,18.120898
2.502306,0.015476,-1.023498,-0.067527,0.299465,0.000028,0.001300,0.056285,4.564973,1.525173,18.155639
2.499954,0.014573,-1.072542,-0.075270,0.295531,-0.000316,0.000540,0.032765,4.563934,1.491689,18.191766
2.496492,0.012786,-1.184933,-0.080026,0.290522,-0.000243,0.000639,0.028540,4.561895,1.458244,18.226967
2.492401,0.013501,-1.295005,-0.086642,0.285846,-0.000153,0.001327,0.048476,4.557580,1.428241,18.260531
2.487543,0.015544,-1.387804,-0.092732,0.281039,0.000909,0.002582,0.091026,4.563330,1.393581,18.292373
2.482876,0.018511,-1.439753,-0.105921,0.277804,0.002525,0.004986,0.175747,4.558583,1.353744,18.324317
2.478529,0.020878,-1.468133,-0.115279,0.273058,0.003004,0.006702,0.235066,4.565741,1.329642,18.360345
2.473459,0.022586,-1.478150,-0.126367,0.270321,0.004495,0.008561,0.297076,4.564580,1.297797,18.391942
2.468747,0.023500,-1.480602,-0.138278,0.267676,0.004527,0.006808,0.283805,4.562755,1.265587,18.420072
2.462852,0.020277,-1.553853,-0.148221,0.264617,0.000136,0.000934,0.038534,4.559903,1.232556,18.451297
2.451612,0.012817,-1.900902,-0.155880,0.261644,0.000074,0.001010,0.036632,4.555879,1.202188,18.482196
2.439765,0.015509,-2.182354,-0.161898,0.258918,0.000969,0.001799,0.063550,4.552513,1.170140,18.511947
2.427991,0.023027,-2.360886,-0.167951,0.256354,0.001690,0.002541,0.088231,4.545617,1.139408,18.541938
2.415895,0.030891,-2.463188,-0.173804,0.253689,0.002405,0.002238,0.088936,4.534512,1.098758,18.571760
2.403456,0.036273,-2.536285,-0.180118,0.249722,-0.000670,0.000329,0.019867,4.531295,1.081911,18.605929
2.386848,0.037964,-2.665402,-0.183586,0.247928,-0.000446,0.000167,0.010246,4.521706,1.053710,18.634955
2.370068,0.040848,-2.772415,-0.185731,0.245915,-0.000464,0.000080,0.006669,4.515712,1.025012,18.658135
2.352912,0.044105,-2.851152,-0.189328,0.244593,-0.000343,0.000166,0.010039,4.507463,0.996273,18.686099
2.335454,0.046872,-2.907001,-0.192237,0.243548,0.000057,0.000161,0.007469,4.490191,0.958537,18.715560
2.318123,0.048691,-2.950757,-0.196901,0.241615,-0.000684,0.000150,0.013363,4.480240,0.945867,18.751349
2.299581,0.049421,-2.984286,-0.200254,0.240856,-0.000416,0.000118,0.008370,4.463620,0.922517,18.782677
2.281198,0.049201,-3.018570,-0.201597,0.239999,-0.000489,0.000014,0.003948,4.451484,0.898407,18.807973
2.262851,0.048501,-3.048832,-0.202649,0.239726,-0.000481,0.000017,0.003551,4.432871,0.875993,18.837410
2.244736,0.047503,-3.072093,-0.203659,0.238899,-0.000374,0.000095,0.006307,4.414943,0.856399,18.868698
2.226896,0.046199,-3.087354,-0.203246,0.237978,-0.000300,0.000072,0.005156,4.394871,0.836642,18.901057
2.209487,0.044528,-3.096822,-0.202783,0.236683,-0.000390,-0.000022,0.002560,4.377234,0.817506,18.933746
2.192332,0.042432,-3.103844,-0.202532,0.235254,-0.000569,-0.000081,0.000285,4.359491,0.799302,18.966456
2.175312,0.040034,-3.110058,-0.202132,0.233862,-0.000547,-0.000076,0.000112,4.339250,0.782494,18.998498
2.158679,0.037525,-3.113536,-0.202505,0.232022,-0.000488,-0.000043,0.001437,4.319577,0.766949,19.031134
2.142348,0.034863,-3.116137,-0.203261,0.229817,-0.000464,-0.000024,0.002149,4.296347,0.753722,19.064434
2.126215,0.032062,-3.120280,-0.205202,0.226655,-0.000385,0.000014,0.003927,4.274624,0.741111,19.098259
2.110143,0.029130,-3.128687,-0.207047,0.223492,-0.000361,0.000014,0.003676,4.252804,0.729022,19.132179
2.094076,0.026206,-3.142240,-0.209087,0.220733,-0.000432,0.000017,0.004093,4.231106,0.718330,19.165835
2.077945,0.023400,-3.159506,-0.210956,0.218349,-0.000429,0.000032,0.004234,4.209352,0.708880,19.199721
2.061871,0.020783,-3.178906,-0.213942,0.216016,-0.000341,0.000073,0.005872,4.185849,0.700682,19.233206
2.045827,0.018236,-3.201601,-0.217627,0.213688,0.000268,0.000142,0.005855,4.150015,0.683080,19.267045
2.030264,0.015755,-3.230350,-0.225835,0.209439,-0.000620,0.000195,0.015422,4.140169,0.689411,19.307492
2.013046,0.012978,-3.267572,-0.230345,0.209107,0.000150,0.000147,0.006463,4.105822,0.674130,19.343656
1.996636,0.010387,-3.317796,-0.237598,0.207314,-0.000668,0.000167,0.013180,4.093218,0.681881,19.376916
1.979003,0.008019,-3.368990,-0.242896,0.208884,-0.000392,0.000170,0.009001,4.069831,0.680022,19.411055
1.961788,0.005886,-3.424951,-0.248922,0.210930,-0.000211,0.000493,0.016438,4.045985,0.679983,19.440303
1.944859,0.004259,-3.473843,-0.254061,0.212967,-0.000185,0.000369,0.016593,4.021551,0.681388,19.472518
1.928103,0.002431,-3.521080,-0.259134,0.214945,-0.000205,0.000402,0.013326,3.996729,0.683811,19.507141
1.911493,0.000608,-3.570556,-0.263648,0.216517,0.000497,0.000776,0.022344,3.960033,0.677618,19.542925
1.895763,-0.000789,-3.607794,-0.269659,0.216348,-0.000372,0.000440,0.023035,3.951774,0.690014,19.581805
1.878965,-0.002953,-3.646738,-0.272435,0.218392,-0.000352,0.000215,0.007517,3.927149,0.696555,19.617047
1.862620,-0.005264,-3.697221,-0.274982,0.220141,0.000082,0.000394,0.011645,3.892939,0.694003,19.648782
1.847133,-0.007007,-3.736391,-0.277966,0.220606,-0.000236,0.000565,0.020103,3.874781,0.705075,19.684807
1.831529,-0.008618,-3.762604,-0.278443,0.221948,-0.000400,0.000673,0.023321,3.862770,0.721793,19.720249
1.816270,-0.010268,-3.778513,-0.277267,0.224534,-0.000570,0.000622,0.020112,3.842408,0.732111,19.753300
1.801659,-0.012111,-3.789376,-0.275689,0.227377,-0.000910,0.000472,0.016234,3.819416,0.741444,19.785697
1.787598,-0.014153,-3.796473,-0.273025,0.230570,-0.001551,0.000250,0.011098,3.799147,0.751443,19.818958
1.773902,-0.016284,-3.799405,-0.270373,0.234625,-0.002283,-0.000029,0.004213,3.782443,0.764177,19.851687
1.760614,-0.018518,-3.800618,-0.267047,0.239434,-0.003043,-0.000416,-0.005797,3.764436,0.776203,19.882215
1.747841,-0.020796,-3.801284,-0.262385,0.244816,-0.004263,-0.000984,-0.020116,3.751302,0.791466,19.911785
1.735315,-0.023032,-3.800698,-0.256645,0.251179,-0.003637,-0.000931,-0.023783,3.736043,0.807024,19.940694
1.725104,-0.024400,-3.783086,-0.250139,0.258272,-0.001804,-0.000947,-0.023176,3.716961,0.821450,19.969929
1.718429,-0.025265,-3.743864,-0.243329,0.265657,-0.002004,-0.000777,-0.023232,3.701635,0.836901,19.999326
1.713180,-0.025629,-3.688412,-0.235753,0.273804,-0.001592,-0.000528,-0.013849,3.689577,0.853456,20.027520
1.710039,-0.025593,-3.607860,-0.227769,0.282084,-0.001522,-0.000578,-0.016205,3.677115,0.871120,20.054933
1.708602,-0.025735,-3.519709,-0.218294,0.290328,-0.001551,-0.000702,-0.021662,3.663079,0.891948,20.082067
1.708872,-0.025680,-3.422652,-0.208544,0.298106,-0.001637,-0.000725,-0.022481,3.652773,0.912427,20.109793
1.710692,-0.025286,-3.312698,-0.197658,0.305667,-0.001702,-0.000810,-0.026160,3.642037,0.933350,20.137473
1.714068,-0.024551,-3.190218,-0.186877,0.312762,-0.001731,-0.000841,-0.027932,3.632209,0.954174,20.163144
1.718891,-0.023596,-3.057149,-0.176151,0.319564,-0.002272,-0.001228,-0.037492,3.624529,0.972475,20.186913
1.724497,-0.022873,-2.925596,-0.166653,0.325888,-0.001673,-0.000773,-0.025862,3.618177,0.993590,20.208695
1.731892,-0.021525,-2.780383,-0.155871,0.331867,-0.001618,-0.000868,-0.031062,3.607450,1.017063,20.230493
1.740449,-0.020197,-2.635707,-0.146457,0.336707,-0.001408,-0.000777,-0.028193,3.595181,1.038920,20.254413
1.750063,-0.018879,-2.491933,-0.138076,0.340313,-0.002061,-0.001949,-0.053539,3.590187,1.059396,20.279284
1.759643,-0.018974,-2.383786,-0.128277,0.343352,-0.002566,-0.004095,-0.118252,3.579843,1.083705,20.302677
1.769465,-0.019788,-2.326107,-0.117146,0.345415,-0.002235,-0.002162,-0.089923,3.574119,1.105782,20.326055
1.780379,-0.015795,-2.192338,-0.104635,0.347092,-0.001114,-0.000993,-0.040931,3.568753,1.130326,20.350575
1.792843,-0.011228,-1.978092,-0.090818,0.347742,-0.001203,-0.001134,-0.047149,3.560092,1.153765,20.375730
1.805468,-0.008347,-1.765020,-0.079104,0.346946,-0.000927,-0.000986,-0.041424,3.553795,1.178377,20.401142
1.818396,-0.006309,-1.558576,-0.066763,0.345207,-0.001186,-0.003088,-0.091158,3.554681,1.202132,20.425984
1.831017,-0.006555,-1.406655,-0.052106,0.343205,-0.001347,-0.006824,-0.205860,3.547179,1.224954,20.451260
1.843511,-0.007985,-1.331023,-0.038257,0.340897,-0.001011,-0.010131,-0.307744,3.540588,1.252452,20.475861
1.856228,-0.008713,-1.288018,-0.020293,0.338109,-0.001421,-0.014607,-0.444872,3.538323,1.275707,20.501835
1.868250,-0.008872,-1.260306,-0.002148,0.336140,-0.000975,-0.019358,-0.590996,3.533872,1.301756,20.528539
1.880220,-0.008958,-1.248779,0.017058,0.334433,-0.000470,-0.010909,-0.450515,3.529299,1.326491,20.554338
1.891970,0.004536,-0.952864,0.036483,0.333331,-0.000264,-0.001428,-0.066006,3.526054,1.352471,20.580335
1.903110,0.020527,-0.242174,0.053452,0.333774,-0.000259,-0.001289,-0.059488,3.518647,1.379629,20.606422
1.914045,0.022586,0.289156,0.067674,0.335913,-0.000328,-0.001084,-0.050482,3.512865,1.405955,20.633609
1.924821,0.021120,0.682182,0.081873,0.340600,-0.000313,-0.003382,-0.104326,3.504675,1.431338,20.661646
1.935525,0.017294,0.934507,0.094273,0.346633,-0.000151,-0.006504,-0.200659,3.494867,1.459368,20.689721
1.946255,0.012695,1.053432,0.108936,0.354160,-0.000137,-0.009366,-0.289963,3.482771,1.483582,20.719731
1.956626,0.009856,1.120860,0.121935,0.362322,0.000095,-0.011947,-0.369523,3.471729,1.512140,20.750587
1.966939,0.007924,1.157366,0.136456,0.370025,0.000546,-0.014632,-0.451923,3.456138,1.538356,20.782740
1.977164,0.006645,1.178523,0.148201,0.377725,0.000617,-0.016605,-0.512824,3.446780,1.562587,20.817495
1.987094,0.005749,1.191467,0.157456,0.386000,0.000622,-0.017723,-0.547244,3.430854,1.587687,20.850693
1.996912,0.005368,1.209561,0.165572,0.394337,0.000577,-0.019341,-0.598196,3.417069,1.613450,20.884365
2.006681,0.004341,1.207035,0.172586,0.402974,0.000407,-0.020192,-0.624877,3.400651,1.637306,20.920174
2.016355,0.003800,1.206922,0.176440,0.411863,-0.000138,-0.020841,-0.645973,3.380093,1.660446,20.956370
2.025879,0.003148,1.200659,0.178390,0.420744,-0.000834,-0.020915,-0.650020,3.360279,1.682783,20.994214
2.035279,0.002840,1.200096,0.177694,0.429606,-0.001875,-0.020836,-0.649433,3.343578,1.704056,21.033141
2.044446,0.002412,1.197643,0.174699,0.438009,-0.002912,-0.020180,-0.631413,3.322376,1.724740,21.071118
2.053556,0.002247,1.202732,0.170160,0.445541,-0.003952,-0.019141,-0.601260,3.301016,1.744344,21.109047
2.062666,0.002270,1.218825,0.162895,0.452035,-0.005183,-0.018392,-0.580778,3.275569,1.762901,21.147335
2.071716,0.001516,1.219361,0.153371,0.457863,-0.003887,-0.005895,-0.277682,3.249729,1.780656,21.187220
2.083322,0.011974,1.478189,0.140155,0.462099,-0.001730,0.002280,0.069672,3.223040,1.796712,21.228704
2.099030,0.018342,1.940949,0.121605,0.463136,-0.003220,0.006027,0.189391,3.193443,1.811772,21.270937
2.115092,0.013397,2.232119,0.101741,0.460950,-0.004522,0.010496,0.334248,3.164256,1.825719,21.314577
2.130551,0.005625,2.399674,0.084696,0.456260,-0.004702,0.013007,0.430043,3.133556,1.838606,21.357598
2.145668,-0.003238,2.456691,0.070208,0.447835,-0.003180,0.006645,0.320294,3.102799,1.850952,21.399142
2.161418,-0.019089,2.260009,0.061605,0.437835,-0.000101,0.002107,0.067248,3.071161,1.862840,21.438254
2.178709,-0.029802,1.809250,0.062194,0.427835,0.000654,0.001921,0.061469,3.039676,1.875120,21.473470
2.195244,-0.026177,1.532353,0.070355,0.417835,0.002220,-0.000016,-0.001288,3.006785,1.886563,21.506871
2.211854,-0.019611,1.378828,0.082504,0.407835,0.002476,-0.001319,-0.057591,2.974249,1.898952,21.540860
2.226992,-0.012809,1.337660,0.097357,0.397835,0.000489,-0.001446,-0.065425,2.941803,1.910519,21.574940
2.238144,-0.006396,1.426405,0.114964,0.387835,0.001605,-0.003441,-0.113039,2.908042,1.922449,21.608853
2.248186,-0.003927,1.562672,0.135275,0.377835,0.003826,-0.006485,-0.217111,2.874402,1.933851,21.642988
2.257774,-0.004947,1.668682,0.157303,0.367835,0.006924,-0.010551,-0.343725,2.841967,1.941977,21.677618
2.267368,-0.008296,1.718818,0.178066,0.357835,0.009913,-0.013017,-0.420892,2.806567,1.951468,21.711915
2.276773,-0.010962,1.751514,0.197547,0.347835,0.012774,-0.015024,-0.487722,2.771354,1.959569,21.747059
2.285974,-0.013230,1.763846,0.216622,0.337835,0.015479,-0.016557,-0.532538,2.737626,1.967303,21.783311
2.294867,-0.014945,1.770853,0.233598,0.327835,0.017919,-0.017459,-0.558502,2.697896,1.968378,21.819595
2.303464,-0.016177,1.776234,0.252590,0.317835,0.020638,-0.018122,-0.577145,2.652024,1.973815,21.857918
2.311915,-0.017060,1.784669,0.273933,0.307835,0.021993,-0.018923,-0.606766,2.650562,1.972685,21.900781
2.318724,-0.018173,1.778496,0.278259,0.297835,0.016049,-0.009192,-0.383496,2.604180,1.973989,21.928790
2.318075,-0.009132,1.995567,0.288594,0.287835,0.000846,0.000128,0.001926,2.577927,1.959135,21.954644
2.300639,0.001223,2.575902,0.264114,0.277835,-0.001336,0.000981,0.028652,2.533429,1.947247,21.992909
2.282596,-0.003663,3.029429,0.240810,0.274905,-0.003400,0.002292,0.069123,2.496045,1.932554,22.035121
2.264110,-0.015431,3.337843,0.215365,0.275113,-0.005967,0.004441,0.136011,2.462931,1.915196,22.084342
2.244811,-0.028855,3.532310,0.186062,0.279273,-0.006121,0.003544,0.145229,2.434043,1.895535,22.132944
2.227738,-0.045440,3.553165,0.153146,0.286125,-0.004366,0.004746,0.149564,2.407025,1.874074,22.180641
2.215211,-0.059158,3.397661,0.121236,0.294045,-0.004091,0.003191,0.158884,2.381644,1.850488,22.228419
2.205881,-0.069794,3.096261,0.094904,0.302037,-0.003135,0.005124,0.163744,2.358867,1.827087,22.277109
2.200214,-0.070310,2.704176,0.074064,0.309261,-0.005087,0.009253,0.296920,2.336688,1.802200,22.326126
2.195300,-0.059442,2.408799,0.056965,0.315635,-0.007005,0.013817,0.442911,2.314610,1.776975,22.375625
2.190949,-0.044580,2.224424,0.045670,0.320980,-0.007807,0.016419,0.530281,2.293385,1.751821,22.425296
2.187615,-0.032241,2.108252,0.038122,0.325618,-0.008021,0.017717,0.574381,2.272611,1.725592,22.473534
2.185323,-0.023974,2.026298,0.031264,0.330775,-0.004957,0.005761,0.314007,2.251313,1.699920,22.519975
2.187130,-0.031907,1.664305,0.027558,0.336395,-0.001008,0.000338,0.013555,2.229786,1.675312,22.564268
2.193514,-0.034572,1.114333,0.026239,0.342262,-0.001282,0.000357,0.010112,2.209351,1.651480,22.605026
2.200440,-0.025648,0.781975,0.024339,0.348692,-0.001810,0.000785,0.025254,2.188461,1.625382,22.641633
2.207719,-0.016145,0.610063,0.019518,0.355574,-0.002623,0.002005,0.064885,2.168656,1.600801,22.675671
2.214990,-0.009479,0.531765,0.011963,0.362424,-0.003355,0.003805,0.125027,2.148931,1.576256,22.706589
2.222300,-0.005702,0.497196,0.002132,0.369163,-0.004062,0.006198,0.204932,2.129570,1.551439,22.733044
2.229556,-0.003816,0.481758,-0.009796,0.375982,-0.004612,0.009232,0.306208,2.107984,1.525795,22.757877
2.236788,-0.002880,0.477277,-0.024991,0.382867,-0.005161,0.013089,0.435199,2.086118,1.500817,22.784454
2.243812,-0.002459,0.478529,-0.040044,0.389779,-0.005327,0.016502,0.548367,2.065672,1.474963,22.812387
2.250783,-0.002630,0.472350,-0.057094,0.397274,-0.005497,0.020549,0.682851,2.045546,1.449373,22.842214
2.257528,-0.002593,0.471431,-0.074691,0.405191,-0.005225,0.024096,0.800221,2.021765,1.423831,22.873921
2.264296,-0.002924,0.461972,-0.092314,0.412863,-0.005159,0.028382,0.940220,2.001924,1.398698,22.907471
2.270680,-0.002212,0.480477,-0.109934,0.420356,-0.004377,0.030263,1.001478,1.978008,1.372754,22.942253
2.277203,-0.003559,0.452078,-0.126449,0.427062,-0.003946,0.032476,1.073262,1.954887,1.348141,22.978457
2.283475,-0.004137,0.418920,-0.139066,0.433092,-0.003591,0.034339,1.134648,1.932353,1.323684,23.016098
2.289616,-0.003808,0.401051,-0.151727,0.438688,-0.003079,0.035942,1.186955,1.906295,1.299756,23.053713
2.295675,-0.003383,0.393443,-0.160757,0.443153,-0.002900,0.036719,1.212828,1.881419,1.277824,23.092925
2.301498,-0.003323,0.383838,-0.165454,0.446581,-0.002707,0.037892,1.253225,1.851994,1.255960,23.132955
2.307374,-0.002467,0.402782,-0.168289,0.449940,-0.002864,0.037730,1.247929,1.823729,1.235340,23.174629
2.313060,-0.002817,0.404919,-0.167334,0.452860,-0.002600,0.016815,0.779619,1.794794,1.215303,23.217802
2.319319,-0.023851,-0.061815,-0.158655,0.453749,-0.001494,-0.001116,-0.035237,1.764740,1.197727,23.261799
2.328206,-0.042638,-1.210518,-0.137445,0.449177,-0.002768,-0.004746,-0.154952,1.735247,1.181384,23.306621
2.338609,-0.031377,-1.976960,-0.116368,0.440993,-0.003380,-0.008839,-0.297614,1.702677,1.165542,23.350743
2.348976,-0.011565,-2.414418,-0.097311,0.430993,-0.003772,-0.012892,-0.439242,1.668914,1.150708,23.394578
2.358105,0.007561,-2.651615,-0.082480,0.420993,-0.003748,-0.015404,-0.528906,1.635177,1.137748,23.438284
2.365873,0.024110,-2.755984,-0.071706,0.410993,-0.002422,-0.007016,-0.366823,1.600685,1.125379,23.480438
2.373451,0.046897,-2.564897,-0.069110,0.400993,-0.000385,-0.000306,-0.010568,1.564260,1.113387,23.520025
2.381160,0.061853,-2.052108,-0.077758,0.390993,-0.000200,0.000654,0.039434,1.529334,1.101118,23.557606
2.387386,0.055549,-1.717828,-0.094694,0.380993,0.001365,0.003328,0.115129,1.490326,1.087526,23.594192
2.393495,0.043179,-1.548223,-0.116708,0.370993,0.003939,0.007239,0.247388,1.453914,1.074820,23.632022
2.399957,0.032973,-1.462587,-0.142369,0.360993,0.007596,0.011495,0.386551,1.413433,1.059965,23.670072
2.407235,0.026387,-1.424743,-0.169141,0.350993,0.004940,0.004494,0.244803,1.380957,1.051745,23.708987
2.408615,0.012179,-1.669355,-0.186587,0.340993,0.000766,0.000584,0.030359,1.345172,1.042341,23.747210
2.403704,0.004410,-2.149137,-0.201259,0.330993,0.001342,0.001320,0.043703,1.313852,1.042737,23.782716
2.397368,0.009868,-2.526014,-0.202431,0.321798,0.003085,0.001555,0.049860,1.271757,1.029158,23.817462
2.391423,0.021379,-2.766829,-0.211087,0.314635,0.004353,0.002353,0.074908,1.235352,1.024316,23.854364
2.384547,0.033715,-2.905894,-0.215901,0.307817,0.002586,0.000900,0.044761,1.200973,1.024807,23.893355
2.374030,0.042651,-3.018528,-0.216385,0.303256,-0.000025,-0.000032,0.000757,1.164539,1.023534,23.929680
2.359925,0.049751,-3.125468,-0.215313,0.301546,-0.000149,-0.000089,-0.001053,1.128130,1.025005,23.965155
2.345287,0.056500,-3.188551,-0.212942,0.301595,-0.000671,-0.000178,-0.003109,1.094482,1.030186,24.002170
2.330110,0.061910,-3.217562,-0.209194,0.302985,-0.000720,-0.000190,-0.005108,1.060174,1.037960,24.039914
2.315282,0.065628,-3.220099,-0.208339,0.305921,-0.001137,-0.000246,-0.002372,1.032793,1.049547,24.078221
2.300436,0.067193,-3.207617,-0.200372,0.309142,-0.000999,-0.000403,-0.013749,0.997796,1.060371,24.115571
2.286984,0.067309,-3.182584,-0.197207,0.313791,-0.001034,-0.000263,-0.005859,0.968252,1.072702,24.154052
2.274560,0.066086,-3.142980,-0.194378,0.319073,-0.000679,-0.000159,-0.005119,0.931571,1.085321,24.194749
2.263661,0.063550,-3.102081,-0.195459,0.324952,-0.000974,-0.000084,0.002518,0.905178,1.100133,24.237564
2.253443,0.059869,-3.067577,-0.193297,0.331786,-0.001025,-0.000222,-0.005345,0.872265,1.116098,24.280086
2.244529,0.055790,-3.045994,-0.191216,0.338177,-0.001175,-0.000272,-0.005082,0.846735,1.136576,24.322338
2.236779,0.052074,-3.027452,-0.183486,0.344158,-0.001948,-0.001002,-0.026949,0.825128,1.158904,24.366686
2.229979,0.048758,-3.013230,-0.170714,0.350443,-0.003540,-0.002515,-0.075160,0.802175,1.181975,24.410593
2.223747,0.045884,-3.004578,-0.157135,0.356264,-0.004618,-0.004023,-0.128617,0.772312,1.216779,24.454584
2.218559,0.043878,-2.992958,-0.146036,0.360147,-0.006570,-0.005784,-0.181648,0.757793,1.232089,24.504732
2.213019,0.042006,-2.982246,-0.136873,0.366113,-0.007987,-0.007945,-0.248506,0.736081,1.260793,24.551730
2.207682,0.039670,-2.990685,-0.128183,0.371164,-0.005479,-0.003697,-0.167197,0.716431,1.289311,24.592929
2.206308,0.044032,-2.864248,-0.121284,0.375555,-0.001400,-0.001294,-0.038771,0.700074,1.317435,24.637247
2.209891,0.046893,-2.601467,-0.115763,0.379198,-0.001560,-0.000769,-0.035090,0.686478,1.346293,24.680584
2.214138,0.043574,-2.382121,-0.112549,0.382576,-0.000917,-0.000317,-0.010113,0.673431,1.377218,24.721596
2.219877,0.037691,-2.195671,-0.109373,0.385593,-0.000955,-0.000369,-0.012763,0.656606,1.406513,24.761025
2.226434,0.031091,-2.065574,-0.108532,0.387769,-0.000844,-0.000215,-0.004810,0.639916,1.435588,24.797392
2.233633,0.025462,-1.980755,-0.108644,0.389482,-0.001028,-0.000179,-0.004062,0.627585,1.467598,24.829816
2.240980,0.021173,-1.938409,-0.107630,0.390545,-0.000991,-0.000370,-0.010373,0.611076,1.500817,24.862155
2.248589,0.018523,-1.920951,-0.106756,0.391001,-0.001304,-0.000577,-0.016905,0.599686,1.533138,24.895986
2.255992,0.017162,-1.917354,-0.104162,0.390996,-0.001060,-0.000406,-0.017791,0.589969,1.566324,24.930863
2.263747,0.017437,-1.902752,-0.099926,0.390419,-0.000698,-0.000361,-0.015743,0.581304,1.599559,24.966028
2.271952,0.018500,-1.864108,-0.094505,0.389531,-0.000816,-0.001171,-0.037322,0.569840,1.633331,25.000594
2.280127,0.018855,-1.824253,-0.090864,0.388831,-0.000793,-0.000691,-0.033811,0.558527,1.666742,25.035427
2.288350,0.019760,-1.771743,-0.087959,0.388513,-0.000564,-0.000188,-0.009205,0.541825,1.700603,25.070342
2.296766,0.020521,-1.694863,-0.089188,0.388899,-0.000575,0.000049,0.004903,0.532835,1.734579,25.105306
2.304990,0.019542,-1.643576,-0.089365,0.389575,-0.000592,-0.000023,0.001086,0.524957,1.769580,25.140596
2.313161,0.018191,-1.621058,-0.088991,0.389782,-0.000579,-0.000052,-0.001063,0.510843,1.802733,25.175403
2.321320,0.017425,-1.610997,-0.091333,0.390581,-0.000529,0.000457,0.016940,0.504201,1.837201,25.210587
2.329322,0.017154,-1.606697,-0.093003,0.390801,-0.000461,0.000263,0.015829,0.495318,1.872325,25.245696
2.337195,0.016672,-1.619198,-0.095670,0.390497,-0.000393,0.000515,0.018888,0.489251,1.907713,25.281626
2.344816,0.016686,-1.644953,-0.098770,0.389931,-0.000147,0.001065,0.037503,0.481421,1.942278,25.318344
2.352264,0.017428,-1.664933,-0.103292,0.388776,0.000273,0.002038,0.070268,0.475294,1.977835,25.354310
2.359536,0.018549,-1.675068,-0.110383,0.386823,0.000928,0.003164,0.108307,0.465893,2.013271,25.389817
2.366581,0.019334,-1.688745,-0.120320,0.384489,0.001940,0.005210,0.177497,0.462710,2.047437,25.425357
2.373484,0.020508,-1.688925,-0.129426,0.381048,0.003139,0.006754,0.228760,0.458378,2.085058,25.461062
2.380335,0.021343,-1.688463,-0.141583,0.377299,0.004173,0.008088,0.273708,0.455785,2.121789,25.497651
2.386665,0.021441,-1.705992,-0.155686,0.372995,0.005885,0.010135,0.341759,0.453752,2.159218,25.534851
2.392926,0.022189,-1.715532,-0.171970,0.368077,0.008122,0.012547,0.420907,0.452766,2.193848,25.572191
2.399332,0.023466,-1.706436,-0.186999,0.362509,0.009988,0.013773,0.460138,0.451173,2.230364,25.608885
2.405524,0.023885,-1.708008,-0.201549,0.356557,0.011404,0.014457,0.482496,0.454771,2.265851,25.644451
2.411090,0.023836,-1.726263,-0.213615,0.350063,0.013028,0.015244,0.507467,0.457031,2.301498,25.679921
2.416442,0.024360,-1.741951,-0.225244,0.343527,0.015532,0.016768,0.556361,0.461701,2.336254,25.715053
2.422487,0.026034,-1.724591,-0.235188,0.337191,0.009644,0.006748,0.322250,0.469460,2.371934,25.750242
2.420971,0.016306,-1.956969,-0.238825,0.331644,0.000405,0.000118,0.004806,0.474133,2.406281,25.785352
2.409632,0.009173,-2.477051,-0.233494,0.329179,-0.000101,-0.000109,-0.002731,0.486563,2.441531,25.819867
2.398272,0.016544,-2.865236,-0.223376,0.328504,-0.001061,-0.000347,-0.012950,0.492227,2.475023,25.855211
2.386336,0.030240,-3.110447,-0.211666,0.330543,-0.001187,-0.000428,-0.017166,0.496348,2.511443,25.890754
2.374701,0.045365,-3.231260,-0.201513,0.334265,-0.001037,-0.000430,-0.015441,0.520424,2.544159,25.927081
2.363624,0.058718,-3.260096,-0.193070,0.337559,-0.001617,-0.000829,-0.023592,0.541544,2.572979,25.967038
2.352365,0.068127,-3.240506,-0.180936,0.340455,-0.002838,-0.001898,-0.057631,0.563601,2.600429,26.008340
2.340920,0.073263,-3.204022,-0.168727,0.344082,-0.004474,-0.003360,-0.103922,0.584258,2.626794,26.049530
2.329266,0.074701,-3.168787,-0.157266,0.348841,-0.005547,-0.004459,-0.140397,0.608034,2.653599,26.090896
2.318255,0.074066,-3.127165,-0.147423,0.354412,-0.004779,-0.002775,-0.118484,0.629034,2.680223,26.133478
2.309787,0.074601,-3.027019,-0.140756,0.361283,-0.001217,-0.000525,-0.019079,0.656538,2.702653,26.176857
2.306470,0.074503,-2.816735,-0.136905,0.368068,-0.001058,-0.000320,-0.010531,0.684379,2.725278,26.220664
2.304765,0.068643,-2.631322,-0.136189,0.374135,-0.001195,-0.000212,-0.003285,0.712115,2.744820,26.266526
2.304254,0.059725,-2.491182,-0.134098,0.380031,-0.001939,-0.000541,-0.013051,0.742342,2.762704,26.312749
2.304448,0.050465,-2.401807,-0.131850,0.385654,-0.002978,-0.000973,-0.025791,0.766534,2.778697,26.358744
2.304934,0.042696,-2.353967,-0.129919,0.391462,-0.003262,-0.001152,-0.034287,0.795983,2.797814,26.402418
2.306323,0.037291,-2.331371,-0.128179,0.396666,-0.003891,-0.001447,-0.043979,0.826415,2.816189,26.444093
2.308019,0.033849,-2.325082,-0.126565,0.401412,-0.004469,-0.001722,-0.052928,0.857386,2.833671,26.486407
2.309901,0.031934,-2.326550,-0.124947,0.405846,-0.005068,-0.001991,-0.061593,0.887416,2.849802,26.528063
2.311827,0.031066,-2.330307,-0.123518,0.410325,-0.005580,-0.002242,-0.069840,0.919781,2.864249,26.566654
2.313820,0.030807,-2.334468,-0.121054,0.414981,-0.006160,-0.002640,-0.083367,0.954228,2.878663,26.606067
2.315877,0.030934,-2.336834,-0.118907,0.419275,-0.006846,-0.003038,-0.096027,0.986647,2.890551,26.645396
2.317812,0.031174,-2.338238,-0.115031,0.423530,-0.007704,-0.003839,-0.121903,1.021516,2.902516,26.681210
2.319570,0.031371,-2.340998,-0.111966,0.427890,-0.008215,-0.004300,-0.138323,1.054945,2.914991,26.716666
2.321450,0.031769,-2.339834,-0.108011,0.432285,-0.009447,-0.005446,-0.172725,1.088644,2.926581,26.752275
2.322796,0.031684,-2.347479,-0.104053,0.436593,-0.009885,-0.006026,-0.194300,1.124019,2.937216,26.787602
2.324390,0.032112,-2.348211,-0.099325,0.440892,-0.007774,-0.003674,-0.153120,1.158469,2.946930,26.823072
2.328834,0.035764,-2.274685,-0.095834,0.445024,-0.001004,-0.000399,-0.014578,1.192936,2.955763,26.858836
2.340471,0.040086,-2.061547,-0.092762,0.448723,-0.001198,-0.000627,-0.019009,1.228816,2.964797,26.894926
2.352283,0.038056,-1.904065,-0.091877,0.452223,-0.001215,-0.000374,-0.014895,1.262368,2.974392,26.931654
2.364474,0.034172,-1.798735,-0.090288,0.455532,-0.000910,-0.000174,-0.006075,1.299412,2.981448,26.967935
2.377397,0.030766,-1.720941,-0.089618,0.458556,-0.000930,-0.000163,-0.004068,1.334213,2.991571,27.004695
2.390618,0.027924,-1.673624,-0.088781,0.461558,-0.000806,-0.000142,-0.005559,1.374558,2.997951,27.041955
2.404192,0.026141,-1.647269,-0.085646,0.463820,-0.000872,-0.000264,-0.011893,1.409142,3.005855,27.080319
2.417955,0.025694,-1.620751,-0.083464,0.466293,-0.000776,-0.000221,-0.009388,1.447687,3.010256,27.119089
2.432016,0.025862,-1.589595,-0.079740,0.468360,-0.000907,-0.000774,-0.025734,1.488809,3.013815,27.157221
2.446117,0.025952,-1.562091,-0.076384,0.469777,-0.000887,-0.000534,-0.028231,1.526871,3.018136,27.197830
2.460340,0.026795,-1.525366,-0.069316,0.470858,-0.000861,-0.001438,-0.049975,1.570713,3.022314,27.238729
2.474821,0.027436,-1.472474,-0.064912,0.471103,-0.001304,-0.002327,-0.080959,1.608532,3.026489,27.280422
2.488864,0.027037,-1.438675,-0.061168,0.471431,-0.001484,-0.003077,-0.108213,1.647380,3.030784,27.322423
2.502720,0.026560,-1.419036,-0.057881,0.471723,-0.001557,-0.003737,-0.132492,1.688621,3.032249,27.362172
2.516462,0.026361,-1.408395,-0.052735,0.471577,-0.001463,-0.001370,-0.089358,1.724322,3.033803,27.403072
2.530276,0.029950,-1.320016,-0.049056,0.471865,-0.000643,-0.000786,-0.027431,1.766336,3.037107,27.442601
2.544794,0.031335,-1.171391,-0.047331,0.471696,-0.000729,-0.001150,-0.040581,1.807476,3.038788,27.482275
2.559060,0.028784,-1.080153,-0.045502,0.471249,-0.000806,-0.001618,-0.057821,1.848079,3.040098,27.524338
2.573135,0.025654,-1.032903,-0.043723,0.470661,-0.000788,-0.000708,-0.041820,1.886267,3.043714,27.566225
2.587073,0.024678,-0.980407,-0.042648,0.470286,-0.000558,-0.000098,-0.005211,1.926775,3.047377,27.607010
2.601035,0.024110,-0.906513,-0.042641,0.469838,-0.000470,-0.000004,0.000077,1.968710,3.049441,27.646996
2.614849,0.022431,-0.859123,-0.041555,0.469139,-0.000392,-0.000232,-0.008107,2.012018,3.050108,27.688568
2.628473,0.020785,-0.834099,-0.040607,0.468068,-0.000273,-0.000447,-0.016196,2.056519,3.048522,27.731587
2.641935,0.019663,-0.823349,-0.036784,0.466445,-0.000197,-0.001243,-0.045863,2.101421,3.041874,27.775967
2.655203,0.019191,-0.817814,-0.028266,0.463775,-0.000466,-0.003236,-0.120869,2.142368,3.044434,27.822003
2.667966,0.019014,-0.819134,-0.025702,0.460397,-0.000055,-0.003626,-0.136612,2.185167,3.044760,27.866440
2.680613,0.019390,-0.815195,-0.023206,0.456209,0.000187,-0.004182,-0.158204,2.225900,3.046413,27.909191
2.692871,0.019703,-0.813693,-0.022429,0.451111,0.000730,-0.004361,-0.166008,2.268267,3.046975,27.951617
2.704950,0.020025,-0.814365,-0.021921,0.445373,0.001290,-0.004286,-0.167754,2.311413,3.046641,27.993382
2.716791,0.020596,-0.812621,-0.020704,0.438550,0.002112,-0.004518,-0.177715,2.358342,3.038604,28.036955
2.728553,0.021071,-0.811158,-0.013227,0.431446,0.002257,-0.006064,-0.239378,2.397180,3.046486,28.082339
2.739627,0.021614,-0.807065,-0.014933,0.424057,0.003293,-0.005703,-0.226296,2.441514,3.044769,28.125785
2.750753,0.021923,-0.806500,-0.013282,0.416147,0.002791,-0.002868,-0.170732,2.485226,3.042192,28.168479
2.760390,0.025453,-0.736380,-0.011249,0.406543,0.000312,-0.000423,-0.016577,2.528598,3.040025,28.212935
2.766408,0.028306,-0.517508,-0.009668,0.396543,0.000636,-0.000224,-0.017178,2.573163,3.037416,28.257185
2.771732,0.024406,-0.367571,-0.007584,0.386543,0.000056,-0.000133,-0.009622,2.617357,3.034862,28.300843
2.775475,0.019180,-0.257523,-0.005150,0.376543,0.000418,-0.000533,-0.020708,2.660782,3.032421,28.345033
2.778574,0.013986,-0.189392,-0.002850,0.366543,0.000595,-0.000271,-0.021521,2.704719,3.030136,28.389286
2.780822,0.010562,-0.137457,0.000313,0.356543,0.000432,-0.000705,-0.027228,2.748121,3.027702,28.433229
2.781874,0.007887,-0.089683,0.003961,0.346543,0.001331,-0.001434,-0.056003,2.791268,3.025490,28.477151
2.782794,0.005487,-0.062086,0.007772,0.336543,0.002471,-0.002410,-0.093779,2.833868,3.021374,28.519984
2.783802,0.003529,-0.053487,0.014573,0.326543,0.003408,-0.003762,-0.146507,2.877095,3.019194,28.562810
2.784652,0.002584,-0.044945,0.020539,0.316543,0.002912,-0.001923,-0.126687,2.921139,3.017001,28.606006
2.783873,0.005097,0.030647,0.025802,0.306543,0.000517,-0.001172,-0.045826,2.963574,3.014432,28.649468
2.779609,0.006202,0.206785,0.029119,0.296543,0.001443,-0.001820,-0.069941,3.005598,3.012928,28.692582
2.775305,0.002209,0.318230,0.030865,0.286543,0.002372,-0.001995,-0.081208,3.047527,3.010794,28.734248
2.770904,-0.002338,0.382324,0.031118,0.276543,0.001894,-0.000686,-0.050174,3.088928,3.009444,28.776174
2.765042,-0.004722,0.446042,0.028779,0.266543,0.000216,0.000494,0.018415,3.129541,3.008593,28.817735
2.756621,-0.006779,0.528583,0.024574,0.257744,0.000974,0.001354,0.052213,3.171003,3.008958,28.858230
2.748282,-0.009878,0.571845,0.018687,0.250139,0.001759,0.002802,0.107404,3.211502,3.009715,28.898729
2.740157,-0.012233,0.596334,0.011567,0.243177,0.000832,0.000966,0.080917,3.250253,3.010282,28.938461
2.730614,-0.017319,0.518144,0.003548,0.236706,-0.000133,0.000384,0.032701,3.295566,3.002622,28.977730
2.719662,-0.019965,0.344191,0.000521,0.228772,-0.000543,0.000683,0.024567,3.322626,3.012151,29.019078
2.707759,-0.017021,0.201053,-0.010008,0.223158,0.000448,0.002873,0.108202,3.359563,3.012567,29.054580
2.696525,-0.012219,0.111707,-0.020537,0.217305,0.001079,0.005073,0.191297,3.395662,3.013553,29.086414
2.685413,-0.007989,0.057708,-0.031975,0.211301,0.001889,0.007467,0.280254,3.432323,3.015427,29.121903
2.674444,-0.004946,0.023801,-0.044269,0.205146,0.001195,0.002449,0.191899,3.468133,3.017648,29.157310
2.661939,-0.010518,-0.181602,-0.055660,0.198905,-0.000362,0.000554,0.042128,3.503062,3.019198,29.192144
2.647137,-0.012550,-0.555363,-0.064704,0.192519,0.000101,0.001850,0.068970,3.536941,3.021057,29.226379
2.632120,-0.005353,-0.826031,-0.071373,0.186176,0.000023,0.000853,0.061053,3.569103,3.021569,29.260222
2.616201,0.001734,-1.032417,-0.078188,0.180486,-0.000582,0.000333,0.025082,3.601042,3.022614,29.292679
2.598821,0.007692,-1.229093,-0.085698,0.175157,0.000175,0.001445,0.054089,3.637642,3.009704,29.323627
2.581306,0.014401,-1.361403,-0.089431,0.169283,0.000251,0.002057,0.076342,3.661921,3.019807,29.356215
2.563125,0.020194,-1.431699,-0.098282,0.165550,0.001675,0.003747,0.135451,3.694362,3.020136,29.385673
2.545495,0.024158,-1.462671,-0.109240,0.162215,0.002468,0.005402,0.193316,3.723674,3.018576,29.412702
2.527691,0.025953,-1.483041,-0.120800,0.159694,0.003667,0.007432,0.263324,3.751516,3.014964,29.442211
2.510172,0.026800,-1.486829,-0.131256,0.158091,0.002005,0.002520,0.157944,3.781957,3.012419,29.470169
2.490261,0.020136,-1.645757,-0.140984,0.157624,-0.000327,0.001303,0.047366,3.809349,3.009394,29.498277
2.467702,0.017070,-1.921531,-0.147620,0.158904,-0.000277,0.001044,0.053840,3.837747,3.004215,29.525840
2.445231,0.019831,-2.131242,-0.153053,0.161774,-0.001048,0.000650,0.025981,3.862678,2.999744,29.552505
2.421986,0.024138,-2.313691,-0.156884,0.166387,-0.001231,0.000388,0.026843,3.885939,2.994259,29.579382
2.398774,0.029021,-2.439529,-0.160079,0.172685,-0.001421,0.000004,0.007436,3.909657,2.985994,29.604619
2.375893,0.032840,-2.543837,-0.161825,0.180200,-0.001379,-0.000045,0.004853,3.935508,2.977727,29.629548
2.353778,0.036133,-2.613710,-0.164578,0.188193,-0.001499,-0.000037,0.006719,3.957650,2.969514,29.656142
2.332294,0.038221,-2.661115,-0.166603,0.197081,-0.001478,-0.000062,0.005057,3.980691,2.959592,29.683266
2.311803,0.039128,-2.695723,-0.168805,0.206362,-0.001532,-0.000054,0.005690,4.002242,2.950546,29.710517
2.292305,0.039069,-2.722145,-0.171065,0.216115,-0.001725,-0.000091,0.005330,4.019228,2.938802,29.737461
2.273787,0.038225,-2.745856,-0.170569,0.226115,-0.002066,-0.000199,-0.000663,4.040138,2.927447,29.763032
2.256337,0.037171,-2.763655,-0.171305,0.236115,-0.002108,-0.000149,0.001828,4.060340,2.916313,29.789970
2.240150,0.035901,-2.774356,-0.172444,0.246115,-0.001562,-0.000097,0.003436,4.078684,2.903860,29.818114
2.225834,0.034353,-2.783201,-0.173217,0.256115,-0.001629,-0.000117,0.002778,4.095111,2.890912,29.846241
2.212767,0.032686,-2.792451,-0.173234,0.266115,-0.001528,-0.000133,0.001117,4.113463,2.877108,29.874066
2.201161,0.031140,-2.800334,-0.172816,0.276115,-0.001515,-0.000154,0.000001,4.132124,2.863233,29.902348
2.190918,0.029779,-2.804959,-0.171547,0.286115,-0.001593,-0.000193,-0.001626,4.148933,2.848296,29.932340
2.182030,0.028642,-2.804018,-0.169956,0.296115,-0.001535,-0.000184,-0.002098,4.167533,2.832898,29.962878
2.174599,0.027686,-2.796396,-0.170189,0.306115,-0.001464,-0.000120,0.001514,4.185008,2.818289,29.994203
2.168444,0.026569,-2.788231,-0.169944,0.316115,-0.001940,-0.000167,0.000123,4.200772,2.801376,30.025715
2.163053,0.025391,-2.783235,-0.169237,0.326115,-0.003088,-0.000311,-0.003171,4.216519,2.783534,30.056764
2.157783,0.024275,-2.780569,-0.167329,0.336115,-0.004005,-0.000572,-0.011032,4.236265,2.767507,30.088616
2.152961,0.023323,-2.778337,-0.166761,0.346115,-0.003732,-0.000445,-0.008364,4.250892,2.748865,30.120614
2.149639,0.022695,-2.771854,-0.164480,0.355857,-0.002011,-0.000457,-0.009535,4.266381,2.728746,30.152152
2.149346,0.022369,-2.757972,-0.161533,0.365205,-0.003163,-0.000891,-0.022704,4.284169,2.710101,30.184871
2.149159,0.021916,-2.747869,-0.160248,0.374022,-0.004179,-0.001130,-0.028882,4.296567,2.689383,30.217188
2.149012,0.021422,-2.741672,-0.156192,0.382882,-0.005271,-0.001746,-0.048160,4.310046,2.666853,30.248617
2.149076,0.021074,-2.736978,-0.150805,0.391184,-0.006563,-0.002644,-0.075617,4.324286,2.644416,30.280265
2.149192,0.020817,-2.733349,-0.145572,0.398758,-0.007890,-0.003584,-0.104707,4.336059,2.621370,30.311482
2.149221,0.020601,-2.731575,-0.139733,0.405690,-0.007563,-0.003307,-0.111382,4.348363,2.597841,30.341408
2.150787,0.021805,-2.703799,-0.132787,0.411993,-0.001925,-0.001355,-0.039879,4.363542,2.574499,30.369140
2.159117,0.025189,-2.571144,-0.128010,0.417509,-0.002511,-0.001548,-0.053668,4.375093,2.548782,30.395812
2.167534,0.025188,-2.466873,-0.123112,0.422039,-0.001590,-0.001012,-0.028678,4.384676,2.521912,30.422751
2.177598,0.024807,-2.346530,-0.117513,0.425478,-0.002333,-0.002065,-0.062573,4.394035,2.496410,30.451005
2.187577,0.022543,-2.271200,-0.110600,0.427993,-0.002999,-0.003402,-0.106141,4.400789,2.467057,30.479590
2.197599,0.020326,-2.227946,-0.102087,0.429346,-0.003236,-0.003470,-0.130837,4.411740,2.438333,30.509150
2.208068,0.020489,-2.173055,-0.096878,0.429670,-0.001031,-0.000784,-0.027989,4.422978,2.410147,30.539532
2.220943,0.023677,-2.002080,-0.094169,0.429187,-0.000898,-0.000444,-0.014435,4.429412,2.381086,30.569215
2.233771,0.023072,-1.862884,-0.091086,0.428515,-0.000927,-0.000494,-0.016611,4.438755,2.353422,30.599433
2.246541,0.021004,-1.762121,-0.089633,0.427782,-0.000728,-0.000251,-0.007662,4.446954,2.323674,30.629639
2.259410,0.018996,-1.688018,-0.087712,0.426352,-0.000686,-0.000438,-0.013322,4.455330,2.292743,30.659874
2.272208,0.017238,-1.641306,-0.085461,0.424470,-0.000618,-0.000913,-0.028858,4.463566,2.262733,30.691252
2.284801,0.015946,-1.618470,-0.082955,0.422000,-0.000578,-0.001437,-0.046438,4.463604,2.231545,30.722988
2.297193,0.015341,-1.608790,-0.076879,0.418637,-0.000467,-0.002733,-0.091122,4.474290,2.200375,30.755146
2.309497,0.015338,-1.605815,-0.073250,0.414996,-0.000338,-0.003639,-0.121812,4.473881,2.166765,30.787709
2.321540,0.015595,-1.609616,-0.066396,0.410808,-0.000161,-0.005180,-0.175250,4.478962,2.132411,30.820682
2.333452,0.016220,-1.614045,-0.059683,0.406061,-0.000090,-0.006460,-0.220196,4.484361,2.098956,30.855150
2.345028,0.017277,-1.609626,-0.054161,0.400806,0.000260,-0.007680,-0.263078,4.486909,2.063368,30.890501
2.356396,0.018123,-1.606250,-0.048065,0.395283,0.000317,-0.005893,-0.249800,4.491059,2.029303,30.926092
2.367269,0.022047,-1.541767,-0.043556,0.389268,0.000020,-0.000685,-0.028409,4.498752,1.990040,30.961054
2.377112,0.029069,-1.241640,-0.040073,0.382934,-0.000596,-0.000552,-0.021528,4.512820,1.962087,30.998308
2.385618,0.026971,-1.020264,-0.046842,0.377519,0.000085,0.000968,0.042624,4.518365,1.927196,31.033102
2.394007,0.021416,-0.885978,-0.049030,0.371985,-0.000072,0.000493,0.017857,4.524049,1.895265,31.065464
2.401595,0.015334,-0.860402,-0.050199,0.365364,0.000504,0.000478,0.021055,4.528469,1.861105,31.099546
2.409023,0.011988,-0.863152,-0.049111,0.359210,-0.000258,-0.000106,-0.005031,4.538416,1.827316,31.133096
2.415054,0.010384,-0.888733,-0.050962,0.352843,0.000127,0.000407,0.014676,4.538433,1.790364,31.166800
2.420662,0.010400,-0.902295,-0.050405,0.346947,0.000582,0.000285,0.010283,4.543897,1.756790,31.201940
2.426047,0.010800,-0.910658,-0.050774,0.340704,0.001631,0.000385,0.012994,4.551212,1.714286,31.237649
2.431726,0.011264,-0.915733,-0.051218,0.334795,0.001592,0.000485,0.017297,4.555551,1.686766,31.275712
2.436637,0.011678,-0.917849,-0.053951,0.329698,0.002612,0.001135,0.039174,4.553072,1.649439,31.311662
2.441841,0.012018,-0.919096,-0.054946,0.324114,0.001763,0.000519,0.027593,4.551258,1.613390,31.344866
2.445483,0.011450,-0.939365,-0.054716,0.317593,-0.000276,-0.000039,-0.000974,4.549220,1.578379,31.381328
2.446378,0.011192,-0.979386,-0.055160,0.310980,-0.000070,0.000083,0.003712,4.555531,1.544926,31.417191
2.446767,0.011962,-1.002179,-0.059975,0.305935,0.000710,0.001188,0.042105,4.558461,1.510154,31.451361
2.447178,0.012807,-1.014154,-0.066847,0.301510,0.001424,0.002617,0.092844,4.563073,1.475683,31.485166
2.447486,0.013342,-1.022509,-0.076409,0.297846,0.002292,0.004797,0.167542,4.564944,1.442620,31.519717
2.447745,0.013875,-1.023774,-0.087586,0.294648,0.003274,0.006981,0.244378,4.564943,1.409618,31.553491
2.447954,0.014015,-1.026788,-0.098820,0.291418,0.004454,0.009314,0.323056,4.564216,1.375540,31.586322
2.448245,0.014278,-1.025287,-0.111390,0.288316,0.005703,0.011426,0.396540,4.567858,1.341192,31.619258
2.448534,0.014186,-1.028526,-0.125614,0.285681,0.005602,0.009259,0.383351,4.567620,1.307316,31.653315
2.447330,0.009669,-1.124481,-0.138600,0.282817,0.000321,0.001292,0.053701,4.564170,1.274249,31.687361
2.439650,-0.000464,-1.592734,-0.146630,0.279433,0.000304,0.001162,0.040792,4.564550,1.239991,31.720121
2.431468,0.002972,-1.967636,-0.153278,0.276393,0.001109,0.002144,0.074972,4.560015,1.207111,31.752244
2.423193,0.012629,-2.196878,-0.158850,0.273028,0.001872,0.002906,0.100623,4.558904,1.175202,31.784376
2.414487,0.022560,-2.323558,-0.165580,0.270147,0.002743,0.003724,0.128105,4.553250,1.143741,31.816063
2.405368,0.030491,-2.386233,-0.172910,0.267199,0.003645,0.004534,0.154793,4.546725,1.113012,31.846378
2.395913,0.035921,-2.411973,-0.181731,0.264211,0.004832,0.005444,0.183495,4.537216,1.081757,31.875871
2.386426,0.039089,-2.418316,-0.190491,0.260813,0.005749,0.005957,0.201999,4.525448,1.050310,31.905776
2.376710,0.040188,-2.422953,-0.200008,0.256790,0.007013,0.007013,0.231442,4.520555,1.020213,31.937446
2.367126,0.040586,-2.418990,-0.210384,0.253340,0.008340,0.007870,0.257521,4.511862,0.990798,31.968845
2.357737,0.040186,-2.413140,-0.220686,0.249986,0.009776,0.008788,0.285316,4.493620,0.963836,31.999392
2.348720,0.039442,-2.402752,-0.230984,0.245236,0.011327,0.009578,0.308158,4.478882,0.936890,32.031760
2.340068,0.038362,-2.392024,-0.238989,0.240690,0.012257,0.009907,0.317101,4.467914,0.911823,32.065163
2.331407,0.036836,-2.389801,-0.243474,0.238282,0.013132,0.010416,0.331643,4.454678,0.887579,32.097128
2.323220,0.035639,-2.383507,-0.245887,0.236765,0.013636,0.010638,0.337549,4.432373,0.864251,32.127970
2.315358,0.034390,-2.379236,-0.247904,0.233803,0.014074,0.010839,0.342228,4.418833,0.838735,32.161373
2.307696,0.033189,-2.376422,-0.249232,0.231670,0.014052,0.010752,0.339715,4.392163,0.824898,32.196081
2.299857,0.031801,-2.381607,-0.244699,0.229462,0.014232,0.010918,0.343613,4.373552,0.803544,32.230804
2.292573,0.031004,-2.378441,-0.242747,0.226494,0.013739,0.010489,0.330597,4.352022,0.789112,32.266854
2.284818,0.029687,-2.387910,-0.238151,0.223538,0.014247,0.010787,0.338942,4.328469,0.774056,32.302430
2.277851,0.029199,-2.382280,-0.235670,0.218486,0.013958,0.010335,0.324068,4.304242,0.758137,32.338712
2.270462,0.028056,-2.389021,-0.236794,0.210273,0.014717,0.010387,0.324554,4.278983,0.749429,32.376359
2.263076,0.027070,-2.397565,-0.234996,0.202936,0.015565,0.010582,0.329525,4.255251,0.739011,32.414923
2.256110,0.026526,-2.397454,-0.232799,0.195931,0.015951,0.010458,0.324640,4.230962,0.730505,32.454077
2.249148,0.025788,-2.398760,-0.231426,0.189639,0.017015,0.010873,0.336014,4.206583,0.724427,32.493223
2.242907,0.025472,-2.386443,-0.231968,0.183437,0.009486,0.004334,0.185826,4.183984,0.721506,32.533133
2.228546,0.018062,-2.529237,-0.229209,0.180861,-0.000796,-0.000320,-0.005959,4.158099,0.718179,32.572287
2.204468,0.011544,-2.836917,-0.224667,0.180327,-0.001191,-0.000675,-0.017667,4.132031,0.716854,32.612028
2.181016,0.012933,-3.070292,-0.220697,0.181999,-0.001642,-0.001064,-0.028772,4.107060,0.717383,32.654082
2.157906,0.017378,-3.228467,-0.216394,0.184926,-0.002322,-0.001537,-0.042740,4.082744,0.719345,32.696587
2.134859,0.022085,-3.328117,-0.214028,0.187141,-0.001854,-0.000824,-0.028556,4.058307,0.721717,32.738879
2.112774,0.026688,-3.363483,-0.213857,0.189293,-0.000836,-0.000135,0.000286,4.034253,0.725708,32.780688
2.091962,0.029534,-3.345124,-0.214286,0.190948,-0.000989,-0.000117,0.001599,4.011899,0.731074,32.822810
2.071412,0.029329,-3.320309,-0.215129,0.192853,-0.000789,-0.000015,0.003771,3.988689,0.736855,32.864992
2.051563,0.027117,-3.296598,-0.217346,0.194624,-0.000856,0.000214,0.011054,3.966236,0.744174,32.906705
2.032171,0.023741,-3.276948,-0.222148,0.195213,-0.000317,0.000764,0.026249,3.940339,0.761099,32.947942
2.013520,0.019861,-3.262871,-0.228699,0.194639,0.000066,0.001413,0.046428,3.925777,0.760124,32.992272
1.995204,0.015834,-3.254249,-0.231901,0.196603,0.000350,0.001818,0.057287,3.904206,0.768199,33.032645
1.977680,0.012010,-3.249814,-0.236346,0.198219,0.000514,0.002230,0.069491,3.884768,0.777774,33.066592
1.960678,0.008390,-3.250456,-0.240171,0.200063,0.000742,0.002757,0.084637,3.866443,0.787412,33.101353
1.944256,0.005226,-3.250127,-0.243080,0.202612,0.000684,0.003107,0.095057,3.849419,0.798500,33.135275
1.928300,0.002306,-3.250274,-0.245807,0.205765,0.000574,0.003445,0.105074,3.832991,0.810855,33.168044
1.912798,-0.000403,-3.250376,-0.247949,0.209993,0.000430,0.003739,0.113363,3.814834,0.821904,33.200273
1.897867,-0.002922,-3.250267,-0.249802,0.215055,0.000060,0.003862,0.117381,3.798799,0.835139,33.231471
1.883353,-0.005422,-3.253385,-0.250574,0.220612,-0.000011,0.004101,0.123010,3.774137,0.859990,33.261561
1.869692,-0.007591,-3.254471,-0.252766,0.224508,-0.001063,0.004256,0.131658,3.767898,0.859198,33.297028
1.855590,-0.009755,-3.254094,-0.249308,0.232443,-0.001734,0.004081,0.125282,3.753366,0.874386,33.326884
1.842374,-0.011711,-3.251961,-0.245013,0.240128,-0.003056,0.003763,0.117488,3.739974,0.888981,33.348500
1.829437,-0.013513,-3.246037,-0.239352,0.248005,-0.004335,0.003099,0.099333,3.726158,0.903899,33.372810
1.816959,-0.015394,-3.241700,-0.233103,0.255612,-0.005484,0.002361,0.078454,3.711333,0.921334,33.396537
1.805098,-0.017174,-3.237443,-0.225201,0.263253,-0.005044,0.000399,0.029723,3.702758,0.936064,33.419975
1.795593,-0.019748,-3.251973,-0.215935,0.271183,-0.002043,-0.000745,-0.021429,3.692721,0.951394,33.441386
1.791201,-0.021119,-3.274050,-0.205688,0.278886,-0.002680,-0.001837,-0.048084,3.681916,0.968038,33.460254
1.788169,-0.021078,-3.266468,-0.193997,0.286674,-0.002814,-0.001709,-0.059156,3.670190,0.989130,33.479253
1.786962,-0.019079,-3.210143,-0.181422,0.294209,-0.001989,-0.001122,-0.037601,3.658346,1.008464,33.500639
1.788339,-0.016002,-3.078637,-0.169954,0.301131,-0.001892,-0.001088,-0.036566,3.646192,1.028179,33.522982
1.791177,-0.014119,-2.925450,-0.159283,0.307213,-0.002356,-0.001072,-0.033912,3.640751,1.045211,33.545157
1.794774,-0.013138,-2.763760,-0.149408,0.312890,-0.001670,-0.000975,-0.033323,3.630719,1.066405,33.566056
1.800172,-0.012635,-2.605590,-0.138789,0.317416,-0.001889,-0.001071,-0.037291,3.622773,1.086845,33.586658
1.806401,-0.012119,-2.449661,-0.128560,0.321253,-0.001721,-0.001044,-0.037212,3.615555,1.107470,33.608590
1.813670,-0.011388,-2.293824,-0.117939,0.324578,-0.001946,-0.002424,-0.069087,3.607948,1.128858,33.630546
1.821500,-0.011751,-2.166506,-0.106535,0.326865,-0.002870,-0.004989,-0.146251,3.601302,1.150860,33.653299
1.829153,-0.013064,-2.095010,-0.094156,0.328219,-0.003674,-0.007946,-0.235831,3.594411,1.172584,33.676485
1.836710,-0.014089,-2.057896,-0.081063,0.328986,-0.002610,-0.003732,-0.163656,3.586990,1.195292,33.699708
1.845928,-0.007121,-1.868152,-0.068035,0.329024,-0.001489,-0.003411,-0.101250,3.580207,1.217211,33.723160
1.856277,-0.002934,-1.596349,-0.056261,0.328490,-0.001171,-0.002061,-0.091378,3.572227,1.239242,33.746501
1.866893,-0.000115,-1.348260,-0.044019,0.327744,-0.000788,-0.001045,-0.046287,3.566050,1.262800,33.769350
1.877863,0.002342,-1.075276,-0.030629,0.326867,-0.000808,-0.001126,-0.050333,3.560528,1.285232,33.792794
1.888731,0.003618,-0.830303,-0.017321,0.326209,-0.000596,-0.001102,-0.050695,3.554261,1.310029,33.816718
1.899728,0.004913,-0.597835,-0.002779,0.325610,-0.000637,-0.001204,-0.055373,3.549826,1.333602,33.841514
1.910509,0.006564,-0.365769,0.011836,0.325905,-0.000518,-0.001198,-0.055837,3.541951,1.356759,33.866304
1.921233,0.008431,-0.128101,0.027024,0.328148,-0.000594,-0.001242,-0.058105,3.537523,1.380909,33.890797
1.931800,0.010342,0.115601,0.043051,0.332469,-0.000569,-0.003970,-0.122756,3.529076,1.404924,33.915542
1.942382,0.009631,0.306120,0.059213,0.338335,-0.000674,-0.008009,-0.248780,3.522135,1.428793,33.940475
1.952827,0.007187,0.403297,0.075011,0.346052,-0.000729,-0.011729,-0.364011,3.515858,1.452875,33.966282
1.963104,0.005236,0.452365,0.091128,0.354216,-0.000763,-0.005158,-0.237550,3.509106,1.478064,33.992151
1.973114,0.014148,0.716041,0.106915,0.362168,-0.000480,-0.001122,-0.051743,3.492599,1.501197,34.018732
1.983477,0.021756,1.172219,0.118211,0.370224,-0.000667,-0.000793,-0.037521,3.483358,1.526684,34.047492
1.994186,0.021693,1.529049,0.128247,0.378612,-0.000779,-0.000639,-0.031782,3.469870,1.549638,34.077658
2.005050,0.019104,1.798991,0.135431,0.387311,-0.000898,-0.000459,-0.023558,3.454162,1.573035,34.108222
2.016072,0.015688,2.001792,0.140859,0.396313,-0.001150,-0.000942,-0.031635,3.437575,1.595911,34.139721
2.027124,0.011511,2.139455,0.144728,0.405799,-0.001956,-0.001757,-0.058508,3.422366,1.618546,34.173177
2.037769,0.007045,2.211583,0.147718,0.415460,-0.002611,-0.002155,-0.071890,3.406538,1.641847,34.207057
2.048108,0.003584,2.252582,0.150757,0.424675,-0.002377,-0.001064,-0.052988,3.389980,1.664176,34.241227
2.059043,0.002482,2.309808,0.152230,0.433353,-0.001111,-0.000014,-0.004666,3.371562,1.685569,34.276756
2.071781,0.001780,2.402707,0.150861,0.441660,-0.001294,0.000170,0.003247,3.351432,1.705614,34.312492
2.085080,-0.000893,2.463088,0.147827,0.448819,-0.001285,0.000268,0.007847,3.331186,1.726127,34.348799
2.099021,-0.004430,2.487051,0.144130,0.454807,-0.001217,0.000304,0.010080,3.309742,1.745163,34.386110
2.113476,-0.007980,2.480821,0.139473,0.459938,-0.001564,0.000898,0.025285,3.285093,1.764641,34.424102
2.128067,-0.010649,2.462917,0.135169,0.464342,-0.001460,0.000583,0.024471,3.260591,1.783184,34.462746
2.143148,-0.013501,2.425058,0.129732,0.467653,-0.001124,0.000485,0.018423,3.234352,1.800378,34.502653
2.158940,-0.016069,2.361660,0.124590,0.469143,-0.000927,0.000494,0.018886,3.207560,1.816890,34.543272
2.175041,-0.017816,2.290730,0.119327,0.468632,-0.001050,0.001065,0.031812,3.181647,1.831252,34.583535
2.191042,-0.018452,2.227228,0.114047,0.466350,-0.000773,0.000692,0.033113,3.152092,1.846353,34.622241
2.207164,-0.019614,2.157906,0.109109,0.460798,-0.000329,0.000989,0.030815,3.121698,1.859922,34.660504
2.223170,-0.020158,2.082223,0.104408,0.450798,0.000310,0.001904,0.061673,3.091571,1.873902,34.698684
2.238827,-0.019565,2.037568,0.101913,0.440798,0.001150,0.002282,0.075817,3.058160,1.885183,34.734279
2.254210,-0.019123,2.012021,0.099409,0.430798,0.000668,0.000831,0.046662,3.025693,1.894644,34.769500
2.268079,-0.020971,1.953878,0.100062,0.420798,0.000099,-0.000017,-0.002209,2.992186,1.905436,34.804972
2.279952,-0.021887,1.874473,0.101522,0.410798,0.000404,-0.000265,-0.009820,2.958481,1.915727,34.840079
2.290800,-0.021037,1.828972,0.109392,0.400798,0.001977,-0.001758,-0.058625,2.924110,1.925281,34.875400
2.301481,-0.019988,1.808168,0.122265,0.390798,0.001928,-0.001355,-0.071425,2.890045,1.933493,34.911026
2.309968,-0.016624,1.866620,0.137330,0.380798,0.000602,-0.000776,-0.042317,2.854583,1.940969,34.946836
2.314868,-0.013356,2.027066,0.153368,0.370798,0.000657,-0.000770,-0.041096,2.819256,1.947540,34.982315
2.317461,-0.012809,2.221942,0.169468,0.360798,0.000758,-0.000693,-0.036879,2.783841,1.952662,35.018500
2.317644,-0.014537,2.429250,0.182489,0.350798,0.000661,-0.000501,-0.026471,2.747881,1.956140,35.055067
2.315365,-0.018289,2.627539,0.192452,0.340798,0.001385,-0.001051,-0.034521,2.711662,1.957523,35.091670
2.311619,-0.024280,2.782730,0.200114,0.330798,0.003014,-0.001832,-0.058910,2.677646,1.959380,35.128614
2.307398,-0.031270,2.878171,0.205209,0.320798,0.002307,-0.000857,-0.038900,2.640458,1.955615,35.164744
2.300578,-0.036107,2.965098,0.208595,0.310798,0.000903,-0.000256,-0.008961,2.604332,1.949698,35.201588
2.290742,-0.039975,3.056345,0.208122,0.301277,0.001214,-0.000140,-0.005295,2.569018,1.942391,35.241112
2.280144,-0.044059,3.116015,0.205154,0.295333,-0.000213,0.000177,0.005505,2.534246,1.931713,35.282281
2.267648,-0.047489,3.152635,0.199763,0.291255,-0.000489,0.000299,0.010118,2.500784,1.919279,35.324966
2.254921,-0.050209,3.159542,0.192402,0.289893,-0.000765,0.000409,0.014428,2.468560,1.904869,35.369093
2.242505,-0.051896,3.137744,0.182983,0.290058,-0.000961,0.000537,0.019928,2.437265,1.887866,35.414453
2.230927,-0.052417,3.087959,0.169866,0.291626,-0.001286,0.000839,0.032240,2.408097,1.869222,35.461079
2.220630,-0.051890,3.007575,0.154437,0.294697,-0.001445,0.001059,0.042611,2.380071,1.848574,35.508975
2.212191,-0.050621,2.886994,0.136799,0.298101,-0.001509,0.001328,0.055577,2.353662,1.826146,35.557572
2.205920,-0.048630,2.720724,0.117858,0.302174,-0.001539,0.001455,0.063908,2.330022,1.803579,35.607091
2.201955,-0.046061,2.501305,0.099095,0.305963,-0.001313,0.001499,0.069519,2.306524,1.778322,35.656879
2.200364,-0.042628,2.236326,0.081392,0.308729,-0.001202,0.001508,0.070247,2.285641,1.753659,35.706294
2.200677,-0.038283,1.941461,0.064671,0.311129,-0.001437,0.003801,0.124120,2.263733,1.726632,35.754650
2.202251,-0.031102,1.688268,0.049298,0.314330,-0.002535,0.007543,0.245105,2.242711,1.699888,35.801995
2.204030,-0.022487,1.544163,0.035212,0.318569,-0.003376,0.010800,0.354051,2.224037,1.674329,35.848047
2.206097,-0.016076,1.463359,0.020809,0.324131,-0.004010,0.014436,0.474565,2.203492,1.646173,35.890531
2.208483,-0.011841,1.425328,0.004989,0.330514,-0.003312,0.007919,0.373716,2.184507,1.618714,35.929991
2.212317,-0.019952,1.175757,-0.010104,0.337652,-0.000898,0.001552,0.075139,2.164864,1.591846,35.966541
2.219171,-0.029097,0.597471,-0.021950,0.344675,-0.000809,0.001148,0.054672,2.145600,1.564995,35.998337
2.226869,-0.026113,0.143744,-0.032757,0.351555,-0.000816,0.001227,0.057444,2.127236,1.537775,36.025186
2.235220,-0.019835,-0.187710,-0.044408,0.358334,-0.000768,0.001223,0.058833,2.109411,1.510867,36.051103
2.243985,-0.014692,-0.451992,-0.057873,0.365234,-0.000813,0.003293,0.109038,2.092494,1.485492,36.078787
2.252813,-0.009379,-0.645730,-0.071424,0.372443,-0.000740,0.003954,0.161564,2.072057,1.457445,36.106531
2.261662,-0.006373,-0.796472,-0.084743,0.379281,-0.000691,0.002480,0.087082,2.053505,1.433015,36.136424
2.270389,-0.006867,-1.050099,-0.097592,0.386513,-0.000483,0.005346,0.180950,2.032280,1.405041,36.167505
2.279237,-0.002347,-1.194959,-0.111066,0.393458,-0.000453,0.004085,0.185896,2.010725,1.378751,36.199814
2.287631,-0.001566,-1.355022,-0.122682,0.400002,0.000674,0.002534,0.041054,1.985638,1.348334,36.234218
2.296845,-0.001784,-1.667530,-0.132405,0.405172,-0.001513,0.002533,0.134898,1.969030,1.328917,36.271394
2.303554,0.002609,-1.823062,-0.140030,0.410953,-0.000527,0.002880,0.126693,1.947422,1.306238,36.307026
2.310930,0.007075,-1.961545,-0.145801,0.415899,-0.000554,0.000388,0.019365,1.922205,1.280978,36.339150
2.317965,0.008982,-2.178167,-0.147835,0.419519,-0.000871,0.000185,0.010045,1.897963,1.256611,36.375243
2.324642,0.014394,-2.335004,-0.149178,0.422266,-0.000998,0.000404,0.016593,1.871554,1.234076,36.414258
2.330924,0.021081,-2.428256,-0.149066,0.424658,-0.001254,0.000322,0.015581,1.844447,1.212766,36.453394
2.336705,0.027128,-2.479063,-0.148008,0.426784,-0.001373,0.000064,0.008433,1.816056,1.193204,36.492381
2.342216,0.031903,-2.505164,-0.145934,0.428685,-0.000891,-0.000232,-0.006478,1.786994,1.173295,36.532127
2.348205,0.035553,-2.520162,-0.143103,0.429975,-0.000816,-0.000435,-0.012542,1.755370,1.150927,36.572560
2.354326,0.038569,-2.517283,-0.141479,0.430949,-0.001291,-0.000685,-0.019734,1.725520,1.134549,36.613953
2.359934,0.040559,-2.510684,-0.139730,0.431425,-0.001377,-0.000906,-0.027886,1.694366,1.117911,36.654024
2.365448,0.041891,-2.503412,-0.137927,0.430998,-0.001219,-0.000674,-0.026438,1.662072,1.103173,36.692570
2.371046,0.043282,-2.486858,-0.135511,0.429453,-0.000570,-0.000381,-0.010934,1.627209,1.089214,36.731260
2.377201,0.044626,-2.446182,-0.133597,0.426619,-0.000463,-0.000643,-0.020197,1.592982,1.075258,36.770321
2.383184,0.044685,-2.416521,-0.133588,0.423103,-0.000122,-0.000503,-0.018160,1.557306,1.062703,36.808572
2.389032,0.044389,-2.395473,-0.134483,0.418026,0.000056,0.000061,0.004932,1.522279,1.052325,36.846040
2.394401,0.044386,-2.364377,-0.135744,0.411428,0.000795,0.000272,0.010242,1.482348,1.042461,36.883298
2.399673,0.043843,-2.345406,-0.140588,0.402709,0.001644,0.001109,0.035041,1.449458,1.035072,36.921780
2.404431,0.043396,-2.334333,-0.145066,0.392910,0.003351,0.001592,0.052509,1.412995,1.028777,36.959921
2.409437,0.042913,-2.332643,-0.148642,0.382910,0.004806,0.002102,0.070911,1.373415,1.023312,36.996241
2.414500,0.042842,-2.331919,-0.155107,0.372910,0.005550,0.002306,0.085625,1.335176,1.019173,37.035038
2.418628,0.042367,-2.346750,-0.163911,0.362910,0.001310,0.001039,0.035899,1.297184,1.015655,37.074797
2.416639,0.040315,-2.445532,-0.172153,0.352923,0.002791,0.001927,0.064965,1.261887,1.014459,37.113313
2.414421,0.041519,-2.521924,-0.178411,0.344584,0.002499,0.001124,0.054180,1.224862,1.015645,37.150377
2.410388,0.042631,-2.606733,-0.185359,0.337904,0.000321,0.000218,0.012788,1.186963,1.014309,37.186833
2.402805,0.043708,-2.729181,-0.192995,0.332253,0.000839,0.000705,0.024416,1.150366,1.015772,37.224133
2.394407,0.046999,-2.827024,-0.201003,0.328057,0.002026,0.001423,0.047227,1.113331,1.020034,37.262262
2.385891,0.051250,-2.890721,-0.208738,0.325013,0.002997,0.001996,0.065107,1.075795,1.026564,37.300578
2.377172,0.055155,-2.929552,-0.215710,0.322928,0.003813,0.002483,0.080623,1.040466,1.033795,37.339996
2.368316,0.058200,-2.949279,-0.224436,0.321681,0.004468,0.003007,0.097656,1.011155,1.047087,37.380689
2.359175,0.060130,-2.956543,-0.223622,0.320716,0.003216,0.001592,0.065461,0.975681,1.061142,37.420224
2.348798,0.059615,-2.986803,-0.226705,0.322152,-0.000416,-0.000005,0.004025,0.945488,1.073835,37.461010
2.334842,0.057642,-3.076641,-0.226284,0.324903,-0.000393,-0.000016,0.000789,0.912113,1.091232,37.502691
2.321466,0.057953,-3.150699,-0.228047,0.328820,-0.000442,-0.000009,0.002911,0.880498,1.103511,37.544987
2.308385,0.059269,-3.206651,-0.228021,0.332387,-0.000460,-0.000035,-0.000002,0.841410,1.118066,37.588207
2.295740,0.060836,-3.248182,-0.227325,0.334976,-0.001330,-0.000228,-0.002207,0.823544,1.144303,37.631951
2.282637,0.062058,-3.276186,-0.214851,0.336717,-0.001044,-0.000480,-0.017155,0.792044,1.163046,37.676099
2.271224,0.063371,-3.281524,-0.205349,0.340263,-0.001393,-0.000729,-0.020879,0.768361,1.188527,37.719395
2.260795,0.064110,-3.260759,-0.194180,0.343317,-0.002850,-0.001778,-0.053003,0.747446,1.214996,37.763579
2.250448,0.063209,-3.241004,-0.180247,0.346342,-0.003227,-0.001924,-0.071925,0.722851,1.239285,37.808198
2.241588,0.062595,-3.196279,-0.166720,0.349448,-0.001823,-0.001688,-0.051259,0.703312,1.268925,37.852001
2.235961,0.062138,-3.086683,-0.152453,0.352433,-0.003378,-0.003713,-0.115368,0.683587,1.298427,37.895582
2.230657,0.058225,-3.003562,-0.139248,0.355231,-0.003066,-0.002399,-0.105611,0.668788,1.329108,37.939572
2.227554,0.056393,-2.867651,-0.125455,0.358166,-0.001779,-0.002368,-0.073786,0.655968,1.360439,37.982531
2.227516,0.053703,-2.661324,-0.112610,0.361079,-0.003188,-0.004739,-0.150335,0.647955,1.392563,38.024419
2.227753,0.046600,-2.517622,-0.099483,0.364148,-0.002833,-0.003071,-0.140583,0.637524,1.426922,38.064028
2.230114,0.043216,-2.329783,-0.087635,0.366893,-0.001477,-0.002591,-0.083029,0.621658,1.458823,38.101104
2.235162,0.039905,-2.069269,-0.081630,0.369218,-0.002171,-0.003892,-0.125722,0.608373,1.492019,38.136457
2.240366,0.032349,-1.906949,-0.078770,0.370897,-0.002486,-0.004505,-0.146090,0.600670,1.526143,38.170762
2.245891,0.025254,-1.815983,-0.073855,0.372025,-0.001786,-0.001977,-0.098518,0.586382,1.559237,38.205606
2.252702,0.023788,-1.686815,-0.072339,0.372677,-0.000687,-0.000385,-0.011180,0.577162,1.594012,38.240475
2.260743,0.022605,-1.514058,-0.072779,0.373103,-0.000703,-0.000273,-0.007493,0.569401,1.627904,38.275432
2.268744,0.018835,-1.414704,-0.072653,0.373476,-0.000797,-0.000309,-0.008739,0.561234,1.661474,38.310405
2.276701,0.015403,-1.364254,-0.073500,0.374156,-0.000780,-0.000112,-0.002361,0.551609,1.694700,38.345333
2.284682,0.013122,-1.342166,-0.074927,0.375044,-0.000722,0.000216,0.008468,0.541271,1.729626,38.379622
2.292670,0.011914,-1.334780,-0.077110,0.376037,-0.000784,0.000703,0.025004,0.531432,1.763025,38.414073
2.300484,0.011457,-1.334069,-0.080370,0.377399,-0.000723,0.001425,0.049318,0.520579,1.795698,38.448884
2.308196,0.011460,-1.335987,-0.084164,0.378788,-0.000694,0.002126,0.073290,0.509223,1.827985,38.483097
2.315733,0.011592,-1.342513,-0.089995,0.380502,-0.000468,0.003326,0.113776,0.499022,1.862642,38.517286
2.323179,0.011953,-1.348950,-0.097426,0.382123,-0.000164,0.005017,0.170672,0.490845,1.896587,38.551251
2.330467,0.012618,-1.348113,-0.104669,0.383606,0.000166,0.006438,0.218620,0.480357,1.929670,38.585883
2.337587,0.013108,-1.347795,-0.113927,0.384970,0.000689,0.007984,0.270988,0.472321,1.964445,38.620421
2.344552,0.013342,-1.353929,-0.124525,0.385706,0.001387,0.009625,0.325710,0.467047,1.999276,38.654584
2.351326,0.013561,-1.365387,-0.134948,0.385672,0.002334,0.011721,0.395993,0.457597,2.034213,38.689842
2.358083,0.014492,-1.360234,-0.148750,0.384963,0.003297,0.012896,0.434657,0.453670,2.068087,38.725502
2.364401,0.014185,-1.383551,-0.160728,0.383519,0.004907,0.015309,0.514167,0.447239,2.104416,38.760683
2.371037,0.015539,-1.372567,-0.173963,0.381580,0.006200,0.016491,0.552865,0.444382,2.141092,38.796166
2.377428,0.015856,-1.373423,-0.186642,0.379111,0.004248,0.007125,0.346765,0.441690,2.176363,38.832451
2.380358,0.005613,-1.620699,-0.194807,0.376281,0.000593,0.000734,0.024389,0.444493,2.213101,38.868784
2.378938,-0.001658,-2.165185,-0.194228,0.373432,0.000239,0.000258,0.014331,0.447366,2.249135,38.905114
2.377238,0.005508,-2.559328,-0.190862,0.371846,-0.000648,-0.000395,-0.011453,0.452235,2.284800,38.941605
2.374357,0.017955,-2.821577,-0.186615,0.370944,-0.000682,-0.000374,-0.015559,0.456904,2.321817,38.977213
2.370933,0.031883,-2.963626,-0.183199,0.370631,-0.000772,-0.000461,-0.012047,0.467552,2.356786,39.012081
2.366800,0.044104,-3.020356,-0.179910,0.370749,-0.001044,-0.000756,-0.022339,0.471118,2.391557,39.047182
2.361966,0.053118,-3.037184,-0.178385,0.371993,-0.000969,-0.000478,-0.017418,0.484414,2.427180,39.081895
2.356982,0.059503,-3.023265,-0.178682,0.373478,-0.000629,-0.000070,0.001327,0.492379,2.460136,39.117635
2.352184,0.063288,-2.983834,-0.179763,0.376268,-0.000680,-0.000038,0.003323,0.504728,2.493040,39.154621
2.347446,0.064191,-2.948579,-0.180863,0.379508,-0.000657,0.000019,0.003785,0.512804,2.526863,39.191715
2.343061,0.063363,-2.922481,-0.182109,0.383066,-0.000862,0.000123,0.007833,0.537837,2.558047,39.228842
2.338900,0.061740,-2.903121,-0.182492,0.386357,-0.001241,0.000142,0.008933,0.555616,2.587252,39.268702
2.334870,0.059823,-2.890444,-0.180823,0.390634,-0.001799,-0.000033,0.003635,0.575500,2.615514,39.310634
2.331084,0.057955,-2.883004,-0.177121,0.395561,-0.002700,-0.000443,-0.008788,0.596818,2.641668,39.352283
2.327430,0.056292,-2.879320,-0.172832,0.400799,-0.003538,-0.000938,-0.024948,0.621448,2.669036,39.394579
2.324039,0.054891,-2.878965,-0.166393,0.405986,-0.004645,-0.001733,-0.050090,0.648052,2.694099,39.438155
2.320802,0.053769,-2.880071,-0.159131,0.411339,-0.005859,-0.002705,-0.081226,0.674555,2.718292,39.484443
2.317675,0.052869,-2.882239,-0.150191,0.416669,-0.004881,-0.001991,-0.079029,0.705609,2.739700,39.531926
2.316966,0.054151,-2.841080,-0.141255,0.421705,-0.001213,-0.000687,-0.027851,0.735218,2.760976,39.580361
2.321210,0.056392,-2.713857,-0.132832,0.426261,-0.001160,-0.000698,-0.028322,0.767187,2.780286,39.629766
2.326643,0.055761,-2.577302,-0.125290,0.430373,-0.001430,-0.001284,-0.039986,0.797978,2.799390,39.678912
2.332937,0.052593,-2.453350,-0.119139,0.434026,-0.002236,-0.002274,-0.073042,0.830837,2.816413,39.726897
2.339484,0.047822,-2.370360,-0.112446,0.437252,-0.003221,-0.003602,-0.117266,0.862778,2.833305,39.773754
2.346093,0.043159,-2.325282,-0.106446,0.440450,-0.003875,-0.004616,-0.151525,0.897062,2.848336,39.818044
2.352969,0.039870,-2.298819,-0.101243,0.443110,-0.004500,-0.005592,-0.185288,0.932416,2.864059,39.858627
2.359915,0.037790,-2.286563,-0.098936,0.445790,-0.004903,-0.006038,-0.200969,0.968164,2.878248,39.901446
2.366880,0.036721,-2.282824,-0.096750,0.448057,-0.005436,-0.006608,-0.219679,1.003690,2.889323,39.944185
2.373601,0.036270,-2.287449,-0.094388,0.450332,-0.005899,-0.007179,-0.239422,1.038827,2.903774,39.982186
2.380156,0.036394,-2.295920,-0.095299,0.452913,-0.006075,-0.006979,-0.232840,1.074894,2.918074,40.019096
2.386600,0.037021,-2.303016,-0.097896,0.455611,-0.006054,-0.006321,-0.210823,1.112417,2.929273,40.056150
2.393015,0.038004,-2.304687,-0.098178,0.458214,-0.006522,-0.006361,-0.211387,1.147713,2.942495,40.093772
2.399047,0.038809,-2.308824,-0.101448,0.460931,-0.006356,-0.005586,-0.185660,1.185174,2.955058,40.131036
2.405141,0.039796,-2.308722,-0.103455,0.463246,-0.006659,-0.005312,-0.175167,1.221642,2.964216,40.168504
2.410868,0.040532,-2.311923,-0.103749,0.465871,-0.006886,-0.005232,-0.172509,1.257777,2.976460,40.206412
2.416461,0.041340,-2.314071,-0.105335,0.468455,-0.006824,-0.004810,-0.158933,1.296990,2.988833,40.243752
2.422131,0.042255,-2.312682,-0.107158,0.470442,-0.006995,-0.004549,-0.149542,1.336186,3.000214,40.282163
2.427551,0.042939,-2.314448,-0.107821,0.472397,-0.007124,-0.004348,-0.142527,1.373095,3.010434,40.321980
2.432856,0.043727,-2.313395,-0.107178,0.474643,-0.007413,-0.004457,-0.145959,1.410329,3.016688,40.361158
2.438011,0.044425,-2.312375,-0.103514,0.477084,-0.007991,-0.005192,-0.171567,1.449940,3.026584,40.399046
2.442980,0.045003,-2.314012,-0.102786,0.479672,-0.008260,-0.005314,-0.176141,1.490525,3.035060,40.438074
2.447878,0.045646,-2.315463,-0.101604,0.481780,-0.008563,-0.005529,-0.183538,1.530789,3.042642,40.478887
2.452645,0.046308,-2.316588,-0.099103,0.483975,-0.008836,-0.005958,-0.199254,1.573218,3.049691,40.520038
2.457416,0.047004,-2.316939,-0.094295,0.485392,-0.009378,-0.006863,-0.230972,1.613855,3.055428,40.561711
2.462009,0.047671,-2.316674,-0.087418,0.486850,-0.006161,-0.002992,-0.157695,1.653652,3.059605,40.603827
2.470301,0.053505,-2.195710,-0.078895,0.488138,-0.000810,-0.000652,-0.034080,1.696792,3.061749,40.645182
2.484340,0.057821,-1.926126,-0.074270,0.488645,-0.000713,-0.000396,-0.019882,1.736916,3.064896,40.687608
2.498710,0.054524,-1.697909,-0.069061,0.488721,-0.000603,-0.000421,-0.021282,1.777949,3.066933,40.730466
2.513589,0.048249,-1.519290,-0.062525,0.488445,-0.000616,-0.000495,-0.027558,1.822076,3.068480,40.772021
2.528872,0.042198,-1.373337,-0.058458,0.487537,-0.000487,-0.000338,-0.018141,1.863456,3.068427,40.815556
2.544408,0.036985,-1.252101,-0.052222,0.486486,-0.000522,-0.000498,-0.027991,1.904581,3.068266,40.859362
2.560018,0.033069,-1.147924,-0.045236,0.485159,-0.000510,-0.000548,-0.032294,1.946905,3.066101,40.901711
2.575691,0.030527,-1.039997,-0.038152,0.483821,-0.000440,-0.000556,-0.033224,1.990529,3.063884,40.944161
2.591367,0.028642,-0.922984,-0.032458,0.482183,-0.000333,-0.000447,-0.027301,2.035795,3.064142,40.988109
2.606981,0.026635,-0.803459,-0.029838,0.479902,-0.000242,-0.000212,-0.012754,2.080326,3.063156,41.033152
2.622334,0.023909,-0.699781,-0.027313,0.477190,-0.000294,-0.000202,-0.012127,2.123037,3.061520,41.078770
2.637219,0.020963,-0.621451,-0.025518,0.473748,-0.000196,-0.000138,-0.008700,2.167308,3.059974,41.123834
2.651702,0.018384,-0.561851,-0.024599,0.469196,-0.000232,-0.000072,-0.004475,2.209210,3.054706,41.168438
2.665502,0.016205,-0.519437,-0.022114,0.464370,0.000015,-0.000561,-0.020869,2.252362,3.056570,41.212492
2.678864,0.014412,-0.493723,-0.021402,0.458421,0.000784,-0.000722,-0.027351,2.300183,3.054564,41.255714
2.692181,0.013105,-0.482462,-0.020780,0.451692,0.001262,-0.000815,-0.031266,2.345850,3.052489,41.301655
2.705106,0.012415,-0.477090,-0.019246,0.444483,0.001945,-0.001155,-0.044492,2.391287,3.049875,41.348797
2.717762,0.012110,-0.475683,-0.016999,0.436995,0.002630,-0.001635,-0.063238,2.436925,3.047477,41.394989
2.730147,0.012100,-0.475229,-0.014827,0.428105,0.003522,-0.002141,-0.083019,2.482126,3.044788,41.441388
2.742321,0.012200,-0.476447,-0.010489,0.418105,0.004259,-0.002987,-0.116198,2.526782,3.040724,41.487798
2.754035,0.012544,-0.472862,-0.004186,0.408105,0.005095,-0.004254,-0.165861,2.571422,3.037059,41.533339
2.765390,0.012895,-0.465005,0.001776,0.398105,0.003058,-0.001191,-0.108458,2.615111,3.035137,41.578037
2.773489,0.017379,-0.350348,0.006372,0.388105,0.000546,-0.000981,-0.036606,2.660983,3.031437,41.622893
2.777908,0.017771,-0.163096,0.009710,0.378105,0.000945,-0.000735,-0.046844,2.705547,3.026943,41.668041
2.781697,0.014000,-0.030037,0.013193,0.368105,0.000421,-0.000693,-0.028272,2.748524,3.021109,41.713038
2.783873,0.009584,0.092531,0.017587,0.358105,0.000954,-0.000604,-0.041270,2.795419,3.018606,41.757603
2.785481,0.005378,0.184351,0.022012,0.348105,0.000532,-0.000929,-0.036220,2.839928,3.015006,41.802448
2.785536,0.001675,0.276038,0.025790,0.338105,0.000624,-0.000428,-0.035913,2.883130,3.013589,41.847885
2.784564,-0.001129,0.358201,0.028405,0.328105,0.000203,-0.000199,-0.012868,2.928818,3.011188,41.891999
2.782097,-0.003771,0.448138,0.030791,0.318105,0.000136,-0.000136,-0.011497,2.973264,3.009277,41.936134
2.778484,-0.006783,0.519950,0.032655,0.308105,0.000082,-0.000108,-0.008717,3.016509,3.007454,41.980943
2.773777,-0.009608,0.576680,0.031877,0.298105,0.000390,0.000169,0.006267,3.059809,3.006152,42.024108
2.768426,-0.012269,0.614315,0.029714,0.288105,0.001283,0.000605,0.023403,3.103347,3.005299,42.066511
2.763061,-0.014485,0.630996,0.026605,0.278105,0.001978,0.001264,0.048853,3.141783,3.002275,42.109830
2.757519,-0.015921,0.635882,0.022532,0.268105,0.003034,0.002119,0.082419,3.183563,3.001338,42.151377
2.752174,-0.016697,0.634433,0.016127,0.258967,0.003745,0.003468,0.134449,3.224586,3.001480,42.191545
2.746822,-0.017039,0.628393,0.008127,0.250665,0.004477,0.005187,0.200718,3.265558,3.003522,42.231469
2.741540,-0.017063,0.620038,-0.003262,0.243388,0.005093,0.007610,0.293885,3.306081,3.006065,42.271761
2.736260,-0.016967,0.607729,-0.015621,0.236674,0.002983,0.002560,0.208022,3.345200,3.009323,42.312001
2.728185,-0.024410,0.406225,-0.028073,0.229944,0.000113,0.002684,0.101274,3.384365,3.011554,42.351509
2.716587,-0.025295,0.058546,-0.037136,0.222470,0.001061,0.004590,0.175577,3.423142,3.013690,42.390886
2.705340,-0.016939,-0.154405,-0.047672,0.215014,0.002057,0.007069,0.265594,3.460241,3.016746,42.428645
2.694234,-0.007697,-0.263966,-0.059623,0.207474,0.003239,0.009231,0.347229,3.496842,3.019581,42.465539
2.683126,-0.001229,-0.327084,-0.072507,0.200192,0.004788,0.011949,0.446181,3.535410,3.022157,42.501650
2.672254,0.003253,-0.351171,-0.086728,0.193088,0.006470,0.015260,0.564730,3.568643,3.023903,42.538134
2.661583,0.006350,-0.337657,-0.100910,0.186688,0.008163,0.017795,0.654118,3.602007,3.025244,42.573468
2.651069,0.007343,-0.324168,-0.115512,0.180676,0.009455,0.019257,0.703077,3.636554,3.025997,42.606385
2.640315,0.006446,-0.347302,-0.130469,0.175003,0.011223,0.021804,0.791118,3.668762,3.025371,42.639157
2.629747,0.006762,-0.352671,-0.143847,0.169700,0.012772,0.023324,0.841311,3.701546,3.024125,42.671345
2.619226,0.006657,-0.365197,-0.156288,0.164832,0.014522,0.025437,0.910674,3.732211,3.021761,42.703372
2.609095,0.007402,-0.352210,-0.168589,0.160768,0.015789,0.026363,0.938407,3.762578,3.018531,42.734426
2.598891,0.006989,-0.355767,-0.179535,0.157650,0.016327,0.026325,0.931549,3.795610,3.012996,42.764236
2.588156,0.005687,-0.397975,-0.190765,0.155058,0.018829,0.029313,1.034838,3.824774,3.006928,42.795415
2.578846,0.007859,-0.357646,-0.199913,0.153265,0.018147,0.027873,0.976218,3.851814,2.999041,42.826643
2.568066,0.005874,-0.399017,-0.205923,0.152997,0.015047,0.018819,0.816859,3.874010,2.992973,42.855371
2.553773,-0.003890,-0.608418,-0.205654,0.155252,-0.001001,-0.000066,0.000441,3.903643,2.981664,42.881900
2.524252,-0.023540,-1.598158,-0.192398,0.159915,-0.002900,-0.001191,-0.039183,3.924765,2.967014,42.910585
2.496006,-0.013388,-2.317302,-0.171220,0.167895,-0.005324,-0.003647,-0.123046,3.951639,2.954653,42.940357
2.468154,0.006883,-2.760268,-0.149919,0.177895,-0.008290,-0.006539,-0.219321,3.972220,2.939685,42.970748
2.439479,0.027729,-3.001428,-0.128173,0.187895,-0.008240,-0.005228,-0.230471,3.991502,2.924607,43.002441
2.412808,0.049643,-3.017798,-0.109863,0.197895,-0.003565,-0.003319,-0.107447,4.012234,2.911160,43.032900
2.392425,0.066936,-2.764327,-0.100545,0.207895,-0.005376,-0.004728,-0.153626,4.028912,2.895332,43.064020
2.371743,0.068937,-2.553133,-0.095055,0.217895,-0.005662,-0.003485,-0.137920,4.045736,2.878251,43.096046
2.352793,0.064977,-2.344905,-0.095706,0.227895,-0.002679,-0.000193,0.005651,4.061513,2.860886,43.128376
2.338630,0.058903,-2.059650,-0.102447,0.237895,-0.002906,0.001043,0.045519,4.080856,2.847388,43.161263
2.325630,0.047209,-1.873999,-0.112574,0.247895,-0.003201,0.002782,0.104073,4.097687,2.833270,43.194482
2.313475,0.035729,-1.770084,-0.124486,0.257895,-0.003176,0.004827,0.171797,4.115607,2.819596,43.227049
2.302171,0.026927,-1.722992,-0.136757,0.267895,-0.003096,0.006791,0.236969,4.133685,2.806044,43.259120
2.291539,0.020995,-1.710631,-0.149004,0.277895,-0.003108,0.008940,0.305701,4.151741,2.792746,43.291043
2.281312,0.017656,-1.707118,-0.160306,0.287895,-0.003061,0.010197,0.349031,4.169308,2.777466,43.322462
2.271496,0.015203,-1.719370,-0.170279,0.297895,-0.002834,0.007057,0.298717,4.187761,2.764204,43.353959
2.262320,0.009407,-1.824079,-0.177969,0.307895,-0.001424,0.000766,0.029257,4.204359,2.749132,43.384600
2.255295,0.000921,-2.207349,-0.179773,0.317895,-0.002217,0.001039,0.038312,4.218956,2.731867,43.414443
2.248893,0.003862,-2.478044,-0.177713,0.327895,-0.003527,0.000778,0.032652,4.232586,2.718501,43.445595
2.242345,0.010672,-2.645326,-0.175012,0.337895,-0.004551,0.000446,0.022555,4.251917,2.700355,43.475268
2.235752,0.017666,-2.738825,-0.171365,0.347895,-0.005875,-0.000139,0.006238,4.264916,2.680088,43.504259
2.228874,0.023225,-2.786435,-0.165418,0.357895,-0.007605,-0.001033,-0.020037,4.276686,2.660195,43.535191
2.221605,0.027055,-2.805817,-0.158320,0.367895,-0.006266,-0.001119,-0.032753,4.291407,2.639582,43.565837
2.217228,0.030271,-2.789135,-0.151515,0.377296,-0.002542,-0.001234,-0.033367,4.306106,2.618814,43.595791
2.218040,0.032421,-2.737481,-0.145884,0.385895,-0.003786,-0.002111,-0.060814,4.321197,2.596997,43.624249
2.218864,0.032497,-2.697026,-0.140785,0.393624,-0.005156,-0.003049,-0.089900,4.330387,2.572711,43.650801
2.219564,0.031546,-2.670721,-0.133174,0.400575,-0.006271,-0.004281,-0.129949,4.345315,2.550272,43.676819
2.220542,0.030548,-2.651227,-0.127418,0.406927,-0.007389,-0.005380,-0.165191,4.358654,2.526681,43.702437
2.221570,0.029559,-2.640521,-0.121812,0.412740,-0.008297,-0.006378,-0.197648,4.369172,2.501587,43.727437
2.222766,0.028906,-2.632543,-0.114398,0.417751,-0.009566,-0.008044,-0.251123,4.375953,2.473707,43.753971
2.223781,0.028243,-2.633759,-0.105248,0.421846,-0.010582,-0.009944,-0.313985,4.388966,2.448002,43.782247
2.224871,0.027979,-2.635853,-0.099010,0.425239,-0.011387,-0.011302,-0.358115,4.397159,2.419925,43.810525
2.225901,0.027938,-2.637956,-0.093601,0.427840,-0.011796,-0.012301,-0.392285,4.408239,2.392076,43.838702
2.227117,0.028224,-2.634213,-0.089919,0.429599,-0.012197,-0.012982,-0.414728,4.417357,2.366371,43.867635
2.228298,0.028496,-2.627092,-0.086371,0.430807,-0.012702,-0.014092,-0.450485,4.427642,2.339651,43.895758
2.229263,0.028224,-2.631992,-0.083143,0.431282,-0.012803,-0.014662,-0.471075,4.439755,2.311358,43.922848
2.230373,0.028429,-2.630811,-0.082530,0.430891,-0.008158,-0.005829,-0.272678,4.448056,2.283326,43.951197
2.236078,0.037536,-2.427595,-0.083196,0.430143,-0.000833,0.000045,0.005976,4.457123,2.255715,43.979800
2.248623,0.043366,-2.018275,-0.087952,0.428869,-0.000647,0.000333,0.022737,4.464267,2.227126,44.008058
2.260762,0.036528,-1.772706,-0.092113,0.426899,-0.000467,0.000793,0.029445,4.467293,2.196712,44.037259
2.272818,0.027721,-1.653623,-0.092954,0.423733,-0.000288,0.000355,0.020624,4.476786,2.167390,44.067639
2.284827,0.020792,-1.612146,-0.093723,0.419636,-0.000421,0.000025,0.003458,4.481715,2.133805,44.098721
2.296311,0.016593,-1.624206,-0.091850,0.414952,-0.000490,-0.000204,-0.007500,4.482658,2.100428,44.130867
2.307275,0.015446,-1.639159,-0.087135,0.410148,-0.000599,-0.000435,-0.019393,4.490200,2.069329,44.164443
2.317808,0.016374,-1.630527,-0.083588,0.405139,-0.000468,-0.000323,-0.014440,4.499831,2.036911,44.197927
2.327954,0.017864,-1.595071,-0.081983,0.399770,-0.000319,-0.000391,-0.011510,4.502655,2.004466,44.230876
2.337569,0.018430,-1.558599,-0.078577,0.394418,-0.000127,-0.000454,-0.021629,4.512878,1.970741,44.264058
2.346847,0.018917,-1.522451,-0.077299,0.388733,-0.000287,-0.000133,-0.005272,4.535754,1.939588,44.297848
2.355283,0.019272,-1.475837,-0.082856,0.383804,0.000068,0.001104,0.039486,4.531836,1.902990,44.331379
2.363106,0.018737,-1.445138,-0.081653,0.378441,0.000065,0.000323,0.018434,4.560849,1.876800,44.365747
2.370333,0.017553,-1.441290,-0.088673,0.373761,0.000340,0.001454,0.050707,4.557338,1.839793,44.397475
2.376830,0.016787,-1.460661,-0.085166,0.368766,0.000026,0.000232,0.014401,4.553013,1.805572,44.430094
2.382643,0.016558,-1.486278,-0.075669,0.360487,-0.000399,-0.000827,-0.041335,4.553745,1.770003,44.466326
2.387630,0.018168,-1.488570,-0.065758,0.353022,-0.000442,-0.000794,-0.042014,4.557156,1.733887,44.501107
2.392184,0.021360,-1.412543,-0.059135,0.345820,-0.000250,-0.001270,-0.046747,4.554538,1.698223,44.536953
2.396367,0.022334,-1.315051,-0.051755,0.338406,0.000291,-0.002978,-0.099766,4.554912,1.661094,44.573258
2.400566,0.020764,-1.250426,-0.046205,0.330831,0.000455,-0.003177,-0.129971,4.557805,1.628002,44.609919
2.404345,0.019857,-1.200472,-0.043388,0.324002,0.001045,-0.003595,-0.147652,4.559609,1.593130,44.645517
2.408103,0.018698,-1.166641,-0.043351,0.317793,-0.000152,-0.000030,0.000133,4.564353,1.558295,44.680045
2.409994,0.021110,-1.001535,-0.049081,0.313393,-0.000076,0.001098,0.042445,4.565679,1.523902,44.715012
2.411272,0.018481,-0.905705,-0.055538,0.309220,0.000625,0.002727,0.095912,4.569503,1.489787,44.749521
2.412605,0.015460,-0.852595,-0.065294,0.305962,0.001359,0.004661,0.165424,4.568623,1.455804,44.783301
2.413919,0.012790,-0.833163,-0.074802,0.302501,0.002129,0.006736,0.237157,4.572040,1.423979,44.816982
2.415171,0.011221,-0.827193,-0.087012,0.299951,0.003086,0.009078,0.313686,4.573667,1.390484,44.850344
2.416393,0.010220,-0.837442,-0.099440,0.297526,0.004044,0.011361,0.391524,4.574898,1.356865,44.883016
2.417489,0.009839,-0.851222,-0.114928,0.295969,0.005281,0.014040,0.482096,4.576272,1.323966,44.915976
2.418509,0.009833,-0.864750,-0.130734,0.294574,0.006732,0.016497,0.564213,4.574011,1.288222,44.949336
2.419558,0.009997,-0.877291,-0.146842,0.292972,0.008010,0.018888,0.644140,4.574333,1.258064,44.983712
2.420342,0.010417,-0.881396,-0.163711,0.291746,0.009602,0.020633,0.700312,4.570861,1.224809,45.015900
2.421098,0.010373,-0.894776,-0.178234,0.289626,0.010979,0.022131,0.748503,4.570800,1.192036,45.046610
2.421732,0.010605,-0.904014,-0.193981,0.287522,0.008048,0.011082,0.522771,4.563423,1.160751,45.078851
2.417785,-0.001543,-1.180880,-0.205407,0.284708,0.000582,0.000843,0.027350,4.556037,1.129168,45.110019
2.405575,-0.013481,-1.929543,-0.201907,0.282553,0.000075,0.000352,0.015703,4.545785,1.098954,45.140022
2.393772,-0.005258,-2.464655,-0.194429,0.280082,-0.001044,-0.000502,-0.017852,4.533565,1.069190,45.169254
2.381038,0.010038,-2.806886,-0.184455,0.276120,-0.001191,-0.001115,-0.034597,4.523364,1.038759,45.198434
2.367934,0.026511,-2.981697,-0.176068,0.270666,-0.001361,-0.002055,-0.064706,4.513835,1.008894,45.229376
2.353965,0.040037,-3.065939,-0.169493,0.264534,-0.001293,-0.002701,-0.087031,4.503696,0.978215,45.261437
2.339368,0.049916,-3.095824,-0.166120,0.258469,-0.001072,-0.003025,-0.096570,4.477734,0.954083,45.294193
2.324290,0.056123,-3.095034,-0.164639,0.249139,-0.000330,-0.003175,-0.101965,4.464081,0.928829,45.328260
2.309029,0.059067,-3.081314,-0.164330,0.241316,0.000482,-0.003215,-0.103802,4.452519,0.903068,45.361671
2.293917,0.059495,-3.063550,-0.166225,0.235116,0.001251,-0.002900,-0.093979,4.435397,0.879051,45.393524
2.279064,0.058262,-3.043639,-0.170141,0.229048,0.001484,-0.001218,-0.054492,4.413363,0.856100,45.426446
2.263827,0.057032,-3.002474,-0.176912,0.222529,0.000558,0.000678,0.025537,4.393755,0.834243,45.461795
2.246872,0.055094,-2.915659,-0.184256,0.216322,0.001939,0.001584,0.052535,4.374791,0.813322,45.497812
2.230478,0.050349,-2.848692,-0.192365,0.210691,0.003276,0.002530,0.080937,4.354703,0.792782,45.532807
2.214793,0.044566,-2.802025,-0.201453,0.205219,0.004398,0.003379,0.106512,4.335435,0.773969,45.567860
2.199507,0.038692,-2.777964,-0.210952,0.199981,0.003297,0.001926,0.082125,4.316441,0.755297,45.602232
2.182363,0.031181,-2.821104,-0.220269,0.195278,0.000598,0.000690,0.023770,4.293045,0.739605,45.635138
2.161902,0.024483,-2.949517,-0.227546,0.191740,0.001613,0.001348,0.043244,4.272529,0.724523,45.668749
2.142102,0.022067,-3.053887,-0.232985,0.189745,0.002373,0.001868,0.058450,4.250389,0.711791,45.702307
2.122808,0.021690,-3.129439,-0.237079,0.188604,0.002948,0.002349,0.072272,4.228481,0.700337,45.735222
2.103923,0.021972,-3.177014,-0.240469,0.188003,0.003186,0.002527,0.077608,4.206997,0.689903,45.768129
2.085192,0.021786,-3.209246,-0.242890,0.188051,0.003416,0.002765,0.084153,4.181633,0.681450,45.800585
2.066812,0.021097,-3.227804,-0.246669,0.187978,0.003925,0.003263,0.098471,4.158840,0.674373,45.833993
2.048954,0.019962,-3.232601,-0.250405,0.188118,0.004202,0.003595,0.107834,4.136859,0.668862,45.867691
2.031447,0.018122,-3.233032,-0.253100,0.189380,0.004379,0.003892,0.116041,4.113071,0.664541,45.900193
2.014433,0.015828,-3.231083,-0.256611,0.191241,0.004389,0.004223,0.126103,4.091734,0.663213,45.932505
1.997755,0.013232,-3.228462,-0.260122,0.193988,0.004510,0.004585,0.135911,4.068771,0.662559,45.964484
1.981651,0.010522,-3.226382,-0.263091,0.197219,0.004307,0.004759,0.140965,4.045142,0.662803,45.996088
1.965887,0.007665,-3.228951,-0.266163,0.200462,0.002631,0.002687,0.099535,4.020092,0.664091,46.028941
1.948944,0.002592,-3.282469,-0.269999,0.203235,-0.000634,0.000099,0.006868,3.996238,0.667229,46.063151
1.929316,-0.003479,-3.431570,-0.271729,0.206038,-0.000600,0.000114,0.008641,3.973020,0.671410,46.097397
1.910609,-0.005856,-3.553582,-0.272272,0.209077,-0.000755,-0.000039,0.002482,3.950727,0.676505,46.131421
1.892534,-0.006596,-3.650711,-0.271820,0.212493,-0.000841,-0.000070,0.001726,3.928740,0.682555,46.165242
1.875183,-0.006587,-3.717714,-0.270835,0.215809,-0.000639,-0.000097,0.000619,3.907559,0.689678,46.198702
1.858790,-0.006595,-3.760022,-0.269847,0.219362,-0.000678,-0.000106,0.000381,3.887198,0.697669,46.231636
1.843139,-0.006989,-3.783400,-0.268164,0.222789,-0.000738,-0.000137,-0.000629,3.867968,0.706060,46.263864
1.828277,-0.007877,-3.792729,-0.265989,0.226819,-0.000865,-0.000176,-0.001544,3.849811,0.716927,46.295629
1.814282,-0.009214,-3.791295,-0.263472,0.231065,-0.000914,-0.000194,-0.002177,3.832031,0.727394,46.326689
1.801303,-0.010872,-3.781530,-0.260815,0.235825,-0.000950,-0.000213,-0.002964,3.813880,0.739449,46.357215
1.789418,-0.012745,-3.765980,-0.257460,0.240772,-0.001049,-0.000255,-0.004229,3.796161,0.751749,46.387984
1.778670,-0.014658,-3.744928,-0.254223,0.246119,-0.001108,-0.000267,-0.004519,3.779282,0.764024,46.418802
1.769098,-0.016532,-3.719277,-0.250580,0.251941,-0.001278,-0.000313,-0.005423,3.764920,0.778962,46.449113
1.760654,-0.018298,-3.689483,-0.246225,0.258390,-0.001663,-0.000653,-0.014058,3.748056,0.792796,46.478934
1.753227,-0.020122,-3.661614,-0.241199,0.265177,-0.002093,-0.000698,-0.018184,3.734438,0.808230,46.508536
1.746852,-0.021414,-3.627602,-0.235366,0.272709,-0.002071,-0.000947,-0.021600,3.721183,0.824548,46.537638
1.742072,-0.022452,-3.583828,-0.228639,0.280670,-0.003523,-0.001996,-0.049999,3.707728,0.842366,46.566740
1.737481,-0.023983,-3.553771,-0.221170,0.288627,-0.003266,-0.001423,-0.044464,3.695672,0.858743,46.595999
1.734900,-0.023701,-3.494238,-0.213307,0.296382,-0.001734,-0.000707,-0.019834,3.683307,0.876944,46.623960
1.735392,-0.022532,-3.391201,-0.205533,0.303643,-0.001787,-0.000735,-0.020988,3.673129,0.896312,46.650969
1.737132,-0.022095,-3.285667,-0.197061,0.310632,-0.001782,-0.000777,-0.022688,3.662437,0.914869,46.677540
1.740217,-0.021783,-3.177123,-0.188452,0.317041,-0.002392,-0.001736,-0.045040,3.651030,0.933354,46.703095
1.743973,-0.022309,-3.086189,-0.180232,0.322983,-0.004023,-0.003452,-0.092658,3.642855,0.952674,46.726091
1.747306,-0.023680,-3.034802,-0.172175,0.328684,-0.005193,-0.005152,-0.142634,3.632123,0.971100,46.747525
1.750771,-0.024831,-3.009158,-0.164195,0.333938,-0.005765,-0.006345,-0.178549,3.620855,0.992526,46.768350
1.754856,-0.024959,-2.983422,-0.154883,0.338724,-0.004609,-0.003665,-0.135834,3.611016,1.014750,46.789919
1.761251,-0.020375,-2.866675,-0.145251,0.342857,-0.001668,-0.002192,-0.062037,3.599303,1.040010,46.813563
1.771222,-0.016038,-2.658143,-0.134604,0.345844,-0.002130,-0.001609,-0.062491,3.591098,1.062486,46.839121
1.781189,-0.013571,-2.466721,-0.124640,0.347968,-0.001405,-0.000868,-0.031989,3.582217,1.084909,46.865154
1.792319,-0.011605,-2.261153,-0.115333,0.349412,-0.001681,-0.002185,-0.061908,3.575168,1.109183,46.889240
1.803491,-0.012147,-2.114120,-0.105354,0.349666,-0.002178,-0.004456,-0.130210,3.570287,1.134050,46.913755
1.814520,-0.013651,-2.035964,-0.092940,0.349090,-0.002948,-0.007436,-0.220645,3.561697,1.154437,46.939269
1.825260,-0.014694,-1.997390,-0.081562,0.347802,-0.003201,-0.010363,-0.310214,3.555347,1.179104,46.963360
1.835978,-0.015226,-1.983946,-0.068219,0.345732,-0.002361,-0.004539,-0.200445,3.554937,1.202256,46.987518
1.847669,-0.005931,-1.765331,-0.053786,0.343725,-0.001038,-0.003696,-0.110816,3.545858,1.226225,47.011998
1.860322,-0.000254,-1.436715,-0.041824,0.340845,-0.000911,-0.006448,-0.195704,3.542240,1.253232,47.036276
1.872679,-0.001563,-1.250689,-0.026369,0.337749,-0.000927,-0.003428,-0.156392,3.540085,1.278488,47.063167
1.884762,0.003096,-0.995266,-0.011193,0.335334,-0.000574,-0.003885,-0.119079,3.534393,1.304109,47.090110
1.896791,0.005498,-0.699056,0.002851,0.332998,-0.000289,-0.002402,-0.111161,3.527934,1.329932,47.115599
1.908667,0.008232,-0.424798,0.018559,0.331561,0.000013,-0.003942,-0.121732,3.522471,1.362618,47.142390
1.920429,0.008723,-0.165287,0.037280,0.331399,-0.000346,-0.002793,-0.130266,3.514714,1.381267,47.172252
1.931305,0.011993,0.107534,0.054453,0.334580,-0.000253,-0.004126,-0.127659,3.507449,1.407562,47.199777
1.942043,0.013056,0.390180,0.071898,0.339116,0.000037,-0.008791,-0.271848,3.498040,1.433579,47.225153
1.952807,0.009781,0.526774,0.089778,0.345051,0.000372,-0.012432,-0.385063,3.491297,1.460616,47.253720
1.963389,0.007490,0.607952,0.107136,0.352386,0.000749,-0.016235,-0.502527,3.477877,1.486181,47.283539
1.973819,0.005577,0.646141,0.124187,0.359721,0.001221,-0.019253,-0.595138,3.467896,1.512029,47.314648
1.984029,0.004648,0.673893,0.140102,0.366948,0.001887,-0.022004,-0.679958,3.454402,1.539497,47.346536
1.994218,0.003915,0.689709,0.154619,0.373970,0.001865,-0.020179,-0.648570,3.441080,1.563293,47.380218
2.003703,0.007395,0.797520,0.165047,0.381567,0.001113,-0.011667,-0.484463,3.425410,1.588343,47.414466
2.012374,0.017459,1.083291,0.170834,0.389938,-0.000691,-0.000800,-0.024677,3.410333,1.613502,47.448870
2.020062,0.029837,1.771536,0.168970,0.398538,-0.001707,-0.000578,-0.019474,3.395414,1.641823,47.485300
2.028851,0.026131,2.213129,0.167410,0.407870,-0.003038,-0.000284,-0.013029,3.375671,1.660400,47.523289
2.037460,0.017974,2.465114,0.159515,0.417693,-0.004809,0.001146,0.030230,3.357082,1.681682,47.561983
2.045570,0.009904,2.600146,0.151180,0.427599,-0.006378,0.002721,0.077364,3.336941,1.703786,47.600002
2.053298,0.003359,2.667856,0.142084,0.436153,-0.008341,0.004510,0.130873,3.317180,1.722276,47.638563
2.060172,-0.001456,2.699166,0.133256,0.443448,-0.009264,0.006105,0.181862,3.293236,1.743311,47.676968
2.067200,-0.005016,2.708275,0.123686,0.449226,-0.010522,0.007930,0.238937,3.269058,1.762823,47.715825
2.073940,-0.007540,2.705175,0.113728,0.453849,-0.012183,0.010400,0.315626,3.243492,1.781027,47.757047
2.079932,-0.008809,2.710208,0.104426,0.457050,-0.008238,0.005184,0.218764,3.216400,1.797629,47.798697
2.090625,-0.017194,2.550007,0.097160,0.458560,-0.001174,0.001714,0.051465,3.188886,1.814091,47.840131
2.108387,-0.023657,2.226054,0.093906,0.458106,-0.001565,0.002348,0.072151,3.160617,1.829616,47.880958
2.125423,-0.021043,2.022553,0.094708,0.455919,-0.001257,0.002197,0.068039,3.131505,1.844869,47.920402
2.142348,-0.016445,1.909781,0.097755,0.451624,-0.000598,0.001476,0.045227,3.102772,1.859650,47.959063
2.159209,-0.012849,1.852882,0.102319,0.444343,0.000310,0.000486,0.014076,3.075484,1.872086,47.995418
2.175799,-0.010750,1.830231,0.106932,0.434343,0.001937,-0.000535,-0.016886,3.041871,1.886927,48.027868
2.192462,-0.010012,1.825338,0.114169,0.424343,0.003276,-0.001903,-0.060970,3.010521,1.900995,48.060594
2.208670,-0.010072,1.831925,0.121757,0.414343,0.002309,-0.001091,-0.054802,2.978111,1.914594,48.095057
2.222042,-0.008528,1.894146,0.131140,0.404343,0.001141,-0.001660,-0.054691,2.944761,1.927532,48.128702
2.232314,-0.008326,1.995478,0.142002,0.394343,0.001462,-0.001203,-0.060350,2.912078,1.938945,48.163128
2.240815,-0.008257,2.117312,0.151472,0.384343,0.001342,-0.001452,-0.048217,2.878298,1.948179,48.198625
2.247228,-0.009715,2.259356,0.157586,0.374343,0.001234,-0.000784,-0.039748,2.843638,1.957188,48.233641
2.251764,-0.012030,2.388031,0.165774,0.364343,0.001248,-0.001134,-0.037418,2.808791,1.963310,48.269447
2.254337,-0.015312,2.509622,0.172421,0.354343,0.002845,-0.002069,-0.066411,2.773262,1.967856,48.305939
2.256625,-0.019858,2.584847,0.178542,0.344343,0.004175,-0.002758,-0.088099,2.737954,1.970546,48.341971
2.258336,-0.024039,2.630119,0.185418,0.334343,0.005776,-0.003633,-0.114876,2.704626,1.968345,48.377901
2.259706,-0.027543,2.651956,0.191273,0.324343,0.004553,-0.001861,-0.079534,2.667397,1.968610,48.413004
2.258046,-0.027683,2.715742,0.195471,0.314343,0.000941,-0.000378,-0.013218,2.631287,1.965948,48.449175
2.251347,-0.027214,2.840430,0.197485,0.304385,0.002074,-0.000622,-0.019898,2.596285,1.960761,48.486816
2.244631,-0.029525,2.928912,0.197682,0.297291,0.002737,-0.000663,-0.020045,2.562346,1.953905,48.525442
2.237754,-0.032642,2.986337,0.195369,0.291561,0.003122,-0.000434,-0.012380,2.528582,1.943685,48.565109
2.230767,-0.035517,3.019692,0.190252,0.287255,0.003039,0.000065,0.003994,2.496859,1.931072,48.605637
2.223648,-0.037715,3.035035,0.184935,0.285186,0.002858,0.000642,0.022765,2.464469,1.917384,48.647212
2.216602,-0.039023,3.039458,0.178273,0.284371,0.002692,0.001405,0.048573,2.427923,1.895422,48.690195
2.209968,-0.039530,3.038199,0.172275,0.283369,0.001613,0.002251,0.071694,2.406149,1.884823,48.738423
2.202778,-0.039310,3.032494,0.158158,0.286917,0.000429,0.004143,0.133660,2.378138,1.864384,48.783765
2.196194,-0.038723,3.023391,0.141972,0.290909,-0.001318,0.006621,0.212429,2.352578,1.842598,48.826066
2.189835,-0.037910,3.008803,0.123273,0.295322,-0.003162,0.009948,0.319637,2.328396,1.819577,48.871899
2.183773,-0.036822,2.991769,0.102933,0.299754,-0.005167,0.014692,0.472324,2.305865,1.795282,48.918742
2.177809,-0.034889,2.992919,0.081925,0.303826,-0.003244,0.005737,0.307251,2.276795,1.761366,48.966159
2.175646,-0.047245,2.669452,0.062402,0.306138,-0.001618,0.001528,0.073217,2.263943,1.745206,49.017867
2.176027,-0.054509,2.064912,0.052933,0.309534,-0.001310,0.002235,0.070065,2.243126,1.718944,49.064957
2.177795,-0.045291,1.597211,0.045214,0.312903,-0.001311,0.001228,0.063797,2.223979,1.692179,49.104251
2.180845,-0.033649,1.253597,0.036982,0.317172,-0.001149,0.002014,0.064743,2.204297,1.666054,49.144894
2.185190,-0.023103,1.003385,0.027317,0.322275,-0.001312,0.001680,0.080533,2.186083,1.639192,49.183862
2.190358,-0.017012,0.814915,0.015155,0.328314,-0.001239,0.002992,0.097644,2.167859,1.612582,49.220496
2.196477,-0.013154,0.636074,0.001737,0.335305,-0.001433,0.002391,0.118533,2.149621,1.586421,49.254523
2.203193,-0.012722,0.452508,-0.012820,0.342283,-0.001076,0.003533,0.116036,2.132447,1.560025,49.284626
2.210847,-0.012157,0.228842,-0.029173,0.349006,-0.001515,0.007398,0.244400,2.115090,1.533541,49.311073
2.218430,-0.008567,0.100596,-0.046307,0.355740,-0.001285,0.004743,0.230573,2.095653,1.506366,49.337131
2.226333,-0.011944,-0.116044,-0.062702,0.362316,-0.000513,0.003871,0.127240,2.077027,1.480316,49.365357
2.235012,-0.014514,-0.473513,-0.078275,0.369042,-0.000489,0.007323,0.242730,2.058661,1.453376,49.394764
2.243718,-0.009746,-0.679936,-0.093927,0.375967,-0.000330,0.010429,0.345816,2.040451,1.427069,49.425381
2.252207,-0.004566,-0.795187,-0.109208,0.383098,0.000607,0.013337,0.441112,2.011990,1.390793,49.456895
2.261079,-0.000495,-0.855009,-0.126731,0.388529,0.000146,0.016709,0.554359,2.001724,1.375835,49.495025
2.268486,0.002621,-0.872054,-0.140298,0.395700,0.001252,0.018580,0.614408,1.980014,1.349907,49.529216
2.276409,0.004124,-0.884917,-0.153420,0.402066,0.001699,0.020090,0.662626,1.957782,1.324490,49.557492
2.284116,0.004840,-0.899440,-0.164988,0.407546,0.000779,0.006978,0.360992,1.933861,1.300251,49.592301
2.290323,-0.008997,-1.256699,-0.169192,0.411833,-0.000656,0.000130,0.007566,1.912181,1.276943,49.629120
2.295673,-0.016473,-1.895706,-0.166408,0.415525,-0.001232,-0.000470,-0.011447,1.887247,1.254634,49.666227
2.301566,-0.008369,-2.327349,-0.159726,0.418386,-0.002095,-0.001409,-0.044420,1.860807,1.233849,49.704032
2.307051,0.004585,-2.582844,-0.150767,0.420629,-0.002000,-0.000905,-0.044569,1.834157,1.214712,49.742580
2.312796,0.019136,-2.676661,-0.141855,0.422326,-0.001590,-0.001401,-0.043886,1.806230,1.196256,49.781589
2.318926,0.030571,-2.665705,-0.133334,0.423407,-0.002392,-0.002690,-0.086025,1.776812,1.178880,49.821350
2.324323,0.037181,-2.636568,-0.125976,0.423674,-0.003025,-0.003898,-0.126550,1.748118,1.162272,49.861511
2.329264,0.040545,-2.606829,-0.118872,0.422909,-0.003442,-0.005048,-0.165809,1.716430,1.147147,49.901225
2.334023,0.042079,-2.579925,-0.112751,0.421062,-0.003508,-0.005860,-0.194267,1.683515,1.131695,49.940716
2.338848,0.042819,-2.551144,-0.107577,0.417971,-0.002273,-0.002134,-0.117948,1.650656,1.117946,49.980992
2.344871,0.047441,-2.422309,-0.105266,0.414131,-0.000553,-0.000190,-0.006742,1.616927,1.104606,50.021221
2.352176,0.049301,-2.205632,-0.107358,0.409848,-0.000152,0.000305,0.012788,1.583371,1.092434,50.059786
2.359276,0.045127,-2.053703,-0.112381,0.405097,0.000674,0.001200,0.042172,1.547410,1.080784,50.096417
2.366523,0.039332,-1.962248,-0.122292,0.399255,0.000793,0.000883,0.050306,1.511833,1.068940,50.132780
2.372707,0.032285,-1.963676,-0.134345,0.392148,0.001147,0.001831,0.061666,1.472298,1.057577,50.169779
2.377711,0.027857,-2.034061,-0.148281,0.383647,0.003514,0.003906,0.129729,1.430388,1.035886,50.208602
2.383107,0.027358,-2.093159,-0.164792,0.374342,0.002533,0.002511,0.124853,1.401160,1.038189,50.250284
2.385010,0.025119,-2.212745,-0.179506,0.365082,0.001384,0.000703,0.032284,1.356734,1.019290,50.287870
2.383504,0.023275,-2.448891,-0.194172,0.355082,0.001173,0.001385,0.048712,1.332804,1.024154,50.325179
2.379411,0.027009,-2.650227,-0.194758,0.347958,0.001563,0.000563,0.026033,1.290163,1.008750,50.360481
2.374656,0.033080,-2.807317,-0.199297,0.342063,-0.000320,0.000056,0.007992,1.260400,1.015856,50.395243
2.366595,0.039590,-2.937744,-0.202639,0.337307,-0.000099,0.000051,0.005125,1.226136,1.013729,50.431166
2.357588,0.046327,-3.030400,-0.204582,0.333907,0.000224,0.000049,0.002674,1.182307,1.005108,50.463206
2.348012,0.052445,-3.091873,-0.208613,0.331028,-0.000119,0.000183,0.010364,1.153178,1.015031,50.500788
2.337164,0.057336,-3.127317,-0.208377,0.329956,-0.000039,0.000058,0.005511,1.119065,1.019818,50.537776
2.326150,0.060752,-3.147200,-0.209387,0.330264,-0.000414,-0.000065,0.001072,1.084359,1.024593,50.571685
2.314666,0.062649,-3.160877,-0.208155,0.331393,-0.000394,-0.000085,-0.001342,1.046941,1.031965,50.608585
2.303505,0.063591,-3.164999,-0.207418,0.333208,-0.000434,-0.000082,-0.000518,1.011755,1.041773,50.648148
2.292718,0.063609,-3.161442,-0.207424,0.335817,-0.000575,-0.000067,0.000566,0.979069,1.053140,50.689395
2.282258,0.062752,-3.155164,-0.207612,0.339435,-0.000898,-0.000063,0.000942,0.946191,1.066240,50.730522
2.272085,0.061221,-3.149536,-0.207553,0.343905,-0.000881,-0.000051,0.001015,0.912016,1.080495,50.771693
2.262707,0.059315,-3.145368,-0.208690,0.348945,-0.000735,0.000020,0.003346,0.882581,1.097314,50.814797
2.254198,0.057223,-3.144028,-0.207826,0.353773,-0.001338,-0.000107,0.000480,0.852370,1.115917,50.857818
2.245966,0.055131,-3.145475,-0.203606,0.358366,-0.002399,-0.000518,-0.010476,0.830561,1.132087,50.900860
2.237817,0.053160,-3.147894,-0.196059,0.363196,-0.002302,-0.000630,-0.020234,0.806774,1.157605,50.942122
2.231215,0.051965,-3.138352,-0.184121,0.367545,-0.001909,-0.001392,-0.040844,0.782820,1.184267,50.982941
2.226772,0.050994,-3.111563,-0.170718,0.371315,-0.003215,-0.002890,-0.088819,0.756749,1.210459,51.028085
2.222811,0.049485,-3.087226,-0.159498,0.374452,-0.004690,-0.004619,-0.142880,0.733170,1.239163,51.075246
2.218906,0.047430,-3.074410,-0.148905,0.377291,-0.003838,-0.002704,-0.115920,0.714573,1.265786,51.123021
2.217298,0.049086,-2.986430,-0.137092,0.380062,-0.001443,-0.001876,-0.058858,0.693314,1.295398,51.169117
2.219395,0.050392,-2.800791,-0.128663,0.382585,-0.002436,-0.003245,-0.102347,0.676559,1.326709,51.213222
2.221537,0.046431,-2.664644,-0.119609,0.384767,-0.003625,-0.005140,-0.162894,0.663654,1.358716,51.256986
2.223750,0.040488,-2.581285,-0.110002,0.387059,-0.004493,-0.006702,-0.213938,0.653446,1.391593,51.299864
2.226400,0.035497,-2.521296,-0.101882,0.389214,-0.003303,-0.003346,-0.158205,0.636536,1.422262,51.340562
2.231287,0.036484,-2.376589,-0.096921,0.390774,-0.000942,-0.001061,-0.032228,0.621723,1.455625,51.376564
2.238987,0.037118,-2.122678,-0.096110,0.391679,-0.001078,-0.001210,-0.038131,0.604418,1.488182,51.410616
2.246717,0.031915,-1.961402,-0.097270,0.392066,-0.001158,-0.000970,-0.029529,0.594758,1.521958,51.445493
2.254489,0.026049,-1.868685,-0.096659,0.391898,-0.001073,-0.001100,-0.034326,0.578941,1.554993,51.479940
2.262497,0.021507,-1.822823,-0.097341,0.391438,-0.001056,-0.000940,-0.029362,0.569646,1.589300,51.514651
2.270506,0.018686,-1.803675,-0.096099,0.390418,-0.001075,-0.001170,-0.036993,0.561508,1.623027,51.549835
2.278442,0.017284,-1.797630,-0.094051,0.389739,-0.001019,-0.001562,-0.050587,0.548980,1.658190,51.585445
2.286416,0.016838,-1.797339,-0.093368,0.389491,-0.001041,-0.001697,-0.055243,0.536936,1.692081,51.620930
2.294267,0.016934,-1.799616,-0.092211,0.389605,-0.001097,-0.001927,-0.063138,0.522903,1.727363,51.655738
2.302004,0.017342,-1.802367,-0.093070,0.390241,-0.000938,-0.000576,-0.029472,0.513380,1.763662,51.691690
2.309763,0.019059,-1.777685,-0.095943,0.391682,-0.000524,0.000526,0.019596,0.502526,1.796892,51.728933
2.317690,0.020146,-1.732788,-0.098848,0.393213,-0.000492,0.001094,0.038776,0.493797,1.832376,51.764957
2.325453,0.019979,-1.706011,-0.102392,0.394739,-0.000402,0.001780,0.061948,0.484867,1.866758,51.800326
2.333106,0.019591,-1.692392,-0.105733,0.395819,-0.000277,0.002377,0.082160,0.475067,1.902430,51.835751
2.340622,0.019343,-1.688116,-0.111961,0.396984,0.000029,0.003592,0.123275,0.467190,1.939473,51.871768
2.348005,0.019437,-1.686610,-0.120940,0.398148,0.000558,0.005057,0.172582,0.462522,1.976326,51.908951
2.355202,0.019564,-1.692240,-0.130210,0.398425,0.001218,0.006508,0.221919,0.453791,2.010089,51.945895
2.362228,0.019890,-1.700945,-0.139407,0.397861,0.002183,0.008067,0.272563,0.445349,2.048122,51.981579
2.369222,0.020614,-1.703650,-0.152351,0.397043,0.003200,0.009633,0.325590,0.438972,2.084077,52.018708
2.375905,0.020998,-1.714836,-0.165194,0.395543,0.004352,0.010943,0.369131,0.433137,2.122065,52.056297
2.382324,0.021359,-1.733655,-0.179682,0.393408,0.003009,0.004334,0.229972,0.429223,2.157598,52.093164
2.385747,0.013986,-1.937687,-0.188767,0.391098,0.000572,0.000884,0.029952,0.428741,2.194513,52.130426
2.385877,0.010324,-2.326872,-0.192889,0.388960,0.001117,0.001337,0.045065,0.430133,2.230606,52.166907
2.386003,0.017189,-2.601054,-0.193392,0.387277,0.001021,0.000928,0.038952,0.430565,2.267102,52.202788
2.385309,0.027171,-2.781282,-0.195227,0.386284,-0.000208,0.000136,0.005983,0.438758,2.303675,52.238621
2.382428,0.036633,-2.924698,-0.195875,0.385203,-0.000149,0.000031,0.004449,0.443767,2.341251,52.274569
2.378785,0.045956,-3.011739,-0.197091,0.384729,-0.000389,-0.000032,0.002087,0.454138,2.376190,52.310199
2.374139,0.053907,-3.063080,-0.196476,0.384655,-0.000426,-0.000080,-0.000577,0.464323,2.412063,52.345021
2.369027,0.060278,-3.086865,-0.195882,0.385272,-0.000407,-0.000058,0.000139,0.473352,2.447398,52.379956
2.363715,0.064941,-3.090226,-0.198687,0.386532,-0.000492,-0.000037,0.003623,0.486595,2.478400,52.415850
2.357998,0.067591,-3.087906,-0.196027,0.388036,-0.000641,-0.000254,-0.006099,0.497761,2.514298,52.451361
2.352482,0.068925,-3.082811,-0.196427,0.390864,-0.000826,-0.000213,-0.004900,0.512689,2.549494,52.488571
2.347067,0.069300,-3.075329,-0.198945,0.393175,-0.000709,-0.000079,0.000596,0.530494,2.581405,52.528146
2.341875,0.068871,-3.068970,-0.199050,0.396028,-0.000547,-0.000084,0.000092,0.551650,2.611341,52.568403
2.337266,0.068009,-3.064417,-0.195888,0.399436,-0.000725,-0.000159,-0.003990,0.571661,2.639092,52.609636
2.333268,0.067163,-3.056870,-0.191805,0.403645,-0.000806,-0.000213,-0.006218,0.595073,2.667853,52.650502
2.330130,0.066403,-3.042117,-0.185191,0.407872,-0.000867,-0.000283,-0.010369,0.619470,2.696059,52.692702
2.328099,0.065804,-3.015148,-0.177865,0.412379,-0.001371,-0.000785,-0.022939,0.645796,2.722530,52.737725
2.326810,0.064724,-2.983068,-0.170612,0.416663,-0.002440,-0.001578,-0.048230,0.677910,2.745134,52.783319
2.325690,0.062997,-2.958916,-0.160970,0.420620,-0.002195,-0.000997,-0.045386,0.707575,2.766900,52.830406
2.326247,0.062853,-2.901655,-0.150891,0.424693,-0.001057,-0.000491,-0.022199,0.739498,2.786200,52.878821
2.329343,0.062970,-2.791646,-0.139703,0.428534,-0.001057,-0.000557,-0.026215,0.771094,2.805523,52.927441
2.333892,0.061601,-2.661955,-0.130378,0.432088,-0.001446,-0.001443,-0.045638,0.805588,2.821999,52.975366
2.339371,0.057890,-2.542194,-0.120095,0.435392,-0.002620,-0.003077,-0.100122,0.837986,2.838539,53.022632
2.345100,0.052721,-2.460195,-0.110498,0.438505,-0.002081,-0.001474,-0.079182,0.874964,2.852065,53.068622
2.352683,0.051121,-2.331979,-0.101572,0.441145,-0.000987,-0.000531,-0.027173,0.908438,2.866254,53.113236
2.362369,0.049813,-2.139462,-0.097130,0.444083,-0.000736,-0.000293,-0.013818,0.946001,2.878930,53.158755
2.372988,0.045653,-1.972503,-0.094232,0.446143,-0.000923,-0.000590,-0.018031,0.981533,2.891695,53.201746
2.383960,0.039976,-1.856008,-0.093744,0.447838,-0.001034,-0.000668,-0.021385,1.021035,2.902486,53.240167
2.395154,0.034658,-1.791696,-0.093529,0.448956,-0.001224,-0.000714,-0.022627,1.057450,2.914418,53.279316
2.406316,0.030870,-1.761351,-0.094705,0.450182,-0.001300,-0.000494,-0.015004,1.092138,2.925734,53.319195
2.417408,0.028680,-1.751141,-0.095326,0.451575,-0.001307,-0.000373,-0.011027,1.129563,2.937583,53.356739
2.428485,0.027780,-1.750984,-0.096344,0.452763,-0.001316,-0.000189,-0.004716,1.170062,2.947447,53.394127
2.439443,0.027749,-1.755377,-0.096112,0.453576,-0.001545,-0.000242,-0.006162,1.207660,2.958613,53.434263
2.450067,0.028264,-1.760383,-0.097067,0.454499,-0.001064,-0.000048,0.000322,1.246203,2.968298,53.474510
2.460985,0.029074,-1.764881,-0.097042,0.455359,-0.000729,-0.000038,0.000465,1.282316,2.977274,53.513238
2.472094,0.030044,-1.768317,-0.097859,0.456638,-0.000502,0.000118,0.005411,1.324487,2.987026,53.552251
2.483261,0.031068,-1.771685,-0.096678,0.457373,-0.000824,-0.000112,-0.002149,1.362999,2.996994,53.592866
2.494013,0.032118,-1.774039,-0.095289,0.458013,-0.001044,-0.000368,-0.011043,1.401191,3.005160,53.633775
2.504472,0.033160,-1.775519,-0.093940,0.458793,-0.001124,-0.000600,-0.019408,1.440955,3.013701,53.673267
2.514789,0.034184,-1.776100,-0.092246,0.459517,-0.000987,-0.000293,-0.015682,1.480814,3.020703,53.713231
2.525198,0.035778,-1.761632,-0.090537,0.460264,-0.000449,-0.000116,-0.005431,1.524632,3.027219,53.753901
2.536085,0.037153,-1.729896,-0.087341,0.460351,-0.000826,-0.000634,-0.020908,1.562336,3.033634,53.796794
2.546605,0.037573,-1.702709,-0.083829,0.460768,-0.000945,-0.001259,-0.043990,1.605105,3.038091,53.838896
2.557088,0.037552,-1.684991,-0.080194,0.460837,-0.000873,-0.000544,-0.034684,1.645842,3.042363,53.880123
2.567683,0.038916,-1.640421,-0.075314,0.460771,-0.000580,-0.000274,-0.016674,1.688642,3.047027,53.922378
2.578653,0.040090,-1.558258,-0.071106,0.460386,-0.000620,-0.000244,-0.014721,1.729608,3.050371,53.964817
2.589611,0.039795,-1.472961,-0.066370,0.459897,-0.000787,-0.000952,-0.033348,1.770332,3.050948,54.007530
2.600491,0.038035,-1.404108,-0.061687,0.459323,-0.000887,-0.001869,-0.067366,1.811787,3.055111,54.049665
2.611356,0.035756,-1.363214,-0.057708,0.458706,-0.000698,-0.000686,-0.048951,1.855692,3.055534,54.091441
2.622436,0.035914,-1.293167,-0.052802,0.457653,-0.000523,-0.000277,-0.018490,1.898613,3.057322,54.134796
2.633654,0.035948,-1.181498,-0.048631,0.456581,-0.000640,-0.000245,-0.015826,1.938358,3.060202,54.178940
2.644691,0.034289,-1.077554,-0.046433,0.455735,-0.000449,-0.000468,-0.016755,1.982121,3.059571,54.220944
2.655833,0.031309,-1.000357,-0.042764,0.454468,-0.000458,-0.001252,-0.045888,2.026455,3.058147,54.263843
2.666859,0.028160,-0.958137,-0.040075,0.452857,-0.000543,-0.000490,-0.035147,2.067723,3.062088,54.308202
2.677653,0.027154,-0.905241,-0.039830,0.451350,-0.000315,-0.000065,-0.001799,2.112103,3.061281,54.351399
2.688339,0.026020,-0.840524,-0.039761,0.448619,-0.000067,-0.000088,-0.002431,2.154818,3.061172,54.394733
2.698874,0.024005,-0.803933,-0.038105,0.445267,0.000089,-0.000417,-0.015483,2.196673,3.059517,54.438991
2.709132,0.022335,-0.785167,-0.036145,0.441045,0.000570,-0.000840,-0.031738,2.240718,3.058025,54.482663
2.719336,0.021253,-0.777250,-0.034596,0.435912,0.000327,-0.000285,-0.022533,2.284201,3.057799,54.526480
2.728662,0.021611,-0.752779,-0.032882,0.429737,-0.000208,-0.000096,-0.006958,2.327723,3.056267,54.570638
2.736709,0.021867,-0.708057,-0.031091,0.423680,0.000019,-0.000384,-0.014133,2.371206,3.055678,54.613905
2.744277,0.021050,-0.673142,-0.028642,0.416667,0.000182,-0.000227,-0.017843,2.415780,3.054908,54.657149
2.751248,0.020555,-0.636640,-0.025835,0.409240,0.000141,-0.000602,-0.022708,2.459505,3.053484,54.701506
2.757381,0.019705,-0.596624,-0.022334,0.401316,0.000186,-0.000301,-0.025591,2.503006,3.052622,54.746447
2.762742,0.019406,-0.546839,-0.021216,0.391718,-0.000048,-0.000060,-0.004539,2.546360,3.051093,54.790385
2.766839,0.018498,-0.486779,-0.019225,0.381718,-0.000055,-0.000096,-0.007834,2.589705,3.048813,54.833636
2.769900,0.016930,-0.438218,-0.017183,0.371718,-0.000088,-0.000098,-0.008088,2.632357,3.046070,54.877287
2.771919,0.015387,-0.394046,-0.014992,0.361718,-0.000174,-0.000122,-0.009242,2.672316,3.042310,54.920525
2.772855,0.013979,-0.352056,-0.011233,0.351718,0.000019,-0.000171,-0.015113,2.717380,3.041654,54.961898
2.773019,0.013012,-0.302066,-0.008326,0.341718,0.000027,-0.000142,-0.012058,2.762095,3.040454,55.004109
2.772215,0.011926,-0.245030,-0.005833,0.331718,-0.000116,-0.000126,-0.010449,2.803377,3.036940,55.048833
2.770302,0.010491,-0.189023,-0.002902,0.321718,0.000374,-0.000616,-0.023926,2.846315,3.036976,55.092238
2.767926,0.008518,-0.145455,-0.001589,0.311718,0.001175,-0.000911,-0.034962,2.885870,3.034299,55.134205
2.765394,0.006457,-0.122017,0.001138,0.301718,0.000864,-0.000338,-0.028869,2.925916,3.031287,55.174819
2.761587,0.006076,-0.081205,0.005585,0.291718,-0.000087,-0.000223,-0.018674,2.967441,3.029572,55.214169
2.755876,0.005959,-0.008104,0.008870,0.281718,-0.000137,-0.000168,-0.013811,3.007655,3.027894,55.254739
2.749192,0.004813,0.069008,0.011163,0.272046,-0.000123,-0.000133,-0.009942,3.048404,3.027384,55.295053
2.741645,0.002864,0.136988,0.012359,0.263831,0.000239,-0.000261,-0.009896,3.090927,3.028155,55.334542
2.733745,0.000390,0.184658,0.011330,0.256860,0.000732,-0.000040,-0.001383,3.129643,3.025993,55.376143
2.725771,-0.001945,0.208281,0.010282,0.250770,0.001738,0.000192,0.007405,3.177275,3.033702,55.416944
2.718318,-0.003589,0.217910,0.003142,0.245763,0.001227,0.001736,0.066196,3.204655,3.022452,55.458670
2.710024,-0.004649,0.216991,0.004577,0.241706,0.003629,0.001074,0.047617,3.241460,3.030377,55.496243
2.703822,-0.005402,0.208358,-0.002127,0.237279,0.002268,0.002959,0.107925,3.279147,3.031796,55.528938
2.695918,-0.005168,0.203211,-0.009003,0.233192,0.003117,0.004678,0.175366,3.316545,3.034177,55.565155
2.688620,-0.004779,0.208379,-0.017985,0.229189,0.003184,0.006708,0.235072,3.353750,3.035769,55.601974
2.680953,-0.004749,0.192875,-0.026866,0.225150,0.001717,0.006535,0.258160,3.400314,3.036219,55.638428
2.671392,-0.006543,0.131014,-0.037645,0.220115,0.005231,0.010199,0.364712,3.422563,3.037429,55.679135
2.664721,-0.004612,0.106843,-0.046858,0.216182,0.005121,0.011738,0.457198,3.463029,3.039556,55.713932
2.657313,-0.003654,0.112779,-0.059865,0.211377,0.004149,0.013090,0.421866,3.495413,3.040764,55.744935
2.647964,-0.004806,-0.020115,-0.071916,0.207051,0.006317,0.016334,0.605634,3.532797,3.041838,55.780335
2.639943,-0.001452,-0.008189,-0.086185,0.202429,0.008324,0.018437,0.729179,3.563823,3.042004,55.815024
2.632675,-0.000898,0.030571,-0.099780,0.198141,0.001094,0.002605,0.131031,3.596743,3.041996,55.848368
2.616864,-0.019852,-0.630747,-0.106116,0.194029,0.000288,0.003541,0.099975,3.631917,3.042154,55.879804
2.600367,-0.013852,-1.151428,-0.108304,0.190268,-0.000392,0.000322,0.024038,3.661416,3.038047,55.912431
2.582952,-0.003008,-1.544091,-0.109428,0.187277,-0.000036,0.000570,0.022107,3.693647,3.037691,55.943457
2.565471,0.011017,-1.770487,-0.111428,0.184893,0.000031,0.000906,0.034864,3.721978,3.036060,55.972961
2.547395,0.022877,-1.882218,-0.116283,0.183547,0.000601,0.001696,0.064426,3.750583,3.035850,56.001425
2.529159,0.031004,-1.928491,-0.124516,0.183067,0.001011,0.002618,0.102412,3.778472,3.031430,56.028694
2.510650,0.035230,-1.949088,-0.133870,0.183034,0.001691,0.003565,0.141391,3.807934,3.027722,56.055998
2.492206,0.036696,-1.961555,-0.144946,0.183664,-0.005401,0.000109,0.002025,3.831052,3.009711,56.083511
2.466036,0.031922,-2.156680,-0.146758,0.185637,-0.001306,0.000109,0.009240,3.856327,3.005271,56.109708
2.444569,0.032770,-2.295728,-0.150049,0.190160,-0.001464,0.000566,0.024967,3.880740,2.997497,56.134308
2.423344,0.035730,-2.384427,-0.153414,0.195547,-0.001335,0.000079,0.016558,3.905253,2.990157,56.159126
2.402684,0.037627,-2.458945,-0.157167,0.201648,-0.000867,0.000012,0.007194,3.939274,2.992454,56.184804
2.383042,0.038954,-2.528554,-0.164991,0.207523,-0.001152,0.000088,0.015713,3.960912,2.980749,56.213959
2.363214,0.039507,-2.595467,-0.169509,0.214539,-0.001650,0.000356,0.019081,3.978330,2.962325,56.243551
2.343506,0.040145,-2.652146,-0.172297,0.222720,-0.001709,-0.000032,0.012309,3.993921,2.952616,56.270193
2.324590,0.040121,-2.704582,-0.170362,0.232720,-0.002116,-0.000397,-0.006742,4.018559,2.942778,56.294385
2.306784,0.040225,-2.748984,-0.170652,0.242720,-0.002006,-0.000248,-0.001584,4.037594,2.930830,56.319980
2.290369,0.040492,-2.772262,-0.170165,0.252720,-0.001321,-0.000159,0.000270,4.060253,2.918700,56.348492
2.275981,0.040418,-2.780520,-0.171374,0.262720,-0.001345,-0.000129,0.002921,4.080656,2.906549,56.377667
2.262751,0.039594,-2.785282,-0.172927,0.272720,-0.001308,-0.000113,0.003459,4.100828,2.893664,56.407638
2.250733,0.038245,-2.792655,-0.175009,0.282720,-0.001559,-0.000113,0.004993,4.115599,2.880616,56.437764
2.239606,0.036642,-2.804255,-0.174828,0.292720,-0.001324,-0.000155,0.000670,4.134949,2.866894,56.466711
2.230051,0.035295,-2.816276,-0.174855,0.302720,-0.001414,-0.000160,0.001051,4.152315,2.852774,56.495823
2.221682,0.034222,-2.824608,-0.174530,0.312720,-0.000008,0.000004,0.001086,4.169291,2.846876,56.526090
2.215993,0.033509,-2.828971,-0.174932,0.322720,-0.002467,-0.000278,0.001174,4.190858,2.821572,56.552838
2.208977,0.032538,-2.833546,-0.174939,0.332394,-0.001353,-0.000153,0.000952,4.207226,2.805521,56.583487
2.204260,0.031796,-2.837010,-0.173989,0.341763,-0.001255,-0.000166,-0.000676,4.225489,2.788000,56.618462
2.200822,0.031296,-2.837250,-0.173290,0.351142,-0.001314,-0.000174,-0.000447,4.241187,2.770134,56.651251
2.198449,0.030913,-2.834291,-0.171074,0.360598,-0.001355,-0.000219,-0.002840,4.255760,2.751541,56.683739
2.197278,0.030762,-2.825136,-0.167722,0.369480,-0.001304,-0.000245,-0.005159,4.271769,2.731622,56.715654
2.197411,0.030858,-2.806144,-0.164316,0.377959,-0.001224,-0.000247,-0.005732,4.290056,2.712022,56.747833
2.198806,0.030983,-2.777825,-0.161290,0.385990,-0.001281,-0.000245,-0.005050,4.304055,2.690028,56.780165
2.201224,0.030936,-2.743521,-0.157536,0.393115,-0.001300,-0.000279,-0.006733,4.316389,2.667891,56.812346
2.204663,0.030791,-2.704262,-0.152605,0.399746,-0.001229,-0.000310,-0.009772,4.331401,2.644967,56.844198
2.209269,0.030734,-2.656919,-0.147710,0.405588,-0.001294,-0.000330,-0.010014,4.340658,2.620902,56.875799
2.214767,0.030633,-2.601147,-0.140582,0.410592,-0.001264,-0.000406,-0.015444,4.353105,2.596654,56.906091
2.221355,0.030700,-2.532159,-0.134143,0.414913,-0.001576,-0.001147,-0.033771,4.367264,2.570716,56.934758
2.228539,0.029865,-2.469675,-0.127727,0.418218,-0.001645,-0.000747,-0.033197,4.376437,2.544589,56.962704
2.236440,0.029906,-2.393518,-0.120128,0.420815,-0.001018,-0.000461,-0.020551,4.391309,2.517335,56.991076
2.245731,0.030281,-2.286536,-0.114736,0.422370,-0.001026,-0.000374,-0.015150,4.401101,2.489556,57.020307
2.255451,0.029602,-2.179671,-0.109842,0.423015,-0.001135,-0.000351,-0.013343,4.402041,2.461499,57.049818
2.265401,0.028265,-2.081177,-0.102518,0.422903,-0.000863,-0.000419,-0.020079,4.412880,2.432110,57.079369
2.276059,0.027231,-1.981208,-0.096898,0.422317,-0.003170,-0.000132,-0.036503,4.421850,2.410850,57.109638
2.284637,0.026401,-1.900524,-0.094401,0.421779,0.001515,-0.000742,0.001504,4.435201,2.372020,57.136815
2.297913,0.024487,-1.798359,-0.093266,0.420126,-0.002970,0.000225,-0.013192,4.444032,2.351829,57.167140
2.306500,0.023061,-1.748090,-0.093585,0.418704,0.001565,-0.000338,0.006484,4.453913,2.313595,57.197897
2.319366,0.020989,-1.704081,-0.092193,0.415861,-0.000569,-0.000114,-0.003830,4.464402,2.282656,57.228643
2.329769,0.020044,-1.683989,-0.091151,0.412607,-0.000511,-0.000261,-0.006764,4.471854,2.252287,57.264080
2.339804,0.019609,-1.671158,-0.089905,0.408985,-0.000505,-0.000515,-0.014736,4.472764,2.225073,57.296386
2.349423,0.019490,-1.665281,-0.087310,0.405105,-0.000280,-0.000232,-0.013280,4.479849,2.192194,57.326667
2.358858,0.020477,-1.643869,-0.083338,0.400911,-0.000307,-0.000232,-0.012736,4.485848,2.153741,57.357786
2.367886,0.021655,-1.601679,-0.076796,0.395867,-0.000945,-0.000384,-0.020024,4.488748,2.124983,57.393099
2.375948,0.022858,-1.534687,-0.073938,0.391079,-0.000481,-0.000155,-0.008098,4.493965,2.090600,57.427727
2.383994,0.023066,-1.460203,-0.069793,0.385873,-0.000611,-0.000211,-0.011691,4.497418,2.056825,57.460349
2.391466,0.022638,-1.388508,-0.066451,0.380532,-0.000483,-0.000165,-0.009416,4.499746,2.021684,57.494505
2.398613,0.021877,-1.319312,-0.061397,0.374870,-0.000470,-0.000241,-0.014871,4.508063,1.987529,57.529564
2.405339,0.021282,-1.246552,-0.058478,0.368995,-0.000385,-0.000144,-0.008309,4.523043,1.955385,57.564821
2.411621,0.020365,-1.175571,-0.058054,0.363343,-0.000299,-0.000034,-0.000928,4.532628,1.916738,57.598937
2.417364,0.018774,-1.125227,-0.061323,0.358026,-0.000323,0.000129,0.010806,4.546019,1.885639,57.634682
2.422330,0.016531,-1.112981,-0.063322,0.352790,-0.001272,0.000289,0.010743,4.547190,1.857342,57.670211
2.425698,0.015076,-1.126008,-0.065467,0.347992,0.000484,0.000093,0.003641,4.559067,1.814263,57.700772
2.430202,0.014098,-1.160521,-0.068443,0.343455,-0.000509,0.000088,0.009109,4.561257,1.781025,57.735176
2.433035,0.013839,-1.200815,-0.069257,0.338968,-0.000501,0.000006,0.002637,4.561331,1.747301,57.773078
2.435326,0.014399,-1.238369,-0.066279,0.333492,-0.000556,-0.000155,-0.008835,4.560242,1.711861,57.807851
2.437087,0.016022,-1.248530,-0.064405,0.328532,-0.000597,-0.000118,-0.005740,4.557255,1.678881,57.842759
2.438319,0.017488,-1.234335,-0.059875,0.322693,-0.000611,-0.000243,-0.014656,4.557878,1.645133,57.877001
2.439095,0.018767,-1.196884,-0.058251,0.317486,-0.000462,-0.000107,-0.005245,4.560163,1.609781,57.910544
2.439525,0.019044,-1.150289,-0.058489,0.312801,-0.000511,-0.000016,0.001147,4.563072,1.575103,57.944826
2.439413,0.018188,-1.117687,-0.061837,0.308897,-0.000487,0.000140,0.011774,4.565479,1.541629,57.979669
2.438799,0.016480,-1.115450,-0.065594,0.305094,-0.000304,0.000538,0.023598,4.570512,1.517277,58.013791
2.437846,0.015191,-1.134385,-0.071937,0.302341,0.000427,0.002217,0.078249,4.573623,1.483860,58.043335
2.437054,0.015272,-1.141714,-0.079328,0.299844,0.001079,0.003804,0.132926,4.575844,1.450750,58.072371
2.436251,0.015447,-1.145780,-0.087734,0.297521,0.001550,0.005124,0.177844,4.577304,1.417665,58.104858
2.435175,0.015172,-1.162608,-0.097770,0.295608,0.002031,0.004820,0.205388,4.580649,1.384766,58.137837
2.433720,0.013077,-1.214895,-0.109372,0.294259,0.002911,0.006887,0.279212,4.581018,1.351734,58.170556
2.432265,0.013066,-1.251222,-0.121127,0.292955,0.004754,0.011856,0.408203,4.579420,1.318050,58.202782
2.431649,0.016698,-1.213763,-0.132688,0.291313,0.005829,0.013604,0.465997,4.579424,1.286036,58.235616
2.430893,0.017518,-1.185402,-0.145046,0.289687,0.007075,0.015355,0.524519,4.578406,1.254365,58.268219
2.430142,0.017250,-1.167104,-0.157700,0.287991,0.008350,0.016977,0.576586,4.577788,1.221693,58.299259
2.429441,0.016714,-1.156543,-0.172977,0.286500,0.000792,0.001724,0.061852,4.574931,1.190845,58.330369
2.419668,-0.000781,-1.724541,-0.179539,0.284882,0.001504,0.002670,0.089679,4.568934,1.158992,58.361326
2.410723,0.002115,-2.142858,-0.182833,0.283258,0.001879,0.003141,0.106216,4.561664,1.129909,58.391200
2.401701,0.012399,-2.405335,-0.182726,0.281112,0.002141,0.003127,0.106484,4.551664,1.099461,58.419708
2.392267,0.023590,-2.554223,-0.184406,0.278224,0.002618,0.003265,0.110180,4.541864,1.068726,58.447701
2.382358,0.032959,-2.630504,-0.187047,0.274583,0.002775,0.002846,0.104646,4.530701,1.039170,58.477658
2.371599,0.039078,-2.675346,-0.191207,0.270557,0.003954,0.003855,0.128270,4.522918,1.010011,58.507899
2.361077,0.043827,-2.681096,-0.196861,0.266728,0.004870,0.004339,0.143026,4.512159,0.982816,58.537566
2.350471,0.046155,-2.674623,-0.200451,0.263058,0.004853,0.003723,0.133471,4.497364,0.955098,58.567464
2.339251,0.045800,-2.681596,-0.207206,0.258756,0.005556,0.004174,0.147234,4.482627,0.931989,58.598370
2.327881,0.044925,-2.689295,-0.210766,0.254862,0.006305,0.004405,0.156173,4.472740,0.905159,58.629677
2.316819,0.043797,-2.694351,-0.214248,0.251841,-0.003527,-0.000291,-0.021603,4.450831,0.871991,58.660320
2.295540,0.037545,-2.884834,-0.216513,0.248932,0.003726,0.000111,0.035858,4.433941,0.858222,58.695658
2.281545,0.037395,-2.985023,-0.215750,0.247230,-0.004152,0.000297,-0.019494,4.409449,0.830577,58.730000
2.259775,0.039189,-3.110206,-0.211471,0.245272,-0.000621,-0.000443,-0.011539,4.386255,0.811482,58.763773
2.241848,0.041730,-3.176118,-0.208941,0.242951,0.002771,-0.000906,-0.009714,4.370830,0.799554,58.801653
2.227396,0.043609,-3.207515,-0.205695,0.241104,-0.000621,-0.000761,-0.024580,4.350270,0.780444,58.834768
2.209757,0.045076,-3.229515,-0.203552,0.238482,-0.000691,-0.000884,-0.029084,4.328840,0.765035,58.866015
2.192238,0.045424,-3.237054,-0.201845,0.235307,-0.003790,-0.001266,-0.033686,4.298577,0.746611,58.899300
2.171739,0.044365,-3.236740,-0.202060,0.230813,-0.000225,-0.000054,0.001438,4.276504,0.734815,58.937006
2.154750,0.043355,-3.198114,-0.202644,0.226506,0.003451,0.000694,-0.002980,4.257857,0.728120,58.976205
2.141353,0.041134,-3.172271,-0.203689,0.222678,0.000717,0.000144,0.006566,4.236391,0.717454,59.009818
2.125207,0.037434,-3.146893,-0.205120,0.219115,0.001408,0.000356,0.011065,4.209359,0.708094,59.041457
2.109795,0.033366,-3.130247,-0.209185,0.214519,-0.001066,-0.000161,0.021125,4.176103,0.697284,59.075943
2.091634,0.028389,-3.124163,-0.215789,0.208619,0.000493,0.000521,0.018929,4.151254,0.691450,59.116779
2.074435,0.023891,-3.147181,-0.222161,0.204419,0.000273,0.000532,0.018493,4.128177,0.687786,59.159109
2.056652,0.019851,-3.187805,-0.227794,0.201902,0.004581,0.001677,0.042829,4.109231,0.687245,59.196849
2.042893,0.017635,-3.213308,-0.233570,0.201569,-0.003491,-0.000091,0.007014,4.077800,0.683830,59.230550
2.020951,0.013582,-3.284411,-0.240380,0.200942,0.000096,0.000421,0.016113,4.052479,0.683407,59.266926
2.002462,0.010965,-3.348684,-0.247317,0.201193,0.000069,0.000470,0.016074,4.025765,0.684973,59.306532
1.983877,0.008841,-3.413869,-0.254884,0.201188,0.000779,0.001160,0.035677,4.000764,0.687562,59.345338
1.965765,0.007590,-3.459875,-0.261784,0.201225,0.000400,0.000526,0.023887,3.976111,0.691697,59.383722
1.947035,0.005233,-3.518872,-0.267069,0.201354,0.000019,0.000397,0.013332,3.953727,0.698452,59.421066
1.927936,0.003025,-3.584889,-0.271300,0.202012,0.000375,0.000703,0.021498,3.928358,0.703892,59.457833
1.909398,0.001512,-3.634389,-0.274280,0.202242,0.000085,0.000274,0.012846,3.904731,0.710611,59.494599
1.890729,-0.000542,-3.684396,-0.276335,0.203028,-0.000376,0.000018,0.003182,3.883385,0.718716,59.531643
1.871988,-0.002705,-3.734966,-0.276483,0.204597,-0.000426,-0.000019,0.001779,3.863049,0.728205,59.567458
1.853854,-0.004587,-3.773748,-0.275094,0.207048,-0.000447,-0.000039,0.000763,3.841913,0.738804,59.601757
1.836578,-0.006336,-3.799008,-0.273471,0.209848,-0.000553,-0.000070,0.000067,3.821872,0.750182,59.635533
1.820138,-0.008174,-3.812695,-0.270941,0.213232,-0.000626,-0.000093,-0.000600,3.804538,0.762155,59.669258
1.804651,-0.010114,-3.815394,-0.267767,0.217630,-0.000691,-0.000118,-0.001476,3.785734,0.775619,59.701639
1.790357,-0.012132,-3.808267,-0.264519,0.222581,-0.000732,-0.000141,-0.002169,3.766629,0.788522,59.733556
1.777285,-0.014225,-3.793331,-0.260877,0.228039,-0.000874,-0.000172,-0.002674,3.750325,0.802759,59.765302
1.765425,-0.016308,-3.771228,-0.256629,0.234265,-0.001006,-0.000218,-0.003838,3.734227,0.816896,59.795962
1.754912,-0.018283,-3.742380,-0.252008,0.241245,-0.001132,-0.000263,-0.005211,3.720613,0.832603,59.825429
1.745791,-0.020089,-3.707014,-0.245826,0.249080,-0.001251,-0.000332,-0.007591,3.706882,0.849093,59.853645
1.738313,-0.021520,-3.661756,-0.238668,0.257540,-0.001412,-0.000426,-0.011007,3.694389,0.865478,59.881488
1.732485,-0.022575,-3.605112,-0.230234,0.266203,-0.001452,-0.000466,-0.012774,3.682308,0.883148,59.908827
1.728522,-0.023121,-3.532254,-0.220969,0.274802,-0.001640,-0.000562,-0.015835,3.671158,0.899284,59.935785
1.726235,-0.023324,-3.444118,-0.211590,0.283040,-0.001516,-0.000546,-0.016226,3.658433,0.918336,59.960807
1.725813,-0.023218,-3.341351,-0.202575,0.290724,-0.001622,-0.000626,-0.019116,3.647682,0.937053,59.984221
1.726840,-0.023113,-3.232502,-0.193006,0.297980,-0.001596,-0.000613,-0.019304,3.637153,0.956418,60.007073
1.729391,-0.022700,-3.114098,-0.183457,0.304928,-0.001686,-0.000663,-0.021368,3.627371,0.974581,60.028650
1.733245,-0.022158,-2.990783,-0.174048,0.311521,-0.002048,-0.000807,-0.024809,3.621531,0.991809,60.049856
1.737996,-0.021582,-2.866722,-0.164770,0.317789,-0.001492,-0.000587,-0.020030,3.612625,1.014134,60.069824
1.744472,-0.020538,-2.734408,-0.155297,0.323188,-0.003256,-0.000947,-0.052064,3.605616,1.028985,60.090855
1.750229,-0.019792,-2.631676,-0.146861,0.328413,0.000500,-0.000712,-0.005504,3.593264,1.057708,60.111646
1.760640,-0.018397,-2.474206,-0.135701,0.331690,-0.001975,-0.000868,-0.031256,3.592377,1.072137,60.135058
1.769369,-0.016960,-2.339466,-0.124096,0.335688,-0.001376,-0.000792,-0.031671,3.584679,1.095476,60.158298
1.779558,-0.014886,-2.186985,-0.112807,0.338278,-0.001316,-0.000797,-0.032593,3.578691,1.118811,60.179292
1.790396,-0.012839,-2.025825,-0.101068,0.339873,-0.001120,-0.000841,-0.035530,3.569283,1.141664,60.203485
1.801890,-0.010780,-1.857797,-0.090008,0.340250,-0.001151,-0.000790,-0.033704,3.562209,1.163315,60.227908
1.813596,-0.008824,-1.685583,-0.079447,0.339519,-0.001108,-0.000707,-0.030807,3.559041,1.185919,60.251218
1.825417,-0.007028,-1.513236,-0.068301,0.337956,-0.000836,-0.000668,-0.031173,3.555735,1.210740,60.273819
1.837482,-0.005166,-1.338983,-0.055197,0.336034,-0.000675,-0.000804,-0.038327,3.544157,1.234673,60.298067
1.849656,-0.002947,-1.153839,-0.043869,0.333448,-0.000907,-0.000823,-0.037693,3.547646,1.258721,60.323566
1.861364,-0.001075,-0.967911,-0.029713,0.331269,-0.000533,-0.000923,-0.044733,3.539716,1.284012,60.348839
1.873255,0.001324,-0.765943,-0.015678,0.329009,-0.000499,-0.000934,-0.045393,3.534623,1.310211,60.374579
1.884878,0.003768,-0.548843,-0.000821,0.327044,-0.000494,-0.000899,-0.045311,3.529804,1.334433,60.401071
1.896160,0.006284,-0.315809,0.014574,0.325947,-0.000352,-0.000980,-0.048709,3.523010,1.360139,60.427148
1.907220,0.008618,-0.073668,0.030980,0.326550,-0.000348,-0.001016,-0.051144,3.514138,1.385825,60.453239
1.917984,0.011015,0.181981,0.047871,0.329099,-0.000429,-0.001073,-0.053348,3.507567,1.410849,60.480239
1.928420,0.013267,0.447618,0.064543,0.333603,-0.000446,-0.000926,-0.048137,3.497683,1.436225,60.507785
1.938710,0.015340,0.723154,0.080541,0.339553,-0.000396,-0.001602,-0.068955,3.492764,1.463378,60.535753
1.948983,0.016046,0.970902,0.095713,0.347222,-0.000518,-0.003612,-0.111804,3.479241,1.487937,60.565457
1.959097,0.014817,1.171198,0.110297,0.355579,-0.000624,-0.001616,-0.082748,3.468363,1.513820,60.596308
1.969026,0.017027,1.408848,0.124193,0.363976,-0.000541,-0.000625,-0.033149,3.456549,1.538617,60.627601
1.979016,0.018669,1.687129,0.134641,0.372753,-0.000746,-0.000462,-0.025784,3.443571,1.563110,60.659577
1.989067,0.017741,1.922917,0.143209,0.381912,-0.000702,-0.000346,-0.020223,3.427061,1.586691,60.692467
1.999409,0.015610,2.116292,0.148179,0.391554,-0.000894,-0.000200,-0.012476,3.412244,1.611060,60.727182
2.009986,0.012601,2.264441,0.151804,0.401514,-0.001012,-0.000098,-0.009108,3.397226,1.634464,60.762744
2.020962,0.009315,2.374104,0.153686,0.411514,-0.001165,-0.000025,-0.005371,3.381391,1.657761,60.798099
2.032332,0.005958,2.451475,0.155076,0.421513,-0.001116,0.000013,-0.003916,3.362378,1.679498,60.834444
2.044318,0.002810,2.505265,0.154367,0.430978,-0.001288,0.000123,0.001080,3.344671,1.699772,60.871533
2.056798,-0.000273,2.537432,0.152063,0.439379,-0.001247,0.000189,0.004532,3.324962,1.720296,60.907943
2.069984,-0.003365,2.546267,0.149327,0.446741,-0.001042,0.000204,0.005963,3.302295,1.740364,60.944521
2.083961,-0.006235,2.536391,0.144540,0.452819,-0.001055,0.000293,0.010842,3.279258,1.759923,60.982919
2.098544,-0.009004,2.506796,0.138900,0.458171,-0.001538,0.001099,0.031619,3.254026,1.778755,61.023135
2.113235,-0.010823,2.475479,0.132805,0.462408,-0.001431,0.000580,0.026621,3.229826,1.796365,61.064079
2.128592,-0.013555,2.415351,0.126236,0.464937,-0.003683,0.000733,0.035998,3.202115,1.815971,61.104186
2.142068,-0.015611,2.346191,0.121882,0.465314,0.001792,0.000883,0.011253,3.176020,1.828959,61.144261
2.161044,-0.016593,2.251240,0.116045,0.463735,-0.000805,0.000482,0.024260,3.147898,1.843449,61.184153
2.177322,-0.017604,2.171112,0.111221,0.459774,-0.003194,0.000642,0.037483,3.117314,1.860483,61.222890
2.190836,-0.018016,2.105624,0.108397,0.451357,0.002723,0.001565,0.036406,3.087051,1.870054,61.260694
2.209354,-0.017109,2.048121,0.104515,0.441357,-0.001944,0.001693,0.065565,3.056380,1.886016,61.296044
2.222172,-0.016944,2.021833,0.102810,0.431357,0.004085,0.002303,0.074001,3.022650,1.893502,61.330198
2.239880,-0.016588,2.006057,0.101813,0.421357,0.000909,0.000614,0.038340,2.990378,1.904071,61.365248
2.253190,-0.018706,1.958820,0.102992,0.411357,-0.001482,-0.000158,0.004662,2.957312,1.918263,61.400088
2.262683,-0.019787,1.904158,0.109425,0.401357,0.003298,-0.001119,-0.048834,2.923129,1.922477,61.434932
2.275259,-0.019184,1.860378,0.119161,0.391357,0.001287,-0.002783,-0.089284,2.890660,1.935889,61.470249
2.283891,-0.018255,1.858444,0.133560,0.381357,0.006726,-0.005149,-0.169372,2.854257,1.939101,61.504626
2.295673,-0.017895,1.864831,0.150201,0.371357,0.003275,-0.002138,-0.118987,2.820728,1.944209,61.540227
2.301380,-0.012672,2.008579,0.167199,0.361357,0.002102,-0.002039,-0.064625,2.778305,1.955839,61.576573
2.303506,-0.010763,2.247849,0.182856,0.351357,0.001130,-0.000998,-0.058264,2.749872,1.951910,61.615095
2.302235,-0.011923,2.480628,0.192173,0.341357,0.001716,0.000766,-0.058180,2.716695,1.959354,61.651696
2.299559,-0.014774,2.669706,0.199904,0.331357,-0.000692,-0.001839,0.012157,2.677149,1.955112,61.684071
2.292555,-0.022306,2.889047,0.203594,0.321357,0.002444,0.001226,-0.029771,2.644963,1.959271,61.720380
2.286873,-0.028083,2.994856,0.205770,0.312121,0.000017,-0.001830,-0.004531,2.605619,1.947778,61.757783
2.277285,-0.036686,3.089105,0.203458,0.302121,0.002415,-0.000313,-0.008722,2.570322,1.940099,61.796987
2.268829,-0.042521,3.127092,0.199982,0.296472,0.002677,-0.000031,0.000630,2.537114,1.931529,61.840041
2.260118,-0.046702,3.140822,0.194563,0.293353,0.002808,0.000390,0.015953,2.498231,1.924622,61.882938
2.251586,-0.049272,3.139493,0.189396,0.291423,0.002161,0.000977,0.031399,2.471975,1.902700,61.927474
2.242686,-0.050249,3.130085,0.178147,0.291068,0.003103,0.001792,0.067612,2.444567,1.894770,61.972885
2.235832,-0.050478,3.114055,0.166518,0.293952,-0.001332,0.003647,0.106793,2.411249,1.867810,62.015207
2.226029,-0.049367,3.091049,0.149745,0.295157,-0.001150,0.005568,0.178757,2.383654,1.847095,62.062060
2.218302,-0.047930,3.064796,0.130661,0.298803,-0.001120,0.005882,0.243496,2.362379,1.835183,62.114258
2.212826,-0.048766,3.002462,0.113423,0.304074,-0.002283,0.003408,0.107795,2.337589,1.811593,62.160112
2.208207,-0.053008,2.713863,0.095425,0.308225,-0.003759,0.006146,0.206446,2.314453,1.787087,62.204012
2.203966,-0.048443,2.487735,0.078331,0.311813,-0.005200,0.009605,0.323446,2.292896,1.761373,62.251767
2.200230,-0.040195,2.330049,0.062831,0.314811,-0.006370,0.013858,0.456361,2.272088,1.735028,62.299657
2.196960,-0.031252,2.246621,0.047017,0.318342,-0.007508,0.018676,0.605866,2.251475,1.708205,62.346817
2.193986,-0.023740,2.217450,0.031626,0.323053,-0.006514,0.018478,0.580069,2.230651,1.681903,62.392890
2.193142,-0.023429,2.051463,0.017432,0.328747,-0.009028,0.026237,0.854020,2.211458,1.654798,62.436621
2.190663,-0.015553,2.105868,0.001069,0.335741,-0.007204,0.019592,0.714765,2.192890,1.627442,62.477620
2.190832,-0.023758,1.869795,-0.014473,0.343321,-0.000707,0.003977,0.092117,2.170957,1.598250,62.514956
2.198072,-0.042239,0.970464,-0.023967,0.350332,-0.001628,0.004840,0.172733,2.152879,1.571509,62.548667
2.205525,-0.034729,0.429431,-0.033446,0.357476,-0.002637,0.005762,0.252580,2.137141,1.547816,62.577598
2.212827,-0.023631,0.142779,-0.044516,0.364917,-0.002416,0.007683,0.301108,2.119325,1.520788,62.601635
2.220792,-0.015261,-0.036034,-0.057741,0.372400,-0.003117,0.014842,0.488456,2.102902,1.496794,62.626667
2.228234,-0.005019,-0.036871,-0.073046,0.379877,-0.002563,0.011693,0.465616,2.084135,1.468810,62.653294
2.235953,-0.007534,-0.153449,-0.088778,0.387269,-0.001109,0.021387,0.697524,2.056427,1.433688,62.681683
2.244916,-0.000325,-0.103041,-0.108114,0.393137,-0.001863,0.025141,0.828811,2.034899,1.406751,62.717331
2.252070,0.001894,-0.047256,-0.128776,0.399215,-0.000958,0.026588,0.873222,2.016376,1.381987,62.754981
2.258941,-0.000037,-0.074998,-0.145911,0.404742,-0.001527,0.029392,0.973548,2.001906,1.362146,62.788512
2.264317,-0.000053,-0.074926,-0.160191,0.410493,0.000364,0.024810,0.913691,1.978875,1.336098,62.817773
2.270869,-0.006397,-0.192063,-0.172470,0.415532,0.001243,0.009216,0.483132,1.948108,1.305041,62.848642
2.277846,-0.024319,-0.759629,-0.176122,0.418613,-0.000514,0.000397,0.012385,1.923269,1.282685,62.888518
2.283862,-0.032596,-1.661060,-0.168255,0.421848,-0.000973,-0.000140,-0.008737,1.898899,1.261311,62.930451
2.291310,-0.020598,-2.230595,-0.155212,0.424230,-0.001113,-0.000454,-0.024952,1.873896,1.238597,62.968834
2.299574,-0.002236,-2.504255,-0.143645,0.425815,-0.001668,-0.001988,-0.062888,1.845065,1.219518,63.007147
2.307337,0.013555,-2.614671,-0.130255,0.426366,-0.002935,-0.004241,-0.137515,1.816987,1.201811,63.047180
2.313933,0.024933,-2.656718,-0.117070,0.425660,-0.003929,-0.006552,-0.214068,1.787276,1.183502,63.087604
2.319711,0.032670,-2.664025,-0.106885,0.424197,-0.004565,-0.008367,-0.274980,1.757140,1.166986,63.128309
2.324900,0.037629,-2.655507,-0.098739,0.421777,-0.004963,-0.009935,-0.329194,1.725732,1.151311,63.169397
2.329681,0.040553,-2.643762,-0.093331,0.418673,-0.005021,-0.011044,-0.368234,1.693252,1.135885,63.209777
2.334199,0.042142,-2.635957,-0.091039,0.415059,-0.004855,-0.011444,-0.382459,1.661370,1.120936,63.249883
2.338499,0.043143,-2.628627,-0.093165,0.411555,-0.002121,-0.001918,-0.131463,1.629671,1.103822,63.289852
2.344917,0.052810,-2.388490,-0.104871,0.409192,-0.000251,0.000334,0.030004,1.593394,1.089912,63.327315
2.351819,0.052006,-2.137506,-0.119692,0.406785,-0.000920,0.004009,0.066704,1.567757,1.079390,63.363106
2.356822,0.046364,-2.023996,-0.136294,0.404530,0.003733,0.004032,0.190699,1.525096,1.061084,63.395159
2.365159,0.038013,-1.923405,-0.156886,0.400409,0.004360,0.008234,0.275933,1.490971,1.047668,63.430855
2.372203,0.032824,-1.884704,-0.180580,0.395106,0.002900,0.002649,0.152750,1.453739,1.033714,63.470551
2.375253,0.021168,-2.084295,-0.198738,0.387942,0.001870,0.001599,0.115252,1.425263,1.024857,63.507047
2.375271,0.016702,-2.348423,-0.209190,0.381577,0.003619,0.004237,0.050128,1.380192,1.013030,63.541218
2.375530,0.022020,-2.638300,-0.213258,0.374358,0.001575,0.000696,0.040275,1.344699,1.005756,63.579175
2.372164,0.028209,-2.849572,-0.215969,0.368999,0.000358,0.000165,0.006847,1.307572,1.001303,63.620695
2.366315,0.036383,-3.026711,-0.216578,0.364932,0.000748,0.000205,0.007642,1.271999,0.996996,63.658635
2.359816,0.045877,-3.138540,-0.214158,0.362126,0.002197,-0.001659,0.011322,1.245702,0.996445,63.695519
2.354078,0.053066,-3.192142,-0.209860,0.361541,-0.001504,0.001168,-0.008255,1.200982,0.996534,63.727659
2.344544,0.062168,-3.227080,-0.203244,0.359848,-0.000674,-0.000212,-0.007187,1.165486,1.000044,63.762729
2.335819,0.067842,-3.217961,-0.196732,0.360177,0.000733,-0.000813,-0.017389,1.140491,1.004267,63.801720
2.328924,0.070788,-3.192089,-0.189778,0.362692,-0.002264,-0.000250,-0.000104,1.095516,1.013769,63.833783
2.319896,0.072716,-3.128088,-0.184700,0.363332,-0.000918,-0.000564,-0.015080,1.061040,1.023891,63.870114
2.312930,0.071581,-3.072560,-0.181012,0.365004,-0.000806,-0.000293,-0.011438,1.026156,1.034838,63.912569
2.306893,0.069261,-3.013756,-0.177955,0.367086,-0.000787,-0.000384,-0.010048,0.991264,1.048053,63.953430
2.301723,0.065741,-2.958535,-0.177425,0.369658,-0.000832,-0.000196,-0.005150,0.961614,1.062323,63.996032
2.297226,0.061677,-2.913660,-0.176938,0.373385,-0.000431,-0.000049,-0.000181,0.926650,1.077388,64.038689
2.293957,0.057637,-2.878334,-0.180260,0.377345,-0.000409,0.000039,0.005724,0.896366,1.094024,64.081752
2.291173,0.053563,-2.863636,-0.183792,0.380532,-0.000176,0.000354,0.012647,0.862145,1.112411,64.125895
2.288947,0.050328,-2.864480,-0.190014,0.382821,-0.000471,0.000159,0.014615,0.841633,1.138203,64.170983
2.286330,0.047328,-2.889256,-0.187467,0.384384,-0.000594,-0.000252,-0.006684,0.813088,1.162259,64.216562
2.284179,0.045796,-2.925715,-0.188403,0.386062,-0.000638,-0.000113,-0.001912,0.789070,1.184704,64.262205
2.282163,0.045725,-2.953440,-0.186983,0.387521,-0.000357,-0.000072,-0.001682,0.760110,1.208302,64.308173
2.280718,0.046495,-2.968536,-0.185577,0.388503,-0.000390,-0.000162,-0.004029,0.730277,1.232421,64.353441
2.279432,0.047361,-2.975435,-0.184695,0.388656,-0.000538,-0.000134,-0.003274,0.709582,1.259960,64.398787
2.278056,0.048135,-2.974835,-0.180773,0.388666,-0.000584,-0.000434,-0.012454,0.685368,1.288216,64.442796
2.276971,0.048656,-2.967754,-0.175551,0.388214,-0.000699,-0.000305,-0.013189,0.667536,1.318472,64.485495
2.276197,0.049459,-2.942400,-0.166095,0.387748,-0.001197,-0.001255,-0.038170,0.650838,1.348542,64.528359
2.275726,0.049454,-2.908634,-0.154741,0.387693,-0.001067,-0.000633,-0.033521,0.636625,1.382023,64.570054
2.276435,0.050684,-2.828436,-0.140834,0.387547,-0.000888,-0.000551,-0.027596,0.622212,1.413779,64.610579
2.278511,0.051484,-2.694419,-0.127914,0.387504,-0.000725,-0.000476,-0.026538,0.608272,1.448743,64.648503
2.281896,0.050668,-2.526959,-0.114372,0.386908,-0.000761,-0.000596,-0.032594,0.593986,1.482795,64.685162
2.286403,0.048265,-2.338661,-0.102352,0.385895,-0.001918,0.000348,-0.069266,0.588681,1.511070,64.722555
2.290745,0.045581,-2.175491,-0.089846,0.384746,0.000638,-0.001920,-0.006566,0.576619,1.556895,64.756430
2.298573,0.040566,-1.923942,-0.078419,0.382462,-0.002254,0.000399,-0.072096,0.570039,1.584054,64.794279
2.304216,0.037115,-1.754865,-0.071516,0.380584,0.001022,-0.001636,0.004922,0.560076,1.629879,64.831577
2.313479,0.031251,-1.526501,-0.067061,0.378183,-0.000502,-0.000218,-0.012605,0.550199,1.664850,64.868883
2.321342,0.026200,-1.381599,-0.065611,0.377013,-0.000309,-0.000082,-0.003828,0.540828,1.703864,64.909945
2.329430,0.021506,-1.284263,-0.065060,0.376005,-0.000404,-0.000053,-0.001297,0.534491,1.740101,64.948455
2.337349,0.017758,-1.229123,-0.064219,0.374890,-0.000416,-0.000056,-0.002228,0.525694,1.775621,64.986962
2.345180,0.015348,-1.198706,-0.065206,0.373816,-0.000412,0.000024,0.003122,0.515846,1.811080,65.024304
2.352799,0.013713,-1.188674,-0.069411,0.373130,-0.000397,0.000152,0.012175,0.504526,1.844886,65.061171
2.360060,0.012152,-1.210335,-0.075942,0.372737,-0.000078,0.001437,0.049882,0.494394,1.880572,65.096859
2.367174,0.011916,-1.238927,-0.083913,0.372057,0.000444,0.003161,0.108878,0.487952,1.917899,65.131758
2.374170,0.012585,-1.257337,-0.092822,0.371283,0.000101,0.000924,0.064751,0.483490,1.955304,65.168384
2.380021,0.009369,-1.375031,-0.101534,0.369410,-0.000204,0.000323,0.023404,0.476732,1.991272,65.206175
2.384791,0.008150,-1.554253,-0.109738,0.366674,-0.000206,0.000266,0.020154,0.466270,2.027207,65.243527
2.388646,0.009857,-1.724102,-0.120860,0.363792,-0.000092,0.000380,0.026823,0.458210,2.063749,65.280239
2.391328,0.012526,-1.889329,-0.132855,0.360887,-0.000100,0.000351,0.026400,0.453660,2.101802,65.316722
2.392561,0.015519,-2.059238,-0.146522,0.358180,-0.000022,0.000410,0.029785,0.450812,2.138503,65.354248
2.392244,0.018872,-2.232223,-0.158906,0.354926,0.000116,0.000430,0.026357,0.447488,2.175324,65.391712
2.390437,0.022909,-2.401308,-0.168997,0.351875,-0.000091,0.000237,0.018225,0.445067,2.210586,65.428393
2.386947,0.027635,-2.558920,-0.177853,0.349302,-0.000161,0.000177,0.014789,0.446764,2.245669,65.463894
2.382032,0.032960,-2.695544,-0.185097,0.346944,-0.000069,0.000161,0.012980,0.448133,2.282199,65.497965
2.375982,0.038537,-2.808008,-0.192227,0.344932,0.000015,0.000170,0.012382,0.452498,2.320094,65.532588
2.368847,0.043832,-2.900407,-0.199328,0.343351,-0.000120,0.000103,0.009741,0.458060,2.355597,65.569244
2.360492,0.048478,-2.979975,-0.205064,0.342665,0.000148,0.000428,0.016500,0.461503,2.390062,65.605646
2.351592,0.052960,-3.037395,-0.210566,0.342757,0.000128,0.000182,0.013426,0.467035,2.425804,65.639274
2.341984,0.056240,-3.087232,-0.215779,0.343246,-0.000224,0.000030,0.005498,0.479452,2.460105,65.672462
2.331538,0.058646,-3.137006,-0.218151,0.344426,-0.000272,0.000005,0.002958,0.483997,2.495242,65.707591
2.320913,0.060794,-3.176609,-0.220342,0.346898,-0.000283,-0.000009,0.002595,0.493713,2.531086,65.743241
2.310340,0.062500,-3.206298,-0.221108,0.349963,-0.000445,-0.000070,0.001023,0.519796,2.562183,65.779215
2.299884,0.063676,-3.227444,-0.218199,0.352261,-0.000740,-0.000163,-0.003117,0.528363,2.591985,65.818079
2.289723,0.064457,-3.237707,-0.212383,0.356811,-0.001200,-0.000485,-0.012238,0.552067,2.620634,65.856086
2.280217,0.064668,-3.238139,-0.206084,0.361580,-0.001338,-0.000373,-0.012648,0.571465,2.646510,65.893484
2.271800,0.064752,-3.220769,-0.198458,0.367257,-0.001016,-0.000302,-0.009638,0.592624,2.671066,65.932493
2.265167,0.064425,-3.181223,-0.189524,0.373648,-0.001104,-0.000358,-0.012851,0.615161,2.698015,65.971299
2.260134,0.063375,-3.125502,-0.179118,0.379924,-0.000737,-0.000092,-0.034399,0.635043,2.715784,66.011626
2.257308,0.062068,-3.068814,-0.168335,0.386753,-0.001910,-0.001281,-0.038808,0.666034,2.738094,66.050440
2.255216,0.059492,-2.990189,-0.156835,0.392837,-0.003422,-0.002168,-0.098239,0.687305,2.754481,66.090793
2.253581,0.056097,-2.944146,-0.146586,0.399385,-0.005185,-0.005165,-0.128192,0.722627,2.779127,66.131599
2.252054,0.051089,-2.894959,-0.135442,0.404656,-0.005440,-0.005237,-0.161046,0.752641,2.796428,66.175535
2.252145,0.048300,-2.838561,-0.123923,0.410165,-0.007346,-0.006854,-0.236425,0.785780,2.813132,66.224027
2.252063,0.045529,-2.809899,-0.113542,0.415392,-0.009129,-0.009240,-0.309957,0.812385,2.827106,66.270364
2.251720,0.042728,-2.800736,-0.105777,0.421017,-0.010552,-0.011878,-0.386740,0.843926,2.841646,66.313413
2.251279,0.039786,-2.821057,-0.099767,0.426477,-0.010258,-0.012416,-0.381724,0.878150,2.858926,66.353340
2.252249,0.039363,-2.789860,-0.095307,0.431328,-0.008996,-0.009287,-0.324922,0.913597,2.874729,66.393485
2.255305,0.042450,-2.680748,-0.092751,0.436051,-0.001094,-0.000472,-0.015203,0.945526,2.887623,66.436390
2.266805,0.050850,-2.278689,-0.095660,0.440479,-0.001181,-0.000152,0.005698,0.979168,2.901295,66.477018
2.278248,0.045495,-2.008332,-0.099915,0.444578,-0.000864,0.000752,0.023332,1.016363,2.913080,66.512308
2.290389,0.036706,-1.852663,-0.104962,0.447990,-0.000573,0.001295,0.053464,1.051209,2.926758,66.549257
2.303061,0.028738,-1.772496,-0.110044,0.451176,-0.003365,0.003609,0.089127,1.078706,2.935744,66.586509
2.313037,0.024871,-1.735764,-0.114671,0.455091,0.002225,0.002393,0.102810,1.120554,2.949210,66.619065
2.328573,0.020520,-1.736993,-0.118234,0.457631,-0.003638,0.004342,0.146853,1.146626,2.957555,66.654944
2.338269,0.020313,-1.728717,-0.121459,0.461043,0.002204,0.003801,0.130652,1.192962,2.972444,66.690803
2.353612,0.019311,-1.760209,-0.123278,0.462704,-0.000857,0.004854,0.171906,1.228107,2.984320,66.727912
2.365735,0.020845,-1.755441,-0.125030,0.464688,-0.000764,0.005441,0.187065,1.266337,2.995243,66.769409
2.377725,0.022276,-1.746511,-0.126359,0.466609,-0.000796,0.000578,0.045266,1.302626,3.004921,66.808475
2.389520,0.018191,-1.889752,-0.123982,0.468476,-0.001068,-0.000263,-0.002628,1.341409,3.013846,66.847175
2.401686,0.019541,-2.029628,-0.116674,0.469586,-0.000411,-0.000989,-0.045207,1.379314,3.021366,66.886400
2.414096,0.024336,-2.113996,-0.106545,0.470427,0.000881,0.000040,-0.053335,1.425673,3.029018,66.926810
2.428557,0.032509,-2.107107,-0.094976,0.470544,-0.000843,-0.000497,-0.031509,1.465112,3.033713,66.970193
2.441497,0.038988,-1.993730,-0.084656,0.470907,-0.003591,-0.000912,-0.064761,1.495464,3.036487,67.014135
2.451980,0.041719,-1.874988,-0.076697,0.472285,-0.000971,-0.001650,-0.056202,1.535277,3.038651,67.050882
2.465491,0.041448,-1.731052,-0.065281,0.472954,-0.001196,-0.001423,-0.080247,1.578116,3.042572,67.087215
2.479379,0.040835,-1.580347,-0.057078,0.472969,0.002103,-0.002687,-0.036485,1.628571,3.043881,67.128505
2.496847,0.037776,-1.381652,-0.048550,0.472046,-0.001096,-0.003718,-0.131455,1.669470,3.043953,67.175282
2.511318,0.032798,-1.292549,-0.038834,0.471310,-0.001523,-0.005783,-0.204586,1.708786,3.045029,67.222363
2.525592,0.028810,-1.240203,-0.032247,0.470634,-0.000909,-0.001320,-0.105727,1.750117,3.043837,67.263939
2.540420,0.032042,-1.062606,-0.027369,0.469779,-0.000499,-0.000197,-0.015433,1.792112,3.042277,67.305510
2.555510,0.031896,-0.821214,-0.025878,0.468962,-0.000422,-0.000067,-0.004840,1.834529,3.042179,67.348191
2.570509,0.026833,-0.655562,-0.026023,0.468052,-0.000348,0.000021,0.001402,1.876214,3.041008,67.390940
2.585349,0.020905,-0.561584,-0.025756,0.466916,-0.000391,-0.000007,-0.000251,1.917239,3.041578,67.433848
2.599880,0.016244,-0.516146,-0.025896,0.465705,-0.000336,-0.000001,0.000539,1.960185,3.041448,67.476807
2.614151,0.013223,-0.498414,-0.024589,0.464351,-0.000356,-0.000048,-0.004175,2.003678,3.040910,67.520041
