vx,vy,omega,delta,T,eps_vx,eps_vy,eps_omega,pos_x,pos_y,theta
0.400000,0.020000,0.000000,-0.005954,0.510000,-0.011564,0.014271,-0.025233,1.495744,3.017380,0.525119
0.400000,0.020000,0.000000,-0.010991,0.520000,-0.075311,-0.476574,-1.994323,1.500227,3.006343,0.540164
0.370081,-0.477958,-2.029840,0.004121,0.530000,-0.238380,0.257418,1.007071,1.498105,3.008801,0.544264
0.194404,-0.039572,-1.186748,0.006979,0.540000,-0.042005,-0.000120,0.004583,1.498962,3.011975,0.546361
0.200740,-0.000887,-0.032809,0.005973,0.550000,-0.041169,-0.000082,-0.002083,1.498653,3.012609,0.546361
0.209074,0.000503,0.013228,0.004587,0.560000,-0.027210,-0.000040,-0.001009,1.500333,3.012417,0.546361
0.232363,0.000435,0.011567,0.003558,0.570000,-0.008994,-0.000001,0.000074,1.504380,3.012757,0.546361
0.274974,0.000400,0.010747,0.002695,0.580000,-0.001913,0.000103,0.002693,1.510227,3.013570,0.546361
0.325450,0.000452,0.012041,0.001703,0.590000,0.000970,0.000262,0.006899,1.517772,3.012890,0.549555
0.379767,0.000521,0.013981,0.001215,0.600000,-0.015368,0.000050,0.001880,1.523141,3.012583,0.557897
0.418551,0.000270,0.008112,0.000917,0.610000,-0.006372,0.000006,0.000241,1.530708,3.011395,0.567291
0.467213,0.000180,0.005148,0.001108,0.620000,-0.006767,-0.000015,-0.000495,1.539113,3.010915,0.576669
0.516301,0.000201,0.005470,0.001496,0.630000,0.003889,-0.000016,-0.000569,1.551229,3.012911,0.588001
0.576812,0.000292,0.007891,0.001018,0.640000,-0.016853,0.000018,0.000641,1.558585,3.010268,0.601464
0.617322,0.000259,0.007610,0.001773,0.650000,-0.007731,-0.000042,-0.001486,1.569213,3.009464,0.614606
0.667757,0.000368,0.010018,0.002360,0.660000,-0.009085,-0.000038,-0.001324,1.580306,3.009423,0.627077
0.717570,0.000532,0.014779,0.002831,0.670000,-0.007015,-0.000036,-0.001209,1.593017,3.010128,0.641157
0.770196,0.000687,0.019647,0.003237,0.680000,-0.002977,-0.000028,-0.000987,1.608179,3.012626,0.656136
0.827546,0.000838,0.024619,0.002900,0.690000,-0.012359,0.000017,0.000505,1.620493,3.009588,0.673253
0.876132,0.000851,0.026475,0.004357,0.700000,-0.002906,-0.000104,-0.003708,1.637575,3.008427,0.690819
0.934889,0.001113,0.033311,0.005644,0.710000,-0.009875,-0.000311,-0.008467,1.652708,3.007736,0.708879
0.987148,0.001297,0.040915,0.006504,0.720000,-0.009517,-0.000172,-0.006303,1.669093,3.008294,0.728285
1.040393,0.001711,0.052988,0.007320,0.730000,-0.000323,-0.000212,-0.005738,1.690972,3.009463,0.747307
1.103560,0.001972,0.065392,0.007212,0.740000,-0.016454,-0.000064,-0.002984,1.705262,3.003951,0.769704
1.150999,0.002149,0.074012,0.009388,0.750000,0.000638,-0.000161,-0.006031,1.729499,3.006157,0.791924
1.216119,0.002660,0.091734,0.009122,0.760000,-0.019414,0.000067,0.000644,1.743583,3.003165,0.815196
1.261495,0.002890,0.106284,0.010939,0.770000,-0.007466,-0.000400,-0.011583,1.766041,3.001570,0.838379
1.319576,0.002918,0.115402,0.012421,0.780000,-0.006215,-0.000241,-0.009911,1.789922,3.000487,0.859704
1.379218,0.003431,0.134482,0.013230,0.789080,-0.007473,-0.000059,-0.003205,1.813315,3.000374,0.886092
1.437932,0.003844,0.158811,0.013196,0.797565,-0.008451,0.000018,-0.000588,1.836883,2.998539,0.913996
1.495875,0.003845,0.174914,0.013461,0.803717,-0.009555,-0.000000,-0.001726,1.860778,2.999782,0.941146
1.552673,0.003731,0.185713,0.013307,0.808482,-0.000851,0.000042,0.001107,1.891978,3.002247,0.968534
1.617909,0.003531,0.194807,0.010916,0.811805,-0.016635,0.000255,0.007010,1.911757,2.998416,0.999547
1.666997,0.002832,0.188679,0.011719,0.815715,-0.007938,-0.000029,-0.003306,1.939082,2.998696,1.029538
1.724627,0.002487,0.183053,0.011862,0.818080,-0.007271,0.000019,-0.001032,1.967594,2.997516,1.057441
1.782322,0.002370,0.185816,0.011824,0.819076,-0.006644,0.000031,-0.000372,1.997568,2.996406,1.088573
1.839978,0.002155,0.189719,0.011831,0.819214,-0.001655,0.000010,-0.000097,2.033154,3.000158,1.120784
1.901771,0.001862,0.193922,0.008592,0.817344,-0.014493,0.000290,0.009682,2.056235,2.994821,1.156631
1.949708,0.000946,0.180917,0.008374,0.816684,-0.006889,0.000050,0.000348,2.088289,2.994108,1.190307
2.004551,0.000339,0.163233,0.007911,0.814836,-0.007394,0.000067,0.001217,2.120413,2.993693,1.221216
2.057879,0.000082,0.151844,0.007559,0.811704,-0.007735,0.000066,0.000962,2.152406,2.994872,1.256523
2.109665,-0.000097,0.143768,0.005669,0.807196,-0.000857,0.000132,0.006864,2.193530,2.999359,1.292583
2.166997,-0.000611,0.130495,0.000835,0.799380,0.000287,0.000295,0.017342,2.237387,2.999408,1.331616
2.223886,-0.001826,0.093196,-0.002944,0.789380,-0.035798,0.000386,0.013135,2.232520,2.998781,1.376118
2.242780,-0.002674,0.035336,-0.002316,0.787693,0.001685,-0.000044,-0.002124,2.280178,2.996866,1.401296
2.298628,-0.002311,-0.007323,-0.001534,0.777693,-0.002856,-0.000044,-0.002989,2.321496,2.997314,1.425668
2.347985,-0.001235,-0.024176,-0.001770,0.767693,-0.004885,0.000010,0.000929,2.360402,2.999312,1.469849
2.393440,-0.000479,-0.029877,-0.002857,0.757693,-0.005105,0.000054,0.004186,2.399462,2.999981,1.512763
2.436886,-0.000257,-0.038069,-0.003056,0.747693,-0.004578,-0.000001,0.000771,2.439751,3.000325,1.554319
2.479036,-0.000072,-0.047662,-0.002129,0.737693,-0.005712,-0.000063,-0.003423,2.478661,2.999243,1.596589
2.518396,0.000409,-0.049225,0.000438,0.727693,-0.004600,-0.000609,-0.021490,2.518801,2.998568,1.638891
2.557045,0.000759,-0.045318,0.005530,0.717693,-0.003313,-0.001767,-0.064151,2.559796,2.998289,1.680601
2.595224,0.000913,-0.041030,0.012021,0.707693,-0.003552,-0.000571,-0.049486,2.602125,2.997378,1.723737
2.631537,0.003628,0.033105,0.019769,0.697693,-0.001625,-0.000315,-0.027858,2.650576,3.002530,1.768034
2.667923,0.005132,0.169886,0.025305,0.687693,-0.007511,-0.000235,-0.021860,2.686507,2.997165,1.814686
2.696665,0.003749,0.307539,0.036489,0.677693,-0.004156,-0.000458,-0.043117,2.729900,2.997479,1.859270
2.726919,0.001842,0.462179,0.045938,0.667693,-0.003698,-0.000340,-0.035823,2.774387,2.996651,1.901293
2.755682,-0.001041,0.639316,0.052909,0.657693,-0.003599,-0.000189,-0.026277,2.819490,2.996770,1.945911
2.782677,-0.005737,0.810263,0.056352,0.647693,-0.001020,-0.000087,-0.012608,2.871149,3.002114,1.992185
2.810436,-0.012176,0.950237,0.051675,0.637693,-0.005584,0.000415,0.016168,2.911702,2.997536,2.041463
2.832102,-0.020181,1.019258,0.045538,0.627693,-0.002989,0.001352,0.047080,2.958282,2.999300,2.088831
2.854987,-0.026902,1.032024,0.035901,0.617693,-0.002404,0.000727,0.060313,3.006311,3.002695,2.134457
2.877161,-0.033785,0.964796,0.021598,0.607693,-0.001170,0.000640,0.058601,3.058749,3.012939,2.182563
2.899473,-0.038861,0.790148,-0.001295,0.597693,-0.003759,0.001104,0.095957,3.103516,3.015451,2.233018
2.918095,-0.041078,0.511588,-0.021770,0.587693,-0.002253,0.000854,0.083864,3.152124,3.015724,2.282448
2.936958,-0.038770,0.142429,-0.042471,0.577693,-0.002450,0.000811,0.083453,3.199251,3.023552,2.330574
2.954043,-0.031227,-0.262860,-0.066113,0.567693,-0.000340,0.000768,0.087754,3.253346,3.036224,2.379464
2.971071,-0.020363,-0.692383,-0.092914,0.557693,-0.003324,0.000729,0.089893,3.294986,3.037796,2.430387
2.982093,-0.007029,-1.138752,-0.103793,0.547693,-0.001366,0.000227,0.035576,3.347111,3.044225,2.479141
2.992727,0.011221,-1.525037,-0.119956,0.537693,-0.001669,0.000325,0.047370,3.397329,3.049521,2.526540
2.999788,0.031031,-1.826583,-0.139048,0.527693,-0.001526,0.000219,0.047138,3.447102,3.054340,2.577541
3.003219,0.049921,-2.087978,-0.154171,0.517693,-0.000835,0.000117,0.030698,3.499464,3.057271,2.628051
3.003785,0.068795,-2.312192,-0.167691,0.507693,0.000231,0.000144,0.022725,3.555594,3.063766,2.678844
3.001934,0.087892,-2.491625,-0.180077,0.497693,-0.001618,-0.000223,0.015994,3.603095,3.054903,2.731740
2.994841,0.106260,-2.630593,-0.185654,0.487693,-0.001135,-0.000221,0.005739,3.652117,3.052091,2.782810
2.985586,0.123961,-2.727425,-0.189832,0.477693,-0.000907,-0.000223,0.003569,3.701786,3.046927,2.830385
2.974166,0.140081,-2.784252,-0.194625,0.467693,-0.002236,-0.000574,0.001709,3.748283,3.038983,2.878258
2.959208,0.153287,-2.813871,-0.207171,0.457693,0.001348,0.000212,0.009078,3.804323,3.031130,2.925340
2.945290,0.164064,-2.826306,-0.221726,0.447693,-0.003272,-0.000793,0.002004,3.847617,3.013399,2.975080
2.924244,0.170722,-2.839873,-0.220040,0.437693,-0.002680,-0.000648,-0.004758,3.894064,2.992853,3.024437
2.902957,0.175356,-2.844345,-0.213246,0.433934,-0.005191,-0.001104,-0.010103,3.934054,2.968215,3.072630
2.879520,0.177516,-2.838529,-0.190036,0.429014,-0.004217,-0.000887,-0.018354,3.976276,2.944074,3.125380
2.858898,0.178322,-2.809043,-0.163573,0.430141,-0.003425,-0.001399,-0.044554,4.017278,2.919602,3.182519
2.841959,0.176989,-2.758609,-0.142499,0.433342,-0.006997,-0.001502,-0.055157,4.043399,2.883828,3.244811
2.824248,0.173850,-2.671114,-0.113477,0.433987,-0.004616,-0.002849,-0.098156,4.077355,2.854917,3.309370
2.812362,0.167654,-2.537138,-0.090980,0.437391,-0.003412,-0.001483,-0.106930,4.108390,2.816344,3.375715
2.804970,0.160447,-2.331245,-0.077751,0.440574,-0.002253,-0.001941,-0.068323,4.136404,2.779965,3.446233
2.801320,0.147426,-2.055338,-0.073788,0.444342,-0.000966,-0.000560,-0.046960,4.166875,2.744044,3.520083
2.801149,0.128892,-1.800010,-0.083146,0.446904,0.000303,0.001314,0.052461,4.200776,2.706962,3.593428
2.803219,0.107338,-1.579053,-0.100367,0.447046,0.000436,0.001241,0.091302,4.230484,2.670939,3.663678
2.805304,0.083498,-1.502841,-0.118731,0.445535,0.000004,0.000453,0.043613,4.256437,2.633254,3.727920
2.806199,0.063582,-1.630808,-0.133729,0.443324,0.000010,0.000337,0.032240,4.282524,2.595621,3.783887
2.806111,0.054173,-1.842380,-0.145950,0.440582,0.000267,0.000317,0.026393,4.312122,2.557520,3.831564
2.805035,0.054017,-2.069915,-0.156092,0.437139,-0.000042,0.000190,0.020004,4.335408,2.518350,3.873695
2.802130,0.060037,-2.278353,-0.161051,0.433582,-0.000106,0.000055,0.009182,4.364482,2.480483,3.914599
2.797820,0.069904,-2.445613,-0.162590,0.429390,-0.000099,0.000073,0.005079,4.385917,2.439070,3.956047
2.792270,0.081550,-2.558785,-0.159146,0.423932,-0.000321,-0.000126,-0.003217,4.402957,2.396447,3.998562
2.785535,0.093016,-2.619102,-0.150745,0.417736,-0.000628,-0.000240,-0.012870,4.422946,2.354666,4.042517
2.778009,0.103197,-2.625885,-0.140649,0.411042,-0.001008,-0.000379,-0.018736,4.438131,2.314381,4.087154
2.769910,0.110807,-2.583189,-0.126316,0.403751,-0.001016,-0.000418,-0.025831,4.448392,2.271434,4.130910
2.762182,0.115436,-2.486251,-0.109687,0.395284,-0.000972,-0.000534,-0.035833,4.459089,2.227230,4.174562
2.755225,0.116359,-2.335829,-0.091275,0.385662,-0.000866,-0.000558,-0.044232,4.468426,2.182891,4.219052
2.749336,0.113428,-2.125612,-0.073286,0.375662,-0.000830,-0.000680,-0.051802,4.469486,2.136285,4.264397
2.744537,0.106182,-1.864986,-0.055558,0.365662,-0.000789,-0.000704,-0.056803,4.475342,2.093675,4.310529
2.740827,0.095317,-1.561918,-0.038418,0.355662,-0.000725,-0.000651,-0.055704,4.476447,2.048959,4.355393
2.738029,0.081992,-1.226952,-0.027592,0.345662,-0.000334,-0.000423,-0.037311,4.483985,2.005131,4.399593
2.735932,0.066486,-0.910233,-0.019886,0.335662,-0.000042,-0.000317,-0.026761,4.496798,1.958484,4.444236
2.734043,0.050853,-0.650662,-0.020051,0.325662,-0.000126,0.000008,0.000380,4.502300,1.914412,4.489606
2.731505,0.036104,-0.484522,-0.020787,0.315662,-0.000119,0.000012,0.002717,4.510060,1.871173,4.535134
2.728238,0.024436,-0.409665,-0.023466,0.305662,0.000113,0.000086,0.009958,4.514006,1.823655,4.578548
2.724318,0.016431,-0.398613,-0.025520,0.295703,-0.000353,0.000081,0.007816,4.519658,1.785550,4.622730
2.719003,0.011898,-0.424618,-0.030696,0.287668,-0.000168,0.000216,0.019706,4.522001,1.742371,4.665728
2.713066,0.009375,-0.479611,-0.033198,0.279323,-0.000167,0.000102,0.009504,4.528068,1.699568,4.706476
2.706337,0.008857,-0.547822,-0.038109,0.271617,0.000071,0.000983,0.037410,4.531684,1.659075,4.748460
2.699030,0.010039,-0.602574,-0.043900,0.264659,0.000284,0.000505,0.041758,4.536197,1.616633,4.789608
2.691131,0.010106,-0.676742,-0.052286,0.258705,-0.000272,0.000409,0.032703,4.541232,1.575827,4.830629
2.681875,0.009952,-0.797997,-0.062737,0.253884,-0.000378,0.000449,0.038197,4.549074,1.538474,4.871879
2.671666,0.010583,-0.948415,-0.071415,0.249237,-0.000149,0.000373,0.030048,4.565657,1.495356,4.910607
2.660928,0.012563,-1.112132,-0.090017,0.248181,-0.000322,0.000772,0.061590,4.559583,1.455424,4.949452
2.648850,0.014143,-1.311219,-0.105095,0.245423,0.000239,0.002584,0.097314,4.553307,1.418494,4.989456
2.636119,0.018694,-1.495138,-0.118761,0.241804,0.001504,0.004490,0.165270,4.550647,1.381738,5.027853
2.623273,0.024883,-1.615248,-0.129397,0.237564,0.001032,0.001609,0.114055,4.553046,1.344846,5.063918
2.608609,0.026197,-1.787291,-0.140959,0.234340,-0.000273,0.000375,0.028202,4.556357,1.309169,5.099819
2.591468,0.027935,-2.039895,-0.148772,0.231827,-0.000505,0.000205,0.017698,4.552821,1.274208,5.135279
2.573269,0.033640,-2.250524,-0.153105,0.229438,-0.000166,0.000085,0.009681,4.544730,1.232220,5.169059
2.554646,0.041069,-2.407590,-0.155892,0.225836,-0.000888,0.000177,0.011850,4.543514,1.207490,5.205400
2.534563,0.048543,-2.508534,-0.160340,0.223488,0.000258,0.000742,0.029506,4.539971,1.175442,5.237443
2.514835,0.054831,-2.562828,-0.163981,0.221172,0.000886,0.001164,0.043274,4.533827,1.142346,5.264940
2.495171,0.059101,-2.586559,-0.169788,0.218786,0.001620,0.001770,0.063902,4.523805,1.111942,5.295225
2.475592,0.061235,-2.592471,-0.174700,0.216152,0.002261,0.002215,0.077706,4.517779,1.080180,5.326157
2.456210,0.061477,-2.591666,-0.179929,0.214014,0.002914,0.002719,0.093879,4.509071,1.050044,5.357744
2.437123,0.060388,-2.587442,-0.185306,0.212392,0.003528,0.003240,0.110189,4.497926,1.020836,5.389375
2.418444,0.058406,-2.582723,-0.190564,0.211850,0.006715,0.002686,0.091429,4.484648,0.990544,5.421424
2.402894,0.054838,-2.613663,-0.195650,0.213052,-0.005181,-0.000224,-0.006706,4.476330,0.964265,5.455009
2.375544,0.049149,-2.753782,-0.195322,0.218255,-0.000903,0.000006,0.006732,4.460654,0.938915,5.487326
2.353689,0.047996,-2.850585,-0.196429,0.223119,-0.001034,-0.000080,0.001955,4.444284,0.916140,5.518317
2.332459,0.048344,-2.928456,-0.200950,0.224421,-0.000517,0.000260,0.012010,4.428259,0.894428,5.550848
2.311735,0.049236,-2.984329,-0.207215,0.223753,-0.000258,0.000195,0.014662,4.412493,0.872155,5.583458
2.290882,0.049328,-3.034437,-0.212302,0.222866,-0.000414,0.000035,0.006527,4.391978,0.852598,5.615326
2.269660,0.048736,-3.088742,-0.215988,0.221840,-0.000496,0.000001,0.004854,4.372821,0.834509,5.647973
2.248266,0.048008,-3.137387,-0.217909,0.221071,-0.000384,0.000091,0.005307,4.354872,0.816111,5.681607
2.227155,0.047260,-3.175335,-0.220095,0.220372,-0.000098,0.000262,0.010657,4.335982,0.799437,5.715484
2.206417,0.046261,-3.201005,-0.220719,0.220941,-0.000120,0.000301,0.011837,4.316930,0.783796,5.748927
2.186083,0.044770,-3.218123,-0.220664,0.222635,-0.000390,0.000080,0.007081,4.294105,0.770634,5.781961
2.166101,0.042542,-3.233935,-0.220714,0.224213,-0.000707,-0.000070,0.000951,4.271944,0.759068,5.816117
2.146473,0.039885,-3.251714,-0.221062,0.225306,-0.000146,-0.000021,0.000078,4.237279,0.735502,5.851457
2.128011,0.037198,-3.267250,-0.226607,0.222373,-0.000642,0.000025,0.008734,4.228735,0.737085,5.893793
2.108762,0.034055,-3.285091,-0.227494,0.223530,-0.000490,0.000001,0.002377,4.205893,0.727076,5.931572
2.090229,0.030955,-3.308658,-0.230210,0.223624,-0.000467,0.000031,0.004304,4.182991,0.719541,5.961459
2.072037,0.027974,-3.332848,-0.233749,0.223183,-0.000308,0.000084,0.005633,4.159718,0.713727,5.995104
2.054144,0.025050,-3.359997,-0.239238,0.221873,0.000195,0.000131,0.005995,4.124362,0.697341,6.029943
2.036633,0.022079,-3.394881,-0.249487,0.216755,0.000438,0.000678,0.024292,4.113835,0.705517,6.071267
2.018377,0.019392,-3.428099,-0.258607,0.212795,0.000924,0.000550,0.021820,4.087702,0.703384,6.109197
1.999865,0.016239,-3.475852,-0.268684,0.206677,0.000276,0.000238,0.009997,4.064074,0.701878,6.141816
1.979688,0.012855,-3.545340,-0.276612,0.201127,0.000334,0.000219,0.008150,4.039360,0.701917,6.178067
1.958836,0.010088,-3.616678,-0.281495,0.197823,0.000518,0.000353,0.009744,4.014754,0.703611,6.214809
1.937951,0.008011,-3.678817,-0.282046,0.200392,-0.000024,0.000153,0.006220,3.990261,0.708002,6.252622
1.917254,0.006084,-3.730309,-0.278591,0.206946,-0.001238,-0.000217,-0.004100,3.966322,0.713373,6.291488
1.896844,0.004131,-3.772729,-0.274652,0.215658,-0.002399,-0.000536,-0.011723,3.943110,0.719860,6.330766
1.877044,0.002111,-3.803366,-0.271331,0.223969,-0.002052,-0.000383,-0.009390,3.920186,0.727258,6.370321
1.859301,0.000311,-3.815257,-0.268623,0.232207,-0.001264,-0.000220,-0.003887,3.898272,0.735717,6.409711
1.843924,-0.001577,-3.810386,-0.266970,0.239678,-0.002251,-0.000433,-0.008162,3.876571,0.745581,6.448265
1.828986,-0.004099,-3.805794,-0.264781,0.247496,-0.001912,-0.000317,-0.006601,3.855314,0.756563,6.486710
1.815884,-0.006561,-3.795179,-0.261815,0.255546,-0.000997,-0.000154,-0.002396,3.835846,0.767961,6.525041
1.805290,-0.008773,-3.775380,-0.258549,0.264287,-0.000782,-0.000177,-0.004308,3.807408,0.771322,6.562243
1.796493,-0.010917,-3.753909,-0.256198,0.273370,-0.001881,-0.000364,-0.004526,3.798761,0.794376,6.596863
1.788137,-0.013108,-3.732658,-0.251605,0.282788,-0.003092,-0.000918,-0.020299,3.782006,0.805858,6.631314
1.780328,-0.015345,-3.719484,-0.246488,0.292788,-0.004543,-0.001590,-0.038123,3.764880,0.821334,6.665915
1.772949,-0.017397,-3.711331,-0.241391,0.302421,-0.006014,-0.002304,-0.056919,3.747986,0.836922,6.699028
1.765920,-0.019196,-3.706022,-0.236385,0.311787,-0.007554,-0.003120,-0.078485,3.732042,0.853948,6.731395
1.759111,-0.020828,-3.703958,-0.230102,0.321688,-0.009261,-0.004168,-0.106576,3.716195,0.871872,6.762729
1.752527,-0.022264,-3.703130,-0.222537,0.331688,-0.006671,-0.002593,-0.081366,3.697711,0.885150,6.793703
1.750569,-0.020638,-3.641564,-0.212850,0.341688,-0.002847,-0.001759,-0.044003,3.689978,0.908118,6.821859
1.754282,-0.018403,-3.512555,-0.203860,0.351439,-0.004545,-0.003279,-0.087008,3.680289,0.928137,6.848941
1.757792,-0.019034,-3.425299,-0.192917,0.361427,-0.006635,-0.005455,-0.149072,3.667570,0.949604,6.875922
1.761192,-0.020625,-3.375249,-0.180835,0.371191,-0.008639,-0.007617,-0.210854,3.655255,0.970513,6.901726
1.764711,-0.021695,-3.339376,-0.169506,0.380120,-0.010128,-0.009871,-0.277706,3.641207,0.991420,6.926803
1.768648,-0.022370,-3.316544,-0.156827,0.388395,-0.006936,-0.004401,-0.170324,3.633866,1.015544,6.949971
1.777604,-0.014472,-3.114619,-0.146400,0.395128,-0.002145,-0.002263,-0.063161,3.620175,1.037996,6.974125
1.791963,-0.009060,-2.814189,-0.137329,0.400235,-0.003494,-0.004198,-0.118798,3.608656,1.060915,6.999830
1.805357,-0.010443,-2.633993,-0.128219,0.404152,-0.004650,-0.006402,-0.184987,3.599241,1.083690,7.025229
1.818388,-0.013184,-2.541877,-0.117275,0.407141,-0.005507,-0.008833,-0.258592,3.589286,1.107481,7.049968
1.831425,-0.014905,-2.495185,-0.104867,0.408982,-0.003453,-0.003642,-0.159927,3.577874,1.134775,7.075157
1.847326,-0.007463,-2.285338,-0.092554,0.408991,-0.000944,-0.001015,-0.043062,3.570681,1.161647,7.102309
1.865649,-0.001095,-1.956792,-0.078462,0.408106,-0.001186,-0.003293,-0.098375,3.560593,1.189325,7.131300
1.883617,-0.001235,-1.723494,-0.064305,0.406549,-0.001603,-0.007060,-0.214768,3.555142,1.217560,7.160691
1.901237,-0.004042,-1.609895,-0.046258,0.404939,-0.002035,-0.011335,-0.347845,3.549991,1.246219,7.189975
1.918576,-0.005674,-1.546403,-0.026213,0.403667,-0.002413,-0.016421,-0.506451,3.545231,1.271321,7.219743
1.935458,-0.006450,-1.514039,-0.006034,0.404534,-0.001196,-0.006325,-0.308341,3.537030,1.302354,7.248175
1.953393,0.008675,-1.138256,0.016314,0.407096,-0.000713,-0.005659,-0.174255,3.531737,1.328059,7.277297
1.971380,0.016163,-0.606210,0.035335,0.411849,-0.000625,-0.010280,-0.320963,3.522541,1.358442,7.307087
1.989493,0.012463,-0.311427,0.054552,0.417756,-0.000356,-0.014619,-0.457598,3.513862,1.393412,7.336814
2.007662,0.007936,-0.153165,0.078667,0.424929,-0.000300,-0.020061,-0.628324,3.507927,1.417498,7.371035
2.025171,0.004531,-0.074671,0.102976,0.434178,0.000450,-0.024826,-0.778241,3.497158,1.446851,7.404178
2.042550,0.002611,-0.031708,0.124322,0.443657,0.001210,-0.029681,-0.931710,3.482492,1.476318,7.435200
2.059810,0.000354,-0.045315,0.142885,0.453540,0.001094,-0.016494,-0.665742,3.473250,1.511702,7.469319
2.076078,0.015592,0.291431,0.163678,0.461316,0.000035,-0.001141,-0.050387,3.456880,1.536976,7.507488
2.090755,0.036000,1.249325,0.167678,0.469558,-0.000600,-0.000149,-0.007750,3.441366,1.565060,7.546605
2.106658,0.033687,1.944543,0.164572,0.479558,-0.001441,0.000521,0.016120,3.423904,1.594286,7.584819
2.123317,0.022426,2.360536,0.157817,0.489558,-0.003022,0.001735,0.052092,3.401090,1.623779,7.625633
2.139431,0.009844,2.587066,0.149820,0.499558,-0.004537,0.002908,0.088389,3.379396,1.650952,7.670045
2.154790,-0.001428,2.696327,0.142158,0.509203,-0.003284,0.001335,0.062133,3.355598,1.677893,7.716770
2.172138,-0.013145,2.678926,0.136917,0.516478,-0.001009,0.000340,0.013581,3.332319,1.701965,7.764361
2.191938,-0.021771,2.575147,0.132421,0.521336,-0.000712,0.000269,0.011219,3.307306,1.726682,7.811695
2.212069,-0.025981,2.471608,0.127998,0.524451,-0.000577,0.000258,0.011192,3.278968,1.749742,7.858625
2.232465,-0.027760,2.376997,0.123413,0.525236,-0.000640,0.000268,0.011469,3.250841,1.772125,7.906794
2.252823,-0.028427,2.290823,0.121279,0.524098,-0.000382,0.000153,0.005626,3.220204,1.793019,7.955219
2.273110,-0.028329,2.220556,0.119826,0.519989,-0.000272,0.000116,0.003764,3.188917,1.812917,8.003340
2.292867,-0.027950,2.169776,0.119961,0.513105,-0.000199,0.000036,-0.000395,3.157184,1.831851,8.051042
2.311712,-0.027566,2.139233,0.121429,0.503105,0.000115,-0.000031,-0.004031,3.124342,1.849382,8.096469
2.329342,-0.027325,2.130105,0.123775,0.493105,0.000676,-0.000350,-0.012596,3.089821,1.866416,8.139350
2.346027,-0.027692,2.134296,0.125903,0.483105,0.000687,-0.000189,-0.011969,3.054678,1.882782,8.179431
2.361238,-0.028217,2.153472,0.129567,0.473105,0.000128,-0.000131,-0.009727,3.018953,1.897734,8.217893
2.374219,-0.028968,2.191770,0.132975,0.463105,0.000263,-0.000122,-0.008492,2.982560,1.912672,8.256111
2.385731,-0.030330,2.238860,0.134825,0.453105,0.000104,-0.000047,-0.004833,2.946509,1.926116,8.294202
2.395604,-0.032399,2.284096,0.135780,0.443105,0.000204,-0.000005,-0.002144,2.908324,1.938016,8.332850
2.404157,-0.034948,2.320723,0.133790,0.433105,-0.000018,0.000131,0.005073,2.871180,1.945929,8.372405
2.411314,-0.037888,2.339358,0.129555,0.423105,0.000263,0.000623,0.020683,2.832069,1.956043,8.411864
2.417781,-0.040547,2.340994,0.124603,0.413105,0.000391,0.000391,0.023860,2.791453,1.962054,8.451536
2.423497,-0.043438,2.314528,0.116962,0.403105,-0.000125,0.000354,0.020536,2.749097,1.964284,8.492574
2.428056,-0.045959,2.245343,0.112965,0.393105,0.000037,0.000233,0.011898,2.711694,1.971106,8.535327
2.431921,-0.046534,2.163076,0.104785,0.383105,-0.000145,0.000414,0.023794,2.671289,1.969334,8.577084
2.435176,-0.046112,2.068624,0.099128,0.373105,-0.000003,0.000307,0.017410,2.631027,1.967845,8.617654
2.438006,-0.044676,1.963991,0.092789,0.363105,0.000116,0.000340,0.020297,2.589296,1.964550,8.659430
2.440469,-0.042475,1.858287,0.084569,0.353105,0.000138,0.001492,0.051340,2.548631,1.959573,8.702891
2.442595,-0.039192,1.767410,0.079423,0.343105,0.000299,0.000702,0.044588,2.508303,1.953193,8.748079
2.444333,-0.037130,1.670246,0.078294,0.333105,0.000134,0.000077,0.004001,2.468714,1.945586,8.793648
2.445054,-0.034611,1.563451,0.077575,0.323105,0.000048,0.000068,0.002320,2.430918,1.938685,8.838691
2.444843,-0.030954,1.493562,0.083860,0.313105,0.000349,-0.000326,-0.021299,2.391143,1.928632,8.881125
2.443682,-0.026573,1.477549,0.090712,0.303105,0.000308,-0.000355,-0.022880,2.352175,1.918678,8.922644
2.441183,-0.022660,1.521355,0.102853,0.293105,0.000470,-0.000605,-0.038259,2.314102,1.907649,8.963687
2.437146,-0.019551,1.621297,0.114243,0.283105,0.000491,-0.000564,-0.034278,2.276690,1.895897,9.002099
2.431431,-0.018006,1.764838,0.123258,0.273105,0.001179,-0.001466,-0.051089,2.239945,1.883087,9.038820
2.424776,-0.019615,1.895459,0.127372,0.263105,0.002505,-0.002163,-0.073668,2.203259,1.868919,9.073699
2.418113,-0.023157,1.975417,0.130512,0.253105,0.003731,-0.002669,-0.089951,2.168143,1.853817,9.107342
2.411334,-0.026532,2.019782,0.127855,0.243105,0.004739,-0.002428,-0.080286,2.134553,1.837130,9.140087
2.404695,-0.029215,2.035298,0.121079,0.233105,0.003217,-0.000594,-0.025275,2.103437,1.819462,9.171334
2.396037,-0.029981,2.054606,0.110284,0.223105,-0.000293,0.000764,0.038087,2.071940,1.799637,9.200800
2.383821,-0.031018,2.060807,0.097425,0.213105,-0.000446,0.000644,0.037573,2.042828,1.778956,9.228669
2.371525,-0.033747,1.974680,0.081491,0.203105,-0.000394,0.003035,0.103510,2.014174,1.757279,9.256124
2.359359,-0.033425,1.864409,0.064535,0.193105,-0.000369,0.001759,0.108369,1.985773,1.734856,9.283050
2.347437,-0.035180,1.668987,0.050004,0.183105,-0.000403,0.000887,0.052356,1.963822,1.711712,9.309100
2.335342,-0.035314,1.371779,0.037125,0.173105,-0.000164,0.000788,0.047263,1.940023,1.688582,9.334044
2.323286,-0.031597,1.080344,0.027576,0.163105,-0.000157,0.000595,0.035806,1.916498,1.665138,9.359753
2.310883,-0.026040,0.822080,0.022753,0.153105,-0.000092,0.000321,0.018269,1.893672,1.642059,9.386448
2.298021,-0.019743,0.623484,0.030924,0.143105,-0.000026,-0.000443,-0.028703,1.870436,1.619527,9.415768
2.284345,-0.011875,0.542253,0.056141,0.133105,0.000325,-0.001536,-0.090271,1.848375,1.596802,9.452779
2.269422,-0.001953,0.651537,0.096141,0.123105,0.000977,-0.002285,-0.127994,1.823504,1.573550,9.497680
2.252310,0.008583,0.985235,0.136141,0.113105,0.001071,-0.002005,-0.108118,1.804360,1.553376,9.548243
2.231980,0.015605,1.465567,0.176141,0.103105,0.001233,-0.001600,-0.082180,1.784216,1.531928,9.600582
2.208175,0.017860,1.989991,0.216141,0.093105,0.001359,-0.001237,-0.061433,1.766958,1.510143,9.652090
2.180559,0.016119,2.485850,0.256141,0.083105,0.001290,-0.000871,-0.041825,1.753948,1.488293,9.701716
2.148720,0.011695,2.918034,0.296141,0.073105,0.001202,-0.000544,-0.024910,1.744101,1.465073,9.745682
2.112575,0.005720,3.270527,0.311340,0.063105,0.000279,-0.000106,-0.006652,1.733614,1.444457,9.781823
2.073379,-0.001051,3.532095,0.322766,0.053105,0.000026,0.000017,-0.002649,1.728575,1.422209,9.810059
2.032059,-0.007122,3.712051,0.329631,0.043105,-0.000287,0.000182,0.001455,1.722625,1.398794,9.828725
1.989026,-0.011157,3.833273,0.332587,0.033105,-0.000220,0.000137,0.000661,1.719239,1.376748,9.835272
1.945171,-0.012774,3.909961,0.328354,0.023105,-0.000322,0.000163,0.001953,1.717345,1.355056,9.835272
1.901132,-0.011755,3.956863,0.319079,0.013105,-0.000071,0.000088,0.001492,1.719410,1.334644,9.835272
1.857912,-0.008506,3.979580,0.314397,0.003105,0.000213,0.000017,-0.000079,1.723902,1.315399,9.835272
1.815365,-0.003188,3.988498,0.309737,-0.006895,0.000248,-0.000053,-0.002073,1.725832,1.299257,9.835272
1.773428,0.003641,3.988698,0.307462,-0.016895,0.000953,-0.000148,-0.000784,1.729765,1.277640,9.835272
1.732676,0.011506,3.990263,0.304035,-0.026895,0.000678,-0.000104,-0.002046,1.732972,1.269608,9.835272
1.692360,0.019708,3.989106,0.303900,-0.036895,0.000609,-0.000173,-0.004301,1.738408,1.257001,9.835272
1.652411,0.027972,3.990444,0.302601,-0.046895,0.000435,-0.000110,-0.002587,1.743186,1.245796,9.835272
1.612852,0.035927,3.993676,0.304038,-0.056895,0.000278,-0.000176,-0.005918,1.746048,1.235725,9.835272
1.573454,0.043474,3.997909,0.304074,-0.066895,-0.000181,-0.000064,-0.003852,1.749812,1.227779,9.835272
1.534044,0.050507,4.001748,0.308520,-0.076895,0.000154,-0.000223,-0.008784,1.757832,1.209804,9.835272
1.494955,0.057253,4.009222,0.306840,-0.086895,-0.000965,0.000148,-0.001077,1.760901,1.204467,9.835272
1.455374,0.063273,4.008895,0.316051,-0.096895,-0.001916,-0.000284,-0.021351,1.760170,1.212641,9.835272
1.414260,0.069483,4.010678,0.315162,-0.106895,-0.002260,0.000188,-0.003826,1.761903,1.210137,9.835272
1.373449,0.075053,4.012018,0.320932,-0.116895,-0.002445,-0.000144,-0.016692,1.762601,1.208769,9.835272
1.332310,0.080239,4.004787,0.322027,-0.126895,-0.003314,0.000145,-0.009416,1.761897,1.207675,9.835272
1.290709,0.084902,3.989490,0.317371,-0.130000,-0.002260,0.000398,0.004957,1.766224,1.193205,9.835272
1.251959,0.087933,3.943893,0.306259,-0.131063,-0.007785,0.001080,0.008433,1.761095,1.208978,9.835272
1.210115,0.089001,3.829123,0.300000,-0.123496,-0.006170,0.000589,0.000223,1.760857,1.210455,9.835272
1.172218,0.089062,3.681295,0.300000,-0.127322,-0.005745,0.000137,-0.013890,1.760188,1.213188,9.835272
1.134797,0.089827,3.550256,0.300000,-0.137322,-0.005954,0.000074,-0.015135,1.760109,1.215616,9.835272
1.096691,0.090747,3.442264,0.300000,-0.147322,-0.003125,0.000004,-0.008471,1.760848,1.204264,9.835272
1.061084,0.091310,3.351470,0.300000,-0.157322,-0.006255,-0.000031,-0.016615,1.759374,1.211135,9.835272
1.021995,0.091486,3.255004,0.300000,-0.167322,-0.008523,-0.000148,-0.024015,1.754473,1.227353,9.835272
0.980314,0.091191,3.149869,0.300000,-0.157322,-0.007107,-0.000188,-0.019211,1.754100,1.230764,9.835272
0.941832,0.090541,3.049453,0.300000,-0.147322,-0.007750,-0.000260,-0.020783,1.753692,1.235802,9.835272
0.904366,0.089548,2.947744,0.300000,-0.137322,-0.008485,-0.000348,-0.023315,1.750441,1.240320,9.835272
0.867751,0.088243,2.844755,0.300000,-0.127322,-0.008449,-0.000405,-0.023643,1.747563,1.246437,9.835272
0.832703,0.086706,2.743641,0.300000,-0.117322,-0.008388,-0.000456,-0.023856,1.746543,1.252371,9.838250
0.799165,0.084985,2.644880,0.300000,-0.107322,-0.000526,-0.000020,-0.000923,1.750349,1.237022,9.841281
0.774933,0.083606,2.571979,0.296718,-0.097322,-0.009367,-0.000380,-0.020251,1.747382,1.244759,9.841335
0.743438,0.081077,2.463422,0.297464,-0.087322,-0.016585,-0.001198,-0.050924,1.741985,1.272507,9.843983
0.705843,0.078316,2.340754,0.296154,-0.077322,-0.005814,-0.000349,-0.014457,1.741425,1.268233,9.846632
0.680428,0.076224,2.256388,0.286617,-0.067322,-0.012397,-0.000414,-0.018436,1.737359,1.284687,9.847619
0.650392,0.072206,2.122025,0.279869,-0.057322,-0.008592,-0.000296,-0.012128,1.734042,1.289521,9.848607
0.625455,0.068346,1.991391,0.270000,-0.047322,-0.006066,0.000054,0.000995,1.733929,1.287762,9.848607
0.604381,0.064413,1.865741,0.256236,-0.037322,-0.011475,-0.000219,-0.008202,1.731049,1.303180,9.848607
0.579313,0.059369,1.709677,0.247617,-0.027322,-0.008173,0.001043,0.022675,1.732780,1.309062,9.848607
0.558402,0.056564,1.609795,0.237666,-0.017322,-0.007750,0.000284,0.010604,1.732317,1.314358,9.848607
0.539254,0.052104,1.484587,0.229571,-0.007322,-0.006555,-0.000135,-0.003732,1.731253,1.320163,9.848607
0.522137,0.048367,1.367537,0.223398,0.002678,-0.006287,-0.000146,-0.004117,1.730767,1.325279,9.848607
0.506076,0.045657,1.283203,0.219772,0.012678,-0.003715,-0.000099,-0.002682,1.731566,1.324206,9.848607
0.493494,0.043715,1.222662,0.216160,0.022678,-0.006521,-0.000336,-0.010010,1.729310,1.332934,9.848607
0.479133,0.041832,1.165311,0.215781,0.032678,-0.005007,-0.000281,-0.008898,1.729871,1.336489,9.848607
0.467205,0.040719,1.129130,0.216300,0.042678,-0.005677,-0.000398,-0.011882,1.729980,1.339785,9.848607
0.455629,0.039825,1.101171,0.217430,0.052678,-0.005010,-0.000416,-0.012712,1.728872,1.341904,9.848607
0.445767,0.039173,1.079816,0.219123,0.062678,-0.003790,-0.000359,-0.011097,1.730266,1.343866,9.848607
0.438168,0.038819,1.067583,0.220211,0.072678,-0.004480,-0.000502,-0.014352,1.728267,1.344496,9.848607
0.430969,0.038339,1.053411,0.221285,0.082678,-0.004649,-0.000472,-0.014359,1.728438,1.345941,9.848607
0.424660,0.038044,1.042836,0.221939,0.092678,-0.003336,-0.000292,-0.008771,1.729834,1.346610,9.848607
0.420765,0.037901,1.038313,0.221473,0.102678,-0.003329,-0.000250,-0.007366,1.731776,1.346198,9.848607
0.418015,0.037628,1.030542,0.219541,0.112678,-0.004155,-0.000154,-0.004290,1.731987,1.345901,9.848607
0.415583,0.037248,1.020267,0.216903,0.122678,-0.003989,-0.000176,-0.004651,1.731399,1.345789,9.848607
0.414462,0.036653,1.003997,0.213526,0.132678,-0.003571,-0.000185,-0.004934,1.732052,1.346265,9.848607
0.414835,0.036030,0.986769,0.209189,0.142678,-0.002739,-0.000090,-0.001948,1.732672,1.345503,9.848607
0.417125,0.035460,0.971705,0.202784,0.152678,-0.002881,-0.000009,0.000828,1.731816,1.344108,9.848607
0.420411,0.034675,0.951562,0.195474,0.162678,-0.003042,0.000071,0.003512,1.733788,1.343245,9.848607
0.424633,0.033779,0.928403,0.185972,0.172678,-0.001949,0.000177,0.006969,1.733292,1.338997,9.848607
0.431098,0.032583,0.897424,0.174261,0.182678,-0.003101,0.000135,0.006049,1.732505,1.337853,9.848607
0.437538,0.030952,0.854540,0.161117,0.192678,-0.002488,0.000339,0.012574,1.733509,1.334413,9.848607
0.445666,0.029238,0.809930,0.144947,0.202678,-0.001504,0.000460,0.016924,1.732473,1.331146,9.848607
0.455908,0.026950,0.750234,0.125870,0.212678,-0.001753,0.000646,0.023046,1.731966,1.327127,9.848607
0.466975,0.024185,0.677585,0.102321,0.222678,-0.002275,0.003987,0.104721,1.734284,1.322680,9.848607
0.478592,0.023662,0.655672,0.074295,0.232678,-0.002001,0.001655,0.060004,1.734059,1.319332,9.848607
0.491707,0.016696,0.489401,0.042951,0.242678,-0.001637,0.005406,0.141369,1.732869,1.313130,9.848607
0.505853,0.014578,0.409047,0.007344,0.252678,-0.001384,0.002424,0.086830,1.733603,1.306807,9.848607
0.520927,0.005062,0.179427,-0.032656,0.262678,-0.000483,0.001718,0.060102,1.734287,1.299338,9.848607
0.537286,-0.003844,-0.075694,-0.072656,0.272678,-0.000477,0.002099,0.071856,1.734897,1.292247,9.848607
0.554101,-0.012070,-0.306477,-0.109248,0.282678,-0.000333,0.006710,0.175335,1.734375,1.285043,9.850096
0.571485,-0.015702,-0.436273,-0.141467,0.292678,-0.000730,0.002953,0.103244,1.732882,1.276179,9.855486
0.588431,-0.026683,-0.709241,-0.170518,0.302678,-0.000442,0.001375,0.047668,1.732462,1.267121,9.864662
0.606566,-0.035928,-0.989965,-0.196151,0.312678,-0.001294,0.001200,0.041837,1.729201,1.256272,9.875294
0.624902,-0.043342,-1.213763,-0.221150,0.322678,-0.001053,0.001192,0.041504,1.725237,1.245117,9.887099
0.644199,-0.050435,-1.425913,-0.243998,0.332678,-0.001146,0.001152,0.039888,1.723122,1.233626,9.901016
0.664033,-0.057298,-1.634222,-0.264255,0.342678,-0.002285,0.001119,0.038952,1.724246,1.224138,9.915675
0.683428,-0.063780,-1.834752,-0.280847,0.352678,-0.001040,0.000905,0.031321,1.720624,1.210894,9.928285
0.705016,-0.069737,-2.025574,-0.293211,0.361616,-0.000652,0.000680,0.023515,1.717402,1.199568,9.940717
0.727884,-0.074908,-2.198772,-0.299755,0.370126,-0.002603,0.000500,0.018494,1.712138,1.185065,9.954542
0.749985,-0.078754,-2.337968,-0.300000,0.379164,-0.001725,0.000112,0.004822,1.703719,1.171881,9.969544
0.774397,-0.081119,-2.439852,-0.300000,0.389164,-0.002131,0.000116,0.005494,1.696523,1.157416,9.986684
0.799599,-0.082786,-2.518974,-0.300000,0.399164,-0.001249,0.000059,0.002961,1.688903,1.143982,10.004965
0.826491,-0.084287,-2.594779,-0.300000,0.409164,-0.000772,0.000028,0.001569,1.680551,1.131303,10.022794
0.854579,-0.085689,-2.670898,-0.300000,0.419164,-0.000765,0.000024,0.001468,1.671969,1.116678,10.040267
0.883448,-0.086974,-2.747440,-0.300000,0.429164,-0.002802,0.000100,0.006904,1.660239,1.103357,10.058087
0.910907,-0.088049,-2.818724,-0.300000,0.439164,-0.000602,0.000012,0.000981,1.651738,1.089061,10.076325
0.941315,-0.089082,-2.896556,-0.300000,0.449164,-0.000872,0.000017,0.001673,1.634922,1.073214,10.094616
0.972028,-0.089941,-2.973642,-0.300000,0.459164,-0.001816,0.000033,0.004040,1.621770,1.059637,10.114362
1.002334,-0.090603,-3.048114,-0.300000,0.469164,-0.000540,0.000002,0.000598,1.607156,1.045042,10.135445
1.034624,-0.091107,-3.126111,-0.300000,0.479164,-0.001924,0.000011,0.004054,1.591591,1.033663,10.156190
1.065884,-0.091375,-3.199523,-0.300000,0.489164,-0.000636,-0.000004,0.000836,1.571630,1.020798,10.176206
1.099062,-0.091432,-3.275744,-0.297423,0.499164,-0.000876,-0.000175,-0.004553,1.550673,1.008264,10.197754
1.132681,-0.090836,-3.341352,-0.289701,0.509164,-0.001515,-0.000509,-0.014785,1.532400,0.996828,10.222209
1.166831,-0.088917,-3.375930,-0.277925,0.519164,-0.001495,-0.000788,-0.025006,1.510297,0.986814,10.246232
1.202342,-0.085521,-3.369247,-0.262956,0.529164,-0.001431,-0.001004,-0.033656,1.487562,0.975951,10.270748
1.239246,-0.080791,-3.319103,-0.246323,0.539164,-0.001165,-0.001162,-0.040520,1.463550,0.968780,10.296787
1.277517,-0.075161,-3.232453,-0.227438,0.549164,-0.001568,-0.001341,-0.046766,1.439880,0.961102,10.323754
1.316481,-0.068703,-3.109065,-0.208691,0.559164,-0.000962,-0.001292,-0.047985,1.414273,0.954429,10.350645
1.356932,-0.061832,-2.958326,-0.190322,0.569164,-0.002010,-0.001292,-0.045230,1.387472,0.950096,10.378418
1.397086,-0.055005,-2.788213,-0.174858,0.579164,-0.001273,-0.001063,-0.039580,1.359752,0.944702,10.408410
1.438535,-0.048772,-2.620108,-0.162157,0.589164,-0.001728,-0.001230,-0.042431,1.330860,0.940290,10.438593
1.480004,-0.043766,-2.477302,-0.152983,0.598624,-0.001498,-0.000734,-0.025968,1.303991,0.940672,10.469286
1.521957,-0.039227,-2.349570,-0.144895,0.606173,-0.001263,-0.000683,-0.024275,1.274099,0.941021,10.500501
1.564292,-0.035453,-2.248325,-0.139800,0.612102,-0.000860,-0.000502,-0.017700,1.241217,0.942968,10.531565
1.606936,-0.032356,-2.174329,-0.137567,0.616559,-0.000706,-0.000178,-0.005812,1.211467,0.943562,10.564929
1.649330,-0.029826,-2.127258,-0.138052,0.620762,-0.000977,0.000007,0.002668,1.180550,0.941190,10.599385
1.691012,-0.028033,-2.114602,-0.143866,0.625009,-0.000547,0.000376,0.017631,1.146409,0.944296,10.632226
1.732319,-0.027202,-2.148332,-0.152673,0.628444,-0.000658,0.000556,0.026078,1.114661,0.949658,10.666019
1.772484,-0.026966,-2.231235,-0.163522,0.631684,-0.000117,0.002224,0.067403,1.080090,0.953798,10.700606
1.812049,-0.025149,-2.317991,-0.177556,0.634884,0.000397,0.001526,0.065819,1.042252,0.962868,10.735454
1.850508,-0.025262,-2.458992,-0.192680,0.637277,-0.000720,0.000751,0.036566,1.007764,0.964748,10.772581
1.886256,-0.025297,-2.662679,-0.211917,0.639605,0.000286,0.000925,0.040537,0.971979,0.971840,10.809145
1.920944,-0.023624,-2.880934,-0.227767,0.640340,0.000343,0.000655,0.028509,0.935777,0.979912,10.845447
1.953664,-0.020098,-3.098533,-0.240338,0.640109,0.000256,0.000494,0.021750,0.902876,0.993825,10.883516
1.984337,-0.014405,-3.290313,-0.247503,0.639054,0.000141,0.000177,0.008803,0.870941,1.007807,10.921243
2.013181,-0.006912,-3.448552,-0.248095,0.637943,-0.000014,0.000032,0.000926,0.836222,1.025578,10.958656
2.040602,0.002328,-3.558529,-0.247770,0.636400,-0.000333,-0.000105,-0.000804,0.808698,1.047680,10.997571
2.066340,0.012186,-3.624916,-0.240940,0.634051,-0.000250,-0.000224,-0.009106,0.773468,1.067014,11.037196
2.091271,0.022350,-3.650805,-0.235715,0.631588,-0.000300,-0.000193,-0.006912,0.743914,1.091614,11.077979
2.115114,0.032010,-3.641725,-0.228014,0.628282,-0.000438,-0.000311,-0.011114,0.717442,1.120491,11.120880
2.137995,0.040615,-3.608020,-0.216895,0.624432,-0.000534,-0.000379,-0.014935,0.692022,1.150419,11.164661
2.160359,0.048246,-3.547180,-0.202705,0.620615,-0.000560,-0.000504,-0.022371,0.664632,1.181428,11.208998
2.182690,0.054734,-3.459136,-0.188886,0.615901,-0.000345,-0.000446,-0.022346,0.639326,1.220647,11.254290
2.205238,0.059858,-3.341742,-0.173282,0.608972,-0.000469,-0.000549,-0.026875,0.618639,1.255571,11.302891
2.227739,0.063297,-3.196859,-0.156871,0.599922,-0.000702,-0.000721,-0.032640,0.607032,1.287287,11.352055
2.250102,0.064909,-3.024533,-0.136408,0.589922,-0.000468,-0.000820,-0.044783,0.589115,1.323391,11.396620
2.273153,0.065370,-2.811905,-0.116389,0.579922,-0.000425,-0.001210,-0.061744,0.574186,1.365177,11.439257
2.296695,0.063944,-2.567083,-0.097843,0.569922,-0.000070,-0.000787,-0.051562,0.558331,1.411188,11.484393
2.320912,0.061415,-2.274440,-0.080367,0.559922,-0.000485,-0.003465,-0.115993,0.546498,1.448436,11.532401
2.344876,0.054110,-2.027136,-0.066256,0.549922,-0.000274,-0.001497,-0.096274,0.544820,1.490444,11.577271
2.368977,0.049807,-1.752394,-0.049883,0.539922,-0.000017,-0.000804,-0.054592,0.532943,1.535778,11.620271
2.393053,0.046108,-1.417499,-0.040593,0.529922,0.000204,-0.000512,-0.033357,0.529193,1.584366,11.665791
2.416635,0.039554,-1.123372,-0.033625,0.519922,0.000297,-0.000449,-0.028878,0.520050,1.631187,11.713967
2.439500,0.032057,-0.896385,-0.031451,0.509922,0.000356,-0.000127,-0.008399,0.514529,1.678244,11.763387
2.461300,0.024940,-0.737828,-0.032970,0.499922,0.000521,0.000116,0.006801,0.507812,1.725600,11.811741
2.481984,0.018568,-0.656163,-0.037408,0.489922,0.000372,0.000230,0.016016,0.496389,1.770282,11.860222
2.501138,0.013355,-0.648783,-0.047014,0.479922,0.000463,0.000497,0.035169,0.490910,1.815720,11.907707
2.518756,0.009218,-0.714932,-0.056328,0.470650,0.000450,0.000471,0.033549,0.482763,1.861650,11.954287
2.534785,0.006985,-0.839349,-0.068247,0.462188,0.000639,0.000809,0.049475,0.480286,1.908944,12.001075
2.549308,0.006788,-0.995868,-0.080067,0.453005,0.000608,0.000755,0.046135,0.473479,1.954308,12.048699
2.561921,0.008042,-1.183394,-0.097267,0.443424,0.000914,0.001091,0.066694,0.464170,2.000622,12.095462
2.572498,0.010294,-1.397533,-0.117681,0.433424,0.001209,0.001211,0.070871,0.461003,2.048770,12.141620
2.580528,0.013309,-1.652161,-0.138109,0.423424,0.000970,0.000726,0.049907,0.450657,2.094523,12.189313
2.585302,0.017724,-1.942937,-0.159361,0.413425,0.001095,0.000739,0.047287,0.450047,2.140625,12.236522
2.586940,0.024901,-2.226997,-0.177395,0.403425,0.001175,0.000661,0.036869,0.448875,2.186052,12.282627
2.585475,0.034501,-2.483708,-0.190593,0.394260,0.000732,0.000272,0.019517,0.447162,2.232433,12.327966
2.580733,0.045717,-2.702462,-0.205068,0.386506,0.000844,0.000361,0.020567,0.451870,2.277495,12.372715
2.573233,0.057846,-2.872871,-0.216883,0.378859,0.000579,0.000164,0.011076,0.456307,2.322719,12.416849
2.562839,0.069636,-3.007978,-0.226031,0.372876,0.000411,0.000096,0.007068,0.464920,2.367674,12.460417
2.550129,0.080809,-3.106204,-0.232470,0.368452,0.000156,0.000058,0.004316,0.470449,2.409694,12.504322
2.535541,0.090778,-3.171921,-0.235993,0.366425,0.000336,0.000053,0.003341,0.481176,2.455868,12.547204
2.520147,0.099103,-3.209382,-0.241657,0.366010,-0.000259,-0.000061,0.002128,0.496239,2.492720,12.590969
2.503340,0.105164,-3.230095,-0.240574,0.366379,-0.000136,-0.000028,-0.000315,0.507329,2.536967,12.634939
2.486703,0.109285,-3.235425,-0.240649,0.369251,-0.000588,-0.000119,-0.000723,0.529737,2.572310,12.679221
2.469958,0.111277,-3.230783,-0.235502,0.371916,-0.000560,-0.000119,-0.002600,0.553210,2.609579,12.725098
2.454164,0.111542,-3.217474,-0.229052,0.375300,-0.000636,-0.000141,-0.003561,0.578377,2.644352,12.772269
2.439518,0.110293,-3.196701,-0.221312,0.379092,-0.000850,-0.000202,-0.005829,0.606012,2.676085,12.821720
2.426136,0.107771,-3.170560,-0.211799,0.383111,-0.001369,-0.000335,-0.010160,0.627895,2.707927,12.871823
2.413958,0.104291,-3.139313,-0.198103,0.387846,-0.001911,-0.000899,-0.026137,0.658701,2.736324,12.920810
2.403464,0.099984,-3.105250,-0.183612,0.392660,-0.003629,-0.001980,-0.060789,0.688794,2.763732,12.969882
2.393590,0.094916,-3.079951,-0.168260,0.398143,-0.005360,-0.003351,-0.105043,0.724268,2.786789,13.020059
2.384490,0.089784,-3.060672,-0.150866,0.403316,-0.007316,-0.005405,-0.172749,0.760725,2.808308,13.071186
2.376051,0.084841,-3.050193,-0.133429,0.408772,-0.009340,-0.007840,-0.253331,0.796759,2.826172,13.123923
2.368149,0.080504,-3.043824,-0.115077,0.415100,-0.005752,-0.003011,-0.169949,0.836085,2.841936,13.175712
2.366420,0.084671,-2.854941,-0.099946,0.421748,-0.001086,-0.000744,-0.041982,0.871548,2.857098,13.226367
2.371355,0.086175,-2.492033,-0.090627,0.429044,-0.001062,-0.000519,-0.026735,0.907022,2.870269,13.273694
2.378245,0.078069,-2.154236,-0.084622,0.437155,-0.000917,-0.000363,-0.017665,0.947033,2.882596,13.319640
2.387309,0.065036,-1.876532,-0.081125,0.444771,-0.000913,-0.000266,-0.010583,0.986623,2.894486,13.365489
2.398087,0.051467,-1.674726,-0.081271,0.451971,-0.000822,-0.000029,0.000894,1.026330,2.907297,13.407890
2.410197,0.039873,-1.553538,-0.083676,0.459351,-0.000767,0.000116,0.009079,1.065461,2.919235,13.448854
2.423213,0.031256,-1.506028,-0.087645,0.466549,-0.000619,0.000220,0.014487,1.105439,2.931410,13.489274
2.436944,0.025683,-1.515848,-0.090587,0.473611,-0.000701,0.000124,0.009929,1.144117,2.942160,13.530092
2.451060,0.023000,-1.559507,-0.092890,0.480312,-0.000806,0.000084,0.007940,1.181568,2.951243,13.571465
2.465426,0.022719,-1.612156,-0.094305,0.486473,-0.000947,0.000038,0.005059,1.215672,2.958720,13.611291
2.479914,0.024025,-1.660985,-0.095802,0.492545,-0.000509,0.000071,0.005358,1.259841,2.972048,13.648332
2.495030,0.026134,-1.702164,-0.097257,0.497995,-0.000922,0.000223,0.009440,1.298965,2.983195,13.688320
2.509812,0.028660,-1.733286,-0.099139,0.503161,-0.001088,0.000096,0.010833,1.336482,2.986145,13.731518
2.524430,0.030826,-1.762816,-0.096533,0.508341,-0.000921,-0.000457,-0.015100,1.380152,3.000269,13.772354
2.539565,0.033222,-1.789573,-0.095353,0.513150,-0.001586,-0.000716,-0.024108,1.425746,3.011263,13.814168
2.554213,0.035744,-1.806979,-0.095810,0.517758,-0.001349,-0.000228,-0.010863,1.469542,3.019998,13.859332
2.569150,0.038539,-1.806906,-0.094610,0.522014,-0.000575,-0.000080,-0.003628,1.515813,3.028172,13.904947
2.584988,0.041012,-1.790059,-0.092812,0.525820,-0.000599,-0.000130,-0.006163,1.560917,3.034443,13.951077
2.600935,0.042812,-1.768679,-0.086900,0.529228,-0.000767,-0.000368,-0.021522,1.605897,3.040589,13.998123
2.617113,0.044710,-1.730049,-0.080722,0.532451,-0.000921,-0.000506,-0.025838,1.647106,3.045044,14.044958
2.633527,0.046342,-1.666014,-0.071766,0.535679,-0.000909,-0.000542,-0.034335,1.692882,3.047289,14.089977
2.650517,0.047772,-1.568523,-0.064620,0.538510,-0.000819,-0.000431,-0.027332,1.736012,3.050629,14.134953
2.668010,0.047955,-1.445804,-0.057678,0.541317,-0.000812,-0.000333,-0.024561,1.779734,3.054187,14.180757
2.685947,0.046722,-1.313248,-0.053221,0.543659,-0.000840,-0.000907,-0.033583,1.825981,3.054702,14.225327
2.704123,0.043301,-1.207175,-0.047699,0.545832,-0.000851,-0.000587,-0.040759,1.872193,3.055401,14.271475
2.722587,0.040630,-1.110564,-0.041946,0.547278,-0.000783,-0.001231,-0.046145,1.917852,3.054822,14.319082
2.741265,0.037698,-1.014779,-0.036363,0.547910,-0.000131,-0.000524,-0.035270,1.960724,3.049547,14.366362
2.760642,0.035962,-0.904279,-0.029243,0.547914,-0.001167,-0.000229,-0.034009,2.009334,3.050606,14.412023
2.778988,0.034318,-0.778762,-0.026643,0.546235,-0.000331,-0.000145,-0.011179,2.056512,3.050145,14.458687
2.797801,0.031054,-0.660556,-0.024798,0.543718,-0.000261,-0.000074,-0.006623,2.104057,3.048924,14.507036
2.816223,0.026992,-0.573960,-0.022513,0.540381,-0.000167,-0.000108,-0.009341,2.152994,3.048720,14.555251
2.834178,0.023372,-0.511482,-0.022212,0.536020,-0.000307,-0.000015,-0.001229,2.196788,3.051894,14.604545
2.851288,0.020283,-0.469218,-0.023290,0.530223,0.000049,0.000066,0.005108,2.247291,3.049395,14.651930
2.867871,0.017665,-0.452137,-0.022402,0.523175,0.000047,-0.000042,-0.003839,2.296856,3.047071,14.700744
2.883444,0.016196,-0.447944,-0.020499,0.514079,0.000133,-0.000090,-0.008341,2.346480,3.044387,14.751544
2.897930,0.015901,-0.436406,-0.017834,0.504079,0.000177,-0.000134,-0.012055,2.395738,3.042226,14.801459
2.911204,0.016110,-0.410938,-0.015062,0.494079,0.000043,-0.000082,-0.010417,2.444785,3.040349,14.851938
2.923144,0.016252,-0.369531,-0.012095,0.484079,0.000054,-0.000091,-0.011169,2.493889,3.037233,14.902146
2.933888,0.015853,-0.319017,-0.007559,0.474079,-0.000119,-0.000140,-0.017271,2.539453,3.036167,14.952062
2.943300,0.015194,-0.254967,-0.003549,0.464079,0.000260,-0.000184,-0.017882,2.591784,3.033396,15.000213
2.951936,0.013875,-0.182006,0.000795,0.454079,0.000116,-0.000137,-0.017129,2.642403,3.029999,15.049520
2.959288,0.012106,-0.100002,0.007015,0.444079,0.000105,-0.000190,-0.024547,2.692741,3.027663,15.100991
2.965479,0.010133,-0.004622,0.012996,0.434079,0.000097,-0.000176,-0.022494,2.742808,3.024364,15.151400
2.970491,0.007659,0.105853,0.020229,0.424079,0.000096,-0.000233,-0.029047,2.791929,3.021152,15.201836
2.974307,0.004651,0.227363,0.026523,0.414079,0.000098,-0.000192,-0.023659,2.841389,3.018182,15.251724
2.976898,0.000941,0.357738,0.032092,0.404079,0.000118,-0.000165,-0.021857,2.891048,3.015399,15.300937
2.978279,-0.003601,0.482712,0.036533,0.394079,0.000096,-0.000140,-0.016855,2.940502,3.013462,15.350440
2.978400,-0.008627,0.595694,0.038647,0.384079,0.000072,-0.000046,-0.007923,2.990411,3.012595,15.399558
2.977322,-0.013979,0.684681,0.038330,0.374079,-0.000223,0.000029,0.001101,3.034410,3.015192,15.449197
2.974861,-0.019296,0.737850,0.032781,0.364079,-0.000110,0.000155,0.019721,3.082775,3.016506,15.496594
2.971626,-0.024531,0.733988,0.023954,0.354079,-0.000099,0.000254,0.032215,3.131393,3.019049,15.542373
2.967624,-0.028697,0.659808,0.010325,0.344079,-0.000140,0.000412,0.052234,3.178700,3.021134,15.590191
2.962883,-0.031152,0.507250,-0.004455,0.334079,-0.000102,0.000413,0.054297,3.226183,3.024463,15.637959
2.957437,-0.030822,0.279394,-0.020243,0.324079,0.000021,0.000426,0.057924,3.274383,3.025509,15.685169
2.951242,-0.027136,0.002217,-0.034210,0.314079,0.000008,0.000412,0.051249,3.320674,3.030890,15.732057
2.943999,-0.020102,-0.291691,-0.049909,0.304079,0.000071,0.000471,0.055920,3.366451,3.035463,15.778226
2.935486,-0.011347,-0.589194,-0.065598,0.294079,0.000163,0.000444,0.054353,3.411881,3.039202,15.824267
2.925403,-0.001660,-0.886481,-0.080172,0.284079,0.000180,0.000411,0.047301,3.457053,3.043672,15.869551
2.913493,0.008806,-1.170909,-0.095149,0.274079,0.000138,0.000373,0.043592,3.501205,3.047351,15.913598
2.899424,0.019526,-1.438810,-0.111952,0.264079,0.000258,0.000424,0.045993,3.543441,3.049671,15.957139
2.883016,0.030123,-1.693127,-0.125799,0.254494,0.000133,0.000346,0.033538,3.586660,3.051585,15.999102
2.864179,0.041034,-1.928004,-0.142379,0.246529,0.000738,0.000309,0.033832,3.638278,3.045573,16.040227
2.843376,0.051786,-2.144010,-0.154516,0.237909,-0.000326,0.000147,0.022324,3.669484,3.052866,16.085484
2.819274,0.062703,-2.332522,-0.165527,0.234047,0.000145,0.000193,0.017738,3.715110,3.050420,16.126083
2.793977,0.073507,-2.487431,-0.176850,0.230635,-0.000044,0.000081,0.014983,3.754788,3.045918,16.162851
2.766808,0.083328,-2.615124,-0.179112,0.229412,-0.000303,-0.000035,0.002117,3.800753,3.030905,16.202234
2.738840,0.092457,-2.708619,-0.177154,0.230076,-0.001170,-0.000237,-0.002406,3.828620,3.028456,16.242500
2.710119,0.100260,-2.759781,-0.171917,0.235546,-0.001121,-0.000238,-0.007622,3.869741,3.008919,16.278130
2.682497,0.106128,-2.773344,-0.161079,0.240693,-0.001689,-0.000418,-0.014585,3.897110,3.002645,16.312895
2.655992,0.109686,-2.745138,-0.149156,0.249698,-0.001614,-0.000393,-0.017418,3.928936,2.983541,16.349177
2.631939,0.110586,-2.675675,-0.136382,0.259134,-0.001728,-0.000574,-0.026769,3.964009,2.965807,16.383935
2.610492,0.108334,-2.575431,-0.127965,0.269042,-0.001396,-0.000334,-0.015659,3.994718,2.946636,16.424436
2.591860,0.103078,-2.447872,-0.123713,0.279042,-0.000953,-0.000213,-0.008363,4.029892,2.914422,16.468394
2.576010,0.094654,-2.325538,-0.119793,0.286739,-0.001300,-0.000278,-0.008427,4.053288,2.893395,16.518502
2.561897,0.084611,-2.221503,-0.118534,0.296739,-0.001637,-0.000223,-0.002277,4.069638,2.879012,16.570259
2.549510,0.074424,-2.142905,-0.117437,0.306739,-0.001128,-0.000137,-0.002050,4.097142,2.855858,16.613786
2.539576,0.065433,-2.092564,-0.120431,0.316739,-0.000991,0.000018,0.006982,4.121549,2.831596,16.656034
2.531195,0.057827,-2.075847,-0.124975,0.326739,-0.000402,0.000107,0.010050,4.156375,2.797185,16.703387
2.524579,0.051964,-2.096180,-0.133045,0.336739,-0.001334,0.000145,0.019263,4.169600,2.782503,16.759146
2.517744,0.047734,-2.151506,-0.140539,0.346739,-0.000803,0.000173,0.016142,4.194072,2.758047,16.811371
2.512089,0.045516,-2.236203,-0.148701,0.356739,-0.000290,0.000204,0.016115,4.224720,2.721569,16.854765
2.507392,0.045273,-2.336122,-0.154056,0.365572,-0.001338,0.000048,0.012104,4.239071,2.708265,16.905522
2.502074,0.046865,-2.433551,-0.160936,0.375572,-0.000224,0.000167,0.012382,4.272422,2.671898,16.950735
2.498200,0.049585,-2.526863,-0.165258,0.382606,-0.001230,0.000001,0.009493,4.286496,2.657064,16.992625
2.493473,0.053049,-2.607784,-0.170831,0.391151,-0.000732,0.000062,0.009371,4.308305,2.630572,17.031671
2.489421,0.056749,-2.679954,-0.172986,0.398360,-0.000875,-0.000033,0.004117,4.324420,2.600986,17.062381
2.485544,0.060676,-2.738259,-0.170897,0.404423,-0.000869,-0.000125,-0.002696,4.345504,2.572662,17.095428
2.482247,0.064847,-2.773228,-0.167236,0.409327,-0.000965,-0.000190,-0.005504,4.361085,2.542530,17.127442
2.479459,0.068738,-2.781261,-0.159732,0.412953,-0.001003,-0.000293,-0.012240,4.375579,2.510390,17.160113
2.477487,0.072082,-2.758808,-0.150180,0.415932,-0.001055,-0.000366,-0.016974,4.388660,2.477646,17.194884
2.476503,0.074488,-2.702522,-0.139343,0.418878,-0.001027,-0.000420,-0.021585,4.404892,2.444458,17.229872
2.476775,0.075552,-2.613252,-0.129526,0.421285,-0.001151,-0.000481,-0.022810,4.415064,2.412639,17.264555
2.478100,0.074748,-2.499457,-0.118269,0.423477,-0.001123,-0.000546,-0.027129,4.422198,2.378520,17.299139
2.480813,0.072420,-2.362764,-0.103292,0.424826,-0.000674,-0.000576,-0.039379,4.439902,2.334252,17.334796
2.485569,0.069422,-2.193238,-0.090465,0.424577,-0.001477,-0.000684,-0.036070,4.437797,2.310792,17.375876
2.490724,0.065057,-1.994057,-0.075584,0.424724,-0.000977,-0.000672,-0.042366,4.444588,2.275494,17.411837
2.497715,0.059998,-1.768212,-0.063418,0.423895,-0.000864,-0.000568,-0.038348,4.449938,2.239121,17.443189
2.505781,0.053882,-1.531897,-0.054376,0.421824,-0.000687,-0.000431,-0.028723,4.456844,2.203320,17.479855
2.514549,0.046811,-1.309981,-0.048887,0.418818,-0.000487,-0.000266,-0.018023,4.463339,2.166596,17.516751
2.523683,0.039274,-1.127683,-0.044149,0.414660,-0.000475,-0.000254,-0.016354,4.466278,2.130848,17.553655
2.532738,0.032466,-0.988103,-0.038992,0.409560,-0.000041,-0.000257,-0.018637,4.470637,2.084290,17.590859
2.541951,0.027291,-0.875209,-0.034837,0.403005,-0.000304,-0.000201,-0.014225,4.475042,2.048051,17.632293
2.550349,0.023431,-0.777864,-0.031045,0.395522,-0.000504,-0.000202,-0.013523,4.476924,2.018157,17.673778
2.557845,0.020417,-0.694502,-0.027728,0.388004,-0.000107,-0.000156,-0.011788,4.488376,1.979136,17.707924
2.564988,0.018052,-0.621041,-0.030056,0.380257,0.000226,0.000111,0.008534,4.501421,1.934509,17.743075
2.571554,0.015100,-0.581543,-0.031180,0.371944,-0.000402,0.000038,0.004204,4.505554,1.904352,17.784862
2.576537,0.012611,-0.577547,-0.031561,0.362638,-0.000106,0.000015,0.001555,4.511236,1.867136,17.823223
2.580798,0.011348,-0.585566,-0.033123,0.354132,-0.000041,0.000096,0.006764,4.514948,1.828744,17.857514
2.584153,0.010736,-0.600673,-0.034397,0.345583,-0.000199,0.000055,0.004827,4.521506,1.792662,17.894485
2.586386,0.010515,-0.623486,-0.037733,0.337943,0.000286,0.000213,0.014148,4.528978,1.745809,17.931830
2.588184,0.010363,-0.656125,-0.041781,0.330673,-0.000555,0.000179,0.015241,4.529005,1.717155,17.973087
2.588229,0.010118,-0.708340,-0.044502,0.323187,0.000224,0.000134,0.010064,4.538071,1.670830,18.011213
2.588188,0.010562,-0.767338,-0.048683,0.316230,-0.000604,0.000240,0.017875,4.540135,1.643707,18.048629
2.586432,0.011310,-0.828088,-0.054327,0.310469,-0.000050,0.000361,0.024039,4.540853,1.602347,18.085688
2.584414,0.011909,-0.902192,-0.060677,0.304992,0.000166,0.000407,0.026502,4.556382,1.559642,18.120464
2.581773,0.012546,-0.993173,-0.070314,0.300768,-0.000516,0.000589,0.039509,4.557092,1.528341,18.160853
2.577545,0.013060,-1.107742,-0.082958,0.298146,-0.000252,0.000737,0.049013,4.562233,1.493847,18.197927
2.572606,0.013490,-1.260005,-0.094971,0.295592,-0.000250,0.000648,0.043122,4.558197,1.457577,18.231664
2.566675,0.014775,-1.441702,-0.104356,0.292104,0.000247,0.000502,0.032028,4.563975,1.412330,18.266113
2.560243,0.017731,-1.624798,-0.115796,0.288745,-0.000600,0.000551,0.037755,4.558904,1.387031,18.304936
2.551726,0.021523,-1.799133,-0.120717,0.284361,-0.000251,0.000201,0.015899,4.560908,1.351501,18.340421
2.542640,0.026350,-1.953750,-0.126044,0.279703,0.000177,0.000814,0.030785,4.559285,1.315418,18.371125
2.532960,0.032219,-2.059296,-0.132174,0.274663,0.000255,0.000519,0.033654,4.557087,1.280898,18.405182
2.522198,0.036453,-2.146558,-0.138791,0.269408,0.000277,0.000907,0.034162,4.556210,1.246833,18.439307
2.510301,0.040002,-2.228591,-0.147314,0.264626,0.000532,0.000643,0.039986,4.549247,1.211804,18.472732
2.497424,0.042161,-2.310403,-0.156149,0.259367,0.000255,0.000363,0.021602,4.549316,1.171672,18.505918
2.483017,0.043521,-2.417770,-0.168193,0.254953,-0.000298,0.000356,0.026292,4.540703,1.147090,18.541633
2.466630,0.045039,-2.531418,-0.175882,0.251295,-0.000193,0.000186,0.014928,4.530589,1.115606,18.573152
2.449390,0.047142,-2.645766,-0.182523,0.247944,0.000089,0.000195,0.012724,4.528139,1.078164,18.600463
2.431570,0.049921,-2.745687,-0.190482,0.245735,-0.000475,0.000090,0.012352,4.516381,1.053972,18.632417
2.412290,0.052507,-2.835243,-0.193855,0.244790,-0.000403,0.000012,0.005357,4.509649,1.023315,18.663796
2.392800,0.055080,-2.909641,-0.197440,0.244894,-0.000465,0.000007,0.005293,4.500770,0.993632,18.693512
2.373012,0.057284,-2.966849,-0.200611,0.245235,-0.000418,0.000007,0.005466,4.480566,0.966490,18.724869
2.353194,0.058774,-3.010293,-0.204698,0.243880,-0.000367,0.000002,0.005727,4.467311,0.941659,18.758033
2.333142,0.059306,-3.046867,-0.207846,0.242976,-0.000221,0.000159,0.008387,4.454913,0.915363,18.791195
2.313149,0.059217,-3.074951,-0.209675,0.243050,-0.000337,0.000026,0.006554,4.439585,0.892085,18.822960
2.293218,0.058275,-3.098818,-0.210847,0.243674,-0.000464,-0.000006,0.003247,4.419060,0.869279,18.854400
2.273520,0.056781,-3.120865,-0.211912,0.243749,-0.000535,-0.000062,0.002735,4.396705,0.848263,18.887703
2.254093,0.054852,-3.139464,-0.213352,0.242289,-0.000230,0.000036,0.004061,4.379617,0.826265,18.923589
2.235158,0.052660,-3.155260,-0.215738,0.240064,0.000199,0.000234,0.009948,4.359675,0.806330,18.959402
2.216670,0.050263,-3.167218,-0.217302,0.238816,-0.000034,0.000077,0.007212,4.339547,0.789613,18.995123
2.198165,0.047370,-3.183280,-0.217079,0.239300,-0.000518,-0.000094,-0.000028,4.314865,0.772800,19.030273
2.179765,0.044397,-3.203478,-0.216857,0.239957,-0.000549,-0.000088,0.000287,4.291808,0.758658,19.066587
2.161926,0.041673,-3.219262,-0.217474,0.239953,-0.000515,-0.000066,0.001578,4.270798,0.744540,19.104333
2.144589,0.038986,-3.232346,-0.218672,0.239865,-0.000447,-0.000044,0.002244,4.248506,0.731921,19.140613
2.127659,0.036231,-3.245591,-0.220786,0.239177,-0.000183,0.000123,0.006484,4.223997,0.720892,19.176175
2.111219,0.033535,-3.258029,-0.224550,0.237320,0.000271,0.000461,0.016626,4.200123,0.711382,19.212830
2.095167,0.030912,-3.268343,-0.228845,0.235645,0.000147,0.000231,0.013419,4.175567,0.703863,19.250257
2.078890,0.027707,-3.291607,-0.234485,0.234013,-0.000046,0.000155,0.008995,4.149708,0.697325,19.287178
2.062229,0.024470,-3.330133,-0.241847,0.232018,-0.000052,0.000167,0.010012,4.125367,0.693036,19.324726
2.045177,0.021492,-3.378236,-0.250112,0.230206,0.000163,0.000234,0.010907,4.097671,0.689667,19.362604
2.027882,0.018857,-3.434092,-0.261233,0.225238,0.000219,0.000200,0.011039,4.073810,0.686866,19.401106
2.009576,0.016291,-3.500053,-0.270539,0.219555,0.001181,0.000614,0.018480,4.046181,0.686564,19.439594
1.991272,0.014494,-3.560860,-0.280183,0.210202,0.001529,0.000539,0.019348,4.019090,0.688155,19.478339
1.971887,0.012553,-3.621681,-0.287898,0.200204,0.000578,0.000159,0.007073,3.994384,0.690999,19.518314
1.950303,0.010228,-3.691733,-0.289044,0.199324,0.000128,0.000109,0.003916,3.965450,0.697920,19.557404
1.928602,0.008346,-3.750950,-0.287807,0.202180,-0.000526,-0.000054,0.001102,3.943639,0.701029,19.597871
1.907171,0.006516,-3.796523,-0.282037,0.209642,-0.001811,-0.000452,-0.008893,3.918787,0.708157,19.637448
1.886276,0.004516,-3.830299,-0.276145,0.218399,-0.003195,-0.000898,-0.020014,3.897048,0.716221,19.675300
1.866010,0.002231,-3.854123,-0.271029,0.227487,-0.002350,-0.000555,-0.014840,3.872051,0.723718,19.713245
1.848563,0.000403,-3.854199,-0.266385,0.235709,-0.001475,-0.000437,-0.009181,3.850520,0.732965,19.750462
1.833773,-0.001593,-3.835154,-0.262367,0.244048,-0.001545,-0.000352,-0.008812,3.830156,0.744042,19.786776
1.820617,-0.003889,-3.808828,-0.258199,0.252983,-0.001583,-0.000460,-0.009615,3.809644,0.757008,19.821747
1.809201,-0.006476,-3.778212,-0.254465,0.262410,-0.001688,-0.000414,-0.010149,3.790356,0.775226,19.856393
1.799456,-0.008993,-3.746009,-0.248336,0.271743,-0.002098,-0.000790,-0.017620,3.775809,0.790953,19.892833
1.791263,-0.011416,-3.711421,-0.242178,0.281743,-0.003653,-0.001600,-0.039669,3.758484,0.804591,19.929628
1.783511,-0.014020,-3.688481,-0.236420,0.291743,-0.002765,-0.000953,-0.029841,3.739814,0.823755,19.962965
1.778614,-0.014969,-3.642116,-0.231014,0.300663,-0.001271,-0.000374,-0.009579,3.722832,0.842766,19.996526
1.776823,-0.015246,-3.567826,-0.226890,0.308212,-0.001227,-0.000323,-0.007559,3.708340,0.863163,20.031219
1.776274,-0.016090,-3.498205,-0.221840,0.315894,-0.001988,-0.000885,-0.020521,3.696175,0.883458,20.064992
1.776287,-0.017488,-3.444315,-0.214886,0.324367,-0.002456,-0.000972,-0.029108,3.682609,0.903175,20.097349
1.777461,-0.018027,-3.388356,-0.207835,0.333912,-0.001737,-0.000646,-0.018376,3.669818,0.923416,20.127414
1.781002,-0.017572,-3.309090,-0.199210,0.343541,-0.001837,-0.000789,-0.024003,3.656350,0.944106,20.154153
1.786095,-0.016975,-3.221571,-0.189401,0.353038,-0.002506,-0.001781,-0.047206,3.644248,0.967146,20.178568
1.792215,-0.016903,-3.138922,-0.177837,0.362030,-0.004518,-0.003901,-0.107593,3.634120,0.989262,20.204055
1.798102,-0.017643,-3.085805,-0.165222,0.370242,-0.006174,-0.006315,-0.178683,3.623845,1.012185,20.229523
1.804176,-0.018263,-3.052119,-0.150817,0.377464,-0.007831,-0.008960,-0.256327,3.613307,1.035067,20.253997
1.810397,-0.018196,-3.019936,-0.136278,0.383680,-0.009927,-0.012708,-0.367845,3.607369,1.060738,20.279052
1.816118,-0.018685,-3.014331,-0.118874,0.389403,-0.011600,-0.016809,-0.491250,3.599698,1.085860,20.305488
1.821808,-0.018505,-3.009572,-0.100567,0.395024,-0.013767,-0.022267,-0.653937,3.591245,1.109813,20.332420
1.826783,-0.018955,-3.030081,-0.083771,0.399364,-0.014480,-0.026084,-0.771546,3.582058,1.134742,20.358405
1.832084,-0.017941,-3.028591,-0.066737,0.402826,-0.015640,-0.030511,-0.904819,3.575609,1.158807,20.383918
1.836890,-0.017125,-3.025274,-0.050324,0.405597,-0.015635,-0.033961,-1.012030,3.567533,1.185011,20.409524
1.842083,-0.015640,-2.999807,-0.032113,0.407384,-0.016097,-0.038628,-1.152049,3.561977,1.211547,20.436258
1.846833,-0.015024,-2.982462,-0.013652,0.409215,-0.016015,-0.041965,-1.253270,3.562029,1.238434,20.463367
1.851495,-0.013399,-2.933149,0.004888,0.412176,-0.015246,-0.044070,-1.316414,3.555358,1.266589,20.489838
1.856610,-0.010802,-2.832200,0.023182,0.416145,-0.016317,-0.051892,-1.548140,3.550766,1.292055,20.517188
1.860251,-0.014590,-2.877192,0.041830,0.422192,-0.015399,-0.055892,-1.666556,3.542383,1.321597,20.544792
1.864479,-0.015408,-2.913124,0.064064,0.430158,-0.015309,-0.061618,-1.829657,3.538043,1.350381,20.573366
1.868165,-0.016493,-2.979695,0.087214,0.439985,-0.009211,-0.028524,-1.109903,3.531882,1.378208,20.602692
1.877225,0.021030,-2.200885,0.103760,0.449985,-0.000815,-0.002798,-0.077244,3.519754,1.405644,20.630954
1.894791,0.056352,-0.505603,0.103486,0.457957,-0.001165,-0.003609,-0.107856,3.501308,1.433410,20.659788
1.915324,0.048529,0.536296,0.101730,0.466596,-0.002088,-0.003457,-0.106731,3.486684,1.463484,20.690985
1.936921,0.033426,1.062819,0.102816,0.476275,-0.002838,-0.003460,-0.108512,3.468220,1.491685,20.725339
1.958502,0.022000,1.312427,0.106617,0.486275,-0.001894,-0.001203,-0.061652,3.451894,1.522094,20.762339
1.981321,0.017434,1.498223,0.112359,0.496275,-0.000409,-0.000354,-0.017778,3.438581,1.551657,20.801820
2.005859,0.014840,1.678588,0.117811,0.506275,-0.000630,-0.001043,-0.033125,3.419442,1.579951,20.843251
2.030470,0.011096,1.801705,0.120903,0.516275,-0.000945,-0.000448,-0.025021,3.397756,1.608167,20.885914
2.055114,0.008180,1.899446,0.124444,0.526275,-0.000635,-0.000161,-0.010108,3.378580,1.635853,20.930952
2.080337,0.005561,1.995151,0.127215,0.536222,-0.000701,-0.000117,-0.007897,3.357256,1.663488,20.977436
2.105779,0.002486,2.073463,0.130609,0.543831,-0.000614,-0.000142,-0.009501,3.334409,1.689122,21.024496
2.131288,-0.000636,2.141473,0.133050,0.549861,-0.000624,-0.000084,-0.006774,3.311807,1.715413,21.072530
2.156640,-0.003872,2.201860,0.136395,0.554395,-0.000468,-0.000127,-0.008893,3.285931,1.740469,21.120008
2.181746,-0.007096,2.258174,0.139343,0.557363,-0.000331,-0.000123,-0.008159,3.257139,1.764218,21.167169
2.206440,-0.010401,2.312325,0.140581,0.557896,-0.000344,-0.000026,-0.003287,3.230050,1.787619,21.215635
2.230443,-0.014027,2.359198,0.141566,0.556136,-0.000259,-0.000025,-0.002807,3.199312,1.808535,21.264058
2.253630,-0.017890,2.395137,0.142736,0.551329,-0.000041,-0.000027,-0.002852,3.167553,1.829610,21.311259
2.275816,-0.021671,2.424063,0.142577,0.541917,0.000120,0.000023,0.000337,3.135263,1.850135,21.357658
2.296547,-0.025440,2.444320,0.142358,0.531917,0.000252,0.000021,0.000671,3.100016,1.868695,21.401805
2.315856,-0.029071,2.455588,0.140523,0.521917,0.000096,0.000096,0.004555,3.064992,1.885534,21.443738
2.333546,-0.032558,2.455750,0.137118,0.511917,-0.000063,0.000166,0.008253,3.029132,1.900151,21.484483
2.349816,-0.035901,2.439728,0.135388,0.501917,0.000184,0.000092,0.004664,2.991978,1.914389,21.524135
2.364989,-0.038566,2.414384,0.131101,0.491917,0.000028,0.000208,0.011096,2.953513,1.927303,21.564064
2.378928,-0.040780,2.379441,0.126252,0.481917,0.000071,0.000229,0.012840,2.913639,1.937775,21.604649
2.391935,-0.042612,2.330045,0.120558,0.471917,0.000047,0.000260,0.015141,2.873704,1.946172,21.646314
2.404053,-0.043932,2.266216,0.111366,0.461917,-0.000098,0.000411,0.024904,2.833134,1.951979,21.688638
2.415489,-0.045046,2.178224,0.103691,0.451917,0.000052,0.000353,0.022246,2.791210,1.956909,21.730712
2.426434,-0.045343,2.069184,0.093663,0.441917,-0.000027,0.001730,0.059359,2.751202,1.960774,21.773332
2.436864,-0.043676,1.969696,0.088702,0.431917,0.000240,0.000696,0.046016,2.708878,1.960998,21.815806
2.446835,-0.042661,1.861614,0.085006,0.421917,0.000156,0.000195,0.011988,2.666419,1.960031,21.858945
2.455884,-0.041002,1.735152,0.082535,0.411917,0.000143,0.000133,0.008134,2.624104,1.957772,21.903095
2.464046,-0.037858,1.636889,0.085703,0.401917,0.000339,-0.000149,-0.010205,2.581820,1.954150,21.948190
2.471207,-0.033758,1.584806,0.086851,0.391917,0.000244,-0.000049,-0.003671,2.539777,1.949751,21.994814
2.477219,-0.030342,1.574448,0.091506,0.381917,0.000362,-0.000221,-0.014806,2.497158,1.943923,22.041864
2.482025,-0.027843,1.595804,0.099163,0.371917,0.000493,-0.000386,-0.024653,2.454843,1.937797,22.088947
2.485409,-0.025963,1.656207,0.108018,0.361917,0.000427,-0.000405,-0.026313,2.413672,1.930032,22.135656
2.487038,-0.024974,1.753759,0.119636,0.351917,0.000554,-0.000510,-0.032932,2.372447,1.921403,22.180581
2.486843,-0.024973,1.882505,0.133340,0.341917,0.001742,-0.002101,-0.073030,2.331060,1.914139,22.223545
2.485642,-0.027492,2.002339,0.138903,0.331917,0.003425,-0.003077,-0.105629,2.287832,1.905040,22.264992
2.484482,-0.031882,2.072182,0.144082,0.321917,0.004755,-0.003789,-0.129068,2.247752,1.893209,22.304984
2.482963,-0.035926,2.111491,0.148371,0.311917,0.006127,-0.004393,-0.148310,2.210031,1.878663,22.343204
2.481248,-0.039081,2.129661,0.151220,0.301917,0.007449,-0.004738,-0.158867,2.171193,1.862173,22.379386
2.479446,-0.041175,2.137215,0.157036,0.291917,0.004752,-0.001848,-0.096514,2.135715,1.843833,22.414661
2.473331,-0.038810,2.224623,0.164263,0.281917,0.000567,-0.000197,-0.013080,2.100042,1.821813,22.449347
2.461514,-0.036909,2.402143,0.177765,0.271917,0.000788,-0.000446,-0.025007,2.067587,1.798998,22.483897
2.447865,-0.038600,2.566916,0.203535,0.261917,0.001236,-0.000630,-0.035810,2.035396,1.774535,22.517709
2.431306,-0.041042,2.745877,0.243535,0.251917,0.001732,-0.000646,-0.035226,2.005746,1.748796,22.549532
2.410657,-0.043929,2.948174,0.283535,0.241917,0.001583,-0.000358,-0.017085,1.978998,1.721214,22.579991
2.385443,-0.048402,3.148410,0.300000,0.231917,0.000499,-0.000004,-0.002097,1.955207,1.693220,22.610353
2.356697,-0.054618,3.312077,0.300000,0.221917,-0.000252,0.000139,0.002512,1.933938,1.662162,22.640995
2.326050,-0.061366,3.427408,0.300000,0.211917,-0.000437,0.000173,0.003595,1.914590,1.630144,22.673314
2.294123,-0.067168,3.501418,0.320497,0.201917,-0.000031,0.000154,0.003416,1.900013,1.596880,22.709670
2.260066,-0.070886,3.547897,0.321050,0.191917,-0.000996,0.000295,0.006607,1.888909,1.562917,22.751174
2.224260,-0.072088,3.576509,0.361050,0.181917,0.000345,0.000255,0.009505,1.880524,1.528828,22.794418
2.186392,-0.070936,3.589057,0.348599,0.171917,-0.001632,0.000322,0.005461,1.876114,1.494573,22.835093
2.147166,-0.067058,3.596445,0.388599,0.161917,0.000261,0.000357,0.013455,1.881494,1.462753,22.869506
2.106867,-0.061241,3.599453,0.386930,0.151917,-0.000822,0.000240,0.005155,1.885413,1.430446,22.895525
2.065657,-0.053546,3.603400,0.424747,0.141917,-0.000026,0.000460,0.017795,1.891609,1.400152,22.910015
2.022905,-0.044691,3.612404,0.438187,0.131917,-0.000904,0.000403,0.012934,1.902234,1.372517,22.913350
1.978662,-0.035001,3.625111,0.449003,0.121917,-0.000945,0.000375,0.012050,1.915894,1.347040,22.913350
1.933937,-0.024681,3.650120,0.427957,0.111917,-0.001883,0.000176,0.002104,1.932542,1.324608,22.913350
1.889880,-0.013812,3.700868,0.387957,0.101917,-0.002493,0.000171,0.000604,1.950556,1.304852,22.913350
1.848255,-0.003055,3.785921,0.347957,0.091917,-0.002349,0.000355,0.007351,1.968140,1.287647,22.913350
1.810195,0.006066,3.883648,0.307957,0.081917,-0.001777,0.000655,0.019736,1.985897,1.272902,22.913350
1.776465,0.012248,3.951137,0.297001,0.071917,-0.000408,0.000288,0.009149,2.004021,1.259531,22.913350
1.745233,0.016633,3.976590,0.302615,0.061917,0.000510,-0.000157,-0.006127,2.022373,1.248309,22.913350
1.714304,0.021474,3.991174,0.295169,0.051917,-0.000175,0.000229,0.006733,2.041599,1.240125,22.913350
1.683395,0.026446,3.997904,0.301855,0.041917,0.000441,-0.000204,-0.008192,2.061423,1.234225,22.913350
1.652430,0.031939,4.003297,0.295897,0.031917,-0.000235,0.000220,0.006000,2.079218,1.229727,22.913350
1.621462,0.037275,4.005260,0.303421,0.021917,0.000296,-0.000259,-0.010729,2.096701,1.226491,22.913350
1.590317,0.042916,4.009271,0.298047,0.011917,-0.000432,0.000233,0.005472,2.112515,1.224180,22.913350
1.559109,0.048108,4.010036,0.306684,0.001917,0.000019,-0.000293,-0.013380,2.129398,1.223693,22.913350
1.527543,0.053579,4.014857,0.300438,-0.008083,-0.000822,0.000322,0.006821,2.144041,1.224379,22.913350
1.495968,0.058286,4.012019,0.313348,-0.018083,-0.000294,-0.000484,-0.022036,2.156336,1.225713,22.913350
1.463606,0.063652,4.018671,0.304784,-0.028083,-0.001294,0.000474,0.010436,2.169299,1.227456,22.913350
1.431423,0.067926,4.015407,0.321181,-0.038083,-0.000521,-0.000685,-0.030104,2.179852,1.229595,22.913350
1.398295,0.073104,4.023251,0.311435,-0.048083,-0.002053,0.000618,0.012206,2.189060,1.231789,22.913350
1.365040,0.077022,4.019337,0.330496,-0.058083,-0.001195,-0.000823,-0.037553,2.196019,1.233657,22.913350
1.330632,0.082073,4.028095,0.320480,-0.068083,-0.002966,0.000675,0.010910,2.201959,1.237160,22.913350
1.296019,0.085651,4.022249,0.341780,-0.078083,-0.001480,-0.001054,-0.045488,2.208452,1.239586,22.913350
1.260623,0.090534,4.031684,0.329241,-0.088083,-0.003859,0.000891,0.015495,2.212851,1.242008,22.913350
1.224875,0.093534,4.018588,0.357258,-0.098083,-0.002458,-0.001465,-0.062352,2.215918,1.244024,22.913350
1.187406,0.098600,4.030400,0.340869,-0.105130,-0.005294,0.001113,0.019633,2.217308,1.246144,22.913350
1.150198,0.101059,4.012494,0.375155,-0.100000,-0.004017,-0.001923,-0.080089,2.217362,1.247561,22.913350
1.111917,0.106179,4.026899,0.353186,-0.090000,-0.007530,0.001386,0.025134,2.216248,1.248537,22.913350
1.075979,0.107629,3.997464,0.393186,-0.087503,-0.004171,-0.003132,-0.114896,2.214854,1.248911,22.913350
1.039858,0.111782,3.992506,0.371991,-0.080000,-0.008659,0.001530,0.027123,2.213497,1.249377,22.913350
1.004704,0.113818,3.987682,0.411991,-0.070000,-0.005372,-0.003242,-0.118505,2.212313,1.250776,22.913350
0.970274,0.117506,3.988016,0.394591,-0.060000,-0.009209,0.000862,0.007224,2.210330,1.251387,22.913350
0.937441,0.119032,3.982059,0.431836,-0.050000,-0.006908,-0.002677,-0.103560,2.207800,1.251788,22.913350
0.904573,0.122892,3.999886,0.418360,-0.040192,-0.009804,0.000619,-0.000519,2.206284,1.251925,22.913350
0.874084,0.123947,3.993094,0.452082,-0.030192,-0.007945,-0.003102,-0.114481,2.203757,1.251539,22.913350
0.843507,0.126473,3.986951,0.446529,-0.020192,-0.011057,-0.000311,-0.029958,2.200265,1.251720,22.913350
0.813800,0.127827,3.985589,0.473896,-0.010192,-0.008226,-0.002806,-0.102595,2.198437,1.251122,22.913350
0.786033,0.129954,3.985496,0.474793,-0.000549,-0.011184,-0.000966,-0.048400,2.197096,1.251377,22.913350
0.758422,0.131240,3.985967,0.497182,-0.000000,-0.009085,-0.002655,-0.096993,2.195288,1.251506,22.913350
0.731827,0.132802,3.981092,0.506545,-0.000000,-0.010361,-0.001797,-0.070696,2.193778,1.251542,22.913350
0.704836,0.134237,3.985519,0.524969,-0.000000,-0.010086,-0.002620,-0.094401,2.192620,1.251638,22.913350
0.677837,0.135504,3.980626,0.540464,-0.000000,-0.011044,-0.002384,-0.087271,2.191801,1.251889,22.913350
0.650078,0.136945,3.984302,0.558384,-0.000571,-0.011100,-0.002690,-0.095185,2.190873,1.251823,22.913350
0.622389,0.138054,3.980072,0.578007,-0.002006,-0.011038,-0.003179,-0.107774,2.190374,1.252230,22.913350
0.594544,0.138904,3.969658,0.598657,-0.006152,-0.011758,-0.003530,-0.117224,2.189452,1.252467,22.913350
0.565425,0.139652,3.956824,0.622387,-0.016152,-0.011338,-0.003956,-0.127734,2.188557,1.252625,22.913350
0.535421,0.140312,3.942408,0.641121,-0.026152,-0.011882,-0.003870,-0.123390,2.187751,1.252886,22.913350
0.504841,0.140113,3.909416,0.601121,-0.036152,-0.020014,0.004144,0.084822,2.186367,1.252610,22.913350
0.475954,0.136596,3.795107,0.561121,-0.046152,-0.024230,0.011440,0.274529,2.185347,1.252547,22.913350
0.449312,0.131024,3.621323,0.521121,-0.056152,-0.027034,0.018256,0.452653,2.184488,1.252490,22.913350
0.423447,0.124911,3.433899,0.481121,-0.066152,-0.018928,0.006871,0.207334,2.183994,1.252461,22.913350
0.407531,0.100995,2.835577,0.441121,-0.076152,-0.014231,0.004326,0.102448,2.183452,1.251999,22.913350
0.388563,0.083916,2.306101,0.401121,-0.086152,-0.010043,0.001274,0.047384,2.182280,1.251398,22.913350
0.368290,0.068243,1.887787,0.361121,-0.096152,-0.006219,0.000269,0.013080,2.181541,1.250696,22.913350
0.347817,0.056115,1.538678,0.321121,-0.106152,-0.005439,0.000422,0.018156,2.180875,1.249940,22.913350
0.325224,0.046485,1.270424,0.300000,-0.116152,-0.004184,-0.000125,-0.000856,2.179641,1.249319,22.913350
0.301277,0.039529,1.071544,0.260303,-0.126152,-0.003247,0.000241,0.011394,2.178461,1.249126,22.913350
0.277194,0.031790,0.862168,0.248582,-0.132238,-0.002727,-0.000131,-0.002362,2.177010,1.248553,22.913350
0.251819,0.027204,0.731411,0.229972,-0.131539,-0.003078,-0.000108,-0.001270,2.175267,1.248576,22.913350
0.225994,0.022660,0.608072,0.201195,-0.135130,-0.002487,0.002337,0.061893,2.172717,1.248178,22.913350
0.200444,0.019977,0.532794,0.179953,-0.125130,-0.001002,0.000002,0.000089,2.169307,1.247402,22.913350
0.180696,0.000130,0.005099,0.187951,-0.092172,-0.004003,-0.000000,-0.000001,2.165670,1.246836,22.913350
0.157107,0.000000,0.000018,0.199843,-0.047544,-0.008230,-0.000000,-0.000001,2.163083,1.247277,22.913350
0.134093,-0.000000,-0.000001,0.209540,-0.051798,-0.006059,-0.000000,-0.000001,2.159772,1.247288,22.913350
0.112802,-0.000000,-0.000001,0.249540,-0.041798,-0.001312,-0.000000,-0.000002,2.156073,1.247409,22.913350
0.097428,-0.000000,-0.000002,0.257911,-0.031798,-0.001801,-0.000000,-0.000002,2.152621,1.247610,22.913350
0.082648,-0.000000,-0.000002,0.259853,-0.018145,-0.001678,-0.000000,-0.000004,2.148744,1.247699,22.913350
0.069507,-0.000000,-0.000004,0.273974,-0.040477,0.000687,-0.000000,-0.000005,2.145828,1.248107,22.913350
0.056302,-0.000000,-0.000005,0.233974,-0.061262,0.002431,-0.000000,-0.000011,2.143178,1.248244,22.913350
0.042634,-0.000000,-0.000011,0.200890,-0.053463,-0.000974,-0.000001,-0.000016,2.140903,1.248583,22.913350
0.026414,-0.000001,-0.000018,0.186663,-0.010000,-0.005432,-0.000003,-0.000038,2.138181,1.248876,22.913350
0.010462,-0.000003,-0.000045,0.184780,0.314785,-0.031509,-0.000012,-0.000093,2.135360,1.248680,22.925374
0.003595,-0.000012,-0.000110,0.144780,-8.864740,1.052341,0.000119,0.001585,2.134434,1.248865,22.937397
0.028151,-0.000008,-0.000116,0.104780,-5.133919,0.016409,0.000606,0.000458,2.131278,1.249427,23.007397
-0.500402,-0.000000,-0.000002,-0.147428,-5.123919,0.289679,-0.006473,0.117185,2.127575,1.250062,23.147397
-0.727964,-0.005939,0.116648,-0.293784,-4.264887,-0.015226,-0.033195,-0.848977,2.115338,1.252429,23.287397
-1.203035,-0.032097,-0.846402,-6.826537,-2.723649,0.106393,0.012335,-0.411294,2.100650,1.256491,23.357397
-1.358574,0.013362,-0.455601,-6.786537,-1.580869,-0.258089,-0.027072,-0.696392,2.092766,1.257369,23.357397
-1.773338,-0.026565,-0.703448,-5.818120,-0.529205,-0.010163,0.019585,0.481517,2.081513,1.261198,23.357397
-1.843459,0.017920,0.461053,-4.701220,0.321790,-0.076118,-0.150962,-1.564475,2.072132,1.262545,23.357397
-1.815237,-0.123776,-0.945374,-4.603284,1.309089,-0.073722,0.215657,0.061186,2.067307,1.270248,23.357397
-1.772846,0.115547,-2.133074,-4.632479,2.387516,-0.027281,0.034773,1.311747,2.063013,1.268940,23.357397
-1.563860,0.009738,0.257540,-3.690029,1.158817,0.109536,-0.023723,-0.582035,2.063535,1.270550,23.357397
-1.283820,0.030055,0.789195,-3.445224,1.148817,0.016666,0.071355,-1.330710,2.068330,1.273711,23.240672
-1.110542,0.155342,0.756208,-2.232628,1.138817,0.049652,0.047021,-0.770126,2.074049,1.276934,23.029755
-0.959079,0.183463,1.717325,-2.497766,0.984887,0.002042,0.012044,-1.007781,2.078375,1.278692,22.935563
-0.858428,0.200215,2.620598,-1.871063,0.828783,0.020610,0.029398,-0.510600,2.083282,1.279508,22.935563
-0.772182,0.214949,3.546219,-1.447826,0.818783,-0.007629,0.016123,-0.683330,2.088729,1.279913,22.935563
-0.714411,0.198900,3.916462,-1.270596,0.808783,-0.015178,-0.018057,-0.496772,2.094662,1.278645,22.935563
-0.664341,0.156922,4.055333,-1.230596,0.798783,-0.008633,0.140044,-1.365083,2.101057,1.283373,22.935563
-0.611175,0.301407,2.785842,-1.190596,0.788783,-0.002991,0.180576,-1.692032,2.109956,1.289748,22.935563
-0.549270,0.414180,1.896764,-1.150596,0.778783,-0.005573,0.088289,-0.835751,2.118714,1.290430,22.935563
-0.491145,0.418968,1.826739,-1.110596,0.680849,-0.001601,0.059592,-0.654609,2.127969,1.287995,22.935563
-0.440557,0.388654,1.905379,4.246489,0.670849,-0.013259,-0.005097,-1.508088,2.136916,1.283589,22.935563
-0.401135,0.343012,2.066616,4.206489,0.680849,-0.015183,-0.018033,-1.563519,2.145704,1.278180,22.935563
-0.366538,0.284767,2.293961,4.246489,-0.260619,0.068797,-0.019633,-1.382245,2.155807,1.271049,22.935563
-0.351652,0.225611,2.626323,4.206489,1.193972,-0.199652,-0.022811,1.456888,2.162878,1.262923,23.005563
-0.387612,0.207295,4.059717,4.846212,-1.935231,0.332493,0.019758,0.348227,2.172856,1.255875,23.075563
-0.293109,0.203212,5.132403,4.886212,0.357758,-0.315040,-0.130660,0.593081,2.182647,1.246700,23.075563
-0.473554,0.184771,4.849229,4.926212,0.347758,-0.017584,0.384494,-6.017007,2.192246,1.248850,23.075563
-0.477312,0.576707,-1.008181,4.886212,0.337758,0.040844,-0.137798,2.346834,2.199940,1.245447,23.075563
-0.447792,0.338808,2.338892,4.846212,-0.050823,0.035320,0.004029,-0.198217,2.209204,1.243505,23.075563
-0.444293,0.275698,3.186825,4.886212,0.064946,-0.017368,0.019679,-0.344357,2.217885,1.241131,23.035795
-0.480263,0.231469,3.869596,3.528515,0.054946,-0.051777,-0.019905,-1.570750,2.227097,1.239524,22.996027
-0.513575,0.214980,4.481683,3.568515,-3.703682,0.393838,0.002860,-0.558577,2.235618,1.238344,22.891407
-0.511716,0.255629,6.004642,3.528515,-3.693682,0.393739,0.040042,-1.181463,2.244390,1.240837,22.786788
-0.493216,0.352483,6.957193,3.281592,-3.164941,-0.070647,0.076468,-1.386348,2.249322,1.245596,22.833742
-0.846656,0.497776,7.690728,3.241592,-2.101890,-0.156592,0.064289,-1.262164,2.248963,1.250898,22.886434
-1.131307,0.688854,8.522116,3.201592,-0.740677,-0.186960,0.046873,-1.418310,2.249821,1.257194,22.883597
-1.242443,0.912479,9.197073,2.471256,-0.730677,-0.204064,0.034534,-0.880401,2.248511,1.265502,22.862513
-1.278283,1.138765,10.207954,2.511256,-0.407822,-0.114657,-0.006714,-1.216676,2.248635,1.274436,22.846012
-1.116851,1.344541,10.903519,2.471256,0.793805,-0.228964,0.006271,-1.165524,2.251123,1.283491,22.842020
-0.875604,1.515823,11.631625,2.781265,0.611662,-0.130245,-0.006549,-1.338793,2.256344,1.292235,22.842020
-0.508463,1.632045,12.372266,2.465460,0.437295,-0.143963,0.010192,0.102854,2.263266,1.300391,22.842020
-0.192310,1.723931,11.720717,2.505460,0.427295,0.124292,0.345878,-7.889046,2.288121,1.322909,22.812790
0.362652,2.053834,3.782208,3.634293,1.281955,-0.205663,0.148466,-2.318055,2.302936,1.332937,22.750129
0.465757,2.018407,1.795787,2.596744,0.465171,-0.039791,0.036140,-0.453327,2.309246,1.336386,22.716698
0.508665,1.890183,1.634198,2.867356,1.517568,-0.140919,0.026685,-0.126894,2.313780,1.335516,22.716698
0.565763,1.745783,1.716586,2.313030,1.095592,0.036314,0.007960,-0.502422,2.319230,1.331880,22.716698
0.727240,1.593733,1.700918,2.273030,1.085592,0.036960,0.001150,-0.378486,2.325261,1.327106,22.716698
0.880417,1.429507,1.865044,2.233030,1.075592,-0.018950,0.012941,-0.146058,2.332803,1.322583,22.716698
0.972408,1.269033,2.319968,2.193030,0.000000,0.086036,0.019663,-0.187364,2.340053,1.317041,22.716698
1.057738,1.105074,2.788269,2.153030,0.010000,0.077168,0.027524,-0.248350,2.347844,1.311881,22.716698
1.134590,0.933957,3.265050,2.113030,0.000000,0.037775,0.044140,-0.305181,2.356148,1.307343,22.716698
1.166659,0.762199,3.768877,1.962550,-0.091808,-0.035254,0.070843,-0.475175,2.362500,1.302708,22.751331
1.106121,0.605547,4.305074,2.002550,-0.101808,-0.042305,0.106532,-0.513015,2.367406,1.298554,22.785964
1.030795,0.473119,4.808249,1.962550,-0.111808,-0.050273,0.133850,-0.390293,2.370843,1.295841,22.785964
0.936988,0.380575,5.298409,1.641899,-0.123960,-0.049922,0.163796,-0.402387,2.369523,1.295396,22.785964
0.831559,0.376532,5.594985,1.609542,-0.113960,-0.027756,0.141625,-0.183243,2.367923,1.294612,22.785964
0.750898,0.363760,6.092256,1.635870,-0.123960,-0.011003,0.126416,0.493530,2.364416,1.292824,22.790305
0.687692,0.353984,7.019841,1.675870,-0.391741,0.029506,0.042890,0.764013,2.361860,1.288311,22.799382
0.640910,0.286302,7.792834,1.635870,-0.830790,0.033516,-0.066896,-1.815896,2.359515,1.268751,22.812662
0.548109,0.177869,5.229488,1.595870,-0.919262,0.044861,-0.059394,-1.620055,2.354713,1.254639,22.829698
0.436354,0.109240,3.050636,1.255248,-1.110689,0.087046,-0.047250,-1.214682,2.349111,1.247873,22.838190
0.335579,0.075316,2.050637,1.215248,-1.100689,0.058456,-0.027296,-0.727650,2.342145,1.242600,22.845614
0.239317,0.054152,1.450225,1.175248,-0.754783,0.021593,-0.002162,-0.076075,2.335584,1.239350,22.853037
0.199919,0.040298,1.070308,1.135248,-0.609465,0.007335,0.007188,0.192504,2.328665,1.236095,22.855946
0.196300,0.022013,0.607507,1.175248,-0.619465,-0.014466,-0.002556,-0.073059,2.321518,1.233178,22.858856
0.157449,0.001874,0.054574,1.135248,-0.629465,-0.006400,-0.000031,-0.000925,2.312197,1.230490,22.864571
0.078141,0.000177,0.005170,1.095248,-0.038105,-0.062389,0.000020,0.000672,2.301895,1.228271,22.870285
0.002482,0.000054,0.001679,1.135248,-0.048105,0.000040,-0.000070,-0.000882,2.290509,1.225940,22.870896
-0.000021,-0.000016,0.000792,1.095248,-0.058105,0.000187,-0.000108,-0.001284,2.279327,1.223982,22.874981
-0.000011,-0.000125,-0.000484,0.793674,2.545523,-0.226071,-0.010028,-0.226293,2.268693,1.222475,22.878456
0.028158,-0.000191,-0.001701,0.753674,1.627784,0.071352,0.014087,0.331812,2.261363,1.221015,22.878456
0.265692,0.014083,0.331703,0.793674,0.561312,0.112359,0.000980,0.024555,2.255508,1.219831,22.878456
0.379685,0.052648,1.356461,0.753674,-0.592995,0.235249,0.000201,0.032883,2.251965,1.219116,22.880491
0.498129,0.087311,2.327092,0.793674,-0.625525,0.291063,-0.002340,0.063346,2.247156,1.211281,22.882526
0.649741,0.119432,3.323513,0.387018,-1.400036,0.064196,0.034998,0.941209,2.248849,1.218091,22.882526
0.590561,0.129666,3.705869,0.347018,-1.397485,0.003962,0.003391,0.098460,2.245063,1.217892,22.882526
0.457303,0.085255,2.496731,0.320306,-0.540343,-0.098622,-0.008698,-0.254118,2.238021,1.218355,22.882526
0.302806,0.050305,1.407319,0.360306,-0.527199,-0.026906,-0.008296,-0.224912,2.230899,1.218294,22.886149
0.214529,0.031905,0.860617,0.400306,-0.537199,-0.026372,-0.001007,-0.035085,2.222086,1.217986,22.889772
0.136245,0.000715,0.026193,0.654379,-0.253945,-0.037910,-0.000002,-0.000027,2.214238,1.218713,22.889772
0.062133,0.000011,0.000415,0.694379,-0.741355,0.013369,-0.000006,-0.000132,2.205318,1.220014,22.889772
-0.008502,-0.000001,0.000068,0.998017,-0.569000,-0.015792,0.006647,-0.071847,2.195124,1.221312,22.889772
-0.076524,0.006581,-0.070903,1.038017,-0.000000,-0.127143,0.293468,-2.884396,2.187235,1.230748,22.898038
-0.233781,0.420945,-3.882280,0.913840,0.010000,0.042445,-0.126821,1.531092,2.176712,1.235880,22.906305
-0.266457,0.405305,-3.043968,0.953840,2.526244,-0.223974,-0.038807,0.338783,2.167165,1.242947,22.906305
-0.290804,0.487845,-3.292007,0.901128,1.218439,0.151119,-0.011807,0.934932,2.160784,1.249093,22.883542
-0.089766,0.595316,-2.886900,0.809271,1.160000,0.017053,0.000780,0.417251,2.156830,1.255601,22.860778
-0.028451,0.738796,-2.953206,0.769271,0.979073,0.114792,-0.236216,1.443345,2.153894,1.260805,22.860778
0.103321,0.656930,-2.120057,0.339320,0.989073,0.090857,-0.054846,0.848028,2.151357,1.259680,22.860778
0.288285,0.456048,-1.091468,0.229767,0.979073,0.034679,-0.033729,0.346256,2.149349,1.254717,22.860778
0.426014,0.265709,-0.692042,0.189767,0.969073,0.022548,-0.023071,0.505588,2.147752,1.246692,22.881681
0.548917,0.094546,0.364427,-0.262617,0.627121,0.038459,0.039165,1.055644,2.148780,1.240323,22.902583
0.625389,0.023354,0.693845,-0.302617,0.617121,0.000076,0.000353,0.002806,2.149563,1.233545,22.909182
0.659208,-0.031762,-0.721148,-0.342617,0.616690,0.007584,0.006552,0.176216,2.151528,1.227021,22.915781
0.701956,-0.061960,-1.670141,-0.382617,0.626690,0.002259,0.003029,0.086245,2.152414,1.220235,22.921200
0.742365,-0.085872,-2.430533,-0.422617,0.636690,0.000343,0.003400,0.099541,2.155044,1.214010,22.926619
0.782947,-0.102522,-2.994490,-0.462035,0.438919,0.012569,0.003581,0.095874,2.157026,1.206905,22.931456
0.814247,-0.116089,-3.467455,-0.431199,0.250000,0.005970,-0.002958,-0.088309,2.161251,1.199051,22.936293
0.827484,-0.123540,-3.786417,-0.445430,0.240000,-0.006398,0.003263,0.101719,2.162767,1.192682,22.940462
0.828252,-0.123273,-3.828781,-0.439524,0.230000,-0.009133,0.001625,0.067777,2.165827,1.186400,22.944630
0.826359,-0.123891,-3.847794,-0.443821,0.220000,-0.008892,0.001035,0.049234,2.170403,1.179567,22.948157
0.823422,-0.125445,-3.890991,-0.446332,0.127844,-0.001805,0.000594,0.027306,2.174525,1.172421,22.951684
0.818502,-0.126559,-3.926077,-0.454933,0.117844,-0.009299,0.001437,0.062703,2.177793,1.164938,22.954976
0.804601,-0.127584,-3.937023,-0.460681,0.107844,-0.007519,0.001802,0.065438,2.182296,1.157309,22.958268
0.791766,-0.128047,-3.936292,-0.467413,0.116077,-0.007596,0.001829,0.070053,2.185986,1.149302,22.961807
0.779635,-0.128930,-3.937092,-0.470463,0.106077,-0.008046,0.001355,0.053899,2.188160,1.140842,22.965345
0.766570,-0.129602,-3.940224,-0.479639,0.116077,-0.008856,0.003373,0.107912,2.192088,1.133085,22.969596
0.753412,-0.128943,-3.903959,-0.485437,0.126077,-0.008484,0.002431,0.088171,2.196272,1.125715,22.973847
0.741298,-0.130104,-3.906027,-0.489538,0.136077,-0.009325,0.001236,0.051858,2.198300,1.117679,22.975567
0.729873,-0.131692,-3.937046,-0.493660,0.146077,-0.009904,0.001811,0.065914,2.200738,1.109993,22.977288
0.719728,-0.131734,-3.929679,-0.498464,0.156077,-0.009562,0.001761,0.067311,2.201798,1.101137,22.981237
0.710960,-0.132129,-3.923655,-0.501870,0.166077,-0.009665,0.001282,0.052823,2.203216,1.092729,22.985185
0.703317,-0.132803,-3.931708,-0.504585,0.176077,-0.010139,0.001300,0.053756,2.204871,1.085053,22.988629
0.696646,-0.133016,-3.929043,-0.507093,0.186077,-0.009579,0.001539,0.057279,2.207030,1.076814,22.992246
0.691739,-0.132886,-3.920342,-0.508655,0.196077,-0.010819,0.001979,0.069973,2.207198,1.067839,22.996114
0.686681,-0.132397,-3.899870,-0.510863,0.206077,-0.011398,0.002448,0.082211,2.208695,1.058925,23.001052
0.681856,-0.131868,-3.877645,-0.512779,0.216077,-0.008280,0.001461,0.054851,2.210674,1.049275,23.004512
0.680980,-0.132734,-3.893653,-0.511097,0.226077,-0.009787,0.000758,0.036461,2.209769,1.039119,23.009226
0.680267,-0.133310,-3.910768,-0.510115,0.236077,-0.012599,0.000833,0.042424,2.211834,1.030730,23.014744
0.678221,-0.133215,-3.906656,-0.510431,0.246077,-0.008544,0.000796,0.034407,2.212868,1.020294,23.017941
0.681359,-0.133180,-3.910657,-0.506739,0.256077,-0.011263,0.000498,0.032293,2.212201,1.010255,23.022187
0.683093,-0.133035,-3.906655,-0.505142,0.266077,-0.011136,0.000132,0.021444,2.210651,0.999235,23.028125
0.685999,-0.133209,-3.914893,-0.501900,0.276077,-0.008575,0.000392,0.021829,2.210759,0.988153,23.034251
0.692843,-0.132623,-3.911759,-0.496886,0.286077,-0.008339,0.000619,0.029696,2.210826,0.977494,23.039237
0.700975,-0.131806,-3.897747,-0.491936,0.296077,-0.007909,0.000531,0.026684,2.209638,0.965663,23.042884
0.710339,-0.131290,-3.894190,-0.486045,0.306077,-0.007774,0.000446,0.024105,2.207224,0.953375,23.049905
0.720856,-0.130733,-3.892473,-0.479822,0.316077,-0.007526,0.000367,0.021600,2.204279,0.940857,23.057675
0.732617,-0.130142,-3.891924,-0.473139,0.326077,-0.007105,0.000261,0.018016,2.201355,0.928138,23.063358
0.745830,-0.129518,-3.893007,-0.465938,0.336077,-0.006997,0.000073,0.012490,2.197133,0.914945,23.070138
0.760137,-0.128900,-3.896550,-0.458481,0.346077,-0.010177,-0.000787,-0.001738,2.195438,0.903375,23.077820
0.772284,-0.128910,-3.910027,-0.452383,0.356077,-0.004910,-0.000452,-0.007874,2.188811,0.888428,23.082963
0.790891,-0.127985,-3.921021,-0.442656,0.366077,-0.005781,-0.000199,0.002820,2.182617,0.873994,23.092013
0.809727,-0.126453,-3.907415,-0.435188,0.376077,-0.007874,0.000056,0.015234,2.174826,0.859663,23.101386
0.827018,-0.125099,-3.892939,-0.428246,0.386077,-0.004964,-0.000137,0.003989,2.165867,0.844334,23.109234
0.847870,-0.124183,-3.899733,-0.419130,0.396077,-0.004997,-0.000309,-0.001231,2.156284,0.828316,23.118905
0.869676,-0.122968,-3.903695,-0.410958,0.406077,-0.002532,-0.000435,-0.009800,2.145760,0.811993,23.129577
0.894779,-0.121752,-3.914415,-0.401572,0.416077,-0.005457,-0.000573,-0.006914,2.135812,0.798970,23.141063
0.917865,-0.120257,-3.914260,-0.394465,0.426077,-0.003615,-0.000521,-0.008947,2.122713,0.784888,23.150302
0.943353,-0.118800,-3.920304,-0.385684,0.436077,-0.004611,-0.000494,-0.006091,2.105788,0.770081,23.160461
0.968711,-0.116936,-3.917436,-0.378240,0.446077,-0.001009,-0.000506,-0.015169,2.091624,0.755564,23.172706
0.998275,-0.115154,-3.926811,-0.369570,0.456077,-0.004087,-0.000601,-0.009730,2.076467,0.744610,23.184092
1.025480,-0.113099,-3.925132,-0.363202,0.466077,-0.004028,-0.000560,-0.007614,2.056185,0.730045,23.195311
1.053203,-0.111164,-3.927857,-0.355461,0.476077,-0.000538,-0.000493,-0.016369,2.038407,0.718037,23.208027
1.085137,-0.108801,-3.934913,-0.348815,0.486077,-0.003702,-0.000473,-0.005215,2.019281,0.709824,23.220619
1.114344,-0.106408,-3.932983,-0.343361,0.496077,-0.002070,-0.000381,-0.007147,1.997615,0.699252,23.231832
1.145556,-0.104061,-3.940403,-0.334269,0.506077,-0.002344,-0.000625,-0.014804,1.975691,0.691102,23.244612
1.177407,-0.101113,-3.939285,-0.322553,0.516077,-0.001941,-0.000785,-0.022025,1.951490,0.683659,23.258582
1.210678,-0.097216,-3.916882,-0.309269,0.526077,-0.004864,-0.002774,-0.063289,1.928648,0.680346,23.272841
1.242054,-0.094389,-3.906924,-0.300000,0.536077,-0.001201,-0.001376,-0.048683,1.902971,0.673332,23.285209
1.277921,-0.089223,-3.867258,-0.300000,0.546077,-0.000519,-0.000017,0.000474,1.873622,0.667135,23.299224
1.313764,-0.085116,-3.827368,-0.300000,0.556077,-0.001708,-0.000069,0.002066,1.845828,0.661562,23.316891
1.347908,-0.082521,-3.832062,-0.300000,0.566077,-0.000885,-0.000033,0.000679,1.815563,0.660531,23.333347
1.382787,-0.080016,-3.861247,-0.300000,0.576077,-0.000769,-0.000042,0.000898,1.787092,0.661990,23.349879
1.417751,-0.077223,-3.900544,-0.287020,0.586077,-0.001057,-0.000724,-0.024512,1.758602,0.665768,23.366292
1.453902,-0.072444,-3.908470,-0.258835,0.596077,-0.002074,-0.001664,-0.057797,1.722481,0.674344,23.381831
1.491817,-0.064096,-3.819298,-0.222720,0.602534,-0.001278,-0.002272,-0.088991,1.691428,0.681035,23.400315
1.532895,-0.052513,-3.605039,-0.182720,0.603193,-0.000997,-0.002655,-0.108927,1.663255,0.690874,23.420668
1.575442,-0.039179,-3.262237,-0.142720,0.598811,-0.000867,-0.002772,-0.116841,1.633476,0.702561,23.438592
1.618058,-0.026092,-2.818174,-0.102720,0.593219,-0.000968,-0.002982,-0.126309,1.605663,0.717006,23.458059
1.659988,-0.014365,-2.306999,-0.062720,0.587961,-0.000701,-0.003021,-0.131195,1.576140,0.731718,23.479850
1.701332,-0.003806,-1.746126,-0.024369,0.583954,-0.000245,-0.002863,-0.127772,1.550350,0.748999,23.505115
1.742075,0.005443,-1.158741,0.009191,0.581017,0.000148,-0.002470,-0.112179,1.521385,0.766930,23.533438
1.782005,0.012721,-0.582350,0.036569,0.577847,0.000361,-0.001882,-0.087420,1.491375,0.785233,23.563324
1.820844,0.017707,-0.051627,0.056714,0.574678,0.000452,-0.001347,-0.063558,1.459039,0.802701,23.595306
1.858594,0.020038,0.399138,0.069073,0.570591,0.000393,-0.000813,-0.038889,1.427230,0.821366,23.629349
1.895191,0.019809,0.750629,0.074324,0.565491,0.000308,-0.000359,-0.017106,1.393618,0.838910,23.664604
1.930675,0.017382,0.994630,0.074226,0.558537,0.000340,0.000007,0.000370,1.359785,0.856505,23.699726
1.965040,0.013533,1.137704,0.067850,0.549658,0.000262,0.000409,0.021088,1.326148,0.874561,23.736493
1.998174,0.008530,1.182333,0.057540,0.540409,0.000167,0.000795,0.038966,1.293114,0.891138,23.773312
2.030009,0.003188,1.139058,0.042947,0.532014,0.000124,0.001098,0.055373,1.257665,0.904467,23.809116
2.060763,-0.002310,1.010618,0.023644,0.524092,0.000286,0.001431,0.074255,1.222335,0.922831,23.845533
2.090661,-0.007785,0.796997,0.000069,0.517570,0.000532,0.005844,0.188575,1.184596,0.936920,23.883458
2.119721,-0.008877,0.594976,-0.028189,0.511632,0.001164,0.012772,0.414972,1.148330,0.946898,23.923219
2.147984,-0.006880,0.479938,-0.059567,0.506933,0.001600,0.006395,0.329826,1.108603,0.960306,23.963125
2.174627,-0.018541,0.092472,-0.092642,0.502627,0.002213,0.006953,0.223573,1.067545,0.977069,24.003560
2.199527,-0.024087,-0.488721,-0.121551,0.498025,0.004372,0.012709,0.413941,1.026398,0.992324,24.046561
2.224294,-0.017255,-0.828006,-0.149554,0.494460,0.006716,0.017285,0.563544,0.986618,1.005142,24.092287
2.248398,-0.008864,-1.010221,-0.180481,0.492222,0.004814,0.006627,0.336076,0.945453,1.023376,24.138998
2.267067,-0.016411,-1.451393,-0.207292,0.487958,0.001123,0.000788,0.040020,0.908071,1.036686,24.186647
2.279366,-0.020707,-2.140281,-0.222203,0.484883,0.000707,0.000374,0.017422,0.872268,1.060618,24.233630
2.289788,-0.011887,-2.669747,-0.226217,0.482125,0.000243,0.000067,0.004015,0.834685,1.081487,24.280524
2.298487,0.003220,-3.025360,-0.224477,0.480336,-0.000075,-0.000095,-0.002912,0.798354,1.105215,24.329678
2.305661,0.020379,-3.236919,-0.218395,0.479001,-0.000480,-0.000213,-0.009441,0.767594,1.131306,24.379828
2.311447,0.037060,-3.341998,-0.207188,0.478001,-0.001124,-0.000943,-0.030017,0.736721,1.157600,24.429332
2.316169,0.051378,-3.378017,-0.195545,0.479030,-0.001573,-0.001103,-0.044332,0.708045,1.192222,24.477510
2.320491,0.063301,-3.362023,-0.182047,0.479894,-0.000934,-0.000729,-0.030398,0.678215,1.226928,24.527177
2.325895,0.073040,-3.275462,-0.168945,0.480605,-0.001140,-0.000825,-0.032275,0.655141,1.259235,24.579202
2.331749,0.078787,-3.151993,-0.155292,0.481026,-0.000879,-0.000506,-0.024459,0.639753,1.298229,24.629222
2.338880,0.081195,-2.988676,-0.136797,0.480232,-0.000835,-0.000627,-0.035194,0.620563,1.335774,24.678144
2.347602,0.080531,-2.789203,-0.118322,0.478275,-0.000805,-0.000680,-0.039884,0.605136,1.374713,24.727612
2.357927,0.077252,-2.549756,-0.101338,0.474866,-0.000629,-0.000685,-0.042578,0.591515,1.416931,24.774877
2.369781,0.071511,-2.282515,-0.086840,0.469786,-0.000385,-0.000649,-0.039990,0.576724,1.457209,24.820502
2.382835,0.063792,-2.005528,-0.074504,0.462413,-0.000157,-0.000579,-0.037677,0.568657,1.503382,24.864428
2.396578,0.055074,-1.740240,-0.062058,0.452835,-0.000176,-0.000704,-0.042758,0.561868,1.546037,24.909455
2.410362,0.046719,-1.492916,-0.052035,0.443326,-0.000046,-0.000494,-0.033812,0.553095,1.590462,24.955135
2.423999,0.039413,-1.263745,-0.047172,0.437397,0.000036,-0.000277,-0.017110,0.541892,1.633855,25.000629
2.437423,0.032278,-1.080582,-0.044590,0.431884,-0.000075,-0.000135,-0.008881,0.533085,1.676625,25.046244
2.450302,0.025890,-0.954298,-0.045508,0.427869,0.000036,0.000038,0.003451,0.525354,1.721962,25.089931
2.462783,0.020439,-0.886551,-0.048897,0.424268,-0.000008,0.000171,0.011881,0.515209,1.765074,25.134212
2.474670,0.016092,-0.876216,-0.053649,0.420935,-0.000007,0.000236,0.016712,0.506539,1.808880,25.179891
2.485881,0.013136,-0.912359,-0.062629,0.418430,0.000075,0.000436,0.031043,0.496835,1.853089,25.224788
2.496371,0.011019,-0.996875,-0.073012,0.415712,0.000118,0.000464,0.033525,0.488578,1.897367,25.269408
2.505939,0.009938,-1.129336,-0.084937,0.412571,0.000126,0.000541,0.038417,0.481574,1.940647,25.314063
2.514331,0.010241,-1.294900,-0.098507,0.408961,0.000507,0.000608,0.041007,0.471488,1.988354,25.358805
2.521655,0.011791,-1.487885,-0.112042,0.403963,0.000216,0.000550,0.039481,0.464121,2.032284,25.404700
2.526993,0.014752,-1.695325,-0.133401,0.399300,0.000743,0.000908,0.058438,0.455889,2.077142,25.450798
2.530411,0.018237,-1.925809,-0.154610,0.393547,0.000763,0.000717,0.047420,0.448740,2.121856,25.496065
2.531145,0.022721,-2.184170,-0.176293,0.387305,0.000831,0.000619,0.039429,0.444608,2.164272,25.540474
2.529010,0.029211,-2.443684,-0.191447,0.381082,0.000564,0.000372,0.021871,0.442396,2.207791,25.583753
2.524120,0.038064,-2.676629,-0.204727,0.376189,0.000522,0.000300,0.018066,0.441039,2.250552,25.626099
2.516854,0.048559,-2.863840,-0.215999,0.372130,0.000409,0.000207,0.012869,0.445781,2.293456,25.668400
2.507349,0.059447,-3.009096,-0.224091,0.368980,0.000231,0.000110,0.007311,0.450207,2.336509,25.710027
2.495939,0.069970,-3.116157,-0.229997,0.367090,-0.000022,0.000029,0.004384,0.457547,2.376901,25.751188
2.482954,0.079489,-3.189221,-0.231857,0.366748,-0.000255,-0.000045,0.000812,0.465559,2.418093,25.791206
2.469055,0.087578,-3.233308,-0.230389,0.367884,-0.000306,-0.000066,-0.001062,0.481921,2.460939,25.830867
2.455013,0.093977,-3.251755,-0.228022,0.369260,-0.000181,-0.000006,-0.000070,0.487794,2.499166,25.873720
2.441272,0.098454,-3.249078,-0.228773,0.373669,-0.000796,-0.000148,-0.000629,0.506112,2.533557,25.915657
2.427305,0.100501,-3.238679,-0.222908,0.377205,-0.000387,-0.000072,-0.002940,0.523762,2.572461,25.955787
2.414783,0.100970,-3.218085,-0.220159,0.382724,-0.000675,-0.000121,-0.002341,0.541395,2.608938,25.998953
2.403053,0.099765,-3.193159,-0.215850,0.388879,-0.001075,-0.000276,-0.006825,0.572630,2.645218,26.043654
2.392300,0.097215,-3.169607,-0.210219,0.393162,-0.001751,-0.000380,-0.010094,0.590966,2.671180,26.092242
2.382237,0.093956,-3.145128,-0.198688,0.399348,-0.000880,-0.000276,-0.012289,0.622038,2.706260,26.139333
2.375149,0.090890,-3.105710,-0.189052,0.404801,-0.002025,-0.000873,-0.023599,0.646491,2.727359,26.186246
2.368764,0.087029,-3.063977,-0.174659,0.411219,-0.001745,-0.000703,-0.033734,0.685014,2.757677,26.234453
2.365063,0.083978,-3.001655,-0.162176,0.415957,-0.002134,-0.001412,-0.042310,0.713869,2.773728,26.284540
2.362969,0.080244,-2.920250,-0.146289,0.421854,-0.001900,-0.000918,-0.048687,0.747220,2.796861,26.336329
2.363542,0.077486,-2.801824,-0.133024,0.428164,-0.000896,-0.000548,-0.030912,0.788883,2.822266,26.384836
2.367278,0.074294,-2.634454,-0.122252,0.433418,-0.002004,-0.001762,-0.054334,0.819724,2.830808,26.438321
2.371719,0.067912,-2.482637,-0.110200,0.440578,-0.001758,-0.000939,-0.053984,0.857312,2.844635,26.489227
2.378575,0.062706,-2.311889,-0.098718,0.447705,-0.001080,-0.000564,-0.031608,0.895123,2.858233,26.535118
2.388045,0.057705,-2.106259,-0.089744,0.454231,-0.001121,-0.000544,-0.028064,0.930927,2.871242,26.580995
2.399044,0.051566,-1.912257,-0.085055,0.460610,-0.001325,-0.000924,-0.030500,0.970892,2.881915,26.626573
2.411072,0.044259,-1.764509,-0.081696,0.466479,-0.001187,-0.000394,-0.023176,1.013453,2.891521,26.670818
2.424200,0.038500,-1.651300,-0.080707,0.472652,-0.000729,-0.000077,-0.002741,1.051967,2.902980,26.714070
2.438542,0.033864,-1.563275,-0.079712,0.479452,-0.000729,-0.000070,-0.002691,1.091911,2.914177,26.756838
2.453593,0.030206,-1.511071,-0.079168,0.486003,-0.000711,-0.000043,-0.001260,1.132901,2.924424,26.798486
2.469242,0.027852,-1.482074,-0.079763,0.491855,-0.000626,0.000003,0.002134,1.173717,2.934497,26.840622
2.485346,0.026482,-1.471889,-0.079699,0.497256,-0.000745,-0.000022,0.000250,1.212434,2.945346,26.882653
2.501645,0.026110,-1.472266,-0.081092,0.502567,-0.000185,0.000057,0.004383,1.260495,2.963493,26.924327
2.518677,0.026287,-1.482080,-0.082448,0.507040,-0.001094,0.000003,0.004834,1.292406,2.964121,26.968977
2.534854,0.026866,-1.500291,-0.081709,0.512144,-0.000664,-0.000053,-0.001889,1.334488,2.973418,27.010681
2.551703,0.028256,-1.515007,-0.080931,0.516817,-0.000661,-0.000053,-0.002064,1.376506,2.982225,27.049911
2.568712,0.030062,-1.519485,-0.079923,0.521146,-0.000723,-0.000062,-0.002659,1.417134,2.991385,27.092891
2.585786,0.031870,-1.515636,-0.079597,0.524882,-0.000606,-0.000033,-0.000568,1.460596,3.000124,27.135390
2.603001,0.033379,-1.508776,-0.079750,0.528263,-0.000542,-0.000017,0.000825,1.504634,3.008643,27.178741
2.620247,0.034557,-1.504628,-0.079126,0.531376,-0.000162,-0.000029,-0.001964,1.555396,3.019978,27.223850
2.637871,0.035768,-1.501286,-0.074557,0.533930,-0.001073,-0.000232,-0.014035,1.593371,3.019161,27.272070
2.654748,0.037616,-1.478996,-0.071740,0.536933,-0.000654,-0.000127,-0.008508,1.637624,3.025384,27.318044
2.672154,0.039208,-1.438325,-0.069255,0.539529,-0.000639,-0.000113,-0.007585,1.682103,3.030457,27.360970
2.689633,0.040009,-1.393216,-0.066204,0.541722,-0.000667,-0.000162,-0.010760,1.727003,3.033435,27.406360
2.707164,0.040310,-1.346075,-0.062671,0.544017,-0.000553,-0.000146,-0.011234,1.773855,3.037989,27.452294
2.724908,0.040440,-1.291787,-0.059490,0.545704,-0.000546,-0.000165,-0.011584,1.820880,3.040952,27.499536
2.742704,0.040156,-1.235350,-0.055882,0.547220,-0.000209,-0.000157,-0.013003,1.873915,3.050272,27.547937
2.760881,0.039690,-1.175611,-0.052990,0.547572,-0.000862,-0.000160,-0.010450,1.913552,3.045751,27.599030
2.778308,0.038861,-1.115336,-0.048197,0.548101,-0.000500,-0.000179,-0.016136,1.960928,3.047901,27.647132
2.796078,0.038166,-1.047991,-0.043436,0.547800,-0.000515,-0.000174,-0.016168,2.007515,3.047932,27.691850
2.813711,0.037338,-0.969985,-0.039793,0.545734,-0.000468,-0.000166,-0.013900,2.052507,3.053055,27.739140
2.831068,0.035868,-0.891754,-0.038702,0.542854,-0.000114,-0.000222,-0.008519,2.102092,3.051749,27.786039
2.848255,0.033434,-0.832266,-0.036133,0.538986,-0.000128,-0.000134,-0.013184,2.150162,3.051479,27.834361
2.864877,0.031484,-0.783565,-0.033745,0.533567,-0.000144,-0.000089,-0.008799,2.199233,3.050740,27.883882
2.880741,0.029972,-0.733127,-0.031937,0.527566,-0.000110,-0.000073,-0.006768,2.248132,3.050217,27.933847
2.895812,0.028437,-0.687976,-0.030513,0.519791,-0.000103,-0.000067,-0.005912,2.295482,3.051510,27.983701
2.909927,0.026910,-0.650288,-0.028950,0.510270,0.000075,-0.000067,-0.005943,2.344465,3.053227,28.032723
2.923040,0.025601,-0.616899,-0.025939,0.500270,0.000093,-0.000095,-0.011266,2.395475,3.049628,28.082221
2.935018,0.024767,-0.578438,-0.020804,0.490270,0.000095,-0.000188,-0.020647,2.446225,3.047016,28.132733
2.945890,0.024371,-0.521424,-0.016289,0.480270,0.000412,-0.000157,-0.018118,2.503794,3.050532,28.184014
2.955961,0.023602,-0.445295,-0.014312,0.470270,-0.000276,-0.000101,-0.008612,2.544346,3.039580,28.237890
2.964217,0.021525,-0.372778,-0.007071,0.460270,-0.000005,-0.000253,-0.029763,2.592952,3.040484,28.287790
2.971700,0.019801,-0.288622,-0.003347,0.450270,0.000064,-0.000130,-0.015203,2.642492,3.040433,28.333784
2.978155,0.017405,-0.191900,-0.000164,0.440270,0.000032,-0.000086,-0.011941,2.692244,3.040487,28.383019
2.983488,0.014089,-0.104492,0.003696,0.430270,0.000020,-0.000118,-0.014717,2.741398,3.039689,28.432612
2.987721,0.010658,-0.024218,0.008400,0.420270,0.000074,-0.000175,-0.020122,2.790624,3.038374,28.481946
2.990908,0.007527,0.056344,0.013467,0.410270,0.000160,-0.000211,-0.022020,2.841262,3.036646,28.531013
2.993066,0.004622,0.144139,0.018567,0.400270,0.000050,-0.000161,-0.020391,2.890551,3.034957,28.580901
2.993986,0.001689,0.240460,0.025680,0.390270,0.000377,-0.000240,-0.028608,2.945960,3.037963,28.630813
2.994051,-0.001230,0.349418,0.026210,0.380270,-0.000265,-0.000021,-0.002301,2.988687,3.030585,28.682545
2.992418,-0.005616,0.443075,0.031476,0.370270,0.000051,-0.000203,-0.022253,3.036380,3.029692,28.732031
2.989931,-0.009668,0.519712,0.032467,0.360270,0.000052,-0.000033,-0.003870,3.086041,3.028311,28.777545
2.986389,-0.013578,0.587585,0.029562,0.350270,0.000194,0.000164,0.014005,3.137418,3.035429,28.825108
2.982060,-0.017927,0.616308,0.016526,0.340270,-0.000036,0.000487,0.054474,3.187544,3.033536,28.875234
2.976794,-0.023297,0.553954,0.005515,0.330270,0.000346,0.002198,0.091110,3.236161,3.032855,28.925958
2.971117,-0.024606,0.446111,-0.007078,0.320270,0.000155,0.000809,0.096075,3.278459,3.029316,28.974816
2.964424,-0.026000,0.269979,-0.016107,0.310270,0.000302,0.000318,0.036851,3.332189,3.036515,29.019980
2.957024,-0.023762,0.019443,-0.034804,0.300270,-0.000194,0.000662,0.075276,3.371856,3.030799,29.067050
2.948019,-0.018852,-0.256687,-0.047368,0.290270,0.000149,0.000436,0.048983,3.418739,3.033294,29.113129
2.938165,-0.011242,-0.551581,-0.062722,0.280270,0.000166,0.000532,0.057586,3.463861,3.034666,29.156629
2.926782,-0.002046,-0.836755,-0.079677,0.270270,0.000277,0.000526,0.057506,3.509085,3.036634,29.201526
2.913581,0.007380,-1.126570,-0.096528,0.260270,0.000351,0.000585,0.055629,3.554079,3.037525,29.245039
2.898306,0.017417,-1.409752,-0.115392,0.250270,0.000540,0.000616,0.057067,3.597134,3.038087,29.288907
2.880625,0.027732,-1.686992,-0.129900,0.240270,0.000641,0.000366,0.036778,3.646419,3.046227,29.331816
2.860594,0.038909,-1.947066,-0.149096,0.231072,0.001450,0.002222,0.087437,3.679909,3.034934,29.375883
2.838557,0.052084,-2.136007,-0.155645,0.224170,0.001630,0.000690,0.056636,3.728211,3.039429,29.416014
2.814988,0.062763,-2.295358,-0.169854,0.220685,-0.000196,0.000169,0.021813,3.762584,3.026332,29.455059
2.787742,0.071588,-2.468843,-0.168798,0.218663,-0.000787,-0.000157,-0.001884,3.799355,3.019058,29.493918
2.759620,0.081399,-2.596464,-0.166394,0.222351,-0.000908,-0.000185,-0.003556,3.838315,3.008034,29.528332
2.731758,0.090866,-2.664847,-0.164328,0.227093,-0.000950,-0.000232,-0.003981,3.876225,2.994512,29.565483
2.704321,0.098146,-2.690826,-0.162614,0.233025,-0.000811,-0.000079,-0.001907,3.920131,2.986992,29.605177
2.678069,0.102627,-2.687406,-0.167011,0.240469,-0.001273,0.000160,0.012654,3.947584,2.967602,29.648594
2.651945,0.103811,-2.672210,-0.164796,0.248349,-0.001145,-0.000032,0.004644,3.984654,2.952125,29.691267
2.627399,0.102405,-2.655120,-0.166885,0.258130,-0.001254,-0.000085,0.004097,4.013980,2.932674,29.733449
2.604207,0.099029,-2.646307,-0.164537,0.268130,-0.002277,-0.000460,-0.007309,4.032373,2.904490,29.778493
2.581891,0.094756,-2.644627,-0.151701,0.278130,-0.002449,-0.000710,-0.030861,4.067562,2.888109,29.821888
2.562221,0.091400,-2.624893,-0.147393,0.288130,0.001383,0.000359,-0.021240,4.081432,2.870251,29.867547
2.548415,0.088813,-2.584360,-0.141986,0.298130,-0.004719,-0.001688,-0.010906,4.117490,2.842507,29.911609
2.530443,0.083482,-2.521544,-0.139380,0.308130,-0.003402,-0.001123,-0.032522,4.135461,2.814212,29.958318
2.515811,0.077781,-2.488311,-0.131278,0.318130,-0.004772,-0.002057,-0.065452,4.158049,2.789592,30.011615
2.502159,0.072388,-2.463785,-0.123231,0.328130,-0.004841,-0.001876,-0.078795,4.184635,2.766647,30.063650
2.490710,0.068847,-2.422468,-0.119825,0.338130,-0.001448,-0.000347,-0.011932,4.206027,2.740306,30.114331
2.484407,0.066840,-2.309224,-0.119329,0.348130,-0.001227,-0.000135,-0.001077,4.227682,2.714187,30.163779
2.479784,0.062236,-2.216723,-0.121672,0.358130,-0.001211,0.000014,0.007875,4.244196,2.686294,30.211504
2.476436,0.056393,-2.161170,-0.122225,0.368130,-0.001184,-0.000061,0.002181,4.264119,2.657724,30.257218
2.474493,0.051140,-2.139794,-0.123427,0.377190,-0.001201,-0.000020,0.004452,4.280269,2.628684,30.301106
2.473662,0.047339,-2.137713,-0.123746,0.385014,-0.001394,-0.000048,0.002173,4.296899,2.600125,30.342000
2.473602,0.045049,-2.146667,-0.124348,0.391617,-0.001870,0.000130,0.006805,4.311184,2.578905,30.378498
2.473796,0.044107,-2.155491,-0.125595,0.398119,-0.002302,0.000122,0.010622,4.328155,2.550274,30.407367
2.474143,0.043641,-2.166235,-0.126865,0.403355,-0.000928,0.000071,0.006204,4.346770,2.519834,30.434103
2.476305,0.043451,-2.185886,-0.128446,0.407231,-0.000229,0.000190,0.002437,4.363163,2.478611,30.465132
2.479387,0.043868,-2.212516,-0.125601,0.409811,-0.000930,-0.000262,-0.009058,4.378397,2.446114,30.502330
2.482156,0.044985,-2.226695,-0.124529,0.412403,-0.001008,-0.000237,-0.005051,4.395091,2.417928,30.540801
2.485084,0.046348,-2.225249,-0.123462,0.414654,-0.001322,-0.000390,-0.010283,4.406153,2.385318,30.573977
2.487899,0.047252,-2.221997,-0.121754,0.416699,-0.001220,-0.000332,-0.012506,4.418707,2.351804,30.605885
2.491068,0.048156,-2.211632,-0.117545,0.417883,-0.001891,-0.000675,-0.023809,4.426091,2.327228,30.640080
2.493926,0.048889,-2.191142,-0.114535,0.419102,-0.000241,-0.000627,-0.010693,4.441147,2.288849,30.671420
2.498733,0.049430,-2.145945,-0.111883,0.418155,-0.000959,-0.000444,-0.019682,4.452439,2.255776,30.703517
2.502867,0.049345,-2.108591,-0.108634,0.416801,-0.000598,-0.000575,-0.018350,4.462797,2.218613,30.739940
2.507444,0.048884,-2.063229,-0.102346,0.414248,-0.000933,-0.000470,-0.026277,4.469734,2.187085,30.776497
2.511868,0.048803,-2.003118,-0.096127,0.411374,-0.000727,-0.000334,-0.018132,4.475521,2.152104,30.812180
2.516635,0.048571,-1.915513,-0.088491,0.407778,-0.000681,-0.000369,-0.022336,4.481484,2.114928,30.846531
2.521611,0.047665,-1.811654,-0.081696,0.403114,-0.000654,-0.000352,-0.020467,4.484473,2.080384,30.883099
2.526622,0.045917,-1.696549,-0.072349,0.397893,-0.000588,-0.000402,-0.027962,4.491125,2.044551,30.920342
2.531809,0.043965,-1.565136,-0.063021,0.391198,-0.000468,-0.000403,-0.028830,4.497491,2.006132,30.956577
2.537022,0.041660,-1.415487,-0.056805,0.384744,-0.000366,-0.000291,-0.019617,4.511915,1.971743,30.993854
2.542078,0.038275,-1.268042,-0.053189,0.377449,-0.000208,-0.000167,-0.011401,4.519633,1.931362,31.030451
2.546814,0.033966,-1.145562,-0.052308,0.371014,-0.000088,-0.000045,-0.002943,4.523199,1.889216,31.068318
2.551145,0.029308,-1.062169,-0.048119,0.362448,-0.000433,-0.000228,-0.014748,4.534285,1.858241,31.109969
2.554503,0.025923,-0.997497,-0.049200,0.355756,-0.000204,0.000032,0.004166,4.534250,1.820142,31.147330
2.557401,0.022874,-0.954125,-0.047086,0.348338,-0.000282,-0.000119,-0.007465,4.538233,1.783827,31.182287
2.559575,0.020802,-0.927821,-0.045588,0.340525,-0.000010,-0.000086,-0.005636,4.541369,1.741581,31.219427
2.561292,0.019629,-0.901619,-0.044883,0.333007,-0.000499,-0.000066,-0.002553,4.547994,1.712292,31.258483
2.561778,0.018677,-0.879183,-0.046341,0.326449,0.000317,0.000314,0.011747,4.553812,1.669504,31.295068
2.562370,0.017764,-0.865034,-0.051209,0.321332,-0.000139,0.000263,0.021903,4.558362,1.637382,31.331466
2.561798,0.015876,-0.887524,-0.056185,0.316491,-0.000251,0.000251,0.018877,4.556831,1.598896,31.368468
2.560442,0.014402,-0.946970,-0.061019,0.311417,-0.000044,0.000211,0.016748,4.554380,1.556884,31.403898
2.558593,0.013978,-1.025246,-0.061745,0.303488,-0.000503,0.000013,0.003020,4.557495,1.526711,31.443595
2.555465,0.015209,-1.092124,-0.066729,0.297262,-0.000264,0.000203,0.016771,4.560740,1.490546,31.479469
2.551698,0.016389,-1.154839,-0.073609,0.291864,-0.000350,0.000337,0.024799,4.561354,1.455656,31.512143
2.546940,0.017000,-1.234423,-0.083679,0.287138,-0.000283,0.000379,0.030872,4.561947,1.420503,31.546787
2.541214,0.017019,-1.348830,-0.094242,0.282482,0.000191,0.000474,0.034304,4.561304,1.377610,31.581395
2.534858,0.017602,-1.489010,-0.104729,0.277295,-0.000595,0.000455,0.033401,4.564900,1.351079,31.619800
2.526524,0.019042,-1.644196,-0.118424,0.274038,-0.000096,0.000511,0.037265,4.567889,1.313916,31.654901
2.517356,0.020875,-1.819067,-0.134736,0.271710,-0.000080,0.000561,0.040092,4.568109,1.279208,31.685973
2.506666,0.023182,-2.014802,-0.148443,0.269683,-0.000159,0.000421,0.030642,4.563180,1.244564,31.719298
2.494525,0.026704,-2.215028,-0.160074,0.267635,-0.000214,0.000316,0.023765,4.559599,1.211009,31.752803
2.481037,0.031533,-2.399489,-0.169883,0.265594,-0.000234,0.000225,0.018235,4.558090,1.177877,31.785845
2.466321,0.037138,-2.559264,-0.177261,0.264237,-0.000308,0.000141,0.013094,4.552618,1.144241,31.817457
2.450563,0.043014,-2.689871,-0.184610,0.263161,-0.000017,0.000632,0.024372,4.545302,1.113327,31.849170
2.434151,0.048991,-2.782493,-0.190442,0.262275,-0.000124,0.000274,0.020262,4.535704,1.083585,31.879356
2.416876,0.053396,-2.857311,-0.193895,0.261574,-0.000464,0.000010,0.005358,4.526153,1.053119,31.908071
2.398852,0.056660,-2.925816,-0.197187,0.260858,-0.000459,-0.000006,0.004993,4.519428,1.023974,31.937945
2.380509,0.059269,-2.977085,-0.199456,0.260601,-0.000506,-0.000018,0.003365,4.511879,0.993925,31.968340
2.362014,0.061034,-3.015101,-0.201939,0.260386,-0.000414,-0.000008,0.003846,4.496506,0.966673,31.998932
2.343540,0.061849,-3.043137,-0.205217,0.259239,-0.000408,0.000006,0.004511,4.480483,0.941025,32.030688
2.324917,0.061666,-3.067007,-0.207172,0.257924,-0.000423,-0.000042,0.002526,4.465061,0.915556,32.062953
2.306293,0.060713,-3.088659,-0.207206,0.257464,-0.000613,-0.000096,0.000320,4.445863,0.893043,32.095096
2.287809,0.059315,-3.105394,-0.205937,0.256858,-0.000570,-0.000108,-0.001119,4.427467,0.870034,32.128038
2.269829,0.057625,-3.114911,-0.204879,0.255809,-0.000522,-0.000097,-0.000900,4.407541,0.847706,32.161942
2.252323,0.055576,-3.118100,-0.205007,0.253481,-0.000498,-0.000086,0.000281,4.385891,0.828545,32.196480
2.235040,0.053038,-3.119234,-0.205198,0.250221,-0.000311,-0.000036,0.000894,4.365538,0.808703,32.231968
2.218077,0.050178,-3.120397,-0.205748,0.247657,-0.000246,-0.000012,0.002040,4.344837,0.791716,32.267846
2.201365,0.047088,-3.122717,-0.204317,0.247245,-0.000395,-0.000071,-0.000555,4.320444,0.775755,32.303308
2.185103,0.044030,-3.124378,-0.203378,0.246519,-0.000521,-0.000074,-0.000554,4.297292,0.761042,32.339722
2.169228,0.041044,-3.124189,-0.203884,0.244858,-0.000450,-0.000051,0.001057,4.271139,0.748737,32.377162
2.153695,0.037984,-3.125289,-0.205665,0.242469,-0.000388,-0.000005,0.002999,4.248386,0.736083,32.415804
2.138300,0.034845,-3.131270,-0.208334,0.240440,0.000139,0.000064,0.003299,4.212625,0.715404,32.454759
2.123465,0.031737,-3.145540,-0.215623,0.235044,-0.000465,0.000098,0.011413,4.198253,0.718076,32.498900
2.107255,0.028391,-3.172004,-0.220382,0.233155,-0.000247,0.000115,0.007046,4.174268,0.709689,32.539752
2.091127,0.025352,-3.212183,-0.226036,0.231315,-0.000134,0.000143,0.007880,4.146761,0.703341,32.573549
2.074873,0.022753,-3.258824,-0.234226,0.228599,0.000029,0.000218,0.010763,4.119703,0.698579,32.611138
2.058189,0.020379,-3.313217,-0.243398,0.225741,0.000081,0.000241,0.011145,4.093438,0.695910,32.650956
2.040842,0.018166,-3.376354,-0.254256,0.221893,0.000558,0.000246,0.010109,4.055645,0.685202,32.691274
2.023009,0.016068,-3.448836,-0.267070,0.213415,0.000468,0.000223,0.012125,4.030828,0.687670,32.735430
2.003476,0.014070,-3.526201,-0.277536,0.204931,0.000346,0.000250,0.011514,4.015008,0.698537,32.780447
1.982447,0.012334,-3.602938,-0.284974,0.198031,0.000383,0.000181,0.006394,3.987668,0.702130,32.818591
1.960539,0.010700,-3.677007,-0.288334,0.194608,0.000081,0.000108,0.003751,3.961109,0.707889,32.855557
1.938165,0.009193,-3.740004,-0.286683,0.196543,-0.000410,-0.000022,0.000197,3.935557,0.714602,32.895923
1.916127,0.007692,-3.787615,-0.282080,0.202237,-0.000717,-0.000114,-0.002499,3.909437,0.722509,32.937224
1.895301,0.006129,-3.816838,-0.276780,0.209864,-0.000878,-0.000149,-0.003221,3.886786,0.732052,32.978912
1.876093,0.004385,-3.827452,-0.271296,0.217761,-0.000930,-0.000184,-0.004122,3.864942,0.741949,33.019855
1.858672,0.002344,-3.822619,-0.265937,0.226304,-0.000988,-0.000204,-0.004806,3.843385,0.754961,33.058988
1.843088,0.000024,-3.805541,-0.260254,0.235013,-0.001012,-0.000227,-0.005567,3.822385,0.768629,33.098198
1.829419,-0.002450,-3.778006,-0.255121,0.243957,-0.001088,-0.000235,-0.005430,3.804141,0.783588,33.137350
1.817570,-0.005006,-3.742868,-0.249295,0.253610,-0.001096,-0.000270,-0.007278,3.783935,0.797663,33.175081
1.807714,-0.007454,-3.701548,-0.242992,0.263610,-0.001275,-0.000321,-0.008024,3.767265,0.812837,33.211659
1.799728,-0.009631,-3.652285,-0.236220,0.273610,-0.001045,-0.000342,-0.010074,3.743497,0.822891,33.246617
1.793993,-0.011440,-3.595750,-0.230273,0.283610,-0.001562,-0.000393,-0.008757,3.733812,0.847905,33.278528
1.789595,-0.013034,-3.533038,-0.225047,0.293609,-0.001329,-0.000330,-0.008306,3.718815,0.865543,33.311498
1.787160,-0.014416,-3.469530,-0.220468,0.302192,-0.001353,-0.000313,-0.007293,3.704723,0.883428,33.345800
1.786156,-0.015634,-3.407888,-0.216331,0.310626,-0.001347,-0.000313,-0.007317,3.691031,0.903023,33.376715
1.786508,-0.016662,-3.350796,-0.211664,0.318968,-0.001929,-0.000780,-0.018104,3.678857,0.923102,33.405163
1.787625,-0.017762,-3.305079,-0.204876,0.328112,-0.002224,-0.000741,-0.023122,3.667999,0.942989,33.431636
1.790073,-0.017747,-3.250543,-0.195964,0.338055,-0.001493,-0.000578,-0.019508,3.653933,0.967418,33.456326
1.795039,-0.016665,-3.167949,-0.185104,0.347756,-0.001621,-0.000724,-0.025304,3.641663,0.991092,33.481769
1.801644,-0.015222,-3.063948,-0.172216,0.356903,-0.001918,-0.000904,-0.031583,3.633922,1.010154,33.508201
1.809739,-0.013387,-2.932980,-0.158023,0.365688,-0.001399,-0.000909,-0.036197,3.621768,1.033371,33.532340
1.820092,-0.011146,-2.772828,-0.142280,0.372833,-0.001603,-0.001044,-0.042196,3.608880,1.058708,33.556139
1.831785,-0.008722,-2.583605,-0.128616,0.378739,-0.001552,-0.000983,-0.039477,3.600375,1.081984,33.582683
1.844672,-0.006760,-2.380357,-0.114819,0.383103,-0.001487,-0.000962,-0.039370,3.595944,1.103464,33.609382
1.858552,-0.005068,-2.170384,-0.100026,0.386589,-0.001155,-0.001049,-0.046086,3.584852,1.129906,33.634034
1.873605,-0.003316,-1.955098,-0.086478,0.388213,-0.001031,-0.000972,-0.043453,3.577067,1.155831,33.659788
1.889258,-0.001635,-1.735726,-0.072338,0.388910,-0.000918,-0.000927,-0.043436,3.568309,1.182162,33.687349
1.905359,0.000157,-1.511028,-0.058459,0.389013,-0.000759,-0.000967,-0.045552,3.563938,1.209787,33.714816
1.921786,0.001820,-1.286377,-0.041725,0.388975,-0.000761,-0.001111,-0.054534,3.557771,1.236143,33.743309
1.938371,0.004109,-1.044062,-0.024599,0.388965,-0.000551,-0.001155,-0.057388,3.552943,1.263872,33.771775
1.955159,0.006610,-0.780896,-0.005066,0.390062,-0.000793,-0.001244,-0.063304,3.548913,1.287208,33.799715
1.971671,0.009484,-0.488667,0.012630,0.393401,-0.000357,-0.001051,-0.055747,3.542140,1.319068,33.826353
1.988679,0.011831,-0.181860,0.033782,0.398230,-0.000746,-0.001585,-0.077518,3.542153,1.344092,33.854904
2.005265,0.013850,0.129967,0.052828,0.405401,-0.000348,-0.001100,-0.058454,3.529480,1.374920,33.884332
2.022318,0.015942,0.466304,0.071747,0.413082,-0.000543,-0.001262,-0.064375,3.523131,1.402480,33.914206
2.039154,0.016778,0.788354,0.090909,0.422985,-0.000489,-0.001257,-0.062828,3.515216,1.432106,33.945456
2.055966,0.017186,1.106313,0.110045,0.432985,-0.000438,-0.001172,-0.059401,3.507311,1.462813,33.976512
2.072626,0.017062,1.420657,0.127749,0.442985,-0.000419,-0.001066,-0.053557,3.493335,1.490716,34.009416
2.088998,0.015935,1.720938,0.139726,0.452985,-0.000496,-0.000658,-0.033731,3.481039,1.519939,34.043418
2.105246,0.013209,1.987897,0.148522,0.462985,-0.000639,-0.000430,-0.024104,3.465609,1.549521,34.078327
2.121447,0.008989,2.205007,0.156100,0.472985,-0.000823,-0.001138,-0.038361,3.448046,1.577725,34.115451
2.137434,0.003279,2.359404,0.161233,0.482985,-0.000919,-0.000581,-0.032909,3.429021,1.605824,34.154649
2.153364,-0.001625,2.480035,0.163631,0.492985,-0.000897,-0.000029,-0.005739,3.409559,1.633198,34.195088
2.169596,-0.006286,2.590414,0.164907,0.502985,-0.000866,0.000017,-0.003004,3.390206,1.659845,34.237071
2.186189,-0.011574,2.666342,0.163101,0.511330,-0.000990,0.000169,0.003655,3.368747,1.686215,34.279253
2.203098,-0.017095,2.708817,0.160066,0.517939,-0.001314,0.000503,0.013155,3.346446,1.711678,34.321894
2.219948,-0.022157,2.726336,0.155412,0.523619,-0.001420,0.000429,0.016688,3.323084,1.735436,34.365621
2.237045,-0.027159,2.714386,0.149975,0.527875,-0.000946,0.000313,0.011903,3.296522,1.758890,34.409783
2.254960,-0.031673,2.670127,0.145778,0.530846,-0.000657,0.000244,0.009434,3.268518,1.781087,34.454632
2.273217,-0.034920,2.613589,0.140166,0.531130,-0.000788,0.000536,0.019860,3.239354,1.801359,34.499857
2.291375,-0.037020,2.555474,0.134680,0.528497,-0.000538,0.000502,0.019696,3.208960,1.821588,34.545321
2.309569,-0.038705,2.487346,0.130145,0.522702,-0.000217,0.000425,0.016917,3.176652,1.839049,34.590771
2.327483,-0.039756,2.415112,0.123973,0.512702,-0.000005,0.000679,0.026568,3.143864,1.855221,34.635791
2.344742,-0.040252,2.343329,0.117919,0.502702,0.000037,0.000552,0.023914,3.108988,1.869529,34.679568
2.361208,-0.040772,2.259882,0.111294,0.492702,-0.000000,0.000752,0.030496,3.074201,1.883277,34.721749
2.376853,-0.040743,2.173177,0.105378,0.482702,-0.000055,0.000551,0.024630,3.038420,1.896219,34.761506
2.391635,-0.040567,2.075987,0.102389,0.472702,0.000209,0.000298,0.012849,3.001265,1.907549,34.799850
2.405685,-0.039503,1.984596,0.099334,0.462702,0.000077,0.000299,0.012952,2.963256,1.917734,34.839275
2.418657,-0.037839,1.909657,0.099774,0.452702,0.000259,-0.000023,-0.002020,2.924680,1.927778,34.878923
2.430634,-0.035883,1.854391,0.104016,0.442702,0.000578,-0.000432,-0.020179,2.885991,1.936547,34.918452
2.441494,-0.033601,1.833760,0.108447,0.432702,0.000589,-0.000454,-0.020885,2.846650,1.944443,34.958082
2.450922,-0.031558,1.853912,0.113282,0.422702,0.000128,-0.000189,-0.013944,2.808831,1.951334,34.998287
2.458403,-0.030246,1.909325,0.120934,0.412702,0.001101,-0.001272,-0.044651,2.770940,1.955654,35.038529
2.465103,-0.031000,1.963876,0.123676,0.402702,0.002442,-0.001725,-0.059377,2.729479,1.960664,35.078049
2.471721,-0.033036,2.000698,0.127586,0.392702,0.003772,-0.002383,-0.081246,2.688473,1.964376,35.118561
2.478090,-0.035359,2.022322,0.129284,0.382702,0.004852,-0.002603,-0.088301,2.647604,1.965950,35.160696
2.484141,-0.037391,2.035685,0.127199,0.372702,0.002638,-0.000615,-0.036106,2.607209,1.966177,35.203347
2.486911,-0.037438,2.082662,0.124561,0.362702,0.000080,0.000144,0.007559,2.566086,1.964008,35.246359
2.486223,-0.038464,2.143666,0.115101,0.352702,-0.000209,0.000409,0.024904,2.525569,1.959899,35.290041
2.484888,-0.041902,2.145067,0.107794,0.342702,0.000086,0.001245,0.043057,2.485212,1.954221,35.334519
2.483250,-0.044180,2.113415,0.097747,0.332702,0.000021,0.000776,0.050540,2.446139,1.947183,35.379200
2.481215,-0.046782,2.031000,0.090242,0.322702,-0.000190,0.000388,0.023331,2.409000,1.935916,35.422388
2.478464,-0.047670,1.894138,0.081861,0.312702,0.000152,0.001662,0.057485,2.370190,1.926282,35.464575
2.475731,-0.044746,1.778409,0.072948,0.302702,0.000503,0.003460,0.122159,2.333915,1.916322,35.506240
2.473111,-0.040090,1.706138,0.068797,0.292702,0.000577,0.001035,0.070286,2.295103,1.902223,35.545607
2.470044,-0.039064,1.583040,0.065716,0.282702,0.000504,0.000674,0.023281,2.258041,1.886475,35.584343
2.466218,-0.036373,1.435784,0.063817,0.272702,0.000451,0.000267,0.017678,2.222913,1.870426,35.622881
2.461652,-0.032145,1.327233,0.065581,0.262702,0.000641,-0.000355,-0.013293,2.187378,1.853824,35.658872
2.456422,-0.027628,1.248899,0.074421,0.252702,0.000848,-0.000582,-0.037329,2.153264,1.836785,35.692346
2.450136,-0.021839,1.250063,0.083740,0.242702,0.001027,-0.001896,-0.066379,2.119638,1.819536,35.723793
2.442718,-0.018310,1.298593,0.097850,0.232702,0.001303,-0.001336,-0.080672,2.087153,1.801888,35.752849
2.433849,-0.014110,1.416466,0.115118,0.222702,0.000626,-0.000918,-0.054198,2.055188,1.781213,35.780720
2.422286,-0.010767,1.632769,0.137800,0.212702,0.000840,-0.001059,-0.061750,2.022213,1.767018,35.808286
2.408403,-0.009785,1.894763,0.170879,0.202702,0.001301,-0.001340,-0.074357,1.992860,1.746824,35.832479
2.391332,-0.010151,2.203861,0.210879,0.192702,0.001773,-0.001225,-0.064402,1.963808,1.727917,35.854433
2.370290,-0.012241,2.548518,0.250879,0.182702,0.001711,-0.000810,-0.040639,1.938179,1.707576,35.877288
2.344680,-0.017109,2.885536,0.288804,0.172702,0.001562,-0.000426,-0.019762,1.914321,1.684135,35.900873
2.314668,-0.024615,3.174109,0.300000,0.162702,0.000303,0.000032,-0.002050,1.891920,1.661565,35.926795
2.281277,-0.033727,3.390435,0.300000,0.152702,-0.000438,0.000219,0.003278,1.872117,1.635720,35.954551
2.245893,-0.042722,3.533976,0.300000,0.142702,-0.000380,0.000181,0.002758,1.853741,1.611039,35.986154
2.209400,-0.050059,3.619330,0.300000,0.132702,-0.000821,0.000304,0.005736,1.838554,1.579331,36.024896
2.171477,-0.054526,3.668197,0.300221,0.122702,0.000080,0.000178,0.002084,1.830120,1.553909,36.069514
2.133681,-0.056059,3.688340,0.317746,0.112702,0.003234,-0.000361,-0.005512,1.811667,1.511919,36.112646
2.097253,-0.054753,3.694300,0.334148,0.102702,0.004073,-0.000175,-0.005343,1.818180,1.494510,36.157039
2.059945,-0.050420,3.699010,0.354517,0.092702,0.007297,-0.000546,-0.008902,1.815975,1.465991,36.191898
2.024316,-0.044385,3.703082,0.370988,0.082702,0.009085,-0.000688,-0.009844,1.818499,1.438875,36.211823
1.989304,-0.037096,3.712222,0.383496,0.072702,0.005693,-0.000426,-0.004446,1.822698,1.412977,36.226634
1.949937,-0.028706,3.736076,0.387936,0.062702,0.000462,0.000197,0.003699,1.828348,1.388337,36.231948
1.905232,-0.019171,3.780344,0.376023,0.052702,0.000034,0.000111,0.001412,1.836504,1.366775,36.232340
1.861217,-0.009488,3.837810,0.338895,0.042702,-0.001571,0.000298,0.005127,1.846826,1.347041,36.232340
1.818844,-0.000339,3.900790,0.305095,0.032702,-0.001407,0.000597,0.017520,1.856174,1.329202,36.232340
1.779974,0.007124,3.942797,0.310690,0.022702,0.001475,-0.000408,-0.010854,1.865352,1.312978,36.232340
1.743726,0.013757,3.962050,0.298806,0.012702,0.000677,0.000131,0.005802,1.885255,1.290575,36.232340
1.708009,0.020312,3.975813,0.305240,0.002702,0.001485,-0.000582,-0.017081,1.891315,1.288496,36.232340
1.672652,0.026798,3.979428,0.298305,-0.007298,0.000779,-0.000092,-0.001930,1.901156,1.277729,36.232340
1.637502,0.033259,3.982630,0.304853,-0.017298,0.000466,-0.000311,-0.010638,1.911255,1.268001,36.232340
1.601562,0.040057,3.993577,0.299211,-0.027298,-0.000453,0.000191,0.004956,1.922505,1.261586,36.232340
1.565638,0.046236,4.000285,0.307391,-0.037298,0.000735,-0.000393,-0.012603,1.942965,1.241597,36.232340
1.530299,0.052408,4.008694,0.300000,-0.047298,-0.001834,0.000462,0.006727,1.939443,1.251661,36.232340
1.493489,0.057827,4.003744,0.315900,-0.057298,-0.000213,-0.000734,-0.029260,1.948628,1.247464,36.232340
1.456831,0.063908,4.010464,0.300000,-0.067298,0.005836,0.000355,0.037274,1.966160,1.233163,36.232340
1.428453,0.067782,4.011545,0.326692,-0.077298,-0.008731,-0.000324,-0.059893,1.961219,1.242516,36.232340
1.382424,0.074517,4.006557,0.302543,-0.087298,-0.003315,0.001429,0.038273,1.965771,1.241570,36.232340
1.345365,0.077935,3.983328,0.338669,-0.097298,-0.001126,-0.001880,-0.073192,1.968832,1.240078,36.232340
1.306389,0.083986,3.987894,0.313509,-0.107298,-0.004564,0.001552,0.038204,1.971031,1.239322,36.232340
1.267603,0.087340,3.973038,0.349721,-0.117298,-0.002145,-0.001936,-0.077280,1.971776,1.239531,36.232340
1.227289,0.093105,3.981861,0.333432,-0.127298,-0.005228,0.001050,0.018517,1.971604,1.239672,36.232340
1.186620,0.096774,3.983068,0.363637,-0.134634,-0.003519,-0.001675,-0.070379,1.971195,1.241073,36.232340
1.144861,0.102057,3.997943,0.355827,-0.130000,-0.006636,0.000542,-0.001496,1.968675,1.242108,36.232340
1.103524,0.105609,4.003006,0.379907,-0.125582,-0.005597,-0.001318,-0.061735,1.967035,1.243600,36.232340
1.062498,0.110174,4.015744,0.380558,-0.120808,-0.007179,-0.000040,-0.021079,1.965056,1.245733,36.232340
1.022500,0.113452,4.020962,0.399240,-0.122652,-0.006565,-0.001193,-0.057529,1.962838,1.247661,36.232340
0.982529,0.117081,4.025430,0.409600,-0.130000,-0.007343,-0.000805,-0.045007,1.960225,1.249637,36.232340
0.941898,0.120417,4.034189,0.424442,-0.140000,-0.007664,-0.001200,-0.057333,1.957275,1.251507,36.232340
0.900337,0.123429,4.034136,0.419031,-0.150000,-0.009224,-0.000098,-0.022242,1.955067,1.253929,36.232340
0.859575,0.123323,3.965319,0.379031,-0.160000,-0.011391,0.002056,0.049082,1.951326,1.255393,36.232340
0.822467,0.114973,3.686855,0.339031,-0.170000,-0.014135,0.008151,0.188120,1.947764,1.258525,36.232340
0.784458,0.108173,3.386539,0.300000,-0.180000,-0.008408,0.016691,0.425766,1.957796,1.248475,36.232340
0.752995,0.104101,3.194320,0.300000,-0.190000,-0.014942,0.016048,0.398961,1.952647,1.251846,36.232340
0.713474,0.100844,3.033240,0.300000,-0.200000,-0.016384,0.003856,0.115980,1.936690,1.269111,36.232340
0.671585,0.085547,2.606540,0.300000,-0.190000,-0.009273,-0.000799,-0.031206,1.931614,1.272425,36.233323
0.634713,0.075512,2.233991,0.299740,-0.180000,-0.008653,-0.000755,-0.027291,1.926082,1.275812,36.235834
0.597135,0.071029,2.055749,0.295848,-0.170000,-0.008958,-0.000591,-0.020515,1.921048,1.279478,36.240383
0.560258,0.066830,1.911154,0.276291,-0.160000,-0.009203,0.000028,0.002043,1.914255,1.283113,36.243685
0.525440,0.060164,1.713607,0.256287,-0.150000,-0.002524,0.000902,0.030634,1.917626,1.276333,36.244243
0.498609,0.053722,1.522259,0.232031,-0.140000,-0.014332,-0.000095,-0.000352,1.903102,1.292367,36.246027
0.461179,0.045578,1.282743,0.216795,-0.130000,-0.002123,0.000505,0.017989,1.906562,1.287184,36.247532
0.436306,0.039995,1.115418,0.200101,-0.120000,-0.011666,0.001678,0.040684,1.892951,1.305073,36.247532
0.402883,0.036229,0.995248,0.194768,-0.110000,-0.003589,0.003157,0.083363,1.895798,1.300829,36.247532
0.378393,0.034301,0.937369,0.187480,-0.100000,-0.012124,0.003334,0.086508,1.883727,1.318423,36.247532
0.346737,0.031643,0.859890,0.187246,-0.090000,-0.009522,0.003317,0.087248,1.878226,1.324609,36.247532
0.318773,0.029292,0.792628,0.186717,-0.080000,-0.007313,0.000037,0.005665,1.872713,1.330699,36.247532
0.294107,0.023895,0.650436,0.187980,-0.070000,-0.004265,-0.000339,-0.009572,1.867884,1.337538,36.247532
0.272802,0.021726,0.583464,0.191839,-0.060000,-0.001440,-0.000169,-0.005157,1.868609,1.336145,36.247532
0.255181,0.020730,0.554690,0.193789,-0.050000,-0.004845,-0.000564,-0.015202,1.864383,1.343039,36.247532
0.235304,0.019233,0.514061,0.196585,-0.040000,-0.007791,-0.000690,-0.019284,1.855795,1.357725,36.247532
0.213550,0.017859,0.475523,0.199141,-0.030000,-0.000761,-0.003275,-0.067064,1.855371,1.357387,36.247532
0.199977,0.013805,0.387568,0.198561,-0.020000,-0.004349,-0.000008,-0.000298,1.851771,1.363967,36.247532
0.187266,0.000067,0.002630,0.198128,-0.010000,-0.003591,-0.000000,-0.000001,1.849051,1.371166,36.247532
0.172916,0.000000,0.000010,0.197661,0.000000,-0.002697,-0.000000,-0.000003,1.844648,1.381371,36.247532
0.160545,-0.000000,-0.000003,0.197390,0.010000,-0.000973,-0.000000,-0.000003,1.843043,1.385846,36.247532
0.150976,-0.000000,-0.000003,0.196997,0.020000,-0.000988,-0.000000,-0.000003,1.840252,1.390281,36.247532
0.142511,-0.000000,-0.000003,0.196678,0.030000,-0.000724,-0.000000,-0.000000,1.838874,1.390683,36.247532
0.135400,-0.000000,-0.000000,0.195967,0.040000,-0.001111,-0.000000,-0.000001,1.836895,1.397120,36.247532
0.129007,-0.000000,-0.000001,0.195238,0.050000,-0.000835,-0.000000,-0.000002,1.837946,1.400154,36.247532
0.123974,-0.000000,-0.000002,0.193960,0.060000,-0.000687,0.000000,0.000000,1.837045,1.400406,36.247532
0.120174,0.000000,0.000000,0.192083,0.070000,-0.000765,0.000000,0.000000,1.837436,1.402102,36.247532
0.117388,0.000000,0.000000,0.189633,0.080000,-0.000775,0.000000,0.000000,1.835905,1.403409,36.247532
0.115677,0.000000,0.000000,0.186515,0.090000,-0.000681,-0.000000,-0.000000,1.837342,1.404142,36.247532
0.115143,-0.000000,-0.000000,0.182730,0.100000,-0.000674,-0.000000,-0.000001,1.837946,1.404275,36.247532
0.115697,-0.000000,-0.000001,0.178047,0.110000,-0.000642,0.000000,0.000000,1.837123,1.403665,36.247532
0.117360,0.000000,0.000000,0.172802,0.120000,-0.000650,-0.000000,-0.000001,1.837828,1.403505,36.247532
0.120094,-0.000000,-0.000001,0.166710,0.130000,-0.000636,-0.000000,-0.000000,1.838100,1.402832,36.247532
0.123914,-0.000000,-0.000000,0.159649,0.140000,-0.000619,0.000000,0.000001,1.838991,1.402159,36.247532
0.128823,0.000000,0.000001,0.151547,0.150000,-0.000624,-0.000000,0.000000,1.839382,1.401193,36.247532
0.134795,-0.000000,0.000000,0.142303,0.160000,-0.000523,0.000000,0.000001,1.841978,1.399430,36.247532
0.141934,0.000000,0.000001,0.131634,0.170000,-0.000553,-0.000000,0.000000,1.842938,1.397399,36.247532
0.150109,-0.000000,0.000000,0.119321,0.180000,-0.000545,0.000000,0.000001,1.844778,1.395157,36.247532
0.159348,0.000000,0.000001,0.104944,0.190000,-0.000529,0.000000,0.000001,1.845435,1.392092,36.247532
0.169660,0.000000,0.000001,0.088627,0.200000,-0.000674,0.000000,0.000000,1.846217,1.390542,36.247532
0.180880,0.000000,0.000000,0.069818,0.210000,-0.000395,-0.000000,-0.000000,1.850498,1.386429,36.247532
0.193427,-0.000000,-0.000000,0.047415,0.220000,-0.000439,-0.000061,-0.002210,1.852041,1.382013,36.247532
0.206749,0.003808,0.098038,0.021709,0.230000,-0.000239,0.000128,0.004980,1.853995,1.376805,36.247532
0.221584,0.002118,0.057934,-0.007589,0.240000,-0.000273,0.000184,0.007117,1.854264,1.370383,36.247532
0.237345,-0.000533,-0.011652,-0.039298,0.250000,-0.000645,0.000253,0.009621,1.853790,1.366943,36.247532
0.253612,-0.003797,-0.097701,-0.072269,0.260000,0.000015,0.000309,0.011796,1.859767,1.357619,36.247532
0.271355,-0.007638,-0.199372,-0.108072,0.270000,-0.000320,0.000422,0.015797,1.862160,1.350268,36.247532
0.289469,-0.012248,-0.321634,-0.143805,0.280000,-0.000402,0.000517,0.019049,1.866122,1.342432,36.247532
0.308144,-0.017408,-0.459449,-0.178730,0.285348,-0.000066,0.000560,0.020578,1.869987,1.335170,36.247532
0.327266,-0.023056,-0.611421,-0.211480,0.287128,-0.000180,0.000622,0.022490,1.868231,1.328786,36.247532
0.346026,-0.028922,-0.770443,-0.240424,0.289021,0.001261,0.000510,0.019151,1.876282,1.316266,36.247532
0.366088,-0.034876,-0.933526,-0.266140,0.285138,0.001701,0.000480,0.018106,1.877506,1.304857,36.247803
0.385868,-0.040754,-1.095885,-0.285790,0.280153,0.001794,0.000383,0.014504,1.878600,1.292894,36.252901
0.405150,-0.046087,-1.245879,-0.297746,0.274164,0.002241,0.000124,0.005629,1.881281,1.282027,36.264066
0.424490,-0.050515,-1.373894,-0.300000,0.268824,0.003296,-0.000267,-0.007625,1.883079,1.269720,36.275487
0.444908,-0.053537,-1.466315,-0.300000,0.266368,0.002490,-0.000256,-0.007821,1.882981,1.256243,36.286538
0.464496,-0.055751,-1.534903,-0.300000,0.269104,0.004116,-0.000423,-0.013202,1.881760,1.241408,36.298690
0.485966,-0.057966,-1.603695,-0.300000,0.277907,0.001399,-0.000151,-0.004853,1.881642,1.227874,36.312089
0.505597,-0.059908,-1.664781,-0.300000,0.287907,0.002438,-0.000255,-0.008356,1.880566,1.213738,36.326039
0.527054,-0.061972,-1.730795,-0.300000,0.297907,0.000805,-0.000119,-0.004091,1.876790,1.198378,36.339598
0.547837,-0.063934,-1.794761,-0.300000,0.307841,-0.000531,-0.000035,-0.001515,1.871119,1.186647,36.354341
0.568201,-0.065825,-1.857758,-0.300000,0.314509,0.000677,-0.000173,-0.006405,1.866931,1.171747,36.369280
0.590339,-0.067826,-1.926026,-0.300000,0.318129,-0.000558,-0.000078,-0.003245,1.861266,1.156219,36.384434
0.611477,-0.069677,-1.990739,-0.300000,0.320147,-0.000805,-0.000068,-0.002963,1.854349,1.140478,36.400470
0.632453,-0.071456,-2.054609,-0.300000,0.320872,-0.000862,-0.000067,-0.002982,1.846817,1.124466,36.416628
0.653272,-0.073161,-2.117513,-0.300000,0.321173,-0.000943,-0.000059,-0.002782,1.840827,1.104754,36.433393
0.673851,-0.074783,-2.179164,-0.300000,0.321406,-0.000129,-0.000084,-0.003738,1.833409,1.089911,36.450742
0.695147,-0.076360,-2.240968,-0.300000,0.321888,0.001975,-0.000142,-0.005872,1.825037,1.074052,36.467443
0.718385,-0.077947,-2.304986,-0.300000,0.323682,0.000930,-0.000068,-0.002944,1.816452,1.059364,36.483621
0.740542,-0.079452,-2.368432,-0.300000,0.327838,0.002264,-0.000157,-0.007069,1.803751,1.043911,36.499454
0.764234,-0.080988,-2.436213,-0.300000,0.334444,0.001462,-0.000105,-0.005020,1.791465,1.029132,36.516186
0.787580,-0.082403,-2.501992,-0.300000,0.344444,-0.000872,0.000033,0.001595,1.778752,1.018011,36.534462
0.809391,-0.083623,-2.561746,-0.300000,0.354444,0.001578,-0.000116,-0.006197,1.763349,1.002580,36.551905
0.834508,-0.084949,-2.630701,-0.300000,0.364444,-0.001045,-0.000009,-0.000600,1.748907,0.990494,36.570265
0.857713,-0.086085,-2.694438,-0.300000,0.374444,-0.000885,-0.000046,-0.002880,1.732038,0.975290,36.588859
0.881842,-0.087171,-2.760325,-0.300000,0.384444,-0.004319,0.000071,0.004832,1.716556,0.964848,36.606958
0.903277,-0.088033,-2.817943,-0.300000,0.394444,-0.002711,-0.000024,-0.001557,1.695209,0.952883,36.625269
0.927102,-0.088901,-2.881657,-0.300000,0.404444,-0.006090,0.000060,0.005552,1.675311,0.942432,36.644759
0.948287,-0.089566,-2.937414,-0.300000,0.414444,-0.006342,0.000037,0.004313,1.654111,0.932186,36.665680
0.969959,-0.090152,-2.993718,-0.300000,0.424444,-0.003834,0.000017,0.002991,1.633024,0.922909,36.686586
0.994868,-0.090648,-3.050551,-0.297199,0.434444,-0.000325,-0.000644,-0.018201,1.610461,0.914534,36.707399
1.024213,-0.091073,-3.115149,-0.286684,0.444444,-0.000934,-0.001335,-0.043615,1.587234,0.908005,36.728550
1.054615,-0.089656,-3.146010,-0.269779,0.454444,0.000934,-0.001909,-0.065452,1.561364,0.902293,36.750528
1.088699,-0.086031,-3.115689,-0.246767,0.464444,-0.003627,-0.005517,-0.144972,1.537177,0.899182,36.775263
1.120197,-0.083238,-3.075468,-0.221189,0.474444,-0.004990,-0.011833,-0.317637,1.510154,0.896105,36.801638
1.152234,-0.082457,-3.098471,-0.192174,0.484444,-0.010351,-0.019165,-0.509415,1.484354,0.895948,36.828730
1.181306,-0.081815,-3.136036,-0.162032,0.494444,-0.006627,-0.008319,-0.295905,1.456626,0.895604,36.857453
1.216210,-0.062432,-2.755716,-0.134624,0.504444,-0.002321,-0.002645,-0.090354,1.428541,0.897332,36.886414
1.254672,-0.045635,-2.208574,-0.111501,0.514444,-0.000270,-0.002268,-0.082611,1.396561,0.897153,36.916363
1.294430,-0.036459,-1.822355,-0.091682,0.524444,-0.000149,-0.001568,-0.060830,1.367840,0.900816,36.948359
1.334341,-0.029116,-1.513705,-0.073820,0.534444,-0.000962,-0.001294,-0.050516,1.340356,0.906687,36.980793
1.373797,-0.022928,-1.255746,-0.060015,0.544163,-0.000281,-0.001012,-0.040454,1.308766,0.909288,37.011845
1.414341,-0.017990,-1.043290,-0.051745,0.552493,-0.000696,-0.000695,-0.026980,1.281696,0.914955,37.043800
1.454725,-0.014710,-0.884831,-0.047010,0.559560,-0.000310,-0.000356,-0.014439,1.250369,0.921568,37.075274
1.495682,-0.012629,-0.775223,-0.046371,0.564670,-0.000547,-0.000173,-0.004917,1.217926,0.928524,37.106917
1.536359,-0.011952,-0.720165,-0.050072,0.568510,-0.000357,0.000228,0.009695,1.186774,0.933766,37.140943
1.576979,-0.012356,-0.717845,-0.057359,0.572131,0.000051,0.001953,0.056532,1.151846,0.940645,37.175366
1.617676,-0.012377,-0.735473,-0.069111,0.575047,-0.000113,0.005034,0.147073,1.120244,0.949792,37.210901
1.657575,-0.011914,-0.751274,-0.083886,0.578039,0.000348,0.008778,0.257692,1.086291,0.958460,37.246400
1.697027,-0.011282,-0.765273,-0.102512,0.580643,0.001286,0.013220,0.389545,1.053118,0.969339,37.280998
1.736050,-0.010579,-0.778064,-0.122907,0.583059,0.002537,0.017651,0.521554,1.009720,0.976192,37.316540
1.774584,-0.009814,-0.789699,-0.155429,0.585349,0.004769,0.023615,0.698416,0.974862,0.982202,37.356867
1.812382,-0.009035,-0.800910,-0.188647,0.586536,0.004084,0.012036,0.463075,0.941127,0.996542,37.398284
1.846088,-0.024342,-1.181701,-0.217272,0.586215,0.001368,0.000978,0.039831,0.907823,1.004066,37.436666
1.874909,-0.041089,-1.986949,-0.230743,0.585624,0.001395,0.001534,0.044259,0.874268,1.022441,37.473932
1.903685,-0.040910,-2.579669,-0.237207,0.584966,0.002333,0.002485,0.072571,0.836226,1.037592,37.512612
1.932893,-0.032807,-2.943710,-0.241165,0.585183,0.001719,0.001369,0.050543,0.798246,1.055171,37.555003
1.960408,-0.024015,-3.192575,-0.243447,0.585297,0.000193,0.000079,0.002914,0.765948,1.076177,37.598851
1.985232,-0.015393,-3.394457,-0.240237,0.584720,-0.000260,-0.000132,-0.004578,0.737195,1.100648,37.642601
2.008827,-0.005238,-3.515179,-0.233657,0.583873,-0.000658,-0.000681,-0.019899,0.710616,1.128314,37.684929
2.031362,0.004873,-3.578500,-0.223550,0.582625,-0.000720,-0.000707,-0.028799,0.680157,1.157038,37.727476
2.053451,0.015073,-3.586313,-0.213391,0.580848,-0.000754,-0.001093,-0.033248,0.653034,1.187919,37.772254
2.075068,0.023988,-3.550330,-0.201303,0.579108,-0.000885,-0.000819,-0.036607,0.628748,1.221020,37.817543
2.096440,0.032067,-3.475711,-0.187597,0.577176,-0.000647,-0.000588,-0.025843,0.610231,1.255766,37.862221
2.118160,0.038863,-3.351084,-0.169501,0.574057,-0.000651,-0.000707,-0.034349,0.590597,1.291071,37.907201
2.140376,0.043887,-3.187067,-0.151424,0.569387,-0.000647,-0.000762,-0.038575,0.575436,1.329636,37.951867
2.163171,0.046960,-2.983964,-0.132877,0.562574,-0.000567,-0.000895,-0.046037,0.561766,1.368331,37.996761
2.186443,0.047975,-2.749023,-0.114566,0.554139,-0.000662,-0.003266,-0.106228,0.548183,1.410394,38.042102
2.209913,0.044908,-2.540786,-0.097524,0.544139,-0.000533,-0.001858,-0.102850,0.539013,1.452563,38.087123
2.233619,0.044062,-2.292829,-0.080774,0.534139,-0.000052,-0.000906,-0.053580,0.529777,1.496758,38.132356
2.257651,0.043276,-1.968689,-0.065132,0.524139,-0.000264,-0.000946,-0.053623,0.522715,1.539273,38.178114
2.281143,0.039775,-1.651944,-0.053688,0.514139,0.000005,-0.000879,-0.046744,0.513095,1.582178,38.223393
2.304337,0.034545,-1.369803,-0.047278,0.504139,0.000134,-0.000366,-0.022626,0.509326,1.628517,38.268120
2.326804,0.028787,-1.136764,-0.042575,0.495610,0.000108,-0.000242,-0.015981,0.502391,1.672774,38.314034
2.348402,0.023180,-0.967232,-0.040524,0.489736,0.000044,-0.000121,-0.007269,0.498210,1.716915,38.360380
2.369213,0.018350,-0.855335,-0.039917,0.484564,0.000388,-0.000136,-0.004874,0.487793,1.762101,38.406060
2.389627,0.014520,-0.794042,-0.044740,0.479724,0.000356,0.000210,0.014431,0.483486,1.806605,38.451623
2.409056,0.011185,-0.787953,-0.050835,0.475415,0.000127,0.000351,0.022650,0.479298,1.852424,38.497913
2.427354,0.008660,-0.833797,-0.059605,0.470239,0.000228,0.000443,0.030071,0.471543,1.897203,38.544707
2.444562,0.006912,-0.929484,-0.070596,0.465206,0.000255,0.000522,0.036001,0.466039,1.942733,38.591285
2.460483,0.006122,-1.070129,-0.084474,0.459272,0.000438,0.000644,0.044045,0.457262,1.989416,38.637725
2.474922,0.006303,-1.251990,-0.102589,0.452642,0.000693,0.000904,0.057678,0.451754,2.035624,38.684662
2.487465,0.007411,-1.474823,-0.120616,0.445755,0.000849,0.001066,0.061103,0.447276,2.082555,38.731761
2.497838,0.010253,-1.721636,-0.141720,0.438532,0.000786,0.000753,0.049535,0.442246,2.128644,38.778967
2.505338,0.014108,-2.001101,-0.163826,0.430991,0.001045,0.000765,0.047196,0.438965,2.174768,38.825376
2.509996,0.020220,-2.280725,-0.182026,0.423008,0.000816,0.000480,0.031216,0.438630,2.218880,38.870700
2.511447,0.028602,-2.542631,-0.195569,0.416322,0.000745,0.000395,0.022612,0.441444,2.264597,38.915801
2.510243,0.039193,-2.758357,-0.208851,0.410541,0.001524,0.001030,0.034954,0.444426,2.309099,38.960908
2.507233,0.051300,-2.912928,-0.219918,0.405269,0.001293,0.000467,0.026224,0.450088,2.353841,39.004651
2.501611,0.062232,-3.033581,-0.229470,0.401157,0.000261,0.000081,0.007321,0.459474,2.396295,39.047351
2.492956,0.072059,-3.137726,-0.234563,0.398338,0.000066,0.000014,0.003559,0.474047,2.437925,39.089710
2.482752,0.081355,-3.209616,-0.237312,0.396969,-0.000111,-0.000032,0.001161,0.476607,2.481135,39.132124
2.471464,0.089512,-3.253712,-0.237116,0.397758,-0.000214,-0.000037,-0.000189,0.495480,2.523664,39.174656
2.459795,0.096158,-3.273898,-0.235820,0.398863,-0.000400,-0.000091,-0.001414,0.508504,2.565539,39.218752
2.447897,0.100944,-3.276628,-0.232098,0.401244,-0.000561,-0.000135,-0.002722,0.536258,2.602514,39.264680
2.436339,0.103845,-3.265565,-0.225334,0.402337,-0.000906,-0.000230,-0.005732,0.562957,2.635869,39.312198
2.425203,0.104964,-3.243559,-0.213881,0.402823,-0.000910,-0.000294,-0.010687,0.583547,2.672540,39.362033
2.415310,0.104690,-3.208382,-0.202643,0.405710,-0.001298,-0.000421,-0.013680,0.614207,2.702592,39.411148
2.406621,0.103048,-3.159399,-0.188280,0.407517,-0.002041,-0.001161,-0.035025,0.645693,2.731791,39.460710
2.399048,0.099758,-3.107682,-0.170545,0.408556,-0.003730,-0.002760,-0.086672,0.678563,2.757594,39.512443
2.391962,0.094988,-3.068261,-0.149865,0.409536,-0.003452,-0.002169,-0.096564,0.712785,2.781907,39.564977
2.387622,0.092634,-2.973362,-0.129777,0.411413,-0.002164,-0.002786,-0.092181,0.749664,2.802567,39.617577
2.386938,0.089637,-2.803777,-0.112577,0.414098,-0.003745,-0.005389,-0.178883,0.785149,2.821323,39.670429
2.386903,0.082130,-2.671092,-0.099446,0.418195,-0.003010,-0.002632,-0.140728,0.823524,2.838937,39.722685
2.389691,0.078160,-2.459896,-0.089196,0.423073,-0.000897,-0.000682,-0.034894,0.863343,2.854780,39.773289
2.396333,0.073319,-2.139374,-0.082935,0.428356,-0.000972,-0.000542,-0.024250,0.900732,2.868523,39.823012
2.404446,0.062912,-1.869802,-0.079653,0.434501,-0.000913,-0.000267,-0.011966,0.939393,2.882206,39.873120
2.414052,0.051162,-1.667535,-0.080463,0.440737,-0.000936,0.000106,0.006046,0.979812,2.895272,39.919150
2.424669,0.040452,-1.541783,-0.083040,0.447385,-0.001010,0.000156,0.012131,1.020594,2.906346,39.960955
2.435989,0.031934,-1.492857,-0.086682,0.454753,-0.000827,0.000705,0.025664,1.062185,2.918778,40.003097
2.448118,0.026809,-1.490839,-0.089901,0.461772,-0.001406,0.001293,0.047005,1.101289,2.930368,40.045764
2.460131,0.024637,-1.502040,-0.092478,0.468427,-0.001388,0.000600,0.037005,1.139427,2.941189,40.088137
2.472521,0.023063,-1.542976,-0.094714,0.474859,-0.000775,0.000091,0.007940,1.177409,2.951135,40.128467
2.485852,0.022756,-1.618152,-0.095831,0.481144,-0.000682,0.000040,0.004322,1.219495,2.962971,40.167725
2.499578,0.024626,-1.679661,-0.097544,0.487105,-0.000666,0.000085,0.006690,1.260594,2.974401,40.208960
2.513460,0.027302,-1.727078,-0.097988,0.492779,-0.001030,0.000050,0.003545,1.301077,2.985372,40.251541
2.527155,0.030270,-1.761472,-0.099016,0.498117,-0.001076,0.000030,0.005430,1.340427,2.995349,40.293954
2.540885,0.033011,-1.786074,-0.099275,0.503388,-0.000703,-0.000012,0.001409,1.383324,3.004622,40.335742
2.555120,0.035549,-1.805752,-0.097977,0.508182,-0.000783,-0.000106,-0.004101,1.425653,3.013795,40.377817
2.569483,0.038142,-1.814100,-0.096436,0.512625,-0.000737,-0.000114,-0.004847,1.469114,3.021195,40.421844
2.584076,0.040619,-1.808721,-0.093547,0.516652,-0.001020,-0.000547,-0.018206,1.513354,3.027241,40.466242
2.598630,0.042506,-1.798242,-0.089273,0.520396,-0.001640,-0.001360,-0.047657,1.556909,3.033482,40.511025
2.612907,0.043818,-1.791801,-0.081352,0.523786,-0.002568,-0.002855,-0.102433,1.600406,3.039043,40.556177
2.626798,0.044948,-1.787947,-0.072889,0.527188,-0.003426,-0.004472,-0.162192,1.642680,3.042145,40.601287
2.640388,0.046064,-1.784786,-0.061213,0.530277,-0.002545,-0.001965,-0.132496,1.689797,3.044056,40.645678
2.655517,0.052012,-1.665321,-0.051000,0.533113,-0.000921,-0.000519,-0.037876,1.731956,3.045492,40.691109
2.672713,0.055895,-1.408133,-0.043027,0.536087,-0.000805,-0.000493,-0.033595,1.777084,3.046962,40.737108
2.690539,0.052853,-1.171907,-0.037228,0.538643,-0.000640,-0.000354,-0.024740,1.823992,3.048122,40.781955
2.708985,0.046551,-0.971938,-0.033176,0.540727,-0.000558,-0.000260,-0.017447,1.870207,3.047233,40.828875
2.727822,0.039318,-0.816697,-0.028448,0.541991,-0.000665,-0.001055,-0.039466,1.915705,3.046865,40.876635
2.746698,0.032203,-0.715457,-0.024698,0.542479,-0.000654,-0.000425,-0.034688,1.960739,3.043450,40.923509
2.765537,0.027845,-0.629024,-0.019292,0.542341,-0.000545,-0.001190,-0.046005,2.006026,3.045193,40.969894
2.784334,0.024165,-0.549110,-0.017326,0.540988,-0.000333,-0.001589,-0.061530,2.053533,3.041993,41.016149
2.802935,0.020553,-0.505957,-0.015018,0.538694,-0.000222,-0.002072,-0.081585,2.101063,3.039329,41.063538
2.821186,0.017916,-0.486171,-0.011975,0.535642,-0.000122,-0.000564,-0.052845,2.148723,3.036661,41.112482
2.838925,0.018515,-0.423889,-0.010170,0.531987,-0.000015,-0.000380,-0.015049,2.197506,3.035425,41.161576
2.856097,0.017842,-0.332263,-0.009304,0.526548,0.000131,-0.000130,-0.011760,2.246385,3.034068,41.210529
2.872575,0.015552,-0.267287,-0.008472,0.520475,-0.000070,-0.000038,-0.003449,2.294516,3.031331,41.259874
2.887941,0.013027,-0.216223,-0.007541,0.512481,0.000387,-0.000191,-0.007939,2.343928,3.029043,41.309755
2.902703,0.010512,-0.185692,-0.005626,0.502481,0.000649,-0.000140,-0.012965,2.393572,3.027081,41.359902
2.916449,0.008979,-0.159438,-0.002821,0.492481,0.000018,-0.000084,-0.010573,2.441583,3.024366,41.409989
2.928297,0.008212,-0.118831,0.000772,0.482481,0.000065,-0.000107,-0.013429,2.490738,3.022063,41.459542
2.938961,0.007462,-0.066323,0.005164,0.472481,0.000018,-0.000115,-0.016090,2.539442,3.019392,41.508731
2.948356,0.006535,0.000887,0.009665,0.462481,0.000100,-0.000154,-0.018171,2.588911,3.015951,41.558003
2.956615,0.005056,0.078446,0.015280,0.452481,0.000152,-0.000188,-0.022492,2.639449,3.012637,41.607531
2.963696,0.003221,0.169117,0.020845,0.442481,0.000081,-0.000180,-0.022178,2.688214,3.011005,41.657862
2.969464,0.000825,0.271334,0.024778,0.432481,0.000126,-0.000125,-0.015433,2.738277,3.008008,41.707764
2.974055,-0.002516,0.371753,0.028603,0.422481,0.000125,-0.000114,-0.015213,2.788659,3.005748,41.757412
2.977417,-0.006362,0.462079,0.033328,0.412481,0.000021,-0.000119,-0.017540,2.836818,3.002845,41.807742
2.979414,-0.010008,0.550399,0.037130,0.402481,0.000071,-0.000106,-0.013861,2.886366,3.001212,41.857300
2.980221,-0.013681,0.635425,0.039646,0.392481,0.000090,-0.000073,-0.009415,2.936623,3.000557,41.905954
2.979856,-0.017544,0.708383,0.040662,0.382481,-0.000010,-0.000015,-0.003706,2.985175,3.000575,41.955397
2.978263,-0.021417,0.762057,0.038327,0.372481,-0.000124,0.000076,0.008336,3.032283,2.999909,42.004739
2.975571,-0.025347,0.781914,0.033230,0.362481,-0.000052,0.000172,0.019633,3.081460,2.999497,42.052336
2.972091,-0.028818,0.756195,0.027040,0.352481,-0.000067,0.000170,0.021891,3.130626,3.002333,42.100108
2.967799,-0.030975,0.683706,0.014999,0.342481,-0.000066,0.000315,0.043340,3.180200,3.005547,42.149019
2.962863,-0.032125,0.551270,-0.001005,0.332481,-0.000162,0.000453,0.059307,3.227106,3.009901,42.197921
2.957158,-0.031856,0.341058,-0.017219,0.322481,-0.000002,0.000463,0.060602,3.274853,3.015258,42.245207
2.950784,-0.028797,0.068145,-0.035726,0.312481,0.000128,0.000583,0.070698,3.322475,3.019467,42.291568
2.943449,-0.022997,-0.247388,-0.051994,0.302481,0.000139,0.000473,0.058427,3.368833,3.024162,42.338621
2.934786,-0.014452,-0.581968,-0.067924,0.292481,0.000145,0.000428,0.052618,3.414148,3.028615,42.385228
2.924489,-0.003884,-0.907306,-0.082230,0.282481,0.000194,0.000416,0.046182,3.459290,3.032703,42.430222
2.912379,0.007915,-1.204360,-0.095644,0.272481,0.000209,0.000328,0.038973,3.505012,3.035814,42.474385
2.898215,0.019910,-1.470088,-0.109850,0.262481,0.000069,0.000361,0.039192,3.545691,3.040202,42.519028
2.881616,0.031486,-1.707115,-0.123893,0.252481,0.000370,0.000416,0.038520,3.590351,3.040829,42.561893
2.862905,0.042512,-1.919753,-0.139325,0.243234,0.000438,0.000397,0.036936,3.633405,3.041365,42.603144
2.841733,0.052729,-2.117778,-0.153334,0.235039,0.000274,0.000298,0.028480,3.673808,3.039795,42.645071
2.818066,0.062575,-2.300604,-0.163086,0.229431,0.000121,0.000152,0.017019,3.716840,3.036996,42.685046
2.792565,0.072427,-2.456371,-0.173155,0.225655,-0.000007,0.000191,0.017127,3.756500,3.032910,42.724674
2.765402,0.081820,-2.580594,-0.177741,0.224063,-0.000502,-0.000026,0.005716,3.793861,3.023808,42.764454
2.737010,0.090191,-2.677101,-0.178232,0.225680,-0.000667,-0.000090,0.000725,3.832640,3.015316,42.801296
2.708490,0.097467,-2.738368,-0.177653,0.229424,-0.000928,-0.000147,-0.001035,3.869044,3.003238,42.837955
2.680169,0.102897,-2.769577,-0.173979,0.234871,-0.001165,-0.000218,-0.004711,3.902943,2.988869,42.875851
2.652694,0.106216,-2.774625,-0.167398,0.241652,-0.001297,-0.000275,-0.008587,3.936009,2.972548,42.913828
2.626710,0.107419,-2.754040,-0.159502,0.249836,-0.001241,-0.000278,-0.010780,3.970881,2.955767,42.952762
2.602823,0.106510,-2.708988,-0.152670,0.259312,-0.001335,-0.000283,-0.010028,4.001911,2.938853,42.994847
2.581054,0.103361,-2.646147,-0.146562,0.269312,-0.001649,-0.000332,-0.009809,4.022945,2.918493,43.038994
2.561282,0.098172,-2.574055,-0.138059,0.279312,-0.001628,-0.000398,-0.014765,4.047143,2.897606,43.081359
2.544144,0.091874,-2.491764,-0.129773,0.289312,-0.001536,-0.000382,-0.017315,4.071047,2.876315,43.122959
2.529617,0.084987,-2.398959,-0.122726,0.299312,-0.001319,-0.000321,-0.013914,4.098040,2.853920,43.166603
2.517747,0.077796,-2.297998,-0.119635,0.309312,-0.001186,-0.000185,-0.006535,4.122381,2.830783,43.213351
2.508018,0.070106,-2.207871,-0.117230,0.319312,-0.001163,-0.000186,-0.005050,4.145862,2.805573,43.262756
2.500230,0.062650,-2.138017,-0.117383,0.329312,-0.001123,-0.000084,0.000947,4.168326,2.780002,43.313389
2.494063,0.055938,-2.093283,-0.121532,0.339312,-0.000966,0.000066,0.010019,4.190597,2.754985,43.364011
2.489209,0.050039,-2.085571,-0.128524,0.349312,-0.000849,0.000279,0.020166,4.215012,2.730481,43.413488
2.485286,0.045412,-2.116742,-0.136180,0.359312,-0.000887,0.000175,0.017203,4.233917,2.703889,43.460987
2.481960,0.042248,-2.188030,-0.141270,0.369312,-0.000929,0.000123,0.012343,4.254081,2.676446,43.506483
2.479326,0.041466,-2.272477,-0.145358,0.378346,-0.000939,0.000087,0.009761,4.274255,2.650027,43.550335
2.477265,0.042592,-2.354073,-0.150155,0.386386,-0.000265,0.000157,0.011099,4.304340,2.612402,43.591518
2.476187,0.044810,-2.429299,-0.152898,0.391626,-0.000947,0.000240,0.012214,4.321875,2.584659,43.633810
2.474553,0.047878,-2.488972,-0.154648,0.396360,-0.001441,0.000016,0.011289,4.333395,2.567288,43.672631
2.472561,0.050858,-2.533915,-0.157567,0.402070,-0.000207,0.000103,0.006610,4.361737,2.527754,43.698732
2.471957,0.053567,-2.577374,-0.157175,0.404769,-0.001325,-0.000181,0.000052,4.367832,2.509380,43.728406
2.470356,0.056216,-2.608730,-0.152869,0.408204,-0.000920,-0.000219,-0.007784,4.381089,2.477159,43.760399
2.469737,0.059180,-2.616207,-0.145326,0.411111,-0.001021,-0.000375,-0.016726,4.395356,2.444099,43.788964
2.469814,0.062030,-2.592045,-0.136671,0.413595,-0.001097,-0.000473,-0.021730,4.410589,2.412688,43.823417
2.470693,0.064176,-2.534089,-0.128738,0.416002,-0.001147,-0.000486,-0.021163,4.420598,2.381442,43.857877
2.472392,0.064956,-2.448711,-0.118278,0.417815,-0.001145,-0.000647,-0.031209,4.431101,2.347729,43.891201
2.475188,0.064443,-2.340333,-0.106798,0.418770,-0.001114,-0.000732,-0.036824,4.441031,2.313744,43.925644
2.479136,0.062918,-2.203606,-0.095128,0.418872,-0.001122,-0.000758,-0.039094,4.446658,2.280604,43.961024
2.484127,0.060321,-2.040206,-0.082416,0.418466,-0.001035,-0.000779,-0.043541,4.453190,2.246473,43.996618
2.490248,0.056862,-1.851931,-0.070630,0.417028,-0.000809,-0.000537,-0.034906,4.457374,2.209990,44.031609
2.497401,0.052683,-1.639167,-0.059592,0.414980,-0.000765,-0.000543,-0.035740,4.462251,2.174262,44.067942
2.505218,0.047427,-1.425519,-0.050637,0.411833,-0.000649,-0.000456,-0.030320,4.465608,2.138622,44.104844
2.513456,0.041590,-1.223191,-0.042954,0.407974,-0.000533,-0.000404,-0.027498,4.467083,2.100968,44.140723
2.521888,0.035726,-1.042718,-0.036436,0.402927,-0.000077,-0.000297,-0.021885,4.476827,2.057405,44.177828
2.530560,0.030408,-0.883948,-0.031884,0.396869,-0.000663,-0.000276,-0.017062,4.476337,2.028595,44.218705
2.538207,0.025438,-0.754985,-0.028871,0.390183,-0.000236,-0.000153,-0.011013,4.478258,1.990199,44.256091
2.545678,0.021129,-0.655697,-0.026530,0.383650,-0.000208,-0.000149,-0.009522,4.496695,1.956267,44.290470
2.552525,0.017566,-0.583505,-0.029625,0.375900,-0.000157,0.000146,0.011572,4.504753,1.920566,44.326685
2.558500,0.013973,-0.552637,-0.032658,0.369484,0.000220,0.000199,0.013260,4.515996,1.875668,44.362532
2.564060,0.011082,-0.564883,-0.035639,0.361069,0.000011,0.000655,0.024482,4.515823,1.846668,44.403076
2.568404,0.009898,-0.591188,-0.035851,0.352731,0.001565,0.000737,0.026412,4.525449,1.801145,44.440645
2.573377,0.010056,-0.608762,-0.037927,0.344475,0.000422,0.000315,0.022229,4.523605,1.774566,44.478209
2.576210,0.009694,-0.640772,-0.038037,0.336041,0.000679,0.000029,0.000826,4.530049,1.727326,44.514973
2.578384,0.009992,-0.682709,-0.038479,0.327086,0.000250,0.000023,0.002250,4.535688,1.692020,44.551970
2.579151,0.011017,-0.709316,-0.041164,0.319152,-0.000115,0.000131,0.010481,4.534660,1.653108,44.592250
2.578620,0.011599,-0.737476,-0.043347,0.311083,-0.000493,0.000113,0.009388,4.536865,1.623855,44.629735
2.576805,0.011988,-0.772226,-0.048448,0.304439,-0.000136,0.000359,0.022843,4.551777,1.586910,44.664499
2.574495,0.012032,-0.820365,-0.062527,0.302007,-0.000215,0.000867,0.057827,4.557116,1.551143,44.697556
2.571261,0.010541,-0.925911,-0.073155,0.298880,0.000687,0.002219,0.080072,4.564302,1.504129,44.733050
2.568126,0.011345,-1.050482,-0.084106,0.295722,0.001044,0.004314,0.156406,4.565571,1.467122,44.773358
2.564392,0.014429,-1.127750,-0.098922,0.293455,0.000182,0.001934,0.130046,4.555793,1.443128,44.814560
2.558541,0.012393,-1.295673,-0.108985,0.290342,0.000257,0.000484,0.031716,4.564082,1.398758,44.845731
2.551855,0.011949,-1.566469,-0.119913,0.286976,-0.000152,0.000483,0.033384,4.562065,1.363355,44.879312
2.543667,0.016118,-1.801803,-0.127923,0.282959,-0.000086,0.001195,0.045229,4.558065,1.337687,44.917374
2.534400,0.023113,-1.977039,-0.127846,0.277913,0.000741,0.001209,0.044094,4.556418,1.302519,44.947969
2.525242,0.030833,-2.076271,-0.130764,0.272444,0.000445,0.000464,0.030978,4.554877,1.267193,44.977693
2.514753,0.035934,-2.154293,-0.137864,0.266846,0.000269,0.000346,0.020915,4.554759,1.224663,45.011398
2.502825,0.039112,-2.241940,-0.149437,0.261632,-0.000308,0.000452,0.031119,4.542577,1.199269,45.049005
2.488804,0.041139,-2.338363,-0.155027,0.255881,0.000228,0.000644,0.025432,4.539188,1.168254,45.082291
2.474277,0.043639,-2.429227,-0.161404,0.251005,0.001645,0.001503,0.052095,4.538212,1.129468,45.109793
2.460181,0.046845,-2.485120,-0.172077,0.246456,0.002470,0.002631,0.092283,4.526687,1.105037,45.142250
2.445530,0.049386,-2.516184,-0.179145,0.242443,0.004144,0.003476,0.116503,4.521399,1.066682,45.173243
2.431609,0.051011,-2.530440,-0.190445,0.238902,0.004976,0.004476,0.150943,4.512161,1.041903,45.204658
2.417316,0.051483,-2.534809,-0.198295,0.236720,0.005967,0.005064,0.168066,4.502555,1.012082,45.237629
2.403316,0.050936,-2.538563,-0.206312,0.235347,0.007325,0.005943,0.193879,4.493581,0.975620,45.267203
2.390104,0.050092,-2.534020,-0.217451,0.233388,0.008013,0.006707,0.219963,4.472882,0.954970,45.301292
2.376680,0.048617,-2.528581,-0.226728,0.229827,0.009402,0.007401,0.239394,4.459218,0.929411,45.335683
2.363797,0.046844,-2.524086,-0.234906,0.226206,0.010475,0.007953,0.255451,4.444959,0.904896,45.367678
2.351234,0.044922,-2.520968,-0.240939,0.223218,0.010756,0.007966,0.254418,4.435371,0.877459,45.401022
2.338446,0.042574,-2.532179,-0.246813,0.221072,0.011683,0.008546,0.271408,4.414356,0.856184,45.434118
2.326202,0.040911,-2.536394,-0.251455,0.218559,0.006184,0.003183,0.147911,4.389073,0.840526,45.467426
2.308107,0.033651,-2.671935,-0.249489,0.218172,-0.000825,-0.000180,-0.001678,4.370127,0.821170,45.502565
2.283685,0.028055,-2.938962,-0.243390,0.221126,-0.001116,-0.000235,-0.004839,4.347622,0.803495,45.538318
2.260332,0.029791,-3.143165,-0.235776,0.224678,-0.001006,-0.000221,-0.005935,4.326633,0.784542,45.574500
2.238245,0.034909,-3.274252,-0.229351,0.227740,-0.001236,-0.000270,-0.006556,4.301873,0.774788,45.611674
2.216762,0.040442,-3.343954,-0.221095,0.229573,-0.000943,-0.000300,-0.009159,4.274013,0.760218,45.649261
2.196473,0.044969,-3.363719,-0.214366,0.230687,-0.000900,-0.000287,-0.007534,4.249273,0.748722,45.689128
2.177009,0.047588,-3.346134,-0.209008,0.231688,-0.000962,-0.000276,-0.005632,4.230304,0.741289,45.730835
2.158307,0.047903,-3.305993,-0.205093,0.233223,-0.000874,-0.000308,-0.007375,4.201320,0.732542,45.769282
2.140581,0.045990,-3.259607,-0.204313,0.233501,-0.000569,-0.000135,-0.000852,4.174381,0.725900,45.808203
2.123774,0.042454,-3.213545,-0.207632,0.232494,-0.000426,0.000045,0.007152,4.151475,0.721490,45.850791
2.107302,0.037597,-3.182445,-0.212169,0.232090,-0.000334,0.000118,0.009317,4.126334,0.718383,45.892102
2.091122,0.032162,-3.175120,-0.219532,0.231523,-0.000146,0.000267,0.014339,4.102419,0.715004,45.932430
2.075052,0.026849,-3.192421,-0.228208,0.230635,-0.000060,0.000301,0.015677,4.077342,0.715348,45.972681
2.058804,0.022031,-3.234599,-0.236001,0.229657,-0.000166,0.000150,0.010259,4.052634,0.715641,46.012997
2.042218,0.018004,-3.297696,-0.243813,0.228753,-0.000115,0.000154,0.009666,4.027167,0.717313,46.053992
2.025427,0.015065,-3.368709,-0.252813,0.226582,0.000240,0.000319,0.014300,4.001982,0.720440,46.095156
2.008380,0.013001,-3.439701,-0.261454,0.223791,0.000041,0.000197,0.010498,3.981156,0.727603,46.136251
1.990499,0.011201,-3.514735,-0.270653,0.219694,0.000168,0.000182,0.009409,3.957737,0.735127,46.176113
1.971913,0.009649,-3.589228,-0.279439,0.212722,0.000425,0.000168,0.007644,3.930571,0.737909,46.215553
1.952441,0.008197,-3.661531,-0.285269,0.206986,0.000219,0.000104,0.005451,3.906087,0.744657,46.255656
1.932093,0.006807,-3.726523,-0.284587,0.207776,-0.000358,-0.000035,0.001196,3.883654,0.753987,46.295394
1.911771,0.005528,-3.777398,-0.280592,0.212767,-0.000880,-0.000190,-0.002957,3.862746,0.764692,46.334396
1.892263,0.004230,-3.810857,-0.274900,0.220023,-0.000966,-0.000243,-0.005226,3.840457,0.775565,46.373068
1.874384,0.002885,-3.824573,-0.269911,0.227831,-0.000816,-0.000164,-0.002932,3.819855,0.787510,46.410929
1.858409,0.001375,-3.818940,-0.265611,0.235951,-0.000867,-0.000171,-0.002696,3.801684,0.801083,46.447669
1.844077,-0.000569,-3.802015,-0.260502,0.244903,-0.000986,-0.000206,-0.003865,3.784937,0.815829,46.483285
1.831452,-0.002771,-3.776152,-0.254766,0.254902,-0.001101,-0.000259,-0.005753,3.767819,0.830898,46.517825
1.820749,-0.005017,-3.742467,-0.247903,0.264902,-0.001215,-0.000324,-0.007968,3.751099,0.846728,46.551663
1.812035,-0.007068,-3.699041,-0.239735,0.274902,-0.001760,-0.000662,-0.017658,3.735752,0.864967,46.584380
1.804939,-0.009015,-3.649836,-0.231413,0.284902,-0.002357,-0.001201,-0.029742,3.721654,0.882114,46.616586
1.799379,-0.010916,-3.596259,-0.223021,0.294902,-0.002774,-0.001135,-0.034854,3.710110,0.901943,46.648349
1.795509,-0.011985,-3.530820,-0.215422,0.304518,-0.001441,-0.000480,-0.013885,3.696385,0.920312,46.678560
1.794838,-0.012097,-3.431982,-0.208385,0.313394,-0.001520,-0.000491,-0.013647,3.684321,0.939916,46.705953
1.795648,-0.012726,-3.333403,-0.200869,0.322609,-0.001647,-0.000538,-0.015606,3.673087,0.958350,46.730357
1.797972,-0.013378,-3.235978,-0.191794,0.332609,-0.002575,-0.001591,-0.040767,3.662455,0.978331,46.752835
1.801191,-0.014546,-3.154351,-0.180470,0.342609,-0.004385,-0.003519,-0.096631,3.653251,1.001147,46.774884
1.804638,-0.015978,-3.100132,-0.165830,0.352609,-0.006409,-0.006157,-0.173412,3.642027,1.023810,46.799161
1.808376,-0.016937,-3.059870,-0.150240,0.362609,-0.008293,-0.008938,-0.254702,3.630572,1.045518,46.824422
1.812489,-0.017141,-3.019047,-0.134890,0.371783,-0.005672,-0.003842,-0.163047,3.622769,1.068388,46.848142
1.821210,-0.008959,-2.798946,-0.120605,0.379782,-0.001791,-0.001047,-0.041837,3.615779,1.091517,46.872129
1.834825,-0.002148,-2.442899,-0.108120,0.385436,-0.001382,-0.000889,-0.036835,3.605795,1.114486,46.897166
1.849426,-0.000888,-2.143074,-0.096454,0.389043,-0.001292,-0.000863,-0.035986,3.597205,1.138799,46.921995
1.864729,-0.001261,-1.893698,-0.085248,0.391098,-0.001134,-0.000793,-0.034550,3.587583,1.162650,46.947255
1.880666,-0.001467,-1.678166,-0.074796,0.392011,-0.000841,-0.000692,-0.031616,3.581665,1.188616,46.973126
1.897163,-0.001196,-1.485167,-0.061429,0.392653,-0.000883,-0.000913,-0.043170,3.574022,1.214358,46.999275
1.913903,0.000042,-1.294128,-0.047398,0.392878,-0.000691,-0.000916,-0.044966,3.566234,1.241193,47.025883
1.930967,0.002081,-1.085980,-0.031640,0.393109,-0.000738,-0.001032,-0.051864,3.560139,1.267387,47.053385
1.948041,0.004531,-0.856975,-0.014677,0.394319,-0.000549,-0.003930,-0.120202,3.552586,1.296149,47.081835
1.965326,0.004370,-0.666779,0.005611,0.397819,-0.000995,-0.002914,-0.140995,3.552652,1.323104,47.110755
1.982293,0.008493,-0.424468,0.025779,0.403669,-0.000601,-0.004811,-0.150869,3.541253,1.352012,47.139879
1.999757,0.010418,-0.138944,0.046761,0.410851,-0.000706,-0.002906,-0.145837,3.536550,1.381392,47.169698
2.017126,0.014805,0.184506,0.068530,0.419560,-0.000452,-0.001410,-0.071538,3.526334,1.408733,47.200649
2.034722,0.019107,0.605165,0.087727,0.429560,-0.000525,-0.001249,-0.063585,3.518564,1.436952,47.230693
2.052378,0.019817,0.989240,0.104521,0.439560,-0.000469,-0.003563,-0.113170,3.507105,1.464844,47.260663
2.070125,0.016170,1.270612,0.118724,0.449560,-0.000550,-0.006282,-0.199866,3.492621,1.494144,47.292498
2.087626,0.010728,1.429700,0.132872,0.459560,-0.000401,-0.009009,-0.287712,3.479072,1.523473,47.326508
2.104838,0.005761,1.510741,0.145101,0.469560,-0.000604,-0.010591,-0.338465,3.465515,1.550103,47.362241
2.121434,0.002498,1.567252,0.157219,0.479560,-0.000283,-0.012712,-0.407097,3.446939,1.578057,47.398085
2.137959,-0.000527,1.588763,0.166967,0.489560,-0.000552,-0.004542,-0.224879,3.430097,1.605193,47.435354
2.153989,0.006764,1.823307,0.172816,0.499560,-0.000558,-0.000173,-0.010393,3.410167,1.630910,47.474983
2.170666,0.010889,2.234197,0.170378,0.509390,-0.000984,0.000174,0.005858,3.388848,1.657862,47.515743
2.188205,0.004928,2.512809,0.163883,0.517029,-0.001188,0.000382,0.015360,3.368212,1.683792,47.558102
2.206325,-0.005070,2.658727,0.157035,0.523116,-0.001157,0.000395,0.016038,3.346405,1.708589,47.601751
2.224784,-0.015382,2.703669,0.150529,0.527851,-0.000929,0.000341,0.015432,3.320950,1.732105,47.645352
2.243535,-0.024079,2.685184,0.143775,0.530932,-0.000935,0.000404,0.017282,3.295485,1.754648,47.689825
2.262384,-0.030571,2.629108,0.136519,0.531934,-0.001109,0.001159,0.035846,3.267225,1.774853,47.734753
2.281048,-0.034349,2.565081,0.128429,0.529929,-0.000959,0.000768,0.039579,3.237432,1.794351,47.780145
2.299805,-0.037701,2.478758,0.120256,0.524116,-0.000435,0.001347,0.043402,3.205508,1.812065,47.826347
2.318674,-0.039283,2.376063,0.112865,0.514116,-0.000021,0.002569,0.086142,3.172088,1.829152,47.873209
2.337127,-0.038672,2.307222,0.106687,0.504116,0.000403,0.003544,0.120061,3.139323,1.844673,47.920417
2.355210,-0.037712,2.261084,0.101844,0.494116,0.000434,0.001291,0.077984,3.104071,1.859786,47.965528
2.372379,-0.040097,2.162486,0.099586,0.484116,-0.000022,0.000152,0.006987,3.068691,1.873569,48.007630
2.387875,-0.041255,2.012865,0.100258,0.474116,-0.000071,-0.000007,-0.002198,3.033155,1.886124,48.047296
2.402027,-0.038824,1.912440,0.103148,0.464116,0.000684,-0.000496,-0.018049,2.996487,1.897317,48.085661
2.415620,-0.035601,1.857013,0.107387,0.454116,0.001834,-0.001252,-0.042756,2.960931,1.911271,48.123708
2.428938,-0.033104,1.831663,0.114400,0.444116,0.003498,-0.002496,-0.084692,2.921676,1.922306,48.161565
2.442249,-0.031726,1.823656,0.122469,0.434116,0.004981,-0.003715,-0.126037,2.882086,1.932344,48.200979
2.455193,-0.031207,1.829373,0.129957,0.424116,0.006669,-0.004987,-0.169380,2.842435,1.941036,48.241883
2.467973,-0.031678,1.834438,0.135781,0.414116,0.004659,-0.001980,-0.106342,2.799338,1.951285,48.282938
2.476971,-0.028692,1.932225,0.137545,0.404116,0.000317,-0.000066,-0.004495,2.759016,1.958021,48.325968
2.480360,-0.027736,2.116268,0.133461,0.394116,0.000089,0.000227,0.011887,2.717612,1.963569,48.368694
2.482706,-0.032355,2.236768,0.126257,0.384116,0.000093,0.001153,0.039866,2.676318,1.966856,48.410975
2.484276,-0.038344,2.297783,0.121341,0.374116,0.000683,0.001925,0.067697,2.635755,1.967660,48.453880
2.485437,-0.043409,2.328964,0.112910,0.364116,0.000819,0.003177,0.112339,2.598155,1.963357,48.496065
2.486075,-0.047338,2.336996,0.104755,0.354116,0.001545,0.004691,0.167342,2.555929,1.960861,48.538018
2.486821,-0.049733,2.341109,0.091289,0.344116,0.001544,0.007182,0.256201,2.515024,1.956186,48.582019
2.487360,-0.051272,2.340011,0.083538,0.334116,0.002027,0.008675,0.310167,2.475378,1.949091,48.627604
2.487783,-0.052159,2.336867,0.068338,0.324116,0.002138,0.011806,0.423164,2.436249,1.940611,48.672559
2.488132,-0.052611,2.333170,0.058943,0.314116,0.001394,0.004208,0.265303,2.398251,1.928160,48.716785
2.487164,-0.062403,2.099025,0.054307,0.304116,0.000035,0.000342,0.019111,2.359941,1.916701,48.759857
2.483994,-0.065904,1.653270,0.061105,0.294116,0.000944,-0.001448,-0.051910,2.321417,1.903753,48.801636
2.480880,-0.055606,1.339037,0.073529,0.284116,0.002637,-0.004055,-0.142619,2.284401,1.889891,48.841894
2.478387,-0.042101,1.151547,0.086745,0.274116,0.002455,-0.002380,-0.132097,2.248194,1.876029,48.880899
2.474382,-0.026539,1.158683,0.099169,0.264116,0.001391,-0.002364,-0.082158,2.212459,1.861501,48.917006
2.467946,-0.016698,1.325182,0.113013,0.254116,0.001821,-0.001805,-0.097433,2.177373,1.846419,48.950345
2.460287,-0.012425,1.519874,0.128142,0.244116,0.000866,-0.000994,-0.052498,2.142661,1.831064,48.982588
2.449718,-0.011044,1.783265,0.147172,0.234116,0.002071,-0.002939,-0.099696,2.109110,1.814908,49.012334
2.437944,-0.014890,2.005246,0.171447,0.224116,0.005260,-0.006192,-0.208749,2.077610,1.797549,49.040094
2.426180,-0.021522,2.136684,0.201563,0.214116,0.005100,-0.003696,-0.178256,2.047426,1.778731,49.068012
2.410359,-0.022084,2.334599,0.237609,0.204116,0.003791,-0.002437,-0.078188,2.016571,1.758499,49.094621
2.389141,-0.022513,2.647064,0.275505,0.194116,0.007998,-0.004173,-0.130708,1.989559,1.736833,49.121367
2.367997,-0.029233,2.863430,0.300000,0.184116,0.011146,-0.004822,-0.146658,1.962823,1.709731,49.147523
2.346796,-0.037509,2.999921,0.300000,0.174116,0.011826,-0.004738,-0.141925,1.939588,1.682672,49.175209
2.325046,-0.044782,3.080695,0.300000,0.164116,0.006399,-0.001728,-0.070959,1.918070,1.654382,49.207012
2.296676,-0.047145,3.190338,0.300000,0.154116,-0.000190,0.000140,0.002442,1.901006,1.625983,49.238982
2.260885,-0.047698,3.339617,0.300000,0.144116,-0.000389,0.000239,0.003844,1.887873,1.597299,49.273794
2.224261,-0.049275,3.453245,0.309600,0.134116,-0.000352,0.000232,0.003353,1.880373,1.567190,49.313932
2.186258,-0.050415,3.538282,0.333281,0.124116,0.000048,0.000178,0.003365,1.874450,1.537062,49.354850
2.146291,-0.050257,3.602841,0.358599,0.114116,0.000047,0.000228,0.006072,1.873322,1.507649,49.391547
2.103989,-0.048441,3.650709,0.380644,0.104116,-0.000187,0.000288,0.008530,1.872813,1.478613,49.421601
2.059661,-0.044809,3.684877,0.400615,0.094116,0.000231,0.000228,0.007342,1.879878,1.453042,49.445161
2.014264,-0.039422,3.706877,0.416820,0.084116,-0.000022,0.000239,0.007719,1.883688,1.426540,49.460309
1.967603,-0.032246,3.725615,0.421650,0.074116,-0.000061,0.000135,0.003460,1.890537,1.402857,49.468218
1.920754,-0.023529,3.748533,0.400824,0.064116,-0.001057,0.000061,-0.002024,1.900452,1.381508,49.471430
1.874550,-0.013461,3.791473,0.360824,0.054116,-0.001262,0.000038,-0.003645,1.911990,1.362949,49.471430
1.831446,-0.003240,3.853521,0.320824,0.044116,-0.001677,0.000465,0.012140,1.923786,1.344952,49.471430
1.791634,0.005655,3.916764,0.303499,0.034116,-0.000538,0.000435,0.012839,1.936874,1.329165,49.471430
1.754897,0.012668,3.954559,0.304142,0.024116,0.000620,-0.000076,-0.002877,1.949620,1.315311,49.471430
1.719492,0.018998,3.973706,0.299604,0.014116,0.000233,0.000087,0.002147,1.962317,1.303327,49.471430
1.684299,0.025266,3.986201,0.301870,0.004116,0.000415,-0.000103,-0.004570,1.975244,1.293942,49.471430
1.649247,0.031632,3.995054,0.298992,-0.005884,0.000058,0.000064,0.000897,1.985439,1.284446,49.471430
1.614346,0.037801,3.999710,0.303421,-0.015884,0.000192,-0.000175,-0.007854,1.996214,1.276341,49.471430
1.579332,0.044060,4.005125,0.300000,-0.025884,-0.000462,0.000160,0.002284,2.007359,1.270851,49.471430
1.544292,0.049866,4.005919,0.308579,-0.035884,-0.000188,-0.000303,-0.014658,2.016790,1.265499,49.471430
1.508854,0.055935,4.011900,0.300000,-0.045884,-0.001193,0.000457,0.010170,2.025705,1.261684,49.471430
1.473645,0.060902,4.004050,0.318971,-0.055884,-0.000402,-0.000876,-0.036384,2.033308,1.261005,49.471430
1.437344,0.066913,4.010023,0.300000,-0.065884,-0.002303,0.001165,0.031152,2.041430,1.258434,49.471430
1.401662,0.071043,3.996995,0.332965,-0.075884,0.000099,-0.002077,-0.074683,2.048094,1.257366,49.471430
1.364895,0.076747,3.995747,0.301710,-0.085884,-0.004647,0.003745,0.097367,2.053572,1.256827,49.471430
1.327348,0.081904,4.021199,0.341710,-0.095884,0.000483,-0.003908,-0.127326,2.057223,1.256720,49.471430
1.290829,0.084743,3.964220,0.318634,-0.105884,-0.004952,0.002428,0.058130,2.060973,1.257609,49.471430
1.251641,0.090196,3.991408,0.357001,-0.115884,-0.000772,-0.003727,-0.124160,2.062234,1.257902,49.471430
1.212770,0.094133,3.967988,0.330382,-0.125884,-0.006315,0.002818,0.067204,2.061226,1.259389,49.471430
1.172044,0.098763,3.995036,0.370382,-0.135884,-0.001412,-0.004188,-0.138400,2.061590,1.260715,49.471430
1.132160,0.101790,3.954670,0.356739,-0.138121,-0.006682,0.001514,0.026217,2.059146,1.261392,49.471430
1.089975,0.107000,3.996715,0.388765,-0.130000,-0.004483,-0.003390,-0.118340,2.057444,1.262795,49.471430
1.049090,0.110353,3.982186,0.379038,-0.122958,-0.008039,0.000968,0.008438,2.054982,1.264425,49.471430
1.008565,0.114301,4.007861,0.409279,-0.120000,-0.005274,-0.003390,-0.118471,2.051843,1.265668,49.471430
0.969442,0.117025,3.987025,0.406970,-0.116840,-0.008431,0.000060,-0.018903,2.049142,1.267744,49.471430
0.929784,0.120612,4.009854,0.432434,-0.119243,-0.004950,-0.005427,-0.158768,2.045991,1.269519,49.471430
0.892357,0.120598,3.942129,0.445137,-0.129243,-0.006802,-0.002938,-0.110063,2.042767,1.271597,49.471430
0.851830,0.124670,3.951446,0.463422,-0.139243,-0.008697,-0.001610,-0.068804,2.038804,1.273702,49.471430
0.808641,0.129354,4.012007,0.464327,-0.149243,-0.010021,-0.000837,-0.043859,2.035172,1.275927,49.471430
0.767098,0.129875,3.977463,0.424327,-0.159243,-0.012886,0.001358,0.027840,2.031148,1.278598,49.471430
0.729788,0.121141,3.706050,0.384327,-0.169243,-0.015830,0.007736,0.176947,2.026911,1.280504,49.471430
0.691765,0.113994,3.417699,0.344327,-0.179243,-0.018171,0.016261,0.401737,2.021528,1.282685,49.471430
0.652648,0.109117,3.211979,0.304327,-0.189243,-0.014975,0.008589,0.260404,2.015356,1.284861,49.471430
0.617865,0.088816,2.679593,0.291610,-0.193343,-0.010872,0.001589,0.029675,2.010206,1.287519,49.473137
0.582743,0.072915,2.132361,0.268821,-0.190000,-0.009355,0.000801,0.027064,2.003857,1.290344,49.475016
0.546445,0.062037,1.794827,0.228821,-0.180000,-0.008840,0.000878,0.031538,1.998537,1.294199,49.476080
0.511474,0.050227,1.445209,0.197318,-0.170000,-0.007383,0.000577,0.021925,1.992021,1.297928,49.476973
0.478002,0.040393,1.150115,0.159514,-0.160000,-0.006181,0.001058,0.038042,1.986140,1.302235,49.476973
0.446315,0.031292,0.888992,0.140640,-0.150000,-0.004819,0.002821,0.073805,1.981249,1.307214,49.476973
0.416184,0.027538,0.761272,0.123705,-0.140000,-0.004179,0.000759,0.028743,1.976636,1.312869,49.476973
0.387745,0.021131,0.592111,0.111635,-0.130000,-0.003453,0.000198,0.008032,1.970354,1.318383,49.476973
0.360693,0.017227,0.474632,0.102794,-0.120000,-0.002928,0.000049,0.002778,1.965340,1.324277,49.476973
0.335053,0.014600,0.398674,0.096205,-0.110000,-0.002646,-0.000002,0.000858,1.960294,1.330810,49.476973
0.310720,0.012646,0.343196,0.089099,-0.100000,-0.002276,0.000007,0.001067,1.955567,1.338123,49.476973
0.287886,0.010881,0.294278,0.086538,-0.090000,-0.002533,0.000203,0.005345,1.950652,1.344715,49.476973
0.265825,0.009983,0.268056,0.085113,-0.080000,-0.003655,0.000296,0.007848,1.945095,1.351064,49.476973
0.243766,0.009185,0.245936,0.084711,-0.070000,-0.004551,0.000274,0.007299,1.939105,1.357630,49.476973
0.221921,0.008388,0.224071,0.084917,-0.060000,-0.003622,-0.000104,-0.002549,1.934630,1.364676,49.476973
0.202144,0.007299,0.194745,0.090978,-0.050000,-0.002187,-0.000007,-0.000280,1.931486,1.371738,49.476973
0.185636,0.000053,0.002104,0.090863,-0.040000,-0.002027,-0.000000,-0.000001,1.927466,1.378403,49.476973
0.169590,0.000000,0.000007,0.090712,-0.030000,-0.001720,-0.000000,-0.000000,1.922990,1.384337,49.476973
0.154959,-0.000000,-0.000000,0.090177,-0.020000,-0.002687,-0.000000,-0.000000,1.918829,1.390451,49.476973
0.140479,-0.000000,-0.000000,0.089202,-0.010000,-0.003624,-0.000000,-0.000001,1.915189,1.395449,49.476973
0.126150,-0.000000,-0.000001,0.087841,-0.000000,-0.002494,-0.000000,-0.000000,1.911657,1.400228,49.476973
0.114071,-0.000000,-0.000000,0.086196,0.010000,-0.001560,-0.000000,-0.000001,1.909369,1.405127,49.476973
0.104022,-0.000000,-0.000001,0.084201,0.020000,-0.002604,-0.000000,-0.000001,1.908119,1.409853,49.476973
0.094024,-0.000000,-0.000001,0.081735,0.030000,-0.003692,-0.000000,-0.000001,1.906614,1.414485,49.476973
0.084040,-0.000000,-0.000001,0.078775,0.040000,-0.004431,-0.000000,-0.000001,1.906387,1.417876,49.476973
0.074406,-0.000000,-0.000001,0.075226,0.050000,-0.002849,-0.000000,-0.000002,1.904932,1.421236,49.476973
0.067464,-0.000000,-0.000002,0.071202,0.060000,-0.000826,-0.000000,-0.000002,1.903291,1.423822,49.476973
0.063631,-0.000000,-0.000002,0.066565,0.070000,-0.000703,-0.000000,-0.000003,1.903359,1.425486,49.476973
0.061006,-0.000000,-0.000003,0.061034,0.080000,-0.000678,-0.000000,-0.000001,1.902805,1.426365,49.476973
0.059493,-0.000000,-0.000002,0.054659,0.090000,-0.000565,-0.000000,-0.000001,1.904044,1.426543,49.476973
0.059177,-0.000000,-0.000001,0.047133,0.100000,-0.000612,-0.000000,-0.000002,1.904595,1.426977,49.476973
0.059895,-0.000000,-0.000002,0.038534,0.110000,-0.000609,-0.000000,-0.000000,1.904575,1.426946,49.476973
0.061696,-0.000000,-0.000000,0.028764,0.120000,-0.000565,-0.000000,-0.000002,1.904846,1.426453,49.476973
0.064622,-0.000000,-0.000002,0.017585,0.130000,-0.000533,-0.000000,-0.000002,1.905765,1.425639,49.476973
0.068652,-0.000000,-0.000002,0.004739,0.140000,-0.000546,-0.000000,-0.000001,1.906444,1.424701,49.476973
0.073746,-0.000000,-0.000001,-0.009538,0.150000,-0.000591,-0.000000,-0.000001,1.906903,1.423149,49.476973
0.079862,-0.000000,-0.000001,-0.024708,0.160000,-0.000551,-0.000000,-0.000001,1.908099,1.421279,49.476973
0.087089,-0.000000,-0.000001,-0.040601,0.170000,-0.000533,-0.000000,-0.000000,1.909180,1.419161,49.476973
0.095400,-0.000000,-0.000001,-0.057147,0.180000,-0.000461,-0.000000,-0.000001,1.911214,1.417374,49.476973
0.104850,-0.000000,-0.000001,-0.074427,0.190000,-0.000465,-0.000000,-0.000000,1.912687,1.414973,49.476973
0.115349,-0.000000,-0.000000,-0.092419,0.200000,-0.000407,-0.000000,-0.000000,1.914578,1.412158,49.476973
0.126950,-0.000000,-0.000000,-0.111182,0.210000,-0.000902,-0.000000,-0.000000,1.917024,1.409013,49.476973
0.139142,-0.000000,-0.000000,-0.130697,0.220000,-0.001910,-0.000000,-0.000000,1.921044,1.406354,49.476973
0.151364,-0.000000,-0.000000,-0.151213,0.230000,-0.002733,-0.000000,-0.000001,1.924385,1.402787,49.476973
0.163803,-0.000000,-0.000001,-0.172412,0.240000,-0.003771,-0.000000,-0.000001,1.926427,1.397384,49.476973
0.176253,-0.000000,-0.000001,-0.194134,0.246133,-0.004732,-0.000000,-0.000000,1.927912,1.391332,49.476973
0.188372,-0.000000,-0.000000,-0.215259,0.248537,-0.001281,0.004634,0.127800,1.929862,1.383468,49.476973
0.200680,-0.008974,-0.201587,-0.234532,0.247087,0.001378,-0.000004,0.001146,1.932827,1.376997,49.476973
0.215131,-0.020877,-0.551139,-0.251934,0.242189,0.002437,-0.000106,-0.001530,1.935548,1.369281,49.476973
0.232761,-0.024367,-0.645510,-0.267290,0.234120,0.003641,0.001284,0.033765,1.937479,1.360668,49.476973
0.250648,-0.026340,-0.700882,-0.280254,0.224120,0.005530,0.002690,0.070910,1.939952,1.351673,49.476973
0.268786,-0.028169,-0.751162,-0.290412,0.214120,0.007502,0.003925,0.103467,1.942072,1.342007,49.476973
0.287223,-0.030009,-0.802054,-0.297223,0.204120,0.006303,0.000357,0.017444,1.943524,1.330979,49.476973
0.302880,-0.036384,-0.964742,-0.300000,0.194120,0.004096,-0.000388,-0.010289,1.946578,1.320272,49.476973
0.316623,-0.039513,-1.059930,-0.300000,0.184120,0.004681,-0.000510,-0.014269,1.948065,1.309535,49.480435
0.330496,-0.041284,-1.111158,-0.300000,0.174120,0.005285,-0.000541,-0.015107,1.948918,1.298079,49.488467
0.343951,-0.042854,-1.155886,-0.300000,0.164120,0.004602,-0.000501,-0.014165,1.947930,1.285766,49.498018
0.355641,-0.044279,-1.196983,-0.300000,0.154120,0.003983,-0.000446,-0.012815,1.948747,1.273483,49.509079
0.365629,-0.045481,-1.231990,-0.300000,0.144120,0.005331,-0.000566,-0.016255,1.948363,1.261325,49.521257
0.375919,-0.046660,-1.266286,-0.300000,0.134120,0.004761,-0.000514,-0.014842,1.947615,1.249492,49.532336
0.384570,-0.047691,-1.296528,-0.300000,0.124120,0.001759,-0.000189,-0.005465,1.947849,1.238684,49.542750
0.389158,-0.048262,-1.313557,-0.300000,0.114120,0.003848,-0.000422,-0.012345,1.944274,1.226087,49.553046
0.394798,-0.048936,-1.333599,-0.300000,0.104120,0.003216,-0.000350,-0.010247,1.941355,1.213819,49.563811
0.398759,-0.049419,-1.348065,-0.300000,0.094120,0.003425,-0.000370,-0.010838,1.937974,1.202041,49.575414
0.401886,-0.049807,-1.359729,-0.300000,0.084120,0.002599,-0.000278,-0.008134,1.936946,1.190866,49.586792
0.403149,-0.049991,-1.365376,-0.300000,0.074120,0.001865,-0.000199,-0.005820,1.934356,1.180999,49.597282
0.402649,-0.049981,-1.365328,-0.300000,0.064120,0.002922,-0.000285,-0.008260,1.930794,1.170577,49.606265
0.402184,-0.049942,-1.364259,-0.300000,0.054120,0.002199,-0.000165,-0.004522,1.927376,1.161136,49.614796
0.399956,-0.049695,-1.356961,-0.300000,0.044120,0.003906,-0.000317,-0.008814,1.922458,1.150992,49.623025
0.398407,-0.049522,-1.351864,-0.300000,0.034120,0.003828,-0.000275,-0.007417,1.919018,1.142688,49.632028
0.395747,-0.049231,-1.343283,-0.300000,0.024120,0.003017,-0.000289,-0.008103,1.914783,1.134703,49.640743
0.391246,-0.048871,-1.333116,-0.300000,0.014120,-0.000775,0.000098,0.002973,1.911510,1.127959,49.648446
0.381984,-0.047914,-1.305624,-0.300000,0.005080,-0.000757,0.000121,0.003686,1.906206,1.121797,49.655231
0.371882,-0.046782,-1.272675,-0.300000,0.000224,-0.000560,0.000078,0.002382,1.905104,1.115847,49.661198
0.361516,-0.045632,-1.239387,-0.300000,0.000000,-0.002277,0.000265,0.007645,1.901609,1.110536,49.667092
0.349450,-0.044250,-1.199601,-0.300000,0.000000,-0.002714,0.000319,0.009122,1.899136,1.106010,49.671901
0.337030,-0.042798,-1.157949,-0.300000,0.000000,-0.003057,0.000362,0.010300,1.897290,1.101883,49.675985
0.324280,-0.041293,-1.115039,-0.300000,0.000000,-0.002912,0.000348,0.009835,1.894397,1.098561,49.679307
0.311731,-0.039799,-1.072700,-0.300000,0.000000,-0.003412,0.000411,0.011550,1.893009,1.096012,49.682520
0.298724,-0.038238,-1.028716,-0.300000,0.000000,-0.003507,0.000426,0.011897,1.892140,1.093608,49.685291
0.285675,-0.036659,-0.984494,-0.300000,0.000000,-0.003023,0.000370,0.010275,1.889476,1.091533,49.686499
0.273129,-0.035129,-0.941885,-0.300000,0.000000,-0.003965,0.000488,0.013503,1.887796,1.090529,49.688135
0.259680,-0.033478,-0.896120,-0.300000,0.000000,-0.004187,0.000519,0.014288,1.888265,1.089278,49.689655
0.246065,-0.031794,-0.849691,-0.300000,0.000000,-0.004745,0.000592,0.016224,1.888017,1.088182,49.689736
0.231913,-0.030031,-0.801340,-0.300000,0.000000,-0.004079,0.000512,0.013971,1.887392,1.087414,49.689741
0.218473,-0.028347,-0.755336,-0.299762,0.000000,-0.004569,0.000555,0.015077,1.887650,1.087217,49.689895
0.204579,-0.026594,-0.707693,-0.298570,0.000000,-0.000257,0.011233,0.301396,1.888736,1.087424,49.690045
0.199462,-0.002012,-0.071341,-0.298521,0.000000,-0.001583,0.000001,0.000037,1.888854,1.086874,49.690045
0.189065,-0.000010,-0.000402,-0.298480,0.000000,-0.000279,0.000000,0.000000,1.889128,1.087027,49.690045
0.179074,-0.000000,-0.000002,-0.298433,0.000000,-0.000342,0.000000,0.000000,1.888997,1.087909,49.690045
0.169035,0.000000,0.000000,-0.298386,0.000000,-0.000283,0.000000,0.000000,1.888758,1.088549,49.690045
0.159079,0.000000,0.000000,-0.298364,0.000000,-0.000300,0.000000,0.000000,1.890002,1.088503,49.690045
0.149120,0.000000,0.000000,-0.298366,0.000000,-0.000327,0.000000,0.000000,1.891044,1.089014,49.690045
0.139141,0.000000,0.000000,-0.298384,0.000000,-0.000262,0.000000,0.000000,1.891071,1.088916,49.690045
0.129291,0.000000,0.000000,-0.298410,0.000000,-0.000263,0.000000,0.000000,1.889573,1.089972,49.690045
0.119433,0.000000,0.000000,-0.298441,0.000000,-0.000257,0.000000,0.000000,1.890726,1.090253,49.690045
0.109579,0.000000,0.000000,-0.298463,0.000000,-0.000236,0.000000,0.000000,1.890883,1.090450,49.690045
0.099794,0.000000,0.000000,-0.298478,0.000000,-0.000261,0.000000,0.000000,1.890224,1.091533,49.690045
0.089998,0.000000,0.000000,-0.298496,0.000000,-0.000234,0.000000,0.000000,1.889272,1.092675,49.690045
0.080232,0.000000,0.000000,-0.298518,0.001960,-0.000352,0.000000,0.000000,1.889253,1.093710,49.690045
0.070579,0.000000,0.000000,-0.298546,0.006163,-0.000463,0.000000,0.000000,1.889637,1.094815,49.690045
0.061284,0.000000,0.000000,-0.298577,0.010618,-0.000404,0.000000,0.000002,1.890891,1.094731,49.690045
0.052539,0.000000,0.000002,-0.298616,0.015442,-0.000472,0.000000,0.000001,1.892459,1.094795,49.690045
0.044265,0.000000,0.000001,-0.298646,0.021888,-0.000485,0.000000,0.000001,1.893521,1.095087,49.690045
0.036687,0.000000,0.000002,-0.298691,0.030039,-0.000499,0.000000,0.000003,1.893410,1.095144,49.690045
0.029987,0.000000,0.000003,-0.298738,0.040035,-0.000616,-0.000000,-0.000001,1.891978,1.095905,49.690045
0.024251,0.000000,0.000000,-0.298781,0.045736,-0.000691,0.000000,-0.000000,1.891113,1.096556,49.690045
0.019087,0.000000,-0.000000,-0.298826,0.052156,-0.001351,0.000000,0.000004,1.890616,1.097448,49.690045
0.013952,0.000000,0.000004,-0.298871,0.059901,-0.002123,-0.000000,-0.000006,1.890133,1.098230,49.690045
0.008889,-0.000000,-0.000003,-0.298926,0.069901,-0.001794,0.000003,0.000021,1.892142,1.097684,49.690045
0.005242,0.000003,0.000019,-0.298969,0.067140,0.000088,-0.000000,-0.000001,1.891254,1.098621,49.690045
0.003186,0.000002,0.000017,-0.299010,0.077140,-0.000548,-0.000002,-0.000022,1.891522,1.098754,49.690045
0.001578,-0.000001,-0.000005,-0.299055,0.078697,-0.000098,0.000015,0.000083,1.892621,1.098418,49.690045
0.000590,0.000014,0.000078,-0.299098,0.088697,-0.000763,-0.000005,-0.000033,1.892649,1.100596,49.690045
0.000021,0.000008,0.000046,-0.299130,0.083358,0.000009,0.000016,0.000058,1.893555,1.098421,49.690045
0.000117,0.000024,0.000104,-0.299186,0.093358,-0.000269,-0.000000,-0.000007,1.893452,1.098091,49.690045
0.000549,0.000023,0.000099,-0.299220,0.083358,0.000662,-0.000019,-0.000072,1.892197,1.097505,49.690045
0.000827,0.000003,0.000028,-0.299278,0.093358,-0.000473,-0.000015,-0.000084,1.891912,1.097111,49.690045
0.001053,-0.000012,-0.000057,-0.299320,0.084589,0.000503,-0.000013,-0.000075,1.892044,1.097238,49.690045
0.001305,-0.000025,-0.000133,-0.299365,0.094589,-0.000999,-0.000000,0.000004,1.891023,1.096939,49.690045
0.001138,-0.000021,-0.000132,-0.299400,0.085010,0.000132,-0.000034,-0.000158,1.889889,1.095989,49.690045
0.001065,-0.000054,-0.000290,-0.299448,0.095010,-0.000923,-0.000045,-0.000208,1.888690,1.095028,49.690045
0.001020,-0.000092,-0.000503,-0.299476,0.085010,-0.000101,-0.000142,-0.000616,1.887263,1.096333,49.690045
0.000715,-0.000226,-0.001126,-0.299511,0.095010,-0.001052,-0.000076,-0.000307,1.887482,1.095911,49.690045
0.000542,-0.000280,-0.001459,-0.299543,0.085010,0.000042,-0.000016,-0.000084,1.886843,1.095497,49.690045
0.000382,-0.000285,-0.001555,-0.299590,0.095010,-0.000949,-0.000141,-0.000663,1.886842,1.094453,49.690045
0.000312,-0.000406,-0.002236,-0.299616,0.085010,0.000196,0.000038,0.000037,1.886925,1.092562,49.690045
0.000305,-0.000360,-0.002206,-0.299660,0.095010,-0.000977,-0.000243,-0.001112,1.885218,1.093080,49.690045
0.000209,-0.000581,-0.003329,-0.299668,0.085010,0.000208,-0.000010,-0.000281,1.885416,1.091497,49.690045
0.000213,-0.000586,-0.003615,-0.299712,0.095010,-0.000284,-0.000040,-0.000390,1.884694,1.089793,49.690045
0.000812,-0.000594,-0.004020,-0.299730,0.085010,0.000920,-0.000042,-0.000609,1.882701,1.087865,49.690045
0.001532,-0.000600,-0.004629,-0.299754,0.094856,-0.000988,-0.000210,-0.001019,1.881732,1.086770,49.690045
0.001417,-0.000718,-0.005561,-0.299770,0.084856,-0.000085,-0.000246,-0.001263,1.880493,1.085122,49.690045
0.001121,-0.000888,-0.006762,-0.299806,0.094856,-0.001279,-0.000297,-0.001284,1.878953,1.083947,49.690045
0.000717,-0.001074,-0.007960,-0.299815,0.084856,-0.000062,-0.000115,-0.000621,1.878181,1.082384,49.690045
0.000441,-0.001135,-0.008558,-0.299861,0.094856,-0.000629,0.000159,0.000519,1.879322,1.079942,49.690045
0.000684,-0.000894,-0.007992,-0.299852,0.084856,-0.000981,-0.001188,-0.004323,1.876172,1.078405,49.690045
-0.000511,-0.002040,-0.012250,-0.299873,0.094856,-0.001535,-0.000586,-0.001442,1.874896,1.076410,49.690570
-0.000384,-0.002505,-0.013759,-0.299880,0.084977,-0.000043,0.000315,0.000497,1.875914,1.074267,49.692646
0.000314,-0.002137,-0.013316,-0.299934,0.094977,-0.001709,-0.002341,-0.004606,1.871138,1.073182,49.694313
-0.000503,-0.004341,-0.017975,-0.299925,0.084977,-0.000232,-0.000586,-0.001284,1.869494,1.071999,49.696672
-0.000150,-0.004863,-0.019384,-0.299978,0.094977,-0.000498,-0.000007,-0.001380,1.868704,1.070160,49.699686
0.000735,-0.004546,-0.021383,-0.299943,0.084977,0.001290,0.000343,-0.001542,1.867050,1.067790,49.700771
0.001848,-0.003948,-0.023298,-0.299970,0.092722,-0.001761,-0.003062,-0.007004,1.865433,1.066333,49.702731
0.000804,-0.006321,-0.030531,-0.299966,0.084499,-0.001897,-0.004882,-0.011685,1.863227,1.064582,49.705293
-0.001305,-0.010822,-0.042736,-0.299909,0.074499,-0.001960,-0.005528,-0.006900,1.860718,1.063417,49.707655
-0.001606,-0.016236,-0.049871,-0.299930,0.070095,-0.000035,-0.002169,-0.002149,1.859090,1.061865,49.710447
0.000019,-0.018287,-0.052333,-0.299866,0.060095,0.003319,0.009418,-0.006551,1.860086,1.059259,49.712844
0.003457,-0.008657,-0.059467,-0.299117,0.050095,0.006488,0.006298,0.012526,1.858014,1.057091,49.713895
0.006583,-0.001245,-0.046681,-0.297737,0.060095,-0.013315,-0.048400,-0.163494,1.852499,1.057800,49.715002
-0.009503,-0.049356,-0.199518,-0.297920,0.070095,-0.000269,0.028735,-0.019870,1.854123,1.054234,49.718743
0.000009,-0.036226,-0.177446,-0.287212,0.060095,0.002343,0.011245,-0.013288,1.852801,1.052541,49.721379
0.002436,-0.024668,-0.191206,-0.247212,0.070095,0.007372,0.036177,0.118342,1.853589,1.049598,49.721379
0.008470,0.015002,-0.069504,-0.207212,-0.014008,0.001961,-0.029440,-0.270645,1.849544,1.050411,49.722412
0.001971,-0.018504,-0.312647,-0.197095,-0.004008,0.001825,0.017772,0.146180,1.850191,1.047472,49.723446
0.001627,-0.000479,-0.164387,-0.157095,-0.033131,0.000056,0.002423,0.031110,1.848513,1.045652,49.725180
-0.000022,0.001941,-0.133038,-0.197095,0.021645,-0.000088,-0.000467,-0.006185,1.846811,1.044012,49.728079
0.000035,0.001451,-0.138623,-0.237095,-0.052260,0.000528,0.000758,0.031272,1.844198,1.044150,49.730281
0.000384,0.002245,-0.108432,-0.260635,-0.066486,0.000387,0.000157,0.003607,1.844856,1.041666,49.731319
-0.000008,0.002455,-0.106007,-0.269180,-0.076486,0.000344,-0.000403,0.009551,1.843501,1.043423,49.731319
0.000198,0.002119,-0.097878,-0.273484,-0.086486,0.000163,0.000139,-0.005512,1.844108,1.040986,49.731319
-0.000076,0.002337,-0.105118,-0.254832,-0.079346,0.000180,-0.000900,0.084024,1.843429,1.040765,49.732985
-0.000028,0.001489,-0.022211,-0.259189,-0.044994,0.000331,-0.000681,0.049225,1.844798,1.040139,49.734886
-0.000022,0.000834,0.026711,-0.235914,-0.031938,0.000181,-0.000252,0.000249,1.844497,1.042807,49.735121
-0.000005,0.000586,0.027064,-0.229929,-0.110822,0.002251,-0.000285,0.015422,1.845713,1.043248,49.735121
-0.000326,0.000334,0.044391,-0.189929,-0.120812,0.001086,0.000039,0.000256,1.846139,1.043182,49.735121
-0.002889,0.000320,0.050691,-0.149929,-0.089311,-0.001161,-0.000216,0.012042,1.846771,1.043460,49.735121
-0.004276,-0.000005,0.072765,-0.138979,-0.072271,-0.000974,-0.001283,0.016001,1.846995,1.044246,49.735121
-0.003619,-0.001662,0.106452,-0.137867,-0.042242,-0.001641,0.001093,0.002940,1.846758,1.044148,49.735121
-0.001664,-0.000985,0.119929,-0.163273,0.019240,0.000064,-0.000498,0.015427,1.848752,1.044527,49.735121
0.000169,-0.001506,0.136117,-0.128698,-0.005574,0.000365,0.004718,-0.041539,1.849276,1.044753,49.735121
0.000239,0.003207,0.094736,-0.123296,-0.049324,0.000063,0.000134,0.004397,1.850421,1.045775,49.735121
-0.000011,0.003364,0.099653,-0.120356,-0.039324,0.000011,0.001500,-0.002457,1.851069,1.043711,49.735121
-0.000015,0.004886,0.097703,0.083951,-0.049324,0.000316,-0.002005,0.006891,1.851312,1.046922,49.735121
-0.000015,0.002927,0.105111,0.058570,-0.059324,-0.000007,0.002246,-0.051377,1.851977,1.046835,49.735121
-0.000012,0.005190,0.054296,0.098570,-0.097107,-0.000117,-0.000630,0.062804,1.853267,1.047579,49.735121
-0.001243,0.004814,0.117797,-1.594605,-0.107107,0.001611,0.002945,-0.069722,1.853303,1.047393,49.735121
-0.001182,0.007801,0.047078,-1.115999,-0.117107,0.001547,0.002617,-0.043537,1.853104,1.047931,49.735121
-0.002349,0.012107,-0.007611,-0.685931,-0.127107,0.002035,0.011014,-0.063715,1.854073,1.047888,49.735121
-0.003533,0.028162,-0.104843,0.451868,-0.289126,0.025478,-0.083785,0.467178,1.853146,1.049047,49.735121
-0.008567,0.017198,-0.082477,3.613034,-0.279126,-0.001077,-0.196201,1.827469,1.852062,1.052523,49.735121
-0.027787,-0.136273,0.972079,0.163956,-1.555053,0.095218,0.066103,-0.086022,1.853584,1.053931,49.735121
-0.085854,-0.233920,1.018873,0.129749,-1.322254,-0.016596,0.024530,-0.152373,1.852884,1.056665,49.735121
-0.234987,-0.365442,0.969163,0.089749,0.928167,-0.222902,0.208549,-0.956016,1.854224,1.062690,49.735121
-0.351138,-0.309354,0.130451,0.129749,0.367535,-0.182027,-0.031935,0.009835,1.857470,1.070850,49.735121
-0.492981,-0.169976,0.012363,0.089749,0.599737,-0.016339,0.004585,-0.013859,1.864206,1.074999,49.735121
-0.439189,-0.020797,-0.177136,0.049749,-0.837376,0.139575,0.068122,-1.305122,1.864771,1.076008,49.735121
-0.382241,0.067743,-1.302556,-4.227323,-14.233962,1.496743,0.027885,1.371467,1.865265,1.076763,49.673681
-0.494458,-0.011286,0.451184,-4.049162,-9.112703,0.840304,-0.093189,-2.399049,1.865268,1.076451,49.596753
-0.604838,-0.053852,-1.416892,-4.958108,-5.656280,-0.269262,0.009256,-0.012796,1.869370,1.086919,49.580164
-1.534827,-0.046216,-1.355651,-4.998108,-2.088231,-0.412906,-0.104907,1.416235,1.873854,1.106781,49.571942
-2.212251,-0.160147,0.038042,-5.508213,-0.449537,-0.203833,-0.059706,0.194368,1.879100,1.127208,49.547404
-2.479804,-0.108337,-0.235809,-5.468213,0.303173,-0.236716,-0.014991,-0.383196,1.884790,1.143287,49.529987
-2.693458,-0.037453,-0.982316,-5.508213,0.293173,-0.015640,-0.056414,1.390344,1.887745,1.159190,49.529987
-2.682530,-0.080275,0.813578,-5.018300,0.303173,0.022553,-0.020307,-0.332192,1.892218,1.169314,49.529987
-2.600498,-0.021007,-0.322866,-4.978300,0.313173,0.067507,-0.097953,0.134752,1.892515,1.169346,49.496829
-2.519397,-0.109367,-0.122282,2.353519,0.323173,-0.006160,-0.097922,2.979087,1.891808,1.175664,49.463671
-2.497106,-0.210482,1.045784,1.701369,0.663982,-0.020254,-0.040617,-0.536718,1.890929,1.178834,49.462452
-2.468705,-0.153158,-0.759599,1.661369,0.673982,0.005874,-0.021123,0.864861,1.888045,1.180480,49.461233
-2.408423,-0.161849,-1.124505,1.597523,0.663982,0.004499,0.015773,0.750284,1.886995,1.179824,49.461233
-2.350240,-0.144718,-1.544048,1.557523,0.673982,-0.000208,0.042359,0.620750,1.885274,1.178306,49.461233
-2.295618,-0.115571,-2.055426,1.445596,0.683982,-0.004038,0.054071,0.593831,1.884056,1.174939,49.461233
-2.243859,-0.087497,-2.488592,1.366869,1.002674,-0.039086,-2.199148,31.337869,1.873412,1.173944,49.461233
-2.191789,-2.327053,28.041418,1.802206,1.012674,1.137692,0.395871,-24.728245,1.861299,1.168133,49.461233
-1.797710,-0.398559,2.121189,1.842206,1.172327,0.015049,0.021894,-0.251506,1.860309,1.155558,49.531233
-1.693457,-0.256146,0.470972,1.774380,2.359774,-0.131665,0.014442,0.365038,1.859927,1.144168,49.671233
-1.595779,-0.173619,-0.500909,1.346323,2.043204,0.001679,0.019787,0.245305,1.859089,1.131369,49.741233
-1.399211,-0.087162,-1.189345,0.380596,2.033204,-0.014995,-0.469391,7.175066,1.852997,1.115822,49.684501
-1.193271,-0.501310,6.360534,0.340596,1.634483,0.010857,0.026195,-0.876548,1.871929,1.116683,49.633629
-1.040149,-0.238789,4.597660,0.300596,1.098710,0.009047,0.026023,-1.766368,1.845958,1.080161,49.639490
-0.897301,-0.106305,0.799133,0.260596,0.706892,0.015763,0.015444,0.375200,1.863281,1.076492,49.639490
-0.798307,0.015257,0.401955,0.220596,-0.159616,0.077813,-0.202223,2.623185,1.848107,1.041491,49.639490
-0.723556,-0.200678,2.655217,0.180596,1.707601,-0.169917,-0.114638,-0.621977,1.840497,1.029200,49.675229
-0.703494,-0.195920,0.974425,0.167036,0.096662,-0.471850,7.478923,-99.465630,1.851817,1.007424,49.721972
-1.165544,7.431904,-98.676570,-6.133994,6.751013,4.500298,12.725111,87.386385,1.759764,1.006738,49.627269
-1.416945,9.425467,-9.850736,-12.447373,-13.682580,4.351896,1.863322,8.357214,1.935212,0.940904,49.658714
-0.364704,10.555098,-1.289069,-8.516208,-18.687366,3.327458,0.707786,4.022891,2.028547,0.853163,49.587345
0.770608,11.203961,4.473472,-8.537167,-18.132317,-0.649117,-0.131492,-2.371832,2.071590,0.842824,49.505231
-0.672776,10.985828,3.838253,-8.521543,-20.452029,0.129532,-0.149656,-1.743073,2.087988,0.844705,49.416466
-1.803351,10.912566,3.828978,-8.509767,-20.432148,0.497541,-0.156230,-1.569939,2.096233,0.850370,49.319331
-2.604030,10.939865,3.980875,-8.510342,-20.153076,0.718541,-0.198265,-1.560263,2.103417,0.847009,49.203833
-3.130566,11.007629,4.142524,-8.526205,-16.166608,0.413173,-0.225180,-1.535413,2.107270,0.839144,49.093830
-3.462020,11.086632,4.341316,-8.542328,-13.265754,0.220585,-0.264323,-1.473545,2.109227,0.830971,48.981407
-3.595818,11.154668,4.612996,-8.560158,-13.228061,0.324187,-0.339224,-1.492638,2.111547,0.813638,48.858584
-3.549761,11.179467,4.879055,-8.583850,-13.190075,0.373058,-0.322238,-0.613943,2.106379,0.803123,48.743156
-3.383401,11.233424,6.041151,-20.605991,-11.946654,0.426906,-0.314127,0.444797,2.109603,0.779698,49.945339
-2.790342,11.315912,7.883736,-19.559560,-13.066920,0.758789,-0.307580,1.269595,2.149119,0.755309,51.423235
-1.626356,11.332674,9.615230,-9.015033,-12.981031,0.178664,-0.546416,-1.365077,2.137885,0.720459,53.401304
-0.490037,10.992406,10.216211,-22.309158,-13.194214,-0.157859,-0.114912,0.044627,2.086772,0.711036,54.716334
0.055198,10.900940,10.258709,-21.412199,-11.798592,-0.554375,0.119177,-0.684264,2.084017,0.701471,56.720549
0.640648,10.836140,11.644963,-11.750748,-8.147031,-0.372411,-0.110961,1.485916,2.068628,0.679146,58.027359
1.966186,10.240879,13.720602,-2.458750,-5.246576,-0.455396,-0.200955,-1.355689,2.044233,0.642280,58.131622
3.789536,9.068331,14.419474,12.126808,-4.417968,-0.284645,-0.092441,-0.126524,2.015716,0.599551,57.988006
5.591624,7.417229,16.464706,25.895475,-4.427968,-0.051746,0.042279,0.155465,1.975982,0.554437,57.573745
7.141507,5.141846,18.653951,27.739622,-4.396750,0.051413,0.226576,1.411622,1.924099,0.512604,56.486488
7.946218,2.331104,20.694988,21.471268,-3.218336,-0.118361,0.074651,0.090216,1.846971,0.478449,54.732190
7.563884,-0.883453,19.801025,22.529928,-1.958153,-0.789561,-0.178053,-0.316893,1.747161,0.478896,53.472555
5.623930,-3.637069,17.217327,20.576823,-7.162640,-0.064686,-0.087456,-1.003696,1.668265,0.532461,52.451391
3.269726,-5.125620,14.745848,20.321379,-3.594407,-0.883299,0.234778,-0.539705,1.629215,0.629066,50.767065
0.386107,-5.440572,13.027218,24.998652,0.142655,1.785405,0.378148,-16.408279,1.655197,0.669348,48.989534
0.796825,-4.912207,-3.507082,24.445272,1.084738,0.024317,0.124511,-0.586225,1.694354,0.747966,47.563655
1.316863,-4.576836,-4.611483,22.367478,0.154730,-0.337908,-0.042090,2.929599,1.713340,0.815672,47.004746
1.503949,-4.393420,-3.842258,24.460858,0.144730,-0.217647,-0.143280,-0.655787,1.724227,0.866623,47.004669
1.662958,-4.263925,-5.021956,27.379132,-1.630731,-0.131274,-0.104486,2.147080,1.730365,0.907977,47.004669
1.791853,-4.093259,-4.750623,21.808671,-1.640731,0.139426,0.082092,1.708376,1.679238,0.866588,46.950474
2.192142,-3.742731,-5.265970,20.707132,-1.630731,-0.647305,-0.591343,0.876310,1.740650,0.965620,46.489002
1.729761,-3.977271,-5.957570,20.667132,-1.620731,-0.316576,-0.287273,0.581056,1.743728,0.988215,45.501958
1.683665,-3.932783,-6.892286,21.074943,-5.387211,0.026336,-0.353228,1.055211,1.743856,1.013262,44.656259
1.673846,-3.964069,-7.699620,22.262991,-6.355920,-0.243608,-0.389117,0.969515,1.744430,1.035193,43.411872
1.424955,-4.016390,-8.931098,21.325790,-6.345920,0.044873,0.043088,-0.199658,1.711586,1.000464,42.147977
1.516740,-3.633388,-11.158764,21.285790,-6.355920,-0.280617,-1.124938,1.157177,1.741700,1.091201,41.862535
1.346819,-4.321061,-12.014688,20.780207,-6.345920,-0.049940,-0.604064,0.315531,1.735148,1.118874,41.862535
1.612654,-4.463511,-13.309903,19.153167,-6.335920,0.054183,-0.573816,-0.627680,1.729084,1.137854,41.862535
2.087444,-4.398761,-14.302681,19.113167,-6.325920,0.173426,-0.552414,-0.322926,1.723836,1.151589,41.862535
2.721767,-4.129255,-14.995811,18.880608,-6.315920,-0.044498,0.072432,-0.102980,1.704092,1.086659,41.743679
3.087491,-3.012183,-15.464445,18.840608,-6.305920,0.636836,-0.760587,1.025198,1.735671,1.134068,41.414334
3.804222,-2.629199,-14.874404,17.905863,-6.295920,0.235210,-0.222215,0.759893,1.751576,1.111627,40.902310
3.994605,-1.546518,-15.011253,17.142860,-6.239247,0.178457,-0.040035,0.987040,1.775808,1.082183,40.178510
3.818263,-0.340277,-14.820172,16.398845,-6.229247,-0.068765,0.060479,0.726144,1.766294,0.989417,39.168373
3.067219,0.592578,-13.420340,14.813554,-6.219247,-0.310640,0.093080,0.737879,1.867680,1.020512,37.965373
1.811999,1.228841,-11.879247,14.773554,-4.572556,-0.321871,-0.021870,0.354024,1.907607,1.016072,36.714478
0.639635,1.401016,-10.792255,14.161362,-4.208391,-0.331229,-0.050090,-0.179058,1.947222,1.025244,35.502093
-0.456701,1.338892,-10.116542,13.926540,-3.338425,-0.222691,-0.095900,0.608160,1.981143,1.044623,34.484582
-1.222290,1.007019,-8.556120,13.886540,-2.153014,-0.293256,-0.080652,0.517185,2.010015,1.069583,34.043691
-1.829719,0.605787,-7.129029,13.926540,-1.803182,-0.251934,-0.065882,0.414011,2.036581,1.096751,34.043691
-2.295901,0.193436,-5.678391,13.886540,-0.547924,-0.149728,-0.031846,0.039422,2.059228,1.121878,34.097607
-2.537551,-0.143555,-4.259641,13.846540,-0.412318,-0.016790,-0.011246,-0.037426,2.082445,1.142381,34.151524
-2.603227,-0.300152,-5.037358,13.806540,-0.066559,-0.052074,-0.019405,0.019338,2.105323,1.159478,34.151524
-2.641279,-0.502192,-5.853722,12.971935,-0.220575,-0.007558,-0.057909,-0.410835,2.143452,1.186479,34.151524
-2.595324,-0.743301,-6.539722,12.916013,-0.128533,-0.033323,0.009672,0.080969,2.148233,1.182280,34.151524
-2.521390,-0.940930,-6.713607,12.876013,-0.118533,-0.030902,-0.003038,0.057226,2.168871,1.189542,34.151524
-2.413485,-1.147071,-6.899199,12.836013,-0.128533,-0.035230,-0.001345,0.049078,2.189449,1.194561,34.151524
-2.278615,-1.342425,-7.082100,12.091971,-0.118533,-0.061989,0.006460,0.161579,2.207714,1.197249,34.151524
-2.101875,-1.519236,-7.222581,12.766267,-0.108533,-0.038541,0.003226,0.099909,2.224352,1.198303,34.151524
-1.908645,-1.673699,-7.339335,12.726267,-0.061814,-0.018783,-0.008212,0.068564,2.263664,1.221294,34.151524
-1.665961,-1.812626,-7.480503,12.766267,-0.071814,-0.069549,0.008307,0.147146,2.253718,1.196258,34.151524
-1.455825,-1.902194,-7.549660,12.726267,-0.081814,-0.055549,-0.004381,0.133940,2.266252,1.193274,34.151524
-1.218430,-1.972857,-7.625188,12.686267,-0.091814,-0.026145,-0.008243,0.083104,2.304290,1.214307,34.151524
-0.941201,-2.011302,-7.745758,12.646267,-0.101814,-0.079565,-0.019062,0.165765,2.291127,1.188345,34.151524
-0.710466,-2.018244,-7.777744,12.686267,-0.111814,-0.057186,-0.025612,0.140744,2.299204,1.184259,34.151524
-0.461753,-1.993512,-7.827497,12.646267,-0.298071,0.146686,-0.495033,1.168176,2.306296,1.190235,34.151524
-0.023066,-2.560635,-6.673934,12.606267,-0.811353,0.287656,-0.687302,2.623000,2.319767,1.212128,34.151524
0.502893,-3.104354,-4.165241,12.566267,-0.821353,0.031718,-0.213292,0.802537,2.371878,1.259368,34.178232
0.694653,-3.123369,-3.653371,12.526267,-0.831353,-0.003879,-0.109837,0.401392,2.382110,1.262134,34.204939
0.821950,-3.030737,-3.548212,12.486267,-0.662549,-0.012976,0.019479,-0.056070,2.388645,1.254981,34.204939
0.946170,-2.800689,-3.906722,12.133204,-0.652549,-0.025270,-0.013781,0.130320,2.352070,1.204389,34.204939
1.080153,-2.589773,-4.171143,12.093204,-0.662549,-0.021913,-0.078621,0.235601,2.400709,1.235911,34.204939
1.213875,-2.425495,-4.357495,11.996956,-0.672549,-0.004602,0.027130,-0.007243,2.364640,1.182903,34.204939
1.360681,-2.142383,-4.838294,11.720452,-0.662549,-0.036667,-0.063722,0.380957,2.410436,1.208398,34.204939
1.482750,-1.926610,-5.123351,11.760452,-0.545310,-0.043480,-0.063995,0.300123,2.373642,1.154573,34.204939
1.594287,-1.686876,-5.480014,11.720452,-0.555310,-0.011623,-0.072515,0.182775,2.415850,1.176703,34.204939
1.721213,-1.431162,-6.009441,11.483214,-0.515048,-0.025313,-0.107878,0.376122,2.383086,1.123632,34.204939
1.828862,-1.180083,-6.577915,11.365610,-0.505048,-0.000762,-0.116045,0.336156,2.421640,1.144179,34.204939
1.941475,-0.900995,-7.348822,11.325610,-0.140000,-0.014351,-0.216661,0.410324,2.389043,1.091062,34.204939
2.045602,-0.677726,-8.051133,10.751465,-0.150000,0.005814,-0.107839,0.239189,2.390173,1.077098,34.204939
2.141662,-0.378276,-8.782377,10.552830,-0.140000,-0.097447,0.101376,1.187104,2.378429,1.070966,34.204939
2.088804,0.024402,-7.248052,10.153548,-0.140000,-0.174825,0.083658,2.205640,2.366006,1.063702,34.204939
1.896145,0.246631,-4.288912,9.986787,-0.074198,-0.067833,0.006263,1.162770,2.360465,1.051650,34.204939
1.806655,0.247196,-2.446387,9.516558,-0.064198,0.010118,0.000814,0.215715,2.356468,1.040250,34.204939
1.784533,0.166582,-1.733190,9.088791,-0.054198,0.017504,-0.003178,0.126744,2.382247,1.055293,34.204939
1.754563,0.074109,-1.251087,8.765504,-0.044198,-0.002398,-0.006653,-0.098236,2.355189,1.015230,34.204939
1.694071,0.006880,-1.301546,8.725504,-0.034198,-0.005612,-0.001799,-0.019486,2.357927,1.003736,34.204939
1.631699,-0.023256,-1.585448,8.134044,-0.024198,0.012216,-0.014663,-0.431165,2.358524,0.992400,34.204939
1.572573,-0.034479,-1.873673,7.874522,-0.034198,0.001005,-0.007500,-0.218156,2.357474,0.981231,34.204939
1.499988,-0.025125,-1.661366,7.440767,-0.044198,-0.000197,-0.009607,-0.292980,2.381795,0.994636,34.204939
1.429571,-0.009804,-1.115712,7.120081,-0.034198,-0.013240,-0.010119,-0.266505,2.355851,0.961698,34.204939
1.356704,0.006089,-0.369410,6.625589,-0.024198,-0.033637,-0.019325,-0.520550,2.353982,0.956086,34.204939
1.286498,0.016576,0.239370,6.150105,-0.014198,-0.042276,-0.012703,-0.392650,2.353470,0.949769,34.204939
1.234499,0.033268,0.877835,5.615837,-0.004198,-0.024814,0.005318,0.141507,2.352697,0.945118,34.204939
1.227846,0.055147,1.724412,5.252705,0.005802,-0.012675,0.004787,0.134012,2.351368,0.941782,34.204939
1.248263,0.058981,2.125845,5.201306,0.015802,-0.003069,0.001699,0.042047,2.368993,0.956529,34.204939
1.280993,0.057613,2.268566,5.161306,0.005802,-0.007991,0.002686,0.053556,2.350817,0.938242,34.204939
1.308516,0.056117,2.325116,5.121306,-0.000000,-0.002752,0.004420,0.115191,2.368340,0.954625,34.204939
1.341125,0.054902,2.376058,5.081306,-0.010000,-0.002646,0.005600,0.142011,2.368120,0.955102,34.204939
1.373321,0.052870,2.389801,5.041306,-0.020000,-0.000860,0.006702,0.174101,2.368343,0.955893,34.204939
1.406497,0.050244,2.379837,5.001306,-0.030000,0.001879,0.007912,0.207426,2.353171,0.942650,34.204939
1.441547,0.047311,2.351466,4.961306,-0.040000,0.002796,0.004548,0.146230,2.352897,0.945792,34.204939
1.476560,0.039533,2.214152,4.921306,-0.050000,0.001059,0.001250,0.033969,2.372205,0.965139,34.204939
1.508411,0.029682,1.926117,4.881306,-0.060000,0.003900,0.000812,0.025615,2.370561,0.964843,34.274939
1.541674,0.022023,1.628869,4.841306,-0.116794,0.007215,0.001063,0.028220,2.371052,0.965903,34.414939
1.572001,0.016355,1.349674,4.801306,-0.173214,0.012382,0.002213,0.060405,2.351110,0.949392,34.554939
1.601292,0.012822,1.125048,4.761306,-0.202055,0.009026,0.002160,0.074674,2.351836,0.950811,34.694939
1.623953,0.009198,0.931233,4.801306,-0.212055,0.000210,-0.000902,-0.028563,2.373383,0.970359,34.834939
1.636288,0.005693,0.720724,5.377524,-0.222055,0.009790,-0.018726,-0.531059,2.353937,0.952838,34.974939
1.645766,0.005375,0.593206,5.337524,-0.080920,-0.004946,-0.010916,-0.356727,2.354095,0.953860,35.114939
1.656393,0.011708,0.651007,5.377524,-0.070920,-0.000558,-0.000616,-0.020503,2.375637,0.974303,35.254939
1.671150,0.025657,1.094568,5.337524,-0.060920,-0.003557,0.000756,0.020425,2.375801,0.974434,35.394939
1.685441,0.030967,1.475159,5.297524,-0.050920,-0.003357,0.000711,0.017928,2.374571,0.975109,35.534939
1.702308,0.030812,1.720597,5.117395,-0.040920,-0.005819,0.002932,0.088481,2.356258,0.957202,36.255228
1.722123,0.025933,1.793891,4.869506,0.311240,-0.026237,0.004929,0.141355,2.356393,0.960000,38.186908
1.761446,0.015470,1.630958,4.469344,0.448155,-0.009589,0.007365,0.248607,2.356925,0.962099,40.539478
1.829986,-0.001622,1.170615,4.509344,0.458155,-0.002294,-0.000715,-0.030790,2.358745,0.964875,41.680657
1.906170,-0.015417,0.531788,4.506896,0.637227,-0.021008,0.000219,0.002328,2.360139,0.968109,41.820657
1.981223,-0.017837,0.064676,4.546896,0.647227,-0.015459,-0.000540,-0.020441,2.362349,0.972437,41.960657
2.062240,-0.014945,-0.239423,4.506896,0.657227,-0.004470,0.000586,0.028905,2.363685,0.977794,42.100657
2.153772,-0.010583,-0.415095,4.546896,0.667227,-0.004874,-0.000634,-0.019732,2.364068,0.984053,42.240657
2.244879,-0.005735,-0.518265,4.506896,0.677227,-0.004455,0.001107,0.043166,2.364729,0.991669,42.380657
2.335593,-0.000466,-0.540124,4.522190,0.687227,-0.005504,0.000623,0.028631,2.363165,0.998637,42.468580
2.424853,0.003611,-0.529470,4.482190,0.697227,-0.005332,0.001691,0.064997,2.364653,1.009344,42.487558
2.513215,0.006561,-0.506904,4.442190,0.707227,-0.005925,0.002685,0.102840,2.364561,1.020688,42.499684
2.600154,0.008687,-0.480393,4.402190,0.717227,-0.006273,0.003758,0.143600,2.360655,1.030710,42.522884
2.685392,0.010367,-0.451572,4.362190,0.727227,-0.004534,0.001274,0.093570,2.360888,1.044239,42.535012
2.771240,0.008177,-0.513895,4.322190,0.737227,-0.002839,0.000816,0.039921,2.361415,1.058275,42.535012
2.857338,0.008259,-0.659241,4.282190,0.747227,-0.003050,0.001683,0.076587,2.358529,1.073343,42.535012
2.941716,0.013461,-0.762114,4.071584,0.757227,0.001410,0.006101,0.255101,2.354862,1.088552,42.535012
3.024094,0.020681,-0.817575,4.031584,0.767227,0.000534,0.002860,0.201734,2.351048,1.105371,42.543973
3.103502,0.024235,-0.915252,3.728893,0.777227,0.004448,0.001583,0.135446,2.344713,1.122102,42.552934
3.174166,0.025048,-1.245785,3.688893,0.787227,-0.001799,-0.000104,0.020756,2.338485,1.139298,42.552934
3.235935,0.036855,-1.620068,3.648893,0.797227,-0.001117,0.000156,0.028834,2.330726,1.156486,42.552934
3.295340,0.059879,-1.867125,3.417552,0.807227,0.009390,0.002254,0.118873,2.321714,1.173941,42.577928
3.352336,0.086689,-1.981710,3.377552,0.797227,0.013126,0.002562,0.133151,2.311670,1.190543,42.602922
3.407500,0.112047,-1.988649,3.337552,0.166772,0.049528,0.002142,0.089726,2.301062,1.205876,42.672922
3.431587,0.130132,-1.975812,2.485683,0.156772,0.031389,-0.000622,-0.112325,2.286028,1.221827,42.812922
3.391089,0.143057,-1.947340,3.022242,0.166772,-0.028455,0.002927,0.202515,2.270563,1.236383,42.952922
3.319633,0.149165,-1.764679,2.982242,0.156772,-0.025019,0.003132,0.198639,2.257161,1.248079,43.092922
3.250547,0.141632,-1.592283,2.942242,-0.529700,0.034929,0.002842,0.142579,2.241380,1.257024,43.232922
3.172311,0.123546,-1.511510,2.902242,-0.519700,0.000965,-0.000354,0.002630,2.230414,1.259976,43.372922
3.061177,0.101297,-1.624117,2.862242,-0.509700,0.002137,-0.000264,0.000197,2.213381,1.267196,43.512922
2.952533,0.086138,-1.761416,2.822242,-0.499700,0.001119,-0.000304,0.003686,2.198259,1.272441,43.896128
2.843800,0.076248,-1.890297,2.782242,-0.489700,0.001216,-0.000246,0.005320,2.187135,1.274902,45.130867
2.736140,0.069179,-1.996275,2.742242,-0.479700,0.000987,-0.000295,0.002228,2.175599,1.276415,46.122400
2.629139,0.062746,-2.078871,2.702242,-0.469700,0.000950,-0.000297,0.001346,2.166316,1.276225,46.620463
2.522943,0.055794,-2.137974,2.662242,-0.479700,0.002382,-0.000219,-0.000167,2.159421,1.275506,47.118527
2.417023,0.047728,-2.180375,2.622242,-0.469700,0.000629,-0.000245,-0.001241,2.153678,1.273502,47.258527
2.310316,0.038426,-2.213168,2.582242,-0.459700,0.000752,-0.000239,-0.002178,2.149190,1.271602,47.398527
2.204707,0.028145,-2.243076,2.542242,-0.449700,0.001263,-0.000573,-0.010945,2.145596,1.269133,47.468527
2.100640,0.017046,-2.283193,2.502242,-0.437886,0.001206,-0.000553,-0.016943,2.145225,1.266717,47.501292
1.997716,0.006230,-2.332735,2.462242,-0.427886,0.001023,-0.000222,-0.004308,2.144855,1.264220,47.534057
1.895584,-0.003793,-2.370639,2.422242,-0.417886,0.001163,-0.000222,-0.005209,2.144491,1.261172,47.534057
1.794425,-0.013695,-2.411627,2.368063,-0.427886,0.003906,-0.000998,-0.026325,2.146958,1.258681,47.534057
1.694628,-0.023745,-2.465692,2.291632,-0.437886,0.005024,-0.000968,-0.038577,2.149982,1.255944,47.534057
1.592874,-0.032193,-2.504849,2.251632,-0.427886,0.001218,-0.000179,-0.004620,2.153132,1.252350,47.534057
1.488716,-0.039854,-2.507286,2.211632,-0.417886,0.001268,-0.000161,-0.004721,2.157623,1.248544,47.534057
1.385259,-0.047906,-2.516815,2.171632,-0.407886,0.001017,-0.000172,-0.004944,2.163715,1.244818,47.534057
1.282710,-0.055723,-2.536379,2.131632,-0.397350,0.001293,-0.000152,-0.004577,2.171060,1.240926,47.534057
1.181569,-0.063046,-2.563726,2.091632,-0.387350,0.000979,-0.000307,-0.008846,2.177524,1.236467,47.534057
1.081070,-0.070013,-2.600803,2.051632,-0.377350,0.001130,-0.000160,-0.004854,2.184384,1.231814,47.534057
0.981791,-0.076305,-2.636586,2.011632,-0.367350,0.001345,-0.000151,-0.004905,2.192277,1.226748,47.534057
0.883700,-0.082155,-2.674103,1.971632,-0.357350,0.001137,-0.000301,-0.008829,2.200324,1.220991,47.534057
0.786456,-0.087710,-2.716573,1.931632,-0.347350,0.001430,-0.000144,-0.004745,2.210341,1.215339,47.534057
0.690573,-0.092646,-2.755321,1.891632,-0.337350,0.001230,-0.000206,-0.006323,2.219442,1.208788,47.534057
0.595598,-0.097220,-2.796058,1.851632,-0.327350,0.001285,-0.000163,-0.005105,2.229783,1.201831,47.534057
0.501851,-0.101317,-2.835947,1.811632,-0.317350,0.001172,-0.000183,-0.005514,2.240531,1.194141,47.534057
0.409235,-0.105009,-2.876727,1.771632,-0.307350,0.001046,-0.000249,-0.007128,2.250653,1.185353,47.534057
0.317762,-0.108350,-2.919748,1.731632,-0.297350,0.001135,-0.000176,-0.005077,2.261034,1.176161,47.534057
0.227758,-0.111214,-2.961569,1.691632,-0.287350,0.001318,-0.000170,-0.004653,2.271476,1.165961,47.526343
0.134160,-0.114170,-3.019776,1.651632,-0.277350,0.001200,-0.000252,-0.006784,2.283016,1.154850,47.518628
0.035230,-0.117281,-3.094054,1.611632,-0.267350,-0.000191,0.000029,0.004470,2.292686,1.142782,47.518628
-0.002616,-0.117675,-3.100485,1.571632,-0.257350,-0.000520,0.001822,0.039352,2.299962,1.130399,47.517541
-0.002942,-0.115982,-3.061142,1.531632,-0.247350,-0.000089,0.001022,0.021869,2.307030,1.118316,47.502728
-0.002325,-0.115497,-3.047799,1.491632,-0.237350,-0.000036,0.000282,0.013394,2.315112,1.106365,47.489003
-0.002044,-0.116074,-3.048827,1.451632,-0.227350,-0.000230,0.000082,0.015431,2.322963,1.094100,47.489003
-0.001990,-0.117162,-3.051291,1.411632,-0.217350,-0.000455,0.000036,0.019136,2.330023,1.081380,47.489003
-0.001964,-0.118584,-3.051936,1.371632,-0.207350,-0.000674,0.000224,0.017170,2.336038,1.067958,47.489003
-0.001932,-0.120041,-3.054971,1.331632,-0.197350,-0.000883,-0.000005,0.019161,2.341453,1.054381,47.489003
-0.001888,-0.121822,-3.055679,1.291632,-0.187350,-0.001109,-0.002266,0.045665,2.347410,1.040512,47.481606
-0.001859,-0.125863,-3.028216,1.251632,-0.177350,-0.000105,-0.002457,0.032002,2.351697,1.025990,47.474210
-0.000583,-0.130122,-3.009318,1.211632,-0.167350,-0.000019,-0.000567,0.003273,2.354811,1.011260,47.474210
-0.000213,-0.131477,-3.010524,1.171632,-0.157350,0.000017,-0.000352,0.004471,2.356953,0.996333,47.464319
-0.000022,-0.132185,-3.008172,1.131632,-0.147350,-0.000029,0.000635,-0.003851,2.359218,0.981328,47.454429
-0.000066,-0.131895,-3.014194,1.091632,-0.120000,0.000255,-0.003528,0.046826,2.360250,0.966267,47.454429
-0.000058,-0.135745,-2.969662,1.051632,-0.101675,0.000216,-0.000531,0.009267,2.360239,0.951092,47.454429
-0.000009,-0.136531,-2.961847,1.011632,-0.050000,-0.000179,-0.013060,0.164467,2.360529,0.935794,47.454429
0.000010,-0.149313,-2.795739,0.971632,-0.040000,-0.000138,-0.012498,0.162819,2.359087,0.921300,47.450969
0.000066,-0.161305,-2.631928,0.931632,-0.025925,-0.000310,-0.012297,0.159108,2.357479,0.907871,47.445610
0.000034,-0.172673,-2.472963,0.891632,0.025795,-0.000056,-0.013585,0.164405,2.356639,0.895936,47.443711
0.000425,-0.183225,-2.312700,0.851632,0.035795,-0.000306,-0.012956,0.150887,2.355460,0.885789,47.443711
0.000456,-0.190022,-2.174904,0.811632,0.146524,-0.001038,-0.028491,0.155086,2.353978,0.877598,47.443711
0.003031,-0.190465,-2.073426,0.771632,0.156524,-0.000149,-0.008515,0.078928,2.353963,0.872457,47.443711
0.004399,-0.161951,-2.055738,0.731632,0.437776,-0.006133,-0.030860,-0.102132,2.355225,0.871359,47.443711
0.011253,-0.122631,-2.021954,0.590940,0.447776,-0.004173,-0.004528,-0.053224,2.352818,0.868220,47.443711
0.019647,-0.061928,-1.526880,0.550940,0.457776,-0.003592,-0.001358,-0.036827,2.351670,0.868832,47.443711
0.030572,-0.023189,-0.707452,0.510940,0.467776,0.000355,0.000303,0.010376,2.351001,0.870696,47.443711
0.057460,-0.003235,-0.112808,0.470940,0.477776,-0.000175,0.000001,0.000053,2.350329,0.872538,47.443711
0.097062,-0.000114,-0.004134,0.326565,0.487776,-0.000237,-0.000000,-0.000001,2.350820,0.876789,47.443711
0.139905,-0.000001,-0.000035,0.286565,0.564697,-0.005263,0.000000,0.000004,2.352187,0.881498,47.443711
0.185949,0.000000,0.000003,0.246565,0.574697,-0.001680,0.000280,0.010646,2.353510,0.887281,47.443711
0.229592,0.022469,0.586436,0.206565,0.584697,-0.002360,0.004405,0.116155,2.353515,0.894085,47.443711
0.280078,0.027809,0.737527,0.166565,0.594697,-0.001684,0.002205,0.078172,2.354696,0.901937,47.443711
0.333535,0.024498,0.676770,0.107424,0.604697,-0.000797,0.002406,0.082806,2.355922,0.910610,47.443711
0.388672,0.019115,0.539228,0.048602,0.614697,-0.000475,0.003270,0.109179,2.357600,0.920599,47.443711
0.444547,0.012248,0.364249,0.008602,0.604697,0.001223,0.002401,0.080321,2.358828,0.931230,47.443711
0.500143,0.004864,0.162085,-0.031398,0.387302,0.023749,0.007432,0.196414,2.360766,0.943005,47.443711
0.554241,0.002109,0.065245,-0.071398,0.352724,0.005552,0.007087,0.191931,2.362035,0.955227,47.443711
0.585152,-0.006568,-0.162765,-0.111398,-0.203886,0.064682,0.014484,0.383906,2.364773,0.967997,47.443711
0.614626,-0.007515,-0.207251,-0.071398,-0.213886,0.055427,0.004991,0.146225,2.367034,0.981329,47.443711
0.635266,-0.010059,-0.267070,-0.068868,-0.583780,0.031062,-0.000705,-0.020886,2.369927,0.994117,47.443711
0.592162,-0.015398,-0.429555,-0.108044,-0.569381,-0.000497,0.003127,0.100972,2.372691,1.005616,47.443711
0.518720,-0.018772,-0.506226,-0.068044,-0.494097,-0.005524,-0.001867,-0.064744,2.374774,1.014698,47.443711
0.449943,-0.015052,-0.438474,-0.028044,-0.504097,0.000286,-0.001966,-0.066649,2.374217,1.021241,47.443711
0.386034,-0.007146,-0.218573,0.011956,-0.514097,0.001097,-0.005255,-0.140030,2.374026,1.025307,47.443711
0.321492,-0.003962,-0.109857,-0.028044,-0.524097,0.001519,-0.000015,-0.000408,2.373278,1.026785,47.404752
0.256591,-0.003145,-0.085140,-0.068044,-0.681360,0.016351,-0.000044,0.001528,2.372649,1.026320,47.365793
0.189824,-0.000939,-0.031258,-0.108044,-0.492529,-0.002687,-0.000000,-0.000001,2.371312,1.024090,47.365793
0.124419,-0.000003,-0.000128,-0.068044,-0.696683,0.021653,-0.000000,-0.000001,2.371226,1.020503,47.377471
0.061190,-0.000000,-0.000004,-0.028044,0.135802,-0.067720,0.000001,0.000008,2.370722,1.015547,47.389149
-0.001333,0.000001,0.000008,-0.018240,-0.217982,-0.029971,0.000138,-0.000742,2.368686,1.010054,47.389149
-0.045516,0.000139,-0.000733,0.021760,0.009211,-0.033609,0.244759,-0.250030,2.365066,1.005418,47.389149
-0.068783,0.253299,-0.324230,0.061760,0.019211,-0.000048,-0.110981,0.276774,2.362836,1.000502,47.389149
-0.064204,0.312081,-0.143390,0.021760,0.037829,-0.002150,-0.056366,0.137201,2.358678,0.996847,47.389149
-0.055969,0.427134,-0.103940,-0.018240,0.047829,-0.004474,0.015078,-0.051040,2.353529,0.995670,47.389149
-0.046214,0.616405,-0.257159,0.021760,0.135438,-0.009436,-0.033380,0.074052,2.350376,0.994419,47.389149
-0.037596,0.760767,-0.303183,0.061760,0.145438,-0.006280,-0.040252,0.098637,2.345468,0.993443,47.389149
-0.029482,0.900070,-0.351654,0.101760,0.135438,-0.001731,-0.048111,0.100339,2.342109,0.994012,47.389149
-0.023048,1.032072,-0.433587,0.141760,0.125438,0.000935,-0.042098,0.089151,2.339175,0.995674,47.389149
-0.021184,1.169322,-0.558750,0.101760,0.272634,-0.017453,-0.015079,0.374250,2.335253,0.996881,47.389581
-0.023280,1.309868,-0.526121,0.141760,0.262634,-0.009265,-0.020468,0.274207,2.330303,0.999591,47.390012
-0.022271,1.463124,-0.531152,0.181760,0.272634,-0.006683,-0.019684,0.157908,2.324739,1.003113,47.393666
-0.022641,1.619523,-0.642493,1.379036,-1.426769,0.230651,0.059744,0.919265,2.321430,1.007669,47.342506
-0.039375,1.782587,-0.796611,0.714173,-1.483999,0.196267,0.041111,0.368273,2.317927,1.012361,47.357693
-0.072766,1.961506,-0.836194,-0.474248,-0.593987,0.045625,0.029950,0.235337,2.310444,1.016164,47.333713
-0.092834,2.139822,-0.850387,-0.514248,1.547288,-0.151289,0.134827,-0.160841,2.305293,1.018635,47.309734
-0.112207,2.291721,-1.019908,-0.474248,0.952399,0.045161,-0.114355,0.241904,2.300397,1.023530,47.379734
0.021890,2.334848,-1.028659,-0.082583,0.669208,0.010706,-0.026551,0.128430,2.300778,1.027237,47.379734
0.047125,2.129378,-0.751451,-0.122583,0.004017,0.073794,-0.029047,0.005425,2.306060,1.030824,47.379734
0.077016,1.937859,-0.519844,-0.082583,0.014017,0.007127,-0.025005,0.026548,2.310989,1.032307,47.411618
0.053280,1.746705,-0.386406,-0.100000,-0.163138,0.026483,-0.021741,-0.067263,2.314128,1.032230,47.382567
0.035263,1.551850,-0.269029,-0.140000,0.202722,-0.018364,-0.031356,0.057697,2.322295,1.029184,47.391632
0.013398,1.342651,-0.077761,-0.100000,0.192722,-0.014338,0.037265,0.138057,2.327231,1.028759,47.349121
0.005944,1.206864,0.351552,-0.140000,-0.509343,0.046970,-0.354076,0.544123,2.331885,1.028672,47.306610
0.017848,0.978255,0.672855,-0.100000,0.072045,-0.041515,0.432181,-0.765910,2.333190,1.029061,47.376610
-0.018090,1.231553,0.138581,-0.120806,0.062045,-0.000243,-0.130494,0.158003,2.334846,1.030070,47.376610
0.000023,1.199003,0.031897,-0.128797,0.051600,0.000107,-0.042199,0.151140,2.333641,1.031817,47.395752
0.000110,1.153945,0.195245,-0.088797,0.501418,-0.035714,0.119047,-0.109082,2.335199,1.033237,47.414893
0.010813,1.115924,0.298315,-0.058913,0.511418,-0.000084,-0.072961,0.095275,2.339910,1.033041,47.414893
0.060734,0.868302,0.553165,-0.098913,-0.150031,0.058919,0.005950,-0.058498,2.344539,1.034079,47.414893
0.096544,0.701395,0.604727,0.970862,-0.140031,-0.057826,-0.012726,-0.526082,2.349290,1.034393,47.412593
0.077304,0.556279,0.710544,0.998770,-0.195378,-0.003170,0.018388,-0.130256,2.353595,1.035850,47.410292
0.107897,0.440591,1.250200,0.958770,-1.139987,0.060035,0.053439,-0.167831,2.355051,1.036785,47.410292
0.101714,0.351891,1.740495,0.940000,0.126760,-0.106290,0.054396,-0.171720,2.356489,1.036416,47.410292
0.061891,0.265255,2.212849,0.900000,-0.263287,0.024090,0.135753,-0.380935,2.356119,1.036214,47.410292
0.110712,0.252301,2.441541,0.860000,-0.430547,0.021148,0.202534,-0.592542,2.353720,1.037755,47.369253
0.134339,0.314191,2.317148,0.815707,-0.440547,0.015469,0.198552,-0.740173,2.353186,1.039530,47.364267
0.150748,0.361224,2.152497,0.740000,-0.450547,0.018428,0.165806,-0.569820,2.352388,1.040906,47.404160
0.166404,0.376531,2.056366,0.700000,-0.443508,0.017416,0.133009,-0.429643,2.352776,1.040618,47.408000
0.179702,0.357689,2.064151,0.645559,0.021312,-0.037239,0.129491,-0.389427,2.353846,1.040371,47.408000
0.187729,0.326144,2.018985,0.605559,0.423898,-0.062907,0.111244,-0.305028,2.355060,1.039046,47.408000
0.210730,0.268860,2.031334,-0.077363,0.443764,0.052172,0.108193,-0.400209,2.356436,1.038733,47.408000
0.303752,0.203021,1.827691,-0.117363,0.433764,0.019699,0.039831,0.322310,2.358304,1.038991,47.408000
0.356662,0.095352,1.859611,-0.157363,1.549529,-0.138807,-0.011736,-0.370884,2.365010,1.036507,47.408000
0.364341,0.003323,0.191816,-0.197363,1.246067,-0.087868,0.013616,0.338234,2.368850,1.036129,47.408000
0.390926,-0.017210,-0.452450,-0.157363,0.660325,-0.016689,0.003654,0.111692,2.371115,1.037136,47.408000
0.432841,-0.023012,-0.607036,-0.197363,0.269574,0.042692,0.005209,0.135771,2.372923,1.039004,47.408000
0.490961,-0.029013,-0.791311,-0.237363,0.056742,0.040974,0.003531,0.121490,2.374851,1.041235,47.408000
0.522536,-0.040566,-1.080554,-0.277363,0.000000,0.004568,0.007124,0.186791,2.374822,1.042360,47.408000
0.510725,-0.047194,-1.305591,-0.317363,0.010000,0.002197,0.007638,0.230873,2.375544,1.043424,47.408000
0.496938,-0.053951,-1.462370,-0.277363,0.353533,-0.039203,-0.001632,-0.049203,2.376873,1.043727,47.408000
0.483506,-0.057954,-1.615610,-0.317363,0.343533,-0.005617,0.006170,0.177690,2.377007,1.044162,47.408000
0.501742,-0.056937,-1.570792,-0.300000,0.333533,-0.009879,-0.001555,-0.039938,2.377065,1.044514,47.408000
0.514793,-0.062774,-1.742733,-0.300000,1.104635,-0.090641,0.004990,0.153866,2.377583,1.045213,47.408000
0.529179,-0.062165,-1.737665,-0.340000,1.094635,-0.083594,0.011811,0.336477,2.377806,1.045893,47.379283
0.544963,-0.063846,-1.782628,-0.380000,0.663315,-0.035734,0.012821,0.374651,2.379371,1.043493,47.378365
0.559091,-0.069353,-1.912519,-0.331814,0.850000,-0.028297,-0.004111,-0.111548,2.378217,1.048217,47.406165
0.606457,-0.080446,-2.271993,-0.371814,0.860000,-0.011002,0.004851,0.156004,2.378138,1.049578,47.406165
0.669881,-0.085035,-2.420550,-0.331814,0.870000,-0.016596,-0.001931,-0.051391,2.378531,1.051821,47.406165
0.731886,-0.088628,-2.608319,-0.351551,0.880000,-0.014091,0.005007,0.151215,2.378542,1.053997,47.406165
0.794503,-0.090017,-2.701482,-0.312003,0.890000,-0.015290,-0.000652,-0.005201,2.378277,1.056977,47.406165
0.859561,-0.090094,-2.788104,-0.311938,0.900000,-0.014986,0.000586,0.039927,2.379117,1.060276,47.406165
0.924201,-0.090936,-2.884550,-0.300000,0.910000,-0.015763,-0.000400,0.011391,2.378844,1.063407,47.406165
0.988896,-0.090800,-2.981595,-0.306285,0.920000,-0.013185,0.000671,0.048250,2.379012,1.066536,47.406165
1.054956,-0.091783,-3.109571,-0.292023,0.930000,-0.013901,-0.000990,-0.003649,2.379089,1.070186,47.406165
1.121706,-0.090615,-3.219860,-0.300000,0.920000,-0.010653,0.000476,0.045476,2.378926,1.074588,47.406165
1.188204,-0.089922,-3.337602,-0.300000,0.930000,-0.015448,-0.000391,0.031821,2.382654,1.070823,47.406165
1.249568,-0.089187,-3.473534,-0.300000,0.920000,-0.010773,-0.000428,0.022074,2.382969,1.073822,47.406165
1.313367,-0.087043,-3.604698,-0.291248,0.930000,-0.011896,-0.001148,0.002490,2.383094,1.076519,47.406165
1.376714,-0.082704,-3.698070,-0.297275,0.920000,-0.006765,-0.000152,0.025551,2.377509,1.089360,47.406165
1.441670,-0.078115,-3.792779,-0.283769,0.910000,-0.011687,-0.001702,-0.006963,2.384350,1.083066,47.406165
1.500489,-0.071760,-3.851297,-0.280268,0.900000,-0.008313,-0.001026,0.006555,2.384370,1.086204,47.406165
1.560170,-0.064189,-3.880624,-0.267173,0.890000,-0.007988,-0.001538,-0.013268,2.384551,1.089397,47.406165
1.618442,-0.055408,-3.879475,-0.279962,0.880000,-0.006110,-0.000273,0.032419,2.384605,1.092367,47.406165
1.674010,-0.048253,-3.899554,-0.259236,0.870000,-0.006787,-0.001800,-0.028228,2.384665,1.095273,47.408503
1.728295,-0.039241,-3.903759,-0.263378,0.860000,-0.004851,-0.000598,0.014016,2.384991,1.098270,47.410840
1.781002,-0.030087,-3.888413,-0.247456,0.850000,-0.005166,-0.001396,-0.020264,2.385084,1.101143,47.412767
1.832042,-0.020220,-3.857365,-0.249909,0.840000,-0.003682,-0.000559,0.009196,2.385059,1.103999,47.414695
1.881308,-0.010936,-3.818614,-0.236871,0.830000,-0.003947,-0.001088,-0.015515,2.385265,1.106624,47.416204
1.928804,-0.001483,-3.771708,-0.236584,0.820000,-0.002892,-0.000542,0.003562,2.385487,1.109182,47.417713
1.974539,0.007372,-3.719163,-0.225554,0.810000,-0.002889,-0.000832,-0.012946,2.385231,1.111956,47.418337
2.018652,0.016113,-3.660593,-0.226166,0.800000,-0.002135,-0.000376,0.004361,2.385471,1.114259,47.418960
2.060879,0.023973,-3.602230,-0.213392,0.790000,-0.002376,-0.000723,-0.014722,2.385549,1.116472,47.423117
2.101597,0.031814,-3.536149,-0.215503,0.780000,-0.001533,-0.000222,0.006108,2.385564,1.118879,47.427274
2.140612,0.038548,-3.472445,-0.203308,0.770000,-0.001957,-0.000595,-0.013939,2.385650,1.120901,47.427274
2.178072,0.045097,-3.405424,-0.205941,0.760000,-0.001026,-0.000123,0.006388,2.388273,1.126085,47.427274
2.214055,0.050563,-3.342885,-0.191832,0.750000,-0.001791,-0.000580,-0.016900,2.386630,1.126496,47.427274
2.248521,0.056083,-3.273636,-0.194005,0.740000,-0.000985,-0.000108,0.005962,2.386105,1.127680,47.427274
2.281583,0.060499,-3.205872,-0.183638,0.730000,-0.001282,-0.000422,-0.012570,2.389466,1.133046,47.427274
2.313437,0.064582,-3.139519,-0.185630,0.720000,-0.000814,-0.000088,0.005525,2.390549,1.136129,47.427274
2.343732,0.067690,-3.078949,-0.175545,0.710000,-0.001306,-0.000404,-0.012342,2.390620,1.137863,47.430033
2.372698,0.070758,-3.018569,-0.182813,0.700000,-0.000619,0.000046,0.012849,2.391353,1.140628,47.432791
2.400066,0.072647,-2.973181,-0.174802,0.690000,-0.001189,-0.000317,-0.008918,2.391737,1.142361,47.432791
2.425937,0.074777,-2.936852,-0.184220,0.680000,-0.000450,0.000117,0.015904,2.391879,1.143703,47.432791
2.450111,0.076340,-2.915994,-0.181998,0.670000,-0.000927,-0.000156,-0.000495,2.391926,1.145064,47.432791
2.472423,0.078274,-2.911941,-0.188286,0.660000,-0.000514,0.000047,0.010500,2.390683,1.144990,47.432791
2.493027,0.080628,-2.916888,-0.188467,0.650000,-0.000666,-0.000071,0.002816,2.391534,1.147002,47.432791
2.511870,0.083661,-2.928848,-0.193303,0.640000,-0.000376,0.000042,0.008561,2.392067,1.148596,47.432791
2.528946,0.087177,-2.943160,-0.193770,0.630000,-0.000557,-0.000049,0.003705,2.392089,1.149715,47.432791
2.544199,0.091159,-2.957557,-0.198672,0.620000,-0.000302,0.000033,0.008122,2.392183,1.150786,47.432791
2.557670,0.095263,-2.971657,-0.198980,0.610000,-0.000472,-0.000050,0.003579,2.392251,1.151618,47.432791
2.569371,0.099507,-2.983544,-0.199311,0.600000,-0.000393,-0.000035,0.003906,2.392299,1.152463,47.432791
2.579578,0.103785,-2.988448,-0.197872,0.590000,-0.000435,-0.000063,0.002348,2.392296,1.153173,47.432818
2.588356,0.107819,-2.985835,-0.198871,0.580000,-0.000367,-0.000049,0.004412,2.392257,1.153891,47.432844
2.595712,0.111235,-2.978657,-0.197775,0.570000,-0.000394,-0.000066,0.002741,2.392419,1.154574,47.432844
2.601774,0.114015,-2.968130,-0.196913,0.560000,-0.000352,-0.000053,0.003116,2.392933,1.155022,47.432844
2.606681,0.116137,-2.954065,-0.197512,0.550000,-0.000343,-0.000051,0.004115,2.392629,1.155444,47.432844
2.610344,0.117461,-2.940102,-0.198228,0.540000,-0.000271,-0.000032,0.004483,2.392526,1.155733,47.432845
2.612884,0.118118,-2.928037,-0.196626,0.530000,-0.000401,-0.000070,0.002379,2.392520,1.155939,47.434932
2.614361,0.118341,-2.916484,-0.198812,0.520000,-0.000220,-0.000011,0.005725,2.392543,1.156195,47.437019
2.614802,0.118075,-2.907451,-0.197888,0.510000,-0.000029,-0.000010,0.001796,2.373056,1.177926,47.437019
2.614527,0.117579,-2.902614,-0.196470,0.500000,-0.000692,-0.000169,0.003712,2.392565,1.155973,47.437019
2.612737,0.116888,-2.894669,-0.207420,0.490000,0.000176,0.000115,0.012910,2.392664,1.156388,47.437019
2.609957,0.115637,-2.898653,-0.193182,0.480000,-0.000852,-0.000249,-0.008560,2.392391,1.156318,47.437019
2.606467,0.115015,-2.899276,-0.216609,0.470000,0.000689,0.000281,0.022456,2.392558,1.156432,47.437019
2.601594,0.113661,-2.908472,-0.192074,0.460000,-0.001239,-0.000380,-0.016251,2.392244,1.155949,47.439815
2.596027,0.113205,-2.914154,-0.232074,0.450000,0.001429,0.000502,0.033736,2.392187,1.155835,47.442611
2.588826,0.111711,-2.929352,-0.192074,0.440000,-0.003002,-0.001815,-0.056437,2.392889,1.155883,47.442611
2.579764,0.110145,-2.972009,-0.232074,0.430000,0.000393,0.000056,0.004932,2.392699,1.155281,47.442611
2.569813,0.109877,-3.009236,-0.192074,0.420000,-0.002616,-0.001821,-0.058569,2.374085,1.176423,47.442611
2.559348,0.110331,-3.038808,-0.232074,0.410000,0.000458,-0.000020,0.007541,2.392459,1.154285,47.442611
2.547615,0.110843,-3.058550,-0.192074,0.403643,-0.001804,-0.000712,-0.032331,2.374112,1.175367,47.442611
2.536541,0.112328,-3.047678,-0.232074,0.393643,0.001607,0.000461,0.038582,2.391847,1.152844,47.442611
2.524603,0.111422,-3.027624,-0.192074,0.403643,-0.004691,-0.002010,-0.060358,2.373865,1.174010,47.442611
2.511164,0.108667,-3.045331,-0.232074,0.393643,-0.000587,-0.000095,0.007166,2.392936,1.152142,47.442611
2.497746,0.106164,-3.059550,-0.192074,0.403643,-0.004525,-0.001981,-0.060427,2.373561,1.171545,47.442611
2.485234,0.104035,-3.074028,-0.232074,0.393643,-0.000600,-0.000063,0.007214,2.392146,1.150391,47.442611
2.472518,0.101849,-3.087447,-0.192074,0.403643,-0.004664,-0.002095,-0.061724,2.392664,1.150188,47.442611
2.460548,0.099920,-3.099337,-0.232074,0.393643,-0.000201,0.000013,0.003867,2.375020,1.169996,47.442611
2.448885,0.097923,-3.115109,-0.192074,0.403643,-0.004573,-0.002229,-0.062752,2.374813,1.168978,47.446410
2.437651,0.096172,-3.123807,-0.232074,0.393643,-0.000401,-0.000049,0.008121,2.392746,1.148546,47.450210
2.426392,0.094225,-3.133993,-0.192074,0.403643,-0.004536,-0.002261,-0.067982,2.374572,1.167554,47.450210
2.415822,0.092466,-3.144972,-0.232074,0.393643,-0.000407,-0.000041,0.007971,2.392427,1.147149,47.450210
2.405159,0.090591,-3.154532,-0.192074,0.403643,-0.002806,-0.000889,-0.035448,2.392075,1.146763,47.450210
2.396918,0.090360,-3.129726,-0.232074,0.393643,0.005168,0.002771,0.068931,2.372849,1.156910,47.450210
2.392377,0.089944,-3.081561,-0.192074,0.403643,-0.001513,-0.000808,0.012393,2.375158,1.165781,47.450210
2.385884,0.086602,-3.021382,-0.232074,0.393643,0.003409,0.002194,0.055032,2.372337,1.154983,47.450210
2.380280,0.082309,-3.012375,-0.192074,0.403643,-0.006817,-0.003381,-0.084387,2.374499,1.163726,47.450210
2.369347,0.075536,-3.072190,-0.232074,0.393643,-0.000680,-0.000047,0.004230,2.375011,1.163054,47.450210
2.360488,0.072593,-3.123614,-0.192074,0.403643,-0.003605,-0.002614,-0.071811,2.373842,1.154191,47.450210
2.353539,0.071685,-3.158151,-0.232074,0.393643,-0.002049,0.000079,0.000478,2.392045,1.143258,47.450210
2.343678,0.071514,-3.201070,-0.192074,0.403643,-0.004862,-0.002749,-0.081550,2.392170,1.143162,47.450210
2.335712,0.072027,-3.226506,-0.232074,0.393643,-0.000399,0.000023,0.005621,2.391776,1.142949,47.450210
2.327692,0.072488,-3.246753,-0.192074,0.403643,-0.002711,-0.000935,-0.038841,2.391303,1.142341,47.450210
2.322038,0.074785,-3.214774,-0.232074,0.393643,0.004077,0.002830,0.093958,2.392194,1.142173,47.450210
2.318611,0.075859,-3.141064,-0.192074,0.403643,-0.000457,-0.000053,0.002450,2.375930,1.160802,47.450210
2.315375,0.074030,-3.083150,-0.232074,0.393643,0.003352,0.002634,0.092026,2.391877,1.141161,47.450210
2.311660,0.070594,-3.037492,-0.192074,0.403643,-0.000632,-0.000061,0.001891,2.375899,1.159851,47.450210
2.308912,0.066744,-3.009259,-0.232074,0.393643,0.001509,0.001016,0.052060,2.375708,1.159159,47.450210
2.304053,0.061269,-3.032946,-0.192074,0.403643,-0.003611,-0.001040,-0.039620,2.391644,1.140551,47.450210
2.299058,0.058846,-3.060960,-0.232074,0.393643,0.001258,0.000995,0.050395,2.387811,1.136522,47.450210
2.294521,0.056657,-3.090554,-0.192074,0.403643,-0.003065,-0.000978,-0.041963,2.390057,1.138295,47.450210
2.290456,0.056863,-3.112811,-0.232074,0.393643,0.001657,0.001157,0.055879,2.390702,1.138356,47.450210
2.286518,0.056333,-3.128239,-0.192074,0.403643,-0.003058,-0.001011,-0.042381,2.391301,1.139202,47.450210
2.282579,0.057142,-3.140580,-0.232074,0.393643,0.003673,0.003078,0.100469,2.391081,1.138732,47.450210
2.280745,0.058658,-3.103188,-0.192074,0.403643,-0.000995,-0.000091,0.003317,2.391454,1.139118,47.450210
2.278870,0.058465,-3.070527,-0.232074,0.393643,0.001689,0.001028,0.050497,2.375595,1.157274,47.450210
2.275154,0.055240,-3.094768,-0.192074,0.403643,-0.003964,-0.001345,-0.048886,2.392438,1.138585,47.450210
2.270649,0.054319,-3.120569,-0.232074,0.393643,0.001751,0.001104,0.052770,2.376449,1.156316,47.450210
2.267328,0.053332,-3.138914,-0.192074,0.403643,-0.003788,-0.001314,-0.048822,2.392009,1.138424,47.450210
2.263208,0.053804,-3.155256,-0.232074,0.393643,0.004070,0.003258,0.103554,2.376064,1.156318,47.450210
2.262328,0.055567,-3.114733,-0.192074,0.403643,-0.001379,-0.000162,0.004505,2.392071,1.138092,47.450210
2.260604,0.055380,-3.078617,-0.232074,0.393643,0.003828,0.003104,0.099212,2.375216,1.155318,47.450210
2.259550,0.054142,-3.055427,-0.193067,0.403643,-0.001089,-0.000109,0.004572,2.375600,1.155223,47.450210
2.258254,0.052530,-3.038401,-0.233067,0.393643,0.000953,0.001097,0.057446,2.391277,1.137052,47.450210
2.254515,0.048900,-3.073758,-0.193067,0.403643,-0.005289,-0.003324,-0.098760,2.376269,1.155451,47.450210
2.249423,0.046080,-3.163396,-0.233067,0.393643,-0.001170,-0.000017,0.005506,2.391826,1.137379,47.450210
2.243951,0.046278,-3.234955,-0.193067,0.403643,-0.005089,-0.003418,-0.102424,2.376728,1.155326,47.450210
2.239226,0.048029,-3.290237,-0.233067,0.393643,-0.000624,-0.000043,0.004738,2.376715,1.154982,47.450210
2.234191,0.050297,-3.327841,-0.193067,0.403643,-0.002986,-0.001259,-0.049304,2.376138,1.154358,47.450210
2.231358,0.054769,-3.299116,-0.233067,0.393643,0.003857,0.003180,0.104484,2.376180,1.154309,47.450210
2.230500,0.057762,-3.219750,-0.193067,0.403643,-0.001247,-0.000194,0.004687,2.391888,1.136497,47.450210
2.229132,0.057428,-3.150372,-0.233067,0.393643,0.001746,0.001409,0.064013,2.391100,1.135548,47.450210
2.226266,0.053457,-3.137461,-0.193067,0.403643,-0.005606,-0.003327,-0.096600,2.391277,1.135684,47.450210
2.221022,0.048814,-3.194424,-0.233067,0.393643,-0.000565,-0.000007,0.002334,2.376443,1.153713,47.450210
2.216480,0.046852,-3.250069,-0.193067,0.403643,-0.005436,-0.003563,-0.103613,2.376847,1.153588,47.450210
2.211883,0.046697,-3.294534,-0.233067,0.393643,-0.000825,0.000017,0.006829,2.391401,1.135487,47.450210
2.207245,0.047510,-3.325849,-0.193067,0.403643,-0.005068,-0.003573,-0.106228,2.376349,1.153149,47.450210
2.203049,0.048562,-3.351247,-0.233067,0.393643,-0.000709,-0.000024,0.006802,2.391117,1.135322,47.450210
2.198501,0.049621,-3.364334,-0.193067,0.403643,-0.002755,-0.001261,-0.052608,2.375557,1.152587,47.450210
2.196589,0.052717,-3.321549,-0.233067,0.393643,0.001349,0.001088,0.057945,2.390817,1.134790,47.450210
2.193981,0.052244,-3.280310,-0.193067,0.403643,-0.003174,-0.001224,-0.048312,2.390951,1.134612,47.450210
2.191674,0.051792,-3.247999,-0.233067,0.393643,0.001276,0.001094,0.054659,2.388939,1.132557,47.450210
2.189263,0.049224,-3.226713,-0.193067,0.403643,-0.003217,-0.001189,-0.047909,2.390099,1.133458,47.450210
2.187278,0.048012,-3.210050,-0.233067,0.396477,0.001198,0.001157,0.056252,2.390182,1.133773,47.450210
2.185461,0.045410,-3.202554,-0.193067,0.406477,-0.003246,-0.001194,-0.048290,2.390353,1.134017,47.450210
2.184098,0.044616,-3.197134,-0.233067,0.396477,0.001359,0.001201,0.057737,2.390733,1.134224,47.450210
2.182737,0.042626,-3.197700,-0.193452,0.406477,-0.002887,-0.001192,-0.049788,2.375846,1.151822,47.450210
2.181943,0.042465,-3.200016,-0.233452,0.396477,0.000862,0.001042,0.056256,2.390913,1.134040,47.450210
2.180231,0.040944,-3.206288,-0.193452,0.406477,-0.004331,-0.002188,-0.075843,2.391081,1.134323,47.450210
2.178142,0.040447,-3.234493,-0.233452,0.396477,0.003482,0.003410,0.110305,2.391231,1.134420,47.450210
2.179208,0.042603,-3.182315,-0.197140,0.406477,-0.000857,0.000137,0.012223,2.391168,1.134524,47.450210
2.180189,0.042712,-3.138250,-0.237140,0.400195,0.002356,0.001975,0.076586,2.376467,1.152073,47.450210
2.180107,0.040078,-3.145331,-0.197140,0.410195,-0.003877,-0.001269,-0.045440,2.391341,1.133992,47.450210
2.178640,0.038809,-3.173011,-0.237140,0.400195,0.001138,0.001108,0.054182,2.391029,1.133630,47.450210
2.177579,0.037448,-3.202862,-0.198742,0.410195,-0.003190,-0.001092,-0.043831,2.390727,1.133579,47.450210
2.176816,0.038469,-3.223477,-0.238742,0.400195,0.001241,0.001111,0.054073,2.390804,1.133534,47.450210
2.175713,0.038279,-3.245108,-0.198742,0.410195,-0.002820,-0.001114,-0.046491,2.376077,1.151082,47.450210
2.175255,0.039949,-3.255658,-0.238742,0.400195,0.002003,0.001941,0.080120,2.391389,1.133592,47.450210
2.174813,0.040795,-3.240016,-0.198742,0.410195,-0.004327,-0.002046,-0.069773,2.390510,1.133035,47.450210
2.172700,0.040425,-3.270700,-0.238742,0.400195,0.002392,0.002038,0.079516,2.390905,1.133673,47.450210
2.172643,0.041405,-3.250646,-0.198742,0.410195,-0.004280,-0.002029,-0.069625,2.391019,1.133844,47.450210
2.170567,0.040961,-3.276893,-0.238742,0.404485,0.002067,0.002023,0.079568,2.391035,1.133869,47.450210
2.170624,0.041762,-3.253791,-0.198742,0.414485,-0.004304,-0.002056,-0.070243,2.391022,1.133867,47.450210
2.168977,0.041118,-3.278801,-0.238742,0.404485,0.003490,0.003249,0.104567,2.391135,1.133860,47.450210
2.170476,0.043023,-3.229527,-0.198742,0.414485,-0.000663,-0.000052,0.002321,2.375797,1.150889,47.450210
2.172415,0.043279,-3.185898,-0.238742,0.404485,0.001781,0.001835,0.077190,2.391164,1.133589,47.450210
2.172112,0.040879,-3.181318,-0.198742,0.414485,-0.005110,-0.003247,-0.095873,2.376626,1.151071,47.450210
2.169768,0.037557,-3.252082,-0.238742,0.404485,-0.001263,-0.000049,0.005250,2.391361,1.133862,47.450210
2.166764,0.036750,-3.316377,-0.198742,0.414485,-0.003834,-0.002075,-0.074030,2.376749,1.151110,47.450210
2.165937,0.039265,-3.336480,-0.238742,0.404485,0.002619,0.002083,0.082076,2.376189,1.150088,47.450210
2.166676,0.041909,-3.299857,-0.198742,0.414485,-0.005603,-0.003383,-0.095228,2.391103,1.133190,47.450210
2.163745,0.040832,-3.337042,-0.238742,0.404485,-0.000728,0.000021,0.004652,2.390953,1.133415,47.450210
2.161072,0.040736,-3.373877,-0.198742,0.414485,-0.003920,-0.001929,-0.068824,2.390274,1.132510,47.450210
2.159928,0.043108,-3.366686,-0.238742,0.409479,0.002213,0.002078,0.081087,2.390704,1.133077,47.450210
2.160593,0.044829,-3.314900,-0.198742,0.419479,-0.004179,-0.002047,-0.069555,2.390810,1.133297,47.450210
2.159497,0.044048,-3.316588,-0.238742,0.409479,0.002810,0.002063,0.078036,2.376214,1.150779,47.450210
2.160769,0.044082,-3.276956,-0.198742,0.419479,-0.004623,-0.002127,-0.068508,2.391096,1.133276,47.450210
2.159321,0.042472,-3.288086,-0.238742,0.409479,0.002382,0.002046,0.079299,2.390174,1.132506,47.450210
2.160308,0.042252,-3.256916,-0.198742,0.419479,-0.003923,-0.002052,-0.071655,2.376278,1.150434,47.450210
2.159719,0.040796,-3.278921,-0.238742,0.409479,0.002074,0.001994,0.080832,2.391285,1.133254,47.450210
2.160513,0.040882,-3.252014,-0.198742,0.419479,-0.004267,-0.002058,-0.070573,2.391261,1.133353,47.450210
2.159675,0.039795,-3.276428,-0.238742,0.409479,0.003847,0.003327,0.104623,2.373996,1.148977,47.450210
2.162312,0.041487,-3.228465,-0.202614,0.419479,-0.001175,0.000216,0.016343,2.386110,1.129612,47.450210
2.164158,0.041552,-3.184162,-0.242614,0.412983,0.002254,0.002097,0.082406,2.389008,1.131854,47.450210
2.165125,0.039143,-3.184264,-0.202614,0.422983,-0.003966,-0.001946,-0.067565,2.375439,1.150560,47.450210
2.164689,0.036955,-3.239956,-0.242614,0.412983,0.003094,0.003117,0.102365,2.391053,1.133151,47.450210
2.166718,0.038614,-3.217885,-0.202614,0.422983,-0.001071,-0.000070,0.003378,2.390848,1.133247,47.450210
2.169148,0.039481,-3.195485,-0.242614,0.412983,0.002741,0.002088,0.077083,2.372539,1.148441,47.450210
2.170627,0.038435,-3.204209,-0.203019,0.422983,-0.004743,-0.002025,-0.065254,2.390133,1.131888,47.450210
2.169298,0.037293,-3.256606,-0.243019,0.412983,0.002359,0.001983,0.076495,2.389794,1.131578,47.450210
2.170428,0.038445,-3.257552,-0.203019,0.422983,-0.002836,-0.001099,-0.044919,2.376053,1.149977,47.450210
2.170955,0.039608,-3.276093,-0.243019,0.412983,0.003242,0.003104,0.102365,2.391348,1.133382,47.450210
2.172763,0.041716,-3.241756,-0.203019,0.422983,-0.001044,-0.000073,0.003671,2.391397,1.133553,47.450210
2.174831,0.042486,-3.210663,-0.243019,0.412983,0.003372,0.003022,0.097589,2.390981,1.133517,47.450210
2.176585,0.042128,-3.190496,-0.205605,0.422983,-0.000920,0.000144,0.010637,2.391273,1.134051,47.450210
2.178492,0.041628,-3.173504,-0.245605,0.412983,0.003432,0.003057,0.098923,2.391102,1.134224,47.450210
2.180110,0.040762,-3.167731,-0.205605,0.422983,-0.000524,0.000189,0.009685,2.375288,1.151115,47.450210
2.182464,0.040454,-3.160800,-0.245605,0.412983,0.003545,0.003147,0.102042,2.374338,1.149777,47.450210
2.184209,0.040051,-3.158472,-0.205605,0.422983,-0.001363,0.000076,0.011360,2.390788,1.132781,47.450210
2.185703,0.039937,-3.154596,-0.245605,0.412983,0.002451,0.002010,0.077594,2.391120,1.133633,47.450210
2.186332,0.038656,-3.180125,-0.205605,0.422983,-0.005419,-0.002959,-0.085838,2.391220,1.134140,47.450210
2.183799,0.036730,-3.271165,-0.245605,0.412983,-0.000807,0.000036,0.004521,2.391223,1.134177,47.450210
2.181276,0.037433,-3.349964,-0.205605,0.422983,-0.004840,-0.003024,-0.090374,2.375204,1.150872,47.450210
2.179316,0.040012,-3.404167,-0.245605,0.412983,-0.000754,0.000010,0.007129,2.391672,1.132659,47.450210
2.176549,0.042751,-3.442187,-0.205605,0.422983,-0.003711,-0.001781,-0.062557,2.391410,1.133068,47.450210
2.175325,0.046914,-3.436717,-0.245605,0.412983,0.002808,0.001754,0.068287,2.376837,1.150546,47.450210
2.175677,0.049767,-3.391362,-0.205605,0.422983,-0.003089,-0.001070,-0.036977,2.391047,1.133526,47.450210
2.174664,0.050827,-3.361230,-0.245605,0.412983,0.001452,0.000993,0.048050,2.390601,1.133493,47.450210
2.173525,0.049570,-3.343752,-0.205605,0.422983,-0.002680,-0.001013,-0.040564,2.378525,1.152834,47.450210
2.173043,0.049263,-3.327833,-0.245605,0.412983,0.001133,0.001004,0.051331,2.388100,1.130843,47.450210
2.171768,0.047474,-3.317064,-0.205605,0.422983,-0.002971,-0.000989,-0.039628,2.389774,1.132384,47.450210
2.171207,0.047027,-3.309318,-0.245605,0.412983,0.001474,0.001037,0.049103,2.388807,1.133857,47.450210
2.170480,0.045347,-3.309176,-0.205605,0.422983,-0.002942,-0.000998,-0.039054,2.388093,1.134414,47.450210
2.170129,0.045305,-3.305828,-0.245605,0.412983,0.001425,0.001018,0.048951,2.386997,1.133615,47.450210
2.169493,0.043991,-3.310105,-0.205605,0.422983,-0.002919,-0.001004,-0.039447,2.387594,1.134489,47.450210
2.169276,0.044361,-3.308893,-0.245605,0.412983,0.001468,0.001026,0.049238,2.388258,1.134860,47.450210
2.168757,0.043380,-3.314100,-0.205605,0.422983,-0.002942,-0.001015,-0.039662,2.388149,1.135145,47.450210
2.168569,0.044003,-3.312943,-0.245605,0.412983,0.001451,0.001027,0.049482,2.388095,1.135292,47.450210
2.168064,0.043194,-3.317632,-0.205605,0.422983,-0.002958,-0.001016,-0.039675,2.387899,1.134928,47.450210
2.167882,0.043925,-3.315762,-0.245605,0.412983,0.001496,0.001066,0.050716,2.388075,1.135083,47.450210
2.167437,0.043202,-3.318631,-0.205605,0.422983,-0.003043,-0.001071,-0.041295,2.388296,1.135229,47.450210
2.167180,0.043856,-3.317948,-0.245605,0.412983,0.001798,0.001288,0.057183,2.388535,1.135420,47.450210
2.167051,0.043383,-3.313864,-0.205605,0.422983,-0.003051,-0.001065,-0.040852,2.388506,1.135401,47.450210
2.166786,0.043823,-3.313493,-0.245605,0.412983,0.001504,0.001109,0.051889,2.388339,1.134273,47.450210
2.166379,0.043032,-3.315673,-0.205605,0.422983,-0.003418,-0.001330,-0.048812,2.388329,1.135149,47.450210
2.165784,0.043328,-3.323201,-0.245605,0.412983,0.003669,0.003058,0.096628,2.387660,1.135022,47.450210
2.167583,0.044830,-3.279315,-0.205605,0.422983,-0.000898,-0.000077,0.003737,2.388032,1.135659,47.450210
2.169407,0.044867,-3.240363,-0.245605,0.412983,0.001491,0.001140,0.053386,2.387859,1.135472,47.450210
2.168964,0.042040,-3.255509,-0.205605,0.422983,-0.003521,-0.001309,-0.047875,2.388456,1.135442,47.450210
2.168351,0.041284,-3.279123,-0.245605,0.412983,0.003784,0.003201,0.100514,2.388852,1.135563,47.450210
2.170405,0.042647,-3.246332,-0.205605,0.422983,-0.000972,-0.000082,0.003457,2.388710,1.135945,47.450210
2.172282,0.042766,-3.220198,-0.245605,0.412983,0.003629,0.003074,0.097836,2.388463,1.136161,47.450210
2.174084,0.042269,-3.200850,-0.205605,0.422983,-0.001074,-0.000100,0.003302,2.388162,1.136415,47.450210
2.175867,0.041568,-3.187707,-0.245605,0.412983,0.002773,0.002291,0.081890,2.388982,1.135885,47.450210
2.176861,0.040125,-3.195311,-0.205605,0.422983,-0.005713,-0.003260,-0.091984,2.388546,1.136073,47.450210
2.174101,0.037086,-3.283458,-0.245605,0.412983,-0.000813,0.000006,0.004443,2.388365,1.136207,47.450210
2.171719,0.037223,-3.356596,-0.205605,0.422983,-0.005321,-0.003301,-0.095165,2.388303,1.136391,47.450210
2.169472,0.039068,-3.411654,-0.245605,0.412983,-0.000470,0.000027,0.005043,2.391061,1.139346,47.450210
2.167232,0.041567,-3.449924,-0.205605,0.422983,-0.002726,-0.001094,-0.042793,2.392443,1.140658,47.450210
2.167251,0.046323,-3.422035,-0.245605,0.412983,0.004130,0.003188,0.101562,2.392668,1.141640,47.450210
2.169145,0.049758,-3.345882,-0.205605,0.422983,-0.000784,-0.000115,0.003948,2.392742,1.142104,47.450210
2.170625,0.050019,-3.283519,-0.245605,0.412983,0.003658,0.002924,0.094536,2.392740,1.142470,47.450210
2.171935,0.048529,-3.236909,-0.205605,0.422983,-0.001062,-0.000123,0.003171,2.392703,1.142341,47.450210
2.173310,0.046421,-3.203616,-0.245605,0.412983,0.001152,0.000931,0.046955,2.392949,1.142270,47.450210
2.172403,0.042200,-3.230725,-0.205605,0.422983,-0.003189,-0.001038,-0.039801,2.393288,1.142241,47.450210
2.172075,0.041251,-3.252985,-0.245605,0.412983,0.001379,0.001051,0.050243,2.393454,1.142199,47.450210
2.171687,0.040077,-3.277274,-0.205605,0.422983,-0.003033,-0.001039,-0.040419,2.393343,1.142123,47.450210
2.171619,0.041060,-3.292224,-0.245605,0.412983,0.001433,0.001027,0.050027,2.393445,1.142119,47.450210
2.171259,0.040913,-3.308197,-0.205605,0.422983,-0.003175,-0.001184,-0.044510,2.393264,1.142056,47.450210
2.170966,0.042250,-3.318121,-0.245605,0.412983,0.001643,0.001156,0.054266,2.392715,1.141742,47.450210
2.170716,0.042467,-3.321271,-0.205605,0.422983,-0.003184,-0.001192,-0.044475,2.393175,1.141890,47.450210
2.170302,0.043567,-3.325250,-0.245605,0.412983,0.003615,0.002975,0.094892,2.393074,1.141968,47.450210
2.171941,0.045308,-3.283161,-0.205605,0.422983,-0.000902,-0.000094,0.003747,2.393032,1.142124,47.450210
2.173637,0.045586,-3.243683,-0.245605,0.412983,0.001483,0.001099,0.052667,2.392902,1.142236,47.450210
2.173056,0.042885,-3.258104,-0.205605,0.422983,-0.005363,-0.003049,-0.085599,2.392030,1.141209,47.450210
2.170463,0.040459,-3.318445,-0.245605,0.412983,-0.000733,0.000012,0.004468,2.392973,1.141715,47.450210
2.167966,0.040097,-3.375192,-0.205605,0.422983,-0.002914,-0.001077,-0.042817,2.393331,1.141878,47.450210
2.167977,0.043385,-3.367627,-0.245605,0.412983,0.001755,0.001164,0.054421,2.393160,1.141978,47.450210
2.167757,0.044323,-3.356606,-0.205605,0.422983,-0.003000,-0.001124,-0.042059,2.393141,1.141928,47.450210
2.167413,0.045593,-3.345901,-0.245605,0.412983,0.003634,0.002966,0.094961,2.391439,1.140512,47.450210
2.168965,0.046994,-3.294189,-0.205605,0.422983,-0.000867,-0.000096,0.003598,2.392534,1.141448,47.450210
2.170627,0.046772,-3.248592,-0.245605,0.412983,0.003453,0.002870,0.092145,2.392725,1.141596,47.450210
2.171991,0.045353,-3.219120,-0.205605,0.422983,-0.001048,-0.000105,0.003233,2.393183,1.141782,47.450210
2.173614,0.043890,-3.195530,-0.245605,0.412983,0.003498,0.002976,0.094964,2.392945,1.141947,47.450210
2.175219,0.042377,-3.182329,-0.205605,0.422983,-0.001205,-0.000106,0.003406,2.389930,1.138357,47.450210
2.176865,0.041225,-3.173773,-0.245605,0.412983,0.003477,0.002971,0.094430,2.391920,1.140329,47.450210
2.178583,0.040299,-3.173032,-0.205605,0.422983,-0.001063,-0.000091,0.003226,2.392725,1.141419,47.450210
2.180452,0.039907,-3.171688,-0.245605,0.412983,0.003432,0.002967,0.094867,2.392896,1.141934,47.450210
2.182143,0.039642,-3.174938,-0.205605,0.422983,-0.001093,-0.000102,0.003197,2.392703,1.142208,47.450210
2.183955,0.039781,-3.175304,-0.245605,0.412983,0.003420,0.002963,0.094980,2.393160,1.142230,47.450210
2.185573,0.039907,-3.178634,-0.205605,0.422983,-0.001117,-0.000106,0.003224,2.392770,1.141921,47.450210
2.187274,0.040287,-3.178458,-0.245605,0.412983,0.001274,0.001027,0.050565,2.393044,1.142253,47.450210
2.186647,0.038629,-3.224977,-0.205605,0.422983,-0.003361,-0.001159,-0.043518,2.392933,1.142403,47.450210
2.186118,0.039712,-3.262585,-0.245605,0.412983,0.001490,0.001117,0.052975,2.393259,1.142633,47.450210
2.185665,0.040431,-3.288493,-0.205605,0.422983,-0.005398,-0.003164,-0.089900,2.394024,1.142246,47.450210
2.182926,0.040487,-3.353349,-0.245605,0.412983,-0.000720,-0.000012,0.004370,2.393628,1.142346,47.450210
2.180156,0.041970,-3.405117,-0.205605,0.422983,-0.005165,-0.003195,-0.091318,2.393388,1.142458,47.450210
2.177510,0.044228,-3.439328,-0.245605,0.412983,-0.000422,0.000040,0.005834,2.393571,1.142286,47.450210
2.174774,0.046454,-3.461810,-0.205605,0.422983,-0.004887,-0.003051,-0.086467,2.393350,1.142152,47.450210
2.172117,0.048531,-3.469778,-0.245605,0.412983,-0.000369,0.000029,0.005760,2.393293,1.142174,47.450210
2.169196,0.049819,-3.476101,-0.205605,0.422983,-0.002812,-0.001150,-0.043589,2.393146,1.142134,47.450210
2.168463,0.052685,-3.431592,-0.245605,0.412983,0.001924,0.001154,0.053546,2.393467,1.141914,47.450210
2.167680,0.052478,-3.388967,-0.205605,0.422983,-0.003042,-0.001160,-0.042304,2.393016,1.141838,47.450210
2.166682,0.051896,-3.358502,-0.245605,0.412983,0.003710,0.002886,0.091618,2.392820,1.141825,47.450210
2.167885,0.051504,-3.294094,-0.205605,0.422983,-0.000852,-0.000091,0.003604,2.392790,1.141858,47.450210
2.169272,0.049685,-3.240940,-0.245605,0.412983,0.003581,0.002897,0.092483,2.392848,1.141795,47.450210
2.170611,0.047037,-3.206034,-0.205605,0.422983,-0.001009,-0.000102,0.003171,2.392971,1.142093,47.450210
2.172203,0.044541,-3.182372,-0.245605,0.412983,0.003397,0.002875,0.091682,2.392830,1.142247,47.450210
2.173708,0.042262,-3.173629,-0.205605,0.422983,-0.001053,-0.000094,0.003170,2.392881,1.142342,47.450210
2.175551,0.040827,-3.167283,-0.245605,0.412983,0.001330,0.001056,0.050895,2.392915,1.142227,47.450210
2.175180,0.037859,-3.212290,-0.205605,0.422983,-0.003348,-0.001178,-0.044455,2.393072,1.142021,47.450210
2.174950,0.038043,-3.252342,-0.245605,0.412983,0.003654,0.003104,0.098260,2.393439,1.142175,47.450210
2.176995,0.040212,-3.236646,-0.205605,0.422983,-0.000940,-0.000083,0.003747,2.393608,1.142215,47.450210
2.178958,0.041416,-3.218637,-0.245605,0.412983,0.003325,0.002848,0.091846,2.393572,1.142184,47.450210
2.180419,0.041609,-3.210208,-0.205605,0.422983,-0.001092,-0.000109,0.003405,2.392292,1.141186,47.450210
2.182098,0.041837,-3.197516,-0.245605,0.412983,0.003493,0.002994,0.095936,2.392296,1.141111,47.450210
2.183666,0.041720,-3.189515,-0.205605,0.422983,-0.001092,-0.000106,0.003137,2.392873,1.141951,47.450210
2.185297,0.041599,-3.182875,-0.245605,0.412983,0.003453,0.002966,0.095061,2.393044,1.142315,47.450210
2.186799,0.041396,-3.180314,-0.205605,0.422983,-0.001119,-0.000110,0.003106,2.393218,1.142593,47.450210
2.188372,0.041367,-3.177407,-0.245605,0.412983,0.001335,0.001070,0.051839,2.393463,1.142796,47.450210
2.187717,0.039434,-3.220609,-0.205605,0.422983,-0.005609,-0.003189,-0.090245,2.392537,1.141987,47.450210
2.184873,0.038159,-3.304855,-0.245605,0.412983,-0.000749,0.000006,0.004491,2.393261,1.142573,47.450210
2.182254,0.039304,-3.372959,-0.205605,0.422983,-0.003997,-0.001942,-0.065825,2.393453,1.142587,47.450210
2.180957,0.042999,-3.394284,-0.245605,0.412983,0.003907,0.003067,0.098663,2.393083,1.142860,47.450210
2.182629,0.047688,-3.336937,-0.205605,0.422983,-0.000761,-0.000095,0.004232,2.393108,1.142842,47.450210
2.184030,0.049418,-3.283206,-0.245605,0.412983,0.003495,0.002788,0.090651,2.393074,1.142784,47.450210
2.184963,0.048998,-3.244715,-0.205605,0.422983,-0.001018,-0.000126,0.003281,2.393064,1.142821,47.450210
2.186092,0.047889,-3.212099,-0.245605,0.412983,0.003535,0.002914,0.093335,2.393289,1.142694,47.450210
2.187225,0.046348,-3.190208,-0.205605,0.422983,-0.001092,-0.000106,0.003126,2.393050,1.142752,47.450210
2.188482,0.044863,-3.175983,-0.245605,0.412983,0.001326,0.001030,0.050059,2.393151,1.142974,47.450210
2.187598,0.041672,-3.213040,-0.205605,0.422983,-0.003188,-0.001033,-0.039712,2.393314,1.142916,47.450210
2.187035,0.041545,-3.244555,-0.245605,0.412983,0.001364,0.001012,0.049194,2.393455,1.142809,47.450210
2.186341,0.041138,-3.274319,-0.205605,0.422983,-0.003027,-0.001031,-0.040017,2.393393,1.142764,47.450210
2.185928,0.042747,-3.291716,-0.245605,0.412983,0.001449,0.001009,0.049593,2.393317,1.142515,47.450210
2.185203,0.043095,-3.307552,-0.205605,0.422983,-0.003042,-0.001068,-0.040737,2.393144,1.142107,47.450210
2.184623,0.044799,-3.313988,-0.245605,0.412983,0.003670,0.002941,0.094134,2.393163,1.142606,47.450210
2.185977,0.046899,-3.275579,-0.205605,0.422983,-0.000943,-0.000092,0.004005,2.391389,1.140172,47.450210
2.187263,0.047457,-3.238734,-0.245605,0.412983,0.003424,0.002794,0.089776,2.393591,1.141102,47.450210
2.188253,0.046731,-3.215806,-0.205605,0.422983,-0.001026,-0.000105,0.003170,2.393416,1.141898,47.450210
2.189499,0.045878,-3.194953,-0.245605,0.412983,0.001366,0.001034,0.050220,2.393201,1.142407,47.450210
2.188547,0.042923,-3.225381,-0.205605,0.422983,-0.003238,-0.001053,-0.040840,2.394369,1.142016,47.450210
2.187818,0.042731,-3.253009,-0.245605,0.412983,0.001444,0.001071,0.051082,2.393776,1.142080,47.450210
2.187104,0.042266,-3.276383,-0.205605,0.422983,-0.003190,-0.001132,-0.043063,2.393432,1.142428,47.450210
2.186437,0.043491,-3.294553,-0.245605,0.412983,0.003809,0.003070,0.097369,2.394175,1.142063,47.450210
2.188009,0.045768,-3.260437,-0.205605,0.422983,-0.000920,-0.000106,0.003339,2.393572,1.142620,47.450210
2.189374,0.046437,-3.230321,-0.245605,0.412983,0.003487,0.002836,0.091508,2.393402,1.142938,47.450210
2.190466,0.046025,-3.210190,-0.205605,0.422983,-0.001029,-0.000109,0.003259,2.393335,1.143196,47.450210
2.191722,0.045421,-3.192408,-0.245605,0.412983,0.003286,0.002764,0.089100,2.393367,1.143047,47.450210
2.192680,0.044447,-3.186079,-0.205605,0.422983,-0.001068,-0.000103,0.003160,2.393415,1.143197,47.450210
2.193984,0.043916,-3.177665,-0.245605,0.412983,0.003290,0.002787,0.089705,2.393296,1.143128,47.450210
2.195017,0.043254,-3.178073,-0.205605,0.422983,-0.001069,-0.000101,0.003171,2.393339,1.143386,47.450210
2.196366,0.043101,-3.174388,-0.245605,0.412983,0.001370,0.001054,0.051098,2.393421,1.143324,47.450210
2.195492,0.041074,-3.216520,-0.205605,0.422983,-0.003371,-0.001164,-0.043653,2.393346,1.143485,47.450210
2.194629,0.041691,-3.254277,-0.245605,0.412983,0.003648,0.002999,0.095708,2.393042,1.143472,47.450210
2.196053,0.044050,-3.236634,-0.205605,0.422983,-0.000940,-0.000091,0.003661,2.393063,1.143440,47.450210
2.197388,0.045272,-3.217009,-0.245605,0.412983,0.003544,0.002884,0.093093,2.393213,1.143684,47.450210
2.198475,0.045541,-3.202681,-0.205605,0.422983,-0.001052,-0.000108,0.003408,2.393057,1.143247,47.450210
2.199594,0.045484,-3.189510,-0.245605,0.412983,0.003343,0.002776,0.089665,2.393022,1.143446,47.450210
2.200465,0.045015,-3.184620,-0.205605,0.422983,-0.001084,-0.000108,0.003128,2.393275,1.143543,47.450210
2.201574,0.044799,-3.177569,-0.245605,0.412983,0.003319,0.002769,0.089429,2.393241,1.143728,47.450210
2.202440,0.044384,-3.177704,-0.205605,0.422983,-0.001068,-0.000100,0.003283,2.393184,1.143872,47.450210
2.203573,0.044355,-3.173845,-0.245605,0.412983,0.003297,0.002764,0.089404,2.392815,1.143400,47.450210
2.204410,0.044134,-3.176359,-0.205605,0.422983,-0.001053,-0.000100,0.003262,2.393127,1.143698,47.450210
2.205536,0.044298,-3.173811,-0.245605,0.412983,0.003396,0.002781,0.090697,2.393191,1.143978,47.450210
2.206438,0.044258,-3.175586,-0.205605,0.422983,-0.001062,-0.000105,0.003214,2.393239,1.144116,47.450210
2.207511,0.044498,-3.173568,-0.245605,0.412983,0.001306,0.000983,0.048913,2.393157,1.144280,47.450210
2.206275,0.042733,-3.217034,-0.205605,0.422983,-0.003435,-0.001156,-0.042974,2.391037,1.141981,47.450210
2.205032,0.043566,-3.253804,-0.245605,0.412983,0.001403,0.000985,0.048271,2.392592,1.143030,47.450210
2.203894,0.044056,-3.281587,-0.205605,0.422983,-0.002950,-0.000968,-0.037585,2.392940,1.142990,47.450210
2.203012,0.046196,-3.294432,-0.245605,0.412983,0.003676,0.002883,0.092654,2.393262,1.143759,47.450210
2.203959,0.048662,-3.262591,-0.205605,0.422983,-0.000860,-0.000084,0.004010,2.393546,1.143733,47.450210
2.204879,0.049592,-3.230534,-0.245605,0.412983,0.001341,0.000937,0.047498,2.394042,1.143460,47.450210
2.203328,0.047421,-3.250572,-0.205605,0.422983,-0.003166,-0.001041,-0.039217,2.393968,1.143405,47.450210
2.202051,0.047438,-3.266558,-0.245605,0.412983,0.001531,0.001049,0.050222,2.393526,1.143655,47.450210
2.200825,0.046838,-3.280368,-0.205605,0.422983,-0.003195,-0.001121,-0.042227,2.393437,1.143890,47.450210
2.199570,0.047611,-3.292628,-0.245605,0.412983,0.003617,0.002856,0.091554,2.391719,1.142525,47.450210
2.200434,0.049280,-3.258440,-0.205605,0.422983,-0.000909,-0.000075,0.004144,2.390440,1.140101,47.450210
2.201339,0.049636,-3.225255,-0.245605,0.412983,0.003461,0.002714,0.087520,2.392102,1.142202,47.450210
2.201980,0.048820,-3.205567,-0.205605,0.422983,-0.000967,-0.000095,0.003306,2.392586,1.143083,47.450210
2.202896,0.047972,-3.186903,-0.245605,0.412983,0.003467,0.002788,0.089774,2.392799,1.143534,47.450210
2.203672,0.046861,-3.177523,-0.205605,0.422983,-0.001024,-0.000095,0.003298,2.393075,1.143824,47.450210
2.204664,0.046052,-3.169509,-0.245605,0.412983,0.001398,0.001045,0.050083,2.393448,1.143353,47.450210
2.203483,0.043509,-3.208441,-0.205605,0.422983,-0.003323,-0.001120,-0.042221,2.393385,1.143583,47.450210
2.202363,0.043669,-3.244438,-0.245605,0.412983,0.001576,0.001111,0.052384,2.392767,1.143074,47.450210
2.201453,0.043801,-3.269423,-0.205605,0.422983,-0.003141,-0.001102,-0.041847,2.393017,1.143375,47.450210
2.200461,0.045384,-3.289232,-0.245605,0.412983,0.002036,0.001365,0.059826,2.393276,1.143522,47.450210
2.199877,0.046261,-3.292625,-0.205605,0.422983,-0.003183,-0.001149,-0.042652,2.393314,1.143668,47.450210
2.198676,0.047471,-3.303137,-0.245605,0.412983,0.003639,0.002845,0.091475,2.393135,1.143821,47.450210
2.199573,0.049392,-3.266876,-0.205605,0.422983,-0.000857,-0.000088,0.003889,2.393127,1.143947,47.450210
2.200525,0.049867,-3.231580,-0.245605,0.412983,0.003582,0.002821,0.091165,2.393033,1.144038,47.450210
2.201279,0.049192,-3.206179,-0.205605,0.422983,-0.001017,-0.000109,0.003264,2.393095,1.144121,47.450210
2.202135,0.048168,-3.186574,-0.245605,0.412983,0.003355,0.002732,0.088213,2.392932,1.144079,47.450210
2.202801,0.046872,-3.178214,-0.205605,0.422983,-0.001054,-0.000097,0.003274,2.393010,1.143891,47.450210
2.203777,0.046012,-3.169815,-0.245605,0.412983,0.001878,0.001380,0.059749,2.393079,1.143865,47.450210
2.203095,0.043760,-3.198958,-0.205605,0.422983,-0.005373,-0.002951,-0.083443,2.392648,1.143298,47.450210
2.199928,0.041718,-3.277935,-0.245605,0.412983,-0.000745,-0.000006,0.004299,2.393116,1.143673,47.450210
2.196826,0.042090,-3.347456,-0.205605,0.422983,-0.005047,-0.003021,-0.086846,2.393209,1.143541,47.450210
2.194038,0.044141,-3.395247,-0.245605,0.412983,-0.000437,0.000039,0.005763,2.392700,1.142919,47.450210
2.191039,0.046476,-3.431005,-0.205605,0.422983,-0.004867,-0.003011,-0.085728,2.392967,1.143386,47.450210
2.188125,0.048953,-3.449731,-0.245605,0.412983,-0.000336,0.000016,0.005787,2.392849,1.143547,47.450210
2.184927,0.050807,-3.462882,-0.205605,0.422983,-0.004781,-0.002969,-0.084006,2.392891,1.143255,47.450210
2.181866,0.052366,-3.464664,-0.245605,0.412983,-0.000311,0.000026,0.005804,2.393281,1.143250,47.450210
2.178559,0.053115,-3.466641,-0.205605,0.422983,-0.004850,-0.002985,-0.084501,2.392149,1.142265,47.450210
2.175382,0.053544,-3.463111,-0.245605,0.412983,-0.000316,0.000035,0.005645,2.392659,1.142548,47.450210
2.172117,0.053390,-3.461858,-0.205605,0.422983,-0.003115,-0.001354,-0.049035,2.392647,1.142641,47.450210
2.170787,0.054732,-3.421842,-0.245605,0.412983,0.004177,0.003039,0.096062,2.392866,1.142545,47.450210
2.172090,0.055702,-3.335171,-0.205605,0.422983,-0.000671,-0.000076,0.004219,2.392703,1.142427,47.450210
2.173234,0.053975,-3.266568,-0.245605,0.412983,0.003633,0.002828,0.091025,2.391268,1.140919,47.450210
2.174237,0.050873,-3.219122,-0.205605,0.422983,-0.000939,-0.000104,0.003238,2.392231,1.141722,47.450210
2.175555,0.047674,-3.186632,-0.245605,0.412983,0.001763,0.001289,0.056783,2.392728,1.142010,47.450210
2.175158,0.043114,-3.205366,-0.205605,0.422983,-0.005406,-0.003070,-0.086734,2.392769,1.142399,47.450210
2.172527,0.039339,-3.279913,-0.245605,0.412983,-0.000720,0.000013,0.004466,2.393066,1.142535,47.450210
2.170124,0.038505,-3.348318,-0.205605,0.422983,-0.003322,-0.001404,-0.052373,2.393256,1.142445,47.450210
2.169828,0.041458,-3.360024,-0.245605,0.412983,0.003921,0.003125,0.099232,2.393045,1.142285,47.450210
2.171880,0.044925,-3.310350,-0.205605,0.422983,-0.000750,-0.000091,0.004181,2.393026,1.142425,47.450210
2.173726,0.046070,-3.264493,-0.245605,0.412983,0.003741,0.003022,0.097052,2.393099,1.142345,47.450210
2.175346,0.045691,-3.228751,-0.205605,0.422983,-0.001028,-0.000123,0.003135,2.393108,1.142600,47.450210
2.176894,0.044591,-3.203207,-0.245605,0.412983,0.003479,0.002947,0.094338,2.393338,1.142414,47.450210
2.178365,0.043258,-3.187929,-0.205605,0.422983,-0.001111,-0.000114,0.002987,2.393233,1.142570,47.450210
2.179981,0.042156,-3.177636,-0.245605,0.412983,0.003419,0.002946,0.094264,2.393247,1.142610,47.450210
2.181519,0.041213,-3.174656,-0.205605,0.422983,-0.001114,-0.000103,0.003235,2.393007,1.142347,47.450210
2.183215,0.040733,-3.171976,-0.245605,0.412983,0.003420,0.002943,0.094374,2.393189,1.142793,47.450210
2.184790,0.040370,-3.174273,-0.205605,0.422983,-0.001099,-0.000087,0.003490,2.394117,1.142496,47.450210
2.186502,0.040432,-3.173863,-0.245605,0.412983,0.003439,0.002963,0.095041,2.393611,1.142546,47.450210
2.188050,0.040485,-3.176451,-0.205605,0.422983,-0.001092,-0.000133,0.002630,2.391812,1.143900,47.450210
2.189692,0.040749,-3.176994,-0.245605,0.412983,0.001283,0.001001,0.050348,2.391164,1.144553,47.450210
2.189001,0.039046,-3.223469,-0.205605,0.422983,-0.003157,-0.001041,-0.039285,2.390679,1.145106,47.450210
2.188601,0.040225,-3.257100,-0.245605,0.412983,0.001391,0.001015,0.050748,2.390449,1.145355,47.450210
2.187971,0.040714,-3.285952,-0.205605,0.422983,-0.003030,-0.001043,-0.039077,2.390422,1.145461,47.450210
2.187541,0.042892,-3.300736,-0.245605,0.412983,0.003561,0.002916,0.093827,2.389909,1.145136,47.450210
2.188879,0.045460,-3.270246,-0.205605,0.422983,-0.000911,-0.000118,0.003643,2.390019,1.145392,47.450210
2.190249,0.046555,-3.238184,-0.245605,0.412983,0.001627,0.001151,0.054751,2.390020,1.145686,47.450210
2.189442,0.044691,-3.253128,-0.205605,0.422983,-0.003367,-0.001199,-0.043079,2.390132,1.145608,47.450210
2.188411,0.044545,-3.273440,-0.245605,0.412983,0.001439,0.001024,0.050450,2.390070,1.145478,47.450210
2.187533,0.044017,-3.289021,-0.205605,0.422983,-0.003029,-0.001036,-0.038986,2.390107,1.145494,47.450210
2.186881,0.045101,-3.297225,-0.245605,0.412983,0.001463,0.000990,0.049452,2.390196,1.145458,47.450210
2.185989,0.044875,-3.306967,-0.205605,0.422983,-0.003051,-0.001090,-0.040340,2.390225,1.145542,47.450210
2.185265,0.045986,-3.310395,-0.245605,0.412983,0.003836,0.003017,0.096606,2.390041,1.145635,47.450210
2.186703,0.047729,-3.267776,-0.205605,0.422983,-0.000872,-0.000108,0.003804,2.389894,1.145248,47.450210
2.188002,0.047828,-3.231746,-0.245605,0.412983,0.001589,0.001108,0.053101,2.390103,1.145306,47.450210
2.187129,0.045164,-3.246359,-0.205605,0.422983,-0.003199,-0.001096,-0.040113,2.390317,1.145273,47.450210
2.186290,0.044606,-3.263870,-0.245605,0.412983,0.001701,0.001193,0.054930,2.390356,1.145374,47.450210
2.185725,0.043812,-3.276451,-0.205605,0.422983,-0.002983,-0.001010,-0.037954,2.390366,1.145159,47.450210
2.185184,0.044521,-3.286497,-0.245605,0.412983,0.003565,0.002883,0.092507,2.389706,1.144631,47.450210
2.186480,0.045962,-3.256453,-0.205605,0.422983,-0.000868,-0.000106,0.003663,2.390078,1.145196,47.450210
2.187918,0.046344,-3.226227,-0.245605,0.412983,0.003640,0.002921,0.094347,2.390055,1.145468,47.450210
2.189199,0.045828,-3.204167,-0.205605,0.422983,-0.001023,-0.000129,0.003274,2.390000,1.145461,47.450210
2.190505,0.045019,-3.187854,-0.245605,0.412983,0.001168,0.000885,0.046432,2.390143,1.145375,47.450210
2.189404,0.042095,-3.225726,-0.205605,0.422983,-0.003129,-0.001073,-0.040257,2.393617,1.148274,47.450210
2.188823,0.042247,-3.254378,-0.245605,0.412983,0.001794,0.001243,0.056645,2.394802,1.150006,47.450210
2.188466,0.042228,-3.273288,-0.205605,0.422983,-0.003013,-0.001052,-0.039188,2.395019,1.150861,47.450210
2.187953,0.043561,-3.288795,-0.245605,0.412983,0.001464,0.000967,0.049227,2.394989,1.151330,47.450210
2.187153,0.043674,-3.304292,-0.205605,0.422983,-0.003054,-0.001112,-0.040803,2.394914,1.151446,47.450210
2.186489,0.045189,-3.311140,-0.245605,0.412983,0.001590,0.001028,0.050975,2.395321,1.151423,47.450210
2.185706,0.045315,-3.316045,-0.205605,0.422983,-0.003001,-0.001060,-0.038872,2.394557,1.150908,47.450210
2.184996,0.046533,-3.315050,-0.245605,0.412983,0.001532,0.000986,0.049641,2.394793,1.151358,47.450210
2.184091,0.046173,-3.317173,-0.205605,0.422983,-0.002895,-0.001015,-0.037541,2.394970,1.151456,47.450210
2.183455,0.047055,-3.312779,-0.245605,0.412983,0.001862,0.001219,0.056249,2.394975,1.151771,47.450210
2.182876,0.046579,-3.307352,-0.205605,0.422983,-0.003003,-0.001064,-0.039037,2.395525,1.150832,47.450210
2.182142,0.046916,-3.305755,-0.245605,0.412983,0.001486,0.000976,0.049073,2.395532,1.151066,47.450210
2.181232,0.045953,-3.309021,-0.205605,0.422983,-0.002983,-0.001064,-0.039152,2.395469,1.151306,47.450210
2.180591,0.046427,-3.307712,-0.245605,0.412983,0.001516,0.000980,0.049196,2.395289,1.151374,47.450210
2.179771,0.045560,-3.311151,-0.205605,0.422983,-0.002945,-0.001047,-0.038649,2.395132,1.151394,47.450210
2.179221,0.046136,-3.309082,-0.245605,0.412983,0.001583,0.001026,0.050656,2.394951,1.151280,47.450210
2.178511,0.045342,-3.311100,-0.205605,0.422983,-0.002942,-0.001051,-0.038746,2.395019,1.151249,47.450210
2.178003,0.045893,-3.309163,-0.245605,0.412983,0.001832,0.001207,0.055797,2.394960,1.151387,47.450210
2.177582,0.045267,-3.306293,-0.205605,0.422983,-0.002929,-0.001040,-0.038357,2.394869,1.151283,47.450210
2.177117,0.045656,-3.304967,-0.245605,0.412983,0.002200,0.001493,0.063754,2.394965,1.151448,47.450210
2.177101,0.045214,-3.295367,-0.205605,0.422983,-0.004189,-0.001965,-0.063426,2.394774,1.151178,47.450210
2.175402,0.044362,-3.321697,-0.245605,0.412983,0.003526,0.002857,0.091859,2.394548,1.150285,47.450210
2.176804,0.046021,-3.282873,-0.205605,0.422983,-0.000827,-0.000108,0.003661,2.394889,1.150704,47.450210
2.178433,0.046389,-3.243663,-0.245605,0.412983,0.003548,0.002877,0.093201,2.393784,1.149950,47.450210
2.179776,0.045563,-3.216731,-0.205605,0.422983,-0.000987,-0.000133,0.003230,2.394842,1.150499,47.450210
2.181301,0.044499,-3.195413,-0.245605,0.412983,0.003351,0.002799,0.090553,2.395197,1.150871,47.450210
2.182576,0.043172,-3.186878,-0.205605,0.422983,-0.001086,-0.000133,0.003158,2.394561,1.150190,47.450210
2.184141,0.042358,-3.177940,-0.245605,0.412983,0.001252,0.000955,0.048773,2.394612,1.150668,47.450210
2.183421,0.039672,-3.220773,-0.205605,0.422983,-0.005288,-0.003027,-0.084595,2.395002,1.150847,47.450210
2.180963,0.038169,-3.297751,-0.245605,0.412983,-0.000803,-0.000052,0.004083,2.394588,1.150778,47.450210
2.178374,0.038769,-3.366957,-0.205605,0.422983,-0.002839,-0.001065,-0.041161,2.394625,1.150719,47.450210
2.178359,0.043083,-3.364785,-0.245605,0.412983,0.001672,0.001054,0.052398,2.393944,1.150168,47.450210
2.177881,0.044735,-3.359357,-0.205605,0.422983,-0.002970,-0.001148,-0.041562,2.394677,1.150453,47.450210
2.177338,0.046671,-3.349626,-0.245605,0.412983,0.001880,0.001207,0.056416,2.395029,1.150749,47.450210
2.176872,0.046832,-3.335506,-0.205605,0.422983,-0.003005,-0.001098,-0.039772,2.395084,1.150899,47.450210
2.176202,0.047379,-3.325914,-0.245605,0.412983,0.001604,0.001049,0.051458,2.395268,1.151145,47.450210
2.175466,0.046428,-3.320139,-0.205605,0.422983,-0.005493,-0.003248,-0.090129,2.393514,1.149559,47.450210
2.172380,0.044435,-3.364840,-0.245605,0.412983,-0.000662,-0.000043,0.004321,2.394209,1.150336,47.450210
2.169588,0.044092,-3.403314,-0.205605,0.422983,-0.002813,-0.001083,-0.041387,2.394795,1.150717,47.450210
2.169349,0.046897,-3.381879,-0.245605,0.412983,0.002117,0.001315,0.059086,2.394890,1.151010,47.450210
2.169208,0.047349,-3.356012,-0.205605,0.422983,-0.003135,-0.001275,-0.044615,2.394361,1.150766,47.450210
2.168491,0.047538,-3.343632,-0.245605,0.412983,0.003880,0.003009,0.096433,2.394484,1.150872,47.450210
2.170140,0.048379,-3.287063,-0.205605,0.422983,-0.000828,-0.000123,0.003682,2.394567,1.150859,47.450210
2.171730,0.047552,-3.241159,-0.245605,0.412983,0.001685,0.001168,0.054942,2.394639,1.150964,47.450210
2.171264,0.044063,-3.249018,-0.205605,0.422983,-0.003280,-0.001169,-0.042084,2.394671,1.150525,47.450210
2.170720,0.042731,-3.265532,-0.245605,0.412983,0.003780,0.003112,0.098841,2.394814,1.150540,47.450210
2.172651,0.043346,-3.234636,-0.205605,0.422983,-0.000924,-0.000111,0.003593,2.394953,1.150521,47.450210
2.174502,0.043042,-3.210597,-0.245605,0.412983,0.001788,0.001302,0.059064,2.394882,1.150485,47.450210
2.174414,0.040595,-3.232131,-0.205605,0.422983,-0.003253,-0.001152,-0.041833,2.394995,1.150528,47.450210
2.174090,0.040286,-3.259462,-0.245605,0.412983,0.001486,0.001075,0.052270,2.395111,1.150608,47.450210
2.173826,0.039781,-3.282886,-0.205605,0.422983,-0.003164,-0.001155,-0.042628,2.394888,1.150504,47.450210
2.173598,0.041057,-3.299777,-0.245605,0.412983,0.003064,0.002472,0.084194,2.395185,1.150414,47.450210
2.174820,0.042704,-3.280384,-0.205605,0.422983,-0.000892,-0.000121,0.003490,2.394971,1.150641,47.450210
2.176651,0.043994,-3.246999,-0.245605,0.412983,0.003664,0.002996,0.096832,2.395082,1.150798,47.450210
2.178293,0.044034,-3.220753,-0.205605,0.422983,-0.001033,-0.000149,0.003125,2.395026,1.151118,47.450210
2.179894,0.043490,-3.200883,-0.245605,0.412983,0.001774,0.001329,0.059866,2.394914,1.151169,47.450210
2.179674,0.041070,-3.223892,-0.205605,0.422983,-0.003228,-0.001076,-0.039269,2.394353,1.150387,47.450210
2.179252,0.040831,-3.251258,-0.245605,0.412983,0.001666,0.001243,0.057176,2.393490,1.149696,47.450210
2.179046,0.040485,-3.271493,-0.205605,0.422983,-0.003208,-0.001165,-0.042998,2.394622,1.150378,47.450210
2.178640,0.041582,-3.291729,-0.245605,0.412983,0.003845,0.003123,0.099943,2.394889,1.150956,47.450210
2.180525,0.043877,-3.258258,-0.205605,0.422983,-0.000909,-0.000124,0.003616,2.395076,1.151078,47.450210
2.182175,0.044578,-3.229647,-0.245605,0.412983,0.001317,0.000948,0.049194,2.395122,1.151002,47.450210
2.181350,0.042334,-3.254805,-0.205605,0.422983,-0.003287,-0.001171,-0.042328,2.395255,1.151089,47.450210
2.180714,0.042495,-3.275862,-0.245605,0.412983,0.001722,0.001224,0.056489,2.395100,1.151256,47.450210
2.180397,0.042327,-3.287777,-0.205605,0.422983,-0.003096,-0.001097,-0.040452,2.395035,1.151033,47.450210
2.179933,0.043381,-3.298694,-0.245605,0.412983,0.001686,0.001156,0.054584,2.395219,1.151369,47.450210
2.179508,0.043395,-3.305275,-0.205605,0.422983,-0.003138,-0.001156,-0.042094,2.394925,1.151115,47.450210
2.178925,0.044426,-3.311570,-0.245605,0.412983,0.001819,0.001233,0.056933,2.394591,1.150888,47.450210
2.178566,0.044439,-3.310446,-0.205605,0.422983,-0.003034,-0.001097,-0.040127,2.394725,1.151035,47.450210
2.178028,0.045240,-3.311544,-0.245605,0.412983,0.001543,0.001024,0.050820,2.394882,1.151257,47.450210
2.177357,0.044709,-3.314552,-0.205605,0.422983,-0.003047,-0.001110,-0.040486,2.394963,1.151384,47.450210
2.176803,0.045426,-3.314304,-0.245605,0.412983,0.002021,0.001357,0.060344,2.394864,1.151370,47.450210
2.176614,0.045147,-3.306575,-0.205605,0.422983,-0.005434,-0.003229,-0.089592,2.393947,1.150401,47.450210
2.173667,0.043323,-3.356409,-0.245605,0.412983,-0.000663,-0.000047,0.004466,2.394466,1.150697,47.450210
2.170937,0.043211,-3.399237,-0.205605,0.422983,-0.004923,-0.003059,-0.086252,2.394706,1.150660,47.450210
2.168632,0.044329,-3.425290,-0.245605,0.412983,-0.000443,-0.000011,0.005362,2.394604,1.150724,47.450210
2.166059,0.045392,-3.449038,-0.205605,0.422983,-0.003046,-0.001360,-0.048881,2.394537,1.150731,47.450210
2.165510,0.048492,-3.421373,-0.245605,0.412983,0.004102,0.003095,0.099149,2.393638,1.149865,47.450210
2.167261,0.051000,-3.342974,-0.205605,0.422983,-0.000681,-0.000126,0.004063,2.394172,1.150398,47.450210
2.168799,0.050618,-3.278730,-0.245605,0.412983,0.001699,0.001113,0.053646,2.394320,1.150583,47.450210
2.168152,0.046857,-3.272356,-0.205605,0.422983,-0.003215,-0.001158,-0.041239,2.394651,1.150622,47.450210
2.167514,0.044969,-3.276851,-0.245605,0.412983,0.003704,0.003037,0.096519,2.394307,1.150205,47.450210
2.169267,0.044819,-3.240116,-0.205605,0.422983,-0.000917,-0.000105,0.003571,2.394317,1.150358,47.450210
2.171084,0.043906,-3.211297,-0.245605,0.412983,0.001600,0.001166,0.054847,2.394448,1.150524,47.450210
2.170818,0.040795,-3.234097,-0.205605,0.422983,-0.003261,-0.001159,-0.042237,2.394632,1.150401,47.450210
2.170537,0.040199,-3.260028,-0.245605,0.412983,0.001426,0.001031,0.050820,2.395031,1.150506,47.450210
2.170287,0.039428,-3.284151,-0.205605,0.422983,-0.005514,-0.003349,-0.093768,2.394840,1.150584,47.450210
2.167801,0.038411,-3.351498,-0.245605,0.412983,-0.000649,-0.000028,0.004843,2.395105,1.150401,47.450210
2.165532,0.039357,-3.404469,-0.205605,0.422983,-0.002849,-0.001117,-0.042593,2.395094,1.150500,47.450210
2.165673,0.043473,-3.390117,-0.245605,0.412983,0.001730,0.001064,0.052537,2.395034,1.150564,47.450210
2.165435,0.044706,-3.375392,-0.205605,0.422983,-0.002997,-0.001180,-0.042341,2.395000,1.150437,47.450210
2.165089,0.046130,-3.359289,-0.245605,0.412983,0.001901,0.001247,0.057586,2.394795,1.150704,47.450210
2.164896,0.045819,-3.340443,-0.205605,0.422983,-0.005386,-0.003260,-0.090173,2.394780,1.150567,47.450210
2.162134,0.043791,-3.378570,-0.245605,0.412983,-0.000695,-0.000055,0.004273,2.394645,1.150490,47.450210
2.159533,0.043219,-3.413152,-0.205605,0.422983,-0.005245,-0.003327,-0.093761,2.394765,1.150416,47.450210
2.157111,0.043592,-3.440206,-0.245605,0.412983,-0.000470,-0.000013,0.005267,2.394778,1.150231,47.450210
2.154761,0.044389,-3.459781,-0.205605,0.422983,-0.005052,-0.003309,-0.092893,2.394955,1.149973,47.450210
2.152485,0.045314,-3.471894,-0.245605,0.412983,-0.000305,0.000019,0.006145,2.395731,1.149156,47.450210
2.150226,0.046094,-3.479325,-0.205605,0.422983,-0.005058,-0.003320,-0.092874,2.395326,1.149260,47.450210
2.147886,0.046643,-3.483103,-0.245605,0.412983,-0.000344,-0.000014,0.005520,2.394889,1.149420,47.450210
2.145570,0.046917,-3.485120,-0.205605,0.422983,-0.002638,-0.001103,-0.040991,2.392813,1.147305,47.450210
2.145667,0.049215,-3.433431,-0.245605,0.412983,0.002401,0.001478,0.063399,2.393788,1.148493,47.450210
2.146028,0.048653,-3.382363,-0.205605,0.422983,-0.002884,-0.001138,-0.040642,2.394180,1.148973,47.450210
2.145884,0.047536,-3.351473,-0.245605,0.412983,0.001606,0.001040,0.051078,2.394480,1.149223,47.450210
2.145677,0.044875,-3.333578,-0.205605,0.422983,-0.003082,-0.001172,-0.042453,2.394493,1.148955,47.450210
2.145666,0.043647,-3.321740,-0.245605,0.412983,0.001520,0.001054,0.051154,2.394700,1.149070,47.450210
2.145676,0.041463,-3.318526,-0.205605,0.422983,-0.005440,-0.003376,-0.094037,2.394551,1.149157,47.450210
2.143559,0.038811,-3.367458,-0.245605,0.412983,-0.000648,-0.000030,0.004545,2.394729,1.149291,47.450210
2.141708,0.038172,-3.410729,-0.205605,0.422983,-0.002848,-0.001151,-0.043835,2.394832,1.149192,47.450210
2.142392,0.041050,-3.391108,-0.245605,0.412983,0.001769,0.001143,0.054702,2.394728,1.149121,47.450210
2.142799,0.041371,-3.373893,-0.205605,0.422983,-0.003009,-0.001214,-0.043716,2.394740,1.148962,47.450210
2.143108,0.042172,-3.358496,-0.245605,0.412983,0.001571,0.001072,0.052777,2.394269,1.148388,47.450210
2.143268,0.041253,-3.348175,-0.205605,0.422983,-0.003113,-0.001212,-0.043886,2.394701,1.148784,47.450210
2.143509,0.041447,-3.339362,-0.245605,0.412983,0.001505,0.001083,0.052813,2.393838,1.148068,47.450210
2.143670,0.040312,-3.334883,-0.205605,0.422983,-0.003384,-0.001394,-0.049251,2.394615,1.148878,47.450210
2.143711,0.040330,-3.336335,-0.245605,0.412983,0.001839,0.001325,0.059609,2.394652,1.149298,47.450210
2.144280,0.039745,-3.328222,-0.205605,0.422983,-0.003402,-0.001398,-0.049238,2.394616,1.149382,47.450210
2.144338,0.039827,-3.332399,-0.245605,0.412983,0.001541,0.001112,0.053708,2.394755,1.149366,47.450210
2.144635,0.039143,-3.332325,-0.205605,0.422983,-0.003386,-0.001390,-0.049121,2.394533,1.149174,47.450210
2.144740,0.039580,-3.336466,-0.245605,0.412983,0.001766,0.001280,0.058442,2.394550,1.149310,47.450210
2.145266,0.039283,-3.331386,-0.205605,0.422983,-0.003174,-0.001225,-0.044429,2.394642,1.149324,47.450210
2.145562,0.039857,-3.331015,-0.245605,0.412983,0.001855,0.001342,0.060407,2.394588,1.149417,47.450210
2.146150,0.039452,-3.324759,-0.205605,0.422983,-0.005548,-0.003456,-0.095962,2.394693,1.149400,47.450210
2.144052,0.037626,-3.377508,-0.245605,0.412983,-0.000787,-0.000054,0.004333,2.392591,1.147203,47.450210
2.142123,0.037656,-3.421339,-0.205605,0.422983,-0.005283,-0.003475,-0.098210,2.393786,1.148253,47.450210
2.140385,0.038701,-3.454523,-0.245605,0.412983,-0.000480,-0.000020,0.005262,2.394252,1.148840,47.450210
2.138660,0.040142,-3.477282,-0.205605,0.422983,-0.002721,-0.001150,-0.043285,2.394554,1.149087,47.450210
2.139313,0.043908,-3.437252,-0.245605,0.412983,0.001725,0.001068,0.052744,2.394707,1.149270,47.450210
2.139480,0.044211,-3.405258,-0.205605,0.422983,-0.002897,-0.001145,-0.041272,2.394627,1.149193,47.450210
2.139734,0.044708,-3.374493,-0.245605,0.412983,0.001546,0.001048,0.051833,2.394423,1.149201,47.450210
2.139744,0.043101,-3.355415,-0.205605,0.422983,-0.003017,-0.001138,-0.041313,2.394673,1.149230,47.450210
2.140008,0.042662,-3.338388,-0.245605,0.412983,0.003863,0.003235,0.102252,2.394510,1.149474,47.450210
2.142513,0.042983,-3.281249,-0.205605,0.422983,-0.000911,-0.000122,0.003637,2.394337,1.149993,47.450210
2.144925,0.041837,-3.238167,-0.245605,0.412983,0.003581,0.003081,0.098644,2.393848,1.150384,47.450210
2.147231,0.040072,-3.210171,-0.205605,0.422983,-0.001069,-0.000130,0.003299,2.392587,1.151025,47.450210
2.149669,0.038443,-3.191386,-0.245605,0.412983,0.001115,0.000963,0.049222,2.390507,1.151114,47.450210
2.149692,0.034903,-3.232556,-0.205605,0.422983,-0.005700,-0.003432,-0.096053,2.386465,1.150295,47.450210
2.147774,0.032606,-3.317454,-0.245605,0.418008,-0.001222,-0.000010,0.005647,2.384213,1.150272,47.450210
2.146260,0.033166,-3.386001,-0.205641,0.428008,-0.003654,-0.001564,-0.055902,2.381944,1.149106,47.450210
2.146947,0.037104,-3.394077,-0.245641,0.438008,0.000785,0.001096,0.055909,2.379867,1.148406,47.450210
2.149125,0.039216,-3.384917,-0.213271,0.448008,-0.002769,-0.001020,-0.033881,2.375426,1.144257,47.450210
2.151558,0.041049,-3.386345,-0.253271,0.453042,0.001485,0.001612,0.066899,2.375632,1.145330,47.450210
2.154958,0.042141,-3.373871,-0.224483,0.463042,-0.003276,-0.001225,-0.036023,2.377080,1.146012,47.450210
2.157102,0.041980,-3.407035,-0.264483,0.464908,0.001616,0.001376,0.056317,2.376858,1.146471,47.450210
2.160678,0.043003,-3.416340,-0.224483,0.474908,-0.003770,-0.001435,-0.045185,2.377435,1.147422,47.450210
2.163327,0.043977,-3.449050,-0.264483,0.464908,0.002551,0.001375,0.054811,2.377425,1.148084,47.450210
2.167527,0.045988,-3.447830,-0.224483,0.474908,-0.003741,-0.001466,-0.045611,2.378242,1.149393,47.450210
2.169820,0.047351,-3.470364,-0.264483,0.464908,0.002649,0.001346,0.053927,2.379852,1.151335,47.450210
2.173733,0.049399,-3.459533,-0.224483,0.474908,-0.002698,-0.000867,-0.029120,2.380950,1.153200,47.450210
2.176698,0.051087,-3.458649,-0.264483,0.464908,0.001688,0.000764,0.037416,2.382483,1.156331,47.450210
2.179287,0.051659,-3.459904,-0.224483,0.474908,-0.002652,-0.000843,-0.028851,2.384592,1.160158,47.450210
2.182025,0.053106,-3.456232,-0.264483,0.464908,0.001757,0.000766,0.036932,2.386586,1.164431,47.450210
2.184449,0.053441,-3.455159,-0.224483,0.474908,-0.003333,-0.001222,-0.039345,2.388723,1.169638,47.450210
2.186278,0.054223,-3.461299,-0.264483,0.464908,0.004036,0.002185,0.069640,2.390746,1.175356,47.450210
2.190816,0.056134,-3.424993,-0.224483,0.474908,-0.000211,-0.000002,0.005568,2.391022,1.180090,47.450210
2.195512,0.056940,-3.389484,-0.263772,0.464908,0.003895,0.002039,0.066362,2.391655,1.184711,47.450210
2.199737,0.056642,-3.365482,-0.223772,0.474908,-0.000471,-0.000071,0.003554,2.392046,1.188771,47.450210
2.204126,0.056254,-3.344102,-0.263772,0.464908,0.001760,0.000767,0.036936,2.392229,1.191921,47.450210
2.206174,0.054285,-3.361589,-0.223772,0.474908,-0.002676,-0.000772,-0.026809,2.392746,1.194813,47.450210
2.208405,0.054312,-3.377066,-0.263772,0.464908,0.002110,0.000956,0.042025,2.392113,1.196039,47.450210
2.210791,0.054376,-3.388017,-0.223772,0.474908,-0.002554,-0.000757,-0.026266,2.392808,1.197743,47.450210
2.213003,0.055502,-3.398248,-0.263772,0.464908,0.001912,0.000795,0.038011,2.393283,1.198743,47.450210
2.214989,0.056016,-3.407421,-0.223772,0.474908,-0.002824,-0.000919,-0.030196,2.393024,1.199532,47.450210
2.216704,0.057360,-3.415632,-0.263772,0.464908,0.003873,0.002054,0.066797,2.390238,1.198326,47.450210
2.220427,0.059383,-3.389316,-0.223772,0.474908,-0.000409,-0.000070,0.004772,2.389294,1.199203,47.450210
2.224248,0.060441,-3.361811,-0.263772,0.464908,0.001836,0.000696,0.035991,2.389693,1.201762,47.450210
2.225688,0.059257,-3.371352,-0.223772,0.474908,-0.003202,-0.001092,-0.033779,2.389869,1.202998,47.450210
2.226657,0.059211,-3.387510,-0.263772,0.464908,0.002657,0.001155,0.048009,2.389639,1.203304,47.450210
2.228903,0.059776,-3.383258,-0.223772,0.474908,-0.003138,-0.001047,-0.032589,2.387946,1.201817,47.450210
2.229809,0.060214,-3.395648,-0.263772,0.464908,0.002747,0.001146,0.048029,2.389322,1.203378,47.450210
2.232002,0.060969,-3.388438,-0.223772,0.474908,-0.004176,-0.001767,-0.042233,2.387851,1.194984,47.450210
2.231715,0.060719,-3.408107,-0.263772,0.464908,-0.000354,0.000116,-0.000669,2.389639,1.204263,47.450210
2.230713,0.060817,-3.446507,-0.223772,0.474908,-0.004523,-0.002402,-0.052525,2.386984,1.195266,47.450210
2.230020,0.061612,-3.464619,-0.263772,0.464908,0.000630,0.000480,0.013886,2.388728,1.205090,47.450210
2.229871,0.063349,-3.475602,-0.223772,0.474908,-0.003570,-0.001607,-0.044030,2.389502,1.203059,47.450210
2.229918,0.065010,-3.475177,-0.263772,0.464908,0.000041,0.000003,0.006985,2.388987,1.203135,47.450210
2.228933,0.065642,-3.484255,-0.223772,0.474908,-0.004272,-0.002257,-0.053587,2.387152,1.194570,47.450210
2.228118,0.066185,-3.487919,-0.263772,0.464908,-0.000045,0.000137,0.005201,2.392182,1.206987,47.450210
2.226981,0.066869,-3.493801,-0.223772,0.474908,-0.004110,-0.001999,-0.051745,2.390761,1.205463,47.450210
2.226268,0.067464,-3.491348,-0.263772,0.464908,0.000102,-0.000005,0.007304,2.389563,1.204429,47.450210
2.225218,0.067618,-3.491692,-0.223772,0.474908,-0.002777,-0.001090,-0.032489,2.389746,1.204623,47.450210
2.225825,0.068709,-3.468821,-0.263772,0.464908,0.004470,0.001969,0.065960,2.389753,1.204786,47.450210
2.229114,0.069786,-3.411972,-0.223772,0.474908,-0.000721,0.000174,-0.001125,2.387427,1.195446,47.450210
2.231696,0.069397,-3.370704,-0.263772,0.464908,0.004390,0.002028,0.065591,2.392075,1.198105,47.450210
2.234951,0.067870,-3.331460,-0.223772,0.474908,-0.001137,-0.000246,-0.004557,2.392581,1.200069,47.450210
2.237294,0.065630,-3.313792,-0.263772,0.464908,0.004060,0.002012,0.064825,2.392682,1.201058,47.450210
2.240466,0.063897,-3.294821,-0.223772,0.474908,0.000287,-0.000318,0.005348,2.394282,1.210525,47.450210
2.244451,0.062100,-3.282803,-0.263772,0.464908,0.003485,0.002000,0.066845,2.369103,1.185016,47.450210
2.247193,0.061033,-3.276721,-0.223772,0.474908,-0.000241,-0.000032,0.001917,2.393173,1.209279,47.450210
2.250744,0.060370,-3.278543,-0.263772,0.464908,0.001760,0.000704,0.036493,2.391038,1.207356,47.450210
2.251757,0.058879,-3.308753,-0.223772,0.474779,-0.003047,-0.000720,-0.023674,2.369286,1.185490,47.450210
2.252489,0.059477,-3.334403,-0.263772,0.464779,0.001819,0.000820,0.035743,2.369870,1.186517,47.450210
2.253468,0.060120,-3.356842,-0.223772,0.474779,-0.002553,-0.000635,-0.024715,2.370238,1.187183,47.450210
2.254492,0.061976,-3.371704,-0.263772,0.464779,0.001904,0.000807,0.035988,2.371304,1.186839,47.450210
2.255287,0.063137,-3.381708,-0.223772,0.474779,-0.002391,-0.000582,-0.022541,2.370835,1.187468,47.450210
2.256189,0.065029,-3.384519,-0.263772,0.464779,0.001879,0.000758,0.034283,2.370628,1.187811,47.450210
2.256703,0.065794,-3.387653,-0.223772,0.474779,-0.002389,-0.000578,-0.022315,2.370459,1.188029,47.450210
2.257390,0.067201,-3.384871,-0.263772,0.464779,0.001951,0.000793,0.034976,2.370579,1.188237,47.450210
2.257814,0.067503,-3.382877,-0.223772,0.474779,-0.002331,-0.000542,-0.020935,2.370646,1.188321,47.450210
2.258435,0.068392,-3.377018,-0.263772,0.464779,0.002045,0.000652,0.030117,2.394816,1.212900,47.450210
2.258871,0.068070,-3.379060,-0.223772,0.474779,-0.002440,-0.000567,-0.017124,2.369632,1.187372,47.451008
2.259327,0.068735,-3.369461,-0.263772,0.464779,0.002034,0.000821,0.035545,2.370171,1.187921,47.451805
2.259727,0.068330,-3.366889,-0.223772,0.474779,-0.002312,-0.000535,-0.020876,2.370162,1.188092,47.451805
2.260302,0.068646,-3.363163,-0.263772,0.464779,0.002053,0.000834,0.035726,2.369906,1.187953,47.451805
2.260722,0.068165,-3.361920,-0.223772,0.474779,-0.002425,-0.000577,-0.022281,2.369524,1.187700,47.451805
2.261183,0.068411,-3.361081,-0.263772,0.464779,0.001994,0.000800,0.035078,2.370137,1.187775,47.451805
2.261549,0.067969,-3.361469,-0.223772,0.474779,-0.002541,-0.000627,-0.023717,2.370675,1.187021,47.451805
2.261896,0.068273,-3.362632,-0.263772,0.464779,0.002097,0.000843,0.036157,2.370570,1.186787,47.451805
2.262355,0.068014,-3.362122,-0.223772,0.474779,-0.002448,-0.000588,-0.022644,2.369744,1.187342,47.451805
2.262772,0.068426,-3.362206,-0.263772,0.464779,0.002132,0.000860,0.036635,2.369923,1.186915,47.451805
2.263239,0.068198,-3.361136,-0.223772,0.474779,-0.002413,-0.000741,-0.027144,2.394383,1.211582,47.451805
2.263663,0.068442,-3.365801,-0.263772,0.464779,0.003942,0.001948,0.065143,2.369799,1.187189,47.451805
2.265914,0.069477,-3.335702,-0.223772,0.474779,-0.000303,0.000051,0.005740,2.370350,1.187421,47.451805
2.268359,0.069571,-3.310899,-0.263772,0.464779,0.001853,0.000742,0.033663,2.369919,1.188031,47.451805
2.268474,0.067799,-3.320744,-0.223772,0.474779,-0.002512,-0.000761,-0.027611,2.394131,1.212863,47.451805
2.268803,0.067309,-3.335660,-0.263741,0.464779,0.002004,0.000705,0.035905,2.392059,1.209562,47.451805
2.269154,0.066912,-3.343615,-0.223741,0.474094,-0.002647,-0.000625,-0.020443,2.369257,1.186759,47.452262
2.269280,0.067566,-3.348425,-0.263741,0.464094,0.002231,0.000910,0.037562,2.369291,1.187101,47.452719
2.269737,0.067722,-3.351884,-0.223741,0.474094,-0.004366,-0.001894,-0.052849,2.393149,1.211808,47.452719
2.268064,0.067168,-3.386205,-0.263741,0.464094,-0.000061,-0.000020,0.006781,2.391818,1.211557,47.452719
2.266200,0.067551,-3.414152,-0.223741,0.474094,-0.002077,-0.000517,-0.016847,2.366757,1.186770,47.454230
2.266774,0.070064,-3.399804,-0.263741,0.464094,0.002502,0.000923,0.038321,2.365771,1.186652,47.455742
2.267285,0.070911,-3.387538,-0.223741,0.474094,-0.004284,-0.001898,-0.052413,2.388151,1.211050,47.455742
2.265459,0.070349,-3.408610,-0.263741,0.464094,0.000433,0.000031,0.009541,2.384237,1.209961,47.455742
2.263886,0.070392,-3.422773,-0.229602,0.474094,-0.001082,-0.000253,-0.007336,2.357612,1.186013,47.455742
2.264769,0.072080,-3.403560,-0.269602,0.484094,0.001660,0.000838,0.036054,2.355077,1.186412,47.455742
2.265904,0.072159,-3.393920,-0.229602,0.494094,-0.002080,-0.000479,-0.018008,2.353306,1.187165,47.455742
2.267743,0.072474,-3.388539,-0.269602,0.489643,0.002070,0.000788,0.033885,2.352572,1.188036,47.455742
2.269809,0.072197,-3.383443,-0.270197,0.499643,-0.000476,0.000110,0.007508,2.353179,1.188831,47.455742
2.270298,0.071349,-3.407217,-0.286712,0.509643,0.000230,0.000279,0.012864,2.353059,1.189280,47.455742
2.271169,0.071315,-3.434181,-0.246712,0.519643,-0.002157,-0.000477,-0.013699,2.373663,1.211107,47.455810
2.273942,0.072747,-3.447075,-0.283649,0.509643,0.002636,0.000676,0.030537,2.352978,1.189880,47.455879
2.277216,0.074333,-3.445642,-0.264845,0.519643,-0.002203,-0.000335,-0.004264,2.352042,1.189780,47.456469
2.278055,0.075251,-3.462984,-0.291587,0.526354,-0.000607,-0.000032,0.005536,2.372829,1.211231,47.457060
2.278894,0.076250,-3.483277,-0.251587,0.536354,-0.001223,-0.000184,-0.000229,2.351383,1.189588,47.457482
2.283298,0.078698,-3.473078,-0.290022,0.526354,0.004101,0.001010,0.032257,2.371215,1.211023,47.457904
2.288621,0.080656,-3.458024,-0.276125,0.536354,0.003029,0.000895,0.036330,2.348970,1.189749,47.459083
2.294819,0.082282,-3.431112,-0.282583,0.546354,0.001627,0.000851,0.030901,2.348840,1.190398,47.460261
2.299961,0.083008,-3.415455,-0.242583,0.556354,-0.002851,-0.000512,-0.007354,2.369081,1.211655,47.460261
2.304862,0.083361,-3.404912,-0.282583,0.546354,0.001701,0.000826,0.033386,2.349372,1.192237,47.460261
2.309885,0.083762,-3.390406,-0.268319,0.556354,-0.000807,0.000346,0.017444,2.369657,1.213942,47.460261
2.314488,0.083871,-3.385728,-0.287222,0.546354,0.000913,0.000252,0.019499,2.368499,1.213903,47.460261
2.318184,0.083646,-3.390664,-0.247222,0.556354,-0.003981,-0.000930,-0.018801,2.351265,1.197848,47.460261
2.321210,0.083857,-3.403832,-0.287222,0.546354,-0.000140,-0.000046,0.002858,2.372107,1.220911,47.460261
2.323677,0.084465,-3.423616,-0.256488,0.556354,-0.003284,-0.000779,-0.012557,2.373468,1.224598,47.460976
2.326380,0.085808,-3.434495,-0.286525,0.546354,0.000194,0.000058,0.010267,2.356697,1.210119,47.461690
2.328930,0.087480,-3.438613,-0.246525,0.556354,-0.002302,-0.000498,-0.012615,2.378907,1.234786,47.461690
2.333112,0.089634,-3.432074,-0.278094,0.546354,0.002104,0.000344,0.022912,2.362906,1.221506,47.461690
2.337871,0.091291,-3.413674,-0.238094,0.556354,-0.002217,-0.000540,-0.015032,2.385146,1.247748,47.462950
2.342490,0.092689,-3.398419,-0.277900,0.546354,0.002162,0.000318,0.022109,2.389733,1.254940,47.464210
2.347037,0.093231,-3.381506,-0.237900,0.536354,-0.000546,-0.000296,-0.004798,2.370196,1.241120,47.468355
2.351064,0.093957,-3.359332,-0.273115,0.526354,0.002409,0.000561,0.024095,2.370954,1.247376,47.472500
2.354046,0.093817,-3.342715,-0.233115,0.534353,-0.002295,-0.000495,-0.015270,2.370990,1.252490,47.472500
2.356447,0.093635,-3.331263,-0.273115,0.524353,0.003037,0.000730,0.028665,2.393516,1.279926,47.472500
2.359844,0.093214,-3.315888,-0.233115,0.514353,-0.001849,-0.001037,-0.023333,2.370383,1.260278,47.477284
2.360643,0.092099,-3.318730,-0.268926,0.504353,0.001037,0.000189,0.006902,2.370191,1.262892,47.482067
2.360370,0.091420,-3.328125,-0.228926,0.514353,-0.003771,-0.001137,-0.029628,2.370572,1.263797,47.482067
2.359678,0.091308,-3.332112,-0.268926,0.504353,0.000036,-0.000026,0.003099,2.394185,1.289987,47.482067
2.358435,0.090979,-3.344565,-0.228926,0.494353,-0.000773,-0.000370,-0.007919,2.368067,1.264899,47.482067
2.358713,0.092067,-3.324189,-0.268663,0.484353,0.002346,0.000600,0.028627,2.368967,1.266335,47.482067
2.357743,0.091760,-3.310376,-0.229300,0.494353,-0.002027,-0.000422,-0.012213,2.369166,1.267138,47.482067
2.356786,0.091375,-3.299282,-0.269300,0.484353,0.002248,0.000579,0.027758,2.369136,1.267612,47.482067
2.355813,0.090219,-3.291760,-0.229300,0.494353,-0.004004,-0.001223,-0.031371,2.369304,1.267739,47.482067
2.353064,0.088654,-3.305194,-0.269300,0.484353,-0.000049,-0.000038,0.002653,2.393929,1.292717,47.482067
2.350017,0.087458,-3.326617,-0.229300,0.474353,-0.000918,-0.000345,-0.009094,2.369643,1.267853,47.482067
2.348507,0.088117,-3.314951,-0.269300,0.464353,0.002336,0.000542,0.025382,2.394241,1.292736,47.482067
2.345891,0.087515,-3.312163,-0.229300,0.467974,-0.003329,-0.001300,-0.028286,2.369838,1.267468,47.482067
2.341429,0.086379,-3.321279,-0.269300,0.457974,0.000404,0.000140,0.007601,2.369213,1.267171,47.482067
2.336454,0.085434,-3.337488,-0.229300,0.467974,-0.002259,-0.000586,-0.019209,2.393803,1.291900,47.482067
2.333320,0.085660,-3.334721,-0.269300,0.457974,0.002533,0.000649,0.034998,2.368771,1.266660,47.482067
2.330633,0.085203,-3.321468,-0.229300,0.467974,-0.004047,-0.001324,-0.034063,2.369286,1.266736,47.482067
2.325882,0.083776,-3.335694,-0.269300,0.457974,0.000006,-0.000029,0.002964,2.393506,1.291264,47.482067
2.320934,0.082562,-3.356829,-0.229300,0.465728,-0.003639,-0.001355,-0.031003,2.369495,1.266237,47.482067
2.316639,0.082192,-3.364153,-0.269300,0.455728,0.000250,-0.000011,0.003069,2.393693,1.290684,47.482067
2.311912,0.081574,-3.382067,-0.229300,0.465728,-0.001793,-0.000478,-0.010891,2.368899,1.265607,47.482067
2.309646,0.082459,-3.364619,-0.269300,0.455728,0.004133,0.001449,0.046212,2.393019,1.289997,47.482067
2.308927,0.082695,-3.337583,-0.229300,0.465728,0.000177,-0.000104,0.007379,2.393241,1.289999,47.482067
2.308718,0.081983,-3.307378,-0.269300,0.455728,0.004084,0.001359,0.049266,2.393348,1.289874,47.482067
2.308133,0.080350,-3.287717,-0.229300,0.460461,0.000282,-0.000106,0.005269,2.393268,1.289504,47.482067
2.307770,0.078588,-3.272439,-0.269300,0.450461,0.002382,0.000540,0.029681,2.393527,1.289543,47.482067
2.305249,0.075830,-3.285259,-0.229300,0.460461,-0.004393,-0.001417,-0.034479,2.369848,1.265095,47.482067
2.300565,0.073708,-3.317533,-0.269300,0.450461,-0.000131,-0.000018,0.002406,2.393983,1.289471,47.482067
2.295871,0.072541,-3.358850,-0.229300,0.460461,-0.004397,-0.001697,-0.042051,2.392725,1.287855,47.482067
2.291426,0.072648,-3.388662,-0.269300,0.450461,0.000105,-0.000007,0.007603,2.393716,1.288392,47.482067
2.287056,0.073261,-3.412916,-0.229300,0.460461,-0.004099,-0.001715,-0.041320,2.394087,1.288552,47.482067
2.282918,0.074165,-3.428864,-0.269300,0.450461,0.000280,-0.000034,0.008218,2.394259,1.288513,47.482067
2.278696,0.074928,-3.441007,-0.229300,0.460461,-0.003913,-0.001712,-0.040423,2.394223,1.288271,47.482067
2.274734,0.075613,-3.446447,-0.269300,0.450461,0.000355,-0.000034,0.008284,2.394044,1.288112,47.482067
2.270614,0.075894,-3.451225,-0.229300,0.460461,-0.003858,-0.001691,-0.040057,2.393375,1.287405,47.482067
2.266777,0.076026,-3.451251,-0.269300,0.450461,0.000338,-0.000026,0.008076,2.393692,1.287483,47.482067
2.262752,0.075719,-3.453237,-0.229300,0.460461,-0.003644,-0.001516,-0.035322,2.370903,1.263030,47.482067
2.259291,0.075514,-3.446859,-0.269300,0.450461,0.000337,0.000195,0.008793,2.370873,1.262939,47.482067
2.255456,0.074818,-3.448557,-0.229300,0.460461,-0.001901,-0.000457,-0.016440,2.371943,1.262623,47.482067
2.253953,0.075192,-3.423924,-0.269300,0.450461,0.002378,0.000755,0.033081,2.371222,1.263147,47.482067
2.252338,0.073999,-3.404909,-0.229300,0.460461,-0.002064,-0.000499,-0.017152,2.371038,1.263273,47.482067
2.250882,0.072943,-3.389712,-0.269300,0.450461,0.002126,0.000719,0.032032,2.371730,1.261870,47.482067
2.249291,0.071007,-3.381672,-0.229300,0.460461,-0.002197,-0.000504,-0.018288,2.371399,1.262590,47.482067
2.248011,0.069824,-3.376343,-0.269300,0.450461,0.002299,0.000694,0.030174,2.395361,1.286589,47.482067
2.246876,0.068066,-3.378504,-0.229300,0.460461,-0.002346,-0.000556,-0.015401,2.370840,1.261852,47.482067
2.245697,0.067381,-3.375401,-0.269300,0.450461,0.002075,0.000770,0.032660,2.370573,1.262230,47.482067
2.244542,0.066156,-3.379989,-0.229300,0.460461,-0.002317,-0.000689,-0.024209,2.393841,1.286318,47.482067
2.243564,0.065751,-3.388207,-0.269300,0.450461,0.004306,0.001906,0.062727,2.368708,1.261766,47.482067
2.244759,0.066325,-3.363495,-0.229300,0.460461,0.000164,0.000042,0.004269,2.390611,1.285368,47.482067
2.246276,0.066122,-3.346230,-0.269300,0.450461,0.002527,0.000707,0.036095,2.385069,1.284936,47.482067
2.245700,0.064362,-3.355539,-0.229300,0.460461,-0.003543,-0.001392,-0.035605,2.356137,1.260963,47.482067
2.243638,0.063132,-3.383393,-0.269300,0.470461,-0.000651,0.000274,0.009959,2.353639,1.260692,47.482067
2.242112,0.062753,-3.418155,-0.261141,0.480461,-0.000930,-0.000234,0.006787,2.375769,1.270599,47.482067
2.242007,0.063213,-3.442074,-0.295763,0.482651,0.001856,0.000753,0.018437,2.371142,1.278718,47.482067
2.241990,0.064307,-3.475075,-0.255763,0.492651,-0.001496,-0.000372,-0.005031,2.365888,1.277761,47.482067
2.242819,0.066163,-3.490967,-0.295763,0.502651,0.003489,0.000999,0.039525,2.342449,1.258280,47.482067
2.246186,0.068335,-3.488128,-0.288013,0.512651,-0.001000,-0.000284,0.009947,2.355424,1.269020,47.482067
2.246512,0.069034,-3.507568,-0.300000,0.522651,0.001901,0.000987,0.021934,2.326093,1.258785,47.482067
2.249723,0.071285,-3.515640,-0.286450,0.532651,-0.000270,-0.000001,0.006560,2.335704,1.274122,47.482067
2.252640,0.072763,-3.527602,-0.300000,0.542651,0.000053,0.000184,0.005705,2.327007,1.318512,47.482067
2.255653,0.074483,-3.541742,-0.299143,0.552651,-0.001040,0.000113,0.005466,2.321463,1.363196,47.503694
2.258466,0.076456,-3.550551,-0.300000,0.542651,0.000044,0.000166,0.005266,2.319050,1.408379,47.525321
2.261060,0.078458,-3.554672,-0.266270,0.532651,-0.001622,-0.000494,-0.013678,2.319816,1.453632,47.525321
2.263483,0.080337,-3.554144,-0.298560,0.522651,0.001983,0.000232,0.004603,2.323766,1.498774,47.525321
2.265713,0.081944,-3.550635,-0.260708,0.512651,-0.000024,-0.000257,-0.011540,2.330894,1.543607,47.554347
2.267824,0.083558,-3.537883,-0.285810,0.502651,0.003073,0.000678,0.017531,2.341130,1.587776,47.583372
2.269838,0.084799,-3.513224,-0.250415,0.492651,0.001192,-0.000285,-0.011033,2.354467,1.631246,47.583372
2.271794,0.085105,-3.490628,-0.250755,0.482651,0.002101,-0.000207,-0.009966,2.370819,1.673708,47.583372
2.273601,0.084779,-3.470726,-0.235282,0.472651,0.001875,-0.000837,-0.030256,2.390089,1.714931,47.594446
2.275516,0.084054,-3.454404,-0.220946,0.462651,0.001628,-0.001551,-0.053454,2.412209,1.754775,47.610608
2.277465,0.083195,-3.440419,-0.206997,0.452651,0.001447,-0.002480,-0.083903,2.437015,1.792969,47.622599
2.279503,0.082263,-3.430464,-0.193815,0.442651,0.001274,-0.003442,-0.115666,2.464457,1.829444,47.634359
2.281574,0.081517,-3.420838,-0.176079,0.432651,0.000715,-0.005006,-0.167543,2.494361,1.863973,47.639219
2.283699,0.081004,-3.408790,-0.163633,0.422651,0.000659,-0.006744,-0.224963,2.526553,1.896365,47.639219
2.285882,0.080096,-3.409660,-0.163027,0.412651,0.001534,-0.006336,-0.213782,2.561061,1.926634,47.639219
2.287984,0.080088,-3.397910,-0.178216,0.402651,0.004034,-0.005055,-0.173242,2.597397,1.954358,47.639219
2.290173,0.079311,-3.405968,-0.200496,0.392651,0.012429,-0.000570,-0.026243,2.109957,1.744031,47.639219
2.297712,0.081481,-3.335272,-0.214045,0.402651,0.004739,0.001451,0.056623,2.127055,1.543528,47.658394
2.297235,0.082384,-3.226319,-0.254045,0.412651,0.002518,0.001951,0.079553,2.192171,1.410323,47.677569
2.292301,0.078073,-3.174160,-0.294045,0.402651,0.005022,0.002595,0.089708,2.230034,1.351680,47.677569
2.286078,0.072626,-3.154680,-0.300000,0.392651,0.006269,0.002761,0.089275,2.249098,1.326461,47.677569
2.280087,0.067673,-3.152875,-0.300000,0.382651,0.007963,0.003154,0.097337,2.256756,1.315304,47.677569
2.275177,0.063970,-3.154687,-0.340000,0.195049,0.018424,0.002271,0.060910,2.268025,1.319097,47.747569
2.258673,0.059170,-3.200859,-0.376656,0.110000,0.006879,0.000071,-0.006934,2.269107,1.320083,47.887569
2.219887,0.053480,-3.304371,-0.416656,0.050000,0.008117,-0.000202,-0.016694,2.258328,1.320119,48.027569
2.174273,0.049225,-3.387565,-0.456656,0.000000,0.008334,-0.000135,-0.025135,2.267634,1.330750,48.167569
2.122111,0.045351,-3.441928,-0.496656,-0.010000,0.003275,-0.000863,-0.025914,2.268259,1.337101,48.307569
2.062464,0.039877,-3.459300,-0.536656,-0.020000,0.006484,-0.001959,-0.062386,2.266787,1.347161,48.447569
2.004120,0.031430,-3.483298,-0.511802,-0.010000,0.003710,-0.000597,-0.021933,2.266117,1.354735,48.587569
1.946739,0.021889,-3.505798,-0.428324,0.000000,-0.003084,0.000972,0.052090,2.266950,1.361851,48.727569
1.890046,0.010662,-3.539709,-0.018513,0.010000,-0.017934,-0.028120,-1.032455,2.260364,1.360854,49.018019
1.849268,0.024090,-3.091185,-0.058513,0.020000,-0.000494,0.004424,0.187344,2.269465,1.374206,50.003666
1.827288,0.040960,-1.893712,-0.018513,0.030000,-0.001416,-0.005282,-0.198581,2.269849,1.379843,51.720901
1.806456,0.026945,-1.242966,-0.058513,0.040000,-0.000931,0.004687,0.189210,2.268893,1.385005,52.911740
1.786999,0.011058,-0.838979,-0.018513,0.050000,-0.003436,-0.010039,-0.301534,2.259836,1.377718,53.220541
1.767645,-0.003421,-0.832179,-0.058513,0.060000,-0.003171,-0.000034,0.000697,2.259293,1.382389,53.360541
1.749158,-0.009236,-0.868070,-0.018513,0.070000,-0.003575,-0.005237,-0.197863,2.268981,1.395851,53.500541
1.732463,-0.005485,-0.771447,-0.058513,0.080000,-0.001536,0.005396,0.203669,2.267402,1.399482,53.640541
1.718126,-0.005453,-0.633440,-0.018513,0.090000,-0.002815,-0.005367,-0.199514,2.256032,1.393448,53.780541
1.704573,-0.006799,-0.651871,-0.058513,0.100000,-0.001320,0.004587,0.180060,2.266579,1.404969,53.920541
1.692848,-0.007960,-0.598181,-0.018513,0.110000,-0.002867,-0.005397,-0.199409,2.254087,1.399021,54.060541
1.681626,-0.008093,-0.636641,-0.058513,0.120000,-0.001540,0.005657,0.207262,2.254121,1.402387,54.200541
1.672062,-0.007613,-0.562649,-0.018513,0.130000,-0.003231,-0.009716,-0.289817,2.254743,1.405037,54.310952
1.662793,-0.012732,-0.707676,-0.148333,0.140000,0.002078,0.020190,0.585056,2.253200,1.407920,54.351362
1.653682,-0.014864,-0.820416,-0.108333,0.150000,-0.001733,0.012187,0.357187,2.263979,1.420043,54.360037
1.645167,-0.014560,-0.870045,-0.068333,0.160000,-0.005645,0.002555,0.077247,2.253029,1.414186,54.368713
1.636063,-0.013853,-0.881894,-0.108333,0.170000,-0.003135,0.006299,0.229665,2.262873,1.426929,54.368713
1.628499,-0.019915,-1.020779,-0.104924,0.260596,-0.008266,-0.000527,-0.013084,2.262544,1.431506,54.368713
1.625952,-0.026932,-1.320640,-0.064924,0.270596,-0.004067,-0.005494,-0.195226,2.252416,1.427271,54.368713
1.631028,-0.021535,-1.354227,-0.104924,0.280596,-0.000882,0.005791,0.206583,2.260864,1.441292,54.370093
1.638386,-0.018701,-1.263943,-0.124367,0.290596,-0.001619,0.002372,0.087118,2.260467,1.446091,54.371473
1.644434,-0.026391,-1.470250,-0.110760,0.300596,-0.004099,-0.002260,-0.070618,2.249561,1.443944,54.376849
1.650461,-0.028606,-1.653915,-0.081264,0.310596,-0.003811,-0.005337,-0.173653,2.250074,1.450729,54.382224
1.659454,-0.023131,-1.628042,-0.041264,0.320596,-0.003600,-0.009876,-0.292074,2.250742,1.458439,54.382224
1.670322,-0.015122,-1.411064,-0.177400,0.330596,0.002330,0.014858,0.484043,2.258902,1.475326,54.382224
1.679738,-0.021582,-1.451991,-0.137400,0.340596,-0.007246,-0.007985,-0.222435,2.247797,1.474509,54.385160
1.684204,-0.038373,-1.979752,-0.009415,0.350596,-0.009949,-0.039859,-1.176174,2.246772,1.484270,54.388096
1.691724,-0.037890,-2.254471,-0.258940,0.360596,0.001824,0.008772,0.279415,2.245791,1.494738,54.388096
1.698099,-0.041266,-2.534186,-0.064116,0.370596,-0.016426,-0.037377,-1.102808,2.247164,1.505659,54.388096
1.701700,-0.044786,-2.890133,-0.104116,0.380596,-0.015026,-0.024067,-0.764357,2.244707,1.516951,54.388096
1.707197,-0.039189,-3.056474,-0.064116,0.390596,-0.006944,-0.013519,-0.421185,2.250453,1.530709,54.388096
1.722379,-0.013372,-2.483504,-0.024116,0.400596,-0.001158,-0.010609,-0.325691,2.249446,1.549822,54.388096
1.743000,0.003350,-1.750789,-0.064116,0.410596,-0.003664,0.009619,0.301575,2.239660,1.555433,54.388096
1.760865,0.010675,-1.051848,-0.079858,0.420596,-0.001537,0.013944,0.423026,2.246475,1.576496,54.388096
1.780419,0.006447,-0.691237,-0.039858,0.430596,-0.008469,0.004912,0.102736,2.243989,1.583802,54.388096
1.795402,0.002974,-0.538691,0.000142,0.760524,-0.027302,-0.004973,-0.142067,2.246223,1.606372,54.388096
1.826098,0.001491,-0.395496,-0.039858,0.770524,-0.001501,0.005753,0.220739,2.244984,1.623032,54.388096
1.882753,-0.000206,-0.293689,-0.006326,0.780524,-0.002435,-0.003363,-0.147113,2.236250,1.634023,54.388096
1.939409,-0.001765,-0.345084,-0.046326,0.790524,-0.001144,0.010320,0.322906,2.233539,1.654319,54.388096
1.996473,0.001810,-0.233877,-0.006326,0.800524,-0.002704,-0.000010,0.000104,2.239172,1.682831,54.388096
2.053102,0.002084,-0.169370,-0.046326,0.810524,-0.003572,0.009946,0.319703,2.227805,1.695468,54.388096
2.108184,0.001213,-0.146616,-0.012023,0.820524,-0.004583,0.001372,0.045152,2.235505,1.725404,54.388096
2.163222,0.000934,-0.131525,-0.052023,0.830524,-0.005399,0.010918,0.359839,2.221986,1.738149,54.388096
2.216554,0.000317,-0.138856,-0.016502,0.840524,-0.007055,0.002526,0.085203,2.220526,1.763701,54.388096
2.269427,0.000810,-0.129822,-0.056502,0.850524,-0.006971,0.012249,0.414115,2.218995,1.788829,54.388096
2.321321,0.001029,-0.123859,-0.077447,0.860524,-0.006231,0.015739,0.537639,2.227508,1.822354,54.388096
2.372974,0.000160,-0.154160,-0.070476,0.870524,-0.006039,0.005353,0.292963,2.217086,1.839476,54.388096
2.425384,-0.008222,-0.370612,-0.107559,0.880524,0.000182,0.007087,0.245835,2.215541,1.866670,54.388096
2.481981,-0.012777,-0.818610,-0.067559,0.890524,-0.003072,-0.000503,-0.018748,2.213530,1.893077,54.388096
2.538054,-0.004210,-1.081370,-0.086448,0.900524,-0.001282,0.003887,0.143335,2.218319,1.919868,54.388096
2.594665,0.007106,-1.208717,-0.126448,0.910524,0.000716,0.010270,0.378661,2.217793,1.950970,54.388096
2.649900,0.016375,-1.288443,-0.102045,0.920524,-0.001828,0.001601,0.123428,2.217352,1.981445,54.388096
2.704090,0.019981,-1.436220,-0.142045,0.930524,-0.000149,0.001458,0.110929,2.219971,2.013734,54.388096
2.756524,0.021538,-1.763500,-0.182045,0.920524,0.000862,0.000862,0.071926,2.220844,2.046363,54.388096
2.804081,0.029053,-2.177661,-0.156077,0.930524,-0.003987,-0.001643,-0.071787,2.222693,2.078001,54.388096
2.848419,0.048339,-2.508110,-0.183694,0.940524,0.000107,0.000689,0.056166,2.238572,2.121195,54.388715
2.892937,0.073608,-2.678458,-0.223694,0.930524,0.001578,0.000636,0.045989,2.244310,2.153604,54.399650
2.931751,0.097141,-2.847942,-0.234140,0.877536,0.004816,0.000228,0.010526,2.254156,2.186610,54.417420
2.965057,0.122260,-2.983740,-0.274140,0.289907,0.064840,0.002863,0.022305,2.254285,2.207123,54.433320
2.993109,0.148963,-3.053331,-0.273904,0.279907,0.064432,0.002722,0.015026,2.267383,2.241419,54.445506
3.017474,0.174833,-3.073688,-0.233904,0.269907,0.055899,0.002268,-0.000178,2.282712,2.274294,54.460238
3.033277,0.198411,-3.057823,-0.273904,0.259907,0.001730,-0.000096,0.003050,2.300956,2.304912,54.483774
2.989383,0.215683,-3.018014,-0.233904,0.249907,-0.002951,-0.000492,-0.005492,2.322345,2.333753,54.503435
2.942916,0.225037,-2.959578,-0.273904,0.239907,0.002278,0.000027,0.000793,2.359836,2.374201,54.531655
2.898586,0.227216,-2.887261,-0.313904,0.229907,0.001156,-0.000354,-0.011683,2.383664,2.397200,54.575636
2.850627,0.222304,-2.813525,-0.273904,0.239907,-0.004101,-0.000296,0.005635,2.409328,2.417697,54.615116
2.802830,0.211149,-2.742825,-0.233904,0.229907,-0.004324,-0.000771,-0.008856,2.420720,2.420437,54.648343
2.758668,0.194846,-2.699309,-0.247246,0.219907,0.001012,0.000030,0.001244,2.465252,2.450652,54.676475
2.719711,0.176980,-2.670677,-0.207246,0.229907,0.003337,0.001099,0.023379,2.454512,2.441310,54.710829
2.689045,0.160486,-2.620512,-0.167246,0.239907,0.001884,-0.000380,-0.025177,2.453401,2.447706,54.733673
2.662946,0.143855,-2.579751,-0.153743,0.249907,0.000694,-0.000478,-0.036374,2.446121,2.451327,54.733673
2.639375,0.128946,-2.537829,-0.178774,0.259907,0.001456,0.000556,0.038605,2.473007,2.486133,54.733673
2.616767,0.114155,-2.509194,-0.186147,0.269907,0.001453,0.000179,0.030698,2.461538,2.480852,54.733673
2.595775,0.100267,-2.531626,-0.224296,0.279907,0.000817,0.000752,0.060367,2.433675,2.450332,54.733673
2.572957,0.088667,-2.607843,-0.247132,0.289907,0.000062,0.000670,0.028662,2.434058,2.447263,54.733673
2.549366,0.080878,-2.747376,-0.266459,0.294193,0.000177,0.000341,0.024679,2.431758,2.444937,54.733673
2.525229,0.077687,-2.892538,-0.273431,0.304193,-0.001100,-0.000028,0.007172,2.433459,2.441751,54.733673
2.500630,0.078041,-3.034683,-0.273929,0.314193,-0.001125,-0.000060,0.006114,2.433168,2.440953,54.733673
2.477102,0.081178,-3.146915,-0.272169,0.324193,-0.001074,-0.000087,0.005904,2.433777,2.440369,54.733673
2.454822,0.085458,-3.227293,-0.266121,0.334193,-0.000995,-0.000122,0.005283,2.434650,2.440092,54.733673
2.434082,0.089746,-3.278188,-0.259616,0.344193,-0.001188,-0.000150,0.004117,2.435105,2.439451,54.733673
2.414726,0.093234,-3.305219,-0.251698,0.354193,-0.001343,-0.000217,0.001520,2.437893,2.441025,54.733673
2.396980,0.095474,-3.314090,-0.242610,0.364193,-0.001441,-0.000268,-0.000762,2.441107,2.443172,54.733673
2.381090,0.096384,-3.307684,-0.232464,0.374193,-0.001642,-0.000346,-0.004033,2.443945,2.446131,54.733673
2.367175,0.095992,-3.288849,-0.222141,0.384193,-0.002057,-0.000548,-0.009483,2.447446,2.448572,54.733673
2.355103,0.094322,-3.261257,-0.211464,0.394193,-0.003522,-0.000923,-0.023781,2.452886,2.451730,54.733673
2.343921,0.091502,-3.233559,-0.200885,0.404193,-0.002090,-0.000624,-0.014786,2.456896,2.456957,54.733673
2.336627,0.088736,-3.180990,-0.191965,0.414193,-0.002409,-0.000841,-0.019254,2.462101,2.463020,54.733673
2.331273,0.084982,-3.122642,-0.183821,0.424193,-0.004212,-0.001610,-0.042584,2.468036,2.469451,54.733673
2.326347,0.080026,-3.080044,-0.177010,0.434193,-0.004028,-0.001192,-0.040620,2.469605,2.472990,54.733673
2.323742,0.075992,-3.028298,-0.177770,0.444193,-0.001120,0.000022,0.007191,2.468214,2.475470,54.733673
2.325406,0.072604,-2.947576,-0.189744,0.454193,-0.000888,0.000508,0.029355,2.465491,2.476149,54.733673
2.327579,0.067324,-2.905869,-0.205307,0.464193,-0.000882,0.000614,0.032941,2.464900,2.476376,54.733673
2.329728,0.061556,-2.921301,-0.216464,0.474193,-0.001177,0.000310,0.020312,2.465505,2.476949,54.733673
2.331890,0.057239,-2.983461,-0.223015,0.484193,-0.001305,0.000143,0.012427,2.466437,2.478140,54.733673
2.334480,0.055754,-3.062612,-0.227196,0.494193,-0.001381,0.000083,0.009571,2.466972,2.479284,54.733673
2.337563,0.056955,-3.138848,-0.228966,0.504193,-0.001400,0.000021,0.006971,2.468685,2.480141,54.733673
2.341234,0.060101,-3.202444,-0.230253,0.514193,-0.001447,0.000065,0.007545,2.467784,2.480391,54.733673
2.345391,0.064442,-3.248612,-0.232654,0.524193,-0.001710,0.000034,0.009310,2.469278,2.482136,54.733673
2.349650,0.069061,-3.279923,-0.235733,0.534193,-0.001217,0.000110,0.010131,2.469592,2.483997,54.733673
2.354731,0.073594,-3.301211,-0.239483,0.544193,-0.001418,0.000117,0.012521,2.470022,2.484759,54.733673
2.359865,0.077772,-3.313959,-0.243740,0.554193,-0.000659,0.000093,0.008939,2.467717,2.484662,54.733673
2.366022,0.081445,-3.326768,-0.249575,0.564193,-0.000630,0.000085,0.008837,2.467101,2.487090,54.733673
2.372362,0.084853,-3.338545,-0.253931,0.574193,-0.000898,0.000144,0.010164,2.468869,2.487029,54.733673
2.378718,0.088215,-3.346179,-0.258295,0.584193,-0.000733,0.000141,0.011167,2.468443,2.487376,54.733673
2.385540,0.091391,-3.350300,-0.263395,0.594193,-0.000388,0.000104,0.008884,2.468779,2.488156,54.733673
2.392972,0.094334,-3.355239,-0.267719,0.604193,-0.000300,0.000111,0.008734,2.468731,2.488782,54.733673
2.400809,0.097271,-3.358135,-0.272122,0.614193,-0.000140,0.000132,0.009476,2.468785,2.489241,54.733673
2.409144,0.100219,-3.358114,-0.276512,0.622916,-0.000278,0.000149,0.010107,2.468835,2.489804,54.733673
2.417535,0.103125,-3.355308,-0.280211,0.628341,-0.000043,0.000134,0.010784,2.468607,2.490362,54.733673
2.426092,0.105898,-3.349484,-0.284525,0.631527,0.000580,0.000223,0.011507,2.466089,2.489232,54.733673
2.434930,0.108571,-3.341145,-0.288588,0.630436,0.000634,0.000138,0.009887,2.467875,2.490533,54.733673
2.443094,0.110935,-3.332746,-0.289858,0.626933,0.000987,0.000154,0.010872,2.468876,2.490877,54.733673
2.450868,0.113120,-3.321451,-0.293266,0.624658,0.000984,0.000125,0.010112,2.468429,2.491851,54.733673
2.457900,0.114979,-3.309885,-0.293532,0.617789,0.001140,0.000135,0.010185,2.467642,2.491926,54.733673
2.464150,0.116554,-3.297298,-0.296100,0.612120,0.000991,-0.000011,0.003483,2.496587,2.521325,54.733673
2.469301,0.117643,-3.291153,-0.295738,0.602120,0.001648,-0.000014,0.016174,2.466200,2.490905,54.733673
2.473965,0.118638,-3.271724,-0.297308,0.601160,0.000743,0.000076,0.010297,2.468073,2.491766,54.733673
2.477424,0.119149,-3.259602,-0.297320,0.591807,0.001072,0.000073,0.009834,2.468253,2.493124,54.733673
2.480194,0.119331,-3.249013,-0.298487,0.586553,0.001088,0.000056,0.010256,2.468557,2.493868,54.733673
2.482326,0.119256,-3.239422,-0.298654,0.578268,0.001950,0.000093,0.010736,2.468553,2.494412,54.733673
2.484454,0.119008,-3.231009,-0.299335,0.572121,0.002577,0.000110,0.010534,2.468047,2.494482,54.733673
2.486529,0.118654,-3.224650,-0.299764,0.563679,0.003278,0.000123,0.009930,2.467847,2.494504,54.733673
2.488411,0.118279,-3.220637,-0.299851,0.557740,0.003972,0.000151,0.010182,2.468027,2.494693,54.733673
2.490369,0.117982,-3.217851,-0.299937,0.550927,0.004545,0.000159,0.009679,2.468641,2.495043,54.733673
2.492185,0.117777,-3.216726,-0.299891,0.545696,0.005036,0.000178,0.010048,2.468845,2.495227,54.733673
2.493935,0.117712,-3.215999,-0.299880,0.540202,0.005622,0.000195,0.010071,2.469840,2.494283,54.733673
2.495687,0.117763,-3.215652,-0.299829,0.535499,0.005969,0.000214,0.009732,2.468962,2.494866,54.733673
2.497269,0.117924,-3.215799,-0.299801,0.530698,0.006446,0.000233,0.009916,2.468803,2.495311,54.733673
2.498797,0.118178,-3.215602,-0.299773,0.526249,0.004068,0.000206,0.010198,2.468782,2.495089,54.733673
2.497449,0.118443,-3.214828,-0.299764,0.521764,0.000770,-0.000002,0.009917,2.468577,2.495529,54.733673
2.492360,0.118294,-3.213707,-0.299601,0.519205,0.000751,0.000015,0.010746,2.470183,2.492560,54.733673
2.487121,0.117750,-3.211484,-0.299195,0.518406,0.000449,0.000017,0.010287,2.468915,2.493957,54.733673
2.481661,0.116836,-3.210376,-0.298480,0.518994,0.000360,0.000003,0.010328,2.468491,2.494792,54.733673
2.476400,0.115650,-3.210402,-0.298102,0.520853,0.000250,-0.000006,0.010232,2.468060,2.494707,54.733673
2.471415,0.114315,-3.212136,-0.297172,0.523665,0.000254,0.000005,0.010757,2.468012,2.494477,54.733673
2.466961,0.112976,-3.215039,-0.297212,0.527093,0.000206,0.000008,0.010539,2.467728,2.494238,54.733673
2.462960,0.111708,-3.219813,-0.296076,0.530148,0.000287,0.000022,0.010909,2.467252,2.493719,54.733673
2.459577,0.110616,-3.225461,-0.296643,0.534490,-0.000026,-0.000009,0.010016,2.468008,2.493819,54.733673
2.456396,0.109692,-3.232953,-0.294719,0.538476,-0.000075,-0.000023,0.010301,2.468251,2.493678,54.733673
2.453811,0.109009,-3.240384,-0.295381,0.544758,-0.000135,-0.000012,0.010447,2.468582,2.493512,54.733673
2.451825,0.108577,-3.247718,-0.293351,0.549988,-0.000216,-0.000027,0.010411,2.468834,2.493307,54.733673
2.450492,0.108368,-3.254411,-0.294439,0.556688,0.000039,0.000050,0.011915,2.466510,2.491796,54.733673
2.450032,0.108442,-3.259120,-0.293755,0.560343,-0.000206,-0.000025,0.009510,2.468382,2.492394,54.733673
2.449745,0.108574,-3.265233,-0.293917,0.564885,0.000059,0.000008,0.010461,2.468720,2.492793,54.733673
2.450155,0.108926,-3.269295,-0.293898,0.569087,0.000036,-0.000004,0.010559,2.468626,2.492967,54.733673
2.450932,0.109383,-3.272084,-0.294067,0.572458,0.000173,0.000020,0.010529,2.468713,2.492681,54.733673
2.452124,0.109935,-3.273743,-0.294630,0.574667,-0.000044,0.000003,0.010281,2.468774,2.493103,54.733673
2.453226,0.110510,-3.274612,-0.294456,0.576357,0.000144,0.000016,0.010683,2.468537,2.492759,54.733673
2.454642,0.111096,-3.273975,-0.295457,0.578127,0.000333,0.000019,0.010117,2.468771,2.493072,54.733673
2.456293,0.111647,-3.273153,-0.294709,0.578498,0.000442,0.000036,0.010800,2.468763,2.492641,54.733673
2.458082,0.112199,-3.270866,-0.296162,0.579514,0.000575,0.000070,0.011163,2.467083,2.492006,54.733673
2.459941,0.112720,-3.267836,-0.295764,0.577871,0.000589,0.000039,0.009985,2.467974,2.492878,54.733673
2.461617,0.113126,-3.265621,-0.297005,0.576894,0.000781,0.000040,0.010406,2.468846,2.491994,54.733673
2.463242,0.113486,-3.262795,-0.296117,0.575563,0.000714,0.000043,0.010308,2.468896,2.492830,54.733673
2.464685,0.113793,-3.259934,-0.297208,0.575104,0.000664,0.000059,0.011190,2.467747,2.492890,54.733673
2.465914,0.114053,-3.256268,-0.297098,0.572427,0.000613,0.000045,0.010441,2.467386,2.492853,54.733673
2.466797,0.114192,-3.253449,-0.297950,0.570255,0.000695,0.000055,0.010829,2.467524,2.493093,54.733673
2.467460,0.114266,-3.250533,-0.298035,0.567239,0.000667,0.000048,0.010603,2.467317,2.493208,54.733673
2.467771,0.114248,-3.248152,-0.298571,0.564851,0.000648,0.000047,0.010547,2.467278,2.493382,54.733673
2.467783,0.114158,-3.246231,-0.298558,0.562071,0.000636,0.000043,0.010573,2.466919,2.493393,54.733673
2.467509,0.114004,-3.244708,-0.298823,0.560116,0.000621,0.000045,0.010667,2.466818,2.493346,54.733673
2.467021,0.113800,-3.243544,-0.298627,0.558318,0.000585,0.000039,0.010597,2.467029,2.493315,54.733673
2.466352,0.113546,-3.242932,-0.298826,0.556982,0.000535,0.000028,0.010623,2.468484,2.491621,54.733673
2.465513,0.113256,-3.242770,-0.298006,0.556670,0.000445,0.000030,0.010325,2.467776,2.492272,54.733673
2.464646,0.112962,-3.243362,-0.298231,0.557597,0.000408,0.000017,0.010259,2.467993,2.492820,54.733673
2.463852,0.112676,-3.244412,-0.297033,0.558355,0.000450,0.000010,0.013008,2.482264,2.475995,54.733673
2.463296,0.112430,-3.242979,-0.296361,0.563298,0.000015,0.000107,0.008516,2.465256,2.496483,54.733673
2.462891,0.112262,-3.246658,-0.297192,0.563174,0.000257,-0.000018,0.013158,2.481616,2.476686,54.733673
2.462660,0.112104,-3.245481,-0.295771,0.566532,0.000287,0.000118,0.008470,2.464259,2.496970,54.733673
2.462926,0.112076,-3.249401,-0.297341,0.566106,0.000489,-0.000011,0.012595,2.482182,2.477004,54.733673
2.463217,0.112080,-3.248801,-0.295028,0.568793,0.000067,0.000102,0.008180,2.465158,2.497171,54.733673
2.463530,0.112218,-3.252636,-0.296870,0.569240,0.000219,0.000013,0.010855,2.465544,2.497182,54.733673
2.463876,0.112393,-3.253138,-0.296921,0.566422,0.000462,0.000016,0.010502,2.465377,2.497071,54.733673
2.464154,0.112567,-3.253603,-0.298054,0.564589,0.000714,0.000026,0.010274,2.465691,2.497136,54.733673
2.464395,0.112739,-3.253957,-0.297644,0.561850,0.000781,0.000017,0.013146,2.482242,2.477465,54.733673
2.464437,0.112887,-3.251048,-0.297227,0.565471,0.000167,0.000118,0.008608,2.464937,2.497641,54.733673
2.464267,0.113017,-3.252821,-0.297919,0.563808,0.000389,-0.000002,0.012942,2.482789,2.477928,54.733673
2.464087,0.113041,-3.249740,-0.296763,0.566068,0.000347,0.000168,0.009632,2.463083,2.496071,54.733673
2.464195,0.113118,-3.250303,-0.298105,0.564304,0.000203,-0.000034,0.011284,2.482796,2.477411,54.733673
2.463871,0.112991,-3.249032,-0.295213,0.565855,0.000164,0.000085,0.010767,2.483245,2.477886,54.733673
2.463899,0.112960,-3.248553,-0.296048,0.570590,0.000155,0.000084,0.010941,2.483171,2.478264,54.733673
2.464344,0.112935,-3.248132,-0.293712,0.571803,0.000239,0.000110,0.008388,2.465525,2.497719,54.733673
2.465165,0.112977,-3.250271,-0.296134,0.571363,0.000609,0.000058,0.011728,2.464161,2.496573,54.733673
2.466104,0.113085,-3.248961,-0.297082,0.566980,0.000869,-0.000004,0.012049,2.482846,2.477197,54.733673
2.466762,0.113111,-3.247439,-0.296573,0.568619,0.000794,0.000124,0.011045,2.482385,2.477850,54.733673
2.467543,0.113264,-3.247172,-0.296523,0.569569,0.000366,0.000087,0.010589,2.482412,2.478142,54.733673
2.467973,0.113401,-3.247211,-0.295882,0.569959,0.000367,0.000089,0.010602,2.483175,2.478213,54.733673
2.468474,0.113550,-3.247000,-0.296172,0.571271,0.000341,0.000124,0.011719,2.480661,2.475603,54.733673
2.469045,0.113737,-3.245507,-0.295783,0.571551,0.000222,0.000083,0.010182,2.481956,2.477316,54.733673
2.469536,0.113835,-3.245463,-0.295947,0.572005,0.000462,0.000098,0.010732,2.482730,2.478121,54.733673
2.470287,0.113965,-3.244768,-0.295961,0.571793,0.000515,0.000101,0.010896,2.482329,2.478122,54.733673
2.471047,0.114101,-3.243847,-0.296061,0.571690,0.000508,0.000107,0.010924,2.482506,2.477579,54.733673
2.471763,0.114239,-3.242887,-0.296295,0.571133,0.000539,0.000139,0.008515,2.464557,2.497030,54.733673
2.472415,0.114396,-3.244302,-0.297712,0.567026,0.000602,-0.000000,0.012275,2.482387,2.477201,54.733673
2.472579,0.114459,-3.241545,-0.296025,0.567589,0.000384,0.000097,0.010738,2.482303,2.477475,54.733673
2.472709,0.114526,-3.240566,-0.296768,0.569121,0.000428,0.000107,0.011083,2.482397,2.477655,54.733673
2.472982,0.114567,-3.239302,-0.295463,0.568847,0.000387,0.000116,0.011326,2.479971,2.475052,54.733673
2.473279,0.114587,-3.237886,-0.296450,0.569910,0.000427,0.000099,0.010410,2.481231,2.476543,54.733673
2.473649,0.114557,-3.237631,-0.295004,0.569195,0.000441,0.000097,0.010596,2.481586,2.477132,54.733673
2.474062,0.114554,-3.237266,-0.296150,0.569921,0.000469,0.000097,0.010715,2.481996,2.477545,54.733673
2.474485,0.114569,-3.236954,-0.294703,0.568837,0.000498,0.000101,0.010926,2.481696,2.477562,54.733673
2.474926,0.114608,-3.236428,-0.296048,0.569325,0.000558,0.000137,0.008534,2.464044,2.497635,54.733673
2.475367,0.114685,-3.238416,-0.296849,0.564105,0.000782,0.000012,0.012982,2.481992,2.477364,54.733673
2.475419,0.114703,-3.235579,-0.297336,0.564350,0.000391,0.000085,0.010278,2.482156,2.477487,54.733673
2.475076,0.114689,-3.235825,-0.295744,0.563524,0.000436,0.000093,0.010599,2.482358,2.477779,54.733673
2.474818,0.114672,-3.235637,-0.296566,0.565390,0.000447,0.000104,0.011137,2.481782,2.477580,54.733673
2.474708,0.114646,-3.234981,-0.295323,0.564495,0.000541,0.000139,0.008588,2.464003,2.497902,54.733673
2.474699,0.114630,-3.236944,-0.297301,0.561046,0.000596,-0.000015,0.012366,2.482941,2.477099,54.733673
2.474238,0.114513,-3.234927,-0.295203,0.560665,0.000397,0.000096,0.010664,2.482624,2.477380,54.733673
2.473720,0.114430,-3.234974,-0.296211,0.563370,0.000405,0.000102,0.011092,2.481838,2.477367,54.733673
2.473425,0.114339,-3.234746,-0.294647,0.562889,0.000438,0.000097,0.010790,2.481455,2.477298,54.733673
2.473243,0.114237,-3.234905,-0.295927,0.564048,0.000513,0.000128,0.008420,2.464390,2.498183,54.733673
2.473168,0.114178,-3.237666,-0.296662,0.559403,0.000662,-0.000001,0.012622,2.481744,2.477465,54.733673
2.472709,0.114076,-3.235919,-0.296633,0.560987,0.000392,0.000098,0.010897,2.481285,2.477251,54.733673
2.472163,0.114003,-3.236299,-0.295890,0.561508,0.000384,0.000090,0.010554,2.481368,2.477465,54.733673
2.471733,0.113914,-3.237006,-0.296185,0.563210,0.000430,0.000123,0.008355,2.464354,2.497986,54.733673
2.471512,0.113876,-3.239953,-0.297468,0.560486,0.000621,-0.000001,0.012806,2.482208,2.477509,54.733673
2.471105,0.113796,-3.238099,-0.296056,0.561768,0.000438,0.000129,0.008656,2.464888,2.497911,54.733673
2.470770,0.113775,-3.240717,-0.297643,0.559714,0.000540,-0.000006,0.012667,2.481816,2.476674,54.733673
2.470208,0.113679,-3.238991,-0.295456,0.560791,0.000176,0.000084,0.010421,2.481743,2.477023,54.733673
2.469577,0.113601,-3.239785,-0.296242,0.564378,0.000332,0.000129,0.009031,2.464640,2.497781,54.733673
2.469425,0.113576,-3.242003,-0.296992,0.561550,0.000539,-0.000009,0.012421,2.482021,2.477253,54.733673
2.469134,0.113472,-3.240525,-0.296095,0.563533,0.000456,0.000132,0.008844,2.464848,2.497726,54.733673
2.469045,0.113468,-3.242987,-0.297610,0.561812,0.000653,-0.000003,0.012705,2.481663,2.476557,54.733673
2.468858,0.113399,-3.241277,-0.295484,0.562863,0.000448,0.000097,0.010511,2.481720,2.476834,54.733673
2.468746,0.113381,-3.242036,-0.296280,0.566337,0.000376,0.000121,0.008467,2.464828,2.497457,54.733673
2.468858,0.113422,-3.244818,-0.296427,0.563807,0.000641,0.000009,0.013179,2.481731,2.477191,54.733673
2.468951,0.113440,-3.242420,-0.296798,0.566249,0.000413,0.000123,0.008469,2.464644,2.497668,54.733673
2.469045,0.113497,-3.245083,-0.297797,0.563458,0.000821,0.000079,0.011615,2.463084,2.496520,54.733673
2.469172,0.113586,-3.244133,-0.298811,0.559853,0.000803,0.000073,0.011739,2.462935,2.487072,54.733673
2.468826,0.113607,-3.243078,-0.298750,0.557839,0.000676,0.000109,0.010478,2.463270,2.487538,54.733673
2.468169,0.113586,-3.243254,-0.298961,0.557157,0.000803,0.000131,0.010895,2.462479,2.488003,54.733673
2.467568,0.113543,-3.242931,-0.298956,0.555267,0.000646,0.000113,0.010615,2.462407,2.487612,54.733673
2.466626,0.113426,-3.242965,-0.299019,0.554285,0.000448,-0.000060,0.003499,2.489632,2.508397,54.733673
2.465412,0.113084,-3.250161,-0.296131,0.550986,0.000829,-0.000156,0.009099,2.490888,2.511691,54.733673
2.464476,0.112887,-3.251134,-0.296950,0.554103,0.000657,-0.000059,0.016492,2.464218,2.493174,54.733673
2.463649,0.112802,-3.244922,-0.296569,0.557505,-0.000144,0.000028,0.010568,2.464304,2.493211,54.733673
2.462444,0.112547,-3.245536,-0.297424,0.557921,-0.000558,-0.000125,0.002022,2.494076,2.521685,54.733673
2.460839,0.112122,-3.254997,-0.295138,0.555398,0.000799,-0.000209,0.012448,2.488705,2.509153,54.733673
2.460527,0.111925,-3.253176,-0.296164,0.561012,0.000474,-0.000036,0.016291,2.465452,2.491406,54.733673
2.460413,0.111872,-3.248217,-0.296121,0.565080,-0.000222,0.000024,0.010150,2.464527,2.492432,54.733673
2.460045,0.111718,-3.250207,-0.297156,0.565913,-0.000348,0.000027,0.010607,2.464543,2.492733,54.733673
2.459568,0.111643,-3.251789,-0.297752,0.567413,-0.000102,-0.000039,0.010799,2.484307,2.482617,54.733673
2.459457,0.111541,-3.253001,-0.295432,0.569875,0.000085,0.000110,0.010921,2.464082,2.491854,54.733673
2.459962,0.111669,-3.254093,-0.297040,0.572213,0.000061,0.000049,0.010579,2.464047,2.492198,54.733673
2.460540,0.111787,-3.255261,-0.296278,0.570683,0.000586,0.000059,0.010474,2.464564,2.492279,54.733673
2.461523,0.111974,-3.256195,-0.297461,0.571041,0.000599,0.000067,0.010790,2.464386,2.492624,54.733673
2.462432,0.112235,-3.256503,-0.296796,0.569038,0.000696,0.000070,0.010651,2.464517,2.492357,54.733673
2.463248,0.112518,-3.256456,-0.297780,0.568317,0.000831,0.000076,0.011070,2.465953,2.490776,54.733673
2.464019,0.112801,-3.255619,-0.297214,0.565853,0.000708,0.000098,0.010914,2.464177,2.491229,54.733673
2.464430,0.113065,-3.254551,-0.298083,0.564410,0.000669,0.000080,0.010497,2.463884,2.491630,54.733673
2.464567,0.113238,-3.253612,-0.297651,0.561452,0.000792,0.000081,0.010277,2.463875,2.491829,54.733673
2.464548,0.113341,-3.252671,-0.298189,0.560765,0.000608,0.000080,0.010713,2.463744,2.491841,54.733673
2.464231,0.113379,-3.251234,-0.297561,0.559136,0.000540,0.000066,0.010271,2.464518,2.492031,54.733673
2.463736,0.113315,-3.250280,-0.298047,0.559455,0.000349,-0.000001,0.009205,2.467649,2.494106,54.733673
2.463063,0.113123,-3.250605,-0.296222,0.559680,0.000659,0.000087,0.012376,2.465195,2.493483,54.733673
2.462882,0.113029,-3.247926,-0.297465,0.560247,0.000331,-0.000057,0.010933,2.483818,2.482626,54.733673
2.462357,0.112698,-3.247276,-0.294663,0.561184,0.000310,0.000043,0.010410,2.483564,2.482410,54.733673
2.462147,0.112490,-3.247680,-0.295711,0.566134,0.000088,0.000052,0.011017,2.483807,2.482098,54.733673
2.462159,0.112351,-3.247902,-0.293356,0.567745,-0.000240,0.000030,0.010772,2.483059,2.481922,54.733673
2.462191,0.112248,-3.248462,-0.295022,0.571524,-0.000562,0.000013,0.010641,2.482951,2.481980,54.733673
2.462168,0.112180,-3.249448,-0.292899,0.572379,-0.000737,0.000010,0.010846,2.482603,2.481904,54.733673
2.462216,0.112173,-3.250048,-0.294780,0.575647,-0.000108,0.000026,0.010775,2.483143,2.482372,54.733673
2.463085,0.112211,-3.250838,-0.293208,0.575575,0.000298,0.000041,0.010192,2.483138,2.482080,54.733673
2.464448,0.112361,-3.252022,-0.294981,0.578039,0.000414,0.000064,0.010831,2.483819,2.482232,54.733673
2.466006,0.112650,-3.252455,-0.293567,0.577516,0.000231,0.000067,0.010449,2.463822,2.491980,54.733673
2.467385,0.113022,-3.252761,-0.296090,0.576403,0.000993,0.000078,0.010500,2.487690,2.485926,54.733673
2.469171,0.113423,-3.252577,-0.294816,0.573323,0.000898,0.000044,0.010090,2.488636,2.488084,54.733673
2.470585,0.113831,-3.252233,-0.296369,0.573284,0.001075,0.000064,0.010833,2.488750,2.488314,54.733673
2.472004,0.114259,-3.250654,-0.295546,0.570306,0.001410,0.000085,0.011007,2.488750,2.488938,54.733673
2.473467,0.114659,-3.248443,-0.297123,0.568041,0.001635,0.000084,0.010564,2.488769,2.489417,54.733673
2.474760,0.114989,-3.246454,-0.296891,0.563292,0.001470,0.000075,0.010103,2.488680,2.489942,54.733673
2.475381,0.115248,-3.244695,-0.297796,0.560930,0.000659,0.000031,0.010296,2.489016,2.490278,54.733673
2.474861,0.115378,-3.242571,-0.296973,0.558142,0.000626,0.000041,0.011138,2.485951,2.487073,54.733673
2.474092,0.115364,-3.239538,-0.297681,0.557695,0.000568,0.000052,0.010394,2.488506,2.488881,54.733673
2.473194,0.115188,-3.237600,-0.296783,0.555471,0.000599,0.000099,0.008336,2.470027,2.497873,54.733673
2.472200,0.114950,-3.238172,-0.297665,0.555016,0.000630,-0.000087,0.012645,2.488782,2.489693,54.733673
2.471155,0.114517,-3.234697,-0.297258,0.554272,0.000701,0.000044,0.011000,2.488897,2.489919,54.733673
2.470193,0.114100,-3.234032,-0.298025,0.552895,0.000827,0.000122,0.008919,2.469964,2.498535,54.733673
2.469206,0.113743,-3.236226,-0.297631,0.551347,0.000920,-0.000008,0.010221,2.470057,2.498493,54.733673
2.468215,0.113332,-3.237346,-0.298311,0.550539,0.001100,-0.000060,0.011834,2.489077,2.489552,54.733673
2.467314,0.112917,-3.237361,-0.297669,0.550764,0.000950,0.000036,0.010272,2.488703,2.489771,54.733673
2.466374,0.112622,-3.239617,-0.297783,0.551875,0.000922,0.000041,0.010718,2.488009,2.489387,54.733673
2.465539,0.112411,-3.241577,-0.296901,0.553333,0.000709,0.000038,0.010677,2.488322,2.489083,54.733673
2.464728,0.112258,-3.243580,-0.297125,0.555147,0.000555,0.000040,0.010771,2.489225,2.489615,54.733673
2.463951,0.112157,-3.245413,-0.296587,0.556253,0.000282,0.000014,0.010367,2.488933,2.489598,54.733673
2.463071,0.112065,-3.247466,-0.296603,0.557753,0.000236,0.000024,0.010909,2.489271,2.489511,54.733673
2.462314,0.112015,-3.248753,-0.296415,0.559511,0.000027,0.000016,0.010857,2.488255,2.488275,54.733673
2.461554,0.111965,-3.249932,-0.296290,0.560740,-0.000153,0.000016,0.008992,2.469987,2.497562,54.733673
2.460764,0.111914,-3.252795,-0.296189,0.561858,-0.000158,-0.000050,0.012400,2.489376,2.488824,54.733673
2.460100,0.111857,-3.251844,-0.296819,0.563720,-0.000352,0.000005,0.010845,2.488821,2.489003,54.733673
2.459407,0.111786,-3.252616,-0.296049,0.563303,-0.000482,-0.000021,0.010326,2.488367,2.489030,54.733673
2.458613,0.111680,-3.253833,-0.296868,0.565457,-0.000653,-0.000004,0.008802,2.469819,2.497881,54.733673
2.457825,0.111602,-3.256561,-0.295253,0.566129,-0.000588,-0.000080,0.012390,2.488898,2.489474,54.733673
2.457304,0.111512,-3.255241,-0.296458,0.569201,-0.000815,-0.000017,0.010931,2.488866,2.489312,54.733673
2.456801,0.111424,-3.255802,-0.294993,0.568691,-0.001024,-0.000035,0.010662,2.487919,2.488712,54.733673
2.456160,0.111324,-3.256551,-0.296282,0.571519,-0.001152,-0.000026,0.010769,2.488940,2.489133,54.733673
2.455598,0.111237,-3.257277,-0.294789,0.571615,-0.001412,-0.000058,0.010366,2.489035,2.489266,54.733673
2.454914,0.111128,-3.258332,-0.296070,0.574297,-0.001454,-0.000034,0.011658,2.485242,2.485507,54.733673
2.454383,0.111056,-3.258159,-0.294396,0.576070,-0.000610,-0.000031,0.010017,2.487752,2.487572,54.733673
2.455015,0.110970,-3.259596,-0.295794,0.578931,0.000417,0.000050,0.011426,2.487682,2.487480,54.733673
2.456853,0.111091,-3.259826,-0.294914,0.579531,0.000354,0.000035,0.010602,2.489116,2.488676,54.733673
2.458710,0.111328,-3.260804,-0.296395,0.579512,0.000662,0.000049,0.010995,2.489109,2.489043,54.733673
2.460709,0.111700,-3.261153,-0.295960,0.578054,0.000536,0.000030,0.010455,2.488459,2.488967,54.733673
2.462402,0.112135,-3.261505,-0.297100,0.577633,0.000592,0.000032,0.010468,2.488664,2.489242,54.733673
2.463962,0.112615,-3.261233,-0.296329,0.575944,0.000452,0.000001,0.010089,2.485897,2.488439,54.733673
2.465209,0.113068,-3.260612,-0.296883,0.576777,0.000628,0.000043,0.011308,2.487079,2.489428,54.733673
2.466626,0.113541,-3.258186,-0.297059,0.575249,0.000579,0.000028,0.010604,2.487976,2.489881,54.733673
2.467776,0.113911,-3.256082,-0.297552,0.572937,0.000781,0.000038,0.010753,2.488021,2.489842,54.733673
2.468818,0.114213,-3.253559,-0.297989,0.570983,0.000960,0.000044,0.010553,2.487991,2.489468,54.733673
2.469775,0.114434,-3.251137,-0.297803,0.568475,0.001247,0.000061,0.010757,2.488174,2.489850,54.733673
2.470753,0.114600,-3.248511,-0.298331,0.566807,0.000929,0.000049,0.010581,2.487973,2.489610,54.733673
2.471183,0.114690,-3.246250,-0.297913,0.564122,0.000772,0.000044,0.010788,2.488705,2.490064,54.733673
2.471204,0.114697,-3.243958,-0.298418,0.562196,0.000635,0.000027,0.010186,2.488987,2.489951,54.733673
2.470861,0.114594,-3.242558,-0.297349,0.560342,0.000588,0.000033,0.011023,2.486878,2.487706,54.733673
2.470377,0.114438,-3.240636,-0.297844,0.561002,0.000316,0.000016,0.006838,2.471274,2.507562,54.733673
2.469679,0.114191,-3.243411,-0.297192,0.557110,0.001056,-0.000071,0.013864,2.489642,2.488334,54.733673
2.469386,0.113945,-3.239129,-0.297762,0.558959,0.000710,0.000037,0.010673,2.488859,2.489110,54.733673
2.468933,0.113686,-3.239079,-0.296199,0.558017,0.000720,0.000035,0.010894,2.488402,2.489433,54.733673
2.468532,0.113447,-3.239206,-0.297245,0.558945,0.000591,0.000020,0.010273,2.488706,2.489868,54.733673
2.468040,0.113218,-3.240399,-0.295645,0.557910,0.000720,0.000048,0.011156,2.488818,2.489480,54.733673
2.467710,0.113074,-3.240835,-0.296888,0.558747,0.000594,0.000020,0.010304,2.488752,2.489654,54.733673
