t,eC,eL,pos_x,pos_y,ref_x,ref_y
3337.993525,-0.013958,0.013228,1.486772,3.013958,1.500000,3.000000
3337.999386,-0.014014,0.026536,1.486798,3.014014,1.513333,3.000000
3338.020027,-0.016520,0.032220,1.494446,3.016520,1.526667,3.000000
3338.039886,-0.016200,0.041588,1.495078,3.016200,1.536667,3.000000
3338.059115,-0.015899,0.048688,1.491312,3.015899,1.540000,3.000000
3338.079665,-0.016442,0.048451,1.491549,3.016442,1.540000,3.000000
3338.099884,-0.016390,0.044798,1.495202,3.016390,1.540000,3.000000
3338.119714,-0.017285,0.042381,1.497619,3.017285,1.540000,3.000000
3338.139679,-0.017432,0.040085,1.499915,3.017432,1.540000,3.000000
3338.159872,-0.016287,0.035764,1.504236,3.016287,1.540000,3.000000
3338.179933,-0.017663,0.030207,1.513126,3.017663,1.543333,3.000000
3338.199887,-0.017411,0.029298,1.520702,3.017411,1.550000,3.000000
3338.220630,-0.017554,0.029266,1.530734,3.017554,1.560000,3.000000
3338.240295,-0.017373,0.032692,1.540641,3.017373,1.573333,3.000000
3338.260352,-0.018159,0.036040,1.550627,3.018159,1.586667,3.000000
3338.280337,-0.017308,0.038377,1.561623,3.017308,1.600000,3.000000
3338.300258,-0.017059,0.039822,1.573511,3.017059,1.613333,3.000000
3338.320420,-0.017218,0.042840,1.587160,3.017218,1.630000,3.000000
3338.340382,-0.016925,0.045015,1.601652,3.016925,1.646667,3.000000
3338.360349,-0.017128,0.046528,1.616805,3.017128,1.663333,3.000000
3338.380628,-0.014076,0.052591,1.630742,3.014076,1.683333,3.000000
3338.401026,-0.014170,0.051966,1.648034,3.014170,1.700000,3.000000
3338.420680,-0.015100,0.056176,1.663824,3.015100,1.720000,3.000000
3338.440120,-0.013932,0.056183,1.683817,3.013932,1.740000,3.000000
3338.460730,-0.012752,0.061210,1.702123,3.012752,1.763333,3.000000
3338.480233,-0.011445,0.059520,1.723814,3.011445,1.783333,3.000000
3338.500262,-0.009811,0.062174,1.744493,3.009811,1.806667,3.000000
3338.520504,-0.008912,0.066400,1.766933,3.008912,1.833333,3.000000
3338.540456,-0.006430,0.068002,1.788665,3.006430,1.856667,3.000000
3338.560684,-0.004694,0.070013,1.813321,3.004694,1.883333,3.000000
3338.580406,-0.003253,0.071808,1.838192,3.003253,1.910000,3.000000
3338.600287,0.001782,0.075327,1.864673,2.998218,1.940000,3.000000
3338.620456,0.003365,0.070263,1.896404,2.996635,1.966667,3.000000
3338.640277,-0.004169,0.099275,1.900725,3.004169,2.000000,3.000000
3338.660276,-0.002084,0.088896,1.934437,3.002084,2.023333,3.000000
3338.681236,-0.000069,0.077937,1.965396,3.000069,2.043333,3.000000
3338.700288,0.002504,0.082185,1.997815,2.997496,2.080000,3.000000
3338.721197,0.007493,0.083029,2.030304,2.992507,2.113333,3.000000
3338.740713,0.004065,0.092043,2.057957,2.995935,2.150000,3.000000
3338.761519,0.006865,0.094441,2.088892,2.993135,2.183333,3.000000
3338.781895,0.007985,0.094235,2.122432,2.992015,2.216667,3.000000
3338.801952,0.008587,0.094065,2.155935,2.991413,2.250000,3.000000
3338.820527,0.008882,0.095614,2.191053,2.991118,2.286667,3.000000
3338.839842,0.008704,0.098036,2.225297,2.991296,2.323333,3.000000
3338.860006,0.008954,0.102689,2.260644,2.991046,2.363333,3.000000
3338.880193,0.006827,0.106406,2.293594,2.993173,2.400000,3.000000
3338.900117,0.007484,0.104252,2.332415,2.992516,2.436667,3.000000
3338.920289,0.008007,0.102795,2.370538,2.991993,2.473333,3.000000
3338.940618,0.007711,0.104338,2.408996,2.992289,2.513333,3.000000
3338.960455,0.007768,0.108836,2.447830,2.992232,2.556667,3.000000
3338.980884,0.011234,0.109302,2.487365,2.988766,2.596667,3.000000
3338.999899,0.010688,0.109751,2.526916,2.989312,2.636667,3.000000
3339.020366,0.011459,0.113489,2.566511,2.988541,2.680000,3.000000
3339.039501,0.010894,0.111951,2.608049,2.989106,2.720000,3.000000
3339.059624,0.011222,0.113953,2.649381,2.988778,2.763333,3.000000
3339.081394,0.010538,0.114568,2.692098,2.989462,2.806667,3.000000
3339.099620,0.011041,0.115003,2.734997,2.988959,2.850000,3.000000
3339.120695,0.012695,0.115863,2.777471,2.987305,2.893333,3.000000
3339.141660,0.016608,0.110943,2.825724,2.983392,2.936667,3.000000
3339.160895,0.009550,0.120672,2.862661,2.990450,2.983333,3.000000
3339.180407,0.010537,0.122171,2.907829,2.989463,3.030000,3.000000
3339.200825,0.012339,0.114701,2.955299,2.987661,3.070000,3.000000
3339.219321,0.013967,0.114613,3.002054,2.986033,3.116667,3.000000
3339.239786,0.014934,0.118794,3.047873,2.985066,3.166667,3.000000
3339.259654,0.015404,0.119560,3.093773,2.984596,3.213333,3.000000
3339.279754,0.015145,0.122846,3.137154,2.984855,3.260000,3.000000
3339.300043,0.017364,0.117615,3.185718,2.982636,3.303333,3.000000
3339.319490,0.004980,0.124537,3.225463,2.995020,3.350000,3.000000
3339.339535,0.001930,0.122446,3.274221,2.998070,3.396667,3.000000
3339.360214,-0.002730,0.117947,3.322053,3.002730,3.440000,3.000000
3339.380635,-0.007068,0.116943,3.369724,3.007068,3.486667,3.000000
3339.400721,-0.012667,0.119784,3.416882,3.012667,3.536667,3.000000
3339.419825,-0.017372,0.117997,3.465336,3.017372,3.583333,3.000000
3339.440126,-0.021121,0.120536,3.512797,3.021121,3.633333,3.000000
3339.459881,-0.023834,0.121243,3.558757,3.023834,3.680000,3.000000
3339.479650,-0.026839,0.123347,3.603320,3.026839,3.726667,3.000000
3339.500206,-0.025597,0.122072,3.651261,3.025597,3.773333,3.000000
3339.520480,-0.019771,0.114116,3.702551,3.019771,3.816667,3.000000
3339.540378,-0.023395,0.121920,3.741413,3.023395,3.863333,3.000000
3339.560872,-0.016472,0.120911,3.789089,3.016472,3.910000,3.000000
3339.580363,-0.008206,0.117287,3.832713,3.008206,3.950000,3.000000
3339.600350,0.005198,0.117043,3.879624,2.994802,3.996667,3.000000
3339.620560,0.028649,0.119903,3.918249,2.979442,4.040062,2.998392
3339.641319,0.051069,0.115398,3.967058,2.962354,4.089748,2.991879
3339.660329,0.076822,0.119780,4.002157,2.939798,4.138532,2.980426
3339.680660,0.100059,0.124274,4.036146,2.917241,4.189024,2.962893
3339.701277,0.122651,0.123481,4.070450,2.890738,4.237355,2.940071
3339.720639,0.145205,0.123249,4.099184,2.862260,4.282974,2.912221
3339.741453,0.161623,0.118011,4.132807,2.832848,4.327889,2.877477
3339.761244,0.176995,0.117728,4.162615,2.802900,4.373060,2.832906
3339.781260,0.190332,0.113685,4.189161,2.770253,4.410320,2.785723
3339.801577,0.200718,0.111546,4.213652,2.737413,4.443205,2.731451
3339.821431,0.207946,0.110383,4.235626,2.704842,4.468951,2.673450
3339.841221,0.208217,0.103030,4.258822,2.669598,4.485594,2.619159
3339.859904,0.206199,0.097733,4.279056,2.634159,4.495973,2.563330
3339.881887,0.197572,0.090018,4.299913,2.598071,4.499821,2.513367
3339.899467,0.178284,0.095952,4.321716,2.562618,4.500000,2.466667
3339.922051,0.157754,0.101677,4.342246,2.528344,4.500000,2.426667
3339.942098,0.148768,0.103104,4.351232,2.493104,4.500000,2.390000
3339.964924,0.128133,0.105366,4.371867,2.458699,4.500000,2.353333
3339.983152,0.111114,0.106141,4.388886,2.422808,4.500000,2.316667
3339.999748,0.096717,0.108023,4.403283,2.388023,4.500000,2.280000
3340.020256,0.083928,0.108647,4.416072,2.351980,4.500000,2.243333
3340.039914,0.068205,0.108821,4.431795,2.315488,4.500000,2.206667
3340.059821,0.057513,0.109355,4.442487,2.279355,4.500000,2.170000
3340.080297,0.043029,0.109538,4.456971,2.242871,4.500000,2.133333
3340.100558,0.034719,0.108483,4.465281,2.205149,4.500000,2.096667
3340.120768,0.029024,0.107092,4.470976,2.167092,4.500000,2.060000
3340.140671,0.020073,0.110401,4.479927,2.130401,4.500000,2.020000
3340.159979,0.017768,0.110819,4.482232,2.090819,4.500000,1.980000
3340.180295,0.014569,0.109518,4.485431,2.052851,4.500000,1.943333
3340.200305,0.008716,0.112691,4.491284,2.016025,4.500000,1.903333
3340.221297,-0.000021,0.112574,4.500021,1.979240,4.500000,1.866667
3340.240510,-0.009877,0.113426,4.509877,1.943426,4.500000,1.830000
3340.260722,-0.016727,0.112012,4.516727,1.905346,4.500000,1.793333
3340.280696,-0.018298,0.113105,4.518298,1.869771,4.500000,1.756667
3340.300751,-0.021856,0.118354,4.521856,1.835020,4.500000,1.716667
3340.320852,-0.022706,0.115782,4.522706,1.799116,4.500000,1.683333
3340.341240,-0.026239,0.116587,4.526239,1.763254,4.500000,1.646667
3340.362669,-0.026691,0.115223,4.526691,1.725223,4.500000,1.610000
3340.381155,-0.033784,0.116868,4.533784,1.690202,4.500000,1.573333
3340.401702,-0.033931,0.117304,4.533931,1.653971,4.500000,1.536667
3340.421702,-0.040744,0.116426,4.540744,1.619759,4.500000,1.503333
3340.441751,-0.044017,0.115566,4.544017,1.582233,4.500000,1.466667
3340.461705,-0.055562,0.118578,4.555562,1.551912,4.500000,1.433333
3340.481855,-0.061108,0.119109,4.561108,1.515775,4.500000,1.396667
3340.501668,-0.061827,0.117679,4.561827,1.484346,4.500000,1.366667
3340.522115,-0.056787,0.121927,4.556787,1.451927,4.500000,1.330000
3340.541918,-0.059151,0.119835,4.559151,1.419835,4.500000,1.300000
3340.562180,-0.051142,0.121169,4.551142,1.387836,4.500000,1.266667
3340.581827,-0.047426,0.122012,4.547426,1.358679,4.500000,1.236667
3340.601413,-0.047186,0.119717,4.547186,1.326384,4.500000,1.206667
3340.621566,-0.046996,0.118864,4.546996,1.295531,4.500000,1.176667
3340.641586,-0.040931,0.123094,4.540931,1.266428,4.500000,1.143333
3340.661451,-0.040593,0.124386,4.540593,1.237720,4.500000,1.113333
3340.681047,-0.031973,0.119724,4.531973,1.206391,4.500000,1.086667
3340.701743,-0.025789,0.119375,4.525789,1.176042,4.500000,1.056667
3340.721774,-0.023622,0.121240,4.523622,1.147906,4.500000,1.026667
3340.741735,-0.017060,0.119145,4.517060,1.119145,4.500000,1.000000
3340.761332,-0.001830,0.120318,4.508145,1.089994,4.499099,0.970003
3340.781028,0.005625,0.115462,4.504645,1.055418,4.496401,0.940114
3340.801278,0.022799,0.124774,4.492070,1.033999,4.491305,0.907161
3340.821439,0.033608,0.128099,4.483555,1.010281,4.484851,0.877853
3340.842465,0.038794,0.126683,4.478042,0.984656,4.477646,0.852167
3340.862392,0.046848,0.122682,4.467602,0.958216,4.469081,0.826902
3340.881971,0.066501,0.119191,4.444854,0.934939,4.457851,0.799072
3340.901590,0.074946,0.119776,4.432900,0.912740,4.444972,0.771965
3340.920583,0.084344,0.122100,4.419258,0.890908,4.428784,0.742815
3340.940826,0.094924,0.125026,4.404033,0.871644,4.410689,0.714808
3340.963941,0.104332,0.123583,4.387321,0.852322,4.392839,0.690682
3340.983271,0.111473,0.121847,4.371274,0.832800,4.373574,0.667671
3341.003741,0.119288,0.121466,4.354787,0.816094,4.352963,0.645858
3341.019466,0.126879,0.123964,4.339960,0.802483,4.331081,0.625320
3341.039527,0.132215,0.122739,4.323246,0.785891,4.308006,0.606132
3341.060262,0.140084,0.119962,4.304581,0.773812,4.286561,0.590265
3341.079707,0.147797,0.118572,4.285244,0.761794,4.261463,0.573811
3341.099409,0.152741,0.116945,4.266676,0.748705,4.235423,0.558892
3341.120450,0.157996,0.117188,4.247396,0.736380,4.205499,0.544182
3341.139546,0.163399,0.117479,4.229485,0.727166,4.177782,0.532674
3341.159531,0.167115,0.116312,4.210480,0.717088,4.149425,0.522850
3341.179550,0.171229,0.115136,4.190994,0.708679,4.120529,0.514745
3341.199585,0.175449,0.113089,4.170390,0.701520,4.091200,0.508388
3341.219543,0.179603,0.111035,4.149626,0.695706,4.061541,0.503802
3341.239245,0.184476,0.112556,4.132310,0.692236,4.031662,0.501003
3341.259237,0.188569,0.111931,4.112969,0.688944,4.001668,0.500003
3341.279407,0.192737,0.108906,4.093405,0.687676,3.974998,0.500626
3341.299225,0.197467,0.108691,4.074805,0.687359,3.945083,0.503025
3341.319228,0.198081,0.103952,4.053448,0.685192,3.918655,0.506661
3341.339172,0.199238,0.100101,4.030966,0.684533,3.889204,0.512430
3341.359464,0.198755,0.097166,4.009031,0.683601,3.860152,0.519956
3341.379420,0.198351,0.098849,3.989365,0.682745,3.828468,0.530344
3341.399468,0.198783,0.095147,3.967128,0.685828,3.800600,0.541481
3341.419441,0.200645,0.091969,3.946349,0.691466,3.773451,0.554270
3341.439415,0.201347,0.090089,3.926669,0.696797,3.747117,0.568664
3341.459436,0.202256,0.093845,3.910241,0.700999,3.718931,0.586478
3341.479409,0.201442,0.091646,3.890226,0.707621,3.694628,0.604086
3341.499466,0.203130,0.086311,3.871844,0.718650,3.673947,0.620936
3341.519425,0.198521,0.086576,3.852176,0.723354,3.651792,0.641181
3341.539430,0.198517,0.085172,3.834895,0.733755,3.630892,0.662717
3341.559447,0.196073,0.082389,3.815568,0.744765,3.611322,0.685469
3341.579432,0.193454,0.083896,3.799333,0.753542,3.593152,0.709354
3341.599453,0.189068,0.082113,3.780245,0.765204,3.576448,0.734287
3341.619413,0.188118,0.081114,3.765242,0.779232,3.561270,0.760176
3341.639729,0.187279,0.078545,3.751935,0.794021,3.549103,0.783917
3341.659423,0.182904,0.078006,3.735769,0.808123,3.536951,0.811358
3341.679524,0.177832,0.078331,3.720034,0.822385,3.526468,0.839478
3341.699505,0.172302,0.075723,3.704931,0.838587,3.518580,0.864962
3341.719455,0.168166,0.075339,3.691654,0.856080,3.511346,0.894088
3341.739333,0.164020,0.076555,3.680518,0.870869,3.506393,0.920301
3341.759582,0.159977,0.073018,3.669689,0.891179,3.502845,0.946741
3341.779301,0.155109,0.071453,3.659411,0.910254,3.500712,0.973332
3341.800441,0.149866,0.070403,3.649866,0.929597,3.500000,1.000000
3341.820478,0.141009,0.072673,3.641009,0.950660,3.500000,1.023333
3341.839506,0.132240,0.076478,3.632240,0.970189,3.500000,1.046667
3341.860156,0.121218,0.078655,3.621218,0.991345,3.500000,1.070000
3341.882831,0.111653,0.080381,3.611653,1.012953,3.500000,1.093333
3341.902816,0.101612,0.084328,3.601612,1.032339,3.500000,1.116667
3341.922856,0.099755,0.084831,3.599755,1.055169,3.500000,1.140000
3341.942740,0.091049,0.086945,3.591049,1.076389,3.500000,1.163333
3341.963940,0.081772,0.086716,3.581772,1.099950,3.500000,1.186667
3341.983916,0.078188,0.086532,3.578188,1.123468,3.500000,1.210000
3342.003843,0.069704,0.085127,3.569704,1.148206,3.500000,1.233333
3342.019448,0.061441,0.086182,3.561441,1.173818,3.500000,1.260000
3342.039674,0.059236,0.086762,3.559236,1.199904,3.500000,1.286667
3342.058997,0.051598,0.085243,3.551598,1.228090,3.500000,1.313333
3342.078975,0.051195,0.088861,3.551195,1.251139,3.500000,1.340000
3342.098765,0.041604,0.087096,3.541604,1.279570,3.500000,1.366667
3342.119542,0.040136,0.087706,3.540136,1.305627,3.500000,1.393333
3342.140923,0.035490,0.089995,3.535490,1.333338,3.500000,1.423333
3342.160217,0.028617,0.089683,3.528617,1.360317,3.500000,1.450000
3342.179474,0.026224,0.092908,3.526224,1.387092,3.500000,1.480000
3342.203706,0.017253,0.092990,3.518450,1.413933,3.499955,1.506684
3342.219915,0.004789,0.096538,3.510517,1.440805,3.498649,1.536730
3342.239682,-0.005053,0.096345,3.503164,1.467121,3.495973,1.563330
3342.260755,-0.019900,0.097900,3.489932,1.493141,3.491268,1.593034
3342.280454,-0.026571,0.097536,3.482901,1.521329,3.484786,1.622402
3342.299856,-0.037311,0.102086,3.471590,1.545889,3.475528,1.654508
3342.319958,-0.047826,0.100427,3.457584,1.571858,3.465379,1.682819
3342.339801,-0.056162,0.101300,3.444597,1.597913,3.452129,1.713494
3342.359560,-0.066284,0.100529,3.427846,1.623140,3.436859,1.743216
3342.379856,-0.073998,0.098262,3.410959,1.649150,3.419638,1.771852
3342.400022,-0.082670,0.098669,3.392226,1.673375,3.398534,1.801944
3342.420515,-0.089783,0.101539,3.373677,1.697368,3.373060,1.832906
3342.440682,-0.096775,0.100484,3.352549,1.719992,3.347596,1.859412
3342.461440,-0.103027,0.101775,3.330813,1.741884,3.317681,1.886107
3342.483661,-0.107985,0.099839,3.307709,1.762600,3.288459,1.908401
3342.501151,-0.113310,0.102632,3.285368,1.780406,3.254808,1.930201
3342.519279,-0.118226,0.100803,3.258182,1.798756,3.219519,1.949234
3342.544329,-0.120196,0.096425,3.230740,1.816713,3.185925,1.964146
3342.560889,-0.122219,0.099123,3.204380,1.832825,3.144942,1.978531
3342.584277,-0.123263,0.094934,3.172740,1.848000,3.106134,1.988606
3342.599543,-0.121856,0.092183,3.141762,1.862483,3.066643,1.995539
3342.622510,-0.119072,0.090712,3.110942,1.875535,3.026724,1.999285
3342.644383,-0.113285,0.092094,3.078761,1.886715,2.986667,2.000000
3342.659583,-0.102219,0.095746,3.045746,1.897781,2.950000,2.000000
3342.684604,-0.090940,0.094823,3.011490,1.909060,2.916667,2.000000
3342.699437,-0.082099,0.099436,2.979436,1.917901,2.880000,2.000000
3342.721121,-0.072553,0.096876,2.943543,1.927447,2.846667,2.000000
3342.744204,-0.063807,0.098187,2.908187,1.936193,2.810000,2.000000
3342.759688,-0.056362,0.100872,2.874206,1.943638,2.773333,2.000000
3342.781086,-0.048797,0.103257,2.839924,1.951203,2.736667,2.000000
3342.803211,-0.039555,0.104401,2.804401,1.960445,2.700000,2.000000
3342.821752,-0.038748,0.107137,2.773804,1.961252,2.666667,2.000000
3342.843951,-0.034578,0.099540,2.732873,1.965422,2.633333,2.000000
3342.864137,-0.030615,0.099176,2.695843,1.969385,2.596667,2.000000
3342.881654,-0.032152,0.101478,2.658145,1.967848,2.556667,2.000000
3342.903916,-0.031602,0.104131,2.624131,1.968398,2.520000,2.000000
3342.925193,-0.041401,0.104951,2.586479,1.962439,2.479953,1.999598
3342.942989,-0.054928,0.101106,2.549988,1.953666,2.443306,1.996775
3342.964811,-0.070956,0.104087,2.516542,1.941179,2.400407,1.989981
3342.979401,-0.080493,0.103957,2.483657,1.931887,2.361468,1.980426
3342.999516,-0.092746,0.104354,2.451011,1.917547,2.320296,1.966590
3343.019471,-0.105827,0.102675,2.419194,1.899230,2.280481,1.949234
3343.039264,-0.117722,0.101751,2.390189,1.880041,2.242322,1.928488
3343.059342,-0.129791,0.101086,2.361781,1.858007,2.203410,1.902535
3343.079210,-0.140733,0.101819,2.336765,1.835849,2.167094,1.873060
3343.105044,-0.151312,0.104377,2.313494,1.812560,2.131424,1.837864
3343.122992,-0.160279,0.104409,2.292271,1.788375,2.101466,1.801944
3343.143116,-0.166816,0.099996,2.269465,1.760508,2.074995,1.763383
3343.163018,-0.171062,0.096252,2.248267,1.732584,2.052243,1.722517
3343.183015,-0.173491,0.094636,2.229321,1.705663,2.033410,1.679704
3343.203646,-0.173428,0.093958,2.211043,1.678834,2.018659,1.635318
3343.223531,-0.169061,0.088532,2.192313,1.650623,2.009364,1.596316
3343.243948,-0.162628,0.085181,2.174462,1.622885,2.003225,1.556694
3343.264029,-0.152838,0.082191,2.156413,1.596045,2.000402,1.520047
3343.283468,-0.135954,0.085107,2.138002,1.568075,1.999821,1.486633
3343.303952,-0.115148,0.091243,2.120481,1.541661,1.998392,1.459938
3343.323931,-0.097062,0.096725,2.104626,1.516281,1.995539,1.433357
3343.340656,-0.078767,0.098046,2.086903,1.488644,1.991268,1.406966
3343.359466,-0.060399,0.101795,2.068268,1.461510,1.984786,1.377598
3343.379198,-0.047355,0.112790,2.055821,1.441842,1.976550,1.348673
3343.399203,-0.028439,0.106624,2.032043,1.413129,1.967781,1.323419
3343.419367,-0.012219,0.104030,2.009994,1.385561,1.956318,1.295614
3343.439391,0.001375,0.104279,1.989321,1.358346,1.941648,1.265592
3343.459239,0.013845,0.108091,1.969068,1.332649,1.923235,1.233782
3343.479214,0.025914,0.112052,1.948140,1.308991,1.902535,1.203410
3343.499215,0.038471,0.112913,1.923923,1.285412,1.879660,1.174641
3343.519489,0.046901,0.115363,1.904338,1.265226,1.857080,1.150009
3343.539468,0.054711,0.112475,1.878670,1.240112,1.830405,1.124724
3343.558960,0.063049,0.111125,1.852444,1.218827,1.801944,1.101466
3343.579205,0.071112,0.108534,1.824278,1.199054,1.771852,1.080362
3343.599222,0.076722,0.106268,1.794465,1.177902,1.737355,1.059929
3343.619243,0.082353,0.107154,1.766254,1.160854,1.701331,1.042326
3343.642264,0.087170,0.108943,1.738334,1.145748,1.664012,1.027665
3343.663092,0.087464,0.108915,1.709082,1.128069,1.625639,1.016043
3343.683107,0.088558,0.104370,1.676528,1.113975,1.589748,1.008121
3343.703457,0.087517,0.102255,1.645701,1.100788,1.553372,1.002857
3343.723537,0.084255,0.096236,1.610074,1.087703,1.516707,1.000279
3343.743503,0.075102,0.098733,1.575400,1.075102,1.476667,1.000000
3343.763497,0.064332,0.099005,1.539005,1.064332,1.440000,1.000000
3343.783581,0.055013,0.102472,1.502472,1.055013,1.400000,1.000000
3343.803562,0.047110,0.101608,1.464941,1.047110,1.363333,1.000000
3343.823552,0.038385,0.104839,1.428172,1.038385,1.323333,1.000000
3343.843177,0.033774,0.107560,1.394227,1.033774,1.286667,1.000000
3343.863055,0.029571,0.108522,1.358522,1.029571,1.250000,1.000000
3343.879710,0.025658,0.108829,1.322162,1.025658,1.213333,1.000000
3343.899622,0.024763,0.110042,1.286709,1.024763,1.176667,1.000000
3343.920235,0.022708,0.108295,1.248295,1.022708,1.140000,1.000000
3343.939452,0.023296,0.110394,1.213728,1.023296,1.103333,1.000000
3343.959409,0.024606,0.111269,1.177936,1.024606,1.066667,1.000000
3343.979454,0.028265,0.112490,1.142490,1.028265,1.030000,1.000000
3343.999854,0.034413,0.112905,1.106671,1.032945,0.993316,1.000045
3344.019099,0.048039,0.111962,1.072316,1.040027,0.956607,1.001887
3344.039529,0.060472,0.112888,1.038209,1.047818,0.916835,1.006965
3344.059166,0.074975,0.121396,1.013655,1.058190,0.877598,1.015214
3344.079680,0.087105,0.113480,0.977475,1.072388,0.842316,1.025515
3344.099619,0.094423,0.111746,0.947334,1.082620,0.807887,1.038381
3344.119615,0.106825,0.107093,0.912927,1.101913,0.768549,1.056795
3344.139345,0.107081,0.108372,0.879923,1.110498,0.730959,1.078554
3344.159323,0.123156,0.108499,0.856467,1.135059,0.695398,1.103493
3344.179593,0.124719,0.105948,0.824512,1.151769,0.662136,1.131424
3344.200534,0.132784,0.105072,0.800306,1.174409,0.631424,1.162136
3344.223275,0.137909,0.104547,0.774523,1.198006,0.601466,1.198056
3344.242104,0.140194,0.105872,0.751805,1.218809,0.576765,1.233782
3344.263862,0.144350,0.102646,0.730560,1.246178,0.555258,1.271517
3344.283654,0.142809,0.098677,0.706622,1.273611,0.537107,1.310976
3344.301285,0.144539,0.096280,0.689024,1.302728,0.522449,1.351862
3344.319321,0.142157,0.099151,0.671358,1.327150,0.511394,1.393866
3344.339262,0.144053,0.095426,0.659948,1.357982,0.504461,1.433357
3344.359300,0.144102,0.091601,0.649506,1.389508,0.500715,1.473276
3344.379533,0.139551,0.088360,0.639551,1.421640,0.500000,1.510000
3344.399555,0.124412,0.093358,0.624412,1.453309,0.500000,1.546667
3344.419518,0.113805,0.093382,0.613805,1.486618,0.500000,1.580000
3344.439279,0.103426,0.099497,0.603426,1.517170,0.500000,1.616667
3344.459473,0.092284,0.097857,0.592284,1.552143,0.500000,1.650000
3344.479652,0.080023,0.098060,0.580023,1.585273,0.500000,1.683333
3344.499776,0.072576,0.101716,0.572576,1.618284,0.500000,1.720000
3344.519381,0.060966,0.105064,0.560966,1.648270,0.500000,1.753333
3344.539647,0.053104,0.104446,0.553104,1.682220,0.500000,1.786667
3344.559894,0.040309,0.103363,0.540309,1.716637,0.500000,1.820000
3344.579889,0.031825,0.102292,0.531825,1.751042,0.500000,1.853333
3344.599932,0.022173,0.102424,0.522173,1.787576,0.500000,1.890000
3344.619804,0.010981,0.108188,0.510981,1.818479,0.500000,1.926667
3344.639979,0.005769,0.106475,0.505769,1.853525,0.500000,1.960000
3344.659749,-0.005144,0.106826,0.494856,1.886507,0.500000,1.993333
3344.680123,-0.008442,0.109409,0.491558,1.920591,0.500000,2.030000
3344.700137,-0.016998,0.108072,0.483002,1.955261,0.500000,2.063333
3344.719844,-0.017876,0.108796,0.482124,1.991204,0.500000,2.100000
3344.740541,-0.026948,0.106411,0.473052,2.026923,0.500000,2.133333
3344.760013,-0.032491,0.106516,0.467509,2.063484,0.500000,2.170000
3344.780343,-0.039274,0.109078,0.460726,2.097589,0.500000,2.206667
3344.800463,-0.045176,0.109917,0.454824,2.133416,0.500000,2.243333
3344.820429,-0.045230,0.110877,0.454770,2.169123,0.500000,2.280000
3344.840504,-0.045574,0.104601,0.454426,2.208732,0.500000,2.313333
3344.860407,-0.044618,0.111108,0.455382,2.238892,0.500000,2.350000
3344.881675,-0.042537,0.113652,0.457463,2.273014,0.500000,2.386667
3344.902304,-0.039327,0.108905,0.460673,2.307762,0.500000,2.416667
3344.921202,-0.036796,0.111628,0.463204,2.341705,0.500000,2.453333
3344.941181,-0.031043,0.103975,0.468957,2.382692,0.500000,2.486667
3344.960600,-0.023465,0.112763,0.472434,2.408316,0.500402,2.520047
3344.980581,-0.012155,0.111817,0.478835,2.443491,0.502857,2.553372
3345.000646,-0.003832,0.106380,0.485492,2.478904,0.506965,2.583165
3345.020705,0.006166,0.109287,0.494349,2.511551,0.514406,2.619159
3345.040015,0.023850,0.111183,0.512797,2.541397,0.524472,2.654508
3345.059778,0.035134,0.108786,0.528016,2.571876,0.535854,2.685925
3345.079727,0.047524,0.108473,0.545841,2.601195,0.550766,2.719519
3345.099905,0.060755,0.111010,0.565501,2.628333,0.569799,2.754808
3345.120161,0.073837,0.112018,0.587284,2.654365,0.591599,2.788459
3345.140271,0.088693,0.100407,0.619825,2.686338,0.616025,2.820255
3345.162140,0.101561,0.113272,0.637494,2.700433,0.645267,2.852370
3345.179998,0.115124,0.115368,0.664886,2.721672,0.679745,2.883975
3345.199916,0.126842,0.107764,0.695081,2.740593,0.708818,2.906464
3345.220105,0.135236,0.108210,0.722741,2.760557,0.748073,2.931894
3345.239975,0.143293,0.108101,0.751792,2.778062,0.789533,2.953545
3345.259852,0.147351,0.106418,0.779825,2.795312,0.829688,2.970100
3345.280107,0.150692,0.104636,0.810948,2.811807,0.874361,2.983957
3345.299876,0.150747,0.103707,0.839647,2.827139,0.916835,2.993035
3345.320518,0.141036,0.086087,0.883085,2.850139,0.956607,2.998113
3345.340207,0.116540,-0.126460,0.902775,2.855907,0.996658,2.999989
3345.360154,0.129670,0.096628,0.936706,2.870330,1.033333,3.000000
3345.380304,0.108665,0.089073,0.980927,2.891335,1.070000,3.000000
3345.400676,0.107453,0.105550,1.004450,2.892547,1.110000,3.000000
3345.420420,0.096368,0.105247,1.041420,2.903632,1.146667,3.000000
3345.440459,0.084390,0.104367,1.075633,2.915610,1.180000,3.000000
3345.461322,0.063605,0.093994,1.122673,2.936395,1.216667,3.000000
3345.481283,0.063323,0.110951,1.145715,2.936677,1.256667,3.000000
3345.501350,0.053898,0.113221,1.183445,2.946102,1.296667,3.000000
3345.521606,0.044414,0.110381,1.219619,2.955586,1.330000,3.000000
3345.541319,0.035428,0.109540,1.257127,2.964572,1.366667,3.000000
3345.560323,0.025920,0.111274,1.292059,2.974080,1.403333,3.000000
3345.580333,0.019296,0.109244,1.330756,2.980704,1.440000,3.000000
3345.601298,0.012596,0.113052,1.366948,2.987404,1.480000,3.000000
3345.620982,0.004810,0.111935,1.404732,2.995190,1.516667,3.000000
3345.641275,-0.009708,0.104189,1.452477,3.009708,1.556667,3.000000
3345.659993,-0.003660,0.118024,1.481976,3.003660,1.600000,3.000000
3345.680344,-0.008347,0.117461,1.522539,3.008347,1.640000,3.000000
3345.701288,-0.012329,0.112734,1.563933,3.012329,1.676667,3.000000
3345.722140,-0.024575,0.104485,1.612181,3.024575,1.716667,3.000000
3345.741319,-0.019835,0.121901,1.641433,3.019835,1.763333,3.000000
3345.761302,-0.022123,0.121332,1.682002,3.022123,1.803333,3.000000
3345.780280,-0.025056,0.117825,1.722175,3.025056,1.840000,3.000000
3345.801629,-0.032513,0.120037,1.759963,3.032513,1.880000,3.000000
3345.820803,-0.039584,0.108770,1.811230,3.039584,1.920000,3.000000
3345.841787,-0.031196,0.123800,1.842866,3.031196,1.966667,3.000000
3345.861658,-0.038750,0.115797,1.894203,3.038750,2.010000,3.000000
3345.881545,-0.033447,0.117130,1.932870,3.033447,2.050000,3.000000
3345.901626,-0.028232,0.126689,1.969977,3.028232,2.096667,3.000000
3345.921736,-0.029113,0.123330,2.013337,3.029113,2.136667,3.000000
3345.942349,-0.030779,0.120076,2.056590,3.030779,2.176667,3.000000
3345.961643,-0.039971,0.114902,2.105098,3.039971,2.220000,3.000000
3345.981629,-0.031159,0.126511,2.140156,3.031159,2.266667,3.000000
3346.001977,-0.030574,0.125465,2.184535,3.030574,2.310000,3.000000
3346.021299,-0.029497,0.121888,2.228112,3.029497,2.350000,3.000000
3346.042314,-0.028330,0.122045,2.271289,3.028330,2.393333,3.000000
3346.061033,-0.027148,0.121734,2.314933,3.027148,2.436667,3.000000
3346.082054,-0.025246,0.124689,2.358644,3.025246,2.483333,3.000000
3346.101014,-0.022595,0.124920,2.401747,3.022595,2.526667,3.000000
3346.121138,-0.028308,0.117795,2.452205,3.028308,2.570000,3.000000
3346.140809,-0.016003,0.129711,2.486956,3.016003,2.616667,3.000000
3346.159934,-0.012373,0.127806,2.532194,3.012373,2.660000,3.000000
3346.179928,-0.009566,0.122939,2.577061,3.009566,2.700000,3.000000
3346.200565,-0.008460,0.122766,2.620567,3.008460,2.743333,3.000000
3346.220684,-0.011868,0.118460,2.671540,3.011868,2.790000,3.000000
3346.240975,-0.005543,0.124872,2.711795,3.005543,2.836667,3.000000
3346.261676,-0.001794,0.131228,2.752105,3.001794,2.883333,3.000000
3346.280027,0.000288,0.129740,2.793594,2.999712,2.923333,3.000000
3346.301098,0.004461,0.125814,2.837520,2.995539,2.963333,3.000000
3346.319858,0.007580,0.126263,2.880403,2.992420,3.006667,3.000000
3346.339336,0.010595,0.126952,2.923048,2.989405,3.050000,3.000000
3346.360975,0.013756,0.125018,2.964982,2.986244,3.090000,3.000000
3346.381054,0.015192,0.127606,3.005727,2.984808,3.133333,3.000000
3346.401063,0.014757,0.124331,3.049002,2.985243,3.173333,3.000000
3346.421196,0.013995,0.124313,3.089021,2.986005,3.213333,3.000000
3346.439581,0.012505,0.128476,3.128190,2.987495,3.256667,3.000000
3346.461165,0.010399,0.127134,3.169533,2.989601,3.296667,3.000000
3346.479516,0.010035,0.126160,3.207173,2.989965,3.333333,3.000000
3346.499237,0.007169,0.125711,3.247622,2.992831,3.373333,3.000000
3346.519294,0.004263,0.124418,3.285582,2.995737,3.410000,3.000000
3346.540057,0.001307,0.126773,3.323227,2.998693,3.450000,3.000000
3346.559247,0.001300,0.134977,3.351690,2.998700,3.486667,3.000000
3346.580900,-0.005081,0.128050,3.391950,3.005081,3.520000,3.000000
3346.599456,-0.009404,0.121191,3.432142,3.009404,3.553333,3.000000
3346.620027,-0.014016,0.126143,3.467190,3.014016,3.593333,3.000000
3346.640308,-0.015844,0.128583,3.501417,3.015844,3.630000,3.000000
3346.659788,-0.019331,0.127784,3.535549,3.019331,3.663333,3.000000
3346.679743,-0.018545,0.131434,3.565232,3.018545,3.696667,3.000000
3346.699934,-0.020364,0.128832,3.597835,3.020364,3.726667,3.000000
3346.721867,-0.021938,0.128859,3.631141,3.021938,3.760000,3.000000
3346.739697,-0.026896,0.133492,3.656508,3.026896,3.790000,3.000000
3346.761587,-0.024346,0.125854,3.690812,3.024346,3.816667,3.000000
3346.781861,-0.021032,0.124625,3.722042,3.021032,3.846667,3.000000
3346.801985,-0.017970,0.126456,3.750211,3.017970,3.876667,3.000000
3346.821403,-0.015679,0.127508,3.779159,3.015679,3.906667,3.000000
3346.841501,-0.011746,0.126546,3.806788,3.011746,3.933333,3.000000
3346.861815,-0.006799,0.127846,3.832154,3.006799,3.960000,3.000000
3346.881456,-0.001974,0.127998,3.858669,3.001974,3.986667,3.000000
3346.900766,0.006879,0.130262,3.882967,2.996427,4.013367,2.999821
3346.921080,0.018625,0.126883,3.908822,2.989395,4.036730,2.998649
3346.940734,0.030498,0.126613,3.933873,2.981757,4.063330,2.995973
3346.960745,0.044450,0.130469,3.953420,2.971570,4.089748,2.991879
3346.980080,0.054864,0.129667,3.977057,2.963070,4.115910,2.986379
3347.000027,0.065732,0.129984,3.998456,2.953302,4.141741,2.979489
3347.019742,0.075818,0.129342,4.019918,2.943016,4.167166,2.971228
3347.041412,0.085778,0.127777,4.041186,2.931521,4.192113,2.961619
3347.059947,0.096828,0.132196,4.058234,2.920276,4.219519,2.949234
3347.083295,0.106417,0.130501,4.077431,2.907360,4.243216,2.936859
3347.102361,0.114673,0.127551,4.097194,2.894081,4.266218,2.923235
3347.121216,0.124743,0.127573,4.114829,2.879351,4.291182,2.906464
3347.139388,0.132947,0.128521,4.131523,2.865988,4.315093,2.888222
3347.159446,0.140318,0.127581,4.149000,2.851350,4.337864,2.868576
3347.179666,0.146423,0.124450,4.167643,2.835261,4.359412,2.847596
3347.199500,0.152540,0.121718,4.184629,2.818522,4.379660,2.825359
3347.220069,0.156714,0.123381,4.201153,2.804312,4.400544,2.799274
3347.240787,0.159067,0.119484,4.219259,2.787119,4.417812,2.774651
3347.260168,0.164864,0.118293,4.233487,2.767942,4.435224,2.746131
3347.280132,0.165470,0.115216,4.249980,2.750390,4.449234,2.719519
3347.300152,0.167744,0.115071,4.264095,2.732140,4.462893,2.689024
3347.320625,0.167840,0.111603,4.278599,2.712527,4.473420,2.660852
3347.341059,0.169361,0.111938,4.290617,2.693376,4.483107,2.628871
3347.360234,0.168040,0.107080,4.303979,2.671056,4.489981,2.599593
3347.380346,0.164760,0.100925,4.317822,2.646835,4.495082,2.569954
3347.400402,0.158538,0.098651,4.333293,2.623469,4.498649,2.536730
3347.421186,0.153456,0.093393,4.345264,2.598017,4.499955,2.506684
3347.442900,0.143590,0.100916,4.356410,2.574250,4.500000,2.473333
3347.463296,0.129903,0.101439,4.370097,2.548106,4.500000,2.446667
3347.482673,0.120419,0.102778,4.379581,2.522778,4.500000,2.420000
3347.500728,0.109232,0.105341,4.390768,2.495341,4.500000,2.390000
3347.521307,0.104751,0.102904,4.395249,2.466237,4.500000,2.363333
3347.541287,0.094314,0.103297,4.405686,2.436630,4.500000,2.333333
3347.560690,0.083363,0.109672,4.416637,2.409672,4.500000,2.300000
3347.580689,0.073542,0.108448,4.426458,2.381782,4.500000,2.273333
3347.600693,0.065263,0.107984,4.434737,2.351317,4.500000,2.243333
3347.620924,0.060723,0.108766,4.439277,2.322099,4.500000,2.213333
3347.640884,0.049976,0.112236,4.450024,2.292236,4.500000,2.180000
3347.660308,0.042551,0.111710,4.457449,2.261710,4.500000,2.150000
3347.681098,0.034170,0.114206,4.465830,2.230872,4.500000,2.116667
3347.700928,0.033151,0.116543,4.466849,2.203210,4.500000,2.086667
3347.721540,0.030304,0.115655,4.469696,2.172322,4.500000,2.056667
3347.741838,0.022146,0.105120,4.477854,2.131787,4.500000,2.026667
3347.761987,0.021589,0.116093,4.478411,2.106093,4.500000,1.990000
3347.780490,0.017241,0.116222,4.482759,2.072889,4.500000,1.956667
3347.800572,0.013781,0.111871,4.486219,2.038538,4.500000,1.926667
3347.820699,0.009708,0.108368,4.490292,1.998368,4.500000,1.890000
3347.840870,0.001260,0.110696,4.498740,1.964030,4.500000,1.853333
3347.860651,-0.018709,0.121802,4.518709,1.938469,4.500000,1.816667
3347.880687,-0.024560,0.119051,4.524560,1.902385,4.500000,1.783333
3347.900813,-0.025393,0.109027,4.525393,1.862360,4.500000,1.753333
3347.921317,-0.035260,0.118200,4.535260,1.834866,4.500000,1.716667
3347.941465,-0.033171,0.116174,4.533171,1.796174,4.500000,1.680000
3347.961259,-0.036284,0.124456,4.536284,1.771123,4.500000,1.646667
3347.980950,-0.035330,0.120271,4.535330,1.733604,4.500000,1.613333
3348.001397,-0.041790,0.106356,4.541790,1.689690,4.500000,1.583333
3348.022378,-0.050906,0.113314,4.550906,1.656647,4.500000,1.543333
3348.042478,-0.057069,0.118953,4.557069,1.625620,4.500000,1.506667
3348.061723,-0.060089,0.120945,4.560089,1.594279,4.500000,1.473333
3348.081742,-0.066411,0.116557,4.566411,1.556557,4.500000,1.440000
3348.101631,-0.062939,0.117088,4.562939,1.523754,4.500000,1.406667
3348.122044,-0.060591,0.120534,4.560591,1.490534,4.500000,1.370000
3348.142356,-0.058700,0.113532,4.558700,1.450198,4.500000,1.336667
3348.161466,-0.056504,0.123546,4.556504,1.426880,4.500000,1.303333
3348.181271,-0.060148,0.123033,4.560148,1.393033,4.500000,1.270000
3348.201301,-0.053676,0.112830,4.553676,1.352830,4.500000,1.240000
3348.222102,-0.053202,0.116857,4.553202,1.320190,4.500000,1.203333
3348.242153,-0.059238,0.126907,4.559238,1.296907,4.500000,1.170000
3348.261381,-0.056067,0.124586,4.556067,1.264586,4.500000,1.140000
3348.281245,-0.054715,0.118145,4.554715,1.231478,4.500000,1.113333
3348.301287,-0.049354,0.116329,4.549354,1.199662,4.500000,1.083333
3348.322968,-0.042952,0.119846,4.542952,1.169846,4.500000,1.050000
3348.341553,-0.037528,0.118207,4.537528,1.138207,4.500000,1.020000
3348.359698,-0.027064,0.116633,4.528573,1.109591,4.499956,0.993330
3348.379744,-0.009076,0.116239,4.516227,1.078608,4.498655,0.963348
3348.400648,-0.006033,0.121941,4.517756,1.053553,4.495558,0.933497
3348.421051,0.004542,0.123003,4.509862,1.025469,4.490675,0.903886
3348.442408,0.010291,0.119609,4.504091,0.996352,4.484851,0.877853
3348.460750,0.023977,0.107995,4.486410,0.959178,4.476649,0.848985
3348.480506,0.036363,0.122492,4.476365,0.944865,4.465524,0.817551
3348.500434,0.047530,0.126129,4.463078,0.921287,4.452328,0.786929
3348.521080,0.056727,0.119208,4.447534,0.897947,4.441891,0.766050
3348.542034,0.065348,0.118888,4.433076,0.875491,4.427059,0.739960
3348.560422,0.077228,0.117715,4.414398,0.855545,4.410689,0.714808
3348.580442,0.089076,0.118784,4.395256,0.836473,4.390767,0.688069
3348.601428,0.097261,0.100612,4.366486,0.805040,4.371349,0.665187
3348.620725,0.106184,0.109661,4.350174,0.789063,4.343390,0.636568
3348.641321,0.119310,0.130835,4.340468,0.785235,4.313233,0.610275
3348.660050,0.122361,0.109441,4.309380,0.757364,4.292001,0.594124
3348.680323,0.134684,0.124839,4.300699,0.757884,4.267124,0.577336
3348.700503,0.136235,0.108402,4.268706,0.731908,4.238360,0.560472
3348.720874,0.148370,0.124825,4.260104,0.732473,4.208535,0.545563
3348.741202,0.153418,0.121161,4.238344,0.720730,4.180895,0.533870
3348.760351,0.156989,0.114151,4.215335,0.709625,4.155777,0.524886
3348.780019,0.164388,0.111633,4.191232,0.702464,4.123763,0.515559
3348.801468,0.170572,0.110903,4.169130,0.696327,4.091200,0.508388
3348.820527,0.175765,0.109716,4.146730,0.690749,4.058230,0.503402
3348.840363,0.180453,0.108380,4.124223,0.686272,4.025002,0.500626
3348.861177,0.185302,0.105882,4.100620,0.683580,3.991663,0.500070
3348.880328,0.187397,0.103135,4.076743,0.679894,3.958360,0.501737
3348.903011,0.179100,0.088892,4.039914,0.669417,3.925243,0.505620
3348.920391,0.188234,0.095568,4.021938,0.674654,3.885954,0.513180
3348.940310,0.202298,0.100319,4.004671,0.685885,3.847396,0.523857
3348.960205,0.202497,0.096619,3.980358,0.687818,3.816000,0.535087
3348.980215,0.203108,0.091612,3.955334,0.692522,3.785422,0.548385
3349.000300,0.202837,0.090374,3.933726,0.696551,3.755799,0.563691
3349.020384,0.203188,0.088046,3.909911,0.703801,3.724472,0.582766
3349.040417,0.200953,0.088021,3.888997,0.708701,3.697276,0.602058
3349.060240,0.200872,0.084791,3.867340,0.718808,3.671425,0.623120
3349.080260,0.199203,0.083233,3.846612,0.728194,3.647037,0.645858
3349.100184,0.197310,0.086483,3.827797,0.736473,3.622026,0.672684
3349.120682,0.196850,0.085083,3.811080,0.748110,3.603070,0.695950
3349.140979,0.192653,0.082632,3.791458,0.759582,3.585543,0.720311
3349.160311,0.189401,0.077481,3.771991,0.775307,3.569510,0.745680
3349.179184,0.185503,0.076793,3.753731,0.789863,3.553517,0.774938
3349.199361,0.182276,0.077268,3.737486,0.805051,3.539509,0.805197
3349.219176,0.179053,0.080178,3.724195,0.817332,3.528651,0.833175
3349.239460,0.173000,0.076959,3.707026,0.835628,3.519492,0.861754
3349.259803,0.168970,0.072621,3.693774,0.854809,3.512802,0.887579
3349.279797,0.165227,0.072886,3.681968,0.872559,3.506935,0.917010
3349.299553,0.156517,0.077635,3.666741,0.886219,3.502845,0.946741
3349.319554,0.154790,0.071612,3.659101,0.910078,3.500712,0.973332
3349.339511,0.148009,0.070242,3.648009,0.929758,3.500000,1.000000
3349.359527,0.139882,0.074485,3.639882,0.948849,3.500000,1.023333
3349.379591,0.126728,0.076757,3.626728,0.969909,3.500000,1.046667
3349.399822,0.117312,0.077853,3.617312,0.992147,3.500000,1.070000
3349.420148,0.111450,0.081495,3.611450,1.011839,3.500000,1.093333
3349.440650,0.103558,0.083051,3.603558,1.033615,3.500000,1.116667
3349.459723,0.096110,0.083443,3.596110,1.056557,3.500000,1.140000
3349.480414,0.088987,0.081660,3.588987,1.081673,3.500000,1.163333
3349.500424,0.081975,0.088412,3.581975,1.101588,3.500000,1.190000
3349.520918,0.076870,0.085832,3.576870,1.127502,3.500000,1.213333
3349.541032,0.067492,0.089077,3.567492,1.147590,3.500000,1.236667
3349.560371,0.061657,0.088398,3.561657,1.174935,3.500000,1.263333
3349.580997,0.056016,0.082538,3.556016,1.204128,3.500000,1.286667
3349.598972,0.050455,0.093734,3.550455,1.222933,3.500000,1.316667
3349.618844,0.043087,0.088820,3.543087,1.254514,3.500000,1.343333
3349.639956,0.044158,0.093242,3.544158,1.273425,3.500000,1.366667
3349.659674,0.038339,0.087303,3.538339,1.306030,3.500000,1.393333
3349.679611,0.037347,0.087394,3.537347,1.332606,3.500000,1.420000
3349.698862,0.032803,0.100164,3.532803,1.349836,3.500000,1.450000
3349.719712,0.026753,0.089355,3.526753,1.383978,3.500000,1.473333
3349.739700,0.020418,0.091315,3.520418,1.408685,3.500000,1.500000
3349.759644,0.008258,0.103702,3.513574,1.427043,3.499096,1.530061
3349.779721,-0.001454,0.091881,3.505506,1.461860,3.497143,1.553372
3349.799623,-0.016463,0.104109,3.494118,1.477768,3.493035,1.583165
3349.820676,-0.027547,0.102263,3.483345,1.506816,3.487143,1.612656
3349.840776,-0.038241,0.097876,3.470799,1.533893,3.480426,1.638532
3349.860132,-0.045793,0.094204,3.459134,1.566143,3.470100,1.670312
3349.880097,-0.061974,0.102842,3.441797,1.585195,3.456318,1.704386
3349.900387,-0.068195,0.098188,3.427443,1.615708,3.441648,1.734408
3349.920648,-0.082000,0.105254,3.409866,1.633464,3.423235,1.766218
3349.941077,-0.089421,0.106843,3.393922,1.657531,3.402535,1.796590
3349.964173,-0.096176,0.102837,3.374776,1.682189,3.381826,1.822814
3349.980962,-0.102132,0.102421,3.355834,1.705355,3.357080,1.849991
3350.000890,-0.109275,0.103077,3.334048,1.727384,3.327889,1.877477
3350.021681,-0.114157,0.103627,3.313960,1.747068,3.299274,1.900544
3350.041337,-0.118311,0.103235,3.290611,1.768122,3.266218,1.923235
3350.060470,-0.122300,0.098424,3.264009,1.787478,3.234408,1.941648
3350.080954,-0.125001,0.100029,3.238487,1.806192,3.195195,1.960325
3350.100798,-0.127034,0.101094,3.213556,1.822052,3.157684,1.974485
3350.121624,-0.127114,0.097992,3.184034,1.838789,3.119159,1.985594
3350.141851,-0.124664,0.092154,3.153300,1.854779,3.083165,1.993035
3350.160864,-0.120119,0.091811,3.124433,1.870480,3.043393,1.998113
3350.180908,-0.119413,0.093679,3.096221,1.879952,3.003342,1.999989
3350.200542,-0.108186,0.093202,3.063202,1.891814,2.970000,2.000000
3350.221344,-0.098415,0.092550,3.029217,1.901585,2.936667,2.000000
3350.241461,-0.085326,0.095613,2.995613,1.914674,2.900000,2.000000
3350.260468,-0.074046,0.100495,2.963828,1.925954,2.863333,2.000000
3350.280471,-0.064376,0.098047,2.928047,1.935624,2.830000,2.000000
3350.300565,-0.055609,0.099975,2.893309,1.944391,2.793333,2.000000
3350.321247,-0.048102,0.101471,2.858137,1.951898,2.756667,2.000000
3350.341564,-0.040673,0.102719,2.822719,1.959327,2.720000,2.000000
3350.360493,-0.035573,0.103918,2.787252,1.964427,2.683333,2.000000
3350.380593,-0.033993,0.108103,2.754769,1.966007,2.646667,2.000000
3350.399439,-0.030893,0.102991,2.716325,1.969107,2.613333,2.000000
3350.419348,-0.030518,0.102667,2.679334,1.969482,2.576667,2.000000
3350.440677,-0.030811,0.104442,2.644442,1.969189,2.540000,2.000000
3350.460399,-0.036097,0.107780,2.611113,1.963903,2.503333,2.000000
3350.478960,-0.048898,0.104161,2.573798,1.957052,2.466604,1.998883
3350.499245,-0.062930,0.103900,2.538737,1.947577,2.426738,1.994604
3350.519244,-0.076694,0.102960,2.504936,1.935620,2.387344,1.987143
3350.539427,-0.091023,0.104225,2.472743,1.921168,2.345492,1.975528
3350.560069,-0.104264,0.104153,2.441397,1.904995,2.304805,1.960325
3350.579613,-0.119578,0.108388,2.414807,1.886279,2.262645,1.940071
3350.599612,-0.130829,0.105724,2.385559,1.866563,2.225349,1.917812
3350.619719,-0.143274,0.104808,2.358870,1.843978,2.187509,1.890320
3350.639445,-0.153257,0.103970,2.333683,1.821526,2.152404,1.859412
3350.659385,-0.163788,0.106188,2.311809,1.798158,2.118174,1.822814
3350.679365,-0.169494,0.092945,2.281887,1.765141,2.089680,1.785723
3350.699583,-0.177298,0.105354,2.269297,1.749023,2.063141,1.743216
3350.720847,-0.180576,0.103541,2.247820,1.721715,2.040990,1.698267
3350.740851,-0.179327,0.096057,2.227276,1.694112,2.026580,1.660852
3350.761163,-0.176529,0.092375,2.207864,1.666802,2.014406,1.619159
3350.781154,-0.170090,0.088590,2.188477,1.640151,2.006420,1.579867
3350.800028,-0.161706,0.085678,2.169659,1.612508,2.001608,1.540062
3350.820328,-0.149905,0.081058,2.151020,1.585731,2.000045,1.506684
3350.839465,-0.130085,0.088198,2.133521,1.558630,1.999453,1.476614
3350.859573,-0.110615,0.093254,2.116882,1.531666,1.997489,1.449952
3350.879506,-0.090404,0.096002,2.098141,1.504459,1.994103,1.423434
3350.899583,-0.064891,0.089746,2.071069,1.467792,1.988606,1.393866
3350.918976,-0.052891,0.111314,2.062088,1.453769,1.980426,1.361468
3350.939219,-0.034875,0.111368,2.041330,1.426133,1.971228,1.332834
3350.959309,-0.019396,0.108911,2.021373,1.400985,1.961619,1.307887
3350.979895,-0.003351,0.105380,1.998511,1.373690,1.949234,1.280481
3351.000440,0.010903,0.109419,1.977607,1.348082,1.931894,1.248073
3351.019100,0.023249,0.113327,1.957191,1.323616,1.912221,1.217026
3351.041575,0.035148,0.114517,1.934453,1.298873,1.890320,1.187509
3351.059719,0.044559,0.113320,1.912303,1.275780,1.868576,1.162136
3351.079796,0.052833,0.113059,1.888855,1.251943,1.842761,1.135974
3351.099210,0.062516,0.112735,1.863229,1.231362,1.815093,1.111778
3351.119825,0.072952,0.111235,1.833393,1.210877,1.782974,1.087779
3351.140227,0.079469,0.110977,1.805686,1.190616,1.749035,1.066431
3351.159599,0.086721,0.114575,1.780071,1.175212,1.713494,1.047871
3351.179607,0.089490,0.107669,1.748015,1.155617,1.679704,1.033410
3351.199708,0.093431,0.110024,1.720765,1.141299,1.641741,1.020511
3351.220129,0.093009,0.101265,1.685349,1.123779,1.606134,1.011394
3351.239499,0.089088,0.098344,1.652235,1.105862,1.566643,1.004461
3351.259971,0.090240,0.101827,1.620881,1.095451,1.523386,1.000547
3351.279546,0.079222,0.098404,1.585071,1.079222,1.486667,1.000000
3351.299281,0.066799,0.098619,1.548619,1.066799,1.450000,1.000000
3351.320062,0.055381,0.102742,1.512742,1.055381,1.410000,1.000000
3351.340052,0.049688,0.100699,1.474032,1.049688,1.373333,1.000000
3351.360085,0.042049,0.106125,1.439459,1.042049,1.333333,1.000000
3351.379806,0.034907,0.102408,1.399074,1.034907,1.296667,1.000000
3351.400075,0.023470,0.110523,1.367190,1.023470,1.256667,1.000000
3351.420062,0.021934,0.114277,1.334277,1.021934,1.220000,1.000000
3351.440065,0.021691,0.110336,1.297002,1.021691,1.186667,1.000000
3351.460088,0.025440,0.107009,1.257009,1.025440,1.150000,1.000000
3351.480044,0.022431,0.111071,1.224404,1.022431,1.113333,1.000000
3351.499295,0.018419,0.113110,1.189777,1.018419,1.076667,1.000000
3351.519858,0.022460,0.109210,1.152543,1.022460,1.043333,1.000000
3351.539737,0.027304,0.110274,1.116941,1.027304,1.006667,1.000000
3351.559477,0.045413,0.102769,1.075253,1.040057,0.969939,1.000904
3351.579221,0.048690,0.113207,1.045857,1.036973,0.926738,1.005396
3351.598945,0.066105,0.115530,1.014797,1.051232,0.887344,1.012857
3351.620255,0.072857,0.109377,0.977914,1.059629,0.851862,1.022449
3351.641643,0.081661,0.105464,0.942342,1.072442,0.814075,1.035854
3351.659486,0.093275,0.093910,0.900379,1.094636,0.774495,1.053741
3351.678914,0.098097,0.111726,0.877916,1.101121,0.730959,1.078554
3351.698918,0.113942,0.103981,0.847271,1.130505,0.695398,1.103493
3351.719196,0.128028,0.118569,0.836052,1.145680,0.662136,1.131424
3351.739246,0.127466,0.114078,0.804720,1.162863,0.633691,1.159680
3351.759594,0.126217,0.095361,0.767809,1.191950,0.609680,1.187509
3351.779019,0.133101,0.105134,0.751161,1.210610,0.582188,1.225349
3351.799561,0.133191,0.106347,0.725856,1.234098,0.558352,1.265592
3351.819561,0.132456,0.099454,0.703616,1.260969,0.542326,1.298669
3351.839579,0.134303,0.098364,0.685387,1.289220,0.526580,1.339148
3351.859265,0.137241,0.095751,0.671719,1.318358,0.515214,1.377598
3351.879289,0.132857,0.084099,0.651004,1.358336,0.506420,1.420133
3351.899240,0.132823,0.086172,0.640145,1.387087,0.501351,1.463270
3351.919245,0.132398,0.098617,0.632398,1.408050,0.500000,1.506667
3351.939525,0.115576,0.099834,0.615576,1.440166,0.500000,1.540000
3351.959521,0.103993,0.096481,0.603993,1.473519,0.500000,1.570000
3351.978960,0.091052,0.087531,0.591052,1.515802,0.500000,1.603333
3351.999268,0.083652,0.100620,0.583652,1.539380,0.500000,1.640000
3352.019297,0.074531,0.104500,0.574531,1.572167,0.500000,1.676667
3352.039258,0.063400,0.100871,0.563400,1.605796,0.500000,1.706667
3352.059248,0.057607,0.099628,0.557607,1.640372,0.500000,1.740000
3352.079207,0.046241,0.091554,0.546241,1.681779,0.500000,1.773333
3352.099249,0.037767,0.106378,0.537767,1.706956,0.500000,1.813333
3352.119210,0.029232,0.108308,0.529232,1.741692,0.500000,1.850000
3352.139251,0.020249,0.104297,0.520249,1.775703,0.500000,1.880000
3352.159252,0.012417,0.104140,0.512417,1.809194,0.500000,1.913333
3352.178967,0.006553,0.105372,0.506553,1.844628,0.500000,1.950000
3352.198950,-0.000749,0.108386,0.499251,1.878281,0.500000,1.986667
3352.218933,-0.012829,0.108538,0.487171,1.911462,0.500000,2.020000
3352.239247,-0.017865,0.097993,0.482135,1.955340,0.500000,2.053333
3352.258963,-0.022668,0.111467,0.477332,1.981866,0.500000,2.093333
3352.279217,-0.029202,0.105432,0.470798,2.024568,0.500000,2.130000
3352.298934,-0.035905,0.111851,0.464095,2.051483,0.500000,2.163333
3352.318960,-0.040272,0.111787,0.459728,2.088213,0.500000,2.200000
3352.339214,-0.042193,0.101979,0.457807,2.131354,0.500000,2.233333
3352.358928,-0.044283,0.111119,0.455717,2.158881,0.500000,2.270000
3352.379203,-0.048098,0.112847,0.451902,2.193820,0.500000,2.306667
3352.399396,-0.051439,0.112297,0.448561,2.227703,0.500000,2.340000
3352.419688,-0.048126,0.110162,0.451874,2.263171,0.500000,2.373333
3352.440557,-0.045646,0.109470,0.454354,2.297196,0.500000,2.406667
3352.459694,-0.042511,0.101000,0.457489,2.339000,0.500000,2.440000
3352.483645,-0.037533,0.104542,0.462467,2.372125,0.500000,2.476667
3352.504219,-0.028091,0.112928,0.469079,2.401230,0.500179,2.513367
3352.519695,-0.013248,0.111979,0.478970,2.432986,0.501887,2.543393
3352.539635,-0.005513,0.108669,0.484021,2.466574,0.505396,2.573262
3352.559714,0.002258,0.107606,0.490759,2.500501,0.511394,2.606134
3352.580039,0.026653,0.110232,0.514822,2.528475,0.520511,2.641741
3352.599693,0.028312,0.109328,0.519677,2.561090,0.531049,2.673450
3352.619994,0.043990,0.108437,0.540097,2.590516,0.545058,2.707431
3352.640104,0.055539,0.107465,0.558584,2.619358,0.561525,2.740291
3352.659990,0.068214,0.108983,0.579324,2.646112,0.582188,2.774651
3352.680065,0.079410,0.109516,0.600890,2.672049,0.605538,2.807245
3352.700039,0.090760,0.108779,0.624823,2.696348,0.631424,2.837864
3352.720027,0.101978,0.109055,0.650656,2.719711,0.662136,2.868576
3352.740323,0.111969,0.110397,0.676064,2.740460,0.695398,2.896507
3352.760389,0.121181,0.111430,0.702240,2.759345,0.730959,2.921446
3352.780298,0.128324,0.107498,0.730800,2.777903,0.765592,2.941648
3352.800305,0.136194,0.105000,0.761306,2.793948,0.804805,2.960325
3352.820276,0.140780,0.104208,0.791961,2.810834,0.848673,2.976550
3352.840190,0.142045,0.100732,0.823390,2.827242,0.890602,2.987885
3352.861058,0.142358,0.099552,0.853667,2.841182,0.933357,2.995539
3352.880199,0.137705,0.096909,0.886252,2.857366,0.976614,2.999453
3352.900464,0.128840,0.083171,0.920162,2.871160,1.003333,3.000000
3352.920513,0.114847,0.092127,0.954540,2.885153,1.046667,3.000000
3352.940450,0.106130,0.100194,0.986473,2.893870,1.086667,3.000000
3352.960332,0.090530,0.097685,1.025649,2.909470,1.123333,3.000000
3352.981242,0.079105,0.098836,1.061164,2.920895,1.160000,3.000000
3353.000310,0.068216,0.104993,1.095007,2.931784,1.200000,3.000000
3353.021516,0.063801,0.108933,1.127734,2.936199,1.236667,3.000000
3353.040394,0.047099,0.104692,1.165308,2.952901,1.270000,3.000000
3353.061344,0.044030,0.110233,1.196433,2.955970,1.306667,3.000000
3353.080637,0.031617,0.107882,1.235451,2.968383,1.343333,3.000000
3353.101533,0.027602,0.106800,1.273200,2.972398,1.380000,3.000000
3353.121766,0.013618,0.111573,1.308427,2.986382,1.420000,3.000000
3353.140799,0.005173,0.110405,1.346261,2.994827,1.456667,3.000000
3353.160635,-0.003526,0.112345,1.384322,3.003526,1.496667,3.000000
3353.181619,-0.008140,0.111880,1.421453,3.008140,1.533333,3.000000
3353.201952,-0.015896,0.112653,1.460680,3.015896,1.573333,3.000000
3353.220949,-0.021735,0.109355,1.503978,3.021735,1.613333,3.000000
3353.242090,-0.026941,0.114563,1.538771,3.026941,1.653333,3.000000
3353.260891,-0.023525,0.114509,1.578825,3.023525,1.693333,3.000000
3353.281691,-0.032849,0.117493,1.615840,3.032849,1.733333,3.000000
3353.300436,-0.031006,0.113992,1.659342,3.031006,1.773333,3.000000
3353.320528,-0.034557,0.114979,1.698354,3.034557,1.813333,3.000000
3353.340596,-0.043466,0.119785,1.736882,3.043466,1.856667,3.000000
3353.359512,-0.045507,0.117094,1.779573,3.045507,1.896667,3.000000
3353.379456,-0.045049,0.117106,1.819561,3.045049,1.936667,3.000000
3353.399538,-0.046276,0.118390,1.861610,3.046276,1.980000,3.000000
3353.420130,-0.046535,0.118543,1.901457,3.046535,2.020000,3.000000
3353.440206,-0.047597,0.119389,1.943944,3.047597,2.063333,3.000000
3353.459638,-0.044813,0.120760,1.982574,3.044813,2.103333,3.000000
3353.479640,-0.046981,0.119088,2.027579,3.046981,2.146667,3.000000
3353.499710,-0.048772,0.119168,2.070832,3.048772,2.190000,3.000000
3353.520587,-0.049432,0.118702,2.114631,3.049432,2.233333,3.000000
3353.540612,-0.042958,0.115674,2.160993,3.042958,2.276667,3.000000
3353.559665,-0.046103,0.121745,2.201589,3.046103,2.323333,3.000000
3353.579675,-0.049745,0.125865,2.240802,3.049745,2.366667,3.000000
3353.600006,-0.048339,0.124626,2.285374,3.048339,2.410000,3.000000
3353.620468,-0.044255,0.122060,2.327940,3.044255,2.450000,3.000000
3353.640599,-0.044105,0.123835,2.372831,3.044105,2.496667,3.000000
3353.660368,-0.031908,0.124603,2.415397,3.031908,2.540000,3.000000
3353.681737,-0.041648,0.126303,2.457030,3.041648,2.583333,3.000000
3353.700574,-0.039393,0.123522,2.503144,3.039393,2.626667,3.000000
3353.719127,-0.036935,0.123086,2.546914,3.036935,2.670000,3.000000
3353.739074,-0.034102,0.122049,2.591284,3.034102,2.713333,3.000000
3353.759196,-0.022219,0.123268,2.636732,3.022219,2.760000,3.000000
3353.779079,-0.028919,0.128799,2.674534,3.028919,2.803333,3.000000
3353.800206,-0.026705,0.126239,2.720428,3.026705,2.846667,3.000000
3353.820490,-0.019866,0.127202,2.759464,3.019866,2.886667,3.000000
3353.839082,-0.018069,0.125758,2.804242,3.018069,2.930000,3.000000
3353.860219,-0.011223,0.128073,2.845260,3.011223,2.973333,3.000000
3353.880234,-0.009212,0.125522,2.887811,3.009212,3.013333,3.000000
3353.899765,-0.005716,0.126879,2.929788,3.005716,3.056667,3.000000
3353.920247,-0.003023,0.127380,2.969287,3.003023,3.096667,3.000000
3353.940258,-0.002960,0.123985,3.012681,3.002960,3.136667,3.000000
3353.960247,-0.003078,0.124941,3.055059,3.003078,3.180000,3.000000
3353.980303,-0.002570,0.123234,3.096766,3.002570,3.220000,3.000000
3353.999528,-0.003060,0.125725,3.137609,3.003060,3.263333,3.000000
3354.020387,0.003729,0.118304,3.185029,2.996271,3.303333,3.000000
3354.040091,0.000143,0.125147,3.221520,2.999857,3.346667,3.000000
3354.059956,-0.002503,0.127046,3.259620,3.002503,3.386667,3.000000
3354.080231,-0.010606,0.135173,3.291493,3.010606,3.426667,3.000000
3354.099743,-0.012575,0.130002,3.329998,3.012575,3.460000,3.000000
3354.119402,-0.014677,0.125672,3.367661,3.014677,3.493333,3.000000
3354.139429,-0.007857,0.119266,3.410734,3.007857,3.530000,3.000000
3354.159206,-0.019322,0.129667,3.440333,3.019322,3.570000,3.000000
3354.179167,-0.019087,0.133986,3.472681,3.019087,3.606667,3.000000
3354.199159,-0.023952,0.128973,3.507694,3.023952,3.636667,3.000000
3354.219430,-0.024772,0.131111,3.538889,3.024772,3.670000,3.000000
3354.239441,-0.028825,0.127063,3.572937,3.028825,3.700000,3.000000
3354.259498,-0.018592,0.120877,3.612456,3.018592,3.733333,3.000000
3354.280217,-0.023502,0.125116,3.641551,3.023502,3.766667,3.000000
3354.299782,-0.032114,0.134932,3.665068,3.032114,3.800000,3.000000
3354.319734,-0.019907,0.123687,3.702980,3.019907,3.826667,3.000000
3354.339782,-0.028275,0.132315,3.724352,3.028275,3.856667,3.000000
3354.359374,-0.024983,0.129874,3.753459,3.024983,3.883333,3.000000
3354.379141,-0.021470,0.128476,3.781524,3.021470,3.910000,3.000000
3354.399114,-0.018031,0.126432,3.810235,3.018031,3.936667,3.000000
3354.420248,-0.014003,0.125734,3.837599,3.014003,3.963333,3.000000
3354.439554,-0.008313,0.128274,3.861726,3.008313,3.990000,3.000000
3354.459572,0.002232,0.130665,3.886041,3.001856,4.016707,2.999721
3354.478909,0.014952,0.130950,3.908335,2.993980,4.040062,2.998392
3354.500863,0.035064,0.112405,3.947389,2.975428,4.063330,2.995973
3354.519722,0.039696,0.127986,3.963080,2.976337,4.096316,2.990636
3354.539496,0.052440,0.139633,3.977310,2.968287,4.125639,2.983957
3354.560945,0.057611,0.129910,4.003910,2.961053,4.144942,2.978531
3354.579473,0.070832,0.131809,4.019260,2.948540,4.167166,2.971228
3354.599774,0.086404,0.112501,4.055049,2.925074,4.192113,2.961619
3354.619263,0.091683,0.136810,4.059200,2.926539,4.222517,2.947757
3354.639238,0.101527,0.138151,4.078671,2.914340,4.249035,2.933569
3354.659571,0.111542,0.112486,4.111613,2.888710,4.266218,2.923235
3354.679265,0.117718,0.139463,4.111872,2.891246,4.293893,2.904508
3354.699259,0.124789,0.136724,4.132814,2.876613,4.317681,2.886107
3354.719254,0.128601,0.126719,4.152735,2.861479,4.332906,2.873060
3354.739522,0.133615,0.122412,4.171358,2.846206,4.352370,2.854733
3354.759526,0.138075,0.119510,4.190468,2.830143,4.373060,2.832906
3354.779731,0.142234,0.101302,4.220001,2.799764,4.394462,2.807245
3354.799429,0.151498,0.124992,4.222558,2.795880,4.417812,2.774651
3354.819727,0.160053,0.124650,4.234545,2.775844,4.435224,2.746131
3354.839721,0.156010,0.102358,4.262495,2.744750,4.447757,2.722517
3354.859090,0.162918,0.121536,4.266120,2.739949,4.462893,2.689024
3354.880577,0.163636,0.118701,4.281765,2.718721,4.474485,2.657684
3354.899718,0.161480,0.112405,4.296796,2.697846,4.482235,2.632098
3354.919702,0.161767,0.107425,4.308897,2.674713,4.489304,2.602866
3354.940259,0.159977,0.100686,4.321600,2.649421,4.494604,2.573262
3354.960043,0.157121,0.097439,4.333970,2.624599,4.498392,2.540062
3354.979877,0.151613,0.095120,4.347084,2.599769,4.499955,2.506684
3354.999655,0.139862,0.097765,4.360138,2.574432,4.500000,2.476667
3355.019967,0.128408,0.102604,4.371592,2.549271,4.500000,2.446667
3355.040416,0.111736,0.091809,4.388264,2.511809,4.500000,2.420000
3355.059852,0.107096,0.109982,4.392904,2.496648,4.500000,2.386667
3355.080242,0.100332,0.110047,4.399668,2.466714,4.500000,2.356667
3355.100242,0.087482,0.105608,4.412518,2.438942,4.500000,2.333333
3355.120391,0.074063,0.106304,4.425937,2.409638,4.500000,2.303333
3355.140694,0.062064,0.097480,4.437936,2.370813,4.500000,2.273333
3355.160227,0.057358,0.111320,4.442642,2.347987,4.500000,2.236667
3355.180856,0.046579,0.111213,4.453421,2.314546,4.500000,2.203333
3355.200156,0.044442,0.121461,4.455558,2.294795,4.500000,2.173333
3355.220490,0.031733,0.108940,4.468267,2.255607,4.500000,2.146667
3355.240157,0.035242,0.114229,4.464758,2.230895,4.500000,2.116667
3355.260485,0.024739,0.115433,4.475261,2.198766,4.500000,2.083333
3355.280407,0.023220,0.110436,4.476780,2.163769,4.500000,2.053333
3355.300509,0.014233,0.103475,4.485767,2.123475,4.500000,2.020000
3355.320093,0.012345,0.117687,4.487655,2.101020,4.500000,1.983333
3355.339803,0.011515,0.113202,4.488485,2.063202,4.500000,1.950000
3355.359740,0.004829,0.111721,4.495171,2.028387,4.500000,1.916667
3355.379574,-0.003453,0.111226,4.503453,1.994560,4.500000,1.883333
3355.399571,-0.021042,0.114225,4.521042,1.960892,4.500000,1.846667
3355.419424,-0.028686,0.105605,4.528686,1.918938,4.500000,1.813333
3355.440102,-0.030812,0.121613,4.530812,1.894947,4.500000,1.773333
3355.460059,-0.033544,0.120279,4.533544,1.860279,4.500000,1.740000
3355.479669,-0.045640,0.115277,4.545640,1.825277,4.500000,1.710000
3355.499739,-0.047900,0.104424,4.547900,1.781091,4.500000,1.676667
3355.520092,-0.046135,0.120771,4.546135,1.757438,4.500000,1.636667
3355.540012,-0.050052,0.121691,4.550052,1.721691,4.500000,1.600000
3355.560011,-0.054449,0.108790,4.554449,1.678790,4.500000,1.570000
3355.580390,-0.048758,0.116117,4.548758,1.649450,4.500000,1.533333
3355.600386,-0.051808,0.119156,4.551808,1.615823,4.500000,1.496667
3355.620398,-0.057760,0.112621,4.557760,1.575954,4.500000,1.463333
3355.640306,-0.057114,0.118847,4.557114,1.545514,4.500000,1.426667
3355.660405,-0.058882,0.119456,4.558882,1.512789,4.500000,1.393333
3355.680235,-0.059748,0.118107,4.559748,1.478107,4.500000,1.360000
3355.700343,-0.060680,0.120459,4.560680,1.447126,4.500000,1.326667
3355.720355,-0.062025,0.117780,4.562025,1.414446,4.500000,1.296667
3355.740304,-0.066973,0.113274,4.566973,1.376607,4.500000,1.263333
3355.760493,-0.066093,0.120380,4.566093,1.350380,4.500000,1.230000
3355.780849,-0.066640,0.118482,4.566640,1.315149,4.500000,1.196667
3355.800861,-0.067630,0.115418,4.567630,1.282085,4.500000,1.166667
3355.820909,-0.068567,0.118957,4.568567,1.252290,4.500000,1.133333
3355.840747,-0.063819,0.113821,4.563819,1.217155,4.500000,1.103333
3355.860119,-0.059601,0.113995,4.559601,1.187329,4.500000,1.073333
3355.879756,-0.057188,0.116899,4.557188,1.156899,4.500000,1.040000
3355.899758,-0.056436,0.105788,4.556436,1.119121,4.500000,1.013333
3355.920379,-0.039371,0.116969,4.543619,1.095296,4.499600,0.979995
3355.940590,-0.029879,0.112892,4.538505,1.059401,4.497500,0.950058
3355.960922,-0.016035,0.117629,4.527949,1.037392,4.494128,0.923595
3355.980602,-0.007800,0.119305,4.521549,1.009033,4.488654,0.894088
3356.000598,-0.000215,0.116755,4.513299,0.980744,4.482309,0.868176
3356.020596,0.017415,0.113688,4.493842,0.956032,4.474592,0.842640
3356.040314,0.023928,0.118185,4.485479,0.929836,4.463049,0.811358
3356.060311,0.035160,0.116667,4.469610,0.904322,4.450897,0.783917
3356.080832,0.042666,0.116752,4.456502,0.880038,4.437121,0.757255
3356.100891,0.047939,0.111760,4.441355,0.851488,4.421770,0.731467
3356.120531,0.060847,0.114611,4.421760,0.832342,4.402935,0.703953
3356.140790,0.077306,0.114167,4.398003,0.817523,4.384448,0.680313
3356.160542,0.086881,0.115933,4.379235,0.799280,4.362285,0.655400
3356.180235,0.095397,0.116294,4.359514,0.780961,4.338512,0.632019
3356.200482,0.101509,0.114050,4.338537,0.760845,4.313233,0.610275
3356.220209,0.108682,0.113620,4.317381,0.744444,4.286561,0.590265
3356.240628,0.120019,0.111363,4.291847,0.732394,4.258614,0.572076
3356.260156,0.127765,0.111944,4.268453,0.718889,4.226549,0.554270
3356.280040,0.134078,0.114438,4.248934,0.708407,4.196337,0.540161
3356.300380,0.140335,0.112071,4.222621,0.696094,4.162101,0.527006
3356.320053,0.146509,0.108592,4.196904,0.686988,4.130215,0.517254
3356.340067,0.154732,0.109529,4.172796,0.681648,4.094477,0.509007
3356.360068,0.159478,0.106252,4.147357,0.675145,4.061541,0.503802
3356.380047,0.165113,0.102641,4.119259,0.670664,4.025002,0.500626
3356.400039,0.169306,0.102919,4.095171,0.666993,3.988328,0.500136
3356.420123,0.175673,0.100360,4.068572,0.667498,3.951718,0.502337
3356.440464,0.179811,0.101927,4.046259,0.667178,3.915366,0.507215
3356.460040,0.184347,0.099419,4.020396,0.669690,3.879471,0.514745
3356.480027,0.184102,0.093348,3.990282,0.670742,3.844223,0.524886
3356.500123,0.191733,0.095164,3.970755,0.678707,3.809814,0.537583
3356.520492,0.188215,0.089999,3.941088,0.680877,3.776429,0.552769
3356.540051,0.190438,0.088693,3.917868,0.688633,3.744246,0.570361
3356.559237,0.188909,0.088489,3.892185,0.695067,3.710713,0.592185
3356.579196,0.189296,0.078013,3.864224,0.709849,3.684175,0.612373
3356.599207,0.187001,0.088097,3.847156,0.713002,3.654193,0.638866
3356.619207,0.188660,0.087299,3.827226,0.726682,3.628651,0.665187
3356.639160,0.185948,0.085306,3.806030,0.738693,3.607161,0.690682
3356.659744,0.185695,0.083376,3.787745,0.753653,3.587418,0.717553
3356.679216,0.179658,0.083062,3.766441,0.765547,3.569510,0.745680
3356.698949,0.176771,0.079634,3.748662,0.781715,3.555028,0.771965
3356.719409,0.172917,0.080216,3.731364,0.796893,3.540819,0.802130
3356.739048,0.170653,0.079578,3.716077,0.815095,3.528651,0.833175
3356.759309,0.165398,0.079149,3.700326,0.831421,3.519492,0.861754
3356.779303,0.163028,0.077454,3.688070,0.850841,3.512063,0.890831
3356.799107,0.159402,0.076336,3.675924,0.870350,3.506393,0.920301
3356.818933,0.152934,0.075579,3.662218,0.890133,3.502500,0.950058
3356.839030,0.146841,0.073465,3.650655,0.910132,3.500545,0.976663
3356.859039,0.139778,0.071201,3.639778,0.932132,3.500000,1.003333
3356.879099,0.128882,0.076511,3.628882,0.953489,3.500000,1.030000
3356.899401,0.113272,0.068527,3.613272,0.984807,3.500000,1.053333
3356.919305,0.113136,0.085687,3.613136,0.997646,3.500000,1.083333
3356.939231,0.102349,0.085743,3.602349,1.020924,3.500000,1.106667
3356.959660,0.095146,0.083403,3.595146,1.043264,3.500000,1.126667
3356.979213,0.089414,0.083146,3.589414,1.066854,3.500000,1.150000
3356.999704,0.081526,0.086505,3.581526,1.090162,3.500000,1.176667
3357.019647,0.074031,0.086186,3.574031,1.113814,3.500000,1.200000
3357.039746,0.066712,0.088213,3.566712,1.138453,3.500000,1.226667
3357.059456,0.058061,0.088095,3.558061,1.161905,3.500000,1.250000
3357.079421,0.048459,0.081400,3.548459,1.195267,3.500000,1.276667
3357.099464,0.052044,0.093468,3.552044,1.213199,3.500000,1.306667
3357.120129,0.045773,0.093321,3.545773,1.240012,3.500000,1.333333
3357.140108,0.044151,0.089990,3.544151,1.266677,3.500000,1.356667
3357.159512,0.039948,0.089858,3.539948,1.293475,3.500000,1.383333
3357.179591,0.034942,0.089372,3.534942,1.320628,3.500000,1.410000
3357.199517,0.031892,0.094093,3.531892,1.345907,3.500000,1.440000
3357.220356,0.024606,0.094446,3.524606,1.372220,3.500000,1.466667
3357.240689,0.017935,0.093645,3.517935,1.399688,3.500000,1.493333
3357.260089,0.008230,0.094656,3.511616,1.425797,3.499598,1.520047
3357.280146,-0.004075,0.097720,3.503215,1.452411,3.497489,1.550048
3357.300516,-0.013781,0.096009,3.495186,1.479579,3.494103,1.576566
3357.320518,-0.024705,0.098333,3.485337,1.504798,3.488606,1.606134
3357.340684,-0.038483,0.101385,3.471539,1.530455,3.480426,1.638532
3357.360736,-0.046843,0.100668,3.460737,1.556629,3.471228,1.667166
3357.380717,-0.056165,0.102281,3.448008,1.582100,3.459010,1.698267
3357.400769,-0.070005,0.095827,3.426263,1.611256,3.444742,1.728483
3357.421529,-0.078820,0.108230,3.415878,1.627090,3.426756,1.760537
3357.439736,-0.086196,0.106191,3.399259,1.651994,3.408401,1.788459
3357.459708,-0.092820,0.103667,3.381482,1.676108,3.388222,1.815093
3357.479711,-0.100889,0.102888,3.361105,1.698691,3.364026,1.842761
3357.499215,-0.106899,0.102440,3.341143,1.720553,3.337864,1.868576
3357.519532,-0.111995,0.100869,3.319628,1.741993,3.309875,1.892400
3357.539225,-0.118461,0.100729,3.295506,1.761523,3.277438,1.915967
3357.559526,-0.123734,0.100762,3.271066,1.779737,3.243216,1.936859
3357.579489,-0.127706,0.102015,3.247273,1.796422,3.207431,1.954942
3357.599510,-0.128064,0.105556,3.225934,1.813739,3.170312,1.970100
3357.619507,-0.129746,0.099496,3.195987,1.829509,3.135318,1.981341
3357.639510,-0.129887,0.093255,3.165107,1.844121,3.099593,1.989981
3357.659481,-0.128169,0.090755,3.134728,1.858250,3.060013,1.996385
3357.679516,-0.123979,0.089809,3.104813,1.872118,3.020047,1.999598
3357.699236,-0.108555,0.082194,3.065527,1.891445,2.983333,2.000000
3357.719104,-0.107902,0.100256,3.043589,1.892098,2.943333,2.000000
3357.739393,-0.097305,0.099433,3.009433,1.902695,2.910000,2.000000
3357.759351,-0.086642,0.098196,2.974863,1.913358,2.876667,2.000000
3357.779414,-0.077998,0.099232,2.942565,1.922002,2.843333,2.000000
3357.799431,-0.068238,0.100485,2.907152,1.931762,2.806667,2.000000
3357.819406,-0.060137,0.098702,2.872035,1.939863,2.773333,2.000000
3357.839414,-0.052266,0.101512,2.838179,1.947734,2.736667,2.000000
3357.859414,-0.047494,0.104340,2.804340,1.952506,2.700000,2.000000
3357.879404,-0.043469,0.105919,2.769253,1.956531,2.663333,2.000000
3357.899421,-0.039361,0.102296,2.732296,1.960639,2.630000,2.000000
3357.919700,-0.038633,0.102722,2.696055,1.961367,2.593333,2.000000
3357.939675,-0.040304,0.104127,2.660794,1.959696,2.556667,2.000000
3357.959719,-0.038499,0.107680,2.627680,1.961501,2.520000,2.000000
3357.980328,-0.046844,0.107012,2.591810,1.956479,2.483293,1.999721
3357.999944,-0.060884,0.102971,2.555510,1.947599,2.446628,1.997143
3358.020128,-0.075256,0.102198,2.521383,1.936342,2.406966,1.991268
3358.039927,-0.088107,0.103468,2.488134,1.924525,2.364682,1.981341
3358.059335,-0.099934,0.105296,2.457222,1.911473,2.323419,1.967781
3358.079956,-0.106170,0.102286,2.421661,1.899284,2.283488,1.950691
3358.099939,-0.127468,0.102753,2.398561,1.872892,2.245192,1.930201
3358.120786,-0.139592,0.102094,2.370753,1.851586,2.206107,1.904508
3358.139789,-0.148605,0.100888,2.343516,1.830408,2.169595,1.875276
3358.160681,-0.159607,0.105059,2.322129,1.808654,2.133691,1.840320
3358.179547,-0.166544,0.101998,2.297702,1.784028,2.103493,1.804602
3358.199534,-0.172316,0.099340,2.275518,1.758559,2.076765,1.766218
3358.219742,-0.176211,0.098756,2.253993,1.732534,2.052243,1.722517
3358.239724,-0.177865,0.096906,2.234218,1.706209,2.033410,1.679704
3358.260039,-0.175348,0.095273,2.214455,1.681493,2.019574,1.638532
3358.280080,-0.173052,0.089657,2.197462,1.652984,2.010019,1.599593
3358.300397,-0.167213,0.089224,2.180328,1.628522,2.003615,1.560013
3358.320234,-0.157137,0.085623,2.161517,1.601566,2.000547,1.523386
3358.340880,-0.142148,0.082463,2.143193,1.573872,1.999955,1.493316
3358.360620,-0.120922,0.088390,2.125439,1.546720,1.998883,1.466604
3358.380629,-0.100529,0.093540,2.107415,1.520785,1.996385,1.439987
3358.400342,-0.081749,0.097000,2.089759,1.494945,1.992468,1.413542
3358.420316,-0.063745,0.102622,2.072178,1.469139,1.986379,1.384090
3358.440278,-0.046814,0.100955,2.053001,1.441802,1.979489,1.358259
3358.460577,-0.028685,0.104769,2.032199,1.414862,1.968951,1.326550
3358.481159,-0.014163,0.104485,2.012711,1.388607,1.957674,1.298669
3358.499441,-0.000076,0.112967,1.994676,1.365340,1.941648,1.265592
3358.519400,0.011828,0.110695,1.974341,1.340106,1.926756,1.239463
3358.539863,0.023134,0.110643,1.953338,1.315261,1.908401,1.211541
3358.560170,0.035099,0.111157,1.929628,1.290457,1.886107,1.182319
3358.579598,0.044048,0.112131,1.907272,1.266345,1.861727,1.154814
3358.599880,0.055078,0.116624,1.884942,1.248252,1.835392,1.129174
3358.619495,0.062540,0.109483,1.857038,1.224534,1.809875,1.107600
3358.639941,0.068414,0.110716,1.833567,1.204606,1.780212,1.085897
3358.659871,0.072563,0.109647,1.805853,1.181914,1.746131,1.064776
3358.680757,0.074392,0.108103,1.779482,1.161299,1.713494,1.047871
3358.699392,0.080976,0.106520,1.747640,1.145596,1.676581,1.032219
3358.719456,0.083713,0.101084,1.714947,1.129446,1.641741,1.020511
3358.739175,0.086747,0.103238,1.683484,1.115592,1.599593,1.010019
3358.759246,0.086713,0.102248,1.651114,1.101974,1.560013,1.003615
3358.779491,0.083161,0.098626,1.618015,1.088230,1.523386,1.000547
3358.799544,0.075989,0.100248,1.583582,1.075989,1.483333,1.000000
3358.819693,0.065981,0.097975,1.547975,1.065981,1.450000,1.000000
3358.839639,0.052297,0.104247,1.514247,1.052297,1.410000,1.000000
3358.859646,0.044851,0.104263,1.477596,1.044851,1.373333,1.000000
3358.879719,0.036191,0.099749,1.436415,1.036191,1.336667,1.000000
3358.899339,0.029968,0.107182,1.403848,1.029968,1.296667,1.000000
3358.920092,0.022426,0.103262,1.363262,1.022426,1.260000,1.000000
3358.940112,0.018284,0.109674,1.329674,1.018284,1.220000,1.000000
3358.959853,0.015457,0.110931,1.294265,1.015457,1.183333,1.000000
3358.979984,0.013838,0.110040,1.260040,1.013838,1.150000,1.000000
3358.999825,0.011721,0.112299,1.225632,1.011721,1.113333,1.000000
3359.020227,0.012887,0.107715,1.187715,1.012887,1.080000,1.000000
3359.040173,0.015538,0.108739,1.152073,1.015538,1.043333,1.000000
3359.059988,0.020825,0.110966,1.117633,1.020825,1.006667,1.000000
3359.079986,0.032763,0.108731,1.080443,1.027071,0.969939,1.000904
3359.099448,0.045839,0.108111,1.046613,1.035482,0.933357,1.004461
3359.119503,0.059623,0.110985,1.014977,1.046100,0.893866,1.011394
3359.139726,0.069950,0.106247,0.977020,1.057616,0.855058,1.021469
3359.159815,0.079874,0.110444,0.946300,1.068932,0.814075,1.035854
3359.180525,0.087555,0.105026,0.910500,1.083909,0.777483,1.052243
3359.199842,0.097741,0.108935,0.883371,1.099904,0.739463,1.073244
3359.221273,0.101246,0.107370,0.849908,1.115285,0.703410,1.097465
3359.240114,0.118438,0.114993,0.834168,1.137629,0.669595,1.124724
3359.259806,0.118953,0.108201,0.801315,1.157321,0.640588,1.152404
3359.281072,0.127975,0.104721,0.777137,1.184246,0.611778,1.184907
3359.300136,0.137820,0.101067,0.756681,1.213322,0.585897,1.219788
3359.320298,0.138803,0.088683,0.725868,1.248644,0.561525,1.259709
3359.339413,0.143442,0.098502,0.708659,1.272060,0.538381,1.307887
3359.360953,0.145383,0.101862,0.690138,1.299714,0.521469,1.355058
3359.380022,0.146159,0.100196,0.675491,1.326978,0.511394,1.393866
3359.401069,0.147154,0.095319,0.663007,1.358501,0.504461,1.433357
3359.420513,0.146839,0.093385,0.652335,1.387873,0.500715,1.473276
3359.440800,0.138844,0.090989,0.638844,1.422344,0.500000,1.513333
3359.460676,0.122732,0.096472,0.622732,1.453528,0.500000,1.550000
3359.481696,0.109110,0.095380,0.609110,1.487953,0.500000,1.583333
3359.499400,0.100100,0.094219,0.600100,1.522447,0.500000,1.616667
3359.520355,0.085272,0.096445,0.585272,1.556889,0.500000,1.653333
3359.539468,0.079161,0.097725,0.579161,1.592275,0.500000,1.690000
3359.560296,0.070085,0.099297,0.570085,1.627369,0.500000,1.726667
3359.579712,0.059183,0.101994,0.559183,1.661340,0.500000,1.763333
3359.599658,0.050830,0.099954,0.550830,1.696713,0.500000,1.796667
3359.619686,0.037804,0.102106,0.537804,1.731227,0.500000,1.833333
3359.639308,0.030003,0.107496,0.530003,1.762504,0.500000,1.870000
3359.662664,0.019364,0.098048,0.519364,1.805286,0.500000,1.903333
3359.679509,0.013578,0.113996,0.513578,1.829337,0.500000,1.943333
3359.699510,0.004871,0.111565,0.504871,1.865101,0.500000,1.976667
3359.719405,-0.002722,0.105191,0.497278,1.901476,0.500000,2.006667
3359.739787,-0.014690,0.107467,0.485310,1.935866,0.500000,2.043333
3359.759817,-0.021680,0.107012,0.478320,1.972988,0.500000,2.080000
3359.779788,-0.026102,0.107012,0.473898,2.009655,0.500000,2.116667
3359.800978,-0.032974,0.106718,0.467026,2.046616,0.500000,2.153333
3359.821085,-0.039811,0.107604,0.460189,2.082396,0.500000,2.190000
3359.840968,-0.046147,0.107532,0.453853,2.119134,0.500000,2.226667
3359.859993,-0.052629,0.107017,0.447371,2.156317,0.500000,2.263333
3359.880051,-0.056616,0.108027,0.443384,2.191973,0.500000,2.300000
3359.901180,-0.056276,0.108553,0.443724,2.228113,0.500000,2.336667
3359.923165,-0.053227,0.110784,0.446773,2.262550,0.500000,2.373333
3359.940586,-0.052326,0.108697,0.447674,2.297970,0.500000,2.406667
3359.963650,-0.045700,0.106605,0.454300,2.333395,0.500000,2.440000
3359.982540,-0.041790,0.108715,0.458210,2.367952,0.500000,2.476667
3360.000689,-0.026917,0.108669,0.471010,2.401918,0.500101,2.510026
3360.020502,-0.020627,0.109853,0.471803,2.435744,0.501887,2.543393
3360.040522,-0.001111,0.110243,0.487917,2.467794,0.505897,2.576566
3360.060630,0.006269,0.113586,0.493380,2.497192,0.512115,2.609398
3360.080660,0.012318,0.113041,0.500279,2.529845,0.520511,2.641741
3360.100659,0.028370,0.106194,0.520818,2.564009,0.531049,2.673450
3360.120908,0.045239,0.104127,0.543022,2.593920,0.545058,2.707431
3360.141087,0.056935,0.109192,0.560584,2.623058,0.564776,2.746131
3360.160956,0.066814,0.112631,0.578111,2.649487,0.585897,2.780212
3360.180809,0.078307,0.110989,0.600271,2.674240,0.607600,2.809875
3360.200946,0.091811,0.113484,0.623711,2.694689,0.633691,2.840320
3360.221570,0.102542,0.106939,0.652596,2.720725,0.662136,2.868576
3360.241568,0.112451,0.103293,0.681991,2.744406,0.695398,2.896507
3360.263477,0.121186,0.103444,0.710743,2.765577,0.733782,2.923235
3360.281180,0.131059,0.104840,0.741923,2.783734,0.777483,2.947757
3360.301353,0.135491,0.103217,0.772673,2.803055,0.820296,2.966590
3360.321396,0.138859,0.100937,0.802955,2.819036,0.861468,2.980426
3360.343739,0.141104,0.097784,0.837145,2.834434,0.906966,2.991268
3360.361258,0.140394,0.093979,0.870498,2.848393,0.949952,2.997489
3360.381259,0.110794,-0.117662,0.899667,2.863599,0.986633,2.999821
3360.401162,0.122482,0.092847,0.933820,2.877518,1.026667,3.000000
3360.421078,0.109335,0.096801,0.969866,2.890665,1.066667,3.000000
3360.441368,0.095941,0.097641,1.005692,2.904059,1.103333,3.000000
3360.461240,0.084665,0.102336,1.040998,2.915335,1.143333,3.000000
3360.481272,0.071034,0.103682,1.076318,2.928966,1.180000,3.000000
3360.501206,0.059128,0.101194,1.115473,2.940872,1.216667,3.000000
3360.521496,0.048904,0.103015,1.150318,2.951096,1.253333,3.000000
3360.541391,0.038657,0.106420,1.186914,2.961343,1.293333,3.000000
3360.561167,0.031331,0.110046,1.219954,2.968669,1.330000,3.000000
3360.581193,0.018930,0.110564,1.256102,2.981070,1.366667,3.000000
3360.601268,0.010914,0.110732,1.292601,2.989086,1.403333,3.000000
3360.621420,0.005066,0.108543,1.331457,2.994934,1.440000,3.000000
3360.641351,-0.002676,0.111277,1.368723,3.002676,1.480000,3.000000
3360.661234,-0.010087,0.108614,1.408053,3.010087,1.516667,3.000000
3360.681244,-0.014101,0.116419,1.443581,3.014101,1.560000,3.000000
3360.701293,-0.022352,0.113674,1.482993,3.022352,1.596667,3.000000
3360.721359,-0.027522,0.111589,1.525078,3.027522,1.636667,3.000000
3360.741275,-0.025086,0.117038,1.559629,3.025086,1.676667,3.000000
3360.759925,-0.029422,0.112279,1.604388,3.029422,1.716667,3.000000
3360.779672,-0.034769,0.112429,1.644238,3.034769,1.756667,3.000000
3360.799777,-0.040134,0.115425,1.684575,3.040134,1.800000,3.000000
3360.819705,-0.042337,0.112997,1.727003,3.042337,1.840000,3.000000
3360.840082,-0.044596,0.114623,1.768710,3.044596,1.883333,3.000000
3360.859878,-0.045813,0.117076,1.809591,3.045813,1.926667,3.000000
3360.879965,-0.047534,0.117738,1.852262,3.047534,1.970000,3.000000
3360.899949,-0.050979,0.119281,1.890719,3.050979,2.010000,3.000000
3360.920106,-0.052472,0.119396,1.933937,3.052472,2.053333,3.000000
3360.940155,-0.048673,0.120555,1.972779,3.048673,2.093333,3.000000
3360.960207,-0.048774,0.118953,2.017714,3.048774,2.136667,3.000000
3360.980413,-0.049633,0.116074,2.060592,3.049633,2.176667,3.000000
3361.000497,-0.047381,0.121274,2.102059,3.047381,2.223333,3.000000
3361.020583,-0.045259,0.122730,2.143936,3.045259,2.266667,3.000000
3361.040916,-0.046141,0.116772,2.189894,3.046141,2.306667,3.000000
3361.060729,-0.045726,0.120142,2.233192,3.045726,2.353333,3.000000
3361.080662,-0.039750,0.126241,2.270426,3.039750,2.396667,3.000000
3361.101505,-0.038067,0.125417,2.314583,3.038067,2.440000,3.000000
3361.122354,-0.040919,0.119898,2.360102,3.040919,2.480000,3.000000
3361.140359,-0.037643,0.123952,2.402714,3.037643,2.526667,3.000000
3361.161689,-0.034677,0.123861,2.446139,3.034677,2.570000,3.000000
3361.182181,-0.033048,0.111782,2.501552,3.033048,2.613333,3.000000
3361.200407,-0.023557,0.147440,2.512560,3.023557,2.660000,3.000000
3361.220502,-0.022235,0.130815,2.565851,3.022235,2.696667,3.000000
3361.245050,-0.021820,0.114009,2.615991,3.021820,2.730000,3.000000
3361.264956,-0.020298,0.118356,2.661644,3.020298,2.780000,3.000000
3361.285570,-0.016799,0.121754,2.704913,3.016799,2.826667,3.000000
3361.306056,-0.015750,0.123186,2.750148,3.015750,2.873333,3.000000
3361.324897,-0.010752,0.124915,2.791752,3.010752,2.916667,3.000000
3361.345480,-0.007684,0.128769,2.831231,3.007684,2.960000,3.000000
3361.365555,-0.007693,0.121460,2.878540,3.007693,3.000000,3.000000
3361.385575,-0.007815,0.120430,2.922903,3.007815,3.043333,3.000000
3361.405550,-0.008289,0.125056,2.964944,3.008289,3.090000,3.000000
3361.425527,-0.007559,0.125590,3.007744,3.007559,3.133333,3.000000
3361.440496,-0.006522,0.123614,3.049719,3.006522,3.173333,3.000000
3361.466172,-0.003393,0.130624,3.086042,3.003393,3.216667,3.000000
3361.486132,-0.004325,0.128718,3.127949,3.004325,3.256667,3.000000
3361.506141,-0.005092,0.122691,3.170642,3.005092,3.293333,3.000000
3361.525529,-0.008263,0.124885,3.208449,3.008263,3.333333,3.000000
3361.545575,-0.007251,0.127150,3.246183,3.007251,3.373333,3.000000
3361.560415,-0.009136,0.126981,3.286353,3.009136,3.413333,3.000000
3361.580540,-0.010998,0.123909,3.326091,3.010998,3.450000,3.000000
3361.599688,-0.012069,0.128673,3.361327,3.012069,3.490000,3.000000
3361.619626,-0.014847,0.127509,3.399158,3.014847,3.526667,3.000000
3361.639747,-0.017967,0.127719,3.435614,3.017967,3.563333,3.000000
3361.659437,-0.018226,0.131420,3.465247,3.018226,3.596667,3.000000
3361.680231,-0.020576,0.128321,3.501679,3.020576,3.630000,3.000000
3361.699685,-0.023310,0.123617,3.539716,3.023310,3.663333,3.000000
3361.720474,-0.026398,0.127299,3.569368,3.026398,3.696667,3.000000
3361.740151,-0.023336,0.131802,3.598198,3.023336,3.730000,3.000000
3361.760177,-0.021740,0.129847,3.630153,3.021740,3.760000,3.000000
3361.779836,-0.023492,0.128155,3.661845,3.023492,3.790000,3.000000
3361.799860,-0.024039,0.126470,3.693530,3.024039,3.820000,3.000000
3361.819679,-0.020718,0.131561,3.718439,3.020718,3.850000,3.000000
3361.839818,-0.019731,0.123881,3.752786,3.019731,3.876667,3.000000
3361.859511,-0.019466,0.125813,3.780853,3.019466,3.906667,3.000000
3361.879746,-0.012535,0.128100,3.805233,3.012535,3.933333,3.000000
3361.900077,-0.009432,0.125183,3.834817,3.009432,3.960000,3.000000
3361.919867,-0.004418,0.126659,3.860007,3.004418,3.986667,3.000000
3361.939910,0.005291,0.128523,3.884749,2.997968,4.013367,2.999821
3361.959739,0.017771,0.129951,3.909105,2.991090,4.040062,2.998392
3361.979767,0.028834,0.128579,3.932134,2.983657,4.063330,2.995973
3362.000324,0.040907,0.127559,3.956918,2.974533,4.089748,2.991879
3362.020773,0.053811,0.130680,3.976315,2.964328,4.115910,2.986379
3362.042248,0.063501,0.131000,3.998113,2.955729,4.141741,2.979489
3362.059921,0.072082,0.132166,4.018506,2.947481,4.167166,2.971228
3362.082609,0.084972,0.132003,4.037595,2.933889,4.192113,2.961619
3362.103026,0.092831,0.127366,4.058685,2.922569,4.213494,2.952129
3362.120552,0.101399,0.128856,4.078560,2.911479,4.240291,2.938475
3362.140926,0.110101,0.127987,4.096595,2.898837,4.263383,2.925005
3362.160296,0.119857,0.130434,4.112772,2.885752,4.288459,2.908401
3362.180236,0.125906,0.127229,4.131995,2.872439,4.309875,2.892400
3362.200266,0.132264,0.125129,4.149088,2.858691,4.330405,2.875276
3362.220592,0.139262,0.127443,4.163810,2.845745,4.352370,2.854733
3362.241248,0.143700,0.125549,4.182250,2.830903,4.373060,2.832906
3362.261600,0.150144,0.122204,4.196736,2.814051,4.390320,2.812491
3362.281278,0.152433,0.119331,4.215050,2.797987,4.408401,2.788459
3362.300670,0.157667,0.118704,4.230332,2.779695,4.426756,2.760537
3362.321946,0.160066,0.114616,4.246528,2.760607,4.441648,2.734408
3362.341644,0.163405,0.112054,4.261385,2.739855,4.456318,2.704386
3362.360614,0.168472,0.113587,4.271537,2.721541,4.468951,2.673450
3362.380642,0.168521,0.111542,4.286261,2.700935,4.479489,2.641741
3362.402579,0.167575,0.104954,4.300230,2.677154,4.487143,2.612656
3362.421829,0.165276,0.102567,4.314043,2.654717,4.493580,2.579867
3362.442030,0.159203,0.100882,4.329880,2.632285,4.497812,2.546721
3362.460918,0.153877,0.096504,4.342705,2.608016,4.499721,2.516707
3362.481902,0.146571,0.098081,4.353429,2.584748,4.500000,2.486667
3362.500600,0.134130,0.099868,4.365870,2.559868,4.500000,2.460000
3362.521193,0.120988,0.101208,4.379012,2.534541,4.500000,2.433333
3362.542280,0.111625,0.104703,4.388375,2.508036,4.500000,2.403333
3362.563050,0.100612,0.104484,4.399388,2.481151,4.500000,2.376667
3362.581901,0.092324,0.104585,4.407676,2.451252,4.500000,2.346667
3362.602192,0.082518,0.107474,4.417482,2.424140,4.500000,2.316667
3362.622071,0.069553,0.109778,4.430447,2.396445,4.500000,2.286667
3362.641932,0.063882,0.109518,4.436118,2.366185,4.500000,2.256667
3362.661695,0.056480,0.110644,4.443520,2.337310,4.500000,2.226667
3362.680099,0.046659,0.110680,4.453341,2.307347,4.500000,2.196667
3362.700764,0.037520,0.110149,4.462480,2.276816,4.500000,2.166667
3362.720990,0.028167,0.112998,4.471833,2.246331,4.500000,2.133333
3362.741885,0.030020,0.111257,4.469980,2.214591,4.500000,2.103333
3362.760700,0.019111,0.111776,4.480889,2.181776,4.500000,2.070000
3362.780971,0.021064,0.113590,4.478936,2.150257,4.500000,2.036667
3362.800119,0.017603,0.111103,4.482397,2.117770,4.500000,2.006667
3362.820713,0.008829,0.111357,4.491171,2.084691,4.500000,1.973333
3362.839735,0.006840,0.110011,4.493160,2.050011,4.500000,1.940000
3362.860219,-0.001131,0.112230,4.501131,2.015564,4.500000,1.903333
3362.880593,-0.008096,0.112082,4.508096,1.982082,4.500000,1.870000
3362.899313,-0.023659,0.113605,4.523659,1.946938,4.500000,1.833333
3362.919248,-0.028372,0.114379,4.528372,1.914379,4.500000,1.800000
3362.939229,-0.040165,0.118708,4.540165,1.882041,4.500000,1.763333
3362.959230,-0.037722,0.110330,4.537722,1.843663,4.500000,1.733333
3362.979221,-0.049879,0.112572,4.549879,1.809239,4.500000,1.696667
3363.000963,-0.049029,0.116627,4.549029,1.776627,4.500000,1.660000
3363.019567,-0.049038,0.113933,4.549038,1.740599,4.500000,1.626667
3363.040431,-0.052469,0.113308,4.552469,1.703308,4.500000,1.590000
3363.059885,-0.053354,0.116149,4.553354,1.669483,4.500000,1.553333
3363.079833,-0.054267,0.113942,4.554267,1.633942,4.500000,1.520000
3363.099915,-0.054413,0.115527,4.554413,1.598861,4.500000,1.483333
3363.120154,-0.056583,0.117217,4.556583,1.563884,4.500000,1.446667
3363.139996,-0.060087,0.116849,4.560087,1.530182,4.500000,1.413333
3363.159795,-0.059791,0.116708,4.559791,1.496708,4.500000,1.380000
3363.179846,-0.065305,0.116972,4.565305,1.463639,4.500000,1.346667
3363.200571,-0.069977,0.117030,4.569977,1.430364,4.500000,1.313333
3363.219719,-0.072947,0.117536,4.572947,1.397536,4.500000,1.280000
3363.240060,-0.072357,0.117692,4.572357,1.364358,4.500000,1.246667
3363.260762,-0.073604,0.117161,4.573604,1.330494,4.500000,1.213333
3363.280306,-0.073646,0.112443,4.573646,1.295777,4.500000,1.183333
3363.300725,-0.073057,0.114637,4.573057,1.264637,4.500000,1.150000
3363.320710,-0.071699,0.116019,4.571699,1.232686,4.500000,1.116667
3363.340362,-0.069497,0.113278,4.569497,1.199945,4.500000,1.086667
3363.360350,-0.068744,0.116833,4.568744,1.170166,4.500000,1.053333
3363.379968,-0.063020,0.116067,4.563020,1.139400,4.500000,1.023333
3363.400321,-0.057545,0.112274,4.558282,1.108552,4.499989,0.996665
3363.420023,-0.041820,0.114586,4.548252,1.078218,4.498888,0.966674
3363.440054,-0.029687,0.112200,4.539312,1.047951,4.496401,0.940114
3363.460048,-0.016986,0.112787,4.528827,1.018360,4.491914,0.910440
3363.479988,-0.006565,0.115110,4.519407,0.991336,4.485655,0.881090
3363.500056,0.000146,0.116338,4.511903,0.963347,4.477646,0.852167
3363.520684,0.019768,0.115309,4.490057,0.938655,4.467916,0.823777
3363.540030,0.028448,0.115993,4.477848,0.913530,4.456501,0.796023
3363.560326,0.037302,0.117038,4.464429,0.890035,4.443441,0.769002
3363.580062,0.045555,0.114199,4.448458,0.864180,4.428784,0.742815
3363.600084,0.060415,0.113749,4.425946,0.842698,4.410689,0.714808
3363.620107,0.069636,0.112176,4.407524,0.821896,4.392839,0.690682
3363.639720,0.079759,0.115392,4.389382,0.804298,4.371349,0.665187
3363.659449,0.089500,0.117000,4.369843,0.786890,4.348208,0.641181
3363.679784,0.095935,0.115138,4.349232,0.766415,4.323518,0.618770
3363.699470,0.102030,0.110499,4.327221,0.747975,4.300063,0.600048
3363.719572,0.110766,0.109330,4.302166,0.731389,4.269938,0.579128
3363.739241,0.119352,0.109791,4.277974,0.717728,4.238360,0.560472
3363.759479,0.125935,0.110660,4.254622,0.704469,4.205499,0.544182
3363.779197,0.132514,0.111682,4.230976,0.693130,4.171532,0.530344
3363.803171,0.138650,0.108166,4.204917,0.683326,4.139848,0.519956
3363.819412,0.143790,0.106962,4.178902,0.673931,4.104282,0.510996
3363.839387,0.151016,0.107086,4.153657,0.668870,4.068155,0.504667
3363.859310,0.153638,0.108316,4.130032,0.661192,4.031662,0.501003
3363.879308,0.157215,0.105562,4.104418,0.656865,3.998332,0.500003
3363.899370,0.162697,0.100519,4.076669,0.656490,3.965011,0.501226
3363.919355,0.167621,0.098919,4.050402,0.656896,3.928542,0.505133
3363.939375,0.171548,0.096018,4.023126,0.658583,3.892459,0.511702
3363.961558,0.174247,0.095162,3.997989,0.660638,3.856953,0.520899
3363.979449,0.177252,0.092172,3.969161,0.665768,3.819105,0.533870
3364.000140,0.179624,0.089867,3.943680,0.672060,3.785422,0.548385
3364.019354,0.181315,0.088724,3.917495,0.679649,3.750000,0.566987
3364.039422,0.181538,0.089118,3.894685,0.686522,3.718931,0.586478
3364.060081,0.182303,0.087598,3.871272,0.696629,3.689374,0.608195
3364.079386,0.184082,0.087034,3.850170,0.708572,3.661488,0.632019
3364.099460,0.183158,0.084844,3.828900,0.720157,3.637715,0.655400
3364.119379,0.182253,0.084149,3.807706,0.733415,3.613429,0.682884
3364.139434,0.179171,0.083431,3.787440,0.745617,3.593152,0.709354
3364.160249,0.176690,0.080742,3.767434,0.761333,3.574685,0.737118
3364.183565,0.172857,0.080040,3.748328,0.776192,3.558109,0.766050
3364.203904,0.170146,0.079104,3.731114,0.793213,3.543499,0.796023
3364.219361,0.166909,0.078251,3.714596,0.811273,3.530919,0.826902
3364.239665,0.166288,0.077066,3.701721,0.831677,3.520425,0.858552
3364.260295,0.161910,0.073804,3.687161,0.852069,3.512802,0.887579
3364.279556,0.157635,0.075654,3.674071,0.870740,3.506393,0.920301
3364.299559,0.152007,0.075190,3.661258,0.890427,3.502500,0.950058
3364.319576,0.145538,0.074739,3.648812,0.911139,3.500400,0.979995
3364.339539,0.138017,0.075032,3.638017,0.931635,3.500000,1.006667
3364.359793,0.131758,0.079507,3.631758,0.953826,3.500000,1.033333
3364.379764,0.120141,0.080028,3.620141,0.976639,3.500000,1.056667
3364.400120,0.111559,0.079628,3.611559,1.000372,3.500000,1.080000
3364.419753,0.104331,0.082164,3.604331,1.024502,3.500000,1.106667
3364.440069,0.093659,0.083407,3.593659,1.046593,3.500000,1.130000
3364.460084,0.087962,0.084494,3.587962,1.072173,3.500000,1.156667
3364.479790,0.080861,0.083498,3.580861,1.096502,3.500000,1.180000
3364.500145,0.071817,0.086941,3.571817,1.119726,3.500000,1.206667
3364.520137,0.066201,0.088403,3.566201,1.144930,3.500000,1.233333
3364.540126,0.058290,0.087107,3.558290,1.169560,3.500000,1.256667
3364.559747,0.056318,0.089121,3.556318,1.194212,3.500000,1.283333
3364.580071,0.054587,0.089916,3.554587,1.220084,3.500000,1.310000
3364.600148,0.043724,0.090960,3.543724,1.245707,3.500000,1.336667
3364.620256,0.047181,0.091194,3.547181,1.272139,3.500000,1.363333
3364.641171,0.038778,0.091639,3.538778,1.298361,3.500000,1.390000
3364.659941,0.031578,0.089449,3.531578,1.327218,3.500000,1.416667
3364.680335,0.025204,0.088985,3.525204,1.354349,3.500000,1.443333
3364.700437,0.020122,0.091370,3.520122,1.381963,3.500000,1.473333
3364.720834,0.012044,0.094579,3.512665,1.408846,3.499989,1.503342
3364.742078,0.002149,0.094980,3.506951,1.435382,3.499096,1.530061
3364.760574,-0.009832,0.098659,3.498466,1.460888,3.496385,1.560013
3364.780898,-0.020787,0.100239,3.489422,1.487406,3.491879,1.589748
3364.801956,-0.032473,0.097496,3.477392,1.513543,3.486379,1.615910
3364.821265,-0.044458,0.099191,3.464477,1.540229,3.477551,1.648138
3364.841225,-0.050751,0.104072,3.456634,1.564345,3.466590,1.679704
3364.861070,-0.061569,0.101214,3.440911,1.589795,3.454942,1.707431
3364.881165,-0.072486,0.101595,3.424501,1.613527,3.440071,1.737355
3364.900148,-0.082621,0.098632,3.405814,1.638739,3.423235,1.766218
3364.919773,-0.089616,0.099344,3.389316,1.663452,3.402535,1.796590
3364.939699,-0.097190,0.103140,3.371740,1.686288,3.377477,1.827889
3364.959482,-0.104992,0.103431,3.351758,1.707353,3.352370,1.854733
3364.979474,-0.110474,0.105340,3.333459,1.727228,3.325359,1.879660
3365.000024,-0.115913,0.102932,3.310700,1.748159,3.296590,1.902535
3365.019395,-0.121776,0.099855,3.285905,1.766989,3.266218,1.923235
3365.039648,-0.125472,0.098323,3.260524,1.786472,3.231451,1.943205
3365.059605,-0.127911,0.099532,3.236893,1.803707,3.195195,1.960325
3365.079637,-0.131715,0.107224,3.217898,1.815677,3.157684,1.974485
3365.099642,-0.131334,0.092024,3.179475,1.834921,3.122402,1.984786
3365.120370,-0.129997,0.091010,3.151285,1.849711,3.083165,1.993035
3365.140388,-0.127284,0.090894,3.120466,1.864235,3.040062,1.998392
3365.159932,-0.130197,0.094574,3.094574,1.869803,3.000000,2.000000
3365.179836,-0.116049,0.092911,3.059577,1.883951,2.966667,2.000000
3365.199836,-0.105375,0.093370,3.026704,1.894625,2.933333,2.000000
3365.220091,-0.093415,0.095761,2.992427,1.906585,2.896667,2.000000
3365.239825,-0.082079,0.098137,2.958137,1.917921,2.860000,2.000000
3365.259834,-0.075228,0.097187,2.923853,1.924772,2.826667,2.000000
3365.279867,-0.063863,0.102257,2.892257,1.936137,2.790000,2.000000
3365.299520,-0.058135,0.101837,2.855170,1.941865,2.753333,2.000000
3365.319521,-0.047353,0.102667,2.822667,1.952647,2.720000,2.000000
3365.340221,-0.041324,0.104370,2.787704,1.958676,2.683333,2.000000
3365.360097,-0.038391,0.103098,2.753098,1.961609,2.650000,2.000000
3365.380009,-0.035591,0.105121,2.718454,1.964409,2.613333,2.000000
3365.400067,-0.035141,0.102279,2.682279,1.964859,2.580000,2.000000
3365.420090,-0.036918,0.103478,2.646811,1.963082,2.543333,2.000000
3365.440292,-0.040330,0.104399,2.611066,1.959670,2.506667,2.000000
3365.460825,-0.057172,0.102379,2.572573,1.948677,2.466604,1.998883
3365.480077,-0.065179,0.107793,2.542918,1.945922,2.426738,1.994604
3365.500046,-0.081114,0.101328,2.504342,1.930946,2.387344,1.987143
3365.520086,-0.089162,0.110521,2.478156,1.924884,2.345492,1.975528
3365.540106,-0.104124,0.110140,2.449579,1.907807,2.307887,1.961619
3365.560316,-0.112890,0.105668,2.417094,1.892615,2.271517,1.944742
3365.580327,-0.127827,0.096482,2.383511,1.866404,2.233782,1.923235
3365.600341,-0.135753,0.108786,2.364368,1.855126,2.195398,1.896507
3365.620456,-0.147159,0.098921,2.332314,1.825828,2.159680,1.866309
3365.640732,-0.155406,0.099769,2.309319,1.803874,2.126940,1.832906
3365.659682,-0.165534,0.108450,2.293156,1.784332,2.095492,1.793893
3365.680102,-0.169670,0.093952,2.265334,1.750752,2.071512,1.757678
3365.700056,-0.174359,0.096888,2.248427,1.728343,2.049309,1.716512
3365.719221,-0.179470,0.104811,2.234339,1.707724,2.029900,1.670312
3365.739385,-0.177815,0.097549,2.215034,1.679203,2.017765,1.632098
3365.760537,-0.167229,0.080170,2.188905,1.642771,2.009364,1.596316
3365.779296,-0.167613,0.089898,2.179108,1.624865,2.002857,1.553372
3365.799570,-0.149548,0.076709,2.152306,1.588376,2.000279,1.516707
3365.819276,-0.142769,0.088606,2.144908,1.571391,1.999821,1.486633
3365.839497,-0.113837,0.088033,2.119161,1.534429,1.998113,1.456607
3365.859633,-0.095678,0.088009,2.102093,1.507827,1.995539,1.433357
3365.879273,-0.083969,0.110587,2.094295,1.492053,1.989981,1.400407
3365.899574,-0.067781,0.106126,2.076485,1.463902,1.984786,1.377598
3365.919294,-0.047566,0.089718,2.050062,1.427134,1.978531,1.355058
3365.939273,-0.035342,0.111119,2.039508,1.411288,1.966590,1.320296
3365.959388,-0.019289,0.114102,2.019071,1.384914,1.953545,1.289533
3365.979645,-0.007408,0.109878,1.999704,1.359174,1.941648,1.265592
3365.999473,0.006276,0.097108,1.970823,1.322465,1.925005,1.236617
3366.019467,0.017685,0.104080,1.951378,1.300705,1.904508,1.206107
3366.039748,0.030453,0.124385,1.937476,1.288905,1.879660,1.174641
3366.059800,0.039571,0.118150,1.913104,1.264842,1.859412,1.152404
3366.079751,0.046515,0.098391,1.878961,1.232198,1.837864,1.131424
3366.099222,0.054667,0.102067,1.854176,1.211385,1.807245,1.105538
3366.119730,0.066860,0.122829,1.836596,1.201002,1.769041,1.078554
3366.139653,0.071969,0.117869,1.809069,1.181284,1.740291,1.061525
3366.159364,0.075886,0.109160,1.779800,1.163101,1.713494,1.047871
3366.179723,0.079846,0.105672,1.749618,1.145900,1.679704,1.033410
3366.199245,0.074622,0.093937,1.710670,1.118701,1.641741,1.020511
3366.219212,0.087762,0.105482,1.685480,1.117033,1.599593,1.010019
3366.239271,0.088418,0.104645,1.653290,1.103954,1.560013,1.003615
3366.259261,0.087094,0.098783,1.617987,1.092166,1.523386,1.000547
3366.279220,0.080267,0.095405,1.582072,1.080267,1.486667,1.000000
3366.299205,0.070188,0.099989,1.546656,1.070188,1.446667,1.000000
3366.319245,0.060120,0.101219,1.511219,1.060120,1.410000,1.000000
3366.339555,0.041591,0.097384,1.467384,1.041591,1.370000,1.000000
3366.360276,0.044955,0.112245,1.442245,1.044955,1.330000,1.000000
3366.379154,0.028582,0.104710,1.398044,1.028582,1.293333,1.000000
3366.399270,0.033482,0.108123,1.368123,1.033482,1.260000,1.000000
3366.419432,0.028173,0.111169,1.331169,1.028173,1.220000,1.000000
3366.439479,0.024160,0.107070,1.293737,1.024160,1.186667,1.000000
3366.459503,0.010894,0.102124,1.252124,1.010894,1.150000,1.000000
3366.479398,0.022101,0.114212,1.224212,1.022101,1.110000,1.000000
3366.499571,0.020232,0.116157,1.189491,1.020232,1.073333,1.000000
3366.519476,0.021426,0.111168,1.154502,1.021426,1.043333,1.000000
3366.539300,0.026847,0.109997,1.116664,1.026847,1.006667,1.000000
3366.559944,0.039387,0.108652,1.080763,1.033688,0.969939,1.000904
3366.579151,0.051563,0.109738,1.045919,1.040620,0.930046,1.004918
3366.599166,0.061642,0.111522,1.012909,1.047863,0.890602,1.012115
3366.619934,0.072549,0.107880,0.976393,1.059779,0.851862,1.022449
3366.639381,0.080909,0.109621,0.945921,1.070199,0.814075,1.035854
3366.659512,0.082005,0.103931,0.907049,1.079427,0.777483,1.052243
3366.679605,0.088277,0.104217,0.874413,1.094285,0.739463,1.073244
3366.699928,0.103039,0.102543,0.847085,1.119592,0.703410,1.097465
3366.720280,0.102743,0.105417,0.816609,1.132177,0.669595,1.124724
3366.739943,0.118092,0.105088,0.796257,1.160315,0.638273,1.154814
3366.760115,0.125917,0.105273,0.773769,1.184025,0.609680,1.187509
3366.780542,0.131796,0.102759,0.750698,1.210204,0.584033,1.222562
3366.802526,0.138208,0.101565,0.731537,1.237062,0.561525,1.259709
3366.819843,0.138344,0.104344,0.709368,1.260801,0.540990,1.301733
3366.840118,0.144262,0.096603,0.694251,1.294090,0.526580,1.339148
3366.860031,0.144044,0.098764,0.677837,1.319252,0.514406,1.380841
3366.880166,0.152056,0.093649,0.670501,1.354174,0.505897,1.423434
3366.900349,0.149929,0.092104,0.657641,1.382428,0.501351,1.463270
3366.920101,0.142615,0.087973,0.642615,1.415360,0.500000,1.503333
3366.941245,0.130057,0.092703,0.630057,1.447297,0.500000,1.540000
3366.962407,0.114834,0.093127,0.614834,1.480207,0.500000,1.573333
3366.979622,0.104970,0.095170,0.604970,1.514830,0.500000,1.610000
3366.999550,0.088581,0.098109,0.588581,1.545224,0.500000,1.643333
3367.019479,0.078465,0.100525,0.578465,1.579475,0.500000,1.680000
3367.040248,0.069944,0.102618,0.569944,1.610715,0.500000,1.713333
3367.060127,0.058882,0.103535,0.558882,1.643131,0.500000,1.746667
3367.079679,0.049101,0.102168,0.549101,1.677832,0.500000,1.780000
3367.099714,0.040870,0.100548,0.540870,1.712785,0.500000,1.813333
3367.119649,0.029602,0.102322,0.529602,1.747678,0.500000,1.850000
3367.139851,0.018299,0.105010,0.518299,1.781657,0.500000,1.886667
3367.158940,0.007872,0.104095,0.507872,1.815905,0.500000,1.920000
3367.179515,-0.001637,0.107152,0.498363,1.849515,0.500000,1.956667
3367.199918,-0.007333,0.106470,0.492667,1.883530,0.500000,1.990000
3367.219821,-0.018623,0.109272,0.481377,1.917395,0.500000,2.026667
3367.239851,-0.022438,0.107336,0.477562,1.952664,0.500000,2.060000
3367.259654,-0.025176,0.110147,0.474824,1.986520,0.500000,2.096667
3367.280711,-0.034729,0.108361,0.465271,2.021639,0.500000,2.130000
3367.299635,-0.039020,0.106435,0.460980,2.060231,0.500000,2.166667
3367.319854,-0.042581,0.106543,0.457419,2.096791,0.500000,2.203333
3367.339795,-0.046565,0.108569,0.453435,2.131431,0.500000,2.240000
3367.359909,-0.053185,0.110420,0.446815,2.166247,0.500000,2.276667
3367.380995,-0.057303,0.110094,0.442697,2.203240,0.500000,2.313333
3367.401073,-0.059983,0.108072,0.440017,2.238594,0.500000,2.346667
3367.420692,-0.056733,0.109587,0.443267,2.273747,0.500000,2.383333
3367.440341,-0.055203,0.108379,0.444797,2.308288,0.500000,2.416667
3367.460506,-0.050033,0.105530,0.449967,2.344470,0.500000,2.450000
3367.480975,-0.045612,0.105465,0.454388,2.377868,0.500000,2.483333
3367.500330,-0.033548,0.110264,0.462460,2.411217,0.500402,2.520047
3367.520536,-0.020395,0.105914,0.471617,2.446707,0.502511,2.550048
3367.540335,-0.001426,0.099538,0.489003,2.485250,0.506965,2.583165
3367.561730,0.002706,0.115026,0.489678,2.510214,0.515214,2.622402
3367.582232,0.013751,0.105202,0.505040,2.550206,0.524472,2.654508
3367.600331,0.030549,0.114381,0.522147,2.571582,0.537107,2.689024
3367.620846,0.047099,0.112910,0.544173,2.600444,0.552243,2.722517
3367.640817,0.058231,0.098514,0.568768,2.637492,0.568106,2.751927
3367.660743,0.069023,0.106359,0.586617,2.661764,0.591599,2.788459
3367.680748,0.083272,0.119549,0.605778,2.680397,0.620340,2.825359
3367.701062,0.092885,0.113945,0.630864,2.706070,0.645267,2.852370
3367.720504,0.103730,0.107858,0.658707,2.728435,0.672111,2.877477
3367.741892,0.112201,0.106352,0.686017,2.751224,0.706107,2.904508
3367.760696,0.123014,0.106100,0.716593,2.770289,0.745192,2.930201
3367.780086,0.130452,0.105594,0.746723,2.789079,0.786506,2.952129
3367.799684,0.137760,0.103036,0.779737,2.805482,0.829688,2.970100
3367.819802,0.139690,0.102542,0.810210,2.822982,0.874361,2.983957
3367.839649,0.140900,0.098369,0.843272,2.837736,0.916835,2.993035
3367.859510,0.138069,0.093684,0.877617,2.853261,0.959938,2.998392
3367.879911,0.110596,-0.116112,0.906915,2.867099,0.996658,2.999989
3367.899908,0.120202,0.095136,0.941531,2.879798,1.036667,3.000000
3367.920303,0.108190,0.096626,0.976708,2.891810,1.073333,3.000000
3367.940449,0.096264,0.104837,1.008497,2.903736,1.113333,3.000000
3367.960183,0.073381,0.094062,1.052605,2.926619,1.146667,3.000000
3367.980149,0.075091,0.106627,1.080040,2.924909,1.186667,3.000000
3368.000152,0.061322,0.105194,1.118139,2.938678,1.223333,3.000000
3368.020168,0.051856,0.103766,1.156234,2.948144,1.260000,3.000000
3368.040153,0.042270,0.106308,1.193692,2.957730,1.300000,3.000000
3368.060115,0.034084,0.107711,1.228956,2.965916,1.336667,3.000000
3368.080128,0.023601,0.109300,1.267366,2.976399,1.376667,3.000000
3368.100128,0.014583,0.106492,1.306841,2.985417,1.413333,3.000000
3368.120142,0.008092,0.107813,1.345520,2.991908,1.453333,3.000000
3368.140131,0.005235,0.115702,1.380965,2.994765,1.496667,3.000000
3368.160452,-0.001326,0.112453,1.420880,3.001326,1.533333,3.000000
3368.180329,-0.014916,0.105379,1.467954,3.014916,1.573333,3.000000
3368.200409,-0.010316,0.116678,1.499988,3.010316,1.616667,3.000000
3368.220416,-0.014901,0.112345,1.544321,3.014901,1.656667,3.000000
3368.240394,-0.019614,0.112659,1.584008,3.019614,1.696667,3.000000
3368.260421,-0.023858,0.115670,1.624330,3.023858,1.740000,3.000000
3368.280375,-0.027116,0.119387,1.660613,3.027116,1.780000,3.000000
3368.300676,-0.030217,0.115119,1.704881,3.030217,1.820000,3.000000
3368.320916,-0.035541,0.115579,1.744421,3.035541,1.860000,3.000000
3368.340916,-0.038416,0.116588,1.786745,3.038416,1.903333,3.000000
3368.360703,-0.040234,0.121115,1.825552,3.040234,1.946667,3.000000
3368.380646,-0.042383,0.116099,1.870568,3.042383,1.986667,3.000000
3368.400629,-0.041317,0.120962,1.909038,3.041317,2.030000,3.000000
3368.420695,-0.044358,0.115274,1.954726,3.044358,2.070000,3.000000
3368.441096,-0.052857,0.109042,2.004292,3.052857,2.113333,3.000000
3368.459957,-0.047100,0.134497,2.028836,3.047100,2.163333,3.000000
3368.480662,-0.049288,0.123681,2.076319,3.049288,2.200000,3.000000
3368.501032,-0.049276,0.114128,2.122539,3.049276,2.236667,3.000000
3368.520678,-0.047740,0.120496,2.162837,3.047740,2.283333,3.000000
3368.540701,-0.046981,0.125916,2.204084,3.046981,2.330000,3.000000
3368.561015,-0.054392,0.113921,2.256079,3.054392,2.370000,3.000000
3368.580351,-0.043764,0.131926,2.284741,3.043764,2.416667,3.000000
3368.600988,-0.041711,0.124569,2.332098,3.041711,2.456667,3.000000
3368.621277,-0.041504,0.119913,2.376754,3.041504,2.496667,3.000000
3368.641225,-0.048858,0.115856,2.427478,3.048858,2.543333,3.000000
3368.660900,-0.048107,0.119454,2.470546,3.048107,2.590000,3.000000
3368.680703,-0.040996,0.137902,2.498765,3.040996,2.636667,3.000000
3368.700621,-0.040054,0.126525,2.546808,3.040054,2.673333,3.000000
3368.720844,-0.036726,0.120734,2.592600,3.036726,2.713333,3.000000
3368.740857,-0.041216,0.115301,2.644699,3.041216,2.760000,3.000000
3368.760281,-0.032276,0.126286,2.680381,3.032276,2.806667,3.000000
3368.780956,-0.038106,0.118977,2.731023,3.038106,2.850000,3.000000
3368.800976,-0.029595,0.126745,2.766589,3.029595,2.893333,3.000000
3368.820817,-0.028917,0.126045,2.810622,3.028917,2.936667,3.000000
3368.840812,-0.035589,0.116897,2.859770,3.035589,2.976667,3.000000
3368.860571,-0.029093,0.132647,2.890687,3.029093,3.023333,3.000000
3368.880604,-0.029608,0.129455,2.933878,3.029608,3.063333,3.000000
3368.900599,-0.027949,0.122836,2.977164,3.027949,3.100000,3.000000
3368.920800,-0.033335,0.116554,3.026780,3.033335,3.143333,3.000000
3368.941158,-0.024898,0.129880,3.056787,3.024898,3.186667,3.000000
3368.961110,-0.023875,0.129617,3.097050,3.023875,3.226667,3.000000
3368.980588,-0.025017,0.127505,3.135828,3.025017,3.263333,3.000000
3369.000976,-0.027581,0.130453,3.172880,3.027581,3.303333,3.000000
3369.022733,-0.024801,0.127119,3.212881,3.024801,3.340000,3.000000
3369.043329,-0.023775,0.125252,3.251415,3.023775,3.376667,3.000000
3369.059511,-0.023546,0.127357,3.289309,3.023546,3.416667,3.000000
3369.079318,-0.024570,0.127560,3.325773,3.024570,3.453333,3.000000
3369.099489,-0.023482,0.127060,3.362940,3.023482,3.490000,3.000000
3369.119222,-0.022801,0.129312,3.397354,3.022801,3.526667,3.000000
3369.139176,-0.023565,0.126266,3.433734,3.023565,3.560000,3.000000
3369.158921,-0.033925,0.115634,3.477699,3.033925,3.593333,3.000000
3369.178940,-0.023646,0.133269,3.500064,3.023646,3.633333,3.000000
3369.199207,-0.034063,0.123070,3.543597,3.034063,3.666667,3.000000
3369.219219,-0.036288,0.128051,3.571949,3.036288,3.700000,3.000000
3369.239192,-0.036069,0.126790,3.606544,3.036069,3.733333,3.000000
3369.258903,-0.025891,0.138746,3.624587,3.025891,3.763333,3.000000
3369.279416,-0.027401,0.131451,3.658549,3.027401,3.790000,3.000000
3369.299092,-0.036071,0.116248,3.700418,3.036071,3.816667,3.000000
3369.319392,-0.022125,0.133789,3.716211,3.022125,3.850000,3.000000
3369.339367,-0.030373,0.125001,3.754999,3.030373,3.880000,3.000000
3369.359374,-0.014601,0.138838,3.767829,3.014601,3.906667,3.000000
3369.379452,-0.020003,0.123403,3.806597,3.020003,3.930000,3.000000
3369.399105,-0.003252,0.130142,3.823191,3.003252,3.953333,3.000000
3369.419110,-0.012437,0.125749,3.854251,3.012437,3.980000,3.000000
3369.439164,0.008262,0.134555,3.868735,2.992626,4.003342,2.999989
3369.459082,0.011261,0.126018,3.903594,2.995431,4.030061,2.999096
3369.479125,0.031813,0.137020,3.913739,2.980138,4.053372,2.997143
3369.499427,0.044687,0.136086,3.938390,2.971204,4.079867,2.993580
3369.519134,0.044199,0.122164,3.971073,2.971001,4.099593,2.989981
3369.539421,0.055411,0.124740,3.994064,2.961719,4.128871,2.983107
3369.559702,0.078952,0.133359,4.006231,2.941619,4.157684,2.974485
3369.579745,0.088873,0.133450,4.026114,2.931453,4.182819,2.965379
3369.600696,0.098507,0.132192,4.046285,2.920154,4.207431,2.954942
3369.619641,0.096594,0.128403,4.072919,2.917020,4.231451,2.943205
3369.639936,0.116152,0.131763,4.084901,2.896853,4.257678,2.928488
3369.659992,0.121683,0.134559,4.100575,2.888734,4.280212,2.914103
3369.679804,0.120662,0.138429,4.118740,2.885954,4.301944,2.898534
3369.700284,0.137234,0.126755,4.135014,2.859774,4.320255,2.883975
3369.720311,0.141382,0.120745,4.155630,2.844914,4.340320,2.866309
3369.739806,0.149277,0.124061,4.172506,2.829605,4.366309,2.840320
3369.760586,0.147740,0.124809,4.194858,2.818897,4.388222,2.815093
3369.779841,0.152900,0.126027,4.208773,2.804589,4.406464,2.791182
3369.800580,0.159676,0.121907,4.223167,2.784391,4.423235,2.766218
3369.820966,0.156179,0.118978,4.244335,2.769572,4.438475,2.740291
3369.840597,0.168079,0.116131,4.250555,2.746739,4.452129,2.713494
3369.861496,0.167702,0.114436,4.267447,2.728012,4.465379,2.682819
3369.879311,0.165031,0.110861,4.284316,2.708946,4.475528,2.654508
3369.899869,0.165368,0.109753,4.297583,2.688333,4.484786,2.622402
3369.919982,0.161951,0.107299,4.312181,2.668325,4.491268,2.593034
3369.939963,0.159604,0.105981,4.324231,2.648241,4.495973,2.563330
3369.959877,0.156254,0.101277,4.336214,2.624010,4.498883,2.533396
3369.980184,0.148906,0.097931,4.350432,2.600275,4.499989,2.503342
3370.000101,0.134533,0.097613,4.365467,2.574279,4.500000,2.476667
3370.020190,0.123032,0.104759,4.376968,2.551426,4.500000,2.446667
3370.040131,0.113599,0.104587,4.386401,2.524587,4.500000,2.420000
3370.060132,0.102935,0.104787,4.397065,2.498121,4.500000,2.393333
3370.080226,0.096097,0.107035,4.403903,2.470368,4.500000,2.363333
3370.100128,0.086770,0.106836,4.413230,2.443502,4.500000,2.336667
3370.120347,0.074475,0.103822,4.425525,2.410488,4.500000,2.306667
3370.140361,0.069353,0.110844,4.430647,2.384178,4.500000,2.273333
3370.160391,0.059992,0.110924,4.440008,2.354258,4.500000,2.243333
3370.180499,0.049353,0.111033,4.450647,2.324366,4.500000,2.213333
3370.199993,0.046165,0.116935,4.453835,2.300268,4.500000,2.183333
3370.220764,0.034250,0.112450,4.465750,2.265783,4.500000,2.153333
3370.240572,0.028551,0.106829,4.471449,2.230162,4.500000,2.123333
3370.260582,0.030076,0.109608,4.469924,2.199608,4.500000,2.090000
3370.280562,0.025425,0.120887,4.474575,2.174220,4.500000,2.053333
3370.300682,0.020709,0.118694,4.479291,2.142027,4.500000,2.023333
3370.320880,0.016039,0.107740,4.483961,2.101073,4.500000,1.993333
3370.340673,0.012386,0.117279,4.487614,2.073946,4.500000,1.956667
3370.360524,0.008560,0.117886,4.491440,2.041220,4.500000,1.923333
3370.380546,0.002052,0.111752,4.497948,2.005085,4.500000,1.893333
3370.400662,-0.007872,0.114392,4.507872,1.971059,4.500000,1.856667
3370.420767,-0.020135,0.112069,4.520135,1.935402,4.500000,1.823333
3370.440745,-0.027999,0.114027,4.527999,1.900694,4.500000,1.786667
3370.460561,-0.033979,0.115809,4.533979,1.865809,4.500000,1.750000
3370.480548,-0.038644,0.116489,4.538644,1.833156,4.500000,1.716667
3370.500675,-0.039509,0.114924,4.539509,1.794924,4.500000,1.680000
3370.521124,-0.047095,0.116329,4.547095,1.762996,4.500000,1.646667
3370.541168,-0.047952,0.113901,4.547952,1.723901,4.500000,1.610000
3370.560905,-0.049060,0.111688,4.549060,1.688355,4.500000,1.576667
3370.580873,-0.051585,0.119262,4.551585,1.655929,4.500000,1.536667
3370.601633,-0.053755,0.116862,4.553755,1.620196,4.500000,1.503333
3370.621268,-0.054910,0.116453,4.554910,1.586453,4.500000,1.470000
3370.641074,-0.058537,0.118973,4.558537,1.552307,4.500000,1.433333
3370.660864,-0.059899,0.118477,4.559899,1.518477,4.500000,1.400000
3370.680639,-0.061584,0.120859,4.561584,1.487526,4.500000,1.366667
3370.703370,-0.068298,0.120719,4.568298,1.454052,4.500000,1.333333
3370.721212,-0.072578,0.118447,4.572578,1.421780,4.500000,1.303333
3370.742472,-0.075067,0.118685,4.575067,1.388685,4.500000,1.270000
3370.763417,-0.076647,0.122540,4.576647,1.359206,4.500000,1.236667
3370.783576,-0.078238,0.117239,4.578238,1.323906,4.500000,1.206667
3370.801558,-0.078641,0.113725,4.578641,1.290392,4.500000,1.176667
3370.823632,-0.078202,0.115915,4.578202,1.259248,4.500000,1.143333
3370.841781,-0.073221,0.118943,4.573221,1.228943,4.500000,1.110000
3370.861331,-0.072540,0.115811,4.572540,1.195811,4.500000,1.080000
3370.881348,-0.070056,0.113664,4.570056,1.163664,4.500000,1.050000
3370.902907,-0.063637,0.112267,4.563637,1.132267,4.500000,1.020000
3370.921829,-0.057193,0.113475,4.559352,1.102303,4.499900,0.989996
3370.941890,-0.039394,0.117079,4.547028,1.073577,4.498399,0.960022
3370.961340,-0.027563,0.116161,4.538326,1.044961,4.495558,0.933497
3370.984021,-0.014812,0.115675,4.527338,1.018075,4.491305,0.907161
3371.001436,-0.006034,0.117030,4.519292,0.989863,4.484851,0.877853
3371.022566,0.002451,0.115363,4.509156,0.959700,4.476649,0.848985
3371.041398,0.019310,0.126278,4.493998,0.945462,4.466730,0.820660
3371.063532,0.027447,0.115676,4.478632,0.912832,4.456501,0.796023
3371.084140,0.037086,0.107594,4.461038,0.884632,4.444972,0.771965
3371.103307,0.047569,0.117215,4.447390,0.864815,4.427059,0.739960
3371.123611,0.062032,0.118077,4.426058,0.844330,4.408777,0.712075
3371.139564,0.074131,0.114413,4.404209,0.823734,4.390767,0.688069
3371.160207,0.084089,0.115389,4.384869,0.804623,4.369108,0.662717
3371.179560,0.092987,0.115000,4.364557,0.785563,4.345807,0.638866
3371.199604,0.103368,0.115977,4.343539,0.770329,4.320968,0.616621
3371.219779,0.110975,0.113198,4.320738,0.752449,4.294701,0.596080
3371.239748,0.119824,0.113821,4.297580,0.737444,4.264299,0.575564
3371.259841,0.127867,0.112101,4.274114,0.724481,4.235423,0.558892
3371.281574,0.138339,0.111885,4.248742,0.714616,4.202454,0.542821
3371.299567,0.144862,0.111734,4.224814,0.703241,4.168396,0.529210
3371.319913,0.152793,0.114288,4.202800,0.695884,4.133432,0.518133
3371.340040,0.160383,0.106892,4.173302,0.688983,4.101018,0.510311
3371.359745,0.165436,0.105806,4.148305,0.681985,4.064850,0.504223
3371.379720,0.171741,0.105343,4.121626,0.677420,4.025002,0.500626
3371.400698,0.177081,0.102742,4.095176,0.674771,3.988328,0.500136
3371.420607,0.183085,0.101539,4.068291,0.674298,3.948399,0.502670
3371.439974,0.188892,0.099709,4.043451,0.676207,3.912081,0.507790
3371.460462,0.192753,0.098607,4.017338,0.677784,3.873008,0.516396
3371.480351,0.194163,0.092837,3.988670,0.680584,3.837899,0.527006
3371.500365,0.198030,0.093181,3.965025,0.685922,3.800600,0.541481
3371.520389,0.196344,0.091123,3.939490,0.688794,3.767525,0.557332
3371.540226,0.184192,0.082919,3.903452,0.688089,3.735701,0.575564
3371.559980,0.199471,0.088532,3.892422,0.705751,3.702611,0.598055
3371.579987,0.197956,0.085875,3.866241,0.715899,3.671425,0.623120
3371.600012,0.197445,0.082890,3.845128,0.727191,3.647037,0.645858
3371.622405,0.195432,0.081315,3.822994,0.739150,3.622026,0.672684
3371.642631,0.192610,0.082874,3.803017,0.749891,3.599049,0.701272
3371.662434,0.189319,0.080620,3.782798,0.763684,3.580030,0.728660
3371.682450,0.184691,0.079817,3.763094,0.777141,3.562879,0.757255
3371.700226,0.171495,0.083152,3.738251,0.784786,3.547672,0.786929
3371.721340,0.180196,0.077780,3.731896,0.809095,3.535703,0.814450
3371.740351,0.176378,0.075690,3.716644,0.826306,3.525408,0.842640
3371.760213,0.172129,0.076321,3.702790,0.841916,3.516822,0.871396
3371.780933,0.167220,0.073326,3.688435,0.861991,3.509977,0.900616
3371.800983,0.161892,0.072964,3.675391,0.880546,3.504897,0.930193
3371.820868,0.156722,0.074206,3.663754,0.898585,3.501601,0.960022
3371.841043,0.151368,0.073596,3.653455,0.917129,3.500178,0.986661
3371.860844,0.141596,0.072537,3.641596,0.937463,3.500000,1.010000
3371.880932,0.133029,0.074968,3.633029,0.958365,3.500000,1.033333
3371.900846,0.122198,0.078605,3.622198,0.978062,3.500000,1.056667
3371.919795,0.114638,0.080190,3.614638,0.999810,3.500000,1.080000
3371.939452,0.106172,0.084317,3.606172,1.019016,3.500000,1.103333
3371.963262,0.095178,0.084649,3.595178,1.042017,3.500000,1.126667
3371.983556,0.089131,0.085144,3.589131,1.064856,3.500000,1.150000
3372.003373,0.080759,0.086368,3.580759,1.086965,3.500000,1.173333
3372.023339,0.074203,0.086902,3.574203,1.109764,3.500000,1.196667
3372.043300,0.067342,0.087077,3.567342,1.132923,3.500000,1.220000
3372.063609,0.062239,0.088005,3.562239,1.155328,3.500000,1.243333
3372.083130,0.057621,0.091718,3.557621,1.178282,3.500000,1.270000
3372.103234,0.054731,0.092040,3.554731,1.201294,3.500000,1.293333
3372.122609,0.049610,0.092433,3.549610,1.224233,3.500000,1.316667
3372.143539,0.042047,0.088875,3.542047,1.251125,3.500000,1.340000
3372.163475,0.041137,0.093314,3.541137,1.273353,3.500000,1.366667
3372.183450,0.035002,0.090756,3.535002,1.299244,3.500000,1.390000
3372.203804,0.030200,0.092290,3.530200,1.324377,3.500000,1.416667
3372.223722,0.026539,0.095903,3.526539,1.347430,3.500000,1.443333
3372.243759,0.020343,0.092418,3.520343,1.374249,3.500000,1.466667
3372.264382,0.013275,0.093570,3.513275,1.399763,3.500000,1.493333
3372.284778,-0.000665,0.094337,3.502716,1.425760,3.499598,1.520047
3372.304823,-0.016072,0.093198,3.490826,1.455709,3.497489,1.550048
3372.324398,-0.023754,0.100416,3.486170,1.476946,3.493580,1.579867
3372.344744,-0.039477,0.096597,3.470500,1.506503,3.487885,1.609398
3372.363808,-0.045708,0.104115,3.465353,1.525830,3.480426,1.638532
3372.384787,-0.054931,0.107090,3.454932,1.550915,3.470100,1.670312
3372.404508,-0.066591,0.102704,3.439112,1.574644,3.460325,1.695195
3372.419753,-0.076712,0.096040,3.421108,1.605190,3.446259,1.725505
3372.440410,-0.084672,0.106368,3.410744,1.622887,3.428488,1.757678
3372.460101,-0.092926,0.107371,3.394443,1.647148,3.408401,1.788459
3372.480103,-0.096960,0.093740,3.372012,1.681207,3.388222,1.815093
3372.500088,-0.107460,0.100494,3.353363,1.698296,3.361727,1.845186
3372.522613,-0.111170,0.105335,3.337480,1.719980,3.332906,1.873060
3372.540167,-0.121075,0.113929,3.321190,1.731087,3.304602,1.896507
3372.560567,-0.125557,0.107137,3.296901,1.752064,3.277438,1.915967
3372.579704,-0.128172,0.101660,3.273349,1.771793,3.249035,1.933569
3372.600924,-0.127400,0.090611,3.241032,1.798236,3.213494,1.952129
3372.624014,-0.129304,0.094599,3.217319,1.814860,3.173450,1.968951
3372.644621,-0.134631,0.104686,3.197495,1.824729,3.132098,1.982235
3372.664688,-0.130485,0.092421,3.161870,1.844791,3.096316,1.990636
3372.684573,-0.133592,0.097161,3.140438,1.852098,3.060013,1.996385
3372.704734,-0.130073,0.094777,3.109533,1.865830,3.020047,1.999598
3372.724638,-0.114243,0.083423,3.070090,1.885757,2.986667,2.000000
3372.739292,-0.111449,0.100790,3.047457,1.888551,2.946667,2.000000
3372.758978,-0.099851,0.101295,3.014628,1.900149,2.913333,2.000000
3372.779517,-0.082349,0.090705,2.974038,1.917651,2.883333,2.000000
3372.799674,-0.074777,0.095515,2.942181,1.925223,2.846667,2.000000
3372.819551,-0.071693,0.107994,2.914660,1.928307,2.806667,2.000000
3372.839477,-0.063551,0.106092,2.879425,1.936449,2.773333,2.000000
3372.859785,-0.055959,0.100504,2.843838,1.944041,2.743333,2.000000
3372.879753,-0.048891,0.102581,2.809248,1.951109,2.706667,2.000000
3372.899764,-0.044009,0.103233,2.773233,1.955991,2.670000,2.000000
3372.920310,-0.035450,0.106497,2.739831,1.964550,2.633333,2.000000
3372.940450,-0.039962,0.102139,2.702139,1.960038,2.600000,2.000000
3372.960172,-0.040326,0.102900,2.666233,1.959674,2.563333,2.000000
3372.980027,-0.037052,0.101129,2.624462,1.962948,2.523333,2.000000
3373.000310,-0.051828,0.107701,2.595681,1.950891,2.486633,1.999821
3373.020931,-0.065581,0.107397,2.560412,1.943401,2.446628,1.997143
3373.041184,-0.079008,0.105922,2.525739,1.933349,2.406966,1.991268
3373.060311,-0.085076,0.100871,2.487666,1.926831,2.367902,1.982235
3373.080313,-0.099665,0.114431,2.465674,1.914951,2.323419,1.967781
3373.100307,-0.111549,0.112043,2.435452,1.899101,2.286506,1.952129
3373.120916,-0.129091,0.100749,2.402625,1.871809,2.250965,1.933569
3373.140924,-0.139379,0.105896,2.378447,1.855650,2.211541,1.908401
3373.160303,-0.150435,0.107308,2.351776,1.834276,2.172111,1.877477
3373.182364,-0.159813,0.102240,2.326542,1.809988,2.140588,1.847596
3373.199115,-0.168522,0.100867,2.302368,1.784594,2.107600,1.809875
3373.219764,-0.175130,0.099382,2.279646,1.758575,2.078554,1.769041
3373.239294,-0.180472,0.104416,2.261908,1.737304,2.053741,1.725505
3373.259761,-0.179613,0.097113,2.238699,1.709286,2.035854,1.685925
3373.279784,-0.177790,0.094242,2.218945,1.683600,2.021469,1.644942
3373.301904,-0.174544,0.094304,2.200907,1.659243,2.010696,1.602866
3373.320191,-0.164653,0.087009,2.179242,1.630931,2.004461,1.566643
3373.340186,-0.154386,0.083068,2.160005,1.603697,2.000904,1.530061
3373.360155,-0.140885,0.080526,2.141409,1.576240,1.999989,1.496658
3373.379844,-0.119754,0.092014,2.124516,1.550414,1.998883,1.466604
3373.400155,-0.098088,0.095157,2.105186,1.522683,1.996385,1.439987
3373.420485,-0.080118,0.098973,2.088494,1.497170,1.992468,1.413542
3373.440507,-0.062685,0.103690,2.071395,1.470424,1.986379,1.384090
3373.460074,-0.043649,0.100927,2.049958,1.442672,1.979489,1.358259
3373.480066,-0.027189,0.107173,2.031629,1.417635,1.968951,1.326550
3373.500095,-0.014254,0.108176,2.014280,1.391949,1.957674,1.298669
3373.520072,0.002471,0.106783,1.990445,1.364347,1.943205,1.268549
3373.540142,0.014401,0.112207,1.971871,1.339580,1.925005,1.236617
3373.560068,0.027024,0.115238,1.950381,1.315221,1.904508,1.206107
3373.580070,0.036286,0.114668,1.929555,1.291047,1.883975,1.179745
3373.600455,0.046677,0.113651,1.904869,1.266549,1.859412,1.152404
3373.620418,0.054301,0.117274,1.884252,1.245538,1.832906,1.126940
3373.639011,0.064427,0.111959,1.854138,1.222790,1.804602,1.103493
3373.659167,0.071144,0.109507,1.827078,1.201790,1.774651,1.082188
3373.679291,0.076408,0.110233,1.800239,1.181507,1.740291,1.061525
3373.699931,0.081425,0.111375,1.772746,1.163520,1.704386,1.043682
3373.719236,0.081958,0.107076,1.743068,1.143429,1.670312,1.029900
3373.739400,0.082864,0.104031,1.713041,1.126586,1.635318,1.018659
3373.759637,0.082996,0.101630,1.680055,1.110383,1.596316,1.009364
3373.779289,0.083558,0.098966,1.645547,1.097465,1.556694,1.003225
3373.799584,0.082357,0.098761,1.612661,1.085891,1.516707,1.000279
3373.819660,0.075107,0.101345,1.578011,1.075107,1.476667,1.000000
3373.839676,0.065659,0.101192,1.541192,1.065659,1.440000,1.000000
3373.859679,0.055322,0.103059,1.506392,1.055322,1.403333,1.000000
3373.879653,0.047422,0.105400,1.468733,1.047422,1.363333,1.000000
3373.899642,0.041041,0.107805,1.434472,1.041041,1.326667,1.000000
3373.919442,0.033727,0.103874,1.393874,1.033727,1.290000,1.000000
3373.939359,0.031834,0.109376,1.362709,1.031834,1.253333,1.000000
3373.959954,0.025158,0.108342,1.325008,1.025158,1.216667,1.000000
3373.980169,0.025319,0.112499,1.292499,1.025319,1.180000,1.000000
3373.999583,0.021274,0.110778,1.254111,1.021274,1.143333,1.000000
3374.019423,0.019899,0.111014,1.221014,1.019899,1.110000,1.000000
3374.039429,0.019535,0.108903,1.182236,1.019535,1.073333,1.000000
3374.058989,0.022232,0.108884,1.145551,1.022232,1.036667,1.000000
3374.079379,0.025631,0.111696,1.111696,1.025631,1.000000,1.000000
3374.099169,0.038209,0.110500,1.076278,1.031340,0.963270,1.001351
3374.120166,0.049451,0.105277,1.038125,1.038888,0.926738,1.005396
3374.140234,0.067079,0.113368,1.009920,1.052591,0.884090,1.013621
3374.162217,0.075368,0.101581,0.965391,1.064761,0.845492,1.024472
3374.179110,0.086031,0.116284,0.945448,1.073483,0.804805,1.039675
3374.199359,0.090973,0.112682,0.910543,1.085274,0.768549,1.056795
3374.219151,0.100860,0.110487,0.883661,1.102527,0.736617,1.074995
3374.239367,0.104766,0.105810,0.850739,1.119044,0.703410,1.097465
3374.260270,0.116143,0.106238,0.826081,1.141691,0.669595,1.124724
3374.280260,0.124218,0.106696,0.801799,1.163381,0.638273,1.154814
3374.300745,0.128047,0.106307,0.776079,1.184549,0.609680,1.187509
3374.320730,0.133770,0.103879,0.752961,1.210368,0.584033,1.222562
3374.343709,0.137216,0.103340,0.731520,1.235029,0.561525,1.259709
3374.360062,0.140426,0.102400,0.712097,1.261482,0.542326,1.298669
3374.380110,0.141744,0.099030,0.692647,1.290982,0.526580,1.339148
3374.402227,0.143114,0.096369,0.677564,1.319197,0.515214,1.377598
3374.421137,0.145131,0.095070,0.664873,1.349466,0.506420,1.420133
3374.442064,0.143357,0.092772,0.651937,1.378950,0.501608,1.459938
3374.460334,0.136972,0.089752,0.636972,1.410248,0.500000,1.500000
3374.481056,0.125470,0.094142,0.625470,1.442525,0.500000,1.536667
3374.501360,0.110562,0.096185,0.610562,1.473815,0.500000,1.570000
3374.519734,0.100537,0.096904,0.600537,1.506429,0.500000,1.603333
3374.541034,0.087001,0.096936,0.587001,1.539731,0.500000,1.636667
3374.560050,0.075114,0.097384,0.575114,1.572616,0.500000,1.670000
3374.579991,0.070231,0.100476,0.570231,1.606191,0.500000,1.706667
3374.600499,0.062378,0.100802,0.562378,1.639198,0.500000,1.740000
3374.620889,0.052737,0.100550,0.552737,1.672784,0.500000,1.773333
3374.640328,0.036710,0.104188,0.536710,1.705812,0.500000,1.810000
3374.659964,0.028223,0.103108,0.528223,1.740225,0.500000,1.843333
3374.679954,0.018320,0.106628,0.518320,1.773372,0.500000,1.880000
3374.700008,0.006675,0.108341,0.506675,1.804992,0.500000,1.913333
3374.720600,0.000167,0.108233,0.500167,1.838434,0.500000,1.946667
3374.739990,-0.008885,0.107258,0.491115,1.872742,0.500000,1.980000
3374.760335,-0.017065,0.106361,0.482935,1.906973,0.500000,2.013333
3374.780757,-0.019574,0.107531,0.480426,1.942469,0.500000,2.050000
3374.800296,-0.027018,0.104909,0.472982,1.978424,0.500000,2.083333
3374.827085,-0.036260,0.117208,0.463740,2.002792,0.500000,2.120000
3374.854053,-0.041139,0.114303,0.458861,2.039031,0.500000,2.153333
3374.871238,-0.044343,0.099831,0.455657,2.083502,0.500000,2.183333
3374.886431,-0.049990,0.114408,0.450010,2.108925,0.500000,2.223333
3374.903377,-0.050859,0.112919,0.449141,2.143748,0.500000,2.256667
3374.923406,-0.054924,0.108745,0.445076,2.181255,0.500000,2.290000
3374.945140,-0.056626,0.106378,0.443374,2.220288,0.500000,2.326667
3374.964626,-0.058223,0.114391,0.441777,2.248943,0.500000,2.363333
3374.985395,-0.049571,0.109804,0.450429,2.286862,0.500000,2.396667
3375.005389,-0.052397,0.112819,0.447603,2.317181,0.500000,2.430000
3375.026029,-0.039840,0.098539,0.460160,2.364795,0.500000,2.463333
3375.044939,-0.035685,0.113817,0.464315,2.386183,0.500000,2.500000
3375.066000,-0.027485,0.109544,0.466377,2.425932,0.501117,2.533396
3375.086553,-0.012923,0.105555,0.477838,2.460262,0.504027,2.563330
3375.104013,0.003714,0.106108,0.492524,2.494872,0.510019,2.599593
3375.120578,0.010804,0.112350,0.498654,2.524237,0.518659,2.635318
